{
  "cost_model": {
    "spread_floor_pips": 1.5,
    "slippage_pips": 0.6
  },
  "baseline_params": {
    "channel_bars": 55,
    "adx_min": 15.0,
    "volume_ratio_min": 0.8,
    "stop_atr": 2.0,
    "target_r": 2.0,
    "trail_atr": 2.5,
    "trail_start_r": 1.0,
    "max_hold_h4_bars": 90,
    "entry_end_hours_utc": [
      12,
      16
    ],
    "risk_multiplier_12utc": 1.0,
    "risk_multiplier_16utc": 1.0,
    "quality_volume_min": null,
    "quality_range_atr_min": null,
    "quality_risk_multiplier": 1.0,
    "standard_risk_multiplier": 1.0
  },
  "winner_params": {
    "channel_bars": 55,
    "adx_min": 15.0,
    "volume_ratio_min": 0.8,
    "stop_atr": 2.0,
    "target_r": 2.0,
    "trail_atr": 2.5,
    "trail_start_r": 1.0,
    "max_hold_h4_bars": 90,
    "entry_end_hours_utc": [
      12,
      16
    ],
    "risk_multiplier_12utc": 1.0,
    "risk_multiplier_16utc": 1.0,
    "quality_volume_min": 1.0,
    "quality_range_atr_min": 1.0,
    "quality_risk_multiplier": 1.25,
    "standard_risk_multiplier": 0.75
  },
  "baseline_holdout": {
    "ending_balance": 106805.43171649256,
    "net_profit": 6805.43171649256,
    "trades": 68,
    "win_rate": 0.5,
    "profit_factor": 1.402408329381313,
    "max_drawdown": 0.03208089378657664,
    "sharpe": 0.3408527529270887
  },
  "winner_holdout": {
    "ending_balance": 107450.48730085525,
    "net_profit": 7450.487300855253,
    "trades": 68,
    "win_rate": 0.5,
    "profit_factor": 1.367785561301891,
    "max_drawdown": 0.03990168849019568,
    "sharpe": 0.31358144581412484
  },
  "baseline_full": {
    "ending_balance": 112791.78668201595,
    "net_profit": 12791.786682015954,
    "trades": 160,
    "win_rate": 0.48125,
    "profit_factor": 1.2914303725234562,
    "max_drawdown": 0.056582590325894834,
    "sharpe": 0.40027803604579126
  },
  "winner_full": {
    "ending_balance": 116621.63736044415,
    "net_profit": 16621.637360444147,
    "trades": 160,
    "win_rate": 0.48125,
    "profit_factor": 1.3133959027967073,
    "max_drawdown": 0.06558998868294082,
    "sharpe": 0.4270954121635459
  },
  "promoted": true
}
