{
  "status": "available_data_replay_estimate_not_raw_execution_backtest",
  "base_dataset": "research/FINAL_BACKTEST_DATA_V10.json on strategy-engine-v10-profitability",
  "methodology": "Risk-reweighted replay estimate using V10 engine-level aggregate contribution and V11 base-risk allocations. This does not use a raw candidate ledger, quality-score promotion, candle execution, spread series, slippage simulation or walk-forward windows.",
  "starting_balance": 5000.0,
  "v10_reference": {
    "net_profit": 1214.6571133330463,
    "ending_balance": 6214.657113333046,
    "return_percent": 24.293142266660926,
    "trades": 139,
    "profit_factor": 2.4007069338339444,
    "realized_drawdown_percent": 2.1073903982944895,
    "open_risk_stress_drawdown_percent": 2.7926386655064217,
    "weekly_equivalent": 23.358790641020123
  },
  "v11_base_risk_replay_estimate": {
    "net_profit": 1099.4047975294357,
    "ending_balance": 6099.404797529436,
    "return_percent": 21.98809595058871,
    "trades": 139,
    "average_trade": 7.909387032585868,
    "weekly_equivalent": 21.142399952489146,
    "difference_vs_v10": -115.2523158036106,
    "estimated_retention_of_v10_profit": 0.9051153493948958
  },
  "engine_reweighted_contribution": [
    {
      "engine": "EURUSD_SATELLITE_V7",
      "v10_profit": 195.83046186830708,
      "v10_risk_percent": 0.35,
      "v11_base_risk_percent": 0.30,
      "estimated_v11_profit": 167.85468160140607
    },
    {
      "engine": "GBPJPY_SATELLITE_V7",
      "v10_profit": 195.18882578844472,
      "v10_risk_percent": 0.35,
      "v11_base_risk_percent": 0.25,
      "estimated_v11_profit": 139.42058984888908
    },
    {
      "engine": "GBPUSD_SATELLITE_V3",
      "v10_profit": 739.6156934172174,
      "v10_risk_percent": 0.30,
      "v11_base_risk_percent": 0.30,
      "estimated_v11_profit": 739.6156934172174
    },
    {
      "engine": "GBPUSD_SWING_V6",
      "v10_profit": 84.02213225907688,
      "v10_risk_percent": 0.40,
      "v11_base_risk_percent": 0.25,
      "estimated_v11_profit": 52.513832661923054
    }
  ],
  "cost_stress_scaled_estimate": {
    "0.03R": {
      "net_profit": 1025.0728980601455,
      "weekly_equivalent": 19.71294034731049
    },
    "0.05R": {
      "net_profit": 976.059917629724,
      "weekly_equivalent": 18.77038303134085
    },
    "0.10R": {
      "net_profit": 855.3958342391222,
      "weekly_equivalent": 16.449919889213888
    }
  },
  "target_gap": {
    "target_weekly_profit": 50.0,
    "target_annual_profit": 2600.0,
    "required_multiplier_from_v11_base_estimate": 2.364916003498145,
    "required_average_trade_at_139_trades": 18.705035971223023,
    "current_v11_base_average_trade": 7.909387032585868
  },
  "decision": "The V11 base-risk replay estimate remains profitable but does not meet the $50/week target. It is expected to earn about $21.14/week before additional quality-score promotions or new validated setups. A real V11 backtest requires the raw accepted/rejected candidate ledger or broker-native M15/M1 historical data."
}
