time,open,high,low,close,tick_volume,spread
735868800,0.7201,0.7265,0.713,0.715,2191,50
735955200,0.7144,0.7185,0.7103,0.7135,1551,50
736041600,0.7143,0.716,0.7095,0.7103,901,50
736128000,0.7106,0.7126,0.7035,0.7075,1511,50
736387200,0.7065,0.7078,0.706,0.7078,231,50
736473600,0.7057,0.708,0.697,0.699,1531,50
736560000,0.6985,0.7038,0.695,0.7038,1231,50
736646400,0.7026,0.7065,0.702,0.7049,671,50
736732800,0.7045,0.7105,0.7037,0.7095,861,50
736992000,0.709,0.7095,0.7005,0.7025,1151,50
737078400,0.702,0.7042,0.6978,0.7035,1131,50
737164800,0.7023,0.7046,0.6985,0.7025,1201,50
737251200,0.7012,0.707,0.6973,0.7038,1681,50
737337600,0.7034,0.7072,0.7,0.7035,1431,50
737596800,0.7024,0.704,0.6995,0.703,841,50
737683200,0.7002,0.7014,0.688,0.693,1961,50
737769600,0.6917,0.6955,0.69,0.6925,1021,50
737856000,0.69,0.6958,0.69,0.6958,581,50
737942400,0.6943,0.6962,0.692,0.6953,741,50
738201600,0.694,0.6955,0.6882,0.695,1361,50
738288000,0.6948,0.7015,0.6948,0.7005,771,50
738374400,0.7003,0.7008,0.695,0.699,1031,50
738460800,0.6966,0.6975,0.691,0.692,841,50
738547200,0.6922,0.6928,0.685,0.6875,1091,50
738806400,0.6881,0.6886,0.674,0.6785,1961,50
738892800,0.6747,0.682,0.6708,0.679,1811,50
738979200,0.6792,0.6827,0.675,0.6775,1371,50
739065600,0.6763,0.683,0.6753,0.6805,1121,50
739152000,0.6795,0.68,0.673,0.6759,1041,50
739411200,0.673,0.6767,0.671,0.673,1141,50
739497600,0.6731,0.6745,0.668,0.6698,971,50
739584000,0.6705,0.6775,0.6695,0.6758,1071,50
739670400,0.6745,0.6775,0.6723,0.6768,811,50
739756800,0.6735,0.681,0.6731,0.6795,981,50
740016000,0.6785,0.6798,0.673,0.675,1011,50
740102400,0.6735,0.6785,0.6725,0.6755,1001,50
740188800,0.6768,0.6805,0.675,0.677,1081,50
740275200,0.6764,0.6792,0.672,0.675,1301,50
740361600,0.6733,0.6791,0.6695,0.6765,1601,50
740620800,0.6774,0.688,0.6758,0.6847,1711,50
740707200,0.6855,0.6883,0.682,0.6828,991,50
740793600,0.6823,0.684,0.6725,0.6755,1621,50
740880000,0.6729,0.6751,0.6647,0.6684,1631,50
740966400,0.6669,0.6737,0.6668,0.6715,921,50
741225600,0.6679,0.6712,0.6654,0.6695,1001,50
741312000,0.6685,0.6725,0.667,0.671,851,50
741398400,0.6685,0.6737,0.662,0.6685,2341,50
741484800,0.6659,0.671,0.6632,0.6693,1221,50
741571200,0.6698,0.6718,0.6655,0.6718,1061,50
741830400,0.6711,0.6768,0.6708,0.6768,631,50
741916800,0.6749,0.6793,0.6712,0.6793,1181,50
742003200,0.6772,0.683,0.6735,0.6805,1571,50
742089600,0.6801,0.687,0.6785,0.6837,1341,50
742176000,0.6849,0.6855,0.6794,0.6815,881,50
742435200,0.6814,0.683,0.6775,0.681,1061,50
742521600,0.678,0.681,0.6755,0.6775,1051,50
742608000,0.6769,0.6828,0.6755,0.6785,1301,50
742694400,0.6776,0.682,0.677,0.6805,711,50
742780800,0.6807,0.6826,0.6764,0.6797,1141,50
743040000,0.6776,0.6793,0.674,0.676,901,50
743126400,0.6753,0.6795,0.6747,0.6785,641,50
743212800,0.678,0.6825,0.6765,0.679,1101,50
743299200,0.6772,0.6807,0.6725,0.6755,1471,50
743385600,0.6744,0.68,0.6744,0.68,561,50
743644800,0.6783,0.6799,0.6772,0.6799,381,50
743731200,0.6781,0.679,0.676,0.6776,551,50
743817600,0.6771,0.68,0.6755,0.6764,831,50
743904000,0.6761,0.6828,0.6743,0.6828,1031,50
743990400,0.6801,0.691,0.6795,0.69,1311,50
744249600,0.6885,0.694,0.6863,0.6911,1281,50
744336000,0.69,0.6915,0.688,0.69,701,50
744422400,0.6892,0.69,0.685,0.6889,971,50
744508800,0.6886,0.6905,0.6785,0.6813,1671,50
744595200,0.6804,0.684,0.6765,0.6807,1471,50
744854400,0.6907,0.6919,0.68,0.682,1511,50
744940800,0.6813,0.6885,0.6812,0.6875,841,50
745027200,0.6857,0.6871,0.682,0.6834,791,50
745113600,0.6833,0.6855,0.675,0.677,1471,50
745200000,0.6763,0.681,0.6737,0.6785,1241,50
745459200,0.6755,0.6825,0.6729,0.6808,1391,50
745545600,0.679,0.683,0.6715,0.674,1801,50
745632000,0.6722,0.6785,0.6722,0.6763,851,50
745718400,0.6751,0.684,0.674,0.6815,1361,50
745804800,0.6813,0.6818,0.676,0.6767,701,50
746064000,0.676,0.6774,0.6658,0.6705,1771,50
746150400,0.6675,0.6715,0.6653,0.6695,1041,50
746236800,0.6705,0.6738,0.6689,0.6738,651,50
746323200,0.6711,0.674,0.6685,0.6705,1041,50
746409600,0.6689,0.6699,0.6645,0.6654,731,50
746668800,0.6652,0.673,0.6645,0.6715,1071,50
746755200,0.6704,0.6743,0.6685,0.6743,771,50
746841600,0.6726,0.6734,0.6655,0.6685,1171,50
746928000,0.6632,0.6675,0.655,0.6575,1931,50
747014400,0.656,0.6578,0.6445,0.649,1961,50
747273600,0.6506,0.6528,0.6465,0.6485,1051,50
747360000,0.6515,0.6555,0.6465,0.6525,1701,50
747446400,0.65,0.661,0.6499,0.6587,1351,50
747532800,0.6581,0.6595,0.652,0.6555,1241,50
747619200,0.654,0.6582,0.647,0.6505,1891,50
747878400,0.6511,0.654,0.6485,0.6508,1071,50
747964800,0.6505,0.6545,0.6428,0.6463,1921,50
748051200,0.645,0.653,0.6445,0.65,1201,50
748137600,0.6482,0.654,0.6474,0.651,1041,50
748224000,0.6483,0.655,0.6465,0.6523,1301,50
748483200,0.6514,0.6535,0.6455,0.6503,1491,50
748569600,0.6498,0.658,0.6482,0.656,1341,50
748656000,0.6543,0.658,0.6529,0.656,851,50
748742400,0.651,0.657,0.6502,0.6555,911,50
748828800,0.6546,0.6565,0.6505,0.6545,1191,50
749088000,0.6517,0.6536,0.6471,0.6482,951,50
749174400,0.6482,0.6492,0.6455,0.6477,691,50
749260800,0.647,0.65,0.6419,0.6457,1491,50
749347200,0.6454,0.6471,0.6412,0.645,1141,50
749433600,0.6462,0.6492,0.6451,0.647,741,50
749692800,0.6477,0.65,0.6442,0.6455,941,50
749779200,0.6439,0.649,0.6437,0.6465,801,50
749865600,0.6463,0.656,0.6463,0.6546,1111,50
749952000,0.6543,0.6574,0.6523,0.6553,921,50
750038400,0.6545,0.6607,0.6535,0.6586,1031,50
750297600,0.658,0.6629,0.657,0.6615,831,50
750384000,0.6586,0.6628,0.656,0.6623,991,50
750470400,0.6605,0.6639,0.6575,0.662,1131,50
750556800,0.6612,0.667,0.6598,0.664,1161,50
750643200,0.6632,0.6655,0.6603,0.663,1021,50
750902400,0.6601,0.6627,0.6585,0.661,751,50
750988800,0.6625,0.667,0.662,0.665,751,50
751075200,0.6634,0.6695,0.662,0.6685,991,50
751161600,0.6686,0.672,0.6677,0.6708,641,50
751248000,0.6698,0.6715,0.6665,0.6685,871,50
751507200,0.6684,0.6705,0.6665,0.669,741,50
751593600,0.669,0.6713,0.6655,0.6678,1041,50
751680000,0.6664,0.668,0.6635,0.6661,871,50
751766400,0.6661,0.6695,0.6635,0.6665,1161,50
751852800,0.6657,0.6685,0.6642,0.667,731,50
752112000,0.6658,0.6755,0.6658,0.6748,1041,50
752198400,0.6743,0.6754,0.672,0.6725,501,50
752284800,0.6719,0.677,0.6715,0.6762,671,50
752371200,0.6757,0.677,0.6715,0.6745,981,50
752457600,0.6741,0.676,0.6725,0.6755,561,50
752716800,0.674,0.6745,0.666,0.6668,981,50
752803200,0.6675,0.6687,0.666,0.6675,541,50
752889600,0.6663,0.6685,0.662,0.6631,981,50
752976000,0.6639,0.665,0.658,0.6598,991,50
753062400,0.6609,0.6648,0.6563,0.66,1611,50
753321600,0.6575,0.658,0.65,0.6573,1581,50
753408000,0.6567,0.6605,0.655,0.6593,841,50
753494400,0.6609,0.665,0.6599,0.6635,761,50
753580800,0.6627,0.6671,0.6595,0.661,1351,50
753667200,0.6592,0.664,0.6585,0.662,821,50
753926400,0.6622,0.664,0.6565,0.6625,1471,50
754012800,0.6622,0.665,0.6617,0.6628,601,50
754099200,0.6624,0.6665,0.661,0.6646,881,50
754185600,0.6639,0.6668,0.6628,0.6652,671,50
754272000,0.6644,0.6649,0.661,0.6628,621,50
754531200,0.661,0.6616,0.656,0.6568,701,50
754617600,0.6573,0.6615,0.6548,0.6594,1131,50
754704000,0.6592,0.661,0.6565,0.6591,891,50
754790400,0.6588,0.669,0.6578,0.669,1221,50
754876800,0.6692,0.671,0.6675,0.669,681,50
755136000,0.6669,0.6725,0.6663,0.6716,771,50
755222400,0.6705,0.6717,0.6618,0.6674,1671,50
755308800,0.6672,0.675,0.6653,0.6741,1251,50
755395200,0.6735,0.6742,0.669,0.6717,861,50
755481600,0.6713,0.6725,0.6685,0.6711,781,50
755740800,0.6697,0.6725,0.6693,0.672,411,50
755827200,0.671,0.6743,0.6688,0.6718,1021,50
755913600,0.6718,0.6758,0.6718,0.6758,401,50
756000000,0.6753,0.6773,0.673,0.674,731,50
756086400,0.6738,0.6805,0.6693,0.679,1721,50
756345600,0.6776,0.6805,0.677,0.6784,621,50
756432000,0.6782,0.6825,0.6781,0.6786,841,50
756518400,0.6787,0.6819,0.6782,0.6802,591,50
756604800,0.6783,0.6802,0.676,0.6784,831,50
756691200,0.677,0.6808,0.677,0.6783,631,50
756950400,0.677,0.681,0.677,0.6782,681,50
757036800,0.6783,0.6815,0.6773,0.6778,791,50
757123200,0.6775,0.679,0.6735,0.6745,801,50
757209600,0.6743,0.677,0.6739,0.6761,441,50
757296000,0.6757,0.6805,0.6745,0.6793,841,50
757555200,0.678,0.686,0.6765,0.6854,1161,50
757641600,0.6848,0.6887,0.683,0.6845,1111,50
757728000,0.6843,0.6885,0.6838,0.6857,801,50
757814400,0.6853,0.6875,0.6821,0.6849,1041,50
757900800,0.6848,0.688,0.6824,0.6865,951,50
758160000,0.6847,0.6878,0.6835,0.6878,551,50
758246400,0.6873,0.6916,0.6865,0.6904,711,50
758332800,0.6897,0.6923,0.6865,0.6923,901,50
758419200,0.6915,0.693,0.689,0.6906,711,50
758505600,0.6909,0.6914,0.6875,0.6895,641,50
758764800,0.6879,0.6972,0.6879,0.6951,1141,50
758851200,0.6951,0.6985,0.6943,0.6975,601,50
758937600,0.6968,0.7024,0.6957,0.7004,981,50
759024000,0.6997,0.707,0.6996,0.7035,1101,50
759110400,0.7027,0.704,0.7,0.7024,771,50
759369600,0.7016,0.7053,0.7,0.7042,801,50
759456000,0.7036,0.7105,0.7036,0.7085,891,50
759542400,0.7079,0.7122,0.707,0.7079,1041,50
759628800,0.708,0.7138,0.706,0.7078,1541,50
759715200,0.7073,0.711,0.705,0.7094,991,50
759974400,0.7112,0.7127,0.7075,0.709,821,50
760060800,0.7084,0.7172,0.7084,0.715,1101,50
760147200,0.7147,0.7178,0.7125,0.7146,1051,50
760233600,0.7138,0.717,0.713,0.7155,631,50
760320000,0.7148,0.716,0.708,0.712,1321,50
760579200,0.71,0.7168,0.7098,0.7152,881,50
760665600,0.7148,0.7197,0.7143,0.7181,751,50
760752000,0.7177,0.7195,0.715,0.719,771,50
760838400,0.7185,0.723,0.7173,0.7187,1121,50
760924800,0.718,0.719,0.7148,0.716,641,50
761184000,0.7153,0.7159,0.7065,0.7081,1161,50
761270400,0.7076,0.7125,0.706,0.7115,911,50
761356800,0.7109,0.7145,0.7077,0.7138,1071,50
761443200,0.7135,0.7185,0.7115,0.7175,1001,50
761529600,0.7165,0.7185,0.712,0.716,1251,50
761788800,0.713,0.7169,0.7095,0.7156,1221,50
761875200,0.7155,0.7247,0.7147,0.7244,1111,50
761961600,0.7235,0.7265,0.7197,0.725,1211,50
762048000,0.7241,0.7303,0.7224,0.7229,1461,50
762134400,0.7231,0.7251,0.7182,0.7187,941,50
762393600,0.7183,0.7195,0.7103,0.714,1411,50
762480000,0.7134,0.7176,0.7075,0.7095,1631,50
762566400,0.7088,0.712,0.7015,0.7082,2041,50
762652800,0.7082,0.7107,0.7048,0.7071,1071,50
762739200,0.7068,0.7164,0.7065,0.7159,1071,50
762998400,0.7159,0.7219,0.7155,0.7174,1131,50
763084800,0.7169,0.7202,0.7135,0.714,1051,50
763171200,0.7134,0.7171,0.7105,0.7151,1151,50
763257600,0.7157,0.7165,0.706,0.7072,1251,50
763344000,0.7065,0.716,0.7063,0.7147,1121,50
763603200,0.7187,0.7205,0.7165,0.7199,681,50
763689600,0.7194,0.7225,0.7174,0.7181,891,50
763776000,0.718,0.7205,0.712,0.714,1301,50
763862400,0.7144,0.7152,0.711,0.713,701,50
763948800,0.7112,0.714,0.7084,0.713,941,50
764208000,0.7137,0.7153,0.7074,0.7079,1001,50
764294400,0.7074,0.712,0.7065,0.7111,731,50
764380800,0.711,0.7133,0.7078,0.7117,1031,50
764467200,0.7111,0.7135,0.704,0.7056,1351,50
764553600,0.7049,0.7125,0.7049,0.711,911,50
764812800,0.713,0.7142,0.7095,0.7096,601,50
764899200,0.7096,0.7108,0.7005,0.7015,1251,50
764985600,0.7005,0.704,0.6983,0.702,991,50
765072000,0.7014,0.703,0.699,0.702,741,50
765158400,0.7033,0.7053,0.7019,0.703,651,50
765417600,0.7063,0.708,0.702,0.703,871,50
765504000,0.7025,0.7065,0.7,0.7061,941,50
765590400,0.706,0.7085,0.703,0.7072,981,50
765676800,0.7067,0.7197,0.7045,0.717,2011,50
765763200,0.7169,0.7268,0.7155,0.725,1451,50
766022400,0.7233,0.7247,0.719,0.7201,821,50
766108800,0.7197,0.727,0.719,0.7211,1461,50
766195200,0.7203,0.727,0.72,0.7225,1181,50
766281600,0.721,0.7251,0.72,0.722,921,50
766368000,0.721,0.7281,0.721,0.723,1221,50
766627200,0.7233,0.7249,0.716,0.7176,1211,50
766713600,0.717,0.7185,0.713,0.7155,951,50
766800000,0.715,0.718,0.711,0.7117,1071,50
766886400,0.711,0.7174,0.7104,0.717,801,50
766972800,0.717,0.7205,0.7157,0.7195,711,50
767232000,0.718,0.719,0.715,0.7184,761,50
767318400,0.7176,0.7219,0.7168,0.7168,941,50
767404800,0.717,0.718,0.7142,0.7162,681,50
767491200,0.7155,0.7168,0.7098,0.7124,1091,50
767577600,0.7126,0.717,0.7111,0.7155,891,50
767836800,0.7174,0.718,0.7102,0.7126,1081,50
767923200,0.7113,0.7125,0.703,0.704,1171,50
768009600,0.7038,0.715,0.7028,0.713,1521,50
768096000,0.7118,0.719,0.7102,0.7175,1191,50
768182400,0.717,0.718,0.713,0.717,1001,50
768441600,0.7145,0.7222,0.714,0.7207,1021,50
768528000,0.7204,0.7258,0.716,0.7231,1691,50
768614400,0.723,0.7238,0.7185,0.7192,681,50
768700800,0.7185,0.722,0.7165,0.7195,1001,50
768787200,0.7191,0.7233,0.7171,0.7233,821,50
769046400,0.7224,0.7279,0.7213,0.7279,771,50
769132800,0.7271,0.731,0.7241,0.728,1291,50
769219200,0.7271,0.7335,0.7264,0.7289,1241,50
769305600,0.7274,0.7325,0.7265,0.728,1141,50
769392000,0.7273,0.7305,0.7265,0.7295,581,50
769651200,0.7283,0.735,0.7283,0.734,771,50
769737600,0.7341,0.737,0.7325,0.7345,861,50
769824000,0.7343,0.7363,0.7315,0.7346,931,50
769910400,0.7335,0.7355,0.7313,0.7325,741,50
769996800,0.7316,0.7345,0.7311,0.7337,471,50
770256000,0.7232,0.7365,0.7229,0.7346,1581,50
770342400,0.7349,0.739,0.734,0.7379,701,50
770428800,0.7368,0.742,0.7366,0.7391,851,50
770515200,0.7388,0.7395,0.7365,0.738,521,50
770601600,0.7378,0.7395,0.7355,0.7375,771,50
770860800,0.7372,0.7432,0.7338,0.7432,1281,50
770947200,0.7334,0.7352,0.7323,0.7345,471,50
771033600,0.7341,0.7365,0.7327,0.7345,721,50
771120000,0.7334,0.7358,0.7325,0.7342,581,50
771206400,0.7335,0.7353,0.7335,0.7353,181,50
771465600,0.7365,0.7374,0.7347,0.7357,461,50
771552000,0.7348,0.7365,0.728,0.7296,1181,50
771638400,0.73,0.732,0.7277,0.7305,811,50
771724800,0.7309,0.7315,0.726,0.731,1091,50
771811200,0.7309,0.7355,0.7306,0.7345,621,50
772070400,0.7365,0.7408,0.7358,0.7381,841,50
772156800,0.7378,0.747,0.7355,0.7455,1531,50
772243200,0.7449,0.7468,0.7353,0.7363,1441,50
772329600,0.7363,0.7368,0.7308,0.7325,821,50
772416000,0.7315,0.7346,0.7265,0.7292,1391,50
772675200,0.725,0.7255,0.7182,0.7232,1281,50
772761600,0.7241,0.7265,0.7213,0.7239,1021,50
772848000,0.7235,0.7285,0.7193,0.7282,1371,50
772934400,0.7274,0.7345,0.725,0.7281,1831,50
773020800,0.7262,0.7333,0.7262,0.7299,1051,50
773280000,0.73,0.734,0.7285,0.7298,1081,50
773366400,0.7292,0.7313,0.7225,0.7235,1191,50
773452800,0.7233,0.7317,0.7221,0.7307,1181,50
773539200,0.731,0.7333,0.7254,0.7259,1071,50
773625600,0.7261,0.7333,0.7255,0.7333,841,50
773884800,0.7325,0.7385,0.7274,0.7373,1741,50
773971200,0.7354,0.7377,0.7324,0.7367,931,50
774057600,0.7368,0.7398,0.7345,0.7385,891,50
774144000,0.737,0.7375,0.7325,0.7351,811,50
774230400,0.7373,0.7385,0.7313,0.7335,1061,50
774489600,0.7303,0.7345,0.7303,0.7316,711,50
774576000,0.7305,0.7368,0.7297,0.7365,821,50
774662400,0.7359,0.7381,0.7341,0.737,691,50
774748800,0.737,0.739,0.7332,0.7376,1101,50
774835200,0.737,0.7455,0.736,0.745,1101,50
775094400,0.7424,0.746,0.74,0.7451,931,50
775180800,0.7445,0.745,0.7415,0.7432,571,50
775267200,0.7427,0.7432,0.7377,0.7395,781,50
775353600,0.7384,0.7396,0.7343,0.739,1001,50
775440000,0.7381,0.741,0.737,0.7398,631,50
775699200,0.7367,0.7391,0.736,0.7375,541,50
775785600,0.737,0.7412,0.7313,0.7325,1531,50
775872000,0.7319,0.7345,0.73,0.731,811,50
775958400,0.7295,0.7379,0.7275,0.7375,1281,50
776044800,0.7377,0.744,0.7358,0.7428,1131,50
776304000,0.7416,0.744,0.739,0.7404,881,50
776390400,0.7399,0.7455,0.739,0.7419,1101,50
776476800,0.7418,0.746,0.7387,0.7444,1201,50
776563200,0.7443,0.7498,0.7428,0.7457,1261,50
776649600,0.745,0.7455,0.7405,0.7419,691,50
776908800,0.7421,0.745,0.7393,0.7405,981,50
776995200,0.7381,0.7442,0.7379,0.7442,651,50
777081600,0.7441,0.7467,0.737,0.738,1331,50
777168000,0.7362,0.742,0.7359,0.7415,691,50
777254400,0.7418,0.7425,0.737,0.739,821,50
777513600,0.737,0.7394,0.733,0.7342,1001,50
777600000,0.734,0.738,0.7319,0.7365,971,50
777686400,0.7356,0.7436,0.7344,0.7436,1041,50
777772800,0.7435,0.7455,0.74,0.744,1051,50
777859200,0.7436,0.7451,0.741,0.743,761,50
778118400,0.7433,0.7448,0.741,0.7448,611,50
778204800,0.7441,0.7446,0.7407,0.7446,731,50
778291200,0.7446,0.7463,0.7407,0.7431,971,50
778377600,0.7427,0.7442,0.7405,0.7435,661,50
778464000,0.7427,0.744,0.741,0.7425,581,50
778723200,0.7414,0.7421,0.7378,0.7405,771,50
778809600,0.7413,0.7425,0.738,0.7416,871,50
778896000,0.7408,0.745,0.739,0.7439,891,50
778982400,0.7435,0.747,0.742,0.7461,741,50
779068800,0.7456,0.7466,0.744,0.7459,491,50
779328000,0.7426,0.746,0.7419,0.7431,771,50
779414400,0.7424,0.7464,0.7411,0.744,901,50
779500800,0.743,0.7452,0.7395,0.742,1041,50
779587200,0.7417,0.7445,0.7414,0.7435,441,50
779673600,0.743,0.7454,0.7425,0.7445,431,50
779932800,0.7433,0.745,0.7419,0.7431,601,50
780019200,0.7429,0.7459,0.7422,0.743,731,50
780105600,0.7422,0.7434,0.733,0.7348,1341,50
780192000,0.7345,0.7375,0.7339,0.7361,561,50
780278400,0.7356,0.744,0.7356,0.743,941,50
780537600,0.7417,0.7433,0.7385,0.74,791,50
780624000,0.7389,0.7419,0.7383,0.7397,641,50
780710400,0.7392,0.7419,0.7388,0.7393,611,50
780796800,0.7385,0.7415,0.7362,0.74,911,50
780883200,0.74,0.7413,0.7385,0.7406,501,50
781142400,0.7398,0.7432,0.739,0.7416,661,50
781228800,0.7405,0.7418,0.7368,0.7395,901,50
781315200,0.7386,0.7416,0.7385,0.7416,321,50
781401600,0.7414,0.742,0.7384,0.739,481,50
781488000,0.7387,0.7396,0.737,0.7381,461,50
781747200,0.7373,0.7392,0.737,0.7392,251,50
781833600,0.7387,0.7396,0.7343,0.736,791,50
781920000,0.7354,0.7374,0.7349,0.7367,371,50
782006400,0.7365,0.7395,0.7354,0.7359,761,50
782092800,0.7355,0.7367,0.734,0.736,491,50
782352000,0.7365,0.7398,0.7334,0.7366,1271,50
782438400,0.7363,0.7382,0.7355,0.7375,421,50
782524800,0.737,0.7381,0.734,0.7366,781,50
782611200,0.736,0.7379,0.7305,0.7325,1131,50
782697600,0.7321,0.7338,0.7303,0.733,611,50
782956800,0.7323,0.739,0.7323,0.7365,921,50
783043200,0.7369,0.7382,0.735,0.7375,581,50
783129600,0.7373,0.7441,0.7365,0.7435,901,50
783216000,0.7422,0.7443,0.7408,0.7443,491,50
783302400,0.7434,0.7445,0.7404,0.743,781,50
783561600,0.7426,0.7441,0.741,0.7425,611,50
783648000,0.7422,0.7435,0.74,0.7406,541,50
783734400,0.7399,0.7431,0.7392,0.7431,461,50
783820800,0.7426,0.7435,0.7405,0.7432,541,50
783907200,0.7425,0.7525,0.7413,0.752,1291,50
784166400,0.7488,0.7557,0.7473,0.7539,1171,50
784252800,0.7529,0.755,0.752,0.7531,581,50
784339200,0.7527,0.76,0.7516,0.7542,1531,50
784425600,0.7541,0.7559,0.7528,0.7552,511,50
784512000,0.7544,0.7552,0.7505,0.7531,811,50
784771200,0.7514,0.7543,0.7493,0.751,961,50
784857600,0.7511,0.7545,0.751,0.7519,621,50
784944000,0.751,0.7539,0.7498,0.7517,751,50
785030400,0.7514,0.7548,0.7511,0.7539,491,50
785116800,0.7533,0.759,0.7525,0.7585,781,50
785376000,0.7579,0.7634,0.7568,0.7621,901,50
785462400,0.7617,0.767,0.7616,0.7631,941,50
785548800,0.7626,0.764,0.7583,0.7607,951,50
785635200,0.7603,0.7623,0.7577,0.7586,751,50
785721600,0.7583,0.7625,0.758,0.7601,721,50
785980800,0.7605,0.764,0.7603,0.7633,461,50
786067200,0.7638,0.7656,0.7619,0.7645,671,50
786153600,0.7637,0.7695,0.7635,0.7686,711,50
786240000,0.7687,0.7692,0.7665,0.7673,401,50
786326400,0.7677,0.772,0.7656,0.7685,1201,50
786585600,0.7709,0.7731,0.7689,0.7698,731,50
786672000,0.7688,0.7716,0.767,0.7716,641,50
786758400,0.7698,0.7716,0.7687,0.77,561,50
786844800,0.7696,0.7745,0.768,0.774,861,50
786931200,0.7728,0.7763,0.7706,0.7745,971,50
787190400,0.7727,0.7762,0.772,0.774,711,50
787276800,0.773,0.7775,0.7724,0.7753,791,50
787363200,0.7756,0.7787,0.7739,0.7766,861,50
787449600,0.7769,0.7798,0.7759,0.7785,621,50
787536000,0.7775,0.7785,0.774,0.7755,701,50
787795200,0.7744,0.778,0.7742,0.7758,621,50
787881600,0.7755,0.7777,0.7743,0.776,631,50
787968000,0.7766,0.7775,0.7745,0.7761,551,50
788054400,0.7754,0.7778,0.7745,0.7755,651,50
788140800,0.7752,0.779,0.7746,0.7774,661,50
788400000,0.7765,0.7784,0.7765,0.778,231,50
788486400,0.7777,0.7785,0.7753,0.7769,561,50
788572800,0.776,0.7788,0.7758,0.7765,551,50
788659200,0.7754,0.779,0.7754,0.778,461,50
788745600,0.7769,0.7775,0.775,0.7758,391,50
789004800,0.776,0.777,0.775,0.7755,351,50
789091200,0.7756,0.7765,0.7677,0.7689,1091,50
789177600,0.7683,0.7716,0.7652,0.7698,1131,50
789264000,0.7685,0.7712,0.767,0.7692,771,50
789350400,0.7691,0.7712,0.7641,0.766,1111,50
789609600,0.7653,0.7664,0.7614,0.7637,841,50
789696000,0.7626,0.7682,0.7624,0.7676,661,50
789782400,0.7673,0.7708,0.7656,0.7692,851,50
789868800,0.7693,0.7729,0.765,0.7665,1301,50
789955200,0.7662,0.7682,0.7555,0.7565,1571,50
790214400,0.7578,0.762,0.7569,0.7602,781,50
790300800,0.7599,0.764,0.757,0.7595,1361,50
790387200,0.7587,0.763,0.7571,0.7615,901,50
790473600,0.7608,0.7689,0.7604,0.7689,891,50
790560000,0.7684,0.7718,0.7666,0.77,881,50
790819200,0.7684,0.7707,0.767,0.7691,671,50
790905600,0.7687,0.7723,0.7685,0.7723,401,50
790992000,0.7722,0.7745,0.764,0.7658,1461,50
791078400,0.7654,0.7667,0.7628,0.7656,761,50
791164800,0.7654,0.7669,0.7585,0.7595,1091,50
791424000,0.7584,0.761,0.755,0.7604,1001,50
791510400,0.7611,0.7616,0.756,0.7568,691,50
791596800,0.7564,0.761,0.7529,0.7578,1481,50
791683200,0.7574,0.7597,0.757,0.7597,311,50
791769600,0.76,0.7607,0.7505,0.753,1341,50
792028800,0.7509,0.754,0.7496,0.7515,821,50
792115200,0.7515,0.7523,0.7431,0.7455,1241,50
792201600,0.7456,0.748,0.7435,0.7457,891,50
792288000,0.7452,0.747,0.7406,0.7425,1011,50
792374400,0.7415,0.7463,0.7415,0.7457,541,50
792633600,0.7458,0.7485,0.743,0.7437,891,50
792720000,0.7437,0.7497,0.7415,0.7464,1371,50
792806400,0.7461,0.7502,0.745,0.7462,1031,50
792892800,0.7456,0.7476,0.7425,0.7438,841,50
792979200,0.7426,0.7431,0.7355,0.737,961,50
793238400,0.7361,0.74,0.735,0.738,811,50
793324800,0.7375,0.744,0.7375,0.744,651,50
793411200,0.7431,0.7443,0.737,0.7394,1091,50
793497600,0.739,0.7402,0.736,0.737,641,50
793584000,0.7366,0.7398,0.736,0.7388,541,50
793843200,0.7388,0.7427,0.738,0.7403,791,50
793929600,0.7397,0.7403,0.735,0.7392,1011,50
794016000,0.7385,0.7391,0.7325,0.7352,991,50
794102400,0.735,0.739,0.7322,0.737,1161,50
794188800,0.7364,0.7415,0.7355,0.7372,1121,50
794448000,0.7363,0.7405,0.7315,0.74,1431,50
794534400,0.7394,0.741,0.7359,0.7395,1011,50
794620800,0.7379,0.7423,0.7373,0.7423,561,50
794707200,0.7407,0.7425,0.7399,0.7422,371,50
794793600,0.7415,0.7462,0.7403,0.7442,911,50
795052800,0.7443,0.7475,0.7437,0.7465,541,50
795139200,0.7466,0.7473,0.744,0.7453,531,50
795225600,0.745,0.7475,0.745,0.7472,281,50
795312000,0.7463,0.7475,0.745,0.7459,461,50
795398400,0.7453,0.746,0.7335,0.7346,1431,50
795657600,0.7342,0.7347,0.722,0.7246,1581,50
795744000,0.724,0.728,0.7225,0.7275,751,50
795830400,0.7268,0.73,0.7242,0.7252,1001,50
795916800,0.725,0.728,0.7212,0.7265,1211,50
796003200,0.7264,0.731,0.7246,0.7305,871,50
796262400,0.7275,0.7285,0.7245,0.7267,721,50
796348800,0.7263,0.7293,0.7225,0.7286,1131,50
796435200,0.7281,0.73,0.7222,0.7235,1101,50
796521600,0.7233,0.731,0.7222,0.7304,1051,50
796608000,0.7299,0.736,0.7234,0.736,1911,50
796867200,0.734,0.7368,0.732,0.734,961,50
796953600,0.733,0.7355,0.7312,0.735,661,50
797040000,0.7361,0.7425,0.7345,0.741,1111,50
797126400,0.7409,0.7425,0.7375,0.7392,831,50
797212800,0.7386,0.7428,0.7359,0.7428,961,50
797472000,0.7422,0.7438,0.7372,0.739,1001,50
797558400,0.739,0.742,0.7374,0.7417,651,50
797644800,0.7417,0.745,0.74,0.7433,841,50
797731200,0.7438,0.7443,0.738,0.7405,931,50
797817600,0.7388,0.743,0.7386,0.741,661,50
798076800,0.7393,0.7455,0.738,0.7434,1091,50
798163200,0.744,0.7466,0.7405,0.7428,1101,50
798249600,0.7425,0.7431,0.732,0.7335,1321,50
798336000,0.734,0.7375,0.7322,0.7367,791,50
798422400,0.7367,0.7371,0.728,0.728,951,50
798681600,0.7283,0.731,0.7239,0.728,1391,50
798768000,0.728,0.7307,0.7261,0.727,821,50
798854400,0.7271,0.7322,0.7252,0.7264,1331,50
798940800,0.7262,0.7295,0.725,0.729,621,50
799027200,0.7283,0.7316,0.7265,0.7271,901,50
799286400,0.7274,0.7305,0.724,0.7288,1161,50
799372800,0.7287,0.7315,0.727,0.7285,881,50
799459200,0.7287,0.7355,0.7287,0.7331,921,50
799545600,0.7331,0.7442,0.7295,0.7405,2201,50
799632000,0.7406,0.7447,0.7402,0.7437,591,50
799891200,0.7416,0.743,0.7365,0.7377,911,50
799977600,0.7379,0.74,0.7255,0.7277,1881,50
800064000,0.7291,0.7305,0.727,0.7275,541,50
800150400,0.7275,0.7362,0.7274,0.7337,1141,50
800236800,0.7335,0.742,0.7328,0.74,1191,50
800496000,0.738,0.739,0.7312,0.7335,1111,50
800582400,0.7335,0.7352,0.7268,0.7285,1181,50
800668800,0.7293,0.734,0.7234,0.7329,1761,50
800755200,0.7323,0.7339,0.716,0.7172,2071,50
800841600,0.717,0.7216,0.7125,0.7168,1801,50
801100800,0.7168,0.721,0.7161,0.7161,911,50
801187200,0.7171,0.7205,0.7165,0.7194,571,50
801273600,0.7191,0.7226,0.7155,0.7166,1171,50
801360000,0.7167,0.722,0.7156,0.721,851,50
801446400,0.7209,0.7262,0.7174,0.718,1471,50
801705600,0.7185,0.7212,0.7174,0.7181,721,50
801792000,0.7187,0.7226,0.7186,0.7212,551,50
801878400,0.7213,0.7225,0.7123,0.7175,1661,50
801964800,0.7171,0.7185,0.7118,0.715,1131,50
802051200,0.7154,0.7192,0.7105,0.7155,1731,50
802310400,0.7162,0.717,0.713,0.7153,711,50
802396800,0.7155,0.7215,0.7153,0.7173,1061,50
802483200,0.7175,0.722,0.7166,0.7202,811,50
802569600,0.7219,0.7246,0.7195,0.7211,941,50
802656000,0.7213,0.722,0.7185,0.719,471,50
802915200,0.7188,0.7207,0.717,0.7193,691,50
803001600,0.7192,0.7213,0.7164,0.7203,871,50
803088000,0.7207,0.7233,0.7196,0.7209,721,50
803174400,0.7202,0.729,0.719,0.7271,1311,50
803260800,0.7271,0.7295,0.7255,0.728,711,50
803520000,0.7276,0.729,0.7258,0.7264,521,50
803606400,0.7258,0.7265,0.722,0.7245,771,50
803692800,0.7237,0.728,0.7224,0.7256,931,50
803779200,0.726,0.7268,0.7195,0.7205,911,50
803865600,0.7209,0.7221,0.719,0.7215,561,50
804124800,0.7204,0.7226,0.7185,0.7195,731,50
804211200,0.719,0.7198,0.713,0.7134,801,50
804297600,0.7134,0.7176,0.7118,0.7173,771,50
804384000,0.7168,0.7175,0.714,0.7147,491,50
804470400,0.7142,0.7172,0.7078,0.7105,1511,50
804729600,0.7105,0.7119,0.7082,0.709,591,50
804816000,0.7085,0.7124,0.708,0.7108,651,50
804902400,0.711,0.7131,0.7072,0.7119,1091,50
804988800,0.7111,0.714,0.7098,0.7136,591,50
805075200,0.7128,0.7168,0.7119,0.7168,581,50
805334400,0.7152,0.7175,0.7139,0.7144,641,50
805420800,0.714,0.7215,0.7139,0.7198,941,50
805507200,0.72,0.7245,0.7188,0.7237,771,50
805593600,0.7228,0.7377,0.7227,0.7335,1931,50
805680000,0.7331,0.7338,0.7287,0.7308,791,50
805939200,0.7301,0.7355,0.73,0.7345,661,50
806025600,0.7345,0.7351,0.729,0.7334,1111,50
806112000,0.733,0.7345,0.7302,0.7318,741,50
806198400,0.7315,0.7375,0.7305,0.7348,1071,50
806284800,0.7341,0.7373,0.7329,0.7355,741,50
806544000,0.736,0.74,0.7346,0.7395,731,50
806630400,0.7385,0.7398,0.7346,0.739,991,50
806716800,0.7388,0.7413,0.7355,0.7371,991,50
806803200,0.7366,0.7385,0.733,0.735,941,50
806889600,0.7342,0.7372,0.7337,0.7365,471,50
807148800,0.7373,0.7407,0.7365,0.7388,691,50
807235200,0.7381,0.7426,0.7381,0.7414,571,50
807321600,0.7412,0.743,0.7382,0.7423,851,50
807408000,0.7415,0.742,0.7361,0.7371,741,50
807494400,0.7366,0.744,0.735,0.7435,1111,50
807753600,0.7413,0.7422,0.74,0.7422,351,50
807840000,0.7418,0.7465,0.7415,0.744,781,50
807926400,0.7447,0.7452,0.739,0.7408,851,50
808012800,0.7404,0.7434,0.7393,0.741,761,50
808099200,0.7403,0.746,0.74,0.7435,881,50
808358400,0.7411,0.7434,0.739,0.7428,711,50
808444800,0.7426,0.7431,0.7355,0.7375,1011,50
808531200,0.7359,0.7375,0.7299,0.7314,1071,50
808617600,0.7316,0.7343,0.7295,0.7324,881,50
808704000,0.7326,0.7377,0.7318,0.7365,791,50
808963200,0.7367,0.7393,0.735,0.7377,761,50
809049600,0.7376,0.7413,0.7365,0.7413,591,50
809136000,0.7405,0.7425,0.739,0.7409,661,50
809222400,0.7404,0.7432,0.7378,0.7404,1081,50
809308800,0.7433,0.7448,0.7415,0.744,591,50
809568000,0.7425,0.7445,0.7411,0.7445,481,50
809654400,0.7442,0.755,0.7436,0.7545,1251,50
809740800,0.7539,0.756,0.7506,0.7545,1021,50
809827200,0.7539,0.7595,0.75,0.7512,1631,50
809913600,0.7507,0.753,0.7486,0.7525,701,50
810172800,0.7495,0.7524,0.748,0.7494,871,50
810259200,0.7484,0.7535,0.748,0.7525,691,50
810345600,0.7515,0.7523,0.7495,0.7523,481,50
810432000,0.7516,0.7543,0.7498,0.7513,871,50
810518400,0.7509,0.7544,0.7505,0.7528,591,50
810777600,0.7512,0.7529,0.7508,0.7529,251,50
810864000,0.7523,0.7612,0.7523,0.7605,961,50
810950400,0.7599,0.766,0.7598,0.7637,861,50
811036800,0.7631,0.7666,0.7583,0.761,1451,50
811123200,0.7606,0.7631,0.7585,0.7615,831,50
811382400,0.7593,0.7619,0.754,0.755,1151,50
811468800,0.7554,0.762,0.7554,0.7609,771,50
811555200,0.7608,0.7616,0.7551,0.7556,781,50
811641600,0.754,0.7581,0.7465,0.7484,1761,50
811728000,0.7458,0.752,0.745,0.7465,1331,50
811987200,0.7479,0.7523,0.7465,0.7513,821,50
812073600,0.7509,0.7525,0.7475,0.7487,781,50
812160000,0.7483,0.751,0.7462,0.7495,841,50
812246400,0.7486,0.7545,0.7484,0.7518,901,50
812332800,0.7518,0.757,0.7516,0.756,661,50
812592000,0.7555,0.7633,0.7555,0.7626,851,50
812678400,0.762,0.7707,0.762,0.7707,871,50
812764800,0.7687,0.7695,0.7618,0.7638,1051,50
812851200,0.7629,0.7648,0.7568,0.7582,1131,50
812937600,0.7587,0.763,0.7582,0.7625,581,50
813196800,0.7653,0.7662,0.762,0.7646,771,50
813283200,0.7595,0.7613,0.755,0.7613,1081,50
813369600,0.7615,0.766,0.761,0.7622,931,50
813456000,0.7644,0.7649,0.757,0.7598,1121,50
813542400,0.7603,0.762,0.758,0.7594,711,50
813801600,0.7603,0.761,0.7556,0.759,951,50
813888000,0.7589,0.7596,0.752,0.7531,941,50
813974400,0.7534,0.756,0.7502,0.7547,1031,50
814060800,0.7544,0.7592,0.7482,0.751,1861,50
814147200,0.7503,0.7534,0.748,0.751,1011,50
814406400,0.7491,0.7516,0.7458,0.7472,971,50
814492800,0.7463,0.7517,0.745,0.7482,1151,50
814579200,0.747,0.7525,0.7447,0.7495,1311,50
814665600,0.7512,0.758,0.7512,0.7553,951,50
814752000,0.7564,0.7574,0.753,0.7548,721,50
815011200,0.7592,0.7621,0.7576,0.7604,781,50
815097600,0.7598,0.763,0.755,0.7604,1541,50
815184000,0.7601,0.7628,0.7579,0.7609,901,50
815270400,0.7605,0.761,0.756,0.7578,731,50
815356800,0.7586,0.7591,0.7563,0.7585,551,50
815616000,0.7584,0.7589,0.7521,0.7543,951,50
815702400,0.753,0.7549,0.7485,0.7495,931,50
815788800,0.7496,0.7524,0.7476,0.7482,821,50
815875200,0.7473,0.7481,0.734,0.7391,2001,50
815961600,0.7379,0.7405,0.7368,0.738,731,50
816220800,0.7383,0.7397,0.7371,0.7378,471,50
816307200,0.7375,0.743,0.7375,0.7398,871,50
816393600,0.7399,0.742,0.7335,0.7352,1231,50
816480000,0.7346,0.7431,0.7346,0.7425,911,50
816566400,0.7421,0.7429,0.738,0.7417,941,50
816825600,0.7414,0.747,0.7414,0.7459,671,50
816912000,0.745,0.7471,0.7408,0.7421,971,50
816998400,0.7417,0.7433,0.739,0.7408,771,50
817084800,0.7404,0.742,0.7365,0.7413,1011,50
817171200,0.7403,0.741,0.737,0.74,771,50
817430400,0.7402,0.745,0.738,0.744,1021,50
817516800,0.7438,0.751,0.7432,0.749,1041,50
817603200,0.749,0.7518,0.747,0.7488,941,50
817689600,0.7489,0.7496,0.7416,0.744,1111,50
817776000,0.7436,0.7441,0.7368,0.7395,1051,50
818035200,0.7393,0.741,0.7375,0.7389,661,50
818121600,0.738,0.7405,0.7348,0.7397,971,50
818208000,0.7392,0.7434,0.7385,0.74,901,50
818294400,0.7392,0.742,0.7378,0.7394,821,50
818380800,0.7393,0.7412,0.736,0.7375,861,50
818640000,0.7366,0.7383,0.7358,0.7365,491,50
818726400,0.736,0.7427,0.7359,0.7414,821,50
818812800,0.7406,0.7457,0.7401,0.7447,711,50
818899200,0.7444,0.7461,0.7375,0.7395,1231,50
818985600,0.7397,0.7418,0.7385,0.7418,451,50
819244800,0.7403,0.7428,0.7399,0.741,511,50
819331200,0.74,0.7422,0.7395,0.7416,381,50
819417600,0.7413,0.7432,0.7405,0.7419,481,50
819504000,0.7414,0.7437,0.739,0.741,901,50
819590400,0.7407,0.7424,0.7392,0.7405,621,50
819849600,0.739,0.7415,0.7385,0.7412,381,50
819936000,0.7385,0.7425,0.7385,0.7418,471,50
820022400,0.7413,0.7508,0.7412,0.7481,1241,50
820108800,0.7472,0.748,0.7427,0.7445,791,50
820195200,0.7436,0.7466,0.7434,0.7441,591,50
820540800,0.7432,0.746,0.7415,0.7446,761,50
820627200,0.7454,0.75,0.7447,0.747,901,50
820713600,0.7461,0.7475,0.738,0.74,1291,50
820800000,0.7386,0.749,0.7386,0.7485,1091,50
821059200,0.7474,0.7479,0.744,0.7479,731,50
821145600,0.7474,0.7485,0.742,0.7433,891,50
821232000,0.7425,0.7476,0.7424,0.7467,621,50
821318400,0.746,0.7485,0.7425,0.7445,1051,50
821404800,0.743,0.7469,0.7425,0.744,781,50
821664000,0.744,0.7452,0.7404,0.7423,791,50
821750400,0.7417,0.746,0.7417,0.7444,591,50
821836800,0.7437,0.7442,0.7395,0.7418,751,50
821923200,0.7415,0.7422,0.738,0.7389,581,50
822009600,0.7369,0.7397,0.731,0.7375,1681,50
822268800,0.734,0.7365,0.731,0.7338,1081,50
822355200,0.7329,0.737,0.7311,0.7352,951,50
822441600,0.7336,0.7395,0.7322,0.7377,1051,50
822528000,0.7372,0.7405,0.7335,0.7405,1071,50
822614400,0.739,0.7405,0.7361,0.7383,811,50
822873600,0.7364,0.7424,0.7364,0.7415,691,50
822960000,0.7413,0.7455,0.74,0.7447,761,50
823046400,0.7443,0.7475,0.7433,0.7465,621,50
823132800,0.7455,0.7495,0.7436,0.749,831,50
823219200,0.7477,0.759,0.7475,0.758,1271,50
823478400,0.7587,0.7606,0.7522,0.7557,1381,50
823564800,0.755,0.757,0.752,0.7541,911,50
823651200,0.7522,0.756,0.751,0.752,981,50
823737600,0.7525,0.7605,0.7514,0.7605,1021,50
823824000,0.7594,0.7612,0.7533,0.7552,1161,50
824083200,0.7545,0.7574,0.7535,0.755,731,50
824169600,0.7555,0.757,0.7525,0.7547,821,50
824256000,0.7536,0.7577,0.7529,0.7553,791,50
824342400,0.7545,0.7565,0.7535,0.7558,471,50
824428800,0.756,0.7588,0.7521,0.7557,1311,50
824688000,0.7567,0.7586,0.7528,0.754,891,50
824774400,0.7544,0.7572,0.7529,0.7545,851,50
824860800,0.754,0.7552,0.7494,0.7535,1111,50
824947200,0.7536,0.7565,0.7515,0.7556,801,50
825033600,0.755,0.758,0.7535,0.7575,651,50
825292800,0.7566,0.761,0.7553,0.7582,981,50
825379200,0.7587,0.7596,0.7568,0.7593,501,50
825465600,0.7595,0.7643,0.7582,0.7632,851,50
825552000,0.7633,0.7672,0.761,0.7663,941,50
825638400,0.7675,0.768,0.7605,0.7616,911,50
825897600,0.7634,0.7639,0.7578,0.7597,851,50
825984000,0.7588,0.7613,0.7568,0.7603,751,50
826070400,0.759,0.765,0.759,0.765,601,50
826156800,0.7646,0.7651,0.7613,0.7626,561,50
826243200,0.7633,0.7695,0.7633,0.7689,681,50
826502400,0.7685,0.7692,0.766,0.7684,631,50
826588800,0.7675,0.7722,0.7675,0.7701,681,50
826675200,0.77,0.7755,0.77,0.775,601,50
826761600,0.7753,0.7768,0.7735,0.774,531,50
826848000,0.7745,0.7752,0.772,0.7733,521,50
827107200,0.7728,0.7753,0.772,0.775,441,50
827193600,0.776,0.7765,0.7722,0.7731,571,50
827280000,0.7735,0.777,0.7735,0.7763,421,50
827366400,0.7754,0.779,0.7739,0.778,761,50
827452800,0.7773,0.779,0.7757,0.7769,621,50
827712000,0.7755,0.7763,0.773,0.7743,541,50
827798400,0.7741,0.7755,0.772,0.7736,651,50
827884800,0.7738,0.782,0.7738,0.782,821,50
827971200,0.7811,0.7839,0.78,0.7816,731,50
828057600,0.7806,0.7845,0.777,0.783,1261,50
828316800,0.7845,0.788,0.7829,0.7848,991,50
828403200,0.7844,0.7863,0.781,0.783,921,50
828489600,0.7837,0.7845,0.7789,0.782,951,50
828576000,0.7815,0.7851,0.781,0.7831,661,50
828662400,0.7815,0.7845,0.7815,0.7845,301,50
828921600,0.7831,0.7858,0.7815,0.7847,701,50
829008000,0.7856,0.7881,0.785,0.7863,551,50
829094400,0.7881,0.7919,0.7863,0.7881,1121,50
829180800,0.7885,0.792,0.7878,0.791,591,50
829267200,0.791,0.7927,0.7883,0.7917,811,50
829526400,0.792,0.7937,0.7894,0.7909,751,50
829612800,0.7906,0.7915,0.7853,0.7858,761,50
829699200,0.785,0.7879,0.784,0.7875,531,50
829785600,0.7869,0.7884,0.781,0.7828,1071,50
829872000,0.7819,0.7858,0.7809,0.7858,591,50
830131200,0.7841,0.7883,0.7838,0.7883,481,50
830217600,0.7875,0.7915,0.7875,0.7906,491,50
830304000,0.7897,0.792,0.783,0.785,1331,50
830390400,0.7853,0.7891,0.7846,0.7891,521,50
830476800,0.789,0.792,0.7883,0.7905,591,50
830736000,0.7891,0.7898,0.7854,0.7881,781,50
830822400,0.7875,0.7885,0.7845,0.7874,791,50
830908800,0.7872,0.791,0.7871,0.7905,451,50
830995200,0.7901,0.7978,0.7901,0.797,851,50
831081600,0.796,0.7982,0.794,0.7974,701,50
831340800,0.7964,0.7978,0.795,0.7978,421,50
831427200,0.7974,0.8013,0.7955,0.8013,771,50
831513600,0.8011,0.8032,0.7995,0.8017,681,50
831600000,0.8005,0.8012,0.7962,0.7994,891,50
831686400,0.7997,0.805,0.798,0.802,1171,50
831945600,0.801,0.8022,0.798,0.8022,721,50
832032000,0.802,0.8041,0.7995,0.8028,841,50
832118400,0.802,0.8032,0.7985,0.8003,771,50
832204800,0.7997,0.8036,0.797,0.799,1251,50
832291200,0.7986,0.8026,0.7974,0.801,801,50
832550400,0.7991,0.801,0.7935,0.7945,1041,50
832636800,0.7944,0.796,0.7908,0.7943,1031,50
832723200,0.7939,0.7961,0.791,0.7954,871,50
832809600,0.7948,0.7955,0.7915,0.7942,741,50
832896000,0.7932,0.795,0.7893,0.7912,941,50
833155200,0.7904,0.7926,0.7892,0.7921,511,50
833241600,0.7909,0.7953,0.7909,0.7946,511,50
833328000,0.7945,0.8002,0.7945,0.7981,781,50
833414400,0.7966,0.7996,0.795,0.7974,841,50
833500800,0.7975,0.7998,0.7968,0.7989,461,50
833760000,0.8,0.8036,0.7993,0.802,661,50
833846400,0.8015,0.802,0.7965,0.7973,681,50
833932800,0.7964,0.7977,0.7914,0.7923,851,50
834019200,0.7905,0.7923,0.7848,0.7867,1121,50
834105600,0.7871,0.7931,0.7863,0.7926,811,50
834364800,0.7906,0.795,0.7898,0.7945,651,50
834451200,0.7935,0.7955,0.7912,0.7925,761,50
834537600,0.7913,0.793,0.7903,0.7917,501,50
834624000,0.7917,0.7936,0.791,0.7918,511,50
834710400,0.7915,0.7939,0.7865,0.7932,1311,50
834969600,0.792,0.7931,0.79,0.7919,611,50
835056000,0.7916,0.7933,0.788,0.7894,841,50
835142400,0.7886,0.7913,0.7873,0.7885,791,50
835228800,0.7888,0.7894,0.7866,0.7891,531,50
835315200,0.7887,0.7915,0.7878,0.7895,661,50
835574400,0.7881,0.7915,0.7879,0.7908,451,50
835660800,0.7902,0.7925,0.79,0.791,421,50
835747200,0.7904,0.7935,0.7895,0.7906,781,50
835833600,0.7899,0.7916,0.787,0.789,831,50
835920000,0.7886,0.79,0.7853,0.7871,791,50
836179200,0.7872,0.7888,0.7863,0.7881,411,50
836265600,0.7875,0.7881,0.7818,0.783,811,50
836352000,0.7825,0.7836,0.7805,0.7833,541,50
836438400,0.7828,0.7849,0.7807,0.7842,701,50
836524800,0.7838,0.7975,0.7832,0.7956,1681,50
836784000,0.7944,0.7962,0.7923,0.7937,711,50
836870400,0.7931,0.7953,0.7915,0.7949,581,50
836956800,0.7943,0.8003,0.7936,0.7988,891,50
837043200,0.7977,0.7999,0.796,0.7965,661,50
837129600,0.7961,0.7985,0.7929,0.7976,971,50
837388800,0.7965,0.798,0.7937,0.7959,801,50
837475200,0.7947,0.7952,0.7868,0.7901,1221,50
837561600,0.7887,0.79,0.785,0.7869,821,50
837648000,0.7862,0.794,0.783,0.7913,1691,50
837734400,0.7909,0.7931,0.789,0.7918,731,50
837993600,0.791,0.7928,0.789,0.7895,611,50
838080000,0.788,0.7917,0.7865,0.791,741,50
838166400,0.791,0.7932,0.7878,0.7911,1071,50
838252800,0.791,0.792,0.7845,0.7877,1171,50
838339200,0.7874,0.792,0.7855,0.7868,1241,50
838598400,0.7871,0.7895,0.784,0.7873,1081,50
838684800,0.7874,0.7895,0.7785,0.7802,1481,50
838771200,0.7803,0.7808,0.771,0.7729,1221,50
838857600,0.7736,0.7772,0.7717,0.7743,1031,50
838944000,0.774,0.775,0.7685,0.7739,1291,50
839203200,0.7726,0.7744,0.7715,0.773,541,50
839289600,0.7727,0.777,0.7717,0.7758,751,50
839376000,0.7756,0.7792,0.7716,0.7767,1411,50
839462400,0.776,0.781,0.776,0.7805,551,50
839548800,0.7797,0.7817,0.7765,0.7798,1031,50
839808000,0.7786,0.7795,0.7763,0.7785,631,50
839894400,0.7779,0.7804,0.7763,0.7794,671,50
839980800,0.7786,0.7827,0.778,0.7815,651,50
840067200,0.7809,0.7844,0.7797,0.7838,651,50
840153600,0.7832,0.7846,0.7815,0.7832,621,50
840412800,0.7829,0.7926,0.7829,0.7926,971,50
840499200,0.7915,0.7938,0.7851,0.7858,1171,50
840585600,0.7868,0.7929,0.7868,0.7912,781,50
840672000,0.791,0.7934,0.7895,0.7917,711,50
840758400,0.7921,0.7931,0.7885,0.7917,881,50
841017600,0.7908,0.793,0.79,0.7914,541,50
841104000,0.7904,0.7912,0.7864,0.7878,701,50
841190400,0.7877,0.7921,0.787,0.7918,611,50
841276800,0.7929,0.7945,0.79,0.792,811,50
841363200,0.7914,0.7938,0.789,0.7902,841,50
841622400,0.7905,0.792,0.7883,0.7895,641,50
841708800,0.7892,0.7928,0.7889,0.7925,451,50
841795200,0.7918,0.7936,0.7912,0.7919,471,50
841881600,0.7915,0.7951,0.7895,0.7948,791,50
841968000,0.7942,0.8009,0.793,0.8,1001,50
842227200,0.799,0.8024,0.7989,0.7998,621,50
842313600,0.7987,0.8011,0.7983,0.8001,421,50
842400000,0.7991,0.802,0.7985,0.799,691,50
842486400,0.7988,0.8005,0.7955,0.7976,881,50
842572800,0.7965,0.7977,0.79,0.7912,1011,50
842832000,0.7917,0.7932,0.7864,0.7892,1111,50
842918400,0.7888,0.7913,0.788,0.7907,471,50
843004800,0.791,0.7915,0.786,0.7891,911,50
843091200,0.7887,0.792,0.7875,0.7906,711,50
843177600,0.7902,0.7948,0.7885,0.7921,1071,50
843436800,0.791,0.7934,0.791,0.7926,321,50
843523200,0.7918,0.7923,0.7851,0.7879,1051,50
843609600,0.7874,0.7926,0.7872,0.7914,681,50
843696000,0.7905,0.7942,0.7902,0.7933,521,50
843782400,0.7924,0.794,0.7893,0.7902,721,50
844041600,0.7907,0.794,0.7905,0.7915,621,50
844128000,0.7911,0.7926,0.7897,0.7918,511,50
844214400,0.7906,0.797,0.7904,0.7954,841,50
844300800,0.7946,0.7961,0.788,0.791,1261,50
844387200,0.7907,0.7924,0.7877,0.789,771,50
844646400,0.7885,0.7905,0.7855,0.7879,941,50
844732800,0.7876,0.7929,0.7858,0.7908,1101,50
844819200,0.791,0.7928,0.7884,0.7903,811,50
844905600,0.7906,0.7911,0.7867,0.79,821,50
844992000,0.7896,0.7921,0.788,0.7906,721,50
845251200,0.7906,0.7922,0.7892,0.7913,531,50
845337600,0.7909,0.794,0.7891,0.7902,911,50
845424000,0.7895,0.7933,0.7884,0.7917,761,50
845510400,0.7915,0.7942,0.791,0.7937,421,50
845596800,0.7934,0.797,0.7927,0.7957,631,50
845856000,0.7951,0.8001,0.7945,0.7971,921,50
845942400,0.7963,0.798,0.7937,0.7943,661,50
846028800,0.7945,0.7964,0.793,0.7942,651,50
846115200,0.794,0.7951,0.791,0.7926,681,50
846201600,0.792,0.7948,0.7885,0.7905,1111,50
846460800,0.7905,0.7945,0.7895,0.7923,821,50
846547200,0.7922,0.7933,0.789,0.7917,811,50
846633600,0.7913,0.7948,0.79,0.7929,801,50
846720000,0.7924,0.7942,0.7908,0.7918,621,50
846806400,0.7914,0.7921,0.7874,0.789,701,50
847065600,0.7885,0.7901,0.786,0.788,771,50
847152000,0.7877,0.7908,0.7855,0.7905,781,50
847238400,0.7898,0.7935,0.788,0.7916,921,50
847324800,0.7916,0.7925,0.7816,0.7845,1471,50
847411200,0.784,0.7911,0.7813,0.7879,1571,50
847670400,0.7881,0.7915,0.786,0.7876,1051,50
847756800,0.7871,0.7905,0.786,0.7881,801,50
847843200,0.7878,0.7899,0.787,0.7891,451,50
847929600,0.7885,0.7925,0.7883,0.7911,581,50
848016000,0.7904,0.7922,0.7885,0.7906,721,50
848275200,0.7903,0.7952,0.7899,0.7933,761,50
848361600,0.7931,0.7955,0.7917,0.7949,581,50
848448000,0.7942,0.8037,0.794,0.8037,991,50
848534400,0.8032,0.8131,0.8032,0.811,1201,50
848620800,0.8102,0.8152,0.8074,0.8146,1121,50
848880000,0.8128,0.8146,0.8085,0.8102,961,50
848966400,0.81,0.8135,0.8068,0.8112,1221,50
849052800,0.8107,0.8131,0.8085,0.8114,851,50
849139200,0.8113,0.812,0.8071,0.8104,891,50
849225600,0.8103,0.8173,0.809,0.8166,1031,50
849484800,0.817,0.8215,0.8153,0.8167,1211,50
849571200,0.8161,0.8167,0.785,0.802,4931,50
849657600,0.801,0.8033,0.7945,0.7993,1591,50
849744000,0.799,0.8001,0.7954,0.7978,821,50
849830400,0.7975,0.8002,0.7938,0.798,1231,50
850089600,0.7986,0.8053,0.7978,0.8034,1021,50
850176000,0.8025,0.805,0.7942,0.7948,1391,50
850262400,0.7941,0.7949,0.7881,0.7916,1111,50
850348800,0.7911,0.7952,0.79,0.7914,1011,50
850435200,0.7905,0.7951,0.7904,0.792,791,50
850694400,0.7931,0.7947,0.7913,0.7924,611,50
850780800,0.792,0.7974,0.7916,0.7968,681,50
850867200,0.7963,0.7971,0.79,0.7915,941,50
850953600,0.7912,0.7961,0.7908,0.794,781,50
851040000,0.7938,0.7968,0.7935,0.7956,481,50
851299200,0.7953,0.7988,0.7951,0.7988,391,50
851385600,0.7986,0.8005,0.7952,0.7974,941,50
851472000,0.7958,0.7973,0.7942,0.7965,551,50
851558400,0.7948,0.7963,0.7937,0.7957,431,50
851644800,0.7952,0.7973,0.7942,0.7955,591,50
851904000,0.797,0.799,0.795,0.7963,731,50
851990400,0.796,0.7975,0.7931,0.7949,771,50
852163200,0.7946,0.7955,0.7883,0.7913,1111,50
852249600,0.7912,0.7945,0.789,0.7906,1041,50
852508800,0.7907,0.792,0.7869,0.7897,921,50
852595200,0.7894,0.7923,0.7882,0.7904,721,50
852681600,0.79,0.7909,0.7772,0.7809,1831,50
852768000,0.7804,0.7822,0.777,0.7811,971,50
852854400,0.7808,0.7843,0.7732,0.782,2101,50
853113600,0.7815,0.7831,0.777,0.7787,941,50
853200000,0.7781,0.7823,0.7759,0.7807,1021,50
853286400,0.7804,0.7815,0.7737,0.7757,1091,50
853372800,0.7754,0.7807,0.7735,0.779,1081,50
853459200,0.7798,0.7825,0.7772,0.781,941,50
853718400,0.7819,0.7826,0.7751,0.7773,1041,50
853804800,0.7771,0.7803,0.7754,0.7778,911,50
853891200,0.7776,0.7793,0.773,0.7753,1031,50
853977600,0.7748,0.7754,0.7698,0.7724,881,50
854064000,0.772,0.7745,0.7702,0.773,761,50
854323200,0.7725,0.774,0.77,0.7728,771,50
854409600,0.7725,0.7741,0.768,0.7695,921,50
854496000,0.769,0.7737,0.7657,0.7726,1241,50
854582400,0.7722,0.773,0.7628,0.7648,1301,50
854668800,0.7643,0.7665,0.759,0.7623,1301,50
854928000,0.7626,0.7701,0.7613,0.7659,1431,50
855014400,0.7657,0.7666,0.7612,0.764,911,50
855100800,0.7637,0.7659,0.7585,0.7639,1461,50
855187200,0.7634,0.7685,0.7602,0.7647,1531,50
855273600,0.7643,0.7655,0.759,0.762,1071,50
855532800,0.761,0.7622,0.7559,0.7582,981,50
855619200,0.7579,0.7635,0.7568,0.7581,1321,50
855705600,0.7578,0.762,0.7546,0.7605,1211,50
855792000,0.76,0.7735,0.76,0.767,2001,50
855878400,0.7656,0.768,0.7625,0.765,1041,50
856137600,0.7646,0.768,0.763,0.7669,771,50
856224000,0.7663,0.7682,0.7635,0.7649,801,50
856310400,0.7647,0.77,0.7632,0.7693,901,50
856396800,0.7693,0.7747,0.7679,0.7728,1011,50
856483200,0.7726,0.7798,0.7715,0.778,1121,50
856742400,0.7761,0.7806,0.776,0.7772,811,50
856828800,0.7768,0.7795,0.7743,0.7751,871,50
856915200,0.7744,0.7775,0.7732,0.7762,681,50
857001600,0.7756,0.7825,0.774,0.7764,1621,50
857088000,0.776,0.7795,0.7732,0.7791,951,50
857347200,0.7805,0.79,0.7795,0.7893,1221,50
857433600,0.7885,0.7918,0.7867,0.7886,1011,50
857520000,0.7881,0.7895,0.7825,0.7845,1041,50
857606400,0.7844,0.7888,0.7837,0.7876,701,50
857692800,0.787,0.7908,0.7865,0.7866,821,50
857952000,0.7868,0.7897,0.7848,0.7884,821,50
858038400,0.788,0.7945,0.787,0.7941,891,50
858124800,0.7936,0.7962,0.7915,0.794,901,50
858211200,0.794,0.7947,0.79,0.7933,871,50
858297600,0.7929,0.8005,0.7922,0.7985,1101,50
858556800,0.7976,0.7995,0.7881,0.7885,1371,50
858643200,0.789,0.792,0.7846,0.7891,1471,50
858729600,0.7885,0.79,0.7843,0.7876,1051,50
858816000,0.787,0.7901,0.7852,0.786,881,50
858902400,0.7855,0.7875,0.7824,0.787,871,50
859161600,0.7862,0.7902,0.7857,0.7894,581,50
859248000,0.7894,0.7911,0.7798,0.7833,1651,50
859334400,0.7828,0.786,0.78,0.785,981,50
859420800,0.7844,0.7872,0.7803,0.7855,1271,50
859507200,0.7852,0.7855,0.783,0.784,381,50
859766400,0.7833,0.7864,0.7822,0.7855,621,50
859852800,0.785,0.7903,0.7844,0.7862,1061,50
859939200,0.786,0.787,0.7819,0.7842,841,50
860025600,0.7837,0.7842,0.7764,0.7782,1011,50
860112000,0.7779,0.7793,0.7748,0.776,711,50
860371200,0.7757,0.7801,0.774,0.7748,1131,50
860457600,0.7745,0.7824,0.773,0.7811,1221,50
860544000,0.7805,0.7865,0.779,0.7845,1101,50
860630400,0.7839,0.7871,0.7767,0.7852,1951,50
860716800,0.7849,0.7899,0.784,0.7848,1171,50
860976000,0.7852,0.787,0.7764,0.7775,1351,50
861062400,0.777,0.7783,0.7721,0.774,941,50
861148800,0.7733,0.7767,0.7686,0.7743,1521,50
861235200,0.774,0.7781,0.771,0.7768,1141,50
861321600,0.7761,0.7775,0.772,0.7732,811,50
861580800,0.7741,0.7792,0.7732,0.7776,851,50
861667200,0.7771,0.7805,0.7746,0.7774,1151,50
861753600,0.7768,0.7796,0.7737,0.7766,1161,50
861840000,0.7759,0.7778,0.773,0.7773,821,50
861926400,0.777,0.7786,0.776,0.7762,441,50
862185600,0.7762,0.7828,0.7727,0.78,1641,50
862272000,0.7795,0.7832,0.778,0.7825,741,50
862358400,0.7816,0.7835,0.7786,0.781,921,50
862444800,0.7806,0.7867,0.7804,0.7848,841,50
862531200,0.7843,0.7861,0.7815,0.783,791,50
862790400,0.7816,0.7839,0.7795,0.7812,841,50
862876800,0.7809,0.7837,0.775,0.7768,1331,50
862963200,0.7765,0.7783,0.7735,0.7775,861,50
863049600,0.777,0.7825,0.7753,0.7812,1021,50
863136000,0.7809,0.7822,0.7763,0.7786,951,50
863395200,0.7765,0.7817,0.7753,0.7792,1011,50
863481600,0.7786,0.7841,0.7755,0.7766,1521,50
863568000,0.7761,0.781,0.7731,0.7747,1441,50
863654400,0.7738,0.7785,0.7722,0.7768,961,50
863740800,0.7762,0.7799,0.7725,0.7766,1441,50
864000000,0.7754,0.7761,0.772,0.775,781,50
864086400,0.7745,0.777,0.7708,0.7737,1161,50
864172800,0.7732,0.7896,0.7732,0.7861,1991,50
864259200,0.7855,0.786,0.7752,0.7785,1461,50
864345600,0.7781,0.7792,0.7632,0.7666,2051,50
864604800,0.7666,0.769,0.763,0.7672,1141,50
864691200,0.7671,0.7682,0.7625,0.7653,961,50
864777600,0.765,0.7672,0.7608,0.7655,1231,50
864864000,0.765,0.7678,0.762,0.7666,1001,50
864950400,0.7663,0.7688,0.7585,0.7604,1471,50
865209600,0.76,0.762,0.7563,0.7574,881,50
865296000,0.7568,0.7631,0.7565,0.7615,851,50
865382400,0.7609,0.7635,0.7565,0.7583,1141,50
865468800,0.7576,0.7627,0.7558,0.7616,981,50
865555200,0.7611,0.7647,0.7581,0.762,1231,50
865814400,0.7612,0.7629,0.7585,0.7619,811,50
865900800,0.7614,0.7635,0.7594,0.7607,751,50
865987200,0.7604,0.7612,0.754,0.7567,1071,50
866073600,0.7563,0.7575,0.7501,0.7514,991,50
866160000,0.7508,0.7536,0.75,0.7511,691,50
866419200,0.7511,0.753,0.7474,0.7491,921,50
866505600,0.7487,0.7526,0.7465,0.7511,981,50
866592000,0.7505,0.7532,0.7475,0.7486,951,50
866678400,0.7483,0.752,0.747,0.7509,741,50
866764800,0.7505,0.7548,0.7479,0.7511,1321,50
867024000,0.7503,0.7538,0.7495,0.753,591,50
867110400,0.7526,0.7533,0.7488,0.7505,691,50
867196800,0.7502,0.7526,0.749,0.7509,651,50
867283200,0.7505,0.7528,0.7481,0.7498,871,50
867369600,0.7493,0.751,0.7433,0.7451,1121,50
867628800,0.7454,0.7585,0.7441,0.7544,1981,50
867715200,0.754,0.755,0.7499,0.7512,741,50
867801600,0.751,0.7561,0.7505,0.752,1021,50
867888000,0.7517,0.7555,0.751,0.7521,861,50
867974400,0.7515,0.7531,0.7467,0.7488,1011,50
868233600,0.748,0.749,0.7417,0.7443,1091,50
868320000,0.744,0.7502,0.7408,0.7466,1621,50
868406400,0.7461,0.7477,0.7421,0.7446,971,50
868492800,0.7445,0.7452,0.7405,0.742,691,50
868579200,0.7415,0.7457,0.739,0.7406,1251,50
868838400,0.7394,0.7405,0.7353,0.7368,781,50
868924800,0.7364,0.7388,0.733,0.7352,1041,50
869011200,0.7345,0.738,0.7312,0.7352,1291,50
869097600,0.7345,0.7395,0.7345,0.7359,861,50
869184000,0.7353,0.7444,0.7333,0.7425,1501,50
869443200,0.742,0.7435,0.7387,0.7396,721,50
869529600,0.7391,0.7432,0.7378,0.7393,1061,50
869616000,0.739,0.7398,0.7349,0.7365,731,50
869702400,0.736,0.7401,0.732,0.7365,1571,50
869788800,0.7358,0.7425,0.7353,0.738,1221,50
870048000,0.7377,0.739,0.7331,0.737,1111,50
870134400,0.7366,0.7502,0.7351,0.7459,2091,50
870220800,0.7452,0.748,0.739,0.7441,1691,50
870307200,0.7436,0.7495,0.7418,0.7479,1111,50
870393600,0.7468,0.748,0.7375,0.739,1321,50
870652800,0.7382,0.742,0.737,0.7413,691,50
870739200,0.7408,0.7428,0.7369,0.7387,971,50
870825600,0.7385,0.7389,0.7325,0.7345,881,50
870912000,0.7344,0.7408,0.7287,0.7309,2071,50
870998400,0.7306,0.737,0.7291,0.7351,1131,50
871257600,0.7353,0.74,0.735,0.7388,651,50
871344000,0.7384,0.7427,0.736,0.7406,1121,50
871430400,0.74,0.747,0.7397,0.746,861,50
871516800,0.7455,0.7485,0.7405,0.7413,1181,50
871603200,0.741,0.7453,0.7387,0.743,1121,50
871862400,0.741,0.7438,0.7377,0.7385,971,50
871948800,0.7383,0.7433,0.7355,0.7424,1151,50
872035200,0.7422,0.7485,0.7414,0.7469,951,50
872121600,0.7462,0.7515,0.7438,0.7492,1241,50
872208000,0.7488,0.751,0.7446,0.749,1261,50
872467200,0.7466,0.7493,0.745,0.7467,851,50
872553600,0.7465,0.749,0.7451,0.7485,581,50
872640000,0.7479,0.7505,0.738,0.7425,1961,50
872726400,0.7419,0.7435,0.735,0.737,1211,50
872812800,0.7368,0.7385,0.7308,0.7325,1111,50
873072000,0.7313,0.7335,0.729,0.7309,861,50
873158400,0.7303,0.7316,0.7248,0.7273,1061,50
873244800,0.7268,0.7308,0.724,0.729,1141,50
873331200,0.7283,0.7347,0.7261,0.7322,1331,50
873417600,0.7318,0.7341,0.728,0.7315,1191,50
873676800,0.73,0.7333,0.7288,0.73,901,50
873763200,0.7297,0.732,0.7257,0.7283,1121,50
873849600,0.7278,0.7305,0.7259,0.7296,741,50
873936000,0.7291,0.7302,0.7192,0.7206,1351,50
874022400,0.7201,0.7237,0.7199,0.7223,541,50
874281600,0.7213,0.724,0.719,0.7197,841,50
874368000,0.7197,0.7206,0.715,0.7161,761,50
874454400,0.7157,0.7209,0.7154,0.7159,1081,50
874540800,0.7154,0.7185,0.7143,0.7166,721,50
874627200,0.7161,0.7225,0.7155,0.718,1211,50
874886400,0.719,0.7229,0.718,0.721,781,50
874972800,0.7205,0.7234,0.7186,0.7202,931,50
875059200,0.7197,0.7257,0.7182,0.7248,991,50
875145600,0.7243,0.7284,0.7229,0.727,831,50
875232000,0.7264,0.727,0.7205,0.7224,901,50
875491200,0.7203,0.7226,0.717,0.7197,1061,50
875577600,0.7193,0.728,0.7175,0.7253,1501,50
875664000,0.7249,0.7318,0.7239,0.7274,1331,50
875750400,0.7272,0.7303,0.7263,0.7279,731,50
875836800,0.7277,0.7305,0.7257,0.7297,761,50
876096000,0.728,0.729,0.7223,0.7236,901,50
876182400,0.7233,0.7265,0.7211,0.7237,1041,50
876268800,0.7233,0.7307,0.7228,0.7279,1121,50
876355200,0.7273,0.7402,0.7268,0.7338,2031,50
876441600,0.7334,0.741,0.733,0.7401,931,50
876700800,0.7385,0.7431,0.7368,0.7408,1031,50
876787200,0.7405,0.7416,0.7348,0.7371,1021,50
876873600,0.7365,0.7373,0.7319,0.734,831,50
876960000,0.7335,0.7402,0.732,0.7388,1111,50
877046400,0.7383,0.7391,0.7316,0.7344,1111,50
877305600,0.731,0.7328,0.7283,0.7295,751,50
877392000,0.7292,0.731,0.7156,0.7178,1941,50
877478400,0.7171,0.7178,0.704,0.7082,1871,50
877564800,0.7085,0.7125,0.697,0.7062,2871,50
877651200,0.7055,0.7077,0.69,0.691,2091,50
877910400,0.6865,0.6955,0.684,0.6865,2301,50
877996800,0.686,0.7168,0.681,0.708,4961,50
878083200,0.7078,0.71,0.6962,0.6977,1751,50
878169600,0.6973,0.7063,0.6952,0.6989,2061,50
878256000,0.698,0.7062,0.698,0.7012,1321,50
878515200,0.7013,0.7179,0.7013,0.7093,2521,50
878601600,0.7089,0.7105,0.7005,0.7025,1361,50
878688000,0.7025,0.7075,0.701,0.7033,1221,50
878774400,0.7031,0.7048,0.696,0.6965,1101,50
878860800,0.6963,0.7033,0.6918,0.6931,1981,50
879120000,0.693,0.6993,0.6928,0.6974,861,50
879206400,0.6976,0.7027,0.696,0.698,1301,50
879292800,0.6976,0.699,0.689,0.6895,1191,50
879379200,0.69,0.7,0.6896,0.6973,1351,50
879465600,0.697,0.7008,0.6915,0.6976,1801,50
879724800,0.6944,0.7055,0.694,0.6978,1961,50
879811200,0.6973,0.7013,0.6958,0.6974,1091,50
879897600,0.6968,0.6979,0.687,0.6879,1291,50
879984000,0.6878,0.695,0.685,0.6937,1411,50
880070400,0.6933,0.7032,0.6918,0.6943,2181,50
880329600,0.695,0.6966,0.691,0.6926,881,50
880416000,0.6923,0.693,0.684,0.685,1071,50
880502400,0.6847,0.6874,0.682,0.686,951,50
880588800,0.6858,0.686,0.676,0.6778,1201,50
880675200,0.6775,0.6861,0.677,0.6815,1421,50
880934400,0.6811,0.683,0.6738,0.6772,1451,50
881020800,0.6762,0.6803,0.6745,0.6775,1031,50
881107200,0.676,0.6805,0.6723,0.677,1541,50
881193600,0.6762,0.678,0.6695,0.6758,1661,50
881280000,0.6744,0.6762,0.6697,0.6715,1011,50
881539200,0.6705,0.6738,0.668,0.6731,901,50
881625600,0.6726,0.6743,0.6658,0.6675,1191,50
881712000,0.6672,0.6723,0.6653,0.6705,1071,50
881798400,0.6699,0.6706,0.663,0.6638,911,50
881884800,0.6635,0.665,0.6605,0.6615,701,50
882144000,0.6627,0.6633,0.6514,0.6522,1331,50
882230400,0.6525,0.6555,0.6458,0.6545,1741,50
882316800,0.6543,0.6633,0.6494,0.6603,2181,50
882403200,0.66,0.6644,0.6505,0.6533,2111,50
882489600,0.6534,0.6572,0.649,0.6535,1631,50
882748800,0.6521,0.6543,0.6507,0.654,531,50
882835200,0.6535,0.6576,0.6512,0.6555,1081,50
882921600,0.655,0.661,0.6545,0.657,1101,50
883094400,0.653,0.657,0.653,0.6568,421,50
883353600,0.6576,0.6598,0.6535,0.6567,1171,50
883440000,0.6558,0.657,0.65,0.651,921,50
883526400,0.6503,0.6555,0.6502,0.6517,921,50
883699200,0.6515,0.6538,0.6495,0.651,82,50
883958400,0.6501,0.6522,0.638,0.6398,182,50
884044800,0.6395,0.6408,0.6317,0.6345,133,50
884131200,0.6343,0.6457,0.6318,0.6403,219,50
884217600,0.64,0.6413,0.6325,0.639,167,50
884304000,0.6383,0.6489,0.636,0.6445,197,50
884563200,0.6414,0.6445,0.6365,0.6417,158,50
884649600,0.6414,0.6535,0.6378,0.6507,222,50
884736000,0.65,0.6541,0.646,0.6488,151,50
884822400,0.6483,0.6555,0.647,0.6538,116,50
884908800,0.6533,0.6691,0.6516,0.666,224,50
885168000,0.666,0.6691,0.663,0.6652,115,50
885254400,0.6647,0.6686,0.6598,0.6663,161,50
885340800,0.666,0.6678,0.6575,0.6648,195,50
885427200,0.6645,0.665,0.6558,0.6573,113,50
885513600,0.6564,0.668,0.656,0.6659,146,50
885772800,0.6676,0.675,0.6676,0.6705,120,50
885859200,0.6695,0.68,0.6685,0.6792,134,50
885945600,0.6784,0.6833,0.673,0.6785,206,50
886032000,0.6773,0.6801,0.6695,0.6722,162,50
886118400,0.6714,0.6885,0.6679,0.683,297,50
886377600,0.6807,0.6883,0.6801,0.6868,104,50
886464000,0.6863,0.687,0.6791,0.682,116,50
886550400,0.6797,0.6827,0.6715,0.6807,215,50
886636800,0.6805,0.6845,0.675,0.6762,148,50
886723200,0.676,0.6788,0.668,0.6713,170,50
886982400,0.6698,0.6772,0.6685,0.6729,144,50
887068800,0.673,0.6838,0.6724,0.6815,144,50
887155200,0.681,0.684,0.675,0.6769,140,50
887241600,0.6764,0.681,0.6727,0.6745,148,50
887328000,0.6741,0.6763,0.6703,0.6735,115,50
887587200,0.6705,0.6716,0.6611,0.6646,152,50
887673600,0.6642,0.6731,0.6632,0.67,141,50
887760000,0.6698,0.6728,0.6663,0.6679,112,50
887846400,0.6675,0.6777,0.6673,0.6755,129,50
887932800,0.675,0.6762,0.6689,0.67,97,50
888192000,0.6673,0.6693,0.6633,0.665,98,50
888278400,0.6644,0.6688,0.6615,0.663,133,50
888364800,0.6625,0.67,0.66,0.6694,132,50
888451200,0.6685,0.6737,0.6668,0.6726,98,50
888537600,0.672,0.6819,0.6705,0.6795,154,50
888796800,0.6791,0.685,0.678,0.6825,107,50
888883200,0.6818,0.6848,0.6766,0.678,127,50
888969600,0.6777,0.679,0.6728,0.675,98,50
889056000,0.6748,0.6755,0.6665,0.6685,118,50
889142400,0.6682,0.671,0.664,0.669,133,50
889401600,0.6684,0.6689,0.663,0.6661,96,50
889488000,0.6657,0.6714,0.6655,0.6708,68,50
889574400,0.6705,0.6717,0.6645,0.6665,105,50
889660800,0.6663,0.6741,0.6655,0.6741,95,50
889747200,0.673,0.6782,0.6715,0.677,95,50
890006400,0.6762,0.6767,0.667,0.6702,135,50
890092800,0.6697,0.6725,0.664,0.6669,143,50
890179200,0.666,0.6673,0.6613,0.6632,93,50
890265600,0.6632,0.6665,0.6578,0.6596,139,50
890352000,0.6592,0.6665,0.6585,0.6655,98,50
890611200,0.6642,0.6716,0.6617,0.6708,133,50
890697600,0.6705,0.6735,0.6673,0.6712,118,50
890784000,0.671,0.6719,0.666,0.669,99,50
890870400,0.6685,0.6781,0.6683,0.6758,124,50
890956800,0.6756,0.6766,0.6713,0.6718,69,50
891216000,0.6699,0.6713,0.661,0.6627,135,50
891302400,0.6625,0.6654,0.6593,0.6624,122,50
891388800,0.662,0.6639,0.656,0.6579,118,50
891475200,0.6575,0.6593,0.6525,0.6569,131,50
891561600,0.6563,0.6598,0.6535,0.6565,125,50
891820800,0.6563,0.663,0.655,0.6563,161,50
891907200,0.656,0.662,0.6552,0.6572,125,50
891993600,0.6567,0.6632,0.6565,0.6625,77,50
892080000,0.6625,0.6628,0.6525,0.654,122,50
892166400,0.654,0.6581,0.6526,0.6566,85,50
892425600,0.6567,0.6582,0.6521,0.655,106,50
892512000,0.6541,0.6551,0.6455,0.6476,128,50
892598400,0.6473,0.6505,0.645,0.6501,83,50
892684800,0.6494,0.6563,0.648,0.6555,106,50
892771200,0.655,0.6561,0.6485,0.6507,110,50
893030400,0.6452,0.648,0.6448,0.6468,49,50
893116800,0.6465,0.6544,0.646,0.651,124,50
893203200,0.6505,0.6537,0.649,0.6524,76,50
893289600,0.6519,0.6557,0.6505,0.6543,81,50
893376000,0.6534,0.6548,0.6481,0.6511,112,50
893635200,0.6499,0.6505,0.6455,0.6476,78,50
893721600,0.6472,0.6477,0.6428,0.6435,62,50
893808000,0.6431,0.6503,0.6423,0.6494,98,50
893894400,0.649,0.6538,0.6482,0.6495,108,50
893980800,0.6493,0.6546,0.6472,0.6488,144,50
894240000,0.6479,0.649,0.64,0.6419,121,50
894326400,0.6414,0.6432,0.6391,0.6412,81,50
894412800,0.6407,0.6428,0.6359,0.6374,106,50
894499200,0.637,0.6388,0.6337,0.6355,88,50
894585600,0.635,0.6395,0.6346,0.6353,96,50
894844800,0.6329,0.639,0.632,0.6365,105,50
894931200,0.6362,0.6384,0.6303,0.634,141,50
895017600,0.6336,0.634,0.6255,0.6305,140,50
895104000,0.6301,0.632,0.6258,0.63,124,50
895190400,0.6295,0.63,0.6228,0.6276,126,50
895449600,0.6258,0.6277,0.6169,0.626,215,50
895536000,0.6257,0.6275,0.621,0.623,104,50
895622400,0.6228,0.6275,0.6217,0.6269,76,50
895708800,0.6264,0.6347,0.6252,0.6336,119,50
895795200,0.6332,0.6344,0.626,0.6273,110,50
896054400,0.6257,0.6271,0.6245,0.6271,39,50
896140800,0.6269,0.6274,0.62,0.6206,86,50
896227200,0.6205,0.6234,0.6158,0.621,148,50
896313600,0.6205,0.6249,0.6203,0.6231,67,50
896400000,0.6231,0.628,0.6204,0.6232,152,50
896659200,0.6233,0.6246,0.6138,0.6151,135,50
896745600,0.6148,0.6192,0.611,0.618,133,50
896832000,0.6175,0.6185,0.608,0.6103,139,50
896918400,0.61,0.6162,0.606,0.6094,199,50
897004800,0.6092,0.6109,0.5995,0.6027,164,50
897264000,0.6023,0.6066,0.5955,0.6066,180,50
897350400,0.598,0.6016,0.591,0.5924,157,50
897436800,0.592,0.5925,0.581,0.5873,184,50
897523200,0.5866,0.5948,0.585,0.5862,193,50
897609600,0.5856,0.598,0.583,0.5889,268,50
897868800,0.5873,0.59,0.5845,0.5854,92,50
897955200,0.5847,0.5957,0.5795,0.5957,215,50
898041600,0.5945,0.621,0.589,0.6145,441,50
898128000,0.6131,0.618,0.6053,0.608,204,50
898214400,0.6076,0.6288,0.6075,0.614,363,50
898473600,0.6098,0.6123,0.605,0.6097,146,50
898560000,0.6091,0.612,0.6062,0.6067,93,50
898646400,0.6061,0.6147,0.6015,0.6026,230,50
898732800,0.6022,0.612,0.5995,0.6075,198,50
898819200,0.606,0.61,0.6,0.6024,165,50
899078400,0.5995,0.6105,0.5987,0.6075,157,50
899164800,0.6072,0.6225,0.6063,0.6206,191,50
899251200,0.6205,0.625,0.6165,0.6215,161,50
899337600,0.6211,0.6219,0.611,0.615,158,50
899424000,0.6145,0.6208,0.6125,0.6185,127,50
899683200,0.6135,0.6185,0.6126,0.616,94,50
899769600,0.6155,0.6222,0.6138,0.6218,106,50
899856000,0.6204,0.6227,0.6145,0.6173,134,50
899942400,0.6166,0.6173,0.6113,0.6125,80,50
900028800,0.612,0.6176,0.6119,0.6165,70,50
900288000,0.6092,0.6202,0.6025,0.6175,272,50
900374400,0.617,0.6255,0.615,0.623,151,50
900460800,0.6225,0.6263,0.62,0.623,122,50
900547200,0.6225,0.634,0.6218,0.6307,163,50
900633600,0.6305,0.6341,0.625,0.6255,133,50
900892800,0.6262,0.632,0.623,0.6299,144,50
900979200,0.6298,0.6311,0.6255,0.626,75,50
901065600,0.6255,0.6274,0.6198,0.6223,121,50
901152000,0.6218,0.6238,0.615,0.62,159,50
901238400,0.6205,0.624,0.616,0.6169,125,50
901497600,0.616,0.6165,0.6072,0.6079,106,50
901584000,0.6073,0.6153,0.607,0.6144,96,50
901670400,0.6133,0.6155,0.6085,0.6135,139,50
901756800,0.613,0.6177,0.6085,0.6102,157,50
901843200,0.6099,0.612,0.6053,0.6065,101,50
902102400,0.6065,0.6091,0.6012,0.602,114,50
902188800,0.6015,0.6078,0.6014,0.6063,81,50
902275200,0.6062,0.6116,0.6045,0.609,115,50
902361600,0.6085,0.6096,0.603,0.605,98,50
902448000,0.6038,0.606,0.5985,0.6002,115,50
902707200,0.6,0.6018,0.5955,0.5975,102,50
902793600,0.5965,0.5985,0.5915,0.5942,118,50
902880000,0.5936,0.6005,0.5921,0.5947,158,50
902966400,0.5942,0.5985,0.5901,0.5967,144,50
903052800,0.5964,0.5995,0.5928,0.5938,109,50
903312000,0.593,0.594,0.5888,0.5897,72,50
903398400,0.59,0.5975,0.5879,0.5969,124,50
903484800,0.5963,0.6,0.5885,0.5893,161,50
903571200,0.5891,0.594,0.5855,0.5879,159,50
903657600,0.5868,0.5898,0.58,0.5835,164,50
903916800,0.5821,0.583,0.5783,0.581,84,50
904003200,0.5802,0.5811,0.5745,0.5777,108,50
904089600,0.5775,0.5782,0.562,0.566,210,50
904176000,0.5661,0.5672,0.549,0.5567,271,50
904262400,0.5564,0.5715,0.5558,0.567,209,50
904521600,0.5673,0.5732,0.5656,0.5661,141,50
904608000,0.5658,0.586,0.5652,0.5795,280,50
904694400,0.58,0.5878,0.5778,0.5845,156,50
904780800,0.5838,0.5876,0.5735,0.5863,258,50
904867200,0.5862,0.592,0.5841,0.589,131,50
905126400,0.5872,0.594,0.5868,0.5891,126,50
905212800,0.5887,0.5948,0.5875,0.5906,128,50
905299200,0.5905,0.593,0.581,0.5874,210,50
905385600,0.5859,0.6,0.5855,0.5972,178,50
905472000,0.5968,0.6043,0.5934,0.5985,202,50
905731200,0.5955,0.6,0.5915,0.5952,168,50
905817600,0.5948,0.6,0.5925,0.5941,144,50
905904000,0.5938,0.5977,0.5887,0.5915,158,50
905990400,0.5915,0.5955,0.585,0.5933,193,50
906076800,0.593,0.595,0.5865,0.5873,114,50
906336000,0.5862,0.5882,0.5823,0.5838,95,50
906422400,0.5833,0.5868,0.579,0.5799,123,50
906508800,0.5797,0.582,0.575,0.5815,123,50
906595200,0.5813,0.5856,0.58,0.5839,87,50
906681600,0.5834,0.5931,0.5834,0.5862,167,50
906940800,0.5866,0.5913,0.5833,0.5913,114,50
907027200,0.5909,0.6004,0.5906,0.5968,138,50
907113600,0.5962,0.6,0.59,0.5938,177,50
907200000,0.5934,0.6,0.5909,0.5985,132,50
907286400,0.5983,0.5995,0.5905,0.5962,160,50
907545600,0.5966,0.6015,0.5865,0.5877,212,50
907632000,0.5871,0.593,0.5813,0.59,206,50
907718400,0.5901,0.6245,0.5901,0.6185,405,50
907804800,0.6185,0.6255,0.6088,0.6177,327,50
907891200,0.619,0.6248,0.6105,0.6145,242,50
908150400,0.6147,0.629,0.6147,0.6275,159,50
908236800,0.627,0.63,0.6219,0.6255,148,50
908323200,0.625,0.6367,0.6249,0.6355,132,50
908409600,0.6351,0.6415,0.6298,0.6392,194,50
908496000,0.6382,0.6423,0.6305,0.6346,201,50
908755200,0.633,0.636,0.6279,0.6312,145,50
908841600,0.631,0.6345,0.6269,0.6311,152,50
908928000,0.6306,0.6355,0.625,0.6273,178,50
909014400,0.6269,0.629,0.621,0.6263,155,50
909100800,0.6261,0.6273,0.6165,0.6188,144,50
909360000,0.6189,0.6205,0.615,0.616,82,50
909446400,0.6155,0.619,0.6115,0.6184,122,50
909532800,0.6175,0.6232,0.615,0.6178,162,50
909619200,0.6175,0.6263,0.6164,0.623,144,50
909705600,0.6224,0.6275,0.621,0.6236,119,50
909964800,0.625,0.6277,0.6231,0.6234,77,50
910051200,0.6229,0.6296,0.621,0.6296,106,50
910137600,0.6293,0.6325,0.627,0.6313,91,50
910224000,0.6309,0.635,0.6286,0.6315,123,50
910310400,0.6311,0.6363,0.6278,0.6358,124,50
910569600,0.6346,0.6383,0.6318,0.6349,128,50
910656000,0.6344,0.6361,0.6217,0.628,225,50
910742400,0.6276,0.634,0.6262,0.6325,108,50
910828800,0.632,0.6405,0.6288,0.6382,173,50
910915200,0.6376,0.6405,0.6335,0.6369,134,50
911174400,0.6385,0.6418,0.6336,0.6355,135,50
911260800,0.635,0.6378,0.6299,0.6333,142,50
911347200,0.633,0.6484,0.6293,0.6442,271,50
911433600,0.6439,0.6481,0.642,0.6426,110,50
911520000,0.6423,0.6455,0.641,0.6428,86,50
911779200,0.6403,0.643,0.6355,0.6378,126,50
911865600,0.6375,0.6455,0.6364,0.6432,126,50
911952000,0.6428,0.6439,0.6385,0.6398,79,50
912038400,0.6393,0.64,0.6346,0.6358,74,50
912124800,0.6355,0.638,0.6323,0.6336,96,50
912384000,0.6336,0.636,0.626,0.6286,151,50
912470400,0.6281,0.6347,0.6276,0.6337,87,50
912556800,0.6332,0.6385,0.6262,0.6289,204,50
912643200,0.6285,0.6295,0.6228,0.6255,105,50
912729600,0.6252,0.627,0.6155,0.6172,151,50
912988800,0.618,0.6222,0.6148,0.6204,125,50
913075200,0.6196,0.622,0.6135,0.6146,121,50
913161600,0.6149,0.6185,0.6095,0.6173,157,50
913248000,0.617,0.6226,0.6158,0.6219,88,50
913334400,0.622,0.6265,0.6185,0.621,151,50
913593600,0.6198,0.6215,0.6158,0.6193,110,50
913680000,0.619,0.6271,0.618,0.6239,134,50
913766400,0.6233,0.626,0.6175,0.6243,161,50
913852800,0.624,0.6265,0.6196,0.6206,105,50
913939200,0.6208,0.6246,0.6185,0.6199,114,50
914198400,0.619,0.622,0.6153,0.6158,103,50
914284800,0.6159,0.618,0.6113,0.6123,99,50
914371200,0.6118,0.6175,0.6085,0.61,163,50
914457600,0.6086,0.614,0.6085,0.6103,94,50
914544000,0.61,0.6105,0.6088,0.6098,33,50
914803200,0.609,0.614,0.606,0.6084,155,50
914889600,0.6079,0.6136,0.6075,0.6123,79,50
914976000,0.612,0.616,0.6093,0.6116,131,50
915062400,0.6111,0.6155,0.6105,0.6116,96,50
915408000,0.6165,0.6232,0.6155,0.622,1372,50
915494400,0.6218,0.6255,0.621,0.6215,1496,50
915580800,0.6217,0.6302,0.6193,0.6289,1962,50
915667200,0.6286,0.6372,0.6277,0.6345,2094,50
915753600,0.6347,0.6355,0.631,0.6347,1663,50
916012800,0.6345,0.6416,0.6325,0.6393,1799,50
916099200,0.6396,0.644,0.6346,0.6362,2601,50
916185600,0.6358,0.6381,0.6282,0.6312,2536,50
916272000,0.631,0.637,0.6276,0.6295,2126,50
916358400,0.6307,0.636,0.6287,0.634,2218,50
916617600,0.6343,0.6373,0.6327,0.6346,1820,50
916704000,0.6344,0.6402,0.6321,0.6392,2227,50
916790400,0.6388,0.6417,0.6379,0.64,2470,50
916876800,0.6401,0.6459,0.6357,0.6405,2602,50
916963200,0.6402,0.6407,0.6316,0.6327,2410,50
917222400,0.6333,0.634,0.6297,0.6302,1742,50
917308800,0.631,0.6331,0.6283,0.6305,2251,50
917395200,0.6302,0.6326,0.6265,0.6285,2635,50
917481600,0.6292,0.6292,0.6232,0.627,2450,50
917568000,0.6277,0.6315,0.6265,0.6302,2262,50
917827200,0.6316,0.6371,0.6303,0.6359,2070,50
917913600,0.636,0.6408,0.635,0.6384,2099,50
918000000,0.638,0.6442,0.6367,0.642,2043,50
918086400,0.6417,0.65,0.6372,0.6477,2286,50
918172800,0.6478,0.654,0.6475,0.6509,2470,50
918432000,0.6518,0.654,0.6482,0.6496,1917,50
918518400,0.6489,0.6499,0.645,0.6457,2300,50
918604800,0.6459,0.6485,0.643,0.6467,2462,50
918691200,0.6466,0.6516,0.6445,0.6473,2135,50
918777600,0.6472,0.6478,0.6392,0.6467,2383,50
919036800,0.6472,0.6501,0.6449,0.645,1625,50
919123200,0.6451,0.6458,0.6335,0.6354,2335,50
919209600,0.6352,0.6374,0.6312,0.6357,1994,50
919296000,0.6356,0.638,0.6336,0.6365,1800,50
919382400,0.6364,0.6415,0.6347,0.6405,2085,50
919641600,0.6412,0.6414,0.6352,0.641,2486,50
919728000,0.6414,0.6417,0.6364,0.6405,2431,50
919814400,0.6407,0.6407,0.6297,0.6333,2331,50
919900800,0.6332,0.6334,0.6235,0.6252,2409,50
919987200,0.6247,0.625,0.6176,0.6187,2475,50
920246400,0.619,0.622,0.6162,0.6203,2566,50
920332800,0.6204,0.624,0.618,0.6217,2401,50
920419200,0.6216,0.627,0.621,0.622,2114,50
920505600,0.6218,0.6277,0.6186,0.6267,2156,50
920592000,0.6262,0.6295,0.6247,0.6282,1702,50
920851200,0.6292,0.6323,0.6263,0.6314,1529,50
920937600,0.6315,0.637,0.63,0.6346,2350,50
921024000,0.6345,0.6387,0.6337,0.6367,2437,50
921110400,0.6373,0.6392,0.6327,0.6375,2551,50
921196800,0.6372,0.6372,0.6329,0.6363,2001,50
921456000,0.6353,0.6353,0.6277,0.6291,1879,50
921542400,0.6291,0.6292,0.624,0.6249,1724,50
921628800,0.6248,0.6286,0.6235,0.6277,2070,50
921715200,0.6276,0.632,0.6268,0.6287,2291,50
921801600,0.6284,0.631,0.6267,0.6305,1729,50
922060800,0.6307,0.6377,0.6296,0.6372,1905,50
922147200,0.6371,0.6407,0.6354,0.639,2318,50
922233600,0.6392,0.6421,0.6362,0.6374,1876,50
922320000,0.6373,0.6386,0.6352,0.6377,1820,50
922406400,0.6376,0.6397,0.6332,0.6352,1864,50
922665600,0.6345,0.635,0.6311,0.632,1555,50
922752000,0.6319,0.6326,0.6257,0.6273,1559,50
922838400,0.6274,0.6367,0.6262,0.6341,2160,50
922924800,0.6342,0.6377,0.6332,0.6343,1689,50
923011200,0.6335,0.6372,0.6323,0.6343,256,50
923270400,0.6342,0.6357,0.6305,0.6312,530,50
923356800,0.6312,0.6318,0.6265,0.6292,1829,50
923443200,0.6296,0.631,0.6267,0.6277,1754,50
923529600,0.6272,0.6276,0.6225,0.6266,1927,50
923616000,0.6267,0.6317,0.626,0.631,1332,50
923875200,0.6327,0.6379,0.6324,0.6345,1612,50
923961600,0.6346,0.6381,0.6332,0.6363,2194,50
924048000,0.6365,0.64,0.6332,0.6347,2054,50
924134400,0.6341,0.644,0.633,0.6426,2042,50
924220800,0.6427,0.649,0.6417,0.6471,2173,50
924480000,0.6452,0.6532,0.6452,0.6512,2047,50
924566400,0.651,0.6511,0.6456,0.6463,2313,50
924652800,0.6464,0.65,0.6452,0.6456,2432,50
924739200,0.6457,0.6532,0.645,0.6507,2565,50
924825600,0.6509,0.657,0.6507,0.6516,2403,50
925084800,0.6537,0.654,0.6472,0.6487,1431,50
925171200,0.6485,0.652,0.6456,0.6502,2337,50
925257600,0.6502,0.6553,0.6494,0.6547,2249,50
925344000,0.6547,0.6603,0.6525,0.6596,2422,50
925430400,0.6598,0.663,0.6572,0.6612,2279,50
925689600,0.6605,0.6665,0.66,0.6625,1558,50
925776000,0.6626,0.664,0.6592,0.6599,2718,50
925862400,0.6597,0.6647,0.6576,0.6645,2504,50
925948800,0.6644,0.6732,0.6634,0.6697,3163,50
926035200,0.6698,0.6745,0.6652,0.6717,3548,50
926294400,0.6706,0.6718,0.6652,0.666,2365,50
926380800,0.6661,0.6747,0.6642,0.6696,2953,50
926467200,0.6696,0.6716,0.666,0.6667,2807,50
926553600,0.6671,0.67,0.6634,0.6685,2176,50
926640000,0.6684,0.672,0.664,0.6641,2377,50
926899200,0.6624,0.6675,0.6615,0.6643,3079,50
926985600,0.6644,0.6739,0.6637,0.6664,2876,50
927072000,0.6661,0.6661,0.6582,0.6601,2838,50
927158400,0.66,0.664,0.6586,0.6617,2402,50
927244800,0.6617,0.665,0.6572,0.6575,2503,50
927504000,0.6576,0.661,0.6557,0.6584,1812,50
927590400,0.6581,0.66,0.6483,0.6499,2374,50
927676800,0.6499,0.6515,0.6462,0.6492,3142,50
927763200,0.6493,0.6532,0.6478,0.6489,2944,50
927849600,0.6492,0.6546,0.6465,0.6523,2975,50
928108800,0.6534,0.6534,0.6478,0.6488,940,50
928195200,0.6488,0.6497,0.6405,0.6434,2653,50
928281600,0.6435,0.6475,0.6423,0.6452,2543,50
928368000,0.6453,0.6507,0.6412,0.6487,2909,50
928454400,0.6487,0.6599,0.6487,0.6589,1931,50
928713600,0.6572,0.6615,0.6557,0.6585,1886,50
928800000,0.6585,0.6625,0.6559,0.6577,2613,50
928886400,0.6567,0.6643,0.6565,0.6594,3014,50
928972800,0.6595,0.664,0.6552,0.6612,3162,50
929059200,0.661,0.6661,0.661,0.6648,2496,50
929318400,0.6645,0.6655,0.661,0.6633,2429,50
929404800,0.6634,0.6638,0.6571,0.6582,2819,50
929491200,0.6584,0.659,0.6555,0.6559,1963,50
929577600,0.6559,0.6605,0.6559,0.6576,2851,50
929664000,0.6572,0.6575,0.6502,0.6524,2343,50
929923200,0.6533,0.6557,0.6483,0.65,2501,50
930009600,0.6501,0.6557,0.6495,0.6556,2459,50
930096000,0.6559,0.659,0.6547,0.6577,2671,50
930182400,0.657,0.6603,0.6566,0.6582,2664,50
930268800,0.6582,0.665,0.6577,0.6615,3213,50
930528000,0.6617,0.663,0.6561,0.657,3228,50
930614400,0.6569,0.659,0.6542,0.6564,2423,50
930700800,0.6567,0.6685,0.6557,0.6671,3866,50
930787200,0.6672,0.6717,0.6657,0.6669,3250,50
930873600,0.6672,0.6709,0.6655,0.6684,2750,50
931132800,0.668,0.6685,0.6646,0.6676,2397,50
931219200,0.6675,0.672,0.6607,0.6617,3081,50
931305600,0.6618,0.669,0.661,0.6674,2825,50
931392000,0.6675,0.6702,0.6621,0.6671,2715,50
931478400,0.6672,0.6685,0.6628,0.666,2735,50
931737600,0.6658,0.6669,0.6607,0.6614,2507,50
931824000,0.6616,0.6647,0.6572,0.6595,3751,50
931910400,0.6593,0.6615,0.6571,0.6578,2282,50
931996800,0.6577,0.6641,0.6565,0.6614,2698,50
932083200,0.6607,0.6622,0.6587,0.6606,2817,50
932342400,0.6605,0.6614,0.6491,0.6514,3105,50
932428800,0.6515,0.6535,0.6427,0.6463,2825,50
932515200,0.6463,0.6485,0.6417,0.6476,2776,50
932601600,0.6478,0.6498,0.6451,0.6494,3090,50
932688000,0.6487,0.6514,0.6457,0.6482,3100,50
932947200,0.6505,0.6525,0.6461,0.6472,2781,50
933033600,0.6473,0.6482,0.6427,0.6452,3387,50
933120000,0.6454,0.6474,0.6422,0.6472,2702,50
933206400,0.6471,0.6517,0.6439,0.6507,3282,50
933292800,0.6502,0.6543,0.6493,0.6521,2128,50
933552000,0.6507,0.6518,0.6472,0.6514,2374,50
933638400,0.6512,0.6557,0.6503,0.6545,2688,50
933724800,0.6546,0.6604,0.6539,0.659,3178,50
933811200,0.6592,0.6601,0.6537,0.6547,2673,50
933897600,0.6545,0.6562,0.6517,0.6525,2190,50
934156800,0.651,0.6547,0.6492,0.654,2306,50
934243200,0.6543,0.6547,0.6496,0.6524,2460,50
934329600,0.6526,0.6534,0.646,0.6517,2415,50
934416000,0.6517,0.6527,0.648,0.6488,3285,50
934502400,0.6493,0.6533,0.6487,0.6522,2261,50
934761600,0.6538,0.6547,0.6483,0.649,2126,50
934848000,0.6488,0.6505,0.6463,0.6499,2754,50
934934400,0.65,0.6512,0.642,0.6477,3132,50
935020800,0.6476,0.6477,0.6332,0.6342,3949,50
935107200,0.6343,0.6395,0.6339,0.6358,3122,50
935366400,0.639,0.6398,0.6342,0.6346,2552,50
935452800,0.6344,0.6406,0.6331,0.6362,3410,50
935539200,0.6363,0.6365,0.6301,0.6329,3259,50
935625600,0.6323,0.633,0.6292,0.6307,1912,50
935712000,0.6305,0.6349,0.6301,0.6316,2319,50
935971200,0.6295,0.6372,0.6284,0.6357,2343,50
936057600,0.6359,0.6414,0.6352,0.6401,3178,50
936144000,0.641,0.6414,0.6367,0.6374,2843,50
936230400,0.6372,0.6463,0.636,0.6451,2934,50
936316800,0.6445,0.6473,0.6427,0.6469,2616,50
936576000,0.6452,0.6462,0.6432,0.6457,1678,50
936662400,0.6454,0.6498,0.6422,0.6487,2723,50
936748800,0.6488,0.6515,0.6474,0.6482,2536,50
936835200,0.6481,0.6543,0.6475,0.653,2966,50
936921600,0.6526,0.6542,0.6501,0.6512,2854,50
937180800,0.6514,0.6586,0.6502,0.6562,3151,50
937267200,0.6562,0.6579,0.6512,0.6517,3645,50
937353600,0.6519,0.6535,0.6477,0.6497,2833,50
937440000,0.6501,0.6503,0.6455,0.6473,2340,50
937526400,0.6477,0.6511,0.6463,0.6465,2628,50
937785600,0.6467,0.6477,0.6406,0.6417,2985,50
937872000,0.6414,0.6492,0.641,0.6492,3626,50
937958400,0.6491,0.6529,0.6478,0.6507,3297,50
938044800,0.6515,0.6517,0.6461,0.6498,3449,50
938131200,0.65,0.6535,0.647,0.6506,3265,50
938390400,0.6535,0.656,0.6505,0.6515,3061,50
938476800,0.6513,0.6596,0.6487,0.6565,3854,50
938563200,0.6568,0.6577,0.6512,0.6524,3452,50
938649600,0.6523,0.6537,0.6498,0.6522,3011,50
938736000,0.6524,0.6587,0.651,0.6564,2679,50
938995200,0.656,0.6634,0.6557,0.6621,2956,50
939081600,0.6619,0.6665,0.661,0.6618,4085,50
939168000,0.6619,0.6637,0.659,0.6609,3728,50
939254400,0.6606,0.6627,0.658,0.6589,2971,50
939340800,0.6589,0.6595,0.653,0.6545,3159,50
939600000,0.6537,0.6561,0.652,0.6554,1977,50
939686400,0.6555,0.6568,0.6504,0.6566,3322,50
939772800,0.6569,0.6587,0.646,0.6485,3791,50
939859200,0.6484,0.652,0.6467,0.6485,3612,50
939945600,0.6487,0.653,0.6452,0.6474,2949,50
940204800,0.6447,0.6466,0.6417,0.6447,3373,50
940291200,0.6446,0.6495,0.6435,0.6474,3367,50
940377600,0.6472,0.65,0.645,0.6465,3076,50
940464000,0.6464,0.6508,0.6455,0.6505,3061,50
940550400,0.6506,0.6517,0.6484,0.6488,2466,50
940809600,0.649,0.653,0.6474,0.6511,2763,50
940896000,0.6522,0.654,0.6496,0.6499,3364,50
940982400,0.6503,0.651,0.6425,0.6443,3816,50
941068800,0.6444,0.6465,0.6422,0.6461,3373,50
941155200,0.6461,0.6464,0.6361,0.6389,3455,50
941414400,0.6387,0.64,0.6353,0.6383,2960,50
941500800,0.6392,0.6418,0.6377,0.6391,2792,50
941587200,0.6394,0.6452,0.6385,0.6426,3164,50
941673600,0.643,0.6438,0.6345,0.6366,3363,50
941760000,0.6365,0.6405,0.6345,0.6368,3114,50
942019200,0.6397,0.642,0.6363,0.6379,2623,50
942105600,0.6374,0.6397,0.6361,0.6394,2447,50
942192000,0.6392,0.643,0.6382,0.6421,3130,50
942278400,0.6422,0.6439,0.6412,0.642,2263,50
942364800,0.6419,0.6457,0.6418,0.645,2196,50
942624000,0.6472,0.6476,0.6436,0.6459,3113,50
942710400,0.646,0.6465,0.6407,0.6423,2551,50
942796800,0.6426,0.6432,0.6387,0.6398,2441,50
942883200,0.6397,0.6407,0.6375,0.639,1648,50
942969600,0.6391,0.6405,0.6372,0.6396,2177,50
943228800,0.6395,0.64,0.6354,0.6366,1887,50
943315200,0.6364,0.638,0.6351,0.6357,2176,50
943401600,0.6358,0.637,0.6312,0.6324,2977,50
943488000,0.6325,0.6373,0.6316,0.6367,2200,50
943574400,0.6365,0.6391,0.6325,0.6347,2857,50
943833600,0.6338,0.6395,0.6338,0.6357,3099,50
943920000,0.6356,0.6382,0.6332,0.6355,3434,50
944006400,0.6355,0.639,0.6345,0.6373,2928,50
944092800,0.6372,0.6375,0.6321,0.6329,3082,50
944179200,0.6326,0.6347,0.6297,0.6322,2808,50
944438400,0.633,0.636,0.6307,0.6337,2458,50
944524800,0.634,0.638,0.6327,0.6366,2609,50
944611200,0.6367,0.6393,0.6355,0.6376,2922,50
944697600,0.6372,0.641,0.637,0.6382,2686,50
944784000,0.6378,0.6387,0.6337,0.6351,2493,50
945043200,0.6355,0.6375,0.6324,0.6352,2121,50
945129600,0.6352,0.6371,0.6342,0.6356,2542,50
945216000,0.6353,0.6374,0.6341,0.6359,2594,50
945302400,0.6358,0.6438,0.6352,0.6435,3171,50
945388800,0.6431,0.646,0.6416,0.6428,2845,50
945648000,0.643,0.6442,0.6407,0.6436,2602,50
945734400,0.6434,0.6454,0.6422,0.6452,2835,50
945820800,0.6446,0.6471,0.6427,0.6434,2905,50
945907200,0.6443,0.6464,0.6425,0.6441,1686,50
945993600,0.6443,0.6457,0.6419,0.643,828,50
946252800,0.6436,0.6458,0.6426,0.6454,1060,50
946339200,0.6454,0.6475,0.6429,0.6456,1423,50
946425600,0.646,0.6523,0.6452,0.6508,2012,50
946512000,0.6507,0.6547,0.6504,0.6536,2193,50
946598400,0.6534,0.6575,0.6524,0.6566,436,50
946857600,0.6563,0.6615,0.6557,0.6573,2031,50
946944000,0.6574,0.6594,0.6541,0.6549,2962,50
947030400,0.6549,0.66,0.6535,0.6575,3200,50
947116800,0.6575,0.6589,0.6525,0.6533,3428,50
947203200,0.6536,0.6562,0.6522,0.6551,2472,50
947462400,0.6547,0.6574,0.6537,0.656,2516,50
947548800,0.6562,0.659,0.6527,0.658,3080,50
947635200,0.6578,0.6594,0.6567,0.6587,2470,50
947721600,0.6586,0.6687,0.6585,0.6671,3407,50
947808000,0.6672,0.6677,0.6647,0.6657,2417,50
948067200,0.6648,0.6663,0.663,0.664,2388,50
948153600,0.6641,0.6664,0.662,0.6657,2600,50
948240000,0.6658,0.666,0.6622,0.6638,2888,50
948326400,0.6642,0.6676,0.6615,0.6657,2942,50
948412800,0.666,0.6662,0.6614,0.6625,2842,50
948672000,0.659,0.6595,0.6527,0.6537,3412,50
948758400,0.6537,0.6575,0.6533,0.6553,2492,50
948844800,0.6554,0.6575,0.6497,0.6518,2813,50
948931200,0.652,0.656,0.6511,0.6532,2466,50
949017600,0.6536,0.656,0.6229,0.6345,4620,50
949276800,0.639,0.64,0.6332,0.6372,3469,50
949363200,0.6371,0.6383,0.6294,0.6378,3065,50
949449600,0.6381,0.6412,0.6337,0.6387,3657,50
949536000,0.6388,0.6405,0.6304,0.633,4242,50
949622400,0.6333,0.6387,0.6287,0.637,4357,50
949881600,0.6379,0.643,0.6323,0.6327,3921,50
949968000,0.6328,0.6371,0.6311,0.632,3853,50
950054400,0.6322,0.6385,0.6305,0.6358,3982,50
950140800,0.6359,0.6365,0.6253,0.6271,4526,50
950227200,0.6281,0.6335,0.6272,0.6315,3298,50
950486400,0.6317,0.633,0.6259,0.6265,2368,50
950572800,0.6266,0.6312,0.6238,0.6308,3756,50
950659200,0.6304,0.6334,0.6279,0.6324,3722,50
950745600,0.6325,0.6355,0.6293,0.6319,3658,50
950832000,0.6318,0.634,0.6282,0.6293,2897,50
951091200,0.6288,0.6296,0.6251,0.6256,3380,50
951177600,0.6257,0.628,0.6212,0.6213,3606,50
951264000,0.6213,0.6237,0.619,0.6221,3777,50
951350400,0.6225,0.6227,0.6135,0.6152,4231,50
951436800,0.6151,0.622,0.6147,0.6152,4179,50
951696000,0.6162,0.6162,0.6104,0.615,2972,50
951782400,0.6151,0.6192,0.6127,0.6177,3483,50
951868800,0.6177,0.6185,0.6022,0.6024,4925,50
951955200,0.6027,0.6115,0.6026,0.6052,4292,50
952041600,0.6054,0.6105,0.6051,0.6084,3528,50
952300800,0.6082,0.6088,0.6009,0.6023,3436,50
952387200,0.6021,0.606,0.6009,0.6047,3912,50
952473600,0.6043,0.6102,0.6026,0.6095,4317,50
952560000,0.6103,0.6165,0.6085,0.6143,4177,50
952646400,0.6142,0.6165,0.6124,0.6146,3112,50
952905600,0.6126,0.6178,0.6113,0.6153,3497,50
952992000,0.6153,0.6194,0.6122,0.6156,4042,50
953078400,0.616,0.6162,0.6117,0.6124,3671,50
953164800,0.6123,0.615,0.6082,0.6117,3211,50
953251200,0.612,0.613,0.605,0.607,3351,50
953510400,0.6069,0.609,0.6045,0.6077,3919,50
953596800,0.6076,0.6118,0.6072,0.6099,3881,50
953683200,0.61,0.6102,0.6035,0.6042,3803,50
953769600,0.6047,0.6066,0.6012,0.6065,4136,50
953856000,0.6063,0.6091,0.6047,0.6081,3291,50
954115200,0.6087,0.6152,0.6074,0.6127,3644,50
954201600,0.6128,0.616,0.6122,0.6142,4175,50
954288000,0.6143,0.6166,0.6072,0.6107,4458,50
954374400,0.6107,0.614,0.6087,0.6134,3599,50
954460800,0.6134,0.6135,0.6021,0.607,3923,50
954720000,0.6068,0.6093,0.6057,0.6093,2523,50
954806400,0.6092,0.6101,0.6003,0.6042,3377,50
954892800,0.6044,0.6078,0.6009,0.6047,4278,50
954979200,0.6044,0.607,0.599,0.6013,4330,50
955065600,0.6011,0.6018,0.596,0.597,3899,50
955324800,0.5973,0.6,0.5937,0.5967,2958,50
955411200,0.5968,0.5969,0.5935,0.5951,3407,50
955497600,0.5956,0.5986,0.5937,0.598,3493,50
955584000,0.5982,0.6005,0.5962,0.5981,3457,50
955670400,0.5982,0.5988,0.5957,0.5974,3001,50
955929600,0.6027,0.6039,0.5887,0.5902,3884,50
956016000,0.591,0.5968,0.5894,0.5936,4317,50
956102400,0.5936,0.599,0.5925,0.5956,3372,50
956188800,0.5956,0.5978,0.5918,0.5927,3128,50
956275200,0.5923,0.5945,0.5917,0.5926,781,50
956534400,0.5924,0.5958,0.5918,0.5947,1291,50
956620800,0.5946,0.5971,0.5924,0.5933,3294,50
956707200,0.5934,0.5934,0.5866,0.589,4355,50
956793600,0.5889,0.591,0.5861,0.5863,3665,50
956880000,0.5866,0.5911,0.5822,0.5836,4243,50
957139200,0.5839,0.5839,0.5789,0.582,2179,50
957225600,0.5822,0.5875,0.582,0.5844,3687,50
957312000,0.5847,0.5945,0.5837,0.5924,4546,50
957398400,0.5909,0.5927,0.5862,0.5908,4193,50
957484800,0.5909,0.5975,0.5902,0.5962,3739,50
957744000,0.5959,0.597,0.5801,0.5802,4582,50
957830400,0.5803,0.5858,0.5765,0.5847,4403,50
957916800,0.5846,0.586,0.5801,0.5801,4029,50
958003200,0.5797,0.5847,0.5747,0.5804,4768,50
958089600,0.5806,0.5815,0.5772,0.58,3878,50
958348800,0.5835,0.5835,0.5712,0.5721,3225,50
958435200,0.5722,0.5786,0.5716,0.5751,3597,50
958521600,0.5751,0.5762,0.5657,0.5689,3742,50
958608000,0.5695,0.574,0.5647,0.5722,4441,50
958694400,0.573,0.5764,0.5671,0.5736,4561,50
958953600,0.5724,0.5762,0.5684,0.5719,3732,50
959040000,0.572,0.5781,0.5717,0.5733,3968,50
959126400,0.5734,0.5737,0.5692,0.5707,3826,50
959212800,0.571,0.5735,0.5667,0.5684,4189,50
959299200,0.5685,0.5755,0.5663,0.5745,3510,50
959558400,0.5741,0.5753,0.5712,0.5719,2170,50
959644800,0.5719,0.5805,0.5717,0.5747,4397,50
959731200,0.5745,0.5771,0.5694,0.5726,4128,50
959817600,0.5726,0.5745,0.5684,0.5724,3485,50
959904000,0.5723,0.583,0.5696,0.5783,3496,50
960163200,0.5812,0.5853,0.5777,0.5826,3844,50
960249600,0.5825,0.5915,0.579,0.5876,3961,50
960336000,0.5877,0.594,0.5872,0.5927,4311,50
960422400,0.5924,0.5938,0.5858,0.5877,3972,50
960508800,0.5878,0.5892,0.585,0.5879,3371,50
960768000,0.5871,0.5924,0.5857,0.5916,2897,50
960854400,0.5915,0.6,0.588,0.5972,4043,50
960940800,0.5974,0.604,0.5955,0.5993,4506,50
961027200,0.5996,0.6039,0.5975,0.602,3943,50
961113600,0.6018,0.6103,0.6017,0.606,3915,50
961372800,0.6058,0.6073,0.6002,0.6007,3829,50
961459200,0.6009,0.6066,0.6002,0.6025,3438,50
961545600,0.6024,0.6036,0.5982,0.6021,3933,50
961632000,0.6017,0.6027,0.5941,0.5964,3913,50
961718400,0.5967,0.5979,0.5937,0.5947,3707,50
961977600,0.5945,0.5976,0.5917,0.5966,3536,50
962064000,0.5967,0.6026,0.5962,0.6015,3932,50
962150400,0.6014,0.6038,0.6002,0.6036,3689,50
962236800,0.6033,0.6055,0.5997,0.6011,4084,50
962323200,0.6011,0.603,0.5932,0.595,4050,50
962582400,0.5969,0.602,0.5968,0.5983,3731,50
962668800,0.5982,0.6005,0.5967,0.5974,2266,50
962755200,0.5982,0.5986,0.5885,0.589,3700,50
962841600,0.5891,0.5924,0.5886,0.5909,3716,50
962928000,0.5909,0.5923,0.5862,0.5923,3866,50
963187200,0.5916,0.5956,0.5905,0.5925,3015,50
963273600,0.5924,0.5928,0.587,0.5878,3400,50
963360000,0.5878,0.592,0.5862,0.5887,3771,50
963446400,0.5893,0.5917,0.5825,0.5852,3865,50
963532800,0.5851,0.5871,0.5832,0.5841,3465,50
963792000,0.584,0.5894,0.5815,0.5875,3349,50
963878400,0.5876,0.5881,0.5807,0.5817,3988,50
963964800,0.5816,0.5835,0.5747,0.5764,3877,50
964051200,0.5765,0.5842,0.5755,0.5832,3997,50
964137600,0.5829,0.589,0.5811,0.5864,3542,50
964396800,0.5861,0.5895,0.5836,0.5845,2838,50
964483200,0.5847,0.5876,0.5827,0.5852,3206,50
964569600,0.5854,0.5922,0.583,0.5911,3807,50
964656000,0.5912,0.5937,0.587,0.588,3880,50
964742400,0.5881,0.5925,0.5857,0.5879,3325,50
965001600,0.5872,0.5874,0.5771,0.5807,4232,50
965088000,0.5808,0.5825,0.5778,0.5793,3700,50
965174400,0.5797,0.5852,0.5759,0.5848,3655,50
965260800,0.5846,0.5875,0.5807,0.5854,4305,50
965347200,0.585,0.5865,0.5809,0.5856,3885,50
965606400,0.5865,0.5882,0.5842,0.5866,3464,50
965692800,0.5869,0.5892,0.5823,0.5841,3527,50
965779200,0.584,0.5852,0.5765,0.5788,3566,50
965865600,0.5787,0.5837,0.5777,0.5831,3601,50
965952000,0.5832,0.5845,0.5776,0.579,2449,50
966211200,0.5792,0.5836,0.577,0.583,3706,50
966297600,0.5832,0.5849,0.5812,0.5824,3664,50
966384000,0.5824,0.5918,0.5821,0.5915,4183,50
966470400,0.5915,0.5948,0.5887,0.5928,3885,50
966556800,0.593,0.5947,0.5888,0.5905,3021,50
966816000,0.5909,0.5915,0.5877,0.5882,3231,50
966902400,0.5885,0.5905,0.5785,0.5794,3549,50
966988800,0.5795,0.5805,0.5667,0.5725,4948,50
967075200,0.5724,0.5747,0.5707,0.5732,3669,50
967161600,0.5735,0.5756,0.5704,0.5738,3493,50
967420800,0.5733,0.5745,0.5707,0.5715,2083,50
967507200,0.5713,0.5755,0.5687,0.5692,3182,50
967593600,0.5696,0.5767,0.5682,0.5761,3822,50
967680000,0.5762,0.5783,0.5728,0.5765,3756,50
967766400,0.5767,0.5794,0.5707,0.5762,3787,50
968025600,0.5765,0.5785,0.5742,0.5751,2240,50
968112000,0.5747,0.576,0.5682,0.5692,3761,50
968198400,0.5697,0.5702,0.5611,0.5648,4699,50
968284800,0.5646,0.5657,0.5526,0.5561,5442,50
968371200,0.556,0.5617,0.5552,0.5552,3962,50
968630400,0.5566,0.5625,0.5552,0.5592,4012,50
968716800,0.5594,0.5621,0.5557,0.5586,4426,50
968803200,0.5585,0.5592,0.5523,0.554,3996,50
968889600,0.554,0.5547,0.5482,0.5498,3405,50
968976000,0.5497,0.552,0.5442,0.5444,2658,50
969235200,0.5454,0.5459,0.5402,0.5427,3340,50
969321600,0.5425,0.5455,0.5415,0.5447,3188,50
969408000,0.5449,0.5449,0.5363,0.5385,3637,50
969494400,0.5384,0.546,0.5372,0.544,3397,50
969580800,0.5441,0.5601,0.5419,0.544,3696,50
969840000,0.5492,0.5507,0.5431,0.5477,3311,50
969926400,0.5479,0.5518,0.5464,0.5511,3205,50
970012800,0.5509,0.5521,0.547,0.5504,3061,50
970099200,0.551,0.5514,0.5432,0.5444,3045,50
970185600,0.5444,0.5452,0.5389,0.5435,3083,50
970444800,0.5428,0.5481,0.5402,0.5465,2564,50
970531200,0.5463,0.5464,0.5394,0.5407,2537,50
970617600,0.541,0.541,0.5341,0.5376,2965,50
970704000,0.5375,0.5388,0.529,0.5312,2836,50
970790400,0.5313,0.5365,0.5302,0.533,2963,50
971049600,0.5338,0.5375,0.5331,0.5367,2159,50
971136000,0.5368,0.5368,0.5297,0.5345,3050,50
971222400,0.5344,0.5376,0.5315,0.5318,3074,50
971308800,0.5317,0.5342,0.5291,0.5317,2991,50
971395200,0.5318,0.5335,0.5265,0.5274,3032,50
971654400,0.5283,0.5294,0.5218,0.5231,3334,50
971740800,0.5237,0.5245,0.5165,0.5211,3327,50
971827200,0.5212,0.523,0.5155,0.5212,3392,50
971913600,0.5213,0.5226,0.5175,0.5215,3053,50
972000000,0.5213,0.5302,0.5212,0.5295,3593,50
972259200,0.5316,0.5322,0.5255,0.527,3508,50
972345600,0.5263,0.5312,0.524,0.5245,4186,50
972432000,0.5246,0.5285,0.5167,0.5195,4593,50
972518400,0.52,0.522,0.5146,0.5204,3714,50
972604800,0.5205,0.525,0.5183,0.5231,3341,50
972864000,0.5233,0.5279,0.5222,0.5232,3875,50
972950400,0.5233,0.5235,0.511,0.5181,4576,50
973036800,0.5182,0.5267,0.5165,0.5243,3498,50
973123200,0.5244,0.534,0.5177,0.5224,4827,50
973209600,0.5223,0.5313,0.5207,0.526,4185,50
973468800,0.5272,0.5298,0.5255,0.5273,3961,50
973555200,0.5271,0.5302,0.5249,0.5294,3957,50
973641600,0.5295,0.5327,0.5259,0.5265,3671,50
973728000,0.5266,0.5286,0.5222,0.5275,3544,50
973814400,0.5271,0.5295,0.5185,0.5187,3762,50
974073600,0.5193,0.5219,0.5187,0.5202,3131,50
974160000,0.5205,0.5225,0.5182,0.5194,3107,50
974246400,0.5193,0.5242,0.5174,0.5207,3772,50
974332800,0.5205,0.5217,0.5177,0.5211,2807,50
974419200,0.5213,0.5217,0.5182,0.5186,2902,50
974678400,0.5189,0.5199,0.5126,0.5137,3386,50
974764800,0.5135,0.5149,0.5069,0.5079,3819,50
974851200,0.5079,0.5279,0.5075,0.5267,5459,50
974937600,0.5267,0.5287,0.5195,0.5223,3907,50
975024000,0.5224,0.5248,0.5183,0.5232,4011,50
975283200,0.5212,0.5278,0.519,0.5262,3272,50
975369600,0.5257,0.528,0.5212,0.5219,3561,50
975456000,0.5223,0.5278,0.5205,0.5219,4149,50
975542400,0.522,0.5293,0.5201,0.5279,3787,50
975628800,0.5282,0.5397,0.5276,0.5377,4653,50
975888000,0.5367,0.5478,0.5366,0.5437,4427,50
975974400,0.5427,0.5446,0.5388,0.5408,4742,50
976060800,0.5412,0.5489,0.5405,0.5483,4825,50
976147200,0.5482,0.5514,0.5461,0.5469,4342,50
976233600,0.5469,0.5493,0.5434,0.5493,3978,50
976492800,0.5444,0.5454,0.5393,0.5409,3511,50
976579200,0.5409,0.5437,0.5391,0.5424,3971,50
976665600,0.5422,0.5445,0.5372,0.5413,4575,50
976752000,0.5412,0.5457,0.5398,0.5456,4429,50
976838400,0.5454,0.5477,0.5429,0.5453,3937,50
977097600,0.5438,0.5463,0.5402,0.5425,3576,50
977184000,0.5422,0.5458,0.5402,0.5442,3176,50
977270400,0.5442,0.5543,0.5437,0.5527,3883,50
977356800,0.5527,0.5559,0.5513,0.5547,3932,50
977443200,0.5546,0.5579,0.5531,0.5571,3477,50
977702400,0.5561,0.5583,0.5551,0.5573,194,50
977788800,0.5571,0.5599,0.5551,0.5577,1428,50
977875200,0.5575,0.5597,0.5552,0.5578,3438,50
977961600,0.5575,0.5589,0.5517,0.5545,3099,50
978048000,0.5547,0.5591,0.553,0.5586,2700,50
978393600,0.5585,0.5627,0.5564,0.5617,3696,50
978480000,0.5616,0.5657,0.5548,0.5574,4472,50
978566400,0.5573,0.5677,0.5555,0.567,4579,50
978652800,0.5675,0.5727,0.5671,0.5712,4917,50
978912000,0.5714,0.5724,0.5657,0.5679,4264,50
978998400,0.5678,0.5691,0.5594,0.5631,4449,50
979084800,0.5632,0.5639,0.5525,0.5542,4234,50
979171200,0.5543,0.5629,0.5531,0.5613,4148,50
979257600,0.5614,0.563,0.5544,0.5565,3908,50
979516800,0.5568,0.5569,0.5503,0.5553,3540,50
979603200,0.5555,0.5585,0.5533,0.5547,3976,50
979689600,0.5548,0.557,0.5489,0.5531,3982,50
979776000,0.5532,0.5596,0.5521,0.5588,3917,50
979862400,0.5597,0.5629,0.5557,0.5562,3478,50
980121600,0.5554,0.5577,0.552,0.5552,3869,50
980208000,0.5553,0.5579,0.5509,0.5515,4067,50
980294400,0.5515,0.555,0.5422,0.5443,4184,50
980380800,0.5441,0.5472,0.5418,0.5465,3805,50
980467200,0.546,0.5467,0.5415,0.5445,2960,50
980726400,0.5432,0.5455,0.5417,0.5437,3954,50
980812800,0.5439,0.5495,0.5409,0.5468,4287,50
980899200,0.5468,0.5518,0.5445,0.5501,4212,50
980985600,0.5502,0.5559,0.5495,0.5527,4701,50
981072000,0.5527,0.5567,0.5511,0.5527,3964,50
981331200,0.5504,0.5535,0.5492,0.5503,3836,50
981417600,0.5501,0.5517,0.5474,0.5501,3605,50
981504000,0.5509,0.5509,0.5446,0.5453,3916,50
981590400,0.5455,0.5463,0.5337,0.5367,4606,50
981676800,0.5366,0.5386,0.5322,0.5356,4031,50
981936000,0.5376,0.5402,0.5355,0.5393,4004,50
982022400,0.5392,0.5401,0.5327,0.5332,4076,50
982108800,0.5329,0.5335,0.5262,0.5268,4662,50
982195200,0.5272,0.5281,0.523,0.5242,3277,50
982281600,0.5243,0.5317,0.5238,0.5288,4284,50
982540800,0.5295,0.5309,0.527,0.5299,2733,50
982627200,0.5298,0.5312,0.5212,0.524,3990,50
982713600,0.5239,0.5285,0.5225,0.5245,4432,50
982800000,0.5243,0.5271,0.5206,0.5239,3674,50
982886400,0.5241,0.527,0.5208,0.5263,3331,50
983145600,0.5266,0.5277,0.5211,0.5223,3801,50
983232000,0.5222,0.5264,0.5212,0.5256,3552,50
983318400,0.5255,0.5273,0.5224,0.5261,4162,50
983404800,0.526,0.5293,0.5251,0.5279,3632,50
983491200,0.528,0.5305,0.5252,0.5305,3559,50
983750400,0.529,0.5295,0.5202,0.5212,3422,50
983836800,0.5215,0.5227,0.5164,0.5165,3320,50
983923200,0.5153,0.5182,0.5084,0.5108,4795,50
984009600,0.5107,0.5127,0.5063,0.5112,4772,50
984096000,0.5116,0.514,0.5076,0.5101,3507,50
984355200,0.508,0.5114,0.5071,0.5092,5140,50
984441600,0.5089,0.5092,0.502,0.5032,4941,50
984528000,0.5034,0.5034,0.4937,0.4955,5208,50
984614400,0.496,0.4965,0.4903,0.4937,6538,50
984700800,0.4933,0.4971,0.4919,0.494,5243,50
984960000,0.4969,0.5045,0.496,0.4987,5004,50
985046400,0.4986,0.5038,0.4973,0.5035,4092,50
985132800,0.5036,0.5043,0.4928,0.4935,4336,50
985219200,0.4935,0.4947,0.4893,0.4943,3852,50
985305600,0.494,0.4992,0.4925,0.4963,3644,50
985564800,0.4939,0.5018,0.4888,0.5002,5195,50
985651200,0.5001,0.5009,0.4952,0.4978,4706,50
985737600,0.4979,0.5007,0.4921,0.4942,4331,50
985824000,0.494,0.4957,0.4902,0.4928,4560,50
985910400,0.4927,0.493,0.4849,0.4857,4775,50
986169600,0.4861,0.4892,0.4775,0.4786,4455,50
986256000,0.4785,0.4878,0.4783,0.4871,4804,50
986342400,0.4869,0.4922,0.4828,0.4897,5154,50
986428800,0.4896,0.4944,0.4882,0.4901,4810,50
986515200,0.4902,0.4995,0.4897,0.4984,4543,50
986774400,0.4994,0.4994,0.4906,0.4908,4691,50
986860800,0.4907,0.4973,0.4906,0.4966,4296,50
986947200,0.4964,0.5042,0.495,0.5036,5044,50
987033600,0.5037,0.5106,0.5026,0.5101,4273,50
987120000,0.51,0.5101,0.5076,0.5077,930,50
987379200,0.5076,0.5122,0.5056,0.5109,1830,50
987465600,0.511,0.5115,0.5024,0.5041,4088,50
987552000,0.5042,0.5051,0.493,0.5038,4531,50
987638400,0.5033,0.5175,0.5002,0.5157,5091,50
987724800,0.5155,0.5192,0.512,0.5149,4865,50
987984000,0.5137,0.5199,0.5037,0.5074,4711,50
988070400,0.5075,0.5092,0.5014,0.5065,4591,50
988156800,0.5064,0.5081,0.5026,0.5079,3304,50
988243200,0.5078,0.5139,0.5027,0.5137,4617,50
988329600,0.513,0.5141,0.5079,0.5095,4229,50
988588800,0.5082,0.5133,0.5066,0.5125,3832,50
988675200,0.5124,0.519,0.5106,0.5173,3747,50
988761600,0.5172,0.5228,0.5165,0.5205,4663,50
988848000,0.5205,0.5239,0.5172,0.5185,3951,50
988934400,0.5185,0.5223,0.5145,0.5192,3841,50
989193600,0.5198,0.5201,0.5174,0.5183,2161,50
989280000,0.5182,0.5213,0.5151,0.5157,3630,50
989366400,0.5154,0.5257,0.5148,0.5252,4274,50
989452800,0.5251,0.5269,0.5222,0.5238,4045,50
989539200,0.5239,0.5255,0.5189,0.5217,4081,50
989798400,0.5209,0.5217,0.5157,0.5192,3672,50
989884800,0.519,0.5224,0.5152,0.5214,3690,50
989971200,0.5217,0.5249,0.5187,0.5246,4105,50
990057600,0.5242,0.5294,0.5233,0.5275,3580,50
990144000,0.5279,0.5302,0.5243,0.5301,3656,50
990403200,0.5295,0.5319,0.5263,0.5267,3870,50
990489600,0.5269,0.5279,0.522,0.5232,3702,50
990576000,0.5233,0.5235,0.5152,0.5157,4226,50
990662400,0.5157,0.5217,0.5082,0.521,4875,50
990748800,0.5209,0.5223,0.5179,0.5204,3870,50
991008000,0.5201,0.5218,0.5193,0.5207,1590,50
991094400,0.5206,0.5215,0.5145,0.5175,4222,50
991180800,0.5177,0.5208,0.5113,0.5126,4245,50
991267200,0.5123,0.5129,0.5037,0.5066,4793,50
991353600,0.5066,0.5102,0.5036,0.5085,4132,50
991612800,0.5085,0.5115,0.5058,0.5077,3272,50
991699200,0.5077,0.5108,0.5047,0.5102,4035,50
991785600,0.5101,0.5172,0.5087,0.5156,4502,50
991872000,0.5154,0.5214,0.513,0.5211,4294,50
991958400,0.521,0.526,0.5185,0.526,4008,50
992217600,0.5248,0.5273,0.5207,0.5222,3339,50
992304000,0.5222,0.5264,0.5201,0.5252,3853,50
992390400,0.5253,0.5303,0.5234,0.5285,4280,50
992476800,0.5285,0.5288,0.5226,0.5279,4241,50
992563200,0.528,0.5286,0.5227,0.5244,4277,50
992822400,0.5238,0.5278,0.521,0.5216,4039,50
992908800,0.5214,0.5238,0.519,0.5214,4052,50
992995200,0.5213,0.5215,0.5166,0.5198,3988,50
993081600,0.52,0.5222,0.5152,0.5152,4440,50
993168000,0.5152,0.5178,0.5146,0.5158,3680,50
993427200,0.517,0.5187,0.5154,0.5166,3445,50
993513600,0.5168,0.5227,0.5156,0.5217,3636,50
993600000,0.5221,0.5223,0.5166,0.5181,4309,50
993686400,0.5181,0.5187,0.5048,0.506,4708,50
993772800,0.5059,0.5123,0.5044,0.5107,4217,50
994032000,0.5108,0.5118,0.5081,0.5113,3047,50
994118400,0.5112,0.5194,0.5102,0.5172,3952,50
994204800,0.5171,0.5201,0.5159,0.5184,3394,50
994291200,0.5184,0.5193,0.5131,0.5142,3515,50
994377600,0.5143,0.5143,0.5042,0.509,2515,50
994636800,0.5089,0.5116,0.5046,0.5114,3718,50
994723200,0.5114,0.5134,0.5082,0.5102,3754,50
994809600,0.5106,0.5127,0.5045,0.5058,4113,50
994896000,0.5056,0.5075,0.501,0.506,4828,50
994982400,0.5059,0.5087,0.5046,0.508,3432,50
995241600,0.5106,0.5114,0.5067,0.5071,3507,50
995328000,0.5073,0.5102,0.5052,0.51,3767,50
995414400,0.5102,0.5162,0.5082,0.5159,4039,50
995500800,0.5158,0.5187,0.512,0.5127,4715,50
995587200,0.5126,0.5148,0.5042,0.5057,3984,50
995846400,0.5061,0.5087,0.5055,0.5084,3398,50
995932800,0.5083,0.5102,0.5067,0.5099,3401,50
996019200,0.51,0.51,0.5055,0.508,3362,50
996105600,0.5082,0.5119,0.5064,0.5092,3546,50
996192000,0.5093,0.5093,0.5042,0.5084,3319,50
996451200,0.5083,0.5084,0.5042,0.5061,3551,50
996537600,0.506,0.5102,0.5018,0.5097,4627,50
996624000,0.5096,0.5196,0.5078,0.5182,4911,50
996710400,0.518,0.5212,0.5166,0.5202,4452,50
996796800,0.52,0.5209,0.5146,0.5167,4049,50
997056000,0.5163,0.518,0.5153,0.5177,3248,50
997142400,0.5174,0.5185,0.5143,0.5156,3953,50
997228800,0.5154,0.5202,0.5142,0.5194,4132,50
997315200,0.5196,0.5202,0.5091,0.5126,4420,50
997401600,0.5122,0.517,0.5113,0.5128,4725,50
997660800,0.5136,0.5195,0.5132,0.5177,4373,50
997747200,0.5176,0.5229,0.5152,0.5218,4530,50
997833600,0.5216,0.5295,0.521,0.5284,5138,50
997920000,0.5283,0.5315,0.5237,0.524,5565,50
998006400,0.524,0.5375,0.5237,0.5357,5000,50
998265600,0.5364,0.5377,0.5313,0.5332,4750,50
998352000,0.5332,0.5357,0.5287,0.5352,4364,50
998438400,0.5351,0.5394,0.5326,0.5331,4128,50
998524800,0.5335,0.5363,0.5313,0.5338,4185,50
998611200,0.5339,0.5357,0.5289,0.5344,4128,50
998870400,0.5338,0.5348,0.5267,0.5287,4002,50
998956800,0.5286,0.531,0.5252,0.5307,4217,50
999043200,0.5306,0.5319,0.5266,0.5288,4075,50
999129600,0.5288,0.5339,0.5278,0.5317,4051,50
999216000,0.5318,0.5351,0.5257,0.5293,4577,50
999475200,0.5282,0.5286,0.5257,0.5275,3408,50
999561600,0.5273,0.5277,0.5184,0.5206,4556,50
999648000,0.5209,0.5244,0.5162,0.5207,4804,50
999734400,0.521,0.5235,0.5181,0.5221,4887,50
999820800,0.5223,0.5243,0.5172,0.5195,4841,50
1000080000,0.5184,0.5193,0.5113,0.5136,4696,50
1000166400,0.5135,0.5237,0.5121,0.5199,6540,50
1000252800,0.5198,0.5207,0.5132,0.5167,4986,50
1000339200,0.5166,0.5176,0.5137,0.5159,5258,50
1000425600,0.5159,0.5177,0.5122,0.515,5449,50
1000684800,0.5166,0.5167,0.4992,0.5024,5477,50
1000771200,0.5032,0.5034,0.4931,0.4977,6248,50
1000857600,0.4976,0.4981,0.4893,0.4942,5343,50
1000944000,0.494,0.4957,0.4902,0.4921,4837,50
1001030400,0.4918,0.4937,0.4819,0.4848,5370,50
1001289600,0.4858,0.4944,0.482,0.493,5134,50
1001376000,0.4931,0.4952,0.4906,0.4942,4402,50
1001462400,0.494,0.4979,0.4887,0.4914,5447,50
1001548800,0.4914,0.4915,0.4848,0.4863,5311,50
1001635200,0.4858,0.4968,0.4851,0.4912,5426,50
1001894400,0.4927,0.4964,0.49,0.4952,3262,50
1001980800,0.4951,0.4959,0.4917,0.4952,3806,50
1002067200,0.495,0.4996,0.4935,0.4954,4767,50
1002153600,0.4955,0.5007,0.4953,0.4993,4658,50
1002240000,0.4994,0.508,0.499,0.5069,4621,50
1002499200,0.5078,0.5084,0.5048,0.5079,3904,50
1002585600,0.5079,0.5082,0.499,0.4997,4706,50
1002672000,0.4997,0.5031,0.499,0.5017,4145,50
1002758400,0.5022,0.5025,0.4961,0.5013,5027,50
1002844800,0.5014,0.5073,0.4981,0.5057,4734,50
1003104000,0.5115,0.5172,0.5114,0.5146,4863,50
1003190400,0.5147,0.5151,0.5102,0.5118,4385,50
1003276800,0.5116,0.5163,0.5086,0.5099,4358,50
1003363200,0.5098,0.5117,0.5053,0.5073,4815,50
1003449600,0.5073,0.5093,0.505,0.509,3470,50
1003708800,0.5088,0.5109,0.5063,0.5103,3310,50
1003795200,0.5105,0.5106,0.5062,0.5075,3616,50
1003881600,0.5076,0.5092,0.5059,0.5083,3070,50
1003968000,0.5084,0.509,0.5021,0.5023,3344,50
1004054400,0.5022,0.5041,0.5009,0.5012,3578,50
1004313600,0.5013,0.5063,0.5,0.505,3759,50
1004400000,0.5049,0.5095,0.5037,0.5044,4336,50
1004486400,0.5046,0.5063,0.5023,0.5026,3594,50
1004572800,0.5027,0.5129,0.5025,0.509,4080,50
1004659200,0.5089,0.5112,0.5057,0.5085,3999,50
1004918400,0.5075,0.5093,0.506,0.5083,3273,50
1005004800,0.5086,0.5149,0.5082,0.5132,3717,50
1005091200,0.5132,0.5168,0.5129,0.5159,3825,50
1005177600,0.516,0.5178,0.5135,0.5149,3918,50
1005264000,0.515,0.516,0.5104,0.515,4055,50
1005523200,0.5168,0.522,0.5168,0.52,3076,50
1005609600,0.5199,0.5227,0.5156,0.5219,4843,50
1005696000,0.5221,0.524,0.5186,0.5194,4050,50
1005782400,0.5193,0.5209,0.517,0.5178,4053,50
1005868800,0.5181,0.5248,0.516,0.5224,4596,50
1006128000,0.5231,0.5234,0.5197,0.5214,4161,50
1006214400,0.5215,0.5228,0.5178,0.5206,3989,50
1006300800,0.5205,0.5209,0.5147,0.5157,4309,50
1006387200,0.5158,0.5179,0.5146,0.5167,3329,50
1006473600,0.5169,0.5186,0.5159,0.518,3111,50
1006732800,0.5174,0.5199,0.516,0.5181,3557,50
1006819200,0.518,0.524,0.5178,0.5228,4217,50
1006905600,0.5226,0.524,0.5194,0.5213,3436,50
1006992000,0.5211,0.5219,0.5171,0.5182,3958,50
1007078400,0.5187,0.5222,0.5175,0.5217,4089,50
1007337600,0.5205,0.5221,0.5161,0.5161,3894,50
1007424000,0.5161,0.5178,0.5131,0.5141,4401,50
1007510400,0.514,0.5183,0.5128,0.5172,4072,50
1007596800,0.5173,0.5198,0.5161,0.5185,3799,50
1007683200,0.5184,0.5194,0.5139,0.5144,3646,50
1007942400,0.5152,0.517,0.5139,0.5146,3250,50
1008028800,0.5146,0.5177,0.5136,0.5167,3441,50
1008115200,0.5166,0.5211,0.516,0.5192,3825,50
1008201600,0.5195,0.5211,0.5171,0.5187,3410,50
1008288000,0.5188,0.52,0.5169,0.5198,3567,50
1008547200,0.5194,0.5197,0.5168,0.5174,3518,50
1008633600,0.5178,0.5189,0.5144,0.5149,4338,50
1008720000,0.5148,0.5158,0.5103,0.5112,4321,50
1008806400,0.5109,0.5124,0.504,0.5052,5015,50
1008892800,0.5051,0.5089,0.5043,0.5089,4188,50
1009152000,0.5093,0.5098,0.5063,0.5081,2965,50
1009238400,0.5079,0.5091,0.5075,0.508,253,50
1009324800,0.5082,0.5092,0.5061,0.5071,1479,50
1009411200,0.5068,0.5085,0.5059,0.5073,3384,50
1009497600,0.5075,0.5121,0.5057,0.5115,3916,50
1009756800,0.5112,0.5123,0.5085,0.509,2715,50
1009843200,0.5089,0.5116,0.5089,0.5096,157,50
1009929600,0.511,0.5161,0.5083,0.5153,4128,50
1010016000,0.5152,0.5172,0.5136,0.5159,4231,50
1010102400,0.5159,0.5213,0.5138,0.5205,4786,50
1010361600,0.5197,0.5206,0.5174,0.5186,4114,50
1010448000,0.5186,0.5248,0.5173,0.5237,4300,50
1010534400,0.5237,0.5264,0.522,0.5243,5308,50
1010620800,0.5241,0.5274,0.5218,0.5228,4443,50
1010707200,0.523,0.5237,0.5193,0.5202,4290,50
1010966400,0.5183,0.5196,0.5163,0.5179,3969,50
1011052800,0.5178,0.52,0.5168,0.5176,4301,50
1011139200,0.5174,0.518,0.5133,0.5147,4312,50
1011225600,0.5148,0.5159,0.5115,0.5146,4700,50
1011312000,0.5145,0.5161,0.5134,0.5148,3732,50
1011571200,0.5145,0.5189,0.5142,0.5181,3240,50
1011657600,0.518,0.5205,0.5172,0.52,3311,50
1011744000,0.52,0.5221,0.5173,0.5184,3675,50
1011830400,0.5185,0.5205,0.5162,0.5204,3585,50
1011916800,0.5202,0.5203,0.5145,0.5167,3114,50
1012176000,0.5166,0.5178,0.5139,0.5146,3538,50
1012262400,0.5145,0.5164,0.5081,0.5086,4473,50
1012348800,0.5087,0.5106,0.5052,0.5072,4002,50
1012435200,0.5073,0.5097,0.5062,0.508,3680,50
1012521600,0.508,0.5107,0.5062,0.51,3379,50
1012780800,0.5088,0.5115,0.5086,0.5106,3286,50
1012867200,0.5108,0.5125,0.5084,0.5095,3667,50
1012953600,0.5097,0.5104,0.5068,0.5082,3762,50
1013040000,0.5084,0.51,0.5055,0.5097,4191,50
1013126400,0.5098,0.5124,0.5092,0.5112,3500,50
1013385600,0.5111,0.5141,0.5111,0.5128,3036,50
1013472000,0.5123,0.5128,0.5075,0.5094,2950,50
1013558400,0.5095,0.5104,0.5068,0.5098,2754,50
1013644800,0.5098,0.518,0.5092,0.5166,3865,50
1013731200,0.5166,0.5189,0.5141,0.5174,3639,50
1013990400,0.5172,0.5188,0.5164,0.5179,2668,50
1014076800,0.5178,0.5196,0.5151,0.5186,3631,50
1014163200,0.5188,0.5191,0.5158,0.5173,3313,50
1014249600,0.5175,0.5178,0.5147,0.5171,3547,50
1014336000,0.5168,0.5171,0.5117,0.5125,3434,50
1014595200,0.5135,0.5148,0.5116,0.5145,3186,50
1014681600,0.5146,0.5153,0.5127,0.5128,3300,50
1014768000,0.5129,0.5163,0.5118,0.516,3395,50
1014854400,0.516,0.5186,0.5151,0.5184,3766,50
1014940800,0.5184,0.5204,0.5167,0.5192,3251,50
1015200000,0.521,0.5215,0.5188,0.5203,2798,50
1015286400,0.5202,0.5213,0.5184,0.5204,3031,50
1015372800,0.5205,0.5233,0.5188,0.5227,3174,50
1015459200,0.5228,0.5266,0.5217,0.5253,4003,50
1015545600,0.5252,0.5258,0.5212,0.5231,3794,50
1015804800,0.5218,0.5225,0.5196,0.5216,2940,50
1015891200,0.5215,0.5223,0.5191,0.5201,2944,50
1015977600,0.5201,0.521,0.5185,0.5199,3107,50
1016064000,0.5198,0.5242,0.5192,0.5235,3325,50
1016150400,0.5234,0.5265,0.5228,0.5262,3317,50
1016409600,0.5259,0.5267,0.5227,0.5243,3511,50
1016496000,0.5244,0.5254,0.5225,0.5228,3242,50
1016582400,0.5225,0.5317,0.5217,0.5304,4317,50
1016668800,0.5303,0.5335,0.5291,0.5298,3737,50
1016755200,0.5297,0.5341,0.5291,0.5291,3534,50
1017014400,0.5306,0.5331,0.5293,0.5296,3914,50
1017100800,0.5296,0.5303,0.5267,0.5278,4128,50
1017187200,0.5279,0.5289,0.5269,0.5287,3376,50
1017273600,0.5288,0.5358,0.5284,0.5338,4414,50
1017360000,0.5336,0.5341,0.5321,0.5334,1073,50
1017619200,0.5331,0.536,0.5329,0.534,1759,50
1017705600,0.5341,0.5358,0.5314,0.5342,3985,50
1017792000,0.5343,0.5357,0.5286,0.532,4738,50
1017878400,0.5317,0.5329,0.5298,0.5318,3960,50
1017964800,0.5317,0.5327,0.5292,0.5306,2991,50
1018224000,0.529,0.5304,0.5258,0.5277,3781,50
1018310400,0.5278,0.53,0.5272,0.529,3543,50
1018396800,0.5288,0.5319,0.5288,0.5315,3560,50
1018483200,0.5315,0.5354,0.5307,0.5349,3800,50
1018569600,0.5349,0.5368,0.5333,0.5344,3744,50
1018828800,0.5339,0.5342,0.5301,0.5314,3132,50
1018915200,0.5315,0.5338,0.5302,0.5334,3254,50
1019001600,0.5333,0.5384,0.5329,0.5379,3729,50
1019088000,0.5378,0.5398,0.5371,0.5397,4002,50
1019174400,0.5396,0.5418,0.5386,0.5404,3165,50
1019433600,0.5394,0.5419,0.5387,0.5415,3250,50
1019520000,0.5416,0.5423,0.5377,0.5383,3255,50
1019606400,0.5384,0.5439,0.5373,0.5435,3559,50
1019692800,0.5434,0.5458,0.5426,0.5429,3166,50
1019779200,0.5427,0.5451,0.5425,0.544,3323,50
1020038400,0.544,0.545,0.5373,0.5388,3794,50
1020124800,0.5388,0.5412,0.5364,0.5385,3990,50
1020211200,0.5381,0.5404,0.5356,0.54,3520,50
1020297600,0.5402,0.5408,0.5351,0.5361,3996,50
1020384000,0.5362,0.5402,0.5341,0.5396,3705,50
1020643200,0.5407,0.5409,0.5373,0.5399,2605,50
1020729600,0.5395,0.5432,0.5383,0.5388,4060,50
1020816000,0.5387,0.5439,0.5384,0.5395,4310,50
1020902400,0.5396,0.5449,0.5388,0.5436,4079,50
1020988800,0.5434,0.5455,0.5421,0.5449,3899,50
1021248000,0.5439,0.5482,0.5436,0.5473,3812,50
1021334400,0.5475,0.5487,0.5448,0.5486,3931,50
1021420800,0.5487,0.5496,0.5444,0.5492,4158,50
1021507200,0.5488,0.5506,0.5476,0.5487,3596,50
1021593600,0.5488,0.5533,0.547,0.5524,3597,50
1021852800,0.5525,0.5564,0.5507,0.5558,3123,50
1021939200,0.5556,0.5576,0.5536,0.5563,4068,50
1022025600,0.5561,0.5613,0.5546,0.5578,5094,50
1022112000,0.5578,0.5592,0.5542,0.5555,4491,50
1022198400,0.5554,0.5569,0.5521,0.5568,4325,50
1022457600,0.5559,0.5581,0.5554,0.5573,2860,50
1022544000,0.5575,0.5629,0.5564,0.5616,4194,50
1022630400,0.5616,0.5659,0.5608,0.5634,4843,50
1022716800,0.5634,0.5663,0.5625,0.5631,4795,50
1022803200,0.563,0.57,0.5622,0.5673,5208,50
1023062400,0.5679,0.572,0.5654,0.5711,3658,50
1023148800,0.5714,0.5773,0.5707,0.5731,4593,50
1023235200,0.5732,0.5749,0.5696,0.5738,5039,50
1023321600,0.5737,0.5779,0.5702,0.5759,4728,50
1023408000,0.5757,0.5757,0.5705,0.5713,4421,50
1023667200,0.5712,0.5717,0.5676,0.5684,3823,50
1023753600,0.5685,0.5706,0.5665,0.5702,4262,50
1023840000,0.5702,0.5724,0.5681,0.5702,4509,50
1023926400,0.5703,0.571,0.5655,0.5662,4775,50
1024012800,0.5662,0.5687,0.5577,0.5603,4706,50
1024272000,0.561,0.5616,0.5557,0.5585,3967,50
1024358400,0.5586,0.5666,0.5565,0.5657,4601,50
1024444800,0.5657,0.5678,0.5641,0.5655,4523,50
1024531200,0.5651,0.573,0.5645,0.5719,4781,50
1024617600,0.572,0.575,0.5711,0.5738,4736,50
1024876800,0.5742,0.5799,0.5646,0.5719,5195,50
1024963200,0.5719,0.5735,0.5681,0.5708,5539,50
1025049600,0.5709,0.5784,0.5584,0.5616,7015,50
1025136000,0.5613,0.5675,0.5604,0.5643,6639,50
1025222400,0.5645,0.5669,0.5611,0.5636,5637,50
1025481600,0.5629,0.5637,0.56,0.562,4508,50
1025568000,0.5619,0.5648,0.5589,0.5646,4778,50
1025654400,0.5647,0.5648,0.5576,0.5602,4968,50
1025740800,0.56,0.5605,0.5542,0.5559,4598,50
1025827200,0.556,0.5592,0.5534,0.5572,4716,50
1026086400,0.5574,0.5651,0.556,0.5642,5051,50
1026172800,0.5641,0.5697,0.5631,0.5674,4945,50
1026259200,0.5673,0.5714,0.564,0.5648,5899,50
1026345600,0.5641,0.5672,0.555,0.5575,5257,50
1026432000,0.5576,0.5615,0.5567,0.5581,4673,50
1026691200,0.5598,0.5629,0.5586,0.5606,4810,50
1026777600,0.5607,0.5648,0.5555,0.5569,5832,50
1026864000,0.5567,0.5583,0.5496,0.5518,5515,50
1026950400,0.5516,0.5544,0.5499,0.5532,5412,50
1027036800,0.5534,0.5584,0.553,0.5568,5345,50
1027296000,0.557,0.5572,0.5465,0.5473,6141,50
1027382400,0.5475,0.5475,0.5374,0.5397,7168,50
1027468800,0.5398,0.5459,0.5356,0.5456,6166,50
1027555200,0.5454,0.5456,0.5392,0.5405,5591,50
1027641600,0.5404,0.5423,0.5345,0.5361,6203,50
1027900800,0.5362,0.5418,0.5353,0.54,5335,50
1027987200,0.5399,0.546,0.5395,0.5439,5277,50
1028073600,0.5433,0.5484,0.5416,0.5423,5564,50
1028160000,0.5424,0.5431,0.5366,0.5392,6056,50
1028246400,0.5389,0.5424,0.5371,0.539,6884,50
1028505600,0.5388,0.5399,0.5262,0.5276,5286,50
1028592000,0.5278,0.5316,0.523,0.5307,8287,50
1028678400,0.5307,0.5381,0.5289,0.5365,7307,50
1028764800,0.5364,0.5372,0.5311,0.5346,7319,50
1028851200,0.5346,0.5367,0.5324,0.5357,5839,50
1029110400,0.5356,0.5413,0.5334,0.5398,5837,50
1029196800,0.5397,0.541,0.5366,0.5377,5856,50
1029283200,0.5378,0.5417,0.5339,0.5382,6327,50
1029369600,0.5382,0.5459,0.5372,0.5432,5348,50
1029456000,0.5432,0.5472,0.5424,0.5458,5323,50
1029715200,0.5458,0.5472,0.5406,0.5422,5274,50
1029801600,0.5427,0.547,0.5421,0.5456,4819,50
1029888000,0.5464,0.5487,0.5423,0.5442,5269,50
1029974400,0.5443,0.5445,0.5387,0.5413,5215,50
1030060800,0.5414,0.5451,0.5392,0.5439,4484,50
1030320000,0.5438,0.5452,0.5423,0.5446,3798,50
1030406400,0.5448,0.5546,0.544,0.5543,3921,50
1030492800,0.5542,0.5547,0.55,0.5512,5154,50
1030579200,0.5515,0.5529,0.5499,0.552,4653,50
1030665600,0.5522,0.5544,0.5492,0.5509,4544,50
1030924800,0.5501,0.5528,0.5481,0.5514,3493,50
1031011200,0.5515,0.5521,0.5462,0.548,4637,50
1031097600,0.5481,0.5481,0.5428,0.5455,6159,50
1031184000,0.5456,0.5469,0.5396,0.5426,4959,50
1031270400,0.5427,0.5482,0.5417,0.5478,5580,50
1031529600,0.5475,0.5487,0.545,0.5476,4988,50
1031616000,0.5474,0.5518,0.5466,0.5479,5269,50
1031702400,0.548,0.5491,0.5462,0.5482,4836,50
1031788800,0.548,0.5539,0.5476,0.5517,5547,50
1031875200,0.5517,0.5521,0.5473,0.5503,4965,50
1032134400,0.5498,0.5505,0.5468,0.5477,5174,50
1032220800,0.5477,0.5517,0.5451,0.5482,5867,50
1032307200,0.5484,0.549,0.5437,0.5487,5699,50
1032393600,0.5486,0.5525,0.5472,0.5491,5591,50
1032480000,0.5492,0.5504,0.5452,0.5462,4968,50
1032739200,0.5458,0.5484,0.5425,0.5434,5149,50
1032825600,0.5436,0.5454,0.5415,0.5448,5325,50
1032912000,0.5451,0.548,0.5434,0.5464,5524,50
1032998400,0.5462,0.5472,0.5414,0.5449,5781,50
1033084800,0.5452,0.5464,0.5431,0.5434,4764,50
1033344000,0.5434,0.5452,0.5419,0.5427,4397,50
1033430400,0.5427,0.5459,0.54,0.5451,5367,50
1033516800,0.5451,0.5458,0.5417,0.5436,5121,50
1033603200,0.5437,0.5478,0.5431,0.5465,4460,50
1033689600,0.5467,0.548,0.5451,0.5468,4214,50
1033948800,0.5464,0.5508,0.5463,0.5497,4647,50
1034035200,0.5492,0.5511,0.5461,0.5462,5245,50
1034121600,0.5465,0.5497,0.5459,0.5485,5237,50
1034208000,0.5486,0.5497,0.5465,0.5486,5356,50
1034294400,0.5484,0.5503,0.5466,0.5489,3905,50
1034553600,0.5477,0.549,0.545,0.5465,3726,50
1034640000,0.5465,0.5496,0.5451,0.5472,5516,50
1034726400,0.5472,0.5499,0.5462,0.5489,5446,50
1034812800,0.5487,0.5532,0.5479,0.5512,5444,50
1034899200,0.5512,0.552,0.5493,0.5499,5568,50
1035158400,0.5501,0.5552,0.5492,0.5546,5143,50
1035244800,0.5548,0.5569,0.552,0.5528,5741,50
1035331200,0.5529,0.5541,0.5517,0.5534,4682,50
1035417600,0.5533,0.5564,0.5528,0.555,4742,50
1035504000,0.5547,0.5564,0.5533,0.5556,4530,50
1035763200,0.5556,0.5599,0.5546,0.5586,4962,50
1035849600,0.5588,0.5599,0.5554,0.5573,5347,50
1035936000,0.5573,0.5573,0.5512,0.5529,5780,50
1036022400,0.5528,0.5559,0.5522,0.5552,5187,50
1036108800,0.5549,0.5599,0.5543,0.5594,5234,50
1036368000,0.5597,0.5624,0.5595,0.5607,4857,50
1036454400,0.5607,0.5638,0.5603,0.5608,4813,50
1036540800,0.5607,0.5663,0.5598,0.5659,4918,50
1036627200,0.5661,0.5673,0.5634,0.5669,5503,50
1036713600,0.5669,0.5678,0.564,0.5644,5043,50
1036972800,0.5636,0.5662,0.5597,0.5616,4939,50
1037059200,0.5617,0.5625,0.5581,0.5607,5722,50
1037145600,0.5608,0.5626,0.5585,0.5604,4800,50
1037232000,0.5604,0.5644,0.5594,0.5636,4594,50
1037318400,0.5634,0.5648,0.5614,0.564,4250,50
1037577600,0.5641,0.5653,0.5613,0.5621,5324,50
1037664000,0.5621,0.5645,0.5565,0.5593,5437,50
1037750400,0.5591,0.5612,0.5572,0.5607,5600,50
1037836800,0.5606,0.5639,0.5595,0.5628,4657,50
1037923200,0.5629,0.5648,0.5612,0.5633,4726,50
1038182400,0.5646,0.565,0.5578,0.5598,5100,50
1038268800,0.5596,0.5618,0.5583,0.56,5218,50
1038355200,0.56,0.5615,0.5545,0.5561,5644,50
1038441600,0.5562,0.5618,0.5553,0.5608,4829,50
1038528000,0.5609,0.5626,0.5581,0.5609,4847,50
1038787200,0.5595,0.5627,0.5561,0.5601,5285,50
1038873600,0.56,0.561,0.5579,0.5591,5335,50
1038960000,0.5591,0.5624,0.5584,0.5616,5586,50
1039046400,0.5617,0.5628,0.5598,0.5615,5432,50
1039132800,0.5614,0.5625,0.5594,0.5612,5762,50
1039392000,0.5629,0.5646,0.562,0.5633,5273,50
1039478400,0.5636,0.5643,0.5584,0.5598,5790,50
1039564800,0.5596,0.5618,0.559,0.5604,5066,50
1039651200,0.5604,0.5671,0.5601,0.5654,5733,50
1039737600,0.5655,0.5685,0.5637,0.5656,6006,50
1039996800,0.5658,0.5676,0.5646,0.5661,5333,50
1040083200,0.5662,0.5692,0.5643,0.5663,5538,50
1040169600,0.5661,0.5671,0.5634,0.5657,4906,50
1040256000,0.5659,0.5668,0.5641,0.566,4973,50
1040342400,0.5661,0.5666,0.5597,0.5636,4326,50
1040601600,0.5637,0.565,0.5611,0.5622,5254,50
1040688000,0.5623,0.5644,0.5607,0.5634,3380,50
1040774400,0.5638,0.5643,0.563,0.5641,499,50
1040860800,0.5641,0.5649,0.5621,0.5641,2775,50
1040947200,0.564,0.565,0.5602,0.5612,4341,50
1041206400,0.5612,0.5668,0.5612,0.5663,4631,50
1041292800,0.5664,0.5668,0.5589,0.5616,4091,50
1041379200,0.5614,0.563,0.5614,0.5615,130,50
1041465600,0.5617,0.5661,0.5614,0.5634,4954,50
1041552000,0.5634,0.5681,0.5619,0.5681,5163,50
1041811200,0.5673,0.5773,0.5671,0.5764,6125,50
1041897600,0.5763,0.5769,0.5733,0.5735,5272,50
1041984000,0.5738,0.5774,0.571,0.5764,5294,50
1042070400,0.5767,0.5792,0.5753,0.5766,6293,50
1042156800,0.5766,0.5846,0.5752,0.5846,6019,50
1042416000,0.5826,0.5861,0.5803,0.5849,5878,50
1042502400,0.5851,0.5865,0.5821,0.5852,6094,50
1042588800,0.5852,0.5889,0.5821,0.5855,5335,50
1042675200,0.5856,0.5896,0.5845,0.5892,5546,50
1042761600,0.589,0.593,0.5881,0.5924,5346,50
1043020800,0.591,0.592,0.5891,0.5917,4471,50
1043107200,0.5917,0.5924,0.5851,0.5887,6009,50
1043193600,0.5884,0.59,0.5844,0.5856,5389,50
1043280000,0.5857,0.5926,0.5851,0.5922,5482,50
1043366400,0.5921,0.594,0.5904,0.5923,4712,50
1043625600,0.592,0.5945,0.5878,0.589,5687,50
1043712000,0.5893,0.59,0.5862,0.5884,5805,50
1043798400,0.5882,0.5918,0.588,0.5903,5956,50
1043884800,0.5903,0.5904,0.5855,0.5893,6129,50
1043971200,0.5895,0.5908,0.5856,0.5882,5647,50
1044230400,0.586,0.5873,0.5821,0.5857,5437,50
1044316800,0.5855,0.5927,0.5839,0.5911,6004,50
1044403200,0.591,0.5936,0.588,0.5902,5832,50
1044489600,0.5903,0.5924,0.5883,0.5914,4792,50
1044576000,0.5916,0.5932,0.5884,0.5901,4431,50
1044835200,0.5903,0.5938,0.5888,0.5892,5282,50
1044921600,0.5893,0.592,0.5867,0.5915,6009,50
1045008000,0.5916,0.5934,0.5871,0.5873,5694,50
1045094400,0.5877,0.5973,0.5871,0.5953,5848,50
1045180800,0.5954,0.5971,0.5905,0.5923,5709,50
1045440000,0.5914,0.5933,0.5882,0.5898,4604,50
1045526400,0.5899,0.5924,0.5887,0.5896,5962,50
1045612800,0.5896,0.595,0.589,0.5947,5829,50
1045699200,0.5946,0.599,0.5936,0.5982,5597,50
1045785600,0.5982,0.5998,0.5959,0.5975,5545,50
1046044800,0.5975,0.6068,0.5959,0.6046,5971,50
1046131200,0.6045,0.6084,0.604,0.6051,6267,50
1046217600,0.6052,0.6081,0.6041,0.6074,5462,50
1046304000,0.6073,0.6091,0.6046,0.6058,5409,50
1046390400,0.6057,0.6091,0.6029,0.609,6049,50
1046649600,0.6076,0.615,0.6061,0.614,5619,50
1046736000,0.6139,0.6163,0.6115,0.6157,5769,50
1046822400,0.6157,0.6182,0.6146,0.6159,6473,50
1046908800,0.6158,0.617,0.6124,0.6139,5993,50
1046995200,0.6138,0.6177,0.613,0.6134,5216,50
1047254400,0.6134,0.6169,0.6124,0.6146,5471,50
1047340800,0.6147,0.6157,0.6015,0.6036,5702,50
1047427200,0.6036,0.6063,0.5914,0.5933,7371,50
1047513600,0.5932,0.5956,0.5892,0.595,7217,50
1047600000,0.5949,0.599,0.5939,0.5979,6039,50
1047859200,0.5982,0.6027,0.5907,0.5921,7293,50
1047945600,0.5918,0.5953,0.5877,0.594,6866,50
1048032000,0.5941,0.5945,0.588,0.5909,6686,50
1048118400,0.5909,0.5957,0.5891,0.5937,6328,50
1048204800,0.5937,0.5941,0.5889,0.5908,6285,50
1048464000,0.5927,0.5957,0.5922,0.5949,5781,50
1048550400,0.595,0.5983,0.5938,0.5975,5876,50
1048636800,0.5975,0.5994,0.5962,0.5991,5899,50
1048723200,0.599,0.602,0.5982,0.6008,5856,50
1048809600,0.601,0.6021,0.5985,0.6002,5341,50
1049068800,0.6,0.6056,0.5999,0.6046,6080,50
1049155200,0.6045,0.6063,0.6023,0.6046,5610,50
1049241600,0.6048,0.6066,0.5991,0.6022,6178,50
1049328000,0.6022,0.6027,0.5956,0.6017,6553,50
1049414400,0.6016,0.6025,0.5988,0.6007,6429,50
1049673600,0.5995,0.6011,0.5925,0.599,5785,50
1049760000,0.599,0.6019,0.5972,0.6018,6170,50
1049846400,0.6018,0.606,0.6008,0.6055,6051,50
1049932800,0.6056,0.6078,0.6036,0.6064,6605,50
1050019200,0.6069,0.6081,0.6015,0.6055,5832,50
1050278400,0.6049,0.6058,0.6014,0.6044,5509,50
1050364800,0.6044,0.6079,0.603,0.6069,5701,50
1050451200,0.6068,0.6135,0.6068,0.613,5731,50
1050537600,0.6129,0.617,0.6117,0.6135,5598,50
1050624000,0.6137,0.6159,0.6121,0.6145,2370,50
1050883200,0.615,0.6161,0.6127,0.613,3515,50
1050969600,0.613,0.6232,0.6129,0.6214,5740,50
1051056000,0.6213,0.6217,0.6156,0.6156,6172,50
1051142400,0.6157,0.6216,0.6156,0.6187,6661,50
1051228800,0.6186,0.6196,0.6137,0.6166,5629,50
1051488000,0.616,0.622,0.6147,0.6181,6097,50
1051574400,0.6181,0.6232,0.6168,0.6227,5687,50
1051660800,0.6231,0.627,0.6221,0.6263,5780,50
1051747200,0.6265,0.6339,0.6253,0.6316,5626,50
1051833600,0.6315,0.6346,0.6286,0.631,5543,50
1052092800,0.6299,0.6362,0.6295,0.6347,9691,50
1052179200,0.6346,0.6439,0.6336,0.6421,11979,50
1052265600,0.6419,0.6449,0.6348,0.6388,11621,50
1052352000,0.6381,0.6453,0.6344,0.642,11579,50
1052438400,0.6418,0.6477,0.6415,0.6444,11726,50
1052697600,0.6464,0.6513,0.6455,0.6502,10238,50
1052784000,0.6502,0.6509,0.6437,0.6481,9595,50
1052870400,0.6481,0.6485,0.643,0.6455,6800,50
1052956800,0.6456,0.6477,0.6393,0.6406,6716,50
1053043200,0.6408,0.6536,0.6399,0.6531,5778,50
1053302400,0.6582,0.6596,0.6532,0.6546,6413,50
1053388800,0.6545,0.6592,0.6522,0.6589,7349,50
1053475200,0.6589,0.6607,0.6541,0.6547,7600,50
1053561600,0.6547,0.6597,0.6525,0.6579,6736,50
1053648000,0.6582,0.6617,0.6551,0.6595,6421,50
1053907200,0.6596,0.6604,0.6575,0.6598,4067,50
1053993600,0.6597,0.6629,0.6544,0.6554,7598,50
1054080000,0.6556,0.6579,0.6464,0.6511,7884,50
1054166400,0.6515,0.6531,0.6429,0.6522,8575,50
1054252800,0.6521,0.655,0.6484,0.6528,8277,50
1054512000,0.6501,0.6587,0.648,0.6579,8349,50
1054598400,0.6581,0.6621,0.6556,0.6618,9157,50
1054684800,0.6617,0.667,0.6593,0.6636,8242,50
1054771200,0.6636,0.669,0.6604,0.6654,8960,50
1054857600,0.6653,0.6711,0.6532,0.6589,9119,50
1055116800,0.659,0.6618,0.656,0.6571,7934,50
1055203200,0.657,0.6595,0.6548,0.6557,8439,50
1055289600,0.6557,0.665,0.6542,0.6631,8338,50
1055376000,0.6627,0.6667,0.6612,0.6646,8854,50
1055462400,0.6651,0.6691,0.6628,0.6686,8128,50
1055721600,0.6685,0.6704,0.6658,0.6676,7816,50
1055808000,0.6673,0.6722,0.6662,0.6696,6963,50
1055894400,0.6695,0.6741,0.6687,0.673,6979,50
1055980800,0.673,0.6736,0.6644,0.6715,9269,50
1056067200,0.6715,0.6731,0.666,0.6674,8897,50
1056326400,0.6674,0.6694,0.661,0.6633,8864,50
1056412800,0.6633,0.6668,0.6614,0.6638,7313,50
1056499200,0.6637,0.6731,0.6629,0.668,7424,50
1056585600,0.6681,0.6714,0.6629,0.6641,7735,50
1056672000,0.6643,0.6679,0.6639,0.6668,6784,50
1056931200,0.666,0.6744,0.6655,0.6734,6745,50
1057017600,0.6734,0.678,0.6722,0.6761,6813,50
1057104000,0.6761,0.6822,0.6752,0.6806,7445,50
1057190400,0.6806,0.6838,0.6769,0.681,7092,50
1057276800,0.6813,0.6828,0.6787,0.6791,4827,50
1057536000,0.6792,0.6848,0.6771,0.6778,6006,50
1057622400,0.6781,0.6794,0.6556,0.6612,9735,50
1057708800,0.6611,0.6634,0.6516,0.6575,9474,50
1057795200,0.6575,0.6593,0.6488,0.6587,10346,50
1057881600,0.6587,0.6617,0.6553,0.6591,8557,50
1058140800,0.6571,0.6619,0.6562,0.6586,7287,50
1058227200,0.6588,0.6607,0.6481,0.65,9006,50
1058313600,0.6503,0.6581,0.6494,0.656,8333,50
1058400000,0.6564,0.657,0.6474,0.6526,9396,50
1058486400,0.6529,0.6529,0.644,0.6482,9640,50
1058745600,0.6468,0.6533,0.646,0.6513,7693,50
1058832000,0.6515,0.6548,0.6492,0.6517,7741,50
1058918400,0.6513,0.6613,0.6496,0.6606,8288,50
1059004800,0.6606,0.6669,0.6595,0.6657,9042,50
1059091200,0.6656,0.6664,0.6611,0.6631,7623,50
1059350400,0.6625,0.6661,0.6615,0.6624,6991,50
1059436800,0.6625,0.6679,0.6622,0.6634,8448,50
1059523200,0.6628,0.6643,0.6506,0.6531,8896,50
1059609600,0.6532,0.6544,0.6464,0.6489,8754,50
1059696000,0.6484,0.6547,0.6445,0.6519,8647,50
1059955200,0.6525,0.653,0.643,0.6466,7577,50
1060041600,0.6467,0.6498,0.6405,0.6488,8825,50
1060128000,0.6486,0.6516,0.6463,0.6483,7420,50
1060214400,0.6482,0.6528,0.6442,0.6514,8756,50
1060300800,0.6514,0.654,0.6494,0.6519,8001,50
1060560000,0.6527,0.6599,0.6504,0.6575,6699,50
1060646400,0.6573,0.6614,0.6557,0.6563,7092,50
1060732800,0.6567,0.6589,0.6523,0.6579,8093,50
1060819200,0.658,0.6594,0.6549,0.6576,6467,50
1060905600,0.6576,0.6608,0.656,0.6601,6263,50
1061164800,0.6606,0.6624,0.6553,0.6575,6153,50
1061251200,0.6573,0.6581,0.6525,0.6562,6470,50
1061337600,0.6562,0.6623,0.654,0.6599,6950,50
1061424000,0.6598,0.6605,0.6511,0.6534,7927,50
1061510400,0.6536,0.655,0.6473,0.6524,8078,50
1061769600,0.6514,0.6537,0.6492,0.6493,6352,50
1061856000,0.6493,0.6494,0.6421,0.6438,7487,50
1061942400,0.6437,0.645,0.6367,0.6397,8504,50
1062028800,0.6397,0.6422,0.6354,0.6411,8566,50
1062115200,0.6407,0.6498,0.6392,0.6471,7570,50
1062374400,0.647,0.6485,0.6442,0.6455,5494,50
1062460800,0.6454,0.6458,0.6355,0.6369,8170,50
1062547200,0.637,0.6417,0.6347,0.6399,8715,50
1062633600,0.6399,0.6436,0.6369,0.6417,7849,50
1062720000,0.6419,0.6492,0.6408,0.6485,8125,50
1062979200,0.6473,0.6519,0.6442,0.6485,8000,50
1063065600,0.6481,0.661,0.6468,0.6586,8788,50
1063152000,0.6585,0.6602,0.6562,0.657,10043,50
1063238400,0.6568,0.6623,0.6543,0.659,9273,50
1063324800,0.6591,0.6647,0.6567,0.6633,6970,50
1063584000,0.6627,0.6672,0.6611,0.665,7216,50
1063670400,0.6653,0.6674,0.6604,0.6623,7521,50
1063756800,0.6623,0.6662,0.6587,0.6644,7520,50
1063843200,0.6644,0.6698,0.6633,0.6668,7768,50
1063929600,0.6668,0.674,0.6666,0.6731,7235,50
1064188800,0.6772,0.684,0.6769,0.6778,9039,50
1064275200,0.678,0.6816,0.6753,0.6755,8232,50
1064361600,0.6754,0.6796,0.673,0.6774,8007,50
1064448000,0.6776,0.6827,0.6773,0.6779,8106,50
1064534400,0.678,0.6808,0.6733,0.6738,8052,50
1064793600,0.6758,0.6796,0.6679,0.6791,8389,50
1064880000,0.6785,0.6874,0.6755,0.6802,9343,50
1064966400,0.6803,0.688,0.6795,0.6868,8909,50
1065052800,0.687,0.6878,0.6814,0.6843,8535,50
1065139200,0.6844,0.6862,0.6765,0.6792,8204,50
1065398400,0.6788,0.6862,0.6761,0.6855,7686,50
1065484800,0.6853,0.6922,0.6843,0.6903,8001,50
1065571200,0.6901,0.6936,0.6884,0.6896,7829,50
1065657600,0.6898,0.6961,0.6861,0.6899,8998,50
1065744000,0.69,0.6943,0.6874,0.6917,7648,50
1066003200,0.6927,0.6931,0.6861,0.6894,7066,50
1066089600,0.6893,0.6918,0.6827,0.69,8457,50
1066176000,0.6898,0.6928,0.6855,0.6862,8046,50
1066262400,0.6861,0.6931,0.686,0.689,7838,50
1066348800,0.6886,0.6942,0.687,0.6922,7339,50
1066608000,0.694,0.6953,0.6894,0.6913,8023,50
1066694400,0.6915,0.7008,0.6913,0.6997,8123,50
1066780800,0.6998,0.7078,0.6981,0.7055,7529,50
1066867200,0.7051,0.707,0.6962,0.6999,8662,50
1066953600,0.6999,0.703,0.6981,0.6992,8017,50
1067212800,0.6994,0.7061,0.6989,0.7044,8214,50
1067299200,0.704,0.7069,0.7015,0.7051,8949,50
1067385600,0.7048,0.7077,0.7027,0.7035,8612,50
1067472000,0.7034,0.7111,0.702,0.7036,9212,50
1067558400,0.7038,0.7103,0.7025,0.7079,8347,50
1067817600,0.7073,0.7095,0.6948,0.6975,7854,50
1067904000,0.6974,0.7099,0.6958,0.7097,7422,50
1067990400,0.7116,0.7124,0.707,0.709,8026,50
1068076800,0.7092,0.7128,0.7048,0.7062,8627,50
1068163200,0.7063,0.7103,0.7038,0.7089,8133,50
1068422400,0.7102,0.7181,0.7092,0.7147,7446,50
1068508800,0.7146,0.7167,0.7125,0.7151,7771,50
1068595200,0.7153,0.7195,0.7124,0.7169,7764,50
1068681600,0.7166,0.7228,0.7164,0.7206,8464,50
1068768000,0.7206,0.7224,0.7175,0.7196,7691,50
1069027200,0.7204,0.7219,0.71,0.7105,8756,50
1069113600,0.7105,0.7251,0.7094,0.7241,9158,50
1069200000,0.7243,0.7245,0.7202,0.7226,8361,50
1069286400,0.7221,0.7268,0.7205,0.7218,8105,50
1069372800,0.7215,0.7251,0.7201,0.7224,7978,50
1069632000,0.7228,0.7246,0.7155,0.7179,8298,50
1069718400,0.718,0.7218,0.7162,0.7193,8114,50
1069804800,0.7193,0.7253,0.7157,0.7228,8320,50
1069891200,0.7229,0.7245,0.7211,0.7225,6324,50
1069977600,0.7225,0.7261,0.7192,0.7243,7569,50
1070236800,0.724,0.7292,0.7226,0.7281,7673,50
1070323200,0.7278,0.7334,0.7262,0.7328,8472,50
1070409600,0.7325,0.7376,0.7304,0.7365,8410,50
1070496000,0.7366,0.7385,0.7315,0.7358,8161,50
1070582400,0.7358,0.7375,0.733,0.7366,7501,50
1070841600,0.7365,0.7419,0.7351,0.7406,7113,50
1070928000,0.7405,0.7435,0.737,0.7406,8407,50
1071014400,0.7406,0.7415,0.7359,0.7388,8036,50
1071100800,0.7388,0.7403,0.7332,0.739,8974,50
1071187200,0.7389,0.7439,0.7378,0.7409,7679,50
1071446400,0.737,0.745,0.7368,0.7437,7975,50
1071532800,0.7439,0.7457,0.7418,0.7435,8001,50
1071619200,0.7432,0.7437,0.7357,0.7387,8634,50
1071705600,0.7386,0.7432,0.7347,0.7409,8637,50
1071792000,0.7412,0.7417,0.7355,0.7362,7992,50
1072051200,0.7363,0.7376,0.7313,0.734,7367,50
1072137600,0.7338,0.7393,0.7329,0.7392,8009,50
1072224000,0.7393,0.7437,0.7376,0.7419,5610,50
1072310400,0.7421,0.7431,0.7415,0.7419,938,50
1072396800,0.7419,0.7442,0.7406,0.7412,2810,50
1072656000,0.7414,0.745,0.7405,0.7444,6191,50
1072742400,0.7445,0.7497,0.7424,0.7486,7109,50
1072828800,0.7489,0.7542,0.7472,0.752,6415,50
1072915200,0.7534,0.7535,0.75,0.7517,414,50
1073001600,0.7521,0.7595,0.7494,0.7584,6528,50
1073260800,0.7592,0.7693,0.759,0.7676,8392,50
1073347200,0.7676,0.7731,0.7658,0.7689,8828,50
1073433600,0.7683,0.7709,0.7651,0.7675,8765,50
1073520000,0.7675,0.776,0.7648,0.7752,8782,50
1073606400,0.7754,0.7787,0.7685,0.7754,8396,50
1073865600,0.7774,0.7803,0.7749,0.7767,8589,50
1073952000,0.7768,0.7817,0.7751,0.7786,9123,50
1074038400,0.7786,0.7804,0.7732,0.7741,9404,50
1074124800,0.7739,0.777,0.7687,0.7712,9824,50
1074211200,0.771,0.7724,0.7612,0.7631,8946,50
1074470400,0.7634,0.7638,0.7532,0.7543,8644,50
1074556800,0.7544,0.7703,0.7541,0.7685,9222,50
1074643200,0.7686,0.7752,0.7667,0.7736,9018,50
1074729600,0.7732,0.7798,0.772,0.7781,8391,50
1074816000,0.7781,0.78,0.7701,0.7702,8309,50
1075075200,0.7714,0.7778,0.7678,0.7681,9125,50
1075161600,0.7679,0.7816,0.7677,0.7796,9157,50
1075248000,0.7796,0.7814,0.7662,0.7676,10623,50
1075334400,0.7672,0.7749,0.7574,0.7613,10340,50
1075420800,0.7613,0.7652,0.7544,0.7631,9466,50
1075680000,0.7642,0.7656,0.7559,0.7593,8820,50
1075766400,0.7593,0.7678,0.758,0.7646,9091,50
1075852800,0.7643,0.7656,0.7588,0.762,8431,50
1075939200,0.7619,0.7674,0.7597,0.7613,8172,50
1076025600,0.7615,0.7715,0.7607,0.7703,8145,50
1076284800,0.766,0.7788,0.7652,0.7763,9201,50
1076371200,0.7761,0.784,0.7761,0.7811,8612,50
1076457600,0.7811,0.7899,0.7765,0.7885,8860,50
1076544000,0.7885,0.7911,0.7852,0.7905,8304,50
1076630400,0.7907,0.7949,0.7866,0.7897,8030,50
1076889600,0.7895,0.7937,0.7892,0.7917,6880,50
1076976000,0.7918,0.7991,0.791,0.7981,8009,50
1077062400,0.7983,0.801,0.7872,0.7902,8743,50
1077148800,0.7901,0.7933,0.7864,0.7923,8170,50
1077235200,0.7926,0.7936,0.764,0.7703,9375,50
1077494400,0.77,0.7759,0.7652,0.7747,8486,50
1077580800,0.7744,0.7819,0.7692,0.7799,9082,50
1077667200,0.7794,0.7819,0.7705,0.7718,8492,50
1077753600,0.772,0.7743,0.766,0.7715,8379,50
1077840000,0.7717,0.775,0.766,0.7738,8218,50
1078099200,0.7727,0.7773,0.7706,0.7727,8123,50
1078185600,0.7729,0.7749,0.7586,0.7612,8812,50
1078272000,0.7612,0.7612,0.7396,0.7481,11069,50
1078358400,0.7482,0.756,0.7475,0.7514,9094,50
1078444800,0.7511,0.7628,0.7482,0.761,8549,50
1078704000,0.7584,0.7606,0.7539,0.7599,8336,50
1078790400,0.7599,0.7661,0.7566,0.7582,8780,50
1078876800,0.7579,0.7596,0.7446,0.7478,9435,50
1078963200,0.7478,0.7509,0.7317,0.7348,10999,50
1079049600,0.7349,0.7361,0.7253,0.7322,9795,50
1079308800,0.7305,0.7386,0.7292,0.7361,8685,50
1079395200,0.7361,0.744,0.7353,0.7423,8516,50
1079481600,0.7426,0.7439,0.7363,0.7403,8366,50
1079568000,0.7405,0.7555,0.7399,0.7525,8607,50
1079654400,0.7527,0.7532,0.7441,0.7487,8060,50
1079913600,0.7476,0.7559,0.7429,0.7545,7933,50
1080000000,0.7544,0.7546,0.7493,0.7538,7815,50
1080086400,0.7537,0.7549,0.7423,0.7442,8551,50
1080172800,0.744,0.7455,0.7372,0.7399,8838,50
1080259200,0.7398,0.748,0.7378,0.7466,7999,50
1080518400,0.7458,0.7492,0.7433,0.7466,7195,50
1080604800,0.7467,0.756,0.7464,0.7533,7031,50
1080691200,0.7533,0.7672,0.753,0.7667,7941,50
1080777600,0.767,0.7695,0.7596,0.7668,8140,50
1080864000,0.7669,0.7677,0.7561,0.7577,7901,50
1081123200,0.7563,0.7599,0.7513,0.753,7156,50
1081209600,0.7529,0.7636,0.7509,0.7619,7716,50
1081296000,0.7621,0.7696,0.7575,0.7646,7693,50
1081382400,0.7646,0.7677,0.7578,0.7625,8272,50
1081468800,0.7626,0.7655,0.7608,0.7638,4540,50
1081728000,0.7627,0.7681,0.7623,0.7668,6015,50
1081814400,0.7666,0.7692,0.7526,0.7529,7819,50
1081900800,0.7531,0.7548,0.7297,0.7335,9821,50
1081987200,0.7333,0.7424,0.7322,0.7412,8544,50
1082073600,0.7412,0.7466,0.7358,0.7434,7717,50
1082332800,0.7457,0.7514,0.7442,0.7455,6786,50
1082419200,0.7455,0.7465,0.7303,0.732,8351,50
1082505600,0.7314,0.7378,0.7264,0.7301,8745,50
1082592000,0.7301,0.7357,0.7233,0.7348,8399,50
1082678400,0.7349,0.7357,0.7269,0.7336,7515,50
1082937600,0.7297,0.7365,0.7283,0.7341,6800,50
1083024000,0.7341,0.7369,0.728,0.7356,6787,50
1083110400,0.7356,0.7365,0.7213,0.7231,7360,50
1083196800,0.7232,0.7239,0.7124,0.7218,8789,50
1083283200,0.7218,0.7245,0.7169,0.7201,7670,50
1083542400,0.7225,0.7232,0.7179,0.72,6972,50
1083628800,0.7202,0.7314,0.72,0.731,8122,50
1083715200,0.7311,0.7345,0.7283,0.7312,7939,50
1083801600,0.7313,0.7332,0.7205,0.7213,8170,50
1083888000,0.7214,0.7238,0.7015,0.7035,8761,50
1084147200,0.7026,0.7047,0.6906,0.694,9262,50
1084233600,0.6943,0.6993,0.692,0.6974,7907,50
1084320000,0.6973,0.7025,0.6941,0.6992,8788,50
1084406400,0.6992,0.7002,0.6848,0.687,9288,50
1084492800,0.6872,0.6926,0.6829,0.6917,8204,50
1084752000,0.6916,0.6964,0.6836,0.6865,8428,50
1084838400,0.6866,0.6887,0.6796,0.6876,8557,50
1084924800,0.6875,0.7015,0.6861,0.6976,8596,50
1085011200,0.6973,0.6978,0.6906,0.6963,8074,50
1085097600,0.6957,0.7037,0.6942,0.698,7873,50
1085356800,0.6992,0.7013,0.6944,0.6984,7828,50
1085443200,0.6985,0.7102,0.6957,0.7087,8280,50
1085529600,0.7084,0.7117,0.7048,0.7076,8003,50
1085616000,0.7077,0.719,0.7057,0.7183,8096,50
1085702400,0.7184,0.7202,0.7113,0.7143,7772,50
1085961600,0.7144,0.7176,0.7121,0.7157,6009,50
1086048000,0.7162,0.718,0.7055,0.7068,8310,50
1086134400,0.7069,0.7097,0.693,0.6968,8986,50
1086220800,0.6967,0.6987,0.6845,0.6882,9374,50
1086307200,0.6879,0.6965,0.6872,0.6957,8300,50
1086566400,0.6987,0.7079,0.6968,0.7062,7884,50
1086652800,0.7057,0.7067,0.6988,0.6999,7729,50
1086739200,0.7,0.7015,0.6877,0.6881,8470,50
1086825600,0.6882,0.6995,0.6863,0.6972,8190,50
1086912000,0.6973,0.6978,0.6905,0.6925,6884,50
1087171200,0.6917,0.6931,0.6829,0.6871,7813,50
1087257600,0.687,0.6995,0.6797,0.6973,8867,50
1087344000,0.6972,0.6977,0.6851,0.6887,8407,50
1087430400,0.6886,0.6915,0.6774,0.6808,9350,50
1087516800,0.6808,0.6912,0.6799,0.6886,8097,50
1087776000,0.6908,0.692,0.6873,0.6903,7083,50
1087862400,0.6904,0.6921,0.6844,0.6878,7550,50
1087948800,0.6877,0.6922,0.6846,0.688,7587,50
1088035200,0.688,0.7018,0.6865,0.6995,8160,50
1088121600,0.6999,0.7028,0.6963,0.7005,7518,50
1088380800,0.6997,0.7025,0.6952,0.7004,7629,50
1088467200,0.7003,0.7014,0.6888,0.691,8091,50
1088553600,0.6912,0.6995,0.6878,0.6982,8335,50
1088640000,0.6978,0.7071,0.6965,0.7049,7788,50
1088726400,0.7047,0.7142,0.7013,0.713,7508,50
1088985600,0.7127,0.7164,0.711,0.7118,6090,50
1089072000,0.7119,0.719,0.7117,0.7139,7716,50
1089158400,0.7138,0.7245,0.7132,0.7226,7904,50
1089244800,0.7227,0.7238,0.7171,0.7209,8086,50
1089331200,0.7209,0.7245,0.7186,0.7212,7435,50
1089590400,0.723,0.7287,0.7228,0.7266,7507,50
1089676800,0.7271,0.7277,0.7205,0.7249,7799,50
1089763200,0.7248,0.727,0.7222,0.7243,7048,50
1089849600,0.7243,0.7266,0.72,0.7211,7729,50
1089936000,0.7224,0.7327,0.7195,0.7321,6997,50
1090195200,0.7319,0.735,0.7313,0.7324,6902,50
1090281600,0.7321,0.7341,0.7262,0.7276,7424,50
1090368000,0.7276,0.7289,0.7109,0.7161,8106,50
1090454400,0.7163,0.7183,0.7093,0.7144,8004,50
1090540800,0.7145,0.7161,0.7072,0.7093,7420,50
1090800000,0.7091,0.7132,0.7067,0.7092,7546,50
1090886400,0.7091,0.7143,0.6976,0.6999,8684,50
1090972800,0.6998,0.7024,0.6949,0.6983,8961,50
1091059200,0.6983,0.7012,0.693,0.6984,8205,50
1091145600,0.6984,0.7063,0.6956,0.7013,8258,50
1091404800,0.7039,0.7065,0.7006,0.7029,7376,50
1091491200,0.7028,0.7079,0.6989,0.7063,7285,50
1091577600,0.7064,0.707,0.7011,0.705,7549,50
1091664000,0.7049,0.7058,0.7015,0.7031,6837,50
1091750400,0.7034,0.716,0.7013,0.7123,7627,50
1092009600,0.7139,0.718,0.712,0.7147,7550,50
1092096000,0.715,0.7177,0.7103,0.7126,7430,50
1092182400,0.7127,0.7157,0.7103,0.7145,7647,50
1092268800,0.7144,0.7188,0.712,0.7142,8022,50
1092355200,0.7143,0.718,0.7056,0.7175,8596,50
1092614400,0.7169,0.7199,0.7159,0.7182,6932,50
1092700800,0.7181,0.7197,0.7129,0.7156,7191,50
1092787200,0.7156,0.717,0.713,0.715,7341,50
1092873600,0.7149,0.7265,0.7141,0.7247,7531,50
1092960000,0.7247,0.7261,0.7214,0.7232,7398,50
1093219200,0.7236,0.7238,0.7104,0.7113,7693,50
1093305600,0.711,0.7137,0.7021,0.705,8310,50
1093392000,0.7049,0.7085,0.7028,0.7053,8121,50
1093478400,0.7052,0.7084,0.7002,0.7031,8225,50
1093564800,0.7031,0.7093,0.7013,0.7013,7621,50
1093824000,0.7019,0.7035,0.6956,0.6991,7452,50
1093910400,0.6987,0.7078,0.6974,0.7052,7599,50
1093996800,0.7051,0.7065,0.7014,0.7023,7162,50
1094083200,0.7023,0.7037,0.694,0.6959,7454,50
1094169600,0.6961,0.6989,0.6884,0.6898,7919,50
1094428800,0.6916,0.6934,0.6895,0.6917,5982,50
1094515200,0.6918,0.6963,0.6908,0.6943,8035,50
1094601600,0.6939,0.6986,0.6881,0.6976,9136,50
1094688000,0.6975,0.6977,0.685,0.6892,8640,50
1094774400,0.6892,0.6996,0.6874,0.6945,8353,50
1095033600,0.6965,0.6987,0.6942,0.6969,6944,50
1095120000,0.697,0.7053,0.6961,0.7017,7863,50
1095206400,0.7016,0.7042,0.6934,0.6952,7525,50
1095292800,0.6952,0.7008,0.6942,0.6988,7234,50
1095379200,0.6986,0.7012,0.696,0.6978,6630,50
1095638400,0.6981,0.702,0.6971,0.7003,7003,50
1095724800,0.7004,0.7046,0.6988,0.7039,6936,50
1095811200,0.7037,0.7081,0.7032,0.707,7769,50
1095897600,0.7071,0.7164,0.7062,0.7131,7712,50
1095984000,0.7133,0.7172,0.7115,0.7137,7125,50
1096243200,0.7138,0.7149,0.7101,0.7135,7124,50
1096329600,0.7136,0.7195,0.7132,0.7184,7101,50
1096416000,0.7182,0.7184,0.7128,0.7165,7075,50
1096502400,0.7165,0.7288,0.7135,0.7265,7990,50
1096588800,0.7263,0.7274,0.7223,0.7259,7247,50
1096848000,0.7238,0.7249,0.7186,0.7216,9787,50
1096934400,0.7214,0.7258,0.7192,0.7238,7473,50
1097020800,0.7237,0.7252,0.7204,0.7229,7405,50
1097107200,0.7229,0.7288,0.7213,0.7282,7417,50
1097193600,0.7281,0.7367,0.7256,0.7342,7279,50
1097452800,0.7378,0.7385,0.7313,0.7335,6560,50
1097539200,0.7335,0.7347,0.7267,0.7297,7475,50
1097625600,0.7296,0.7311,0.7214,0.7251,8323,50
1097712000,0.725,0.7333,0.7227,0.7283,7818,50
1097798400,0.7284,0.7337,0.7267,0.7306,7672,50
1098057600,0.7305,0.7322,0.7242,0.7243,7145,50
1098144000,0.7243,0.73,0.7222,0.7268,7729,50
1098230400,0.7266,0.7377,0.7262,0.7339,7907,50
1098316800,0.7343,0.7405,0.7337,0.7369,7977,50
1098403200,0.7369,0.7407,0.7361,0.7397,6988,50
1098662400,0.7423,0.7498,0.7411,0.7475,8085,50
1098748800,0.7477,0.7506,0.7437,0.746,7857,50
1098835200,0.7463,0.7512,0.7424,0.7432,8530,50
1098921600,0.7432,0.7503,0.7368,0.7451,9032,50
1099008000,0.7451,0.7493,0.7434,0.7482,7835,50
1099267200,0.7494,0.7502,0.7437,0.7456,7713,50
1099353600,0.7458,0.7496,0.7434,0.7484,7849,50
1099440000,0.7487,0.7574,0.7445,0.7558,8996,50
1099526400,0.7559,0.7592,0.7539,0.7572,7724,50
1099612800,0.7572,0.7637,0.7528,0.7628,8279,50
1099872000,0.7638,0.764,0.7556,0.7575,7424,50
1099958400,0.7572,0.762,0.7552,0.7595,7461,50
1100044800,0.7595,0.7649,0.7559,0.7588,8383,50
1100131200,0.7589,0.7663,0.758,0.7639,6997,50
1100217600,0.7636,0.7703,0.7631,0.7692,6911,50
1100476800,0.7691,0.7739,0.7687,0.7721,7455,50
1100563200,0.7722,0.7747,0.7689,0.7724,7140,50
1100649600,0.7722,0.7845,0.772,0.782,7494,50
1100736000,0.7821,0.7846,0.7762,0.7769,8272,50
1100822400,0.7769,0.7866,0.775,0.7838,7394,50
1101081600,0.785,0.7856,0.7807,0.7821,7068,50
1101168000,0.7818,0.7879,0.7771,0.7865,7853,50
1101254400,0.7865,0.7894,0.7842,0.7872,7197,50
1101340800,0.7872,0.7939,0.7853,0.7925,6414,50
1101427200,0.7925,0.795,0.7843,0.7911,7560,50
1101686400,0.7902,0.7904,0.7806,0.7826,8088,50
1101772800,0.7829,0.783,0.7696,0.7732,8622,50
1101859200,0.7733,0.7792,0.7695,0.7773,8349,50
1101945600,0.7772,0.7834,0.7733,0.7752,8463,50
1102032000,0.7752,0.7823,0.7716,0.7823,7518,50
1102291200,0.7801,0.7824,0.7724,0.7732,7930,50
1102377600,0.7732,0.7805,0.7724,0.7752,8210,50
1102464000,0.775,0.776,0.7521,0.7586,10230,50
1102550400,0.7586,0.7619,0.7498,0.7552,9508,50
1102636800,0.7553,0.7558,0.7443,0.7509,9139,50
1102896000,0.7487,0.7605,0.7487,0.7597,7972,50
1102982400,0.7598,0.7623,0.7545,0.7567,8008,50
1103068800,0.7567,0.7653,0.7541,0.764,8221,50
1103155200,0.7637,0.7671,0.7529,0.757,9468,50
1103241600,0.7572,0.7658,0.7559,0.7619,8232,50
1103500800,0.7649,0.7656,0.7614,0.7634,7931,50
1103587200,0.7635,0.7687,0.7632,0.7662,7867,50
1103673600,0.7664,0.7683,0.7625,0.764,7588,50
1103760000,0.7642,0.7677,0.7631,0.7666,7192,50
1103846400,0.7666,0.7713,0.7635,0.7698,6115,50
1104105600,0.7691,0.7794,0.7681,0.7775,6792,50
1104192000,0.7775,0.7815,0.7749,0.778,7506,50
1104278400,0.7781,0.7808,0.7702,0.7738,7925,50
1104364800,0.7738,0.7802,0.7724,0.7787,7266,50
1104451200,0.7786,0.7847,0.778,0.7806,6501,50
1104710400,0.7822,0.784,0.7724,0.776,8664,40
1104796800,0.776,0.7802,0.7634,0.7646,9118,40
1104883200,0.7645,0.7683,0.7594,0.7646,9000,40
1104969600,0.7644,0.7653,0.7575,0.7618,8716,40
1105056000,0.7618,0.767,0.7539,0.757,9029,40
1105315200,0.7575,0.7612,0.7566,0.7583,8254,40
1105401600,0.7582,0.7644,0.758,0.7624,8452,40
1105488000,0.7624,0.7698,0.755,0.7661,8820,40
1105574400,0.7663,0.7689,0.7641,0.7654,8374,40
1105660800,0.7655,0.766,0.7566,0.7592,9175,40
1105920000,0.7585,0.762,0.7547,0.755,7006,40
1106006400,0.7548,0.7591,0.7505,0.7544,8973,40
1106092800,0.7546,0.7654,0.7535,0.7605,8956,40
1106179200,0.7606,0.7624,0.757,0.7586,8637,40
1106265600,0.7581,0.7718,0.757,0.7678,8673,40
1106524800,0.7703,0.772,0.7682,0.7705,7637,40
1106611200,0.7705,0.7728,0.7627,0.7657,7992,40
1106697600,0.7656,0.7763,0.7639,0.7738,8154,40
1106784000,0.7738,0.7806,0.773,0.7778,8806,40
1106870400,0.7777,0.7789,0.7709,0.7749,8046,40
1107129600,0.7739,0.7767,0.7717,0.7757,7804,40
1107216000,0.7754,0.7759,0.7696,0.7727,7870,40
1107302400,0.7734,0.779,0.7729,0.7781,7760,40
1107388800,0.7782,0.7783,0.7672,0.7713,8246,40
1107475200,0.7714,0.7759,0.7681,0.7699,8335,40
1107734400,0.7676,0.774,0.7665,0.7671,8216,40
1107820800,0.7671,0.768,0.761,0.766,8721,40
1107907200,0.7657,0.7714,0.763,0.7707,8279,40
1107993600,0.7706,0.784,0.7698,0.7821,8887,40
1108080000,0.782,0.7867,0.7809,0.7858,7579,40
1108339200,0.7859,0.7893,0.7843,0.7881,7846,40
1108425600,0.788,0.7883,0.7825,0.7874,8779,40
1108512000,0.7874,0.7877,0.7786,0.7843,8603,40
1108598400,0.7843,0.7897,0.7825,0.7877,7910,40
1108684800,0.7878,0.79,0.7829,0.7886,7986,40
1108944000,0.7893,0.7905,0.786,0.7897,6010,40
1109030400,0.7896,0.7959,0.7866,0.7936,8374,40
1109116800,0.7938,0.7948,0.7841,0.7848,8954,40
1109203200,0.7849,0.791,0.7842,0.7855,8736,40
1109289600,0.7852,0.7886,0.7807,0.7871,8624,40
1109548800,0.7866,0.7949,0.7857,0.791,8109,40
1109635200,0.7909,0.7916,0.7831,0.7879,8750,40
1109721600,0.7878,0.7883,0.7771,0.7829,8941,40
1109808000,0.7828,0.7853,0.7802,0.7816,7776,40
1109894400,0.7814,0.7936,0.7811,0.7908,8075,40
1110153600,0.7896,0.7934,0.7884,0.7915,7262,40
1110240000,0.7917,0.799,0.7916,0.7986,8196,40
1110326400,0.7987,0.7988,0.7908,0.7917,9003,40
1110412800,0.7919,0.7984,0.787,0.7914,9326,40
1110499200,0.7913,0.7959,0.7875,0.7924,8220,40
1110758400,0.7929,0.7941,0.7859,0.7878,6986,40
1110844800,0.7877,0.7941,0.7869,0.7902,8343,40
1110931200,0.7902,0.7958,0.7873,0.7947,8242,40
1111017600,0.795,0.7951,0.7906,0.7931,8242,40
1111104000,0.7929,0.7953,0.7886,0.7951,7682,40
1111363200,0.7936,0.7945,0.7844,0.7853,8389,40
1111449600,0.7851,0.7929,0.7792,0.7804,8802,40
1111536000,0.7804,0.7811,0.7697,0.7721,9093,40
1111622400,0.7725,0.7742,0.7702,0.7713,8136,40
1111708800,0.7713,0.7739,0.7708,0.7723,4429,40
1111968000,0.7722,0.7728,0.7668,0.7689,7629,40
1112054400,0.7689,0.7753,0.7672,0.7705,8237,40
1112140800,0.7704,0.7744,0.7692,0.7705,8160,40
1112227200,0.7704,0.7778,0.7703,0.7731,7938,40
1112313600,0.7728,0.7766,0.7681,0.771,8543,40
1112572800,0.7689,0.7711,0.7651,0.7667,7687,40
1112659200,0.7669,0.7699,0.7628,0.7681,8059,40
1112745600,0.7678,0.7684,0.7635,0.764,8120,40
1112832000,0.7637,0.771,0.7627,0.7663,8187,40
1112918400,0.766,0.7738,0.7649,0.772,7386,40
1113177600,0.7715,0.776,0.7704,0.7751,7522,40
1113264000,0.775,0.7775,0.7719,0.7751,7943,40
1113350400,0.7749,0.7806,0.7743,0.7782,7885,40
1113436800,0.7778,0.7785,0.7681,0.769,8319,40
1113523200,0.7692,0.7725,0.7652,0.7684,8028,40
1113782400,0.7686,0.7698,0.7635,0.7684,8174,40
1113868800,0.7685,0.7721,0.7647,0.7715,8264,40
1113955200,0.7714,0.7773,0.7706,0.7748,8388,40
1114041600,0.7751,0.7774,0.7735,0.7751,7794,40
1114128000,0.7754,0.7835,0.7743,0.7807,7472,40
1114387200,0.782,0.782,0.7778,0.7792,7551,40
1114473600,0.7794,0.7815,0.7763,0.7776,7591,40
1114560000,0.7774,0.7789,0.7743,0.7763,7685,40
1114646400,0.7765,0.7822,0.7748,0.7782,7622,40
1114732800,0.7782,0.7844,0.7772,0.7795,7559,40
1114992000,0.7803,0.7814,0.7785,0.7793,6219,40
1115078400,0.7793,0.7802,0.7722,0.7742,7679,40
1115164800,0.7742,0.7819,0.7726,0.781,8324,40
1115251200,0.7808,0.783,0.7765,0.7807,7918,40
1115337600,0.7804,0.7811,0.7741,0.7753,7662,40
1115596800,0.7739,0.7755,0.771,0.7735,7660,40
1115683200,0.7734,0.7773,0.7719,0.7764,7819,40
1115769600,0.7764,0.7793,0.7738,0.7746,8074,40
1115856000,0.7745,0.7747,0.7644,0.7653,8550,40
1115942400,0.7653,0.7671,0.7591,0.7591,7700,40
1116201600,0.7618,0.7619,0.7536,0.7566,7732,40
1116288000,0.7567,0.7589,0.7545,0.7558,7865,40
1116374400,0.7557,0.762,0.753,0.7607,7959,40
1116460800,0.7607,0.7612,0.7566,0.7574,7637,40
1116547200,0.7574,0.761,0.7534,0.7552,7454,40
1116806400,0.7549,0.7603,0.7543,0.7589,7252,40
1116892800,0.7589,0.7642,0.7579,0.7607,7732,40
1116979200,0.7604,0.7636,0.7584,0.7628,7745,40
1117065600,0.7626,0.7649,0.7579,0.7592,7981,40
1117152000,0.7592,0.7638,0.7582,0.7631,6727,40
1117411200,0.7615,0.7635,0.7599,0.7605,6504,40
1117497600,0.7604,0.7611,0.754,0.7562,8529,40
1117584000,0.756,0.7577,0.7474,0.7501,8832,40
1117670400,0.7498,0.7561,0.7482,0.7546,8188,40
1117756800,0.7544,0.7608,0.7535,0.7565,8109,40
1118016000,0.7555,0.7667,0.7553,0.7647,7782,40
1118102400,0.7647,0.77,0.7635,0.7687,7961,40
1118188800,0.7689,0.7707,0.7641,0.7655,9787,40
1118275200,0.7654,0.7691,0.7652,0.7676,9492,40
1118361600,0.7676,0.7683,0.7607,0.7615,9355,40
1118620800,0.7622,0.7641,0.7589,0.7614,9543,40
1118707200,0.7613,0.7683,0.7608,0.7632,9490,40
1118793600,0.7637,0.7704,0.7621,0.7702,9137,40
1118880000,0.7703,0.7747,0.7661,0.7723,9839,40
1118966400,0.7721,0.7785,0.7713,0.7778,9699,40
1119225600,0.7755,0.7796,0.7747,0.7764,8346,40
1119312000,0.7764,0.7812,0.7724,0.7791,9492,40
1119398400,0.7793,0.7801,0.7748,0.7784,9298,40
1119484800,0.7785,0.779,0.7709,0.7719,9539,40
1119571200,0.7721,0.7747,0.7666,0.7698,8966,40
1119830400,0.7695,0.7707,0.7669,0.7692,8917,40
1119916800,0.7692,0.7701,0.762,0.7638,10150,40
1120003200,0.7639,0.7647,0.7584,0.7624,10136,40
1120089600,0.7623,0.7649,0.7591,0.763,10148,40
1120176000,0.763,0.7647,0.7495,0.7523,9284,40
1120435200,0.7507,0.7522,0.7476,0.7486,7182,40
1120521600,0.7486,0.7507,0.7391,0.7408,10910,40
1120608000,0.7407,0.7447,0.7386,0.7392,10341,40
1120694400,0.739,0.747,0.7365,0.7398,11581,40
1120780800,0.7397,0.7447,0.7367,0.7419,10085,40
1121040000,0.7425,0.7489,0.7418,0.7474,8634,40
1121126400,0.7473,0.7578,0.7466,0.7566,10623,40
1121212800,0.7568,0.7572,0.747,0.7493,10254,40
1121299200,0.7493,0.754,0.7477,0.7509,9849,40
1121385600,0.7508,0.7538,0.7473,0.7486,9131,40
1121644800,0.7486,0.755,0.7473,0.7536,9348,40
1121731200,0.7536,0.7545,0.7479,0.7507,10082,40
1121817600,0.7508,0.7576,0.749,0.7559,11079,40
1121904000,0.7559,0.7668,0.7558,0.7648,10293,40
1121990400,0.7649,0.7689,0.7627,0.7642,10196,40
1122249600,0.7622,0.7649,0.7583,0.7633,8085,40
1122336000,0.7632,0.7633,0.7568,0.758,9957,40
1122422400,0.7581,0.7599,0.7527,0.7556,10091,40
1122508800,0.7557,0.7612,0.7535,0.7596,9167,40
1122595200,0.7597,0.7624,0.7561,0.7566,9402,40
1122854400,0.7558,0.7638,0.7551,0.7608,8471,40
1122940800,0.7604,0.7662,0.7595,0.7653,10011,40
1123027200,0.7652,0.7728,0.7624,0.771,8756,40
1123113600,0.7711,0.7742,0.7692,0.7721,8247,40
1123200000,0.772,0.7724,0.766,0.7681,9536,40
1123459200,0.768,0.7688,0.7633,0.7639,9277,40
1123545600,0.764,0.7665,0.7582,0.7618,9756,40
1123632000,0.7618,0.7665,0.7605,0.7651,9068,40
1123718400,0.7649,0.7751,0.764,0.7745,9631,40
1123804800,0.7742,0.7757,0.7705,0.7722,8788,40
1124064000,0.7732,0.7748,0.7665,0.7687,8670,40
1124150400,0.7687,0.7701,0.7658,0.7692,8937,40
1124236800,0.7691,0.7715,0.7591,0.7598,10245,40
1124323200,0.7597,0.7613,0.751,0.7532,8278,40
1124409600,0.753,0.7542,0.7495,0.7514,8125,40
1124668800,0.7515,0.7569,0.7507,0.7551,8297,40
1124755200,0.755,0.7573,0.7537,0.7559,7732,40
1124841600,0.7556,0.7578,0.7511,0.7554,8370,40
1124928000,0.7553,0.7618,0.7551,0.7592,9295,40
1125014400,0.759,0.7607,0.7548,0.7552,8417,40
1125273600,0.7551,0.7578,0.7498,0.7502,7959,40
1125360000,0.7501,0.7521,0.7465,0.7486,8467,40
1125446400,0.7485,0.7558,0.7456,0.7545,8977,40
1125532800,0.7543,0.7638,0.7534,0.762,8768,40
1125619200,0.7622,0.7667,0.7611,0.7657,7996,40
1125878400,0.7638,0.7699,0.7635,0.7687,6982,40
1125964800,0.7681,0.7692,0.7647,0.7686,7962,40
1126051200,0.7685,0.7704,0.7652,0.7657,8662,40
1126137600,0.7657,0.7735,0.7652,0.7726,8335,40
1126224000,0.7726,0.7758,0.7705,0.775,7821,40
1126483200,0.7745,0.7766,0.768,0.7685,7883,40
1126569600,0.7686,0.7711,0.767,0.769,8093,40
1126656000,0.7689,0.7739,0.7685,0.7707,8287,40
1126742400,0.7707,0.7714,0.7653,0.7674,8114,40
1126828800,0.7675,0.7706,0.7641,0.7675,8412,40
1127088000,0.7662,0.7682,0.7615,0.7664,7568,40
1127174400,0.7663,0.7724,0.7651,0.7666,8408,40
1127260800,0.7664,0.7731,0.7655,0.7715,8498,40
1127347200,0.7715,0.773,0.7614,0.7626,9630,40
1127433600,0.7623,0.7638,0.7568,0.7579,8005,40
1127692800,0.7572,0.7589,0.7547,0.7564,8206,40
1127779200,0.7563,0.7575,0.7527,0.7562,8346,40
1127865600,0.7562,0.7602,0.7543,0.7588,8338,40
1127952000,0.7588,0.7626,0.7575,0.7603,8258,40
1128038400,0.7603,0.7646,0.7584,0.7621,7713,40
1128297600,0.7623,0.7637,0.7588,0.7627,7872,40
1128384000,0.7626,0.7648,0.7616,0.7632,7488,40
1128470400,0.7632,0.7635,0.7552,0.7556,8191,40
1128556800,0.7557,0.7604,0.7552,0.7591,8280,40
1128643200,0.7593,0.7617,0.7555,0.7562,7668,40
1128902400,0.7564,0.7609,0.7561,0.7585,7330,40
1128988800,0.7584,0.7586,0.7508,0.7522,7783,40
1129075200,0.7522,0.7566,0.7505,0.7553,7754,40
1129161600,0.7555,0.7563,0.7462,0.7509,8448,40
1129248000,0.7513,0.7543,0.7488,0.7535,7876,40
1129507200,0.7543,0.7551,0.7481,0.7496,10393,40
1129593600,0.7495,0.7499,0.7447,0.7479,8633,40
1129680000,0.7477,0.7515,0.7438,0.7509,8349,40
1129766400,0.7509,0.7542,0.7484,0.7523,7812,40
1129852800,0.7522,0.7546,0.7468,0.7491,9538,40
1130112000,0.7489,0.7521,0.7466,0.7514,8229,40
1130198400,0.7514,0.7574,0.7487,0.7563,8219,40
1130284800,0.7564,0.7574,0.7531,0.7537,8230,40
1130371200,0.7539,0.7607,0.7524,0.7572,8090,40
1130457600,0.7572,0.7581,0.7489,0.75,8418,40
1130716800,0.749,0.7524,0.7465,0.7474,7924,40
1130803200,0.7472,0.7485,0.7427,0.7431,8382,40
1130889600,0.7431,0.7441,0.7397,0.7412,8138,40
1130976000,0.7412,0.7435,0.738,0.7398,7907,40
1131062400,0.7397,0.7402,0.7311,0.7332,7950,40
1131321600,0.7323,0.7344,0.7305,0.732,7777,40
1131408000,0.732,0.7363,0.7284,0.7339,7783,40
1131494400,0.7338,0.7382,0.7318,0.7371,7906,40
1131580800,0.7372,0.7372,0.7292,0.7301,8349,40
1131667200,0.7302,0.7337,0.7295,0.7326,7122,40
1131926400,0.7322,0.7347,0.7261,0.728,8851,40
1132012800,0.7278,0.7338,0.7269,0.7325,7634,40
1132099200,0.7329,0.7333,0.728,0.7306,7713,40
1132185600,0.7308,0.7355,0.7293,0.7339,7646,40
1132272000,0.734,0.7344,0.7299,0.7336,7741,40
1132531200,0.7332,0.7397,0.7326,0.7361,7698,40
1132617600,0.7361,0.739,0.732,0.7384,7863,40
1132704000,0.7382,0.7394,0.7356,0.7381,7745,40
1132790400,0.7381,0.7408,0.7368,0.7385,7039,40
1132876800,0.7386,0.7388,0.7345,0.7363,7010,40
1133136000,0.7338,0.7455,0.732,0.7416,7771,40
1133222400,0.7417,0.7425,0.737,0.7372,8054,40
1133308800,0.7372,0.7408,0.7368,0.7394,8141,40
1133395200,0.7395,0.7439,0.738,0.7422,8262,40
1133481600,0.7423,0.7492,0.7413,0.7479,7288,40
1133740800,0.7468,0.7529,0.745,0.7514,7700,40
1133827200,0.7515,0.7545,0.7501,0.7532,7428,40
1133913600,0.753,0.7538,0.7457,0.7474,7994,40
1134000000,0.7474,0.7518,0.7442,0.7498,7969,40
1134086400,0.75,0.7527,0.7491,0.7514,6969,40
1134345600,0.7489,0.7569,0.7486,0.7559,7517,40
1134432000,0.7556,0.7572,0.7522,0.7538,7776,40
1134518400,0.7541,0.7582,0.7521,0.7548,7887,40
1134604800,0.7546,0.7565,0.7456,0.7469,8428,40
1134691200,0.7467,0.7481,0.7419,0.7449,7910,40
1134950400,0.7443,0.7472,0.7392,0.7393,7785,40
1135036800,0.7393,0.7421,0.732,0.7339,7840,40
1135123200,0.7341,0.7372,0.7319,0.7345,7847,40
1135209600,0.7343,0.7347,0.73,0.731,7818,40
1135296000,0.731,0.7319,0.7267,0.7279,6550,40
1135555200,0.7291,0.7323,0.7283,0.7308,2109,40
1135641600,0.7306,0.7317,0.7234,0.7251,6403,40
1135728000,0.7251,0.7319,0.7247,0.7288,7650,40
1135814400,0.7288,0.7336,0.7272,0.7329,7472,40
1135900800,0.7328,0.7347,0.7307,0.7328,7232,40
1136160000,0.7329,0.7354,0.7322,0.7338,2462,40
1136246400,0.7335,0.7416,0.7314,0.7402,7706,40
1136332800,0.7405,0.7487,0.74,0.7474,7906,40
1136419200,0.7474,0.7487,0.7443,0.7475,7809,40
1136505600,0.7476,0.7555,0.7451,0.755,6984,40
1136764800,0.7531,0.7547,0.7501,0.7539,7164,40
1136851200,0.7538,0.7541,0.7479,0.7495,7739,40
1136937600,0.7493,0.7569,0.7486,0.7555,7551,40
1137024000,0.7552,0.7567,0.7496,0.7509,7774,40
1137110400,0.7507,0.756,0.7498,0.755,6995,40
1137369600,0.756,0.7579,0.7531,0.7541,6735,40
1137456000,0.7541,0.7559,0.7504,0.7528,7684,40
1137542400,0.753,0.7531,0.7459,0.7472,8080,40
1137628800,0.7473,0.7487,0.7443,0.7475,8036,40
1137715200,0.7477,0.7502,0.7463,0.748,7492,40
1137974400,0.7494,0.7546,0.7482,0.7533,7536,40
1138060800,0.7533,0.7544,0.7486,0.7511,7734,40
1138147200,0.7508,0.7559,0.7505,0.7533,8111,40
1138233600,0.7532,0.7563,0.7505,0.7511,7746,40
1138320000,0.7514,0.7546,0.749,0.749,8297,40
1138579200,0.7491,0.7517,0.7478,0.7493,7213,40
1138665600,0.7493,0.759,0.7483,0.7585,7839,40
1138752000,0.758,0.7585,0.7524,0.7531,7727,40
1138838400,0.7531,0.7557,0.7505,0.7536,7814,40
1138924800,0.7535,0.754,0.7475,0.7486,7539,40
1139184000,0.7487,0.7496,0.7411,0.742,8207,40
1139270400,0.7418,0.7451,0.7391,0.7399,7831,40
1139356800,0.7399,0.7415,0.7362,0.7387,8252,40
1139443200,0.7387,0.7422,0.738,0.7404,7814,40
1139529600,0.7407,0.744,0.7368,0.7386,7564,40
1139788800,0.7365,0.7401,0.7362,0.7375,7768,40
1139875200,0.7375,0.7423,0.7357,0.7417,7706,40
1139961600,0.7419,0.7445,0.7372,0.7391,7749,40
1140048000,0.7392,0.7396,0.7362,0.739,7454,40
1140134400,0.7389,0.7419,0.7347,0.7396,7920,40
1140393600,0.7395,0.7419,0.7383,0.7408,6784,40
1140480000,0.7408,0.7414,0.7369,0.7384,7829,40
1140566400,0.7384,0.7397,0.7343,0.736,7566,40
1140652800,0.7361,0.7424,0.7343,0.7383,8104,40
1140739200,0.7386,0.7417,0.7379,0.7392,7360,40
1140998400,0.7386,0.74,0.7364,0.7378,8184,40
1141084800,0.7378,0.744,0.736,0.7425,7861,40
1141171200,0.7425,0.7468,0.7417,0.7456,8537,40
1141257600,0.7455,0.7488,0.7444,0.7484,8286,40
1141344000,0.7484,0.7487,0.7421,0.7444,7605,40
1141603200,0.7442,0.7486,0.7385,0.739,7715,40
1141689600,0.7388,0.7407,0.732,0.7328,8020,40
1141776000,0.7326,0.7363,0.7313,0.7345,7759,40
1141862400,0.7347,0.7379,0.7326,0.7336,7912,40
1141948800,0.7336,0.737,0.7302,0.7318,7711,40
1142208000,0.731,0.7371,0.7307,0.7347,7470,40
1142294400,0.7348,0.7384,0.7325,0.7377,7488,40
1142380800,0.7376,0.7413,0.7366,0.7389,7769,40
1142467200,0.739,0.7393,0.7338,0.7382,7902,40
1142553600,0.7383,0.7386,0.7265,0.729,7957,40
1142812800,0.7275,0.728,0.7178,0.7199,8234,40
1142899200,0.7197,0.722,0.7147,0.719,8048,40
1142985600,0.7188,0.7209,0.7152,0.7188,8142,40
1143072000,0.7188,0.7216,0.7121,0.7138,7883,40
1143158400,0.7133,0.7136,0.706,0.7102,8105,40
1143417600,0.7088,0.7095,0.7036,0.7056,8364,40
1143504000,0.706,0.7122,0.7042,0.705,8264,40
1143590400,0.7051,0.7081,0.7015,0.7064,8193,40
1143676800,0.7064,0.7161,0.7057,0.7143,8695,40
1143763200,0.7146,0.7175,0.7108,0.7165,8104,40
1144022400,0.7155,0.7187,0.7128,0.7156,7913,40
1144108800,0.7156,0.7226,0.7114,0.7208,9693,40
1144195200,0.7209,0.7294,0.72,0.7276,9459,40
1144281600,0.7275,0.7333,0.726,0.73,8246,40
1144368000,0.73,0.7345,0.7253,0.7261,8088,40
1144627200,0.7261,0.7307,0.7255,0.7302,7321,40
1144713600,0.7302,0.7342,0.7265,0.7329,7772,40
1144800000,0.7333,0.7346,0.7291,0.7322,7533,40
1144886400,0.7324,0.7339,0.7237,0.7277,8838,40
1144972800,0.7278,0.7293,0.7268,0.7279,5310,40
1145232000,0.7278,0.7387,0.727,0.7377,6232,40
1145318400,0.7378,0.743,0.7366,0.7426,8249,40
1145404800,0.7426,0.7484,0.7411,0.7468,8102,40
1145491200,0.7469,0.747,0.7357,0.7368,8497,40
1145577600,0.737,0.7464,0.7362,0.7441,8106,40
1145836800,0.7469,0.7486,0.7419,0.7436,8508,40
1145923200,0.7435,0.7484,0.7428,0.7454,7798,40
1146009600,0.7456,0.7547,0.743,0.7525,8384,40
1146096000,0.7526,0.7583,0.7491,0.7566,8488,40
1146182400,0.7567,0.7609,0.7535,0.7595,7858,40
1146441600,0.7588,0.764,0.7565,0.757,7421,40
1146528000,0.7569,0.7637,0.7551,0.7604,7777,40
1146614400,0.7603,0.7721,0.76,0.7696,8614,40
1146700800,0.7695,0.7732,0.7651,0.7723,7918,40
1146787200,0.7723,0.7747,0.7675,0.7719,7695,40
1147046400,0.7728,0.7746,0.7675,0.7678,7856,40
1147132800,0.7677,0.7745,0.7632,0.7742,8032,40
1147219200,0.7747,0.7772,0.7709,0.774,8374,40
1147305600,0.7741,0.7795,0.768,0.7755,8213,40
1147392000,0.7754,0.7791,0.7698,0.7723,8385,40
1147651200,0.7744,0.775,0.7594,0.7608,8677,40
1147737600,0.7609,0.7694,0.7598,0.7669,8227,40
1147824000,0.767,0.7727,0.7574,0.7579,8994,40
1147910400,0.7578,0.7676,0.7574,0.7647,8545,40
1147996800,0.7647,0.7656,0.7525,0.7585,8281,40
1148256000,0.7563,0.7569,0.7466,0.7538,8368,40
1148342400,0.7538,0.7596,0.7502,0.7509,8646,40
1148428800,0.7513,0.7562,0.7491,0.7534,8680,40
1148515200,0.7534,0.7623,0.7504,0.7617,8300,40
1148601600,0.7617,0.7617,0.7558,0.7577,7679,40
1148860800,0.7575,0.7597,0.7568,0.759,6507,40
1148947200,0.759,0.7649,0.7566,0.7618,8110,40
1149033600,0.7618,0.7655,0.7511,0.7522,8138,40
1149120000,0.7523,0.7532,0.744,0.7462,8261,40
1149206400,0.7463,0.7525,0.7445,0.751,7665,40
1149465600,0.7508,0.7547,0.7467,0.748,8384,40
1149552000,0.748,0.7487,0.7394,0.7411,8421,40
1149638400,0.7411,0.7435,0.7391,0.7412,8197,40
1149724800,0.7412,0.7467,0.7404,0.7426,9059,40
1149811200,0.7426,0.7506,0.7412,0.748,8247,40
1150070400,0.7485,0.7501,0.7442,0.7449,7629,40
1150156800,0.7449,0.7452,0.7366,0.7379,8895,40
1150243200,0.7379,0.7411,0.7344,0.738,8594,40
1150329600,0.7379,0.743,0.7363,0.7422,8137,40
1150416000,0.742,0.745,0.7373,0.7382,8188,40
1150675200,0.7378,0.7389,0.7357,0.7363,7721,40
1150761600,0.7361,0.7407,0.7359,0.7379,7945,40
1150848000,0.738,0.7406,0.734,0.7395,8110,40
1150934400,0.7395,0.7425,0.7321,0.7336,8525,40
1151020800,0.7336,0.7355,0.7304,0.7316,7990,40
1151280000,0.7315,0.7343,0.7292,0.732,7987,40
1151366400,0.732,0.7354,0.7314,0.7324,8174,40
1151452800,0.7325,0.7331,0.7269,0.7286,8247,40
1151539200,0.7289,0.7404,0.7272,0.7383,8650,40
1151625600,0.7383,0.7453,0.7381,0.7418,8543,40
1151884800,0.743,0.7463,0.7411,0.7427,7921,40
1151971200,0.7427,0.7472,0.7419,0.7451,7870,40
1152057600,0.745,0.7477,0.7399,0.7416,8706,40
1152144000,0.7416,0.7473,0.7408,0.7466,7949,40
1152230400,0.7466,0.7534,0.7452,0.7519,8173,40
1152489600,0.7514,0.7535,0.746,0.7474,8345,40
1152576000,0.7475,0.7536,0.7466,0.7522,8447,40
1152662400,0.7522,0.7557,0.7509,0.7525,8954,40
1152748800,0.7522,0.7569,0.7515,0.7541,8798,40
1152835200,0.7541,0.7551,0.748,0.7534,9321,40
1153094400,0.7532,0.7539,0.7467,0.7477,8684,40
1153180800,0.7476,0.7532,0.7445,0.7469,9310,40
1153267200,0.747,0.7515,0.7405,0.7509,9938,40
1153353600,0.751,0.7533,0.7489,0.7504,8442,40
1153440000,0.7504,0.7545,0.749,0.7525,7822,40
1153699200,0.7524,0.7554,0.7502,0.7545,8355,40
1153785600,0.7543,0.7567,0.7518,0.753,8553,40
1153872000,0.753,0.7623,0.7524,0.7609,8333,40
1153958400,0.7608,0.7663,0.7602,0.7625,8388,40
1154044800,0.7623,0.7687,0.7592,0.7672,7971,40
1154304000,0.767,0.7672,0.7642,0.7655,8324,40
1154390400,0.7653,0.7665,0.7596,0.7655,8851,40
1154476800,0.7655,0.7684,0.7631,0.7646,9287,40
1154563200,0.7644,0.7652,0.7585,0.7607,9573,40
1154649600,0.7606,0.7675,0.7585,0.766,8771,40
1154908800,0.7668,0.7669,0.7616,0.7627,7928,40
1154995200,0.7627,0.7644,0.7586,0.7594,8729,40
1155081600,0.7593,0.7669,0.7565,0.7646,8662,40
1155168000,0.7647,0.7718,0.7643,0.7677,9282,40
1155254400,0.7676,0.7704,0.7651,0.7673,8393,40
1155513600,0.766,0.7685,0.759,0.76,8214,40
1155600000,0.76,0.7657,0.7585,0.7652,8308,40
1155686400,0.7651,0.7702,0.7627,0.769,8356,40
1155772800,0.769,0.7692,0.7599,0.7614,9220,40
1155859200,0.7615,0.7625,0.7562,0.7585,7957,40
1156118400,0.7595,0.7649,0.7578,0.762,9417,40
1156204800,0.7618,0.7642,0.7606,0.7624,9162,40
1156291200,0.7624,0.7673,0.7616,0.7625,9114,40
1156377600,0.7628,0.7647,0.7597,0.7615,8665,40
1156464000,0.7614,0.7618,0.7551,0.7579,8438,40
1156723200,0.7574,0.7602,0.7563,0.7589,8647,40
1156809600,0.759,0.7648,0.7586,0.7633,9689,40
1156896000,0.7644,0.7659,0.7613,0.7632,10174,40
1156982400,0.7633,0.7651,0.7608,0.7639,9552,40
1157068800,0.7638,0.7678,0.7621,0.7671,8709,40
1157328000,0.7671,0.7722,0.7669,0.7707,8337,40
1157414400,0.7707,0.7722,0.7683,0.7706,8869,40
1157500800,0.7707,0.7713,0.7649,0.7662,8493,40
1157587200,0.7662,0.7685,0.7576,0.7596,9928,40
1157673600,0.7596,0.7598,0.7528,0.7546,10173,40
1157932800,0.7531,0.7549,0.7501,0.7509,9161,40
1158019200,0.751,0.7546,0.7501,0.7506,9307,40
1158105600,0.7505,0.7543,0.7483,0.7539,9768,40
1158192000,0.7537,0.7573,0.7511,0.7547,9071,40
1158278400,0.7545,0.7566,0.7502,0.7528,9122,40
1158537600,0.752,0.7561,0.7509,0.7554,8375,40
1158624000,0.7554,0.7577,0.7505,0.7514,8975,40
1158710400,0.7513,0.7549,0.7511,0.7528,9044,40
1158796800,0.7529,0.7583,0.7522,0.7571,10094,40
1158883200,0.7572,0.7578,0.7493,0.7513,9295,40
1159142400,0.751,0.7544,0.749,0.7539,9172,40
1159228800,0.7539,0.7558,0.7502,0.7513,9728,40
1159315200,0.7513,0.7529,0.7472,0.7514,9250,40
1159401600,0.7513,0.7517,0.7462,0.7486,8580,40
1159488000,0.7485,0.7493,0.7434,0.7457,8629,40
1159747200,0.7449,0.7494,0.7433,0.748,8000,40
1159833600,0.7479,0.7485,0.7423,0.7429,6879,40
1159920000,0.743,0.7465,0.7416,0.7455,7570,40
1160006400,0.7454,0.7476,0.7439,0.7453,5266,40
1160092800,0.7454,0.7483,0.7414,0.7426,4627,40
1160352000,0.7429,0.745,0.7415,0.7441,4790,40
1160438400,0.744,0.746,0.7425,0.7434,5006,40
1160524800,0.7436,0.7459,0.7416,0.7423,4869,40
1160611200,0.7426,0.7522,0.7416,0.752,5560,40
1160697600,0.7521,0.753,0.7488,0.7509,4519,40
1160956800,0.7507,0.7545,0.7492,0.7533,4984,40
1161043200,0.7534,0.7553,0.7521,0.7524,5134,40
1161129600,0.7523,0.7556,0.7523,0.7553,4970,40
1161216000,0.7555,0.7599,0.7542,0.7585,5034,40
1161302400,0.7587,0.7603,0.7573,0.7586,4538,40
1161561600,0.7585,0.7613,0.7564,0.7569,4648,40
1161648000,0.757,0.7588,0.7558,0.7583,5148,40
1161734400,0.7584,0.7623,0.758,0.7606,6066,40
1161820800,0.7607,0.7645,0.7605,0.7638,4551,40
1161907200,0.7639,0.7695,0.7623,0.768,4545,40
1162166400,0.7682,0.7702,0.7674,0.7689,5998,40
1162252800,0.7688,0.7753,0.7671,0.7738,5617,40
1162339200,0.7738,0.7766,0.7729,0.7743,5399,40
1162425600,0.7745,0.775,0.7706,0.7735,7029,40
1162512000,0.7738,0.7749,0.7684,0.7699,6115,40
1162771200,0.7695,0.772,0.7669,0.7717,5816,40
1162857600,0.7716,0.7761,0.7702,0.7722,5409,40
1162944000,0.7725,0.7732,0.7677,0.77,4337,40
1163030400,0.7702,0.7707,0.7644,0.7694,4371,40
1163116800,0.7695,0.7696,0.766,0.7668,3550,40
1163376000,0.7667,0.7677,0.7613,0.7628,5348,40
1163462400,0.7625,0.7673,0.7625,0.7653,5119,40
1163548800,0.7652,0.7663,0.763,0.7649,7410,40
1163635200,0.7652,0.7694,0.7642,0.7662,6670,40
1163721600,0.7663,0.7692,0.7642,0.7687,5081,40
1163980800,0.7695,0.7706,0.7674,0.77,5901,40
1164067200,0.7699,0.7714,0.7681,0.771,4986,40
1164153600,0.7711,0.7763,0.7704,0.7747,5334,40
1164240000,0.775,0.7757,0.7731,0.7735,4345,40
1164326400,0.7738,0.7789,0.7736,0.7786,3590,40
1164585600,0.7804,0.7813,0.7761,0.7777,4617,40
1164672000,0.7776,0.7844,0.7774,0.7832,5483,40
1164758400,0.7831,0.7853,0.7817,0.7827,5186,40
1164844800,0.7829,0.7901,0.7823,0.7886,4877,40
1164931200,0.7883,0.7926,0.7873,0.7887,3196,40
1165190400,0.7904,0.7905,0.7847,0.7894,4065,40
1165276800,0.7896,0.7896,0.7842,0.7856,4747,40
1165363200,0.7857,0.7886,0.7835,0.7842,4663,40
1165449600,0.784,0.7912,0.7838,0.7886,4954,40
1165536000,0.7885,0.7929,0.7847,0.7853,5034,40
1165795200,0.7848,0.7858,0.7812,0.7853,4218,40
1165881600,0.7852,0.7874,0.7834,0.7868,4520,40
1165968000,0.7867,0.7901,0.7825,0.7853,4819,40
1166054400,0.7851,0.7874,0.7812,0.7826,6448,40
1166140800,0.7825,0.7843,0.777,0.7814,5018,40
1166400000,0.78,0.7835,0.778,0.78,4421,40
1166486400,0.7801,0.7851,0.7799,0.784,4389,40
1166572800,0.7842,0.7878,0.7822,0.7853,4542,40
1166659200,0.7854,0.7867,0.7823,0.7843,4550,40
1166745600,0.784,0.7875,0.7822,0.7832,3610,40
1167004800,0.805,0.805,0.8049,0.8049,2,40
1167091200,0.7846,0.7862,0.7806,0.7815,3654,40
1167177600,0.7816,0.7862,0.7809,0.785,4084,40
1167264000,0.7849,0.7917,0.784,0.7901,4366,40
1167350400,0.7903,0.7923,0.7852,0.7883,3987,40
1167696000,0.7889,0.7968,0.7889,0.7958,5356,30
1167782400,0.7959,0.7979,0.7905,0.7914,4675,30
1167868800,0.7915,0.792,0.7828,0.7842,5082,30
1167955200,0.7841,0.785,0.7782,0.7785,4289,30
1168214400,0.7789,0.7821,0.778,0.7804,4007,30
1168300800,0.7805,0.7833,0.7786,0.7798,4980,30
1168387200,0.7799,0.781,0.7759,0.7774,4957,30
1168473600,0.7772,0.7838,0.7767,0.7802,3564,30
1168560000,0.7803,0.7836,0.778,0.7835,3070,30
1168819200,0.783,0.7858,0.7826,0.7839,2597,30
1168905600,0.7841,0.7852,0.7812,0.7816,3280,30
1168992000,0.7817,0.787,0.7816,0.7866,3272,30
1169078400,0.7867,0.7904,0.7858,0.7897,3100,30
1169164800,0.79,0.7904,0.7861,0.7895,3423,30
1169424000,0.7889,0.7905,0.7871,0.7873,2828,30
1169510400,0.7875,0.7936,0.7872,0.7923,3088,30
1169596800,0.7926,0.7927,0.779,0.7814,4575,30
1169683200,0.7815,0.7818,0.7727,0.7728,3802,30
1169769600,0.7729,0.7761,0.7718,0.7734,3319,30
1170028800,0.7737,0.7742,0.7707,0.7727,1664,30
1170115200,0.7728,0.7735,0.7701,0.7717,1970,30
1170201600,0.7715,0.7768,0.7695,0.7762,2886,30
1170288000,0.7764,0.7767,0.7734,0.774,2228,30
1170374400,0.7741,0.7755,0.7714,0.7747,2582,30
1170633600,0.7738,0.7768,0.7725,0.7756,1860,30
1170720000,0.7758,0.7781,0.7741,0.7774,1765,30
1170806400,0.7773,0.7795,0.7758,0.779,1794,30
1170892800,0.7791,0.7818,0.7766,0.7814,2650,30
1170979200,0.7815,0.782,0.7751,0.7762,2218,30
1171238400,0.777,0.7775,0.7711,0.7717,2023,30
1171324800,0.7716,0.7795,0.7707,0.7789,2406,30
1171411200,0.7788,0.7849,0.7785,0.7832,2689,30
1171497600,0.7833,0.7863,0.7824,0.7836,2780,30
1171584000,0.7835,0.7871,0.7832,0.7868,1720,30
1171843200,0.7869,0.7886,0.7845,0.786,1508,30
1171929600,0.7861,0.7869,0.7849,0.7862,1415,30
1172016000,0.786,0.7919,0.7851,0.7911,2930,30
1172102400,0.7914,0.7914,0.7873,0.7889,2085,30
1172188800,0.7892,0.7923,0.788,0.7915,1714,30
1172448000,0.7922,0.7943,0.791,0.7935,1596,30
1172534400,0.7937,0.7944,0.7871,0.7873,3818,30
1172620800,0.7872,0.7893,0.7853,0.7875,5030,30
1172707200,0.7875,0.7883,0.7835,0.7841,3437,30
1172793600,0.7842,0.7861,0.781,0.782,2851,30
1173052800,0.7822,0.7822,0.7681,0.7682,4082,30
1173139200,0.7684,0.7754,0.768,0.7745,3638,30
1173225600,0.7746,0.7795,0.7739,0.7768,3379,30
1173312000,0.777,0.7789,0.775,0.7774,2825,30
1173398400,0.7771,0.7814,0.777,0.7799,2663,30
1173657600,0.7808,0.7871,0.7796,0.7865,2786,30
1173744000,0.7867,0.7883,0.7797,0.7801,3663,30
1173830400,0.7804,0.7874,0.7801,0.7868,3609,30
1173916800,0.7871,0.7896,0.7847,0.7878,3097,30
1174003200,0.7876,0.7973,0.7876,0.7957,3735,30
1174262400,0.7941,0.8032,0.7933,0.8018,3725,30
1174348800,0.8019,0.8038,0.7962,0.803,4146,30
1174435200,0.8032,0.8087,0.8001,0.8084,3383,30
1174521600,0.8083,0.809,0.805,0.8055,3071,30
1174608000,0.8056,0.8077,0.8043,0.8047,2887,30
1174867200,0.8051,0.8105,0.8027,0.8098,2901,30
1174953600,0.8099,0.8108,0.8065,0.8077,2832,30
1175040000,0.8076,0.8081,0.8037,0.8052,3666,30
1175126400,0.8054,0.8098,0.805,0.8073,2509,30
1175212800,0.8072,0.8126,0.8056,0.8084,3147,30
1175472000,0.8095,0.8181,0.8081,0.8169,3163,30
1175558400,0.8167,0.8173,0.8115,0.8129,2774,30
1175644800,0.8127,0.8194,0.8062,0.8184,4079,30
1175731200,0.8183,0.821,0.8163,0.8195,3092,30
1175817600,0.8192,0.8201,0.8151,0.8162,1385,30
1176076800,0.8165,0.8174,0.8151,0.8167,1301,30
1176163200,0.8169,0.8266,0.8158,0.8255,2931,30
1176249600,0.8256,0.8266,0.8234,0.8253,2702,30
1176336000,0.825,0.8295,0.8231,0.8291,3044,30
1176422400,0.8289,0.8338,0.8289,0.8333,3146,30
1176681600,0.8342,0.8358,0.8311,0.8323,2811,30
1176768000,0.8324,0.8385,0.8314,0.8367,2430,30
1176854400,0.8366,0.8389,0.8314,0.8389,2210,30
1176940800,0.8388,0.8388,0.8281,0.8356,3273,30
1177027200,0.8359,0.8378,0.8338,0.8375,2350,30
1177286400,0.8374,0.8375,0.8314,0.8323,2216,30
1177372800,0.8324,0.8338,0.8232,0.8277,4095,30
1177459200,0.8278,0.8357,0.8271,0.8352,3166,30
1177545600,0.8353,0.8354,0.825,0.8263,2930,30
1177632000,0.826,0.8336,0.8238,0.8298,3969,30
1177891200,0.8285,0.8329,0.8256,0.8295,2826,30
1177977600,0.8295,0.8327,0.827,0.8274,2684,30
1178064000,0.8275,0.8281,0.822,0.8241,3378,30
1178150400,0.8242,0.8257,0.8221,0.8232,2272,30
1178236800,0.8234,0.8235,0.8169,0.8213,3008,30
1178496000,0.821,0.8264,0.8203,0.8245,2112,30
1178582400,0.8242,0.8307,0.8241,0.8281,2707,30
1178668800,0.828,0.8306,0.8263,0.8273,2318,30
1178755200,0.8274,0.8334,0.8235,0.8253,3621,30
1178841600,0.8252,0.8327,0.8228,0.8314,3039,30
1179100800,0.8318,0.835,0.8317,0.832,2053,30
1179187200,0.8321,0.8346,0.8302,0.8336,2288,30
1179273600,0.8335,0.8338,0.823,0.8235,3079,30
1179360000,0.8237,0.8269,0.8202,0.823,2756,30
1179446400,0.8231,0.8256,0.8205,0.8227,2591,30
1179705600,0.8238,0.8246,0.8181,0.8212,2117,30
1179792000,0.821,0.823,0.8185,0.8191,2241,30
1179878400,0.8192,0.8266,0.8192,0.8227,2708,30
1179964800,0.8228,0.8235,0.8178,0.8184,2569,30
1180051200,0.8183,0.8217,0.8173,0.8177,2599,30
1180310400,0.8183,0.8198,0.818,0.8192,439,30
1180396800,0.8195,0.821,0.8162,0.8181,2065,30
1180483200,0.8183,0.8238,0.8173,0.823,2662,30
1180569600,0.8228,0.8291,0.8214,0.8267,3200,30
1180656000,0.827,0.8329,0.827,0.8329,2672,30
1180915200,0.8324,0.8346,0.8309,0.8345,2663,30
1181001600,0.8343,0.8406,0.8335,0.837,3067,30
1181088000,0.8371,0.8438,0.8368,0.8413,3409,30
1181174400,0.8411,0.8475,0.8386,0.8407,4189,30
1181260800,0.8406,0.8447,0.8364,0.8447,4747,30
1181520000,0.844,0.8443,0.8389,0.8432,3215,30
1181606400,0.8431,0.8446,0.839,0.84,3010,30
1181692800,0.8402,0.8424,0.8357,0.8396,4005,30
1181779200,0.8395,0.8406,0.8332,0.8353,3373,30
1181865600,0.8352,0.8421,0.835,0.842,3288,30
1182124800,0.8414,0.8452,0.8398,0.8423,3365,30
1182211200,0.8424,0.8469,0.842,0.8461,3044,30
1182297600,0.8463,0.8475,0.8428,0.8431,3453,30
1182384000,0.843,0.8474,0.8429,0.8472,3158,30
1182470400,0.8469,0.8493,0.8454,0.8471,3341,30
1182729600,0.8482,0.8497,0.846,0.8473,3167,30
1182816000,0.8472,0.851,0.8451,0.8453,3762,30
1182902400,0.8452,0.8459,0.8355,0.8388,5427,30
1182988800,0.8387,0.8469,0.8382,0.8467,4861,30
1183075200,0.8468,0.8521,0.8461,0.8492,4476,30
1183334400,0.8525,0.8599,0.8496,0.8591,4235,30
1183420800,0.859,0.8599,0.854,0.8545,4249,30
1183507200,0.8548,0.8589,0.8542,0.8574,2872,30
1183593600,0.8575,0.8608,0.8553,0.8558,3382,30
1183680000,0.8561,0.8589,0.8549,0.8581,3195,30
1183939200,0.858,0.8613,0.8568,0.8602,2806,30
1184025600,0.8601,0.8634,0.8565,0.8605,4025,30
1184112000,0.8603,0.8639,0.8573,0.8631,4934,30
1184198400,0.863,0.8668,0.8603,0.8665,4027,30
1184284800,0.8667,0.8716,0.8653,0.8711,4104,30
1184544000,0.87,0.8759,0.8696,0.872,2270,30
1184630400,0.8721,0.8751,0.8708,0.8725,3161,30
1184716800,0.8726,0.8787,0.8717,0.8775,4032,30
1184803200,0.8776,0.8808,0.8762,0.8799,3873,30
1184889600,0.8802,0.8833,0.8752,0.8801,4252,30
1185148800,0.8797,0.8842,0.879,0.8827,3159,30
1185235200,0.8828,0.8862,0.8805,0.8811,4456,30
1185321600,0.8816,0.887,0.8786,0.8845,6199,30
1185408000,0.8844,0.8867,0.8666,0.8683,6557,30
1185494400,0.8684,0.8766,0.8509,0.8517,11489,30
1185753600,0.8482,0.8582,0.8458,0.8581,8463,30
1185840000,0.8582,0.8614,0.8495,0.8496,7206,30
1185926400,0.8497,0.8567,0.8446,0.8563,8554,30
1186012800,0.8564,0.8602,0.8491,0.858,5976,30
1186099200,0.8579,0.8602,0.8536,0.8547,4974,30
1186358400,0.8534,0.859,0.852,0.8583,4235,30
1186444800,0.8584,0.8591,0.8513,0.8549,4939,30
1186531200,0.8553,0.8635,0.8539,0.8622,4960,30
1186617600,0.8621,0.8662,0.8484,0.8496,7388,30
1186704000,0.8495,0.8511,0.8399,0.8444,8541,30
1186963200,0.8464,0.8504,0.8407,0.8418,6277,30
1187049600,0.842,0.8427,0.8337,0.8338,6084,30
1187136000,0.8339,0.8346,0.8178,0.8178,8509,30
1187222400,0.818,0.8201,0.782,0.7953,17397,30
1187308800,0.7954,0.8008,0.7675,0.7975,18759,30
1187568000,0.7991,0.8092,0.7891,0.8067,10497,30
1187654400,0.8064,0.8078,0.7956,0.8002,10942,30
1187740800,0.7994,0.8092,0.7969,0.8082,7568,30
1187827200,0.8083,0.8215,0.8073,0.8195,9162,30
1187913600,0.8196,0.8272,0.8152,0.8272,7612,30
1188172800,0.8278,0.8333,0.8256,0.826,4911,30
1188259200,0.8261,0.8277,0.8129,0.8135,7994,30
1188345600,0.8137,0.8234,0.805,0.8214,9752,30
1188432000,0.8212,0.8216,0.8127,0.8153,8118,30
1188518400,0.8154,0.8251,0.8106,0.8184,8058,30
1188777600,0.8164,0.8238,0.8164,0.8225,4538,30
1188864000,0.8224,0.827,0.8199,0.8246,6814,30
1188950400,0.8245,0.8287,0.8182,0.8217,8035,30
1189036800,0.8215,0.8297,0.8187,0.8288,6696,30
1189123200,0.8289,0.8309,0.8228,0.8264,5539,30
1189382400,0.8266,0.8267,0.8171,0.8253,7337,30
1189468800,0.8254,0.8349,0.8236,0.8336,6644,30
1189555200,0.8337,0.8434,0.8326,0.8413,6871,30
1189641600,0.8408,0.8438,0.8342,0.8348,6678,30
1189728000,0.8349,0.843,0.8347,0.8419,5699,30
1189987200,0.8417,0.8456,0.8311,0.8328,5270,30
1190073600,0.833,0.8529,0.8275,0.8515,8458,30
1190160000,0.8516,0.857,0.8486,0.8561,7815,30
1190246400,0.856,0.8659,0.8551,0.8628,7319,30
1190332800,0.8626,0.8703,0.8605,0.8668,6105,30
1190592000,0.8678,0.8699,0.8656,0.8678,5077,30
1190678400,0.8679,0.8738,0.8612,0.8735,6604,30
1190764800,0.8733,0.877,0.8713,0.8766,5184,30
1190851200,0.8767,0.8833,0.8749,0.8796,6272,30
1190937600,0.8794,0.8886,0.8785,0.8878,6326,30
1191196800,0.8886,0.8948,0.8853,0.8941,5736,30
1191283200,0.8942,0.8948,0.8807,0.8812,7710,30
1191369600,0.8815,0.8914,0.8812,0.8827,7284,30
1191456000,0.8826,0.8899,0.8795,0.8879,6985,30
1191542400,0.888,0.9003,0.8865,0.8973,6791,30
1191801600,0.8997,0.9032,0.8919,0.8929,4139,30
1191888000,0.8928,0.9012,0.8912,0.9006,6061,30
1191974400,0.9007,0.9009,0.8939,0.8968,6167,30
1192060800,0.8969,0.9059,0.8966,0.9007,7722,30
1192147200,0.9006,0.9051,0.8951,0.9045,7286,30
1192406400,0.9059,0.9077,0.8958,0.9002,6585,30
1192492800,0.9001,0.9012,0.8822,0.8895,11716,30
1192579200,0.8894,0.8971,0.8815,0.8916,11832,30
1192665600,0.8915,0.8971,0.888,0.8945,9069,30
1192752000,0.8944,0.8992,0.889,0.8902,8667,30
1193011200,0.8891,0.8915,0.8748,0.887,11598,30
1193097600,0.8875,0.899,0.8855,0.8977,8316,30
1193184000,0.8975,0.9046,0.8935,0.903,11122,30
1193270400,0.9031,0.9093,0.9009,0.9085,8393,30
1193356800,0.9083,0.9186,0.9076,0.9182,7178,30
1193616000,0.9216,0.927,0.9185,0.9231,7816,30
1193702400,0.9228,0.9229,0.9146,0.9197,8362,30
1193788800,0.92,0.9342,0.9189,0.9317,9730,30
1193875200,0.9318,0.9336,0.9107,0.9136,11836,30
1193961600,0.9135,0.9246,0.9135,0.9231,12007,30
1194220800,0.9214,0.9223,0.9156,0.9214,8565,30
1194307200,0.9211,0.9313,0.9204,0.9311,7460,30
1194393600,0.9309,0.9398,0.9187,0.923,12751,30
1194480000,0.9225,0.9331,0.9218,0.9264,12258,30
1194566400,0.9265,0.9319,0.91,0.9115,12750,30
1194825600,0.9052,0.9088,0.8752,0.8802,14451,30
1194912000,0.8799,0.9,0.8775,0.8994,12429,30
1194998400,0.8993,0.9068,0.893,0.8955,11990,30
1195084800,0.8954,0.9015,0.883,0.8852,10596,30
1195171200,0.8853,0.894,0.8816,0.8926,11064,30
1195430400,0.8942,0.8995,0.8802,0.8827,9190,30
1195516800,0.8828,0.8952,0.8757,0.8945,12865,30
1195603200,0.8946,0.8946,0.8651,0.8715,13662,30
1195689600,0.8713,0.8788,0.868,0.8723,6901,30
1195776000,0.8722,0.8777,0.8684,0.8775,7511,30
1196035200,0.878,0.8868,0.8666,0.8697,9453,30
1196121600,0.87,0.8812,0.8697,0.8764,12007,30
1196208000,0.8767,0.8918,0.8719,0.8876,10428,30
1196294400,0.8879,0.8884,0.8774,0.8811,10483,30
1196380800,0.8813,0.8894,0.8805,0.8839,9531,30
1196640000,0.885,0.8851,0.8785,0.8802,6945,30
1196726400,0.8804,0.8811,0.8696,0.8714,8387,30
1196812800,0.8715,0.8734,0.8659,0.8703,9164,30
1196899200,0.8707,0.8795,0.8689,0.8786,7187,30
1196985600,0.8788,0.8826,0.8741,0.876,6808,30
1197244800,0.8756,0.8867,0.8741,0.8862,6195,30
1197331200,0.8858,0.8895,0.871,0.8742,7452,30
1197417600,0.874,0.8906,0.874,0.8834,9054,30
1197504000,0.8836,0.8867,0.8733,0.8765,7863,30
1197590400,0.8767,0.8792,0.8604,0.8605,8377,30
1197849600,0.8634,0.8648,0.8557,0.8585,8533,30
1197936000,0.8582,0.8642,0.8551,0.8611,7272,30
1198022400,0.8614,0.8634,0.8557,0.8583,6277,30
1198108800,0.8584,0.8603,0.857,0.8585,4592,30
1198195200,0.8586,0.8695,0.8585,0.8673,5431,30
1198454400,0.868,0.8718,0.8672,0.871,3002,30
1198627200,0.8726,0.8746,0.8722,0.8739,1195,30
1198713600,0.874,0.8793,0.871,0.877,3460,30
1198800000,0.8766,0.8788,0.8721,0.8762,3186,30
1199059200,0.8769,0.8827,0.8752,0.8775,2019,30
1199232000,0.8793,0.8844,0.8789,0.8842,4160,30
1199318400,0.8841,0.8846,0.8785,0.8802,6191,30
1199404800,0.8807,0.8836,0.8699,0.8721,7407,30
1199664000,0.8714,0.8747,0.8683,0.8726,7374,30
1199750400,0.8728,0.8838,0.8705,0.8795,8209,30
1199836800,0.8793,0.8856,0.8784,0.8837,8959,30
1199923200,0.8836,0.8975,0.881,0.8942,7684,30
1200009600,0.8943,0.897,0.89,0.8908,7542,30
1200268800,0.8916,0.9002,0.8909,0.8986,5948,30
1200355200,0.8988,0.9018,0.878,0.8813,9797,30
1200441600,0.8811,0.8865,0.8743,0.8791,14127,30
1200528000,0.879,0.8879,0.8759,0.8779,12670,30
1200614400,0.8776,0.8851,0.8699,0.879,13305,30
1200873600,0.8811,0.8817,0.8578,0.8583,9681,30
1200960000,0.8584,0.8718,0.8513,0.8702,17345,30
1201046400,0.8701,0.8747,0.861,0.8733,15361,30
1201132800,0.8732,0.8831,0.8691,0.8823,11784,30
1201219200,0.8825,0.8853,0.8772,0.8795,10107,30
1201478400,0.8801,0.8894,0.8769,0.8886,7195,30
1201564800,0.8885,0.8903,0.8858,0.8874,7461,30
1201651200,0.8875,0.9014,0.8859,0.8909,8761,30
1201737600,0.891,0.8981,0.8819,0.8956,12484,30
1201824000,0.8957,0.9046,0.8943,0.9042,10018,30
1202083200,0.9025,0.91,0.9023,0.908,7309,30
1202169600,0.9077,0.909,0.894,0.8958,11704,30
1202256000,0.8959,0.8998,0.8907,0.8944,10299,30
1202342400,0.8937,0.8974,0.8874,0.8951,10767,30
1202428800,0.895,0.8985,0.8915,0.8955,7455,30
1202688000,0.8964,0.9057,0.8955,0.9039,7872,30
1202774400,0.904,0.9084,0.9021,0.9037,6689,30
1202860800,0.9038,0.9045,0.8922,0.8964,9742,30
1202947200,0.8963,0.9064,0.8963,0.9016,7540,30
1203033600,0.9017,0.9096,0.9002,0.909,7075,30
1203292800,0.9077,0.9152,0.9068,0.9149,4816,30
1203379200,0.915,0.9236,0.9148,0.9206,8493,30
1203465600,0.9205,0.9211,0.9111,0.9195,9216,30
1203552000,0.9194,0.9206,0.9164,0.9202,7060,30
1203638400,0.9201,0.9249,0.9171,0.9239,7625,30
1203897600,0.9232,0.9277,0.9216,0.9275,5695,30
1203984000,0.9276,0.9348,0.9252,0.9343,7692,30
1204070400,0.9344,0.943,0.9318,0.9406,9067,30
1204156800,0.9405,0.9496,0.9367,0.9475,9777,30
1204243200,0.9476,0.9485,0.9303,0.9307,11192,30
1204502400,0.9306,0.9419,0.9286,0.9399,10926,30
1204588800,0.9398,0.94,0.9217,0.9251,12441,30
1204675200,0.9252,0.9365,0.9228,0.9343,10733,30
1204761600,0.9344,0.9382,0.9245,0.9266,10003,30
1204848000,0.9265,0.9375,0.926,0.9267,12154,30
1205107200,0.9271,0.9311,0.9156,0.9178,9279,30
1205193600,0.9176,0.9309,0.9147,0.9296,10050,30
1205280000,0.9294,0.9366,0.9275,0.9346,10064,30
1205366400,0.9345,0.947,0.9329,0.9453,10761,30
1205452800,0.9451,0.9463,0.9353,0.9374,10621,30
1205712000,0.941,0.9446,0.9128,0.9214,17686,30
1205798400,0.9216,0.9326,0.9167,0.9299,12110,30
1205884800,0.9301,0.9353,0.9116,0.9138,13774,30
1205971200,0.9139,0.9166,0.8953,0.8996,12081,30
1206057600,0.8997,0.9031,0.8989,0.9021,2626,30
1206316800,0.8992,0.9095,0.8979,0.9089,5112,30
1206403200,0.9086,0.9177,0.9085,0.9168,8724,30
1206489600,0.9166,0.9241,0.9121,0.9198,8732,30
1206576000,0.92,0.9252,0.9166,0.92,9124,30
1206662400,0.9201,0.9242,0.9151,0.9174,8448,30
1206921600,0.9165,0.9181,0.9104,0.9135,9773,30
1207008000,0.9131,0.9147,0.9031,0.9073,10072,30
1207094400,0.9072,0.9158,0.9055,0.9141,8361,30
1207180800,0.9142,0.9177,0.9092,0.9148,8835,30
1207267200,0.9155,0.9228,0.9099,0.9228,9354,30
1207526400,0.9209,0.9284,0.9178,0.925,6503,30
1207612800,0.9251,0.9321,0.9242,0.931,7443,30
1207699200,0.9311,0.932,0.9261,0.9294,7760,30
1207785600,0.9295,0.9346,0.929,0.9317,8520,30
1207872000,0.9316,0.934,0.9273,0.9278,7770,30
1208131200,0.9256,0.9272,0.9205,0.927,8770,30
1208217600,0.9269,0.9307,0.9233,0.9264,7965,30
1208304000,0.9265,0.9401,0.925,0.9393,7818,30
1208390400,0.9391,0.9394,0.9337,0.9359,9186,30
1208476800,0.9361,0.9395,0.9271,0.9348,9330,30
1208736000,0.9335,0.9443,0.9328,0.9423,7589,30
1208822400,0.9422,0.9473,0.9391,0.945,8351,30
1208908800,0.9452,0.9541,0.9449,0.9474,9625,30
1208995200,0.9475,0.9483,0.9373,0.939,9793,30
1209081600,0.9389,0.942,0.929,0.9334,9311,30
1209340800,0.9341,0.9403,0.9334,0.9381,5757,30
1209427200,0.9382,0.9393,0.9293,0.9326,8434,30
1209513600,0.9328,0.9472,0.9312,0.943,9244,30
1209600000,0.9433,0.9442,0.9305,0.9324,8427,30
1209686400,0.9325,0.9385,0.9275,0.9346,8602,30
1209945600,0.9348,0.9468,0.9342,0.9464,4988,30
1210032000,0.9463,0.9506,0.9432,0.9498,7393,30
1210118400,0.95,0.9505,0.9407,0.9422,7415,30
1210204800,0.9421,0.9455,0.9349,0.9432,10497,30
1210291200,0.9436,0.9455,0.9384,0.9435,7789,30
1210550400,0.9412,0.9478,0.9356,0.947,6724,30
1210636800,0.9471,0.9476,0.9384,0.9399,8121,30
1210723200,0.94,0.9425,0.9303,0.9333,8644,30
1210809600,0.9334,0.9418,0.9291,0.9401,9892,30
1210896000,0.9399,0.9559,0.9392,0.9556,8371,30
1211155200,0.9558,0.9562,0.951,0.9529,5696,30
1211241600,0.9536,0.9618,0.9517,0.9583,8378,30
1211328000,0.9582,0.9653,0.9557,0.9631,7510,30
1211414400,0.9627,0.9648,0.9543,0.9564,7037,30
1211500800,0.9563,0.9636,0.9553,0.9591,5901,30
1211760000,0.9593,0.9617,0.9581,0.9603,3109,30
1211846400,0.9602,0.9635,0.958,0.9587,6725,30
1211932800,0.9588,0.9628,0.9562,0.962,7867,30
1212019200,0.9619,0.9636,0.9535,0.9551,9320,30
1212105600,0.9553,0.9578,0.9512,0.9558,7916,30
1212364800,0.9547,0.9567,0.9501,0.9554,7261,30
1212451200,0.9553,0.9612,0.9508,0.951,9016,30
1212537600,0.9511,0.9629,0.9486,0.9563,9655,30
1212624000,0.9562,0.9592,0.9511,0.9575,8489,30
1212710400,0.9578,0.9643,0.9564,0.9625,6395,30
1212969600,0.9618,0.9646,0.9482,0.9489,7895,30
1213056000,0.9495,0.9524,0.944,0.9458,9911,30
1213142400,0.9457,0.9492,0.9435,0.9478,6634,30
1213228800,0.948,0.9487,0.9327,0.9356,10129,30
1213315200,0.9359,0.9411,0.9334,0.9389,8007,30
1213574400,0.9393,0.9424,0.937,0.9402,5291,30
1213660800,0.9404,0.9452,0.9389,0.9438,7467,30
1213747200,0.9437,0.9473,0.9402,0.9461,5761,30
1213833600,0.946,0.9519,0.9447,0.9497,5741,30
1213920000,0.9498,0.9566,0.949,0.9532,5734,30
1214179200,0.9533,0.956,0.9493,0.9515,6339,30
1214265600,0.9516,0.9586,0.95,0.9564,6131,30
1214352000,0.9565,0.96,0.9532,0.9587,6391,30
1214438400,0.9588,0.9608,0.9551,0.9553,7108,30
1214524800,0.9548,0.9633,0.9541,0.961,7038,30
1214784000,0.9607,0.9666,0.9553,0.9582,6461,30
1214870400,0.9582,0.9593,0.9511,0.9552,7840,30
1214956800,0.9551,0.965,0.9533,0.9624,7023,30
1215043200,0.9622,0.9632,0.9582,0.9597,6125,30
1215129600,0.9598,0.9639,0.9591,0.9634,3786,30
1215388800,0.9626,0.9633,0.9516,0.9558,6428,30
1215475200,0.9561,0.9564,0.9502,0.9531,6678,30
1215561600,0.9532,0.959,0.9475,0.9554,8307,30
1215648000,0.9555,0.9639,0.9544,0.9615,7494,30
1215734400,0.9614,0.9716,0.9597,0.9662,7503,30
1215993600,0.9701,0.9735,0.9663,0.9715,6358,30
1216080000,0.9714,0.9849,0.9708,0.9784,8872,30
1216166400,0.9785,0.9815,0.9728,0.974,7847,30
1216252800,0.9739,0.979,0.9677,0.9732,7565,30
1216339200,0.9731,0.9738,0.9701,0.9701,5885,30
1216598400,0.9721,0.9772,0.9706,0.9766,5893,30
1216684800,0.9768,0.9792,0.9686,0.9714,6542,30
1216771200,0.9715,0.9734,0.96,0.9604,9931,30
1216857600,0.9605,0.9636,0.9539,0.9583,10079,30
1216944000,0.9584,0.9606,0.9545,0.9563,8496,30
1217203200,0.9545,0.9594,0.9527,0.9568,5886,30
1217289600,0.9567,0.9585,0.9498,0.9521,6241,30
1217376000,0.9525,0.9526,0.9412,0.9443,9057,30
1217462400,0.9442,0.9475,0.9397,0.9413,8863,30
1217548800,0.9413,0.9417,0.9285,0.9291,9412,30
1217808000,0.9298,0.9346,0.9286,0.9292,6106,30
1217894400,0.9293,0.9297,0.9133,0.9156,9447,30
1217980800,0.9153,0.9205,0.9064,0.9089,7028,30
1218067200,0.9091,0.9129,0.9046,0.9048,8659,30
1218153600,0.9047,0.9073,0.8868,0.8883,12893,30
1218412800,0.8864,0.8952,0.8795,0.8818,10313,30
1218499200,0.8814,0.8844,0.8703,0.8713,13190,30
1218585600,0.8711,0.877,0.8591,0.875,14466,30
1218672000,0.8749,0.8795,0.8667,0.8698,12281,30
1218758400,0.8704,0.8706,0.8609,0.8662,11042,30
1219017600,0.8665,0.8756,0.8653,0.8682,8930,30
1219104000,0.8681,0.8733,0.8625,0.8718,9797,30
1219190400,0.8719,0.8743,0.8673,0.8726,7196,30
1219276800,0.8725,0.8812,0.865,0.8795,8844,30
1219363200,0.8796,0.8804,0.8648,0.8664,4623,30
1219622400,0.8674,0.8689,0.8614,0.8634,7072,30
1219708800,0.8636,0.8646,0.8493,0.8543,11377,30
1219795200,0.8541,0.8637,0.8531,0.8583,10434,30
1219881600,0.8584,0.8693,0.8576,0.8617,10764,30
1219968000,0.8619,0.8658,0.8555,0.8577,8749,30
1220227200,0.8562,0.858,0.8481,0.8489,6681,30
1220313600,0.8488,0.8533,0.8269,0.8367,14982,30
1220400000,0.8368,0.8401,0.8233,0.8354,13885,30
1220486400,0.8357,0.8393,0.8133,0.8148,12908,30
1220572800,0.8147,0.8222,0.8029,0.8158,18462,30
1220832000,0.8328,0.8353,0.8076,0.8147,17008,30
1220918400,0.8144,0.8176,0.7982,0.7991,17459,30
1221004800,0.7992,0.813,0.7943,0.7962,16871,30
1221091200,0.7963,0.8097,0.79,0.8073,15643,30
1221177600,0.8066,0.8241,0.8007,0.8236,16116,30
1221436800,0.8182,0.8262,0.8011,0.8059,18912,30
1221523200,0.8057,0.8058,0.7852,0.7953,20688,30
1221609600,0.7954,0.8074,0.7802,0.7841,21273,30
1221696000,0.7902,0.8096,0.7866,0.8036,19690,30
1221782400,0.8037,0.8361,0.8012,0.8338,19676,30
1222041600,0.8369,0.8518,0.8283,0.8435,16808,30
1222128000,0.8436,0.8468,0.8279,0.834,13816,30
1222214400,0.8346,0.8428,0.8315,0.833,14345,30
1222300800,0.8329,0.8425,0.8318,0.8344,14536,30
1222387200,0.8341,0.8377,0.824,0.8309,15007,30
1222646400,0.8276,0.8329,0.7982,0.7989,14357,30
1222732800,0.799,0.8097,0.7868,0.7943,17341,30
1222819200,0.7941,0.8019,0.7858,0.7896,16366,30
1222905600,0.7899,0.7943,0.7698,0.7728,16905,30
1222992000,0.7729,0.7816,0.7712,0.7739,16790,30
1223251200,0.7715,0.7719,0.6998,0.7102,23871,30
1223337600,0.7104,0.7352,0.7025,0.7118,27102,30
1223424000,0.7123,0.7147,0.6445,0.6722,34299,30
1223510400,0.6723,0.7133,0.6647,0.6876,29049,30
1223596800,0.6875,0.6875,0.633,0.6431,36091,30
1223856000,0.6794,0.7,0.6543,0.6971,27596,30
1223942400,0.6972,0.7237,0.6936,0.7002,30529,30
1224028800,0.7001,0.7076,0.6495,0.6541,27465,30
1224115200,0.654,0.6943,0.6521,0.6892,29770,30
1224201600,0.6893,0.7009,0.6732,0.6889,20412,30
1224460800,0.6913,0.7064,0.6886,0.7032,17709,30
1224547200,0.7031,0.7032,0.6707,0.6758,19323,30
1224633600,0.6763,0.6825,0.663,0.6712,22623,30
1224720000,0.6711,0.6751,0.6528,0.6741,26872,30
1224806400,0.674,0.6743,0.6057,0.622,32918,30
1225065600,0.6159,0.6246,0.6009,0.6034,20577,30
1225152000,0.6036,0.6523,0.6022,0.6494,21261,30
1225238400,0.6493,0.6799,0.6338,0.6699,25212,30
1225324800,0.6701,0.689,0.6618,0.6742,25961,30
1225411200,0.674,0.6753,0.655,0.6677,24486,30
1225670400,0.6709,0.6861,0.6642,0.6744,18865,30
1225756800,0.6749,0.7015,0.6602,0.6974,18726,30
1225843200,0.6972,0.701,0.6767,0.6767,21757,30
1225929600,0.6771,0.6901,0.6634,0.6641,22978,30
1226016000,0.6643,0.6787,0.6548,0.6742,16844,30
1226275200,0.6888,0.6984,0.6652,0.6722,19411,30
1226361600,0.672,0.6756,0.6476,0.6559,18074,30
1226448000,0.6556,0.6663,0.6348,0.6372,21619,30
1226534400,0.6379,0.6683,0.634,0.6645,22072,30
1226620800,0.6643,0.6695,0.6464,0.6476,19777,30
1226880000,0.6388,0.6598,0.6374,0.6464,19396,30
1226966400,0.6462,0.6576,0.6411,0.6505,17515,30
1227052800,0.6507,0.6594,0.6361,0.6367,15671,30
1227139200,0.6368,0.6417,0.6076,0.6113,19950,30
1227225600,0.6112,0.6329,0.6077,0.6324,18400,30
1227484800,0.636,0.6555,0.6232,0.6551,17325,30
1227571200,0.655,0.6617,0.6332,0.6501,22104,30
1227657600,0.6503,0.6551,0.6429,0.6493,15618,30
1227744000,0.6489,0.6605,0.6478,0.6552,9667,30
1227830400,0.6548,0.6596,0.6491,0.6546,13145,30
1228089600,0.6512,0.6539,0.6372,0.6386,10119,30
1228176000,0.6385,0.6492,0.6334,0.644,10955,30
1228262400,0.6442,0.6512,0.6396,0.6501,10164,30
1228348800,0.6503,0.6535,0.6395,0.6429,10517,30
1228435200,0.6431,0.6489,0.6294,0.6462,10149,30
1228694400,0.6464,0.669,0.6459,0.6648,9905,30
1228780800,0.6647,0.6649,0.6494,0.658,9294,30
1228867200,0.6579,0.664,0.6521,0.6562,8934,30
1228953600,0.6555,0.6797,0.6548,0.6706,9923,30
1229040000,0.6704,0.673,0.6486,0.6645,11228,30
1229299200,0.6623,0.6746,0.6619,0.6704,12574,30
1229385600,0.6699,0.6986,0.6667,0.6927,10685,30
1229472000,0.6932,0.7078,0.6863,0.7054,12943,30
1229558400,0.7053,0.7139,0.6765,0.6871,16812,30
1229644800,0.6873,0.6927,0.6766,0.6805,15184,30
1229904000,0.6808,0.6893,0.6799,0.6832,11515,30
1229990400,0.6835,0.6852,0.6771,0.6785,9344,30
1230076800,0.6787,0.6839,0.6756,0.6821,5919,30
1230249600,0.6841,0.6873,0.6801,0.6837,2318,30
1230508800,0.6846,0.6968,0.684,0.6862,5138,30
1230595200,0.6864,0.6941,0.6858,0.6911,5247,30
1230681600,0.6912,0.7072,0.6853,0.7062,4971,30
1230854400,0.6972,0.7117,0.6915,0.7114,9181,30
1231113600,0.7143,0.72,0.7062,0.7141,15056,30
1231200000,0.7139,0.7266,0.7033,0.72,14386,30
1231286400,0.7198,0.7268,0.7094,0.7128,15629,30
1231372800,0.7132,0.7136,0.6957,0.7105,15619,30
1231459200,0.7103,0.7123,0.7015,0.7035,16980,30
1231718400,0.6995,0.6995,0.6778,0.6806,16900,30
1231804800,0.6803,0.6819,0.6576,0.6663,18897,30
1231891200,0.6665,0.6809,0.658,0.6595,18673,30
1231977600,0.6598,0.6697,0.6538,0.6681,20229,30
1232064000,0.6683,0.6795,0.6646,0.6731,16803,30
1232323200,0.678,0.6841,0.6654,0.6661,15280,30
1232409600,0.6663,0.6683,0.6462,0.6464,18147,30
1232496000,0.6465,0.6658,0.6455,0.6636,18644,30
1232582400,0.6634,0.6636,0.6491,0.6557,17597,30
1232668800,0.6555,0.6586,0.6418,0.6539,18628,30
1232928000,0.6532,0.6641,0.6493,0.6623,44012,30
1233014400,0.6624,0.6716,0.6572,0.6632,48393,30
1233100800,0.6632,0.6728,0.6592,0.6659,53777,30
1233187200,0.6659,0.6678,0.6508,0.6514,43663,30
1233273600,0.6514,0.6514,0.6344,0.6373,64351,30
1233532800,0.6356,0.6366,0.6248,0.6296,49647,30
1233619200,0.6297,0.6542,0.6295,0.6501,59378,30
1233705600,0.6501,0.653,0.6353,0.6404,67291,30
1233792000,0.6404,0.6579,0.6402,0.6511,58838,30
1233878400,0.651,0.68,0.6474,0.6751,53119,30
1234137600,0.672,0.6849,0.6627,0.6783,28277,30
1234224000,0.6782,0.6789,0.6482,0.6553,28227,30
1234310400,0.6551,0.66,0.648,0.6545,20245,30
1234396800,0.6548,0.6614,0.6427,0.6556,22359,30
1234483200,0.6555,0.6641,0.652,0.6567,17831,30
1234742400,0.6519,0.6539,0.6475,0.65,12787,30
1234828800,0.6501,0.653,0.6332,0.6365,17092,30
1234915200,0.6367,0.6432,0.6337,0.6388,17226,30
1235001600,0.6387,0.6521,0.6372,0.6453,15824,30
1235088000,0.6454,0.6499,0.6353,0.6451,17151,30
1235347200,0.6449,0.6546,0.6402,0.642,14343,30
1235433600,0.6422,0.6528,0.6389,0.6526,16047,30
1235520000,0.6527,0.6553,0.6453,0.647,14216,30
1235606400,0.6468,0.655,0.6461,0.6475,13341,30
1235692800,0.6476,0.6481,0.6339,0.6384,14412,30
1235952000,0.637,0.6383,0.6286,0.6292,14292,30
1236038400,0.6293,0.6461,0.6287,0.6371,14533,30
1236124800,0.6372,0.6526,0.6286,0.6478,15903,30
1236211200,0.6477,0.6485,0.6356,0.6372,16236,30
1236297600,0.6371,0.647,0.6368,0.6403,16585,30
1236556800,0.6415,0.6449,0.6306,0.6326,14619,30
1236643200,0.6325,0.6488,0.6324,0.6472,15928,30
1236729600,0.6474,0.6524,0.6399,0.6498,16202,30
1236816000,0.6499,0.6577,0.6411,0.6519,18097,30
1236902400,0.652,0.6603,0.6516,0.6581,14326,30
1237161600,0.6536,0.6636,0.6535,0.6592,14098,30
1237248000,0.6591,0.6627,0.6567,0.6625,15204,30
1237334400,0.6626,0.6815,0.6565,0.6784,14325,30
1237420800,0.6783,0.6942,0.6722,0.6875,15822,30
1237507200,0.6876,0.69295,0.685,0.68663,33355,30
1237766400,0.69297,0.70578,0.6903,0.70243,29291,30
1237852800,0.70275,0.70916,0.69313,0.6985,31614,30
1237939200,0.69852,0.70497,0.69017,0.6974,35108,30
1238025600,0.69747,0.70393,0.6974,0.70195,33803,30
1238112000,0.70193,0.70287,0.68655,0.69395,34951,30
1238371200,0.69001,0.6924,0.67683,0.68115,29397,30
1238457600,0.68106,0.69675,0.67855,0.6907,41207,30
1238544000,0.69065,0.6995,0.68551,0.69776,31003,30
1238630400,0.6976,0.7198,0.69731,0.71574,34813,30
1238716800,0.71575,0.72268,0.7057,0.71474,33580,30
1238976000,0.7157,0.72065,0.70781,0.71212,35169,30
1239062400,0.71236,0.7168,0.70488,0.71045,39260,30
1239148800,0.71048,0.7127,0.7032,0.70942,39919,30
1239235200,0.70945,0.72015,0.7052,0.71875,38386,30
1239321600,0.71873,0.72061,0.7173,0.71935,11495,30
1239580800,0.72171,0.7322,0.71845,0.73219,25554,30
1239667200,0.73218,0.73218,0.71985,0.7211,36606,30
1239753600,0.7212,0.72934,0.71457,0.72725,39069,30
1239840000,0.72722,0.73135,0.71375,0.71975,44616,30
1239926400,0.71983,0.72273,0.71669,0.72235,32100,30
1240185600,0.72308,0.72375,0.69515,0.69862,30487,30
1240272000,0.69868,0.71285,0.69678,0.70955,36769,30
1240358400,0.70958,0.71156,0.70017,0.70554,47125,30
1240444800,0.7055,0.71545,0.70274,0.71347,47036,30
1240531200,0.71348,0.72373,0.71052,0.7223,45525,30
1240790400,0.72114,0.72114,0.708,0.70853,45584,30
1240876800,0.7085,0.70995,0.69888,0.70541,49705,30
1240963200,0.7054,0.72994,0.705,0.72363,46764,30
1241049600,0.72366,0.73825,0.72313,0.72493,37013,30
1241136000,0.72503,0.73449,0.724,0.73001,34166,30
1241395200,0.73244,0.74093,0.73131,0.74065,41590,30
1241481600,0.74064,0.74781,0.73774,0.74059,51438,30
1241568000,0.74061,0.75007,0.73352,0.74673,76736,30
1241654400,0.74669,0.76148,0.74573,0.75614,85862,30
1241740800,0.75614,0.77063,0.75069,0.76834,73545,30
1242000000,0.77072,0.77086,0.75673,0.75776,64180,30
1242086400,0.7577,0.76797,0.7561,0.76466,81502,30
1242172800,0.76471,0.77032,0.75066,0.7525,85908,30
1242259200,0.75254,0.76165,0.74653,0.7592,74167,30
1242345600,0.75914,0.76066,0.74754,0.74887,54694,30
1242604800,0.74998,0.76663,0.74502,0.7646,46217,30
1242691200,0.76442,0.77829,0.76282,0.77338,56958,30
1242777600,0.77349,0.78081,0.76851,0.77306,54932,30
1242864000,0.77342,0.78003,0.76684,0.77831,53414,30
1242950400,0.77836,0.78666,0.77687,0.7825,56416,30
1243209600,0.78217,0.7834,0.77724,0.78145,21581,30
1243296000,0.78157,0.78813,0.77027,0.78662,67793,30
1243382400,0.78663,0.78899,0.77428,0.77605,66964,30
1243468800,0.77603,0.78677,0.77558,0.78405,72577,30
1243555200,0.78403,0.8014,0.78292,0.80075,64401,30
1243814400,0.80273,0.81518,0.79901,0.81019,67080,30
1243900800,0.81018,0.82298,0.80502,0.82037,70970,30
1243987200,0.82041,0.82626,0.79317,0.79975,81452,30
1244073600,0.79972,0.80895,0.79128,0.80179,80992,30
1244160000,0.80173,0.81205,0.79165,0.79304,69817,30
1244419200,0.79344,0.79853,0.78268,0.78918,62799,30
1244505600,0.78915,0.80424,0.78528,0.80125,70818,30
1244592000,0.80131,0.81341,0.79666,0.80145,65939,30
1244678400,0.80143,0.82363,0.80128,0.81872,72004,30
1244764800,0.81879,0.82112,0.80574,0.81216,62945,30
1245024000,0.80845,0.8099,0.79036,0.79448,59149,30
1245110400,0.79452,0.8067,0.78593,0.79205,68914,30
1245196800,0.79203,0.79964,0.78495,0.79289,73699,30
1245283200,0.7929,0.80527,0.79121,0.7999,55301,30
1245369600,0.79994,0.81178,0.79845,0.80596,47674,30
1245628800,0.8049,0.8049,0.785,0.78679,62383,30
1245715200,0.78677,0.79784,0.77889,0.7941,77788,30
1245801600,0.794,0.80543,0.79162,0.79635,69201,30
1245888000,0.79626,0.80418,0.7933,0.80383,58278,30
1245974400,0.80382,0.80864,0.80238,0.80766,56413,30
1246233600,0.80626,0.80958,0.79832,0.80729,47064,30
1246320000,0.80727,0.81547,0.80389,0.80535,62339,30
1246406400,0.80522,0.81079,0.80236,0.80911,54398,30
1246492800,0.80912,0.80944,0.79019,0.79053,59741,30
1246579200,0.7905,0.8006,0.79048,0.79658,36488,30
1246838400,0.79451,0.79793,0.78778,0.79589,57532,30
1246924800,0.79587,0.80378,0.78834,0.78921,63100,30
1247011200,0.78925,0.78929,0.77222,0.77948,73309,30
1247097600,0.77949,0.78609,0.77532,0.78341,63633,30
1247184000,0.78339,0.78481,0.77384,0.77853,59781,30
1247443200,0.7789,0.78422,0.77026,0.78402,63972,30
1247529600,0.78405,0.79468,0.7812,0.79445,48073,30
1247616000,0.79448,0.80551,0.7923,0.80303,53259,30
1247702400,0.8031,0.80703,0.79597,0.8051,63281,30
1247788800,0.80504,0.80513,0.79705,0.80209,55894,30
1248048000,0.8025,0.81791,0.80226,0.8156,55434,30
1248134400,0.81565,0.8192,0.80892,0.81688,55645,30
1248220800,0.81688,0.82119,0.80989,0.81585,57190,30
1248307200,0.81578,0.8221,0.81063,0.813,54691,30
1248393600,0.81304,0.81879,0.81224,0.81696,46907,30
1248652800,0.81823,0.82585,0.81442,0.82302,56078,30
1248739200,0.8229,0.83372,0.81994,0.82638,63810,30
1248825600,0.82629,0.82772,0.81244,0.81678,68550,30
1248912000,0.81677,0.82853,0.8142,0.82491,65979,30
1248998400,0.8249,0.83648,0.82361,0.83561,57143,30
1249257600,0.83554,0.84395,0.83384,0.8417,60747,30
1249344000,0.84158,0.84687,0.8385,0.84362,66211,30
1249430400,0.84361,0.84519,0.83612,0.84076,50310,30
1249516800,0.84076,0.84589,0.83679,0.83963,50813,30
1249603200,0.8396,0.84495,0.83448,0.83706,48613,30
1249862400,0.83392,0.84296,0.83303,0.83768,39427,30
1249948800,0.83764,0.83882,0.82756,0.82884,54233,30
1250035200,0.82893,0.83691,0.81797,0.8338,65984,30
1250121600,0.83383,0.84523,0.83296,0.84155,59322,30
1250208000,0.84154,0.84768,0.82745,0.83235,61261,30
1250467200,0.82966,0.83144,0.81548,0.82061,69214,30
1250553600,0.8206,0.82735,0.81941,0.82598,59365,30
1250640000,0.82603,0.83126,0.8175,0.82999,67695,30
1250726400,0.83001,0.83323,0.82687,0.83116,53543,30
1250812800,0.83108,0.83945,0.82157,0.83459,48755,30
1251072000,0.83775,0.84282,0.83577,0.8374,45879,30
1251158400,0.83742,0.84258,0.83365,0.83417,46313,30
1251244800,0.83416,0.83861,0.82524,0.82678,48900,30
1251331200,0.8268,0.8416,0.82377,0.8387,50374,30
1251417600,0.83867,0.84696,0.83778,0.84091,45817,30
1251676800,0.84228,0.84568,0.83385,0.84336,39864,30
1251763200,0.8433,0.8448,0.8245,0.8263,49692,30
1251849600,0.8265,0.8372,0.8239,0.8336,49978,30
1251936000,0.8336,0.8425,0.8315,0.8393,42908,30
1252022400,0.8393,0.8534,0.8378,0.8503,38489,30
1252281600,0.8514,0.8576,0.851,0.8553,25420,30
1252368000,0.8553,0.8656,0.8528,0.8618,40773,30
1252454400,0.8617,0.8667,0.8565,0.8627,26098,30
1252540800,0.8625,0.8644,0.8545,0.8633,9248,30
1252627200,0.8632,0.8674,0.8606,0.8633,8940,30
1252886400,0.8621,0.863,0.8543,0.8621,8667,30
1252972800,0.862,0.8645,0.8563,0.863,8930,30
1253059200,0.8631,0.8748,0.8628,0.8727,8275,30
1253145600,0.8728,0.8775,0.869,0.872,8517,30
1253232000,0.8719,0.872,0.8653,0.8674,8197,30
1253491200,0.8659,0.8681,0.859,0.8624,7924,30
1253577600,0.8626,0.8758,0.8626,0.8737,8423,30
1253664000,0.8736,0.8788,0.8657,0.8662,9470,30
1253750400,0.8667,0.8769,0.8619,0.8655,10030,30
1253836800,0.8656,0.8712,0.8607,0.8679,11217,30
1254096000,0.8665,0.8755,0.8586,0.8723,10208,30
1254182400,0.8722,0.8761,0.8675,0.8712,10283,30
1254268800,0.8711,0.8846,0.8708,0.8837,10776,30
1254355200,0.8835,0.8858,0.8676,0.8697,10938,30
1254441600,0.87,0.8712,0.8567,0.865,10468,30
1254700800,0.8654,0.8796,0.8646,0.8778,8286,30
1254787200,0.8776,0.8919,0.8758,0.8906,24550,30
1254873600,0.8907,0.895,0.8865,0.8905,9250,30
1254960000,0.8904,0.9088,0.89,0.9068,9682,30
1255046400,0.9067,0.9083,0.9012,0.9037,9755,30
1255305600,0.9038,0.9082,0.8984,0.9069,7390,30
1255392000,0.907,0.9125,0.9032,0.9088,9744,30
1255478400,0.9089,0.9159,0.9052,0.9156,10159,30
1255564800,0.9157,0.9227,0.9146,0.9203,9321,30
1255651200,0.9204,0.9269,0.9124,0.9164,10578,30
1255910400,0.9148,0.9293,0.9112,0.9288,10878,30
1255996800,0.9289,0.931,0.9181,0.9237,12068,30
1256083200,0.9238,0.9326,0.9192,0.9266,12947,30
1256169600,0.9267,0.9298,0.9185,0.9264,12411,30
1256256000,0.9265,0.9295,0.9198,0.9223,11875,30
1256515200,0.9217,0.9275,0.9125,0.9158,9238,30
1256601600,0.9159,0.9217,0.9121,0.9162,12522,30
1256688000,0.9163,0.9206,0.8961,0.8998,12506,30
1256774400,0.8999,0.9181,0.8942,0.9154,12739,30
1256860800,0.91545,0.91742,0.89772,0.89973,53182,30
1257120000,0.89599,0.91206,0.89534,0.90445,54689,15
1257206400,0.90446,0.90895,0.89157,0.90248,57128,15
1257292800,0.90252,0.91427,0.89769,0.90944,50832,15
1257379200,0.90948,0.91234,0.90239,0.9096,47505,15
1257465600,0.90958,0.91973,0.90924,0.91875,44640,15
1257724800,0.92078,0.93073,0.91939,0.93046,41522,15
1257811200,0.93048,0.93216,0.92542,0.93002,44456,15
1257897600,0.93003,0.93426,0.92707,0.93029,50868,15
1257984000,0.93032,0.93684,0.92098,0.92374,55405,15
1258070400,0.92369,0.93417,0.92342,0.93278,43758,15
1258329600,0.93375,0.94043,0.93154,0.93553,45041,15
1258416000,0.93558,0.93749,0.92368,0.92945,54440,15
1258502400,0.92948,0.93365,0.92649,0.92856,45737,15
1258588800,0.9286,0.92954,0.91312,0.91902,54790,15
1258675200,0.91905,0.92135,0.90603,0.91437,54233,15
1258934400,0.91183,0.92754,0.91173,0.92387,46050,15
1259020800,0.92385,0.92543,0.91311,0.92045,50126,15
1259107200,0.9205,0.9321,0.92018,0.93163,41492,15
1259193600,0.93173,0.93191,0.90932,0.91219,40130,15
1259280000,0.91222,0.91231,0.89457,0.90604,56950,16
1259539200,0.91165,0.91929,0.90946,0.91676,53540,19
1259625600,0.91678,0.92695,0.91049,0.92378,46234,15
1259712000,0.92387,0.9294,0.92304,0.9256,39452,15
1259798400,0.92561,0.93214,0.92304,0.92309,42149,15
1259884800,0.9231,0.92923,0.91062,0.91445,47273,15
1260144000,0.9159,0.91873,0.9052,0.91448,57071,15
1260230400,0.91451,0.91629,0.90192,0.90383,64298,15
1260316800,0.90379,0.91125,0.9014,0.90965,54248,15
1260403200,0.90962,0.91889,0.90871,0.91666,43853,30
1260489600,0.91668,0.91934,0.90901,0.91249,36489,15
1260748800,0.91024,0.91734,0.90531,0.91535,37539,15
1260835200,0.91534,0.91643,0.90335,0.90613,32344,15
1260921600,0.90616,0.90673,0.89548,0.89996,40405,15
1261008000,0.89995,0.90074,0.88456,0.88676,41839,15
1261094400,0.88681,0.89149,0.88095,0.88978,37541,15
1261353600,0.88881,0.89052,0.87828,0.87988,33737,15
1261440000,0.87985,0.88329,0.8742,0.87477,32767,16
1261526400,0.87482,0.8817,0.87343,0.87846,26229,15
1261612800,0.87822,0.88586,0.8782,0.88394,15408,15
1261958400,0.88373,0.88888,0.88272,0.88539,16545,27
1262044800,0.88546,0.89915,0.88538,0.89433,27074,20
1262131200,0.89432,0.89572,0.88996,0.8942,26514,20
1262217600,0.89424,0.9007,0.89287,0.89767,20932,20
1262563200,0.89938,0.9135,0.89372,0.91188,33539,15
1262649600,0.91176,0.9173,0.90911,0.91157,37194,15
1262736000,0.91156,0.92154,0.90983,0.91924,35090,15
1262822400,0.91927,0.92644,0.91588,0.91648,36534,15
1262908800,0.91654,0.9246,0.91228,0.92455,29314,15
1263168000,0.92784,0.93247,0.92777,0.92909,34147,15
1263254400,0.92918,0.93054,0.91702,0.92106,39872,15
1263340800,0.92103,0.9267,0.91888,0.92333,38661,15
1263427200,0.92432,0.93273,0.9216,0.93125,37118,15
1263513600,0.93128,0.93136,0.92145,0.92247,37060,15
1263772800,0.92049,0.92779,0.91735,0.92528,28626,15
1263859200,0.92531,0.92727,0.91755,0.92372,41260,17
1263945600,0.92375,0.92381,0.90721,0.91086,50105,15
1264032000,0.9109,0.91452,0.89921,0.90169,54562,15
1264118400,0.90175,0.90914,0.89815,0.90042,51511,15
1264377600,0.90185,0.9092,0.90185,0.90397,41692,15
1264464000,0.90397,0.90827,0.89375,0.8994,50268,15
1264550400,0.89942,0.90439,0.8909,0.89638,54147,15
1264636800,0.89648,0.90466,0.89287,0.89393,53825,15
1264723200,0.89383,0.89611,0.88324,0.88352,52821,15
1264982400,0.88309,0.89219,0.87877,0.89218,45796,15
1265068800,0.89218,0.89254,0.878,0.88601,46502,17
1265155200,0.88603,0.89149,0.88053,0.88122,44473,18
1265241600,0.88112,0.88239,0.86074,0.86652,49040,15
1265328000,0.86649,0.87169,0.85772,0.86815,55646,15
1265587200,0.86794,0.87081,0.86135,0.86315,45588,15
1265673600,0.86313,0.8796,0.86268,0.8787,52037,15
1265760000,0.87855,0.87911,0.8709,0.87507,45671,15
1265846400,0.87507,0.89189,0.87485,0.89055,45914,17
1265932800,0.89055,0.89129,0.87859,0.88763,44757,15
1266192000,0.88711,0.89091,0.88482,0.88949,20648,15
1266278400,0.88947,0.9026,0.88759,0.90106,42293,15
1266364800,0.90126,0.90353,0.89641,0.89781,41837,15
1266451200,0.89778,0.90245,0.89131,0.89217,46592,15
1266537600,0.8922,0.8988,0.88781,0.89862,45751,15
1266796800,0.89987,0.90226,0.89726,0.90054,35566,15
1266883200,0.90059,0.90702,0.88779,0.89145,45866,15
1266969600,0.89145,0.8955,0.88566,0.89295,44462,15
1267056000,0.89297,0.89509,0.88005,0.88755,47530,15
1267142400,0.88758,0.89781,0.88615,0.89518,43373,15
1267401600,0.89723,0.90146,0.89344,0.90135,39708,15
1267488000,0.90133,0.9058,0.89577,0.90336,44702,15
1267574400,0.90336,0.90848,0.90074,0.90534,41729,15
1267660800,0.90542,0.90551,0.89779,0.89849,40222,15
1267747200,0.89868,0.90923,0.8985,0.90753,34701,15
1268006400,0.9083,0.91325,0.9076,0.90865,26753,15
1268092800,0.90866,0.91565,0.90539,0.91516,32177,15
1268179200,0.91516,0.91921,0.91257,0.91548,29750,17
1268265600,0.91549,0.91691,0.91104,0.9146,30731,15
1268352000,0.9146,0.9193,0.91392,0.91505,31058,15
1268611200,0.91699,0.91768,0.90953,0.91306,35552,15
1268697600,0.91303,0.9216,0.91184,0.91885,35522,15
1268784000,0.91884,0.92503,0.91727,0.92298,35500,15
1268870400,0.92305,0.92319,0.91791,0.91955,32535,15
1268956800,0.91955,0.92235,0.9128,0.91526,35168,15
1269216000,0.91354,0.9184,0.90842,0.91751,34152,15
1269302400,0.91754,0.91969,0.91356,0.91915,33207,15
1269388800,0.91911,0.91916,0.90646,0.90962,37265,15
1269475200,0.90968,0.91392,0.90617,0.9062,34840,17
1269561600,0.90625,0.91157,0.90007,0.90384,39922,15
1269820800,0.90405,0.91779,0.90323,0.9169,33733,15
1269907200,0.91687,0.92148,0.9159,0.91864,32079,15
1269993600,0.91864,0.92046,0.91304,0.91664,39225,15
1270080000,0.91659,0.9216,0.9149,0.92015,32814,15
1270166400,0.92014,0.92115,0.91809,0.91905,12043,18
1270425600,0.91884,0.92192,0.91846,0.92066,16446,17
1270512000,0.92066,0.9286,0.91636,0.92732,35503,15
1270598400,0.92732,0.92954,0.92472,0.92678,31526,15
1270684800,0.92675,0.92917,0.92216,0.92829,30662,15
1270771200,0.92832,0.9345,0.92656,0.9329,30124,15
1271030400,0.9366,0.93808,0.92365,0.92391,31227,15
1271116800,0.92395,0.92921,0.92231,0.92849,32137,15
1271203200,0.92848,0.93595,0.9272,0.9351,32540,15
1271289600,0.93515,0.93629,0.93101,0.93435,30579,15
1271376000,0.93434,0.9344,0.92303,0.92397,38928,18
1271635200,0.92064,0.92629,0.91573,0.92527,39643,15
1271721600,0.92529,0.93238,0.92398,0.93192,35237,15
1271808000,0.93194,0.93373,0.92551,0.92657,34656,15
1271894400,0.92658,0.9303,0.9227,0.92663,39216,16
1271980800,0.92663,0.92777,0.91703,0.92758,40291,15
1272240000,0.9257,0.93115,0.92561,0.92729,32277,15
1272326400,0.92736,0.92851,0.91343,0.91484,42975,15
1272412800,0.915,0.9264,0.91493,0.92507,52956,15
1272499200,0.925,0.92936,0.9222,0.92797,36455,15
1272585600,0.92792,0.93247,0.92349,0.9241,39287,15
1272844800,0.92305,0.92747,0.92255,0.92629,29632,15
1272931200,0.92624,0.92711,0.90706,0.90894,44564,15
1273017600,0.90895,0.91166,0.902,0.90659,52073,10
1273104000,0.90654,0.9092,0.87153,0.88653,67737,15
1273190400,0.88652,0.89373,0.8803,0.88758,77757,15
1273449600,0.89891,0.90772,0.89218,0.9027,54506,15
1273536000,0.90252,0.90302,0.8932,0.89456,49490,15
1273622400,0.89459,0.89788,0.88885,0.89474,50384,15
1273708800,0.89469,0.90253,0.89318,0.8947,48095,15
1273795200,0.89474,0.89726,0.88497,0.88564,49464,15
1274054400,0.88481,0.8858,0.86848,0.87735,112533,16
1274140800,0.87733,0.87883,0.86,0.8611,59251,15
1274227200,0.86107,0.86366,0.8357,0.8497,43650,17
1274313600,0.8496,0.8496,0.80705,0.81245,41310,19
1274400000,0.81246,0.83646,0.80872,0.83197,57309,17
1274659200,0.83118,0.83567,0.81849,0.82449,53317,18
1274745600,0.82457,0.8303,0.80663,0.82857,50677,16
1274832000,0.8282,0.83884,0.81888,0.82235,48360,16
1274918400,0.82234,0.85278,0.82161,0.85041,53423,16
1275004800,0.85039,0.85494,0.84281,0.84716,50637,12
1275264000,0.84558,0.85138,0.83832,0.84693,28129,16
1275350400,0.84668,0.84749,0.82814,0.83067,63989,18
1275436800,0.83076,0.84251,0.82746,0.84145,53336,16
1275523200,0.8415,0.85214,0.83638,0.84202,49687,15
1275609600,0.84203,0.8476,0.82121,0.82313,50567,15
1275868800,0.82251,0.82267,0.8081,0.80944,60415,16
1275955200,0.8094,0.8284,0.80873,0.82668,62503,18
1276041600,0.82659,0.83567,0.81941,0.82789,53672,16
1276128000,0.82778,0.85077,0.82659,0.84854,59803,17
1276214400,0.84845,0.85049,0.84256,0.8501,60832,15
1276473600,0.85161,0.86662,0.85081,0.8581,40307,15
1276560000,0.85809,0.86605,0.85051,0.86453,47056,15
1276646400,0.86452,0.86718,0.85807,0.86204,42678,15
1276732800,0.86208,0.86873,0.85823,0.86711,42244,15
1276819200,0.86711,0.87286,0.86515,0.87184,34541,15
1277078400,0.88063,0.88583,0.87522,0.87606,44124,15
1277164800,0.87607,0.88296,0.87015,0.8714,42842,16
1277251200,0.87165,0.87795,0.866,0.87385,33832,15
1277337600,0.87383,0.8769,0.86407,0.86632,48274,15
1277424000,0.8663,0.87574,0.85948,0.87375,38928,16
1277683200,0.874,0.87747,0.87064,0.87145,36110,15
1277769600,0.8715,0.872,0.84638,0.84919,41851,16
1277856000,0.84922,0.85647,0.83893,0.84053,49640,16
1277942400,0.84044,0.84789,0.83153,0.84763,52720,17
1278028800,0.84767,0.85086,0.84018,0.84138,46341,15
1278288000,0.84116,0.84667,0.83703,0.83972,22395,15
1278374400,0.83978,0.85591,0.83156,0.85149,49221,16
1278460800,0.85149,0.86621,0.8449,0.86292,46721,15
1278547200,0.86297,0.87899,0.86212,0.87633,45995,14
1278633600,0.87631,0.8786,0.87269,0.87733,35979,13
1278892800,0.87727,0.87751,0.87009,0.87672,33960,15
1278979200,0.87669,0.88409,0.86817,0.88346,49323,22
1279065600,0.88342,0.88699,0.87849,0.88348,40801,15
1279152000,0.88349,0.88479,0.87268,0.88355,51493,16
1279238400,0.88358,0.88366,0.86811,0.86872,44978,16
1279497600,0.86656,0.87181,0.86322,0.86882,42000,15
1279584000,0.86862,0.88446,0.86665,0.88366,47182,16
1279670400,0.88364,0.88586,0.87622,0.87686,44775,15
1279756800,0.87684,0.89518,0.87367,0.89311,46784,16
1279843200,0.89312,0.89698,0.88955,0.8954,47578,15
1280102400,0.8957,0.90347,0.89272,0.90162,40450,16
1280188800,0.90168,0.90681,0.89985,0.90085,37604,15
1280275200,0.90087,0.9024,0.89045,0.89073,44640,16
1280361600,0.89073,0.90421,0.89068,0.90075,42306,15
1280448000,0.90069,0.90657,0.8965,0.90415,42544,15
1280707200,0.90595,0.91447,0.90442,0.91261,34456,15
1280793600,0.91259,0.91486,0.90701,0.91253,38642,17
1280880000,0.91261,0.91817,0.9094,0.91621,37736,15
1280966400,0.91618,0.91732,0.91156,0.91523,34686,16
1281052800,0.91525,0.92208,0.91342,0.918,36370,15
1281312000,0.91868,0.92046,0.91525,0.91581,30479,15
1281398400,0.91571,0.9163,0.90582,0.91257,41717,15
1281484800,0.91271,0.91322,0.89316,0.89404,47671,15
1281571200,0.8941,0.90065,0.89138,0.896,47372,15
1281657600,0.89587,0.90338,0.8921,0.89263,40185,17
1281916800,0.8931,0.89935,0.88584,0.89689,40777,15
1282003200,0.89691,0.90787,0.89446,0.90534,41831,15
1282089600,0.90521,0.90573,0.89721,0.89818,39022,15
1282176000,0.89817,0.90168,0.89045,0.89152,44212,15
1282262400,0.89161,0.89391,0.88408,0.89368,42591,17
1282521600,0.88701,0.89813,0.88698,0.89044,37057,15
1282608000,0.89046,0.89075,0.87996,0.88219,45566,15
1282694400,0.88215,0.88932,0.87707,0.88516,46507,15
1282780800,0.88513,0.8917,0.88311,0.88609,42825,15
1282867200,0.88607,0.89976,0.88439,0.89874,39934,15
1283126400,0.9012,0.90287,0.8912,0.89135,34011,15
1283212800,0.89135,0.8955,0.88602,0.8925,48676,16
1283299200,0.89239,0.91156,0.89109,0.91075,39718,15
1283385600,0.91074,0.91197,0.90532,0.91059,32761,15
1283472000,0.91056,0.91748,0.9066,0.9163,29187,15
1283731200,0.91565,0.91804,0.91445,0.91669,18845,15
1283817600,0.91669,0.91768,0.90917,0.91048,33931,15
1283904000,0.91052,0.91927,0.90971,0.9184,40629,15
1283990400,0.91845,0.92758,0.91697,0.92322,39634,15
1284076800,0.92325,0.92674,0.92042,0.92631,35022,15
1284336000,0.929,0.93612,0.92869,0.93466,34377,15
1284422400,0.93466,0.94566,0.93128,0.93871,41228,15
1284508800,0.93869,0.94282,0.93424,0.93757,44234,15
1284595200,0.93755,0.93943,0.933,0.93591,40066,15
1284681600,0.93585,0.94677,0.93494,0.93599,39993,15
1284940800,0.9383,0.94932,0.936,0.9458,24704,15
1285027200,0.9458,0.95629,0.94406,0.95318,40599,15
1285113600,0.9532,0.95989,0.95082,0.95517,34008,15
1285200000,0.9552,0.95737,0.9467,0.94894,45694,15
1285286400,0.94894,0.96131,0.94629,0.95898,20681,15
1285545600,0.96035,0.9643,0.95727,0.96029,39444,15
1285632000,0.96036,0.96856,0.95585,0.96728,44033,15
1285718400,0.96724,0.97287,0.96571,0.96812,38601,15
1285804800,0.96815,0.97326,0.96238,0.96557,51153,15
1285891200,0.96559,0.97494,0.96352,0.97242,44770,15
1286150400,0.97263,0.97265,0.96522,0.96726,42289,15
1286236800,0.96722,0.97249,0.95411,0.9708,50492,15
1286323200,0.97086,0.97903,0.96926,0.97671,46206,15
1286409600,0.97673,0.99158,0.97557,0.98127,48259,16
1286496000,0.98127,0.9872,0.97084,0.9859,42443,15
1286755200,0.9899,0.9905,0.9822,0.9833,20123,15
1286841600,0.98334,0.98753,0.97668,0.98578,48086,16
1286928000,0.98581,0.99351,0.98336,0.98952,41286,15
1287014400,0.98954,0.9993,0.98942,0.99339,43305,16
1287100800,0.99334,0.9998,0.98621,0.99054,40082,15
1287360000,0.98972,0.99432,0.98004,0.98974,47884,18
1287446400,0.98977,0.99565,0.96612,0.97105,60465,16
1287532800,0.971,0.98887,0.96619,0.98613,57501,17
1287619200,0.98611,0.98903,0.97416,0.97876,55211,17
1287705600,0.97876,0.98532,0.97576,0.9825,49297,17
1287964800,0.98468,0.99733,0.9823,0.98998,56964,15
1288051200,0.98992,0.99259,0.98134,0.98613,61173,17
1288137600,0.98607,0.98634,0.96511,0.97241,65296,17
1288224000,0.97241,0.98189,0.97189,0.97816,58091,17
1288310400,0.97819,0.98372,0.96783,0.98339,55497,16
1288569600,0.98488,0.99136,0.98141,0.98736,54484,15
1288656000,0.98736,1.00224,0.98648,0.99914,60289,15
1288742400,0.99912,1.00633,0.98968,1.00429,65583,15
1288828800,1.00426,1.01745,1.00195,1.01474,64026,15
1288915200,1.01477,1.01818,1.00851,1.01555,60809,15
1289174400,1.01436,1.01645,1.0079,1.01189,63037,16
1289260800,1.01189,1.01729,0.99981,1.00216,71355,15
1289347200,1.00224,1.00714,0.99748,1.00284,73645,17
1289433600,1.00281,1.00885,0.99554,0.99694,66309,16
1289520000,0.99699,1.00021,0.98249,0.98448,78668,17
1289779200,0.98692,0.9919,0.98122,0.98469,65260,16
1289865600,0.98465,0.98921,0.97242,0.97579,79341,17
1289952000,0.97585,0.98332,0.97255,0.98065,72377,17
1290038400,0.98066,0.99043,0.97952,0.9898,64541,16
1290124800,0.98976,0.99104,0.9815,0.98632,60002,16
1290384000,0.98863,0.99534,0.9823,0.98777,66318,15
1290470400,0.9878,0.98805,0.97076,0.97306,77603,15
1290556800,0.97306,0.98513,0.97301,0.98226,71974,15
1290643200,0.98226,0.98489,0.97605,0.97877,47470,15
1290729600,0.97874,0.9789,0.96119,0.96427,64217,16
1290988800,0.96718,0.96986,0.9566,0.96164,71564,15
1291075200,0.96168,0.96589,0.95439,0.95867,82810,16
1291161600,0.95869,0.96968,0.95368,0.9667,78535,16
1291248000,0.9667,0.97777,0.96223,0.97648,74341,17
1291334400,0.97648,0.99361,0.97383,0.99292,66531,16
1291593600,0.99186,0.99256,0.98491,0.98939,63169,16
1291680000,0.98942,0.99644,0.98217,0.98254,71088,15
1291766400,0.98256,0.98545,0.97521,0.97954,70629,15
1291852800,0.9796,0.98834,0.97752,0.9839,65989,15
1291939200,0.98394,0.9896,0.98269,0.98513,52775,15
1292198400,0.98371,0.99839,0.98324,0.99513,53405,15
1292284800,0.99515,1.00271,0.99414,0.99854,55063,15
1292371200,0.99847,0.99847,0.98399,0.98654,60059,13
1292457600,0.98657,0.99058,0.98304,0.98928,55614,9
1292544000,0.98958,0.99248,0.98397,0.98796,54483,15
1292803200,0.98715,0.9948,0.98618,0.99296,56086,15
1292889600,0.99285,0.99919,0.99167,0.99734,52402,15
1292976000,0.99734,1.00094,0.99494,0.99936,49738,15
1293062400,0.99936,1.00635,0.9985,1.00234,45807,15
1293148800,1.00236,1.00503,1.00197,1.00442,21752,15
1293408000,1.00165,1.00564,0.99867,1.00414,41094,15
1293494400,1.00428,1.01515,1.00406,1.00919,43901,15
1293580800,1.00915,1.01826,1.00874,1.0171,38539,15
1293667200,1.01704,1.01966,1.0118,1.01646,41428,15
1293753600,1.01636,1.02554,1.015,1.023,31560,15
1294012800,1.02218,1.02229,1.01488,1.01574,42382,15
1294099200,1.01581,1.01694,1.0028,1.00548,58123,15
1294185600,1.0055,1.00745,0.99597,0.99925,63809,15
1294272000,0.99926,1.00137,0.99272,0.99439,54898,15
1294358400,0.99431,0.99914,0.9907,0.99556,62558,15
1294617600,0.99451,0.99809,0.98824,0.99321,57884,15
1294704000,0.99331,0.9948,0.98031,0.9817,68076,15
1294790400,0.9817,0.99651,0.98094,0.99564,63829,15
1294876800,0.99564,1.00191,0.99199,0.99869,61228,15
1294963200,0.99865,0.99917,0.98557,0.98851,59106,15
1295222400,0.99009,0.99669,0.98618,0.99293,45960,15
1295308800,0.99292,1.00043,0.98966,0.9984,64068,15
1295395200,0.99838,1.00759,0.99611,0.99757,67331,15
1295481600,0.99756,0.99831,0.98316,0.98634,75512,15
1295568000,0.98631,0.99171,0.9839,0.98961,66854,15
1295827200,0.9885,1.00205,0.98624,0.99676,60050,15
1295913600,0.99686,0.9992,0.98893,0.99597,71655,15
1296000000,0.996,0.9997,0.99297,0.99771,61508,15
1296086400,0.99771,0.99996,0.98765,0.9911,68113,15
1296172800,0.99114,0.99851,0.98828,0.99386,66904,14
1296432000,0.98913,0.99884,0.98657,0.99641,66523,15
1296518400,0.99645,1.01476,0.99637,1.01041,70850,15
1296604800,1.01043,1.01323,1.0055,1.0092,57527,15
1296691200,1.00925,1.01614,1.00831,1.01504,60907,15
1296777600,1.01506,1.01981,1.01105,1.01356,39311,15
1297036800,1.01335,1.01603,1.01032,1.01315,37139,15
1297123200,1.01335,1.01886,1.01135,1.01414,34518,15
1297209600,1.01415,1.01507,1.00878,1.011,35713,15
1297296000,1.011,1.01317,1.00046,1.00054,52654,15
1297382400,1.00056,1.00312,0.99604,1.0019,37695,15
1297641600,1.00105,1.00732,1.00023,1.00278,48859,15
1297728000,1.00268,1.00566,0.9943,0.9966,48467,15
1297814400,0.99649,1.00547,0.99641,1.00213,52675,15
1297900800,1.0021,1.01285,1.0018,1.01086,42820,15
1297987200,1.0108,1.01565,1.00882,1.01438,43633,15
1298246400,1.01431,1.015,1.00715,1.008,38049,15
1298332800,1.00803,1.00861,0.99658,0.99893,67180,15
1298419200,0.99893,1.00583,0.99817,1.00332,63964,15
1298505600,1.00331,1.01225,1.00014,1.00985,68739,15
1298592000,1.00983,1.01768,1.00914,1.01747,55666,15
1298851200,1.01533,1.01917,1.0119,1.018,59002,15
1298937600,1.01805,1.02005,1.01216,1.01271,59746,15
1299024000,1.01275,1.01813,1.00849,1.01597,56239,15
1299110400,1.01603,1.01867,1.01127,1.01241,53470,15
1299196800,1.0124,1.01486,1.00751,1.01363,45971,10
1299456000,1.01493,1.01838,1.00908,1.01174,51813,15
1299542400,1.01174,1.01332,1.00532,1.00959,55388,15
1299628800,1.00961,1.01309,1.00592,1.01036,55094,15
1299715200,1.01036,1.01161,0.99895,1.00149,65714,11
1299801600,1.00145,1.01572,0.99681,1.01364,63578,15
1300060800,1.00977,1.01155,1.00466,1.0101,61609,15
1300147200,1.01015,1.01029,0.98153,0.98913,88776,15
1300233600,0.98914,0.99622,0.97044,0.97851,87133,15
1300320000,0.97848,0.98724,0.97577,0.97854,81876,15
1300406400,0.97854,0.99777,0.97801,0.99616,65304,15
1300665600,0.99559,1.00687,0.99507,1.00576,54856,15
1300752000,1.00578,1.01275,1.00361,1.00909,50236,15
1300838400,1.00905,1.01549,1.00631,1.01274,56807,15
1300924800,1.01273,1.02271,1.01123,1.02088,55166,15
1301011200,1.02084,1.02931,1.01855,1.02575,50876,15
1301270400,1.02459,1.03135,1.02324,1.02422,50205,15
1301356800,1.02428,1.02948,1.02039,1.02854,50025,15
1301443200,1.02855,1.0336,1.02684,1.0319,52324,15
1301529600,1.0319,1.03718,1.03092,1.03302,52943,15
1301616000,1.03299,1.03941,1.03124,1.03829,51747,15
1301875200,1.03891,1.04153,1.03355,1.03633,43708,15
1301961600,1.0363,1.03681,1.02876,1.03206,47562,15
1302048000,1.03206,1.04499,1.03139,1.04365,49739,15
1302134400,1.04363,1.05066,1.0411299999999999,1.04659,55203,15
1302220800,1.04657,1.05811,1.04514,1.05622,51849,15
1302480000,1.05528,1.05802,1.04831,1.0491,45974,15
1302566400,1.04916,1.05216,1.03889,1.04399,61486,15
1302652800,1.04404,1.05374,1.04275,1.04977,53350,15
1302739200,1.04973,1.05484,1.04564,1.05378,57709,15
1302825600,1.05377,1.05772,1.05104,1.05659,49444,15
1303084800,1.05541,1.05721,1.04537,1.04971,55807,15
1303171200,1.04973,1.05329,1.04425,1.05234,53841,15
1303257600,1.05236,1.07173,1.05177,1.06976,52446,15
1303344000,1.06973,1.07738,1.06757,1.07474,51427,15
1303430400,1.07478,1.07546,1.07197,1.07348,17307,15
1303689600,1.07577,1.07739,1.06837,1.0724,40988,15
1303776000,1.0724,1.07955,1.06759,1.07889,51318,15
1303862400,1.07888,1.08773,1.07786,1.08535,57327,15
1303948800,1.08561,1.09458,1.08503,1.09268,55625,12
1304035200,1.09257,1.09763,1.08806,1.09688,43225,15
1304294400,1.09716,1.10109,1.09206,1.09383,53099,15
1304380800,1.09376,1.09509,1.08301,1.08324,64911,15
1304467200,1.08323,1.08761,1.07246,1.07267,67871,15
1304553600,1.07296,1.07693,1.0536,1.06009,73412,15
1304640000,1.06006,1.08006,1.05956,1.07004,81866,15
1304899200,1.07093,1.08105,1.06934,1.07851,67149,15
1304985600,1.07851,1.08476,1.07356,1.08416,67260,15
1305072000,1.08417,1.08877,1.06636,1.07034,60529,15
1305158400,1.07032,1.07126,1.05665,1.06646,60235,15
1305244800,1.06648,1.07157,1.0520100000000001,1.05707,43249,15
1305504000,1.05671,1.06414,1.05129,1.05729,52796,15
1305590400,1.05733,1.06271,1.05045,1.06234,48651,12
1305676800,1.06214,1.06645,1.05685,1.0631,25472,12
1305763200,1.06309,1.06804,1.05938,1.0663,24607,12
1305849600,1.06635,1.071,1.06095,1.06632,23180,12
1306108800,1.06455,1.06493,1.04783,1.05107,29892,12
1306195200,1.05102,1.05824,1.04788,1.05543,26524,12
1306281600,1.05552,1.05606,1.04399,1.05237,42015,12
1306368000,1.0524,1.0648,1.05089,1.06327,78300,10
1306454400,1.06327,1.0718,1.0608,1.07049,70051,10
1306713600,1.07146,1.0715,1.06749,1.06868,35949,15
1306800000,1.06868,1.07559,1.06425,1.06564,58616,15
1306886400,1.06561,1.07521,1.05927,1.06128,68227,15
1306972800,1.06119,1.06872,1.05865,1.0671599999999999,64416,15
1307059200,1.06715,1.07734,1.05944,1.07137,42886,15
1307318400,1.07302,1.0767,1.06911,1.07266,48280,15
1307404800,1.07266,1.07491,1.06712,1.07163,43276,15
1307491200,1.07162,1.07222,1.05885,1.06274,44425,15
1307577600,1.06271,1.06615,1.05623,1.0625499999999999,37904,15
1307664000,1.06253,1.06509,1.05259,1.0535,38643,15
1307923200,1.05278,1.06358,1.05224,1.061,62209,15
1308009600,1.06099,1.07145,1.05675,1.06791,59886,15
1308096000,1.06791,1.07124,1.05343,1.05574,60699,15
1308182400,1.05581,1.05895,1.04774,1.05613,80680,15
1308268800,1.05619,1.06341,1.05052,1.05988,71817,15
1308528000,1.05982,1.0616,1.04962,1.05772,67267,15
1308614400,1.0577,1.06189,1.05311,1.05969,65438,15
1308700800,1.05962,1.06494,1.0563,1.05685,66590,15
1308787200,1.05685,1.05705,1.04546,1.05325,69973,15
1308873600,1.05331,1.05998,1.04846,1.04885,65176,15
1309132800,1.04835,1.04869,1.03902,1.04523,71058,15
1309219200,1.04521,1.05428,1.04354,1.05359,64637,15
1309305600,1.05358,1.06848,1.0518399999999999,1.06709,58962,15
1309392000,1.06695,1.07495,1.06682,1.0707,60718,15
1309478400,1.07086,1.07885,1.06727,1.07676,55364,15
1309737600,1.077,1.07846,1.07118,1.07415,48317,15
1309824000,1.07419,1.07461,1.06636,1.06828,64819,15
1309910400,1.06831,1.07329,1.0654,1.06952,64551,15
1309996800,1.06956,1.07786,1.06854,1.07706,58462,15
1310083200,1.07706,1.07879,1.07035,1.0753,64659,15
1310342400,1.072,1.07311,1.06311,1.06566,72984,15
1310428800,1.06566,1.06636,1.0525,1.05913,86546,15
1310515200,1.05909,1.07975,1.05782,1.0774,79487,15
1310601600,1.07734,1.07847,1.06931,1.07206,75525,15
1310688000,1.07191,1.07448,1.06187,1.06507,61276,15
1310947200,1.0637,1.06543,1.05601,1.06057,77414,10
1311033600,1.06067,1.07407,1.0603,1.0723,66588,10
1311120000,1.07218,1.07597,1.071,1.07414,51566,14
1311206400,1.07414,1.08557,1.06931,1.08356,60899,13
1311292800,1.08338,1.08739,1.08191,1.08437,46544,15
1311552000,1.08462,1.08764,1.07953,1.08472,47963,15
1311638400,1.08467,1.09676,1.08207,1.09555,52850,15
1311724800,1.0955300000000001,1.10797,1.09429,1.10234,55634,12
1311811200,1.10234,1.1074,1.0975,1.10059,63783,12
1311897600,1.10057,1.10173,1.09108,1.09904,60615,15
1312156800,1.09939,1.10648,1.09221,1.09674,56766,15
1312243200,1.0967500000000001,1.10058,1.07729,1.07776,62529,11
1312329600,1.0777700000000001,1.07842,1.0678,1.07719,68229,15
1312416000,1.07715,1.07769,1.04479,1.04479,87379,12
1312502400,1.04481,1.05258,1.03755,1.044,89739,15
1312761600,1.04124,1.04362,1.01799,1.0187,105456,15
1312848000,1.0188,1.04123,0.99265,1.03887,116294,15
1312934400,1.03889,1.03906,1.01503,1.01507,98176,14
1313020800,1.01511,1.03576,1.01108,1.03426,106258,15
1313107200,1.03424,1.03598,1.02452,1.03468,82040,13
1313366400,1.03661,1.05114,1.03606,1.05084,65494,15
1313452800,1.05084,1.05087,1.04056,1.0468,76581,15
1313539200,1.04682,1.06006,1.04322,1.05363,71899,15
1313625600,1.05361,1.05566,1.0352,1.03741,80391,15
1313712000,1.03748,1.04796,1.03146,1.04034,82321,15
1313971200,1.03826,1.04719,1.03618,1.03957,70063,15
1314057600,1.03955,1.05329,1.03853,1.0526,69254,15
1314144000,1.0526,1.0526,1.04475,1.04654,70050,13
1314230400,1.04655,1.05125,1.04164,1.04384,67440,15
1314316800,1.04376,1.0591,1.04352,1.05663,69686,15
1314576000,1.05679,1.06783,1.05597,1.06767,57771,12
1314662400,1.06766,1.07198,1.06206,1.06732,72430,12
1314748800,1.06732,1.07201,1.06511,1.06863,69780,12
1314835200,1.0686,1.07641,1.06588,1.07207,66921,15
1314921600,1.07211,1.0732,1.06253,1.06415,67303,15
1315180800,1.06073,1.06091,1.0507900000000001,1.0511,62087,15
1315267200,1.05108,1.06239,1.04812,1.04885,82554,15
1315353600,1.04885,1.06599,1.04885,1.06462,67283,15
1315440000,1.06462,1.06591,1.05651,1.06043,74735,15
1315526400,1.06045,1.06337,1.04212,1.04681,81209,15
1315785600,1.04187,1.04395,1.0255,1.03505,92731,15
1315872000,1.03505,1.03746,1.02618,1.03138,91512,15
1315958400,1.03131,1.03685,1.01772,1.02549,95812,15
1316044800,1.02551,1.03455,1.01821,1.03311,87832,15
1316131200,1.03313,1.03975,1.02936,1.03581,72053,15
1316390400,1.02895,1.03133,1.01668,1.02106,82134,15
1316476800,1.02108,1.03107,1.01476,1.02649,89482,15
1316563200,1.02647,1.02913,1.00332,1.00517,89032,11
1316649600,1.00519,1.00768,0.96914,0.97453,112907,15
1316736000,0.97451,0.98653,0.96696,0.97795,111037,15
1316995200,0.97823,0.98458,0.96216,0.98353,111303,15
1317081600,0.9835,0.9984,0.97753,0.99048,94731,15
1317168000,0.99049,0.99543,0.97503,0.97503,94685,12
1317254400,0.97501,0.98762,0.97006,0.97686,102882,14
1317340800,0.97686,0.98078,0.96583,0.96583,93228,15
1317600000,0.96705,0.96991,0.9508,0.9529,99849,15
1317686400,0.9529,0.95946,0.93898,0.95477,115506,15
1317772800,0.95476,0.96661,0.94873,0.96547,97893,12
1317859200,0.96549,0.97656,0.96209,0.97317,95434,15
1317945600,0.97318,0.98784,0.97273,0.97646,88138,12
1318204800,0.97599,1.0014,0.97521,0.99942,80977,12
1318291200,0.99936,1.0001,0.99053,0.99596,90111,15
1318377600,0.99595,1.02054,0.98646,1.01337,92462,15
1318464000,1.01333,1.02304,1.01019,1.01857,90685,15
1318550400,1.01858,1.03442,1.01439,1.03373,81241,13
1318809600,1.03232,1.03708,1.01476,1.01651,88419,15
1318896000,1.01653,1.03248,1.01177,1.02611,95237,15
1318982400,1.02609,1.03526,1.02038,1.02299,89521,15
1319068800,1.023,1.02946,1.0147,1.02273,102810,15
1319155200,1.02268,1.03764,1.02023,1.03732,89796,15
1319414400,1.03296,1.04996,1.03141,1.04672,89403,15
1319500800,1.04673,1.04954,1.03989,1.04301,92177,15
1319587200,1.04302,1.04337,1.03216,1.03963,95013,15
1319673600,1.03963,1.07512,1.03875,1.07127,100428,15
1319760000,1.07129,1.07308,1.06545,1.06987,87382,15
1320019200,1.07061,1.07069,1.0506,1.05406,95020,15
1320105600,1.05406,1.05652,1.02721,1.03269,106668,15
1320192000,1.03262,1.04262,1.02787,1.03371,102175,15
1320278400,1.03368,1.04448,1.02024,1.03983,104320,15
1320364800,1.03979,1.04367,1.03149,1.03727,90937,15
1320624000,1.04097,1.0425200000000001,1.02756,1.03759,88474,15
1320710400,1.03759,1.04025,1.02813,1.03794,87835,15
1320796800,1.038,1.03949,1.01173,1.01175,99354,15
1320883200,1.01177,1.02082,1.00525,1.01504,95981,15
1320969600,1.01504,1.03032,1.0104899999999999,1.02861,77213,15
1321228800,1.03118,1.03399,1.01606,1.02004,86885,15
1321315200,1.02,1.02248,1.01128,1.01679,85539,11
1321401600,1.01679,1.01834,1.00596,1.00699,95576,15
1321488000,1.00699,1.01168,0.99729,1.00008,101642,15
1321574400,1.00008,1.01056,0.99634,1.00037,94221,13
1321833600,0.99962,0.99962,0.98085,0.98324,97060,15
1321920000,0.98324,0.9898,0.98122,0.9843,94224,14
1322006400,0.9843,0.9855,0.9663,0.96834,97368,12
1322092800,0.96834,0.97842,0.96831,0.97208,75785,9
1322179200,0.97204,0.97718,0.96663,0.97081,76499,15
1322438400,0.98061,0.9975,0.98022,0.98992,83805,10
1322524800,0.98992,1.0076,0.9862,1.00364,87170,15
1322611200,1.00367,1.0327,0.99425,1.02658,91911,11
1322697600,1.02669,1.0269,1.01504,1.02149,83584,15
1322784000,1.0215,1.03231,1.01956,1.0213700000000001,69928,14
1323043200,1.02389,1.03034,1.02018,1.02611,80172,8
1323129600,1.02611,1.02661,1.01557,1.02377,82814,8
1323216000,1.02375,1.03029,1.02331,1.02869,75943,12
1323302400,1.02865,1.03777,1.0144,1.01604,84085,15
1323388800,1.01602,1.02221,1.00471,1.02123,81134,8
1323648000,1.01896,1.02058,1.00508,1.00571,77574,15
1323734400,1.00577,1.01603,0.99791,1.00043,78599,10
1323820800,1.00046,1.00438,0.9884,0.98967,87154,15
1323907200,0.98973,0.99875,0.9861,0.99285,76519,15
1323993600,0.99284,1.00258,0.99257,0.99799,71105,15
1324252800,0.99668,0.99738,0.98824,0.98951,78986,5
1324339200,0.98956,1.00938,0.98952,1.00656,71751,8
1324425600,1.00656,1.02183,1.00513,1.00876,82169,8
1324512000,1.00874,1.01478,1.0059,1.01269,70450,15
1324598400,1.0127,1.01798,1.01261,1.01386,46029,15
1324857600,1.01637,1.01708,1.01549,1.01632,17602,15
1324944000,1.0163,1.01729,1.01379,1.01428,35108,30
1325030400,1.0143,1.02019,1.00707,1.00823,55922,13
1325116800,1.00821,1.0144,1.00438,1.01315,62115,15
1325203200,1.01315,1.02671,1.01256,1.02,57786,15
1325462400,1.02189,1.0244,1.01973,1.02399,30971,15
1325548800,1.02399,1.03854,1.02393,1.03632,66035,15
1325635200,1.03629,1.0372,1.03041,1.03526,74135,15
1325721600,1.03524,1.03563,1.02316,1.02526,80471,15
1325808000,1.02523,1.02701,1.02018,1.0226,64262,15
1326067200,1.02023,1.02555,1.01448,1.02374,76072,15
1326153600,1.02373,1.03508,1.02373,1.03057,73808,14
1326240000,1.03055,1.03275,1.02621,1.03019,72444,15
1326326400,1.03018,1.03768,1.02851,1.03301,67265,15
1326412800,1.03298,1.0366,1.0232,1.03227,71494,15
1326672000,1.02934,1.0336400000000001,1.0253,1.03025,53172,15
1326758400,1.03023,1.04481,1.03022,1.03717,76106,15
1326844800,1.03718,1.04353,1.03582,1.04142,81755,15
1326931200,1.04141,1.04321,1.03701,1.0416,77719,15
1327017600,1.04159,1.04873,1.03821,1.04828,67533,15
1327276800,1.04693,1.0572300000000001,1.04577,1.05215,69819,7
1327363200,1.05214,1.05307,1.04278,1.04832,57592,7
1327449600,1.04831,1.06181,1.04441,1.059,75888,15
1327536000,1.05898,1.0687,1.05871,1.06232,67005,7
1327622400,1.06233,1.06687,1.05901,1.06565,78445,15
1327881600,1.06332,1.06518,1.05264,1.0590600000000001,78672,15
1327968000,1.05907,1.06839,1.05763,1.06246,74200,9
1328054400,1.06245,1.07395,1.05681,1.07105,77462,15
1328140800,1.07106,1.07551,1.06787,1.07026,74416,7
1328227200,1.07027,1.07931,1.06708,1.07669,71786,7
1328486400,1.07579,1.07583,1.06832,1.07164,73248,12
1328572800,1.07165,1.08216,1.07008,1.0803,81657,15
1328659200,1.08029,1.08436,1.07674,1.0783800000000001,69595,15
1328745600,1.07839,1.08236,1.07392,1.07857,87759,9
1328832000,1.07858,1.07858,1.06396,1.0671599999999999,82202,12
1329091200,1.07074,1.07775,1.06855,1.07193,77647,15
1329177600,1.0719,1.07317,1.0628,1.06874,74814,15
1329264000,1.06873,1.07756,1.0667,1.06876,77730,15
1329350400,1.06877,1.0772,1.06454,1.07495,77413,15
1329436800,1.07494,1.07977,1.06878,1.07002,65356,15
1329696000,1.07713,1.08146,1.07315,1.07318,58694,15
1329782400,1.07319,1.07483,1.06433,1.06442,83288,7
1329868800,1.06441,1.06851,1.06047,1.06271,75917,15
1329955200,1.06269,1.07369,1.05958,1.07327,67520,9
1330041600,1.07329,1.07531,1.06869,1.06945,59502,15
1330300800,1.07093,1.07833,1.06502,1.07461,70413,15
1330387200,1.0746,1.07858,1.07285,1.07686,66013,15
1330473600,1.07685,1.0855,1.07139,1.07334,81298,15
1330560000,1.07332,1.08151,1.0723799999999999,1.08062,77768,15
1330646400,1.08061,1.0814300000000001,1.07253,1.073,68267,15
1330905600,1.07267,1.07382,1.06557,1.0665499999999999,66149,15
1330992000,1.06654,1.06896,1.05241,1.05447,76375,15
1331078400,1.05448,1.0592,1.05073,1.05792,68626,15
1331164800,1.05791,1.06678,1.0534,1.0647,69246,15
1331251200,1.06469,1.06617,1.05639,1.05746,65052,9
1331510400,1.0568,1.05708,1.04729,1.05186,63609,15
1331596800,1.05187,1.05588,1.04841,1.0549,69052,15
1331683200,1.05488,1.05502,1.04276,1.04398,65457,15
1331769600,1.04399,1.05528,1.04211,1.0515,72195,15
1331856000,1.05152,1.05965,1.05082,1.05884,61432,15
1332115200,1.06029,1.06364,1.05575,1.06037,60464,15
1332201600,1.06035,1.06229,1.04566,1.04794,70594,15
1332288000,1.04793,1.05258,1.04208,1.04514,66451,15
1332374400,1.04513,1.0482,1.03359,1.03957,75723,15
1332460800,1.03956,1.048,1.03716,1.0462,69163,14
1332720000,1.04664,1.05444,1.04261,1.05391,66144,15
1332806400,1.05392,1.05562,1.04512,1.04526,62317,9
1332892800,1.04527,1.04587,1.03552,1.03883,73476,15
1332979200,1.03885,1.04028,1.03043,1.03763,70208,15
1333065600,1.03761,1.04141,1.03394,1.03433,60167,15
1333324800,1.044,1.04457,1.03659,1.04076,65352,10
1333411200,1.04075,1.04626,1.03002,1.0328,75567,10
1333497600,1.03278,1.03316,1.02429,1.02625,76417,9
1333584000,1.02624,1.03223,1.02518,1.03025,66534,10
1333670400,1.03026,1.03353,1.02725,1.03008,36120,10
1333929600,1.02952,1.03306,1.02561,1.03083,43071,10
1334016000,1.03084,1.03549,1.02467,1.02537,72673,10
1334102400,1.02536,1.03319,1.0225,1.03032,70874,7
1334188800,1.03031,1.04493,1.03009,1.04377,73801,10
1334275200,1.04375,1.04508,1.03558,1.0371,70775,10
1334534400,1.03624,1.03783,1.03106,1.03543,74050,10
1334620800,1.03545,1.04173,1.03041,1.03959,66299,10
1334707200,1.0396,1.04143,1.034,1.03571,67567,10
1334793600,1.03572,1.03894,1.0313,1.03336,74421,10
1334880000,1.0334,1.03831,1.0308,1.03786,64168,10
1335139200,1.03726,1.03828,1.02716,1.03155,64535,10
1335225600,1.03154,1.03305,1.02461,1.0321,68417,10
1335312000,1.03206,1.03739,1.03058,1.03637,66355,10
1335398400,1.03636,1.03977,1.03495,1.03676,64579,10
1335484800,1.03675,1.04738,1.0352999999999999,1.04689,65012,10
1335744000,1.04568,1.04684,1.04055,1.04267,55984,10
1335830400,1.04269,1.04287,1.03044,1.0332,50802,10
1335916800,1.03319,1.03548,1.02839,1.03235,60877,10
1336003200,1.03233,1.03243,1.0239,1.0264199999999999,60924,10
1336089600,1.02644,1.02769,1.01688,1.01783,60467,10
1336348800,1.01512,1.02184,1.01092,1.02031,63019,10
1336435200,1.02032,1.02169,1.0088,1.01085,68514,10
1336521600,1.01087,1.01147,1.00206,1.00409,78749,10
1336608000,1.00411,1.01426,1.00377,1.00577,76864,10
1336694400,1.00575,1.00808,1.00177,1.00185,71024,10
1336953600,1.00088,1.00334,0.99554,0.99559,66009,10
1337040000,0.99558,1.00146,0.99203,0.99364,69363,10
1337126400,0.99363,0.99672,0.98699,0.99113,79109,10
1337212800,0.99112,0.99631,0.98825,0.98874,76316,10
1337299200,0.98878,0.98968,0.97945,0.9843,84290,10
1337558400,0.98435,0.99171,0.98019,0.99121,75933,10
1337644800,0.9912,0.99344,0.97809,0.97928,76594,10
1337731200,0.97937,0.97986,0.96894,0.97531,85340,10
1337817600,0.97532,0.98126,0.97118,0.97656,86965,10
1337904000,0.97655,0.97985,0.97251,0.97566,75188,10
1338163200,0.98033,0.98878,0.97954,0.9852,61181,10
1338249600,0.98519,0.98969,0.98001,0.98345,82117,10
1338336000,0.98344,0.98422,0.97014,0.97104,87178,10
1338422400,0.97103,0.9769,0.96721,0.97258,90276,10
1338508800,0.9726,0.97307,0.95814,0.96914,92949,10
1338768000,0.97035,0.97462,0.96266,0.97176,81375,10
1338854400,0.97175,0.9803,0.97102,0.97442,83468,10
1338940800,0.97443,0.99312,0.97361,0.99176,88152,10
1339027200,0.99174,1.00018,0.98864,0.98912,86967,10
1339113600,0.98911,0.99383,0.98202,0.99127,88360,10
1339372800,0.9987,1.00047,0.98532,0.9855,80419,10
1339459200,0.98549,0.99662,0.98492,0.99522,83891,10
1339545600,0.99523,1.00018,0.99282,0.9945,80052,10
1339632000,0.99448,1.00319,0.99215,1.00203,82199,10
1339718400,1.00201,1.00882,0.9993,1.00717,72234,10
1339977600,1.01274,1.01413,1.00565,1.01197,83165,10
1340064000,1.01196,1.02006,1.01031,1.01918,77734,10
1340150400,1.01919,1.02233,1.01329,1.01831,81926,10
1340236800,1.0183,1.02038,1.00274,1.00523,88496,10
1340323200,1.00517,1.0076,1.00077,1.006,76526,10
1340582400,1.00477,1.005,0.99684,1.00066,74011,10
1340668800,1.00065,1.00825,0.99991,1.0058,81788,10
1340755200,1.00583,1.00885,1.00391,1.00803,82534,10
1340841600,1.00802,1.01249,0.99949,1.00397,95782,10
1340928000,1.00396,1.02566,1.00178,1.02359,103869,10
1341187200,1.02599,1.02772,1.02113,1.02541,88839,10
1341273600,1.02542,1.02959,1.02285,1.02808,81346,10
1341360000,1.02809,1.03174,1.02607,1.02752,75401,10
1341446400,1.02751,1.03284,1.02418,1.02875,89063,10
1341532800,1.02873,1.02874,1.01792,1.02085,85120,10
1341792000,1.01814,1.02119,1.01544,1.02064,82130,10
1341878400,1.02063,1.02441,1.01591,1.01913,85455,10
1341964800,1.01914,1.02806,1.01779,1.02525,86385,10
1342051200,1.02524,1.02586,1.01002,1.01352,90285,10
1342137600,1.01353,1.02286,1.01215,1.02252,83299,10
1342396800,1.02417,1.0258099999999999,1.02019,1.02433,70298,10
1342483200,1.02434,1.03174,1.02357,1.03023,85340,10
1342569600,1.03024,1.0372,1.02884,1.03625,87542,10
1342656000,1.03624,1.04432,1.03552,1.04184,88807,10
1342742400,1.04182,1.0425,1.0362,1.03756,83855,10
1343001600,1.03565,1.03643,1.02428,1.02558,92807,10
1343088000,1.02559,1.03157,1.0214,1.02235,96714,10
1343174400,1.02233,1.03352,1.01762,1.03092,97480,10
1343260800,1.03093,1.04213,1.02909,1.03951,95392,10
1343347200,1.03953,1.04854,1.03836,1.04801,93885,10
1343606400,1.04762,1.05072,1.04481,1.04902,83641,10
1343692800,1.04903,1.05373,1.04874,1.04903,87574,10
1343779200,1.04904,1.05416,1.04471,1.04588,86578,10
1343865600,1.0459,1.05775,1.0435,1.04571,95836,10
1343952000,1.04572,1.05695,1.04448,1.05676,87320,10
1344211200,1.05755,1.05923,1.05357,1.05635,79723,7
1344297600,1.05633,1.06027,1.05467,1.05566,83360,10
1344384000,1.05563,1.05822,1.05296,1.05705,79568,10
1344470400,1.0570599999999999,1.06124,1.05524,1.05733,82908,10
1344556800,1.05734,1.0577,1.04967,1.05752,78962,10
1344816000,1.05563,1.05728,1.04964,1.05159,77448,7
1344902400,1.05163,1.05408,1.04796,1.04867,76635,10
1344988800,1.04866,1.05135,1.04545,1.0500099999999999,67692,10
1345075200,1.05,1.0524,1.0474,1.05119,69212,10
1345161600,1.05117,1.05274,1.04098,1.04171,68995,10
1345420800,1.04305,1.04681,1.04173,1.04411,63442,10
1345507200,1.0441,1.05198,1.0441,1.04842,70093,10
1345593600,1.04843,1.0516,1.04128,1.05083,77422,10
1345680000,1.05081,1.05434,1.04353,1.04401,69505,10
1345766400,1.044,1.04413,1.03751,1.0401,60479,10
1346025600,1.04216,1.04243,1.03592,1.03599,42195,7
1346112000,1.036,1.03888,1.0344,1.03628,50009,10
1346198400,1.03629,1.03973,1.034,1.03435,43187,10
1346284800,1.03434,1.03459,1.02761,1.02925,47488,10
1346371200,1.02925,1.03538,1.02772,1.03192,54300,10
1346630400,1.02948,1.02983,1.02318,1.02421,43497,9
1346716800,1.02419,1.02864,1.02143,1.02234,54484,10
1346803200,1.02236,1.02298,1.01665,1.01926,60287,10
1346889600,1.01925,1.02985,1.01677,1.02818,60013,10
1346976000,1.02819,1.03989,1.02747,1.03816,59871,9
1347235200,1.0369,1.03841,1.03292,1.03331,47334,10
1347321600,1.03332,1.04484,1.03219,1.04273,56648,10
1347408000,1.04272,1.05049,1.04259,1.04615,63477,10
1347494400,1.04614,1.05657,1.04284,1.05438,61312,10
1347580800,1.05439,1.06239,1.05295,1.05483,66924,10
1347840000,1.05531,1.05531,1.04542,1.04709,54248,10
1347926400,1.04708,1.0485,1.04094,1.04528,60432,10
1348012800,1.04527,1.04963,1.04169,1.04736,57779,10
1348099200,1.04737,1.04779,1.03672,1.04284,65933,10
1348185600,1.04285,1.05182,1.04271,1.04563,62006,10
1348444800,1.04513,1.04513,1.0386,1.04263,52327,10
1348531200,1.04262,1.04614,1.03796,1.03849,59664,10
1348617600,1.03847,1.03861,1.0328,1.03716,63388,10
1348704000,1.03713,1.04583,1.03632,1.04456,64214,10
1348790400,1.04455,1.04728,1.03649,1.03769,65463,10
1349049600,1.03664,1.0402,1.0325,1.03554,58898,7
1349136000,1.03557,1.03744,1.02508,1.02616,65586,10
1349222400,1.02614,1.02647,1.01964,1.02188,59691,10
1349308800,1.0219,1.02727,1.01809,1.02438,63484,10
1349395200,1.02439,1.02739,1.01511,1.01854,55166,10
1349654400,1.01672,1.02192,1.01488,1.01911,54920,10
1349740800,1.0191,1.02455,1.0175,1.02075,58908,10
1349827200,1.02074,1.0262,1.01819,1.0219,60950,10
1349913600,1.02191,1.02927,1.02095,1.02639,57536,10
1350000000,1.0264,1.02882,1.02159,1.02318,53039,10
1350259200,1.02512,1.02583,1.0201,1.02511,54698,7
1350345600,1.02509,1.03058,1.0242,1.03022,51114,10
1350432000,1.03024,1.0387,1.02891,1.03728,54805,10
1350518400,1.03727,1.04104,1.03546,1.0366900000000001,55322,10
1350604800,1.03666,1.03811,1.03175,1.03267,50197,10
1350864000,1.03191,1.03385,1.02952,1.03267,48356,10
1350950400,1.03269,1.03371,1.02356,1.02647,51404,10
1351036800,1.0265,1.03648,1.02579,1.03475,54021,10
1351123200,1.03472,1.03965,1.03312,1.0355,40716,10
1351209600,1.03552,1.03842,1.03044,1.03712,37398,7
1351468800,1.03493,1.03664,1.03249,1.03255,22751,5
1351555200,1.03257,1.03823,1.03242,1.0369,22838,2
1351641600,1.03684,1.0398,1.0352,1.03691,57159,4
1351728000,1.0369,1.04177,1.03538,1.04128,73584,10
1351814400,1.04127,1.04149,1.03299,1.03351,72674,7
1352073600,1.0341,1.03765,1.0333,1.03712,69129,10
1352160000,1.03711,1.0446,1.03644,1.04276,76272,7
1352246400,1.04275,1.04795,1.03939,1.04026,96811,10
1352332800,1.04025,1.04424,1.03887,1.04,85555,10
1352419200,1.03999,1.04344,1.03585,1.03849,82372,10
1352678400,1.03911,1.04396,1.03849,1.04256,65949,10
1352764800,1.04255,1.04445,1.03959,1.04311,75555,10
1352851200,1.0431,1.04578,1.03572,1.03616,79479,10
1352937600,1.03618,1.03852,1.03064,1.03297,85324,10
1353024000,1.03297,1.03499,1.02866,1.03379,82024,10
1353283200,1.0351,1.04166,1.0348,1.04091,71029,7
1353369600,1.04089,1.0423,1.03566,1.03832,76164,10
1353456000,1.03832,1.03925,1.03373,1.03656,76242,10
1353542400,1.03655,1.03997,1.03514,1.0384,60838,10
1353628800,1.03841,1.04699,1.03746,1.04586,65690,10
1353888000,1.04597,1.04769,1.04377,1.04658,67650,7
1353974400,1.04659,1.04884,1.04346,1.04432,75015,10
1354060800,1.04431,1.04802,1.04267,1.0477,80530,9
1354147200,1.04769,1.04793,1.04179,1.04295,53369,8
1354233600,1.04294,1.04463,1.04013,1.04257,71345,8
1354492800,1.04273,1.04455,1.0392,1.04218,69896,8
1354579200,1.04212,1.04838,1.04085,1.04657,75687,8
1354665600,1.04654,1.04831,1.04415,1.04512,46753,9
1354752000,1.04513,1.05146,1.04399,1.04698,74430,8
1354838400,1.04699,1.04959,1.04589,1.04847,64927,8
1355097600,1.04856,1.05049,1.04643,1.04849,58746,8
1355184000,1.04851,1.05393,1.04602,1.05348,61953,8
1355270400,1.05348,1.05848,1.05219,1.05485,67980,8
1355356800,1.05485,1.05628,1.05072,1.05243,66566,8
1355443200,1.05242,1.0577,1.0509,1.05651,66572,8
1355702400,1.05671,1.05671,1.05253,1.05447,59732,8
1355788800,1.05446,1.0556,1.0515,1.05173,61932,8
1355875200,1.05174,1.05319,1.04722,1.04747,71247,8
1355961600,1.04749,1.0499,1.04608,1.04762,70161,8
1356048000,1.04762,1.04821,1.03933,1.03965,72405,8
1356307200,1.0406,1.04155,1.03572,1.0365199999999999,45955,7
1356480000,1.03633,1.03854,1.0344,1.0371,41677,9
1356566400,1.0371,1.03881,1.03453,1.03638,68195,5
1356652800,1.03638,1.03956,1.03601,1.03706,62692,9
1356912000,1.0374,1.04069,1.03637,1.03823,52402,8
1356998400,1.03949,1.04026,1.03773,1.03776,1195,10
1357084800,1.0378,1.05229,1.03741,1.05015,88488,10
1357171200,1.05016,1.05268,1.04557,1.04579,75286,10
1357257600,1.04579,1.04861,1.0394,1.04783,78871,7
1357516800,1.05092,1.05106,1.04666,1.05059,75232,10
1357603200,1.05058,1.05152,1.04687,1.05027,75934,10
1357689600,1.05026,1.05347,1.04856,1.0506,77999,10
1357776000,1.05059,1.05971,1.04927,1.0591,82311,10
1357862400,1.05913,1.05938,1.05291,1.05331,78276,10
1358121600,1.05313,1.0577,1.05206,1.05572,75193,10
1358208000,1.05571,1.0569,1.05252,1.0559,81600,10
1358294400,1.05591,1.05788,1.05311,1.05625,81996,10
1358380800,1.05625,1.05657,1.04935,1.05419,88605,10
1358467200,1.0542,1.05557,1.04847,1.05082,80886,10
1358726400,1.05013,1.05251,1.04915,1.05117,58610,10
1358812800,1.05118,1.0578,1.05033,1.0559,82958,10
1358899200,1.05593,1.05669,1.05261,1.05333,76560,10
1358985600,1.05334,1.05466,1.04428,1.04518,84805,10
1359072000,1.04518,1.04677,1.04015,1.04225,81562,10
1359331200,1.04155,1.04289,1.03839,1.04049,76919,10
1359417600,1.04051,1.04745,1.04046,1.04656,79131,10
1359504000,1.04655,1.04751,1.03982,1.04148,79420,10
1359590400,1.04147,1.04505,1.03791,1.04309,80335,10
1359676800,1.04307,1.04444,1.03604,1.04053,81666,10
1359936000,1.04162,1.04413,1.04078,1.04325,74642,10
1360022400,1.04326,1.0456,1.03699,1.03848,82564,10
1360108800,1.03849,1.0399,1.02954,1.03082,82040,10
1360195200,1.03081,1.03381,1.02729,1.02851,84195,10
1360281600,1.02852,1.03473,1.02542,1.03166,76076,10
1360540800,1.03079,1.03235,1.02486,1.02593,68412,8
1360627200,1.02595,1.03211,1.02258,1.03102,78014,6
1360713600,1.03101,1.037,1.03037,1.03567,77067,6
1360800000,1.03566,1.03712,1.03258,1.03623,79138,8
1360886400,1.03624,1.03734,1.02865,1.03033,74116,8
1361145600,1.02868,1.03147,1.02742,1.03014,59629,8
1361232000,1.03012,1.03664,1.03004,1.03526,70692,8
1361318400,1.03525,1.0367,1.02364,1.02579,78615,8
1361404800,1.02578,1.03061,1.02201,1.02898,83876,8
1361491200,1.02895,1.03401,1.02693,1.03177,75776,8
1361750400,1.02945,1.0328,1.02472,1.02612,94075,8
1361836800,1.02608,1.0291,1.01998,1.0222,98982,8
1361923200,1.02221,1.02442,1.01817,1.02181,93711,8
1362009600,1.0218,1.02894,1.01982,1.0219,83637,8
1362096000,1.02188,1.02413,1.01816,1.02021,79876,8
1362355200,1.01993,1.02042,1.01121,1.0191,12229,1
1362441600,1.01908,1.02621,1.01905,1.02546,13095,8
1362528000,1.02549,1.02989,1.02248,1.02255,20539,4
1362614400,1.02254,1.02892,1.02184,1.02696,30250,5
1362700800,1.02698,1.02804,1.02108,1.02319,26029,5
1362960000,1.02039,1.02845,1.02036,1.02727,24547,1
1363046400,1.02727,1.03349,1.02664,1.03152,33948,1
1363132800,1.03152,1.03335,1.02817,1.02889,34900,1
1363219200,1.02888,1.04008,1.02875,1.03765,39405,1
1363305600,1.03764,1.04132,1.03607,1.04073,31270,1
1363564800,1.03584,1.04091,1.03435,1.03917,34435,1
1363651200,1.03916,1.04051,1.03505,1.03675,35076,1
1363737600,1.03675,1.04048,1.0355,1.03709,32481,1
1363824000,1.03707,1.04577,1.03629,1.04329,35090,1
1363910400,1.04328,1.04594,1.04206,1.04424,26173,1
1364169600,1.04456,1.04791,1.04326,1.04635,33301,1
1364256000,1.04638,1.04964,1.04468,1.04804,29670,1
1364342400,1.04803,1.04816,1.04175,1.0443,30711,1
1364428800,1.04431,1.04567,1.03963,1.04115,30604,3
1364515200,1.04114,1.04267,1.03973,1.04163,15305,1
1364774400,1.04122,1.04309,1.03857,1.04241,17130,1
1364860800,1.04241,1.04788,1.04237,1.04537,26722,1
1364947200,1.04532,1.04968,1.04457,1.04577,26508,1
1365033600,1.04576,1.04894,1.03854,1.04283,36230,1
1365120000,1.04281,1.04376,1.0354700000000001,1.03812,34528,1
1365379200,1.03697,1.04231,1.03473,1.04142,32266,1
1365465600,1.04139,1.0509,1.04052,1.04885,34957,4
1365552000,1.04882,1.05515,1.04738,1.05412,33621,5
1365638400,1.05413,1.05817,1.04994,1.05399,34583,1
1365724800,1.05391,1.05608,1.04794,1.05034,34374,1
1365984000,1.04961,1.05233,1.029,1.03141,52644,1
1366070400,1.03141,1.03967,1.03075,1.03832,52210,1
1366156800,1.03832,1.03936,1.02762,1.03076,51588,2
1366243200,1.03074,1.03371,1.02687,1.03036,51059,1
1366329600,1.03038,1.03579,1.02728,1.02754,44248,1
1366588800,1.02743,1.03071,1.02354,1.027,39807,1
1366675200,1.0270299999999999,1.0272,1.02208,1.02716,43068,2
1366761600,1.02716,1.02953,1.0231,1.02791,40906,5
1366848000,1.02791,1.03388,1.02714,1.02934,34088,1
1366934400,1.02934,1.03359,1.02624,1.02756,39574,1
1367193600,1.02868,1.03575,1.02719,1.03443,27625,4
1367280000,1.03446,1.03839,1.03288,1.03656,34385,4
1367366400,1.03656,1.03816,1.02649,1.0279,32792,1
1367452800,1.0279,1.0284200000000001,1.02218,1.02465,38110,1
1367539200,1.02467,1.03222,1.02423,1.03159,31912,4
1367798400,1.03055,1.03063,1.02217,1.02514,26660,1
1367884800,1.02518,1.02527,1.01548,1.01831,35932,1
1367971200,1.01833,1.02079,1.01545,1.01757,33777,1
1368057600,1.01759,1.02536,1.00462,1.00904,42363,1
1368144000,1.00904,1.00954,0.99608,1.00205,49237,1
1368403200,1.00073,1.00105,0.99399,0.99533,44213,1
1368489600,0.99535,1.00032,0.9877,0.98956,45124,1
1368576000,0.98956,0.99194,0.98528,0.98881,45724,1
1368662400,0.98887,0.99131,0.97971,0.98203,49699,1
1368748800,0.98196,0.98303,0.97112,0.97257,45298,1
1369008000,0.97571,0.98266,0.9737,0.98067,41919,1
1369094400,0.98067,0.98418,0.97508,0.9802,49207,4
1369180800,0.98,0.98273,0.96613,0.96891,55427,1
1369267200,0.969,0.97777,0.95934,0.97384,76544,1
1369353600,0.97386,0.97406,0.96341,0.96445,58968,1
1369612800,0.9651,0.96653,0.96148,0.96351,37189,5
1369699200,0.96351,0.96956,0.95962,0.96069,62538,5
1369785600,0.96075,0.96703,0.95279,0.96333,67385,5
1369872000,0.96332,0.96969,0.9583,0.96594,69129,5
1369958400,0.96603,0.96846,0.95485,0.95679,67084,5
1370217600,0.96026,0.97916,0.95905,0.97694,63509,5
1370304000,0.97688,0.97692,0.96102,0.9649,66245,5
1370390400,0.96494,0.96569,0.95111,0.95329,67643,5
1370476800,0.95405,0.96716,0.94342,0.95952,84947,8
1370563200,0.95959,0.95961,0.94275,0.94946,85274,8
1370822400,0.9404,0.94802,0.93926,0.94624,72521,8
1370908800,0.94625,0.94703,0.93257,0.94255,88543,8
1370995200,0.94254,0.95632,0.94151,0.94811,80043,8
1371081600,0.9481,0.96565,0.9428,0.96382,84805,8
1371168000,0.96533,0.96552,0.95671,0.95691,69411,5
1371427200,0.95697,0.9641,0.95091,0.95481,53421,5
1371513600,0.9549,0.95737,0.944,0.9484,59747,5
1371600000,0.94844,0.95559,0.92607,0.92793,64660,5
1371686400,0.92794,0.93126,0.91633,0.92039,87783,5
1371772800,0.92046,0.92588,0.91822,0.92156,73309,5
1372032000,0.92318,0.92987,0.91476,0.92509,78676,5
1372118400,0.92509,0.92968,0.91964,0.92584,70913,5
1372204800,0.92584,0.93441,0.92354,0.92783,66692,5
1372291200,0.92763,0.93376,0.92613,0.92741,72345,8
1372377600,0.92742,0.92855,0.91128,0.9134,77868,8
1372636800,0.91305,0.92528,0.91214,0.92332,56312,5
1372723200,0.92332,0.92498,0.91302,0.91458,66143,5
1372809600,0.91457,0.91895,0.90367,0.90835,72143,5
1372896000,0.90839,0.91806,0.90728,0.91396,57674,5
1372982400,0.91402,0.91797,0.9048,0.9059,58341,5
1373241600,0.90528,0.91451,0.90416,0.91302,46335,5
1373328000,0.913,0.92005,0.90829,0.91728,60733,5
1373414400,0.91729,0.92374,0.90926,0.92228,69730,5
1373500800,0.92223,0.93051,0.91191,0.91763,79331,5
1373587200,0.91763,0.91876,0.89996,0.90461,55617,1
1373846400,0.90794,0.91216,0.90354,0.91046,53420,1
1373932800,0.91046,0.92606,0.90859,0.92403,59605,1
1374019200,0.92403,0.92918,0.9191,0.92347,59677,1
1374105600,0.92348,0.92416,0.91376,0.91698,55447,1
1374192000,0.91698,0.92347,0.91549,0.91704,51650,1
1374451200,0.91756,0.927,0.91732,0.92444,48303,1
1374537600,0.92446,0.92986,0.92224,0.92892,60310,1
1374624000,0.9289,0.93178,0.91319,0.91645,68933,1
1374710400,0.91647,0.9281,0.91283,0.92356,68090,1
1374796800,0.92356,0.9295,0.92275,0.92597,59786,1
1375056000,0.92583,0.92868,0.91878,0.92066,59072,1
1375142400,0.92066,0.92071,0.90438,0.90674,57827,1
1375228800,0.90675,0.90759,0.89256,0.89406,67785,1
1375315200,0.89406,0.89931,0.89073,0.89338,58446,1
1375401600,0.89338,0.89693,0.88702,0.8901,58943,1
1375660800,0.89094,0.89423,0.88477,0.89314,51509,1
1375747200,0.89306,0.90052,0.89064,0.89797,57849,1
1375833600,0.89799,0.90251,0.89193,0.8993,57223,1
1375920000,0.8993,0.91344,0.8972,0.91005,62509,1
1376006400,0.91005,0.92142,0.90856,0.91973,52649,1
1376265600,0.9179,0.92209,0.91343,0.9138,48894,1
1376352000,0.9139,0.91484,0.90733,0.90986,56788,1
1376438400,0.90985,0.916,0.90812,0.91242,50965,1
1376524800,0.91244,0.91895,0.90585,0.91383,67373,1
1376611200,0.9139,0.92149,0.91243,0.91821,56244,1
1376870400,0.91872,0.92328,0.91029,0.91175,56643,1
1376956800,0.91176,0.91322,0.90268,0.90669,61285,1
1377043200,0.9067,0.90693,0.8965,0.89754,64681,1
1377129600,0.89768,0.90428,0.89319,0.9013,59930,1
1377216000,0.90141,0.90499,0.89713,0.90211,50566,1
1377475200,0.90254,0.90693,0.9003,0.90274,41288,1
1377561600,0.90274,0.90311,0.8933,0.89767,56396,1
1377648000,0.89775,0.89844,0.88924,0.89383,58926,1
1377734400,0.8939,0.89783,0.89031,0.89205,51279,1
1377820800,0.89205,0.89575,0.8892,0.88971,46771,1
1378080000,0.89315,0.90136,0.89232,0.8992,42180,1
1378166400,0.89914,0.9072,0.89722,0.90558,51751,1
1378252800,0.90565,0.91872,0.90372,0.91613,50180,1
1378339200,0.91623,0.91877,0.91155,0.91296,46283,1
1378425600,0.91294,0.92166,0.91157,0.91795,38483,1
1378684800,0.9199,0.92416,0.91671,0.9227,38037,1
1378771200,0.9227,0.93186,0.9217,0.93099,46279,1
1378857600,0.93117,0.9338,0.92762,0.93224,42924,1
1378944000,0.93225,0.93541,0.92279,0.92626,45999,1
1379030400,0.92627,0.92707,0.92233,0.92421,39270,1
1379289600,0.93461,0.93868,0.93051,0.9319,41303,1
1379376000,0.93192,0.9366,0.9285,0.93552,38447,1
1379462400,0.93553,0.95285,0.93356,0.94955,41857,1
1379548800,0.94945,0.9524,0.9427,0.94408,47034,1
1379635200,0.94408,0.94581,0.93774,0.93922,37154,1
1379894400,0.93763,0.94567,0.93726,0.94237,38405,1
1379980800,0.94242,0.94276,0.93635,0.93859,36277,1
1380067200,0.93858,0.93933,0.93381,0.93605,37013,1
1380153600,0.93605,0.94013,0.93399,0.93637,35864,1
1380240000,0.9364,0.93747,0.92975,0.9313,35180,1
1380499200,0.93058,0.93539,0.92808,0.93224,40182,1
1380585600,0.93229,0.94351,0.92884,0.93944,45529,1
1380672000,0.93945,0.94082,0.93334,0.9385,41374,1
1380758400,0.93853,0.94147,0.93667,0.93927,40271,1
1380844800,0.93928,0.94583,0.93883,0.94352,36400,1
1381104000,0.94293,0.94493,0.93879,0.94243,35281,1
1381190400,0.94242,0.9484,0.94115,0.94193,39481,1
1381276800,0.94193,0.94641,0.94129,0.94471,40953,1
1381363200,0.94476,0.94722,0.93891,0.94614,40992,1
1381449600,0.94612,0.94844,0.94351,0.94652,36708,1
1381708800,0.94338,0.95073,0.94319,0.94914,32205,1
1381795200,0.94913,0.95471,0.94776,0.95308,42178,1
1381881600,0.95307,0.95678,0.94986,0.95582,42504,1
1381968000,0.95585,0.96466,0.9527,0.96262,45210,1
1382054400,0.9627,0.96776,0.96043,0.96747,38471,1
1382313600,0.96655,0.96788,0.96424,0.96512,33771,1
1382400000,0.96517,0.97304,0.96433,0.97067,35903,1
1382486400,0.97066,0.97573,0.96069,0.9614,48525,1
1382572800,0.96147,0.96705,0.95717,0.96149,44413,1
1382659200,0.96153,0.96239,0.9572,0.95815,38858,1
1382918400,0.95867,0.96223,0.95352,0.95367,36171,1
1383004800,0.95367,0.95466,0.94721,0.9481,45639,1
1383091200,0.94809,0.95156,0.94412,0.94634,41928,1
1383177600,0.94633,0.95252,0.9442,0.9461,46328,1
1383264000,0.9461,0.94891,0.94213,0.94364,39039,1
1383523200,0.94476,0.9514,0.94438,0.95068,29668,1
1383609600,0.95068,0.95371,0.94632,0.94979,43603,1
1383696000,0.94984,0.95423,0.94859,0.95197,36337,1
1383782400,0.95201,0.95268,0.94389,0.94548,48563,1
1383868800,0.94553,0.94806,0.93523,0.93846,45675,1
1384128000,0.93799,0.93901,0.93442,0.93527,33372,1
1384214400,0.9353,0.93679,0.92759,0.92974,42868,1
1384300800,0.92975,0.93732,0.92785,0.93479,42302,1
1384387200,0.93478,0.9386,0.92808,0.93101,44922,1
1384473600,0.93108,0.93743,0.93054,0.93656,35753,1
1384732800,0.93716,0.94183,0.93583,0.93698,37691,1
1384819200,0.937,0.94466,0.93523,0.94276,42143,1
1384905600,0.9427,0.94475,0.93159,0.93252,46790,1
1384992000,0.93251,0.93336,0.91981,0.92293,49898,1
1385078400,0.92292,0.92491,0.91433,0.91664,42190,1
1385337600,0.91672,0.91921,0.912,0.91781,32606,1
1385424000,0.91779,0.92042,0.9088,0.91248,36179,1
1385510400,0.91251,0.91372,0.90649,0.9076,36975,1
1385596800,0.90758,0.9149,0.90753,0.9092,37068,1
1385683200,0.90924,0.91405,0.90554,0.91072,42892,1
1385942400,0.91172,0.91679,0.90892,0.91046,44173,1
1386028800,0.91046,0.91456,0.9057,0.91304,46615,1
1386115200,0.91305,0.91404,0.89984,0.90297,52986,1
1386201600,0.90297,0.90766,0.9003,0.90601,50317,1
1386288000,0.90606,0.91172,0.89901,0.9099,46863,1
1386547200,0.91132,0.91292,0.90701,0.90749,43316,1
1386633600,0.9075,0.91666,0.90748,0.91399,42599,1
1386720000,0.91402,0.91522,0.9035,0.90372,42895,1
1386806400,0.90372,0.90803,0.8913,0.89222,51526,1
1386892800,0.89232,0.89687,0.89091,0.89627,41078,1
1387152000,0.89483,0.89694,0.89206,0.89372,40451,1
1387238400,0.89377,0.8958,0.88817,0.89165,42240,1
1387324800,0.89166,0.89437,0.88219,0.88363,47277,1
1387411200,0.88362,0.88748,0.88226,0.8856,46694,1
1387497600,0.88559,0.89331,0.88548,0.89167,42203,1
1387756800,0.89197,0.89578,0.89178,0.89228,32280,1
1387843200,0.89229,0.89339,0.89058,0.89226,24065,1
1388016000,0.88833,0.89026,0.88754,0.88774,15256,1
1388102400,0.88787,0.89285,0.88616,0.88672,39751,1
1388361600,0.88458,0.89293,0.88329,0.89021,40641,1
1388448000,0.89017,0.89519,0.89017,0.8925,30452,1
1388534400,0.88819,0.88953,0.88819,0.88898,2160,10
1388620800,0.88897,0.89427,0.88427,0.89041,52943,1
1388707200,0.89044,0.90042,0.88847,0.89427,53171,1
1388966400,0.89486,0.89822,0.89348,0.89647,49455,1
1389052800,0.89648,0.89708,0.88934,0.89101,45668,1
1389139200,0.89109,0.89518,0.88837,0.88883,44582,1
1389225600,0.88881,0.89124,0.88646,0.88909,41991,1
1389312000,0.88913,0.90047,0.88754,0.89939,43910,1
1389571200,0.89892,0.90857,0.8985,0.90539,47661,1
1389657600,0.90541,0.90564,0.89512,0.89539,43946,1
1389744000,0.89542,0.89702,0.88873,0.89047,43718,1
1389830400,0.89042,0.89091,0.87762,0.88149,45691,1
1389916800,0.88153,0.88272,0.8763,0.87768,36179,1
1390176000,0.87736,0.88246,0.87564,0.88129,29933,1
1390262400,0.88129,0.88372,0.87753,0.88,39550,1
1390348800,0.88,0.88873,0.87866,0.88442,41075,1
1390435200,0.88441,0.88497,0.87314,0.87552,50337,1
1390521600,0.87545,0.87747,0.86598,0.86788,51320,1
1390780800,0.86932,0.87591,0.86771,0.87316,44815,1
1390867200,0.87318,0.88204,0.8726,0.87909,44206,1
1390953600,0.87905,0.88254,0.87243,0.87348,48843,1
1391040000,0.87349,0.88001,0.871,0.87855,43121,1
1391126400,0.8786,0.8823,0.86941,0.87526,44705,1
1391385600,0.87626,0.8833,0.87384,0.8749,42967,1
1391472000,0.87491,0.89414,0.87305,0.89149,52394,1
1391558400,0.89163,0.89381,0.88734,0.89214,53300,1
1391644800,0.89216,0.89802,0.89186,0.89489,51458,1
1391731200,0.89491,0.8998,0.89219,0.89577,50105,1
1391990400,0.89515,0.89584,0.89065,0.8942,29452,1
1392076800,0.89422,0.90472,0.89422,0.90311,37783,1
1392163200,0.90313,0.90668,0.90069,0.90141,35113,1
1392249600,0.90143,0.90311,0.89274,0.89719,37436,1
1392336000,0.89721,0.90432,0.89714,0.90311,34883,1
1392595200,0.90495,0.90687,0.90228,0.90345,28343,1
1392681600,0.90347,0.90802,0.90014,0.90187,39168,1
1392768000,0.90186,0.90438,0.89902,0.89979,37728,1
1392854400,0.8998,0.90211,0.89366,0.90082,41443,1
1392940800,0.90084,0.90146,0.89516,0.8976,34455,1
1393200000,0.89703,0.90488,0.89376,0.90347,36966,1
1393286400,0.90346,0.90439,0.90037,0.90148,35796,1
1393372800,0.90147,0.90253,0.89436,0.89571,38188,1
1393459200,0.89573,0.89709,0.89042,0.89623,39919,1
1393545600,0.89628,0.89892,0.89156,0.89236,37515,1
1393804800,0.89086,0.89461,0.88902,0.89301,36521,1
1393891200,0.89301,0.89689,0.89097,0.89535,36413,1
1393977600,0.89532,0.89964,0.89356,0.89811,34654,1
1394064000,0.89812,0.91122,0.89726,0.9081,39466,1
1394150400,0.90801,0.91329,0.90614,0.9067,42358,0
1394409600,0.9055,0.90631,0.9012,0.90249,55999,0
1394496000,0.9025,0.90501,0.89614,0.89681,64758,0
1394582400,0.89682,0.89958,0.89236,0.89917,74051,0
1394668800,0.89917,0.91029,0.89897,0.90393,87892,0
1394755200,0.90391,0.90491,0.89963,0.90291,68363,0
1395014400,0.90143,0.90979,0.90093,0.90816,62527,0
1395100800,0.90816,0.91382,0.90636,0.91314,68800,0
1395187200,0.91312,0.91361,0.90199,0.90304,73667,0
1395273600,0.90305,0.90515,0.89949,0.90351,68546,0
1395360000,0.9035,0.91003,0.90317,0.90788,56013,0
1395619200,0.90964,0.91492,0.90476,0.91301,66985,0
1395705600,0.913,0.91739,0.91193,0.91601,61736,0
1395792000,0.916,0.92449,0.9154,0.92188,73383,0
1395878400,0.92188,0.92713,0.92138,0.92579,70756,0
1395964800,0.9258,0.92948,0.92371,0.92467,63173,0
1396224000,0.92486,0.92776,0.92178,0.92657,69623,0
1396310400,0.92657,0.93039,0.92298,0.9238,63890,1
1396396800,0.92385,0.92631,0.9222,0.9251,62201,1
1396483200,0.92507,0.92519,0.92054,0.92285,65929,1
1396569600,0.92286,0.93071,0.92276,0.92904,67094,1
1396828800,0.92832,0.9295,0.92537,0.92664,49599,1
1396915200,0.92669,0.93663,0.92616,0.93558,70574,1
1397001600,0.93558,0.93988,0.93349,0.93815,83019,1
1397088000,0.93819,0.9461,0.93702,0.94105,51850,1
1397174400,0.94106,0.94261,0.93631,0.93927,46762,1
1397433600,0.93914,0.94251,0.93758,0.94159,45057,1
1397520000,0.94159,0.9423,0.93363,0.93559,49611,1
1397606400,0.9356,0.93877,0.9332,0.93689,50424,1
1397692800,0.93691,0.939,0.93208,0.9328,40897,1
1397779200,0.93278,0.93416,0.93232,0.93296,15393,1
1398038400,0.9331,0.93463,0.9315,0.93232,23417,1
1398124800,0.93233,0.93779,0.93213,0.93636,38843,1
1398211200,0.93638,0.93769,0.92673,0.92883,45223,1
1398297600,0.92883,0.93006,0.92519,0.92623,40577,1
1398384000,0.92622,0.92979,0.92536,0.92693,33895,1
1398643200,0.92729,0.93164,0.92441,0.92603,40882,0
1398729600,0.926,0.92819,0.92273,0.92673,41291,1
1398816000,0.92674,0.93007,0.92521,0.92866,47339,0
1398902400,0.92863,0.93122,0.92603,0.92651,37604,1
1398988800,0.9265,0.92798,0.92021,0.92761,53695,1
1399248000,0.92814,0.92891,0.92521,0.92781,33262,1
1399334400,0.92781,0.93671,0.92706,0.93419,48702,1
1399420800,0.93419,0.93545,0.93181,0.93271,68009,0
1399507200,0.93273,0.9394,0.93189,0.93684,64552,1
1399593600,0.93684,0.93786,0.93466,0.93611,39606,1
1399852800,0.93578,0.93854,0.93481,0.93625,34405,1
1399939200,0.93625,0.93824,0.93328,0.9359,41919,1
1400025600,0.93591,0.9409,0.93564,0.93766,38950,0
1400112000,0.93765,0.93927,0.93267,0.93552,37392,1
1400198400,0.93552,0.93708,0.93346,0.9358,44520,1
1400457600,0.93663,0.93685,0.93245,0.93252,48495,3
1400544000,0.93254,0.9335,0.9238,0.92409,59391,3
1400630400,0.92412,0.92529,0.92083,0.92461,59270,2
1400716800,0.9246,0.92734,0.92141,0.92233,43536,1
1400803200,0.92239,0.92494,0.92133,0.92295,44935,1
1401062400,0.92331,0.92486,0.92304,0.92386,21411,3
1401148800,0.92388,0.92767,0.92329,0.92579,27464,3
1401235200,0.9258,0.92703,0.92137,0.92329,27388,3
1401321600,0.92329,0.93122,0.92105,0.93048,32128,4
1401408000,0.93041,0.93286,0.92882,0.9308,28300,2
1401667200,0.93082,0.93136,0.92345,0.92409,32916,1
1401753600,0.92415,0.92867,0.92294,0.92666,38149,0
1401840000,0.92664,0.92973,0.92523,0.92763,36772,1
1401926400,0.92764,0.93461,0.92574,0.93354,43462,1
1402012800,0.93363,0.93582,0.93186,0.93325,36749,0
1402272000,0.9338,0.93632,0.93342,0.93501,31158,1
1402358400,0.93501,0.93835,0.93408,0.93699,39425,1
1402444800,0.93703,0.94107,0.93642,0.93855,39063,1
1402531200,0.93854,0.9437,0.93498,0.94232,42612,1
1402617600,0.94233,0.94266,0.93748,0.93998,34572,4
1402876800,0.94028,0.94162,0.93736,0.93997,33022,1
1402963200,0.93998,0.93999,0.93297,0.93353,37316,1
1403049600,0.93354,0.94114,0.93216,0.93972,36709,1
1403136000,0.93973,0.94311,0.93901,0.93956,38417,1
1403222400,0.93957,0.94144,0.93776,0.93867,31568,2
1403481600,0.93784,0.94447,0.93768,0.94223,31757,2
1403568000,0.94226,0.94307,0.93659,0.93669,34996,1
1403654400,0.9367,0.94078,0.9354,0.9402,35599,1
1403740800,0.94026,0.94182,0.93956,0.94113,33960,1
1403827200,0.94117,0.94412,0.94053,0.94239,30719,1
1404086400,0.94211,0.94374,0.93874,0.94298,40704,1
1404172800,0.943,0.95036,0.94124,0.94927,54092,17
1404259200,0.94922,0.9494,0.94276,0.94414,53150,17
1404345600,0.94413,0.94417,0.93293,0.93448,60190,1
1404432000,0.93449,0.93688,0.9343,0.93628,42919,3
1404691200,0.93604,0.93761,0.93412,0.93683,50954,3
1404777600,0.93684,0.94145,0.93651,0.93987,56221,3
1404864000,0.93989,0.94237,0.93825,0.94074,54607,1
1404950400,0.94075,0.94569,0.93605,0.93905,59479,3
1405036800,0.93904,0.94086,0.93756,0.93912,58229,2
1405296000,0.93821,0.94032,0.93797,0.93929,55574,2
1405382400,0.93929,0.94013,0.9349,0.93684,69611,1
1405468800,0.93686,0.93742,0.93295,0.9361,33183,1
1405555200,0.9361,0.9391,0.93416,0.93469,37277,1
1405641600,0.93471,0.94104,0.93355,0.93899,33679,1
1405900800,0.93963,0.93991,0.93666,0.93712,29065,4
1405987200,0.93712,0.9422,0.93601,0.93934,51462,1
1406073600,0.93933,0.94611,0.93802,0.94422,70305,3
1406160000,0.94422,0.94701,0.94106,0.94145,66488,1
1406246400,0.94144,0.94241,0.93897,0.93915,57700,3
1406505600,0.93966,0.94132,0.93842,0.94042,54398,3
1406592000,0.94044,0.94158,0.93739,0.93822,67478,1
1406678400,0.93822,0.93877,0.93013,0.93257,64476,1
1406764800,0.93262,0.93299,0.92789,0.92929,41265,2
1406851200,0.92924,0.93353,0.92749,0.93022,44502,1
1407110400,0.93096,0.93358,0.93054,0.93321,36203,10
1407196800,0.93322,0.93427,0.9293,0.93043,49341,10
1407283200,0.93043,0.93739,0.92912,0.9348,49927,10
1407369600,0.93484,0.93573,0.92582,0.92683,57405,10
1407456000,0.92681,0.92864,0.92387,0.92747,52172,10
1407715200,0.92757,0.92856,0.92585,0.92646,33169,10
1407801600,0.92646,0.92765,0.92469,0.92645,41701,10
1407888000,0.92646,0.93189,0.92629,0.93019,46431,10
1407974400,0.93017,0.9327,0.92874,0.93145,38223,10
1408060800,0.93145,0.93337,0.92974,0.93151,40314,10
1408320000,0.93191,0.93339,0.93084,0.9323,31578,10
1408406400,0.9323,0.9346,0.92968,0.92968,43611,10
1408492800,0.92966,0.93177,0.92746,0.92847,57480,10
1408579200,0.92845,0.93105,0.92357,0.93038,48421,10
1408665600,0.93038,0.93287,0.92925,0.93154,47886,2
1408924800,0.92913,0.93227,0.92889,0.92976,39992,1
1409011200,0.92976,0.933,0.92714,0.93097,50221,10
1409097600,0.93097,0.93508,0.93039,0.93334,52479,10
1409184000,0.93334,0.93736,0.93319,0.93578,57876,3
1409270400,0.93581,0.93627,0.93314,0.93345,50194,3
1409529600,0.93282,0.93515,0.93237,0.93321,34423,10
1409616000,0.93322,0.93365,0.92677,0.92759,53223,10
1409702400,0.92759,0.93514,0.92624,0.93425,56455,1
1409788800,0.93425,0.93926,0.933,0.93427,57961,1
1409875200,0.93428,0.9402,0.93327,0.93764,53116,1
1410134400,0.93671,0.93743,0.92772,0.92795,53399,1
1410220800,0.92795,0.92888,0.91881,0.92053,74550,1
1410307200,0.92053,0.92178,0.91127,0.91587,67035,1
1410393600,0.91584,0.92173,0.90886,0.91077,58844,1
1410480000,0.91073,0.91079,0.90304,0.90374,62058,1
1410739200,0.90157,0.90493,0.8984,0.90343,54360,1
1410825600,0.90339,0.91125,0.89893,0.90861,66651,1
1410912000,0.9086,0.90867,0.89505,0.89549,68028,1
1410998400,0.8955,0.9001,0.89274,0.89855,60445,1
1411084800,0.89856,0.89946,0.8921,0.89251,65545,1
1411344000,0.89317,0.89497,0.88526,0.88712,131398,1
1411430400,0.88712,0.89269,0.88313,0.88462,63581,1
1411516800,0.88459,0.88972,0.88388,0.88795,58915,1
1411603200,0.88795,0.88805,0.87739,0.87916,73700,1
1411689600,0.8791,0.88132,0.87479,0.87646,61223,1
1411948800,0.87564,0.87573,0.86838,0.87185,68411,1
1412035200,0.87185,0.87676,0.8694,0.87474,71134,1
1412121600,0.87472,0.87494,0.86633,0.87329,78310,1
1412208000,0.87331,0.88266,0.87293,0.87984,84781,1
1412294400,0.87984,0.88061,0.86427,0.86742,60564,1
1412553600,0.86755,0.87841,0.86524,0.87594,56989,1
1412640000,0.87594,0.8834,0.87264,0.88064,78968,1
1412726400,0.88065,0.88509,0.87339,0.88316,87729,1
1412812800,0.88316,0.88985,0.87647,0.8772,89062,1
1412899200,0.8772,0.87852,0.86803,0.86837,83782,1
1413158400,0.86806,0.87871,0.86519,0.87594,84205,1
1413244800,0.87597,0.88122,0.86938,0.87195,80024,1
1413331200,0.87192,0.88606,0.86755,0.88092,112521,1
1413417600,0.88092,0.88145,0.86862,0.875,114901,1
1413504000,0.87506,0.88117,0.87335,0.87435,77116,1
1413763200,0.8763,0.88012,0.87469,0.87793,63900,8
1413849600,0.87795,0.88321,0.87568,0.87785,78226,8
1413936000,0.87786,0.88148,0.87441,0.87621,69825,8
1414022400,0.87623,0.88056,0.87486,0.87586,74684,6
1414108800,0.87586,0.88235,0.87184,0.87863,79015,7
1414368000,0.88012,0.8824,0.87885,0.8796,72604,7
1414454400,0.87953,0.88818,0.8795,0.88513,64514,1
1414540800,0.88513,0.89106,0.87754,0.87878,77475,11
1414627200,0.87878,0.88508,0.87547,0.88265,82059,6
1414713600,0.88265,0.88438,0.87638,0.87934,86754,11
1414972800,0.87575,0.87606,0.86769,0.86875,84189,11
1415059200,0.86875,0.87595,0.86449,0.87533,89466,9
1415145600,0.87537,0.87613,0.85642,0.85726,104032,7
1415232000,0.85734,0.86268,0.85525,0.85589,122771,1
1415318400,0.85588,0.86568,0.85402,0.86341,126703,8
1415577600,0.86416,0.86822,0.86084,0.86204,72924,8
1415664000,0.86205,0.87185,0.85902,0.86902,86118,1
1415750400,0.86906,0.87447,0.8665,0.87092,94329,8
1415836800,0.8709,0.87642,0.86714,0.8709,85976,1
1415923200,0.87089,0.87687,0.86485,0.87486,85602,1
1416182400,0.87567,0.87954,0.86951,0.86979,89624,1
1416268800,0.86979,0.87467,0.86838,0.87158,77012,1
1416355200,0.87161,0.87188,0.85984,0.86,79042,1
1416441600,0.86003,0.86407,0.85657,0.86167,65851,4
1416528000,0.86167,0.87222,0.86046,0.86617,72619,4
1416787200,0.86765,0.87004,0.86018,0.86156,53015,4
1416873600,0.86147,0.8618,0.8513,0.85297,68076,4
1416960000,0.85325,0.85646,0.84792,0.85461,67880,3
1417046400,0.85487,0.86151,0.85292,0.8542,49403,4
1417132800,0.85426,0.85471,0.84847,0.85033,61522,11
1417392000,0.84683,0.85311,0.84166,0.84895,67818,4
1417478400,0.84895,0.85418,0.84325,0.84442,64517,4
1417564800,0.84454,0.84665,0.83882,0.84028,56700,4
1417651200,0.84022,0.8429,0.83554,0.83791,62057,4
1417737600,0.83795,0.83925,0.83018,0.83018,58393,1
1417996800,0.83025,0.83236,0.82599,0.82899,67503,1
1418083200,0.82903,0.83714,0.82239,0.82916,76944,1
1418169600,0.82804,0.83481,0.82645,0.83147,71588,1
1418256000,0.83149,0.83752,0.82149,0.82594,72125,1
1418342400,0.8255,0.82988,0.82269,0.82418,63651,1
1418601600,0.82429,0.8268,0.82009,0.82102,68300,1
1418688000,0.82055,0.82742,0.81997,0.82141,76221,1
1418774400,0.82131,0.82354,0.81068,0.81108,73571,1
1418860800,0.81182,0.82032,0.81163,0.81627,68417,1
1418947200,0.81562,0.81919,0.81174,0.81174,64390,0
1419206400,0.8142,0.81727,0.81257,0.8132,165302,0
1419292800,0.8132,0.81435,0.80873,0.81025,149301,0
1419379200,0.81025,0.81231,0.8095,0.81068,121134,0
1419552000,0.81255,0.81317,0.81081,0.81167,87166,0
1419811200,0.81224,0.81625,0.811,0.81298,76560,0
1419897600,0.81225,0.8203,0.81218,0.81817,45975,0
1419984000,0.8181,0.82152,0.81587,0.81653,36553,0
1420156800,0.81412,0.8145,0.8077,0.80878,51157,8
1420416000,0.80696,0.81064,0.80343,0.8081,86755,8
1420502400,0.80809,0.81567,0.80801,0.80805,89274,8
1420588800,0.80804,0.80888,0.80321,0.80755,85039,8
1420675200,0.80761,0.81301,0.80696,0.81214,76154,8
1420761600,0.81215,0.82073,0.81049,0.81987,84855,8
1421020800,0.82091,0.82541,0.81303,0.81553,81056,8
1421107200,0.81554,0.81962,0.81268,0.81618,88348,8
1421193600,0.8162,0.81879,0.80675,0.81484,99041,8
1421280000,0.81488,0.82939,0.8132,0.82135,111834,8
1421366400,0.82137,0.82551,0.81673,0.82207,93575,8
1421625600,0.82185,0.82419,0.8195,0.82076,49362,7
1421712000,0.82082,0.82173,0.81589,0.81687,37410,7
1421798400,0.81695,0.8233,0.80772,0.80826,46134,7
1421884800,0.80814,0.81347,0.7995,0.80242,49194,7
1421971200,0.80241,0.80505,0.788,0.79086,52506,11
1422230400,0.78813,0.79327,0.78573,0.79225,40569,13
1422316800,0.79227,0.7974,0.79046,0.79349,52234,1
1422403200,0.79354,0.80244,0.78832,0.78861,65909,1
1422489600,0.7884,0.79057,0.77192,0.77582,46312,7
1422576000,0.77571,0.77965,0.77299,0.77573,44946,12
1422835200,0.77545,0.78292,0.7749,0.78012,68349,7
1422921600,0.78008,0.78497,0.76255,0.77905,92545,7
1423008000,0.77898,0.78464,0.77426,0.775,72899,2
1423094400,0.77496,0.78237,0.77333,0.7796,68853,7
1423180800,0.77962,0.78751,0.77776,0.77904,63943,7
1423440000,0.77607,0.78343,0.77476,0.77992,48880,7
1423526400,0.77969,0.78411,0.77471,0.77684,66752,7
1423612800,0.77682,0.77936,0.76931,0.77165,62916,7
1423699200,0.77158,0.77781,0.76437,0.77328,73086,7
1423785600,0.77327,0.77919,0.77239,0.77596,55227,7
1424044800,0.7774,0.7794,0.77506,0.77699,60755,7
1424131200,0.77705,0.78282,0.77415,0.78165,68156,7
1424217600,0.78156,0.7833,0.77733,0.78093,63732,7
1424304000,0.78091,0.78425,0.7757,0.77906,63496,7
1424390400,0.77898,0.78484,0.7788,0.78401,63048,1
1424649600,0.78455,0.78483,0.77805,0.78013,58793,7
1424736000,0.78007,0.78367,0.77393,0.78302,62819,7
1424822400,0.78292,0.7901,0.78231,0.78859,63157,7
1424908800,0.78846,0.79126,0.77853,0.77988,65575,7
1424995200,0.77987,0.78343,0.77775,0.78065,62143,7
1425254400,0.78024,0.78071,0.77558,0.77649,54496,7
1425340800,0.77649,0.78441,0.77507,0.78155,62217,7
1425427200,0.78161,0.78599,0.77949,0.7816,60878,7
1425513600,0.7816,0.78403,0.77541,0.77813,63104,7
1425600000,0.77808,0.78452,0.7706,0.77155,59072,7
1425859200,0.77102,0.77395,0.76837,0.77043,54284,5
1425945600,0.77034,0.77066,0.76046,0.76231,73903,7
1426032000,0.76231,0.76444,0.75601,0.75891,64289,7
1426118400,0.75901,0.77306,0.75731,0.77007,66704,7
1426204800,0.77016,0.77098,0.7609,0.76331,67123,7
1426464000,0.76264,0.76791,0.76128,0.76418,59731,1
1426550400,0.76405,0.76647,0.76053,0.76214,66358,1
1426636800,0.7621,0.78462,0.75906,0.77408,67676,1
1426723200,0.77421,0.78081,0.76109,0.76472,84434,3
1426809600,0.76485,0.78017,0.76435,0.77687,64736,7
1427068800,0.77975,0.78983,0.77642,0.78753,65874,7
1427155200,0.78754,0.79377,0.78344,0.78734,82429,15
1427241600,0.78733,0.79037,0.78287,0.78461,67756,7
1427328000,0.78464,0.78837,0.78006,0.78266,74150,7
1427414400,0.78266,0.78342,0.77444,0.77463,63997,7
1427673600,0.77326,0.77466,0.76328,0.76515,63774,7
1427760000,0.76515,0.76634,0.759,0.76047,70455,15
1427846400,0.76017,0.76627,0.7582,0.75978,54785,8
1427932800,0.75979,0.76098,0.75323,0.75902,52992,6
1428019200,0.75894,0.76927,0.75702,0.76343,34857,7
1428278400,0.76353,0.76666,0.75787,0.75894,30687,5
1428364800,0.75888,0.77104,0.75764,0.76316,59562,4
1428451200,0.76316,0.77273,0.76303,0.7683,61984,4
1428537600,0.76819,0.77381,0.76593,0.76908,57010,4
1428624000,0.76905,0.77208,0.76374,0.76789,56287,4
1428883200,0.76789,0.76789,0.75525,0.75888,58969,4
1428969600,0.75883,0.76482,0.75548,0.76236,62666,4
1429056000,0.7624,0.77,0.75711,0.76809,63892,4
1429142400,0.76809,0.78215,0.76726,0.77989,85876,7
1429228800,0.77989,0.78419,0.77587,0.77849,77178,4
1429488000,0.77849,0.78257,0.77063,0.77239,64890,4
1429574400,0.77239,0.77532,0.76825,0.77105,84078,4
1429660800,0.77105,0.78065,0.77054,0.77519,99958,6
1429747200,0.77519,0.77901,0.77105,0.77776,107084,6
1429833600,0.77776,0.78401,0.77638,0.78193,97590,6
1430092800,0.78195,0.78719,0.77909,0.78537,91872,6
1430179200,0.78522,0.8027,0.78328,0.80222,103995,6
1430265600,0.80206,0.80753,0.79761,0.80132,120132,6
1430352000,0.80039,0.80215,0.78625,0.79035,140343,6
1430438400,0.79035,0.79179,0.78029,0.78435,100806,6
1430697600,0.78299,0.78509,0.78018,0.78386,55361,2
1430784000,0.78342,0.79552,0.77978,0.79441,22504,2
1430870400,0.79391,0.80299,0.79185,0.79656,31733,1
1430956800,0.79649,0.80039,0.78893,0.79052,16399,4
1431043200,0.79049,0.79675,0.78627,0.79323,21282,7
1431302400,0.79177,0.79324,0.78753,0.78886,51104,8
1431388800,0.78886,0.79992,0.78855,0.79747,82200,7
1431475200,0.79745,0.81236,0.79502,0.81113,79677,7
1431561600,0.81098,0.81626,0.80627,0.80779,95554,7
1431648000,0.80774,0.80882,0.79954,0.80364,73532,8
1431907200,0.80366,0.80513,0.79759,0.7988,39441,8
1431993600,0.79889,0.80095,0.79054,0.79125,95995,12
1432080000,0.79123,0.79338,0.786,0.78731,108442,10
1432166400,0.78728,0.79122,0.78647,0.78923,98063,9
1432252800,0.78924,0.79305,0.78093,0.78293,93702,15
1432512000,0.78233,0.78386,0.78025,0.78224,70223,11
1432598400,0.7822,0.78388,0.77263,0.77335,101302,7
1432684800,0.77346,0.77677,0.76902,0.7727,94322,14
1432771200,0.77295,0.77601,0.76168,0.7647,112774,16
1432857600,0.76464,0.76732,0.76285,0.76417,93815,17
1433116800,0.76354,0.76674,0.75971,0.76038,97044,9
1433203200,0.76041,0.77895,0.76022,0.77708,170959,7
1433289600,0.77707,0.78178,0.77511,0.77851,102840,3
1433376000,0.77849,0.77865,0.76641,0.76866,47851,2
1433462400,0.76837,0.77257,0.75988,0.76144,140443,7
1433721600,0.76243,0.7712,0.76024,0.77013,118030,7
1433808000,0.76998,0.77213,0.76461,0.76888,138059,7
1433894400,0.76891,0.77846,0.76351,0.77573,156009,7
1433980800,0.7756,0.77922,0.76923,0.77534,129341,6
1434067200,0.77536,0.7758,0.76744,0.77319,119999,7
1434326400,0.77373,0.7776,0.77034,0.77635,75044,12
1434412800,0.77642,0.77795,0.77217,0.775,94695,6
1434499200,0.77507,0.77693,0.76445,0.77476,115865,7
1434585600,0.77453,0.78477,0.77097,0.77974,126620,7
1434672000,0.7796,0.78127,0.7736,0.77702,102052,7
1434931200,0.7765,0.77959,0.77205,0.7727,93153,7
1435017600,0.77267,0.77481,0.76785,0.77346,105502,7
1435104000,0.77348,0.77702,0.76825,0.77015,106611,7
1435190400,0.77007,0.77516,0.76957,0.77358,92176,7
1435276800,0.77364,0.77392,0.76297,0.76535,93972,7
1435536000,0.76204,0.77114,0.75857,0.76775,125687,7
1435622400,0.76771,0.77236,0.76586,0.77056,124492,7
1435708800,0.77042,0.77377,0.7638,0.76432,102366,7
1435795200,0.76423,0.76566,0.75889,0.76307,116822,4
1435881600,0.76308,0.76482,0.75091,0.75203,100882,4
1436140800,0.74756,0.75321,0.7461,0.7497,116177,7
1436227200,0.74968,0.75003,0.7397,0.745,136958,10
1436313600,0.74501,0.74585,0.73713,0.74276,124174,4
1436400000,0.74275,0.74907,0.73912,0.74446,117285,6
1436486400,0.74447,0.74957,0.74085,0.74375,107037,5
1436745600,0.74092,0.74677,0.73822,0.74051,119736,7
1436832000,0.74045,0.7478,0.73867,0.74491,114474,6
1436918400,0.7449,0.74877,0.73528,0.73768,132138,6
1437004800,0.73766,0.74361,0.73488,0.7402,119475,10
1437091200,0.74017,0.74178,0.73667,0.73779,108166,10
1437350400,0.73764,0.73967,0.73268,0.73681,119621,11
1437436800,0.7368,0.7449,0.73403,0.74171,166275,5
1437523200,0.74173,0.74383,0.73603,0.73732,234383,5
1437609600,0.73733,0.74169,0.73515,0.73554,167845,6
1437696000,0.73526,0.73616,0.72594,0.72837,121840,6
1437955200,0.72695,0.73243,0.72651,0.72674,122470,7
1438041600,0.72676,0.73438,0.72567,0.73345,133758,6
1438128000,0.73353,0.73505,0.7282,0.72942,138090,8
1438214400,0.72904,0.73222,0.72547,0.72915,129851,5
1438300800,0.72886,0.73662,0.72342,0.72978,147690,4
1438560000,0.73157,0.73157,0.72596,0.72843,135994,6
1438646400,0.72829,0.74281,0.72628,0.73749,163305,9
1438732800,0.73775,0.73947,0.73337,0.73537,144336,6
1438819200,0.73536,0.73925,0.73145,0.73447,140716,7
1438905600,0.73415,0.74192,0.73334,0.74179,121991,7
1439164800,0.74112,0.74219,0.7353,0.74096,74175,6
1439251200,0.7409,0.7439,0.72828,0.72998,116043,6
1439337600,0.72992,0.7387,0.72143,0.73666,121040,9
1439424000,0.7374,0.74087,0.73226,0.73537,95902,9
1439510400,0.73574,0.73972,0.73535,0.73726,95304,9
1439769600,0.73721,0.73887,0.73434,0.73674,108572,9
1439856000,0.73676,0.73856,0.73195,0.7337,129511,9
1439942400,0.7338,0.7375,0.73117,0.73368,154139,9
1440028800,0.73444,0.73725,0.72844,0.73338,142348,9
1440115200,0.73331,0.73598,0.72862,0.73102,154225,9
1440374400,0.72983,0.73111,0.70404,0.71441,176972,9
1440460800,0.71511,0.72494,0.71198,0.71198,151845,9
1440547200,0.7124,0.71561,0.70694,0.7118,163518,9
1440633600,0.71103,0.71807,0.70984,0.71617,144984,9
1440720000,0.71614,0.72055,0.71203,0.71694,135477,9
1440979200,0.71504,0.71623,0.70819,0.71114,109541,9
1441065600,0.71082,0.71531,0.70139,0.70174,146167,9
1441152000,0.70133,0.70486,0.69818,0.70375,141960,9
1441238400,0.70364,0.70624,0.69918,0.70153,125321,9
1441324800,0.70131,0.70209,0.69075,0.69079,121480,9
1441584000,0.69216,0.69496,0.69113,0.69201,116099,9
1441670400,0.69191,0.70392,0.69191,0.70149,105393,9
1441756800,0.70117,0.70697,0.70049,0.70155,108302,9
1441843200,0.69995,0.70992,0.69454,0.70693,145064,9
1441929600,0.7061,0.70918,0.7035,0.70903,95186,9
1442188800,0.70797,0.71512,0.70628,0.71349,87495,9
1442275200,0.71346,0.71654,0.7085,0.71401,92420,0
1442361600,0.714,0.71995,0.71226,0.7195,91654,7
1442448000,0.71944,0.72752,0.71375,0.71721,109914,9
1442534400,0.7166,0.72796,0.71607,0.71876,109727,9
1442793600,0.71829,0.71967,0.71212,0.71292,89769,9
1442880000,0.71279,0.71585,0.70563,0.70877,85765,9
1442966400,0.70881,0.7089,0.69887,0.70019,94279,9
1443052800,0.69994,0.70421,0.69381,0.7022,112950,9
1443139200,0.70219,0.70419,0.69749,0.7025,95888,9
1443398400,0.70257,0.70358,0.69787,0.69886,83644,7
1443484800,0.69885,0.70234,0.69362,0.69833,103213,9
1443571200,0.69834,0.70379,0.69803,0.70156,100585,9
1443657600,0.70128,0.70844,0.69977,0.70295,104619,9
1443744000,0.70268,0.70672,0.7002,0.70505,96212,9
1444003200,0.70544,0.71106,0.70419,0.70805,102897,9
1444089600,0.7081,0.71748,0.7067,0.7163,106938,9
1444176000,0.71644,0.72342,0.71494,0.72077,107281,9
1444262400,0.72047,0.7271,0.71647,0.72577,101504,8
1444348800,0.72583,0.73436,0.72471,0.73323,106566,9
1444608000,0.73154,0.73817,0.73048,0.736,89829,9
1444694400,0.73596,0.73636,0.72422,0.72423,103631,9
1444780800,0.72424,0.73169,0.71981,0.72995,111161,9
1444867200,0.72986,0.73632,0.72653,0.73285,117541,0
1444953600,0.7327,0.73371,0.72491,0.72704,101582,9
1445212800,0.72554,0.73069,0.72386,0.7248,85092,9
1445299200,0.72453,0.72977,0.72417,0.72595,80995,0
1445385600,0.7259,0.72755,0.72022,0.72062,87278,9
1445472000,0.72053,0.72391,0.71822,0.7208,97787,0
1445558400,0.72051,0.72961,0.71974,0.72157,102942,9
1445817600,0.7209,0.72691,0.72074,0.72432,93707,0
1445904000,0.72424,0.72581,0.71787,0.72,91590,0
1445990400,0.72002,0.72062,0.70802,0.71012,109970,0
1446076800,0.71012,0.71188,0.70672,0.70795,95432,0
1446163200,0.70796,0.71481,0.70775,0.71331,99371,9
1446422400,0.71146,0.71531,0.71146,0.71448,90053,9
1446508800,0.71449,0.72189,0.71082,0.71837,107407,9
1446595200,0.71844,0.72237,0.71355,0.7147,107169,0
1446681600,0.71456,0.71691,0.71252,0.71414,109883,9
1446768000,0.71404,0.71693,0.70224,0.70408,115786,0
1447027200,0.70251,0.70696,0.70251,0.70466,111318,7
1447113600,0.70424,0.70638,0.70156,0.70311,116945,7
1447200000,0.70282,0.70778,0.70241,0.70607,105104,9
1447286400,0.70584,0.71538,0.70562,0.71248,132658,0
1447372800,0.71245,0.71586,0.71058,0.71263,105129,9
1447632000,0.71185,0.71321,0.708,0.70953,101254,0
1447718400,0.70947,0.71396,0.70721,0.71113,114154,0
1447804800,0.71066,0.71173,0.70684,0.71109,105295,9
1447891200,0.71065,0.72142,0.71016,0.71938,123668,0
1447977600,0.7192,0.72499,0.71832,0.72364,114690,0
1448236800,0.72287,0.72325,0.71588,0.7191,123341,9
1448323200,0.71894,0.72577,0.71846,0.72538,124291,2
1448409600,0.72557,0.72825,0.72268,0.72514,123491,9
1448496000,0.72498,0.72621,0.721,0.72249,113307,0
1448582400,0.7224,0.72393,0.71847,0.71898,98190,0
1448841600,0.71913,0.72496,0.717,0.72256,102700,9
1448928000,0.72255,0.73356,0.72216,0.7323,128804,9
1449014400,0.732,0.73429,0.72926,0.73089,126273,0
1449100800,0.73075,0.73625,0.72837,0.73399,144709,0
1449187200,0.73421,0.73849,0.72791,0.73363,132604,9
1449446400,0.73384,0.73421,0.72562,0.72671,112044,9
1449532800,0.7265,0.727,0.71862,0.72156,118229,0
1449619200,0.72114,0.72448,0.71717,0.72296,123141,0
1449705600,0.72276,0.7334,0.72212,0.72803,116430,9
1449792000,0.72801,0.72814,0.71836,0.71836,95633,0
1450051200,0.72009,0.72694,0.71593,0.7241,98703,0
1450137600,0.72432,0.72828,0.71601,0.71904,99529,9
1450224000,0.71913,0.72797,0.71762,0.72312,117600,9
1450310400,0.72292,0.72488,0.70966,0.71273,106302,9
1450396800,0.71248,0.71999,0.71115,0.71679,96955,0
1450656000,0.7169,0.71951,0.71548,0.71892,73578,9
1450742400,0.71863,0.72487,0.71812,0.7234,82710,0
1450828800,0.72333,0.72473,0.72086,0.72354,79034,9
1450915200,0.72292,0.72801,0.72262,0.72671,46255,7
1451260800,0.72741,0.7282,0.72471,0.7248,48631,9
1451347200,0.72463,0.73026,0.72447,0.72941,60657,9
1451433600,0.72939,0.73031,0.72709,0.72847,74625,0
1451520000,0.72832,0.73273,0.72662,0.72896,55664,0
1451865600,0.72816,0.73006,0.71555,0.71901,103450,0
1451952000,0.71905,0.72141,0.71319,0.716,108868,0
1452038400,0.71585,0.71712,0.70481,0.70705,125704,9
1452124800,0.70696,0.70857,0.69802,0.70096,129170,0
1452211200,0.7009,0.70761,0.69502,0.69502,132561,9
1452470400,0.69691,0.70354,0.69267,0.69928,120220,9
1452556800,0.69928,0.70206,0.69396,0.6984,128057,9
1452643200,0.69812,0.70483,0.69492,0.69542,121843,7
1452729600,0.69544,0.69964,0.69095,0.69839,140337,0
1452816000,0.6978,0.70018,0.68266,0.68583,129835,7
1453075200,0.68361,0.69275,0.68315,0.68634,123352,0
1453161600,0.6863,0.69568,0.6838,0.6905,141213,9
1453248000,0.69054,0.69238,0.68277,0.69061,158250,9
1453334400,0.69066,0.7017,0.68751,0.69969,159704,9
1453420800,0.69964,0.70455,0.69858,0.7002,132239,9
1453680000,0.70014,0.70311,0.69487,0.69535,130722,0
1453766400,0.69528,0.70208,0.69183,0.70029,133127,0
1453852800,0.70031,0.70811,0.69918,0.70249,175781,9
1453939200,0.70243,0.71282,0.70076,0.70819,154583,9
1454025600,0.70819,0.71407,0.70582,0.70825,162456,9
1454284800,0.70796,0.71208,0.7042,0.71122,134904,9
1454371200,0.71103,0.71288,0.70341,0.70366,130995,9
1454457600,0.70369,0.71886,0.70023,0.71666,147666,9
1454544000,0.71636,0.72423,0.7153,0.71988,134806,9
1454630400,0.71988,0.72195,0.70633,0.70634,114095,0
1454889600,0.70672,0.71281,0.70501,0.70847,126090,9
1454976000,0.70851,0.70955,0.69731,0.707,131900,0
1455062400,0.70697,0.71248,0.70372,0.70936,141871,0
1455148800,0.70935,0.71529,0.69834,0.71073,156197,0
1455235200,0.71076,0.71277,0.70633,0.70976,118134,0
1455494400,0.71004,0.71711,0.70994,0.71342,104532,9
1455580800,0.71346,0.71813,0.70811,0.71093,110096,0
1455667200,0.71081,0.71865,0.70839,0.71837,114732,9
1455753600,0.71807,0.71837,0.71326,0.7156,111865,9
1455840000,0.71559,0.71614,0.70687,0.71473,98650,0
1456099200,0.71556,0.72466,0.71357,0.72268,104276,0
1456185600,0.72258,0.72587,0.72,0.72016,116653,9
1456272000,0.72006,0.7213,0.71455,0.71941,122035,0
1456358400,0.71939,0.72429,0.71561,0.72348,124031,0
1456444800,0.72319,0.72563,0.71177,0.7122,120183,0
1456704000,0.71211,0.71675,0.71084,0.71388,125994,0
1456790400,0.71385,0.71916,0.71088,0.71725,126174,0
1456876800,0.71718,0.73005,0.71643,0.72954,148863,0
1456963200,0.72924,0.73734,0.7281,0.73506,142943,9
1457049600,0.73497,0.74426,0.73395,0.7436,138611,0
1457308800,0.74021,0.74841,0.73921,0.74662,118405,0
1457395200,0.74661,0.74719,0.74097,0.74373,116429,0
1457481600,0.74337,0.75275,0.74118,0.74841,129000,0
1457568000,0.74837,0.75115,0.74265,0.74532,148834,9
1457654400,0.74532,0.7583,0.74461,0.75596,121275,0
1457913600,0.75478,0.75931,0.74916,0.75072,115495,0
1458000000,0.75072,0.75273,0.74449,0.74593,121935,9
1458086400,0.74599,0.75779,0.74143,0.75619,123184,9
1458172800,0.75619,0.76565,0.75331,0.76364,145536,0
1458259200,0.76378,0.76797,0.75946,0.75977,90665,9
1458518400,0.75944,0.76261,0.75681,0.75803,116470,0
1458604800,0.75803,0.76424,0.75507,0.76146,118413,0
1458691200,0.76147,0.76483,0.75191,0.75347,104345,0
1458777600,0.75342,0.75367,0.74768,0.75253,94901,9
1458864000,0.75247,0.75348,0.74976,0.75045,45602,9
1459123200,0.75094,0.75575,0.74928,0.75437,68583,0
1459209600,0.75413,0.76448,0.75097,0.76255,124815,9
1459296000,0.76244,0.77084,0.76147,0.76697,149039,9
1459382400,0.76687,0.77224,0.76338,0.76568,129104,0
1459468800,0.76555,0.77003,0.75987,0.76759,119434,9
1459728000,0.76695,0.76778,0.75981,0.7602,112448,9
1459814400,0.7602,0.76302,0.75096,0.75415,134427,9
1459900800,0.75409,0.7619,0.75323,0.75968,117945,0
1459987200,0.75956,0.7637,0.74914,0.75029,132998,0
1460073600,0.75021,0.7579,0.74999,0.75398,117319,0
1460332800,0.754,0.76296,0.75277,0.75946,121922,0
1460419200,0.75924,0.76892,0.75831,0.76808,134910,0
1460505600,0.76802,0.77155,0.76337,0.76504,121087,0
1460592000,0.76506,0.77366,0.76187,0.76926,117316,0
1460678400,0.76922,0.77341,0.76803,0.77204,110154,9
1460937600,0.76477,0.77571,0.76309,0.77471,128630,0
1461024000,0.77471,0.78257,0.77456,0.78114,111189,0
1461110400,0.78119,0.78287,0.77665,0.77919,121078,0
1461196800,0.77898,0.78342,0.77324,0.77377,120727,0
1461283200,0.77345,0.77739,0.76934,0.77073,116424,0
1461542400,0.7692,0.77285,0.76907,0.7713,88391,9
1461628800,0.77127,0.77648,0.76963,0.77469,98724,0
1461715200,0.77455,0.77649,0.7548,0.75859,119913,0
1461801600,0.7608,0.76572,0.75692,0.76227,123701,0
1461888000,0.76227,0.7668,0.7587,0.76055,107757,9
1462147200,0.75946,0.7671,0.75902,0.76652,100002,0
1462233600,0.76627,0.77194,0.7483,0.74833,139336,0
1462320000,0.74813,0.75171,0.74465,0.74528,133183,0
1462406400,0.74528,0.75134,0.74515,0.74641,110474,0
1462492800,0.74626,0.74778,0.73371,0.73638,117282,0
1462752000,0.7353,0.73848,0.73071,0.73147,99733,9
1462838400,0.73137,0.73736,0.72996,0.73621,102099,0
1462924800,0.73605,0.74016,0.73355,0.73733,103633,0
1463011200,0.73739,0.73794,0.73096,0.73231,106346,0
1463097600,0.73212,0.73233,0.72535,0.72697,104877,0
1463356800,0.72466,0.73084,0.72466,0.72885,91408,0
1463443200,0.72863,0.73659,0.72818,0.73234,106158,9
1463529600,0.73215,0.73309,0.72212,0.72282,115327,0
1463616000,0.72267,0.72417,0.71761,0.7227,107006,0
1463702400,0.72258,0.72491,0.72113,0.72208,83170,0
1463961600,0.72181,0.72595,0.71945,0.72219,86581,9
1464048000,0.72214,0.72277,0.71447,0.71823,92256,9
1464134400,0.71787,0.72186,0.71585,0.71976,92716,0
1464220800,0.71966,0.72433,0.71614,0.72247,94168,0
1464307200,0.72237,0.72345,0.71718,0.71835,85080,0
1464566400,0.71761,0.71869,0.71483,0.71814,71647,0
1464652800,0.71797,0.72666,0.71789,0.72315,106578,0
1464739200,0.72289,0.72987,0.72269,0.72566,118130,0
1464825600,0.72549,0.72688,0.72012,0.72284,105880,0
1464912000,0.72277,0.73679,0.72177,0.73651,114325,0
1465171200,0.73665,0.73797,0.73148,0.73648,103867,0
1465257600,0.736,0.74632,0.73591,0.7458,98916,9
1465344000,0.7452,0.74814,0.74299,0.74713,106827,0
1465430400,0.74784,0.75039,0.74199,0.74287,118300,0
1465516800,0.74262,0.74372,0.73687,0.73744,115603,9
1465776000,0.73745,0.741,0.73589,0.73848,108858,9
1465862400,0.73848,0.74041,0.73302,0.73564,117940,0
1465948800,0.73551,0.74455,0.73334,0.74049,120083,0
1466035200,0.74046,0.74401,0.72849,0.7361,138088,0
1466121600,0.73603,0.74103,0.73589,0.73721,113759,0
1466380800,0.73881,0.74807,0.73881,0.74521,98029,0
1466467200,0.74516,0.75121,0.74491,0.74492,97261,0
1466553600,0.74461,0.7526,0.74408,0.74983,93687,0
1466640000,0.74901,0.76141,0.74897,0.76107,113862,0
1466726400,0.76098,0.76438,0.7304,0.74647,180285,9
1466985600,0.74183,0.74509,0.73242,0.73262,157553,9
1467072000,0.73261,0.74146,0.73259,0.73861,127794,0
1467158400,0.73811,0.74559,0.73804,0.74488,120357,0
1467244800,0.74469,0.74721,0.73708,0.74506,141538,0
1467331200,0.7447,0.75026,0.74366,0.74969,105239,9
1467590400,0.74441,0.75441,0.74433,0.75384,86477,0
1467676800,0.75332,0.75439,0.74532,0.74617,116750,0
1467763200,0.74573,0.75285,0.74075,0.75186,140334,0
1467849600,0.75166,0.75382,0.74664,0.74762,133799,0
1467936000,0.74768,0.7573,0.74698,0.75599,114192,9
1468195200,0.75617,0.75751,0.75213,0.75309,92226,0
1468281600,0.75297,0.76576,0.75297,0.76219,125059,0
1468368000,0.76179,0.76378,0.75774,0.76066,126965,9
1468454400,0.76051,0.76526,0.75909,0.76302,131115,0
1468540800,0.76288,0.76758,0.75582,0.7563,122636,0
1468800000,0.75882,0.76061,0.75747,0.75905,103602,0
1468886400,0.75888,0.75903,0.74757,0.75031,118733,0
1468972800,0.75017,0.75167,0.74617,0.74744,96839,9
1469059200,0.74692,0.75136,0.74527,0.7493,127260,0
1469145600,0.74926,0.75075,0.74422,0.74623,101793,9
1469404800,0.74591,0.74919,0.74512,0.74692,96808,9
1469491200,0.74676,0.75396,0.74623,0.75017,100520,0
1469577600,0.75001,0.75651,0.74202,0.74905,124077,0
1469664000,0.74874,0.75488,0.74861,0.75032,102738,0
1469750400,0.74973,0.761,0.74927,0.75981,119187,0
1470009600,0.75905,0.76151,0.75283,0.75344,91278,9
1470096000,0.7534,0.76373,0.74853,0.76064,115535,0
1470182400,0.76054,0.76137,0.75678,0.75858,100780,0
1470268800,0.75865,0.76401,0.75834,0.76256,102766,0
1470355200,0.76218,0.76637,0.75971,0.76157,95438,0
1470614400,0.76126,0.76718,0.75969,0.76499,85397,9
1470700800,0.76481,0.76864,0.76215,0.76716,87721,9
1470787200,0.76665,0.77553,0.76612,0.76987,105997,0
1470873600,0.7696,0.77519,0.7691,0.76977,98655,0
1470960000,0.76977,0.77243,0.76457,0.76484,100906,9
1471219200,0.76537,0.7691,0.76359,0.76716,80031,0
1471305600,0.76718,0.77488,0.76534,0.76931,117654,0
1471392000,0.76921,0.77076,0.76086,0.76531,116404,9
1471478400,0.76528,0.77227,0.76488,0.76852,118377,0
1471564800,0.76839,0.76903,0.75987,0.76256,108203,0
1471824000,0.75993,0.76395,0.75833,0.76248,99079,9
1471910400,0.76092,0.76545,0.76092,0.76138,102981,0
1471996800,0.76125,0.76333,0.75879,0.76121,110201,0
1472083200,0.76117,0.76386,0.76015,0.76153,87806,9
1472169600,0.76146,0.76916,0.75506,0.75538,124107,0
1472428800,0.75571,0.7581,0.75245,0.75684,101482,9
1472515200,0.75652,0.75795,0.74999,0.7508,99854,0
1472601600,0.75068,0.75327,0.74896,0.75169,103760,0
1472688000,0.75129,0.75584,0.75039,0.75501,111530,0
1472774400,0.75458,0.76153,0.75356,0.75518,115958,0
1473033600,0.75684,0.76059,0.75624,0.75801,88941,0
1473120000,0.7577,0.76874,0.7577,0.76862,109175,9
1473206400,0.76872,0.76971,0.76508,0.76705,109247,0
1473292800,0.76668,0.77316,0.76359,0.76408,119677,9
1473379200,0.76407,0.76564,0.75358,0.75358,119065,0
1473638400,0.75362,0.75663,0.74936,0.75655,126454,9
1473724800,0.75631,0.75676,0.74416,0.74609,143051,0
1473811200,0.74626,0.74953,0.74504,0.74683,126204,0
1473897600,0.74662,0.75222,0.74456,0.75142,145995,0
1473984000,0.75145,0.75262,0.74746,0.74904,123345,0
1474243200,0.74804,0.75725,0.7475,0.75328,93551,0
1474329600,0.75309,0.75645,0.75181,0.75545,104616,0
1474416000,0.75542,0.76298,0.75339,0.7622,138365,0
1474502400,0.76235,0.76743,0.76061,0.76407,117817,0
1474588800,0.76418,0.76528,0.76021,0.76021,106911,9
1474848000,0.76119,0.76489,0.76024,0.76345,96964,0
1474934400,0.76319,0.76951,0.76109,0.76647,118669,9
1475020800,0.7665,0.76928,0.76443,0.7691,120158,0
1475107200,0.76921,0.77096,0.76229,0.76341,146517,0
1475193600,0.76335,0.7671,0.75893,0.76558,125624,9
1475452800,0.76528,0.76809,0.76399,0.76709,92843,0
1475539200,0.76708,0.76903,0.76076,0.76187,130668,9
1475625600,0.76177,0.76443,0.75922,0.762,115874,0
1475712000,0.76197,0.76221,0.75617,0.75841,112309,9
1475798400,0.7583,0.76237,0.75527,0.75839,160777,9
1476057600,0.76007,0.76281,0.75797,0.76058,99592,9
1476144000,0.76048,0.7609,0.7533,0.75379,127547,0
1476230400,0.75335,0.7592,0.75324,0.75605,125441,0
1476316800,0.75587,0.75811,0.75058,0.75674,117260,0
1476403200,0.75665,0.76471,0.75558,0.76112,129239,0
1476662400,0.76152,0.76281,0.75808,0.76277,105026,9
1476748800,0.76249,0.76891,0.76241,0.76648,106547,9
1476835200,0.76634,0.77286,0.76587,0.77228,102684,0
1476921600,0.77194,0.7734,0.76209,0.76244,111812,0
1477008000,0.76233,0.76506,0.75869,0.76053,96395,0
1477267200,0.76063,0.76403,0.75908,0.76085,85455,0
1477353600,0.7609,0.76544,0.75887,0.7646,113363,0
1477440000,0.76433,0.77086,0.7625,0.76489,107461,9
1477526400,0.76473,0.76519,0.75812,0.7587,118682,0
1477612800,0.75863,0.76074,0.75573,0.75884,134254,9
1477872000,0.75967,0.76185,0.75826,0.76063,105991,0
1477958400,0.76061,0.76885,0.75976,0.76551,123598,9
1478044800,0.76548,0.76778,0.76122,0.7657,131562,0
1478131200,0.7657,0.76874,0.76365,0.76805,132712,9
1478217600,0.76805,0.76967,0.76516,0.76707,135485,9
1478476800,0.76732,0.77289,0.76564,0.77263,118886,0
1478563200,0.77247,0.77777,0.76886,0.77612,129159,0
1478649600,0.77575,0.77712,0.75787,0.76343,260972,0
1478736000,0.76303,0.77416,0.75675,0.76111,183717,0
1478822400,0.76112,0.76292,0.75247,0.75309,200743,0
1479081600,0.75425,0.75651,0.75233,0.75513,181179,0
1479168000,0.75518,0.75807,0.75111,0.75571,174239,0
1479254400,0.75557,0.75708,0.74598,0.74779,166453,0
1479340800,0.74761,0.7501,0.73962,0.74034,167679,9
1479427200,0.7401,0.74175,0.73166,0.73166,183974,9
1479686400,0.7329,0.73814,0.73105,0.73665,167657,0
1479772800,0.73628,0.7413,0.7361,0.74008,156551,9
1479859200,0.74007,0.74447,0.73722,0.73814,152928,0
1479945600,0.73811,0.74179,0.73639,0.74061,128887,9
1480032000,0.74038,0.74677,0.73999,0.74243,148614,0
1480291200,0.74414,0.74932,0.74325,0.74816,137384,9
1480377600,0.74779,0.74969,0.74319,0.74828,140911,0
1480464000,0.74811,0.74969,0.73735,0.73827,166735,0
1480550400,0.73825,0.7421,0.73695,0.74131,131423,9
1480636800,0.74134,0.74685,0.74004,0.74489,117041,0
1480896000,0.74484,0.74974,0.74115,0.74706,135483,9
1480982400,0.74699,0.74827,0.74308,0.746,98273,0
1481068800,0.74555,0.74828,0.74159,0.74816,89330,9
1481155200,0.74773,0.75074,0.74281,0.74617,122195,0
1481241600,0.74597,0.74954,0.74278,0.74278,100380,0
1481500800,0.74352,0.75036,0.74303,0.74948,103504,0
1481587200,0.74948,0.75229,0.74753,0.74984,110547,0
1481673600,0.74966,0.75243,0.73938,0.74043,125497,0
1481760000,0.7401,0.74303,0.7337,0.73575,164783,0
1481846400,0.73568,0.73688,0.72657,0.72839,126415,0
1482105600,0.72807,0.73124,0.72418,0.72436,110324,9
1482192000,0.72433,0.72619,0.72225,0.72583,94524,9
1482278400,0.72576,0.72792,0.72342,0.72357,85951,0
1482364800,0.72325,0.72575,0.71968,0.72153,96776,0
1482451200,0.72152,0.72269,0.71558,0.71558,72630,0
1482710400,0.71908,0.72252,0.70326,0.71881,7729,0
1482796800,0.71798,0.71965,0.7172,0.71856,63568,0
1482883200,0.71788,0.72193,0.71631,0.71756,79579,0
1482969600,0.71713,0.72231,0.71619,0.72182,101098,9
1483056000,0.7212,0.72464,0.718,0.718,114180,0
1483315200,0.72064,0.72175,0.71639,0.71738,40354,0
1483401600,0.71736,0.72407,0.71736,0.72164,117788,0
1483488000,0.72137,0.7286,0.72133,0.72811,136493,9
1483574400,0.72788,0.73564,0.72722,0.73338,169699,0
1483660800,0.73329,0.73545,0.7288,0.72956,142881,9
1483920000,0.72906,0.73733,0.7287,0.7353,116959,0
1484006400,0.73518,0.73842,0.73306,0.73662,132362,9
1484092800,0.73643,0.74712,0.73517,0.74407,172508,0
1484179200,0.74377,0.7518,0.74294,0.74811,154644,0
1484265600,0.74797,0.7508,0.74484,0.74808,135197,0
1484524800,0.74816,0.75049,0.74577,0.74745,103662,0
1484611200,0.74741,0.7568,0.74643,0.75642,164000,9
1484697600,0.75624,0.7566,0.75022,0.75038,128515,0
1484784000,0.75062,0.75738,0.74928,0.75598,160771,0
1484870400,0.75583,0.75881,0.75171,0.75359,162071,9
1485129600,0.75528,0.75888,0.75497,0.75822,140610,0
1485216000,0.75823,0.76087,0.75529,0.7581,121143,9
1485302400,0.75756,0.75978,0.75146,0.75696,139285,0
1485388800,0.75703,0.75844,0.75212,0.75339,134541,9
1485475200,0.75328,0.75725,0.75109,0.75443,128788,0
1485734400,0.75548,0.75664,0.75275,0.75523,114611,0
1485820800,0.75504,0.76051,0.75416,0.75824,130504,0
1485907200,0.75855,0.75963,0.75506,0.75821,123040,9
1485993600,0.75856,0.76956,0.75768,0.76563,121547,0
1486080000,0.76563,0.7695,0.76186,0.76619,118758,0
1486339200,0.76434,0.76826,0.7629,0.76575,108212,9
1486425600,0.76561,0.76805,0.76051,0.76265,115181,0
1486512000,0.76252,0.76653,0.76109,0.76431,115955,0
1486598400,0.76433,0.76636,0.761,0.76235,106397,0
1486684800,0.76226,0.76883,0.76172,0.76659,103251,0
1486944000,0.76766,0.76796,0.76303,0.76396,95976,0
1487030400,0.76379,0.76959,0.76175,0.76613,114061,9
1487116800,0.76602,0.7719,0.76365,0.7709,106688,0
1487203200,0.77089,0.77316,0.76841,0.76925,117079,0
1487289600,0.76924,0.77124,0.76452,0.76452,99464,9
1487548800,0.76717,0.76898,0.76588,0.76864,74970,0
1487635200,0.76856,0.76902,0.76491,0.76735,88026,9
1487721600,0.76717,0.77144,0.76663,0.77017,95367,9
1487808000,0.76994,0.77404,0.76646,0.77143,99329,0
1487894400,0.77125,0.772,0.76634,0.76634,84544,0
1488153600,0.7678,0.77074,0.76622,0.76717,88759,0
1488240000,0.76702,0.76944,0.76458,0.76559,92194,0
1488326400,0.76545,0.76994,0.7636,0.76753,120442,0
1488412800,0.76755,0.76816,0.75571,0.75709,96075,0
1488499200,0.757,0.75978,0.75424,0.75769,104467,0
1488758400,0.75836,0.76091,0.75697,0.75785,86991,9
1488844800,0.75769,0.76323,0.75725,0.75867,93127,0
1488931200,0.75866,0.76084,0.7525,0.75257,104591,9
1489017600,0.75255,0.75336,0.74906,0.7505,107766,0
1489104000,0.75046,0.75565,0.74977,0.75404,109109,9
1489363200,0.75455,0.75919,0.75334,0.75702,93949,9
1489449600,0.75702,0.75792,0.75398,0.75592,90059,0
1489536000,0.75592,0.77187,0.75547,0.77052,111147,0
1489622400,0.77052,0.77173,0.76633,0.76805,115913,0
1489708800,0.76802,0.77174,0.76628,0.77036,84304,9
1489968000,0.76991,0.77476,0.76966,0.77287,83892,9
1490054400,0.77287,0.77491,0.76822,0.76848,100329,9
1490140800,0.76849,0.76888,0.76388,0.76742,106224,9
1490227200,0.7674,0.76764,0.76219,0.76257,104117,0
1490313600,0.76255,0.764,0.76035,0.76215,93688,9
1490572800,0.7631,0.76477,0.76077,0.76163,87345,0
1490659200,0.76137,0.76541,0.75869,0.76336,84564,0
1490745600,0.76311,0.76747,0.76287,0.76685,87459,0
1490832000,0.76669,0.76791,0.76388,0.76389,89335,0
1490918400,0.76392,0.76624,0.76218,0.76265,93620,9
1491177600,0.76234,0.76397,0.75908,0.76033,77386,9
1491264000,0.76017,0.76146,0.75447,0.75638,85392,9
1491350400,0.75637,0.7587,0.75574,0.75683,84782,0
1491436800,0.75683,0.75763,0.75319,0.75435,85768,9
1491523200,0.75435,0.75455,0.74808,0.74808,104237,9
1491782400,0.74907,0.75084,0.74756,0.74995,80752,9
1491868800,0.74996,0.75144,0.74736,0.7497,91374,9
1491955200,0.74956,0.75282,0.74727,0.75218,97633,9
1492041600,0.75189,0.75951,0.75172,0.7567,94545,9
1492128000,0.75574,0.7582,0.75563,0.75717,49894,0
1492387200,0.75734,0.76102,0.75667,0.75879,56853,0
1492473600,0.75879,0.75958,0.75335,0.75585,88470,9
1492560000,0.75584,0.75621,0.74911,0.74958,77657,0
1492646400,0.74962,0.75466,0.74885,0.75254,79954,9
1492732800,0.75245,0.75454,0.75151,0.75267,71799,9
1492992000,0.75689,0.75839,0.75383,0.75678,76140,0
1493078400,0.75677,0.75715,0.752,0.75334,74851,9
1493164800,0.75338,0.75533,0.74546,0.74726,93574,0
1493251200,0.74721,0.7492,0.74396,0.74637,85940,0
1493337600,0.74638,0.74905,0.74475,0.74603,78858,9
1493596800,0.74673,0.754,0.74673,0.75244,52923,0
1493683200,0.75245,0.75557,0.751,0.75355,65882,0
1493769600,0.75333,0.75457,0.7419,0.7422,76969,0
1493856000,0.74185,0.74297,0.73825,0.7408,84564,0
1493942400,0.7408,0.74261,0.73672,0.7411,86755,0
1494201600,0.74119,0.74241,0.73774,0.73856,80699,0
1494288000,0.73856,0.73978,0.73285,0.73431,85238,0
1494374400,0.73431,0.73943,0.73383,0.73641,84962,0
1494460800,0.73637,0.73826,0.73326,0.73779,83571,0
1494547200,0.73779,0.74206,0.7367,0.73783,78513,0
1494806400,0.73905,0.74454,0.73842,0.74113,77406,0
1494892800,0.74104,0.74376,0.73947,0.74249,86236,0
1494979200,0.74247,0.74432,0.73884,0.74298,98027,0
1495065600,0.74298,0.74665,0.74078,0.74168,119987,0
1495152000,0.74168,0.7469,0.7406,0.74554,82587,0
1495411200,0.74501,0.74882,0.74334,0.7474,75969,0
1495497600,0.74737,0.75169,0.74658,0.74752,81371,0
1495584000,0.7475,0.75073,0.74421,0.75017,85507,0
1495670400,0.75013,0.75156,0.74502,0.74517,85879,0
1495756800,0.7452,0.74607,0.74215,0.7436,84898,0
1496016000,0.74375,0.74499,0.74265,0.74375,50376,0
1496102400,0.7437,0.74692,0.74157,0.74636,77892,0
1496188800,0.74641,0.74756,0.74242,0.74295,82936,0
1496275200,0.74294,0.7454,0.73721,0.73723,84494,0
1496361600,0.73721,0.74461,0.7366,0.74357,74488,0
1496620800,0.74238,0.74981,0.74218,0.74851,52148,9
1496707200,0.74822,0.75219,0.74567,0.75051,68418,9
1496793600,0.75045,0.75662,0.74994,0.75497,67427,9
1496880000,0.75471,0.75541,0.75245,0.75451,60863,9
1496966400,0.7542,0.75448,0.7519,0.75266,61282,9
1497225600,0.75292,0.75468,0.75211,0.75406,45314,9
1497312000,0.7537,0.75644,0.75239,0.75358,49749,9
1497398400,0.75363,0.76351,0.7532,0.75883,81570,9
1497484800,0.75862,0.76312,0.75678,0.75786,74458,9
1497571200,0.7575,0.76294,0.75697,0.76131,62370,9
1497830400,0.76143,0.76287,0.75846,0.75969,52603,9
1497916800,0.75934,0.76235,0.75702,0.75789,57069,9
1498003200,0.75784,0.75849,0.75426,0.75522,58424,9
1498089600,0.75522,0.75619,0.7535,0.75397,54304,9
1498176000,0.75373,0.75822,0.75373,0.75596,48398,9
1498435200,0.75623,0.75991,0.75622,0.75843,51814,9
1498521600,0.75783,0.76243,0.75766,0.75825,62181,9
1498608000,0.75788,0.76444,0.75727,0.7637,75333,9
1498694400,0.76358,0.7686,0.76346,0.76823,64996,9
1498780800,0.76776,0.77119,0.76668,0.76854,73133,9
1499040000,0.76791,0.76948,0.7644,0.76561,57165,9
1499126400,0.76541,0.76824,0.75907,0.76039,58030,9
1499212800,0.75978,0.76317,0.75708,0.76035,55636,9
1499299200,0.75992,0.76144,0.75766,0.75834,55559,9
1499385600,0.75822,0.7623,0.75718,0.75981,59639,9
1499644800,0.7599,0.76143,0.7586,0.76056,45352,9
1499731200,0.76047,0.76422,0.75928,0.76354,57805,9
1499817600,0.76346,0.76851,0.76336,0.76768,65749,9
1499904000,0.76729,0.77394,0.76729,0.77306,60732,9
1499990400,0.77273,0.78335,0.77256,0.78246,62738,9
1500249600,0.78233,0.78382,0.77917,0.77963,72777,9
1500336000,0.77971,0.79425,0.77858,0.79176,94892,9
1500422400,0.79148,0.79586,0.79087,0.79529,72368,9
1500508800,0.79457,0.79886,0.78969,0.79569,85386,9
1500595200,0.79531,0.79591,0.78745,0.79126,76531,9
1500854400,0.79058,0.79672,0.7903,0.79234,67238,9
1500940800,0.79229,0.797,0.79021,0.79362,65980,9
1501027200,0.79384,0.80131,0.78776,0.7999,96005,9
1501113600,0.80034,0.80651,0.79559,0.7965,97795,9
1501200000,0.79639,0.80069,0.79365,0.79843,92568,9
1501459200,0.7981,0.80024,0.79556,0.79999,75550,9
1501545600,0.80007,0.80423,0.79602,0.79672,82289,9
1501632000,0.7967,0.79925,0.79409,0.79649,71664,9
1501718400,0.79636,0.7968,0.79137,0.79469,82891,9
1501804800,0.7947,0.79792,0.78909,0.79222,83444,9
1502064000,0.79149,0.79481,0.78986,0.79117,60936,9
1502150400,0.79077,0.79424,0.78866,0.79092,69890,9
1502236800,0.79095,0.79141,0.78547,0.78875,80167,9
1502323200,0.78867,0.79101,0.78661,0.78735,71026,9
1502409600,0.78714,0.79089,0.78385,0.78914,77791,9
1502668800,0.78903,0.79185,0.78442,0.78511,62204,9
1502755200,0.78496,0.78762,0.78074,0.78195,59136,9
1502841600,0.78212,0.79337,0.78159,0.79311,64870,9
1502928000,0.79236,0.79623,0.78799,0.7882,76543,9
1503014400,0.78825,0.79437,0.7869,0.79222,76674,9
1503273600,0.79256,0.79503,0.79103,0.79389,45697,9
1503360000,0.79357,0.79504,0.78972,0.79113,48962,9
1503446400,0.7909,0.79179,0.78818,0.7903,61249,9
1503532800,0.78998,0.79155,0.78662,0.79006,65679,9
1503619200,0.79003,0.79535,0.78848,0.79314,74256,9
1503878400,0.79297,0.79726,0.79251,0.79644,51645,9
1503964800,0.79663,0.79827,0.7905,0.79525,87655,9
1504051200,0.794,0.79952,0.78896,0.78995,73088,9
1504137600,0.78979,0.79496,0.7871,0.79461,80683,9
1504224000,0.79443,0.7994,0.79212,0.79668,83053,9
1504483200,0.79471,0.79724,0.79404,0.79418,62807,9
1504569600,0.79418,0.80278,0.79416,0.79955,90351,9
1504656000,0.79949,0.80203,0.7963,0.79995,84425,9
1504742400,0.79995,0.80482,0.79739,0.80463,85346,9
1504828800,0.80463,0.81247,0.80424,0.80476,94043,9
1505088000,0.80545,0.80579,0.80182,0.80272,66620,9
1505174400,0.80259,0.80488,0.7998,0.80127,86521,0
1505260800,0.80127,0.8044,0.79705,0.79841,77564,0
1505347200,0.79841,0.80163,0.79556,0.80026,90630,0
1505433600,0.8003,0.80351,0.79864,0.79988,84904,0
1505692800,0.79955,0.80351,0.79399,0.79562,70537,0
1505779200,0.79562,0.80199,0.79505,0.80094,82659,0
1505865600,0.80094,0.81019,0.79854,0.80309,102025,0
1505952000,0.80309,0.8036,0.7917,0.7925,97250,0
1506038400,0.79247,0.79863,0.7908,0.79582,84790,0
1506297600,0.79511,0.79735,0.79262,0.7936,83913,0
1506384000,0.7936,0.79487,0.7859,0.78852,96692,0
1506470400,0.78852,0.78885,0.78361,0.78477,106536,0
1506556800,0.78477,0.78601,0.77996,0.78539,87742,0
1506643200,0.7854,0.78569,0.78165,0.78309,68952,0
1506902400,0.78325,0.78475,0.77953,0.7825,64806,0
1506988800,0.7825,0.78385,0.77852,0.78343,70623,0
1507075200,0.78345,0.78749,0.78297,0.78637,69376,0
1507161600,0.78611,0.78652,0.77867,0.77942,67119,0
1507248000,0.77942,0.77982,0.7733,0.77617,80449,0
1507507200,0.77687,0.77821,0.77474,0.77506,38103,0
1507593600,0.77507,0.77968,0.77487,0.77774,58559,0
1507680000,0.77774,0.78093,0.77707,0.77875,61132,0
1507766400,0.77875,0.78358,0.7783,0.78186,64862,0
1507852800,0.78186,0.78974,0.78145,0.78816,63227,0
1508112000,0.78827,0.78895,0.78428,0.78496,56131,0
1508198400,0.78496,0.78608,0.78182,0.78447,60676,0
1508284800,0.78447,0.78579,0.78189,0.78459,55015,0
1508371200,0.78459,0.78839,0.78408,0.78756,73051,0
1508457600,0.78756,0.78819,0.78083,0.78112,68397,0
1508716800,0.78189,0.78345,0.77962,0.78059,52530,0
1508803200,0.78059,0.78247,0.77704,0.77755,65321,0
1508889600,0.77755,0.7784,0.76901,0.77029,76387,0
1508976000,0.77029,0.77189,0.76551,0.76562,72213,0
1509062400,0.76562,0.76781,0.76251,0.76756,72872,0
1509321600,0.76739,0.7691,0.76556,0.76877,47077,0
1509408000,0.76877,0.76987,0.76397,0.76557,49487,0
1509494400,0.76559,0.76959,0.76482,0.76751,65655,0
1509580800,0.76751,0.77262,0.76725,0.77137,70258,0
1509667200,0.77137,0.77157,0.7639,0.76492,61577,0
1509926400,0.76478,0.7692,0.76382,0.76887,50134,0
1510012800,0.76887,0.77006,0.76273,0.76422,59539,0
1510099200,0.76422,0.76847,0.76358,0.76742,53537,0
1510185600,0.76742,0.76936,0.76494,0.76783,58497,0
1510272000,0.76783,0.7695,0.76528,0.76528,54042,0
1510531200,0.76485,0.76655,0.76166,0.76209,43114,0
1510617600,0.76209,0.76498,0.76086,0.76284,55055,0
1510704000,0.76284,0.76323,0.75732,0.7588,64433,0
1510790400,0.7588,0.76094,0.75689,0.75872,51037,0
1510876800,0.75872,0.76079,0.75361,0.75646,53422,0
1511136000,0.75649,0.75738,0.75439,0.75499,49734,0
1511222400,0.75499,0.75901,0.75322,0.75767,49304,0
1511308800,0.75767,0.76234,0.75552,0.76125,48457,0
1511395200,0.76125,0.76385,0.76036,0.7623,45154,0
1511481600,0.76232,0.76318,0.76066,0.76143,48627,0
1511740800,0.76149,0.76446,0.75931,0.76019,46706,0
1511827200,0.76019,0.76199,0.75879,0.75933,46478,0
1511913600,0.75933,0.76077,0.75521,0.75634,55335,0
1512000000,0.7564,0.75945,0.75565,0.75639,58505,0
1512086400,0.75639,0.76388,0.75511,0.76085,81145,0
1512345600,0.75916,0.7614,0.75794,0.75973,63584,0
1512432000,0.75955,0.76537,0.75953,0.76072,67632,0
1512518400,0.76072,0.76346,0.75585,0.75612,60730,0
1512604800,0.75612,0.75695,0.75052,0.75109,58933,0
1512691200,0.75109,0.75336,0.75014,0.75082,59137,0
1512950400,0.75081,0.75455,0.75032,0.75256,53003,0
1513036800,0.75256,0.75801,0.75193,0.75546,51635,0
1513123200,0.75546,0.76395,0.75525,0.7636,71116,0
1513209600,0.7636,0.76796,0.76266,0.76643,77308,0
1513296000,0.76638,0.76945,0.7635,0.76461,63833,0
1513555200,0.76444,0.76776,0.76406,0.76588,68467,2
1513641600,0.76588,0.76839,0.76459,0.76617,65910,2
1513728000,0.76624,0.76795,0.76512,0.76654,66804,2
1513814400,0.76649,0.77072,0.76534,0.76992,61022,2
1513900800,0.76998,0.77205,0.76993,0.77141,59387,2
1514246400,0.77189,0.773,0.77122,0.77272,17649,2
1514332800,0.77264,0.77791,0.77236,0.77671,54071,2
1514419200,0.77671,0.78094,0.7764,0.77878,51496,2
1514505600,0.77878,0.78247,0.77878,0.78065,55240,2
1514851200,0.77981,0.78447,0.77939,0.78255,53072,2
1514937600,0.78255,0.78447,0.78051,0.78339,78067,2
1515024000,0.78339,0.78663,0.78142,0.78608,77129,2
1515110400,0.78608,0.78746,0.78348,0.78625,78913,2
1515369600,0.78625,0.78725,0.78269,0.78397,57840,1
1515456000,0.78403,0.78644,0.78074,0.78228,78067,1
1515542400,0.78229,0.7867,0.78082,0.78407,112778,1
1515628800,0.78407,0.78944,0.78369,0.78912,104705,1
1515715200,0.78912,0.79244,0.7848,0.79162,116656,1
1515974400,0.79004,0.79786,0.79004,0.79625,100033,1
1516060800,0.79625,0.79746,0.79368,0.79564,100015,1
1516147200,0.79563,0.80226,0.79402,0.79684,134827,1
1516233600,0.79684,0.8007,0.79416,0.79976,115513,1
1516320000,0.79975,0.80386,0.79784,0.79851,107619,1
1516579200,0.79851,0.8027,0.79787,0.80148,75502,1
1516665600,0.80148,0.80295,0.79562,0.79971,97093,1
1516752000,0.7997,0.80827,0.79934,0.80619,113396,1
1516838400,0.80608,0.81185,0.80112,0.80194,189543,1
1516924800,0.80194,0.81357,0.80046,0.81096,153591,1
1517184000,0.80983,0.81179,0.80742,0.80919,123887,1
1517270400,0.80921,0.81134,0.80421,0.80797,113480,1
1517356800,0.8079,0.81167,0.80347,0.80538,152409,1
1517443200,0.80538,0.80672,0.79874,0.80382,138352,1
1517529600,0.80382,0.80439,0.79178,0.7921,159273,1
1517788800,0.7912,0.79537,0.7875,0.78766,170120,1
1517875200,0.78748,0.79099,0.78355,0.79045,227230,1
1517961600,0.79045,0.79079,0.78165,0.78209,127471,1
1518048000,0.78215,0.78431,0.77756,0.77792,180175,1
1518134400,0.77792,0.78302,0.77589,0.78146,184951,1
1518393600,0.78134,0.78635,0.78041,0.78588,101591,1
1518480000,0.7859,0.78765,0.78276,0.78586,99192,1
1518566400,0.78586,0.79341,0.7773,0.79254,156634,1
1518652800,0.79254,0.79664,0.78918,0.79418,132042,1
1518739200,0.79418,0.79883,0.78924,0.79045,116184,1
1518998400,0.79064,0.79352,0.78981,0.79111,74279,1
1519084800,0.79116,0.79335,0.78737,0.78816,113114,1
1519171200,0.78807,0.79008,0.78025,0.78032,134755,1
1519257600,0.78032,0.78597,0.77903,0.78447,94404,1
1519344000,0.78448,0.78472,0.78041,0.78409,79834,1
1519603200,0.78387,0.78931,0.78256,0.78521,72751,1
1519689600,0.78521,0.78683,0.77832,0.77874,94437,1
1519776000,0.77875,0.78189,0.77602,0.77604,86264,1
1519862400,0.77605,0.77693,0.77123,0.77534,131747,1
1519948800,0.77534,0.77735,0.77373,0.77627,105707,1
1520208000,0.77606,0.777,0.77255,0.77634,81604,1
1520294400,0.77634,0.78421,0.77563,0.78265,98692,1
1520380800,0.78267,0.78299,0.77713,0.78223,106082,1
1520467200,0.78228,0.78384,0.77725,0.7786,93244,1
1520553600,0.77859,0.78538,0.77762,0.78468,84939,1
1520812800,0.78496,0.78796,0.78472,0.78733,58283,1
1520899200,0.78733,0.78975,0.78457,0.78554,90801,1
1520985600,0.78554,0.79163,0.78511,0.78746,86968,1
1521072000,0.7875,0.78852,0.77942,0.77986,84060,1
1521158400,0.77986,0.78041,0.77096,0.77132,76044,1
1521417600,0.77142,0.77258,0.76865,0.77141,78686,1
1521504000,0.77141,0.77208,0.76785,0.7683,70661,1
1521590400,0.7683,0.77799,0.76721,0.7763,104531,1
1521676800,0.7763,0.77845,0.76869,0.7695,128233,1
1521763200,0.7695,0.77437,0.7687,0.7696,170105,1
1522022400,0.77022,0.77504,0.76948,0.77453,121362,1
1522108800,0.77453,0.77575,0.76751,0.76773,118380,1
1522195200,0.76773,0.77024,0.76533,0.76605,167559,1
1522281600,0.76594,0.76894,0.76428,0.76775,121058,1
1522368000,0.76775,0.77062,0.7672,0.76857,154059,1
1522627200,0.76838,0.7695,0.76495,0.76602,76410,1
1522713600,0.76602,0.77067,0.7647,0.76826,117830,1
1522800000,0.76839,0.77212,0.76626,0.77144,94714,1
1522886400,0.77134,0.77261,0.76739,0.76811,46847,1
1522972800,0.76816,0.76994,0.76574,0.7673,60342,1
1523232000,0.76772,0.77107,0.7652,0.76945,42208,1
1523318400,0.76945,0.77678,0.76935,0.77593,52748,1
1523404800,0.77587,0.77728,0.77393,0.77499,42644,1
1523491200,0.77452,0.77713,0.7738,0.77515,42176,1
1523577600,0.77523,0.78097,0.77517,0.77631,39095,1
1523836800,0.77669,0.77832,0.77519,0.77779,31270,1
1523923200,0.77776,0.77911,0.776,0.77622,34928,1
1524009600,0.77647,0.77974,0.7744,0.77819,35728,1
1524096000,0.77827,0.78126,0.77189,0.77278,48404,1
1524182400,0.77278,0.77319,0.76551,0.76713,43346,1
1524441600,0.76676,0.76826,0.75993,0.76039,40872,1
1524528000,0.76039,0.76205,0.75767,0.76031,52701,1
1524614400,0.76022,0.7606,0.75519,0.7564,49528,1
1524700800,0.75632,0.75888,0.75467,0.75532,67724,1
1524787200,0.75519,0.75838,0.75319,0.75818,52974,1
1525046400,0.7574,0.7582,0.75253,0.7528,51718,1
1525132800,0.7528,0.75464,0.74724,0.7488,53689,1
1525219200,0.7488,0.7537,0.74754,0.74916,83500,1
1525305600,0.74916,0.75427,0.74853,0.7531,80416,1
1525392000,0.7531,0.75603,0.7492,0.75387,63665,1
1525651200,0.75406,0.7543,0.7493,0.75119,47884,1
1525737600,0.751,0.7528,0.74336,0.7451,72722,1
1525824000,0.74509,0.74725,0.74123,0.74549,65084,1
1525910400,0.74549,0.75397,0.74492,0.75289,84193,1
1525996800,0.75284,0.75669,0.75225,0.75413,61441,1
1526256000,0.75396,0.7565,0.75224,0.75227,48836,1
1526342400,0.75213,0.75375,0.74477,0.74682,71206,1
1526428800,0.74672,0.75227,0.74472,0.75148,71021,1
1526515200,0.75127,0.75474,0.74975,0.75081,67570,1
1526601600,0.75074,0.75279,0.74883,0.75096,56813,1
1526860800,0.75192,0.75863,0.75026,0.75789,53196,1
1526947200,0.75798,0.76053,0.7566,0.75734,58528,1
1527033600,0.75743,0.75825,0.75223,0.75562,84445,1
1527120000,0.75558,0.75824,0.7542,0.75733,76974,1
1527206400,0.75733,0.75899,0.75424,0.75475,59049,1
1527465600,0.75578,0.75809,0.75393,0.75434,52798,1
1527552000,0.75426,0.75526,0.74978,0.75041,73214,1
1527638400,0.75032,0.75836,0.74759,0.75699,74144,1
1527724800,0.7568,0.75928,0.75525,0.7567,71210,1
1527811200,0.75665,0.75732,0.75138,0.7568,62348,1
1528070400,0.75612,0.76661,0.75582,0.7643,56311,0
1528156800,0.76425,0.76559,0.75945,0.76156,59250,1
1528243200,0.76145,0.76765,0.76117,0.76672,55424,1
1528329600,0.76677,0.76728,0.76121,0.76188,54841,1
1528416000,0.76209,0.7627,0.75604,0.75966,47600,1
1528675200,0.75877,0.76214,0.75877,0.76063,31162,1
1528761600,0.76038,0.76234,0.75655,0.7573,47136,1
1528848000,0.75734,0.76086,0.7529,0.75755,59201,1
1528934400,0.75752,0.75823,0.74719,0.74744,61774,1
1529020800,0.74746,0.74803,0.74389,0.74407,54787,1
1529280000,0.74394,0.74543,0.74133,0.74213,34769,1
1529366400,0.74213,0.74269,0.73471,0.73762,65333,1
1529452800,0.73733,0.74087,0.73665,0.73674,55111,1
1529539200,0.73674,0.73935,0.73453,0.73718,75101,1
1529625600,0.73719,0.74435,0.73707,0.74404,62760,1
1529884800,0.74384,0.74425,0.73961,0.74132,56491,1
1529971200,0.74105,0.74228,0.73797,0.739,62121,1
1530057600,0.73903,0.74067,0.73227,0.73369,70770,1
1530144000,0.73378,0.73619,0.73297,0.7347,64673,1
1530230400,0.73495,0.74092,0.73354,0.74074,71338,1
1530489600,0.73983,0.74054,0.73103,0.73353,48636,1
1530576000,0.73353,0.74041,0.73141,0.73847,57719,1
1530662400,0.73814,0.74243,0.73743,0.73792,61571,1
1530748800,0.73813,0.74079,0.73612,0.73855,56033,1
1530835200,0.73853,0.74439,0.73757,0.7429,50600,1
1531094400,0.74301,0.74836,0.74277,0.74648,39680,1
1531180800,0.74649,0.74836,0.74302,0.74562,43097,1
1531267200,0.74554,0.74562,0.73636,0.73656,71793,1
1531353600,0.7365,0.74195,0.73595,0.74062,50666,1
1531440000,0.74057,0.74231,0.7368,0.74229,50797,1
1531699200,0.74178,0.74423,0.74088,0.74156,43848,1
1531785600,0.74156,0.74382,0.73755,0.73848,53982,1
1531872000,0.73849,0.74073,0.7343,0.73966,46464,0
1531958400,0.73966,0.74414,0.73223,0.73525,77711,1
1532044800,0.73468,0.74309,0.73177,0.74182,81543,1
1532304000,0.74177,0.74367,0.73707,0.73781,56949,6
1532390400,0.73766,0.74333,0.73588,0.74192,58466,8
1532476800,0.74193,0.74636,0.73912,0.74535,68340,8
1532563200,0.74521,0.74622,0.73712,0.73759,62813,6
1532649600,0.73752,0.74138,0.73692,0.73995,51211,7
1532908800,0.73987,0.74125,0.73848,0.7402,35943,5
1532995200,0.74039,0.744,0.74017,0.74278,53726,7
1533081600,0.74232,0.74283,0.7389,0.7403,47580,6
1533168000,0.74024,0.74106,0.73543,0.73573,42220,8
1533254400,0.73565,0.74107,0.73474,0.73956,53025,7
1533513600,0.73899,0.74047,0.73732,0.7386,32368,7
1533600000,0.73862,0.74388,0.73806,0.74207,38817,8
1533686400,0.74193,0.74385,0.73824,0.74283,38554,8
1533772800,0.74253,0.74523,0.73714,0.73714,44843,8
1533859200,0.73712,0.73789,0.72795,0.72954,73167,10
1534118400,0.72742,0.72991,0.72557,0.72655,62012,7
1534204800,0.72652,0.72827,0.72233,0.72389,55188,8
1534291200,0.7239,0.72469,0.72015,0.72378,62792,5
1534377600,0.72362,0.72858,0.72132,0.72572,66935,10
1534464000,0.72561,0.73186,0.72518,0.73148,57370,5
1534723200,0.73142,0.73429,0.72949,0.73372,46767,6
1534809600,0.73361,0.7381,0.73322,0.73644,55024,9
1534896000,0.73627,0.73694,0.7333,0.73444,55315,11
1534982400,0.73474,0.73545,0.72398,0.72435,52606,5
1535068800,0.72435,0.73436,0.7237,0.73253,56726,8
1535328000,0.73219,0.73557,0.73065,0.73479,45255,7
1535414400,0.73479,0.73617,0.73205,0.73345,51517,6
1535500800,0.73342,0.73481,0.7274,0.73099,61892,8
1535587200,0.73082,0.73137,0.72486,0.72606,53875,13
1535673600,0.72594,0.72667,0.71749,0.71892,61909,6
1535932800,0.71885,0.72228,0.7165,0.72129,39157,11
1536019200,0.72115,0.72348,0.71565,0.71742,53915,9
1536105600,0.71747,0.72174,0.71435,0.71902,56624,5
1536192000,0.71892,0.72102,0.71653,0.71972,57545,10
1536278400,0.71972,0.72007,0.70978,0.71009,63359,8
1536537600,0.71022,0.71309,0.7098,0.71119,39785,7
1536624000,0.71122,0.71279,0.70843,0.71162,51228,13
1536710400,0.71197,0.71818,0.70926,0.7166,53258,8
1536796800,0.71656,0.72284,0.71637,0.71897,51368,6
1536883200,0.7192,0.72155,0.71497,0.71505,49786,16
1537142400,0.71524,0.71955,0.7141,0.71776,38154,6
1537228800,0.71776,0.72228,0.71433,0.72176,62204,16
1537315200,0.72099,0.72742,0.72053,0.72606,54191,9
1537401600,0.72573,0.7292,0.72529,0.72913,49451,8
1537488000,0.72901,0.73031,0.7262,0.72874,48889,8
1537747200,0.72627,0.72808,0.72499,0.72516,41075,8
1537833600,0.72515,0.72622,0.72352,0.72492,46500,8
1537920000,0.72485,0.73144,0.72399,0.72559,54308,7
1538006400,0.72561,0.72677,0.72045,0.72058,56686,6
1538092800,0.72057,0.72407,0.72014,0.72143,45651,9
1538352000,0.7224,0.7231,0.72062,0.72209,44462,7
1538438400,0.72208,0.72373,0.71615,0.71842,56233,8
1538524800,0.71849,0.7196,0.71007,0.71011,55809,7
1538611200,0.71003,0.7111,0.70647,0.70741,64925,10
1538697600,0.70705,0.70864,0.70417,0.70499,68819,9
1538956800,0.70528,0.70805,0.70403,0.70757,54251,8
1539043200,0.70755,0.71049,0.70533,0.71019,64757,8
1539129600,0.71011,0.71297,0.70425,0.7049,61897,6
1539216000,0.70494,0.71285,0.70448,0.71231,97336,10
1539302400,0.71213,0.71389,0.71011,0.71119,67137,10
1539561600,0.71103,0.71481,0.7098,0.71301,60214,8
1539648000,0.71294,0.71502,0.7111,0.71408,53933,11
1539734400,0.71403,0.71588,0.71055,0.71084,56458,10
1539820800,0.71095,0.71501,0.70965,0.70982,68698,6
1539907200,0.70973,0.71494,0.7088,0.71185,66552,12
1540166400,0.71127,0.71245,0.70753,0.70802,55170,6
1540252800,0.708,0.70901,0.70546,0.70841,68902,8
1540339200,0.70836,0.71054,0.70587,0.70587,72183,9
1540425600,0.7057,0.70987,0.70555,0.70798,72590,7
1540512000,0.70796,0.71033,0.70202,0.7086,84297,9
1540771200,0.709,0.7108,0.70498,0.70597,72099,9
1540857600,0.70597,0.71214,0.70559,0.71028,70627,5
1540944000,0.71028,0.7106,0.70671,0.70754,61051,7
1541030400,0.70754,0.72117,0.70733,0.71992,64427,7
1541116800,0.71991,0.72577,0.71817,0.71969,76064,7
1541376000,0.719,0.72169,0.71818,0.72092,55999,15
1541462400,0.72095,0.72456,0.72044,0.72439,61829,7
1541548800,0.7243,0.72991,0.72119,0.72738,77856,8
1541635200,0.72737,0.73018,0.72463,0.72561,72859,8
1541721600,0.72527,0.72698,0.72183,0.72272,75497,9
1541980800,0.7218,0.72368,0.71714,0.71716,61403,6
1542067200,0.71716,0.72233,0.71634,0.72167,81231,6
1542153600,0.72182,0.72529,0.71872,0.72282,86936,8
1542240000,0.72319,0.72974,0.7228,0.72756,88111,13
1542326400,0.72756,0.73366,0.72494,0.73293,68043,9
1542585600,0.73132,0.73249,0.72766,0.72925,53153,7
1542672000,0.72925,0.72997,0.72108,0.72126,68517,8
1542758400,0.72126,0.72763,0.72016,0.72618,59259,8
1542844800,0.72631,0.72672,0.72334,0.72532,43347,9
1542931200,0.72506,0.72555,0.72179,0.72257,47561,12
1543190400,0.72265,0.72755,0.72118,0.72195,47981,8
1543276800,0.72197,0.72683,0.71984,0.72239,61011,8
1543363200,0.72245,0.73271,0.72204,0.73042,56603,7
1543449600,0.7305,0.73437,0.72943,0.73182,64700,5
1543536000,0.73184,0.73253,0.72835,0.73127,55997,8
1543795200,0.73773,0.73928,0.73455,0.73572,50654,8
1543881600,0.73572,0.73926,0.73251,0.73371,62507,9
1543968000,0.73378,0.7355,0.7259,0.72683,42852,5
1544054400,0.72667,0.72736,0.71906,0.72338,75700,6
1544140800,0.72331,0.7241,0.71971,0.71971,62977,8
1544400000,0.71828,0.72259,0.71771,0.71898,63944,8
1544486400,0.7188,0.72241,0.71807,0.72043,60470,7
1544572800,0.72015,0.7237,0.71951,0.72191,59760,8
1544659200,0.72192,0.72458,0.72114,0.72257,54356,7
1544745600,0.72258,0.72275,0.71504,0.71759,56176,5
1545004800,0.7171,0.71863,0.71676,0.71749,52781,8
1545091200,0.71756,0.72027,0.71644,0.71804,62039,8
1545177600,0.71827,0.71997,0.70864,0.71069,69739,14
1545264000,0.7106,0.7148,0.70853,0.71072,77597,8
1545350400,0.71094,0.71224,0.70329,0.70336,64812,7
1545609600,0.70311,0.70681,0.70311,0.70457,47811,7
1545782400,0.70415,0.70705,0.70406,0.70648,25865,6
1545868800,0.70666,0.70768,0.70159,0.70301,73254,7
1545955200,0.70276,0.70682,0.70245,0.70366,56908,8
1546214400,0.70412,0.70703,0.70319,0.70431,41117,8
1546387200,0.70109,0.70443,0.69807,0.69838,54964,5
1546473600,0.69832,0.70185,0.67125,0.70045,88062,8
1546560000,0.70045,0.71237,0.69926,0.71166,63230,6
1546819200,0.71132,0.71488,0.71081,0.71469,48705,7
1546905600,0.71468,0.71486,0.71156,0.71386,55050,9
1546992000,0.71382,0.71936,0.71338,0.71693,66590,5
1547078400,0.71693,0.71974,0.71457,0.71844,66787,5
1547164800,0.71844,0.72343,0.7182,0.72126,56983,5
1547424000,0.72086,0.72169,0.71746,0.71944,43565,7
1547510400,0.71953,0.72249,0.71791,0.72003,51715,7
1547596800,0.72011,0.72113,0.71609,0.71666,41741,7
1547683200,0.71665,0.72206,0.71459,0.71921,48550,9
1547769600,0.7191,0.7214,0.71591,0.71593,43290,8
1548028800,0.71635,0.71811,0.71392,0.71573,42972,8
1548115200,0.71571,0.71595,0.71151,0.71219,40463,8
1548201600,0.71195,0.71434,0.71169,0.7141,41150,8
1548288000,0.71399,0.71658,0.708,0.70931,55655,8
1548374400,0.70903,0.71843,0.70751,0.71762,52320,7
1548633600,0.71748,0.7203,0.71597,0.71644,37114,7
1548720000,0.71645,0.71754,0.7137,0.71536,44648,5
1548806400,0.71549,0.72721,0.71483,0.72465,62219,9
1548892800,0.72468,0.72945,0.72411,0.72729,60204,7
1548979200,0.7274,0.72835,0.72359,0.72451,52830,8
1549238400,0.72454,0.72532,0.72105,0.72239,41349,8
1549324800,0.72246,0.72637,0.71928,0.72333,45888,8
1549411200,0.72339,0.72447,0.71027,0.71037,55456,6
1549497600,0.71062,0.71167,0.70885,0.70999,48151,6
1549584000,0.70964,0.7103,0.70596,0.70878,45496,8
1549843200,0.70854,0.71071,0.70562,0.70602,39750,7
1549929600,0.70607,0.71018,0.70532,0.70942,50869,8
1550016000,0.70943,0.71352,0.70853,0.70873,52717,7
1550102400,0.70878,0.71307,0.70706,0.71041,59402,6
1550188800,0.71043,0.71476,0.70785,0.71357,51965,6
1550448000,0.71321,0.71597,0.71237,0.71284,40856,5
1550534400,0.71288,0.71731,0.71027,0.71625,49862,7
1550620800,0.71631,0.71822,0.71404,0.71619,56526,7
1550707200,0.71626,0.72061,0.70691,0.70883,75895,6
1550793600,0.70885,0.71495,0.70817,0.71271,62514,7
1551052800,0.71343,0.71835,0.71297,0.71654,49923,7
1551139200,0.71673,0.71938,0.71412,0.71834,49459,4
1551225600,0.71871,0.7198,0.71264,0.71383,56037,6
1551312000,0.71396,0.71655,0.70892,0.70918,58100,6
1551398400,0.70921,0.71209,0.70686,0.70774,44296,7
1551657600,0.71017,0.71066,0.70743,0.70902,49955,7
1551744000,0.70906,0.70956,0.70578,0.70823,46180,5
1551830400,0.70832,0.70912,0.70203,0.70306,51218,5
1551916800,0.70313,0.70508,0.70042,0.70134,43105,6
1552003200,0.7015,0.70514,0.70022,0.70421,47147,7
1552262400,0.70348,0.70759,0.70257,0.70678,35840,7
1552348800,0.70679,0.7091,0.70562,0.70788,42195,6
1552435200,0.70789,0.70971,0.70481,0.70911,41044,7
1552521600,0.70913,0.70975,0.70403,0.70648,43702,5
1552608000,0.7065,0.70963,0.70609,0.70838,34719,6
1552867200,0.70829,0.7119,0.70774,0.70988,32126,7
1552953600,0.70994,0.71099,0.7084,0.70862,38564,4
1553040000,0.70861,0.71491,0.70558,0.71258,50561,8
1553126400,0.71258,0.71674,0.7089,0.71108,59718,6
1553212800,0.71108,0.71164,0.70747,0.70789,58154,6
1553472000,0.70792,0.7116,0.70645,0.71098,45066,7
1553558400,0.71098,0.71468,0.71072,0.71337,43434,6
1553644800,0.71344,0.7141,0.70678,0.70857,53457,4
1553731200,0.70857,0.71052,0.70622,0.70761,49012,6
1553817600,0.70761,0.71039,0.70735,0.70939,41587,4
1554076800,0.71155,0.71309,0.7103,0.71103,40871,6
1554163200,0.71124,0.71286,0.70517,0.70695,42123,6
1554249600,0.70703,0.71291,0.70536,0.71112,40835,6
1554336000,0.71113,0.71265,0.70968,0.71097,34292,6
1554422400,0.7112,0.7131,0.70914,0.71029,33606,5
1554681600,0.71028,0.713,0.70867,0.71248,30106,6
1554768000,0.71252,0.71514,0.71182,0.71204,33038,6
1554854400,0.7125,0.7174,0.71085,0.7168,42179,5
1554940800,0.71705,0.71705,0.71157,0.71204,38428,7
1555027200,0.71209,0.71915,0.71152,0.71711,40750,5
1555286400,0.71749,0.71813,0.71629,0.71714,34262,4
1555372800,0.71715,0.71783,0.71388,0.71726,39036,7
1555459200,0.7174,0.72052,0.71517,0.7178,39307,4
1555545600,0.71773,0.7198,0.71358,0.71491,38482,4
1555632000,0.71477,0.71577,0.71409,0.7149,17989,8
1555891200,0.71458,0.71536,0.71275,0.71322,17694,4
1555977600,0.71345,0.71387,0.70801,0.71004,29835,6
1556064000,0.71009,0.71015,0.70035,0.70137,43917,4
1556150400,0.70126,0.7022,0.69873,0.70143,34701,5
1556236800,0.70152,0.70605,0.70046,0.70353,38194,4
1556496000,0.7034,0.706,0.7034,0.70547,22434,6
1556582400,0.70551,0.70683,0.70301,0.70477,35704,6
1556668800,0.70486,0.70602,0.70064,0.70128,32698,5
1556755200,0.70136,0.70285,0.69942,0.69989,33636,6
1556841600,0.69981,0.70236,0.69838,0.70225,34845,6
1557100800,0.69665,0.70018,0.69619,0.69889,42977,6
1557187200,0.69928,0.70471,0.69765,0.70108,48247,5
1557273600,0.70096,0.70259,0.69851,0.69872,49603,4
1557360000,0.69869,0.69971,0.69638,0.69876,50877,6
1557446400,0.69859,0.70178,0.69773,0.69974,63353,7
1557705600,0.69904,0.70008,0.69399,0.69426,46663,5
1557792000,0.69428,0.69587,0.6934,0.69425,37872,6
1557878400,0.69424,0.69466,0.69141,0.69265,42747,7
1557964800,0.69283,0.69321,0.68855,0.68896,38250,5
1558051200,0.68901,0.68965,0.68639,0.68645,40455,7
1558310400,0.69061,0.69333,0.68891,0.69061,34534,6
1558396800,0.69075,0.69282,0.68655,0.68818,43209,6
1558483200,0.68817,0.68958,0.68704,0.68794,33516,6
1558569600,0.68792,0.68996,0.68639,0.68987,41251,6
1558656000,0.68986,0.69338,0.68803,0.69258,35756,5
1558915200,0.69311,0.69377,0.69121,0.69161,29032,4
1559001600,0.69165,0.6935,0.69135,0.69223,39774,6
1559088000,0.6922,0.69308,0.69033,0.69156,45389,8
1559174400,0.69158,0.6936,0.68979,0.69101,38886,7
1559260800,0.69103,0.69433,0.69001,0.69331,59481,8
1559520000,0.69327,0.69817,0.69265,0.69754,59331,7
1559606400,0.69753,0.70032,0.69549,0.69895,60098,7
1559692800,0.69901,0.70066,0.69617,0.69679,59571,4
1559779200,0.69674,0.69936,0.69616,0.69757,69993,5
1559865600,0.69748,0.70214,0.69632,0.6999,69561,6
1560124800,0.70035,0.7006,0.69563,0.69592,57646,7
1560211200,0.69593,0.69658,0.69462,0.69603,55488,7
1560297600,0.69602,0.69627,0.69245,0.69277,60024,6
1560384000,0.69273,0.6938,0.69005,0.69134,44746,5
1560470400,0.69136,0.69174,0.68605,0.68688,49458,7
1560729600,0.68727,0.68838,0.68479,0.68515,36412,7
1560816000,0.68517,0.68812,0.68308,0.68758,49805,6
1560902400,0.68752,0.69085,0.68542,0.68787,53509,6
1560988800,0.68787,0.69349,0.68764,0.69223,67903,6
1561075200,0.69214,0.69371,0.69026,0.69247,60427,5
1561334400,0.69294,0.69678,0.69282,0.69608,50721,5
1561420800,0.69624,0.69775,0.69409,0.69595,78659,7
1561507200,0.69598,0.6994,0.69502,0.69834,60376,6
1561593600,0.69846,0.70083,0.69821,0.70081,45416,7
1561680000,0.70081,0.70219,0.69974,0.70195,44773,6
1561939200,0.70196,0.7033,0.69553,0.69642,44605,6
1562025600,0.69644,0.69996,0.69551,0.69923,39026,5
1562112000,0.69926,0.70384,0.69846,0.70282,35975,6
1562198400,0.70284,0.70471,0.70148,0.702,20846,5
1562284800,0.70201,0.7028,0.69566,0.69756,35585,6
1562544000,0.69716,0.69936,0.69668,0.69708,14459,4
1562630400,0.69709,0.6975,0.69205,0.69264,28890,4
1562716800,0.69264,0.69688,0.69103,0.69576,38508,4
1562803200,0.69556,0.69878,0.69519,0.69733,37609,4
1562889600,0.69737,0.70244,0.69709,0.70174,34680,4
1563148800,0.70121,0.70397,0.70119,0.70379,26445,3
1563235200,0.70383,0.70442,0.701,0.70113,37829,4
1563321600,0.7011,0.70246,0.69961,0.7009,29305,4
1563408000,0.70083,0.70762,0.70047,0.70748,43412,4
1563494400,0.70746,0.70819,0.70373,0.70415,44112,4
1563753600,0.70414,0.70569,0.70308,0.70346,28838,4
1563840000,0.70347,0.70351,0.6996,0.70042,28679,4
1563926400,0.7004,0.70081,0.69723,0.69759,28908,4
1564012800,0.6976,0.69839,0.69422,0.69501,42319,4
1564099200,0.69501,0.69549,0.69025,0.69073,26950,4
1564358400,0.69045,0.69163,0.68945,0.69007,16986,4
1564444800,0.69005,0.69081,0.68684,0.68715,23742,4
1564531200,0.68713,0.6899,0.68314,0.68434,47262,4
1564617600,0.68434,0.68677,0.67948,0.67998,53198,4
1564704000,0.67999,0.68185,0.67628,0.67958,62041,4
1564963200,0.67913,0.68039,0.67477,0.67549,55434,4
1565049600,0.67545,0.68006,0.67494,0.6759,54220,4
1565136000,0.67588,0.67825,0.66771,0.67555,66032,4
1565222400,0.67548,0.68217,0.67459,0.68015,47614,4
1565308800,0.68004,0.6818,0.67774,0.67825,42758,4
1565568000,0.67795,0.67955,0.67449,0.6749,46774,4
1565654400,0.67487,0.68181,0.67451,0.67984,69353,3
1565740800,0.67974,0.68084,0.67351,0.67461,73360,4
1565827200,0.67464,0.67902,0.67449,0.67736,83255,3
1565913600,0.67725,0.67949,0.67704,0.67762,59404,4
1566172800,0.67764,0.67886,0.67616,0.67631,39495,4
1566259200,0.67631,0.67949,0.67543,0.67765,59223,4
1566345600,0.67763,0.67989,0.67728,0.67798,46006,4
1566432000,0.67796,0.67869,0.67507,0.6755,51706,4
1566518400,0.67549,0.67776,0.67358,0.67469,76225,3
1566777600,0.67354,0.67879,0.66892,0.67743,113339,4
1566864000,0.67741,0.67797,0.67463,0.67508,72406,3
1566950400,0.67505,0.6762,0.67321,0.67327,72492,3
1567036800,0.6732,0.67531,0.67169,0.67262,71079,3
1567123200,0.67261,0.674,0.67057,0.67351,68445,3
1567382400,0.67232,0.67344,0.67097,0.6715,40791,3
1567468800,0.67144,0.67634,0.66872,0.67575,66593,3
1567555200,0.67571,0.68007,0.67541,0.67958,61164,3
1567641600,0.67962,0.68296,0.67933,0.68132,63555,3
1567728000,0.68129,0.68612,0.68069,0.68484,56387,3
1567987200,0.68388,0.68756,0.68371,0.68606,41621,3
1568073600,0.68607,0.68699,0.68486,0.68601,31456,3
1568160000,0.68591,0.68844,0.68484,0.68614,30821,3
1568246400,0.6861,0.68942,0.68597,0.68661,48818,3
1568332800,0.68661,0.68903,0.68587,0.68753,32953,3
1568592000,0.68742,0.68836,0.68537,0.68639,40313,3
1568678400,0.68637,0.68696,0.68303,0.68648,38109,3
1568764800,0.68648,0.68689,0.6812,0.68259,35904,3
1568851200,0.68262,0.68309,0.678,0.67913,34703,3
1568937600,0.67909,0.68086,0.67596,0.67627,31751,3
1569196800,0.67685,0.67812,0.67637,0.67731,31517,3
1569283200,0.67731,0.68058,0.67649,0.68001,32488,3
1569369600,0.68001,0.68036,0.67387,0.67501,36658,3
1569456000,0.67507,0.67807,0.67458,0.6748,35627,3
1569542400,0.67475,0.67792,0.67432,0.67636,33017,3
1569801600,0.67604,0.677,0.67409,0.67492,31096,3
1569888000,0.67492,0.67755,0.66714,0.67026,46730,3
1569974400,0.67026,0.67184,0.66705,0.67042,38984,3
1570060800,0.67042,0.67528,0.67021,0.67404,41063,3
1570147200,0.674,0.67737,0.67384,0.67644,38963,3
1570406400,0.67544,0.6765,0.67294,0.67299,31220,3
1570492800,0.67299,0.67569,0.67229,0.67267,34898,3
1570579200,0.67267,0.67496,0.6722,0.67224,29504,3
1570665600,0.67223,0.67743,0.671,0.67596,41381,3
1570752000,0.67595,0.68104,0.6753,0.67903,38213,3
1571011200,0.67872,0.68013,0.67511,0.67727,29657,3
1571097600,0.67735,0.67886,0.67425,0.67512,35657,3
1571184000,0.67512,0.67653,0.67233,0.67557,33297,3
1571270400,0.67555,0.68329,0.67512,0.68211,36257,3
1571356800,0.68212,0.68564,0.6821,0.6854,25595,3
1571616000,0.68438,0.68799,0.68397,0.6867,28415,3
1571702400,0.68669,0.68826,0.68502,0.68528,29774,3
1571788800,0.68526,0.68621,0.68337,0.68503,28037,3
1571875200,0.68505,0.68574,0.68108,0.68181,29903,3
1571961600,0.68185,0.68359,0.68092,0.68196,22344,3
1572220800,0.68216,0.68452,0.68105,0.68376,21485,3
1572307200,0.68376,0.68716,0.68353,0.68615,25314,3
1572393600,0.68615,0.69045,0.68484,0.68996,35765,3
1572480000,0.68996,0.69294,0.6883,0.68905,40686,3
1572566400,0.68905,0.69209,0.68837,0.69115,29088,3
1572825600,0.69126,0.69248,0.68769,0.68817,23897,3
1572912000,0.68816,0.69279,0.68764,0.68924,38103,3
1572998400,0.68926,0.69072,0.68688,0.68825,26675,3
1573084800,0.68822,0.69131,0.68615,0.6896,34183,3
1573171200,0.68958,0.69062,0.68474,0.68573,26128,3
1573430400,0.68547,0.68652,0.68468,0.68491,21228,3
1573516800,0.68488,0.6857,0.68312,0.68394,27736,3
1573603200,0.68393,0.6857,0.6821,0.68369,27629,3
1573689600,0.6837,0.68409,0.67694,0.67844,27709,3
1573776000,0.67844,0.68205,0.67803,0.68183,20876,3
1574035200,0.68115,0.68222,0.67987,0.68083,19043,3
1574121600,0.68096,0.68344,0.67849,0.68263,20584,3
1574208000,0.68262,0.68307,0.67899,0.6802,23521,3
1574294400,0.68024,0.68138,0.6783,0.67848,28331,3
1574380800,0.67842,0.68033,0.67804,0.67841,22340,3
1574640000,0.67883,0.67991,0.67679,0.67764,19658,3
1574726400,0.67789,0.67951,0.67677,0.6787,25025,3
1574812800,0.6787,0.6791,0.67718,0.67743,21593,3
1574899200,0.67743,0.67777,0.67589,0.67673,18599,3
1574985600,0.67677,0.67793,0.67539,0.67548,18734,3
1575244800,0.67672,0.68258,0.67615,0.68176,21814,3
1575331200,0.68176,0.6862,0.68149,0.6846,25666,3
1575417600,0.68459,0.68547,0.68129,0.6847,27313,3
1575504000,0.68454,0.68547,0.68205,0.68309,20281,3
1575590400,0.68315,0.68571,0.68233,0.68405,20618,3
1575849600,0.68306,0.68383,0.68199,0.68217,15026,3
1575936000,0.68218,0.68373,0.68,0.68083,20757,3
1576022400,0.68085,0.68891,0.68041,0.68745,25010,3
1576108800,0.68746,0.69128,0.68673,0.69075,31211,3
1576195200,0.69073,0.69385,0.68635,0.68745,43092,3
1576454400,0.6882,0.68975,0.68683,0.68838,22117,3
1576540800,0.6884,0.68854,0.68381,0.68503,25433,3
1576627200,0.68503,0.68642,0.68383,0.68518,19800,3
1576713600,0.68518,0.6888,0.68484,0.68848,23162,3
1576800000,0.68852,0.69065,0.68827,0.68999,19265,3
1577059200,0.68967,0.69286,0.68903,0.69212,22367,3
1577145600,0.69212,0.69301,0.69122,0.69227,19583,3
1577318400,0.69265,0.69499,0.69214,0.69441,8293,3
1577404800,0.6944,0.69869,0.6941,0.69843,25839,3
1577664000,0.69761,0.70041,0.69645,0.69935,28532,3
1577750400,0.69932,0.70316,0.699,0.70158,24334,3
1577923200,0.70058,0.7008,0.69783,0.69895,20238,3
1578009600,0.69897,0.69925,0.693,0.69444,32351,3
1578268800,0.69409,0.69575,0.69251,0.69381,27757,3
1578355200,0.69383,0.69419,0.68588,0.68682,31420,3
1578441600,0.68682,0.68851,0.68488,0.68643,43888,3
1578528000,0.68643,0.68801,0.68499,0.68581,21914,4
1578614400,0.68577,0.69106,0.68504,0.68984,26992,4
1578873600,0.68962,0.69195,0.68932,0.69027,22809,4
1578960000,0.69027,0.69094,0.68847,0.68997,26136,4
1579046400,0.68999,0.69164,0.68769,0.69,23695,4
1579132800,0.69001,0.69334,0.68876,0.68969,24711,3
1579219200,0.68968,0.69108,0.68704,0.6871,22020,3
1579478400,0.68729,0.68882,0.68548,0.68715,16085,4
1579564800,0.68715,0.68802,0.68422,0.68439,27717,4
1579651200,0.68439,0.68559,0.68267,0.68438,25382,4
1579737600,0.68437,0.68784,0.68289,0.68457,31925,4
1579824000,0.68461,0.68569,0.68172,0.68251,25673,4
1580083200,0.68104,0.6818,0.67515,0.67599,31682,4
1580169600,0.67599,0.67645,0.67366,0.67611,24857,4
1580256000,0.67611,0.6777,0.67348,0.67534,26737,4
1580342400,0.67524,0.67546,0.66997,0.67204,33660,4
1580428800,0.67203,0.67293,0.66825,0.66861,32669,3
1580688000,0.66828,0.67067,0.66826,0.66904,33598,4
1580774400,0.66906,0.67414,0.66783,0.67381,30942,3
1580860800,0.6737,0.67738,0.67234,0.67459,31710,4
1580947200,0.67459,0.67645,0.67266,0.67279,25106,4
1581033600,0.6728,0.67358,0.66617,0.66759,29929,4
1581292800,0.66667,0.6707,0.66662,0.66856,31513,4
1581379200,0.66856,0.67363,0.66802,0.67136,27178,4
1581465600,0.67136,0.67496,0.67114,0.67367,27070,4
1581552000,0.67345,0.67448,0.67066,0.67185,31201,4
1581638400,0.67186,0.67313,0.6709,0.67131,20144,4
1581897600,0.67212,0.67331,0.67114,0.67128,16080,4
1581984000,0.67128,0.67153,0.66732,0.66835,23428,4
1582070400,0.66836,0.67071,0.66649,0.66741,21731,4
1582156800,0.66736,0.66935,0.66099,0.66139,35151,4
1582243200,0.66131,0.66385,0.65854,0.66262,32809,4
1582502400,0.65857,0.66195,0.65854,0.66017,40463,4
1582588800,0.66018,0.66222,0.65861,0.66024,40687,4
1582675200,0.66024,0.66065,0.65418,0.65429,46637,4
1582761600,0.65425,0.65917,0.65423,0.65665,51241,2
1582848000,0.65662,0.65852,0.64336,0.65051,81342,2
1583107200,0.64695,0.65677,0.64695,0.65369,57250,1
1583193600,0.65367,0.66452,0.65095,0.65828,56435,2
1583280000,0.6582,0.66276,0.65769,0.66257,37077,1
1583366400,0.66257,0.66365,0.65836,0.66132,32927,2
1583452800,0.66082,0.66571,0.65848,0.66435,45852,2
1583712000,0.6595,0.6684,0.63112,0.65856,102158,2
1583798400,0.65856,0.66122,0.64615,0.64893,91480,16
1583884800,0.64893,0.65393,0.64809,0.64866,76980,1
1583971200,0.6488,0.64918,0.62119,0.63013,121354,1
1584057600,0.63013,0.63252,0.61222,0.61774,103468,0
1584316800,0.6241,0.6279,0.60789,0.61027,107924,0
1584403200,0.61024,0.61486,0.59587,0.60117,96058,0
1584489600,0.60121,0.60286,0.5701,0.57846,109096,0
1584576000,0.57846,0.5964,0.55073,0.57297,150746,0
1584662400,0.57347,0.59853,0.56636,0.58006,134236,0
1584921600,0.58018,0.58453,0.56997,0.5821,173497,0
1585008000,0.5821,0.59796,0.58105,0.59668,134584,0
1585094400,0.59681,0.60733,0.59304,0.59565,105758,0
1585180800,0.59565,0.60872,0.587,0.60386,100759,0
1585267200,0.60396,0.62,0.60224,0.61656,109887,0
1585526400,0.61502,0.61842,0.61114,0.61664,111485,0
1585612800,0.61629,0.62136,0.60787,0.61313,136280,0
1585699200,0.61316,0.61846,0.60387,0.60685,95715,0
1585785600,0.60693,0.61188,0.60065,0.60559,98170,0
1585872000,0.60562,0.60753,0.59797,0.59939,84636,0
1586131200,0.60097,0.61061,0.59843,0.60858,71535,0
1586217600,0.60856,0.62078,0.60749,0.61681,62026,2
1586304000,0.61682,0.62444,0.61152,0.62277,56672,2
1586390400,0.62277,0.63626,0.61948,0.63365,55836,2
1586476800,0.63359,0.63675,0.63119,0.63459,18319,0
1586736000,0.63472,0.64089,0.63257,0.63798,32793,2
1586822400,0.63797,0.64443,0.63724,0.64413,45784,1
1586908800,0.64411,0.64434,0.62837,0.63161,49633,2
1586995200,0.63162,0.63336,0.62635,0.63263,59315,2
1587081600,0.63264,0.63848,0.63141,0.63619,56217,2
1587340800,0.63571,0.63968,0.63326,0.63348,47718,2
1587427200,0.63351,0.63465,0.62532,0.62786,54861,2
1587513600,0.62781,0.63518,0.62749,0.63213,46024,2
1587600000,0.63207,0.64058,0.62827,0.63691,51921,2
1587686400,0.63693,0.6396,0.63368,0.63956,39833,0
1587945600,0.63803,0.64715,0.63797,0.64634,34744,0
1588032000,0.64636,0.65136,0.64342,0.64892,39680,2
1588118400,0.64881,0.65577,0.64851,0.65555,39791,0
1588204800,0.65547,0.65696,0.64899,0.65083,50582,0
1588291200,0.65083,0.65112,0.64092,0.64203,38187,2
1588550400,0.64106,0.64345,0.63724,0.64215,41521,2
1588636800,0.64215,0.64759,0.64156,0.64272,41391,1
1588723200,0.64291,0.64526,0.63934,0.63943,40523,2
1588809600,0.63943,0.65057,0.63783,0.6493,41635,1
1588896000,0.6493,0.65477,0.6492,0.65294,34229,1
1589155200,0.65296,0.65612,0.6456,0.64879,39056,0
1589241600,0.64879,0.6536,0.64318,0.64688,44380,2
1589328000,0.64688,0.65238,0.6438,0.64521,58143,1
1589414400,0.64514,0.64688,0.64033,0.64589,50461,0
1589500800,0.64589,0.64734,0.64019,0.64155,42269,2
1589760000,0.64164,0.65269,0.64099,0.65239,36858,2
1589846400,0.65222,0.65846,0.65096,0.65352,42195,1
1589932800,0.65352,0.66159,0.65248,0.6596,38925,1
1590019200,0.65949,0.65984,0.65487,0.65642,43434,2
1590105600,0.65642,0.65721,0.65055,0.65356,40269,2
1590364800,0.65297,0.65499,0.65195,0.65419,24459,0
1590451200,0.65419,0.66749,0.65375,0.66487,38970,0
1590537600,0.66487,0.66802,0.65671,0.66181,56399,0
1590624000,0.66184,0.6667,0.65879,0.66344,52421,2
1590710400,0.66344,0.66828,0.66118,0.66674,60178,2
1590969600,0.66585,0.68029,0.66478,0.67968,52365,0
1591056000,0.67961,0.68983,0.67746,0.68953,53994,0
1591142400,0.68953,0.69834,0.68561,0.69186,66771,0
1591228800,0.69186,0.69873,0.68819,0.69415,64388,2
1591315200,0.69415,0.70127,0.69306,0.69653,61678,2
1591574400,0.6963,0.7029,0.69617,0.702,44839,1
1591660800,0.702,0.70424,0.68982,0.696,56656,2
1591747200,0.696,0.70639,0.69324,0.69968,64160,1
1591833600,0.69968,0.70144,0.68392,0.68538,81056,1
1591920000,0.68538,0.69114,0.67994,0.68701,90008,2
1592179200,0.68375,0.69248,0.67762,0.69178,83336,1
1592265600,0.69182,0.69764,0.68333,0.68884,79544,0
1592352000,0.6888,0.69224,0.68519,0.68834,64002,0
1592438400,0.68834,0.69021,0.68354,0.68515,60164,2
1592524800,0.68515,0.69112,0.68293,0.68343,53788,2
1592784000,0.68098,0.69222,0.68098,0.69071,44275,2
1592870400,0.69008,0.69742,0.68577,0.69288,56729,0
1592956800,0.6928,0.69615,0.68621,0.68675,56875,1
1593043200,0.68665,0.68922,0.68468,0.68859,53201,1
1593129600,0.68859,0.68952,0.68403,0.68603,42345,2
1593388800,0.68538,0.68905,0.68414,0.68629,42252,1
1593475200,0.68648,0.69117,0.68324,0.69022,46827,2
1593561600,0.69029,0.69434,0.68767,0.69141,45747,2
1593648000,0.69141,0.69519,0.69012,0.69224,52331,2
1593734400,0.69261,0.69473,0.69136,0.694,37452,2
1593993600,0.6928,0.69872,0.69264,0.69725,40505,2
1594080000,0.69714,0.69973,0.69217,0.69455,48870,1
1594166400,0.69455,0.69861,0.6927,0.69802,47669,0
1594252800,0.698,0.70007,0.69497,0.69636,51209,1
1594339200,0.69642,0.6969,0.69233,0.6947,43149,2
1594598400,0.69479,0.69928,0.69387,0.69391,48743,2
1594684800,0.69389,0.69773,0.69209,0.69745,59425,2
1594771200,0.69745,0.70374,0.6967,0.70071,46801,0
1594857600,0.7006,0.70138,0.69629,0.6969,47786,2
1594944000,0.6969,0.70048,0.69659,0.69956,34516,2
1595203200,0.69848,0.70172,0.69725,0.70159,35040,2
1595289600,0.70136,0.71467,0.70097,0.71269,44760,2
1595376000,0.71269,0.71824,0.71114,0.71389,50154,0
1595462400,0.71402,0.71614,0.70901,0.70973,46926,0
1595548800,0.70944,0.7125,0.70634,0.71056,44231,2
1595808000,0.70843,0.71498,0.70843,0.7147,43519,2
1595894400,0.71455,0.71764,0.71125,0.71579,45355,2
1595980800,0.71579,0.71963,0.71487,0.71865,43473,1
1596067200,0.71856,0.71972,0.71204,0.7194,50423,2
1596153600,0.71926,0.7227,0.71331,0.71414,58801,1
1596412800,0.71281,0.71494,0.70761,0.71232,39499,2
1596499200,0.71227,0.71667,0.71056,0.71592,46798,2
1596585600,0.71585,0.72408,0.71535,0.71908,43767,2
1596672000,0.71902,0.72391,0.71741,0.72348,50409,1
1596758400,0.72336,0.72429,0.71442,0.71599,51831,2
1597017600,0.71586,0.71839,0.71399,0.71482,34553,2
1597104000,0.71465,0.71893,0.71347,0.71422,47556,2
1597190400,0.7139,0.71756,0.71088,0.71611,49153,2
1597276800,0.71584,0.71876,0.71355,0.71478,42171,2
1597363200,0.7148,0.71749,0.71319,0.71719,33164,2
1597622400,0.71632,0.72274,0.71629,0.72133,31142,2
1597708800,0.72129,0.72643,0.72086,0.72423,45722,2
1597795200,0.7242,0.72753,0.71791,0.71805,47411,1
1597881600,0.71803,0.72021,0.71354,0.71913,49316,2
1597968000,0.71904,0.72158,0.71392,0.71596,47008,2
1598227200,0.71511,0.72037,0.71451,0.71619,36920,2
1598313600,0.71607,0.71976,0.715,0.71937,36533,2
1598400000,0.7194,0.72395,0.71871,0.72323,38149,2
1598486400,0.72312,0.72902,0.72165,0.72582,56143,2
1598572800,0.72582,0.73655,0.72542,0.73654,53195,1
1598832000,0.73585,0.74031,0.73398,0.73749,45838,1
1598918400,0.73726,0.74134,0.73589,0.73715,61200,2
1599004800,0.73712,0.73813,0.7301,0.73374,53213,2
1599091200,0.73374,0.73392,0.72648,0.72723,57870,2
1599177600,0.72722,0.72987,0.72217,0.72846,57969,2
1599436800,0.72855,0.72978,0.72699,0.72747,32282,2
1599523200,0.72759,0.73087,0.72102,0.72128,51756,2
1599609600,0.72125,0.72876,0.71917,0.72822,47089,0
1599696000,0.72805,0.73242,0.72474,0.72573,52263,2
1599782400,0.72567,0.73058,0.72518,0.72814,42551,2
1600041600,0.72752,0.73034,0.7264,0.72878,31896,2
1600128000,0.72871,0.73421,0.72666,0.7301,31495,2
1600214400,0.7301,0.73449,0.7278,0.73047,42428,1
1600300800,0.73037,0.73151,0.72537,0.73112,57008,2
1600387200,0.73132,0.73337,0.72823,0.72882,42441,2
1600646400,0.72958,0.7324,0.71987,0.72229,49870,2
1600732800,0.72255,0.72348,0.71542,0.7169,48546,0
1600819200,0.71685,0.71774,0.70682,0.70701,54785,0
1600905600,0.70696,0.7082,0.7016,0.70426,61683,0
1600992000,0.70426,0.70868,0.70056,0.70303,48923,0
1601251200,0.70293,0.70743,0.70264,0.707,42041,0
1601337600,0.70699,0.7138,0.70684,0.71311,43921,0
1601424000,0.71314,0.71752,0.70999,0.71597,54245,0
1601510400,0.71608,0.72091,0.71549,0.71825,54760,0
1601596800,0.71813,0.7188,0.71305,0.71631,64382,0
1601856000,0.71652,0.71931,0.71558,0.71787,37602,0
1601942400,0.71787,0.72085,0.70998,0.71008,50326,0
1602028800,0.71002,0.71514,0.7095,0.71349,43665,0
1602115200,0.71368,0.71698,0.7123,0.71669,36743,0
1602201600,0.71676,0.72429,0.71574,0.72406,36182,0
1602460800,0.72261,0.72347,0.72033,0.72069,33869,0
1602547200,0.72067,0.72137,0.71501,0.71587,55879,0
1602633600,0.71584,0.71906,0.71522,0.71612,53234,0
1602720000,0.71591,0.71679,0.7056,0.70925,64705,0
1602806400,0.7093,0.70972,0.70704,0.70765,51280,0
1603065600,0.70757,0.71147,0.70582,0.70628,47098,0
1603152000,0.70628,0.70724,0.70206,0.70468,48089,0
1603238400,0.70469,0.71366,0.70322,0.7115,55443,0
1603324800,0.71158,0.7125,0.70849,0.71165,51155,0
1603411200,0.71164,0.7158,0.71008,0.71367,45250,0
1603670400,0.714,0.71464,0.71028,0.71182,55143,0
1603756800,0.71182,0.71468,0.71138,0.71229,49118,0
1603843200,0.71228,0.71571,0.7038,0.70455,61955,0
1603929600,0.70454,0.70759,0.70023,0.70296,66812,0
1604016000,0.70296,0.70721,0.70112,0.70278,69463,0
1604275200,0.70209,0.70572,0.69909,0.70525,57571,0
1604361600,0.70538,0.71744,0.70278,0.71615,38906,0
1604448000,0.71615,0.72214,0.70482,0.71763,83977,0
1604534400,0.71745,0.7289,0.71448,0.72814,74621,0
1604620800,0.72827,0.72871,0.72388,0.72592,69812,0
1604880000,0.72747,0.73397,0.72667,0.72808,83955,0
1604966400,0.72805,0.7294,0.72523,0.72817,77392,0
1605052800,0.72841,0.73179,0.72599,0.72798,50496,0
1605139200,0.72796,0.72937,0.72233,0.72294,50189,0
1605225600,0.72294,0.7273,0.72213,0.7269,37509,0
1605484800,0.72612,0.73263,0.72612,0.73175,46398,0
1605571200,0.73168,0.73397,0.72887,0.72975,40781,0
1605657600,0.72974,0.73308,0.72717,0.73048,46488,0
1605744000,0.73049,0.73057,0.72544,0.7282,48170,0
1605830400,0.72816,0.73237,0.72657,0.73045,44993,0
1606089600,0.73001,0.73373,0.72652,0.72856,40795,0
1606176000,0.72848,0.73674,0.72829,0.73597,41968,0
1606262400,0.73598,0.73733,0.73249,0.73639,41122,0
1606348800,0.73627,0.73743,0.73522,0.7356,23853,0
1606435200,0.73557,0.73988,0.7352,0.73837,33179,0
1606694400,0.73824,0.74072,0.73389,0.73405,44528,0
1606780800,0.73407,0.73731,0.73377,0.73707,51958,0
1606867200,0.73707,0.74199,0.73513,0.74151,66193,1
1606953600,0.74159,0.74493,0.7398,0.74408,54433,1
1607040000,0.74408,0.74437,0.74099,0.74269,59618,0
1607299200,0.74291,0.74535,0.73725,0.7419,57240,2
1607385600,0.74186,0.7435,0.73991,0.74088,55350,2
1607472000,0.74084,0.74853,0.74047,0.7442,59328,2
1607558400,0.74411,0.75396,0.74251,0.75338,66677,2
1607644800,0.75337,0.75718,0.75202,0.75353,59809,0
1607904000,0.75491,0.7578,0.75242,0.7532,49404,3
1607990400,0.75319,0.75716,0.7507,0.75573,51330,2
1608076800,0.75573,0.75787,0.75387,0.75753,54043,3
1608163200,0.75743,0.76394,0.75672,0.76252,45380,3
1608249600,0.76241,0.76277,0.75824,0.76214,45736,2
1608508800,0.75846,0.76063,0.74618,0.75831,90061,2
1608595200,0.7584,0.75906,0.75171,0.75203,69478,2
1608681600,0.75214,0.75915,0.75167,0.75733,66586,2
1608768000,0.75734,0.76064,0.75679,0.75929,43817,2
1609113600,0.76001,0.76224,0.75572,0.75758,47044,2
1609200000,0.75751,0.76247,0.75741,0.76023,45132,2
1609286400,0.76028,0.7686,0.76017,0.76843,47706,2
1609372800,0.76847,0.7742,0.76718,0.77083,43835,1
1609718400,0.76987,0.77407,0.76421,0.76617,74936,2
1609804800,0.76617,0.77772,0.76586,0.77573,84479,1
1609891200,0.77565,0.782,0.77332,0.77997,117973,2
1609977600,0.77993,0.78173,0.77255,0.77665,84673,2
1610064000,0.77663,0.77986,0.77284,0.77648,103415,2
1610323200,0.77512,0.77612,0.7666,0.76955,83678,2
1610409600,0.76949,0.77773,0.76866,0.77702,73782,2
1610496000,0.77698,0.77813,0.77213,0.77313,65806,2
1610582400,0.77324,0.78051,0.77286,0.77773,71495,2
1610668800,0.7777,0.77886,0.76815,0.7703,80445,2
1610928000,0.77071,0.77104,0.76589,0.76784,65779,1
1611014400,0.76804,0.77252,0.76713,0.76931,67890,2
1611100800,0.76945,0.77609,0.76904,0.77436,70245,2
1611187200,0.77432,0.77821,0.77397,0.77632,68967,2
1611273600,0.7763,0.77696,0.77019,0.77152,67008,2
1611532800,0.77155,0.77471,0.76829,0.77124,74423,2
1611619200,0.77122,0.7754,0.76689,0.77451,55204,1
1611705600,0.77422,0.77637,0.76438,0.76628,96149,1
1611792000,0.76622,0.76977,0.75918,0.7676,103672,2
1611878400,0.76791,0.7704,0.76311,0.76411,104810,2
1612137600,0.76211,0.76626,0.76056,0.76181,89214,2
1612224000,0.76179,0.76615,0.75636,0.76062,73547,2
1612310400,0.76058,0.76263,0.76013,0.76172,65546,0
1612396800,0.76169,0.76478,0.75881,0.75993,66973,1
1612483200,0.75984,0.76785,0.75829,0.76772,69895,2
1612742400,0.76661,0.77145,0.76513,0.77042,58711,2
1612828800,0.76992,0.77401,0.7699,0.77378,58322,2
1612915200,0.7738,0.7756,0.77172,0.77209,62172,2
1613001600,0.77209,0.77712,0.77125,0.77489,61800,2
1613088000,0.77511,0.77644,0.77181,0.77611,56419,2
1613347200,0.77611,0.77888,0.77583,0.7779,42381,2
1613433600,0.77796,0.78053,0.77447,0.77545,81036,2
1613520000,0.77576,0.77718,0.77242,0.77481,88231,2
1613606400,0.77484,0.77897,0.77312,0.77651,88188,2
1613692800,0.77666,0.78771,0.77573,0.78682,89675,2
1613952000,0.78691,0.79293,0.78554,0.79129,91041,2
1614038400,0.79131,0.79349,0.78804,0.79097,93001,2
1614124800,0.79089,0.79734,0.7895,0.79663,109074,3
1614211200,0.79662,0.80071,0.78585,0.78708,136342,1
1614297600,0.78703,0.78835,0.76922,0.77028,170770,3
1614556800,0.77091,0.77865,0.77071,0.77692,115309,3
1614643200,0.77713,0.78376,0.77355,0.78186,104989,3
1614729600,0.78161,0.78382,0.77705,0.77732,89854,3
1614816000,0.77726,0.78149,0.77083,0.7721,122410,3
1614902400,0.77205,0.77278,0.76219,0.76818,125571,0
1615161600,0.76904,0.7722,0.76363,0.76468,135188,3
1615248000,0.76468,0.77258,0.76213,0.77153,112510,3
1615334400,0.77155,0.77455,0.76685,0.77337,103908,3
1615420800,0.77328,0.77935,0.77232,0.77869,88629,3
1615507200,0.77872,0.78005,0.77246,0.77583,95149,1
1615766400,0.77554,0.77755,0.77058,0.77517,79546,3
1615852800,0.77517,0.77574,0.77108,0.77418,71673,3
1615939200,0.77418,0.78104,0.76991,0.77956,80625,3
1616025600,0.77956,0.7849,0.77492,0.77559,102868,3
1616112000,0.77566,0.77724,0.77174,0.77459,94983,3
1616371200,0.77164,0.77563,0.77048,0.7744,71170,3
1616457600,0.7744,0.77473,0.7617,0.76305,79871,3
1616544000,0.76306,0.7634,0.7578,0.75819,77669,3
1616630400,0.75835,0.76141,0.75628,0.758,84949,3
1616716800,0.75807,0.76412,0.75795,0.76411,61276,3
1616976000,0.76312,0.76559,0.7615,0.76304,67903,3
1617062400,0.76302,0.76636,0.7585,0.75953,65416,3
1617148800,0.75957,0.76362,0.75813,0.75944,62626,3
1617235200,0.75932,0.76198,0.75316,0.7616,70257,3
1617321600,0.76155,0.76375,0.7592,0.76098,25573,3
1617580800,0.76011,0.76604,0.75983,0.7649,39131,2
1617667200,0.76515,0.76682,0.76061,0.7662,57350,3
1617753600,0.76624,0.76769,0.76005,0.76123,65874,3
1617840000,0.76119,0.76601,0.76026,0.7652,55637,3
1617926400,0.7652,0.76611,0.7588,0.76189,58987,3
1618185600,0.76112,0.76355,0.75947,0.76218,56983,1
1618272000,0.76212,0.76484,0.75844,0.76394,64164,3
1618358400,0.76396,0.77378,0.76345,0.77231,50860,3
1618444800,0.77226,0.77607,0.77057,0.77495,48211,3
1618531200,0.77495,0.77587,0.77241,0.77334,39951,3
1618790400,0.77266,0.77844,0.77059,0.7756,44349,0
1618876800,0.7756,0.78159,0.77092,0.77231,48546,3
1618963200,0.77235,0.7762,0.7699,0.77495,43679,3
1619049600,0.77495,0.77645,0.76903,0.77035,50994,3
1619136000,0.77055,0.77601,0.76969,0.77486,41018,3
1619395200,0.77389,0.78147,0.77385,0.77973,39523,1
1619481600,0.77971,0.78036,0.77616,0.77622,37823,3
1619568000,0.77623,0.78008,0.77249,0.77883,46347,3
1619654400,0.77877,0.78179,0.77504,0.77651,44533,3
1619740800,0.77642,0.77841,0.76959,0.77117,46681,1
1620000000,0.7719,0.77666,0.7706,0.77578,36614,3
1620086400,0.77576,0.77634,0.76746,0.77067,51450,3
1620172800,0.77067,0.77545,0.7699,0.7746,42808,3
1620259200,0.7746,0.77874,0.77009,0.77809,49158,2
1620345600,0.77825,0.78624,0.77609,0.78435,50088,3
1620604800,0.7857,0.78909,0.78267,0.78285,45419,3
1620691200,0.78277,0.78566,0.78199,0.78401,59596,3
1620777600,0.78398,0.7844,0.77189,0.77229,65337,2
1620864000,0.77237,0.77461,0.7688,0.7727,63683,0
1620950400,0.77269,0.77872,0.77138,0.77825,49558,3
1621209600,0.7765,0.77834,0.77302,0.77636,46419,3
1621296000,0.77636,0.78133,0.77511,0.77898,43886,3
1621382400,0.77898,0.78033,0.77106,0.77257,71847,2
1621468800,0.77247,0.77815,0.7716,0.77718,51070,3
1621555200,0.77731,0.77826,0.77188,0.77297,47150,4
1621814400,0.77242,0.77575,0.77059,0.77504,41294,2
1621900800,0.775,0.77762,0.77327,0.77487,47294,3
1621987200,0.77486,0.77958,0.77308,0.77399,46857,3
1622073600,0.77397,0.77573,0.77228,0.77416,47960,3
1622160000,0.77422,0.7747,0.76772,0.77081,46348,4
1622419200,0.77042,0.77411,0.77002,0.77307,30316,3
1622505600,0.77311,0.77691,0.77277,0.77498,43058,3
1622592000,0.77503,0.77729,0.77151,0.77511,40870,4
1622678400,0.7751,0.77536,0.76465,0.76549,46508,3
1622764800,0.76556,0.77449,0.76442,0.77428,42927,3
1623024000,0.77267,0.77653,0.77214,0.77542,31990,2
1623110400,0.77542,0.77633,0.77313,0.77375,36131,2
1623196800,0.77371,0.77621,0.7724,0.77294,32401,4
1623283200,0.77279,0.77634,0.7716,0.77501,48295,4
1623369600,0.77501,0.77752,0.76882,0.77025,36775,3
1623628800,0.7704,0.77258,0.76937,0.77101,33324,3
1623715200,0.77087,0.77166,0.76742,0.7686,38894,3
1623801600,0.76857,0.77155,0.76067,0.76079,53627,3
1623888000,0.76064,0.76455,0.75395,0.75504,70098,3
1623974400,0.75464,0.75611,0.74786,0.74793,55717,3
1624233600,0.74812,0.75461,0.74765,0.75403,65660,3
1624320000,0.75403,0.7564,0.74937,0.75534,50738,3
1624406400,0.75534,0.75989,0.75314,0.75748,53757,3
1624492800,0.75727,0.75916,0.75655,0.75815,46903,3
1624579200,0.75806,0.76166,0.75795,0.75926,44832,3
1624838400,0.75712,0.76016,0.75542,0.75657,41156,3
1624924800,0.7565,0.75705,0.75074,0.75105,43668,3
1625011200,0.75099,0.75273,0.74917,0.74965,46481,3
1625097600,0.74961,0.75078,0.746,0.74693,46493,3
1625184000,0.7468,0.75327,0.74441,0.75255,46551,3
1625443200,0.75172,0.75372,0.75089,0.75284,34904,3
1625529600,0.75247,0.75988,0.74808,0.74931,54508,3
1625616000,0.74933,0.75335,0.74627,0.74824,50601,3
1625702400,0.74824,0.74897,0.74165,0.74302,76676,3
1625788800,0.74267,0.74938,0.74095,0.74904,62533,3
1626048000,0.74732,0.74958,0.74482,0.74779,42798,3
1626134400,0.74779,0.7503,0.74261,0.74453,43528,3
1626220800,0.74438,0.74858,0.74309,0.74787,49973,3
1626307200,0.74787,0.74872,0.74104,0.74221,47411,3
1626393600,0.74219,0.74427,0.73923,0.73953,45028,3
1626652800,0.74002,0.74148,0.73219,0.73432,68949,3
1626739200,0.73412,0.73571,0.72995,0.73285,53116,3
1626825600,0.73286,0.73624,0.72894,0.7357,43976,3
1626912000,0.73561,0.73973,0.7342,0.73767,46649,3
1626998400,0.73753,0.73997,0.7357,0.73623,34884,3
1627257600,0.7358,0.73905,0.73305,0.73801,46758,3
1627344000,0.73785,0.73884,0.73369,0.73574,55722,3
1627430400,0.73576,0.73813,0.73166,0.73745,60518,3
1627516800,0.73727,0.74132,0.7359,0.73958,44032,3
1627603200,0.7395,0.74042,0.7331,0.73467,48704,3
1627862400,0.73302,0.73818,0.73291,0.73629,41686,3
1627948800,0.73606,0.74084,0.73568,0.7395,46008,3
1628035200,0.73928,0.74265,0.73701,0.73774,39356,3
1628121600,0.73769,0.74156,0.73744,0.74011,36322,3
1628208000,0.73997,0.74063,0.73464,0.7353,38058,3
1628467200,0.73492,0.73637,0.73279,0.73282,36454,3
1628553600,0.73295,0.73557,0.73157,0.73484,33389,3
1628640000,0.73473,0.73889,0.73231,0.73737,35633,3
1628726400,0.73707,0.73763,0.73318,0.73358,29384,3
1628812800,0.73358,0.73811,0.73294,0.73686,24994,3
1629072000,0.73612,0.73726,0.73193,0.73366,30827,3
1629158400,0.73338,0.7341,0.72424,0.72533,45030,3
1629244800,0.72499,0.72694,0.72285,0.72329,42036,3
1629331200,0.72329,0.72443,0.71421,0.7146,58866,3
1629417600,0.7146,0.71562,0.71061,0.71402,44244,3
1629676800,0.71192,0.72177,0.7119,0.72107,37012,3
1629763200,0.72107,0.72707,0.72005,0.72574,35067,3
1629849600,0.72559,0.72802,0.72371,0.72756,37969,3
1629936000,0.72735,0.72795,0.7234,0.72363,46165,3
1630022400,0.72349,0.73166,0.72221,0.73103,43978,3
1630281600,0.73032,0.73183,0.72844,0.72956,29850,3
1630368000,0.72939,0.73411,0.72878,0.73155,49509,3
1630454400,0.73139,0.73837,0.73078,0.73664,42233,3
1630540800,0.73655,0.74092,0.73556,0.74002,38089,3
1630627200,0.73981,0.74781,0.73933,0.74492,46391,3
1630886400,0.7448,0.74563,0.74262,0.7439,43505,3
1630972800,0.74371,0.74686,0.73745,0.73875,45808,3
1631059200,0.73834,0.74039,0.73449,0.73643,65472,3
1631145600,0.73624,0.73943,0.73468,0.7367,65729,3
1631232000,0.73635,0.74098,0.73479,0.73521,50819,3
1631491200,0.73481,0.73756,0.7336,0.73686,56088,3
1631577600,0.73664,0.73731,0.73134,0.73202,60496,3
1631664000,0.73173,0.73385,0.73013,0.73315,58057,3
1631750400,0.73294,0.73472,0.7274,0.72922,52282,3
1631836800,0.7291,0.73214,0.72616,0.7264,54896,3
1632096000,0.7261,0.72682,0.72197,0.72518,76140,3
1632182400,0.72493,0.72829,0.72216,0.72313,67333,3
1632268800,0.72278,0.72964,0.722,0.72439,79415,3
1632355200,0.72443,0.73152,0.72224,0.72944,67911,3
1632441600,0.7291,0.73166,0.72355,0.7261,52376,3
1632700800,0.72492,0.72935,0.72474,0.72879,57537,3
1632787200,0.72854,0.73106,0.72252,0.72389,71969,3
1632873600,0.72371,0.72638,0.717,0.71746,69742,3
1632960000,0.71739,0.72568,0.71707,0.72264,66817,3
1633046400,0.72253,0.72766,0.71918,0.72615,67919,3
1633305600,0.72502,0.73036,0.72502,0.72865,62158,3
1633392000,0.72854,0.73007,0.72487,0.72912,49294,3
1633478400,0.72887,0.72925,0.72254,0.72719,66273,3
1633564800,0.7269,0.73239,0.72671,0.7312,47024,3
1633651200,0.73084,0.73377,0.72881,0.7308,56313,3
1633910400,0.73075,0.73724,0.72917,0.73461,42732,3
1633996800,0.73452,0.73841,0.7332,0.73503,46072,3
1634083200,0.73476,0.73816,0.73232,0.73779,46091,3
1634169600,0.7376,0.74265,0.7369,0.7415,33810,0
1634256000,0.74137,0.74401,0.74033,0.74195,39196,0
1634515200,0.74133,0.74368,0.73785,0.74116,39036,0
1634601600,0.74074,0.74854,0.74069,0.74737,38115,0
1634688000,0.74709,0.75227,0.74649,0.75161,34487,0
1634774400,0.75092,0.75461,0.74582,0.7466,40953,0
1634860800,0.74645,0.75119,0.74534,0.74668,47727,0
1635120000,0.74642,0.75051,0.74603,0.74913,34584,0
1635206400,0.74864,0.75253,0.74832,0.75016,34310,0
1635292800,0.74963,0.75353,0.74869,0.75173,44859,0
1635379200,0.75155,0.75557,0.74796,0.75438,50926,0
1635465600,0.75411,0.75551,0.75,0.75205,48311,0
1635724800,0.75113,0.75359,0.74861,0.75219,33996,0
1635811200,0.7521,0.75316,0.74201,0.74306,39478,0
1635897600,0.74287,0.74587,0.74122,0.74496,51436,0
1635984000,0.74491,0.74707,0.73827,0.74005,41107,0
1636070400,0.74005,0.74119,0.73596,0.74017,43886,0
1636329600,0.73911,0.7431,0.7384,0.74227,28794,0
1636416000,0.74204,0.74318,0.73606,0.73777,41281,0
1636502400,0.73764,0.73936,0.73236,0.73263,52637,0
1636588800,0.73239,0.7341,0.7287,0.72928,39928,0
1636675200,0.72906,0.7335,0.72764,0.733,32833,0
1636934400,0.73232,0.73706,0.73229,0.73462,31821,0
1637020800,0.73433,0.73676,0.72924,0.73022,39639,0
1637107200,0.73002,0.73048,0.72584,0.72666,38726,0
1637193600,0.72646,0.72928,0.72494,0.72762,33753,0
1637280000,0.72738,0.72911,0.72268,0.72349,42192,0
1637539200,0.72342,0.7273,0.72207,0.72244,41521,0
1637625600,0.72229,0.7236,0.72067,0.72263,46692,0
1637712000,0.72249,0.72273,0.71837,0.71947,47556,0
1637798400,0.71922,0.72089,0.71796,0.71885,36308,0
1637884800,0.71866,0.71895,0.71121,0.71215,77242,0
1638144000,0.71332,0.71596,0.71137,0.71423,48596,0
1638230400,0.71423,0.71703,0.70626,0.71268,78840,0
1638316800,0.71238,0.7173,0.70945,0.71043,64502,0
1638403200,0.71002,0.71197,0.70845,0.70934,60766,0
1638489600,0.70918,0.70958,0.69932,0.69996,65459,0
1638748800,0.69972,0.70542,0.69964,0.70501,41782,0
1638835200,0.70475,0.7123,0.70394,0.71184,39704,0
1638921600,0.71166,0.71836,0.71139,0.71707,46745,0
1639008000,0.71683,0.71867,0.71353,0.71475,31661,0
1639094400,0.71458,0.71825,0.71317,0.71715,33530,0
1639353600,0.7167,0.71761,0.71105,0.71314,31198,0
1639440000,0.71289,0.71356,0.70901,0.71038,32053,0
1639526400,0.71019,0.71773,0.70918,0.71712,51428,0
1639612800,0.71694,0.72238,0.71454,0.71828,49965,0
1639699200,0.71815,0.71834,0.7122,0.71258,44030,0
1639958400,0.7127,0.71324,0.70825,0.71108,45889,0
1640044800,0.71086,0.71559,0.70983,0.71537,30831,0
1640131200,0.71518,0.72202,0.71209,0.72128,29379,0
1640217600,0.72113,0.72512,0.71961,0.72444,25084,0
1640304000,0.72422,0.72438,0.72176,0.72226,32714,0
1640563200,0.72212,0.72452,0.72055,0.72396,17365,0
1640649600,0.72374,0.72642,0.72189,0.72288,18755,0
1640736000,0.72264,0.72724,0.72127,0.72488,24961,0
1640822400,0.72452,0.7276,0.72391,0.72492,21231,0
1640908800,0.72508,0.72778,0.72424,0.72655,22228,0
1641168000,0.72582,0.7277,0.71838,0.71905,28387,0
1641254400,0.71894,0.72488,0.71838,0.72403,27676,0
1641340800,0.72374,0.72722,0.72149,0.72213,35138,0
1641427200,0.72183,0.72224,0.71458,0.71616,38823,0
1641513600,0.7159,0.71876,0.71295,0.71812,33368,0
1641772800,0.71662,0.72024,0.7149,0.71735,35075,0
1641859200,0.71628,0.72134,0.71549,0.72093,36386,0
1641945600,0.72088,0.72923,0.72006,0.72833,37108,0
1642032000,0.72818,0.73142,0.72733,0.72815,37016,0
1642118400,0.72786,0.72937,0.71985,0.72163,45945,0
1642377600,0.72112,0.72291,0.71958,0.7209,29278,0
1642464000,0.72064,0.72278,0.717,0.71833,49397,0
1642550400,0.71827,0.72383,0.71769,0.72101,46043,0
1642636800,0.72088,0.72763,0.72067,0.72256,45339,1
1642723200,0.72225,0.72284,0.71714,0.71748,65059,1
1642982400,0.71715,0.71875,0.70906,0.71435,72489,1
1643068800,0.71435,0.71747,0.71214,0.71514,86274,0
1643155200,0.71519,0.71814,0.70955,0.71151,88074,1
1643241600,0.71137,0.71213,0.70238,0.70339,101108,1
1643328000,0.70339,0.70458,0.69676,0.69956,95590,1
1643587200,0.6989,0.70765,0.69862,0.70668,66073,1
1643673600,0.70642,0.713,0.70331,0.7128,71736,1
1643760000,0.71272,0.71589,0.71182,0.71359,60641,1
1643846400,0.71328,0.71683,0.71095,0.71397,74308,1
1643932800,0.71352,0.71515,0.70516,0.70775,61674,1
1644192000,0.70727,0.71302,0.70651,0.71256,42999,1
1644278400,0.71244,0.71466,0.71064,0.71454,38570,1
1644364800,0.71441,0.71946,0.71416,0.71783,30965,0
1644451200,0.71764,0.72487,0.71468,0.71664,63524,1
1644537600,0.71646,0.71848,0.71084,0.71359,80668,1
1644796800,0.71275,0.715,0.70861,0.71263,78174,1
1644883200,0.71235,0.71562,0.71017,0.7151,55800,0
1644969600,0.71511,0.72048,0.71432,0.71939,49910,1
1645056000,0.71924,0.72174,0.71495,0.71863,79171,1
1645142400,0.71843,0.72278,0.71647,0.71775,65454,1
1645401600,0.71685,0.72223,0.71663,0.71888,57862,1
1645488000,0.71867,0.72333,0.71715,0.72186,87132,1
1645574400,0.7216,0.72835,0.72152,0.72337,59772,1
1645660800,0.72312,0.72324,0.70945,0.71624,153965,1
1645747200,0.71621,0.72375,0.71396,0.72317,102273,1
1646006400,0.7179,0.72653,0.71674,0.7262,101994,1
1646092800,0.72598,0.72895,0.7238,0.72518,80277,1
1646179200,0.72504,0.73067,0.72433,0.72963,88127,1
1646265600,0.72951,0.73477,0.72761,0.73286,73470,1
1646352000,0.73259,0.73806,0.73002,0.73739,93501,1
1646611200,0.73702,0.74413,0.73114,0.73163,125324,1
1646697600,0.73124,0.73481,0.72451,0.72695,120306,1
1646784000,0.72658,0.73372,0.7261,0.73213,77923,1
1646870400,0.73179,0.73674,0.72873,0.73584,76362,1
1646956800,0.7348,0.73669,0.72819,0.72938,72496,1
1647216000,0.72887,0.72982,0.7186,0.71903,65527,1
1647302400,0.71881,0.72276,0.71654,0.71949,67895,1
1647388800,0.71938,0.72968,0.71805,0.72875,82587,1
1647475200,0.72864,0.73931,0.72811,0.73753,68660,1
1647561600,0.73744,0.74178,0.73604,0.74124,55974,1
1647820800,0.74012,0.74243,0.73737,0.73966,48764,1
1647907200,0.73937,0.74711,0.73755,0.74644,52216,1
1647993600,0.74636,0.75074,0.74502,0.74967,55885,1
1648080000,0.7496,0.7528,0.74662,0.75112,62365,0
1648166400,0.751,0.75368,0.74947,0.75155,64123,0
1648425600,0.75,0.75404,0.74665,0.74883,77544,0
1648512000,0.74861,0.75186,0.74562,0.75083,85836,0
1648598400,0.75027,0.75367,0.74997,0.75094,70627,0
1648684800,0.75087,0.75251,0.74703,0.74809,77910,0
1648771200,0.74815,0.75249,0.74727,0.74954,63240,0
1649030400,0.74867,0.75564,0.74825,0.7542,49688,0
1649116800,0.75411,0.76614,0.75358,0.75778,63307,0
1649203200,0.7576,0.75935,0.74852,0.75084,75771,0
1649289600,0.75051,0.75185,0.74666,0.74791,64749,0
1649376000,0.74791,0.74928,0.74263,0.74589,56723,0
1649635200,0.74561,0.74648,0.74134,0.74165,60186,0
1649721600,0.74149,0.74936,0.73993,0.74549,70972,0
1649808000,0.7451,0.74746,0.73917,0.74511,68607,0
1649894400,0.74493,0.74683,0.73971,0.74175,65144,0
1649980800,0.74148,0.74182,0.739,0.73961,30584,1
1650240000,0.73889,0.74035,0.73428,0.73484,46043,0
1650326400,0.73467,0.74001,0.73403,0.73756,59359,0
1650412800,0.73732,0.74573,0.7369,0.745,62856,0
1650499200,0.74475,0.74581,0.73648,0.73706,63511,0
1650585600,0.73683,0.73766,0.72347,0.72431,73144,0
1650844800,0.72401,0.72537,0.71348,0.71777,101456,0
1650931200,0.7175,0.72288,0.71186,0.71218,84767,0
1651017600,0.71188,0.71906,0.71011,0.71255,101034,0
1651104000,0.71234,0.7162,0.7055,0.70954,108088,0
1651190400,0.70893,0.71798,0.70589,0.70598,87531,0
1651449600,0.70672,0.7082,0.70299,0.70503,90281,0
1651536000,0.70467,0.71474,0.70442,0.70959,83053,0
1651622400,0.70938,0.72649,0.70882,0.72587,91027,0
1651708800,0.72529,0.72658,0.70773,0.7112,119233,0
1651795200,0.71117,0.71351,0.70584,0.70704,145709,0
1652054400,0.70642,0.70693,0.69446,0.69498,122374,0
1652140800,0.69483,0.6986,0.69108,0.69347,143369,0
1652227200,0.69347,0.70534,0.69274,0.69328,130602,0
1652313600,0.69333,0.69526,0.68289,0.68534,151134,0
1652400000,0.68534,0.69404,0.68521,0.69394,92129,0
1652659200,0.69192,0.69825,0.68722,0.6968,100613,0
1652745600,0.6968,0.70409,0.69633,0.70259,93230,0
1652832000,0.70259,0.70463,0.69491,0.69519,84307,0
1652918400,0.69517,0.70723,0.69499,0.70463,132930,0
1653004800,0.7047,0.70737,0.70022,0.70461,99157,0
1653264000,0.70468,0.71272,0.7037,0.7105,97446,0
1653350400,0.7105,0.71134,0.70564,0.71064,102667,0
1653436800,0.71029,0.71189,0.70355,0.70882,105023,0
1653523200,0.70839,0.71093,0.70569,0.70957,86450,0
1653609600,0.70957,0.71665,0.70875,0.71583,73294,0
1653868800,0.71542,0.71997,0.7148,0.71964,58971,0
1653955200,0.71964,0.72039,0.71497,0.71763,93362,0
1654041600,0.71763,0.72299,0.71554,0.71753,91550,0
1654128000,0.71733,0.72695,0.71404,0.72646,77952,0
1654214400,0.72629,0.7283,0.72018,0.72076,79448,0
1654473600,0.72092,0.72318,0.71864,0.71913,54899,0
1654560000,0.71905,0.72475,0.71568,0.72311,88299,0
1654646400,0.72274,0.72345,0.71756,0.71907,79749,0
1654732800,0.71869,0.71977,0.70932,0.70963,91549,0
1654819200,0.7095,0.7138,0.70377,0.70432,96494,0
1655078400,0.70328,0.70597,0.69112,0.69226,132142,0
1655164800,0.69209,0.69706,0.68503,0.6871,143634,0
1655251200,0.68708,0.70243,0.68633,0.70019,154190,0
1655337600,0.69992,0.7069,0.69436,0.70445,152192,0
1655424000,0.7032,0.70515,0.68979,0.69366,138546,0
1655683200,0.69142,0.69957,0.69142,0.69516,86708,0
1655769600,0.69516,0.6994,0.69345,0.697,95295,0
1655856000,0.69692,0.69722,0.68815,0.69258,116026,0
1655942400,0.69232,0.6928,0.68688,0.68947,123732,0
1656028800,0.68908,0.69575,0.68817,0.69423,100851,0
1656288000,0.69412,0.69591,0.6907,0.69234,114043,0
1656374400,0.69217,0.69645,0.69036,0.69067,118383,0
1656460800,0.69075,0.692,0.68616,0.6877,121070,0
1656547200,0.6877,0.69191,0.68538,0.69018,118637,0
1656633600,0.68989,0.6904,0.67637,0.6815,144170,0
1656892800,0.68082,0.68887,0.67936,0.68647,89415,0
1656979200,0.68624,0.6895,0.67617,0.68025,130144,0
1657065600,0.68011,0.68261,0.6762,0.67801,157206,0
1657152000,0.67751,0.68484,0.67643,0.68381,103218,0
1657238400,0.68355,0.68743,0.67917,0.68524,122238,0
1657497600,0.68382,0.68543,0.67145,0.67326,109460,0
1657584000,0.6732,0.67788,0.67108,0.67576,114488,0
1657670400,0.675,0.68032,0.67253,0.67594,125760,0
1657756800,0.67562,0.67879,0.66814,0.67489,146889,0
1657843200,0.67463,0.68062,0.6719,0.67918,108498,0
1658102400,0.67783,0.68541,0.67783,0.68118,93503,0
1658188800,0.68109,0.69126,0.68026,0.68976,95029,0
1658275200,0.68927,0.69304,0.68728,0.68865,97569,0
1658361600,0.68845,0.69358,0.6859,0.69337,125151,0
1658448000,0.69313,0.69775,0.68932,0.6925,108858,0
1658707200,0.69172,0.69652,0.68781,0.69555,96307,0
1658793600,0.69521,0.69831,0.69217,0.69384,85644,0
1658880000,0.69363,0.70125,0.69118,0.69913,98596,0
1658966400,0.69898,0.70138,0.6955,0.69893,104709,0
1659052800,0.69893,0.70317,0.69107,0.6993,101526,0
1659312000,0.69687,0.7047,0.69685,0.70251,85628,0
1659398400,0.7017,0.70323,0.69124,0.69189,114847,0
1659484800,0.6916,0.69558,0.68862,0.69488,102861,0
1659571200,0.69453,0.69899,0.6935,0.69696,84648,0
1659657600,0.69671,0.69749,0.68697,0.69102,89333,0
1659916800,0.69012,0.70095,0.6898,0.69846,77514,0
1660003200,0.69767,0.69945,0.69528,0.69647,66008,0
1660089600,0.69647,0.7109,0.69468,0.70816,88976,0
1660176000,0.70807,0.71368,0.7063,0.7104,86372,0
1660262400,0.71005,0.71281,0.70848,0.71217,76416,0
1660521600,0.71082,0.7125,0.70112,0.7022,74902,0
1660608000,0.70201,0.70402,0.69911,0.70211,82259,0
1660694400,0.70185,0.70264,0.69109,0.69361,102998,0
1660780800,0.69334,0.697,0.68989,0.69146,95284,0
1660867200,0.69122,0.69196,0.68591,0.68727,79882,0
1661126400,0.68593,0.6929,0.68593,0.68759,78124,0
1661212800,0.68742,0.69632,0.6856,0.69284,98737,0
1661299200,0.69272,0.69313,0.68789,0.69079,76317,0
1661385600,0.69045,0.69912,0.69007,0.69803,87085,0
1661472000,0.69791,0.70092,0.6888,0.68904,106547,0
1661731200,0.68781,0.69261,0.68409,0.6901,110434,0
1661817600,0.6901,0.69562,0.68454,0.68539,110361,0
1661904000,0.68539,0.69039,0.68348,0.68415,103175,0
1661990400,0.68415,0.68455,0.67712,0.67874,113916,0
1662076800,0.67861,0.68552,0.67751,0.6807,101233,0
1662336000,0.67766,0.68039,0.67727,0.67967,70727,0
1662422400,0.67908,0.68324,0.67277,0.67346,111538,0
1662508800,0.67346,0.67695,0.66984,0.6768,95881,0
1662595200,0.67667,0.67737,0.67131,0.67508,123584,0
1662681600,0.67508,0.68771,0.67439,0.68455,90851,0
1662940800,0.68237,0.68996,0.6822,0.68863,84345,0
1663027200,0.68863,0.69162,0.67265,0.67307,94969,0
1663113600,0.67307,0.67602,0.67052,0.67478,92475,0
1663200000,0.67478,0.67701,0.66958,0.67024,55506,0
1663286400,0.67024,0.67243,0.66698,0.67173,58893,0
1663545600,0.67112,0.67337,0.66721,0.67263,43412,0
1663632000,0.67244,0.67473,0.66765,0.66883,54427,0
1663718400,0.66833,0.67047,0.66213,0.66309,81145,0
1663804800,0.66312,0.66707,0.65739,0.66438,90966,0
1663891200,0.66424,0.66558,0.65111,0.65285,81089,0
1664150400,0.65152,0.65375,0.64377,0.64551,125561,0
1664236800,0.64418,0.65129,0.64138,0.6434,92370,0
1664323200,0.64325,0.65307,0.63629,0.65213,129104,0
1664409600,0.65197,0.65243,0.64357,0.64997,110306,0
1664496000,0.64955,0.65239,0.63908,0.63985,109444,0
1664755200,0.64001,0.6522,0.63977,0.65147,81711,0
1664841600,0.65132,0.65474,0.64505,0.65013,82937,0
1664928000,0.64878,0.65261,0.64165,0.64892,84178,0
1665014400,0.64863,0.65406,0.63888,0.64051,96781,0
1665100800,0.64025,0.64326,0.6354,0.63603,84991,0
1665360000,0.63647,0.63802,0.62748,0.62986,114271,0
1665446400,0.62967,0.6346,0.62474,0.62715,135863,0
1665532800,0.62655,0.62988,0.62351,0.6277,134567,0
1665619200,0.62749,0.63164,0.61703,0.62979,122921,0
1665705600,0.62967,0.63471,0.61939,0.62032,105739,0
1665964800,0.6205,0.63121,0.62015,0.62888,111193,0
1666051200,0.62886,0.63398,0.62657,0.63086,120985,0
1666137600,0.63035,0.63253,0.62512,0.627,110308,0
1666224000,0.62598,0.63561,0.62286,0.62819,126154,0
1666310400,0.62811,0.63928,0.62102,0.63795,146075,0
1666569600,0.63843,0.64104,0.62724,0.63114,150361,0
1666656000,0.63114,0.64123,0.63036,0.6393,124116,0
1666742400,0.63926,0.65111,0.63672,0.64963,129481,0
1666828800,0.64948,0.65222,0.64255,0.64519,99183,0
1666915200,0.64449,0.64795,0.63892,0.64118,99274,0
1667174400,0.63977,0.6428,0.63681,0.63955,119572,0
1667260800,0.63947,0.64639,0.6377,0.63946,139670,0
1667347200,0.63945,0.6492,0.63475,0.6352,144309,0
1667433600,0.63518,0.63722,0.62724,0.62892,137173,0
1667520000,0.6289,0.64827,0.6285,0.64718,158236,0
1667779200,0.64149,0.64907,0.64065,0.64791,144947,0
1667865600,0.64755,0.65512,0.64443,0.65053,111334,0
1667952000,0.65058,0.65223,0.64141,0.64303,103898,0
1668038400,0.64274,0.66313,0.63864,0.66188,116863,0
1668124800,0.66151,0.67169,0.65776,0.67065,130475,0
1668384000,0.66987,0.67237,0.66638,0.67009,141953,0
1668470400,0.66971,0.67978,0.66856,0.67584,183546,0
1668556800,0.67554,0.67927,0.67197,0.6741,148939,0
1668643200,0.67379,0.67512,0.66342,0.66884,131469,0
1668729600,0.66847,0.67304,0.66602,0.66689,115237,0
1668988800,0.66576,0.66831,0.65849,0.66047,111008,0
1669075200,0.66015,0.66515,0.65924,0.66481,99917,0
1669161600,0.66453,0.67388,0.6634,0.67322,115761,0
1669248000,0.67281,0.67783,0.67221,0.67639,83026,0
1669334400,0.67624,0.6781,0.67206,0.67504,105503,0
1669593600,0.67152,0.67275,0.66419,0.66513,117990,0
1669680000,0.66512,0.67489,0.66403,0.66876,103462,0
1669766400,0.66856,0.6801,0.66702,0.67878,103860,0
1669852800,0.67844,0.68446,0.67792,0.68105,112460,0
1669939200,0.68079,0.68362,0.67429,0.67933,126605,0
1670198400,0.67774,0.68508,0.6687,0.66971,111324,0
1670284800,0.66958,0.67445,0.6681,0.66873,107928,0
1670371200,0.66844,0.67421,0.66688,0.67237,117113,0
1670457600,0.67215,0.6781,0.66982,0.6769,97700,0
1670544000,0.6763,0.68138,0.67425,0.67965,98953,0
1670803200,0.67834,0.68022,0.67289,0.67465,92108,0
1670889600,0.67436,0.68933,0.67396,0.68553,134920,0
1670976000,0.68545,0.68813,0.68098,0.68629,132072,0
1671062400,0.68629,0.68697,0.66764,0.67007,124358,0
1671148800,0.66994,0.6736,0.66753,0.66871,98795,0
1671408000,0.6696,0.67327,0.66824,0.66998,95694,0
1671494400,0.66989,0.67438,0.66293,0.66777,148048,0
1671580800,0.66791,0.67283,0.66565,0.67062,109437,0
1671667200,0.67058,0.67674,0.665,0.66709,99418,0
1671753600,0.66697,0.6725,0.66583,0.67137,99632,0
1672012800,0.67184,0.67296,0.67037,0.67253,4573,9
1672099200,0.67207,0.6776,0.67186,0.67331,83652,0
1672185600,0.67328,0.6801,0.67192,0.67386,91078,0
1672272000,0.67314,0.67876,0.67104,0.67761,78622,0
1672358400,0.67736,0.68209,0.67534,0.68149,97744,0
1672617600,0.68075,0.6819,0.6788,0.68007,9774,0
1672704000,0.68007,0.68347,0.6688,0.67259,112558,0
1672790400,0.67255,0.68865,0.67166,0.68374,118591,1
1672876800,0.68347,0.68452,0.67352,0.67507,116507,1
1672963200,0.67495,0.68867,0.67223,0.68755,122641,0
1673222400,0.68773,0.69499,0.68739,0.69125,108123,1
1673308800,0.69111,0.69279,0.68598,0.68914,111311,1
1673395200,0.68855,0.69256,0.6873,0.69053,90596,0
1673481600,0.68957,0.69846,0.68766,0.69668,130630,0
1673568000,0.69622,0.69941,0.69153,0.69747,107932,0
1673827200,0.69669,0.70191,0.69408,0.69543,71539,0
1673913600,0.69519,0.69973,0.69297,0.69864,98639,0
1674000000,0.69849,0.70635,0.69355,0.69406,134329,0
1674086400,0.69394,0.6948,0.6872,0.69094,96698,1
1674172800,0.69083,0.69736,0.69053,0.69677,84272,0
1674432000,0.69593,0.70399,0.69567,0.70278,90910,0
1674518400,0.70258,0.70581,0.69934,0.70449,89697,0
1674604800,0.70455,0.71229,0.70235,0.71031,100598,1
1674691200,0.71014,0.71424,0.70793,0.71141,92759,0
1674777600,0.71098,0.71296,0.70824,0.71082,80084,1
1675036800,0.7098,0.71203,0.70511,0.70593,83918,1
1675123200,0.70557,0.70649,0.69838,0.70537,96037,1
1675209600,0.70531,0.71446,0.70365,0.71363,102658,0
1675296000,0.71295,0.71577,0.70687,0.70763,120133,0
1675382400,0.70736,0.70799,0.6919,0.69217,132885,1
1675641600,0.68923,0.69486,0.68556,0.68827,115257,1
1675728000,0.68803,0.69883,0.6876,0.6959,137729,0
1675814400,0.69543,0.69964,0.69188,0.69228,110048,0
1675900800,0.69188,0.70113,0.69187,0.69359,101641,0
1675987200,0.69315,0.69602,0.69091,0.69195,120343,1
1676246400,0.6916,0.69736,0.68903,0.69651,99717,0
1676332800,0.69641,0.70294,0.69215,0.69865,148928,0
1676419200,0.69816,0.69889,0.68646,0.69027,113065,0
1676505600,0.68994,0.6936,0.68403,0.68778,130159,0
1676592000,0.68778,0.68843,0.68118,0.68778,114982,0
1676851200,0.68667,0.69206,0.68626,0.69091,73159,0
1676937600,0.69042,0.69199,0.68472,0.68557,107226,0
1677024000,0.6851,0.6865,0.67946,0.68038,104218,0
1677110400,0.67975,0.6842,0.67815,0.68076,90457,0
1677196800,0.68031,0.68241,0.67185,0.67249,102444,0
1677456000,0.67277,0.67447,0.66982,0.6739,80584,0
1677542400,0.67374,0.67577,0.67038,0.67289,85890,0
1677628800,0.67276,0.67837,0.66952,0.67585,104545,0
1677715200,0.67576,0.6766,0.67066,0.67295,95940,0
1677801600,0.67289,0.67747,0.67211,0.67681,81833,1
1678060800,0.67468,0.67696,0.67163,0.67314,73491,0
1678147200,0.67295,0.67481,0.65811,0.65876,101019,0
1678233600,0.65826,0.66289,0.6568,0.65884,80379,0
1678320000,0.65882,0.66364,0.65762,0.65897,71560,0
1678406400,0.65886,0.66403,0.65641,0.65817,144119,0
1678665600,0.66011,0.67168,0.65993,0.66646,223227,0
1678752000,0.66641,0.66961,0.66317,0.66798,157685,0
1678838400,0.66801,0.67116,0.65899,0.66122,170722,0
1678924800,0.66141,0.66683,0.66112,0.66532,152230,0
1679011200,0.66516,0.6725,0.66487,0.66987,104331,0
1679270400,0.67139,0.67301,0.66659,0.67171,115167,0
1679356800,0.67153,0.67264,0.66497,0.66689,82032,0
1679443200,0.66689,0.67589,0.66614,0.66833,95667,0
1679529600,0.66816,0.67555,0.66696,0.66865,101919,0
1679616000,0.66863,0.66944,0.66251,0.66437,96519,0
1679875200,0.66487,0.66659,0.6634,0.66494,75489,0
1679961600,0.66486,0.67102,0.66441,0.67063,68569,0
1680048000,0.67072,0.67133,0.66615,0.66845,71859,0
1680134400,0.66832,0.67184,0.66615,0.67114,65927,0
1680220800,0.67107,0.6738,0.66704,0.66857,68916,0
1680480000,0.66813,0.679,0.66511,0.67859,87095,0
1680566400,0.67847,0.67934,0.67206,0.67527,78419,0
1680652800,0.67502,0.67798,0.6677,0.67214,80194,0
1680739200,0.67198,0.67254,0.66531,0.66715,59268,0
1680825600,0.66707,0.66914,0.66408,0.66654,31732,0
1681084800,0.66609,0.66803,0.66194,0.6642,47405,0
1681171200,0.66403,0.66798,0.66198,0.66538,61369,0
1681257600,0.66524,0.67235,0.66451,0.66931,63675,0
1681344000,0.66918,0.67967,0.66841,0.67839,63295,0
1681430400,0.67819,0.68057,0.6695,0.67097,74896,0
1681689600,0.66985,0.67192,0.66809,0.6702,60713,0
1681776000,0.67001,0.67475,0.66902,0.67277,63590,0
1681862400,0.67266,0.67414,0.66901,0.67135,59601,0
1681948800,0.67129,0.67719,0.6697,0.6742,62124,0
1682035200,0.67405,0.67456,0.66778,0.66928,52023,0
1682294400,0.66919,0.66978,0.66656,0.66949,48164,0
1682380800,0.66949,0.67056,0.66143,0.66255,50960,0
1682467200,0.66246,0.66392,0.65915,0.66037,63924,0
1682553600,0.66019,0.66355,0.65934,0.66298,62141,0
1682640000,0.66298,0.66422,0.65737,0.66152,71141,0
1682899200,0.66079,0.66682,0.66067,0.66304,54231,0
1682985600,0.66288,0.67172,0.66207,0.66633,69302,0
1683072000,0.66616,0.67031,0.66493,0.66745,70142,0
1683158400,0.66716,0.67062,0.66402,0.66933,88104,0
1683244800,0.66919,0.6757,0.66907,0.6753,63714,0
1683504000,0.67407,0.68037,0.67401,0.67803,47677,0
1683590400,0.67793,0.67869,0.67465,0.67618,45748,0
1683676800,0.67615,0.68183,0.67441,0.67784,61299,0
1683763200,0.67779,0.67961,0.6689,0.6702,65854,0
1683849600,0.6701,0.67064,0.66361,0.66412,52758,0
1684108800,0.66441,0.67089,0.66412,0.66996,47349,0
1684195200,0.66986,0.67097,0.66512,0.66547,52012,0
1684281600,0.66542,0.66732,0.6629,0.66589,52974,0
1684368000,0.66583,0.66677,0.6605,0.6623,53996,0
1684454400,0.662,0.66751,0.66058,0.66497,63387,0
1684713600,0.66432,0.66678,0.66272,0.66518,58342,0
1684800000,0.66503,0.6662,0.66074,0.66099,58578,0
1684886400,0.66084,0.66154,0.65298,0.65431,66135,0
1684972800,0.65426,0.65458,0.64985,0.65047,62341,0
1685059200,0.65039,0.65443,0.64905,0.65178,58192,0
1685318400,0.65186,0.65543,0.65177,0.65395,32111,0
1685404800,0.65379,0.65594,0.6503,0.65181,60778,0
1685491200,0.6516,0.65392,0.64583,0.65035,69360,0
1685577600,0.65026,0.65815,0.64845,0.65726,60523,0
1685664000,0.65722,0.66387,0.65597,0.66048,59894,0
1685923200,0.65998,0.66377,0.65795,0.66177,66015,0
1686009600,0.66155,0.66856,0.66098,0.66713,56422,0
1686096000,0.66705,0.67174,0.66416,0.6652,58525,0
1686182400,0.66507,0.67182,0.66463,0.67141,49916,0
1686268800,0.67141,0.67508,0.66927,0.67422,48839,0
1686528000,0.67291,0.67735,0.67291,0.67509,50644,0
1686614400,0.67491,0.68071,0.67364,0.67664,65001,0
1686700800,0.6765,0.68356,0.67551,0.67978,63609,0
1686787200,0.67937,0.68929,0.67663,0.68826,60104,0
1686873600,0.68815,0.68998,0.68551,0.68745,61221,0
1687132800,0.68761,0.68826,0.6834,0.68493,46907,0
1687219200,0.68485,0.68547,0.67531,0.67816,69845,0
1687305600,0.67818,0.68045,0.6741,0.67956,73234,0
1687392000,0.67956,0.68062,0.67446,0.67535,67898,0
1687478400,0.67444,0.67677,0.66629,0.66754,68169,0
1687737600,0.66767,0.66938,0.66676,0.6674,61707,0
1687824000,0.6674,0.67207,0.66594,0.66851,82680,0
1687910400,0.66849,0.66893,0.65969,0.65995,79203,0
1687996800,0.65976,0.66405,0.65953,0.6615,75311,0
1688083200,0.66147,0.66715,0.66034,0.66559,75549,0
1688342400,0.66592,0.66919,0.6637,0.66713,57278,0
1688428800,0.66684,0.67054,0.66416,0.66907,39790,0
1688515200,0.66877,0.66985,0.66529,0.66536,49759,0
1688601600,0.66526,0.66879,0.65991,0.66239,66618,0
1688688000,0.66242,0.67008,0.66116,0.66918,68292,0
1688947200,0.6679,0.6696,0.66236,0.66741,52482,0
1689033600,0.66737,0.6695,0.66509,0.66863,60500,0
1689120000,0.66783,0.6796,0.66754,0.67832,87256,0
1689206400,0.67763,0.68947,0.67753,0.68876,70357,0
1689292800,0.68872,0.68951,0.68353,0.68357,66930,0
1689552000,0.68405,0.68418,0.67876,0.68123,57787,0
1689638400,0.68117,0.68373,0.67891,0.681,81983,0
1689724800,0.68097,0.682,0.67502,0.67709,79332,0
1689811200,0.67715,0.68467,0.67545,0.67769,78695,0
1689897600,0.67774,0.67879,0.67225,0.67288,59088,0
1690156800,0.67279,0.67561,0.67151,0.67381,70632,0
1690243200,0.67375,0.6795,0.67229,0.67916,63397,0
1690329600,0.67897,0.67926,0.67294,0.6757,82806,0
1690416000,0.67505,0.68212,0.66981,0.6708,93739,0
1690502400,0.67007,0.67136,0.66227,0.66459,92207,0
1690761600,0.66425,0.67396,0.66425,0.67166,66217,0
1690848000,0.6714,0.67236,0.6602,0.66128,68257,0
1690934400,0.66084,0.66298,0.6527,0.6538,70311,0
1691020800,0.65357,0.65685,0.65142,0.6549,80406,0
1691107200,0.65497,0.66095,0.65358,0.6564,82379,0
1691366400,0.65698,0.65929,0.65552,0.65724,54503,0
1691452800,0.6572,0.6576,0.64967,0.65425,65608,0
1691539200,0.65424,0.65712,0.65201,0.65271,65131,0
1691625600,0.65272,0.66165,0.65137,0.6514,87052,0
1691712000,0.65153,0.65336,0.64859,0.64942,69598,0
1691971200,0.64947,0.6503,0.6454,0.64856,65792,0
1692057600,0.64854,0.6522,0.64514,0.64542,96379,0
1692144000,0.64539,0.64806,0.64157,0.64225,79817,0
1692230400,0.64227,0.64506,0.63643,0.64031,91004,0
1692316800,0.64029,0.64289,0.63791,0.64025,73377,0
1692576000,0.6408,0.64214,0.63872,0.64129,67479,0
1692662400,0.64126,0.64579,0.64033,0.64225,69578,0
1692748800,0.64226,0.64815,0.6411,0.64795,68877,0
1692835200,0.64796,0.64882,0.64122,0.6416,67474,0
1692921600,0.6415,0.64413,0.63798,0.64019,82601,0
1693180800,0.6405,0.64395,0.64019,0.64279,53598,0
1693267200,0.64164,0.64868,0.64013,0.64788,73338,0
1693353600,0.64787,0.65221,0.64494,0.64739,75128,0
1693440000,0.64737,0.65079,0.64612,0.64831,73469,0
1693526400,0.64829,0.65217,0.64384,0.64444,92139,0
1693785600,0.64402,0.64806,0.64388,0.64593,37721,0
1693872000,0.64485,0.64646,0.63576,0.63772,86486,0
1693958400,0.63768,0.64047,0.63573,0.63803,78137,0
1694044800,0.63662,0.6395,0.63622,0.63749,65977,0
1694131200,0.63753,0.64148,0.63637,0.6376,59811,0
1694390400,0.63823,0.64495,0.63721,0.64307,65471,0
1694476800,0.64246,0.644,0.64085,0.64244,49941,0
1694563200,0.64111,0.64342,0.638,0.642,72064,0
1694649600,0.64141,0.64598,0.64133,0.64384,82253,0
1694736000,0.64396,0.64735,0.64242,0.64282,57795,0
1694995200,0.64341,0.64491,0.64167,0.64354,47733,0
1695081600,0.6431,0.64739,0.64263,0.6452,50668,0
1695168000,0.64505,0.65112,0.64395,0.64471,66160,0
1695254400,0.64352,0.64558,0.63855,0.64142,63400,0
1695340800,0.64112,0.64652,0.64038,0.64401,49729,0
1695600000,0.64372,0.64467,0.64043,0.6422,35224,0
1695686400,0.64082,0.64305,0.63874,0.63957,43486,0
1695772800,0.63919,0.64092,0.63312,0.63512,46903,0
1695859200,0.63522,0.64323,0.63447,0.64256,57963,0
1695945600,0.64264,0.6501,0.64075,0.64297,56810,0
1696204800,0.64225,0.64451,0.63615,0.63629,49693,0
1696291200,0.63628,0.63672,0.62855,0.63003,69603,0
1696377600,0.63013,0.63423,0.62864,0.63234,67556,0
1696464000,0.63213,0.63777,0.63183,0.63686,71074,0
1696550400,0.63686,0.64003,0.63122,0.63835,90725,0
1696809600,0.63524,0.64147,0.63428,0.64105,69862,0
1696896000,0.6407,0.6433,0.63901,0.643,81749,0
1696982400,0.64304,0.64453,0.6388,0.64125,80045,0
1697068800,0.63992,0.6431,0.6307,0.63137,81034,0
1697155200,0.63137,0.63344,0.62864,0.62958,73193,0
1697414400,0.62878,0.63447,0.62878,0.63407,49230,0
1697500800,0.63425,0.63794,0.63299,0.63646,67149,0
1697587200,0.63627,0.6393,0.63277,0.63357,57763,0
1697673600,0.63358,0.63563,0.62956,0.63272,79056,0
1697760000,0.63274,0.63288,0.62969,0.63115,53855,0
1698019200,0.63129,0.63484,0.62886,0.63344,50453,1
1698105600,0.63358,0.63788,0.63286,0.63534,57394,1
1698192000,0.63463,0.63994,0.63049,0.63084,62752,0
1698278400,0.63083,0.63303,0.62699,0.63203,71251,0
1698364800,0.63199,0.63677,0.63177,0.63333,57083,0
1698624000,0.63363,0.63835,0.63319,0.63687,43225,0
1698710400,0.63693,0.63737,0.63142,0.6336,58778,0
1698796800,0.63363,0.63991,0.63177,0.63978,72610,0
1698883200,0.63979,0.64555,0.63966,0.64332,51211,0
1698969600,0.64331,0.6518,0.64194,0.65121,60854,0
1699228800,0.65049,0.65225,0.64847,0.64875,39318,0
1699315200,0.64877,0.65015,0.64035,0.64348,38525,0
1699401600,0.64231,0.6449,0.6397,0.64007,35074,0
1699488000,0.64006,0.64281,0.6363,0.63649,42647,0
1699574400,0.63647,0.63683,0.63383,0.63596,40047,0
1699833600,0.63495,0.6391,0.63446,0.63756,36113,0
1699920000,0.63683,0.65121,0.63601,0.65059,57868,3
1700006400,0.65043,0.65424,0.64829,0.65068,61255,0
1700092800,0.65003,0.65164,0.64604,0.64661,51252,0
1700179200,0.64622,0.65155,0.64522,0.65138,40896,0
1700438400,0.65038,0.65644,0.65005,0.6555,42778,0
1700524800,0.65524,0.65892,0.6544,0.65546,47111,3
1700611200,0.6558,0.65693,0.6521,0.65408,45125,0
1700697600,0.6535,0.65741,0.6531,0.65552,17998,0
1700784000,0.65482,0.65906,0.65482,0.65808,18716,0
1701043200,0.6578,0.66136,0.65665,0.66061,24131,0
1701129600,0.66058,0.66653,0.65962,0.66469,28754,2
1701216000,0.66475,0.66758,0.66054,0.66156,32782,0
1701302400,0.66086,0.66501,0.65707,0.66037,48912,0
1701388800,0.66017,0.66754,0.65995,0.6675,40904,0
1701648000,0.66627,0.66898,0.66047,0.66183,39248,0
1701734400,0.66178,0.66216,0.65441,0.65504,45220,0
1701820800,0.65443,0.6597,0.65406,0.65472,35695,0
1701907200,0.65464,0.66195,0.65254,0.65951,43619,0
1701993600,0.6593,0.66195,0.65581,0.65725,44829,0
1702252800,0.65665,0.65826,0.65499,0.65675,33911,0
1702339200,0.65675,0.66121,0.65397,0.65582,32491,0
1702425600,0.65567,0.6673,0.65413,0.666,37434,0
1702512000,0.66581,0.67282,0.66517,0.66973,52676,0
1702598400,0.66927,0.67283,0.66631,0.67,66425,0
1702857600,0.6697,0.67352,0.66901,0.6705,56272,0
1702944000,0.67028,0.67745,0.67004,0.6761,60200,0
1703030400,0.67623,0.67789,0.67231,0.67296,65100,3
1703116800,0.6729,0.68029,0.67149,0.68007,67061,0
1703203200,0.68008,0.68248,0.6773,0.67956,65790,1
1703462400,0.6792,0.67927,0.67792,0.67883,109,90
1703548800,0.68018,0.68267,0.6787,0.68233,31910,0
1703635200,0.68234,0.68515,0.68153,0.68454,45330,0
1703721600,0.68434,0.6871,0.68239,0.68272,56336,1
1703808000,0.68234,0.6846,0.67811,0.68069,55669,3
1704153600,0.68069,0.68388,0.67563,0.67598,71840,2
1704240000,0.67609,0.67703,0.6702,0.67306,79597,0
1704326400,0.67277,0.67597,0.66964,0.67059,66129,0
1704412800,0.67066,0.67479,0.66404,0.67131,81371,0
1704672000,0.67141,0.67344,0.66773,0.67193,63111,0
1704758400,0.67188,0.67343,0.66769,0.66861,64617,0
1704844800,0.6679,0.67128,0.66782,0.66987,58486,0
1704931200,0.66973,0.67254,0.6647,0.66865,75967,0
1705017600,0.66756,0.67287,0.66704,0.6684,72501,2
1705276800,0.66779,0.67044,0.66501,0.66599,46515,0
1705363200,0.66594,0.66615,0.6576,0.65839,76488,0
1705449600,0.65839,0.65943,0.65248,0.65519,71118,0
1705536000,0.65519,0.65745,0.65251,0.65726,66504,0
1705622400,0.6569,0.66015,0.65552,0.65946,61130,3
1705881600,0.65831,0.66135,0.65662,0.65695,62142,0
1705968000,0.65698,0.66123,0.65515,0.65789,59596,0
1706054400,0.65792,0.6621,0.65657,0.65757,68315,0
1706140800,0.65753,0.66097,0.65659,0.65839,69171,2
1706227200,0.65823,0.66095,0.65745,0.65748,54106,2
1706486400,0.6573,0.66156,0.65695,0.66103,48827,0
1706572800,0.66097,0.66242,0.65748,0.66018,64817,1
1706659200,0.6602,0.66224,0.65513,0.65675,95257,0
1706745600,0.65654,0.65787,0.6508,0.65717,78378,0
1706832000,0.65705,0.66101,0.65021,0.65102,65556,0
1707091200,0.65103,0.652,0.64686,0.64825,64571,0
1707177600,0.6481,0.65248,0.64777,0.65225,68293,0
1707264000,0.65225,0.654,0.65155,0.65195,63408,0
1707350400,0.65196,0.65317,0.64803,0.6491,54887,1
1707436800,0.64909,0.65342,0.64871,0.65214,49334,1
1707696000,0.65165,0.65428,0.65044,0.6529,41800,2
1707782400,0.65304,0.65383,0.64425,0.64533,59270,2
1707868800,0.64509,0.64953,0.6446,0.64875,60229,2
1707955200,0.64882,0.65293,0.64772,0.65242,58984,2
1708041600,0.6524,0.65445,0.64963,0.65278,58889,2
1708300800,0.65244,0.65516,0.65244,0.65392,38875,0
1708387200,0.65394,0.65789,0.6521,0.65483,55558,0
1708473600,0.65476,0.65728,0.65329,0.65506,58319,1
1708560000,0.65499,0.65948,0.65401,0.65567,60480,0
1708646400,0.65566,0.65803,0.65489,0.65629,51048,0
1708905600,0.6565,0.65666,0.65306,0.65376,48888,2
1708992000,0.65394,0.65577,0.65245,0.65418,50784,1
1709078400,0.6543,0.65493,0.64881,0.64921,58478,2
1709164800,0.64946,0.65309,0.64867,0.64947,68936,0
1709251200,0.64963,0.65336,0.6489,0.65241,61719,2
1709510400,0.65201,0.6535,0.65061,0.65081,59221,2
1709596800,0.65113,0.65207,0.64772,0.64989,59593,2
1709683200,0.64958,0.65812,0.64922,0.65622,65692,2
1709769600,0.65628,0.66244,0.65598,0.66176,72009,2
1709856000,0.66193,0.66675,0.66128,0.66229,78176,0
1710115200,0.6623,0.66264,0.65965,0.66102,69510,0
1710201600,0.66102,0.66387,0.65842,0.6605,54268,0
1710288000,0.66051,0.6635,0.65999,0.66198,28267,0
1710374400,0.66201,0.66315,0.65692,0.6579,36432,0
1710460800,0.6579,0.65812,0.65519,0.65589,29214,0
1710720000,0.65582,0.65737,0.655,0.65559,25381,0
1710806400,0.65559,0.65637,0.65039,0.65304,33986,0
1710892800,0.65303,0.65869,0.65115,0.65792,32421,0
1710979200,0.65792,0.66344,0.6561,0.65686,35410,0
1711065600,0.65686,0.65766,0.65101,0.65129,32418,0
1711324800,0.65125,0.65468,0.65098,0.65383,26936,0
1711411200,0.65383,0.6559,0.65302,0.65315,25444,0
1711497600,0.65326,0.65383,0.65111,0.65305,26868,0
1711584000,0.65306,0.65406,0.64852,0.65127,29803,0
1711670400,0.65127,0.65327,0.65026,0.6514,8510,3
1711929600,0.6518,0.65386,0.64806,0.64885,19000,0
1712016000,0.64887,0.65238,0.64753,0.65173,27792,0
1712102400,0.65173,0.65696,0.64996,0.65637,30535,0
1712188800,0.65637,0.66188,0.65544,0.65873,27230,0
1712275200,0.6587,0.6592,0.65491,0.65783,36043,0
1712534400,0.65709,0.66098,0.65593,0.66035,33205,0
1712620800,0.66027,0.66441,0.6598,0.66279,31642,0
1712707200,0.66278,0.6631,0.64986,0.6512,43126,0
1712793600,0.65118,0.65528,0.65017,0.65372,46501,0
1712880000,0.65374,0.6543,0.64559,0.64616,42633,0
1713139200,0.647,0.6493,0.64375,0.64414,47693,0
1713225600,0.64395,0.6444,0.63891,0.64009,51922,0
1713312000,0.6401,0.6446,0.63962,0.64343,46253,0
1713398400,0.64317,0.64562,0.64163,0.64209,49144,0
1713484800,0.64187,0.64327,0.63619,0.64166,71667,0
1713744000,0.64076,0.64548,0.64045,0.64489,28945,0
1713830400,0.64489,0.64899,0.6441,0.64863,28571,0
1713916800,0.64841,0.65293,0.64712,0.64971,28751,0
1714003200,0.64964,0.65389,0.64847,0.65179,29943,0
1714089600,0.65179,0.65538,0.65135,0.65326,31614,0
1714348800,0.6524,0.65864,0.65165,0.65657,35208,0
1714435200,0.65656,0.65672,0.64711,0.64721,31773,0
1714521600,0.64728,0.65399,0.64651,0.65223,32486,0
1714608000,0.65219,0.65731,0.65128,0.65646,39532,1
1714694400,0.65614,0.66485,0.65596,0.66088,39255,0
1714953600,0.6616,0.66381,0.66025,0.66248,22855,0
1715040000,0.66246,0.66435,0.65866,0.6597,27822,0
1715126400,0.65967,0.65985,0.65577,0.65786,24719,0
1715212800,0.65786,0.66206,0.65652,0.66193,26508,0
1715299200,0.66191,0.66226,0.65961,0.66034,26623,0
1715558400,0.6601,0.66286,0.65854,0.66072,23790,0
1715644800,0.6607,0.66275,0.6579,0.66261,25093,0
1715731200,0.66229,0.66949,0.66184,0.66928,30254,0
1715817600,0.66909,0.67137,0.6654,0.66776,31187,0
1715904000,0.66765,0.67009,0.66487,0.66928,23774,0
1716163200,0.6693,0.67092,0.66617,0.6667,26048,0
1716249600,0.66671,0.66789,0.66464,0.66648,27488,0
1716336000,0.66624,0.6685,0.66078,0.66192,30083,0
1716422400,0.66186,0.6653,0.65977,0.66056,35896,0
1716508800,0.66057,0.66364,0.65919,0.66273,28073,0
1716768000,0.6625,0.66599,0.66214,0.66497,16771,0
1716854400,0.66524,0.66797,0.66425,0.66491,28078,1
1716940800,0.66488,0.66656,0.66088,0.66095,33048,0
1717027200,0.66063,0.66477,0.65908,0.66323,35957,0
1717113600,0.66285,0.66727,0.66216,0.66527,37531,0
1717372800,0.6643,0.66951,0.66326,0.6689,35952,0
1717459200,0.66887,0.66985,0.66305,0.66488,39983,0
1717545600,0.66454,0.66643,0.6626,0.6647,32390,0
1717632000,0.66443,0.66834,0.66334,0.66656,35073,0
1717718400,0.6659,0.6681,0.65785,0.65789,39198,0
1717977600,0.65774,0.66108,0.65753,0.66093,31297,0
1718064000,0.6606,0.66134,0.65885,0.66056,33675,0
1718150400,0.66051,0.67043,0.65969,0.66631,40889,0
1718236800,0.6663,0.6675,0.6626,0.66349,36323,1
1718323200,0.66348,0.66414,0.65913,0.66148,40609,0
1718582400,0.6608,0.66178,0.65851,0.66126,29075,0
1718668800,0.66102,0.66577,0.65998,0.66557,34844,1
1718755200,0.66556,0.66774,0.66507,0.66708,20532,0
1718841600,0.66682,0.6679,0.66474,0.66553,31529,0
1718928000,0.66553,0.66694,0.66313,0.66395,33330,0
1719187200,0.6638,0.66675,0.66259,0.66553,31241,0
1719273600,0.66565,0.66724,0.6635,0.66463,30162,0
1719360000,0.66451,0.66885,0.66331,0.66471,34965,0
1719446400,0.66468,0.66723,0.66398,0.66464,33164,0
1719532800,0.6643,0.66844,0.66199,0.66691,36432,2
1719792000,0.668,0.66888,0.66437,0.66596,34046,2
1719878400,0.66581,0.666,0.6634,0.66494,13789,2
1719964800,0.66659,0.67335,0.66629,0.67024,27684,0
1720051200,0.67016,0.67314,0.67011,0.67254,17700,0
1720137600,0.67228,0.67526,0.6709,0.67479,32593,2
1720396800,0.674,0.67608,0.67309,0.67363,29168,0
1720483200,0.67342,0.67474,0.67237,0.67406,28924,0
1720569600,0.67405,0.67518,0.6732,0.67467,26512,0
1720656000,0.67469,0.67984,0.67424,0.67589,37419,0
1720742400,0.67588,0.67935,0.67537,0.67835,36637,0
1721001600,0.67686,0.67885,0.67523,0.67588,37974,0
1721088000,0.67586,0.67641,0.67144,0.67331,35411,0
1721174400,0.67316,0.67545,0.67207,0.67287,41171,1
1721260800,0.67278,0.67433,0.66974,0.67055,42732,1
1721347200,0.6703,0.67084,0.668,0.66834,38551,3
1721606400,0.6689,0.67021,0.66311,0.66418,35812,2
1721692800,0.66422,0.66457,0.66109,0.66142,32192,2
1721779200,0.66142,0.66166,0.65775,0.65807,38881,3
1721865600,0.65774,0.65821,0.65135,0.65374,49566,2
1721952000,0.6537,0.65682,0.6532,0.65465,34791,2
1722211200,0.6549,0.65681,0.65239,0.65483,31785,0
1722297600,0.65483,0.65621,0.65289,0.65374,34096,2
1722384000,0.65358,0.65555,0.64795,0.65407,48477,0
1722470400,0.65398,0.65597,0.64886,0.65007,46589,0
1722556800,0.65007,0.65471,0.64864,0.65109,53805,0
1722816000,0.65054,0.65185,0.63489,0.64957,75149,2
1722902400,0.64956,0.65415,0.64724,0.65211,71081,2
1722988800,0.65207,0.65744,0.65071,0.65184,60437,2
1723075200,0.6517,0.65936,0.65071,0.65914,51317,0
1723161600,0.65872,0.66049,0.65662,0.65705,38559,3
1723420800,0.6568,0.66045,0.65646,0.65845,31453,6
1723507200,0.65831,0.66375,0.65786,0.66273,31469,3
1723593600,0.66267,0.66426,0.65947,0.65993,37934,6
1723680000,0.65987,0.66341,0.65684,0.66121,33702,2
1723766400,0.66118,0.66708,0.66069,0.66684,27309,6
1724025600,0.66682,0.67331,0.66381,0.67282,31116,5
1724112000,0.67286,0.67489,0.67127,0.67444,30231,0
1724198400,0.67437,0.67604,0.67305,0.67412,31850,6
1724284800,0.6742,0.67523,0.66968,0.67041,32196,5
1724371200,0.67012,0.67981,0.66991,0.67951,32310,0
1724630400,0.6787,0.67961,0.67663,0.67709,31868,0
1724716800,0.67706,0.6795,0.67612,0.67909,30390,6
1724803200,0.67918,0.68124,0.6764,0.67838,36660,6
1724889600,0.6783,0.68234,0.67759,0.67972,36827,7
1724976000,0.67965,0.6816,0.67511,0.67634,32368,5
1725235200,0.6765,0.67944,0.67567,0.6789,22977,0
1725321600,0.67878,0.67918,0.67076,0.67102,37383,0
1725408000,0.67104,0.67488,0.66853,0.67232,37856,6
1725494400,0.67235,0.67412,0.67101,0.67393,35421,4
1725580800,0.67397,0.67667,0.66594,0.66684,43180,1
1725840000,0.66638,0.66884,0.66474,0.66596,31875,6
1725926400,0.66603,0.66761,0.66406,0.66516,31915,0
1726012800,0.66503,0.66754,0.66217,0.66728,40263,6
1726099200,0.66736,0.67249,0.66562,0.67216,34551,5
1726185600,0.67218,0.67322,0.66919,0.67031,31939,4
1726444800,0.66959,0.67532,0.66959,0.67505,27290,6
1726531200,0.6748,0.67682,0.6741,0.67544,32600,2
1726617600,0.67546,0.68199,0.67418,0.6763,37674,4
1726704000,0.67631,0.68386,0.67372,0.68136,47446,6
1726790400,0.68116,0.68284,0.67826,0.68055,37884,2
1727049600,0.67991,0.68532,0.67954,0.68373,34420,0
1727136000,0.68371,0.68929,0.68138,0.6891,38998,6
1727222400,0.68915,0.69077,0.68176,0.68216,39269,2
1727308800,0.68221,0.69044,0.68185,0.68943,40572,0
1727395200,0.68924,0.69369,0.68677,0.69007,41452,0
1727654400,0.6902,0.69418,0.68953,0.69125,41094,5
1727740800,0.69116,0.69341,0.68561,0.68823,45620,6
1727827200,0.688,0.69153,0.68711,0.68838,40752,5
1727913600,0.6881,0.68883,0.68297,0.68391,41150,6
1728000000,0.68395,0.68517,0.67852,0.6792,39169,6
1728259200,0.6782,0.68097,0.67429,0.67561,41651,3
1728345600,0.67551,0.6769,0.67146,0.67406,46134,3
1728432000,0.67397,0.67613,0.67075,0.67198,40586,0
1728518400,0.67202,0.67424,0.67001,0.6734,43051,0
1728604800,0.67337,0.67588,0.67245,0.67497,28106,1
1728864000,0.6739,0.67474,0.67018,0.67247,37225,2
1728950400,0.67224,0.67323,0.66977,0.67021,34346,0
1729036800,0.66992,0.67047,0.6658,0.66656,34517,0
1729123200,0.66628,0.671,0.66517,0.66953,34974,0
1729209600,0.66928,0.6719,0.66915,0.67056,31320,0
1729468800,0.6705,0.67229,0.66527,0.66583,29693,1
1729555200,0.66596,0.66944,0.66504,0.66806,32343,0
1729641600,0.66793,0.66911,0.66137,0.66326,33868,0
1729728000,0.6628,0.66609,0.66207,0.66392,32576,1
1729814400,0.66402,0.66464,0.66008,0.66031,29327,0
1730073600,0.66107,0.66107,0.65792,0.65819,28935,0
1730160000,0.65817,0.65843,0.65447,0.6558,34331,0
1730246400,0.65579,0.65955,0.65366,0.65714,35464,0
1730332800,0.65713,0.65838,0.65392,0.6579,37529,1
1730419200,0.65809,0.65909,0.65534,0.65583,35147,1
1730678400,0.66067,0.66186,0.65793,0.65835,38276,2
1730764800,0.65839,0.66411,0.65778,0.66359,32697,4
1730851200,0.66354,0.66443,0.65121,0.65656,72490,0
1730937600,0.65613,0.66873,0.65607,0.66722,50172,6
1731024000,0.66716,0.66797,0.65579,0.65798,47882,6
1731283200,0.65774,0.65979,0.65624,0.65743,37945,1
1731369600,0.65729,0.65811,0.65138,0.65314,44282,0
1731456000,0.65315,0.65455,0.64797,0.64848,45490,0
1731542400,0.64845,0.64967,0.64403,0.64534,49214,1
1731628800,0.64483,0.64809,0.64425,0.64608,46591,2
1731888000,0.64579,0.65107,0.64476,0.6507,41997,2
1731974400,0.65068,0.65336,0.6482,0.65307,47043,1
1732060800,0.65286,0.65441,0.6484,0.65043,38677,2
1732147200,0.6504,0.65321,0.64969,0.65093,42378,1
1732233600,0.65103,0.65211,0.6471,0.64998,47678,1
1732492800,0.6534,0.65494,0.6487,0.65031,42489,5
1732579200,0.65002,0.6507,0.64334,0.64733,51700,0
1732665600,0.64738,0.65003,0.64573,0.64963,46370,3
1732752000,0.64922,0.6509,0.64769,0.64981,27927,2
1732838400,0.64962,0.65276,0.64797,0.65093,41261,3
1733097600,0.65105,0.65133,0.64426,0.64727,45991,3
1733184000,0.64694,0.65042,0.64549,0.64811,41325,2
1733270400,0.6481,0.64879,0.63989,0.64254,45269,3
1733356800,0.6428,0.64544,0.64211,0.64477,36435,0
1733443200,0.64475,0.64554,0.63722,0.63853,41411,6
1733702400,0.63866,0.6471,0.63794,0.64354,35965,7
1733788800,0.64355,0.64412,0.63649,0.63727,39046,2
1733875200,0.63746,0.63887,0.63363,0.63636,42844,6
1733961600,0.63631,0.6429,0.63606,0.63639,44636,0
1734048000,0.6365,0.63832,0.63514,0.63594,37269,3
1734307200,0.6351,0.63824,0.63448,0.63665,32469,1
1734393600,0.63656,0.63775,0.6331,0.63331,32878,2
1734480000,0.63321,0.63388,0.62107,0.62137,39597,3
1734566400,0.62092,0.62648,0.61987,0.62337,48197,6
1734652800,0.62334,0.6274,0.62146,0.6249,43485,0
1734912000,0.6253,0.62645,0.62184,0.62437,33233,3
1734998400,0.62385,0.62486,0.62181,0.62302,22437,0
1735084800,0.62343,0.62343,0.62302,0.62309,20,117
1735171200,0.6241,0.62538,0.62153,0.62168,24488,2
1735257600,0.62154,0.62255,0.62002,0.62133,30124,2
1735516800,0.62126,0.62463,0.62014,0.62163,31432,3
1735603200,0.6218,0.62312,0.61786,0.61837,30512,0
1735689600,0.61768,0.61768,0.61768,0.61768,1,124
1735776000,0.61853,0.62223,0.61717,0.61987,40987,2
1735862400,0.61977,0.62247,0.61913,0.62137,34145,3
1736121600,0.62092,0.63017,0.62034,0.62412,42863,2
1736208000,0.62441,0.62877,0.62256,0.62263,33069,2
1736294400,0.6224,0.62417,0.61871,0.62105,42418,6
1736380800,0.62123,0.62159,0.61715,0.61948,30526,0
1736467200,0.61961,0.62056,0.6139,0.61427,43434,1
1736726400,0.61421,0.61768,0.61306,0.61733,41397,1
1736812800,0.61713,0.62069,0.61657,0.61933,43491,1
1736899200,0.61938,0.62462,0.61808,0.62261,35568,1
1736985600,0.62213,0.62455,0.61891,0.62121,40413,0
1737072000,0.6206,0.62269,0.61641,0.61903,35703,3
1737331200,0.6198,0.62862,0.61891,0.62696,36449,0
1737417600,0.62717,0.62884,0.62078,0.62696,46148,1
1737504000,0.62707,0.62951,0.62527,0.62695,40078,2
1737590400,0.62691,0.62993,0.62547,0.62837,38375,0
1737676800,0.62827,0.63302,0.62783,0.63112,41904,2
1737936000,0.62931,0.63089,0.62745,0.62913,46460,2
1738022400,0.62896,0.62944,0.6237,0.62513,40223,3
1738108800,0.62515,0.62554,0.62097,0.62231,39955,4
1738195200,0.62208,0.6243,0.61987,0.6206,35520,2
1738281600,0.61993,0.62624,0.61988,0.621,44973,3
1738540800,0.61502,0.62369,0.60874,0.62245,65835,5
1738627200,0.62215,0.62617,0.61704,0.62476,44943,4
1738713600,0.62473,0.62965,0.62399,0.62834,38039,0
1738800000,0.62838,0.62878,0.62549,0.62813,32416,3
1738886400,0.6276,0.63004,0.62529,0.62715,39049,3
1739145600,0.62318,0.6287,0.62316,0.62759,33930,0
1739232000,0.62768,0.63014,0.62601,0.62937,31688,2
1739318400,0.62895,0.63091,0.62347,0.62785,41417,3
1739404800,0.62781,0.63224,0.62544,0.63159,43874,2
1739491200,0.63157,0.63674,0.631,0.63481,37570,0
1739750400,0.63232,0.63734,0.63232,0.63543,29307,0
1739836800,0.63556,0.63673,0.63343,0.63521,33020,0
1739923200,0.63515,0.63697,0.63364,0.63431,35074,0
1740009600,0.63344,0.64036,0.63275,0.6398,42135,0
1740096000,0.63973,0.64081,0.63513,0.63541,40830,4
1740355200,0.63606,0.63918,0.6344,0.63479,49436,0
1740441600,0.63451,0.63561,0.6322,0.6341,49326,3
1740528000,0.63416,0.63534,0.6295,0.63038,48153,0
1740614400,0.63017,0.63142,0.6231,0.62347,54151,0
1740700800,0.62303,0.6238,0.61923,0.62047,49923,0
1740960000,0.62094,0.62544,0.62037,0.62234,61055,4
1741046400,0.62171,0.62718,0.61868,0.62703,76275,3
1741132800,0.62689,0.63423,0.62337,0.63333,69775,3
1741219200,0.63339,0.63637,0.6321,0.63318,68136,4
1741305600,0.63316,0.63377,0.62821,0.63054,63721,0
1741564800,0.63027,0.63309,0.62642,0.62764,64277,0
1741651200,0.6276,0.63113,0.62585,0.62934,68836,3
1741737600,0.62941,0.63223,0.62762,0.63182,54962,0
1741824000,0.63199,0.63332,0.62691,0.62822,51113,0
1741910400,0.62812,0.63305,0.62776,0.63232,46651,0
1742169600,0.63261,0.63908,0.63209,0.63817,39575,0
1742256000,0.63816,0.63907,0.63438,0.6358,34694,0
1742342400,0.63582,0.63662,0.63209,0.63564,41782,0
1742428800,0.63559,0.63634,0.6271,0.62961,42811,0
1742515200,0.6297,0.63057,0.62577,0.62697,35675,0
1742774400,0.62705,0.63045,0.6267,0.6281,43066,4
1742860800,0.6281,0.63246,0.62777,0.63019,42498,18
1742947200,0.63019,0.63298,0.62776,0.62897,51229,0
1743033600,0.62892,0.63176,0.62785,0.62993,53020,18
1743120000,0.62978,0.63114,0.62799,0.62848,46189,18
1743379200,0.62907,0.62997,0.6218,0.62464,59072,18
1743465600,0.62463,0.62824,0.62311,0.62761,57412,17
1743552000,0.62691,0.634,0.62568,0.62925,52667,18
1743638400,0.62928,0.63881,0.62254,0.63269,105909,0
1743724800,0.63266,0.63311,0.59859,0.60367,126637,18
1743984000,0.5996,0.6127,0.59319,0.59776,174097,0
1744070400,0.59766,0.60846,0.5946,0.59528,129940,18
1744156800,0.59526,0.6175,0.59138,0.61489,149238,18
1744243200,0.61493,0.62486,0.61151,0.62188,142196,18
1744329600,0.62194,0.62994,0.61803,0.6289,152164,18
1744588800,0.6302,0.6342,0.62745,0.63184,94944,18
1744675200,0.6319,0.63824,0.63152,0.63426,79221,18
1744761600,0.63421,0.63907,0.63218,0.6368,80621,18
1744848000,0.6367,0.63932,0.63324,0.63826,68792,18
1744934400,0.63825,0.63931,0.63659,0.63724,204502,0
1745193600,0.63696,0.6437,0.63636,0.64113,56435,18
1745280000,0.64105,0.64383,0.63604,0.63648,68653,0
1745366400,0.63596,0.64343,0.63485,0.63582,79912,8
1745452800,0.63539,0.64123,0.6343,0.64035,60994,2
1745539200,0.64034,0.642,0.63739,0.63919,58034,18
1745798400,0.6391,0.64342,0.6367,0.64297,56329,18
1745884800,0.64241,0.64489,0.63754,0.63811,53703,14
1745971200,0.63816,0.6417,0.63552,0.64008,59015,0
1746057600,0.63997,0.64264,0.63649,0.63812,52573,18
1746144000,0.63809,0.6469,0.63681,0.64411,63535,18
1746403200,0.64474,0.6493,0.64336,0.64673,52101,18
1746489600,0.64685,0.65006,0.64371,0.64931,52075,18
1746576000,0.64936,0.6514,0.64205,0.64227,65015,18
1746662400,0.64222,0.64637,0.63943,0.63991,60814,18
1746748800,0.63969,0.64317,0.63702,0.64089,44632,0
1747008000,0.6417,0.646,0.6356,0.63702,68615,0
1747094400,0.63645,0.64779,0.63556,0.64692,53219,0
1747180800,0.64642,0.65001,0.64217,0.64265,57939,0
1747267200,0.64254,0.64568,0.63898,0.64039,51775,0
1747353600,0.64041,0.64353,0.6387,0.64004,44803,18
1747612800,0.63957,0.64643,0.6395,0.64557,47406,18
1747699200,0.64553,0.64581,0.6391,0.64217,46847,14
1747785600,0.6422,0.64685,0.64135,0.6433,57329,18
1747872000,0.64341,0.64577,0.64066,0.64092,52779,18
1747958400,0.6408,0.64986,0.64076,0.64926,51652,18
1748217600,0.64865,0.65365,0.64816,0.64839,33611,0
1748304000,0.64813,0.64946,0.6434,0.64408,44970,4
1748390400,0.64385,0.64526,0.64091,0.64247,50845,0
1748476800,0.64132,0.64594,0.64066,0.64392,62951,18
1748563200,0.6432,0.64517,0.64068,0.64283,56676,2
1748822400,0.64307,0.64996,0.64303,0.6494,49904,5
1748908800,0.64936,0.64991,0.64463,0.64611,45409,18
1748995200,0.64604,0.65041,0.64468,0.64902,46300,18
1749081600,0.6487,0.65371,0.64833,0.6504,54301,4
1749168000,0.65037,0.65163,0.64787,0.64923,50335,0
1749427200,0.6497,0.65332,0.64927,0.65153,37711,18
1749513600,0.6509,0.65323,0.64891,0.65205,49703,4
1749600000,0.65171,0.6545,0.64952,0.64986,49831,18
1749686400,0.64983,0.65328,0.64765,0.65318,54926,4
1749772800,0.65313,0.65328,0.64555,0.64834,75636,18
1750032000,0.64818,0.65512,0.64658,0.6522,54449,18
1750118400,0.65209,0.65429,0.64653,0.64731,61970,18
1750204800,0.64764,0.65367,0.64658,0.65068,62045,18
1750291200,0.65036,0.65101,0.64449,0.6478,46688,0
1750377600,0.64778,0.64948,0.64468,0.6447,49338,18
1750636800,0.64223,0.64626,0.63719,0.64576,69348,18
1750723200,0.64514,0.65184,0.64485,0.64869,59634,0
1750809600,0.64871,0.65143,0.64807,0.65114,48414,18
1750896000,0.65071,0.6563,0.65027,0.65446,61536,18
1750982400,0.65414,0.65603,0.65076,0.6531,53831,18
1751241600,0.65343,0.65822,0.65222,0.65778,51296,18
1751328000,0.65718,0.65894,0.65531,0.6581,47845,18
1751414400,0.65805,0.6588,0.65427,0.65825,53933,0
1751500800,0.65808,0.65871,0.65363,0.65703,27715,8
1751587200,0.65658,0.65776,0.65442,0.65443,44646,0
1751846400,0.65524,0.65562,0.64847,0.64891,52941,18
1751932800,0.6489,0.65567,0.64875,0.65286,57963,18
1752019200,0.65291,0.65471,0.65089,0.65345,54849,17
1752105600,0.65351,0.65907,0.65268,0.65868,43785,18
1752192000,0.65724,0.65942,0.65557,0.65728,57164,18
1752451200,0.6562,0.65868,0.65419,0.65434,45957,18
1752537600,0.65432,0.6575,0.6507,0.65135,47787,0
1752624000,0.6512,0.65535,0.64946,0.65265,54889,16
1752710400,0.65252,0.653,0.64538,0.64868,47320,18
1752796800,0.64855,0.654,0.64767,0.65015,41593,14
1753056000,0.65044,0.65367,0.64972,0.65235,39079,8
1753142400,0.65234,0.65571,0.65033,0.65528,40802,18
1753228800,0.65517,0.66023,0.65359,0.66003,48954,4
1753315200,0.65972,0.66242,0.65853,0.65888,44652,4
1753401600,0.65881,0.65979,0.65503,0.65646,45515,4
1753660800,0.65724,0.65849,0.65122,0.65194,47931,18
1753747200,0.65178,0.65292,0.64953,0.65074,44862,18
1753833600,0.65031,0.65281,0.64252,0.64321,57293,5
1753920000,0.64302,0.64755,0.64232,0.64245,54808,8
1754006400,0.64207,0.64924,0.64181,0.64647,68733,0
1754265600,0.64651,0.64894,0.64591,0.64682,34900,4
1754352000,0.64623,0.64791,0.64495,0.64717,35004,4
1754438400,0.64634,0.6508,0.64593,0.65025,33197,4
1754524800,0.64967,0.65405,0.64887,0.65222,48960,18
1754611200,0.65112,0.65341,0.65031,0.65171,37711,18
1754870400,0.65188,0.65278,0.65005,0.65125,36881,18
1754956800,0.65068,0.65397,0.64811,0.65286,51160,18
1755043200,0.65247,0.65619,0.65157,0.65449,34779,18
1755129600,0.65393,0.6568,0.64819,0.64951,45856,18
1755216000,0.64869,0.6522,0.64833,0.65046,38890,18
1755475200,0.65075,0.65234,0.64808,0.64905,32032,18
1755561600,0.64817,0.64966,0.64489,0.64531,41157,18
1755648000,0.6448,0.64552,0.64228,0.64329,42472,4
1755734400,0.64279,0.6436,0.64138,0.64199,43141,5
1755820800,0.64079,0.65002,0.64079,0.64867,46533,4
1756080000,0.64865,0.65043,0.64709,0.64826,36443,18
1756166400,0.6477,0.64999,0.64694,0.6493,43972,18
1756252800,0.64869,0.65122,0.64617,0.6505,40491,18
1756339200,0.65023,0.65369,0.65001,0.65317,37147,18
1756425600,0.65248,0.65479,0.65222,0.65343,41506,18
1756684800,0.65438,0.65592,0.65343,0.65528,29509,4
1756771200,0.65453,0.65577,0.64825,0.652,51503,8
1756857600,0.65122,0.65536,0.65015,0.65428,46495,4
1756944000,0.65358,0.6549,0.65012,0.65168,35251,4
1757030400,0.6509,0.65884,0.65022,0.65518,34516,4
1757289600,0.65497,0.65985,0.65453,0.65913,29262,4
1757376000,0.65822,0.66196,0.65771,0.65835,30637,4
1757462400,0.65752,0.66354,0.65752,0.66127,32326,4
1757548800,0.66133,0.66646,0.659,0.666,34075,4
1757635200,0.66558,0.66685,0.66306,0.66466,29589,4
1757894400,0.66263,0.66746,0.66263,0.66695,28077,4
1757980800,0.6659,0.66881,0.6657,0.66842,32133,4
1758067200,0.66802,0.67066,0.66411,0.66519,37188,0
1758153600,0.66491,0.66597,0.66069,0.66117,40176,0
1758240000,0.66102,0.66193,0.65857,0.65887,33596,0
1758499200,0.65832,0.66024,0.65747,0.65987,27117,0
1758585600,0.65959,0.66153,0.65809,0.65982,30613,0
1758672000,0.65927,0.66277,0.65746,0.6582,31810,0
1758758400,0.65795,0.66036,0.65257,0.65395,34768,0
1758844800,0.65331,0.65511,0.65204,0.65445,32284,0
1759104000,0.65456,0.65809,0.65425,0.65763,27206,0
1759190400,0.65758,0.66282,0.65708,0.66119,36292,0
1759276800,0.66117,0.66287,0.6589,0.66126,39703,0
1759363200,0.66106,0.66243,0.65768,0.65956,29843,0
1759449600,0.65927,0.6614,0.65887,0.65998,28346,0
1759708800,0.65778,0.66203,0.65765,0.66169,34267,0
1759795200,0.66134,0.66241,0.6578,0.65801,31511,0
1759881600,0.65806,0.65885,0.65563,0.65855,31605,0
1759968000,0.65797,0.66121,0.65398,0.6554,39514,0
1760054400,0.65533,0.65725,0.64694,0.64721,44761,0
1760313600,0.65088,0.65324,0.6491,0.65141,38554,0
1760400000,0.65117,0.65208,0.64402,0.64855,46071,0
1760486400,0.64837,0.65232,0.6478,0.65116,39581,0
1760572800,0.65007,0.65155,0.64709,0.64834,44023,0
1760659200,0.6483,0.65021,0.64434,0.64921,47505,4
1760918400,0.64874,0.65211,0.64844,0.65122,29696,0
1761004800,0.65082,0.65247,0.64726,0.6487,35684,0
1761091200,0.64865,0.65119,0.64781,0.64877,37790,0
1761177600,0.64862,0.65174,0.64785,0.65124,26268,0
1761264000,0.65053,0.65287,0.64926,0.65119,30184,0
1761523200,0.65361,0.65593,0.6528,0.65546,28872,0
1761609600,0.65546,0.65905,0.65442,0.65805,26886,0
1761696000,0.65811,0.66174,0.65569,0.65715,42639,0
1761782400,0.65713,0.65971,0.65325,0.65526,43914,0
1761868800,0.65526,0.65599,0.65329,0.65419,30682,0
1762128000,0.65415,0.65621,0.65174,0.65377,27831,0
1762214400,0.65336,0.65395,0.64807,0.64883,36494,0
1762300800,0.64881,0.65126,0.64583,0.6506,32673,0
1762387200,0.65029,0.65184,0.6463,0.64788,36079,0
1762473600,0.64766,0.64985,0.64672,0.64905,39378,0
1762732800,0.64952,0.65399,0.64896,0.65356,27082,0
1762819200,0.65319,0.65379,0.65146,0.65262,27449,0
1762905600,0.65194,0.655,0.65155,0.65404,27898,0
1762992000,0.6539,0.658,0.65236,0.65291,41670,4
1763078400,0.65259,0.65512,0.65035,0.65332,45904,0
1763337600,0.65303,0.65372,0.64818,0.64931,36341,4
1763424000,0.64914,0.65181,0.64645,0.65071,45440,0
1763510400,0.65043,0.65114,0.64509,0.64783,42507,4
1763596800,0.64734,0.65024,0.64359,0.64391,48964,0
1763683200,0.64395,0.64606,0.64212,0.6454,52762,0
1763942400,0.64503,0.64682,0.64421,0.64637,32729,4
1764028800,0.64595,0.64755,0.6436,0.64682,38412,4
1764115200,0.64653,0.65209,0.64638,0.65175,38112,0
1764201600,0.65155,0.65395,0.65151,0.65335,20599,0
1764288000,0.65304,0.65589,0.65196,0.65432,110335,0
1764547200,0.65374,0.65664,0.65362,0.6543,38133,0
1764633600,0.65419,0.65706,0.65362,0.65649,29226,0
1764720000,0.65578,0.66019,0.6552,0.66008,30636,0
1764806400,0.65963,0.66239,0.65955,0.66091,37116,0
1764892800,0.66089,0.66487,0.6605,0.66375,28273,0
1765152000,0.66314,0.66486,0.66136,0.66233,29301,0
1765238400,0.66192,0.66542,0.66079,0.66419,33317,0
1765324800,0.66332,0.66856,0.66285,0.66747,38369,4
1765411200,0.66715,0.66786,0.66262,0.66634,40093,0
1765497600,0.6663,0.66769,0.66323,0.66487,36937,0
1765756800,0.66372,0.66564,0.66318,0.66398,37527,0
1765843200,0.66382,0.66609,0.66177,0.66318,43666,0
1765929600,0.66292,0.66346,0.65989,0.6604,39177,0
1766016000,0.66007,0.66306,0.65922,0.66118,39186,0
1766102400,0.66094,0.66249,0.66,0.66081,30748,0
1766361600,0.66062,0.66602,0.6605,0.66571,26524,0
1766448000,0.66535,0.67019,0.66528,0.67009,30063,0
1766534400,0.66975,0.67173,0.66968,0.67037,31069,0
1766707200,0.66981,0.67245,0.66947,0.67107,31538,0
1766966400,0.66953,0.6727,0.66828,0.66928,35555,0
1767052800,0.66919,0.67176,0.66876,0.66955,28095,0
1767139200,0.66911,0.6701,0.66596,0.66722,31040,0
1767312000,0.66696,0.67069,0.66604,0.66909,33562,0
1767571200,0.66764,0.67188,0.66629,0.67138,40069,0
1767657600,0.67118,0.67415,0.67029,0.6738,31335,0
1767744000,0.67352,0.67662,0.67167,0.672,31887,0
1767830400,0.67196,0.67251,0.66816,0.66982,28884,0
1767916800,0.66977,0.67038,0.66634,0.66833,31657,0
1768176000,0.66756,0.67224,0.66746,0.67093,26588,0
1768262400,0.67085,0.67275,0.66729,0.668,29040,0
1768348800,0.66804,0.67025,0.66726,0.6682,31403,0
1768435200,0.66785,0.67095,0.66674,0.66982,28053,0
1768521600,0.66952,0.67098,0.66712,0.66789,23554,0
1768780800,0.6672,0.67174,0.66683,0.67131,23569,0
1768867200,0.67076,0.67469,0.6706,0.67362,38670,0
1768953600,0.67315,0.67778,0.6727,0.67614,38210,0
1769040000,0.67579,0.68442,0.6753,0.68401,30351,0
1769126400,0.68386,0.68985,0.68336,0.68924,30131,0
1769385600,0.69203,0.69409,0.69053,0.69156,38561,4
1769472000,0.69096,0.70163,0.69015,0.70111,39138,0
1769558400,0.70087,0.70427,0.69763,0.70399,52314,4
1769644800,0.70297,0.70939,0.69692,0.70486,65690,4
1769731200,0.70438,0.70553,0.69397,0.69583,77717,4
1769990400,0.69464,0.69709,0.69082,0.6947,77116,4
1770076800,0.69478,0.70505,0.69428,0.70214,58914,4
1770163200,0.70142,0.7043,0.69708,0.69973,54087,0
1770249600,0.69901,0.7007,0.69264,0.6927,64134,4
1770336000,0.69234,0.7025,0.68972,0.7011,47154,4
1770595200,0.70073,0.70986,0.70023,0.70926,39936,1
1770681600,0.70894,0.70938,0.70637,0.70739,35159,1
1770768000,0.70728,0.71424,0.70612,0.71265,48573,1
1770854400,0.71223,0.71472,0.70758,0.70901,49392,4
1770940800,0.70861,0.70974,0.70435,0.70677,53577,4
1771200000,0.70545,0.70969,0.70545,0.70712,22113,0
1771286400,0.70668,0.70896,0.70282,0.70849,46194,1
1771372800,0.70704,0.70876,0.70343,0.7042,31832,4
1771459200,0.70411,0.70802,0.70235,0.70572,40608,0
1771545600,0.70528,0.70938,0.70146,0.7079,54376,4
1771804800,0.70721,0.71116,0.70478,0.70546,42503,1
1771891200,0.70485,0.7073,0.7026,0.7057,34787,0
1771977600,0.70564,0.71256,0.70563,0.71228,34586,1
1772064000,0.71164,0.71366,0.70671,0.71089,39251,1
1772150400,0.71043,0.71323,0.70857,0.71134,41854,0
1772409600,0.70324,0.71167,0.70314,0.70934,77437,4
1772496000,0.70865,0.71227,0.69437,0.70333,99214,0
1772582400,0.70366,0.70834,0.69838,0.70753,90985,4
1772668800,0.70735,0.70891,0.69739,0.7006,86114,0
1772755200,0.7005,0.70472,0.69769,0.70297,177705,0
1773014400,0.69849,0.70788,0.69561,0.70758,343998,0
1773100800,0.70759,0.71686,0.70532,0.7114,358117,0
1773187200,0.7114,0.71875,0.71124,0.71503,297489,0
1773273600,0.71504,0.7161,0.70721,0.70727,292192,0
1773360000,0.70727,0.70925,0.69787,0.69787,291715,0
1773619200,0.69961,0.70827,0.69855,0.70671,241947,0
1773705600,0.70671,0.71182,0.70488,0.70997,150227,0
1773792000,0.70996,0.71233,0.70177,0.70316,109406,0
1773878400,0.70316,0.71088,0.69993,0.70851,176797,0
1773964800,0.70851,0.7097,0.70051,0.70204,137548,0
1774224000,0.69944,0.70623,0.69106,0.70028,236905,0
1774310400,0.70028,0.70241,0.69381,0.69934,200014,0
1774396800,0.69934,0.70034,0.69426,0.69458,130880,0
1774483200,0.6945,0.69566,0.68751,0.68877,110922,0
1774569600,0.68878,0.69119,0.68642,0.68651,105880,0
1774828800,0.68597,0.68742,0.68331,0.68522,106049,0
1774915200,0.68487,0.69033,0.68337,0.68993,145357,0
1775001600,0.68964,0.69632,0.6887,0.69276,118333,0
1775088000,0.69212,0.69407,0.68597,0.69095,130025,0
1775174400,0.68805,0.69156,0.68801,0.68945,30796,0
1775433600,0.6878,0.69379,0.68757,0.69172,83370,0
1775520000,0.69146,0.69781,0.6898,0.69756,109326,0
1775606400,0.69756,0.70843,0.69603,0.70431,149971,0
1775692800,0.70297,0.70947,0.7022,0.70823,86131,0
1775779200,0.70743,0.70937,0.70518,0.70645,68370,0
1776038400,0.69838,0.71004,0.69828,0.70935,74374,0
1776124800,0.70935,0.71478,0.7077,0.71255,62102,0
1776211200,0.7121,0.71776,0.70998,0.71697,62355,0
1776297600,0.71532,0.71971,0.7152,0.71615,66239,0
1776384000,0.71584,0.72218,0.71504,0.71691,76465,0
1776643200,0.71206,0.71797,0.71158,0.71775,73234,0
1776729600,0.71755,0.71859,0.71299,0.71526,79621,0
1776816000,0.71485,0.71762,0.71446,0.71607,64105,0
1776902400,0.71493,0.71663,0.71109,0.71272,105287,0
1776988800,0.71257,0.71553,0.71143,0.71488,72067,0
1777248000,0.71315,0.71998,0.71305,0.71848,56788,0
1777334400,0.71749,0.71943,0.71508,0.71814,75788,0
1777420800,0.71683,0.71893,0.71015,0.71149,83472,0
1777507200,0.71018,0.72029,0.71018,0.72003,102374,0
1777593600,0.71982,0.72278,0.71833,0.7196,71903,0
1777852800,0.72001,0.722,0.71532,0.71654,89313,0
1777939200,0.71647,0.71976,0.71356,0.71819,62824,0
1778025600,0.71794,0.72774,0.716,0.72367,99953,0
1778112000,0.7225,0.72641,0.72041,0.72047,78509,0
1778198400,0.72055,0.72489,0.71997,0.7246,73375,0
1778457600,0.72161,0.72595,0.7216,0.72489,54234,0
1778544000,0.72457,0.72515,0.72086,0.72392,72384,0
1778630400,0.72379,0.72716,0.72302,0.72573,58362,0
1778716800,0.72554,0.72642,0.72158,0.72197,61089,0
1778803200,0.72197,0.72224,0.71397,0.71471,89186,0
1779062400,0.71396,0.71843,0.71183,0.71681,95832,0
1779148800,0.71654,0.71763,0.70794,0.71068,82265,0
1779235200,0.71037,0.71743,0.70865,0.71514,82784,0
1779321600,0.7148,0.71684,0.70994,0.71488,101137,0
1779408000,0.71469,0.71523,0.71162,0.71268,64293,0
1779667200,0.71547,0.71818,0.7152,0.71742,34918,0
1779753600,0.71651,0.71763,0.71551,0.71665,54299,0
1779840000,0.71636,0.71792,0.71236,0.71405,74717,0
1779926400,0.71279,0.71695,0.70973,0.71624,82259,0
1780012800,0.71599,0.72004,0.7149,0.71851,76083,0
1780272000,0.71684,0.71902,0.71345,0.71591,61222,0
1780358400,0.71521,0.71878,0.71493,0.71794,58870,0
1780444800,0.71772,0.71815,0.71264,0.71271,69158,0
1780531200,0.7117,0.71489,0.7117,0.71327,73692,0
1780617600,0.71302,0.71438,0.70369,0.70465,92929,0
1780876800,0.7018,0.70781,0.7018,0.7044,106029,0
1780963200,0.70407,0.70705,0.7005,0.70265,110880,0
1781049600,0.70136,0.70373,0.69941,0.69966,127404,0
1781136000,0.69968,0.70551,0.69788,0.70493,127084,0
1781222400,0.70323,0.706,0.7021,0.70466,162931,0
1781481600,0.70375,0.70885,0.70375,0.70706,195166,0
1781568000,0.70706,0.70798,0.70421,0.70666,228029,0
1781654400,0.70663,0.70756,0.69949,0.70127,274617,0
1781740800,0.70125,0.70417,0.70009,0.70132,270488,0
1781827200,0.70126,0.70244,0.69892,0.70117,232957,0
1782086400,0.70001,0.70193,0.69939,0.70008,207316,0
1782172800,0.70008,0.70037,0.6907,0.69162,229850,0
1782259200,0.69158,0.69235,0.68824,0.68995,265496,0
1782345600,0.68995,0.69275,0.68868,0.69096,282356,0
1782432000,0.69088,0.69172,0.68754,0.68944,255516,0
1782691200,0.68865,0.69045,0.68773,0.68867,239802,0
1782777600,0.68866,0.69299,0.68651,0.69193,218647,0
1782864000,0.69177,0.69206,0.68827,0.68928,197016,0
1782950400,0.68927,0.69433,0.6884,0.69208,274422,0
1783036800,0.69207,0.69498,0.69024,0.69329,179062,0
1783296000,0.69312,0.6959,0.69218,0.69562,171468,0
1783382400,0.69562,0.69602,0.69211,0.69283,198834,0
1783468800,0.69282,0.69468,0.69064,0.69298,256366,0
1783555200,0.69292,0.69471,0.6918,0.69405,198292,0
1783641600,0.69402,0.69699,0.69333,0.69529,207441,0
1783900800,0.69445,0.69498,0.6913,0.69171,263580,0
1783987200,0.69171,0.69927,0.69091,0.69737,275712,0
1784073600,0.69732,0.70213,0.69665,0.70049,232840,0
1784160000,0.70046,0.70126,0.69861,0.69973,227365,0
1784246400,0.6995,0.70013,0.69659,0.69814,234096,0
1784505600,0.69639,0.70148,0.69628,0.69983,212162,0
1784592000,0.69957,0.70269,0.699,0.69985,183040,0
1784678400,0.69985,0.70126,0.69803,0.69961,169784,0
1784764800,0.69961,0.70212,0.69622,0.69673,200720,0
1784851200,0.69672,0.70012,0.69593,0.69826,182793,0
1785110400,0.69946,0.70114,0.69854,0.69895,210319,0
1785196800,0.69895,0.69999,0.69625,0.6973,207988,0
1785283200,0.6973,0.69888,0.69223,0.69536,283564,0
1785369600,0.69536,0.70335,0.69401,0.70283,289676,0
1785456000,0.70252,0.70446,0.69914,0.70171,268205,0
1785715200,0.7044,0.70503,0.69839,0.70004,196214,0
1785801600,0.69996,0.70485,0.69961,0.70462,204389,0
1785888000,0.70462,0.70646,0.7034,0.70568,219867,0
1785974400,0.70568,0.70604,0.70225,0.70317,196609,0
1786060800,0.70317,0.70767,0.70173,0.70686,176829,0
1786320000,0.70542,0.70743,0.70531,0.70535,168982,0
1786406400,0.70527,0.70694,0.70394,0.70612,170046,0
1786492800,0.70612,0.70913,0.70541,0.70621,130185,0
1786579200,0.70621,0.70673,0.70438,0.70595,129267,0
1786665600,0.70595,0.70958,0.70524,0.70849,105909,0
