time,open,high,low,close,tick_volume,spread
1556496000,6380.6,6382.6,6364.6,6366.6,571,16
1556510400,6366.6,6375.6,6347.6,6362.6,1208,14
1556524800,6361.6,6375.6,6355.6,6369.6,886,15
1556539200,6369.6,6370.6,6356.6,6361.6,557,9
1556553600,6361.6,6372.9,6360.6,6367.9,856,16
1556568000,6367.9,6368.9,6358.9,6360.9,450,16
1556582400,6349.0,6349.0,6323.0,6325.0,487,12
1556596800,6325.0,6333.0,6316.0,6326.0,1078,8
1556611200,6326.0,6334.1,6320.5,6332.0,750,6
1556625600,6332.0,6344.0,6328.0,6337.0,489,12
1556640000,6337.0,6343.0,6325.0,6335.0,1113,16
1556654400,6335.0,6345.0,6329.0,6345.0,709,16
1556668800,6353.8,6371.8,6345.8,6365.8,416,18
1556683200,6364.8,6379.8,6359.8,6376.8,1161,17
1556697600,6376.8,6378.8,6359.2,6369.7,488,16
1556712000,6369.7,6376.7,6364.7,6370.7,298,16
1556726400,6370.7,6374.7,6361.7,6366.7,987,16
1556740800,6368.7,6375.7,6342.7,6342.8,1842,16
1556755200,6342.0,6354.0,6323.0,6346.0,666,10
1556769600,6346.0,6349.0,6327.0,6332.0,1148,17
1556784000,6332.0,6358.9,6327.0,6355.9,957,16
1556798400,6355.9,6358.9,6344.9,6352.9,769,12
1556812800,6352.9,6365.9,6335.9,6342.9,1802,16
1556827200,6342.9,6352.9,6338.9,6348.9,1132,16
1556841600,6339.6,6354.6,6326.6,6347.6,454,6
1556856000,6347.6,6355.6,6330.5,6346.6,1025,15
1556870400,6346.6,6350.6,6332.6,6349.6,660,16
1556884800,6349.6,6351.6,6343.6,6349.6,702,16
1556899200,6349.6,6362.6,6346.5,6358.6,1263,16
1556913600,6358.6,6373.6,6357.6,6370.6,552,16
1557100800,6281.1,6309.1,6260.0,6261.1,887,16
1557115200,6261.1,6288.1,6243.1,6287.1,2059,6
1557129600,6287.1,6290.1,6259.5,6264.1,1530,5
1557144000,6264.1,6277.1,6260.1,6275.1,758,16
1557158400,6275.1,6302.1,6268.0,6294.1,1861,15
1557172800,6294.1,6318.1,6292.1,6295.1,771,10
1557187200,6309.4,6323.2,6299.4,6322.3,557,15
1557201600,6322.3,6339.3,6285.2,6298.3,1619,16
1557216000,6298.3,6309.2,6276.3,6289.2,1612,16
1557230400,6288.2,6295.2,6277.2,6282.2,1070,16
1557244800,6281.2,6282.2,6249.2,6256.2,3624,16
1557259200,6256.2,6257.2,6231.2,6254.2,2573,10
1557273600,6241.5,6252.5,6236.5,6252.5,521,16
1557288000,6252.5,6270.5,6247.5,6263.5,1618,15
1557302400,6263.5,6276.5,6255.0,6268.5,1141,15
1557316800,6268.5,6268.8,6242.8,6251.8,1702,15
1557331200,6252.8,6272.8,6246.8,6268.8,3587,16
1557345600,6268.8,6275.8,6260.8,6271.9,1099,16
1557360000,6254.9,6288.9,6254.9,6280.9,653,16
1557374400,6279.9,6299.9,6278.9,6287.9,2023,16
1557388800,6287.9,6295.9,6267.9,6283.9,1920,16
1557403200,6284.9,6289.9,6265.9,6265.9,1214,16
1557417600,6265.9,6282.9,6242.9,6273.9,4174,16
1557432000,6274.9,6286.9,6266.9,6281.0,2260,16
1557446400,6278.2,6316.3,6278.2,6301.3,1588,16
1557460800,6301.2,6316.2,6279.2,6302.2,7034,15
1557475200,6302.2,6324.3,6287.2,6316.2,3111,14
1557489600,6316.2,6332.2,6300.3,6307.2,2781,16
1557504000,6307.2,6321.3,6282.2,6313.2,6493,16
1557518400,6313.2,6350.2,6312.2,6342.3,2814,9
1557705600,6288.7,6295.7,6279.7,6285.7,800,16
1557720000,6285.7,6298.7,6282.7,6284.7,1405,5
1557734400,6284.7,6306.7,6281.7,6292.7,1285,15
1557748800,6292.7,6297.7,6265.7,6266.7,1775,16
1557763200,6266.7,6282.7,6248.7,6250.7,4280,16
1557777600,6249.8,6273.8,6246.7,6250.9,2785,16
1557792000,6228.5,6236.5,6199.5,6218.5,895,16
1557806400,6218.5,6238.5,6209.5,6237.5,1669,16
1557820800,6237.5,6241.5,6221.0,6238.5,1730,15
1557835200,6238.5,6254.6,6232.6,6245.5,2461,9
1557849600,6245.5,6261.5,6238.5,6259.5,4016,15
1557864000,6259.5,6267.5,6246.5,6251.6,1540,15
1557878400,6254.9,6254.9,6236.8,6248.9,612,16
1557892800,6248.9,6290.9,6239.8,6286.9,1919,16
1557907200,6286.9,6291.9,6271.3,6278.9,1326,16
1557921600,6278.9,6288.9,6249.8,6254.8,1436,15
1557936000,6254.8,6307.9,6247.8,6298.8,3620,15
1557950400,6298.8,6306.9,6296.8,6301.8,1213,15
1557964800,6289.8,6297.8,6280.8,6282.8,587,15
1557979200,6282.8,6305.8,6269.8,6303.8,1586,16
1557993600,6303.8,6340.2,6303.8,6334.7,2379,16
1558008000,6334.8,6365.8,6333.7,6365.8,2249,14
1558022400,6365.8,6397.8,6361.8,6389.8,1446,23
1558036800,6390.8,6394.8,6370.8,6377.8,1103,30
1558051200,6389.1,6400.1,6379.1,6387.1,620,11
1558065600,6388.1,6390.1,6364.1,6367.1,1214,30
1558080000,6367.1,6370.1,6348.5,6358.1,1630,18
1558094400,6357.1,6370.1,6335.0,6342.1,1938,30
1558108800,6342.1,6380.1,6336.0,6365.1,3192,30
1558123200,6365.1,6372.1,6349.0,6358.1,1482,30
1558310400,6445.1,6475.1,6439.1,6448.1,1021,30
1558324800,6449.1,6474.0,6435.1,6473.0,2240,30
1558339200,6472.0,6480.6,6442.0,6443.0,1431,8
1558353600,6443.0,6454.0,6423.0,6430.0,2192,30
1558368000,6430.0,6448.1,6418.0,6435.1,3279,30
1558382400,6435.1,6441.1,6431.0,6437.1,1208,31
1558396800,6438.1,6462.7,6434.1,6455.7,1184,19
1558411200,6456.7,6486.7,6446.6,6484.7,1519,30
1558425600,6484.7,6499.7,6470.7,6474.7,1600,5
1558440000,6474.7,6497.7,6468.7,6492.7,1218,30
1558454400,6492.7,6493.7,6473.7,6483.7,2089,30
1558468800,6483.7,6501.7,6483.7,6496.7,763,30
1558483200,6488.2,6504.2,6475.8,6475.8,839,19
1558497600,6475.8,6504.8,6472.8,6503.8,1155,30
1558512000,6503.8,6509.8,6492.3,6496.8,1319,18
1558526400,6496.8,6512.8,6484.8,6493.8,979,16
1558540800,6494.8,6509.8,6491.8,6498.8,1603,30
1558555200,6498.8,6505.8,6491.8,6491.8,790,30
1558569600,6490.3,6501.9,6477.3,6492.9,810,19
1558584000,6491.9,6500.9,6474.9,6499.9,1189,30
1558598400,6498.9,6500.9,6471.3,6477.9,1940,18
1558612800,6477.9,6482.9,6465.8,6480.9,1423,11
1558627200,6480.9,6484.9,6445.8,6445.8,2929,30
1558641600,6445.8,6459.9,6437.8,6452.9,2160,30
1558656000,6446.7,6466.7,6437.3,6437.3,977,19
1558670400,6438.3,6455.3,6435.3,6436.3,1289,30
1558684800,6437.3,6475.3,6435.3,6472.3,1664,4
1558699200,6472.3,6479.3,6462.8,6468.3,1222,15
1558713600,6468.3,6474.3,6443.2,6462.3,2128,5
1558728000,6462.3,6464.3,6449.3,6450.4,910,30
1558915200,6452.3,6470.3,6447.3,6459.9,732,12
1558929600,6459.9,6461.9,6444.8,6450.9,1193,30
1558944000,6448.9,6465.9,6445.8,6457.9,1162,18
1558958400,6457.9,6458.9,6450.8,6455.9,447,30
1558972800,6455.9,6462.9,6452.9,6462.9,400,30
1558987200,6462.9,6464.9,6452.8,6454.9,135,30
1559001600,6450.6,6489.2,6450.6,6483.2,650,6
1559016000,6483.2,6491.2,6478.2,6483.2,993,30
1559030400,6482.2,6487.2,6458.2,6459.2,1805,18
1559044800,6460.2,6477.2,6455.2,6468.2,1260,21
1559059200,6468.2,6474.2,6453.1,6464.2,2589,30
1559073600,6465.2,6466.9,6428.2,6433.2,1546,13
1559088000,6424.3,6440.8,6409.8,6424.9,1143,19
1559102400,6425.9,6434.9,6421.8,6427.8,1309,30
1559116800,6426.8,6435.9,6412.3,6416.9,1876,18
1559131200,6416.9,6418.9,6400.8,6401.9,1092,11
1559145600,6401.9,6408.9,6380.8,6389.9,2927,9
1559160000,6389.9,6403.9,6382.8,6390.8,1917,13
1559174400,6386.9,6402.9,6385.4,6387.5,790,19
1559188800,6386.5,6402.5,6377.5,6381.5,928,30
1559203200,6381.5,6393.6,6372.5,6386.5,1356,18
1559217600,6386.5,6390.5,6381.4,6388.5,1304,90
1559232000,6388.5,6405.5,6385.4,6403.5,2112,7
1559246400,6402.5,6406.5,6385.4,6403.5,1642,7
1559260800,6398.2,6402.2,6348.2,6364.8,1531,19
1559275200,6363.8,6395.8,6362.8,6388.8,1229,30
1559289600,6389.8,6394.8,6374.8,6382.9,1916,5
1559304000,6382.9,6386.9,6367.8,6380.9,1655,18
1559318400,6380.9,6383.9,6365.8,6369.9,2209,18
1559332800,6369.9,6378.9,6366.8,6370.9,1239,18
1559520000,6345.2,6360.8,6328.2,6349.8,1223,19
1559534400,6350.8,6350.8,6324.8,6324.8,853,30
1559548800,6324.8,6329.8,6296.8,6306.8,1648,18
1559563200,6306.8,6320.8,6305.8,6320.8,1037,12
1559577600,6320.8,6340.8,6307.8,6312.8,2696,30
1559592000,6312.8,6332.8,6298.8,6322.8,3068,30
1559606400,6319.4,6335.0,6311.4,6334.0,826,19
1559620800,6334.0,6339.0,6310.0,6339.0,873,30
1559635200,6338.0,6353.0,6320.4,6352.0,2087,6
1559649600,6352.0,6369.0,6344.9,6367.9,1505,11
1559664000,6367.9,6378.0,6352.9,6376.0,4423,30
1559678400,6376.0,6382.9,6371.9,6380.9,1321,30
1559692800,6378.0,6401.0,6372.5,6378.6,1167,19
1559707200,6378.6,6380.6,6353.5,6357.5,1698,30
1559721600,6357.5,6378.6,6346.0,6371.5,2116,17
1559736000,6370.5,6386.6,6367.5,6371.6,1755,30
1559750400,6371.6,6379.6,6356.5,6372.6,5469,30
1559764800,6372.6,6379.6,6362.6,6373.5,1655,30
1559779200,6349.2,6389.8,6340.2,6387.7,1359,19
1559793600,6386.7,6400.8,6382.8,6387.8,1505,30
1559808000,6387.7,6400.8,6372.2,6398.8,2054,18
1559822400,6398.8,6406.8,6385.7,6388.8,1763,30
1559836800,6388.8,6402.8,6380.7,6399.8,3746,30
1559851200,6399.8,6422.8,6396.7,6406.9,1888,18
1559865600,6398.3,6419.9,6398.3,6407.9,1179,19
1559880000,6407.9,6423.9,6401.8,6418.9,1349,30
1559894400,6417.8,6453.9,6417.8,6449.9,1934,18
1559908800,6449.9,6456.9,6435.8,6442.9,1727,30
1559923200,6442.9,6476.9,6440.9,6476.9,3742,17
1559937600,6476.9,6482.9,6471.8,6474.9,1352,30
1560211200,6486.6,6517.6,6481.6,6513.7,565,17
1560225600,6513.6,6539.7,6511.6,6539.6,2073,17
1560240000,6539.6,6562.5,6537.0,6560.5,1975,17
1560254400,6560.5,6578.6,6557.6,6575.5,1389,30
1560268800,6574.6,6583.5,6552.5,6552.6,3948,30
1560283200,6552.5,6565.5,6552.5,6558.5,1556,30
1560297600,6551.2,6590.9,6548.8,6578.8,1578,17
1560312000,6579.8,6582.9,6553.8,6554.8,1973,17
1560326400,6554.8,6556.9,6536.2,6545.8,1636,7
1560340800,6545.7,6551.7,6539.7,6545.7,1250,29
1560355200,6545.7,6559.8,6541.7,6552.8,2943,30
1560369600,6552.7,6555.8,6543.7,6545.9,1004,30
1560384000,6534.3,6566.5,6532.3,6550.5,646,11
1560398400,6550.5,6565.5,6536.5,6545.5,991,9
1560412800,6545.5,6570.1,6535.5,6566.1,1808,17
1560427200,6566.0,6572.1,6557.1,6565.0,1270,17
1560441600,6565.0,6570.0,6543.0,6552.0,3293,17
1560456000,6552.1,6556.1,6541.0,6553.0,1268,17
1560470400,6547.0,6561.6,6533.6,6536.6,781,18
1560484800,6536.6,6560.6,6535.6,6552.6,1010,18
1560499200,6552.6,6558.6,6533.0,6540.0,1297,8
1560513600,6538.9,6544.0,6528.0,6539.0,805,24
1560528000,6540.0,6552.0,6532.9,6551.0,2043,24
1560542400,6550.0,6560.0,6547.0,6559.0,539,24
1560729600,6564.0,6574.6,6526.5,6530.6,978,26
1560744000,6530.6,6557.6,6526.6,6543.6,1117,30
1560758400,6544.6,6547.6,6525.0,6539.6,1416,26
1560772800,6539.6,6543.6,6527.5,6528.6,943,30
1560787200,6528.6,6551.6,6527.6,6540.6,1667,30
1560801600,6540.6,6544.7,6535.7,6541.6,468,24
1560816000,6537.3,6552.9,6526.9,6536.9,963,26
1560830400,6536.9,6573.8,6534.9,6557.8,1575,30
1560844800,6558.8,6597.9,6556.8,6583.9,2161,25
1560859200,6584.9,6605.9,6581.9,6601.9,1367,30
1560873600,6601.9,6620.9,6596.8,6610.9,2892,21
1560888000,6610.9,6617.9,6603.8,6610.9,981,6
1560902400,6600.5,6639.1,6598.5,6638.1,804,5
1560916800,6638.1,6645.1,6629.1,6638.0,1362,20
1560931200,6638.1,6655.4,6637.1,6648.3,1365,5
1560945600,6648.3,6658.4,6645.3,6651.4,907,30
1560960000,6650.4,6660.4,6646.3,6646.4,1345,8
1560974400,6646.4,6664.3,6632.8,6652.8,2185,7
1560988800,6654.9,6683.9,6643.4,6648.5,1640,9
1561003200,6648.5,6676.5,6640.4,6676.5,1887,5
1561017600,6676.5,6705.4,6669.4,6699.4,1886,5
1561032000,6699.4,6704.4,6698.4,6700.4,681,15
1561046400,6700.4,6704.4,6678.4,6683.4,1886,5
1561060800,6684.4,6695.4,6683.4,6684.4,962,7
1561075200,6681.3,6692.9,6675.3,6686.9,1017,26
1561089600,6686.9,6687.9,6640.9,6651.8,1077,35
1561104000,6650.8,6678.8,6642.8,6676.9,2281,25
1561118400,6676.9,6681.9,6666.8,6672.8,1974,45
1561132800,6671.8,6679.9,6655.8,6661.8,4447,6
1561147200,6661.9,6663.9,6638.8,6638.8,1537,45
1561334400,6642.1,6657.1,6625.7,6629.7,842,26
1561348800,6629.7,6649.7,6616.6,6649.7,1053,45
1561363200,6649.7,6671.1,6644.6,6664.0,1316,25
1561377600,6664.0,6668.0,6659.0,6666.0,1032,45
1561392000,6665.1,6671.0,6650.0,6651.1,2786,45
1561406400,6651.1,6654.1,6647.0,6651.1,722,45
1561420800,6646.3,6678.9,6643.9,6677.9,737,26
1561435200,6677.9,6681.9,6646.8,6652.9,1354,45
1561449600,6653.9,6672.0,6651.8,6665.9,1985,24
1561464000,6665.9,6674.9,6658.9,6674.9,1335,45
1561478400,6674.9,6676.0,6642.0,6644.9,3732,45
1561492800,6644.9,6650.0,6628.9,6629.0,2658,45
1561507200,6629.1,6656.7,6621.1,6655.6,867,26
1561521600,6655.6,6660.6,6649.6,6650.7,882,45
1561536000,6650.7,6656.7,6638.6,6652.1,1319,25
1561550400,6652.1,6670.1,6651.0,6657.1,1533,20
1561564800,6657.1,6657.1,6641.0,6646.1,1846,22
1561579200,6646.1,6647.1,6627.0,6628.0,1262,22
1561593600,6612.3,6628.9,6602.9,6621.8,1212,18
1561608000,6621.8,6649.0,6621.8,6646.0,1203,42
1561622400,6646.0,6666.6,6644.6,6660.6,1500,11
1561636800,6660.6,6661.8,6636.8,6650.8,1481,23
1561651200,6650.8,6656.8,6643.8,6651.8,2002,36
1561665600,6650.8,6653.8,6647.8,6650.8,629,45
1561680000,6650.0,6660.0,6640.6,6645.2,1097,26
1561694400,6645.2,6653.2,6626.2,6629.2,833,42
1561708800,6629.2,6637.2,6612.3,6631.9,1364,19
1561723200,6631.9,6641.6,6629.9,6641.6,742,19
1561737600,6641.6,6641.6,6626.6,6630.6,1843,18
1561752000,6630.6,6648.7,6618.6,6639.6,938,19
1561939200,6699.9,6699.9,6647.4,6651.4,1225,18
1561953600,6651.4,6667.4,6645.4,6651.4,1099,9
1561968000,6651.4,6667.4,6639.4,6642.4,1454,19
1561982400,6642.4,6655.4,6642.4,6654.4,860,19
1561996800,6654.4,6668.4,6650.4,6660.4,1855,19
1562011200,6660.4,6670.4,6655.5,6668.4,1206,19
1562025600,6663.0,6678.8,6638.0,6674.8,936,19
1562040000,6674.8,6691.8,6663.8,6677.8,979,42
1562054400,6677.8,6677.8,6640.8,6644.8,1595,5
1562068800,6644.9,6651.6,6639.8,6640.8,847,28
1562083200,6639.8,6651.8,6639.8,6642.8,2694,28
1562097600,6642.9,6659.8,6640.8,6656.8,1260,45
1562112000,6655.5,6683.0,6644.0,6680.0,720,19
1562126400,6680.0,6698.0,6672.0,6696.0,777,46
1562140800,6696.0,6701.0,6680.5,6697.0,940,25
1562155200,6697.0,6701.0,6691.0,6694.0,516,26
1562169600,6693.0,6699.0,6685.0,6698.0,944,13
1562184000,6698.0,6715.0,6698.0,6701.0,239,10
1562198400,6701.5,6732.0,6693.5,6731.0,601,19
1562212800,6730.0,6737.0,6715.0,6726.0,626,26
1562227200,6725.0,6732.0,6719.0,6726.0,663,14
1562241600,6725.0,6727.0,6722.0,6725.0,370,26
1562256000,6726.0,6734.0,6725.0,6730.0,323,26
1562270400,6730.0,6733.8,6718.0,6723.0,120,18
1562284800,6717.5,6748.1,6716.5,6747.1,607,25
1562299200,6747.1,6769.1,6728.0,6769.1,767,25
1562313600,6770.1,6775.1,6730.0,6730.1,1199,14
1562328000,6730.1,6741.1,6716.1,6720.1,1409,25
1562342400,6720.1,6743.1,6716.0,6739.1,2429,25
1562356800,6740.1,6752.1,6739.0,6739.0,856,25
1562544000,6745.1,6749.1,6705.7,6707.7,873,25
1562558400,6707.7,6712.7,6675.6,6685.7,1166,25
1562572800,6685.7,6688.8,6670.1,6680.7,1214,24
1562587200,6680.7,6684.7,6671.6,6674.7,725,25
1562601600,6673.7,6689.6,6667.8,6688.6,1390,17
1562616000,6688.6,6691.6,6680.5,6681.6,847,17
1562630400,6675.6,6686.6,6659.2,6671.2,890,18
1562644800,6673.2,6673.2,6644.3,6664.2,1148,18
1562659200,6664.2,6673.2,6650.6,6663.3,1305,18
1562673600,6664.2,6683.2,6656.2,6681.2,1063,18
1562688000,6680.3,6696.9,6678.3,6690.8,1710,17
1562702400,6690.7,6700.8,6690.7,6696.8,721,17
1562716800,6693.6,6716.2,6689.2,6714.2,647,16
1562731200,6715.2,6723.2,6689.2,6689.2,856,18
1562745600,6689.2,6702.2,6685.6,6697.2,1438,18
1562760000,6697.3,6716.4,6690.4,6715.5,1394,6
1562774400,6716.4,6724.4,6693.2,6697.2,2060,18
1562788800,6698.2,6703.2,6693.2,6703.2,670,24
1562803200,6699.8,6715.4,6686.4,6710.4,1243,17
1562817600,6710.4,6734.5,6700.4,6732.4,1320,17
1562832000,6732.4,6732.4,6710.8,6715.4,1522,17
1562846400,6714.4,6720.5,6707.4,6714.4,1585,18
1562860800,6713.4,6717.4,6690.4,6704.4,2754,18
1562875200,6704.4,6704.5,6688.4,6695.8,986,18
1562889600,6689.3,6718.9,6689.3,6713.9,615,18
1562904000,6713.9,6720.9,6699.9,6704.9,879,17
1562918400,6703.9,6704.9,6686.3,6693.9,1310,18
1562932800,6692.9,6699.9,6691.9,6696.9,468,18
1562947200,6696.9,6696.9,6671.5,6673.6,1524,17
1562961600,6673.5,6676.5,6667.5,6671.5,428,17
1563148800,6670.1,6675.7,6641.7,6651.7,943,18
1563163200,6652.7,6679.7,6645.7,6670.7,963,17
1563177600,6669.7,6679.7,6657.7,6667.7,823,17
1563192000,6667.7,6685.7,6660.7,6681.8,684,17
1563206400,6682.7,6682.8,6655.8,6655.8,760,17
1563220800,6656.8,6664.8,6654.8,6656.8,415,17
1563235200,6656.2,6662.9,6648.8,6657.9,716,17
1563249600,6658.8,6666.8,6649.8,6652.8,698,13
1563264000,6651.8,6655.8,6641.2,6649.8,888,18
1563278400,6649.8,6655.8,6643.8,6649.8,653,18
1563292800,6650.8,6663.5,6642.5,6645.5,694,17
1563307200,6646.5,6650.5,6636.5,6636.5,691,10
1563321600,6630.9,6662.5,6626.5,6661.6,1140,17
1563336000,6662.5,6680.6,6661.5,6674.6,825,18
1563350400,6674.6,6692.6,6667.6,6687.6,1144,17
1563364800,6688.6,6694.1,6686.0,6688.1,636,17
1563379200,6687.1,6692.2,6668.2,6671.2,1492,17
1563393600,6671.3,6674.3,6659.2,6659.2,816,17
1563408000,6656.8,6675.4,6651.4,6656.4,1461,17
1563422400,6656.5,6663.5,6647.4,6649.5,2232,17
1563436800,6649.4,6659.4,6633.4,6651.4,1872,17
1563451200,6651.4,6669.5,6650.4,6660.5,1301,17
1563465600,6660.5,6665.4,6636.4,6643.5,2001,17
1563480000,6643.5,6666.4,6643.4,6661.4,1189,17
1563494400,6658.9,6704.6,6652.5,6702.6,992,6
1563508800,6702.6,6710.6,6696.5,6706.6,754,17
1563523200,6707.5,6714.6,6698.5,6710.6,927,17
1563537600,6709.6,6713.5,6697.5,6713.5,907,17
1563552000,6712.5,6714.5,6701.5,6713.5,1107,18
1563566400,6713.5,6713.5,6681.5,6681.5,838,18
1563753600,6688.5,6706.1,6686.1,6694.1,995,18
1563768000,6695.1,6718.1,6680.1,6690.1,771,18
1563782400,6691.1,6710.1,6684.1,6708.1,1194,18
1563796800,6708.1,6713.1,6698.1,6708.1,696,18
1563811200,6708.1,6709.1,6691.1,6706.1,1019,18
1563825600,6706.1,6711.1,6702.1,6709.1,549,18
1563840000,6702.8,6727.4,6702.8,6723.4,655,18
1563854400,6724.4,6737.4,6715.4,6727.4,591,8
1563868800,6726.4,6737.8,6721.4,6735.4,906,14
1563883200,6735.4,6752.4,6732.4,6750.4,552,8
1563897600,6749.4,6756.4,6743.4,6756.4,787,18
1563912000,6756.4,6767.5,6751.1,6760.5,937,17
1563926400,6754.0,6779.7,6754.0,6775.6,1125,17
1563940800,6775.7,6790.6,6771.6,6772.7,1799,17
1563955200,6772.6,6785.7,6769.6,6772.6,1601,17
1563969600,6772.6,6781.6,6769.6,6772.6,1194,17
1563984000,6771.7,6789.7,6771.6,6789.6,1455,5
1563998400,6789.7,6790.7,6782.6,6786.6,1017,17
1564012800,6784.3,6805.9,6782.9,6804.0,1129,17
1564027200,6804.9,6819.0,6800.9,6807.9,2343,11
1564041600,6808.0,6828.0,6807.9,6824.9,1546,17
1564056000,6824.9,6840.9,6817.0,6829.9,1120,17
1564070400,6829.9,6829.9,6792.0,6796.9,2550,17
1564084800,6796.9,6802.9,6786.9,6789.9,1438,17
1564099200,6789.3,6808.9,6789.3,6796.9,811,17
1564113600,6796.9,6818.9,6785.9,6807.9,788,17
1564128000,6807.0,6809.9,6793.3,6803.9,1292,18
1564142400,6803.9,6818.9,6803.9,6813.9,894,18
1564156800,6813.9,6826.9,6812.9,6822.9,1063,18
1564171200,6823.9,6826.9,6818.9,6818.9,246,18
1564358400,6820.3,6832.9,6809.9,6825.9,452,14
1564372800,6824.9,6841.9,6810.9,6834.9,569,4
1564387200,6833.9,6844.9,6824.3,6843.9,804,18
1564401600,6842.9,6861.9,6841.9,6855.9,617,18
1564416000,6856.9,6861.9,6849.9,6858.9,1062,18
1564430400,6857.9,6865.9,6856.9,6863.9,510,18
1564444800,6859.2,6885.8,6859.2,6862.8,533,18
1564459200,6863.8,6865.8,6850.8,6854.8,652,17
1564473600,6855.8,6861.8,6831.8,6833.8,833,18
1564488000,6832.8,6837.8,6822.8,6824.8,1021,18
1564502400,6823.8,6837.8,6819.8,6819.8,1321,18
1564516800,6819.8,6832.8,6819.8,6827.8,701,13
1564531200,6827.7,6847.3,6817.7,6846.3,526,13
1564545600,6847.3,6847.3,6829.3,6831.3,835,18
1564560000,6831.3,6831.4,6813.3,6822.3,1350,18
1564574400,6822.3,6826.3,6814.3,6822.3,607,18
1564588800,6823.3,6831.3,6819.3,6821.3,917,18
1564603200,6821.3,6830.3,6772.3,6794.3,2661,13
1564617600,6785.9,6806.5,6776.9,6806.5,1147,13
1564632000,6805.5,6814.5,6798.5,6800.5,879,18
1564646400,6800.5,6809.5,6783.9,6798.5,1267,18
1564660800,6799.5,6816.5,6798.5,6806.5,952,18
1564675200,6805.5,6849.5,6794.5,6841.5,2749,6
1564689600,6841.5,6842.5,6784.5,6784.5,6076,18
1564704000,6781.9,6790.9,6751.6,6752.6,1727,18
1564718400,6753.6,6777.6,6751.6,6772.6,1553,18
1564732800,6771.6,6784.6,6746.9,6772.6,2521,18
1564747200,6772.6,6795.6,6768.6,6794.6,2108,18
1564761600,6794.6,6813.6,6757.5,6766.6,5078,18
1564776000,6766.6,6783.6,6756.6,6773.6,2250,18
1564963200,6759.9,6775.9,6742.6,6746.6,1280,17
1564977600,6745.5,6748.6,6654.5,6657.6,2728,17
1564992000,6657.5,6662.6,6632.5,6634.6,2435,17
1565006400,6635.6,6653.5,6631.5,6634.5,3056,17
1565020800,6633.5,6641.5,6549.5,6551.5,4354,5
1565035200,6550.5,6565.5,6521.5,6525.6,4431,18
1565049600,6502.4,6502.4,6430.4,6470.0,3857,17
1565064000,6470.0,6520.0,6464.0,6494.0,4074,8
1565078400,6494.0,6495.0,6445.1,6485.0,4154,8
1565092800,6484.1,6508.1,6480.0,6494.1,3174,17
1565107200,6494.1,6516.0,6439.0,6467.0,5683,17
1565121600,6467.0,6517.1,6466.0,6506.2,3080,17
1565136000,6505.6,6509.6,6459.3,6491.3,1789,17
1565150400,6490.3,6531.3,6468.3,6526.3,2327,12
1565164800,6526.3,6548.3,6510.2,6541.3,2263,17
1565179200,6542.2,6551.3,6491.2,6494.2,3327,8
1565193600,6493.3,6501.2,6440.2,6484.2,6619,17
1565208000,6485.3,6525.3,6479.6,6508.2,2024,18
1565222400,6504.8,6524.8,6462.4,6467.4,1896,17
1565236800,6467.4,6556.4,6465.4,6542.4,2423,18
1565251200,6542.4,6571.4,6535.4,6547.4,2047,18
1565265600,6547.4,6554.4,6535.4,6547.4,1803,18
1565280000,6547.4,6585.4,6535.4,6585.4,2237,18
1565294400,6585.4,6607.4,6575.4,6604.5,1629,11
1565308800,6582.0,6602.6,6554.0,6571.6,2137,18
1565323200,6570.6,6595.6,6565.6,6591.6,1793,18
1565337600,6591.6,6597.0,6578.6,6583.6,1954,5
1565352000,6583.7,6590.6,6570.6,6578.6,1737,18
1565366400,6578.6,6592.6,6548.6,6573.6,5319,9
1565380800,6572.6,6590.6,6567.7,6568.1,2481,17
1565568000,6569.0,6586.7,6546.0,6582.7,1212,17
1565582400,6581.7,6593.7,6567.6,6574.7,1166,17
1565596800,6573.7,6616.0,6568.7,6577.7,1679,17
1565611200,6577.7,6586.7,6567.6,6582.7,1667,17
1565625600,6583.7,6596.7,6566.7,6574.7,2530,17
1565640000,6574.7,6575.7,6543.7,6552.7,1656,17
1565654400,6550.4,6595.0,6545.4,6589.1,1631,17
1565668800,6590.0,6600.0,6565.0,6567.1,2691,17
1565683200,6568.0,6584.0,6551.0,6565.0,2611,17
1565697600,6564.0,6565.0,6537.0,6543.0,1971,17
1565712000,6543.0,6609.1,6541.0,6599.0,4838,17
1565726400,6599.0,6617.0,6594.0,6609.4,1580,17
1565740800,6587.8,6613.0,6587.8,6595.5,1084,17
1565755200,6594.5,6600.5,6559.6,6577.6,1484,17
1565769600,6577.6,6602.6,6564.9,6575.6,1877,10
1565784000,6574.6,6577.6,6523.5,6530.6,2824,17
1565798400,6530.6,6532.6,6474.6,6477.6,4763,17
1565812800,6476.6,6494.6,6452.7,6453.7,3262,17
1565827200,6447.2,6491.8,6446.2,6466.8,2020,17
1565841600,6466.9,6479.9,6415.8,6416.8,3871,17
1565856000,6416.8,6440.2,6407.8,6428.8,3807,17
1565870400,6428.8,6435.9,6360.8,6418.9,5647,24
1565884800,6417.8,6419.9,6367.8,6386.9,5488,18
1565899200,6385.9,6402.9,6358.8,6400.9,2919,18
1565913600,6400.5,6424.2,6382.1,6419.2,1494,18
1565928000,6418.1,6427.2,6397.1,6411.2,1791,18
1565942400,6412.2,6429.1,6387.5,6426.1,2209,18
1565956800,6427.1,6434.2,6415.1,6418.2,3095,18
1565971200,6418.2,6447.2,6407.2,6443.1,4599,18
1565985600,6442.2,6452.1,6437.1,6449.1,1361,18
1566172800,6447.3,6475.3,6447.3,6458.0,1304,18
1566187200,6459.0,6469.0,6451.9,6465.0,1113,18
1566201600,6465.0,6499.0,6460.9,6478.0,1818,18
1566216000,6478.0,6499.0,6477.0,6492.0,1570,18
1566230400,6492.0,6499.0,6474.9,6495.0,1991,18
1566244800,6495.0,6499.0,6486.9,6488.0,946,18
1566259200,6485.2,6504.9,6478.8,6494.9,879,9
1566273600,6494.9,6539.9,6489.8,6536.9,1349,17
1566288000,6536.9,6554.9,6523.8,6539.9,1957,17
1566302400,6539.9,6548.9,6532.8,6538.8,1358,17
1566316800,6538.8,6540.9,6510.8,6519.9,2757,17
1566331200,6520.8,6521.9,6500.8,6502.9,1914,17
1566345600,6494.2,6513.9,6479.8,6486.9,1147,17
1566360000,6485.8,6494.8,6469.8,6485.8,2229,17
1566374400,6485.8,6515.8,6482.8,6514.8,2428,9
1566388800,6514.8,6519.0,6505.8,6519.0,1239,8
1566403200,6519.0,6523.8,6504.8,6513.9,1695,8
1566417600,6513.9,6522.9,6502.8,6515.9,980,18
1566432000,6512.6,6532.3,6507.3,6516.3,922,18
1566446400,6515.3,6521.3,6501.3,6511.3,1189,18
1566460800,6511.3,6527.3,6497.3,6510.3,2441,18
1566475200,6510.3,6522.3,6497.3,6520.3,1856,18
1566489600,6520.3,6523.3,6477.2,6494.3,4120,18
1566504000,6494.3,6509.3,6494.2,6494.6,1904,18
1566518400,6493.9,6527.6,6487.9,6515.6,750,18
1566532800,6515.6,6535.6,6496.6,6513.6,1189,17
1566547200,6512.6,6534.6,6512.6,6528.6,1372,18
1566561600,6528.6,6531.6,6487.5,6500.6,3197,18
1566576000,6501.6,6524.6,6445.5,6452.6,7374,18
1566590400,6452.6,6452.6,6421.6,6439.6,2607,18
1566777600,6370.6,6431.3,6348.6,6417.3,2640,18
1566792000,6417.3,6447.3,6415.3,6431.3,2234,8
1566806400,6430.2,6499.6,6414.3,6476.2,3710,18
1566820800,6477.2,6486.2,6454.2,6464.2,2730,15
1566835200,6463.2,6467.2,6428.2,6451.2,3534,24
1566849600,6451.2,6462.3,6440.2,6456.3,1415,17
1566864000,6455.4,6462.0,6438.4,6453.0,1148,18
1566878400,6453.0,6487.0,6452.0,6483.0,1405,18
1566892800,6483.0,6484.0,6457.4,6470.0,2515,18
1566907200,6470.0,6492.0,6469.1,6490.0,2635,18
1566921600,6489.0,6494.0,6458.0,6458.0,4165,18
1566936000,6457.0,6482.0,6456.0,6461.1,3089,18
1566950400,6455.9,6484.6,6454.9,6479.6,972,17
1566964800,6479.6,6503.6,6473.5,6501.6,1395,17
1566979200,6500.6,6513.5,6481.5,6488.6,2927,17
1566993600,6488.6,6500.6,6467.5,6476.6,2440,17
1567008000,6476.6,6514.6,6460.5,6509.6,5277,17
1567022400,6509.6,6513.6,6496.6,6502.6,2128,17
1567036800,6501.3,6519.0,6484.9,6490.0,991,17
1567051200,6489.0,6509.0,6476.0,6505.0,1466,17
1567065600,6505.0,6556.9,6505.0,6548.9,2621,17
1567080000,6549.0,6559.9,6548.9,6551.0,2382,17
1567094400,6550.9,6567.0,6533.9,6564.0,3510,17
1567108800,6564.9,6570.0,6560.9,6562.0,1383,7
1567123200,6552.4,6570.0,6549.9,6567.0,995,17
1567137600,6566.0,6618.0,6566.0,6609.1,2145,8
1567152000,6610.0,6620.0,6590.0,6619.1,3028,17
1567166400,6619.0,6628.0,6618.0,6626.1,1470,17
1567180800,6626.0,6628.0,6576.1,6604.0,3974,17
1567195200,6604.0,6615.1,6592.0,6598.1,2189,17
1567382400,6532.6,6603.2,6531.6,6599.3,1631,17
1567396800,6599.2,6607.2,6561.2,6574.3,2472,12
1567411200,6575.2,6592.2,6573.6,6590.2,2013,17
1567425600,6589.2,6598.2,6582.2,6589.8,1301,18
1567440000,6588.8,6590.8,6556.8,6570.8,1246,22
1567454400,6572.8,6573.8,6563.8,6564.8,485,22
1567468800,6564.6,6580.6,6558.2,6575.2,1243,17
1567483200,6575.3,6594.2,6571.2,6580.2,1507,17
1567497600,6580.2,6581.2,6542.4,6545.4,3335,18
1567512000,6545.4,6550.4,6531.4,6535.4,3049,25
1567526400,6535.4,6547.4,6511.4,6521.4,4332,25
1567540800,6521.5,6544.5,6516.4,6539.4,1750,25
1567555200,6534.6,6544.6,6501.4,6522.4,1744,19
1567569600,6521.5,6543.5,6513.4,6543.5,3005,25
1567584000,6543.5,6575.4,6535.4,6570.4,2884,10
1567598400,6569.5,6573.5,6551.5,6572.4,1657,25
1567612800,6572.4,6573.5,6555.4,6567.4,2174,25
1567627200,6566.5,6577.4,6560.4,6572.5,770,11
1567641600,6559.0,6590.3,6559.0,6586.3,1198,13
1567656000,6586.3,6625.3,6584.3,6619.3,1491,25
1567670400,6620.3,6625.3,6592.4,6606.2,2236,25
1567684800,6606.2,6617.2,6599.2,6615.2,1507,25
1567699200,6615.3,6638.3,6611.2,6622.2,3373,5
1567713600,6622.2,6624.2,6614.2,6614.3,1675,25
1567728000,6618.4,6649.3,6616.4,6649.3,680,19
1567742400,6648.3,6658.3,6641.2,6652.3,775,18
1567756800,6651.3,6654.3,6637.2,6637.3,1363,25
1567771200,6637.3,6647.3,6628.3,6634.3,1342,25
1567785600,6635.3,6640.3,6623.2,6639.3,1764,25
1567800000,6638.3,6647.3,6635.3,6635.3,666,25
1567987200,6642.2,6660.1,6630.0,6656.1,869,18
1568001600,6656.1,6663.1,6647.1,6653.1,1027,25
1568016000,6653.1,6654.1,6643.1,6646.1,1127,25
1568030400,6647.1,6649.1,6637.0,6641.1,463,25
1568044800,6642.1,6649.1,6629.0,6636.1,962,25
1568059200,6635.1,6644.1,6630.0,6638.1,807,25
1568073600,6635.0,6641.8,6625.8,6627.9,990,19
1568088000,6627.9,6628.9,6597.8,6598.9,1050,25
1568102400,6598.8,6623.0,6595.8,6609.9,1252,25
1568116800,6610.9,6625.9,6609.8,6619.9,799,25
1568131200,6619.9,6633.9,6610.8,6630.9,1875,25
1568145600,6631.9,6639.9,6620.8,6637.9,1162,25
1568160000,6635.5,6641.4,6623.4,6635.4,869,16
1568174400,6634.4,6641.4,6617.4,6618.4,1249,25
1568188800,6617.3,6652.1,6617.3,6650.1,1616,17
1568203200,6648.1,6651.2,6643.1,6647.2,884,17
1568217600,6646.1,6656.2,6640.1,6652.2,1080,14
1568232000,6652.2,6666.2,6652.2,6661.2,554,17
1568246400,6659.3,6699.3,6654.3,6682.0,1234,14
1568260800,6681.0,6690.0,6642.9,6647.9,910,17
1568275200,6648.9,6656.9,6636.3,6643.9,1465,17
1568289600,6644.9,6662.9,6635.0,6658.9,1333,18
1568304000,6658.9,6670.9,6634.9,6669.9,2796,18
1568318400,6669.9,6676.9,6667.0,6667.0,539,18
1568332800,6680.4,6686.4,6666.0,6675.0,623,17
1568347200,6674.0,6681.0,6656.0,6666.0,850,17
1568361600,6667.0,6680.0,6658.0,6668.0,1083,18
1568376000,6667.0,6689.0,6666.0,6676.0,769,18
1568390400,6676.0,6681.0,6664.0,6667.0,1395,18
1568404800,6667.0,6673.0,6664.0,6664.1,769,18
1568592000,6611.3,6664.9,6611.3,6664.9,1634,18
1568606400,6664.9,6677.9,6654.9,6670.9,1241,18
1568620800,6670.9,6681.3,6665.9,6668.9,1567,18
1568635200,6668.9,6679.9,6661.9,6675.9,1209,18
1568649600,6676.9,6687.9,6668.9,6674.9,1483,18
1568664000,6674.9,6678.9,6659.9,6662.0,890,18
1568678400,6662.3,6678.3,6651.9,6654.9,1069,18
1568692800,6653.9,6682.9,6649.9,6676.9,1469,17
1568707200,6676.9,6706.9,6676.9,6697.9,1550,17
1568721600,6697.9,6703.9,6692.9,6695.9,736,12
1568736000,6695.9,6707.9,6690.9,6700.9,1717,18
1568750400,6700.9,6706.9,6693.9,6701.9,860,18
1568764800,6701.4,6708.0,6689.0,6690.0,1283,17
1568779200,6689.0,6696.0,6674.1,6681.0,2171,17
1568793600,6681.1,6706.0,6673.1,6696.0,1554,18
1568808000,6696.0,6702.1,6684.1,6686.1,462,17
1568822400,6687.1,6692.1,6678.0,6679.1,1253,18
1568836800,6679.1,6698.0,6659.9,6691.9,2502,18
1568851200,6693.6,6748.2,6688.6,6732.2,1250,11
1568865600,6731.2,6745.2,6704.2,6736.2,1695,18
1568880000,6737.2,6738.2,6709.6,6731.9,1624,18
1568894400,6730.9,6743.9,6724.9,6742.9,647,17
1568908800,6742.9,6760.9,6741.9,6752.0,960,17
1568923200,6753.0,6755.0,6738.9,6739.0,1010,17
1568937600,6734.1,6778.7,6732.1,6774.7,925,12
1568952000,6773.7,6782.7,6749.7,6750.7,973,18
1568966400,6749.7,6751.8,6723.7,6743.7,1351,18
1568980800,6743.7,6755.7,6742.7,6751.7,754,18
1568995200,6750.7,6772.7,6750.7,6771.7,1175,18
1569009600,6771.7,6772.7,6731.7,6731.8,2223,18
1569196800,6767.9,6776.5,6753.9,6758.5,995,13
1569211200,6758.5,6773.5,6755.5,6757.5,837,17
1569225600,6756.5,6764.5,6712.5,6716.5,1606,5
1569240000,6716.5,6726.5,6716.5,6726.5,745,18
1569254400,6726.5,6738.5,6720.5,6736.5,1499,17
1569268800,6737.5,6742.5,6730.5,6742.5,544,17
1569283200,6738.1,6779.1,6738.1,6760.7,726,11
1569297600,6761.7,6762.7,6748.7,6761.7,563,17
1569312000,6760.7,6762.7,6745.7,6748.7,584,17
1569326400,6748.7,6752.7,6732.7,6733.7,645,17
1569340800,6732.7,6739.7,6674.8,6675.7,2102,7
1569355200,6675.7,6697.7,6670.7,6681.7,3128,17
1569369600,6677.4,6714.1,6669.4,6696.0,1354,5
1569384000,6696.1,6731.1,6695.0,6728.1,1792,17
1569398400,6728.0,6728.0,6681.0,6682.1,1692,17
1569412800,6682.1,6695.1,6677.0,6695.1,982,17
1569427200,6695.1,6721.1,6686.0,6713.1,3103,16
1569441600,6714.1,6728.1,6712.0,6720.1,987,5
1569456000,6717.8,6730.8,6700.4,6704.5,790,4
1569470400,6704.4,6704.5,6665.4,6678.5,1316,11
1569484800,6677.5,6705.5,6671.4,6700.5,1873,17
1569499200,6700.5,6702.5,6687.5,6693.5,774,10
1569513600,6693.5,6698.5,6678.4,6692.5,2721,17
1569528000,6693.5,6709.5,6690.4,6701.5,1533,17
1569542400,6702.6,6723.3,6697.2,6722.3,815,9
1569556800,6723.3,6723.3,6697.2,6708.3,1384,17
1569571200,6709.3,6726.3,6704.2,6723.3,1353,17
1569585600,6723.3,6744.3,6720.2,6733.3,947,17
1569600000,6733.3,6734.3,6695.2,6695.3,3470,17
1569614400,6695.2,6701.3,6681.3,6700.3,2113,17
1569801600,6721.1,6725.8,6688.1,6720.8,805,12
1569816000,6721.8,6738.8,6715.8,6717.8,971,17
1569830400,6718.8,6718.8,6684.8,6703.8,1487,17
1569844800,6703.8,6703.8,6678.8,6681.8,672,17
1569859200,6681.8,6709.8,6679.8,6708.8,1453,17
1569873600,6708.8,6709.8,6696.8,6707.8,694,17
1569888000,6706.4,6710.4,6687.0,6700.1,816,17
1569902400,6700.1,6721.1,6691.0,6717.1,1372,17
1569916800,6718.0,6755.1,6718.0,6746.1,1781,17
1569931200,6746.1,6749.1,6734.1,6748.1,985,6
1569945600,6748.1,6753.1,6669.1,6674.1,3450,7
1569960000,6674.1,6676.1,6663.0,6673.1,1834,17
1569974400,6672.8,6688.0,6645.0,6651.0,821,10
1569988800,6650.0,6664.0,6641.0,6655.0,859,7
1570003200,6655.0,6660.0,6602.1,6606.0,1688,7
1570017600,6605.0,6612.0,6595.0,6595.0,1440,7
1570032000,6595.0,6596.0,6492.0,6495.0,6353,6
1570046400,6494.1,6529.0,6492.1,6514.1,3895,6
1570060800,6516.5,6537.5,6471.2,6482.2,2274,9
1570075200,6482.1,6513.2,6479.1,6487.2,1696,5
1570089600,6487.2,6511.5,6479.1,6492.2,2403,8
1570104000,6492.2,6502.2,6474.1,6477.2,1411,17
1570118400,6477.2,6504.1,6433.1,6499.1,7072,5
1570132800,6500.1,6520.2,6495.1,6517.2,2365,17
1570147200,6514.8,6521.8,6493.5,6498.5,1019,18
1570161600,6497.5,6521.5,6485.4,6521.5,1061,7
1570176000,6522.5,6529.5,6492.8,6498.4,2270,7
1570190400,6497.4,6525.7,6484.4,6523.7,2071,17
1570204800,6522.7,6543.6,6509.7,6539.6,3332,17
1570219200,6539.6,6563.6,6536.6,6555.7,856,17
1570406400,6522.4,6555.0,6520.4,6536.1,1256,17
1570420800,6536.1,6563.1,6533.0,6557.1,1133,17
1570435200,6556.0,6569.1,6549.0,6564.0,1685,17
1570449600,6564.1,6605.0,6559.1,6591.1,1270,17
1570464000,6591.1,6604.1,6582.0,6597.1,2146,17
1570478400,6597.0,6609.1,6581.4,6582.4,2396,17
1570492800,6581.3,6601.0,6576.3,6600.0,962,17
1570507200,6600.0,6602.0,6584.9,6588.0,1148,17
1570521600,6588.0,6602.0,6563.9,6568.0,2550,8
1570536000,6568.9,6571.0,6524.8,6556.0,2749,17
1570550400,6557.0,6563.0,6532.9,6554.0,3723,17
1570564800,6554.0,6571.0,6519.3,6524.3,3124,17
1570579200,6522.5,6546.2,6515.2,6542.2,1484,17
1570593600,6543.1,6552.2,6535.1,6544.2,932,17
1570608000,6544.1,6550.2,6527.2,6548.2,2363,17
1570622400,6547.2,6574.2,6546.2,6563.2,2853,17
1570636800,6562.2,6582.1,6544.2,6581.4,2450,17
1570651200,6581.4,6589.5,6570.8,6579.8,1735,17
1570665600,6581.4,6587.4,6495.4,6528.0,3371,8
1570680000,6527.1,6565.0,6527.0,6535.0,2459,17
1570694400,6534.0,6564.0,6533.0,6556.0,2484,17
1570708800,6555.0,6561.0,6531.0,6546.0,1694,17
1570723200,6545.0,6597.0,6543.0,6576.0,2713,17
1570737600,6576.0,6616.4,6562.1,6609.4,2195,17
1570752000,6613.7,6617.3,6594.3,6603.3,1142,18
1570766400,6602.3,6607.3,6588.3,6607.3,786,18
1570780800,6606.3,6627.3,6593.3,6626.3,1757,18
1570795200,6626.3,6644.3,6625.3,6640.3,1160,18
1570809600,6640.3,6669.3,6633.8,6654.3,2371,18
1570824000,6654.3,6667.4,6628.7,6637.7,2195,18
1571011200,6642.9,6680.5,6636.9,6662.5,1123,17
1571025600,6661.5,6664.5,6639.5,6639.5,1020,17
1571040000,6640.5,6650.5,6631.5,6644.7,1673,17
1571054400,6644.7,6646.7,6623.6,6633.7,1861,17
1571068800,6633.7,6645.7,6621.7,6622.7,1615,16
1571083200,6622.7,6626.7,6609.0,6616.0,661,17
1571097600,6617.3,6652.9,6616.3,6647.0,1506,17
1571112000,6646.9,6658.8,6635.9,6655.8,1976,17
1571126400,6654.8,6681.7,6646.3,6668.1,1906,13
1571140800,6669.1,6682.1,6666.1,6678.1,1939,10
1571155200,6679.1,6722.1,6677.1,6720.1,2943,5
1571169600,6721.1,6721.1,6702.3,6705.5,702,18
1571184000,6699.6,6716.0,6693.0,6707.0,1235,26
1571198400,6707.0,6740.0,6704.0,6736.0,1218,39
1571212800,6736.0,6747.5,6724.5,6727.5,1745,24
1571227200,6726.5,6747.5,6718.4,6737.5,1550,48
1571241600,6737.5,6752.5,6728.5,6730.5,1452,52
1571256000,6731.4,6737.5,6723.6,6725.6,857,52
1571270400,6726.6,6746.0,6709.0,6710.0,1074,26
1571284800,6710.0,6720.0,6680.0,6688.0,1121,42
1571299200,6688.0,6694.5,6674.4,6681.5,1276,24
1571313600,6682.5,6707.5,6660.5,6674.5,2230,43
1571328000,6675.5,6679.5,6653.4,6663.5,1641,52
1571342400,6662.5,6672.5,6659.5,6666.6,646,52
1571356800,6667.8,6677.4,6643.2,6644.2,1155,26
1571371200,6644.2,6656.2,6628.2,6639.2,1266,42
1571385600,6638.2,6645.7,6625.8,6639.7,1350,24
1571400000,6639.7,6647.7,6633.7,6642.7,738,44
1571414400,6643.6,6643.7,6611.6,6622.7,1517,11
1571428800,6622.7,6631.8,6616.9,6622.9,632,52
1571616000,6615.2,6636.3,6609.3,6631.3,1938,26
1571630400,6631.2,6648.3,6624.2,6648.3,1407,33
1571644800,6648.3,6651.3,6625.8,6626.8,1342,25
1571659200,6626.8,6645.8,6621.8,6643.8,803,97
1571673600,6643.8,6656.8,6634.8,6653.8,1266,97
1571688000,6653.8,6662.9,6649.8,6661.9,532,89
1571702400,6662.1,6668.0,6638.9,6662.0,1084,89
1571716800,6662.0,6676.0,6656.9,6673.0,900,96
1571731200,6673.0,6674.0,6647.9,6653.0,1131,89
1571745600,6653.9,6680.8,6651.9,6675.0,860,59
1571760000,6675.0,6683.0,6669.0,6680.0,1261,97
1571774400,6680.0,6681.0,6653.1,6655.1,1430,89
1571788800,6652.3,6662.2,6627.2,6643.2,1511,87
1571803200,6644.1,6658.2,6640.1,6657.2,1365,97
1571817600,6657.2,6685.2,6657.2,6679.2,1649,89
1571832000,6680.1,6693.2,6672.1,6675.2,1132,71
1571846400,6675.2,6703.2,6675.1,6698.2,1352,12
1571860800,6698.2,6704.3,6692.1,6703.3,695,89
1571875200,6705.5,6713.4,6695.3,6704.4,1178,89
1571889600,6704.4,6705.4,6688.3,6689.4,982,96
1571904000,6689.4,6719.4,6686.3,6717.4,1659,89
1571918400,6717.4,6733.4,6715.3,6724.4,850,49
1571932800,6725.4,6736.4,6711.4,6730.4,1600,103
1571947200,6731.4,6738.5,6725.4,6725.5,675,89
1571961600,6725.6,6739.5,6723.4,6735.5,1049,89
1571976000,6735.5,6738.5,6722.4,6737.5,1195,96
1571990400,6737.5,6745.6,6723.4,6727.5,1172,89
1572004800,6727.5,6736.5,6725.4,6730.5,650,96
1572019200,6730.5,6765.5,6726.4,6761.5,1305,95
1572033600,6762.4,6764.5,6758.5,6759.6,454,89
1572220800,6770.2,6773.2,6749.0,6750.1,955,89
1572235200,6750.1,6751.1,6737.0,6737.1,941,94
1572249600,6737.1,6754.1,6734.0,6745.1,1009,85
1572264000,6746.1,6760.1,6739.0,6758.1,554,102
1572278400,6758.1,6769.1,6756.0,6759.1,1065,102
1572292800,6759.1,6764.1,6757.0,6760.1,457,102
1572307200,6765.2,6765.2,6742.1,6744.1,835,89
1572321600,6745.1,6753.1,6732.1,6741.1,898,95
1572336000,6740.1,6748.1,6720.0,6724.1,817,89
1572350400,6724.1,6726.1,6711.0,6719.1,657,95
1572364800,6719.1,6728.1,6708.0,6728.1,1442,95
1572379200,6728.1,6732.1,6713.0,6719.1,422,96
1572393600,6722.2,6727.4,6699.2,6702.3,1122,12
1572408000,6702.3,6703.3,6673.2,6675.3,1161,94
1572422400,6675.3,6700.3,6675.3,6692.3,990,89
1572436800,6691.3,6704.3,6689.2,6703.3,512,101
1572451200,6704.3,6705.3,6673.3,6686.3,1476,63
1572465600,6686.3,6698.3,6676.3,6694.3,1218,95
1572480000,6702.4,6706.5,6664.3,6666.4,1249,89
1572494400,6666.4,6668.4,6633.3,6649.4,1314,95
1572508800,6649.4,6662.4,6645.4,6650.4,1043,89
1572523200,6650.4,6651.4,6627.4,6641.4,1794,95
1572537600,6641.4,6643.4,6627.4,6634.0,1906,14
1572552000,6635.0,6645.0,6627.0,6644.0,1787,11
1572566400,6637.7,6655.2,6633.9,6650.2,1014,22
1572580800,6650.2,6673.2,6650.2,6672.2,728,22
1572595200,6673.2,6681.2,6666.9,6670.2,723,23
1572609600,6669.2,6687.2,6661.2,6686.2,696,23
1572624000,6687.2,6694.2,6673.2,6683.2,1012,23
1572638400,6682.2,6697.2,6682.2,6697.2,246,23
1572825600,6685.1,6711.7,6672.7,6692.7,728,22
1572840000,6691.7,6703.7,6667.7,6676.7,926,22
1572854400,6677.7,6700.7,6670.7,6696.7,947,22
1572868800,6696.7,6712.7,6695.7,6706.7,442,23
1572883200,6706.7,6724.7,6704.7,6713.7,594,23
1572897600,6712.7,6720.7,6709.7,6717.7,235,23
1572912000,6721.4,6721.4,6678.2,6684.2,1424,22
1572926400,6683.1,6714.2,6681.2,6703.2,1809,22
1572940800,6703.2,6707.2,6680.2,6685.2,1078,13
1572955200,6685.2,6698.2,6681.1,6697.2,703,22
1572969600,6698.2,6712.2,6697.1,6706.2,1178,13
1572984000,6706.2,6712.2,6700.1,6711.2,371,22
1572998400,6704.8,6716.8,6690.8,6691.8,1064,22
1573012800,6691.8,6695.8,6655.8,6655.8,992,22
1573027200,6655.8,6670.8,6646.8,6667.8,835,22
1573041600,6666.8,6674.8,6655.8,6672.8,649,22
1573056000,6671.8,6686.8,6664.8,6676.8,1189,13
1573070400,6676.8,6683.8,6673.8,6679.8,535,22
1573084800,6678.4,6705.2,6667.9,6705.2,950,10
1573099200,6706.2,6729.2,6695.2,6724.2,945,22
1573113600,6724.2,6757.2,6721.8,6752.2,1789,22
1573128000,6753.2,6756.2,6744.2,6751.2,861,22
1573142400,6752.2,6764.6,6746.7,6763.6,1345,17
1573156800,6764.5,6764.6,6732.8,6742.0,973,17
1573171200,6733.9,6743.5,6723.4,6724.5,1685,17
1573185600,6724.5,6727.5,6704.4,6717.5,1480,15
1573200000,6717.5,6733.8,6714.4,6728.8,1062,17
1573214400,6727.8,6749.8,6727.8,6741.8,571,18
1573228800,6740.8,6751.8,6726.8,6749.8,1180,18
1573243200,6750.8,6753.8,6743.8,6745.8,193,18
1573430400,6740.4,6765.8,6740.4,6762.8,757,18
1573444800,6761.8,6772.8,6756.8,6767.8,466,8
1573459200,6766.8,6780.9,6751.8,6761.8,1002,8
1573473600,6761.9,6761.9,6741.8,6756.8,780,17
1573488000,6755.8,6790.8,6755.8,6788.7,743,5
1573502400,6789.7,6793.7,6784.7,6786.7,237,18
1573516800,6784.1,6790.1,6740.7,6747.7,1004,18
1573531200,6746.7,6747.8,6734.7,6747.8,605,6
1573545600,6747.8,6767.8,6744.8,6763.8,1273,17
1573560000,6763.8,6777.8,6756.8,6761.8,638,17
1573574400,6760.8,6787.8,6756.8,6768.8,878,17
1573588800,6768.8,6776.8,6759.8,6766.8,610,17
1573603200,6766.1,6773.4,6735.8,6738.8,1044,14
1573617600,6739.8,6739.9,6698.8,6699.9,1555,17
1573632000,6698.9,6706.9,6688.2,6704.9,1012,8
1573646400,6703.8,6717.9,6689.8,6714.8,1126,18
1573660800,6714.8,6726.9,6712.8,6725.9,1198,17
1573675200,6725.9,6727.9,6708.8,6717.9,956,17
1573689600,6708.2,6717.3,6681.8,6712.3,2292,55
1573704000,6712.3,6743.3,6710.8,6728.4,5081,58
1573718400,6728.5,6735.4,6721.8,6730.4,2484,64
1573732800,6731.4,6749.3,6725.8,6741.9,1271,18
1573747200,6741.9,6767.9,6738.8,6741.9,2859,14
1573761600,6741.8,6752.9,6740.8,6751.8,1412,10
1573776000,6754.1,6776.7,6750.8,6776.7,1446,18
1573790400,6776.8,6800.8,6776.8,6794.7,1776,17
1573804800,6793.8,6797.7,6778.7,6783.7,1246,18
1573819200,6782.7,6790.7,6770.7,6779.7,805,19
1573833600,6778.7,6795.7,6771.7,6793.7,856,19
1573848000,6794.7,6796.7,6784.7,6787.7,247,19
1574035200,6783.4,6792.0,6750.0,6752.1,1259,13
1574049600,6752.0,6766.1,6749.0,6753.1,2200,13
1574064000,6754.0,6787.0,6753.5,6776.0,1766,18
1574078400,6776.0,6781.0,6768.0,6780.0,763,18
1574092800,6780.0,6780.0,6751.9,6765.0,1907,15
1574107200,6765.0,6775.0,6763.0,6775.0,313,18
1574121600,6767.2,6779.2,6755.1,6768.2,1614,17
1574136000,6767.2,6809.3,6766.1,6808.2,2645,17
1574150400,6808.3,6825.2,6804.4,6820.2,1447,17
1574164800,6821.2,6835.2,6817.1,6818.2,940,10
1574179200,6817.2,6817.2,6774.8,6784.2,1378,12
1574193600,6783.2,6784.2,6774.8,6777.2,591,13
1574208000,6779.4,6779.4,6737.4,6739.4,2555,17
1574222400,6739.8,6740.5,6713.5,6723.4,3623,15
1574236800,6723.5,6728.4,6700.3,6702.4,1908,18
1574251200,6701.4,6712.4,6694.3,6705.4,955,18
1574265600,6705.3,6723.4,6703.3,6719.4,1371,18
1574280000,6718.4,6721.4,6689.3,6707.4,1952,5
1574294400,6705.3,6707.6,6657.7,6658.9,2817,17
1574308800,6659.3,6681.8,6635.3,6666.9,4991,17
1574323200,6666.8,6686.8,6660.7,6671.8,3694,17
1574337600,6671.8,6694.9,6668.7,6686.8,2446,17
1574352000,6686.8,6702.8,6678.8,6692.8,1934,18
1574366400,6692.8,6707.8,6690.8,6706.8,574,18
1574380800,6705.7,6716.0,6694.4,6716.0,2062,17
1574395200,6716.0,6728.0,6702.9,6707.9,2692,13
1574409600,6707.9,6732.9,6707.1,6728.8,1839,13
1574424000,6728.8,6730.9,6713.8,6728.9,1042,18
1574438400,6728.9,6732.9,6712.4,6718.9,1613,18
1574452800,6718.9,6725.9,6715.8,6724.9,317,18
1574640000,6738.1,6760.3,6735.1,6749.4,1284,18
1574654400,6750.3,6756.5,6730.3,6735.3,1726,17
1574668800,6735.4,6748.3,6729.3,6745.4,1642,18
1574683200,6745.3,6749.3,6740.3,6744.3,1039,18
1574697600,6744.4,6766.3,6742.3,6761.3,1653,18
1574712000,6761.4,6769.3,6760.3,6769.3,483,18
1574726400,6768.3,6794.8,6758.3,6794.7,1623,17
1574740800,6793.8,6801.8,6774.7,6779.7,2598,13
1574755200,6778.8,6792.8,6769.7,6771.7,1269,18
1574769600,6771.7,6789.7,6759.7,6784.7,621,9
1574784000,6784.7,6795.7,6774.7,6779.7,873,19
1574798400,6780.7,6790.7,6769.7,6780.7,305,19
1574812800,6783.7,6826.1,6781.0,6826.0,1512,17
1574827200,6825.6,6856.1,6825.0,6855.1,1746,10
1574841600,6856.0,6858.5,6845.0,6853.0,1750,17
1574856000,6853.1,6858.0,6846.0,6848.6,1167,18
1574870400,6848.6,6874.6,6847.6,6871.6,853,18
1574884800,6871.6,6877.6,6866.6,6874.6,224,18
1574899200,6875.8,6885.9,6865.8,6881.8,2017,17
1574913600,6881.7,6882.8,6861.8,6864.8,2009,17
1574928000,6864.9,6874.8,6860.8,6871.8,1037,17
1574942400,6871.8,6884.8,6868.8,6883.8,489,18
1574956800,6883.8,6897.8,6879.8,6895.8,477,18
1574971200,6895.8,6897.8,6892.8,6894.8,81,18
1574985600,6892.0,6898.9,6883.8,6883.9,1213,13
1575000000,6883.8,6884.8,6855.8,6855.8,1980,17
1575014400,6855.8,6859.8,6842.7,6859.8,1593,17
1575028800,6860.7,6863.8,6853.7,6859.8,675,18
1575043200,6859.8,6870.8,6858.8,6866.8,833,18
1575057600,6865.8,6866.8,6855.8,6856.8,313,18
1575244800,6855.6,6887.3,6842.4,6881.3,2116,17
1575259200,6881.3,6893.3,6872.8,6877.3,1653,17
1575273600,6876.3,6879.3,6856.3,6873.3,1217,17
1575288000,6873.3,6875.3,6836.3,6839.3,1087,18
1575302400,6838.3,6838.3,6735.2,6757.3,3998,7
1575316800,6757.3,6781.3,6753.3,6778.3,1301,18
1575331200,6771.5,6775.5,6723.5,6742.6,2662,5
1575345600,6743.5,6748.6,6700.4,6708.6,3207,11
1575360000,6708.4,6711.5,6671.4,6673.5,2051,17
1575374400,6674.5,6676.5,6641.5,6641.5,1896,19
1575388800,6640.5,6644.5,6579.5,6622.5,4357,7
1575403200,6621.5,6640.5,6619.4,6634.5,879,18
1575417600,6636.4,6636.7,6585.7,6598.8,3751,17
1575432000,6599.2,6620.6,6589.7,6616.7,4097,17
1575446400,6616.8,6629.7,6598.6,6628.7,2509,7
1575460800,6628.7,6665.7,6627.6,6653.7,2145,18
1575475200,6652.7,6666.7,6643.6,6657.7,2179,18
1575489600,6656.7,6669.7,6654.7,6666.7,461,18
1575504000,6660.9,6674.5,6644.8,6664.5,2194,15
1575518400,6664.6,6682.6,6659.9,6677.5,2967,17
1575532800,6677.6,6693.4,6669.7,6691.4,1366,12
1575547200,6691.4,6716.4,6682.4,6705.5,1094,18
1575561600,6704.5,6708.5,6665.4,6668.5,2028,18
1575576000,6667.5,6686.5,6663.5,6680.5,645,18
1575590400,6681.7,6702.4,6679.7,6700.4,1561,19
1575604800,6699.5,6712.5,6690.5,6704.6,2229,9
1575619200,6704.5,6713.7,6694.7,6707.5,1446,17
1575633600,6707.5,6710.5,6692.5,6702.5,839,18
1575648000,6702.5,6746.9,6691.4,6739.5,2047,18
1575662400,6739.5,6740.6,6732.5,6732.6,307,18
1575849600,6728.3,6742.2,6714.0,6717.5,2087,13
1575864000,6717.4,6738.6,6712.3,6733.6,2052,12
1575878400,6733.6,6745.3,6721.3,6741.3,1239,14
1575892800,6741.3,6746.3,6732.2,6737.3,699,18
1575907200,6737.2,6751.3,6724.2,6724.3,878,18
1575921600,6725.3,6730.3,6717.2,6722.3,317,18
1575936000,6711.5,6735.8,6704.5,6732.5,2324,13
1575950400,6732.5,6735.5,6702.4,6705.5,3119,12
1575964800,6705.5,6722.9,6676.8,6680.9,3051,12
1575979200,6680.8,6695.5,6671.4,6688.5,1756,14
1575993600,6687.5,6727.4,6686.4,6718.5,5207,18
1576008000,6718.4,6723.4,6714.4,6717.4,1187,18
1576022400,6710.7,6745.7,6710.7,6726.0,1947,11
1576036800,6726.0,6751.1,6717.0,6744.7,2366,5
1576051200,6744.3,6762.7,6731.6,6731.7,1680,14
1576065600,6730.6,6737.7,6715.6,6733.7,1559,18
1576080000,6733.7,6738.7,6713.6,6713.7,1299,6
1576094400,6712.7,6723.7,6712.7,6718.7,748,18
1576108800,6720.9,6744.2,6709.3,6716.3,1037,9
1576123200,6716.2,6716.3,6700.3,6708.3,953,12
1576137600,6708.3,6715.3,6699.5,6712.3,1185,18
1576152000,6712.3,6719.3,6696.2,6698.3,1295,18
1576166400,6699.3,6726.3,6675.8,6710.3,4375,18
1576180800,6709.2,6728.3,6699.3,6720.3,1605,18
1576195200,6728.5,6751.3,6721.5,6740.7,3057,12
1576209600,6740.6,6754.3,6731.6,6744.3,3770,13
1576224000,6744.3,6762.3,6736.2,6756.3,2444,14
1576238400,6755.2,6767.7,6738.2,6749.2,1521,13
1576252800,6749.2,6776.2,6743.2,6774.2,3768,18
1576267200,6774.2,6788.2,6774.2,6782.2,630,14
1576454400,6769.9,6825.1,6767.8,6823.7,1589,5
1576468800,6824.1,6871.1,6822.7,6867.1,2429,9
1576483200,6867.1,6867.1,6838.0,6861.7,1484,15
1576497600,6861.7,6867.7,6847.7,6854.2,716,19
1576512000,6855.2,6890.2,6854.2,6874.2,897,19
1576526400,6874.2,6888.2,6869.2,6870.2,336,19
1576540800,6877.2,6881.5,6845.1,6847.1,2042,12
1576555200,6847.5,6864.1,6843.5,6847.1,2644,5
1576569600,6846.5,6875.1,6842.5,6863.1,1175,15
1576584000,6863.1,6865.1,6851.1,6857.1,618,19
1576598400,6857.1,6884.1,6857.1,6880.1,1215,19
1576612800,6881.1,6882.1,6865.1,6867.1,445,19
1576627200,6835.4,6865.5,6830.4,6849.5,610,7
1576641600,6848.5,6871.5,6847.5,6857.6,700,9
1576656000,6858.5,6865.6,6840.6,6862.6,1048,15
1576670400,6862.9,6865.0,6844.5,6844.6,1056,15
1576684800,6843.6,6857.6,6836.5,6849.6,763,19
1576699200,6849.6,6856.6,6844.5,6845.6,319,19
1576713600,6850.5,6879.8,6847.8,6859.8,1390,18
1576728000,6859.8,6864.8,6821.8,6827.8,1452,19
1576742400,6827.8,6852.8,6816.5,6826.5,932,18
1576756800,6827.5,6837.5,6823.5,6826.5,842,19
1576771200,6826.5,6832.5,6805.5,6808.5,1007,19
1576785600,6808.5,6818.6,6805.6,6814.6,431,19
1576800000,6819.8,6824.8,6814.8,6816.8,193,18
1576814400,6816.8,6829.8,6810.7,6822.7,1213,18
1576828800,6822.8,6829.8,6802.8,6818.8,1345,18
1576843200,6817.8,6829.8,6811.8,6827.7,993,14
1576857600,6827.7,6831.7,6807.7,6825.7,1931,18
1576872000,6825.7,6825.7,6797.7,6805.7,489,8
1577059200,6806.2,6810.6,6788.2,6796.7,1880,14
1577073600,6797.3,6807.6,6790.3,6794.2,2082,14
1577088000,6794.6,6794.6,6780.3,6780.3,987,11
1577102400,6779.2,6790.3,6779.2,6787.3,741,18
1577116800,6786.3,6790.3,6774.3,6788.3,833,18
1577131200,6789.2,6789.3,6783.3,6786.3,198,19
1577145600,6784.5,6797.1,6783.5,6793.1,878,11
1577160000,6793.1,6794.5,6775.1,6780.3,1591,11
1577404800,6800.8,6816.5,6794.0,6806.1,1971,11
1577419200,6806.8,6821.5,6802.1,6820.1,2080,11
1577433600,6819.5,6822.1,6810.0,6815.0,1137,15
1577448000,6815.0,6827.0,6811.0,6823.0,464,19
1577462400,6823.0,6823.0,6781.0,6798.0,799,19
1577476800,6798.0,6800.0,6787.0,6789.0,272,19
1577664000,6797.5,6812.4,6761.1,6768.5,2532,14
1577678400,6768.8,6807.0,6767.5,6805.0,2682,11
1577692800,6805.6,6805.6,6791.5,6796.6,1306,14
1577707200,6795.5,6797.6,6776.5,6781.6,747,18
1577721600,6781.6,6789.6,6734.6,6754.6,1888,18
1577736000,6753.6,6759.6,6737.6,6744.6,639,18
1577750400,6737.5,6746.7,6699.7,6706.7,2665,14
1577764800,6705.7,6715.1,6661.7,6661.9,2967,11
1577980800,6744.1,6744.1,6711.0,6737.1,1053,18
1577995200,6736.1,6746.1,6731.1,6744.1,343,9
1578009600,6752.5,6787.9,6745.8,6774.9,1695,14
1578024000,6775.5,6788.9,6723.5,6738.5,4157,11
1578038400,6739.5,6740.5,6706.5,6714.9,3487,9
1578052800,6714.5,6717.5,6686.9,6693.9,3366,11
1578067200,6694.5,6744.7,6694.5,6732.7,4827,12
1578081600,6732.4,6744.7,6720.3,6725.4,1933,12
1578268800,6697.9,6699.9,6661.0,6697.0,2338,18
1578283200,6696.0,6739.0,6692.0,6739.0,2723,18
1578297600,6739.0,6739.0,6694.0,6695.0,2631,18
1578312000,6694.0,6716.1,6690.0,6716.0,2145,12
1578326400,6716.1,6768.0,6707.0,6767.0,2828,18
1578340800,6766.0,6773.0,6761.0,6770.0,640,18
1578355200,6765.3,6807.1,6757.5,6807.0,1719,18
1578369600,6807.1,6838.0,6802.0,6834.0,2008,10
1578384000,6835.0,6852.0,6819.3,6852.0,1576,19
1578398400,6851.0,6869.0,6843.0,6855.0,1043,19
1578412800,6856.0,6857.0,6829.0,6832.0,1563,6
1578427200,6833.0,6835.0,6820.0,6825.0,333,19
1578441600,6825.3,6838.3,6749.4,6763.4,2703,17
1578456000,6762.4,6825.3,6755.3,6813.3,3224,18
1578470400,6814.3,6824.3,6798.6,6819.3,1765,9
1578484800,6818.3,6856.3,6818.3,6848.3,1081,9
1578499200,6848.3,6896.6,6839.8,6882.6,1805,6
1578513600,6881.6,6885.6,6875.5,6878.0,625,6
1578528000,6864.2,6897.1,6862.2,6887.1,1468,8
1578542400,6888.1,6894.1,6857.0,6871.1,1187,18
1578556800,6872.1,6897.1,6872.0,6890.1,1220,11
1578571200,6890.1,6895.1,6878.0,6880.1,686,11
1578585600,6879.1,6894.0,6876.0,6890.1,984,11
1578600000,6889.1,6896.1,6877.1,6895.1,419,18
1578614400,6891.3,6933.2,6888.3,6921.2,1283,18
1578628800,6921.2,6939.2,6918.2,6939.2,937,18
1578643200,6938.2,6939.2,6908.0,6919.0,887,18
1578657600,6918.0,6926.0,6904.0,6908.0,612,19
1578672000,6907.0,6912.0,6877.0,6881.0,1223,19
1578686400,6880.0,6890.0,6867.0,6878.0,431,11
1578873600,6881.2,6909.4,6872.8,6900.4,891,9
1578888000,6900.4,6906.4,6893.4,6900.4,776,19
1578902400,6899.4,6920.4,6899.4,6914.4,650,19
1578916800,6913.4,6924.4,6902.4,6916.4,734,18
1578931200,6917.4,6920.4,6889.4,6916.4,1273,18
1578945600,6917.4,6929.4,6917.4,6928.4,418,18
1578960000,6934.7,6967.6,6928.3,6962.5,1478,18
1578974400,6961.5,6969.5,6951.5,6965.5,1988,18
1578988800,6965.5,6974.5,6947.5,6970.5,1362,18
1579003200,6969.5,6990.5,6962.5,6970.5,1022,19
1579017600,6969.5,6988.5,6964.5,6982.5,1407,6
1579032000,6983.5,6990.5,6967.5,6978.5,876,8
1579046400,6977.5,6994.6,6967.8,6987.6,920,18
1579060800,6987.6,7002.6,6983.6,6993.6,880,9
1579075200,6993.6,7023.6,6992.6,7018.6,1035,6
1579089600,7017.6,7021.6,7009.6,7018.6,699,19
1579104000,7017.6,7035.6,7010.6,7013.6,1420,14
1579118400,7012.6,7022.6,7006.6,7018.6,532,19
1579132800,7007.9,7049.9,7007.9,7032.9,1038,19
1579147200,7033.9,7046.9,7032.9,7043.9,771,19
1579161600,7044.9,7063.9,7041.9,7057.8,884,19
1579176000,7058.8,7059.8,7034.8,7036.8,915,19
1579190400,7036.8,7080.8,7033.8,7078.8,1054,4
1579204800,7078.8,7085.8,7074.8,7079.8,512,18
1579219200,7086.1,7095.9,7080.9,7081.9,1383,18
1579233600,7080.9,7090.9,7074.9,7075.9,1415,18
1579248000,7076.9,7084.9,7065.9,7075.9,1517,18
1579262400,7075.0,7088.0,7074.9,7080.9,1216,18
1579276800,7080.9,7106.9,7079.9,7098.9,2190,13
1579291200,7098.9,7105.0,7093.9,7104.9,420,18
1579478400,7082.3,7099.0,7080.8,7096.0,1716,14
1579492800,7095.6,7098.0,7079.6,7089.0,1892,11
1579507200,7090.6,7093.3,7079.0,7081.0,1508,11
1579521600,7080.6,7097.0,7080.0,7093.0,1070,15
1579536000,7092.7,7101.0,7090.7,7096.0,957,10
1579550400,7096.7,7100.0,7094.6,7094.7,148,15
1579564800,7094.9,7094.9,7053.0,7065.0,1726,15
1579579200,7065.4,7067.7,7046.0,7061.4,2523,11
1579593600,7061.0,7079.0,7060.0,7073.0,2773,8
1579608000,7074.0,7074.4,7057.4,7067.4,1687,15
1579622400,7068.4,7101.1,7051.0,7099.1,3006,7
1579636800,7099.5,7104.5,7074.1,7080.1,2179,15
1579651200,7073.3,7109.9,7070.3,7108.9,2495,12
1579665600,7109.5,7151.9,7108.8,7150.9,2925,5
1579680000,7150.5,7153.8,7137.8,7138.8,2298,11
1579694400,7138.4,7140.8,7128.4,7131.8,1638,11
1579708800,7131.8,7142.8,7117.8,7124.8,3154,8
1579723200,7124.4,7130.5,7117.8,7122.8,1261,12
1579737600,7123.7,7135.2,7078.8,7084.2,3586,5
1579752000,7083.9,7099.2,7073.8,7091.9,3946,11
1579766400,7091.9,7100.1,7084.3,7088.2,3573,14
1579780800,7088.3,7098.5,7081.9,7085.9,1860,14
1579795200,7086.9,7091.9,7056.8,7088.8,2223,5
1579809600,7089.8,7118.9,7085.8,7117.9,814,18
1579824000,7112.8,7128.6,7100.3,7118.3,2391,11
1579838400,7118.7,7127.7,7100.6,7105.7,2284,15
1579852800,7106.3,7119.3,7092.5,7112.7,2258,5
1579867200,7112.3,7118.7,7103.3,7112.7,1979,11
1579881600,7111.7,7115.0,7084.3,7086.3,5573,9
1579896000,7086.6,7087.6,7052.6,7064.6,4766,5
1580169600,6985.4,7008.5,6980.5,6996.5,622,18
1580184000,6996.5,7006.5,6983.5,7003.5,1327,10
1580198400,7003.5,7032.5,6997.4,7009.5,1671,9
1580212800,7009.5,7035.5,6991.4,7028.5,2131,9
1580227200,7027.4,7049.5,7017.4,7049.5,2157,5
1580241600,7049.5,7051.5,7039.4,7045.5,546,18
1580256000,7043.7,7059.7,7018.8,7025.9,1341,18
1580270400,7025.9,7052.9,7023.8,7044.8,1312,18
1580284800,7045.8,7052.9,7027.1,7044.9,1287,18
1580299200,7044.9,7048.9,7031.8,7035.8,516,18
1580313600,7035.8,7044.8,7019.9,7038.8,1466,7
1580328000,7038.8,7050.8,7029.8,7030.8,839,18
1580342400,7021.0,7043.8,7008.0,7025.8,1507,18
1580356800,7025.8,7031.8,6994.8,7009.8,1965,18
1580371200,7008.8,7014.8,6985.8,7004.8,2188,9
1580385600,7003.8,7023.8,6998.8,7002.8,1666,8
1580400000,7002.8,7040.7,6991.7,7015.7,4590,10
1580414400,7015.8,7032.8,6996.7,7030.7,3062,18
1580428800,7045.0,7063.0,7024.4,7048.4,1380,6
1580443200,7047.4,7051.4,7014.4,7020.4,1565,18
1580457600,7019.4,7027.4,6994.7,7013.4,1467,13
1580472000,7012.4,7016.4,6978.4,6988.4,1442,9
1580486400,6988.4,6994.4,6914.4,6939.4,4148,18
1580500800,6938.4,6938.4,6907.5,6911.4,2429,8
1580688000,6908.7,6934.8,6901.8,6912.8,1686,17
1580702400,6913.7,6948.8,6898.8,6933.8,2608,18
1580716800,6932.8,6934.8,6907.0,6923.8,1912,18
1580731200,6923.8,6925.8,6900.8,6915.8,1380,18
1580745600,6915.8,6949.8,6914.8,6928.8,2340,14
1580760000,6927.8,6938.8,6920.8,6928.8,1122,18
1580774400,6922.0,6943.0,6910.8,6939.0,1099,18
1580788800,6938.0,6969.0,6938.0,6950.0,2156,18
1580803200,6950.0,6989.0,6946.9,6981.0,1853,18
1580817600,6980.0,7001.0,6980.0,6999.0,1108,5
1580832000,6999.0,7012.0,6982.0,7005.0,1845,6
1580846400,7003.9,7010.0,7000.0,7007.0,506,18
1580860800,7000.2,7015.0,6980.0,6982.0,1149,18
1580875200,6981.0,6985.0,6963.9,6983.0,1499,5
1580889600,6984.0,7018.0,6961.2,7007.0,2306,18
1580904000,7005.9,7025.0,7004.0,7013.0,2208,18
1580918400,7014.0,7035.0,7009.0,7033.0,2905,18
1580932800,7032.9,7038.0,7028.9,7035.0,772,18
1580947200,7035.2,7045.2,7016.1,7022.2,1213,18
1580961600,7021.2,7052.2,7017.1,7052.2,1767,18
1580976000,7052.2,7061.2,7041.1,7049.2,1663,18
1580990400,7049.2,7063.2,7038.2,7050.2,1258,18
1581004800,7049.1,7067.2,7039.1,7055.2,2259,18
1581019200,7054.2,7064.2,7052.1,7058.2,496,19
1581033600,7060.4,7071.4,7017.1,7022.2,1115,12
1581048000,7021.2,7025.2,7004.1,7021.2,1231,9
1581062400,7020.2,7051.2,7016.2,7043.2,1508,19
1581076800,7043.2,7057.2,7037.1,7051.2,1431,18
1581091200,7051.2,7067.2,7042.1,7053.2,3172,18
1581105600,7052.2,7058.2,7031.1,7035.2,1019,18
1581292800,7027.2,7035.3,6984.3,6992.3,1163,19
1581307200,6992.3,7026.3,6991.2,7008.3,1491,18
1581321600,7008.3,7021.3,6998.2,7004.3,1955,19
1581336000,7004.3,7032.3,7003.3,7031.3,1176,18
1581350400,7031.3,7060.2,7015.3,7054.3,1797,18
1581364800,7054.2,7054.3,7038.2,7053.3,1037,18
1581379200,7056.5,7077.4,7045.3,7068.3,1669,18
1581393600,7068.4,7071.3,7050.3,7058.4,1928,18
1581408000,7058.3,7062.6,7043.3,7052.4,1766,18
1581422400,7052.4,7061.3,7045.3,7058.3,1316,18
1581436800,7058.4,7065.4,7040.3,7063.4,2380,18
1581451200,7063.4,7075.3,7058.3,7061.3,1667,18
1581465600,7067.6,7095.4,7064.6,7090.4,976,18
1581480000,7090.4,7099.4,7081.3,7091.4,792,18
1581494400,7090.3,7101.6,7086.6,7098.4,1084,18
1581508800,7098.4,7103.4,7089.3,7098.4,577,19
1581523200,7098.4,7130.4,7097.3,7122.4,1197,18
1581537600,7123.4,7129.4,7115.4,7125.4,362,19
1581552000,7128.6,7148.1,7097.1,7099.1,1443,7
1581566400,7098.1,7107.1,7085.0,7089.1,1067,18
1581580800,7089.1,7102.1,7080.1,7081.1,1293,18
1581595200,7080.0,7082.1,7052.0,7073.1,1695,8
1581609600,7072.0,7109.1,7070.0,7105.1,2364,6
1581624000,7106.1,7116.1,7103.1,7109.1,825,18
1581638400,7096.0,7113.9,7093.3,7112.9,883,19
1581652800,7112.9,7139.9,7106.8,7133.9,932,9
1581667200,7132.8,7133.9,7111.8,7112.9,1083,19
1581681600,7112.9,7138.9,7107.8,7134.9,677,19
1581696000,7133.9,7133.9,7100.8,7104.9,1435,19
1581710400,7103.8,7108.9,7096.8,7106.9,556,19
1581897600,7116.9,7131.2,7101.2,7103.2,853,19
1581912000,7103.2,7125.2,7103.2,7125.2,825,19
1581926400,7125.2,7139.2,7124.2,7127.2,890,19
1581940800,7128.1,7130.2,7122.1,7126.2,398,19
1581955200,7126.2,7138.2,7116.8,7133.2,403,19
1581969600,7133.2,7134.2,7129.1,7129.2,89,19
1581984000,7127.4,7127.4,7095.2,7113.2,966,19
1581998400,7112.1,7114.2,7100.2,7114.2,1033,19
1582012800,7113.1,7117.2,7093.2,7110.2,1362,19
1582027200,7109.2,7112.2,7097.8,7107.2,1013,18
1582041600,7107.2,7122.2,7092.2,7094.1,2319,18
1582056000,7094.2,7124.2,7094.1,7121.2,1071,7
1582070400,7113.4,7127.5,7103.2,7117.5,752,18
1582084800,7116.4,7141.5,7102.4,7138.5,751,8
1582099200,7137.5,7147.5,7117.4,7123.5,1104,19
1582113600,7124.5,7129.5,7118.4,7126.5,657,9
1582128000,7125.5,7166.5,7122.5,7162.5,1270,18
1582142400,7161.5,7165.5,7155.5,7161.5,388,19
1582156800,7154.7,7187.9,7153.7,7184.9,915,13
1582171200,7185.9,7200.9,7154.9,7160.9,1387,19
1582185600,7159.9,7192.9,7155.2,7177.9,1518,19
1582200000,7177.9,7187.9,7167.9,7179.9,801,19
1582214400,7178.9,7193.9,7122.8,7144.9,2473,19
1582228800,7143.9,7164.9,7130.9,7158.9,1872,19
1582243200,7165.2,7169.2,7133.4,7149.4,1203,19
1582257600,7149.4,7157.4,7137.4,7140.4,1256,19
1582272000,7140.4,7144.4,7106.4,7123.4,1715,18
1582286400,7124.4,7143.4,7120.4,7139.4,1157,19
1582300800,7138.4,7142.4,7073.4,7103.4,3310,9
1582315200,7104.4,7110.4,7081.4,7089.1,1341,7
1582502400,7026.2,7043.0,6980.9,6984.0,1530,9
1582516800,6984.0,6992.0,6965.9,6983.0,1611,18
1582531200,6983.0,6985.0,6904.0,6908.0,3168,18
1582545600,6909.0,6913.0,6871.9,6876.0,4168,18
1582560000,6876.0,6883.9,6812.9,6822.8,5796,10
1582574400,6821.8,6837.8,6790.8,6835.8,2534,19
1582588800,6808.1,6878.7,6792.2,6874.7,2253,18
1582603200,6875.7,6903.7,6839.8,6864.8,2295,18
1582617600,6863.8,6884.8,6842.8,6845.8,2930,14
1582632000,6845.8,6869.8,6810.8,6863.8,3527,18
1582646400,6862.8,6865.8,6756.8,6777.8,7887,18
1582660800,6779.8,6783.8,6685.8,6714.8,5766,18
1582675200,6707.0,6761.3,6704.0,6719.3,2843,18
1582689600,6721.3,6747.3,6687.2,6715.3,4002,12
1582704000,6716.3,6723.3,6651.2,6659.3,4565,14
1582718400,6660.2,6707.3,6614.2,6703.3,6620,9
1582732800,6704.3,6749.3,6691.2,6719.3,7385,13
1582747200,6720.3,6722.3,6657.3,6662.3,6117,18
1582761600,6663.5,6725.8,6631.5,6664.8,4502,18
1582776000,6663.8,6670.8,6625.8,6646.8,3760,18
1582790400,6647.8,6691.8,6634.7,6671.8,5695,18
1582804800,6671.8,6695.8,6610.8,6612.8,3692,18
1582819200,6611.8,6620.7,6495.8,6582.8,11298,9
1582833600,6582.8,6630.8,6540.0,6548.0,5490,8
1582848000,6490.3,6508.3,6424.8,6473.9,5192,8
1582862400,6474.8,6512.9,6429.8,6441.9,6439,11
1582876800,6441.9,6443.8,6363.8,6378.9,10111,5
1582891200,6377.8,6441.8,6333.8,6413.9,5280,5
1582905600,6413.9,6420.9,6245.8,6300.9,11328,9
1582920000,6297.8,6361.9,6263.8,6317.9,4981,18
1583107200,6300.2,6327.2,6243.2,6261.2,5454,12
1583121600,6261.2,6403.3,6260.3,6392.3,9597,9
1583136000,6392.3,6400.2,6337.5,6359.3,7189,18
1583150400,6359.3,6382.2,6225.2,6280.2,5902,8
1583164800,6281.2,6385.2,6245.2,6382.2,8578,18
1583179200,6383.2,6393.2,6317.2,6327.2,3483,9
1583193600,6439.2,6518.4,6398.5,6512.4,3459,19
1583208000,6512.4,6522.4,6433.4,6445.4,3802,19
1583222400,6445.4,6452.4,6362.7,6379.4,1462,13
1583236800,6446.4,6467.4,6382.4,6403.4,4134,19
1583251200,6402.4,6476.4,6348.4,6409.5,6550,18
1583265600,6407.4,6420.5,6287.4,6310.5,2822,18
1583280000,6308.4,6349.2,6282.7,6343.2,937,19
1583308800,6349.3,6375.3,6327.3,6371.3,1758,18
1583323200,6371.3,6420.3,6358.3,6399.3,2486,9
1583337600,6399.3,6408.3,6337.3,6371.3,3507,14
1583352000,6370.3,6430.3,6370.3,6421.3,2432,18
1583366400,6454.2,6454.2,6415.9,6439.0,2004,15
1583380800,6440.0,6442.0,6366.9,6372.0,2185,7
1583395200,6372.0,6424.0,6368.0,6368.0,2671,7
1583409600,6368.0,6370.0,6307.0,6316.0,3017,10
1583424000,6316.0,6350.0,6292.0,6307.0,4580,5
1583438400,6307.0,6312.0,6259.0,6274.0,3241,5
1583452800,6276.9,6276.9,6257.2,6272.2,472,20
1583481600,6216.5,6235.3,6140.3,6161.3,2907,12
1583496000,6161.3,6175.3,6073.3,6081.3,4139,12
1583510400,6080.3,6139.3,6041.3,6089.3,6907,18
1583524800,6091.3,6125.3,6064.3,6068.3,2425,15
1583712000,6015.0,6016.0,5865.7,5877.8,4035,5
1583726400,5877.8,5889.8,5805.8,5811.8,3934,18
1583740800,5811.8,5825.8,5617.8,5697.8,4353,7
1583755200,5696.8,5717.8,5500.8,5502.8,2933,12
1583769600,5503.8,5562.8,5349.8,5495.8,5128,5
1583784000,5495.8,5528.8,5404.8,5435.8,3020,5
1583798400,5438.0,5769.1,5370.4,5732.1,5120,5
1583812800,5733.1,5906.2,5725.1,5895.2,6640,10
1583827200,5894.2,6036.2,5892.1,5944.2,5027,18
1583841600,5945.2,6038.2,5939.2,6011.2,4016,6
1583856000,6010.2,6022.2,5787.2,5865.2,6801,9
1583870400,5865.2,6030.2,5815.2,5999.8,3555,18
1583884800,6003.4,6003.4,5817.8,5880.8,3091,8
1583913600,5721.8,5747.8,5682.8,5729.8,1799,18
1583928000,5730.8,5734.8,5600.8,5609.8,3122,6
1583942400,5609.8,5688.8,5567.8,5575.8,4957,18
1583956800,5574.8,5584.8,5495.8,5528.8,2994,7
1583971200,5529.0,5644.7,5524.9,5613.7,3957,15
1583985600,5611.7,5618.7,5278.7,5367.7,8804,8
1584000000,5366.7,5389.7,5207.7,5240.7,4792,18
1584014400,5240.7,5293.7,5148.4,5154.7,2423,19
1584028800,5156.7,5165.7,4810.6,4909.7,5171,6
1584043200,4910.7,5026.7,4841.6,4886.1,2355,5
1584057600,4861.9,5104.3,4861.9,4928.3,4169,6
1584072000,4927.3,5458.3,4867.3,5380.2,8729,6
1584086400,5378.2,5678.5,5357.2,5424.2,6750,10
1584100800,5424.2,5673.3,5421.2,5580.2,2726,18
1584115200,5581.2,5611.2,5326.5,5408.5,3777,11
1584129600,5412.5,5666.5,5388.5,5650.5,2845,13
1584316800,5380.7,5386.7,5076.4,5247.4,3113,5
1584331200,5247.4,5269.4,5097.4,5116.4,5950,5
1584345600,5116.4,5133.4,4925.4,4959.7,4689,10
1584360000,4958.7,4993.5,4831.7,4879.7,1761,13
1584374400,4882.7,5015.7,4775.7,4977.7,2461,13
1584388800,4976.7,4996.7,4810.7,4841.7,1337,9
1584403200,4855.7,5122.5,4827.8,5112.5,3665,14
1584417600,5112.5,5314.5,5097.5,5312.5,6270,7
1584432000,5312.5,5336.5,5101.5,5116.5,4026,5
1584446400,5116.5,5175.8,4995.8,5118.9,2205,13
1584460800,5118.9,5288.9,5017.9,5206.9,3494,13
1584475200,5207.9,5309.8,5149.9,5281.9,2287,5
1584489600,5230.8,5233.7,5051.5,5084.5,3699,13
1584504000,5083.4,5116.5,4870.5,5037.5,5774,5
1584518400,5036.5,5045.5,4852.7,4938.7,3520,17
1584532800,4939.7,4959.5,4790.5,4816.5,2198,5
1584547200,4816.5,5006.4,4763.5,4848.5,4150,6
1584561600,4848.5,4865.5,4735.5,4848.5,2773,6
1584576000,4888.7,5104.0,4768.2,4921.0,4115,14
1584590400,4919.0,4982.0,4736.0,4752.0,5944,6
1584604800,4754.0,4969.2,4744.0,4932.0,4835,5
1584619200,4932.0,4953.0,4767.0,4830.0,2035,19
1584633600,4835.0,4978.0,4733.0,4940.0,4206,19
1584648000,4945.0,5071.0,4920.0,4966.0,2993,5
1584662400,4886.2,4998.9,4817.2,4913.0,2992,19
1584676800,4913.0,5023.9,4782.9,4828.9,5378,19
1584691200,4829.9,4994.0,4777.9,4973.0,4459,7
1584705600,4973.0,5024.1,4897.1,4909.1,2061,12
1584720000,4908.1,4972.0,4881.0,4951.0,2815,19
1584734400,4951.0,4975.0,4718.0,4718.0,2556,7
1584921600,4507.0,4580.0,4411.0,4463.0,2687,6
1584936000,4463.0,4649.1,4410.1,4630.1,6622,19
1584950400,4629.1,4635.1,4476.0,4539.1,5037,19
1584964800,4538.1,4804.1,4538.1,4705.1,2726,19
1584979200,4706.1,4720.1,4537.1,4684.1,5061,8
1584993600,4684.1,4705.1,4538.1,4545.1,2485,12
1585008000,4561.3,4719.8,4561.3,4699.5,4139,19
1585022400,4699.5,4759.5,4612.5,4729.5,6892,19
1585036800,4729.5,4824.5,4704.8,4800.5,4496,7
1585051200,4797.5,4856.5,4786.5,4844.5,1514,5
1585065600,4843.5,5020.5,4798.5,4949.5,2939,14
1585080000,4946.5,5025.5,4898.5,5014.5,1824,17
1585094400,5008.8,5106.0,4903.7,4904.8,3215,13
1585108800,4906.8,4929.8,4801.8,4912.8,5253,9
1585123200,4916.8,5208.8,4916.8,5198.8,4661,6
1585137600,5198.8,5223.8,4972.7,5038.7,2140,19
1585152000,5038.7,5200.7,5013.7,5182.7,2330,17
1585166400,5182.7,5266.7,5138.7,5160.7,1841,20
1585180800,5153.0,5194.1,5058.8,5061.8,3095,10
1585195200,5061.8,5199.8,5022.9,5115.8,5830,5
1585209600,5113.8,5157.8,5046.8,5086.8,3362,19
1585224000,5086.8,5177.8,5074.8,5133.8,2440,14
1585238400,5134.8,5345.8,5113.8,5328.8,2455,5
1585252800,5330.8,5336.8,5254.8,5323.8,1765,20
1585267200,5322.1,5329.3,5113.0,5115.0,2708,12
1585281600,5117.0,5126.0,4860.1,4884.1,5221,5
1585296000,4885.1,4992.0,4802.1,4957.0,4265,5
1585310400,4959.0,4975.0,4846.0,4925.0,1395,5
1585324800,4925.0,4961.3,4846.0,4892.0,2917,6
1585339200,4893.0,4940.0,4829.0,4853.0,1297,20
1585526400,4778.9,4950.6,4751.8,4924.6,3504,16
1585540800,4923.6,5123.6,4913.6,5094.6,4879,19
1585555200,5095.6,5261.9,5093.6,5121.6,4872,5
1585569600,5119.6,5200.6,5093.6,5193.6,2552,5
1585584000,5193.6,5278.6,5136.6,5260.6,3472,6
1585598400,5259.6,5285.6,5207.6,5263.9,3142,19
1585612800,5266.5,5393.2,5243.2,5339.2,2609,5
1585627200,5340.2,5380.2,5012.2,5036.2,5934,5
1585641600,5033.2,5221.2,5025.2,5218.2,4991,10
1585656000,5219.2,5231.2,5131.2,5177.2,3436,5
1585670400,5177.2,5289.2,5163.2,5230.2,3869,10
1585684800,5231.2,5241.2,5159.2,5171.5,2690,19
1585699200,5155.7,5282.4,5099.7,5262.4,3392,19
1585713600,5264.4,5291.4,5160.4,5246.4,4904,14
1585728000,5245.4,5303.4,5155.4,5195.4,5776,5
1585742400,5195.4,5231.4,5153.4,5193.4,2419,8
1585756800,5192.4,5232.4,5111.4,5125.4,3608,6
1585771200,5123.4,5186.4,5054.7,5080.7,2976,8
1585785600,5099.9,5185.9,5074.9,5131.9,3162,19
1585800000,5133.0,5218.9,5094.9,5190.9,5104,13
1585814400,5190.9,5196.0,5132.9,5188.9,3961,11
1585828800,5189.9,5195.9,5114.9,5132.9,3139,19
1585843200,5133.9,5297.9,5107.9,5276.9,4198,14
1585857600,5276.9,5297.2,5169.9,5270.2,3254,20
1585872000,5280.2,5284.2,5137.9,5170.0,2912,8
1585886400,5168.9,5203.9,5031.0,5042.0,6353,5
1585900800,5041.9,5123.9,5037.0,5095.9,3891,5
1585915200,5095.9,5166.5,5086.9,5152.5,2831,9
1585929600,5151.5,5164.5,5040.4,5060.5,2592,6
1585944000,5060.5,5101.5,5046.5,5091.7,1162,19
1586131200,5167.7,5251.5,5117.5,5205.5,2802,19
1586145600,5207.5,5312.4,5189.4,5298.4,4537,19
1586160000,5297.4,5328.4,5256.4,5288.4,4238,14
1586174400,5288.4,5310.4,5274.4,5290.4,1879,19
1586188800,5291.4,5350.4,5284.4,5334.4,2435,19
1586203200,5333.4,5463.4,5325.4,5417.4,2559,9
1586217600,5413.7,5450.4,5356.7,5393.4,2800,19
1586232000,5392.4,5415.4,5200.4,5244.4,5686,7
1586246400,5243.4,5328.4,5197.4,5299.4,5226,9
1586260800,5299.4,5364.4,5295.4,5337.4,2813,7
1586275200,5336.4,5359.4,5246.4,5328.4,3798,14
1586289600,5328.4,5338.4,5195.4,5208.4,3473,19
1586304000,5213.9,5257.9,5129.6,5193.6,3269,6
1586318400,5191.6,5322.6,5183.6,5322.6,4715,15
1586332800,5323.6,5345.6,5166.6,5186.6,5228,5
1586347200,5187.6,5240.6,5170.6,5226.6,2296,19
1586361600,5226.6,5281.6,5200.6,5237.6,3534,19
1586376000,5240.6,5268.6,5189.6,5268.6,2319,6
1586390400,5241.0,5338.7,5235.0,5276.7,2481,9
1586404800,5276.7,5362.7,5274.7,5360.7,2983,19
1586419200,5360.7,5450.7,5332.7,5392.7,3795,19
1586433600,5391.7,5412.7,5341.7,5400.7,3591,15
1586448000,5400.7,5467.7,5381.7,5463.7,1017,19
1586822400,5390.8,5448.8,5366.8,5433.8,1339,6
1586836800,5429.8,5465.8,5420.8,5459.8,5026,19
1586851200,5458.8,5521.6,5451.8,5473.7,4495,19
1586865600,5474.7,5483.6,5462.6,5480.7,1912,19
1586880000,5480.7,5531.7,5442.6,5494.7,3758,19
1586894400,5493.6,5537.7,5485.6,5514.6,3289,19
1586908800,5519.1,5551.9,5460.8,5479.8,2249,14
1586923200,5480.8,5487.8,5427.8,5457.8,5488,19
1586937600,5456.9,5493.9,5414.8,5433.9,4668,14
1586952000,5434.8,5445.9,5365.9,5369.8,3047,19
1586966400,5369.8,5388.9,5327.8,5365.8,4224,7
1586980800,5363.8,5399.8,5349.8,5359.8,3284,19
1586995200,5357.6,5394.4,5306.3,5381.4,2378,19
1587009600,5381.4,5434.4,5370.4,5419.4,3164,19
1587024000,5419.4,5466.6,5391.4,5435.4,3364,19
1587038400,5436.4,5441.4,5392.4,5406.4,1754,19
1587052800,5404.4,5410.4,5340.4,5358.4,2716,19
1587067200,5359.4,5452.4,5341.4,5451.4,2173,19
1587081600,5483.7,5551.7,5465.7,5544.5,2855,19
1587096000,5544.5,5584.4,5510.5,5515.5,3079,19
1587110400,5515.5,5533.5,5444.5,5458.5,3513,6
1587124800,5458.5,5501.5,5458.5,5472.5,2147,14
1587139200,5473.5,5478.5,5412.5,5442.5,2345,7
1587153600,5441.5,5500.5,5427.5,5482.5,989,19
1587340800,5473.8,5508.6,5433.5,5493.6,2237,19
1587355200,5492.6,5495.6,5411.6,5444.6,3445,19
1587369600,5443.6,5449.6,5360.6,5369.6,3257,19
1587384000,5370.6,5373.6,5269.6,5298.6,2170,9
1587398400,5298.6,5402.6,5282.6,5384.6,2551,19
1587412800,5383.6,5384.6,5320.6,5331.6,2278,19
1587427200,5327.9,5359.7,5318.7,5340.7,2175,19
1587441600,5339.7,5356.7,5250.7,5268.7,4235,8
1587456000,5267.7,5271.7,5203.9,5220.7,3504,9
1587470400,5220.7,5226.7,5122.7,5143.7,3564,8
1587484800,5144.7,5192.7,5097.7,5114.7,3712,7
1587499200,5113.7,5139.7,5089.7,5109.7,2936,14
1587513600,5129.4,5165.2,5104.2,5162.2,2413,19
1587528000,5162.2,5242.2,5146.2,5183.2,3878,19
1587542400,5183.2,5268.4,5182.2,5253.2,3839,9
1587556800,5253.2,5308.2,5231.2,5305.2,1625,19
1587571200,5304.2,5334.2,5287.2,5308.2,2602,19
1587585600,5309.2,5328.2,5296.2,5305.2,1541,19
1587600000,5302.4,5302.4,5246.1,5253.1,1767,20
1587614400,5253.1,5275.1,5185.2,5210.1,3771,19
1587628800,5210.1,5245.2,5189.2,5217.1,4054,19
1587643200,5217.1,5244.1,5211.2,5243.1,2155,19
1587657600,5244.1,5295.1,5207.1,5240.1,3167,5
1587672000,5241.1,5258.1,5211.1,5225.1,2288,20
1587686400,5217.4,5251.2,5187.4,5251.2,1869,10
1587700800,5252.2,5272.2,5225.2,5254.2,2295,10
1587715200,5254.2,5268.2,5217.2,5241.2,3002,13
1587729600,5241.2,5291.2,5240.2,5280.2,1439,19
1587744000,5281.2,5295.2,5252.1,5271.2,1683,19
1587758400,5272.2,5332.2,5267.2,5310.2,658,19
1587945600,5319.5,5319.5,5207.2,5234.2,2422,19
1587960000,5233.3,5331.2,5227.3,5324.3,3457,9
1587974400,5326.2,5340.2,5288.2,5324.2,4097,19
1587988800,5324.3,5350.2,5304.2,5334.3,1971,5
1588003200,5335.2,5344.3,5292.2,5338.3,2996,5
1588017600,5339.2,5353.3,5321.2,5329.3,1463,12
1588032000,5324.5,5383.2,5306.2,5375.2,1374,20
1588046400,5374.2,5374.2,5279.2,5303.2,2333,12
1588060800,5303.2,5344.2,5294.2,5333.2,2213,14
1588075200,5333.2,5386.2,5330.2,5384.2,1341,10
1588089600,5384.2,5396.2,5312.2,5338.2,2188,5
1588104000,5338.2,5369.2,5319.2,5337.2,1315,19
1588118400,5342.6,5364.6,5319.3,5327.3,1575,20
1588132800,5328.3,5392.3,5323.3,5381.3,2059,20
1588147200,5381.3,5406.3,5366.3,5391.3,2382,19
1588161600,5391.3,5445.3,5369.3,5445.3,1327,20
1588176000,5445.3,5470.3,5421.3,5456.3,2159,20
1588190400,5457.3,5487.3,5439.3,5484.3,1654,20
1588204800,5478.3,5485.1,5440.1,5464.1,1759,19
1588219200,5464.1,5564.1,5450.1,5558.1,2305,5
1588233600,5556.1,5564.1,5498.1,5532.1,3613,17
1588248000,5532.1,5549.1,5482.1,5493.1,2134,12
1588262400,5493.1,5498.1,5410.1,5428.1,3268,6
1588276800,5426.1,5468.1,5416.1,5430.1,2100,14
1588291200,5418.1,5442.1,5337.8,5344.9,2918,19
1588305600,5343.8,5353.8,5290.9,5340.8,4568,7
1588320000,5339.9,5342.8,5208.1,5234.8,3770,9
1588334400,5236.8,5248.9,5215.8,5235.8,1588,5
1588348800,5235.8,5267.8,5211.8,5231.8,2310,17
1588363200,5230.8,5248.8,5197.8,5238.8,789,19
1588550400,5221.2,5240.2,5153.2,5202.0,3401,19
1588564800,5201.9,5316.9,5194.0,5305.9,5727,9
1588579200,5304.9,5352.2,5293.9,5294.9,3882,5
1588593600,5293.9,5329.9,5268.9,5309.9,1574,19
1588608000,5309.9,5368.9,5296.9,5314.9,2477,5
1588622400,5314.9,5363.9,5297.9,5343.9,1663,12
1588636800,5336.6,5408.3,5329.3,5407.3,1307,19
1588651200,5407.3,5412.3,5366.3,5402.3,2012,19
1588665600,5402.3,5437.3,5388.3,5389.3,2656,10
1588680000,5389.3,5430.3,5385.3,5420.3,1911,13
1588694400,5420.3,5439.3,5407.3,5429.3,1957,19
1588708800,5429.3,5437.3,5385.3,5410.3,1817,14
1588723200,5405.9,5425.9,5354.6,5361.6,1401,14
1588737600,5361.6,5382.6,5343.6,5381.6,2634,18
1588752000,5382.6,5416.6,5379.6,5413.6,2434,19
1588766400,5414.6,5429.6,5381.7,5400.7,1293,18
1588780800,5400.7,5407.7,5350.7,5370.7,2655,9
1588795200,5371.6,5389.7,5339.7,5353.7,2074,18
1588809600,5357.9,5399.7,5333.9,5367.7,1883,19
1588824000,5368.7,5382.7,5346.7,5358.7,2043,19
1588838400,5358.7,5387.9,5350.7,5383.6,2162,5
1588852800,5384.6,5397.7,5359.7,5388.6,1854,5
1588867200,5389.6,5412.7,5375.6,5387.6,2585,9
1588881600,5388.6,5388.7,5352.6,5375.6,1897,18
1588896000,5373.8,5432.6,5370.8,5424.6,1801,6
1588910400,5425.5,5428.6,5391.5,5410.6,3201,18
1588924800,5410.6,5411.6,5387.5,5395.6,1604,7
1588939200,5395.6,5408.6,5381.6,5399.6,1529,18
1588953600,5399.6,5406.5,5370.6,5406.5,1742,6
1588968000,5406.5,5413.6,5382.6,5404.6,663,5
1589155200,5387.9,5457.7,5382.9,5440.7,1487,19
1589169600,5441.7,5492.7,5432.7,5485.7,1729,19
1589184000,5486.7,5487.9,5451.7,5456.7,2067,19
1589198400,5456.7,5456.7,5422.7,5424.7,1456,19
1589212800,5424.7,5479.7,5424.7,5478.7,2002,19
1589227200,5478.7,5488.7,5457.7,5458.7,1475,9
1589241600,5457.8,5480.8,5391.6,5405.6,1569,19
1589256000,5404.6,5405.6,5372.6,5393.6,2295,18
1589270400,5394.6,5420.6,5384.5,5410.6,2314,19
1589284800,5410.6,5436.6,5406.6,5433.6,1238,19
1589299200,5434.6,5436.6,5409.5,5421.6,2042,19
1589313600,5421.5,5421.6,5314.6,5315.5,1999,9
1589328000,5322.0,5339.0,5298.7,5328.8,2394,19
1589342400,5328.8,5400.8,5305.8,5398.8,2223,14
1589356800,5399.8,5433.8,5360.8,5411.8,2741,9
1589371200,5412.8,5445.8,5408.8,5423.8,1234,19
1589385600,5423.8,5439.8,5340.8,5364.8,3968,19
1589400000,5363.8,5375.8,5328.8,5366.8,2635,19
1589414400,5363.2,5380.0,5340.9,5371.0,1879,19
1589428800,5370.0,5389.0,5350.0,5352.0,2901,10
1589443200,5351.0,5366.0,5299.2,5319.0,3029,8
1589457600,5319.0,5334.0,5278.0,5291.0,2132,19
1589472000,5291.0,5337.0,5254.0,5336.0,4163,12
1589486400,5337.0,5366.0,5322.0,5356.0,2675,19
1589500800,5354.1,5399.9,5347.1,5381.9,1490,19
1589515200,5382.9,5395.9,5346.8,5391.9,2832,19
1589529600,5392.9,5426.1,5378.8,5408.9,2558,11
1589544000,5407.9,5416.9,5364.8,5373.9,2526,19
1589558400,5374.9,5422.9,5368.8,5407.9,3440,19
1589572800,5406.9,5448.9,5406.8,5438.9,1283,13
1589760000,5419.0,5480.8,5413.0,5460.8,1509,19
1589774400,5460.8,5487.8,5455.8,5473.8,1737,19
1589788800,5474.8,5512.8,5447.8,5505.8,2057,5
1589803200,5506.8,5558.8,5492.8,5558.8,1595,11
1589817600,5558.8,5594.8,5540.8,5586.8,2622,19
1589832000,5586.8,5606.8,5583.8,5588.8,1371,18
1589846400,5587.9,5617.6,5565.7,5573.7,1727,19
1589860800,5572.7,5584.7,5547.7,5583.7,1984,19
1589875200,5583.7,5593.9,5518.6,5526.6,3171,5
1589889600,5525.6,5546.6,5507.6,5532.6,2187,6
1589904000,5532.6,5541.6,5509.6,5518.6,3006,19
1589918400,5518.6,5530.6,5484.6,5491.8,2200,12
1589932800,5483.6,5527.9,5472.6,5526.9,1493,17
1589947200,5526.9,5589.9,5517.9,5574.0,1672,5
1589961600,5574.9,5593.9,5556.0,5589.9,3248,16
1589976000,5589.0,5605.9,5579.9,5584.9,2710,16
1589990400,5585.0,5613.5,5581.4,5602.5,4761,7
1590004800,5602.5,5611.4,5583.9,5600.9,3168,16
1590019200,5603.4,5637.7,5577.2,5593.8,1760,17
1590033600,5592.8,5597.8,5540.9,5577.2,3326,16
1590048000,5577.3,5584.3,5524.2,5540.3,3048,11
1590062400,5540.2,5571.2,5529.2,5562.2,2735,11
1590076800,5562.2,5584.2,5525.7,5544.7,4820,5
1590091200,5545.2,5559.2,5532.7,5532.8,2684,16
1590105600,5537.9,5572.3,5527.9,5558.3,1448,8
1590120000,5559.2,5565.3,5501.3,5503.2,3813,16
1590134400,5503.2,5511.2,5476.9,5510.2,3820,16
1590148800,5510.2,5557.2,5507.2,5555.2,2627,8
1590163200,5555.2,5562.3,5536.2,5557.2,3602,16
1590177600,5557.7,5581.2,5554.2,5570.8,908,17
1590364800,5554.9,5593.5,5554.9,5590.5,1298,16
1590379200,5590.5,5600.5,5571.5,5579.5,1448,8
1590393600,5580.5,5662.5,5579.5,5657.5,1843,7
1590408000,5658.5,5671.5,5653.5,5668.5,1186,17
1590422400,5668.9,5681.0,5666.0,5677.5,1254,17
1590436800,5677.0,5678.0,5668.1,5670.1,324,17
1590451200,5663.2,5683.5,5642.5,5676.5,1028,14
1590465600,5677.5,5762.5,5669.5,5749.5,1682,7
1590480000,5750.5,5814.2,5725.5,5769.5,2506,8
1590494400,5769.5,5780.5,5750.5,5770.5,1398,8
1590508800,5770.5,5778.5,5747.0,5760.5,3046,8
1590523200,5760.0,5770.5,5727.0,5739.1,2051,17
1590537600,5734.6,5760.9,5709.9,5747.9,1563,5
1590552000,5752.9,5836.9,5743.9,5808.9,2894,8
1590566400,5809.9,5809.9,5753.3,5800.0,3403,8
1590580800,5800.9,5826.9,5797.9,5817.0,2741,17
1590595200,5817.9,5830.9,5752.4,5810.4,6609,13
1590609600,5810.4,5828.4,5796.9,5820.9,3878,13
1590624000,5816.4,5913.8,5805.4,5902.7,2326,5
1590638400,5902.7,5926.8,5827.7,5856.7,4899,16
1590652800,5856.8,5872.7,5823.4,5842.7,5489,14
1590667200,5842.8,5846.7,5812.8,5834.7,3369,17
1590681600,5834.8,5853.2,5816.7,5851.2,5378,16
1590696000,5851.7,5867.3,5819.7,5828.3,3473,16
1590710400,5831.4,5835.4,5759.7,5767.7,1840,4
1590724800,5767.7,5819.7,5765.7,5819.7,2861,17
1590739200,5819.7,5824.7,5719.7,5723.7,3513,13
1590753600,5723.7,5742.7,5715.7,5720.7,2360,17
1590768000,5720.1,5724.7,5653.7,5684.7,4956,5
1590782400,5684.7,5724.7,5644.2,5721.3,3298,5
1590969600,5708.4,5745.7,5641.4,5745.7,2582,5
1590984000,5744.7,5813.7,5735.7,5795.7,3102,5
1590998400,5794.7,5853.4,5781.7,5796.8,4419,5
1591012800,5797.8,5822.7,5782.7,5787.7,3340,6
1591027200,5787.7,5813.7,5765.3,5807.7,3886,12
1591041600,5808.3,5848.3,5808.3,5834.3,2154,12
1591056000,5834.3,5835.3,5797.3,5826.7,2180,16
1591070400,5828.3,5842.6,5800.6,5835.6,3861,5
1591084800,5835.3,5873.6,5817.3,5866.6,4091,5
1591099200,5866.7,5874.8,5842.6,5848.7,2507,5
1591113600,5849.6,5871.2,5826.2,5831.2,3647,12
1591128000,5831.6,5867.2,5831.6,5861.2,2643,6
1591142400,5859.3,5897.7,5856.3,5894.6,1925,11
1591156800,5894.6,5928.7,5876.6,5925.6,4043,5
1591171200,5925.7,5964.7,5901.7,5935.7,4634,5
1591185600,5935.7,5955.7,5923.6,5951.6,4285,10
1591200000,5950.7,5983.2,5946.7,5974.6,4054,5
1591214400,5975.3,6006.6,5974.2,5996.3,2096,16
1591228800,5992.2,6043.5,5977.2,6030.6,2694,9
1591243200,6031.5,6032.5,5942.5,6006.6,6039,6
1591257600,6007.6,6014.5,5972.6,5983.5,5150,4
1591272000,5983.5,5999.6,5954.6,5965.5,4701,7
1591286400,5965.6,5999.5,5958.5,5964.5,5017,14
1591300800,5965.1,5989.1,5954.5,5982.2,3127,13
1591315200,5976.1,5995.4,5952.1,5971.4,2103,16
1591329600,5971.4,6008.5,5961.5,5997.5,5061,13
1591344000,5996.4,6026.0,5987.1,6017.4,5092,16
1591358400,6018.4,6072.4,5992.5,6072.4,4150,13
1591372800,6072.4,6147.4,6066.5,6115.9,5640,9
1591387200,6115.5,6118.9,6091.5,6096.5,2155,7
1591603200,6093.3,6133.0,6087.4,6131.9,1543,8
1591617600,6130.9,6144.2,6115.0,6128.0,3046,5
1591632000,6128.9,6138.4,6101.9,6112.5,4481,9
1591646400,6113.4,6145.9,6109.5,6139.4,2408,8
1591660800,6139.6,6199.9,6132.3,6155.9,2320,7
1591675200,6155.0,6173.9,6126.9,6148.9,4306,10
1591689600,6148.9,6186.9,6095.9,6103.9,4666,8
1591704000,6104.0,6117.0,6093.9,6098.9,3420,8
1591718400,6098.0,6106.9,6073.4,6081.9,4604,5
1591732800,6081.9,6113.9,6080.9,6094.5,3090,13
1591747200,6099.6,6139.9,6088.9,6136.9,2025,7
1591761600,6136.0,6183.9,6131.9,6173.0,3643,6
1591776000,6173.9,6173.9,6105.0,6107.9,3634,8
1591790400,6107.9,6110.0,6067.4,6102.9,4113,14
1591804800,6102.0,6106.9,6057.9,6080.9,5369,12
1591819200,6080.4,6096.9,6044.4,6060.5,4733,13
1591833600,6051.6,6081.9,6020.0,6073.9,2711,9
1591848000,6073.9,6090.9,5947.0,5981.4,4902,7
1591862400,5982.4,5987.4,5917.4,5920.4,3999,7
1591876800,5920.4,5951.4,5889.8,5900.8,2886,14
1591891200,5900.8,5938.0,5813.3,5818.3,4079,7
1591905600,5818.3,5836.3,5761.3,5779.3,3280,20
1591920000,5769.4,5830.7,5756.4,5772.7,2858,4
1591934400,5771.7,5883.6,5758.7,5844.7,4702,16
1591948800,5844.7,5874.7,5799.7,5866.1,5049,7
1591963200,5866.1,5878.1,5838.1,5870.1,3181,33
1591977600,5870.1,5891.1,5780.3,5846.3,5929,34
1591992000,5847.3,5866.3,5767.3,5835.3,2742,6
1592179200,5766.3,5859.3,5758.6,5827.3,3157,6
1592193600,5827.3,5859.3,5769.3,5771.3,3556,33
1592208000,5771.3,5787.6,5712.3,5784.6,5977,18
1592222400,5785.6,5825.5,5766.6,5808.7,3056,33
1592236800,5809.7,5850.9,5759.9,5850.9,4363,33
1592251200,5850.9,5884.9,5837.9,5880.9,1546,45
1592265600,5931.0,5932.0,5870.0,5906.8,2500,12
1592280000,5907.8,5969.8,5891.8,5954.8,3299,33
1592294400,5954.8,5985.8,5920.8,5967.6,4448,19
1592308800,5967.6,6024.8,5958.6,6020.8,1355,13
1592323200,6020.8,6026.0,5936.0,5985.0,3031,19
1592337600,5985.0,5998.9,5943.6,5995.9,1209,4
1592352000,5976.2,6019.9,5944.2,5983.0,2128,14
1592366400,5983.0,6000.0,5941.9,5986.9,2948,9
1592380800,5985.0,6035.0,5967.0,6019.0,3848,5
1592395200,6020.0,6037.0,5988.0,6022.0,2195,18
1592409600,6022.9,6025.0,5979.1,6007.2,4292,14
1592424000,6007.2,6018.2,5979.1,5982.1,2615,14
1592438400,5982.5,6000.2,5943.2,5945.2,2872,18
1592452800,5946.2,5981.3,5900.2,5959.2,5653,9
1592467200,5959.2,6018.2,5941.2,6013.2,5629,18
1592481600,6013.2,6014.3,5949.2,5965.2,5179,9
1592496000,5965.3,5999.4,5952.4,5989.4,3699,15
1592510400,5989.4,6002.4,5973.4,5978.4,1525,13
1592524800,5978.5,6021.2,5971.5,6007.3,2259,11
1592539200,6007.2,6024.2,5950.2,5953.2,4875,18
1592553600,5952.2,6002.5,5945.2,5999.2,4324,18
1592568000,5999.3,6015.3,5994.2,6010.2,3373,18
1592582400,6010.2,6011.3,5944.4,5972.4,3273,11
1592596800,5972.4,5972.4,5905.4,5913.4,1546,11
1592784000,5869.3,5928.3,5853.3,5927.3,3047,18
1592798400,5927.3,5988.3,5927.3,5972.3,4783,11
1592812800,5972.3,5998.4,5938.3,5994.3,4547,18
1592827200,5994.4,6002.3,5966.3,5975.3,3375,5
1592841600,5975.4,5996.5,5958.5,5990.5,2640,15
1592856000,5990.5,6002.5,5981.5,5993.5,1723,15
1592870400,5994.7,6018.7,5989.8,5997.4,1895,10
1592884800,5997.5,5999.5,5891.4,5962.4,6634,5
1592899200,5962.4,6027.4,5944.4,6011.4,4556,18
1592913600,6010.4,6035.4,6006.4,6016.4,2681,18
1592928000,6016.4,6018.4,5987.6,6009.6,2421,15
1592942400,6010.6,6017.6,5986.6,5988.6,1483,15
1592956800,5984.1,6007.9,5976.8,5991.9,1713,18
1592971200,5991.9,6009.9,5956.8,5990.9,2401,18
1592985600,5989.9,5994.1,5932.8,5953.9,2355,9
1593000000,5953.9,5974.9,5921.9,5973.9,1637,18
1593014400,5972.9,5977.9,5870.0,5912.0,6276,5
1593028800,5912.0,5917.1,5874.0,5892.0,4389,7
1593043200,5886.3,5928.1,5848.3,5927.1,2365,18
1593057600,5927.1,5934.1,5854.0,5857.0,4023,18
1593072000,5857.0,5866.0,5780.1,5838.1,4544,4
1593086400,5837.1,5854.1,5805.1,5808.1,2903,18
1593100800,5808.1,5879.3,5797.2,5865.2,5300,14
1593115200,5866.2,5908.3,5853.2,5891.2,3976,14
1593129600,5882.4,5900.1,5869.2,5899.1,2297,18
1593144000,5898.1,5931.1,5862.1,5916.2,3315,18
1593158400,5917.1,5928.1,5881.1,5908.2,3939,18
1593172800,5909.1,5917.2,5887.2,5891.2,3783,18
1593187200,5891.2,5900.4,5823.3,5836.3,6147,14
1593201600,5836.3,5844.3,5810.3,5810.3,1605,14
1593388800,5770.5,5840.5,5770.5,5827.5,2311,9
1593403200,5827.5,5867.6,5791.6,5794.6,3773,18
1593417600,5794.6,5877.6,5793.6,5865.6,3481,18
1593432000,5863.6,5900.6,5858.5,5884.6,1850,6
1593446400,5885.6,5939.8,5861.8,5931.8,3438,14
1593460800,5932.8,5939.8,5916.8,5928.8,1584,15
1593475200,5929.7,5952.4,5922.7,5934.5,1524,18
1593489600,5934.5,5946.5,5903.4,5936.5,2455,19
1593504000,5936.4,5977.5,5914.5,5937.5,3819,18
1593518400,5938.4,5967.5,5931.5,5939.5,1825,18
1593532800,5938.5,5947.7,5919.7,5923.7,2786,15
1593547200,5922.7,5959.7,5914.7,5941.7,1635,15
1593561600,5940.6,5958.4,5913.4,5957.4,1555,18
1593576000,5957.4,5979.3,5935.4,5946.4,1850,18
1593590400,5946.4,5975.4,5930.4,5961.4,1717,18
1593604800,5961.4,5974.4,5915.4,5974.4,2156,18
1593619200,5975.4,6016.6,5971.6,6006.6,2763,12
1593633600,6007.6,6017.6,5991.6,5993.6,1319,15
1593648000,5989.5,6000.3,5965.3,5989.3,1302,19
1593662400,5990.3,6060.3,5977.3,6048.3,2051,19
1593676800,6049.3,6098.3,6036.3,6094.3,2485,10
1593691200,6093.3,6129.3,6070.2,6129.3,1494,9
1593705600,6129.3,6136.5,6099.5,6116.5,2985,7
1593720000,6116.5,6131.5,6094.5,6101.5,1302,15
1593734400,6095.5,6127.3,6090.2,6123.3,1167,19
1593748800,6122.3,6122.3,6044.3,6053.3,2148,9
1593763200,6054.3,6090.3,6052.3,6071.3,1989,18
1593777600,6072.3,6072.3,6037.3,6040.3,1056,18
1593792000,6041.3,6051.3,6023.5,6044.5,1119,15
1593806400,6044.5,6062.5,6042.5,6054.5,309,15
1593993600,6064.3,6082.3,6055.3,6069.4,1434,9
1594008000,6071.4,6104.4,6054.4,6062.4,2151,8
1594022400,6062.4,6073.4,6034.3,6050.4,2990,9
1594036800,6050.4,6071.4,6036.4,6062.4,1104,18
1594051200,6062.4,6072.6,6026.6,6053.6,2421,14
1594065600,6054.6,6074.6,6044.6,6073.6,1542,14
1594080000,6067.9,6102.7,6062.9,6079.7,1481,5
1594094400,6079.7,6091.7,6028.6,6088.7,3155,8
1594108800,6089.7,6094.7,6022.6,6030.7,2698,18
1594123200,6030.7,6042.7,6015.7,6034.7,1431,18
1594137600,6034.7,6056.9,6027.7,6046.9,1926,14
1594152000,6046.9,6055.9,6004.8,6006.9,1351,14
1594166400,6008.1,6041.9,6002.9,6007.9,1243,18
1594180800,6008.9,6044.9,5944.8,5959.9,2755,18
1594195200,5959.9,5991.9,5931.9,5974.9,2827,18
1594209600,5975.9,5978.9,5943.8,5959.9,1520,12
1594224000,5960.9,5988.0,5944.0,5974.0,3681,14
1594238400,5974.0,5997.1,5957.0,5993.0,2522,11
1594252800,5993.0,6007.8,5969.8,5992.8,1169,18
1594267200,5991.8,6020.8,5977.8,6012.8,1889,18
1594281600,6011.8,6012.8,5968.8,5977.8,2118,12
1594296000,5976.8,5995.8,5971.8,5983.8,896,14
1594310400,5982.8,5986.8,5911.0,5937.9,6819,14
1594324800,5937.0,5960.0,5932.9,5944.9,3555,14
1594339200,5948.7,5973.5,5941.9,5951.7,1320,18
1594353600,5951.7,5979.4,5944.4,5956.4,3303,18
1594368000,5955.5,5956.5,5910.7,5944.5,4134,18
1594382400,5944.5,5966.5,5932.5,5964.5,2624,7
1594396800,5964.5,5999.7,5954.6,5993.6,5300,10
1594411200,5994.6,6025.7,5992.6,6024.6,1364,14
1594598400,6043.3,6045.3,6005.3,6014.0,1749,18
1594612800,6014.0,6030.1,5967.0,5979.1,2760,18
1594627200,5978.1,6018.1,5974.1,5983.1,2130,18
1594641600,5985.1,6008.1,5981.1,6001.1,1038,19
1594656000,6001.1,6020.3,5981.3,6013.3,2014,5
1594670400,6014.3,6026.3,5927.3,5940.3,2458,9
1594684800,5941.3,5971.1,5941.3,5957.1,1594,18
1594699200,5958.0,5988.1,5940.0,5956.0,4148,13
1594713600,5955.1,5981.1,5950.1,5974.1,3818,18
1594728000,5975.1,5986.1,5951.1,5953.1,1834,18
1594742400,5952.1,5991.3,5939.2,5977.3,4943,14
1594756800,5977.2,6013.3,5967.2,5995.2,2882,7
1594771200,6026.5,6052.1,6005.3,6045.6,1704,18
1594785600,6044.6,6072.1,6018.6,6070.0,3008,9
1594800000,6069.1,6086.0,6056.1,6068.0,3429,18
1594814400,6067.1,6120.1,6064.1,6117.1,2112,11
1594828800,6117.1,6129.3,6078.2,6097.2,5814,14
1594843200,6098.2,6122.2,6094.2,6106.2,3186,14
1594857600,6110.2,6116.9,6061.0,6065.0,1630,18
1594872000,6065.0,6083.0,6012.0,6028.0,2973,18
1594886400,6028.0,6043.0,6011.0,6022.0,2829,18
1594900800,6021.0,6036.0,6011.0,6030.0,1322,18
1594915200,6030.0,6045.2,6014.1,6030.2,5095,14
1594929600,6030.2,6062.2,6030.1,6044.2,3045,11
1594944000,6044.3,6068.1,6037.3,6044.1,1040,18
1594958400,6044.1,6044.1,6022.1,6036.1,1741,18
1594972800,6035.1,6058.1,6027.0,6042.1,1466,18
1594987200,6041.1,6072.1,6032.1,6057.1,901,18
1595001600,6057.1,6064.3,6042.2,6054.2,3039,14
1595016000,6054.3,6068.2,6049.2,6058.2,982,9
1595203200,6056.4,6073.1,6035.2,6044.2,1288,18
1595217600,6045.1,6047.2,6013.1,6027.2,2760,18
1595232000,6026.1,6036.1,5992.5,6033.1,3435,18
1595246400,6034.1,6046.1,6026.1,6043.1,2324,18
1595260800,6042.2,6062.4,6032.3,6059.4,2174,14
1595275200,6060.3,6076.3,6058.4,6064.4,1400,14
1595289600,6064.5,6088.3,6059.7,6084.3,1126,18
1595304000,6084.3,6171.3,6078.3,6170.3,1680,9
1595318400,6170.3,6196.3,6160.3,6195.3,2041,9
1595332800,6195.3,6198.3,6167.3,6172.3,926,13
1595347200,6172.3,6174.3,6130.4,6150.4,4786,14
1595361600,6150.5,6152.5,6118.4,6126.5,3017,14
1595376000,6124.3,6151.0,6114.1,6118.1,1421,18
1595390400,6117.1,6128.1,6074.1,6090.1,1882,11
1595404800,6088.1,6104.3,6059.1,6066.1,2266,4
1595419200,6065.1,6081.1,6048.1,6068.1,1435,11
1595433600,6068.1,6100.3,6066.1,6092.3,2005,14
1595448000,6092.3,6110.3,6078.3,6102.3,1300,9
1595462400,6102.1,6105.9,6063.8,6091.9,1547,10
1595476800,6092.9,6123.9,6079.8,6110.9,2086,13
1595491200,6110.9,6136.9,6105.8,6120.9,1951,18
1595505600,6119.8,6136.9,6105.8,6105.8,1372,18
1595520000,6104.8,6119.3,6080.1,6081.1,2429,5
1595534400,6080.1,6090.1,6045.1,6059.1,3008,15
1595548800,6061.3,6073.1,6047.1,6060.1,1155,18
1595563200,6060.1,6061.1,6028.0,6040.1,2051,18
1595577600,6040.1,6054.1,6013.1,6037.1,2723,18
1595592000,6038.1,6067.1,6035.1,6051.1,1469,18
1595606400,6051.1,6052.1,6015.3,6023.3,3116,14
1595620800,6024.3,6042.3,6012.3,6022.3,1180,14
1595808000,6031.3,6064.1,5998.1,6057.1,1990,11
1595822400,6056.1,6066.1,6042.1,6054.1,2057,11
1595836800,6054.1,6070.1,6047.1,6059.1,1969,11
1595851200,6060.1,6077.1,6058.1,6070.1,1261,6
1595865600,6070.1,6084.3,6058.3,6079.3,1917,14
1595880000,6078.3,6096.3,6074.2,6088.3,1060,14
1595894400,6087.2,6125.0,6078.2,6125.0,1068,18
1595908800,6125.0,6136.0,6053.0,6065.0,2183,11
1595923200,6065.0,6065.0,6034.1,6051.0,1863,9
1595937600,6050.0,6055.0,6016.0,6035.0,1102,18
1595952000,6034.0,6047.2,6014.2,6037.2,1978,15
1595966400,6038.2,6042.2,6010.1,6014.2,1318,15
1595980800,6012.0,6060.8,6012.0,6054.8,1352,19
1595995200,6054.7,6069.8,6017.8,6031.8,2060,19
1596009600,6032.8,6043.8,6017.8,6030.8,1683,19
1596024000,6031.8,6050.8,6026.8,6043.8,951,19
1596038400,6043.8,6062.0,6034.0,6056.0,1136,15
1596052800,6056.0,6087.0,6054.0,6081.0,1417,15
1596067200,6081.4,6081.4,6047.4,6065.2,1186,18
1596081600,6064.2,6086.2,6057.2,6062.2,1519,10
1596096000,6062.2,6074.2,6013.2,6013.2,2075,18
1596110400,6012.2,6029.2,5995.2,5996.2,1774,18
1596124800,5995.2,6024.4,5962.4,6015.4,3158,14
1596139200,6015.4,6051.4,6006.4,6041.4,1982,14
1596153600,6044.5,6054.5,5968.3,5968.3,1828,18
1596168000,5967.3,5986.3,5942.2,5956.3,2657,18
1596182400,5955.3,5980.2,5902.3,5962.2,3115,12
1596196800,5963.2,5967.3,5937.2,5957.3,1809,18
1596211200,5957.3,5965.3,5871.4,5883.4,6091,14
1596225600,5883.4,5933.4,5873.5,5931.5,2193,9
1596412800,5930.5,5934.5,5863.2,5903.3,2137,9
1596427200,5903.2,5961.3,5899.2,5924.3,2452,18
1596441600,5924.3,5953.3,5916.3,5938.3,2207,18
1596456000,5939.3,6005.3,5936.2,6001.3,1360,18
1596470400,6002.3,6032.5,5991.5,6027.5,1735,9
1596484800,6027.5,6040.5,6021.5,6025.5,1329,7
1596499200,6026.6,6071.4,6011.7,6064.4,1240,8
1596513600,6063.4,6076.4,6034.4,6052.4,1619,8
1596528000,6053.4,6069.4,6018.4,6025.4,2850,18
1596542400,6025.4,6029.4,6005.4,6014.4,1557,9
1596556800,6013.4,6039.6,6009.3,6028.6,3454,8
1596571200,6028.6,6039.5,6016.6,6037.6,2300,14
1596585600,6038.5,6040.2,5985.3,5997.3,1257,13
1596600000,5997.3,6029.3,5976.2,6016.3,1879,18
1596614400,6015.3,6051.3,6008.3,6042.3,2229,18
1596628800,6042.3,6046.3,6027.3,6030.3,1419,18
1596643200,6030.3,6049.4,6022.3,6043.5,3007,7
1596657600,6044.4,6047.5,6030.4,6040.4,1865,14
1596672000,6035.5,6067.3,6029.3,6059.3,1250,18
1596686400,6059.3,6065.3,6022.3,6034.3,1918,18
1596700800,6033.3,6077.2,6031.2,6045.2,2076,10
1596715200,6045.2,6054.2,6018.2,6047.2,1541,19
1596729600,6047.2,6053.4,6020.4,6032.4,1832,15
1596744000,6031.4,6051.4,6025.4,6038.4,1009,15
1596758400,6034.5,6036.3,6002.2,6017.3,1333,19
1596772800,6017.3,6033.3,6000.3,6010.3,2069,10
1596787200,6010.3,6023.3,5995.7,6006.3,2192,18
1596801600,6005.3,6029.3,5987.3,6009.3,1312,12
1596816000,6009.3,6044.5,6006.3,6035.5,1635,15
1596830400,6035.5,6061.5,6024.5,6058.5,1373,14
1597017600,6048.5,6067.2,6030.5,6055.3,1247,18
1597032000,6055.3,6127.3,6051.3,6113.3,1768,9
1597046400,6113.3,6136.3,6091.2,6099.3,2022,8
1597060800,6099.3,6113.3,6096.3,6100.3,861,7
1597075200,6100.3,6115.5,6083.4,6108.5,1644,9
1597089600,6109.5,6119.5,6103.5,6111.5,1061,15
1597104000,6108.0,6167.8,6101.0,6160.8,1133,14
1597118400,6160.8,6195.8,6138.8,6145.8,1750,18
1597132800,6145.8,6192.8,6128.9,6189.8,2243,18
1597147200,6190.8,6197.8,6179.7,6192.8,1187,18
1597161600,6192.8,6197.8,6167.9,6189.9,3916,14
1597176000,6189.9,6196.9,6121.9,6141.9,4418,13
1597190400,6145.0,6163.8,6105.8,6109.8,1717,8
1597204800,6109.8,6134.8,6106.8,6112.8,2404,18
1597219200,6111.8,6163.8,6109.8,6161.8,2060,8
1597233600,6162.8,6174.8,6159.8,6172.8,1049,18
1597248000,6172.8,6200.0,6163.8,6185.9,3420,14
1597262400,6186.0,6193.9,6172.9,6175.9,2810,14
1597276800,6175.9,6177.6,6117.7,6124.7,1337,19
1597291200,6124.7,6128.7,6074.7,6099.7,2157,19
1597305600,6098.7,6110.7,6065.6,6100.1,2277,17
1597320000,6100.1,6120.1,6099.1,6110.1,1104,18
1597334400,6110.1,6116.3,6099.3,6111.3,1500,15
1597348800,6112.3,6113.3,6072.3,6088.3,1877,15
1597363200,6083.0,6126.8,6083.0,6115.8,1156,18
1597377600,6116.8,6140.8,6099.8,6117.8,1627,18
1597392000,6118.8,6130.8,6056.8,6064.8,2213,19
1597406400,6063.8,6094.8,6059.8,6084.8,1210,19
1597420800,6084.8,6100.0,6078.0,6084.0,1721,15
1597435200,6083.0,6085.0,6068.0,6070.0,788,15
1597622400,6071.2,6087.0,6057.9,6062.0,1179,18
1597636800,6061.0,6088.0,6049.0,6083.0,1732,18
1597651200,6084.0,6084.0,6059.0,6081.0,2260,18
1597665600,6080.0,6087.0,6072.0,6081.0,839,18
1597680000,6082.0,6105.2,6081.0,6094.2,989,8
1597694400,6094.2,6100.2,6088.2,6090.2,646,14
1597708800,6093.2,6104.1,6078.8,6089.9,1204,18
1597723200,6088.8,6130.9,6070.8,6125.9,1641,13
1597737600,6124.8,6136.9,6092.8,6117.9,1959,19
1597752000,6116.9,6139.9,6112.8,6117.9,868,13
1597766400,6118.9,6119.9,6089.1,6108.1,1382,15
1597780800,6108.1,6114.1,6100.1,6102.1,878,15
1597795200,6097.9,6144.7,6090.9,6139.7,1283,5
1597809600,6140.7,6188.7,6139.7,6166.7,1665,19
1597824000,6165.7,6174.7,6128.7,6136.7,1796,19
1597838400,6135.7,6145.7,6125.7,6128.7,928,19
1597852800,6129.7,6164.9,6123.8,6141.9,1111,13
1597867200,6141.9,6156.9,6133.8,6133.8,1377,15
1597881600,6129.9,6133.9,6097.7,6100.7,1218,8
1597896000,6100.7,6112.7,6084.6,6094.7,2032,19
1597910400,6093.7,6131.7,6092.6,6117.7,2095,19
1597924800,6116.7,6132.7,6106.7,6117.7,1088,19
1597939200,6117.7,6133.9,6109.7,6119.9,1251,15
1597953600,6120.9,6128.9,6114.8,6115.9,894,15
1597968000,6118.9,6154.7,6117.9,6131.7,955,19
1597982400,6132.7,6140.7,6091.7,6102.7,2083,7
1597996800,6102.7,6109.7,6086.7,6093.7,2034,19
1598011200,6093.7,6102.7,6047.7,6056.7,1464,19
1598025600,6056.7,6086.9,6049.7,6072.9,1643,15
1598040000,6073.9,6096.9,6069.8,6089.9,537,15
1598227200,6089.7,6100.5,6065.5,6096.5,1518,19
1598241600,6096.4,6112.5,6089.5,6107.5,1392,19
1598256000,6108.5,6150.5,6104.5,6149.5,1759,7
1598270400,6149.5,6159.5,6141.5,6144.5,746,18
1598284800,6144.5,6152.7,6122.7,6144.7,1448,15
1598299200,6144.7,6164.7,6139.6,6159.7,931,15
1598313600,6157.3,6194.1,6154.3,6164.1,1695,18
1598328000,6164.0,6169.0,6124.1,6136.1,2508,18
1598342400,6136.1,6171.1,6130.1,6155.0,1588,18
1598356800,6155.0,6161.0,6147.0,6151.0,891,19
1598371200,6151.0,6156.0,6100.7,6106.7,3110,14
1598385600,6107.7,6125.2,6105.6,6121.3,1370,7
1598400000,6114.3,6126.3,6094.0,6094.0,1099,19
1598414400,6093.0,6109.0,6074.0,6109.0,1419,19
1598428800,6110.0,6119.0,6080.3,6101.0,1685,19
1598443200,6101.0,6109.0,6094.0,6107.0,826,19
1598457600,6106.0,6125.2,6093.2,6121.2,1097,15
1598472000,6121.2,6129.2,6109.2,6124.2,1069,10
1598486400,6119.2,6144.9,6105.4,6137.9,1178,5
1598500800,6138.9,6155.9,6127.9,6128.9,1389,5
1598515200,6128.9,6131.9,6094.9,6103.9,1551,19
1598529600,6103.9,6120.9,6089.9,6105.9,812,12
1598544000,6105.9,6134.1,6074.1,6075.1,2614,15
1598558400,6074.1,6109.1,6070.1,6098.1,1597,15
1598572800,6095.1,6106.1,6060.8,6071.8,1383,19
1598587200,6070.8,6094.8,6047.8,6085.8,1832,19
1598601600,6084.8,6088.8,6011.8,6042.8,3535,9
1598616000,6043.8,6050.8,6026.8,6031.8,1258,8
1598630400,6030.8,6034.8,5991.0,6015.0,2077,7
1598644800,6015.0,6033.0,6001.0,6026.0,756,15
1598832000,6026.9,6078.7,6023.9,6075.7,1484,5
1598846400,6075.7,6088.7,6063.7,6076.7,1567,5
1598860800,6075.7,6078.7,6038.1,6046.7,1614,18
1598875200,6046.7,6047.7,6016.7,6018.7,1109,5
1598889600,6018.7,6018.7,5968.8,5992.9,1951,7
1598904000,5992.9,6003.9,5974.8,5986.9,1356,13
1598918400,5981.0,6001.1,5931.8,5937.8,1614,7
1598932800,5937.8,5964.8,5898.8,5958.8,2618,18
1598947200,5958.8,5972.8,5932.9,5951.8,2625,8
1598961600,5952.8,5968.8,5941.8,5942.8,1165,8
1598976000,5941.8,5974.9,5915.0,5957.0,4560,6
1598990400,5957.0,5971.0,5946.0,5963.9,1953,14
1599004800,5958.5,6045.3,5955.5,6030.3,1436,9
1599019200,6031.3,6072.3,6029.3,6047.3,1669,18
1599033600,6047.3,6101.3,6043.2,6096.3,2291,14
1599048000,6097.3,6102.3,6086.2,6091.2,1269,13
1599062400,6090.2,6096.6,6072.6,6090.6,2087,15
1599076800,6090.6,6116.6,6086.6,6104.6,1164,9
1599091200,6091.0,6124.7,6090.0,6094.7,1242,19
1599105600,6094.7,6130.7,6084.7,6111.7,1914,18
1599120000,6111.7,6130.7,6099.7,6110.7,2016,18
1599134400,6109.7,6114.7,6089.7,6102.7,1425,11
1599148800,6102.7,6104.7,5971.9,5972.9,4470,6
1599163200,5972.9,5999.9,5952.9,5994.9,3251,14
1599177600,5987.0,5996.0,5946.7,5955.7,2532,8
1599192000,5954.7,5971.7,5911.7,5932.7,2684,5
1599206400,5932.7,5954.7,5891.4,5947.7,2971,4
1599220800,5947.7,5962.7,5918.7,5946.7,2364,8
1599235200,5946.7,5969.9,5812.9,5865.9,6002,15
1599249600,5865.9,5915.9,5841.9,5877.9,1678,15
1599436800,5884.0,5924.8,5818.7,5924.8,3150,18
1599451200,5925.8,5956.8,5910.8,5920.8,2632,14
1599465600,5921.8,5947.8,5915.3,5918.3,3589,18
1599480000,5919.3,5949.3,5918.3,5944.3,1660,19
1599494400,5943.3,5972.5,5937.3,5963.5,1468,5
1599508800,5962.5,5970.5,5945.5,5956.5,336,15
1599523200,5953.4,6010.2,5953.4,6007.2,1359,11
1599537600,6008.2,6025.2,5961.2,5983.2,1995,5
1599552000,5983.2,6007.2,5931.1,5938.2,2933,10
1599566400,5938.2,5946.2,5900.2,5910.2,2684,10
1599580800,5909.2,5926.4,5881.4,5921.4,5275,11
1599595200,5921.4,5929.4,5876.3,5890.4,3294,8
1599609600,5867.6,5898.6,5846.9,5880.4,2602,18
1599624000,5879.4,5887.4,5844.4,5860.4,2355,5
1599638400,5861.4,5911.4,5851.6,5892.4,2939,10
1599652800,5892.4,5917.4,5886.4,5908.4,2312,18
1599667200,5908.4,5945.6,5907.4,5944.6,3636,15
1599681600,5945.6,5965.6,5934.6,5934.6,2003,10
1599696000,5931.7,5964.5,5923.1,5923.5,1503,18
1599710400,5923.5,5934.5,5871.5,5883.5,2204,6
1599724800,5884.5,5913.5,5862.5,5874.5,3073,18
1599739200,5874.5,5895.5,5863.5,5881.4,2277,18
1599753600,5881.5,5899.7,5835.7,5849.7,4587,5
1599768000,5849.7,5859.7,5815.6,5829.7,3395,8
1599782400,5834.6,5860.4,5825.4,5840.4,1931,18
1599796800,5840.4,5876.4,5837.4,5866.4,2138,8
1599811200,5865.4,5872.4,5832.4,5835.4,2425,18
1599825600,5836.4,5849.4,5826.4,5834.4,1885,18
1599840000,5834.4,5858.5,5812.6,5826.6,4473,15
1599854400,5827.6,5857.6,5811.6,5846.6,1463,15
1600041600,5862.3,5907.1,5861.3,5888.1,1734,11
1600056000,5889.1,5901.1,5876.1,5880.1,1921,18
1600070400,5880.1,5918.1,5874.1,5900.1,1902,9
1600084800,5900.1,5907.1,5887.1,5902.1,1230,18
1600099200,5902.1,5906.2,5886.3,5898.3,2002,15
1600113600,5898.3,5904.3,5888.3,5889.3,1027,15
1600128000,5891.1,5917.9,5881.8,5898.9,1264,18
1600142400,5898.9,5904.9,5882.9,5891.9,1578,18
1600156800,5891.9,5906.9,5877.1,5904.9,1397,10
1600171200,5905.9,5930.9,5905.9,5929.9,738,19
1600185600,5929.9,5951.1,5922.0,5945.1,1070,11
1600200000,5945.1,5949.1,5926.0,5939.1,833,15
1600214400,5939.1,5944.9,5922.8,5929.8,1012,19
1600228800,5930.9,5957.8,5928.8,5946.8,1516,8
1600243200,5946.8,5972.8,5943.8,5960.8,1543,9
1600257600,5960.8,5972.8,5955.8,5959.9,1702,18
1600272000,5959.8,5965.0,5940.0,5954.0,1557,15
1600286400,5955.0,5979.0,5942.0,5947.7,1639,14
1600300800,5975.8,5975.8,5912.5,5915.5,1959,18
1600315200,5915.5,5927.5,5883.8,5884.5,3406,6
1600329600,5885.5,5897.5,5863.8,5878.5,4130,6
1600344000,5878.6,5884.6,5849.5,5850.6,2225,18
1600358400,5850.6,5905.8,5848.6,5886.8,3802,7
1600372800,5886.8,5897.8,5873.8,5890.8,2015,14
1600387200,5879.7,5917.5,5869.4,5876.5,1222,5
1600401600,5876.5,5888.5,5859.4,5878.5,1767,18
1600416000,5878.5,5886.5,5857.5,5875.5,1899,6
1600430400,5876.5,5892.5,5874.5,5887.5,1278,7
1600444800,5888.5,5892.5,5833.6,5837.7,3339,10
1600459200,5837.7,5856.7,5811.7,5845.7,1042,6
1600646400,5848.7,5865.4,5820.7,5849.5,1518,11
1600660800,5850.5,5862.5,5810.4,5821.5,2022,5
1600675200,5821.5,5825.4,5737.5,5739.5,3002,5
1600689600,5740.5,5767.5,5737.5,5754.5,2966,18
1600704000,5755.5,5772.7,5714.9,5730.7,5691,13
1600718400,5731.7,5769.7,5725.7,5759.7,2946,9
1600732800,5757.9,5794.7,5750.9,5792.7,1432,5
1600747200,5791.7,5793.7,5756.7,5789.7,2570,18
1600761600,5788.7,5809.7,5768.7,5794.7,2696,11
1600776000,5795.7,5812.7,5787.7,5803.7,1622,13
1600790400,5804.7,5826.9,5792.8,5806.9,3451,15
1600804800,5807.9,5857.9,5805.9,5840.8,1897,5
1600819200,5842.9,5876.7,5828.9,5870.7,1414,18
1600833600,5871.7,5914.7,5868.7,5899.7,2084,18
1600848000,5900.7,5944.7,5896.6,5943.7,2386,14
1600862400,5942.7,5956.6,5932.7,5936.7,1358,7
1600876800,5935.7,5943.7,5900.8,5916.9,3807,14
1600891200,5917.9,5918.9,5853.8,5857.9,3601,11
1600905600,5847.0,5869.8,5818.8,5868.8,1934,18
1600920000,5867.8,5872.8,5845.8,5852.8,2173,18
1600934400,5852.8,5880.8,5848.8,5872.8,2705,18
1600948800,5872.8,5887.8,5846.8,5856.8,1983,18
1600963200,5855.8,5882.0,5842.9,5878.0,4848,13
1600977600,5878.0,5898.0,5850.0,5872.0,2650,14
1600992000,5873.4,5962.2,5871.4,5961.2,1579,18
1601006400,5962.2,5973.2,5936.2,5944.2,1925,18
1601020800,5943.2,5961.2,5902.1,5912.2,2509,7
1601035200,5913.2,5917.2,5863.2,5900.2,2503,18
1601049600,5900.2,5937.4,5884.4,5936.4,4090,5
1601064000,5936.4,5971.4,5933.4,5960.4,874,15
1601251200,5970.2,5994.5,5936.0,5941.0,1343,19
1601265600,5941.0,5976.0,5940.0,5957.0,1339,19
1601280000,5957.0,5970.1,5941.1,5957.1,1724,18
1601294400,5957.1,5993.1,5957.1,5988.1,1455,19
1601308800,5989.1,5994.3,5962.3,5984.3,2677,15
1601323200,5984.3,5992.3,5974.3,5990.3,1562,15
1601337600,5990.0,6006.0,5975.8,5978.7,1402,9
1601352000,5977.7,5985.8,5944.8,5949.7,1562,9
1601366400,5948.8,5953.8,5903.8,5907.8,2169,9
1601380800,5907.8,5911.8,5887.8,5900.8,1200,9
1601395200,5900.8,5914.0,5883.0,5892.0,2567,7
1601409600,5892.0,5906.0,5880.0,5890.0,1801,15
1601424000,5887.0,5912.7,5853.8,5869.8,1216,9
1601438400,5868.8,5906.8,5826.8,5840.8,3256,9
1601452800,5839.8,5847.8,5799.8,5823.8,3393,8
1601467200,5823.8,5848.8,5807.8,5841.8,2165,19
1601481600,5842.8,5867.0,5835.8,5851.0,2806,5
1601496000,5851.0,5866.0,5815.0,5823.0,2997,15
1601510400,5829.4,5864.2,5826.4,5858.2,1569,19
1601524800,5857.2,5913.2,5857.2,5891.2,1658,18
1601539200,5891.1,5901.2,5853.2,5864.2,2475,19
1601553600,5863.2,5885.2,5858.2,5864.2,1748,14
1601568000,5864.2,5873.4,5833.4,5854.4,3194,15
1601582400,5854.4,5857.4,5828.4,5851.4,2054,15
1601596800,5848.9,5859.9,5797.6,5806.6,1524,7
1601611200,5806.6,5850.6,5805.6,5820.5,2127,19
1601625600,5821.6,5822.6,5771.6,5817.6,4604,6
1601640000,5816.6,5823.6,5790.6,5799.6,2449,18
1601654400,5799.6,5871.8,5786.6,5864.8,3611,15
1601668800,5865.8,5871.8,5854.8,5863.8,1053,15
1601856000,5879.8,5933.6,5857.8,5928.6,1704,18
1601870400,5929.6,5942.6,5901.6,5935.6,1552,16
1601884800,5935.6,5943.6,5911.6,5920.6,2196,6
1601899200,5921.6,5938.6,5917.6,5927.6,1151,18
1601913600,5927.6,5954.7,5924.5,5949.8,3005,14
1601928000,5949.8,5968.8,5942.7,5955.8,1867,5
1601942400,5971.7,5973.7,5906.4,5920.5,1490,18
1601956800,5920.5,5961.5,5919.5,5947.5,1684,18
1601971200,5946.5,5975.5,5945.5,5956.5,1515,7
1601985600,5955.5,5994.5,5953.4,5994.5,1160,9
1602000000,5994.5,5998.7,5973.6,5997.7,2060,5
1602014400,5997.7,6004.7,5926.7,5927.7,3678,14
1602028800,5940.7,5988.5,5921.4,5987.5,1803,18
1602043200,5986.5,6044.5,5979.4,6040.4,1980,18
1602057600,6040.5,6043.5,6021.4,6027.5,1987,19
1602072000,6028.5,6043.5,6022.5,6040.5,1282,19
1602086400,6040.5,6054.7,6024.7,6046.7,1927,15
1602100800,6047.7,6064.7,6039.7,6054.7,1384,15
1602115200,6052.2,6097.0,6050.2,6089.0,1491,18
1602129600,6089.0,6123.0,6083.0,6099.0,1939,18
1602144000,6100.0,6113.0,6062.0,6070.0,1719,19
1602158400,6069.0,6088.0,6065.0,6087.0,1245,19
1602172800,6088.0,6100.2,6079.2,6096.2,1927,15
1602187200,6097.2,6112.2,6092.2,6105.2,726,15
1602201600,6107.2,6123.2,6085.0,6091.0,1273,11
1602216000,6092.0,6127.0,6085.0,6121.0,1174,19
1602230400,6121.0,6121.0,6094.0,6100.0,1496,19
1602244800,6100.0,6115.0,6095.0,6110.9,657,19
1602259200,6111.0,6112.0,6089.2,6096.2,1189,14
1602273600,6096.2,6106.2,6089.2,6101.2,649,15
1602460800,6097.2,6110.0,6086.9,6097.0,1290,19
1602475200,6097.0,6126.0,6090.0,6124.0,1478,19
1602489600,6124.0,6145.0,6105.0,6125.0,1336,18
1602504000,6126.0,6148.0,6125.0,6145.0,698,19
1602518400,6145.0,6179.2,6131.2,6167.2,1068,15
1602532800,6167.2,6175.2,6162.1,6167.2,1061,15
1602547200,6169.2,6194.0,6163.9,6188.0,1512,19
1602561600,6187.0,6214.0,6185.0,6205.0,1339,19
1602576000,6204.0,6215.0,6171.0,6187.0,1904,19
1602590400,6186.9,6189.0,6168.0,6174.0,1233,19
1602604800,6174.0,6176.2,6152.1,6168.2,1851,8
1602619200,6167.2,6172.2,6149.2,6154.2,1429,15
1602633600,6154.1,6195.9,6151.1,6188.9,1328,11
1602648000,6187.9,6197.9,6175.9,6187.9,1434,10
1602662400,6187.9,6193.9,6165.1,6189.9,1373,19
1602676800,6189.9,6196.9,6163.8,6179.9,1303,19
1602691200,6180.9,6190.1,6156.1,6165.1,1706,15
1602705600,6165.1,6173.1,6152.1,6154.8,1251,15
1602720000,6154.9,6231.0,6146.5,6226.0,1884,19
1602734400,6227.0,6231.0,6207.0,6214.0,1739,18
1602748800,6213.0,6213.0,6168.0,6170.0,2019,18
1602763200,6170.0,6171.0,6148.0,6154.0,1661,14
1602777600,6154.0,6187.2,6154.0,6186.2,2201,15
1602792000,6186.2,6209.2,6186.2,6187.1,958,15
1602806400,6193.3,6211.2,6188.2,6204.2,980,18
1602820800,6203.2,6214.2,6161.2,6174.2,1421,18
1602835200,6175.2,6190.2,6165.3,6185.2,1766,18
1602849600,6185.2,6201.2,6175.2,6195.2,1114,18
1602864000,6194.2,6223.4,6190.2,6210.3,3013,14
1602878400,6210.3,6219.4,6189.3,6194.4,1162,14
1603065600,6202.4,6239.2,6201.4,6235.2,1352,18
1603080000,6235.1,6247.2,6227.2,6243.2,1340,18
1603094400,6244.2,6250.2,6218.4,6236.2,1419,18
1603108800,6235.2,6240.2,6216.2,6219.2,848,18
1603123200,6220.2,6231.4,6202.3,6217.3,4121,14
1603137600,6216.3,6220.3,6173.3,6195.4,2419,14
1603152000,6198.4,6240.2,6190.4,6208.2,1239,18
1603166400,6208.2,6216.2,6179.2,6187.2,1766,18
1603180800,6187.2,6206.2,6171.4,6202.2,2026,18
1603195200,6203.2,6212.2,6189.2,6197.2,1242,18
1603209600,6196.2,6208.4,6181.3,6196.4,2428,15
1603224000,6195.4,6207.4,6162.2,6177.4,2284,15
1603238400,6189.4,6205.2,6178.1,6182.2,1675,18
1603252800,6183.2,6196.2,6177.1,6189.2,1670,18
1603267200,6190.2,6193.2,6132.2,6134.2,2153,18
1603281600,6134.2,6155.2,6131.2,6138.2,1328,18
1603296000,6137.2,6160.4,6113.4,6116.4,2697,15
1603310400,6116.4,6143.4,6114.4,6130.4,1754,15
1603324800,6124.6,6145.4,6093.3,6145.4,1941,18
1603339200,6144.4,6173.4,6134.4,6148.4,1449,18
1603353600,6148.4,6184.4,6143.4,6174.4,2168,18
1603368000,6174.4,6188.4,6167.4,6171.4,1479,5
1603382400,6171.4,6184.6,6149.6,6177.6,2307,14
1603396800,6177.6,6192.6,6170.6,6182.6,1208,14
1603411200,6189.6,6190.6,6144.4,6154.4,1428,18
1603425600,6154.4,6174.3,6143.4,6172.4,1146,18
1603440000,6172.4,6184.4,6148.4,6169.4,2029,18
1603454400,6168.4,6189.4,6166.4,6184.4,1135,18
1603468800,6184.4,6189.6,6167.6,6169.6,1661,15
1603483200,6169.6,6193.6,6169.6,6178.6,750,15
1603670400,6168.7,6206.5,6149.6,6188.5,1772,18
1603684800,6188.5,6190.5,6154.5,6157.5,1240,18
1603699200,6157.5,6162.5,6128.4,6149.5,1894,18
1603713600,6149.5,6150.5,6125.5,6131.5,1140,18
1603728000,6131.5,6151.7,6092.7,6095.7,2732,14
1603742400,6095.7,6109.7,6078.6,6101.7,1774,14
1603756800,6098.7,6111.4,6062.5,6077.5,1469,7
1603771200,6078.5,6081.5,6028.5,6053.5,1814,5
1603785600,6054.5,6078.5,6043.5,6072.5,1900,11
1603800000,6073.5,6082.5,6055.5,6064.5,1130,9
1603814400,6065.5,6065.7,6027.6,6033.7,2709,7
1603828800,6032.7,6044.7,5999.2,5999.2,1618,14
1603843200,6002.2,6048.5,5986.1,6046.5,1336,18
1603857600,6046.5,6071.5,6040.5,6069.5,1529,18
1603872000,6070.5,6071.5,6000.5,6017.5,2764,18
1603886400,6017.5,6035.5,6008.5,6008.5,2276,5
1603900800,6008.5,6032.7,5961.7,5972.7,3854,5
1603915200,5971.6,5983.7,5946.7,5961.8,3019,5
1603929600,5971.1,5992.7,5942.7,5988.7,1569,4
1603944000,5987.7,5989.7,5935.7,5969.7,1265,18
1603958400,5970.7,5972.7,5936.7,5956.7,2702,19
1603972800,5955.7,5974.7,5917.7,5940.7,2650,19
1603987200,5938.7,5972.9,5908.9,5964.9,3919,6
1604001600,5965.9,5999.9,5939.2,5955.0,2493,10
1604016000,5947.0,5984.7,5945.7,5950.7,1525,19
1604030400,5950.7,5961.7,5920.7,5920.7,1630,19
1604044800,5920.7,5929.7,5855.0,5909.7,3884,6
1604059200,5909.7,5942.7,5904.7,5924.7,2356,9
1604073600,5924.7,5942.9,5888.9,5913.9,3828,15
1604088000,5912.9,5977.0,5904.9,5971.0,2019,15
1604275200,5953.7,5957.7,5899.7,5942.7,2682,18
1604289600,5942.7,5961.7,5936.7,5952.7,3252,18
1604304000,5952.7,5963.7,5938.0,5961.8,4862,18
1604318400,5962.8,6000.8,5959.8,5979.8,4427,14
1604332800,5979.8,5989.7,5958.9,5969.0,5109,14
1604347200,5969.0,5977.0,5942.9,5952.9,4311,14
1604361600,5952.9,6053.4,5946.0,6051.4,1605,18
1604376000,6052.3,6090.4,6041.3,6072.4,1711,10
1604390400,6072.4,6081.4,6047.4,6059.4,2275,8
1604404800,6060.4,6069.4,6047.4,6049.4,1640,18
1604419200,6049.4,6076.6,6029.6,6065.6,2403,14
1604433600,6065.5,6084.6,6041.5,6067.5,2087,14
1604448000,6063.6,6079.5,5992.5,5994.5,2786,18
1604462400,5995.5,6096.5,5981.5,6051.5,5715,18
1604476800,6050.5,6075.5,5988.4,6058.5,6485,18
1604491200,6057.5,6101.5,6041.5,6073.5,4622,6
1604505600,6073.5,6119.6,6052.6,6116.6,6743,14
1604520000,6115.7,6130.6,6065.6,6074.6,5408,5
1604534400,6072.7,6125.6,6070.7,6120.6,1758,18
1604548800,6120.6,6144.6,6108.5,6130.6,2379,18
1604563200,6130.6,6164.6,6117.6,6153.6,3123,14
1604577600,6153.6,6197.6,6135.6,6183.6,2373,18
1604592000,6182.6,6188.7,6158.6,6166.7,2433,15
1604606400,6167.7,6182.7,6155.7,6175.7,2097,15
1604620800,6175.7,6202.4,6155.4,6179.4,1832,18
1604635200,6181.3,6194.4,6167.4,6170.4,2061,18
1604649600,6169.4,6222.4,6167.3,6194.4,2367,18
1604664000,6194.4,6199.4,6167.3,6189.4,2310,18
1604678400,6189.4,6240.6,6185.4,6222.6,3108,8
1604692800,6223.6,6236.6,6206.6,6206.6,1005,15
1604707200,6206.5,6224.4,6205.6,6223.4,230,96
1604880000,6221.9,6294.9,6211.8,6292.9,1372,18
1604894400,6292.9,6303.9,6282.8,6298.8,1662,18
1604908800,6298.9,6328.2,6289.8,6293.9,2426,8
1604923200,6293.9,6497.9,6285.8,6480.9,5807,9
1604937600,6479.9,6549.9,6464.1,6471.1,8011,15
1604952000,6472.1,6513.1,6432.1,6442.1,3694,15
1604966400,6439.1,6452.1,6371.9,6397.9,3065,18
1604980800,6397.9,6408.9,6328.8,6337.9,2964,18
1604995200,6337.9,6417.9,6330.3,6393.9,4273,9
1605009600,6393.9,6418.9,6381.8,6384.9,3903,18
1605024000,6385.8,6434.1,6384.8,6427.1,4325,9
1605038400,6427.1,6435.1,6397.1,6397.1,3139,6
1605052800,6397.0,6431.8,6397.0,6420.8,1665,19
1605067200,6419.8,6451.8,6408.8,6447.8,1748,18
1605081600,6445.8,6471.8,6423.2,6469.8,2995,14
1605096000,6469.8,6491.8,6456.8,6484.8,2111,19
1605110400,6483.8,6491.8,6464.9,6483.0,2600,15
1605124800,6482.0,6487.0,6452.0,6463.9,1574,15
1605139200,6467.0,6478.0,6443.3,6446.3,1277,18
1605153600,6444.3,6446.3,6398.3,6409.3,2021,18
1605168000,6411.3,6450.3,6411.3,6427.3,2411,19
1605182400,6428.3,6451.3,6423.3,6425.3,1963,8
1605196800,6426.3,6433.5,6413.5,6417.5,2328,15
1605211200,6417.5,6429.5,6380.5,6394.4,2660,15
1605225600,6390.5,6416.2,6386.2,6387.2,1343,19
1605240000,6386.2,6411.2,6375.2,6406.2,1647,19
1605254400,6406.2,6418.2,6387.4,6412.2,1949,19
1605268800,6412.2,6437.2,6412.2,6416.2,1612,11
1605283200,6416.2,6436.4,6408.2,6434.4,1905,15
1605297600,6435.4,6458.4,6428.4,6445.3,1015,8
1605312000,6441.4,6446.4,6438.4,6441.4,205,104
1605484800,6462.1,6496.2,6457.1,6463.2,1167,19
1605499200,6463.2,6472.2,6442.2,6455.2,1230,19
1605513600,6455.2,6487.2,6440.2,6447.2,1833,8
1605528000,6448.2,6518.2,6447.2,6493.2,2516,10
1605542400,6493.2,6506.2,6472.4,6485.4,1948,15
1605556800,6486.4,6492.4,6470.4,6488.3,1619,15
1605571200,6486.4,6527.2,6484.4,6505.2,1236,19
1605585600,6505.2,6514.1,6487.2,6496.2,1200,19
1605600000,6497.2,6514.2,6485.1,6489.2,1498,19
1605614400,6489.2,6501.2,6478.2,6480.2,1449,18
1605628800,6480.2,6514.4,6468.2,6510.4,1680,15
1605643200,6510.4,6525.4,6502.4,6509.3,1550,15
1605657600,6507.4,6537.2,6498.4,6523.2,1155,19
1605672000,6524.2,6541.2,6514.2,6522.2,1167,10
1605686400,6522.2,6538.2,6511.1,6523.2,1767,19
1605700800,6522.2,6569.2,6519.2,6563.2,1150,10
1605715200,6562.2,6570.4,6551.3,6564.4,1271,15
1605729600,6564.4,6569.4,6505.4,6505.4,1612,15
1605744000,6505.3,6518.5,6490.5,6501.4,1387,18
1605758400,6501.5,6532.5,6501.5,6531.5,1426,18
1605772800,6531.5,6547.5,6523.5,6525.5,1789,18
1605787200,6524.5,6552.5,6519.5,6549.5,1507,18
1605801600,6548.5,6554.7,6531.7,6550.7,1678,15
1605816000,6550.7,6568.7,6540.7,6562.6,1336,15
1605830400,6560.7,6562.7,6532.3,6548.4,1262,18
1605844800,6549.4,6560.4,6534.4,6544.4,1036,18
1605859200,6545.4,6555.4,6527.3,6553.4,1419,6
1605873600,6553.4,6568.4,6547.4,6553.4,1273,18
1605888000,6553.4,6561.6,6541.4,6555.6,1566,14
1605902400,6555.6,6582.6,6552.6,6568.6,679,14
1605916800,6568.5,6568.5,6550.6,6559.6,237,16
1606089600,6556.6,6593.7,6555.7,6584.7,1011,18
1606104000,6584.7,6585.7,6564.7,6567.7,907,18
1606118400,6566.7,6589.7,6554.9,6584.7,1621,12
1606132800,6584.7,6585.7,6564.7,6574.7,1075,18
1606147200,6574.7,6593.9,6561.7,6578.9,2192,15
1606161600,6577.9,6612.9,6573.8,6592.9,1435,5
1606176000,6592.8,6640.7,6585.9,6635.7,1342,16
1606190400,6635.7,6660.7,6624.7,6657.7,1043,11
1606204800,6657.7,6658.7,6621.7,6625.7,1582,18
1606219200,6625.7,6648.7,6624.6,6648.2,1254,14
1606233600,6648.2,6679.9,6646.7,6677.9,1303,5
1606248000,6677.9,6691.9,6673.9,6682.8,1069,14
1606262400,6680.9,6709.6,6679.9,6691.5,1845,18
1606276800,6692.5,6700.6,6682.5,6687.5,2863,18
1606291200,6686.5,6689.6,6662.8,6669.5,3631,18
1606305600,6669.5,6675.5,6656.5,6663.5,2988,18
1606320000,6663.5,6671.7,6648.7,6671.7,1752,15
1606334400,6671.7,6689.7,6668.7,6672.7,810,15
1606348800,6672.7,6690.4,6667.8,6675.5,1566,18
1606363200,6676.4,6679.4,6638.4,6641.4,2922,18
1606377600,6642.5,6654.4,6634.4,6634.4,1610,18
1606392000,6634.4,6640.4,6624.4,6624.4,846,19
1606406400,6624.4,6637.6,6623.6,6632.6,744,15
1606420800,6632.6,6633.6,6616.6,6622.6,514,15
1606435200,6620.7,6627.5,6604.4,6615.4,1706,12
1606449600,6614.5,6617.4,6588.4,6607.5,2550,5
1606464000,6607.4,6624.5,6595.7,6622.4,2557,7
1606478400,6622.4,6627.4,6616.4,6625.4,1985,5
1606492800,6625.5,6634.6,6617.4,6629.6,1346,15
1606507200,6629.6,6643.6,6619.6,6639.6,490,13
1606521600,6635.7,6635.7,6635.7,6635.7,60,104
1606694400,6629.2,6642.2,6561.2,6569.2,1966,18
1606708800,6569.2,6571.3,6532.2,6552.2,2873,18
1606723200,6551.3,6569.2,6503.2,6566.2,4752,18
1606737600,6566.2,6581.2,6539.2,6560.2,3046,18
1606752000,6559.2,6572.3,6513.4,6526.4,2651,11
1606766400,6526.4,6534.4,6513.4,6520.4,1657,15
1606780800,6516.4,6584.1,6509.1,6578.1,1343,18
1606795200,6579.1,6614.1,6575.1,6587.1,1494,14
1606809600,6587.1,6603.1,6569.1,6603.1,1661,12
1606824000,6604.1,6620.1,6603.1,6605.1,1406,18
1606838400,6605.1,6637.3,6599.1,6624.3,1630,14
1606852800,6624.3,6634.3,6611.3,6620.3,1347,14
1606867200,6620.2,6625.1,6571.6,6571.6,1088,13
1606881600,6571.6,6596.1,6557.1,6594.1,1411,13
1606896000,6594.1,6605.1,6578.3,6593.1,1792,18
1606910400,6593.1,6600.1,6583.1,6589.1,1230,18
1606924800,6589.1,6617.3,6584.0,6614.3,1794,14
1606939200,6614.3,6623.3,6604.2,6613.3,1107,14
1606953600,6613.2,6624.7,6604.7,6609.7,852,18
1606968000,6610.7,6627.7,6598.7,6620.7,1181,18
1606982400,6621.7,6621.7,6606.7,6608.7,1196,18
1606996800,6609.7,6621.7,6599.7,6613.7,1113,19
1607011200,6612.7,6633.9,6608.8,6629.9,1094,15
1607025600,6629.9,6640.9,6604.8,6610.9,1142,15
1607040000,6610.8,6635.7,6606.7,6625.7,947,18
1607054400,6625.7,6648.7,6625.7,6638.7,1167,18
1607068800,6638.7,6653.7,6628.7,6651.7,1407,18
1607083200,6651.7,6668.7,6650.7,6658.7,920,18
1607097600,6658.7,6676.9,6651.9,6672.9,1158,14
1607112000,6672.9,6680.9,6665.8,6679.9,513,13
1607126400,6679.8,6679.8,6659.9,6665.9,170,16
1607299200,6677.7,6713.7,6673.6,6676.6,1772,18
1607313600,6675.6,6679.7,6647.7,6670.7,1483,18
1607328000,6670.7,6677.7,6636.6,6642.7,1790,18
1607342400,6642.7,6679.7,6641.6,6665.7,1096,18
1607356800,6666.7,6667.7,6642.8,6656.9,1287,10
1607371200,6656.9,6665.9,6646.9,6659.8,1222,13
1607385600,6656.9,6691.5,6637.9,6682.5,1005,12
1607400000,6682.5,6697.5,6670.5,6686.5,1137,18
1607414400,6686.5,6690.5,6675.7,6682.5,1272,12
1607428800,6682.5,6688.5,6660.5,6676.5,1096,18
1607443200,6676.5,6708.7,6670.5,6706.6,2026,5
1607457600,6706.7,6722.6,6703.6,6716.6,1924,14
1607472000,6712.7,6740.5,6700.7,6732.4,1599,18
1607486400,6731.5,6744.5,6722.5,6733.4,2073,18
1607500800,6733.5,6736.5,6714.5,6725.5,2890,18
1607515200,6725.5,6726.5,6696.5,6702.5,2311,7
1607529600,6702.5,6703.6,6688.6,6701.7,3192,14
1607544000,6701.6,6703.7,6670.6,6696.6,4376,13
1607558400,6693.7,6712.4,6679.5,6696.4,1942,18
1607572800,6696.4,6700.5,6674.5,6686.5,2538,12
1607587200,6686.4,6686.4,6670.4,6671.4,1524,14
1607601600,6671.4,6681.4,6658.4,6666.4,937,19
1607616000,6666.4,6678.6,6637.4,6653.6,2447,15
1607630400,6652.7,6662.6,6639.6,6646.6,1368,15
1607644800,6642.7,6663.3,6639.7,6659.3,898,16
1607659200,6658.3,6670.3,6628.3,6647.3,1336,18
1607673600,6645.3,6649.3,6592.3,6600.3,1569,18
1607688000,6599.3,6612.3,6580.2,6598.3,1864,18
1607702400,6597.3,6619.5,6593.3,6603.5,2782,14
1607716800,6603.5,6628.5,6589.5,6628.5,1853,14
1607731200,6628.4,6628.5,6616.5,6618.5,156,46
1607904000,6646.2,6677.3,6643.3,6675.3,1242,18
1607918400,6676.3,6692.3,6667.3,6674.3,1508,18
1607932800,6674.3,6676.3,6645.5,6667.3,1747,18
1607947200,6667.3,6690.3,6661.3,6681.3,890,18
1607961600,6682.3,6685.5,6656.4,6662.5,3215,14
1607976000,6662.5,6665.5,6638.5,6643.4,2155,14
1607990400,6642.4,6652.3,6621.2,6647.3,1677,14
1608004800,6648.3,6650.3,6625.3,6626.3,1673,18
1608019200,6626.3,6672.1,6622.3,6672.1,1239,18
1608033600,6672.1,6677.1,6653.1,6654.1,744,18
1608048000,6654.1,6671.3,6650.3,6658.3,1523,14
1608062400,6658.3,6685.3,6658.2,6680.3,626,14
1608076800,6681.3,6711.1,6671.3,6705.1,1094,18
1608091200,6705.1,6719.1,6679.0,6682.1,1524,9
1608105600,6682.1,6699.1,6671.3,6696.0,1742,19
1608120000,6695.0,6707.0,6690.1,6700.0,1157,19
1608134400,6700.0,6705.0,6684.2,6701.3,2434,15
1608148800,6701.3,6710.2,6688.5,6704.3,1529,15
1608163200,6704.2,6724.1,6698.0,6718.1,1089,18
1608177600,6719.1,6756.1,6716.1,6751.1,1124,18
1608192000,6751.1,6763.3,6746.1,6751.1,1180,14
1608206400,6751.1,6769.1,6741.1,6768.1,756,19
1608220800,6768.1,6773.1,6753.3,6761.3,1096,15
1608235200,6762.3,6764.3,6747.3,6752.3,612,15
1608249600,6752.3,6754.3,6697.1,6711.1,1142,15
1608264000,6711.1,6722.1,6676.1,6678.1,1167,18
1608278400,6678.1,6708.1,6659.1,6706.1,1265,11
1608292800,6706.1,6721.1,6694.1,6695.1,1224,18
1608307200,6695.1,6709.3,6664.3,6675.3,1580,14
1608321600,6674.3,6680.3,6655.3,6664.3,843,14
1608336000,6663.3,6686.5,6658.3,6678.3,342,14
1608508800,6665.8,6675.9,6632.9,6642.9,1585,14
1608523200,6641.9,6663.9,6628.8,6653.9,1483,18
1608537600,6653.9,6674.9,6636.8,6652.9,2303,18
1608552000,6652.9,6656.9,6561.8,6591.9,4746,9
1608566400,6590.8,6616.1,6575.8,6603.1,3619,15
1608580800,6603.1,6637.1,6600.1,6629.0,1898,15
1608595200,6625.1,6649.4,6598.5,6601.5,1309,9
1608609600,6601.5,6621.5,6575.5,6578.5,1971,11
1608624000,6578.5,6624.5,6560.9,6619.5,2552,18
1608638400,6619.5,6626.5,6613.5,6620.5,1394,18
1608652800,6620.5,6626.7,6607.7,6615.7,1827,14
1608667200,6615.7,6643.7,6611.7,6637.6,1116,5
1608681600,6633.7,6655.5,6623.5,6625.5,1212,5
1608696000,6624.5,6652.5,6617.5,6631.5,1530,18
1608710400,6630.5,6649.5,6619.7,6640.5,1595,18
1608724800,6641.5,6646.5,6632.5,6642.5,814,18
1608739200,6642.5,6678.7,6642.5,6677.7,1592,5
1608753600,6677.7,6686.7,6669.7,6677.6,622,14
1608768000,6674.7,6696.3,6668.4,6669.4,871,9
1608782400,6670.4,6692.4,6642.3,6662.4,963,18
1609200000,6716.0,6720.0,6697.0,6697.0,693,19
1609214400,6697.9,6704.0,6671.0,6691.0,943,13
1609228800,6692.0,6711.0,6687.5,6699.0,1353,18
1609243200,6699.0,6720.0,6698.0,6707.0,642,18
1609257600,6707.0,6711.2,6679.1,6681.2,1670,14
1609272000,6681.2,6683.2,6659.2,6666.1,1383,8
1609286400,6666.2,6675.8,6621.8,6635.8,1264,18
1609300800,6634.8,6655.8,6630.8,6653.8,1021,19
1609315200,6654.8,6680.8,6652.8,6670.8,1591,14
1609329600,6670.8,6678.8,6663.8,6668.8,851,9
1609344000,6668.8,6687.0,6646.8,6679.0,936,8
1609358400,6679.0,6685.0,6641.9,6641.9,617,15
1609372800,6641.0,6672.0,6638.0,6638.0,881,18
1609387200,6637.0,6640.0,6572.0,6593.0,1391,18
1609718400,6608.8,6643.9,6595.8,6634.9,1572,13
1609732800,6635.9,6678.9,6635.9,6674.9,1600,13
1609747200,6674.9,6695.9,6655.1,6681.9,2209,18
1609761600,6680.9,6705.9,6680.9,6699.9,1061,19
1609776000,6698.9,6700.9,6627.1,6630.1,2849,15
1609790400,6630.1,6651.1,6617.0,6642.0,3412,11
1609804800,6638.1,6667.7,6618.7,6655.7,1219,5
1609819200,6654.7,6664.7,6635.7,6656.7,1658,18
1609833600,6655.7,6674.7,6628.6,6648.7,2830,7
1609848000,6646.7,6657.7,6632.7,6640.7,2054,7
1609862400,6640.7,6670.9,6628.7,6642.9,2686,5
1609876800,6643.8,6665.9,6642.9,6647.8,1616,5
1609891200,6644.9,6662.5,6628.5,6638.5,1577,18
1609905600,6638.5,6642.5,6576.5,6595.5,2998,13
1609920000,6596.5,6618.5,6559.4,6589.5,3155,18
1609934400,6588.5,6635.5,6583.5,6630.5,2530,18
1609948800,6631.5,6713.7,6624.5,6713.7,2490,5
1609963200,6713.7,6736.7,6683.7,6695.6,2638,14
1609977600,6690.7,6712.9,6671.4,6699.4,1504,15
1609992000,6699.4,6728.4,6693.3,6717.4,1472,18
1610006400,6717.4,6732.4,6698.6,6705.4,2179,18
1610020800,6705.4,6713.4,6692.4,6708.4,1742,19
1610035200,6708.4,6746.6,6702.4,6727.6,1386,6
1610049600,6728.6,6738.6,6712.6,6724.5,926,15
1610064000,6721.6,6742.3,6704.3,6738.3,1160,18
1610078400,6739.3,6741.3,6720.3,6739.3,1305,18
1610092800,6739.3,6757.3,6736.5,6743.3,1914,18
1610107200,6743.3,6743.3,6729.2,6731.3,1236,18
1610121600,6731.3,6744.5,6716.5,6721.5,2002,15
1610136000,6720.5,6759.5,6709.5,6757.4,917,15
1610150400,6753.5,6770.5,6753.5,6769.5,213,104
1610323200,6736.6,6751.7,6710.7,6720.7,1145,18
1610337600,6719.7,6725.7,6678.7,6692.7,1759,18
1610352000,6691.7,6708.7,6674.0,6699.7,1747,18
1610366400,6699.7,6706.7,6692.7,6693.7,988,18
1610380800,6693.7,6709.9,6663.7,6696.9,4009,14
1610395200,6696.8,6707.9,6684.8,6690.8,2161,14
1610409600,6688.9,6728.2,6686.9,6719.2,1287,10
1610424000,6718.2,6719.2,6676.2,6680.2,1700,18
1610438400,6680.2,6691.2,6666.4,6686.2,1749,18
1610452800,6687.2,6690.2,6674.1,6676.2,1128,18
1610467200,6675.2,6684.3,6648.3,6653.3,2936,14
1610481600,6653.3,6670.4,6636.3,6666.3,3262,14
1610496000,6663.4,6684.1,6646.0,6652.1,1180,18
1610510400,6652.1,6683.1,6648.1,6681.1,1304,8
1610524800,6680.1,6683.1,6659.3,6676.1,1356,18
1610539200,6676.1,6682.1,6658.1,6659.1,1210,18
1610553600,6658.1,6684.2,6657.1,6673.3,2650,14
1610568000,6673.3,6685.3,6669.2,6678.2,1879,14
1610582400,6674.3,6701.9,6658.9,6700.9,1223,16
1610596800,6701.9,6719.9,6694.8,6706.9,1608,13
1610611200,6705.9,6720.5,6694.8,6702.9,1839,18
1610625600,6701.8,6710.9,6694.8,6703.9,971,18
1610640000,6702.9,6726.1,6700.8,6707.1,1112,15
1610654400,6706.1,6717.1,6691.1,6700.0,935,15
1610668800,6696.1,6735.8,6680.2,6729.8,1451,18
1610683200,6729.8,6745.8,6710.8,6712.8,1710,18
1610697600,6713.8,6716.8,6685.8,6712.8,1841,18
1610712000,6711.8,6713.8,6691.8,6695.8,1296,19
1610726400,6696.7,6712.8,6657.0,6678.0,2687,7
1610740800,6678.0,6701.0,6675.0,6681.9,889,12
1610755200,6679.0,6680.0,6656.0,6658.0,284,42
1610928000,6676.8,6689.8,6648.8,6672.8,1472,18
1610942400,6673.8,6677.8,6639.8,6652.8,1704,18
1610956800,6651.8,6672.8,6644.0,6667.8,1485,18
1610971200,6667.8,6688.8,6667.8,6680.8,752,13
1610985600,6681.8,6693.0,6678.9,6691.0,621,14
1611000000,6690.0,6697.0,6685.0,6691.9,293,14
1611014400,6689.0,6737.9,6689.0,6733.9,789,18
1611028800,6732.9,6743.0,6726.0,6735.0,1030,18
1611043200,6734.0,6741.0,6716.2,6721.0,1584,18
1611057600,6721.0,6736.0,6719.0,6725.0,655,18
1611072000,6725.0,6740.2,6715.1,6733.2,1447,14
1611086400,6733.2,6749.2,6732.2,6743.1,835,14
1611100800,6740.2,6780.0,6736.2,6766.0,1081,18
1611115200,6767.0,6780.0,6753.9,6765.0,1325,18
1611129600,6764.0,6778.0,6754.0,6764.0,1374,15
1611144000,6764.0,6775.0,6757.0,6762.0,801,18
1611158400,6763.0,6791.2,6762.0,6788.2,2318,14
1611172800,6788.2,6813.2,6788.1,6809.1,1319,14
1611187200,6805.2,6823.9,6796.8,6802.9,986,18
1611201600,6803.9,6815.9,6793.8,6807.9,816,18
1611216000,6805.8,6832.9,6804.8,6817.9,1345,18
1611230400,6818.9,6829.9,6814.8,6817.9,660,18
1611244800,6816.8,6822.9,6796.1,6801.1,1291,14
1611259200,6801.1,6814.1,6796.1,6810.0,588,14
1611273600,6807.1,6812.8,6796.8,6800.8,859,18
1611288000,6799.8,6809.8,6781.8,6781.8,1124,18
1611302400,6782.8,6793.8,6760.8,6771.8,1567,18
1611316800,6772.8,6775.8,6756.8,6769.8,1151,18
1611331200,6769.8,6792.0,6764.8,6792.0,1135,14
1611345600,6793.0,6811.0,6793.0,6803.9,730,14
1611360000,6800.0,6804.0,6792.0,6793.0,133,104
1611532800,6800.7,6819.8,6796.8,6815.8,871,14
1611547200,6815.8,6824.8,6804.8,6808.8,823,18
1611561600,6808.8,6828.8,6806.8,6809.8,1369,18
1611576000,6809.8,6814.8,6775.8,6777.8,1329,18
1611590400,6777.8,6806.0,6753.0,6791.0,3187,15
1611604800,6791.0,6827.0,6773.0,6823.9,1889,12
1611619200,6822.0,6825.0,6816.0,6816.0,124,104
1611648000,6790.9,6816.9,6783.8,6814.9,1020,19
1611662400,6814.9,6829.9,6812.8,6826.9,1011,19
1611676800,6827.9,6827.9,6785.1,6786.1,1276,15
1611691200,6786.1,6803.1,6784.1,6800.0,652,15
1611705600,6798.1,6812.0,6762.0,6766.0,1138,19
1611720000,6766.0,6775.0,6754.0,6771.0,1179,19
1611734400,6770.0,6785.0,6754.2,6782.0,1310,19
1611748800,6782.0,6789.0,6722.0,6723.0,2142,11
1611763200,6722.0,6740.1,6696.1,6717.1,3991,15
1611777600,6716.1,6738.1,6683.1,6691.1,2802,15
1611792000,6687.2,6697.2,6586.9,6606.9,2551,19
1611806400,6606.9,6648.0,6606.9,6634.0,2553,18
1611820800,6635.0,6660.0,6622.0,6627.0,3330,5
1611835200,6628.0,6687.0,6622.9,6680.0,3084,18
1611849600,6680.0,6734.6,6667.9,6732.6,4008,14
1611864000,6733.6,6745.6,6715.6,6716.5,1661,6
1611878400,6713.6,6725.4,6682.3,6683.4,1543,19
1611892800,6682.4,6703.4,6576.4,6604.4,2739,5
1611907200,6603.4,6624.9,6577.8,6614.9,4048,6
1611921600,6613.9,6632.5,6599.8,6610.5,2721,7
1611936000,6610.5,6621.6,6572.6,6583.6,5178,5
1611950400,6582.6,6586.6,6535.6,6564.6,2235,14
1611964800,6564.6,6582.7,6550.9,6559.7,442,86
1612137600,6565.4,6595.4,6507.4,6592.4,2033,9
1612152000,6593.4,6672.5,6592.4,6657.5,2458,18
1612166400,6658.4,6693.9,6641.9,6692.9,2863,11
1612180800,6692.9,6705.9,6676.8,6693.9,1971,18
1612195200,6693.9,6695.9,6663.0,6676.0,4478,14
1612209600,6676.1,6705.0,6671.0,6701.0,2658,14
1612224000,6697.1,6738.0,6690.4,6725.0,2561,8
1612238400,6725.0,6773.0,6720.0,6762.1,3548,18
1612252800,6762.0,6765.1,6743.0,6753.0,4093,18
1612267200,6753.0,6783.1,6752.0,6770.0,3021,9
1612281600,6769.0,6811.2,6756.0,6810.2,2091,15
1612296000,6809.2,6812.2,6802.2,6803.2,771,15
1612310400,6799.3,6851.1,6791.1,6837.1,1455,19
1612324800,6836.1,6843.1,6816.1,6838.1,1555,19
1612339200,6839.1,6855.1,6815.1,6829.1,1561,7
1612353600,6829.1,6830.1,6817.1,6825.1,1041,19
1612368000,6825.1,6826.1,6797.3,6817.3,1618,15
1612382400,6817.3,6827.3,6809.3,6816.3,725,15
1612396800,6813.4,6826.1,6767.1,6768.1,1111,9
1612411200,6769.1,6786.1,6750.1,6760.1,1280,19
1612425600,6759.1,6786.1,6751.1,6782.1,1559,18
1612440000,6781.1,6782.1,6766.1,6778.1,762,19
1612454400,6779.1,6820.4,6777.1,6817.4,1282,14
1612468800,6817.4,6828.4,6816.4,6826.3,489,14
1612483200,6825.3,6843.0,6809.0,6814.0,1089,18
1612497600,6814.0,6842.0,6811.0,6836.0,1118,18
1612512000,6835.0,6845.0,6829.2,6835.0,1317,18
1612526400,6836.0,6864.9,6833.0,6862.9,619,18
1612540800,6862.9,6865.9,6814.1,6829.2,1058,10
1612555200,6828.2,6840.2,6822.2,6839.2,562,15
1612569600,6839.1,6840.2,6828.2,6830.2,150,16
1612742400,6832.4,6883.4,6832.3,6877.4,980,8
1612756800,6876.4,6896.3,6874.4,6883.4,828,19
1612771200,6883.4,6885.4,6853.3,6856.3,1277,18
1612785600,6856.3,6875.3,6849.3,6870.3,721,10
1612800000,6870.3,6876.3,6843.5,6848.5,995,5
1612814400,6848.5,6859.5,6846.5,6858.5,721,15
1612828800,6853.6,6883.6,6837.7,6843.7,1157,18
1612843200,6842.7,6850.7,6819.7,6822.7,1304,19
1612857600,6822.7,6827.7,6808.9,6818.7,1169,19
1612872000,6818.7,6818.7,6798.7,6812.7,737,19
1612886400,6812.7,6830.9,6808.8,6824.9,779,15
1612900800,6824.9,6834.9,6820.8,6821.8,515,15
1612915200,6822.8,6856.7,6816.7,6837.7,1006,19
1612929600,6837.7,6864.7,6833.7,6851.7,795,19
1612944000,6850.7,6863.7,6841.7,6851.7,1113,19
1612958400,6851.7,6863.7,6850.7,6858.7,663,19
1612972800,6858.7,6863.7,6801.9,6823.9,1990,15
1612987200,6823.9,6842.9,6812.8,6827.8,1290,15
1613001600,6827.9,6870.1,6827.9,6838.1,1100,11
1613016000,6838.0,6860.1,6838.0,6845.0,903,18
1613030400,6845.0,6862.0,6837.3,6858.0,841,19
1613044800,6857.0,6860.0,6849.0,6851.0,664,19
1613059200,6851.0,6856.2,6840.2,6851.2,1095,15
1613073600,6852.2,6852.2,6823.2,6843.2,1276,15
1613088000,6840.2,6847.7,6817.7,6821.7,1053,19
1613102400,6820.7,6828.7,6795.7,6797.7,983,19
1613116800,6796.7,6813.7,6790.7,6801.7,1132,19
1613131200,6801.7,6819.7,6801.7,6815.7,799,19
1613145600,6815.7,6833.9,6814.7,6830.9,858,15
1613160000,6830.9,6843.9,6818.9,6839.9,521,15
1613174400,6839.9,6841.0,6833.0,6834.0,141,26
1613347200,6836.6,6873.6,6835.6,6856.5,982,18
1613361600,6856.4,6877.5,6853.5,6869.5,1005,19
1613376000,6869.5,6873.5,6858.5,6872.2,1121,18
1613390400,6873.2,6884.2,6869.2,6876.3,1085,18
1613404800,6876.3,6899.4,6876.3,6895.4,1116,14
1613419200,6895.4,6897.4,6886.4,6890.4,522,13
1613433600,6887.5,6905.1,6868.2,6895.2,1228,18
1613448000,6895.2,6904.2,6873.2,6903.2,934,19
1613462400,6904.2,6913.2,6869.4,6906.2,1551,19
1613476800,6905.2,6908.2,6888.2,6902.2,715,19
1613491200,6902.2,6907.4,6882.4,6883.4,1679,15
1613505600,6882.4,6895.4,6877.3,6888.3,1186,15
1613520000,6888.3,6915.2,6860.1,6871.2,1607,10
1613534400,6871.2,6889.2,6854.2,6880.2,1467,18
1613548800,6881.2,6886.2,6857.2,6869.2,1388,18
1613563200,6870.2,6871.2,6855.2,6866.2,918,18
1613577600,6866.2,6871.2,6830.4,6842.4,2679,14
1613592000,6842.4,6869.4,6839.4,6856.3,1196,14
1613606400,6854.4,6895.0,6849.4,6889.0,1209,19
1613620800,6889.0,6899.0,6872.0,6875.0,1363,19
1613635200,6874.0,6890.0,6861.0,6878.0,1236,19
1613649600,6877.0,6877.0,6847.0,6865.0,849,19
1613664000,6865.0,6866.2,6837.2,6847.2,2115,15
1613678400,6846.2,6866.2,6840.2,6858.2,980,15
1613692800,6855.3,6869.0,6827.0,6835.0,937,19
1613707200,6835.0,6839.0,6760.0,6780.0,1627,9
1613721600,6781.0,6795.0,6763.0,6776.0,1679,19
1613736000,6776.0,6781.0,6758.0,6764.0,804,11
1613750400,6763.0,6792.2,6763.0,6777.2,1069,15
1613764800,6776.2,6780.2,6761.2,6772.2,987,7
1613779200,6772.2,6772.2,6758.3,6759.3,189,26
1613952000,6782.2,6806.2,6763.2,6798.2,1623,19
1613966400,6799.2,6807.2,6768.2,6782.2,1747,18
1613980800,6783.2,6786.2,6731.2,6738.2,2209,19
1613995200,6738.2,6760.2,6738.2,6748.2,1071,6
1614009600,6747.2,6778.4,6746.2,6775.4,1788,15
1614024000,6775.4,6784.4,6751.4,6751.4,989,7
1614038400,6748.5,6783.3,6747.5,6766.3,1259,19
1614052800,6767.3,6830.3,6766.3,6828.3,925,18
1614067200,6827.4,6837.3,6806.3,6807.3,1374,19
1614081600,6807.3,6807.3,6776.3,6806.3,1916,19
1614096000,6805.3,6818.5,6759.5,6803.5,2755,13
1614110400,6803.5,6834.5,6792.5,6813.5,2433,15
1614124800,6810.6,6821.7,6789.7,6795.7,1529,5
1614139200,6796.7,6812.7,6756.7,6780.7,1660,19
1614153600,6781.7,6781.7,6743.0,6774.7,2138,19
1614168000,6773.7,6807.7,6772.7,6803.7,912,19
1614182400,6804.7,6809.9,6768.9,6806.9,2892,15
1614196800,6806.9,6825.9,6806.9,6811.9,1076,15
1614211200,6811.9,6846.7,6805.0,6831.7,1276,19
1614225600,6832.7,6859.7,6827.7,6840.7,1973,18
1614240000,6840.7,6851.7,6808.7,6809.7,2953,18
1614254400,6808.8,6814.7,6794.7,6797.7,3160,18
1614268800,6797.7,6807.9,6748.9,6753.9,3149,15
1614283200,6753.9,6776.0,6727.0,6737.9,4374,14
1614297600,6735.0,6755.0,6647.5,6683.5,2710,19
1614312000,6683.5,6709.5,6664.5,6681.4,3261,19
1614326400,6681.4,6731.5,6646.9,6727.5,3926,13
1614340800,6726.5,6741.5,6714.4,6719.5,2316,19
1614355200,6720.5,6738.5,6663.7,6728.7,4877,4
1614369600,6728.7,6742.7,6696.6,6696.6,1698,15
1614384000,6694.7,6699.7,6673.7,6691.7,449,104
1614556800,6712.1,6777.2,6692.1,6771.2,1616,12
1614571200,6772.2,6791.2,6747.1,6775.2,2101,18
1614585600,6777.1,6797.2,6772.2,6792.2,2015,11
1614600000,6793.2,6798.2,6778.2,6786.2,975,18
1614614400,6785.2,6841.3,6785.2,6840.4,3036,8
1614628800,6840.4,6855.3,6832.3,6844.3,1957,14
1614643200,6841.4,6859.6,6807.6,6823.6,1579,18
1614657600,6822.6,6822.6,6766.6,6766.6,2891,6
1614672000,6766.6,6777.6,6745.8,6754.6,2157,18
1614686400,6754.6,6770.6,6745.6,6762.6,1281,18
1614700800,6762.6,6768.8,6738.7,6752.8,5052,14
1614715200,6752.7,6777.8,6750.7,6767.7,3735,14
1614729600,6767.7,6807.7,6762.8,6804.7,1613,19
1614744000,6803.7,6815.7,6791.7,6809.7,1382,19
1614758400,6808.7,6821.7,6800.0,6815.7,1191,19
1614772800,6814.7,6822.7,6811.7,6813.7,480,19
1614787200,6813.7,6813.7,6767.8,6799.9,3089,5
1614801600,6800.9,6806.9,6759.8,6764.8,2484,14
1614816000,6760.9,6771.1,6706.8,6762.0,2132,12
1614830400,6763.0,6766.1,6702.0,6743.0,4597,18
1614844800,6741.1,6768.1,6740.1,6762.0,2695,14
1614859200,6762.0,6772.1,6742.0,6772.0,3290,5
1614873600,6772.0,6801.2,6756.2,6792.2,3906,15
1614888000,6792.2,6801.2,6711.2,6735.2,4411,13
1614902400,6735.2,6746.3,6652.7,6676.7,3487,18
1614916800,6675.7,6712.8,6660.7,6685.7,5682,18
1614931200,6684.7,6726.7,6680.7,6722.8,5118,8
1614945600,6722.7,6749.7,6713.7,6745.7,4107,18
1614960000,6745.7,6780.7,6709.9,6739.9,6116,13
1614974400,6739.9,6808.9,6736.9,6797.9,1455,6
1614988800,6796.0,6804.0,6795.0,6800.0,192,104
1615161600,6817.7,6834.8,6808.8,6825.7,2557,18
1615176000,6824.7,6832.7,6738.7,6743.8,4444,18
1615190400,6743.7,6752.8,6718.0,6751.8,2762,18
1615204800,6751.8,6767.8,6736.8,6757.8,1967,19
1615219200,6757.8,6821.0,6755.8,6805.0,3796,15
1615233600,6804.0,6815.0,6776.0,6778.9,2641,13
1615248000,6779.9,6804.0,6775.0,6798.0,1666,19
1615262400,6797.0,6810.0,6744.0,6770.0,2778,19
1615276800,6771.0,6783.0,6750.0,6761.0,2264,19
1615291200,6761.0,6779.0,6759.9,6762.0,1279,19
1615305600,6761.0,6794.2,6757.2,6793.2,2110,10
1615320000,6794.2,6808.2,6788.2,6792.2,950,14
1615334400,6792.1,6806.0,6752.9,6754.0,1610,16
1615348800,6753.0,6773.0,6726.0,6729.0,1846,19
1615363200,6728.0,6730.0,6698.0,6728.0,1740,11
1615377600,6729.0,6739.0,6722.0,6738.0,752,19
1615392000,6738.0,6761.2,6735.0,6747.2,2657,15
1615406400,6746.2,6751.2,6731.1,6738.1,2101,15
1615420800,6734.2,6756.2,6642.1,6651.2,1729,9
1615435200,6651.2,6717.2,6648.2,6700.2,2276,8
1615449600,6699.2,6727.2,6699.2,6726.2,1472,9
1615464000,6726.2,6733.2,6720.2,6726.2,759,19
1615478400,6726.2,6756.3,6724.2,6747.3,2508,14
1615492800,6747.4,6759.3,6744.3,6752.3,2505,13
1615507200,6748.4,6780.1,6742.0,6772.1,1314,18
1615521600,6772.1,6777.1,6757.1,6769.1,1394,18
1615536000,6768.1,6776.1,6720.1,6721.1,1519,18
1615550400,6721.1,6735.1,6720.1,6735.1,950,18
1615564800,6734.1,6759.3,6731.1,6745.3,1803,14
1615579200,6745.3,6766.3,6741.2,6763.2,552,14
1615593600,6760.3,6765.3,6758.3,6759.3,162,104
1615766400,6758.9,6774.9,6721.8,6756.9,1566,18
1615780800,6757.9,6791.9,6752.8,6772.8,1981,18
1615795200,6773.8,6781.8,6755.1,6776.8,1461,19
1615809600,6776.8,6785.8,6772.8,6780.8,571,7
1615824000,6779.8,6789.0,6763.0,6779.0,1077,15
1615838400,6779.0,6802.0,6776.0,6797.1,467,12
1615852800,6787.6,6825.6,6770.6,6824.6,1157,19
1615867200,6824.6,6858.6,6820.6,6829.6,1507,19
1615881600,6829.6,6834.6,6816.7,6820.7,1204,7
1615896000,6820.7,6825.7,6812.7,6815.7,655,18
1615910400,6815.7,6827.8,6798.8,6813.8,944,15
1615924800,6813.8,6817.8,6792.8,6802.9,678,15
1615939200,6802.6,6817.6,6770.6,6775.6,1255,18
1615953600,6775.6,6791.5,6754.6,6788.6,2107,4
1615968000,6789.6,6805.6,6778.7,6795.6,1601,18
1615982400,6795.6,6796.6,6782.6,6790.6,943,19
1615996800,6791.6,6806.8,6780.8,6796.8,1259,15
1616011200,6796.8,6807.8,6767.8,6769.8,1236,15
1616025600,6781.5,6800.5,6755.4,6771.5,1589,19
1616040000,6770.5,6778.5,6734.4,6740.5,1551,19
1616054400,6739.5,6744.5,6700.5,6703.5,1605,11
1616068800,6703.5,6725.5,6702.5,6712.5,1196,18
1616083200,6713.5,6736.7,6711.5,6716.7,1927,14
1616097600,6716.7,6725.7,6687.7,6698.7,1747,14
1616112000,6687.1,6717.1,6658.1,6713.1,1493,19
1616126400,6714.1,6731.1,6694.1,6707.1,2049,19
1616140800,6707.1,6717.1,6675.1,6712.1,1871,19
1616155200,6712.1,6720.1,6700.1,6709.1,1071,19
1616169600,6709.1,6710.1,6670.3,6688.3,3000,15
1616184000,6687.3,6698.3,6672.3,6678.3,711,15
1616371200,6687.0,6733.0,6679.0,6729.0,1213,19
1616385600,6729.0,6758.0,6704.0,6743.0,1509,19
1616400000,6742.9,6750.2,6713.9,6729.0,1572,19
1616414400,6728.0,6741.9,6721.0,6741.9,614,19
1616428800,6741.9,6748.1,6723.1,6739.1,1033,5
1616443200,6740.1,6742.1,6722.2,6724.2,638,15
1616457600,6742.6,6778.6,6734.6,6771.6,999,19
1616472000,6771.6,6779.6,6729.6,6733.6,1270,19
1616486400,6732.6,6743.7,6718.1,6742.7,1511,19
1616500800,6741.7,6748.6,6728.6,6747.6,772,10
1616515200,6747.6,6776.8,6747.6,6776.8,1478,6
1616529600,6777.8,6778.8,6724.8,6738.9,1234,15
1616544000,6742.6,6772.6,6723.6,6766.6,1069,19
1616558400,6767.6,6793.6,6762.6,6778.6,1378,19
1616572800,6779.6,6788.6,6750.8,6785.6,1570,11
1616587200,6785.6,6794.5,6779.5,6781.5,712,19
1616601600,6781.5,6797.7,6773.7,6777.7,1054,13
1616616000,6776.7,6776.7,6749.8,6756.8,1124,15
1616630400,6762.9,6795.0,6758.9,6795.0,1124,18
1616644800,6796.0,6800.0,6765.9,6766.0,1284,18
1616659200,6766.0,6787.0,6752.2,6776.0,1433,18
1616673600,6775.0,6777.0,6745.0,6749.0,995,18
1616688000,6748.0,6791.2,6735.2,6788.2,3264,14
1616702400,6788.2,6800.2,6773.2,6792.2,1960,14
1616716800,6801.3,6830.3,6799.3,6814.3,1946,5
1616731200,6815.3,6826.4,6798.3,6821.4,2900,18
1616745600,6822.3,6834.6,6808.4,6811.3,1891,9
1616760000,6811.4,6813.4,6803.3,6810.3,1529,18
1616774400,6810.3,6839.5,6806.3,6834.5,820,15
1616788800,6835.5,6869.6,6815.5,6863.6,921,15
1616976000,6855.3,6856.3,6807.3,6813.3,2134,18
1616990400,6813.3,6813.3,6785.3,6808.3,3457,14
1617004800,6808.3,6811.4,6758.6,6796.3,3976,18
1617019200,6796.3,6811.3,6795.3,6797.3,1736,18
1617033600,6797.3,6821.5,6781.5,6818.5,1711,15
1617048000,6819.5,6833.5,6815.5,6819.6,1261,15
1617062400,6826.6,6830.5,6762.5,6774.6,1958,18
1617076800,6774.6,6781.6,6724.6,6742.6,1623,9
1617091200,6743.6,6761.6,6719.6,6750.6,1140,18
1617105600,6750.6,6759.6,6743.6,6746.6,574,18
1617120000,6746.6,6779.8,6741.8,6778.8,1259,14
1617134400,6778.8,6795.8,6769.8,6780.8,823,14
1617148800,6778.0,6823.0,6764.0,6823.0,1293,18
1617163200,6823.0,6857.0,6805.0,6814.0,1308,7
1617177600,6814.0,6814.0,6766.9,6770.0,1526,18
1617192000,6770.0,6795.0,6765.0,6793.0,421,18
1617206400,6793.0,6811.2,6788.2,6809.2,825,14
1617220800,6809.2,6819.2,6796.2,6797.2,781,14
1617235200,6802.0,6811.0,6771.0,6799.0,1529,18
1617249600,6799.0,6823.0,6789.9,6821.0,1037,18
1617264000,6821.0,6844.0,6814.2,6844.0,1034,13
1617278400,6844.0,6849.0,6832.0,6843.0,403,18
1617667200,6896.0,6896.0,6865.0,6885.0,853,12
1617681600,6885.0,6911.0,6866.0,6892.0,1512,18
1617696000,6891.0,6898.9,6870.0,6892.9,1435,18
1617710400,6891.9,6899.9,6884.9,6893.0,451,18
1617724800,6892.0,6915.1,6879.2,6882.2,763,8
1617739200,6882.2,6886.2,6861.1,6871.2,644,14
1617753600,6871.2,6926.9,6871.2,6925.9,972,18
1617768000,6925.9,6927.9,6881.8,6915.9,1310,18
1617782400,6914.9,6933.8,6907.1,6929.8,1079,18
1617796800,6929.8,6942.8,6923.8,6923.8,511,8
1617811200,6924.8,6952.0,6924.8,6937.0,895,15
1617825600,6937.0,6955.0,6936.0,6949.0,631,15
1617840000,6945.1,6991.8,6944.1,6984.8,953,19
1617854400,6985.8,7007.8,6974.8,6975.8,1010,19
1617868800,6975.8,7000.8,6961.8,6964.8,1185,19
1617883200,6965.8,6967.8,6954.8,6956.8,426,19
1617897600,6957.8,6970.0,6943.0,6965.0,664,15
1617912000,6965.0,6982.0,6958.0,6980.0,459,15
1617926400,6985.2,6991.2,6954.9,6962.9,879,19
1617940800,6962.9,6983.9,6953.9,6978.9,917,19
1617955200,6979.9,6997.9,6975.9,6987.9,934,19
1617969600,6987.9,6999.9,6974.9,6975.9,580,19
1617984000,6974.9,6986.1,6962.1,6978.1,666,15
1617998400,6978.1,6998.1,6977.1,6990.1,494,15
1618185600,6993.3,6997.3,6952.0,6977.0,970,19
1618200000,6976.0,6977.0,6949.0,6960.0,923,19
1618214400,6959.0,6972.4,6953.0,6964.0,1242,19
1618228800,6963.0,6975.0,6963.0,6971.0,533,19
1618243200,6972.0,6977.2,6956.2,6971.2,873,15
1618257600,6970.2,6983.2,6959.2,6975.2,743,15
1618272000,6974.3,6993.0,6973.0,6978.0,801,14
1618286400,6978.0,6993.0,6963.0,6965.0,916,19
1618300800,6964.0,6977.0,6954.0,6968.0,987,19
1618315200,6968.0,6978.0,6948.0,6977.0,993,19
1618329600,6978.0,6989.2,6967.2,6974.2,848,15
1618344000,6975.2,6992.2,6972.2,6985.2,644,15
1618358400,6984.3,6997.0,6971.3,6989.0,688,9
1618372800,6989.0,7018.0,6983.0,7015.0,990,19
1618387200,7015.0,7022.0,7001.0,7007.0,1072,9
1618401600,7007.0,7009.0,6994.0,6995.0,453,19
1618416000,6995.0,7003.2,6987.2,6997.2,734,15
1618430400,6998.2,6998.2,6963.2,6975.3,1334,14
1618444800,6975.2,6999.1,6960.3,6994.1,920,18
1618459200,6994.1,7063.0,6990.1,7063.0,1183,11
1618473600,7062.0,7083.0,7049.0,7075.0,1313,19
1618488000,7074.0,7087.0,7067.0,7069.0,683,19
1618502400,7070.0,7076.2,7058.2,7071.2,821,15
1618516800,7071.2,7073.2,7061.2,7069.2,620,15
1618531200,7069.0,7076.0,7037.7,7040.7,765,19
1618545600,7040.7,7055.7,7019.7,7052.7,1041,8
1618560000,7051.7,7063.7,7038.7,7060.7,1146,13
1618574400,7060.7,7071.7,7056.7,7067.7,733,19
1618588800,7067.7,7082.9,7060.9,7078.9,915,15
1618603200,7078.9,7093.8,7073.9,7083.8,443,15
1618617600,7083.8,7083.8,7083.8,7083.8,1,75
1618790400,7076.8,7086.5,7053.5,7081.5,775,19
1618804800,7081.5,7087.5,7060.5,7066.5,1096,19
1618819200,7065.5,7077.5,7053.5,7064.5,1085,19
1618833600,7064.5,7071.5,7058.5,7061.5,743,19
1618848000,7061.5,7065.7,7023.7,7029.7,1488,15
1618862400,7028.7,7042.7,7027.7,7035.7,1151,15
1618876800,7043.8,7049.7,7013.5,7025.5,837,19
1618891200,7024.5,7040.5,7004.5,7004.5,1305,19
1618905600,7004.5,7019.5,6978.5,6980.5,1350,19
1618920000,6981.5,6981.5,6951.5,6960.5,1218,6
1618934400,6960.5,6967.7,6917.7,6936.7,1501,15
1618948800,6936.7,6949.7,6931.7,6931.7,852,15
1618963200,6930.7,6958.4,6926.4,6941.4,943,19
1618977600,6940.4,6962.5,6891.4,6960.5,1551,5
1618992000,6959.5,7007.5,6953.5,6988.5,1765,18
1619006400,6987.5,6994.5,6971.5,6973.5,927,18
1619020800,6973.5,7019.6,6973.4,7012.6,2508,14
1619035200,7011.7,7027.7,7008.6,7013.6,1417,14
1619049600,7012.7,7025.5,6982.5,6984.5,824,18
1619064000,6985.4,7030.5,6981.5,7028.5,1115,18
1619078400,7028.5,7048.5,7025.5,7035.5,1333,14
1619092800,7035.5,7049.5,7030.5,7042.5,643,18
1619107200,7042.5,7065.6,7031.6,7061.6,2227,14
1619121600,7061.6,7061.7,7014.6,7024.6,4226,14
1619136000,7029.7,7051.5,7008.7,7049.5,885,18
1619150400,7049.5,7053.4,7028.5,7038.5,1192,18
1619164800,7038.4,7056.5,7034.5,7047.5,1084,18
1619179200,7047.5,7048.5,7027.5,7031.5,801,18
1619193600,7031.5,7067.7,7031.5,7065.6,2361,13
1619208000,7065.7,7071.7,7045.7,7045.7,1293,14
1619395200,7047.8,7066.6,7035.8,7045.6,925,18
1619409600,7045.6,7058.6,7035.5,7044.6,1054,18
1619424000,7044.6,7047.6,7027.0,7035.6,1246,18
1619438400,7034.6,7037.6,7026.6,7027.6,624,18
1619452800,7026.6,7048.8,7024.6,7042.8,1759,14
1619467200,7042.7,7052.7,7038.7,7044.7,1183,14
1619481600,7042.7,7055.5,7012.5,7021.5,873,18
1619496000,7021.5,7022.5,6996.4,7022.5,884,18
1619510400,7023.5,7039.5,7014.7,7037.5,1082,18
1619524800,7037.5,7040.5,7019.5,7019.5,893,18
1619539200,7020.5,7035.7,7012.7,7029.6,2255,14
1619553600,7028.7,7045.7,7028.6,7033.7,1367,14
1619568000,7039.7,7044.7,7023.4,7029.5,752,18
1619582400,7027.5,7071.5,7022.5,7054.4,1321,18
1619596800,7055.4,7066.7,7051.4,7062.4,1086,19
1619611200,7061.4,7069.4,7056.4,7068.4,535,19
1619625600,7068.4,7086.6,7065.4,7080.6,731,15
1619640000,7080.6,7088.6,7069.6,7077.6,1020,5
1619654400,7073.7,7092.4,7059.4,7061.4,684,19
1619668800,7062.4,7089.5,7060.4,7072.5,907,18
1619683200,7071.5,7095.5,7068.5,7089.5,1082,5
1619697600,7089.5,7094.5,7079.5,7089.5,575,18
1619712000,7088.5,7094.5,7039.6,7053.7,2947,14
1619726400,7054.6,7074.6,7050.6,7061.6,1356,14
1619740800,7062.8,7062.8,7020.5,7028.5,1105,18
1619755200,7027.5,7037.5,7011.5,7012.5,860,19
1619769600,7013.5,7039.5,7002.5,7023.5,1223,19
1619784000,7023.5,7030.5,7002.5,7025.5,774,19
1619798400,7025.5,7037.7,7007.7,7014.7,1355,15
1619812800,7014.7,7019.7,6999.7,7003.7,937,15
1620000000,7018.7,7058.4,7014.7,7049.4,1058,18
1620014400,7049.5,7053.4,7014.4,7024.4,2039,18
1620028800,7025.4,7041.4,7014.7,7026.4,1782,18
1620043200,7027.4,7037.4,7005.4,7027.4,1488,18
1620057600,7027.5,7040.6,7025.6,7038.6,807,15
1620072000,7039.6,7043.6,7028.6,7033.6,471,15
1620086400,7030.7,7051.5,7024.7,7040.4,1059,18
1620100800,7041.4,7061.5,7024.4,7056.4,1851,18
1620115200,7057.4,7069.4,7047.7,7069.4,2188,18
1620129600,7068.4,7083.4,7039.4,7042.4,2066,18
1620144000,7044.4,7057.6,7002.6,7013.6,2410,15
1620158400,7012.6,7035.6,7011.6,7028.6,1070,15
1620172800,7029.3,7081.0,7020.3,7080.1,1533,9
1620187200,7080.1,7114.1,7077.0,7101.0,2178,18
1620201600,7101.0,7101.1,7074.7,7094.0,2334,18
1620216000,7095.0,7100.0,7085.0,7091.0,1238,18
1620230400,7091.1,7118.2,7080.2,7110.2,1212,15
1620244800,7110.2,7116.2,7088.2,7091.2,882,15
1620259200,7089.3,7115.0,7061.0,7063.0,1491,9
1620273600,7064.0,7066.0,7032.1,7035.1,1806,18
1620288000,7036.1,7066.1,7035.1,7056.1,1294,7
1620302400,7056.1,7063.1,7040.1,7060.1,1026,5
1620316800,7060.1,7066.3,7029.3,7058.3,1853,15
1620331200,7057.3,7067.3,7039.3,7062.3,1101,5
1620345600,7064.9,7076.6,7041.6,7074.7,1427,18
1620360000,7075.6,7091.6,7069.6,7073.7,1335,18
1620374400,7072.7,7084.7,7062.7,7084.7,1188,19
1620388800,7084.7,7091.7,7060.7,7070.7,968,19
1620403200,7069.7,7096.9,7061.7,7088.9,1015,15
1620417600,7088.9,7094.9,7074.9,7074.9,745,15
1620604800,7067.9,7142.6,7063.9,7130.6,978,19
1620619200,7130.6,7164.6,7129.6,7144.6,1006,19
1620633600,7144.6,7167.6,7138.6,7140.6,1104,5
1620648000,7139.6,7143.6,7132.6,7134.6,418,19
1620662400,7134.6,7153.8,7130.6,7144.8,1038,15
1620676800,7144.8,7148.8,7103.8,7106.8,1086,15
1620691200,7106.0,7140.7,7105.0,7108.7,1068,19
1620705600,7108.7,7124.7,7068.7,7086.7,1351,19
1620720000,7087.7,7097.7,7036.7,7040.7,1876,19
1620734400,7041.7,7054.7,7021.7,7023.7,1305,19
1620748800,7022.7,7054.9,6986.9,7012.9,3022,7
1620763200,7013.9,7056.9,7012.9,7035.9,1900,15
1620777600,7033.0,7086.7,7020.7,7032.7,1251,19
1620792000,7032.7,7050.7,6994.7,7019.7,2164,19
1620806400,7020.7,7066.8,7020.7,7058.8,1889,18
1620820800,7057.8,7066.8,7026.8,7055.8,1708,18
1620835200,7056.8,7078.9,7031.9,7040.9,4304,14
1620849600,7040.9,7048.9,6995.9,7001.9,2143,15
1620864000,6981.5,7023.0,6981.5,7015.0,1394,19
1620878400,7016.0,7021.0,6985.0,6987.0,1250,19
1620892800,6986.0,6996.0,6898.1,6914.1,2922,18
1620907200,6915.0,6971.1,6912.1,6965.0,1865,18
1620921600,6966.0,7020.3,6965.0,7007.3,2533,14
1620936000,7007.3,7035.3,6991.3,7022.3,1972,15
1620950400,7018.2,7046.0,7016.2,7044.0,1127,19
1620964800,7044.0,7052.0,7019.0,7022.0,1437,19
1620979200,7022.0,7034.0,6996.2,7006.0,1445,19
1620993600,7006.0,7015.0,6999.9,7008.0,831,10
1621008000,7008.0,7042.2,7007.0,7041.2,1075,15
1621022400,7040.2,7056.2,7039.2,7049.2,708,15
1621209600,7041.2,7054.9,7019.0,7033.0,1021,19
1621224000,7033.0,7061.0,7020.0,7033.0,1605,19
1621238400,7032.0,7042.0,7004.0,7009.0,1624,19
1621252800,7010.0,7010.0,6989.0,7003.0,703,19
1621267200,7002.0,7020.2,6995.2,7010.2,2017,15
1621281600,7010.2,7033.2,7000.2,7027.2,1042,15
1621296000,7026.3,7067.1,7022.3,7059.1,1050,19
1621310400,7060.1,7079.1,7047.1,7071.1,1324,19
1621324800,7070.1,7072.1,7032.1,7037.1,1141,19
1621339200,7038.1,7047.1,7019.1,7024.1,717,19
1621353600,7024.1,7033.3,7008.3,7017.3,1312,15
1621368000,7018.3,7021.3,6976.3,6979.3,1105,15
1621382400,6974.2,6996.2,6929.0,6953.0,1580,19
1621396800,6954.0,6978.0,6907.0,6916.0,1448,19
1621411200,6915.0,6936.0,6897.3,6911.0,2233,5
1621425600,6912.0,6932.0,6873.0,6874.0,1269,10
1621440000,6873.0,6904.2,6832.2,6898.2,3515,13
1621454400,6899.2,6932.2,6888.2,6929.2,2815,15
1621468800,6925.0,6954.8,6898.7,6951.8,1533,19
1621483200,6952.8,7019.8,6943.8,7014.8,1691,19
1621497600,7013.8,7017.8,6972.8,6974.8,1604,19
1621512000,6973.8,6998.8,6959.8,6997.8,1078,19
1621526400,6996.8,7048.0,6992.0,7037.0,1596,14
1621540800,7036.0,7050.0,7034.0,7039.0,1179,15
1621555200,7045.9,7061.6,7024.7,7024.7,1137,19
1621569600,7026.7,7029.7,6994.6,7020.7,1301,19
1621584000,7021.7,7037.7,7011.7,7021.7,1417,19
1621598400,7022.7,7031.7,7018.7,7024.7,805,19
1621612800,7024.7,7038.9,7017.8,7022.9,1537,12
1621627200,7021.9,7041.9,7017.8,7022.9,854,15
1621814400,7010.8,7045.6,7007.3,7041.6,1144,19
1621828800,7042.6,7059.6,7011.6,7044.6,1363,6
1621843200,7044.6,7059.6,7033.6,7051.6,1024,19
1621857600,7051.6,7057.6,7048.6,7052.6,469,19
1621872000,7052.6,7071.8,7046.8,7065.8,795,15
1621886400,7065.8,7072.8,7057.8,7062.8,464,15
1621900800,7062.4,7092.2,7054.1,7091.2,956,19
1621915200,7091.2,7097.2,7074.1,7086.2,856,19
1621929600,7085.2,7114.2,7084.2,7104.2,789,19
1621944000,7104.2,7112.2,7101.2,7102.2,482,19
1621958400,7101.2,7109.4,7087.4,7100.4,1178,6
1621972800,7099.4,7099.4,7068.4,7079.4,799,15
1621987200,7074.4,7111.2,7072.4,7110.2,1011,19
1622001600,7109.2,7134.2,7104.2,7107.2,1039,19
1622016000,7107.2,7107.2,7068.2,7074.2,1233,19
1622030400,7073.2,7078.2,7061.2,7071.2,649,19
1622044800,7072.2,7096.4,7068.4,7091.4,918,15
1622059200,7091.4,7100.4,7085.4,7088.4,597,8
1622073600,7087.5,7106.3,7074.5,7101.3,1065,19
1622088000,7101.3,7115.3,7076.2,7114.3,1253,19
1622102400,7113.3,7114.3,7067.0,7093.3,1549,9
1622116800,7093.2,7120.2,7092.2,7119.2,811,18
1622131200,7119.2,7140.4,7119.2,7134.4,1350,15
1622145600,7135.4,7146.4,7124.4,7142.4,739,15
1622160000,7137.9,7162.6,7134.9,7152.6,1402,18
1622174400,7152.7,7182.6,7150.6,7182.6,1825,10
1622188800,7181.6,7184.7,7163.9,7178.6,2035,18
1622203200,7178.6,7197.7,7173.6,7197.7,1263,18
1622217600,7197.6,7201.8,7186.8,7196.8,1047,15
1622232000,7196.8,7197.8,7171.8,7174.8,649,15
1622419200,7181.3,7204.4,7168.4,7173.4,1418,18
1622433600,7173.4,7180.4,7158.4,7161.5,1893,18
1622448000,7161.4,7170.4,7151.4,7153.5,1729,18
1622462400,7153.4,7157.4,7146.4,7146.4,919,18
1622476800,7145.5,7145.6,7127.6,7133.6,504,15
1622491200,7133.6,7139.6,7115.6,7123.6,386,15
1622505600,7126.7,7153.4,7122.4,7126.5,1614,18
1622520000,7126.5,7157.4,7109.4,7153.4,2372,5
1622534400,7154.4,7183.5,7133.4,7181.4,2595,7
1622548800,7181.5,7194.4,7181.4,7193.4,1186,18
1622563200,7192.5,7192.5,7154.6,7158.6,1267,15
1622577600,7159.6,7167.6,7150.6,7154.6,665,15
1622592000,7157.7,7186.5,7136.7,7186.5,1758,18
1622606400,7186.4,7208.4,7174.4,7206.4,1637,18
1622620800,7206.4,7220.4,7198.4,7216.4,2408,18
1622635200,7216.5,7224.4,7213.4,7220.4,1358,18
1622649600,7220.5,7235.6,7211.6,7225.6,884,15
1622664000,7225.6,7228.6,7214.6,7222.6,595,10
1622678400,7222.7,7272.4,7217.7,7260.4,1602,18
1622692800,7260.4,7279.5,7234.4,7262.4,2227,15
1622707200,7261.4,7261.5,7236.4,7248.4,2137,18
1622721600,7247.4,7247.5,7214.4,7235.4,2486,18
1622736000,7235.4,7276.6,7235.4,7271.6,1774,15
1622750400,7272.6,7277.6,7259.6,7260.6,933,15
1622764800,7255.7,7270.4,7238.4,7267.5,1513,18
1622779200,7268.4,7298.5,7253.4,7295.5,2245,18
1622793600,7295.4,7297.5,7281.4,7286.5,2292,18
1622808000,7286.4,7305.4,7284.4,7296.4,2016,18
1622822400,7297.4,7301.6,7281.6,7300.6,787,15
1622836800,7300.6,7306.6,7294.6,7297.6,393,15
1623024000,7299.5,7312.2,7282.2,7283.2,1657,18
1623038400,7284.2,7291.3,7263.3,7281.3,1869,18
1623052800,7281.2,7288.2,7259.5,7276.2,2090,18
1623067200,7276.2,7286.2,7270.2,7284.2,1017,18
1623081600,7284.3,7285.2,7260.4,7275.4,1049,13
1623096000,7275.4,7282.4,7267.4,7279.4,642,15
1623110400,7276.5,7313.3,7267.5,7302.3,1270,18
1623124800,7302.2,7308.2,7265.2,7295.3,2073,18
1623139200,7295.2,7302.5,7285.2,7300.3,2049,18
1623153600,7300.2,7319.2,7294.2,7315.2,1875,18
1623168000,7316.3,7322.4,7295.4,7317.4,1302,15
1623182400,7317.4,7324.4,7308.4,7309.4,547,15
1623196800,7306.7,7334.4,7285.4,7327.4,968,19
1623211200,7327.4,7327.4,7267.4,7271.4,1261,19
1623225600,7272.4,7289.4,7262.8,7273.4,1177,19
1623240000,7273.4,7274.4,7253.4,7265.4,599,19
1623254400,7266.4,7275.6,7253.6,7271.6,983,15
1623268800,7272.6,7273.6,7259.6,7263.6,561,15
1623283200,7259.7,7294.4,7250.7,7293.4,1032,19
1623297600,7291.4,7311.4,7286.4,7301.4,1056,19
1623312000,7302.4,7312.4,7280.4,7289.4,1164,11
1623326400,7289.4,7304.4,7274.4,7302.4,988,19
1623340800,7303.4,7325.6,7289.6,7311.6,1421,14
1623355200,7311.6,7318.6,7295.6,7303.6,619,15
1623369600,7301.5,7309.5,7270.2,7289.2,1040,19
1623384000,7289.2,7329.2,7289.2,7317.2,1167,9
1623398400,7318.2,7319.2,7298.2,7308.2,854,13
1623412800,7308.2,7336.2,7308.2,7335.2,582,11
1623427200,7335.2,7346.4,7330.4,7334.4,971,15
1623441600,7334.4,7355.4,7333.4,7347.4,473,15
1623715200,7347.2,7368.2,7347.2,7366.2,685,19
1623729600,7367.2,7397.2,7361.2,7382.2,1219,20
1623744000,7381.2,7394.2,7370.2,7385.3,1036,12
1623758400,7385.3,7385.3,7371.3,7375.3,497,11
1623772800,7376.3,7384.4,7369.4,7376.4,1610,15
1623787200,7376.4,7378.4,7365.4,7368.4,701,6
1623801600,7372.5,7397.3,7360.8,7391.3,1087,19
1623816000,7392.3,7404.2,7368.3,7370.3,1366,19
1623830400,7370.3,7387.3,7363.3,7376.3,1585,19
1623844800,7376.3,7387.3,7369.3,7385.3,921,19
1623859200,7386.3,7392.4,7372.4,7378.3,713,15
1623873600,7378.3,7407.3,7359.4,7382.4,1424,15
1623888000,7382.4,7383.4,7330.1,7340.1,1455,4
1623902400,7341.1,7374.1,7333.1,7356.1,1198,11
1623916800,7355.1,7361.1,7340.4,7356.2,1232,18
1623931200,7356.2,7387.2,7356.2,7382.2,818,18
1623945600,7383.2,7400.4,7357.4,7378.2,1807,15
1623960000,7378.2,7402.2,7377.2,7389.2,1150,15
1623974400,7385.2,7401.2,7356.9,7383.0,1269,18
1623988800,7383.0,7397.0,7359.0,7379.9,1107,18
1624003200,7379.9,7390.9,7349.9,7353.9,1193,18
1624017600,7352.9,7358.9,7301.9,7311.9,1579,19
1624032000,7311.9,7318.1,7274.1,7293.1,2169,14
1624046400,7292.1,7297.1,7254.1,7254.1,918,15
1624233600,7277.4,7277.4,7232.1,7242.1,1304,19
1624248000,7242.1,7255.1,7199.1,7231.1,1906,12
1624262400,7230.1,7279.1,7221.0,7278.1,2034,13
1624276800,7277.1,7292.1,7261.1,7280.1,1304,18
1624291200,7280.1,7332.3,7274.3,7329.3,1870,14
1624305600,7329.3,7341.3,7326.3,7329.3,769,14
1624320000,7323.7,7337.1,7306.1,7314.4,1871,18
1624334400,7315.5,7358.4,7304.4,7348.4,1712,18
1624348800,7347.5,7348.4,7304.4,7309.5,2579,18
1624363200,7310.4,7330.5,7308.5,7320.4,2148,18
1624377600,7319.4,7339.6,7309.6,7324.6,2853,14
1624392000,7324.7,7340.7,7323.6,7331.6,1368,14
1624406400,7334.0,7347.0,7288.8,7291.8,1021,19
1624420800,7292.8,7308.8,7290.7,7297.8,854,19
1624435200,7298.7,7299.8,7263.8,7266.8,1131,19
1624449600,7265.8,7269.8,7251.8,7268.8,728,19
1624464000,7267.8,7274.8,7245.0,7255.0,959,15
1624478400,7255.0,7266.0,7246.0,7253.0,565,15
1624492800,7248.8,7279.6,7246.6,7263.6,852,18
1624507200,7262.6,7286.6,7249.6,7281.6,1098,18
1624521600,7281.6,7283.5,7239.6,7282.5,1150,18
1624536000,7282.5,7292.5,7273.5,7281.5,523,19
1624550400,7280.5,7302.7,7277.7,7294.7,755,11
1624564800,7293.7,7318.7,7291.7,7311.7,522,15
1624579200,7306.8,7328.5,7286.5,7290.5,949,19
1624593600,7289.5,7319.5,7282.5,7308.5,1083,19
1624608000,7308.5,7314.5,7281.7,7282.7,1054,18
1624622400,7282.7,7294.7,7279.7,7291.7,535,18
1624636800,7291.7,7293.9,7283.8,7290.9,594,15
1624651200,7290.9,7303.9,7287.9,7297.9,459,15
1624838400,7304.7,7314.6,7262.7,7275.7,1122,18
1624852800,7276.7,7300.7,7265.7,7296.7,1167,18
1624867200,7298.7,7302.7,7278.9,7296.7,1188,18
1624881600,7296.7,7312.7,7285.7,7309.7,764,18
1624896000,7309.7,7310.7,7261.8,7270.9,1065,15
1624910400,7269.9,7277.9,7262.8,7274.9,610,15
1624924800,7262.8,7266.5,7243.5,7248.5,1459,18
1624939200,7247.5,7279.5,7229.5,7278.6,1882,18
1624953600,7278.6,7319.6,7278.5,7308.5,2475,18
1624968000,7308.5,7335.6,7307.6,7333.6,1554,18
1624982400,7333.5,7338.8,7319.7,7327.7,1969,14
1624996800,7327.8,7331.7,7313.7,7324.7,1147,14
1625011200,7326.0,7365.7,7321.2,7339.7,1640,18
1625025600,7340.7,7359.0,7325.0,7331.0,1421,18
1625040000,7331.0,7334.0,7263.0,7264.0,1459,18
1625054400,7263.0,7286.0,7251.0,7272.0,1411,18
1625068800,7272.0,7297.2,7264.0,7281.2,1409,15
1625083200,7281.2,7300.2,7273.1,7293.2,735,15
1625097600,7294.9,7310.7,7284.7,7288.7,1125,18
1625112000,7289.7,7293.7,7257.7,7267.7,1142,18
1625126400,7267.7,7282.7,7249.6,7274.7,1460,11
1625140800,7275.7,7276.7,7225.7,7247.7,1393,7
1625155200,7248.7,7269.9,7246.7,7267.9,1329,13
1625169600,7267.9,7294.9,7263.9,7279.9,733,15
1625184000,7278.5,7303.3,7273.5,7298.2,1324,18
1625198400,7298.3,7298.3,7265.3,7284.2,2116,18
1625212800,7283.3,7321.3,7283.2,7310.2,2572,18
1625227200,7309.3,7323.3,7307.3,7314.3,2139,18
1625241600,7315.2,7319.2,7294.4,7309.4,2478,14
1625256000,7309.4,7316.4,7301.4,7305.4,824,14
1625443200,7303.6,7333.4,7300.6,7317.3,1428,18
1625457600,7316.3,7331.3,7300.3,7305.3,2057,18
1625472000,7305.3,7309.7,7292.7,7306.7,1320,18
1625486400,7305.7,7324.7,7305.7,7323.7,615,18
1625500800,7323.7,7325.7,7312.8,7313.9,446,15
1625515200,7314.9,7320.9,7311.8,7318.9,268,15
1625529600,7322.5,7336.3,7307.3,7318.3,812,19
1625544000,7318.3,7321.3,7274.3,7286.3,1244,19
1625558400,7287.3,7287.3,7232.9,7241.3,1988,9
1625572800,7240.3,7247.3,7224.3,7246.3,612,9
1625587200,7246.3,7249.3,7207.4,7227.5,1877,15
1625601600,7228.5,7251.5,7228.5,7237.5,741,15
1625616000,7233.7,7273.4,7211.0,7268.5,1062,5
1625630400,7267.5,7315.5,7267.5,7296.5,1189,7
1625644800,7297.5,7332.5,7291.5,7321.5,1622,19
1625659200,7320.5,7329.5,7306.5,7315.5,874,19
1625673600,7316.5,7340.7,7315.5,7334.7,1528,15
1625688000,7335.7,7340.7,7324.7,7329.7,989,15
1625702400,7327.9,7370.7,7313.9,7351.7,959,19
1625716800,7351.7,7365.7,7311.7,7323.7,1237,19
1625731200,7322.7,7332.7,7274.7,7283.7,2741,19
1625745600,7284.7,7285.7,7233.6,7253.6,2519,5
1625760000,7254.6,7286.8,7230.8,7283.8,3240,13
1625774400,7284.8,7288.8,7266.8,7280.8,1627,13
1625788800,7280.9,7288.9,7230.6,7236.6,1241,17
1625803200,7235.6,7238.6,7205.6,7223.6,1785,7
1625817600,7224.6,7287.6,7215.6,7286.6,2121,6
1625832000,7286.6,7295.6,7270.6,7281.6,1362,5
1625846400,7281.6,7334.8,7276.8,7329.8,1142,15
1625860800,7330.8,7342.8,7329.8,7333.8,527,15
1626048000,7333.7,7347.5,7317.4,7320.4,1399,18
1626062400,7320.4,7328.4,7303.4,7316.5,2363,18
1626076800,7315.5,7331.7,7301.5,7318.5,1662,13
1626091200,7318.5,7332.5,7303.5,7332.5,1054,19
1626105600,7333.5,7346.7,7323.7,7339.7,1575,15
1626120000,7340.7,7353.7,7339.7,7344.7,486,15
1626134400,7344.9,7373.6,7336.9,7363.7,765,18
1626148800,7363.7,7367.7,7332.7,7335.7,895,18
1626163200,7334.7,7337.7,7314.7,7335.7,1146,15
1626177600,7334.7,7348.7,7327.7,7333.7,931,5
1626192000,7333.7,7347.9,7321.8,7341.9,1380,15
1626206400,7340.9,7342.9,7326.8,7327.8,1401,15
1626220800,7332.7,7354.5,7319.4,7351.5,1053,19
1626235200,7351.5,7356.5,7322.4,7338.5,1274,19
1626249600,7339.5,7355.5,7329.7,7351.5,1575,19
1626264000,7351.5,7369.5,7351.5,7366.5,877,19
1626278400,7366.5,7379.7,7347.7,7355.7,1669,15
1626292800,7354.7,7356.7,7331.6,7334.7,960,15
1626307200,7329.8,7360.5,7324.8,7332.6,904,7
1626321600,7333.6,7352.6,7311.6,7314.6,1202,6
1626336000,7314.6,7333.6,7304.4,7332.6,1755,6
1626350400,7333.6,7333.6,7295.5,7310.6,1564,6
1626364800,7310.6,7325.8,7296.8,7316.8,1833,15
1626379200,7316.8,7324.8,7297.8,7312.8,1321,15
1626393600,7306.1,7324.8,7289.1,7306.8,995,19
1626408000,7306.8,7330.9,7301.8,7323.9,893,18
1626422400,7323.9,7350.9,7320.8,7345.9,1528,19
1626436800,7345.9,7353.9,7329.8,7348.9,1060,18
1626451200,7348.9,7354.9,7307.0,7322.1,2207,14
1626465600,7322.1,7327.1,7297.1,7308.1,1087,14
1626652800,7291.1,7295.8,7231.8,7234.8,1268,18
1626667200,7235.8,7276.8,7235.8,7267.9,1093,17
1626681600,7266.9,7285.9,7231.8,7235.8,2112,18
1626696000,7234.8,7252.8,7210.8,7217.8,2500,19
1626710400,7217.8,7220.0,7169.0,7182.0,4469,14
1626724800,7182.0,7207.0,7168.0,7201.0,2389,15
1626739200,7198.1,7230.8,7187.8,7224.8,1023,19
1626753600,7225.8,7270.8,7217.8,7230.8,1327,9
1626768000,7229.8,7266.9,7224.8,7249.9,1914,18
1626782400,7250.9,7253.9,7218.8,7220.8,2090,18
1626796800,7220.8,7292.0,7207.0,7287.0,4561,14
1626811200,7287.0,7298.0,7276.0,7288.1,1902,14
1626825600,7285.6,7338.4,7285.6,7332.4,1530,18
1626840000,7332.3,7346.4,7302.4,7310.4,2830,18
1626854400,7311.3,7350.4,7293.4,7340.4,2659,6
1626868800,7340.4,7350.4,7318.4,7340.4,1337,19
1626883200,7340.3,7364.5,7336.4,7359.6,1488,15
1626897600,7360.6,7376.6,7360.6,7368.6,625,15
1626912000,7361.6,7379.3,7337.4,7341.4,790,19
1626926400,7341.4,7374.4,7340.4,7367.4,680,19
1626940800,7366.4,7387.4,7363.4,7374.4,1060,19
1626955200,7374.4,7380.4,7353.4,7356.4,701,19
1626969600,7355.4,7361.6,7339.6,7355.6,1857,15
1626984000,7354.6,7361.6,7343.6,7357.6,764,15
1626998400,7353.5,7373.3,7341.3,7372.3,644,19
1627012800,7370.2,7388.3,7360.2,7381.3,688,19
1627027200,7382.3,7395.3,7371.3,7391.3,943,11
1627041600,7391.3,7398.3,7390.3,7394.3,584,19
1627056000,7394.3,7417.5,7389.5,7413.5,1052,15
1627070400,7413.5,7419.5,7406.4,7412.5,610,15
1627257600,7414.4,7416.4,7388.2,7396.2,806,19
1627272000,7396.2,7400.2,7377.1,7379.2,900,19
1627286400,7378.2,7392.2,7366.2,7380.2,1578,19
1627300800,7381.2,7398.2,7380.2,7392.2,911,10
1627315200,7391.2,7405.4,7379.4,7389.4,1425,10
1627329600,7390.4,7411.4,7389.4,7405.4,652,5
1627344000,7405.6,7421.4,7395.4,7401.4,677,19
1627358400,7400.4,7434.4,7399.4,7428.4,1237,5
1627372800,7429.4,7429.4,7376.3,7395.3,2021,9
1627387200,7394.3,7420.3,7390.3,7405.3,1084,19
1627401600,7405.3,7409.5,7374.5,7376.5,2427,15
1627416000,7377.5,7406.5,7372.5,7386.5,1090,15
1627430400,7386.4,7419.1,7383.4,7400.1,1388,18
1627444800,7401.1,7404.1,7352.1,7360.1,2964,18
1627459200,7360.1,7393.2,7337.4,7390.2,3044,11
1627473600,7391.2,7402.2,7381.2,7393.2,1007,12
1627488000,7394.2,7401.2,7381.4,7384.4,1655,15
1627502400,7385.4,7392.4,7371.4,7379.4,1351,15
1627516800,7382.6,7400.4,7369.3,7395.4,946,14
1627531200,7394.4,7406.4,7386.4,7393.4,1112,18
1627545600,7393.4,7420.4,7391.4,7414.4,1403,8
1627560000,7415.4,7433.4,7415.4,7429.4,757,18
1627574400,7429.4,7452.6,7428.6,7434.6,1548,13
1627588800,7435.6,7436.6,7406.6,7416.6,832,14
1627603200,7411.4,7422.2,7383.2,7390.2,1190,18
1627617600,7391.2,7409.2,7385.2,7406.2,1011,18
1627632000,7405.2,7405.2,7360.4,7381.2,1694,18
1627646400,7381.2,7397.2,7370.2,7395.2,1098,18
1627660800,7395.2,7416.4,7390.2,7411.5,1784,8
1627675200,7412.5,7420.5,7400.5,7416.5,692,15
1627862400,7432.8,7467.6,7411.8,7467.6,905,18
1627876800,7468.6,7499.6,7468.6,7482.6,1055,19
1627891200,7482.6,7491.6,7464.6,7470.6,1411,6
1627905600,7471.6,7477.6,7446.6,7456.6,1008,19
1627920000,7455.6,7478.8,7442.8,7455.8,1714,15
1627934400,7455.8,7458.8,7436.8,7451.8,772,15
1627948800,7445.8,7479.6,7441.7,7467.6,804,13
1627963200,7467.6,7469.6,7441.5,7458.6,1285,19
1627977600,7457.6,7467.6,7443.6,7461.6,1477,6
1627992000,7461.6,7469.6,7450.5,7456.6,858,7
1628006400,7456.6,7469.8,7439.8,7466.8,2063,9
1628020800,7467.8,7483.8,7463.6,7464.6,597,15
1628035200,7465.8,7498.6,7456.5,7478.6,1068,19
1628049600,7479.6,7492.6,7462.6,7487.6,873,19
1628064000,7487.6,7497.6,7474.6,7479.6,1116,19
1628078400,7479.6,7486.6,7467.6,7471.6,744,19
1628092800,7471.6,7502.8,7467.8,7490.8,1796,15
1628107200,7490.8,7494.8,7479.8,7480.6,514,15
1628121600,7480.6,7499.4,7473.6,7482.4,696,18
1628136000,7481.4,7515.4,7479.4,7506.4,940,18
1628150400,7506.4,7512.4,7487.5,7511.4,1373,18
1628164800,7511.4,7512.4,7496.4,7503.4,711,18
1628179200,7503.4,7516.6,7496.6,7507.6,891,15
1628193600,7507.6,7512.6,7499.6,7505.4,450,15
1628208000,7500.6,7506.3,7485.4,7490.4,846,18
1628222400,7489.4,7507.4,7486.4,7500.4,922,18
1628236800,7500.4,7529.4,7500.4,7523.4,867,13
1628251200,7524.4,7550.4,7522.4,7541.4,759,18
1628265600,7542.4,7554.6,7536.6,7553.6,1032,6
1628280000,7553.6,7561.6,7545.6,7559.4,406,15
1628467200,7542.7,7554.5,7522.5,7550.5,999,19
1628481600,7550.5,7552.5,7528.5,7528.5,958,19
1628496000,7529.5,7537.9,7513.1,7535.9,1224,18
1628510400,7535.9,7537.9,7525.8,7534.9,423,19
1628524800,7534.9,7544.1,7521.1,7538.1,893,15
1628539200,7538.1,7552.1,7538.1,7547.3,403,15
1628553600,7548.6,7566.3,7533.6,7562.4,1119,13
1628568000,7563.3,7563.4,7523.4,7543.4,1114,18
1628582400,7543.4,7558.4,7543.4,7552.4,842,18
1628596800,7552.4,7552.4,7545.4,7551.4,464,18
1628611200,7551.4,7567.6,7547.6,7564.6,965,15
1628625600,7564.6,7572.6,7558.6,7567.4,501,15
1628640000,7559.2,7592.0,7556.2,7583.0,852,19
1628654400,7584.0,7605.0,7567.0,7567.0,1059,13
1628668800,7568.0,7589.4,7565.0,7586.4,1018,18
1628683200,7586.4,7593.4,7577.4,7581.4,624,19
1628697600,7582.4,7595.4,7570.6,7579.6,1158,15
1628712000,7580.6,7590.6,7579.6,7590.4,539,15
1628726400,7578.9,7607.6,7573.9,7583.6,987,19
1628740800,7583.6,7590.6,7571.6,7573.6,995,9
1628755200,7572.6,7586.6,7564.6,7584.6,1018,19
1628769600,7584.6,7599.6,7584.6,7593.6,423,19
1628784000,7594.6,7602.8,7584.8,7599.8,861,15
1628798400,7599.8,7618.8,7596.8,7608.6,450,15
1628812800,7603.9,7623.7,7596.9,7620.7,904,18
1628827200,7621.7,7627.7,7613.7,7620.7,910,18
1628841600,7619.7,7639.7,7618.7,7637.7,836,5
1628856000,7637.7,7641.7,7626.7,7626.7,388,18
1628870400,7626.7,7627.7,7607.8,7619.9,873,15
1628884800,7619.9,7621.9,7611.8,7612.7,429,15
1629072000,7613.9,7618.7,7592.7,7593.7,824,7
1629086400,7593.7,7613.7,7588.7,7600.7,925,18
1629100800,7600.7,7603.7,7569.7,7581.3,2408,18
1629115200,7581.3,7587.2,7562.2,7570.2,953,18
1629129600,7570.2,7579.4,7555.4,7578.4,1476,15
1629144000,7578.4,7596.4,7577.4,7588.2,553,15
1629158400,7573.8,7586.5,7527.5,7537.5,1102,19
1629172800,7537.5,7542.5,7492.6,7512.6,1172,18
1629187200,7512.6,7523.6,7480.6,7490.6,1905,18
1629201600,7491.6,7497.6,7472.5,7480.6,1059,18
1629216000,7481.6,7490.7,7439.7,7440.7,1792,14
1629230400,7441.7,7483.8,7436.8,7477.6,1226,14
1629244800,7474.3,7535.1,7465.5,7524.1,1173,9
1629259200,7523.1,7532.1,7505.1,7512.1,1396,18
1629273600,7511.1,7517.1,7477.1,7484.1,1303,11
1629288000,7484.1,7496.1,7475.1,7481.1,807,13
1629302400,7481.1,7498.2,7472.2,7491.2,1357,15
1629316800,7491.2,7491.2,7438.2,7449.1,1470,9
1629331200,7443.6,7457.4,7426.3,7435.4,1318,18
1629345600,7435.4,7472.4,7432.4,7462.4,1439,5
1629360000,7463.4,7475.4,7408.4,7415.4,2549,5
1629374400,7415.4,7437.4,7403.4,7411.4,2061,5
1629388800,7412.4,7487.6,7412.4,7486.6,3264,6
1629403200,7486.6,7494.6,7459.5,7476.4,2160,15
1629417600,7475.4,7511.1,7459.4,7493.1,1198,19
1629432000,7493.1,7502.1,7453.1,7469.1,1502,19
1629446400,7469.1,7469.1,7428.1,7442.1,2200,13
1629460800,7442.1,7453.1,7432.1,7451.1,1227,19
1629475200,7451.1,7482.3,7445.1,7480.3,1881,15
1629489600,7480.3,7498.3,7472.3,7490.1,872,15
1629676800,7482.2,7499.9,7464.0,7470.0,915,18
1629691200,7469.9,7494.0,7458.0,7480.0,1145,18
1629705600,7480.0,7499.8,7473.0,7479.0,1596,11
1629720000,7479.0,7483.0,7473.0,7475.0,651,19
1629734400,7474.0,7505.2,7470.0,7504.2,1133,15
1629748800,7504.2,7509.2,7495.2,7502.0,520,10
1629763200,7506.0,7517.8,7503.0,7506.8,892,7
1629777600,7506.8,7522.8,7499.8,7506.8,849,18
1629792000,7506.8,7517.0,7494.8,7498.8,1143,13
1629806400,7498.8,7500.8,7478.8,7482.8,742,7
1629820800,7481.8,7518.0,7481.8,7518.0,1187,15
1629835200,7518.0,7533.0,7514.0,7516.8,607,15
1629849600,7514.2,7544.0,7505.2,7536.0,894,18
1629864000,7535.0,7537.0,7506.0,7510.0,988,18
1629878400,7511.0,7540.4,7511.0,7533.0,1214,18
1629892800,7533.0,7533.0,7523.9,7531.0,557,18
1629907200,7531.0,7536.2,7521.2,7530.2,796,15
1629921600,7529.2,7532.2,7519.2,7523.0,429,15
1629936000,7520.6,7524.0,7474.4,7480.4,906,18
1629950400,7481.4,7512.4,7476.4,7476.4,1030,18
1629964800,7477.3,7496.4,7467.6,7486.4,1499,19
1629979200,7486.4,7490.4,7478.3,7484.4,1142,19
1629993600,7484.4,7497.6,7470.5,7488.6,1635,15
1630008000,7488.6,7491.6,7473.6,7474.4,1057,15
1630022400,7469.1,7478.9,7455.1,7469.9,877,19
1630036800,7469.9,7489.9,7466.8,7484.9,969,19
1630051200,7484.9,7492.9,7467.3,7487.9,1073,19
1630065600,7487.9,7490.9,7477.8,7482.9,545,9
1630080000,7481.9,7511.1,7479.9,7500.1,1620,4
1630094400,7501.1,7508.1,7499.1,7499.9,469,15
1630281600,7500.0,7524.8,7467.8,7473.8,991,19
1630296000,7474.8,7498.8,7468.8,7495.8,1105,19
1630310400,7496.8,7511.8,7492.8,7506.8,865,18
1630324800,7507.8,7511.4,7503.4,7508.4,381,18
1630339200,7508.4,7532.6,7500.6,7525.6,799,15
1630353600,7525.6,7528.6,7511.6,7518.5,414,15
1630368000,7526.4,7537.1,7514.4,7524.2,804,14
1630382400,7524.2,7564.2,7522.2,7562.2,1052,18
1630396800,7563.2,7567.2,7537.2,7543.2,1506,10
1630411200,7543.2,7544.2,7511.2,7517.2,1195,18
1630425600,7518.2,7530.4,7512.3,7523.4,1555,15
1630440000,7522.4,7522.4,7494.7,7507.5,793,9
1630454400,7502.1,7510.8,7461.9,7478.9,1157,19
1630468800,7477.9,7519.1,7468.8,7510.1,1741,18
1630483200,7510.2,7535.2,7510.1,7527.2,1496,18
1630497600,7527.2,7537.2,7516.2,7529.2,594,19
1630512000,7528.2,7530.2,7502.4,7526.4,1458,10
1630526400,7526.4,7529.4,7501.4,7508.1,560,15
1630540800,7450.8,7509.4,7435.2,7436.2,1218,18
1630555200,7435.2,7473.1,7431.2,7467.1,1491,19
1630569600,7467.1,7493.4,7458.1,7491.1,1238,19
1630584000,7491.1,7494.1,7485.1,7491.1,501,19
1630598400,7492.1,7506.3,7490.3,7505.3,868,15
1630612800,7505.3,7506.3,7490.3,7496.1,767,15
1630627200,7493.4,7520.4,7481.4,7502.4,1126,8
1630641600,7502.4,7537.5,7502.4,7515.5,1709,18
1630656000,7515.4,7527.4,7510.5,7517.5,2360,18
1630670400,7517.5,7518.4,7495.4,7502.4,968,18
1630684800,7502.4,7504.4,7480.4,7493.6,1920,6
1630699200,7493.6,7502.7,7493.6,7495.5,524,15
1630886400,7471.1,7484.6,7432.6,7443.6,982,18
1630900800,7442.6,7510.6,7442.6,7495.6,1461,19
1630915200,7495.6,7536.7,7482.6,7534.7,1250,18
1630929600,7534.7,7537.7,7527.7,7532.7,599,19
1630944000,7532.7,7543.9,7531.7,7537.9,520,15
1630958400,7537.9,7539.9,7522.6,7533.7,302,6
1630972800,7530.0,7536.7,7505.8,7508.8,889,19
1630987200,7507.8,7516.8,7481.8,7513.8,1540,19
1631001600,7513.8,7531.8,7507.8,7518.8,1417,19
1631016000,7518.8,7530.8,7512.8,7530.8,902,14
1631030400,7529.8,7530.8,7508.0,7518.0,1521,15
1631044800,7518.0,7520.0,7502.0,7502.8,730,15
1631059200,7469.2,7508.0,7461.2,7505.0,1185,19
1631073600,7504.0,7515.0,7494.9,7497.0,1293,19
1631088000,7497.0,7511.8,7465.0,7473.0,2270,11
1631102400,7473.0,7508.0,7472.0,7499.0,1437,19
1631116800,7500.0,7512.2,7471.2,7479.2,2405,15
1631131200,7478.2,7488.2,7472.2,7474.0,995,15
1631145600,7445.6,7473.4,7426.4,7430.4,1133,18
1631160000,7430.4,7434.4,7354.4,7359.4,1911,8
1631174400,7360.4,7373.4,7326.4,7369.4,2651,18
1631188800,7369.4,7392.4,7364.4,7387.4,1145,19
1631203200,7387.4,7415.6,7379.4,7394.6,1567,15
1631217600,7394.6,7402.6,7372.6,7386.4,1705,6
1631232000,7380.4,7427.2,7375.0,7397.2,1382,18
1631246400,7396.1,7418.2,7370.1,7408.2,1824,13
1631260800,7408.2,7410.2,7377.4,7399.2,1700,18
1631275200,7400.2,7401.2,7388.2,7397.2,694,19
1631289600,7397.2,7403.4,7366.3,7396.4,2568,15
1631304000,7396.4,7398.4,7357.4,7359.2,836,15
1631491200,7350.5,7424.1,7345.5,7412.1,1121,19
1631505600,7412.1,7432.1,7401.1,7406.1,1418,18
1631520000,7406.1,7444.1,7390.1,7427.1,1651,18
1631534400,7427.1,7449.1,7427.1,7443.1,837,18
1631548800,7444.1,7445.1,7406.3,7419.3,2694,15
1631563200,7419.3,7419.3,7395.2,7414.1,1326,15
1631577600,7404.0,7431.7,7380.8,7402.8,1226,19
1631592000,7403.8,7435.8,7382.8,7421.8,1853,19
1631606400,7421.8,7440.8,7395.8,7413.8,1723,19
1631620800,7414.7,7425.8,7400.8,7419.8,958,19
1631635200,7420.8,7426.0,7394.9,7399.9,1549,15
1631649600,7399.9,7403.9,7382.9,7385.7,866,15
1631664000,7382.8,7414.5,7369.5,7373.5,1193,18
1631678400,7372.5,7422.6,7370.5,7421.6,1900,9
1631692800,7421.6,7422.6,7399.6,7416.5,1832,18
1631707200,7415.6,7421.6,7399.5,7412.6,1108,18
1631721600,7411.6,7427.8,7395.8,7426.8,2914,15
1631736000,7426.8,7447.7,7425.8,7428.6,1124,15
1631750400,7435.5,7453.3,7419.3,7447.3,1037,19
1631764800,7448.3,7482.3,7444.3,7464.3,1409,19
1631779200,7464.3,7473.3,7444.2,7464.3,1455,19
1631793600,7464.3,7466.3,7438.2,7444.2,771,18
1631808000,7444.2,7447.4,7417.4,7426.4,1782,15
1631822400,7425.4,7458.4,7420.4,7441.2,1069,15
1631836800,7440.6,7449.8,7381.0,7391.0,1776,18
1631851200,7390.1,7418.0,7371.0,7371.0,2666,18
1631865600,7371.0,7402.1,7369.6,7394.1,2937,18
1631880000,7394.1,7394.1,7355.1,7372.1,1639,18
1631894400,7372.1,7376.1,7312.3,7340.3,2557,15
1631908800,7340.3,7345.3,7321.3,7322.1,984,15
1632096000,7323.4,7331.1,7292.2,7312.2,1144,19
1632110400,7311.2,7311.2,7219.2,7240.2,2020,19
1632124800,7241.2,7259.2,7198.1,7200.2,3556,19
1632139200,7200.2,7200.2,7119.1,7129.2,2321,19
1632153600,7129.2,7164.4,7106.4,7107.4,4720,15
1632168000,7108.4,7149.4,7090.4,7139.2,2447,15
1632182400,7136.0,7226.8,7127.0,7210.8,1911,19
1632196800,7211.8,7263.8,7196.8,7257.8,1814,14
1632211200,7256.8,7290.8,7245.1,7278.8,2256,11
1632225600,7278.8,7292.8,7274.8,7282.8,1207,18
1632240000,7282.8,7305.9,7256.9,7286.9,3173,15
1632254400,7287.9,7291.9,7240.9,7244.8,1616,15
1632268800,7243.0,7261.7,7213.7,7236.7,2069,18
1632283200,7235.7,7324.7,7231.7,7300.7,3325,18
1632297600,7300.7,7318.8,7280.7,7307.7,2034,19
1632312000,7307.7,7317.7,7301.7,7316.7,677,19
1632326400,7316.7,7333.9,7302.9,7322.9,1505,15
1632340800,7321.9,7329.9,7297.9,7304.7,1476,15
1632355200,7299.7,7361.4,7299.7,7361.4,959,14
1632369600,7361.4,7377.9,7353.4,7363.4,1123,10
1632384000,7363.4,7383.4,7354.4,7371.4,1386,10
1632398400,7371.4,7378.4,7342.4,7342.4,1441,19
1632412800,7341.4,7374.6,7336.4,7366.6,1405,15
1632427200,7366.6,7377.6,7364.6,7376.4,676,15
1632441600,7373.0,7383.7,7348.2,7352.7,1088,12
1632456000,7352.7,7354.7,7321.7,7333.7,1382,19
1632470400,7333.7,7335.7,7273.6,7308.7,1691,12
1632484800,7308.7,7310.7,7291.7,7304.7,1030,19
1632499200,7304.7,7328.9,7302.7,7314.9,1479,15
1632513600,7314.9,7330.9,7307.9,7319.7,532,15
1632700800,7331.0,7387.7,7321.0,7381.7,1121,19
1632715200,7382.7,7409.7,7369.7,7374.7,1287,19
1632729600,7373.7,7399.7,7345.7,7345.7,1391,19
1632744000,7346.7,7350.7,7321.7,7326.7,1101,9
1632758400,7326.7,7341.9,7320.9,7323.9,1620,15
1632772800,7322.9,7339.9,7322.9,7326.7,843,15
1632787200,7327.0,7342.7,7313.7,7329.7,1061,6
1632801600,7329.7,7330.7,7269.7,7279.7,1526,19
1632816000,7278.7,7279.7,7202.7,7226.7,2030,14
1632830400,7226.7,7230.7,7212.7,7217.7,1565,19
1632844800,7216.7,7224.8,7155.0,7158.0,3294,6
1632859200,7158.0,7200.0,7154.0,7171.8,1825,15
1632873600,7177.6,7198.4,7157.4,7191.4,1662,19
1632888000,7191.4,7199.4,7131.4,7196.3,2378,19
1632902400,7195.4,7222.4,7158.4,7213.4,2819,19
1632916800,7213.4,7226.4,7211.4,7219.4,1101,19
1632931200,7220.4,7244.6,7199.6,7217.6,2835,15
1632945600,7217.6,7232.6,7206.6,7215.4,1495,15
1632960000,7215.6,7268.4,7201.6,7245.4,1417,19
1632974400,7244.4,7316.4,7243.4,7313.4,1631,19
1632988800,7313.4,7333.4,7283.1,7303.4,2270,19
1633003200,7304.4,7311.4,7258.4,7258.4,1257,19
1633017600,7257.4,7259.4,7197.5,7206.6,3271,15
1633032000,7207.6,7233.6,7187.6,7197.4,2342,15
1633046400,7198.6,7222.3,7180.0,7191.4,1768,19
1633060800,7192.4,7192.4,7142.3,7182.4,2959,9
1633075200,7182.4,7184.4,7120.6,7138.4,3779,19
1633089600,7139.4,7173.4,7129.4,7162.4,1726,19
1633104000,7162.4,7183.6,7132.5,7166.6,4051,15
1633118400,7167.6,7217.6,7165.5,7197.4,1050,15
1633305600,7265.4,7295.4,7246.4,7253.4,1861,19
1633320000,7253.4,7266.4,7225.4,7257.4,2117,18
1633334400,7256.4,7271.4,7200.3,7226.4,3132,18
1633348800,7227.4,7240.4,7211.4,7230.5,1463,15
1633363200,7230.5,7241.5,7166.5,7175.5,3656,15
1633377600,7175.5,7201.5,7169.5,7196.6,2312,15
1633392000,7198.6,7258.4,7189.6,7192.4,2063,18
1633406400,7192.4,7245.4,7188.4,7222.4,2340,18
1633420800,7220.4,7245.4,7218.4,7244.4,2812,8
1633435200,7245.4,7259.4,7241.4,7250.6,1163,15
1633449600,7249.6,7281.6,7234.6,7272.6,2542,11
1633464000,7272.6,7286.6,7262.6,7269.6,1179,5
1633478400,7270.6,7281.3,7233.4,7248.4,1648,19
1633492800,7247.4,7247.4,7169.4,7187.4,2471,19
1633507200,7186.4,7199.4,7145.4,7153.4,2968,19
1633521600,7152.4,7161.6,7126.4,7152.6,2119,15
1633536000,7152.6,7184.6,7145.6,7169.6,3427,15
1633550400,7169.6,7228.6,7161.5,7215.4,1692,15
1633564800,7216.5,7252.3,7211.3,7249.3,1822,19
1633579200,7250.3,7256.3,7227.3,7247.7,1465,18
1633593600,7246.7,7270.8,7227.6,7242.6,2901,18
1633608000,7242.5,7269.7,7241.5,7265.7,992,9
1633622400,7265.7,7302.7,7260.7,7301.7,1650,9
1633636800,7300.7,7301.7,7277.8,7280.8,1041,15
1633651200,7282.8,7309.6,7251.5,7292.5,2827,18
1633665600,7292.5,7310.5,7292.5,7295.5,3098,18
1633680000,7294.5,7310.5,7284.8,7287.5,3245,18
1633694400,7287.5,7304.7,7277.5,7299.7,1151,15
1633708800,7298.7,7318.7,7294.7,7299.7,1786,15
1633723200,7299.7,7305.7,7278.8,7282.8,862,15
1633910400,7273.6,7275.5,7232.5,7260.5,2898,18
1633924800,7260.5,7289.0,7258.5,7281.0,2677,18
1633939200,7281.0,7292.0,7257.0,7270.0,2162,19
1633953600,7270.0,7276.0,7256.0,7269.0,1239,19
1633968000,7269.0,7305.2,7268.0,7287.2,1499,15
1633982400,7287.2,7287.2,7248.3,7253.3,1423,15
1633996800,7248.2,7321.9,7241.9,7283.9,1847,19
1634011200,7283.9,7285.9,7247.9,7254.9,2027,19
1634025600,7254.9,7273.9,7232.4,7267.9,2390,9
1634040000,7267.9,7277.9,7256.9,7266.1,1370,15
1634054400,7266.1,7299.1,7252.1,7287.1,2565,15
1634068800,7287.1,7302.1,7261.2,7267.2,1299,15
1634083200,7267.4,7285.1,7245.1,7278.1,1522,9
1634097600,7278.1,7280.1,7244.1,7268.1,1469,19
1634112000,7268.1,7280.1,7238.1,7273.1,1611,19
1634126400,7273.1,7285.1,7270.3,7277.3,1078,15
1634140800,7277.3,7288.3,7253.3,7283.3,2131,15
1634155200,7283.3,7306.8,7282.3,7298.4,1384,8
1634169600,7297.6,7329.3,7296.6,7321.3,1358,19
1634184000,7321.3,7352.3,7313.3,7323.3,1373,19
1634198400,7323.3,7331.3,7300.3,7320.3,1637,19
1634212800,7320.3,7333.3,7318.3,7328.5,600,15
1634227200,7328.5,7360.5,7322.5,7359.5,1185,15
1634241600,7360.5,7366.6,7351.5,7364.6,767,15
1634256000,7359.6,7373.8,7327.8,7328.8,1277,19
1634270400,7328.8,7362.8,7313.8,7358.8,1810,19
1634284800,7358.8,7370.1,7343.8,7359.8,1540,19
1634299200,7359.8,7374.0,7353.8,7372.0,645,15
1634313600,7372.0,7380.0,7355.1,7375.0,1168,15
1634328000,7375.0,7386.0,7371.0,7384.1,670,15
1634515200,7377.8,7386.8,7340.8,7379.8,1279,19
1634529600,7379.8,7385.8,7353.8,7353.8,1265,19
1634544000,7354.8,7378.8,7345.8,7355.8,1477,18
1634558400,7355.8,7355.8,7336.0,7337.0,839,15
1634572800,7337.0,7355.0,7329.0,7351.0,1050,14
1634587200,7350.0,7360.0,7346.0,7348.1,594,15
1634601600,7349.1,7397.8,7340.1,7390.8,1184,9
1634616000,7389.8,7397.8,7364.8,7372.8,1318,19
1634630400,7371.8,7387.8,7355.1,7381.8,1253,19
1634644800,7380.8,7403.8,7380.8,7390.0,556,15
1634659200,7389.0,7407.0,7381.0,7407.0,940,15
1634673600,7407.0,7408.0,7396.0,7399.2,498,15
1634688000,7397.1,7442.8,7392.1,7432.8,1112,19
1634702400,7431.8,7439.8,7414.8,7423.8,1310,19
1634716800,7423.8,7425.8,7395.8,7414.8,1344,19
1634731200,7413.8,7417.8,7406.8,7408.0,585,15
1634745600,7409.0,7432.0,7405.0,7425.0,922,15
1634760000,7426.0,7430.0,7405.1,7407.1,770,15
1634774400,7412.1,7423.8,7391.8,7417.8,1374,19
1634788800,7416.8,7440.8,7408.1,7410.1,1414,18
1634803200,7409.1,7413.1,7391.1,7402.1,1671,19
1634817600,7403.1,7407.1,7392.1,7396.3,606,15
1634832000,7396.3,7408.3,7382.3,7397.3,1018,15
1634846400,7397.3,7413.3,7386.4,7390.4,792,15
1634860800,7389.9,7425.6,7365.6,7412.6,1641,19
1634875200,7412.6,7415.6,7389.6,7405.6,1341,19
1634889600,7406.6,7412.6,7391.9,7405.6,1566,19
1634904000,7406.6,7423.6,7403.6,7409.8,631,9
1634918400,7409.8,7431.8,7403.8,7421.8,1319,15
1634932800,7422.8,7439.8,7420.8,7422.7,767,15
1635120000,7420.6,7466.6,7406.6,7460.6,1215,19
1635134400,7460.6,7464.6,7431.6,7439.6,1298,19
1635148800,7440.6,7448.6,7429.6,7440.6,1137,19
1635163200,7440.6,7447.6,7439.6,7442.8,466,15
1635177600,7441.8,7470.8,7437.8,7470.8,1002,15
1635192000,7470.8,7476.8,7444.9,7454.9,763,15
1635206400,7456.8,7465.6,7442.6,7449.6,1134,19
1635220800,7450.6,7458.6,7430.7,7435.7,938,18
1635235200,7434.7,7464.7,7421.9,7460.7,1244,18
1635249600,7460.7,7463.7,7453.8,7458.8,549,15
1635264000,7458.8,7461.8,7433.8,7439.8,1106,15
1635278400,7439.8,7445.8,7432.9,7433.9,1098,15
1635292800,7432.9,7470.7,7415.7,7417.7,1518,18
1635307200,7417.7,7444.7,7408.7,7442.7,1040,18
1635321600,7443.7,7450.7,7431.9,7439.7,1100,18
1635336000,7439.7,7440.7,7425.7,7438.8,838,15
1635350400,7439.8,7443.8,7419.8,7427.8,1129,15
1635364800,7427.8,7436.8,7394.9,7404.9,879,15
1635379200,7405.4,7439.2,7397.1,7423.2,1076,18
1635393600,7424.2,7437.2,7397.2,7418.2,1124,18
1635408000,7418.2,7428.2,7407.4,7420.2,1301,18
1635422400,7420.2,7423.2,7405.3,7412.3,887,15
1635436800,7413.3,7426.3,7403.3,7415.3,1343,15
1635451200,7415.3,7441.3,7415.3,7435.4,958,15
1635465600,7436.1,7439.1,7377.8,7385.9,1399,18
1635480000,7385.9,7387.9,7294.8,7323.9,1619,18
1635494400,7322.9,7334.9,7282.1,7320.9,1972,18
1635508800,7319.9,7334.0,7301.8,7330.0,1159,15
1635523200,7330.0,7367.0,7322.0,7358.0,1216,15
1635537600,7358.0,7378.1,7347.0,7376.1,860,15
1635724800,7380.6,7387.6,7315.6,7364.1,1817,19
1635739200,7362.1,7386.1,7350.1,7377.1,1653,7
1635753600,7377.1,7383.1,7353.1,7381.1,1289,20
1635768000,7382.1,7390.1,7363.6,7363.6,603,12
1635782400,7362.6,7366.8,7343.8,7366.8,1217,16
1635796800,7366.8,7381.8,7354.8,7372.9,858,16
1635811200,7367.9,7392.6,7321.6,7333.6,1096,20
1635825600,7332.6,7355.6,7303.6,7317.6,1791,19
1635840000,7316.7,7358.7,7300.9,7342.7,1442,19
1635854400,7343.7,7364.7,7339.7,7360.7,613,19
1635868800,7361.7,7389.9,7358.7,7388.9,1034,13
1635883200,7388.9,7393.9,7373.3,7377.9,547,15
1635897600,7381.9,7426.7,7365.6,7419.7,997,19
1635912000,7420.7,7430.7,7378.7,7387.7,1018,19
1635926400,7387.7,7397.7,7376.0,7395.7,990,19
1635940800,7394.7,7399.7,7386.7,7394.7,513,19
1635955200,7395.7,7399.9,7380.8,7389.9,1054,15
1635969600,7388.9,7421.9,7379.8,7420.9,1163,6
1635984000,7420.8,7437.4,7396.7,7409.7,1303,19
1635998400,7409.7,7420.7,7396.7,7417.7,1109,19
1636012800,7419.6,7438.7,7412.9,7430.7,966,19
1636027200,7430.7,7436.7,7426.7,7431.7,555,19
1636041600,7432.7,7450.9,7425.9,7431.9,1033,15
1636056000,7431.9,7449.9,7428.8,7432.9,775,15
1636070400,7422.2,7476.0,7422.2,7471.0,956,19
1636084800,7472.0,7476.0,7454.0,7455.0,726,19
1636099200,7454.0,7463.0,7442.0,7455.0,908,19
1636113600,7455.0,7485.0,7455.0,7479.0,830,19
1636128000,7478.0,7488.2,7463.2,7465.2,1116,15
1636142400,7465.2,7480.2,7452.2,7465.2,822,15
1636329600,7462.3,7473.4,7436.3,7441.4,985,19
1636344000,7440.4,7453.4,7428.4,7440.4,1173,19
1636358400,7440.3,7460.4,7437.6,7456.3,1790,18
1636372800,7455.3,7464.3,7453.3,7461.3,574,18
1636387200,7462.3,7471.3,7459.5,7460.5,856,15
1636401600,7460.5,7467.5,7457.5,7460.3,662,15
1636416000,7449.1,7466.1,7428.1,7431.2,1709,18
1636430400,7431.1,7461.1,7430.1,7439.2,2435,18
1636444800,7439.1,7447.2,7420.4,7444.2,1353,18
1636459200,7443.2,7459.2,7443.2,7458.2,413,19
1636473600,7459.2,7463.2,7437.3,7449.4,1557,15
1636488000,7448.4,7455.4,7439.4,7446.1,976,14
1636502400,7436.1,7454.1,7425.1,7446.1,875,19
1636516800,7447.1,7459.1,7407.1,7415.1,981,19
1636531200,7414.1,7457.1,7410.1,7439.1,1035,19
1636545600,7440.1,7445.1,7430.1,7444.1,752,12
1636560000,7444.1,7447.1,7426.3,7444.3,1213,15
1636574400,7444.3,7445.3,7395.3,7410.1,1323,15
1636588800,7407.2,7421.2,7363.2,7364.2,1172,19
1636603200,7364.2,7398.2,7321.2,7370.2,1785,19
1636617600,7369.2,7415.2,7361.2,7412.2,1156,19
1636632000,7412.2,7425.2,7407.2,7412.2,697,19
1636646400,7411.2,7425.4,7399.4,7418.4,927,15
1636660800,7417.4,7423.4,7407.4,7411.2,738,15
1636675200,7412.3,7456.3,7408.3,7446.3,761,19
1636689600,7445.3,7462.3,7438.3,7443.3,825,19
1636704000,7444.3,7449.6,7428.3,7434.3,1029,19
1636718400,7435.3,7441.3,7428.3,7438.3,563,19
1636732800,7438.3,7451.5,7434.5,7447.5,904,15
1636747200,7447.5,7449.5,7436.5,7443.3,589,15
1636934400,7445.5,7473.5,7441.5,7469.5,634,19
1636948800,7470.5,7474.5,7453.5,7461.5,715,19
1636963200,7461.5,7475.5,7452.5,7457.5,862,19
1636977600,7457.5,7460.5,7444.5,7454.5,515,19
1636992000,7453.5,7462.5,7435.7,7441.7,947,15
1637006400,7440.7,7447.7,7428.7,7431.5,694,15
1637020800,7441.6,7446.6,7415.6,7426.7,887,18
1637035200,7426.7,7434.7,7396.7,7407.7,1200,18
1637049600,7408.7,7433.7,7402.9,7424.7,1113,18
1637064000,7424.7,7435.7,7420.7,7425.7,448,18
1637078400,7426.7,7445.9,7419.8,7440.9,1077,15
1637092800,7440.9,7447.9,7427.6,7427.6,493,15
1637107200,7416.6,7432.6,7385.5,7402.6,1389,18
1637121600,7401.6,7402.6,7336.5,7361.6,1602,5
1637136000,7362.6,7395.6,7359.6,7392.6,851,6
1637150400,7391.5,7392.6,7375.5,7376.6,429,18
1637164800,7376.6,7388.8,7360.8,7375.8,826,5
1637179200,7375.8,7377.8,7357.8,7370.5,731,15
1637193600,7368.8,7397.9,7336.8,7381.9,1115,13
1637208000,7381.9,7392.9,7368.8,7379.9,1090,18
1637222400,7379.9,7381.9,7356.1,7368.9,858,18
1637236800,7367.9,7372.9,7357.8,7361.9,467,19
1637251200,7360.9,7369.9,7343.1,7363.1,1045,15
1637265600,7364.1,7375.9,7363.1,7374.8,677,8
1637280000,7372.9,7403.9,7363.8,7379.9,826,18
1637294400,7380.9,7395.9,7372.8,7386.9,1058,18
1637308800,7385.8,7403.9,7384.8,7390.9,895,18
1637323200,7390.9,7396.9,7331.8,7336.9,1953,18
1637337600,7336.9,7355.9,7332.9,7352.0,1824,15
1637352000,7352.0,7363.0,7343.0,7348.8,617,12
1637539200,7354.8,7373.9,7329.8,7372.9,1645,13
1637553600,7373.8,7374.8,7353.8,7353.8,1522,18
1637568000,7352.8,7365.0,7345.8,7363.0,1486,18
1637582400,7362.1,7364.0,7339.0,7342.0,866,13
1637596800,7342.0,7372.2,7330.0,7350.2,1437,15
1637611200,7349.2,7377.2,7339.0,7340.0,1097,15
1637625600,7346.5,7406.5,7341.5,7399.5,1704,18
1637640000,7400.5,7414.5,7385.5,7404.5,2191,18
1637654400,7404.5,7407.6,7356.5,7374.5,3036,16
1637668800,7374.5,7393.5,7365.5,7382.5,1573,6
1637683200,7381.5,7416.7,7378.7,7386.7,1713,15
1637697600,7385.7,7410.7,7379.7,7406.5,1673,15
1637712000,7402.4,7409.4,7375.4,7407.4,1681,18
1637726400,7407.4,7420.4,7385.4,7400.4,1893,18
1637740800,7399.5,7410.4,7387.7,7401.4,1371,18
1637755200,7401.4,7401.4,7366.4,7377.4,1516,19
1637769600,7377.4,7386.6,7352.6,7377.6,2116,15
1637784000,7377.6,7402.6,7374.6,7398.4,886,15
1637798400,7398.3,7408.3,7365.3,7405.3,1682,18
1637812800,7405.3,7408.3,7377.3,7402.4,1324,18
1637827200,7402.3,7408.3,7392.3,7404.3,999,18
1637841600,7404.3,7408.3,7393.3,7399.3,510,18
1637856000,7398.3,7409.5,7390.3,7405.5,470,15
1637870400,7406.5,7408.5,7398.5,7405.3,281,15
1637884800,7395.4,7399.4,7348.4,7353.5,1978,18
1637899200,7353.4,7357.4,7255.4,7275.5,3940,18
1637913600,7275.4,7282.7,7178.5,7225.5,5989,18
1637928000,7225.5,7240.7,7205.5,7222.7,3605,18
1637942400,7222.7,7234.9,7183.9,7191.9,3265,15
1637956800,7191.9,7219.9,7150.9,7164.7,1260,15
1638144000,7196.8,7264.8,7184.8,7258.8,2521,19
1638158400,7258.8,7277.8,7235.8,7249.8,2254,19
1638172800,7248.8,7252.8,7204.8,7214.8,3435,19
1638187200,7213.8,7237.8,7209.8,7232.8,2054,19
1638201600,7231.8,7257.8,7217.0,7243.0,2487,15
1638216000,7243.0,7270.0,7243.0,7252.8,1211,15
1638230400,7271.8,7328.8,7269.8,7315.8,1314,19
1638244800,7316.8,7333.8,7283.8,7287.8,1568,9
1638259200,7287.8,7288.8,7124.6,7188.8,4834,19
1638273600,7187.8,7216.8,7164.8,7197.8,2975,19
1638288000,7197.8,7246.0,7185.0,7194.0,4163,15
1638302400,7193.0,7211.0,7176.0,7196.8,2964,15
1638316800,7216.6,7263.6,7181.6,7188.6,1926,19
1638331200,7187.6,7245.6,7176.6,7241.6,1748,19
1638345600,7241.6,7252.6,7214.0,7240.6,2472,19
1638360000,7240.6,7268.6,7237.6,7261.6,1617,19
1638374400,7261.6,7288.9,7239.8,7268.9,2124,15
1638388800,7268.9,7286.9,7158.7,7159.6,3713,15
1638403200,7151.9,7205.0,7151.0,7190.0,1240,18
1638417600,7190.0,7237.0,7187.0,7225.0,1938,18
1638432000,7223.9,7235.0,7198.0,7213.0,2927,18
1638446400,7213.0,7237.0,7199.0,7214.0,2586,19
1638460800,7214.0,7267.2,7195.0,7264.2,4950,11
1638475200,7265.2,7289.2,7251.1,7270.1,3169,15
1638489600,7268.0,7287.0,7223.1,7232.1,1562,17
1638504000,7231.1,7251.1,7206.1,7239.1,1868,18
1638518400,7240.1,7281.1,7237.1,7272.1,1941,18
1638532800,7273.1,7280.1,7252.1,7278.1,1434,18
1638547200,7278.1,7299.3,7201.3,7202.3,4491,15
1638561600,7203.3,7258.3,7197.3,7249.0,2631,15
1638748800,7238.1,7256.1,7213.0,7225.1,1804,18
1638763200,7227.1,7260.1,7206.1,7253.1,1760,18
1638777600,7254.1,7297.0,7240.1,7258.5,3039,18
1638792000,7258.5,7270.6,7238.5,7259.5,1745,18
1638806400,7260.5,7314.7,7258.7,7297.5,3272,7
1638820800,7298.5,7328.5,7297.5,7310.3,1873,15
1638835200,7309.4,7316.4,7269.4,7278.4,1134,18
1638849600,7277.4,7329.4,7270.4,7321.4,1789,18
1638864000,7322.4,7353.4,7305.4,7351.4,2015,18
1638878400,7351.4,7369.4,7339.4,7344.4,956,18
1638892800,7344.4,7398.5,7334.4,7392.5,1439,15
1638907200,7392.5,7396.5,7362.5,7379.3,962,15
1638921600,7380.4,7392.4,7354.4,7381.4,1141,18
1638936000,7380.4,7448.4,7364.4,7422.4,1458,18
1638950400,7422.4,7430.8,7399.4,7429.8,1591,18
1638964800,7428.8,7431.8,7396.8,7407.8,1654,19
1638979200,7407.8,7411.8,7371.0,7379.0,1668,15
1638993600,7379.0,7391.0,7373.0,7389.8,826,15
1639008000,7388.8,7409.8,7377.8,7388.8,700,13
1639022400,7387.8,7421.8,7382.8,7395.8,1060,19
1639036800,7394.8,7400.8,7367.6,7377.9,1248,18
1639051200,7377.9,7380.9,7367.8,7372.9,921,18
1639065600,7372.9,7380.5,7360.5,7364.5,1398,15
1639080000,7364.5,7377.5,7359.5,7367.3,1180,15
1639094400,7355.4,7372.4,7350.3,7353.4,841,15
1639108800,7354.4,7365.4,7337.4,7358.4,973,18
1639123200,7359.4,7365.4,7334.0,7355.5,1385,18
1639137600,7355.5,7375.4,7348.5,7371.4,689,18
1639152000,7371.4,7387.4,7345.6,7360.6,1990,15
1639166400,7360.6,7371.6,7355.6,7367.4,794,15
1639353600,7373.4,7413.4,7370.4,7410.4,1420,18
1639368000,7410.5,7422.4,7392.1,7406.6,1265,18
1639382400,7406.6,7408.6,7377.4,7400.6,1175,19
1639396800,7399.6,7415.6,7391.6,7394.6,682,19
1639411200,7394.6,7397.6,7348.8,7355.8,2061,15
1639425600,7355.8,7366.8,7337.8,7343.6,1322,15
1639440000,7341.6,7378.7,7341.6,7372.7,1091,19
1639454400,7372.7,7400.7,7363.7,7392.7,1141,19
1639468800,7392.6,7393.7,7372.4,7382.7,1272,17
1639483200,7383.7,7389.7,7360.3,7369.4,1180,19
1639497600,7368.4,7373.4,7323.5,7327.6,2465,15
1639512000,7326.6,7360.5,7317.6,7342.3,994,15
1639526400,7352.3,7370.3,7333.3,7337.3,1296,19
1639540800,7336.3,7342.3,7306.3,7322.4,1776,18
1639555200,7323.3,7332.4,7307.3,7324.9,1539,18
1639569600,7324.9,7327.9,7314.8,7317.9,679,18
1639584000,7316.9,7320.9,7290.1,7297.1,1710,15
1639598400,7297.1,7356.1,7287.1,7352.8,2961,15
1639612800,7350.7,7354.7,7298.8,7320.8,1761,18
1639627200,7320.8,7323.8,7282.7,7310.8,1615,18
1639641600,7311.8,7336.8,7291.8,7327.8,1470,18
1639656000,7326.8,7345.8,7314.8,7332.8,851,18
1639670400,7332.8,7351.0,7315.8,7327.0,2302,15
1639684800,7327.0,7330.0,7297.0,7309.7,2398,15
1639699200,7322.4,7351.5,7317.4,7339.4,1410,12
1639713600,7340.4,7360.4,7313.4,7328.4,1099,19
1639728000,7327.4,7337.5,7300.4,7323.4,1796,17
1639742400,7323.4,7330.5,7303.4,7309.5,1621,14
1639756800,7309.5,7335.7,7283.7,7305.7,3258,5
1639771200,7304.7,7334.7,7272.4,7273.4,1424,13
1639958400,7296.5,7307.6,7263.6,7285.6,1684,15
1639972800,7285.6,7307.5,7275.5,7291.5,1734,19
1639987200,7290.4,7304.5,7253.5,7258.5,2888,19
1640001600,7257.5,7303.5,7247.5,7289.5,2050,19
1640016000,7290.5,7297.5,7258.7,7275.7,3391,7
1640030400,7274.7,7308.7,7265.7,7302.4,2311,15
1640044800,7304.7,7325.7,7301.7,7318.7,850,19
1640059200,7318.7,7368.7,7314.7,7364.7,1144,9
1640073600,7364.7,7376.4,7337.6,7347.7,1460,5
1640088000,7347.7,7355.7,7334.6,7352.7,1011,15
1640102400,7351.7,7376.9,7336.8,7370.9,2239,15
1640116800,7369.9,7381.9,7358.8,7372.6,1176,15
1640131200,7371.5,7378.5,7338.5,7339.5,828,19
1640145600,7337.5,7375.5,7335.5,7365.5,1057,19
1640160000,7366.5,7382.5,7340.5,7349.5,1051,5
1640174400,7348.5,7365.5,7341.5,7360.5,662,19
1640188800,7361.5,7393.7,7346.5,7392.7,1464,15
1640203200,7392.7,7413.7,7390.7,7412.4,924,15
1640217600,7394.3,7415.3,7380.3,7393.3,691,19
1640232000,7391.3,7407.3,7379.2,7385.2,1380,9
1640246400,7384.2,7408.3,7384.2,7408.2,1945,18
1640260800,7407.2,7414.2,7398.2,7410.2,639,18
1640275200,7410.2,7447.4,7403.2,7446.4,910,15
1640289600,7445.4,7451.4,7432.4,7441.2,578,15
1640304000,7445.2,7446.2,7425.2,7434.3,826,18
1640318400,7434.3,7444.3,7416.2,7430.2,998,18
1640736000,7506.2,7517.3,7492.2,7498.2,792,18
1640750400,7498.3,7533.2,7495.2,7524.2,2249,18
1640764800,7525.2,7541.3,7512.2,7531.3,1718,18
1640779200,7531.2,7545.2,7530.2,7533.2,626,18
1640793600,7533.2,7546.4,7521.4,7529.4,1433,15
1640808000,7530.4,7537.4,7518.2,7518.2,758,15
1640822400,7529.1,7533.1,7510.1,7522.1,680,19
1640836800,7522.1,7526.1,7507.1,7523.1,606,19
1640851200,7523.1,7530.1,7513.1,7518.1,1006,19
1640865600,7518.1,7529.1,7515.1,7519.1,602,19
1640880000,7520.1,7549.3,7519.1,7539.3,977,15
1640894400,7540.3,7552.3,7515.3,7521.1,562,15
1640923200,7470.8,7488.8,7424.8,7438.8,1048,20
1641254400,7496.9,7551.9,7489.8,7548.9,1600,18
1641268800,7548.9,7604.8,7544.8,7604.8,2558,18
1641283200,7604.9,7641.8,7591.8,7636.9,2322,18
1641297600,7636.9,7640.9,7624.8,7636.9,1480,18
1641312000,7636.9,7655.0,7625.0,7635.0,3896,14
1641326400,7634.0,7636.0,7604.0,7604.8,2764,14
1641340800,7621.8,7629.8,7567.8,7572.8,1656,18
1641355200,7573.8,7587.8,7564.8,7567.8,1631,18
1641369600,7566.8,7589.8,7555.8,7581.8,1314,18
1641384000,7582.8,7592.8,7574.8,7581.8,765,19
1641398400,7581.8,7589.0,7573.0,7579.0,1605,15
1641412800,7578.0,7586.0,7511.0,7511.8,1901,15
1641427200,7504.8,7512.8,7477.8,7479.8,1751,18
1641441600,7480.8,7483.8,7338.8,7363.8,4053,18
1641456000,7362.8,7435.8,7340.6,7433.8,2552,8
1641470400,7434.8,7450.8,7424.8,7445.8,1512,19
1641484800,7445.8,7466.0,7403.0,7446.0,2561,15
1641499200,7446.0,7468.0,7424.0,7428.8,1267,15
1641513600,7440.7,7484.8,7421.7,7480.7,1840,18
1641528000,7480.7,7488.7,7443.7,7450.7,2357,18
1641542400,7451.7,7461.8,7435.7,7448.7,3257,18
1641556800,7448.7,7461.7,7443.7,7445.7,1411,18
1641571200,7445.7,7452.7,7398.9,7431.9,2665,15
1641585600,7431.9,7446.9,7423.9,7440.7,1052,15
1641772800,7450.2,7453.2,7405.2,7448.2,1130,19
1641787200,7447.2,7455.2,7427.2,7445.2,1103,10
1641801600,7445.2,7448.2,7400.2,7412.2,1597,19
1641816000,7412.2,7424.2,7386.2,7386.2,1376,19
1641830400,7387.2,7398.4,7327.4,7362.4,2641,15
1641844800,7362.4,7398.4,7341.4,7395.2,2499,7
1641859200,7405.1,7431.1,7390.1,7414.1,1212,19
1641873600,7415.1,7421.1,7377.1,7386.1,1488,19
1641888000,7384.1,7404.1,7374.9,7397.1,1722,19
1641902400,7398.1,7416.1,7396.1,7400.1,1123,19
1641916800,7400.1,7427.3,7373.3,7425.3,2936,15
1641931200,7426.3,7454.3,7423.3,7447.1,1127,15
1641945600,7450.1,7468.1,7438.1,7447.1,891,12
1641960000,7446.1,7447.1,7419.1,7433.1,1315,19
1641974400,7433.1,7454.1,7424.1,7431.1,1148,19
1641988800,7431.1,7446.1,7430.1,7436.1,641,19
1642003200,7436.1,7450.3,7420.3,7443.3,2249,15
1642017600,7442.3,7453.3,7429.3,7440.1,1674,15
1642032000,7453.5,7479.5,7442.5,7474.5,980,19
1642046400,7475.5,7481.5,7449.5,7463.5,1183,19
1642060800,7463.5,7471.5,7444.5,7445.5,1293,19
1642075200,7444.5,7460.5,7439.5,7458.5,669,19
1642089600,7459.5,7476.5,7436.7,7457.7,1977,15
1642104000,7457.7,7458.7,7408.7,7415.5,2417,15
1642118400,7424.4,7433.5,7390.5,7404.5,1247,7
1642132800,7405.5,7410.5,7378.5,7386.5,1658,9
1642147200,7386.5,7412.5,7379.5,7403.5,1770,19
1642161600,7403.5,7415.5,7379.4,7379.5,1527,19
1642176000,7380.5,7407.7,7372.4,7390.7,3792,15
1642190400,7389.6,7425.7,7371.7,7413.4,1563,13
1642377600,7405.6,7414.6,7374.6,7396.6,1379,6
1642392000,7395.6,7424.7,7384.6,7418.7,1395,19
1642406400,7417.7,7423.7,7397.4,7420.7,1210,5
1642420800,7420.7,7430.7,7416.7,7429.7,737,19
1642435200,7428.7,7435.9,7421.9,7433.9,595,15
1642449600,7433.9,7436.9,7429.7,7429.7,284,15
1642464000,7427.7,7440.7,7407.7,7434.7,963,19
1642478400,7435.7,7439.7,7388.7,7397.7,1768,19
1642492800,7396.7,7408.6,7361.6,7367.7,1827,4
1642507200,7368.7,7371.7,7344.7,7370.7,1587,5
1642521600,7370.7,7375.7,7337.8,7353.9,3109,13
1642536000,7352.9,7354.9,7321.8,7338.6,2449,15
1642550400,7346.8,7354.8,7324.8,7343.8,1206,19
1642564800,7344.8,7377.8,7315.8,7320.8,2448,19
1642579200,7319.8,7335.8,7295.5,7335.8,2541,19
1642593600,7334.8,7353.8,7331.8,7349.8,1209,14
1642608000,7349.8,7359.8,7294.9,7336.0,3252,15
1642622400,7336.0,7354.0,7314.0,7323.7,2352,15
1642636800,7312.7,7320.7,7284.7,7305.7,1653,19
1642651200,7305.7,7339.7,7287.7,7337.7,2020,19
1642665600,7336.7,7350.7,7314.7,7321.7,1810,19
1642680000,7321.7,7333.7,7307.7,7325.7,1283,19
1642694400,7324.7,7344.9,7315.8,7333.9,2195,15
1642708800,7334.9,7337.9,7264.8,7268.6,2732,15
1642723200,7261.5,7274.4,7202.4,7207.4,1773,19
1642737600,7207.4,7237.4,7140.3,7163.4,3336,8
1642752000,7162.4,7207.4,7142.1,7207.4,2547,8
1642766400,7206.4,7217.4,7178.4,7183.4,2014,8
1642780800,7184.4,7195.6,7125.6,7161.6,4781,15
1642795200,7161.6,7168.6,7089.3,7089.3,1478,6
1642982400,7105.4,7148.5,7081.4,7108.5,2393,19
1642996800,7109.5,7151.5,7106.4,7135.5,2177,19
1643011200,7135.5,7156.5,7118.5,7118.5,2068,9
1643025600,7119.5,7124.5,7046.5,7046.5,3231,7
1643040000,7047.5,7048.5,6884.7,6916.7,8919,5
1643054400,6915.7,7053.7,6859.7,7049.4,8664,11
1643068800,7077.5,7083.5,6953.5,6961.5,2936,18
1643083200,6962.5,6971.5,6910.4,6940.5,4656,18
1643097600,6940.5,6993.5,6918.5,6947.5,4713,18
1643112000,6948.5,6994.5,6939.5,6968.5,3464,18
1643126400,6969.5,6979.7,6899.7,6953.7,7151,15
1643140800,6953.7,7048.7,6950.7,7006.5,5149,15
1643184000,7021.4,7062.4,7007.4,7050.4,1426,4
1643198400,7049.4,7074.4,7047.4,7072.4,483,19
1643241600,7007.4,7009.4,6898.4,6898.4,1539,18
1643256000,6898.4,6905.4,6748.4,6829.4,6075,18
1643270400,6830.4,6899.4,6792.4,6893.4,4601,18
1643284800,6893.4,6926.4,6879.4,6921.4,3168,18
1643299200,6922.4,6997.6,6920.4,6992.6,5740,13
1643313600,6992.6,6993.6,6893.5,6899.3,5379,15
1643328000,6922.6,6965.6,6826.5,6905.5,3462,18
1643342400,6905.5,7001.5,6879.5,6985.5,6276,18
1643356800,6984.5,7020.5,6934.5,6945.5,4177,5
1643371200,6945.5,6949.5,6851.5,6866.5,4007,18
1643385600,6867.5,6940.7,6862.5,6916.7,7025,15
1643400000,6915.7,6984.4,6881.7,6984.4,2958,15
1643587200,6968.4,6982.5,6920.4,6965.5,2438,17
1643601600,6964.5,6998.5,6941.5,6976.5,2323,16
1643616000,6973.5,6979.5,6940.4,6949.5,2368,18
1643630400,6949.5,6953.5,6903.4,6926.5,2455,18
1643644800,6927.5,6975.6,6906.7,6970.7,3905,5
1643659200,6970.7,7001.7,6959.7,6987.4,2378,5
1643673600,6990.2,7015.2,6935.1,7014.1,2565,18
1643688000,7013.1,7038.2,6970.1,7015.1,4345,18
1643702400,7015.1,7027.1,6983.1,7020.1,3149,18
1643716800,7020.2,7023.1,6992.1,7011.1,2179,16
1643731200,7011.1,7037.3,6987.3,7034.3,3449,15
1643745600,7034.3,7056.3,7017.3,7052.1,1997,15
1643760000,7057.8,7093.8,7045.8,7086.8,1353,18
1643774400,7085.8,7102.8,7067.8,7080.8,1344,18
1643788800,7079.8,7087.8,7064.5,7072.8,1400,18
1643803200,7071.8,7089.8,7063.8,7068.8,1036,18
1643817600,7068.8,7080.9,7050.9,7066.9,2829,15
1643832000,7065.9,7088.9,7063.9,7075.7,1934,15
1643846400,7060.7,7073.7,7036.7,7064.7,1574,18
1643860800,7064.7,7071.7,7039.7,7064.7,1557,18
1643875200,7063.7,7074.7,7053.7,7063.7,1378,18
1643889600,7062.7,7066.7,7043.7,7050.7,1375,18
1643904000,7049.7,7050.7,7003.8,7017.8,3872,15
1643918400,7018.8,7023.8,6991.7,6992.6,2309,15
1643932800,7037.7,7103.7,7036.6,7079.7,1653,18
1643947200,7079.7,7094.7,7037.7,7093.7,1879,18
1643961600,7092.7,7134.7,7092.7,7102.7,1928,7
1643976000,7101.6,7107.7,7040.6,7061.7,2574,14
1643990400,7060.7,7085.8,7019.8,7050.8,4596,5
1644004800,7051.8,7101.8,7047.8,7080.6,1419,15
1644192000,7070.2,7092.2,7034.2,7083.2,1835,18
1644206400,7084.2,7119.2,7075.1,7101.2,2076,18
1644220800,7101.2,7107.9,7063.2,7075.2,2359,12
1644235200,7075.2,7097.2,7059.2,7091.2,2309,14
1644249600,7091.2,7111.4,7076.4,7090.4,3266,12
1644264000,7089.4,7118.4,7077.4,7090.1,2491,15
1644278400,7097.3,7193.3,7093.3,7186.3,1399,9
1644292800,7186.3,7195.3,7155.3,7190.3,1913,18
1644307200,7190.3,7190.3,7160.3,7174.3,2119,18
1644321600,7174.3,7195.3,7158.3,7166.3,1815,18
1644336000,7166.3,7174.3,7141.5,7171.5,2894,5
1644350400,7172.5,7204.5,7157.5,7192.2,1982,15
1644364800,7220.1,7234.1,7175.1,7191.1,1420,19
1644379200,7190.1,7252.0,7180.1,7246.0,2012,9
1644393600,7245.0,7264.0,7221.0,7240.0,1796,19
1644408000,7239.0,7257.0,7236.0,7252.0,957,19
1644422400,7252.0,7277.2,7245.2,7258.2,1965,13
1644436800,7257.2,7281.2,7252.2,7280.9,1290,15
1644451200,7296.0,7333.0,7274.0,7275.0,1622,18
1644465600,7275.0,7289.0,7257.9,7280.0,1864,18
1644480000,7280.0,7295.0,7263.7,7278.0,1521,18
1644494400,7278.0,7292.0,7274.0,7291.0,943,19
1644508800,7291.0,7304.2,7244.9,7281.2,4167,13
1644523200,7282.2,7286.2,7209.2,7215.9,3886,15
1644537600,7223.2,7249.2,7176.1,7203.2,1566,19
1644552000,7203.1,7237.2,7195.2,7210.2,1889,19
1644566400,7209.2,7231.2,7185.9,7206.2,2222,19
1644580800,7206.2,7227.2,7199.2,7221.2,1520,19
1644595200,7221.2,7248.4,7216.3,7223.4,3412,15
1644609600,7222.4,7230.4,7151.4,7161.1,2063,10
1644796800,7178.6,7244.6,7173.6,7228.6,2272,18
1644811200,7228.6,7255.6,7204.6,7223.6,2625,18
1644825600,7222.6,7234.6,7155.6,7157.6,3575,18
1644840000,7157.6,7240.6,7147.5,7222.6,3983,18
1644854400,7222.6,7230.6,7139.8,7164.7,5520,5
1644868800,7164.7,7173.7,7125.7,7165.5,4022,14
1644883200,7196.4,7219.4,7180.4,7204.5,2656,18
1644897600,7205.4,7223.4,7185.4,7198.4,4264,18
1644912000,7197.4,7247.5,7173.5,7230.5,5215,18
1644926400,7229.4,7252.4,7215.4,7244.4,2495,13
1644940800,7244.4,7252.7,7212.6,7249.7,2526,5
1644955200,7249.7,7263.7,7230.7,7258.4,1965,15
1644969600,7261.0,7268.0,7202.9,7235.9,2266,18
1644984000,7235.9,7280.9,7221.9,7277.9,3033,18
1644998400,7277.9,7297.9,7270.9,7285.9,3349,18
1645012800,7286.9,7294.9,7255.9,7260.9,2111,18
1645027200,7261.9,7267.9,7246.9,7264.1,2272,15
1645041600,7263.1,7298.1,7252.1,7288.9,2367,15
1645056000,7307.6,7337.6,7293.6,7325.6,1777,19
1645070400,7325.6,7352.6,7276.6,7280.6,2380,19
1645084800,7279.6,7298.6,7267.7,7276.7,3105,18
1645099200,7276.7,7292.7,7265.7,7292.7,1615,19
1645113600,7292.7,7297.7,7234.8,7253.9,3337,6
1645128000,7253.9,7258.9,7212.9,7215.6,1984,5
1645142400,7214.8,7240.8,7195.8,7217.8,1679,13
1645156800,7217.8,7259.9,7211.8,7232.9,2491,13
1645171200,7232.9,7236.9,7213.6,7216.9,2284,19
1645185600,7216.9,7229.9,7209.8,7228.9,1153,19
1645200000,7227.9,7231.9,7173.1,7175.1,3820,7
1645214400,7175.1,7212.1,7169.1,7175.8,1580,15
1645401600,7164.1,7203.1,7145.1,7202.1,2580,19
1645416000,7203.1,7243.0,7191.1,7228.0,2536,19
1645430400,7228.0,7258.5,7221.7,7232.4,3720,18
1645444800,7232.4,7232.5,7176.4,7188.4,2692,18
1645459200,7188.4,7213.6,7163.4,7196.6,3415,15
1645473600,7195.6,7206.6,7159.6,7166.4,1085,6
1645488000,7147.1,7178.1,7126.1,7169.1,2775,19
1645502400,7170.1,7180.1,7104.1,7138.1,2633,19
1645516800,7137.1,7173.1,7125.1,7172.1,4197,19
1645531200,7173.1,7228.1,7157.1,7212.1,3771,9
1645545600,7213.1,7222.3,7171.3,7178.3,4048,8
1645560000,7178.3,7193.3,7129.3,7155.1,4561,13
1645574400,7147.7,7196.7,7137.7,7173.7,1713,19
1645588800,7175.7,7197.7,7164.7,7191.7,2089,19
1645603200,7189.7,7207.7,7178.7,7207.7,1854,8
1645617600,7208.7,7209.7,7177.7,7192.7,1668,19
1645632000,7191.7,7197.7,7123.9,7142.9,3633,15
1645646400,7142.9,7150.9,7094.9,7104.7,3714,15
1645660800,7066.8,7087.3,7013.3,7013.3,3046,18
1645675200,7013.3,7030.3,6951.3,6991.3,7011,18
1645689600,6991.3,6998.3,6934.2,6992.3,7634,18
1645704000,6991.3,7006.3,6939.2,6950.3,5672,14
1645718400,6950.3,6998.5,6930.3,6980.5,8018,7
1645732800,6980.5,7070.5,6952.5,7060.2,6096,12
1645747200,7064.2,7064.2,6991.2,6994.2,2954,18
1645761600,6995.2,7021.2,6966.2,6985.2,3561,18
1645776000,6985.2,6998.2,6952.2,6956.2,4126,12
1645790400,6957.2,7039.2,6949.2,7026.2,4169,9
1645804800,7025.2,7096.4,7015.2,7095.4,4987,11
1645819200,7095.4,7153.2,7091.4,7149.1,1592,15
1646006400,7037.5,7047.6,6972.5,7013.6,3147,18
1646020800,7012.6,7046.6,7001.6,7020.6,3565,18
1646035200,7020.6,7087.5,7018.6,7058.5,4664,18
1646049600,7058.5,7104.5,7053.5,7091.5,2907,9
1646064000,7090.5,7134.7,7055.5,7121.7,4635,15
1646078400,7120.7,7125.7,7049.7,7072.4,3242,15
1646092800,7088.1,7142.1,7086.1,7132.1,1717,18
1646107200,7132.1,7155.1,7084.1,7092.1,2286,18
1646121600,7092.1,7126.1,7066.8,7091.1,3189,14
1646136000,7091.1,7096.1,7026.1,7045.1,2727,13
1646150400,7045.1,7087.2,7003.2,7006.2,4285,5
1646164800,7005.2,7024.2,6984.2,7017.0,4604,15
1646179200,7033.3,7108.4,7028.3,7104.3,3259,12
1646193600,7105.3,7116.3,7085.3,7102.4,5548,18
1646208000,7101.3,7121.3,7082.3,7103.3,5416,18
1646222400,7103.4,7145.3,7097.3,7123.3,3316,13
1646236800,7124.3,7182.5,7104.3,7163.5,4789,15
1646251200,7162.5,7195.3,7155.5,7186.3,2835,15
1646265600,7171.4,7193.4,7150.4,7163.4,1800,18
1646280000,7163.3,7179.4,7146.4,7155.4,2074,18
1646294400,7154.4,7163.4,7121.4,7138.4,2256,18
1646308800,7138.4,7142.4,7117.4,7126.4,2186,18
1646323200,7126.4,7167.4,7070.5,7081.5,3430,5
1646337600,7081.5,7112.5,7066.5,7084.3,3493,15
1646352000,7104.5,7121.5,7022.5,7032.5,2746,18
1646366400,7032.5,7099.5,7015.5,7085.5,5404,18
1646380800,7084.5,7137.6,7079.5,7080.5,3453,10
1646395200,7080.5,7097.5,7047.5,7065.5,3234,14
1646409600,7066.5,7086.6,7031.6,7050.6,4116,14
1646424000,7051.6,7146.6,7045.6,7135.4,1733,6
1646611200,7121.3,7131.3,7033.3,7051.3,2455,9
1646625600,7051.3,7058.3,7001.4,7021.3,5398,18
1646640000,7018.3,7046.3,6983.6,7014.6,4577,5
1646654400,7015.6,7072.6,6998.6,7053.6,4330,6
1646668800,7054.6,7088.6,7028.8,7042.8,5032,9
1646683200,7041.8,7064.8,7007.8,7034.6,4504,15
1646697600,7016.6,7052.6,7001.6,7034.6,2112,6
1646712000,7034.6,7045.6,6978.6,6978.6,2921,19
1646726400,6976.6,7003.6,6920.6,6984.6,4875,7
1646740800,6985.6,7009.6,6954.6,6974.6,3522,14
1646755200,6973.6,7003.8,6911.8,6989.8,5440,10
1646769600,6991.8,7061.8,6960.6,6960.6,4076,15
1646784000,6973.9,7043.9,6963.9,7030.9,1938,18
1646798400,7029.9,7070.9,7024.8,7052.9,2972,18
1646812800,7051.8,7072.9,6995.2,7047.9,4302,18
1646827200,7047.9,7086.9,7044.8,7082.9,2974,18
1646841600,7082.9,7109.9,7061.0,7102.0,4434,7
1646856000,7102.0,7107.0,7049.0,7069.8,2911,14
1646870400,7061.1,7128.0,7055.1,7107.1,2604,18
1646884800,7107.1,7162.1,7104.1,7126.1,2523,18
1646899200,7127.1,7144.8,7086.0,7095.1,3371,11
1646913600,7096.1,7128.1,7078.1,7080.1,3921,14
1646928000,7079.1,7124.2,7066.2,7085.2,4246,15
1646942400,7085.2,7125.2,7075.2,7090.1,2883,15
1646956800,7112.8,7147.9,7089.8,7099.9,2051,18
1646971200,7099.9,7101.9,7044.9,7053.9,3113,18
1646985600,7052.8,7116.6,7041.8,7080.9,3390,18
1647000000,7079.9,7181.8,7079.9,7134.9,3701,18
1647014400,7133.9,7142.9,7090.0,7094.0,3827,15
1647028800,7094.0,7107.0,7066.0,7072.8,1011,15
1647216000,7092.7,7148.7,7092.7,7137.7,1791,11
1647230400,7139.6,7147.7,7124.7,7131.7,1842,6
1647244800,7131.7,7166.7,7107.5,7137.6,3230,14
1647259200,7137.6,7166.6,7123.6,7141.6,2743,6
1647273600,7140.6,7164.8,7102.8,7102.8,3431,15
1647288000,7102.8,7117.4,7061.8,7090.4,2296,15
1647302400,7089.2,7113.4,7075.4,7106.5,2419,18
1647316800,7106.4,7113.4,7078.4,7097.5,4075,18
1647331200,7097.4,7104.2,7036.4,7038.4,3388,12
1647345600,7038.4,7110.4,7032.4,7101.4,2611,14
1647360000,7101.4,7148.6,7081.6,7111.8,3034,5
1647374400,7111.8,7144.6,7092.6,7131.3,1203,14
1647388800,7133.2,7172.1,7117.1,7170.1,1566,16
1647403200,7170.1,7177.1,7146.1,7160.1,1493,9
1647417600,7160.1,7232.1,7160.1,7224.1,3655,19
1647432000,7224.1,7239.1,7219.1,7227.1,1695,19
1647446400,7227.1,7266.3,7217.1,7235.3,3320,14
1647460800,7236.3,7290.6,7188.3,7281.6,3344,9
1647475200,7284.9,7303.9,7262.9,7283.9,2088,20
1647489600,7284.9,7299.3,7212.3,7254.1,4284,4
1647504000,7256.1,7267.1,7229.1,7255.1,2277,19
1647518400,7255.1,7257.1,7225.1,7235.1,1740,19
1647532800,7235.1,7284.3,7228.3,7282.3,2559,15
1647547200,7282.3,7294.3,7259.9,7279.2,1653,15
1647561600,7281.6,7282.6,7243.0,7261.0,1973,19
1647576000,7263.0,7279.0,7259.0,7259.0,1819,9
1647590400,7258.0,7322.0,7247.0,7300.0,2412,9
1647604800,7300.0,7306.0,7270.0,7277.0,1613,19
1647619200,7276.0,7333.2,7274.0,7331.2,2311,15
1647633600,7331.2,7362.8,7330.2,7361.8,941,15
1647820800,7342.0,7349.0,7304.0,7322.0,955,19
1647835200,7322.0,7325.0,7275.0,7284.0,1282,19
1647849600,7284.0,7307.0,7249.8,7302.0,1692,19
1647864000,7302.0,7325.0,7294.0,7321.0,1005,19
1647878400,7321.0,7369.2,7319.0,7341.2,2587,15
1647892800,7341.2,7355.2,7325.2,7350.8,2124,15
1647907200,7347.9,7368.1,7337.1,7355.1,1391,19
1647921600,7355.1,7376.1,7345.1,7347.1,1273,9
1647936000,7347.1,7375.1,7334.1,7368.1,1539,19
1647950400,7368.1,7379.1,7357.1,7364.1,599,19
1647964800,7364.1,7386.3,7354.3,7375.3,1697,14
1647979200,7375.3,7382.3,7366.3,7368.9,1159,15
1647993600,7369.6,7382.7,7358.8,7372.8,1312,19
1648008000,7372.8,7383.8,7353.8,7382.8,1238,19
1648022400,7382.8,7390.8,7361.8,7368.8,1223,9
1648036800,7369.8,7372.8,7345.8,7348.8,950,19
1648051200,7347.8,7368.0,7337.0,7348.0,1833,15
1648065600,7348.0,7350.0,7317.6,7333.6,1547,13
1648080000,7330.4,7385.6,7323.6,7380.6,1372,19
1648094400,7379.6,7393.6,7369.6,7391.6,1357,19
1648108800,7390.6,7398.4,7369.6,7382.7,1428,15
1648123200,7381.7,7391.7,7367.7,7373.7,1172,19
1648137600,7373.7,7405.8,7363.8,7395.8,2197,14
1648152000,7396.8,7419.8,7395.8,7413.4,1306,16
1648166400,7413.4,7418.6,7386.6,7412.6,1225,7
1648180800,7413.6,7428.6,7400.6,7414.6,1444,20
1648195200,7415.6,7416.6,7390.4,7395.6,2282,19
1648209600,7395.6,7429.6,7390.6,7419.6,863,19
1648224000,7419.6,7432.8,7393.8,7413.8,1876,6
1648238400,7413.8,7447.8,7411.8,7440.4,710,14
1648425600,7430.2,7444.2,7412.2,7437.2,1881,19
1648440000,7437.3,7446.2,7419.2,7422.2,2897,18
1648454400,7421.2,7430.0,7386.7,7429.0,1924,19
1648468800,7429.0,7443.0,7424.0,7429.0,949,19
1648483200,7429.0,7437.1,7401.1,7416.1,2258,11
1648497600,7416.1,7449.7,7412.1,7433.7,1166,5
1648512000,7434.7,7482.0,7430.7,7472.0,1085,19
1648526400,7472.0,7482.0,7463.0,7469.0,1027,19
1648540800,7469.0,7489.4,7462.0,7487.0,1487,14
1648555200,7487.0,7540.0,7486.0,7531.0,1934,19
1648569600,7531.0,7533.1,7482.1,7491.1,2649,9
1648584000,7490.1,7532.1,7483.1,7515.7,1356,14
1648598400,7515.2,7527.5,7503.5,7518.5,1216,19
1648612800,7518.5,7536.5,7507.4,7507.5,1391,19
1648627200,7507.5,7528.5,7504.4,7515.5,1856,19
1648641600,7515.5,7527.5,7510.4,7526.5,955,19
1648656000,7526.5,7554.6,7520.5,7547.6,1790,15
1648670400,7547.6,7547.6,7510.6,7525.2,1409,14
1648684800,7526.3,7555.5,7520.5,7543.5,2746,5
1648699200,7543.6,7550.6,7515.6,7520.5,2482,19
1648713600,7519.5,7532.6,7487.5,7514.5,3336,19
1648728000,7514.5,7521.5,7505.5,7517.5,1000,19
1648742400,7518.5,7521.5,7489.7,7492.7,1789,14
1648756800,7491.7,7501.7,7461.5,7462.5,1227,5
1648771200,7470.3,7499.5,7465.5,7489.6,2403,19
1648785600,7489.5,7511.6,7484.6,7497.5,2367,6
1648800000,7497.5,7504.6,7481.3,7495.5,2973,19
1648814400,7495.5,7513.5,7492.5,7504.5,942,7
1648828800,7504.5,7515.7,7473.7,7484.7,2032,16
1648843200,7484.7,7523.7,7480.7,7515.5,856,5
1649030400,7508.6,7534.5,7486.2,7520.5,1073,19
1649044800,7519.5,7527.5,7508.5,7523.5,923,19
1649059200,7524.5,7527.5,7484.2,7506.5,1368,19
1649073600,7505.5,7522.5,7505.5,7508.5,670,19
1649088000,7507.5,7551.6,7507.5,7540.6,1590,16
1649102400,7540.6,7562.6,7536.6,7555.6,690,16
1649116800,7546.1,7548.3,7533.4,7543.4,408,19
1649131200,7543.3,7571.4,7508.4,7509.4,1174,19
1649145600,7510.4,7540.3,7510.3,7521.4,1377,19
1649160000,7521.4,7526.4,7493.3,7498.3,910,19
1649174400,7498.3,7515.5,7473.5,7485.5,2240,15
1649188800,7485.5,7497.5,7449.5,7472.5,1051,16
1649203200,7466.1,7492.3,7432.4,7440.4,1164,19
1649217600,7439.4,7488.4,7438.4,7483.4,1470,19
1649232000,7484.4,7493.4,7460.4,7469.4,1644,19
1649246400,7471.4,7473.4,7448.4,7454.4,1055,14
1649260800,7453.4,7464.5,7417.5,7453.5,2116,14
1649275200,7452.5,7491.5,7444.5,7469.5,2742,16
1649289600,7468.0,7470.0,7435.3,7449.3,1020,19
1649304000,7450.3,7463.3,7433.3,7442.3,1145,19
1649318400,7441.3,7468.3,7435.0,7463.3,1652,19
1649332800,7464.3,7485.3,7453.2,7457.3,1167,19
1649347200,7458.3,7477.4,7427.4,7442.4,2734,16
1649361600,7441.4,7501.4,7441.4,7490.4,1773,16
1649376000,7482.0,7498.0,7456.3,7465.3,878,19
1649390400,7466.3,7488.3,7466.3,7470.3,1264,19
1649404800,7470.3,7510.3,7469.3,7500.3,1361,19
1649419200,7499.3,7509.3,7493.3,7503.3,760,19
1649433600,7503.3,7531.4,7491.4,7527.4,2143,16
1649448000,7526.4,7527.4,7501.4,7508.4,899,16
1649635200,7507.0,7520.3,7478.2,7515.3,944,19
1649649600,7516.3,7522.3,7465.3,7472.3,1488,19
1649664000,7473.3,7517.3,7472.3,7495.3,1967,19
1649678400,7495.3,7516.3,7488.3,7490.3,1173,19
1649692800,7491.3,7503.4,7468.4,7475.4,2176,16
1649707200,7475.4,7490.5,7461.4,7465.5,1366,15
1649721600,7463.9,7482.2,7428.6,7461.2,1143,19
1649736000,7460.2,7463.2,7426.2,7436.2,1268,19
1649750400,7437.2,7475.2,7425.2,7469.2,2003,19
1649764800,7468.2,7506.2,7467.1,7498.2,1128,19
1649779200,7498.2,7500.4,7463.4,7474.4,2728,15
1649793600,7474.4,7481.4,7433.4,7445.4,2127,15
1649808000,7447.9,7474.2,7446.9,7470.2,979,19
1649822400,7470.2,7480.2,7456.2,7475.2,1080,19
1649836800,7474.2,7488.2,7459.1,7485.2,1639,6
1649851200,7485.2,7487.2,7459.1,7462.2,1039,18
1649865600,7461.2,7497.3,7458.2,7494.3,1969,9
1649880000,7494.3,7509.4,7488.3,7506.4,913,8
1649894400,7496.8,7523.1,7485.8,7508.1,897,19
1649908800,7508.1,7528.1,7505.1,7525.1,957,19
1649923200,7525.1,7527.1,7503.4,7520.1,1180,19
1649937600,7520.1,7535.1,7516.1,7529.1,824,19
1649952000,7529.1,7552.3,7527.1,7533.3,322,15
1650326400,7524.3,7576.0,7508.9,7566.0,900,4
1650340800,7565.0,7583.0,7552.0,7560.0,1527,19
1650355200,7562.9,7569.0,7537.0,7544.0,1824,19
1650369600,7544.0,7546.0,7527.0,7533.0,983,19
1650384000,7532.0,7599.2,7523.0,7590.2,1847,15
1650398400,7590.2,7627.2,7585.2,7625.1,1059,15
1650412800,7616.5,7622.8,7599.4,7615.8,1208,19
1650427200,7616.7,7617.8,7576.8,7576.8,1518,19
1650441600,7575.8,7581.5,7560.8,7569.8,1721,19
1650456000,7569.8,7597.8,7568.8,7596.8,945,19
1650470400,7596.8,7596.8,7578.0,7593.0,1951,15
1650484800,7594.0,7599.0,7568.0,7588.0,1352,15
1650499200,7593.5,7616.7,7573.7,7575.8,1152,4
1650513600,7576.8,7601.8,7567.8,7590.8,1212,19
1650528000,7590.8,7603.8,7577.5,7596.8,1625,19
1650542400,7597.8,7613.8,7590.8,7611.8,687,14
1650556800,7611.8,7622.0,7566.9,7569.0,2344,12
1650571200,7568.0,7573.0,7516.9,7524.9,2196,15
1650585600,7530.3,7540.3,7465.6,7479.6,1598,19
1650600000,7479.6,7480.6,7448.6,7468.6,1770,19
1650614400,7468.6,7502.6,7463.3,7488.6,2067,19
1650628800,7487.6,7490.6,7466.6,7484.6,1131,19
1650643200,7484.6,7485.5,7406.8,7414.8,2966,14
1650657600,7415.8,7416.8,7355.8,7363.8,1517,15
1650873600,7315.3,7323.3,7267.3,7273.3,1315,20
1650888000,7273.3,7284.3,7252.3,7283.3,2041,20
1650902400,7282.3,7295.5,7215.5,7248.5,4321,7
1650916800,7249.5,7324.5,7240.5,7320.6,2995,6
1650931200,7306.1,7325.2,7283.4,7302.4,1403,19
1650945600,7301.4,7340.4,7300.4,7331.4,1787,19
1650960000,7330.4,7331.4,7264.4,7274.4,2324,19
1650974400,7275.4,7275.4,7257.4,7266.4,1189,19
1650988800,7265.4,7266.6,7215.6,7246.6,3846,15
1651003200,7247.6,7247.6,7203.6,7208.6,2808,15
1651017600,7228.2,7260.5,7215.2,7256.5,1865,19
1651032000,7255.5,7279.5,7224.5,7263.5,2382,19
1651046400,7264.5,7293.5,7227.5,7287.5,2953,19
1651060800,7286.5,7314.5,7280.5,7286.5,2047,19
1651075200,7285.5,7315.7,7248.7,7309.7,5347,5
1651089600,7309.7,7316.7,7274.7,7285.7,4090,15
1651104000,7300.1,7330.4,7293.1,7325.4,1337,8
1651118400,7325.4,7336.4,7320.4,7336.4,1449,19
1651132800,7335.4,7377.4,7333.4,7377.4,2041,19
1651147200,7377.4,7380.4,7356.4,7366.4,1348,19
1651161600,7365.4,7410.6,7337.6,7406.6,4073,15
1651176000,7405.6,7433.6,7400.5,7420.6,2098,15
1651190400,7392.4,7422.4,7377.2,7412.4,984,19
1651204800,7413.4,7421.4,7397.4,7409.4,1246,9
1651219200,7408.4,7443.4,7399.4,7421.4,2445,19
1651233600,7420.4,7421.4,7389.4,7400.4,1472,19
1651248000,7400.4,7434.6,7384.4,7389.6,3867,13
1651262400,7388.6,7407.6,7326.5,7332.6,1472,15
1651449600,7340.2,7361.4,7304.2,7337.4,1778,19
1651464000,7336.4,7343.4,7293.4,7333.4,1924,19
1651478400,7332.4,7363.4,7316.3,7328.4,2620,9
1651492800,7328.4,7346.4,7297.4,7303.4,1475,4
1651507200,7303.4,7342.6,7286.6,7294.6,6483,15
1651521600,7294.5,7338.6,7269.6,7325.6,4136,13
1651536000,7322.2,7338.5,7300.4,7336.5,1151,19
1651550400,7336.5,7352.5,7292.5,7302.5,1858,19
1651564800,7303.5,7334.5,7290.1,7318.5,2436,9
1651579200,7318.5,7319.5,7288.5,7307.5,1268,19
1651593600,7308.5,7363.7,7302.7,7350.7,4459,5
1651608000,7351.7,7366.7,7327.6,7347.7,3198,15
1651622400,7355.7,7364.0,7328.0,7331.0,885,19
1651636800,7331.0,7334.0,7301.0,7309.0,1207,19
1651651200,7310.0,7312.0,7279.0,7292.0,1642,19
1651665600,7292.0,7292.0,7273.0,7274.0,851,19
1651680000,7274.0,7284.0,7238.1,7273.2,2583,13
1651694400,7274.2,7351.2,7240.1,7346.2,4388,15
1651708800,7342.8,7368.0,7309.1,7343.1,1145,19
1651723200,7344.1,7358.1,7334.1,7357.1,1314,19
1651737600,7357.1,7368.1,7322.1,7327.1,1828,19
1651752000,7326.1,7348.1,7324.1,7344.1,1002,13
1651766400,7343.1,7343.1,7212.3,7244.3,5444,13
1651780800,7244.3,7256.3,7195.3,7231.2,4042,10
1651795200,7226.4,7249.7,7196.6,7199.7,1655,19
1651809600,7198.6,7202.7,7155.7,7190.7,2336,19
1651824000,7189.7,7203.7,7146.4,7166.3,2888,19
1651838400,7166.3,7170.3,7138.3,7139.3,1895,14
1651852800,7139.3,7167.5,7093.5,7162.5,6938,13
1651867200,7162.5,7170.5,7113.5,7155.5,1596,16
1652054400,7113.2,7156.4,7096.4,7145.4,1033,8
1652068800,7146.4,7148.4,7086.4,7123.4,1385,19
1652083200,7121.4,7135.4,7079.4,7093.4,1107,19
1652097600,7093.4,7099.4,7054.4,7073.4,807,11
1652112000,7073.4,7082.4,7016.6,7032.6,1108,16
1652126400,7032.6,7052.6,7003.6,7018.6,1474,16
1652140800,7028.6,7038.8,6932.8,6964.8,1602,19
1652155200,6963.8,7036.8,6956.8,7034.8,2330,14
1652169600,7033.8,7066.8,7015.8,7063.8,1875,6
1652184000,7063.8,7089.8,7045.8,7089.8,948,19
1652198400,7088.8,7101.0,6993.0,7000.1,2262,15
1652212800,7000.1,7058.1,7000.0,7041.1,2319,15
1652227200,7022.5,7041.8,6986.8,6999.8,889,19
1652241600,7000.8,7046.8,6997.8,7037.8,1459,19
1652256000,7038.8,7079.8,7029.8,7076.8,1203,14
1652270400,7076.8,7088.5,7003.5,7009.5,3302,13
1652284800,7009.5,7104.5,7006.5,7048.5,20383,13
1652299200,7047.5,7055.5,7002.5,7021.8,14729,13
1652313600,7017.4,7028.4,6974.4,7021.4,2867,13
1652328000,7021.4,7021.4,6945.4,6947.4,3715,13
1652342400,6947.4,6953.4,6901.4,6909.4,7513,13
1652356800,6909.4,6927.4,6884.4,6898.4,6265,3
1652371200,6897.4,6961.4,6880.4,6934.4,19410,13
1652385600,6934.4,6941.4,6894.4,6918.6,14180,13
1652400000,6926.4,7029.4,6926.4,7028.4,2600,13
1652414400,7028.4,7064.4,7020.4,7059.4,3187,13
1652428800,7058.4,7085.4,7051.8,7072.4,4694,13
1652443200,7072.4,7085.4,7064.4,7077.4,3073,13
1652457600,7077.4,7125.4,7070.4,7118.4,9984,13
1652472000,7118.4,7123.4,7077.4,7113.6,2207,13
1652659200,7130.8,7147.6,7102.4,7144.4,2225,13
1652673600,7144.4,7145.4,7076.4,7094.4,4092,13
1652688000,7094.4,7124.4,7073.4,7120.4,4917,13
1652702400,7120.4,7125.4,7100.4,7111.4,2745,13
1652716800,7111.4,7136.4,7094.4,7115.4,13014,3
1652731200,7115.4,7154.4,7101.4,7102.6,8022,13
1652745600,7106.2,7129.2,7103.2,7106.2,1562,13
1652760000,7106.2,7121.2,7094.2,7113.2,2416,13
1652774400,7112.2,7156.2,7106.2,7145.2,3466,13
1652788800,7145.2,7166.2,7143.2,7162.2,3844,13
1652803200,7162.2,7178.2,7138.2,7172.2,8999,13
1652817600,7172.2,7188.2,7147.2,7183.4,9111,13
1652832000,7181.7,7199.7,7167.7,7175.7,1687,13
1652846400,7176.7,7181.7,7151.7,7168.7,2406,13
1652860800,7168.9,7187.7,7159.2,7185.9,3666,13
1652875200,7186.7,7194.7,7157.7,7158.7,2527,13
1652889600,7158.7,7164.7,7081.7,7097.7,9480,13
1652904000,7097.7,7097.7,7041.1,7045.9,7813,13
1652918400,7038.8,7056.7,7014.2,7054.7,2840,13
1652932800,7053.7,7080.7,7049.7,7068.7,3344,13
1652947200,7068.7,7071.7,7003.7,7003.7,5733,13
1652961600,7003.7,7029.7,6987.7,7002.7,4902,13
1652976000,7002.7,7069.7,7001.7,7045.7,15738,13
1652990400,7045.7,7085.7,7032.7,7047.0,12388,13
1653004800,7046.1,7134.1,7046.1,7125.1,2076,13
1653019200,7125.1,7152.1,7115.1,7135.1,3055,13
1653033600,7136.1,7167.1,7131.1,7162.1,3725,13
1653048000,7162.1,7173.1,7152.1,7159.1,2712,13
1653062400,7159.1,7162.1,7076.1,7084.1,11703,13
1653076800,7084.1,7137.1,7064.1,7128.4,3908,13
1653264000,7159.6,7189.6,7152.2,7164.2,2022,13
1653278400,7164.2,7193.2,7130.2,7139.2,2941,13
1653292800,7138.2,7160.2,7111.2,7116.2,4859,13
1653307200,7116.2,7144.2,7110.2,7133.2,4096,13
1653321600,7133.2,7172.2,7112.2,7157.2,13403,13
1653336000,7156.2,7172.2,7142.2,7167.4,7656,13
1653350400,7128.0,7161.1,7100.0,7141.1,2038,13
1653364800,7141.1,7164.1,7126.1,7143.1,2065,13
1653379200,7143.1,7144.1,7095.0,7114.1,4541,13
1653393600,7114.1,7148.1,7112.1,7143.1,3403,13
1653408000,7144.1,7149.1,7084.1,7109.1,13949,13
1653422400,7109.1,7143.1,7096.1,7129.3,10388,13
1653436800,7128.1,7168.2,7128.1,7165.2,1840,13
1653451200,7164.2,7187.2,7164.2,7172.2,2253,13
1653465600,7173.2,7180.2,7128.2,7134.2,4308,13
1653480000,7134.2,7146.2,7111.2,7131.2,3822,13
1653494400,7130.2,7167.2,7129.2,7149.2,11467,13
1653508800,7149.2,7182.0,7131.2,7153.4,10510,13
1653523200,7152.9,7180.0,7150.0,7156.0,1607,13
1653537600,7156.0,7163.0,7111.0,7113.0,2344,13
1653552000,7113.0,7134.0,7098.4,7117.0,3603,13
1653566400,7117.0,7145.0,7110.0,7143.0,3633,13
1653580800,7143.0,7187.0,7134.0,7186.0,8308,13
1653595200,7186.0,7193.0,7171.0,7174.1,5329,13
1653609600,7172.6,7198.7,7164.7,7175.7,1692,13
1653624000,7175.7,7186.7,7156.7,7178.7,2093,13
1653638400,7178.7,7211.7,7176.1,7205.7,3686,13
1653652800,7205.7,7223.7,7195.7,7221.7,3446,13
1653667200,7221.7,7251.7,7212.7,7247.7,6723,13
1653681600,7247.7,7272.0,7244.7,7268.8,1994,13
1653868800,7260.3,7284.9,7251.9,7254.9,1711,13
1653883200,7255.9,7281.9,7236.9,7272.9,2286,13
1653897600,7273.9,7298.9,7271.9,7285.9,3182,13
1653912000,7284.9,7287.9,7274.9,7284.9,2351,13
1653926400,7284.9,7288.9,7271.9,7283.9,2746,13
1653940800,7283.9,7287.9,7280.0,7280.0,674,13
1653955200,7275.5,7292.0,7256.6,7266.6,1877,13
1653969600,7266.6,7277.6,7232.6,7247.6,2966,13
1653984000,7247.6,7248.6,7182.7,7227.6,5147,13
1653998400,7227.6,7227.6,7191.6,7192.6,4631,13
1654012800,7192.6,7217.6,7172.6,7207.6,12262,13
1654027200,7207.6,7212.6,7174.9,7181.8,8904,13
1654041600,7177.6,7241.6,7176.6,7214.6,1735,13
1654056000,7213.6,7234.6,7200.6,7228.6,2207,13
1654070400,7228.6,7242.0,7206.6,7217.6,4112,13
1654084800,7218.6,7228.6,7201.6,7217.6,3332,13
1654099200,7217.6,7234.6,7153.6,7165.6,12154,13
1654113600,7165.6,7207.6,7163.6,7173.8,7755,13
1654128000,7173.6,7179.6,7145.6,7155.6,1796,13
1654142400,7155.6,7171.6,7145.6,7161.6,2349,13
1654156800,7162.6,7185.6,7151.6,7178.6,3290,13
1654171200,7178.6,7188.6,7173.6,7176.6,2989,13
1654185600,7176.6,7223.6,7159.6,7221.6,12278,13
1654200000,7221.6,7251.6,7216.6,7243.8,5440,13
1654214400,7238.6,7257.6,7227.6,7229.6,1523,13
1654228800,7229.6,7233.6,7215.6,7231.6,1520,13
1654243200,7231.6,7244.8,7220.3,7227.6,2670,13
1654257600,7227.6,7231.6,7207.6,7213.6,3769,13
1654272000,7213.6,7218.6,7185.6,7204.6,11779,13
1654286400,7205.6,7212.6,7185.6,7203.8,4073,13
1654473600,7199.3,7221.9,7193.9,7202.9,1341,13
1654488000,7202.9,7218.9,7190.9,7214.9,1674,13
1654502400,7214.9,7236.9,7198.9,7233.9,3150,13
1654516800,7234.9,7234.9,7218.9,7229.9,2375,13
1654531200,7229.9,7238.9,7191.9,7206.9,10585,13
1654545600,7206.9,7218.9,7192.9,7202.1,6396,13
1654560000,7199.0,7216.0,7150.0,7159.0,1535,13
1654574400,7158.0,7163.0,7076.0,7093.0,2960,13
1654588800,7093.0,7118.0,7084.4,7113.0,3765,13
1654603200,7113.0,7116.0,7086.0,7089.0,3167,13
1654617600,7088.0,7146.0,7084.0,7135.0,8371,13
1654632000,7135.0,7157.0,7132.0,7143.2,3772,13
1654646400,7140.7,7164.7,7127.1,7146.7,2018,13
1654660800,7147.7,7162.7,7112.7,7114.7,2373,13
1654675200,7114.7,7130.7,7107.1,7118.7,3388,13
1654689600,7118.7,7118.7,7097.7,7097.7,2711,13
1654704000,7097.7,7113.7,7082.7,7090.7,7942,3
1654718400,7090.7,7095.7,7067.7,7076.9,5064,13
1654732800,7056.9,7087.3,7039.9,7040.9,1473,13
1654747200,7040.9,7060.9,7021.9,7048.9,1856,13
1654761600,7048.9,7048.9,7011.3,7046.9,3676,13
1654776000,7045.9,7064.9,7009.9,7015.9,4101,13
1654790400,7016.9,7031.9,7001.9,7017.9,9918,13
1654804800,7016.9,7019.9,6956.9,6961.1,5628,13
1654819200,6962.0,6981.4,6929.0,6949.0,2189,13
1654833600,6948.0,6969.0,6921.0,6930.0,2057,13
1654848000,6931.0,6944.0,6884.0,6886.0,4815,13
1654862400,6886.0,6893.0,6824.0,6824.0,5494,13
1654876800,6824.0,6837.0,6745.0,6769.0,11445,13
1654891200,6770.0,6825.0,6764.0,6810.2,2686,8
1655107200,6713.4,6733.0,6641.2,6642.2,3229,13
1655121600,6641.2,6670.2,6641.2,6644.2,3396,13
1655136000,6644.2,6672.2,6603.2,6648.2,8578,13
1655150400,6648.2,6668.2,6608.2,6628.0,6273,13
1655164800,6628.4,6665.6,6567.2,6599.2,3157,13
1655179200,6599.2,6656.2,6582.2,6637.2,4301,13
1655193600,6637.2,6707.2,6629.2,6650.2,5214,13
1655208000,6650.2,6671.2,6621.2,6666.8,4099,13
1655222400,6666.8,6676.8,6599.8,6615.2,9503,13
1655236800,6615.2,6638.8,6586.8,6630.0,4097,13
1655251200,6632.0,6671.0,6630.0,6636.6,2566,13
1655265600,6636.6,6684.6,6613.0,6619.6,2237,13
1655280000,6619.6,6623.9,6583.9,6605.9,4361,2
1655294400,6605.9,6611.9,6581.9,6610.9,3337,13
1655308800,6610.9,6618.9,6577.9,6577.9,5871,13
1655323200,6577.9,6653.9,6546.9,6627.1,8540,13
1655337600,6633.0,6700.6,6632.0,6658.6,2598,13
1655352000,6658.6,6666.6,6604.6,6605.6,3041,13
1655366400,6605.6,6609.6,6476.2,6489.2,6751,13
1655380800,6489.2,6504.2,6452.2,6481.2,4977,13
1655395200,6481.2,6490.2,6439.2,6468.2,9801,13
1655409600,6468.2,6479.2,6422.2,6438.8,6209,13
1655424000,6435.2,6464.2,6411.2,6434.2,2713,13
1655438400,6434.2,6479.2,6432.2,6473.2,3448,13
1655452800,6472.2,6510.2,6454.2,6502.2,5711,13
1655467200,6502.2,6510.2,6488.2,6490.2,3411,13
1655481600,6490.2,6502.2,6431.2,6458.2,10054,13
1655496000,6459.2,6487.2,6441.2,6449.4,2131,13
1655683200,6468.8,6506.4,6447.8,6485.4,2393,13
1655697600,6485.4,6488.4,6411.4,6437.4,3854,13
1655712000,6437.4,6465.4,6430.4,6460.4,4150,13
1655726400,6460.4,6486.4,6450.4,6480.4,2198,13
1655740800,6480.4,6509.4,6479.4,6506.4,2549,13
1655755200,6506.4,6513.4,6499.8,6500.6,504,13
1655769600,6498.4,6522.4,6473.4,6518.4,2153,13
1655784000,6518.4,6544.4,6499.4,6533.4,2393,13
1655798400,6533.4,6573.4,6515.4,6573.4,3003,13
1655812800,6572.4,6574.4,6545.4,6549.4,2198,13
1655827200,6548.4,6585.4,6545.4,6575.4,6005,13
1655841600,6575.4,6582.4,6556.4,6570.7,3470,13
1655856000,6565.6,6575.6,6534.6,6544.6,1731,13
1655870400,6544.6,6564.6,6497.6,6525.6,2729,13
1655884800,6525.6,6531.6,6472.4,6495.6,4350,13
1655899200,6495.6,6530.6,6494.6,6514.6,2666,13
1655913600,6514.6,6564.6,6505.6,6545.6,9116,13
1655928000,6545.6,6566.6,6521.1,6523.9,4420,13
1655942400,6519.3,6557.4,6492.8,6550.4,2608,13
1655956800,6550.4,6559.4,6517.4,6534.4,3466,13
1655971200,6534.4,6551.4,6507.4,6520.4,4606,13
1655985600,6520.4,6570.4,6520.4,6539.4,2395,13
1656000000,6539.4,6547.4,6491.4,6497.4,7844,13
1656014400,6497.4,6543.4,6490.4,6527.7,3474,13
1656028800,6526.9,6536.3,6507.9,6532.9,1992,13
1656043200,6532.9,6568.9,6530.9,6557.9,2533,13
1656057600,6557.9,6592.9,6553.9,6588.9,3063,13
1656072000,6588.9,6616.9,6581.9,6604.9,1537,13
1656086400,6604.9,6656.9,6603.9,6653.9,4018,13
1656100800,6653.9,6693.9,6652.9,6684.2,1250,13
1656288000,6667.1,6679.7,6660.1,6668.7,2048,13
1656302400,6668.7,6724.7,6668.7,6716.7,2882,13
1656316800,6717.7,6748.7,6695.7,6727.7,3290,13
1656331200,6727.7,6733.7,6705.7,6709.7,1635,13
1656345600,6709.7,6728.7,6691.7,6721.7,5878,13
1656360000,6721.7,6721.7,6696.7,6706.0,3521,13
1656374400,6707.7,6735.9,6696.3,6724.9,1558,13
1656388800,6724.9,6761.9,6718.9,6748.9,2710,13
1656403200,6748.9,6801.9,6747.9,6792.9,3809,13
1656417600,6792.9,6804.9,6782.9,6786.9,1846,13
1656432000,6786.9,6812.9,6726.9,6740.9,6636,13
1656446400,6740.9,6740.9,6700.9,6706.0,3732,13
1656460800,6694.0,6723.0,6687.0,6700.0,1987,13
1656475200,6700.0,6721.0,6674.0,6716.0,2424,13
1656489600,6716.0,6734.0,6674.7,6704.0,3931,13
1656504000,6704.0,6729.0,6687.0,6722.0,2200,13
1656518400,6722.0,6738.0,6691.0,6703.0,7039,13
1656532800,6703.0,6722.0,6690.0,6699.2,3052,13
1656547200,6695.7,6706.1,6668.7,6682.7,1707,13
1656561600,6682.7,6682.7,6636.7,6655.7,2523,13
1656576000,6654.7,6654.7,6532.7,6555.7,5503,13
1656590400,6555.7,6556.7,6493.7,6509.7,3098,13
1656604800,6509.7,6598.7,6496.7,6586.7,6530,13
1656619200,6586.7,6599.7,6551.7,6575.9,5351,13
1656633600,6579.9,6635.9,6564.9,6606.9,2460,13
1656648000,6606.9,6618.9,6571.9,6588.9,3428,13
1656662400,6588.9,6595.9,6534.2,6590.9,4325,13
1656676800,6591.9,6614.9,6576.9,6606.9,2518,13
1656691200,6606.9,6634.9,6565.9,6611.9,8463,13
1656705600,6610.9,6656.9,6608.9,6652.1,2993,13
1656892800,6634.5,6676.1,6602.7,6651.1,2229,13
1656907200,6651.1,6659.1,6614.1,6630.1,2440,13
1656921600,6629.1,6647.5,6618.1,6632.1,2973,13
1656936000,6632.1,6649.1,6629.1,6645.1,1273,13
1656950400,6645.1,6656.1,6638.1,6644.1,1259,13
1656964800,6643.1,6646.9,6638.9,6641.7,342,13
1656979200,6638.6,6687.6,6607.2,6640.2,2331,13
1656993600,6640.2,6660.2,6629.2,6659.2,2436,13
1657008000,6659.2,6671.2,6589.2,6590.2,3097,13
1657022400,6590.2,6604.2,6545.2,6546.2,2809,13
1657036800,6547.2,6559.2,6519.2,6529.2,8155,13
1657051200,6529.2,6593.2,6527.2,6581.4,3946,13
1657065600,6587.7,6664.2,6576.1,6647.2,2114,13
1657080000,6647.2,6653.2,6598.2,6614.9,3058,13
1657094400,6614.9,6647.9,6589.9,6611.9,4447,13
1657108800,6611.9,6632.9,6594.4,6607.9,2403,2
1657123200,6608.9,6630.9,6584.9,6603.9,8049,8
1657137600,6604.9,6645.9,6599.4,6635.1,5027,2
1657152000,6635.3,6649.2,6618.2,6619.2,1416,8
1657166400,6620.2,6636.2,6600.2,6630.2,2762,8
1657180800,6630.2,6676.2,6623.1,6667.2,3074,8
1657195200,6666.2,6696.2,6658.2,6693.2,2430,8
1657209600,6693.2,6720.2,6688.1,6714.2,4139,8
1657224000,6714.2,6722.7,6701.1,6708.5,1556,2
1657238400,6708.9,6717.9,6681.6,6713.9,1698,8
1657252800,6713.9,6723.9,6675.9,6696.9,3015,8
1657267200,6696.9,6708.3,6666.6,6673.9,2703,8
1657281600,6673.9,6715.9,6659.6,6687.9,3139,8
1657296000,6687.9,6722.9,6673.9,6688.9,5599,7
1657310400,6680.6,6713.9,6680.6,6702.1,2227,8
1657497600,6685.0,6711.0,6658.0,6679.6,1612,8
1657512000,6679.6,6679.6,6611.0,6624.6,2532,8
1657526400,6624.6,6633.6,6597.0,6629.6,3131,8
1657540800,6629.6,6649.6,6624.0,6636.8,2024,8
1657555200,6637.8,6657.6,6619.3,6635.3,5521,8
1657569600,6636.3,6652.3,6618.0,6629.8,2789,2
1657584000,6626.7,6659.4,6613.7,6636.4,1552,8
1657598400,6636.4,6641.4,6610.7,6622.4,2432,8
1657612800,6622.4,6626.4,6598.4,6620.4,3084,8
1657627200,6620.4,6623.4,6601.7,6615.4,2446,8
1657641600,6614.4,6648.4,6614.4,6643.4,6810,8
1657656000,6644.4,6647.4,6595.4,6613.9,3064,2
1657670400,6616.8,6623.5,6593.5,6613.5,1583,8
1657684800,6613.5,6628.5,6599.8,6614.5,2166,8
1657699200,6614.5,6640.8,6603.8,6627.5,2921,8
1657713600,6626.5,6660.9,6559.5,6583.5,3938,8
1657728000,6583.5,6638.5,6571.5,6638.5,9232,8
1657742400,6638.5,6652.5,6615.8,6624.0,4940,8
1657756800,6624.2,6649.9,6583.3,6644.9,1845,8
1657771200,6644.9,6668.9,6640.0,6656.9,2136,2
1657785600,6655.9,6667.9,6592.9,6601.9,4035,8
1657800000,6601.9,6608.9,6579.9,6589.9,3970,8
1657814400,6589.9,6596.9,6535.9,6567.9,7542,13
1657828800,6567.9,6600.6,6559.9,6596.4,3711,2
1657843200,6593.1,6612.2,6540.8,6559.8,1997,8
1657857600,6559.8,6617.8,6549.4,6608.8,2172,2
1657872000,6600.4,6622.8,6575.0,6614.8,3260,8
1657886400,6614.8,6639.8,6596.8,6632.8,2383,8
1657900800,6632.8,6661.8,6614.8,6646.8,5364,8
1657915200,6638.4,6670.8,6638.4,6663.3,1039,8
1658102400,6665.0,6676.6,6629.6,6630.6,1336,8
1658116800,6629.6,6682.6,6613.9,6679.6,1803,8
1658131200,6679.6,6732.6,6658.9,6728.6,2687,8
1658145600,6728.6,6729.6,6694.9,6705.6,1418,8
1658160000,6705.6,6728.6,6698.9,6712.6,3502,2
1658174400,6703.9,6714.6,6651.9,6668.1,2909,8
1658188800,6663.9,6701.6,6660.9,6675.6,1490,8
1658203200,6676.6,6695.6,6639.0,6649.6,1563,8
1658217600,6640.0,6668.9,6635.6,6648.6,3309,8
1658232000,6648.6,6687.6,6643.0,6681.6,2001,8
1658246400,6681.6,6727.6,6669.0,6727.6,4136,8
1658260800,6727.6,6740.6,6714.0,6733.1,2144,2
1658275200,6732.2,6759.9,6722.9,6749.9,1631,8
1658289600,6749.9,6785.9,6740.9,6764.9,1497,8
1658304000,6765.9,6781.3,6748.3,6759.9,2986,8
1658318400,6759.9,6769.9,6726.9,6743.9,2783,8
1658332800,6743.9,6768.9,6733.9,6751.9,4247,8
1658347200,6750.9,6762.9,6731.9,6742.5,3528,8
1658361600,6750.2,6779.9,6733.3,6764.9,1462,8
1658376000,6764.9,6780.9,6742.2,6774.9,1640,8
1658390400,6774.9,6803.9,6754.2,6776.9,3582,2
1658404800,6776.9,6789.9,6750.9,6781.9,2514,8
1658419200,6781.9,6794.9,6742.9,6792.9,6436,8
1658433600,6784.2,6808.9,6770.2,6796.5,2825,8
1658448000,6796.3,6799.0,6765.0,6799.0,1219,8
1658462400,6798.0,6823.0,6784.2,6804.0,1492,2
1658476800,6803.0,6817.0,6782.2,6810.0,2773,8
1658491200,6810.0,6820.0,6798.2,6816.0,1946,8
1658505600,6816.0,6838.0,6792.0,6794.0,6075,8
1658520000,6794.0,6799.5,6764.2,6789.8,2561,8
1658707200,6787.6,6810.2,6772.4,6798.2,1399,8
1658721600,6798.2,6807.2,6774.4,6794.2,1531,2
1658736000,6793.2,6818.2,6777.4,6815.2,2530,8
1658750400,6808.4,6831.2,6807.4,6819.2,1694,8
1658764800,6819.2,6828.2,6800.2,6824.2,6504,8
1658779200,6824.2,6827.7,6803.4,6815.5,3180,2
1658793600,6811.4,6814.4,6786.8,6794.4,1221,8
1658808000,6793.4,6820.4,6784.8,6818.4,1560,8
1658822400,6817.4,6828.4,6803.8,6821.4,2120,2
1658836800,6821.4,6828.4,6800.8,6808.4,1873,2
1658851200,6807.4,6809.4,6769.4,6783.4,4315,8
1658865600,6784.4,6791.4,6764.8,6783.6,2643,2
1658880000,6777.0,6829.0,6777.0,6802.0,1760,8
1658894400,6802.0,6830.0,6783.0,6829.0,1572,2
1658908800,6823.5,6848.0,6819.5,6835.0,2114,2
1658923200,6835.0,6847.0,6822.5,6845.0,1394,8
1658937600,6845.0,6860.0,6837.0,6852.0,3179,8
1658952000,6852.0,6899.0,6843.5,6882.2,5162,2
1658966400,6876.1,6898.1,6868.1,6871.1,1539,8
1658980800,6872.1,6894.1,6845.5,6891.1,1856,2
1658995200,6886.5,6904.1,6882.5,6886.1,2322,8
1659009600,6886.1,6908.1,6879.5,6900.1,1956,8
1659024000,6900.1,6933.1,6881.1,6929.1,6452,8
1659038400,6929.1,6968.5,6923.5,6962.3,2906,8
1659052800,6951.9,6982.9,6940.3,6959.9,1566,8
1659067200,6959.9,6969.9,6946.9,6954.9,1795,8
1659081600,6954.9,6980.9,6946.9,6975.9,2791,8
1659096000,6975.9,6992.9,6971.3,6991.9,1869,8
1659110400,6991.9,7013.9,6982.3,7002.9,5360,8
1659124800,7001.9,7025.9,6992.3,7015.2,1611,7
1659312000,6991.2,7001.2,6959.8,6980.8,1614,8
1659326400,6980.8,7000.8,6963.8,6999.0,1524,8
1659340800,6998.8,7029.8,6990.0,7012.8,2125,8
1659355200,7012.8,7021.8,6997.8,6998.8,1459,8
1659369600,6998.8,7029.8,6981.8,6993.8,5379,8
1659384000,6994.8,6998.8,6970.8,6984.0,3119,8
1659398400,6983.0,6991.4,6956.0,6978.0,1596,8
1659412800,6977.0,7007.0,6958.0,7007.0,2170,8
1659427200,7005.0,7015.0,6989.4,7003.0,2913,8
1659441600,7004.0,7014.0,6992.0,7013.0,1817,8
1659456000,7014.0,7046.0,6998.8,7043.0,6404,8
1659470400,7043.0,7043.0,6994.2,7000.2,4210,8
1659484800,6999.5,7016.1,6919.9,6941.9,2140,2
1659499200,6941.9,6981.7,6937.9,6970.9,2164,8
1659513600,6970.9,6991.7,6956.7,6987.6,2840,8
1659528000,6987.6,7005.7,6984.6,7001.6,1302,8
1659542400,7001.6,7023.9,6987.6,7018.6,4462,8
1659556800,7017.6,7028.6,7013.6,7016.7,2334,2
1659571200,7015.2,7025.8,6998.8,7015.8,1413,8
1659585600,7019.6,7019.6,6977.8,6981.8,1681,8
1659600000,6985.6,7013.4,6977.4,7000.4,2461,8
1659614400,7000.4,7025.4,6996.4,7010.4,1905,8
1659628800,7010.4,7011.4,6990.4,6995.4,5418,8
1659643200,6996.4,7009.6,6993.4,6998.4,2336,8
1659657600,6998.7,7008.3,6971.1,6994.1,1059,8
1659672000,6997.1,7020.9,6983.1,7016.1,1309,6
1659686400,7020.1,7024.9,7003.6,7007.9,1876,2
1659700800,7008.9,7022.9,6977.9,6981.9,2431,8
1659715200,6981.9,7021.1,6973.9,7006.9,5195,8
1659729600,7005.9,7016.9,6994.9,7011.9,2207,8
1659916800,6995.7,7015.3,6986.7,7009.5,1349,8
1659931200,7009.5,7030.3,6989.5,7017.9,1227,8
1659945600,7017.9,7037.8,7017.9,7021.7,1807,8
1659960000,7021.7,7040.3,7016.7,7037.7,1357,8
1659974400,7037.7,7051.7,7005.7,7014.7,4882,8
1659988800,7014.7,7024.3,7001.7,7024.3,3089,2
1660003200,7019.3,7039.6,7007.3,7034.0,1215,2
1660017600,7035.0,7040.6,7018.0,7026.3,1807,8
1660032000,7025.3,7045.8,7016.3,7042.4,1806,8
1660046400,7042.4,7043.4,7021.4,7031.4,1590,8
1660060800,7031.4,7032.4,6991.4,6995.4,4193,8
1660075200,6996.4,7006.4,6992.4,6998.6,2200,8
1660089600,6995.4,7014.4,6992.4,7008.6,1245,8
1660104000,7010.4,7037.4,7010.4,7017.4,1599,8
1660118400,7017.4,7019.4,6984.8,7009.4,1900,8
1660132800,7009.4,7061.4,7003.6,7050.4,2197,8
1660147200,7050.4,7053.4,7022.6,7048.4,3609,8
1660161600,7046.6,7066.4,7045.4,7057.6,1755,8
1660176000,7050.9,7085.9,7042.9,7052.9,1378,8
1660190400,7051.9,7069.9,7043.7,7057.9,2041,8
1660204800,7057.9,7075.9,7052.7,7059.9,2090,8
1660219200,7055.7,7083.9,7052.7,7081.9,1778,8
1660233600,7081.9,7086.9,7053.7,7069.9,3673,8
1660248000,7069.9,7075.9,7040.7,7049.1,2151,8
1660262400,7044.4,7055.4,7018.4,7022.4,1480,8
1660276800,7022.4,7048.4,7014.8,7023.4,1413,2
1660291200,7023.4,7056.4,7019.8,7046.4,1960,2
1660305600,7046.4,7052.4,7028.8,7043.4,1676,2
1660320000,7041.8,7057.4,7032.4,7055.8,2938,7
1660334400,7055.8,7084.2,7055.8,7074.6,1141,2
1660521600,7055.3,7079.9,7052.9,7064.9,1178,8
1660536000,7065.9,7083.9,7050.9,7079.9,1461,2
1660550400,7079.9,7079.9,7061.9,7066.9,1866,2
1660564800,7066.9,7070.2,7049.9,7051.9,1555,8
1660579200,7053.2,7098.9,7051.9,7097.9,2867,8
1660593600,7098.2,7107.9,7090.9,7098.1,1240,8
1660608000,7096.4,7139.4,7086.4,7131.4,1550,8
1660622400,7130.4,7139.4,7092.2,7108.4,1841,8
1660636800,7108.4,7120.8,7091.2,7118.4,2583,2
1660651200,7117.4,7118.4,7082.2,7097.4,1300,2
1660665600,7098.4,7127.4,7082.2,7121.4,2076,2
1660680000,7121.4,7133.4,7102.2,7116.6,1526,8
1660694400,7116.6,7123.6,7096.3,7099.6,868,8
1660708800,7099.6,7131.6,7088.6,7124.6,1256,8
1660723200,7124.6,7139.6,7101.3,7105.6,1744,2
1660737600,7102.3,7110.6,7086.0,7088.6,1835,2
1660752000,7089.6,7111.6,7086.6,7109.6,3056,8
1660766400,7109.6,7129.6,7103.3,7105.8,2743,8
1660780800,7098.8,7117.8,7081.8,7098.8,1105,8
1660795200,7098.8,7117.8,7093.7,7106.8,1294,8
1660809600,7106.8,7120.8,7097.8,7119.8,1827,8
1660824000,7119.8,7133.8,7116.7,7131.8,1193,8
1660838400,7131.8,7132.8,7114.7,7120.8,2607,8
1660852800,7120.8,7141.8,7116.7,7131.0,1649,8
1660867200,7133.7,7142.7,7113.7,7138.7,1040,8
1660881600,7138.7,7139.7,7110.0,7115.7,1297,8
1660896000,7115.7,7121.7,7090.0,7100.7,1945,7
1660910400,7100.7,7112.7,7083.0,7091.7,1662,8
1660924800,7090.7,7108.7,7076.0,7091.7,2173,8
1660939200,7091.7,7092.7,7070.7,7080.9,1259,8
1661126400,7062.2,7071.2,7027.0,7046.8,1066,8
1661140800,7046.0,7070.8,7026.0,7045.8,1606,2
1661155200,7045.8,7053.8,6994.0,7012.8,2401,2
1661169600,7000.0,7015.8,6990.0,7000.8,1834,8
1661184000,7001.8,7011.8,6984.0,7006.8,3128,8
1661198400,7005.8,7006.8,6977.0,6994.3,2054,2
1661212800,6997.3,7020.1,6983.2,7010.1,1324,8
1661227200,7010.1,7018.1,6957.2,6977.1,2061,2
1661241600,6977.1,6985.6,6933.5,6976.1,2413,2
1661256000,6976.1,6984.1,6950.2,6962.1,1658,8
1661270400,6962.1,6986.1,6940.2,6968.1,3999,2
1661284800,6967.1,6973.1,6946.2,6964.6,2160,8
1661299200,6959.6,7002.4,6958.3,6994.4,1502,2
1661313600,6994.4,7013.4,6969.3,7001.4,2067,8
1661328000,6999.9,7002.8,6962.3,6994.4,2099,8
1661342400,6993.4,7007.4,6976.3,6999.4,1355,8
1661356800,6999.4,7018.4,6986.4,7003.4,2928,7
1661371200,7002.4,7021.1,6990.3,7017.9,1456,8
1661385600,7012.5,7040.2,7006.2,7028.6,1181,8
1661400000,7028.6,7058.2,7028.6,7046.2,1497,8
1661414400,7034.6,7076.6,7032.6,7066.2,2072,8
1661428800,7066.2,7067.2,7025.6,7037.8,1588,8
1661443200,7036.8,7061.2,7024.6,7043.2,2482,8
1661457600,7043.2,7070.2,7031.6,7063.8,1596,0
1661472000,7061.7,7087.7,7048.8,7085.7,977,8
1661486400,7086.7,7130.9,7077.8,7120.7,1348,2
1661500800,7120.7,7122.7,7082.8,7100.7,1616,2
1661515200,7100.7,7115.7,7080.8,7115.7,1348,2
1661529600,7115.7,7134.7,7033.7,7046.7,3942,8
1661544000,7046.7,7050.7,6991.8,7002.9,1859,7
1661731200,6982.8,6992.4,6948.8,6969.4,2206,8
1661745600,6969.4,6979.4,6929.6,6965.4,2123,8
1661760000,6964.4,6983.8,6947.6,6958.4,2349,8
1661774400,6958.4,6978.4,6941.6,6971.4,1671,8
1661788800,6956.6,6993.4,6952.6,6989.4,4419,8
1661803200,6989.4,6996.4,6960.6,6979.6,2620,8
1661817600,6977.2,7003.2,6970.6,7000.2,1194,8
1661832000,7000.2,7013.5,6980.6,7012.2,1571,8
1661846400,7012.2,7035.2,6992.2,7026.2,1874,8
1661860800,7026.2,7028.2,6999.6,7005.0,1359,8
1661875200,7005.0,7007.0,6927.6,6940.0,3796,8
1661889600,6940.0,6954.0,6928.0,6943.3,2751,8
1661904000,6931.6,6969.6,6924.0,6967.6,1408,8
1661918400,6967.6,6992.6,6957.6,6982.6,1863,8
1661932800,6982.6,6989.6,6943.6,6951.6,2272,8
1661947200,6941.6,6958.6,6922.6,6956.6,1958,8
1661961600,6956.6,6967.6,6923.6,6927.6,3902,8
1661976000,6927.6,6935.6,6899.6,6914.8,3055,8
1661990400,6869.2,6880.4,6823.3,6841.9,2221,8
1662004800,6841.9,6911.4,6835.2,6875.8,2319,8
1662019200,6911.4,6911.4,6801.2,6806.2,2338,8
1662033600,6806.2,6881.4,6806.2,6821.2,1509,8
1662048000,6821.2,6865.4,6792.2,6806.2,2655,8
1662062400,6806.2,6888.4,6804.2,6843.5,2709,8
1662076800,6841.7,6883.1,6822.7,6837.7,1322,8
1662091200,6837.7,6885.1,6822.9,6839.7,1669,8
1662105600,6876.1,6882.1,6810.7,6847.9,1875,8
1662120000,6846.9,6906.1,6832.7,6869.9,1621,8
1662134400,6870.9,6931.1,6843.7,6848.7,2267,8
1662148800,6848.7,6869.1,6802.7,6821.9,1892,8
1662336000,6797.4,6888.6,6792.4,6828.3,1564,8
1662350400,6828.3,6885.6,6826.0,6839.2,1807,8
1662364800,6839.2,6901.6,6833.0,6859.0,1856,8
1662379200,6859.0,6906.6,6853.0,6863.0,1420,8
1662393600,6863.0,6914.6,6863.0,6868.0,1270,8
1662408000,6868.0,6908.6,6855.4,6856.2,464,8
1662422400,6847.2,6925.9,6846.2,6883.2,1300,8
1662436800,6883.2,6919.9,6844.2,6846.2,1841,6
1662451200,6846.2,6908.9,6818.2,6862.2,2141,8
1662465600,6862.2,6902.9,6836.2,6837.2,1450,8
1662480000,6837.2,6878.9,6782.2,6810.2,3446,13
1662494400,6810.2,6837.9,6787.2,6791.4,3494,8
1662508800,6792.6,6831.4,6729.6,6736.6,1436,8
1662523200,6736.6,6788.4,6713.6,6724.6,1930,8
1662537600,6766.4,6802.4,6719.6,6759.6,2125,8
1662552000,6759.6,6801.4,6720.6,6724.6,1863,8
1662566400,6767.4,6797.4,6720.6,6750.6,2902,8
1662580800,6751.6,6814.4,6749.6,6766.8,2229,8
1662595200,6809.4,6809.4,6713.5,6756.8,1299,8
1662609600,6756.8,6843.1,6754.8,6832.8,1649,8
1662624000,6838.1,6858.1,6806.0,6821.8,2024,8
1662638400,6821.8,6838.1,6799.8,6803.8,1619,8
1662652800,6806.1,6854.8,6785.8,6828.8,3414,8
1662667200,6828.8,6859.1,6819.8,6854.1,2765,8
1662681600,6854.1,6880.1,6834.1,6868.1,1278,8
1662696000,6868.1,6895.1,6860.1,6894.1,1737,8
1662710400,6890.1,6920.1,6877.4,6919.1,1786,8
1662724800,6919.1,6929.1,6909.1,6921.1,1280,8
1662739200,6921.1,6947.1,6904.1,6946.1,3489,8
1662753600,6946.1,6969.1,6942.1,6961.1,1218,8
1662940800,6960.4,6988.1,6948.0,6951.0,1284,8
1662955200,6951.0,6977.0,6944.0,6972.0,1642,8
1662969600,6972.0,6989.2,6953.4,6989.2,1954,8
1662984000,6989.2,6994.5,6978.2,6993.2,1174,8
1662998400,6993.2,7020.4,6988.4,7003.4,2934,8
1663012800,7003.4,7009.4,6991.4,7000.5,2108,8
1663027200,7001.6,7007.5,6990.5,7001.5,1294,8
1663041600,7000.5,7010.7,6980.9,7009.7,1618,8
1663056000,7009.9,7019.4,6997.8,7015.4,1859,8
1663070400,7015.4,7037.3,6933.4,6933.4,3660,8
1663084800,6933.4,6946.6,6894.6,6902.6,6567,8
1663099200,6901.6,6909.6,6837.9,6842.7,3575,8
1663113600,6846.8,6860.8,6800.7,6808.8,2184,8
1663128000,6808.8,6839.8,6801.7,6835.1,1822,8
1663142400,6834.8,6853.2,6815.7,6851.2,2655,8
1663156800,6851.2,6853.2,6808.2,6833.2,2702,8
1663171200,6833.2,6841.4,6796.3,6832.4,6013,8
1663185600,6832.4,6839.9,6791.4,6836.6,4173,8
1663200000,6823.1,6849.6,6814.1,6845.4,1143,4
1663214400,6844.4,6867.6,6826.4,6834.4,1043,8
1663228800,6837.6,6858.0,6821.8,6837.4,1366,8
1663243200,6838.1,6842.6,6814.0,6822.1,1813,8
1663257600,6822.1,6840.2,6794.2,6806.5,4056,8
1663272000,6807.2,6824.2,6779.2,6781.4,2753,8
1663286400,6784.6,6789.6,6744.3,6781.5,1692,8
1663300800,6782.5,6784.3,6723.2,6731.5,1832,8
1663315200,6731.2,6742.6,6715.2,6719.2,2729,8
1663329600,6719.3,6742.6,6710.9,6711.9,1567,8
1663344000,6710.9,6740.1,6696.0,6709.1,5900,8
1663358400,6709.1,6729.6,6696.4,6725.2,3023,5
1663545600,6734.7,6748.3,6718.2,6741.3,893,8
1663560000,6741.3,6750.5,6710.2,6730.6,1265,8
1663574400,6731.5,6737.5,6681.2,6683.3,1607,8
1663588800,6683.3,6694.5,6668.3,6689.3,1675,8
1663603200,6689.3,6754.7,6679.3,6748.3,5957,8
1663617600,6748.3,6771.8,6739.3,6766.6,3086,8
1663632000,6768.5,6804.4,6759.4,6785.4,1177,8
1663646400,6784.4,6806.1,6770.4,6800.4,1403,8
1663660800,6800.4,6822.1,6778.4,6782.4,2203,8
1663675200,6781.4,6783.4,6757.4,6764.4,2227,8
1663689600,6763.4,6768.4,6717.4,6730.4,5623,8
1663704000,6730.4,6739.1,6701.4,6728.7,4260,8
1663718400,6725.7,6742.7,6720.7,6723.7,1375,8
1663732800,6723.7,6725.7,6689.7,6691.7,1334,8
1663747200,6691.7,6702.3,6659.1,6692.7,3470,8
1663761600,6692.7,6712.7,6688.0,6708.7,2031,8
1663776000,6711.3,6729.7,6702.7,6718.7,3971,8
1663790400,6718.7,6745.7,6628.2,6633.0,9600,8
1663804800,6620.0,6620.0,6620.0,6620.0,1,179
1663833600,6620.5,6699.4,6620.4,6687.4,1992,8
1663848000,6686.4,6688.4,6652.4,6677.4,3326,8
1663862400,6677.4,6677.4,6610.4,6624.4,6573,8
1663876800,6624.4,6641.4,6607.4,6621.6,4049,8
1663891200,6620.6,6653.7,6593.7,6595.7,1572,8
1663905600,6594.7,6599.7,6533.7,6540.7,2555,8
1663920000,6540.7,6574.7,6520.7,6520.7,3280,8
1663934400,6520.7,6522.7,6465.7,6481.7,3919,8
1663948800,6480.7,6496.7,6442.7,6464.7,7057,13
1663963200,6464.7,6480.1,6440.7,6471.9,4002,8
1664150400,6487.4,6502.4,6429.0,6438.0,2457,6
1664164800,6438.0,6504.0,6435.0,6484.0,3740,8
1664179200,6484.0,6505.0,6452.4,6488.0,4700,8
1664193600,6488.0,6499.0,6451.0,6498.0,3895,8
1664208000,6498.0,6536.0,6470.0,6486.0,7624,8
1664222400,6486.0,6506.0,6458.0,6472.2,6018,8
1664236800,6475.5,6504.5,6466.5,6489.5,2152,13
1664251200,6489.5,6498.5,6466.5,6483.8,2727,8
1664265600,6483.7,6524.5,6475.5,6489.5,3116,8
1664280000,6489.5,6513.5,6472.5,6495.5,3013,8
1664294400,6495.5,6511.5,6421.5,6444.5,8031,13
1664308800,6444.5,6465.2,6424.5,6460.2,6088,8
1664323200,6460.2,6510.0,6453.0,6502.0,2335,8
1664337600,6502.0,6514.0,6430.0,6447.0,4970,8
1664352000,6447.0,6472.0,6424.0,6443.0,4771,8
1664366400,6443.0,6503.0,6411.0,6488.0,6104,8
1664380800,6488.0,6550.0,6471.0,6539.0,6763,13
1664395200,6539.0,6580.0,6534.0,6557.2,3544,8
1664409600,6556.4,6587.4,6540.8,6576.4,2270,8
1664424000,6577.4,6596.4,6555.4,6589.4,2979,8
1664438400,6589.4,6589.4,6488.4,6506.4,5299,8
1664452800,6506.4,6561.4,6505.4,6537.4,4854,8
1664467200,6537.4,6553.4,6495.4,6517.4,8155,13
1664481600,6517.4,6526.8,6490.4,6519.6,4632,8
1664496000,6509.9,6532.9,6499.9,6509.9,2216,8
1664510400,6509.9,6527.5,6451.9,6471.9,3940,8
1664524800,6470.9,6532.9,6447.9,6528.9,4443,8
1664539200,6527.9,6528.9,6465.9,6484.9,5379,8
1664553600,6484.9,6551.9,6460.9,6512.9,8322,13
1664568000,6512.9,6515.9,6464.9,6464.9,4630,8
1664755200,6459.8,6497.4,6402.4,6412.4,2852,8
1664769600,6412.4,6474.4,6412.4,6449.4,3950,8
1664784000,6449.4,6500.8,6434.4,6465.4,5383,8
1664798400,6465.4,6514.4,6448.4,6508.4,3600,8
1664812800,6508.4,6558.4,6495.4,6544.4,6725,13
1664827200,6544.4,6575.4,6542.4,6550.4,3287,8
1664841600,6550.8,6606.8,6537.2,6606.8,2276,8
1664856000,6606.8,6690.8,6596.8,6678.8,2803,8
1664870400,6678.8,6709.8,6669.8,6703.8,3823,8
1664884800,6703.8,6745.7,6692.8,6737.8,3475,8
1664899200,6737.8,6798.6,6732.8,6787.6,5455,8
1664913600,6788.6,6797.0,6765.6,6792.6,4083,13
1664928000,6792.1,6811.1,6770.1,6794.1,2227,8
1664942400,6794.1,6813.1,6780.1,6798.1,2938,8
1664956800,6797.1,6814.1,6762.1,6775.1,3492,8
1664971200,6775.1,6780.1,6756.1,6779.1,3070,8
1664985600,6779.1,6795.1,6748.1,6782.1,6249,8
1665000000,6782.1,6803.1,6761.1,6764.1,3707,13
1665014400,6766.5,6820.5,6762.5,6803.5,2190,8
1665028800,6803.5,6813.5,6785.5,6813.5,2859,8
1665043200,6813.5,6818.9,6773.5,6776.5,3846,8
1665057600,6776.5,6782.5,6754.5,6771.5,2961,8
1665072000,6771.5,6790.5,6749.5,6782.5,7416,8
1665086400,6782.5,6784.5,6752.5,6757.5,3911,13
1665100800,6753.6,6774.6,6743.6,6768.6,2019,8
1665115200,6768.6,6778.9,6760.6,6768.6,2106,8
1665129600,6768.6,6775.9,6747.6,6773.6,3436,8
1665144000,6773.6,6785.6,6712.6,6733.6,3601,8
1665158400,6733.6,6745.6,6696.6,6701.6,6704,8
1665172800,6701.6,6707.9,6675.6,6688.6,1850,8
1665360000,6671.4,6679.0,6649.0,6661.0,2923,8
1665374400,6661.0,6680.0,6639.0,6675.0,2709,8
1665388800,6675.0,6689.0,6646.4,6669.0,3789,8
1665403200,6669.0,6704.0,6669.0,6703.0,2608,8
1665417600,6703.0,6704.0,6661.0,6662.0,6859,0
1665432000,6661.0,6703.0,6656.0,6680.0,4933,13
1665446400,6683.4,6708.0,6661.4,6685.4,1991,8
1665460800,6684.4,6697.4,6643.4,6646.4,3691,8
1665475200,6646.4,6652.4,6606.4,6610.4,4845,8
1665489600,6610.4,6659.4,6601.4,6641.4,4122,8
1665504000,6641.4,6668.4,6600.4,6660.4,8518,13
1665518400,6661.4,6666.4,6601.4,6621.4,6479,13
1665532800,6616.8,6657.8,6615.8,6650.8,2204,8
1665547200,6650.8,6667.8,6630.8,6661.8,3816,8
1665561600,6661.8,6679.8,6627.8,6660.8,5826,8
1665576000,6660.8,6679.8,6620.8,6627.8,4516,8
1665590400,6627.8,6645.8,6605.8,6635.8,7971,8
1665604800,6635.8,6644.8,6618.8,6623.8,5388,8
1665619200,6628.1,6676.1,6628.1,6672.1,1789,8
1665633600,6673.1,6676.1,6638.1,6639.1,2353,8
1665648000,6640.1,6658.1,6616.5,6656.1,3548,8
1665662400,6655.1,6701.1,6554.1,6566.1,5340,8
1665676800,6566.1,6740.1,6543.1,6723.1,14168,13
1665691200,6724.1,6756.1,6721.1,6741.1,5659,13
1665705600,6744.2,6765.2,6734.2,6746.2,2258,8
1665720000,6745.2,6771.2,6742.2,6753.2,3375,8
1665734400,6753.2,6774.2,6721.2,6723.2,4891,8
1665748800,6723.2,6789.2,6716.2,6781.2,5610,8
1665763200,6781.2,6786.2,6671.2,6687.2,12380,8
1665777600,6687.2,6695.2,6656.2,6659.2,4589,8
1665964800,6677.1,6681.1,6637.7,6646.7,2176,8
1665979200,6646.7,6668.7,6637.7,6655.7,2915,8
1665993600,6655.7,6685.7,6652.7,6674.7,4484,8
1666008000,6674.7,6699.7,6669.7,6693.7,3349,8
1666022400,6695.5,6742.7,6694.0,6719.7,6899,8
1666036800,6719.7,6734.7,6713.7,6728.7,3239,8
1666051200,6735.2,6764.4,6735.2,6759.2,1711,8
1666065600,6759.2,6790.2,6737.2,6783.2,3358,8
1666080000,6783.2,6796.2,6767.2,6767.2,3669,8
1666094400,6767.2,6797.2,6748.2,6794.2,3833,8
1666108800,6793.2,6795.2,6713.2,6736.2,7515,8
1666123200,6735.2,6809.4,6716.2,6800.2,5934,10
1666137600,6797.5,6807.7,6758.7,6800.7,2091,8
1666152000,6800.7,6820.7,6792.7,6800.7,2700,8
1666166400,6801.7,6801.7,6741.7,6749.7,4537,8
1666180800,6749.7,6771.7,6727.7,6740.7,4348,8
1666195200,6740.7,6763.7,6719.7,6723.7,7908,8
1666209600,6723.7,6750.7,6708.7,6744.7,4761,8
1666224000,6740.4,6749.4,6713.4,6718.4,2327,8
1666238400,6717.4,6726.4,6694.4,6720.4,4095,8
1666252800,6721.4,6741.4,6701.4,6702.4,5335,8
1666267200,6702.4,6747.4,6702.4,6712.4,4649,8
1666281600,6712.4,6768.4,6711.4,6720.4,7885,8
1666296000,6721.4,6723.4,6699.4,6703.4,4739,13
1666310400,6707.9,6711.9,6657.9,6679.9,1814,8
1666324800,6679.9,6695.9,6663.9,6670.9,3052,8
1666339200,6670.9,6686.9,6646.9,6649.9,3519,8
1666353600,6649.9,6668.9,6637.9,6656.9,3756,8
1666368000,6656.9,6735.1,6656.9,6730.9,12776,8
1666382400,6730.9,6771.9,6730.9,6771.9,2559,8
1666569600,6786.3,6825.6,6775.3,6803.6,3468,8
1666584000,6803.6,6808.6,6769.6,6778.9,4239,8
1666598400,6779.9,6788.9,6732.9,6747.9,6458,13
1666612800,6747.9,6804.9,6742.9,6801.9,4949,13
1666627200,6801.9,6812.9,6756.9,6802.7,9235,13
1666641600,6802.7,6814.7,6789.7,6790.7,3472,8
1666656000,6791.2,6827.2,6790.2,6816.2,2028,6
1666670400,6815.2,6819.2,6784.2,6797.2,4209,8
1666684800,6797.2,6812.2,6787.6,6789.2,4248,8
1666699200,6789.2,6790.9,6767.2,6776.2,2681,8
1666713600,6777.2,6851.2,6776.2,6841.2,5574,8
1666728000,6841.2,6854.2,6825.2,6834.2,3043,8
1666742400,6811.7,6842.7,6796.7,6805.7,2061,6
1666756800,6805.7,6821.2,6796.7,6806.7,2838,8
1666771200,6805.7,6825.7,6789.1,6818.7,3891,8
1666785600,6818.7,6819.7,6793.7,6803.7,3409,8
1666800000,6803.7,6869.7,6801.7,6849.7,6207,8
1666814400,6848.7,6852.7,6821.7,6833.7,3818,8
1666828800,6820.7,6860.7,6817.7,6858.7,1944,8
1666843200,6858.7,6872.7,6835.7,6848.7,2338,8
1666857600,6847.7,6858.1,6832.7,6845.7,3435,8
1666872000,6845.7,6868.7,6830.7,6853.7,3731,8
1666886400,6853.7,6867.7,6828.7,6841.7,8570,13
1666900800,6841.7,6851.7,6772.7,6802.7,4112,8
1666915200,6805.4,6825.4,6794.4,6797.4,2116,8
1666929600,6797.4,6811.4,6771.4,6782.4,2946,8
1666944000,6781.4,6790.6,6761.8,6787.4,4373,8
1666958400,6787.4,6827.4,6776.4,6809.4,3659,8
1666972800,6809.4,6864.6,6805.4,6859.6,5763,8
1666987200,6860.6,6879.4,6854.8,6879.4,1232,8
1667174400,6866.0,6871.3,6821.1,6832.1,2349,8
1667188800,6832.1,6872.1,6826.1,6856.5,2647,8
1667203200,6857.5,6860.5,6835.1,6844.1,1891,8
1667217600,6845.1,6863.1,6837.1,6855.1,2917,8
1667232000,6856.1,6890.1,6854.1,6863.1,4738,8
1667246400,6863.1,6873.1,6855.1,6863.5,2448,13
1667260800,6863.1,6922.1,6856.2,6918.1,2131,8
1667275200,6918.1,6989.5,6915.1,6972.5,2821,8
1667289600,6974.5,7023.1,6962.3,7014.1,2868,8
1667304000,7014.1,7028.1,7010.1,7018.1,2967,8
1667318400,7021.1,7021.1,6962.1,6985.1,6796,13
1667332800,6985.1,6989.1,6969.5,6975.5,2195,8
1667347200,6979.6,7011.6,6969.8,6998.6,2653,5
1667361600,6998.6,7009.6,6981.2,6992.0,2470,8
1667376000,6991.0,6999.6,6971.6,6976.6,2141,8
1667390400,6976.6,6977.6,6951.6,6954.6,3482,8
1667404800,6954.6,6958.6,6938.2,6951.6,3187,8
1667419200,6951.6,6996.6,6872.0,6884.0,10209,13
1667433600,6878.2,6881.2,6816.2,6851.2,3205,5
1667448000,6851.2,6867.2,6840.2,6849.6,2564,8
1667462400,6849.6,6858.6,6827.2,6846.2,3419,8
1667476800,6846.2,6849.2,6800.2,6801.2,5168,8
1667491200,6801.2,6871.2,6797.2,6855.2,6937,8
1667505600,6855.2,6866.2,6839.6,6843.6,2212,8
1667520000,6838.8,6872.8,6823.8,6872.8,2329,8
1667534400,6873.8,6899.8,6870.8,6885.2,2617,8
1667548800,6887.2,6937.8,6880.2,6932.8,3267,8
1667563200,6932.8,6971.8,6907.2,6954.8,6288,8
1667577600,6954.8,7000.2,6927.0,6933.8,7089,8
1667592000,6933.8,6987.8,6924.8,6975.2,2084,8
1667779200,6951.9,6958.9,6906.1,6924.1,2611,8
1667793600,6924.1,6940.9,6914.1,6927.5,2920,8
1667808000,6925.5,6966.1,6917.1,6957.1,2999,8
1667822400,6957.1,6980.9,6957.1,6963.1,2613,8
1667836800,6963.1,6970.1,6940.1,6956.1,5605,8
1667851200,6956.1,6979.1,6953.1,6956.5,1775,8
1667865600,6960.9,6969.9,6941.7,6956.7,1946,8
1667880000,6955.7,6966.9,6950.7,6958.1,2019,8
1667894400,6957.1,6971.7,6946.7,6971.7,2082,8
1667908800,6971.7,6995.9,6965.7,6990.7,1951,8
1667923200,6990.7,7016.7,6978.7,7011.7,3811,8
1667937600,7010.7,7014.9,6958.7,6992.1,4333,8
1667952000,6986.3,7015.3,6982.3,7004.8,2449,8
1667966400,7004.8,7012.2,6993.2,7007.2,3316,6
1667980800,7006.2,7014.8,6982.8,6985.8,2681,8
1667995200,6985.8,7005.8,6979.8,6994.8,2852,8
1668009600,6994.8,7009.8,6980.8,6989.8,5783,8
1668024000,6989.8,6991.8,6935.2,6935.2,3471,8
1668038400,6943.7,6984.0,6941.7,6980.0,2054,8
1668052800,6979.0,6981.7,6949.4,6958.4,2381,8
1668067200,6957.4,6979.0,6952.4,6972.0,2195,8
1668081600,6972.0,7069.0,6958.0,7066.0,4316,8
1668096000,7066.0,7101.0,7048.0,7079.0,7917,8
1668110400,7078.0,7152.0,7078.0,7150.4,2710,8
1668124800,7176.4,7180.4,7125.5,7127.5,2959,8
1668139200,7127.5,7181.9,7127.5,7170.9,3628,8
1668153600,7171.9,7185.5,7151.5,7156.5,3435,8
1668168000,7156.5,7173.5,7149.5,7173.5,2351,8
1668182400,7173.5,7189.5,7147.5,7184.5,6765,8
1668196800,7184.5,7212.5,7182.5,7203.9,1209,8
1668384000,7180.8,7200.2,7156.8,7162.1,3247,8
1668398400,7162.1,7171.1,7133.5,7134.5,3118,8
1668412800,7135.5,7172.1,7134.5,7149.1,2264,8
1668427200,7150.1,7159.1,7128.8,7154.1,1678,8
1668441600,7154.1,7178.1,7139.1,7149.1,5519,8
1668456000,7149.1,7161.1,7115.5,7115.5,2298,8
1668470400,7128.3,7146.3,7117.3,7125.3,2098,8
1668484800,7125.3,7150.3,7118.3,7132.7,2413,8
1668499200,7131.7,7158.3,7128.8,7146.3,2314,8
1668513600,7146.3,7204.3,7144.0,7197.3,2573,8
1668528000,7197.3,7199.3,7151.3,7163.3,5371,8
1668542400,7163.3,7168.3,7110.3,7136.7,7054,8
1668556800,7111.0,7141.3,7098.0,7112.3,2937,8
1668571200,7113.3,7137.7,7107.0,7133.5,3347,6
1668585600,7134.5,7155.3,7120.0,7146.3,2729,8
1668600000,7146.3,7156.3,7121.3,7128.3,2778,8
1668614400,7128.3,7140.3,7109.0,7130.3,5807,13
1668628800,7130.3,7132.3,7107.0,7112.7,2382,8
1668643200,7100.5,7150.8,7100.5,7133.8,1952,8
1668657600,7133.8,7146.7,7121.8,7138.2,2281,6
1668672000,7137.2,7166.8,7130.8,7135.8,2298,6
1668686400,7135.8,7145.8,7100.5,7104.8,3474,8
1668700800,7103.8,7148.8,7101.8,7145.8,4601,8
1668715200,7145.8,7152.8,7128.8,7146.2,2350,8
1668729600,7145.0,7168.1,7137.0,7161.1,1768,8
1668744000,7161.1,7169.1,7145.5,7150.5,2256,8
1668758400,7151.5,7172.1,7140.1,7162.1,2418,8
1668772800,7162.1,7191.1,7158.0,7188.1,1973,8
1668787200,7188.1,7191.1,7158.1,7165.1,4025,8
1668801600,7165.1,7188.1,7160.6,7178.5,841,8
1668988800,7182.2,7186.9,7140.6,7143.6,2338,8
1669003200,7143.6,7154.0,7131.7,7153.0,2147,8
1669017600,7154.0,7161.1,7135.8,7154.1,1499,8
1669032000,7154.1,7160.1,7142.9,7160.1,1013,8
1669046400,7159.1,7172.3,7144.3,7166.3,2393,8
1669060800,7166.3,7178.3,7166.3,7168.9,1158,8
1669075200,7172.3,7192.9,7168.1,7187.9,957,8
1669089600,7187.9,7200.9,7174.9,7182.7,1302,8
1669104000,7183.7,7207.3,7174.3,7204.3,2383,8
1669118400,7204.3,7211.3,7185.1,7206.1,1861,8
1669132800,7207.1,7235.3,7204.3,7228.1,3412,8
1669147200,7228.1,7245.1,7226.1,7243.5,1262,8
1669161600,7248.7,7251.7,7226.5,7233.5,1540,8
1669176000,7233.5,7243.9,7219.5,7235.9,1783,0
1669190400,7236.9,7248.5,7227.5,7245.5,1549,8
1669204800,7245.5,7245.5,7223.5,7231.5,1574,8
1669219200,7231.5,7251.5,7222.5,7226.5,4013,8
1669233600,7226.5,7252.5,7223.5,7244.9,2957,8
1669248000,7250.1,7268.6,7245.1,7255.6,1659,8
1669262400,7255.6,7263.6,7238.0,7240.0,1761,8
1669276800,7239.0,7261.6,7237.4,7260.6,1384,8
1669291200,7260.6,7270.6,7251.6,7255.6,1170,8
1669305600,7255.6,7261.6,7247.1,7257.6,1011,8
1669320000,7257.6,7259.6,7254.8,7256.0,322,8
1669334400,7262.7,7268.2,7249.2,7267.2,1229,8
1669348800,7267.2,7272.2,7255.6,7259.6,1641,8
1669363200,7258.6,7270.2,7255.2,7256.2,1535,8
1669377600,7256.2,7270.2,7252.2,7254.2,1434,8
1669392000,7254.2,7265.2,7246.2,7256.2,2195,8
1669406400,7256.2,7259.2,7254.4,7254.6,333,8
1669593600,7249.5,7253.5,7221.0,7232.0,2651,8
1669608000,7231.0,7244.0,7225.4,7233.4,2164,8
1669622400,7234.4,7259.0,7230.4,7237.0,2144,8
1669636800,7237.0,7261.0,7234.0,7257.0,1790,8
1669651200,7257.0,7279.0,7249.0,7257.0,3944,8
1669665600,7257.0,7259.0,7234.0,7236.4,1620,8
1669680000,7234.4,7249.1,7204.5,7249.1,1167,7
1669694400,7249.1,7269.1,7235.4,7256.9,1328,8
1669708800,7255.9,7269.5,7243.4,7252.4,2273,8
1669723200,7252.4,7261.4,7235.4,7245.4,2028,8
1669737600,7245.4,7257.4,7229.4,7249.4,4164,8
1669752000,7248.4,7258.4,7239.4,7251.8,2194,8
1669766400,7242.8,7288.2,7222.8,7281.2,1994,8
1669780800,7280.2,7306.2,7267.8,7293.4,2441,6
1669795200,7294.4,7308.2,7282.2,7300.2,2068,8
1669809600,7300.2,7307.2,7288.2,7293.2,2028,8
1669824000,7294.2,7304.2,7264.2,7271.2,4108,8
1669838400,7270.2,7362.2,7265.2,7348.6,5289,8
1669852800,7363.1,7382.1,7342.6,7358.6,2250,8
1669867200,7358.6,7367.0,7337.1,7354.0,2468,8
1669881600,7355.0,7363.6,7324.6,7334.9,2751,8
1669896000,7334.1,7358.6,7331.1,7353.6,2391,8
1669910400,7353.6,7361.6,7324.6,7345.6,5731,8
1669924800,7345.6,7352.6,7335.6,7345.0,2706,8
1669939200,7342.1,7343.1,7304.1,7308.2,1824,8
1669953600,7308.2,7316.2,7295.1,7305.6,1950,8
1669968000,7306.6,7322.2,7302.6,7321.2,1650,6
1669982400,7321.2,7333.2,7265.2,7289.2,3109,8
1669996800,7288.2,7342.2,7278.2,7326.2,5382,8
1670011200,7326.2,7343.2,7321.1,7328.5,1044,8
1670198400,7327.9,7345.8,7303.2,7345.8,2079,8
1670212800,7344.8,7355.8,7327.8,7345.2,1968,0
1670227200,7344.2,7346.2,7323.8,7332.8,2191,8
1670241600,7332.8,7336.8,7319.8,7322.8,1958,8
1670256000,7322.8,7336.8,7293.8,7296.8,4399,8
1670270400,7295.9,7299.8,7276.8,7289.2,1736,8
1670284800,7296.4,7322.4,7285.8,7312.4,1729,8
1670299200,7312.4,7327.4,7276.5,7288.8,2448,6
1670313600,7287.8,7298.4,7272.4,7284.4,2142,6
1670328000,7284.4,7288.4,7267.4,7283.4,1910,8
1670342400,7284.4,7290.4,7243.4,7249.4,4501,8
1670356800,7249.4,7256.4,7231.4,7251.8,2357,8
1670371200,7245.0,7257.3,7223.0,7242.0,1872,8
1670385600,7241.0,7265.0,7226.1,7235.3,2855,6
1670400000,7236.3,7241.9,7217.0,7221.0,2760,0
1670414400,7219.0,7231.0,7207.0,7226.0,2388,0
1670428800,7226.0,7247.0,7205.0,7224.0,6851,8
1670443200,7224.0,7234.0,7215.0,7223.4,2433,8
1670457600,7231.6,7231.6,7169.5,7178.5,2216,8
1670472000,7177.5,7196.5,7172.5,7179.9,2399,8
1670486400,7180.9,7201.5,7172.9,7183.5,2012,8
1670500800,7184.5,7202.5,7175.5,7192.5,1926,8
1670515200,7192.5,7208.5,7175.5,7204.5,4363,8
1670529600,7205.5,7215.5,7194.5,7208.9,2480,8
1670544000,7199.1,7213.5,7185.5,7195.1,1838,0
1670558400,7195.1,7222.1,7191.3,7212.5,2236,8
1670572800,7214.5,7229.1,7209.5,7215.1,1737,8
1670587200,7216.1,7230.1,7182.1,7208.1,2603,8
1670601600,7209.1,7229.1,7198.1,7219.1,5474,8
1670616000,7219.1,7219.1,7178.5,7180.5,1628,8
1670803200,7182.9,7195.9,7158.9,7167.7,2210,8
1670817600,7166.9,7191.2,7160.9,7174.0,1974,6
1670832000,7174.0,7188.8,7171.9,7186.8,2038,7
1670846400,7185.9,7205.9,7185.9,7198.8,1646,8
1670860800,7198.8,7212.0,7187.9,7210.0,3282,8
1670875200,7211.0,7235.5,7203.9,7230.3,2188,8
1670889600,7220.9,7235.0,7201.9,7205.9,2416,8
1670904000,7205.9,7220.5,7194.9,7212.7,2264,6
1670918400,7211.7,7227.7,7197.9,7212.7,2119,8
1670932800,7212.7,7308.7,7202.9,7298.7,2817,8
1670947200,7298.7,7313.7,7208.9,7216.9,4486,8
1670961600,7216.9,7246.2,7212.9,7232.0,1949,8
1670976000,7235.2,7263.2,7211.2,7240.6,1934,8
1670990400,7237.2,7263.6,7237.2,7239.4,1836,6
1671004800,7238.4,7254.6,7206.2,7211.2,2117,8
1671019200,7211.2,7236.6,7209.2,7228.6,2285,8
1671033600,7227.5,7238.8,7222.2,7232.8,3338,8
1671048000,7232.8,7245.8,7182.8,7196.8,4662,5
1671062400,7211.2,7249.1,7198.2,7226.1,2083,4
1671076800,7224.8,7230.1,7204.2,7209.8,2110,8
1671091200,7210.8,7223.1,7167.2,7181.1,2670,8
1671105600,7180.1,7199.1,7166.2,7180.1,2826,8
1671120000,7180.1,7189.2,7130.2,7144.2,3866,8
1671134400,7145.2,7147.2,7118.2,7132.0,2474,8
1671148800,7124.4,7191.7,7118.4,7185.3,1758,8
1671163200,7184.5,7192.7,7142.4,7158.3,2393,6
1671177600,7158.3,7169.7,7110.4,7129.7,2883,6
1671192000,7128.7,7130.7,7094.4,7114.7,2843,8
1671206400,7113.7,7140.9,7089.4,7096.9,3893,8
1671220800,7097.9,7135.9,7091.4,7127.7,1852,8
1671408000,7117.2,7160.8,7108.2,7146.8,1915,8
1671422400,7144.2,7150.8,7129.5,7135.5,1985,6
1671436800,7135.5,7169.8,7134.5,7153.8,2238,8
1671451200,7154.8,7164.8,7146.2,7151.8,2029,8
1671465600,7150.8,7158.9,7122.2,7129.9,3609,8
1671480000,7129.9,7130.9,7096.2,7113.7,2347,8
1671494400,7110.7,7132.7,7074.7,7101.8,1314,8
1671508800,7099.7,7102.8,7013.5,7032.5,2977,6
1671523200,7031.5,7083.8,7025.5,7083.8,2200,6
1671537600,7082.8,7091.8,7074.7,7082.8,2368,8
1671552000,7083.8,7108.0,7071.7,7100.7,3808,8
1671566400,7098.7,7110.0,7080.7,7081.9,2436,8
1671580800,7088.0,7150.8,7083.0,7128.0,2933,8
1671595200,7128.0,7135.9,7115.0,7122.6,3087,8
1671609600,7121.6,7138.8,7112.0,7136.7,2966,8
1671624000,7137.6,7150.8,7131.0,7145.8,2208,8
1671638400,7145.8,7180.0,7136.0,7179.0,3492,8
1671652800,7178.0,7183.0,7166.0,7170.8,2142,8
1671667200,7161.9,7174.2,7151.9,7170.2,1902,8
1671681600,7170.2,7173.2,7148.9,7154.9,2206,6
1671696000,7155.9,7165.2,7146.9,7151.9,1985,8
1671710400,7149.9,7156.2,7118.9,7123.1,2233,8
1671724800,7123.9,7128.2,7053.9,7058.1,3662,8
1671739200,7055.9,7095.2,7041.9,7092.1,2757,8
1671753600,7092.2,7111.8,7062.2,7099.8,2032,8
1671768000,7099.8,7110.2,7091.2,7105.2,1448,8
1672185600,7110.8,7130.7,7070.8,7094.2,1989,8
1672200000,7092.8,7106.7,7078.8,7087.4,2082,8
1672214400,7088.4,7107.7,7082.8,7092.7,1956,8
1672228800,7090.8,7096.7,7087.8,7091.7,1738,8
1672243200,7089.8,7100.9,7042.8,7063.9,3741,8
1672257600,7063.5,7069.9,7039.8,7039.8,2388,8
1672272000,7041.4,7055.4,7003.3,7006.9,1494,8
1672286400,7007.4,7024.9,6995.8,7010.6,1451,8
1672300800,7010.6,7032.4,7007.6,7029.9,1490,8
1672315200,7029.9,7052.9,7028.7,7045.8,1800,8
1672329600,7045.8,7083.4,7040.8,7080.1,3342,8
1672344000,7079.0,7082.4,7067.4,7067.4,2132,8
1672358400,7072.2,7079.7,7042.0,7057.7,1716,8
1672372800,7057.7,7073.7,7036.7,7043.6,1694,8
1672704000,7076.6,7088.4,6904.5,6912.5,2571,8
1672718400,6912.5,6959.0,6905.9,6946.2,2238,6
1672732800,6946.2,7007.6,6943.1,7007.5,2350,5
1672747200,7008.5,7008.5,6984.5,7001.5,2236,8
1672761600,7001.5,7025.7,6971.6,6982.7,4023,8
1672776000,6982.3,7010.5,6980.4,7004.4,2547,8
1672790400,6998.8,7049.8,6986.4,7040.4,2161,8
1672804800,7040.3,7063.4,7039.4,7055.1,1991,8
1672819200,7056.1,7063.8,7037.1,7050.4,2216,6
1672833600,7051.4,7060.8,7039.3,7060.4,2330,8
1672848000,7061.4,7094.6,7046.6,7084.6,4107,8
1672862400,7083.4,7092.6,7062.5,7081.3,3114,8
1672876800,7066.5,7106.0,7060.4,7061.4,1976,8
1672891200,7062.5,7077.0,7054.5,7065.7,2136,6
1672905600,7066.7,7079.0,7054.7,7076.0,2141,6
1672920000,7076.0,7092.0,7060.0,7067.0,2393,8
1672934400,7067.0,7087.1,7054.7,7076.2,3786,8
1672948800,7075.5,7089.2,7065.9,7065.9,2303,8
1672963200,7069.3,7108.9,7063.3,7101.0,2082,8
1672977600,7101.0,7120.9,7097.7,7107.5,2308,5
1672992000,7107.5,7111.5,7086.3,7093.9,2458,6
1673006400,7093.9,7140.9,7089.8,7138.9,2631,4
1673020800,7138.9,7163.1,7107.1,7149.1,3961,8
1673035200,7149.1,7178.1,7147.3,7176.9,1952,8
1673222400,7176.4,7193.0,7154.4,7159.0,1797,8
1673236800,7157.4,7171.0,7149.4,7155.5,1612,6
1673251200,7156.5,7165.0,7145.4,7160.8,1972,8
1673265600,7159.9,7168.0,7152.4,7165.0,2114,8
1673280000,7165.0,7196.2,7162.4,7183.0,3248,8
1673294400,7182.1,7184.2,7146.4,7150.0,2486,8
1673308800,7145.7,7155.5,7128.7,7142.5,1433,8
1673323200,7142.0,7144.0,7125.5,7131.1,1936,6
1673337600,7131.1,7149.5,7128.0,7144.5,2226,6
1673352000,7143.7,7150.5,7134.5,7142.5,2254,8
1673366400,7141.7,7163.7,7141.7,7157.4,4094,8
1673380800,7156.5,7170.7,7155.7,7164.4,2130,8
1673395200,7155.4,7204.8,7150.4,7203.1,1726,8
1673409600,7203.4,7208.8,7192.5,7196.5,1748,6
1673424000,7197.5,7217.8,7187.6,7213.8,2009,5
1673438400,7214.4,7226.8,7210.8,7224.8,2155,8
1673452800,7224.8,7232.0,7211.4,7226.0,2938,8
1673467200,7227.0,7254.8,7222.4,7251.7,1714,8
1673481600,7255.8,7285.9,7240.8,7283.9,1559,8
1673496000,7282.8,7299.4,7274.8,7287.6,1638,6
1673510400,7286.6,7300.9,7284.6,7295.7,1653,8
1673524800,7294.8,7326.9,7273.8,7321.9,3215,8
1673539200,7322.9,7328.1,7267.8,7323.9,4426,8
1673553600,7323.8,7330.1,7307.1,7325.8,2424,8
1673568000,7316.9,7364.3,7313.9,7349.3,1962,8
1673582400,7349.3,7349.3,7328.0,7331.2,1836,6
1673596800,7332.2,7350.3,7326.9,7348.3,2144,8
1673611200,7346.9,7350.3,7309.9,7321.3,2771,8
1673625600,7319.9,7358.5,7314.9,7356.5,3383,8
1673640000,7354.9,7375.5,7350.9,7372.2,1260,8
1673827200,7364.1,7407.6,7364.1,7397.6,1637,4
1673841600,7397.6,7406.1,7384.3,7388.3,1528,5
1673856000,7389.3,7400.6,7372.1,7375.3,1542,8
1673870400,7373.1,7387.9,7372.1,7385.0,1202,8
1673884800,7382.1,7389.1,7380.1,7380.1,1305,8
1673899200,7380.1,7385.0,7378.1,7378.1,139,8
1673913600,7370.9,7408.9,7362.4,7381.1,1777,0
1673928000,7378.5,7395.1,7378.5,7388.5,1577,8
1673942400,7391.5,7399.5,7380.5,7393.2,1726,8
1673956800,7394.2,7409.2,7387.5,7405.2,2117,8
1673971200,7404.2,7440.4,7400.5,7413.4,3507,5
1673985600,7410.5,7417.4,7401.5,7405.2,1706,8
1674000000,7395.3,7405.1,7388.3,7401.1,3010,0
1674014400,7400.2,7421.1,7382.2,7400.7,4967,4
1674028800,7400.7,7408.4,7391.2,7402.8,3526,8
1674043200,7403.9,7422.1,7400.8,7419.9,2071,4
1674057600,7419.9,7433.1,7382.9,7384.8,3722,6
1674072000,7384.9,7397.2,7369.9,7369.9,2064,6
1674086400,7390.9,7429.8,7383.8,7426.7,3981,4
1674100800,7426.8,7452.7,7424.7,7439.9,3186,6
1674115200,7440.9,7456.9,7434.9,7438.9,3659,5
1674129600,7439.9,7446.9,7414.7,7427.7,2498,8
1674144000,7428.7,7443.7,7419.7,7429.7,3673,8
1674158400,7430.7,7460.7,7429.1,7449.1,2614,8
1674172800,7441.5,7463.5,7431.2,7450.2,1876,4
1674187200,7449.6,7463.5,7436.7,7458.9,1928,4
1674201600,7459.9,7468.7,7427.8,7435.4,3186,8
1674216000,7435.5,7451.5,7431.9,7442.5,2273,8
1674230400,7442.5,7468.5,7430.4,7460.4,3496,8
1674244800,7460.4,7493.4,7455.4,7490.1,1622,5
1674432000,7485.2,7490.2,7441.3,7462.4,3091,4
1674446400,7462.4,7474.2,7454.5,7455.5,2950,6
1674460800,7454.5,7470.6,7443.5,7443.5,2905,4
1674475200,7446.2,7469.2,7439.5,7463.3,1973,4
1674489600,7463.3,7488.3,7455.7,7482.8,3719,8
1674504000,7484.2,7493.2,7466.0,7488.7,2307,8
1674518400,7494.9,7497.9,7459.2,7482.9,2801,4
1674532800,7484.9,7506.3,7482.9,7493.5,2947,6
1674547200,7492.5,7497.9,7474.6,7474.9,2850,8
1674561600,7477.9,7484.9,7462.9,7469.9,2032,8
1674576000,7469.4,7487.9,7455.7,7485.0,3806,8
1674590400,7486.9,7497.9,7477.8,7489.7,2065,8
1674604800,7500.3,7521.3,7456.5,7476.9,3890,4
1674619200,7476.6,7496.3,7466.1,7474.1,2873,6
1674633600,7475.1,7485.3,7458.2,7458.2,2492,8
1674648000,7461.3,7468.3,7447.2,7450.6,2270,8
1674662400,7452.3,7480.3,7445.3,7472.6,3573,8
1674676800,7473.6,7501.3,7470.3,7497.3,2072,5
1674720000,7510.2,7513.2,7500.5,7503.2,1596,8
1674734400,7499.8,7522.2,7498.6,7518.2,2033,8
1674748800,7517.4,7531.2,7495.9,7510.2,3418,8
1674763200,7510.2,7531.2,7504.9,7530.2,1563,8
1674777600,7525.1,7527.1,7487.7,7504.9,1740,4
1674792000,7504.9,7518.1,7492.6,7498.7,1337,6
1674806400,7498.7,7516.1,7496.9,7512.9,2729,7
1674820800,7515.1,7520.1,7500.9,7500.9,1352,4
1674835200,7500.9,7531.1,7493.9,7518.9,3114,4
1674849600,7518.7,7529.1,7510.9,7514.9,1450,8
1675036800,7509.1,7516.9,7479.9,7490.3,3284,4
1675051200,7495.1,7504.0,7481.5,7490.2,2033,6
1675065600,7490.2,7498.1,7467.7,7483.5,2497,8
1675080000,7486.1,7496.1,7467.9,7492.5,2292,8
1675094400,7496.1,7520.1,7490.0,7493.7,3765,8
1675108800,7492.7,7506.1,7483.5,7484.4,2175,8
1675123200,7487.9,7527.9,7477.3,7497.4,1920,8
1675137600,7498.4,7503.9,7469.4,7479.1,2299,6
1675152000,7479.1,7500.9,7472.5,7477.5,2136,8
1675166400,7481.9,7504.4,7463.4,7500.4,2330,8
1675180800,7504.9,7522.9,7488.6,7517.6,3380,8
1675195200,7520.9,7538.9,7514.6,7536.3,1208,6
1675209600,7538.7,7549.7,7510.6,7517.6,1450,7
1675224000,7520.7,7522.7,7500.2,7511.2,1908,6
1675238400,7510.2,7519.7,7499.3,7504.5,1978,8
1675252800,7505.2,7516.7,7496.2,7507.5,2028,8
1675267200,7507.5,7518.7,7478.4,7479.7,3136,8
1675281600,7479.7,7556.7,7466.6,7534.5,3768,4
1675296000,7543.3,7557.3,7525.5,7532.3,1758,8
1675310400,7532.3,7535.3,7504.6,7507.6,2175,4
1675324800,7506.6,7538.3,7506.6,7529.8,2900,8
1675339200,7532.3,7561.3,7524.9,7555.9,2457,8
1675353600,7555.9,7565.3,7520.1,7540.1,3864,4
1675368000,7539.1,7556.3,7518.1,7542.8,2592,8
1675382400,7530.3,7553.3,7505.4,7539.7,3882,4
1675396800,7540.5,7579.9,7536.4,7565.1,3242,6
1675411200,7566.1,7574.1,7548.4,7565.4,2621,8
1675425600,7565.4,7587.3,7547.3,7560.4,1950,4
1675440000,7559.4,7603.3,7546.4,7579.6,4304,4
1675454400,7578.6,7587.3,7563.6,7580.3,2140,0
1675641600,7566.5,7575.5,7539.7,7539.7,1779,8
1675656000,7539.7,7563.3,7535.7,7556.8,1687,6
1675670400,7557.8,7558.8,7528.7,7529.7,1999,8
1675684800,7531.5,7548.1,7523.7,7538.0,2154,8
1675699200,7537.1,7553.5,7517.8,7539.9,3636,8
1675713600,7541.3,7548.2,7532.8,7542.6,2275,8
1675728000,7541.4,7560.4,7517.3,7554.4,1696,8
1675742400,7552.4,7555.4,7491.2,7495.2,1975,6
1675756800,7495.2,7507.4,7482.5,7494.1,1752,8
1675771200,7496.4,7499.4,7476.3,7483.4,1847,8
1675785600,7483.4,7519.4,7463.3,7515.7,3513,6
1675800000,7517.6,7540.4,7466.7,7533.4,3222,8
1675814400,7537.9,7537.9,7516.9,7526.0,1441,8
1675828800,7527.9,7541.5,7522.0,7531.7,1226,6
1675843200,7532.7,7536.9,7517.0,7524.0,1570,8
1675857600,7525.9,7529.3,7509.0,7515.0,1539,8
1675872000,7516.9,7529.4,7487.1,7507.2,3369,8
1675886400,7508.9,7515.9,7491.8,7501.9,2268,5
1675900800,7500.9,7520.9,7486.0,7504.0,1223,8
1675915200,7504.0,7505.9,7477.7,7485.7,1635,6
1675929600,7484.7,7524.9,7482.8,7524.0,1588,8
1675944000,7525.0,7537.9,7516.0,7521.8,1241,8
1675958400,7522.9,7523.9,7474.2,7484.2,3420,8
1675972800,7482.2,7484.9,7450.2,7461.9,2376,4
1675987200,7461.7,7469.3,7424.5,7438.5,1528,8
1676001600,7440.3,7449.3,7419.4,7429.2,1376,6
1676016000,7429.2,7451.3,7424.6,7430.5,1681,6
1676030400,7429.5,7435.3,7396.3,7417.5,1593,6
1676044800,7416.5,7431.7,7405.7,7426.7,2747,8
1676059200,7428.3,7438.7,7415.3,7430.4,1183,8
1676246400,7434.7,7439.7,7399.5,7414.9,1511,8
1676260800,7413.9,7430.4,7401.2,7420.8,1383,6
1676275200,7420.8,7444.7,7420.8,7437.9,1538,8
1676289600,7436.9,7449.7,7428.3,7442.9,1438,8
1676304000,7444.7,7468.7,7434.6,7466.1,2256,8
1676318400,7461.7,7476.7,7453.8,7473.8,1172,8
1676332800,7467.9,7479.9,7441.2,7445.9,1079,8
1676347200,7445.9,7445.9,7426.6,7430.6,1423,5
1676361600,7430.6,7450.9,7426.6,7445.9,1354,8
1676376000,7446.9,7472.9,7427.8,7433.9,2681,8
1676390400,7433.9,7467.2,7397.1,7415.6,4723,8
1676404800,7417.9,7445.9,7416.1,7433.8,2671,8
1676419200,7432.4,7436.3,7338.1,7344.4,1996,4
1676433600,7343.4,7362.4,7329.3,7345.1,1514,4
1676448000,7344.1,7378.4,7342.9,7370.4,1478,8
1676462400,7372.4,7380.4,7345.1,7357.4,1694,4
1676476800,7359.4,7380.4,7347.1,7369.6,3739,6
1676491200,7368.6,7391.4,7362.3,7389.3,1759,8
1676505600,7395.0,7426.0,7358.4,7404.5,1964,8
1676520000,7408.0,7419.0,7395.8,7406.4,1530,7
1676534400,7406.4,7426.0,7399.6,7411.5,1872,8
1676548800,7415.0,7419.0,7368.4,7374.3,1939,6
1676563200,7375.2,7421.0,7365.1,7411.7,3644,8
1676577600,7412.7,7425.0,7384.5,7392.4,2304,5
1676592000,7398.4,7399.4,7353.0,7362.5,2466,4
1676606400,7363.5,7366.4,7339.3,7344.2,2070,4
1676620800,7343.2,7353.4,7314.2,7337.4,2596,5
1676635200,7337.4,7346.4,7321.1,7336.3,2216,8
1676649600,7345.4,7358.4,7326.1,7333.6,3277,8
1676664000,7337.4,7357.4,7328.2,7346.4,1566,8
1676851200,7357.1,7369.1,7324.6,7352.1,1441,4
1676865600,7352.1,7361.1,7335.9,7347.7,1532,5
1676880000,7348.7,7363.1,7319.4,7328.9,1568,5
1676894400,7336.1,7341.1,7319.5,7327.4,1177,6
1676908800,7339.1,7340.1,7318.5,7325.1,1052,8
1676923200,7331.1,7333.1,7317.6,7321.9,337,8
1676937600,7319.7,7334.7,7289.5,7326.8,1731,8
1676952000,7326.8,7346.7,7316.7,7328.6,1384,5
1676966400,7328.6,7337.7,7296.6,7321.8,1915,5
1676980800,7322.8,7334.7,7307.5,7318.8,2162,8
1676995200,7318.8,7332.7,7290.6,7302.0,3562,5
1677009600,7308.7,7308.7,7275.6,7282.8,1843,8
1677024000,7275.5,7319.5,7257.9,7315.5,1861,0
1677038400,7320.5,7321.5,7291.6,7299.2,1611,8
1677052800,7300.2,7310.5,7274.0,7289.5,2057,8
1677067200,7293.5,7307.5,7271.0,7301.5,2313,6
1677081600,7301.5,7309.5,7273.9,7301.7,3173,8
1677096000,7305.5,7311.5,7268.6,7283.4,2630,7
1677110400,7248.7,7300.9,7244.7,7284.9,1489,8
1677124800,7250.7,7289.9,7242.7,7277.6,1309,8
1677139200,7278.6,7284.9,7227.7,7261.4,1789,8
1677153600,7232.7,7270.9,7222.7,7267.9,2052,8
1677168000,7267.9,7288.1,7206.7,7254.1,3347,8
1677182400,7253.1,7290.1,7215.7,7285.8,2030,8
1677196800,7245.0,7311.7,7234.0,7303.7,1955,8
1677211200,7303.7,7310.7,7262.0,7301.5,1685,8
1677225600,7301.5,7304.7,7252.0,7253.0,1626,8
1677240000,7253.0,7291.7,7205.0,7249.7,2064,4
1677254400,7248.7,7252.9,7187.0,7227.9,3213,6
1677268800,7192.0,7257.9,7191.0,7250.7,1513,8
1677456000,7208.2,7250.3,7156.2,7226.3,1791,8
1677470400,7227.3,7228.3,7175.2,7211.1,1606,8
1677484800,7211.1,7242.3,7186.2,7207.2,1714,8
1677499200,7207.2,7256.3,7202.2,7255.3,1577,8
1677513600,7256.3,7269.5,7214.2,7253.5,2619,8
1677528000,7221.2,7262.5,7211.2,7251.3,1657,8
1677542400,7217.9,7274.5,7213.9,7268.4,1251,4
1677556800,7268.4,7269.4,7214.9,7249.2,1211,4
1677571200,7249.2,7256.2,7186.9,7237.4,1831,5
1677585600,7200.9,7253.4,7199.9,7252.4,1645,8
1677600000,7252.4,7253.4,7182.9,7238.6,3275,5
1677614400,7202.9,7242.6,7187.9,7229.4,1871,5
1677628800,7180.8,7260.7,7175.8,7257.7,1706,4
1677643200,7221.8,7269.7,7213.8,7253.5,1644,8
1677657600,7253.5,7262.7,7211.8,7256.7,1778,8
1677672000,7256.7,7266.7,7201.8,7241.7,2044,8
1677686400,7205.8,7260.9,7194.8,7254.9,3560,4
1677700800,7255.9,7256.9,7206.8,7253.7,2102,8
1677715200,7212.8,7278.7,7200.8,7247.7,1884,4
1677729600,7247.7,7256.7,7208.8,7242.7,1498,8
1677744000,7241.7,7245.7,7177.8,7219.1,1824,4
1677758400,7218.2,7235.7,7179.8,7220.7,2426,8
1677772800,7219.7,7250.9,7185.8,7246.3,3432,5
1677787200,7216.8,7277.9,7214.8,7274.7,2022,5
1677801600,7232.6,7287.0,7231.6,7278.0,1474,8
1677816000,7278.0,7291.0,7240.6,7273.8,1480,8
1677830400,7272.8,7287.1,7238.6,7284.1,1789,8
1677844800,7285.1,7294.1,7249.6,7289.9,1658,8
1677859200,7258.6,7330.3,7255.6,7327.0,2783,8
1677873600,7295.6,7347.3,7294.6,7342.0,1084,8
1678060800,7301.2,7342.5,7286.2,7329.5,1724,8
1678075200,7328.5,7345.5,7291.2,7332.2,1714,8
1678089600,7331.2,7340.5,7292.2,7324.6,1872,8
1678104000,7325.5,7330.5,7284.2,7325.6,1764,8
1678118400,7324.7,7339.7,7288.2,7324.7,2724,8
1678132800,7291.2,7325.7,7276.2,7320.4,1795,8
1678147200,7279.5,7329.6,7268.5,7329.6,1403,8
1678161600,7294.5,7376.7,7292.5,7364.4,2175,8
1678176000,7364.4,7378.0,7326.5,7362.1,1568,8
1678190400,7331.5,7374.0,7330.5,7370.0,1434,8
1678204800,7371.0,7371.0,7285.5,7328.2,3697,8
1678219200,7326.9,7328.2,7267.5,7312.9,2069,8
1678233600,7277.7,7328.3,7267.7,7298.3,1543,4
1678248000,7274.7,7311.3,7267.7,7301.1,1630,8
1678262400,7301.1,7321.3,7277.7,7321.3,1748,4
1678276800,7297.7,7336.3,7294.7,7328.3,1724,8
1678291200,7327.3,7348.5,7298.7,7332.5,3469,8
1678305600,7333.5,7342.6,7299.7,7337.6,1858,8
1678320000,7310.6,7323.6,7298.8,7308.8,1385,4
1678334400,7308.8,7330.8,7306.8,7315.0,1421,4
1678348800,7314.0,7319.6,7281.0,7283.2,1405,5
1678363200,7282.2,7312.2,7281.1,7311.2,1983,4
1678377600,7312.2,7327.6,7296.1,7298.4,3160,8
1678392000,7298.0,7301.4,7233.4,7235.2,2464,4
1678406400,7243.2,7249.6,7166.0,7171.6,1853,4
1678420800,7172.2,7183.6,7131.2,7140.4,2105,4
1678435200,7141.4,7170.2,7132.6,7153.6,2453,8
1678449600,7152.6,7168.2,7109.6,7162.6,3237,5
1678464000,7162.6,7180.8,7120.8,7122.8,4698,4
1678478400,7122.8,7135.8,7095.7,7104.6,2251,4
1678665600,7193.5,7193.5,7069.4,7102.4,3617,4
1678680000,7102.4,7142.4,7094.2,7109.2,2324,4
1678694400,7109.2,7126.5,6995.4,7015.4,3565,4
1678708800,7015.4,7044.4,6926.5,6988.6,5907,4
1678723200,6988.6,6993.6,6936.6,6980.0,9690,4
1678737600,6980.5,7004.5,6971.2,6987.2,4310,4
1678752000,6983.9,7036.7,6948.7,6963.7,3045,4
1678766400,6964.7,7008.7,6962.7,6983.9,2616,8
1678780800,6984.9,6989.7,6952.7,6977.7,3863,4
1678795200,6977.7,7041.2,6968.7,7023.7,4438,4
1678809600,7024.2,7055.7,7000.3,7024.7,4228,8
1678824000,7024.7,7053.1,6981.3,7047.9,1412,4
1678838400,7042.6,7069.8,7018.4,7034.4,2395,4
1678852800,7032.5,7065.5,7031.5,7058.6,1848,7
1678867200,7059.6,7072.5,6984.9,6988.9,4411,8
1678881600,6988.9,6993.9,6898.4,6923.9,6734,7
1678896000,6923.4,6944.9,6888.5,6917.4,8030,4
1678910400,6916.9,6953.6,6904.4,6947.6,4389,5
1678924800,6947.8,6975.6,6903.8,6960.6,3569,4
1678939200,6961.6,6973.6,6945.7,6947.8,2318,4
1678953600,6949.8,6959.6,6888.6,6910.6,3987,7
1678968000,6909.6,6920.6,6860.6,6909.1,5059,4
1678982400,6910.1,6972.1,6866.6,6959.6,7134,4
1678996800,6959.1,6984.1,6952.6,6976.8,2082,6
1679011200,6974.1,6987.9,6949.5,6970.7,2140,4
1679025600,6969.8,6994.7,6968.5,6986.9,2081,8
1679040000,6986.9,7004.8,6975.9,6986.4,3788,5
1679054400,6985.5,6986.4,6910.4,6921.9,6063,8
1679068800,6922.0,6935.9,6887.9,6910.9,6548,8
1679083200,6912.4,6915.4,6889.0,6890.6,2237,8
1679270400,6931.8,6981.5,6924.8,6943.8,2743,4
1679284800,6943.8,6953.3,6882.0,6885.0,2272,8
1679299200,6884.0,6910.9,6824.8,6905.9,5883,6
1679313600,6906.9,6944.3,6898.8,6941.4,5283,4
1679328000,6940.9,6966.9,6928.8,6947.9,5924,4
1679342400,6947.9,6949.4,6936.0,6944.0,2193,8
1679356800,6943.7,6988.6,6943.7,6987.6,2748,7
1679371200,6988.1,6990.1,6949.7,6952.7,1926,8
1679385600,6953.7,6999.6,6951.7,6998.6,3195,7
1679400000,6998.1,7017.1,6993.6,7013.8,3259,8
1679414400,7014.7,7023.1,6993.8,6999.9,4604,7
1679428800,7000.8,7031.1,6999.9,7017.7,1524,4
1679443200,7017.6,7034.0,7008.8,7020.6,1813,7
1679457600,7020.0,7027.6,7007.9,7011.7,1507,8
1679472000,7010.7,7016.6,6992.2,7002.1,2156,7
1679486400,7004.0,7021.0,6996.2,7017.1,2386,8
1679500800,7017.1,7030.1,7002.5,7013.2,3512,8
1679515200,7013.2,7037.1,6951.7,6960.7,6375,6
1679529600,6960.5,6975.7,6945.9,6960.2,3160,6
1679544000,6959.4,6979.2,6954.9,6967.5,2256,6
1679558400,6966.5,6975.5,6950.8,6957.2,3956,7
1679572800,6956.4,6979.2,6936.8,6968.8,3293,8
1679587200,6969.6,6999.2,6943.8,6948.2,4778,8
1679601600,6948.2,6952.4,6905.8,6935.5,4380,8
1679616000,6948.2,6948.2,6913.2,6940.2,2780,7
1679630400,6940.3,6962.2,6935.6,6951.2,2213,4
1679644800,6952.2,6967.2,6900.1,6901.9,5548,5
1679659200,6901.9,6928.1,6881.1,6923.9,6709,4
1679673600,6923.1,6952.3,6903.5,6945.1,5866,4
1679688000,6945.3,6960.3,6941.9,6951.2,1210,8
1679875200,6967.4,6989.4,6964.1,6972.2,1648,4
1679889600,6972.2,6979.4,6956.8,6963.2,2049,4
1679904000,6963.8,6979.3,6934.1,6956.7,4499,4
1679918400,6956.1,6986.4,6949.7,6981.7,2621,4
1679932800,6982.0,6987.4,6957.0,6980.0,2946,4
1679947200,6981.4,7000.4,6973.0,6993.2,2223,4
1679961600,6990.1,7047.0,6988.1,7036.9,1676,4
1679976000,7037.6,7042.0,7016.7,7023.9,1920,4
1679990400,7026.0,7047.2,7017.8,7021.0,3376,4
1680004800,7023.0,7026.0,6995.9,7000.0,2539,4
1680019200,7000.0,7018.0,6996.8,7002.9,3902,4
1680033600,7003.8,7008.0,6984.1,7000.3,2591,4
1680048000,6978.0,7036.6,6978.0,7032.2,1633,8
1680062400,7032.2,7049.2,7029.2,7046.9,1648,8
1680076800,7045.9,7081.2,7041.0,7077.6,2410,8
1680091200,7079.2,7099.2,7076.6,7092.6,1662,7
1680105600,7092.6,7103.2,7078.0,7087.9,3209,8
1680120000,7089.2,7104.2,7080.9,7089.0,2368,8
1680134400,7085.1,7125.2,7084.1,7119.7,1591,8
1680148800,7120.0,7125.2,7102.8,7115.0,1587,8
1680163200,7115.0,7145.2,7110.1,7142.7,2740,8
1680177600,7143.0,7167.2,7139.2,7157.0,1996,7
1680192000,7157.7,7168.2,7145.1,7151.7,3403,8
1680206400,7151.7,7160.2,7141.2,7151.3,2044,8
1680220800,7148.5,7183.4,7141.5,7171.1,1627,8
1680235200,7172.0,7181.0,7161.8,7174.1,1661,8
1680249600,7173.4,7179.1,7158.5,7161.1,2381,8
1680264000,7160.4,7190.4,7160.4,7180.4,1887,4
1680278400,7180.3,7219.0,7179.4,7211.0,2952,8
1680292800,7211.0,7219.0,7203.5,7211.5,1561,8
1680480000,7206.1,7243.2,7193.2,7236.5,1416,7
1680494400,7236.6,7248.6,7217.1,7218.2,2144,7
1680508800,7218.6,7233.1,7210.4,7225.5,2373,7
1680523200,7225.6,7229.6,7206.5,7212.5,1943,7
1680537600,7214.2,7232.6,7195.6,7214.2,3505,4
1680552000,7214.6,7240.5,7211.8,7229.2,2124,5
1680566400,7224.2,7237.1,7221.2,7237.1,927,8
1680580800,7236.1,7242.0,7216.0,7231.5,1715,4
1680595200,7233.0,7256.0,7231.4,7249.0,1844,8
1680609600,7249.0,7273.0,7249.0,7265.1,1602,8
1680624000,7265.0,7268.0,7214.0,7227.5,4273,8
1680638400,7226.3,7235.5,7217.0,7228.4,2501,7
1680652800,7230.8,7261.7,7220.6,7241.6,1357,6
1680667200,7241.7,7245.6,7224.3,7232.8,1982,8
1680681600,7232.8,7244.8,7227.9,7234.6,2374,7
1680696000,7234.6,7251.6,7230.9,7239.6,2303,8
1680710400,7239.6,7247.1,7210.8,7225.1,3882,8
1680724800,7225.1,7240.1,7223.8,7231.0,2128,8
1680739200,7230.7,7247.5,7217.7,7238.5,1182,7
1680753600,7237.6,7239.5,7197.4,7203.6,1596,7
1680768000,7203.6,7238.5,7203.6,7237.6,1664,8
1680782400,7237.6,7250.5,7230.6,7240.6,1438,8
1680796800,7240.6,7243.5,7226.6,7229.5,584,8
1681171200,7288.0,7320.0,7270.9,7311.3,900,8
1681185600,7310.3,7327.3,7307.3,7311.3,1464,7
1681200000,7311.3,7320.0,7307.5,7317.3,1638,7
1681214400,7317.0,7325.3,7305.0,7315.0,1276,8
1681228800,7315.0,7343.0,7313.3,7340.8,2348,8
1681243200,7341.0,7353.3,7339.0,7342.0,1341,8
1681257600,7342.0,7374.0,7334.2,7370.0,952,7
1681272000,7369.2,7373.0,7340.2,7343.2,1165,8
1681286400,7343.2,7362.0,7336.2,7355.2,1373,8
1681300800,7355.2,7389.0,7355.0,7375.2,1521,4
1681315200,7375.2,7379.0,7347.0,7373.0,3601,8
1681329600,7373.5,7381.5,7337.5,7342.4,2646,8
1681344000,7336.1,7350.3,7328.1,7340.9,981,8
1681358400,7340.5,7346.9,7314.5,7317.9,1337,8
1681372800,7316.5,7338.9,7314.5,7323.9,1669,7
1681387200,7322.9,7331.9,7312.5,7328.9,1733,8
1681401600,7327.9,7336.4,7312.5,7335.4,2553,8
1681416000,7334.5,7351.4,7330.5,7342.3,1620,8
1681430400,7341.8,7350.0,7313.5,7327.6,924,7
1681444800,7328.5,7362.6,7328.5,7359.6,1187,7
1681459200,7360.6,7369.7,7357.5,7362.7,1458,8
1681473600,7361.5,7377.7,7359.5,7368.7,1800,4
1681488000,7367.7,7388.2,7352.5,7354.5,3717,8
1681502400,7354.5,7379.7,7351.5,7374.1,1984,8
1681689600,7374.4,7400.6,7367.4,7386.2,915,8
1681704000,7385.2,7396.2,7374.2,7378.2,1127,8
1681718400,7377.4,7392.4,7373.4,7374.2,1482,8
1681732800,7373.2,7376.4,7355.2,7357.4,1285,8
1681747200,7357.4,7361.7,7336.4,7346.7,2898,8
1681761600,7346.4,7366.7,7342.4,7362.6,1206,8
1681776000,7362.4,7373.3,7345.7,7358.9,791,8
1681790400,7357.9,7370.9,7341.7,7346.9,1122,8
1681804800,7347.9,7366.9,7345.7,7363.9,1282,8
1681819200,7362.7,7369.9,7358.7,7365.9,1138,8
1681833600,7365.9,7368.9,7346.7,7358.9,2316,7
1681848000,7358.4,7366.4,7351.7,7359.3,1513,8
1681862400,7359.6,7372.5,7352.6,7369.5,731,8
1681876800,7368.5,7378.5,7362.5,7364.4,1046,8
1681891200,7364.5,7370.4,7350.4,7353.4,1367,8
1681905600,7353.5,7354.5,7334.5,7339.4,1561,8
1681920000,7339.5,7362.9,7339.5,7361.9,1734,8
1681934400,7361.5,7367.9,7358.8,7358.8,1226,6
1681948800,7356.5,7386.3,7341.5,7352.0,1070,8
1681963200,7352.0,7379.3,7348.0,7379.3,1181,8
1681977600,7379.3,7379.3,7334.3,7341.3,1587,8
1681992000,7340.3,7344.3,7331.0,7334.3,1462,7
1682006400,7333.3,7353.8,7328.0,7353.3,2220,8
1682020800,7352.0,7356.3,7325.8,7329.7,1787,8
1682035200,7326.2,7341.0,7313.6,7340.0,1001,8
1682049600,7339.0,7345.0,7327.6,7329.0,1041,8
1682064000,7330.0,7344.0,7313.5,7343.0,1581,8
1682078400,7343.0,7350.0,7320.6,7332.0,1548,8
1682092800,7331.6,7336.0,7309.5,7327.5,3039,8
1682107200,7326.6,7336.0,7322.4,7322.4,1421,8
1682294400,7323.4,7343.5,7312.2,7322.2,752,17
1682308800,7321.2,7332.2,7319.0,7330.2,1213,7
1682323200,7329.0,7334.2,7316.0,7330.0,1447,8
1682337600,7330.0,7344.2,7329.0,7343.2,1112,8
1682352000,7342.2,7353.2,7331.0,7342.0,1957,8
1682366400,7342.0,7350.7,7337.0,7344.6,1190,8
1682409600,7324.8,7341.8,7324.8,7339.8,662,8
1682424000,7339.8,7345.8,7327.8,7343.8,693,8
1682438400,7344.8,7350.8,7321.8,7324.8,1334,8
1682452800,7324.8,7326.8,7295.8,7309.8,1233,8
1682467200,7309.8,7311.8,7287.8,7300.8,655,8
1682481600,7300.5,7327.8,7294.5,7312.8,1441,8
1682496000,7312.5,7331.9,7299.8,7320.8,2027,7
1682510400,7321.8,7324.8,7296.5,7318.5,2427,8
1682524800,7318.5,7325.3,7298.3,7315.3,2711,8
1682539200,7314.5,7318.3,7284.5,7295.2,2104,8
1682553600,7302.7,7305.5,7275.3,7278.5,720,8
1682568000,7279.5,7292.5,7273.3,7280.5,1038,8
1682582400,7279.3,7303.5,7275.3,7302.5,1701,8
1682596800,7302.3,7309.5,7296.3,7305.3,1554,8
1682611200,7305.3,7315.5,7293.3,7314.3,2572,8
1682625600,7314.3,7349.0,7313.3,7339.9,1606,7
1682640000,7336.3,7337.3,7309.1,7316.1,960,8
1682654400,7316.1,7329.1,7294.1,7299.1,1521,7
1682668800,7298.1,7323.2,7284.2,7287.1,2191,0
1682683200,7287.1,7323.1,7281.1,7319.2,1942,7
1682697600,7319.2,7363.1,7316.2,7362.1,3138,5
1682712000,7361.2,7370.1,7352.2,7364.5,1775,8
1682899200,7361.5,7375.3,7344.5,7364.3,972,7
1682913600,7363.4,7370.3,7342.4,7343.3,1148,8
1682928000,7343.4,7348.3,7334.3,7339.3,969,8
1682942400,7338.4,7341.4,7332.4,7340.3,782,8
1682956800,7339.4,7351.8,7323.4,7339.8,1696,7
1682971200,7339.4,7347.3,7328.4,7330.7,1630,8
1682985600,7330.4,7336.4,7309.2,7320.2,875,8
1683000000,7320.0,7334.2,7261.0,7261.2,1643,8
1683014400,7261.2,7283.6,7247.0,7249.2,2237,8
1683028800,7247.0,7259.2,7242.0,7242.2,1597,8
1683043200,7241.0,7242.0,7185.7,7206.7,4551,8
1683057600,7206.2,7232.0,7204.0,7219.2,2105,8
1683072000,7220.6,7226.6,7173.4,7202.5,1590,8
1683086400,7203.6,7206.5,7159.4,7170.5,2410,8
1683100800,7171.4,7211.5,7170.5,7196.5,2737,8
1683115200,7195.5,7206.6,7189.4,7189.5,2060,8
1683129600,7190.4,7205.0,7185.0,7202.0,3134,8
1683144000,7202.0,7216.9,7160.9,7160.9,6083,8
1683158400,7158.2,7159.2,7128.4,7158.1,1548,8
1683172800,7158.5,7195.5,7148.1,7194.1,1755,8
1683187200,7194.5,7201.0,7176.1,7187.1,2295,8
1683201600,7187.1,7195.0,7171.1,7182.0,3158,8
1683216000,7182.0,7195.0,7157.6,7167.6,5758,8
1683230400,7168.5,7180.6,7156.6,7161.5,2907,7
1683244800,7159.3,7201.2,7159.3,7192.2,1408,8
1683259200,7193.1,7217.1,7183.7,7215.7,1736,8
1683273600,7215.7,7224.3,7199.1,7216.2,2155,8
1683288000,7217.1,7238.1,7207.7,7228.2,2437,8
1683302400,7228.2,7271.7,7226.7,7270.7,2699,8
1683316800,7269.7,7298.7,7269.7,7284.6,1363,5
1683504000,7287.0,7298.8,7267.0,7268.9,1341,8
1683518400,7268.9,7278.8,7252.8,7276.8,1683,8
1683532800,7274.0,7280.8,7269.0,7273.8,1447,8
1683547200,7272.0,7287.8,7272.0,7282.9,839,8
1683561600,7282.0,7283.9,7264.0,7267.0,2012,8
1683576000,7267.0,7273.8,7257.0,7265.2,1417,8
1683590400,7269.4,7273.2,7231.3,7252.2,817,8
1683604800,7242.3,7268.2,7241.3,7261.2,1150,8
1683619200,7250.3,7270.2,7232.3,7247.2,1513,8
1683633600,7237.3,7251.2,7224.3,7235.2,1292,8
1683648000,7224.3,7249.7,7223.3,7249.2,2243,8
1683662400,7238.3,7258.7,7228.3,7237.6,1157,8
1683676800,7228.0,7247.8,7221.5,7241.8,737,8
1683691200,7241.8,7259.8,7230.5,7245.5,1323,8
1683705600,7245.5,7261.8,7218.5,7236.8,1715,7
1683720000,7236.8,7272.8,7224.5,7269.8,1541,4
1683734400,7269.8,7279.8,7212.5,7224.3,3524,4
1683748800,7214.5,7249.8,7195.5,7242.2,2315,8
1683763200,7229.5,7253.3,7225.5,7251.3,812,7
1683777600,7250.3,7253.3,7224.3,7243.3,1287,8
1683792000,7241.3,7260.3,7227.5,7249.3,1611,6
1683806400,7248.3,7259.3,7218.3,7222.3,2190,8
1683820800,7220.3,7223.8,7191.3,7222.9,3713,6
1683835200,7222.9,7237.3,7210.3,7232.0,1751,7
1683849600,7231.4,7254.3,7229.4,7247.3,956,8
1683864000,7246.1,7253.3,7231.1,7249.1,1529,8
1683878400,7249.1,7278.2,7247.4,7275.2,1989,8
1683892800,7275.3,7279.3,7264.1,7267.3,1572,8
1683907200,7268.2,7274.7,7244.1,7246.8,3077,4
1683921600,7245.8,7269.8,7241.1,7265.7,1873,8
1684108800,7252.9,7264.8,7234.8,7239.8,897,5
1684123200,7247.8,7272.8,7238.8,7264.8,1182,6
1684137600,7272.8,7288.8,7258.8,7276.8,1534,8
1684152000,7276.8,7286.8,7262.8,7263.8,1127,8
1684166400,7262.8,7282.8,7249.3,7275.3,2050,8
1684180800,7282.8,7286.8,7264.8,7272.2,1414,8
1684195200,7279.8,7279.8,7245.6,7258.6,969,8
1684209600,7257.6,7268.5,7237.6,7238.6,1260,8
1684224000,7246.5,7259.5,7221.7,7257.5,1493,8
1684238400,7257.5,7260.5,7235.6,7247.5,1472,7
1684252800,7246.5,7248.5,7211.1,7218.1,2460,8
1684267200,7225.5,7226.5,7190.1,7195.0,1387,8
1684281600,7195.4,7204.4,7158.3,7184.3,1018,8
1684296000,7191.4,7212.4,7183.3,7204.3,1206,7
1684310400,7212.4,7224.4,7190.9,7215.3,1691,8
1684324800,7223.4,7226.4,7206.3,7225.4,1320,8
1684339200,7225.4,7239.4,7195.7,7230.3,2258,8
1684353600,7230.8,7251.4,7230.8,7240.7,1675,8
1684368000,7248.4,7256.4,7230.4,7240.3,863,8
1684382400,7242.4,7247.4,7224.7,7234.4,1240,8
1684396800,7234.4,7258.4,7227.3,7246.3,1671,4
1684411200,7246.3,7257.4,7232.3,7233.3,1207,8
1684425600,7234.4,7240.4,7221.8,7223.8,2664,8
1684440000,7224.4,7257.4,7217.8,7255.7,2000,8
1684454400,7255.3,7273.2,7247.3,7269.2,1016,8
1684468800,7269.0,7294.2,7262.2,7286.0,1232,8
1684483200,7286.0,7290.0,7260.3,7286.2,1456,8
1684497600,7287.0,7295.2,7278.2,7295.0,1283,7
1684512000,7295.0,7296.2,7255.7,7267.7,3514,8
1684526400,7268.0,7283.0,7261.7,7270.6,1762,8
1684713600,7269.2,7288.1,7250.2,7274.9,990,8
1684728000,7274.9,7276.1,7249.9,7272.1,1277,8
1684742400,7270.9,7278.1,7253.2,7274.9,1348,8
1684756800,7274.9,7277.1,7265.9,7271.1,1288,8
1684771200,7270.9,7282.6,7264.1,7277.1,2893,8
1684785600,7277.6,7286.6,7268.9,7271.5,1435,8
1684800000,7271.7,7291.5,7262.7,7274.6,1132,5
1684814400,7274.6,7290.6,7269.6,7275.5,1929,8
1684828800,7274.8,7275.5,7250.5,7256.6,2092,8
1684843200,7255.8,7261.8,7252.6,7259.6,1611,8
1684857600,7259.8,7266.1,7244.8,7249.1,2725,8
1684872000,7248.8,7253.1,7222.8,7226.0,2417,8
1684886400,7226.5,7240.4,7224.5,7238.4,998,8
1684900800,7238.4,7240.4,7220.3,7221.3,1494,8
1684915200,7220.3,7224.4,7186.3,7204.4,2561,8
1684929600,7204.3,7206.4,7178.4,7180.3,2024,8
1684944000,7180.3,7186.3,7158.3,7171.9,2930,8
1684958400,7171.3,7180.9,7159.3,7178.8,2425,8
1684972800,7175.2,7183.4,7146.0,7172.8,1453,8
1684987200,7172.8,7175.8,7128.0,7131.0,1558,8
1685001600,7130.0,7151.2,7123.1,7143.8,2466,8
1685016000,7143.8,7151.0,7128.8,7144.0,2313,8
1685030400,7143.1,7147.0,7106.6,7122.0,3457,8
1685044800,7122.6,7145.6,7118.6,7135.9,2123,8
1685059200,7130.6,7141.5,7120.4,7135.7,945,8
1685073600,7135.7,7153.5,7130.5,7148.5,1232,8
1685088000,7147.7,7173.4,7140.5,7160.5,1822,7
1685102400,7161.4,7181.7,7151.5,7177.5,2028,8
1685116800,7177.4,7227.0,7176.5,7222.0,2941,8
1685131200,7221.4,7233.0,7214.7,7226.9,1388,8
1685318400,7224.2,7260.2,7224.2,7231.8,1421,8
1685332800,7231.8,7242.0,7225.0,7226.8,1581,8
1685347200,7228.0,7233.9,7218.0,7219.8,1583,8
1685361600,7219.8,7222.0,7204.0,7207.8,1055,8
1685376000,7208.0,7218.3,7204.0,7215.3,703,8
1685390400,7215.0,7218.3,7211.2,7211.2,413,8
1685404800,7210.7,7227.6,7195.6,7226.6,1085,8
1685419200,7226.6,7229.6,7208.6,7217.6,1618,8
1685433600,7216.7,7217.6,7189.7,7206.7,2435,8
1685448000,7206.7,7217.5,7202.7,7210.5,1864,8
1685462400,7210.6,7213.5,7165.1,7175.1,3328,8
1685476800,7174.7,7178.1,7157.7,7172.0,1900,8
1685491200,7169.5,7183.5,7154.4,7160.3,992,8
1685505600,7159.4,7160.4,7112.4,7120.3,1737,8
1685520000,7118.4,7119.4,7077.5,7106.4,3021,8
1685534400,7105.4,7114.4,7084.4,7087.4,1960,8
1685548800,7087.4,7091.3,7053.4,7073.3,2950,8
1685563200,7073.9,7088.9,7071.4,7075.8,1818,8
1685577600,7074.2,7095.4,7074.2,7080.0,1240,8
1685592000,7080.1,7133.1,7080.1,7113.1,2458,8
1685606400,7113.1,7125.1,7103.1,7120.0,2173,8
1685620800,7120.0,7126.0,7105.0,7106.0,1938,8
1685635200,7105.1,7156.6,7099.0,7156.6,2854,8
1685649600,7155.4,7164.6,7153.4,7160.5,1410,8
1685664000,7160.4,7166.9,7146.0,7148.9,1134,8
1685678400,7149.1,7161.9,7125.8,7139.9,1799,8
1685692800,7140.1,7162.9,7134.9,7162.9,2066,8
1685707200,7161.9,7180.8,7157.1,7177.9,2240,7
1685721600,7177.8,7222.4,7171.1,7221.4,3019,8
1685736000,7221.1,7235.4,7219.1,7220.3,1333,8
1685923200,7218.3,7246.1,7206.3,7229.2,1361,8
1685937600,7230.1,7236.2,7220.9,7223.2,1680,8
1685952000,7222.9,7239.2,7209.9,7229.2,2069,8
1685966400,7228.9,7234.1,7220.9,7222.2,1408,8
1685980800,7221.9,7226.1,7181.9,7209.7,2478,8
1685995200,7209.7,7209.7,7176.9,7180.6,1848,8
1686009600,7179.9,7183.3,7155.1,7165.7,1039,8
1686024000,7166.7,7187.0,7125.9,7142.0,1910,8
1686038400,7142.0,7151.0,7122.1,7126.9,2850,8
1686052800,7125.7,7137.0,7125.0,7128.9,1635,8
1686067200,7128.0,7161.9,7120.7,7152.5,2793,8
1686081600,7151.9,7170.5,7148.7,7157.4,1593,8
1686096000,7155.6,7169.5,7142.8,7148.5,953,8
1686110400,7148.5,7151.5,7128.8,7142.5,1343,8
1686124800,7140.8,7143.5,7107.8,7117.4,1760,8
1686139200,7115.8,7125.5,7110.8,7114.5,1326,7
1686153600,7113.8,7132.0,7110.5,7114.0,2995,8
1686168000,7112.8,7123.0,7104.8,7111.9,1777,8
1686182400,7109.4,7122.3,7099.4,7115.3,955,8
1686196800,7115.3,7121.3,7092.6,7096.3,1485,8
1686211200,7094.6,7112.3,7091.3,7104.3,1711,8
1686225600,7104.3,7114.3,7102.6,7106.3,1440,8
1686240000,7105.3,7119.3,7083.6,7117.8,2559,8
1686254400,7116.8,7134.8,7105.6,7127.7,1296,8
1686268800,7123.9,7142.9,7101.2,7117.8,969,8
1686283200,7116.2,7130.8,7116.2,7125.8,1217,8
1686297600,7125.2,7127.8,7101.8,7116.8,1714,8
1686312000,7117.8,7123.8,7102.8,7112.8,1710,8
1686326400,7112.8,7121.3,7090.2,7098.3,3487,7
1686340800,7097.2,7105.3,7090.4,7091.2,1638,8
1686556800,7110.6,7110.6,7088.6,7100.6,774,8
1686571200,7100.6,7102.6,7086.6,7100.6,1132,8
1686585600,7100.6,7103.6,7089.6,7103.6,1820,8
1686600000,7103.6,7122.6,7099.6,7120.6,810,8
1686614400,7120.6,7145.4,7103.8,7107.8,764,8
1686628800,7107.4,7141.8,7103.4,7132.8,1540,8
1686643200,7132.8,7158.4,7132.8,7154.8,1759,8
1686657600,7154.4,7173.8,7135.2,7173.8,1595,7
1686672000,7173.8,7192.8,7169.8,7181.4,3688,8
1686686400,7181.4,7189.8,7177.3,7183.2,2089,8
1686700800,7181.7,7187.5,7156.5,7159.6,1216,7
1686715200,7160.6,7170.1,7149.6,7161.6,1521,7
1686729600,7162.6,7193.1,7151.9,7191.6,1626,7
1686744000,7194.1,7206.1,7187.6,7198.1,1297,8
1686758400,7198.1,7203.1,7187.1,7195.1,2704,8
1686772800,7198.1,7198.1,7171.1,7189.0,3895,8
1686787200,7191.1,7202.5,7169.7,7190.6,1053,7
1686801600,7189.6,7196.5,7163.6,7181.6,1497,8
1686816000,7184.5,7191.5,7168.7,7174.6,1756,8
1686830400,7173.6,7184.5,7164.6,7179.6,2092,8
1686844800,7178.6,7207.5,7176.0,7201.1,2712,8
1686859200,7203.5,7214.5,7195.1,7206.5,1504,8
1686873600,7206.5,7222.1,7192.4,7219.3,922,8
1686888000,7220.1,7269.1,7215.3,7252.3,1374,8
1686902400,7255.1,7282.1,7248.3,7280.3,1988,7
1686916800,7282.1,7311.1,7266.3,7307.3,1797,8
1686931200,7310.1,7311.1,7285.8,7302.8,3183,8
1686945600,7305.1,7305.1,7262.3,7265.7,1693,8
1687132800,7263.5,7289.5,7263.5,7288.5,734,8
1687147200,7288.5,7314.5,7275.5,7303.5,981,8
1687161600,7303.5,7320.5,7298.5,7320.5,794,8
1687176000,7320.5,7336.5,7318.5,7334.5,629,8
1687190400,7334.5,7334.5,7314.6,7320.7,698,8
1687204800,7320.2,7327.2,7318.7,7321.6,463,8
1687219200,7320.7,7337.9,7312.7,7321.6,981,8
1687233600,7324.1,7382.1,7316.6,7378.1,1569,8
1687248000,7378.1,7386.1,7361.7,7368.6,1941,8
1687262400,7371.1,7392.6,7364.6,7392.6,1481,0
1687276800,7392.6,7395.1,7353.1,7369.1,2636,8
1687291200,7372.1,7375.1,7349.0,7349.0,1441,7
1687305600,7351.1,7371.0,7348.2,7357.1,1075,8
1687320000,7357.1,7362.0,7345.1,7349.1,1225,8
1687334400,7351.0,7352.0,7316.2,7339.1,1792,8
1687348800,7339.1,7345.0,7315.0,7315.1,1684,8
1687363200,7315.1,7330.0,7295.6,7319.6,2916,6
1687377600,7318.6,7331.0,7309.6,7313.5,1612,8
1687392000,7311.8,7320.8,7257.7,7264.7,1093,8
1687406400,7265.8,7267.8,7198.7,7209.7,1598,8
1687420800,7210.8,7210.8,7172.7,7190.8,2306,8
1687435200,7190.8,7193.8,7151.7,7157.7,1765,8
1687449600,7156.7,7198.8,7152.1,7192.2,2663,7
1687464000,7193.8,7193.8,7177.2,7187.4,1406,8
1687478400,7184.3,7204.5,7145.1,7173.1,1743,8
1687492800,7173.6,7174.6,7093.2,7096.1,2915,8
1687507200,7096.2,7118.6,7090.1,7111.2,2771,8
1687521600,7112.6,7119.6,7070.2,7071.2,1817,8
1687536000,7071.6,7099.6,7061.6,7096.7,2780,6
1687550400,7097.6,7100.6,7076.7,7086.6,1748,5
1687737600,7090.9,7115.9,7068.7,7086.7,1799,5
1687752000,7086.9,7096.9,7059.7,7079.7,1928,6
1687766400,7079.9,7086.7,7057.7,7062.7,2322,4
1687780800,7064.9,7093.9,7062.7,7082.7,1357,7
1687795200,7083.7,7106.2,7077.7,7101.2,2762,8
1687809600,7100.2,7111.2,7098.2,7099.1,1433,8
1687824000,7093.8,7126.6,7092.8,7113.6,1044,7
1687838400,7113.8,7130.8,7106.6,7123.6,1556,8
1687852800,7124.8,7133.8,7110.8,7119.6,1561,7
1687867200,7119.8,7122.6,7096.7,7097.6,1324,8
1687881600,7096.7,7138.8,7094.7,7136.1,2366,8
1687896000,7136.1,7154.8,7134.6,7141.0,940,8
1687910400,7141.8,7174.6,7124.0,7171.9,1809,4
1687924800,7172.6,7220.9,7151.6,7196.1,3189,7
1687939200,7195.9,7214.6,7179.9,7184.9,2231,8
1687953600,7183.9,7196.6,7173.6,7179.6,1128,8
1687968000,7179.9,7201.6,7166.9,7178.9,2201,7
1687982400,7178.6,7201.6,7176.6,7194.6,1276,8
1687996800,7198.6,7226.4,7179.4,7218.4,1334,8
1688011200,7218.4,7230.5,7194.5,7201.3,2032,8
1688025600,7201.5,7205.4,7179.3,7194.4,1873,7
1688040000,7195.4,7205.4,7181.5,7186.5,1357,8
1688054400,7187.5,7200.4,7177.8,7193.8,2350,8
1688068800,7195.4,7206.4,7188.8,7201.7,1251,8
1688083200,7200.9,7208.1,7164.7,7167.2,1301,8
1688097600,7168.2,7213.1,7166.2,7197.8,2120,7
1688112000,7197.3,7222.1,7181.8,7196.8,2045,8
1688126400,7197.2,7222.1,7196.8,7216.8,1206,8
1688140800,7217.2,7242.1,7213.3,7226.3,1796,7
1688155200,7230.1,7233.1,7220.3,7223.2,1134,8
1688342400,7222.5,7241.7,7203.4,7210.4,1385,8
1688356800,7211.6,7256.5,7211.4,7248.7,2099,8
1688371200,7248.6,7265.5,7246.6,7259.5,1918,8
1688385600,7259.5,7263.5,7250.4,7250.6,1141,8
1688400000,7254.5,7263.5,7242.8,7252.9,1842,0
1688414400,7253.9,7261.5,7251.9,7253.8,510,8
1688428800,7253.7,7274.3,7232.7,7261.5,1334,0
1688443200,7261.0,7297.3,7237.8,7281.6,2243,7
1688457600,7280.8,7292.7,7266.0,7270.6,2065,7
1688472000,7274.3,7283.3,7263.6,7273.6,838,7
1688486400,7278.3,7278.3,7266.5,7267.6,784,8
1688500800,7267.6,7274.5,7265.5,7274.5,432,8
1688515200,7271.2,7288.0,7261.0,7268.5,1140,5
1688529600,7267.2,7276.0,7250.0,7254.5,1673,5
1688544000,7254.3,7265.0,7242.2,7247.2,1778,5
1688558400,7251.0,7251.0,7233.2,7240.2,829,5
1688572800,7239.2,7247.0,7226.8,7230.2,1153,6
1688587200,7234.0,7235.0,7221.5,7223.5,955,4
1688601600,7220.2,7227.4,7182.1,7201.8,1065,7
1688616000,7201.8,7202.8,7144.1,7169.8,1643,7
1688630400,7169.8,7171.8,7130.1,7134.1,1621,8
1688644800,7137.8,7138.8,7097.1,7101.1,1486,7
1688659200,7105.8,7108.8,7053.6,7075.6,2296,7
1688673600,7075.1,7085.8,7065.6,7070.9,1148,8
1688688000,7070.3,7082.3,7017.2,7035.2,1671,7
1688702400,7036.2,7065.6,7025.2,7050.2,1592,7
1688716800,7049.2,7057.6,7006.3,7016.2,1844,8
1688731200,7015.2,7053.6,7015.2,7039.2,1448,8
1688745600,7039.2,7082.6,7025.7,7082.2,2452,8
1688760000,7081.7,7087.6,7055.6,7055.6,1252,8
1688947200,7060.5,7083.4,7048.7,7065.9,1180,8
1688961600,7065.9,7071.9,6995.4,7025.4,1956,8
1688976000,7028.9,7042.9,7001.4,7034.4,2100,7
1688990400,7037.9,7050.9,7031.4,7043.9,1337,8
1689004800,7043.9,7063.9,7036.4,7051.9,2609,4
1689019200,7055.9,7058.9,7044.9,7049.8,1338,8
1689033600,7053.9,7080.7,7037.3,7074.0,1152,7
1689048000,7076.7,7095.7,7069.0,7092.7,1538,8
1689062400,7093.7,7114.7,7081.0,7094.0,1842,8
1689076800,7095.0,7123.7,7091.0,7114.0,1260,8
1689091200,7114.0,7134.7,7104.5,7129.5,2366,8
1689105600,7133.7,7146.7,7125.5,7140.4,1513,8
1689120000,7144.7,7161.5,7129.7,7145.8,1401,4
1689134400,7150.5,7152.5,7129.8,7132.9,2149,4
1689148800,7137.5,7165.5,7126.7,7155.8,1962,4
1689163200,7160.5,7191.5,7154.8,7187.5,1422,4
1689177600,7187.5,7204.5,7169.1,7189.6,3454,8
1689192000,7194.5,7209.5,7184.1,7203.0,1516,8
1689206400,7208.5,7248.2,7191.3,7237.2,1293,8
1689220800,7237.2,7262.2,7220.2,7255.2,1601,8
1689235200,7255.2,7263.2,7237.2,7256.2,1565,8
1689249600,7256.2,7266.2,7248.2,7253.2,1217,0
1689264000,7257.2,7284.2,7251.2,7277.7,1625,8
1689278400,7283.2,7300.2,7271.7,7287.6,1144,8
1689292800,7282.1,7295.0,7269.0,7272.0,1014,8
1689307200,7273.0,7322.0,7267.0,7316.0,1671,8
1689321600,7316.0,7322.0,7305.0,7319.0,1407,8
1689336000,7319.0,7342.0,7311.0,7341.0,1121,8
1689350400,7341.0,7344.0,7310.5,7312.5,2513,5
1689364800,7318.0,7326.0,7307.5,7310.4,1510,0
1689552000,7310.5,7316.5,7282.4,7302.4,915,8
1689566400,7308.3,7318.3,7293.4,7306.4,1157,8
1689580800,7307.4,7315.3,7295.4,7302.3,1132,8
1689595200,7302.3,7306.3,7283.3,7287.3,945,8
1689609600,7292.3,7303.3,7284.3,7295.8,1268,8
1689624000,7301.3,7304.3,7287.7,7287.7,691,0
1689638400,7293.3,7300.0,7279.8,7289.8,827,8
1689652800,7294.8,7297.8,7264.8,7284.8,1215,8
1689667200,7283.8,7308.8,7275.0,7295.8,1199,8
1689681600,7294.8,7306.8,7282.8,7290.8,945,8
1689696000,7296.8,7333.8,7287.8,7320.8,1290,5
1689710400,7325.8,7336.8,7319.3,7323.2,854,8
1689724800,7324.8,7347.5,7322.8,7336.6,891,6
1689739200,7341.5,7341.5,7316.6,7320.0,1390,8
1689753600,7326.4,7349.5,7319.0,7347.5,1568,0
1689768000,7347.5,7348.5,7331.6,7334.6,963,8
1689782400,7340.5,7349.5,7327.1,7330.1,1887,8
1689796800,7329.1,7341.5,7322.1,7330.0,1119,8
1689811200,7328.0,7393.3,7312.0,7383.8,1256,6
1689825600,7382.8,7390.3,7325.8,7338.8,1718,8
1689840000,7343.3,7343.3,7308.0,7336.8,1609,8
1689854400,7336.8,7350.3,7331.8,7334.8,983,8
1689868800,7339.3,7354.3,7325.8,7337.3,1782,8
1689883200,7342.3,7344.3,7322.3,7330.2,1245,8
1689897600,7326.7,7335.1,7300.5,7307.1,1019,8
1689912000,7307.1,7325.1,7292.5,7318.5,1317,8
1689926400,7323.1,7342.1,7314.5,7335.5,1420,8
1689940800,7340.1,7360.1,7329.5,7356.0,954,0
1689955200,7361.1,7364.1,7342.0,7349.0,1543,8
1689969600,7354.1,7361.1,7347.0,7348.9,1048,8
1690156800,7347.8,7352.4,7314.6,7324.6,1225,8
1690171200,7323.6,7344.4,7315.6,7321.6,1728,8
1690185600,7326.4,7335.4,7305.8,7332.4,1715,8
1690200000,7332.4,7343.4,7326.6,7336.4,1171,8
1690214400,7337.4,7367.4,7329.6,7361.1,2227,8
1690228800,7366.4,7367.4,7350.1,7353.0,1191,8
1690243200,7358.4,7358.4,7327.2,7340.2,971,8
1690257600,7340.2,7358.2,7323.2,7344.2,1589,8
1690272000,7349.2,7362.2,7340.2,7355.2,1502,8
1690286400,7360.2,7371.2,7352.2,7365.2,1206,8
1690300800,7365.2,7371.2,7350.2,7366.7,1514,8
1690315200,7371.2,7377.2,7360.6,7360.6,1271,8
1690329600,7363.0,7392.0,7343.8,7349.8,1185,7
1690344000,7350.8,7434.0,7350.8,7404.8,1921,8
1690358400,7405.8,7422.0,7400.8,7415.0,1602,0
1690372800,7415.0,7418.0,7400.8,7404.8,1289,8
1690387200,7410.0,7426.0,7401.8,7420.3,1601,8
1690401600,7425.0,7431.0,7402.8,7412.2,2796,8
1690416000,7417.0,7465.8,7404.6,7452.9,1274,4
1690430400,7451.9,7486.8,7447.9,7482.8,1875,4
1690444800,7482.8,7496.8,7456.9,7491.9,1728,8
1690459200,7495.8,7504.8,7483.9,7495.8,1306,4
1690473600,7496.8,7497.8,7466.4,7488.4,1933,8
1690488000,7492.8,7492.8,7413.9,7423.3,2471,8
1690502400,7417.6,7447.8,7381.5,7398.4,2108,8
1690516800,7397.5,7423.5,7361.4,7380.4,3769,8
1690531200,7380.4,7448.5,7380.4,7436.5,2865,8
1690545600,7436.5,7449.5,7427.4,7443.5,1561,8
1690560000,7443.4,7462.5,7429.9,7443.0,1947,8
1690574400,7449.5,7449.5,7426.9,7430.9,1080,8
1690761600,7432.4,7451.4,7415.2,7433.2,1544,8
1690776000,7438.8,7441.8,7377.3,7395.2,2459,8
1690790400,7395.2,7427.8,7389.2,7426.8,2277,8
1690804800,7426.8,7443.8,7418.2,7434.2,1186,8
1690819200,7439.8,7448.8,7426.7,7432.7,1675,8
1690833600,7438.8,7445.8,7428.7,7436.7,1092,8
1690848000,7442.8,7453.5,7426.3,7441.2,1271,8
1690862400,7447.5,7486.5,7435.2,7465.1,2158,8
1690876800,7465.1,7474.5,7446.2,7450.1,2065,8
1690891200,7450.0,7456.5,7427.0,7428.1,1528,8
1690905600,7429.0,7449.5,7410.6,7416.6,2201,6
1690920000,7422.5,7427.5,7412.6,7415.5,1130,8
1690934400,7408.3,7423.3,7375.3,7413.2,1835,7
1690948800,7419.3,7428.3,7369.1,7370.2,2217,8
1690963200,7377.3,7379.3,7318.1,7330.1,3118,8
1690977600,7330.2,7372.3,7325.2,7345.2,2415,8
1690992000,7351.3,7356.3,7293.6,7304.6,2952,0
1691006400,7310.3,7316.3,7295.6,7298.5,1632,8
1691020800,7298.4,7319.2,7292.2,7300.2,1386,8
1691035200,7300.2,7335.0,7290.2,7301.2,1825,8
1691049600,7305.0,7318.0,7262.2,7269.2,2315,7
1691064000,7268.2,7300.0,7268.2,7292.2,1839,0
1691078400,7295.0,7321.0,7275.7,7317.2,3392,8
1691092800,7316.7,7320.0,7297.7,7300.6,2214,8
1691107200,7304.0,7326.8,7295.2,7322.0,1188,8
1691121600,7322.0,7330.8,7288.0,7302.8,1809,8
1691136000,7301.8,7333.8,7298.0,7319.8,2032,7
1691150400,7319.8,7327.8,7287.0,7308.0,2026,7
1691164800,7308.0,7370.8,7306.0,7364.0,3191,7
1691179200,7363.5,7367.8,7314.4,7314.4,2183,4
1691366400,7314.1,7333.1,7306.9,7328.9,1079,7
1691380800,7327.9,7330.9,7301.9,7309.9,1094,7
1691395200,7313.1,7333.1,7303.9,7306.9,1345,7
1691409600,7305.9,7328.1,7296.9,7328.1,1192,8
1691424000,7328.1,7337.1,7302.4,7332.4,2378,8
1691438400,7336.1,7346.1,7328.4,7333.3,988,8
1691452800,7339.1,7353.9,7331.9,7343.9,899,4
1691467200,7346.9,7346.9,7319.9,7326.9,1534,8
1691481600,7330.9,7340.9,7304.1,7324.9,2030,8
1691496000,7325.9,7329.9,7281.9,7292.9,1895,8
1691510400,7291.9,7301.9,7277.4,7294.4,2908,7
1691524800,7297.9,7321.9,7294.4,7312.3,1626,8
1691539200,7315.9,7330.7,7297.8,7325.8,1098,8
1691553600,7324.8,7341.7,7316.8,7332.8,1371,8
1691568000,7332.8,7364.7,7330.8,7363.7,1739,8
1691582400,7363.7,7365.7,7339.8,7340.8,1419,8
1691596800,7344.7,7354.7,7319.3,7331.3,2682,8
1691611200,7334.7,7356.7,7329.3,7345.2,1530,8
1691625600,7336.3,7357.2,7325.1,7337.1,964,8
1691640000,7336.1,7361.2,7332.1,7351.1,1325,8
1691654400,7352.1,7385.2,7345.1,7371.1,1628,8
1691668800,7371.1,7384.1,7353.1,7378.1,1773,8
1691683200,7378.1,7401.2,7355.6,7357.6,4177,8
1691697600,7360.2,7365.2,7341.6,7346.5,2861,8
1691712000,7342.7,7369.9,7331.7,7365.5,1010,8
1691726400,7366.5,7370.9,7337.5,7340.5,1429,8
1691740800,7343.9,7356.9,7330.5,7340.5,1729,7
1691755200,7343.9,7350.9,7314.5,7315.5,1918,8
1691769600,7314.5,7335.9,7309.0,7313.0,4066,8
1691784000,7316.9,7325.9,7308.0,7315.9,1557,8
1691971200,7314.4,7338.2,7298.2,7326.2,1305,8
1691985600,7326.2,7332.2,7262.2,7274.2,2099,8
1692000000,7278.2,7318.0,7274.2,7305.2,2490,4
1692014400,7306.0,7313.2,7275.0,7287.2,2352,4
1692028800,7287.2,7293.2,7261.7,7283.7,2806,4
1692043200,7286.2,7296.2,7273.7,7287.6,1527,8
1692057600,7285.8,7316.7,7277.6,7311.7,1218,8
1692072000,7311.7,7335.7,7298.6,7314.6,1845,8
1692086400,7313.6,7315.7,7264.6,7280.6,2178,8
1692100800,7281.6,7281.7,7250.6,7271.6,2302,8
1692115200,7270.6,7282.7,7239.1,7242.6,3533,8
1692129600,7243.7,7245.7,7230.1,7232.0,1685,8
1692144000,7221.1,7233.9,7196.9,7204.1,1314,8
1692158400,7204.1,7217.9,7187.1,7199.1,2098,8
1692172800,7199.1,7222.9,7186.1,7216.1,2024,8
1692187200,7217.1,7221.1,7195.9,7196.9,1683,8
1692201600,7197.1,7214.9,7192.1,7194.1,2933,8
1692216000,7194.1,7199.9,7171.1,7174.3,2615,8
1692230400,7174.1,7180.1,7103.9,7130.9,1598,8
1692244800,7131.9,7164.9,7106.9,7155.8,2480,8
1692259200,7156.8,7174.9,7137.8,7160.8,2314,8
1692273600,7160.8,7183.9,7160.8,7179.8,1657,8
1692288000,7179.8,7180.9,7153.8,7168.4,3516,8
1692302400,7168.4,7168.9,7122.3,7122.3,2064,8
1692316800,7121.8,7146.5,7113.7,7140.5,1343,8
1692331200,7141.5,7169.5,7134.4,7150.5,1960,8
1692345600,7150.4,7153.5,7114.4,7131.5,2313,8
1692360000,7131.4,7134.5,7081.4,7089.4,2000,8
1692374400,7089.4,7134.5,7087.5,7130.4,3746,8
1692388800,7130.4,7140.0,7119.4,7125.9,1664,8
1692576000,7124.9,7148.7,7124.9,7134.7,1143,8
1692590400,7133.7,7147.7,7122.7,7132.7,1941,8
1692604800,7131.9,7142.9,7105.9,7141.7,1836,8
1692619200,7142.7,7152.9,7132.9,7133.7,1356,8
1692633600,7133.9,7135.2,7108.2,7123.7,2924,8
1692648000,7123.7,7139.2,7120.9,7136.1,1174,8
1692662400,7131.4,7135.4,7094.2,7107.2,1166,8
1692676800,7107.2,7132.2,7095.2,7121.2,1590,8
1692691200,7122.2,7149.2,7110.4,7149.2,2027,8
1692705600,7148.2,7160.6,7144.6,7144.6,1133,8
1692720000,7144.6,7148.2,7109.7,7117.7,2473,8
1692734400,7117.6,7120.7,7107.6,7111.8,1663,8
1692748800,7106.4,7149.1,7103.2,7146.2,779,8
1692763200,7145.2,7177.1,7142.2,7166.2,1573,8
1692777600,7169.1,7169.1,7133.4,7150.2,1858,8
1692792000,7152.1,7160.1,7130.2,7134.1,1571,8
1692806400,7134.1,7163.1,7130.2,7154.7,2216,8
1692820800,7157.1,7184.1,7152.7,7179.6,1360,8
1692835200,7182.1,7191.9,7163.2,7175.2,1161,8
1692849600,7174.2,7197.9,7164.2,7195.2,1579,8
1692864000,7196.2,7202.9,7172.4,7177.2,2048,8
1692878400,7177.2,7180.9,7153.2,7157.9,1696,8
1692892800,7157.9,7160.9,7108.7,7118.2,3835,8
1692907200,7117.7,7120.9,7089.7,7091.6,2060,8
1692921600,7090.4,7113.3,7087.4,7108.3,1414,8
1692936000,7109.2,7127.3,7106.3,7110.3,2041,8
1692950400,7116.3,7137.3,7102.2,7131.3,2406,8
1692964800,7136.3,7158.3,7124.2,7150.3,1807,8
1692979200,7150.2,7158.7,7101.2,7130.7,4779,8
1692993600,7135.3,7151.3,7118.2,7135.7,2451,8
1693180800,7139.1,7164.5,7133.3,7148.5,1237,8
1693195200,7148.5,7169.5,7145.9,7161.9,1902,8
1693209600,7160.9,7172.5,7154.9,7160.9,1883,8
1693224000,7164.5,7177.5,7152.9,7171.9,1278,8
1693238400,7175.5,7199.5,7170.9,7187.9,2483,8
1693252800,7190.5,7195.5,7175.4,7186.3,1672,8
1693267200,7183.1,7200.2,7168.9,7200.2,886,8
1693281600,7200.2,7207.2,7188.9,7198.2,1361,8
1693296000,7198.2,7220.2,7194.9,7196.9,1870,8
1693310400,7197.9,7214.2,7190.9,7196.9,1544,8
1693324800,7197.9,7246.2,7195.9,7242.4,2599,8
1693339200,7242.4,7262.2,7241.4,7260.3,1464,8
1693353600,7249.2,7281.2,7246.2,7280.2,799,8
1693368000,7280.2,7325.2,7275.0,7314.2,1707,8
1693382400,7314.2,7316.2,7282.0,7284.2,1926,8
1693396800,7284.2,7305.0,7274.0,7301.0,1660,8
1693411200,7300.0,7312.2,7283.0,7301.5,2844,0
1693425600,7303.2,7309.2,7289.5,7303.4,1474,8
1693440000,7291.6,7318.4,7284.6,7306.4,812,8
1693454400,7305.4,7315.6,7293.4,7303.4,1397,8
1693468800,7304.6,7313.6,7290.4,7302.4,1729,8
1693483200,7303.6,7316.6,7292.4,7310.4,1562,8
1693497600,7312.6,7312.6,7260.9,7265.9,2695,8
1693512000,7267.6,7280.6,7264.9,7265.8,1410,8
1693526400,7266.8,7287.6,7263.8,7273.6,1010,8
1693540800,7272.6,7295.5,7271.6,7290.5,1259,8
1693555200,7290.5,7293.5,7268.8,7286.5,1665,8
1693569600,7286.5,7297.5,7279.6,7282.6,1610,4
1693584000,7283.5,7300.5,7268.1,7288.1,3836,8
1693598400,7288.5,7307.5,7283.1,7300.0,1265,8
1693785600,7290.9,7348.7,7284.9,7341.7,1312,8
1693800000,7340.7,7340.7,7309.4,7317.7,1388,8
1693814400,7317.4,7330.4,7312.7,7325.7,1526,8
1693828800,7324.7,7329.7,7312.7,7315.7,890,8
1693843200,7316.4,7316.4,7296.2,7302.2,1018,8
1693857600,7302.4,7306.7,7301.2,7305.1,439,8
1693872000,7299.4,7317.2,7271.2,7275.8,1018,8
1693886400,7275.8,7303.2,7273.2,7301.2,1585,8
1693900800,7301.2,7320.2,7284.2,7300.2,2049,8
1693915200,7301.2,7332.2,7299.2,7330.2,1424,8
1693929600,7331.2,7333.7,7307.7,7316.7,2723,8
1693944000,7316.8,7316.8,7289.6,7290.6,1139,8
1693958400,7289.6,7305.4,7288.6,7298.6,839,8
1693972800,7298.6,7302.4,7254.6,7265.4,1438,8
1693987200,7266.4,7266.4,7232.6,7239.4,1916,8
1694001600,7238.6,7250.4,7233.4,7248.4,1480,8
1694016000,7247.6,7253.4,7202.6,7203.4,3033,8
1694030400,7202.6,7226.9,7199.6,7218.8,1420,8
1694044800,7194.1,7209.9,7185.9,7185.9,829,8
1694059200,7185.9,7195.9,7156.9,7162.9,1598,8
1694073600,7162.9,7175.9,7150.1,7175.9,1939,8
1694088000,7176.9,7184.9,7152.9,7158.9,1550,8
1694102400,7158.9,7177.4,7145.9,7162.4,2975,8
1694116800,7161.9,7172.4,7156.9,7167.3,1148,8
1694131200,7170.1,7180.9,7144.9,7160.9,871,8
1694145600,7160.9,7162.9,7133.9,7136.9,1306,8
1694160000,7136.9,7158.9,7121.9,7122.9,1988,8
1694174400,7121.9,7137.9,7107.9,7129.9,2021,8
1694188800,7128.9,7162.4,7128.9,7156.4,2432,8
1694203200,7155.9,7158.4,7143.9,7152.3,1048,8
1694390400,7148.7,7164.9,7125.7,7139.2,1175,8
1694404800,7139.2,7175.5,7135.2,7173.5,1539,8
1694419200,7174.5,7216.5,7171.2,7189.5,2060,8
1694433600,7188.2,7211.5,7188.2,7205.2,1557,8
1694448000,7205.2,7218.0,7188.0,7200.2,2296,8
1694462400,7200.2,7206.0,7193.2,7196.9,936,8
1694476800,7194.7,7207.6,7166.2,7169.5,921,5
1694491200,7170.5,7209.5,7157.2,7206.5,1525,8
1694505600,7205.5,7213.5,7188.5,7193.5,1821,8
1694520000,7193.5,7204.5,7185.2,7199.2,1753,8
1694534400,7199.2,7211.0,7184.5,7205.0,2150,8
1694548800,7204.2,7214.5,7184.2,7187.9,1596,8
1694563200,7181.6,7196.4,7158.0,7170.4,1032,8
1694577600,7171.4,7183.4,7140.4,7165.4,1707,8
1694592000,7165.4,7174.4,7149.0,7154.4,2252,8
1694606400,7155.4,7167.4,7145.0,7161.4,2452,8
1694620800,7162.4,7172.9,7146.0,7155.9,3286,8
1694635200,7155.4,7157.9,7136.0,7147.8,1734,8
1694649600,7146.9,7171.7,7142.2,7168.7,1033,8
1694664000,7169.7,7201.7,7160.1,7195.7,1690,8
1694678400,7195.7,7201.7,7179.2,7188.2,1953,8
1694692800,7188.2,7227.7,7185.2,7227.7,2257,8
1694707200,7226.7,7268.2,7217.2,7266.2,3280,8
1694721600,7265.2,7280.2,7262.2,7271.1,1322,8
1694736000,7271.3,7311.1,7268.3,7308.5,1114,8
1694750400,7308.5,7324.1,7292.5,7295.1,1897,8
1694764800,7296.1,7302.1,7276.1,7294.1,2490,8
1694779200,7295.1,7300.1,7278.5,7278.5,1718,8
1694793600,7278.5,7283.1,7259.5,7265.6,3358,8
1694808000,7265.1,7265.1,7245.5,7248.5,1542,8
1694995200,7248.0,7270.8,7233.7,7242.8,1014,8
1695009600,7241.7,7244.8,7223.7,7232.7,1518,8
1695024000,7232.7,7238.8,7222.0,7224.7,1904,8
1695038400,7224.7,7234.8,7216.7,7224.8,1707,8
1695052800,7223.8,7225.8,7193.7,7208.7,3087,8
1695067200,7208.7,7214.3,7197.7,7210.2,1236,8
1695081600,7208.7,7222.5,7192.5,7208.5,1041,8
1695096000,7209.5,7212.6,7188.5,7198.5,1780,8
1695110400,7198.5,7220.6,7195.5,7216.5,1808,8
1695124800,7216.5,7224.5,7204.5,7206.6,1504,8
1695139200,7205.5,7218.1,7175.5,7181.1,3071,8
1695153600,7181.5,7199.1,7179.5,7185.0,1332,8
1695168000,7183.5,7196.4,7161.2,7171.2,861,8
1695182400,7167.2,7179.3,7149.2,7156.2,1418,8
1695196800,7156.2,7174.3,7151.2,7168.3,1787,8
1695211200,7165.2,7184.3,7165.2,7182.2,1015,8
1695225600,7182.2,7206.8,7178.2,7203.8,1365,8
1695240000,7201.2,7203.8,7149.2,7151.7,2669,8
1695254400,7151.1,7156.1,7119.2,7123.2,1453,8
1695268800,7123.2,7126.0,7055.2,7063.2,1888,8
1695283200,7063.2,7077.0,7053.2,7065.0,2361,8
1695297600,7065.0,7069.0,7026.2,7039.9,2688,8
1695312000,7040.0,7050.5,7007.2,7013.5,3544,8
1695326400,7012.9,7020.5,6963.2,6968.3,1616,8
1695340800,6969.8,6987.6,6929.0,6980.1,1322,8
1695355200,6980.1,7046.6,6975.1,7045.6,2037,6
1695369600,7044.6,7067.6,7040.1,7051.6,2627,8
1695384000,7050.6,7074.6,7043.1,7068.6,1690,8
1695398400,7068.6,7073.1,7045.1,7054.1,2837,8
1695412800,7051.1,7063.1,7033.1,7035.0,1532,8
1695600000,7040.8,7053.8,7017.9,7036.9,1042,8
1695614400,7036.9,7060.6,7035.9,7060.6,1373,8
1695628800,7059.6,7088.6,7041.9,7050.6,2034,8
1695643200,7051.6,7061.6,7036.9,7042.6,2273,8
1695657600,7043.6,7073.1,7024.9,7065.1,3306,8
1695672000,7064.1,7073.1,7049.9,7067.0,1782,8
1695686400,7070.7,7071.9,7034.7,7043.5,994,8
1695700800,7044.5,7054.5,7019.7,7044.5,1517,8
1695715200,7040.7,7050.5,7011.7,7035.7,2330,8
1695729600,7035.7,7045.5,7020.7,7031.5,2294,8
1695744000,7030.5,7053.0,7012.7,7023.0,3393,8
1695758400,7019.7,7026.0,6997.7,7008.9,2094,8
1695772800,7005.7,7033.3,6991.6,7003.6,1262,7
1695787200,7003.6,7031.3,7003.6,7019.3,1730,8
1695801600,7018.3,7047.3,7012.6,7038.3,1824,8
1695816000,7039.3,7041.3,7020.6,7040.3,1841,8
1695830400,7039.3,7045.3,6990.6,6998.3,3772,8
1695844800,6998.8,7028.8,6982.6,7011.7,2594,8
1695859200,7013.7,7035.5,6999.9,7035.5,1229,8
1695873600,7034.5,7049.5,6996.9,7018.5,1850,8
1695888000,7015.9,7026.5,6987.9,7000.5,2407,8
1695902400,6999.5,7028.5,6983.9,7003.5,2759,8
1695916800,7002.5,7068.0,6997.0,7050.0,4886,8
1695931200,7050.0,7064.0,7030.9,7053.9,2353,8
1695945600,7052.5,7067.3,7032.7,7036.3,1007,8
1695960000,7032.7,7064.3,7028.7,7048.3,1478,8
1695974400,7045.7,7071.3,7040.7,7058.3,2131,8
1695988800,7060.3,7075.3,7052.7,7071.3,2247,8
1696003200,7072.3,7075.3,7016.7,7022.8,4833,8
1696017600,7019.7,7028.8,7002.7,7011.7,2902,8
1696204800,7010.8,7049.8,7009.3,7038.6,1687,8
1696219200,7039.6,7048.6,7020.3,7023.6,1428,8
1696233600,7024.6,7045.6,7009.9,7027.6,2364,8
1696248000,7025.3,7026.6,6984.3,6987.6,2417,8
1696262400,6984.3,6994.1,6916.3,6921.6,6345,8
1696276800,6922.1,6935.1,6913.3,6930.8,2957,6
1696291200,6934.5,6952.3,6900.3,6945.3,1777,8
1696305600,6942.3,6957.3,6919.1,6931.3,2116,8
1696320000,6928.1,6969.3,6919.1,6967.3,2830,8
1696334400,6965.1,6968.3,6898.1,6903.3,2750,8
1696348800,6903.3,6940.8,6890.1,6911.8,6025,8
1696363200,6910.8,6915.8,6881.1,6888.5,2593,8
1696377600,6888.5,6910.3,6883.9,6890.3,1697,8
1696392000,6890.3,6891.3,6861.9,6878.3,2522,8
1696406400,6877.9,6901.3,6849.9,6895.3,3226,8
1696420800,6896.3,6915.3,6888.9,6905.9,2976,7
1696435200,6905.9,6909.3,6851.8,6899.8,5983,8
1696449600,6899.3,6910.8,6876.8,6903.5,2728,8
1696464000,6902.2,6907.2,6876.7,6892.0,1580,4
1696478400,6888.7,6933.0,6887.7,6931.0,1961,4
1696492800,6931.0,6931.0,6891.7,6894.0,2592,8
1696507200,6895.0,6925.0,6884.7,6907.0,2711,8
1696521600,6903.7,6938.0,6899.7,6917.5,5466,8
1696536000,6917.5,6939.5,6907.7,6925.8,2510,8
1696550400,6929.6,6949.4,6913.6,6949.4,1282,0
1696564800,6948.4,6972.4,6941.6,6958.4,1771,8
1696579200,6954.6,6971.4,6939.6,6960.4,2023,8
1696593600,6956.6,6983.4,6915.6,6926.4,2375,8
1696608000,6926.4,7009.9,6916.9,6994.9,6427,8
1696622400,6994.9,7019.9,6991.6,7008.6,1958,8
1696809600,7009.1,7009.1,6957.3,6989.2,1847,8
1696824000,6988.2,6991.9,6965.2,6969.9,1435,8
1696838400,6968.2,6985.9,6944.2,6976.9,2599,8
1696852800,6975.9,6982.9,6952.2,6957.9,2017,8
1696867200,6959.9,6984.4,6954.2,6975.4,3687,8
1696881600,6973.2,7013.4,6972.2,7000.1,2014,8
1696896000,7000.8,7054.7,6997.8,7046.9,1454,6
1696910400,7046.9,7060.7,7039.9,7042.9,2048,8
1696924800,7042.9,7070.6,7030.9,7066.7,3313,8
1696939200,7066.6,7068.7,7045.9,7059.7,2748,8
1696953600,7059.6,7095.2,7052.9,7093.2,4035,8
1696968000,7090.9,7093.1,7068.8,7069.8,2447,8
1696982400,7075.6,7087.5,7063.8,7066.5,1650,8
1696996800,7066.4,7094.5,7064.8,7087.4,2040,8
1697011200,7086.5,7104.5,7074.6,7094.8,3151,8
1697025600,7096.5,7115.4,7092.8,7114.4,2976,8
1697040000,7113.5,7121.0,7082.8,7090.0,4028,0
1697054400,7090.4,7106.6,7072.8,7104.6,2037,8
1697068800,7105.3,7115.1,7088.7,7095.1,1224,8
1697083200,7096.1,7113.1,7090.7,7107.1,1574,8
1697097600,7107.1,7113.2,7089.7,7111.2,2319,8
1697112000,7112.1,7119.1,7091.1,7096.7,2368,8
1697126400,7096.7,7102.1,7062.7,7069.7,4519,8
1697140800,7067.7,7069.7,7018.7,7038.3,2676,6
1697155200,7038.8,7066.7,7013.3,7065.3,1453,8
1697169600,7065.3,7075.7,7043.3,7044.7,1651,8
1697184000,7043.3,7064.7,7038.8,7050.7,1931,7
1697198400,7048.3,7059.7,7022.3,7056.7,2293,7
1697212800,7056.7,7068.7,7013.3,7024.7,4956,7
1697227200,7025.2,7028.2,7004.2,7013.8,2945,8
1697414400,7015.1,7041.0,7015.1,7029.0,1307,8
1697428800,7027.9,7039.0,7014.9,7023.9,1574,8
1697443200,7023.9,7033.0,6992.9,7011.0,2660,4
1697457600,7011.0,7039.0,7006.9,7037.0,2201,8
1697472000,7037.9,7074.5,7022.0,7064.5,3352,8
1697486400,7065.5,7078.5,7050.5,7073.1,2026,8
1697500800,7070.9,7098.8,7063.8,7073.8,1786,8
1697515200,7073.7,7073.7,7048.8,7053.8,1934,8
1697529600,7053.7,7063.8,7035.8,7041.7,2587,8
1697544000,7041.7,7053.8,7023.8,7024.8,3004,8
1697558400,7024.7,7093.3,7017.8,7079.3,4300,8
1697572800,7077.8,7084.3,7060.8,7073.9,2207,8
1697587200,7075.7,7076.9,7041.6,7042.5,1260,8
1697601600,7042.5,7074.6,7036.6,7066.5,2198,8
1697616000,7065.6,7087.6,7045.6,7069.6,3166,8
1697630400,7069.6,7073.5,7036.6,7037.5,3009,8
1697644800,7037.5,7045.5,7004.6,7007.1,5269,8
1697659200,7005.6,7026.1,6988.6,6999.7,3340,8
1697673600,7000.5,7001.5,6960.5,6986.3,2389,8
1697688000,6986.3,6996.3,6941.4,6962.5,2287,8
1697702400,6962.5,6975.4,6940.5,6947.4,2901,7
1697716800,6945.5,6973.4,6943.5,6964.4,2534,8
1697731200,6964.4,6975.9,6926.4,6955.9,6686,8
1697745600,6955.9,6967.9,6905.5,6906.5,4556,8
1697760000,6910.3,6913.5,6879.4,6904.4,2394,8
1697774400,6904.3,6908.3,6870.4,6898.4,2719,8
1697788800,6895.4,6904.4,6864.4,6894.3,3709,8
1697803200,6894.3,6894.4,6853.4,6863.3,3334,8
1697817600,6863.4,6880.9,6828.4,6854.3,5185,8
1697832000,6853.8,6858.8,6814.5,6817.5,3246,8
1698019200,6823.4,6858.3,6811.4,6843.3,2102,8
1698033600,6844.2,6848.3,6826.6,6838.3,1696,8
1698048000,6837.3,6844.7,6810.2,6823.2,2971,8
1698062400,6820.6,6823.2,6789.6,6812.2,3429,8
1698076800,6813.2,6857.8,6794.6,6857.8,4336,8
1698091200,6857.8,6858.8,6818.4,6834.4,2999,8
1698105600,6830.2,6876.1,6827.2,6854.1,2334,8
1698120000,6855.0,6868.1,6832.5,6850.5,3021,8
1698134400,6850.5,6863.1,6829.5,6854.8,2700,0
1698148800,6853.8,6862.8,6844.5,6861.8,2107,8
1698163200,6861.8,6880.3,6842.5,6851.3,4795,8
1698177600,6847.5,6890.0,6845.5,6875.0,2630,8
1698192000,6864.3,6894.1,6832.3,6842.1,1879,8
1698206400,6839.3,6865.1,6826.3,6847.1,1701,8
1698220800,6846.1,6854.1,6817.3,6839.1,2472,8
1698235200,6835.3,6855.1,6826.3,6835.3,2120,8
1698249600,6835.3,6866.0,6816.3,6838.6,4730,8
1698264000,6838.1,6843.2,6818.9,6819.9,3101,8
1698278400,6824.6,6825.4,6786.7,6792.4,1819,8
1698292800,6791.4,6804.4,6770.7,6792.7,2176,8
1698307200,6792.7,6817.4,6784.7,6798.4,2923,6
1698321600,6797.4,6825.4,6781.7,6819.7,2681,7
1698336000,6820.7,6830.9,6778.7,6783.9,5209,8
1698350400,6783.4,6819.9,6777.7,6791.6,3644,8
1698364800,6801.4,6846.2,6800.4,6824.2,1778,8
1698379200,6819.6,6846.2,6818.6,6834.2,1834,8
1698393600,6833.2,6834.3,6799.6,6817.2,2272,8
1698408000,6817.2,6821.2,6773.6,6792.2,2249,8
1698422400,6787.6,6803.2,6741.6,6752.7,5004,8
1698436800,6752.2,6765.2,6730.6,6758.0,3614,7
1698624000,6773.3,6801.1,6743.1,6795.1,2543,8
1698638400,6795.1,6801.1,6762.3,6770.3,2120,8
1698652800,6769.3,6805.1,6769.3,6796.1,1927,8
1698667200,6796.1,6819.6,6788.1,6812.6,2378,8
1698681600,6813.1,6813.6,6762.1,6792.1,4163,8
1698696000,6792.1,6806.6,6785.1,6799.8,1523,8
1698710400,6798.8,6815.6,6777.8,6783.7,2087,8
1698724800,6783.7,6792.7,6761.8,6770.8,2623,7
1698739200,6770.8,6809.6,6764.8,6806.7,2543,8
1698753600,6802.8,6813.6,6783.8,6791.6,3069,8
1698768000,6791.6,6811.2,6776.8,6808.2,4145,8
1698782400,6804.8,6814.2,6792.8,6801.4,1451,8
1698796800,6803.4,6816.3,6788.7,6810.8,2209,8
1698811200,6806.7,6843.9,6804.7,6829.0,2252,8
1698825600,6829.0,6851.9,6819.7,6824.7,2111,8
1698840000,6824.7,6872.3,6815.7,6863.3,2731,8
1698854400,6865.3,6885.3,6844.7,6856.4,3749,5
1698868800,6850.7,6891.0,6840.3,6884.8,3712,8
1698883200,6890.8,6930.6,6879.6,6924.6,1956,8
1698897600,6925.6,6925.6,6888.8,6889.8,1610,8
1698912000,6887.8,6916.6,6884.6,6912.6,1854,6
1698926400,6913.6,6952.1,6901.6,6947.1,2465,7
1698940800,6943.6,6982.1,6933.6,6979.6,2746,8
1698955200,6980.1,6989.1,6971.6,6976.5,1159,8
1698969600,6975.5,6992.3,6955.4,6982.3,1831,8
1698984000,6983.3,6985.3,6966.4,6977.5,1318,8
1698998400,6978.5,6986.3,6961.4,6972.3,1674,5
1699012800,6968.4,7000.8,6957.4,6998.8,2457,5
1699027200,7000.8,7007.3,6980.4,6997.8,3270,8
1699041600,6993.4,7008.8,6987.4,6991.5,1048,8
1699228800,6991.9,7012.7,6987.9,7006.7,1910,8
1699243200,7007.7,7014.7,6992.9,6997.8,1659,7
1699257600,6996.8,7010.7,6987.9,7006.7,1595,8
1699272000,7007.7,7012.7,6993.9,7004.7,1397,8
1699286400,6999.9,7011.7,6977.9,6986.7,2531,8
1699300800,6986.7,6991.1,6967.9,6979.8,1639,8
1699315200,6978.5,6994.5,6966.5,6978.5,1634,7
1699329600,6974.5,6997.5,6950.8,6984.6,1918,8
1699344000,6985.6,7000.5,6974.5,6980.5,1753,8
1699358400,6980.5,6993.5,6973.5,6992.5,1855,8
1699372800,6993.5,6998.0,6973.5,6983.0,2911,8
1699387200,6978.5,6992.5,6977.5,6987.6,1591,8
1699401600,6984.3,7007.2,6977.3,6996.2,1609,8
1699416000,6997.2,7004.2,6979.3,6992.3,1660,8
1699430400,6992.3,7008.2,6977.3,7004.2,1811,8
1699444800,6999.3,7033.2,6992.3,7024.3,1553,8
1699459200,7024.3,7048.7,7000.3,7010.7,3289,8
1699473600,7006.3,7034.7,7005.3,7020.3,1738,8
1699488000,7012.6,7050.5,7008.6,7042.5,1811,7
1699502400,7043.5,7045.5,7000.6,7007.6,1642,8
1699516800,7006.6,7027.5,7001.6,7021.5,1839,8
1699531200,7016.6,7045.5,7015.6,7042.5,1527,8
1699545600,7037.6,7055.0,7029.6,7047.5,3136,8
1699560000,7047.0,7048.0,7000.6,7004.6,3443,8
1699574400,7005.5,7009.5,6960.5,6983.2,1893,8
1699588800,6984.2,6988.2,6970.5,6982.3,1568,8
1699603200,6981.3,6997.2,6966.5,6981.2,1891,5
1699617600,6980.2,6982.2,6951.5,6974.5,1958,8
1699632000,6979.2,7000.7,6948.5,6998.7,3412,6
1699646400,6997.7,7015.7,6986.5,6989.3,1366,8
1699833600,7004.1,7005.0,6954.1,6972.7,1934,8
1699848000,6969.1,6977.7,6938.1,6944.8,1776,8
1699862400,6943.8,6991.6,6943.8,6985.6,1608,8
1699876800,6981.1,6987.6,6967.1,6974.6,1578,8
1699891200,6975.6,7016.1,6965.1,7004.1,2551,8
1699905600,6999.1,7019.1,6997.1,7016.8,1300,8
1699920000,7005.2,7018.4,6985.2,7001.2,1765,8
1699934400,7002.2,7019.2,6988.2,7004.4,1615,7
1699948800,7003.4,7026.2,7000.4,7022.2,1509,8
1699963200,7022.2,7068.2,7000.2,7059.2,2020,8
1699977600,7060.2,7103.7,7055.2,7088.2,3171,8
1699992000,7088.7,7105.7,7080.2,7100.4,1224,8
1700006400,7102.1,7154.0,7102.1,7108.1,1956,8
1700020800,7109.1,7118.0,7091.1,7110.2,1623,8
1700035200,7110.2,7138.0,7103.1,7116.1,1977,8
1700049600,7116.1,7144.0,7115.1,7118.1,1888,8
1700064000,7118.1,7127.5,7099.1,7107.5,3254,8
1700078400,7102.1,7112.5,7094.1,7100.2,1638,8
1700092800,7089.1,7126.1,7071.1,7078.1,1974,8
1700107200,7078.1,7080.1,7045.1,7064.8,1828,8
1700121600,7064.8,7081.1,7058.1,7067.1,1728,8
1700136000,7058.1,7073.1,7042.1,7066.1,1827,8
1700150400,7065.1,7067.6,7032.1,7052.6,3559,8
1700164800,7044.1,7066.3,7037.1,7064.3,1629,8
1700179200,7064.6,7074.5,7033.6,7049.5,1347,8
1700193600,7050.5,7065.5,7040.6,7054.7,1304,8
1700208000,7054.7,7076.5,7043.6,7071.5,1560,8
1700222400,7063.6,7077.5,7054.6,7061.6,1593,8
1700236800,7061.6,7085.0,7053.6,7082.0,2771,8
1700251200,7073.6,7089.0,7070.6,7074.7,1113,8
1700438400,7069.3,7082.0,7047.3,7068.0,1640,8
1700452800,7069.0,7082.0,7052.2,7053.2,1465,8
1700467200,7054.2,7066.4,7043.3,7053.3,1663,8
1700481600,7053.3,7068.0,7042.3,7060.0,1342,0
1700496000,7052.3,7082.5,7050.3,7073.0,1983,8
1700510400,7073.5,7092.5,7065.3,7083.2,1230,0
1700524800,7083.7,7096.3,7062.7,7079.3,1492,8
1700539200,7079.3,7096.3,7069.7,7081.5,1436,8
1700553600,7081.5,7088.3,7061.7,7072.3,1382,8
1700568000,7073.3,7079.3,7057.7,7067.3,1479,8
1700582400,7068.3,7086.8,7058.7,7086.8,2090,8
1700596800,7078.7,7086.8,7061.5,7072.5,1434,0
1700611200,7069.5,7100.1,7068.5,7085.1,1484,8
1700625600,7084.1,7088.1,7061.5,7071.3,1332,8
1700640000,7072.3,7088.1,7055.5,7066.1,1501,8
1700654400,7067.1,7077.1,7057.5,7074.1,1640,8
1700668800,7075.1,7078.6,7043.5,7056.6,2709,8
1700683200,7048.5,7067.6,7039.5,7061.3,1193,0
1700697600,7055.1,7068.6,7026.1,7056.2,1422,8
1700712000,7048.1,7062.2,7025.1,7037.4,1385,8
1700726400,7038.4,7058.2,7032.1,7054.2,1493,8
1700740800,7055.2,7057.2,7042.1,7047.1,1036,8
1700755200,7047.1,7059.7,7044.1,7053.2,795,8
1700769600,7053.7,7054.7,7040.1,7048.6,450,0
1700784000,7052.2,7074.8,7032.1,7067.8,1373,8
1700798400,7066.8,7068.8,7039.1,7045.0,1131,8
1700812800,7044.0,7058.8,7036.1,7054.8,1249,8
1700827200,7054.8,7061.8,7042.1,7055.8,1204,8
1700841600,7055.8,7074.3,7043.1,7073.3,1334,8
1700856000,7064.1,7074.3,7055.1,7056.1,343,8
1701043200,7050.9,7065.3,7016.9,7025.3,1225,8
1701057600,7016.9,7028.3,6985.9,6991.5,1443,8
1701072000,6992.5,7016.3,6983.9,6994.3,1258,8
1701086400,6994.3,7015.3,6984.9,7002.9,1239,8
1701100800,7002.9,7025.8,6986.9,7004.8,1551,8
1701115200,7004.8,7009.8,6989.9,6999.5,1000,0
1701129600,6990.9,7061.1,6982.9,7035.1,1805,8
1701144000,7036.1,7040.1,7011.9,7024.3,1376,8
1701158400,7025.3,7033.1,6999.9,7020.1,1721,8
1701172800,7011.9,7024.1,7003.9,7021.1,1369,8
1701187200,7020.1,7043.6,7002.9,7032.6,1859,8
1701201600,7023.9,7046.6,7010.9,7043.3,1281,0
1701216000,7028.0,7067.1,7027.0,7046.0,1829,8
1701230400,7046.0,7060.1,7029.0,7040.3,1552,8
1701244800,7040.3,7060.1,7030.0,7047.0,1576,5
1701259200,7048.0,7078.1,7044.0,7057.0,1452,8
1701273600,7058.0,7069.1,7032.0,7057.6,2040,8
1701288000,7049.0,7064.6,7038.0,7048.3,1227,0
1701302400,7041.0,7062.1,7022.0,7041.1,1693,8
1701316800,7041.1,7094.1,7031.0,7079.3,1942,8
1701331200,7078.3,7085.5,7040.0,7066.1,1665,8
1701345600,7066.1,7090.1,7058.0,7078.0,1625,8
1701360000,7078.0,7086.1,7043.0,7061.6,2367,8
1701374400,7053.0,7076.6,7047.0,7066.3,1204,0
1701388800,7063.0,7076.1,7037.0,7064.1,1601,8
1701403200,7055.0,7089.3,7054.0,7078.3,1570,8
1701417600,7078.3,7109.1,7067.0,7103.1,1727,8
1701432000,7094.0,7106.1,7072.0,7083.1,1423,8
1701446400,7073.0,7144.6,7067.0,7144.6,2645,8
1701460800,7135.0,7152.6,7127.0,7146.3,1284,0
1701648000,7134.5,7181.3,7128.5,7154.3,2090,8
1701662400,7153.3,7153.3,7120.5,7128.5,1696,8
1701676800,7129.5,7140.3,7101.5,7119.3,1700,5
1701691200,7110.5,7125.3,7099.5,7109.3,1386,5
1701705600,7110.3,7131.8,7092.5,7114.8,2032,8
1701720000,7105.5,7114.8,7088.5,7095.5,1264,8
1701734400,7124.3,7133.4,7051.3,7071.1,2127,8
1701748800,7072.1,7086.1,7041.3,7065.3,1946,8
1701763200,7065.3,7089.1,7052.3,7084.1,1660,8
1701777600,7074.3,7086.1,7061.3,7079.1,1804,8
1701792000,7080.1,7107.6,7068.3,7101.1,2601,8
1701806400,7100.6,7106.6,7086.3,7094.3,1371,8
1701820800,7083.3,7178.9,7077.3,7162.3,1987,8
1701835200,7162.3,7206.9,7161.3,7199.0,1801,8
1701849600,7200.0,7202.8,7171.3,7189.9,1718,8
1701864000,7180.3,7208.9,7176.3,7206.9,1598,8
1701878400,7206.9,7212.4,7165.3,7177.4,2242,8
1701892800,7177.4,7188.4,7157.3,7163.1,1175,8
1701907200,7161.2,7190.8,7157.2,7169.8,2098,8
1701921600,7170.8,7185.8,7152.2,7174.0,1912,8
1701936000,7175.0,7181.8,7154.2,7170.8,1819,8
1701950400,7162.2,7176.8,7149.2,7160.2,1578,8
1701964800,7161.2,7172.8,7133.2,7164.8,2112,8
1701979200,7165.3,7174.3,7153.2,7156.0,1086,8
1701993600,7160.1,7189.7,7143.1,7176.1,1855,8
1702008000,7176.1,7208.7,7176.1,7204.9,1708,8
1702022400,7204.9,7211.7,7166.1,7193.1,1414,8
1702036800,7193.1,7206.7,7163.7,7184.7,1862,8
1702051200,7185.7,7221.2,7175.1,7204.2,2880,8
1702065600,7195.1,7222.2,7194.1,7211.9,1372,8
1702252800,7219.7,7243.3,7202.0,7216.3,1845,8
1702267200,7216.3,7218.3,7195.0,7209.5,1534,8
1702281600,7209.5,7219.3,7196.0,7200.0,1780,8
1702296000,7200.0,7213.3,7190.0,7200.3,1344,8
1702310400,7201.3,7221.3,7191.0,7217.8,1999,8
1702324800,7209.0,7228.8,7207.0,7222.5,823,8
1702339200,7214.0,7255.2,7199.0,7242.2,1596,8
1702353600,7234.0,7255.2,7232.0,7242.4,1511,8
1702368000,7242.4,7256.2,7233.0,7255.2,1398,8
1702382400,7246.0,7261.2,7228.0,7237.2,1829,8
1702396800,7237.2,7244.7,7216.0,7232.7,2052,8
1702411200,7224.0,7254.4,7224.0,7254.4,987,8
1702425600,7244.9,7276.0,7236.9,7264.9,1603,8
1702440000,7264.9,7286.0,7260.9,7271.2,1395,8
1702454400,7271.2,7282.9,7261.9,7280.9,1395,8
1702468800,7281.9,7293.9,7266.9,7283.9,1343,8
1702483200,7284.9,7294.9,7264.9,7273.4,1581,8
1702497600,7265.9,7360.4,7260.9,7351.1,2633,8
1702512000,7349.5,7391.4,7349.5,7386.4,2191,8
1702526400,7385.4,7398.8,7370.5,7391.6,1803,8
1702540800,7392.6,7427.4,7380.5,7420.4,2210,8
1702555200,7420.4,7436.4,7406.5,7427.5,2084,8
1702569600,7427.5,7461.9,7405.5,7448.9,3622,8
1702584000,7440.5,7451.9,7419.5,7442.6,1862,8
1702598400,7440.5,7476.3,7415.5,7460.5,1857,8
1702612800,7460.5,7474.3,7434.5,7453.5,2002,8
1702627200,7451.5,7466.3,7443.5,7454.5,1722,8
1702641600,7454.5,7471.3,7418.5,7428.5,1817,8
1702656000,7428.5,7443.3,7413.5,7423.8,2802,8
1702670400,7414.5,7426.3,7372.5,7375.5,1621,8
1702857600,7410.4,7459.9,7405.4,7422.9,1977,8
1702872000,7423.9,7444.9,7412.4,7437.1,1697,8
1702886400,7438.1,7459.9,7427.4,7453.9,1585,8
1702900800,7446.4,7476.9,7439.4,7471.9,1663,8
1702915200,7463.4,7472.9,7443.4,7457.4,1939,8
1702929600,7456.9,7464.4,7443.1,7447.1,892,8
1702944000,7444.4,7488.8,7429.4,7486.8,1712,8
1702958400,7487.8,7512.0,7477.4,7504.0,1760,8
1702972800,7505.0,7525.8,7495.4,7519.4,1353,8
1702987200,7519.4,7536.8,7518.4,7526.4,1181,8
1703001600,7526.4,7554.3,7524.4,7547.4,2146,8
1703016000,7547.4,7553.8,7537.2,7548.0,946,8
1703030400,7528.4,7558.7,7527.0,7533.7,1728,8
1703044800,7534.7,7564.7,7531.4,7551.9,1691,8
1703059200,7548.9,7573.7,7543.4,7548.4,1349,8
1703073600,7548.4,7557.7,7543.4,7549.4,1096,8
1703088000,7550.4,7579.7,7541.4,7579.2,1378,8
1703102400,7575.4,7577.2,7471.8,7496.0,2409,8
1703116800,7504.3,7549.6,7496.3,7511.6,2075,8
1703131200,7510.6,7523.6,7504.3,7513.8,1544,8
1703145600,7514.8,7531.6,7508.3,7527.6,1398,8
1703160000,7526.6,7535.6,7512.3,7532.6,1512,8
1703174400,7532.6,7541.1,7504.3,7509.1,2915,8
1703188800,7506.3,7544.1,7501.3,7535.8,1658,8
1703203200,7529.9,7533.5,7501.3,7520.5,1496,8
1703217600,7517.3,7522.5,7505.3,7512.9,1069,8
1703635200,7550.1,7610.7,7548.1,7594.7,1437,8
1703649600,7594.7,7601.7,7568.1,7580.9,1302,8
1703664000,7580.9,7595.7,7564.1,7583.1,1549,8
1703678400,7583.1,7593.7,7580.1,7584.7,1233,8
1703692800,7585.7,7605.2,7580.1,7603.2,1793,8
1703707200,7600.1,7613.2,7591.1,7604.9,1672,8
1703721600,7591.0,7617.5,7589.0,7605.5,1372,8
1703736000,7602.0,7634.5,7602.0,7625.7,1495,8
1703750400,7626.7,7632.5,7610.0,7616.5,1326,8
1703764800,7614.0,7618.5,7601.0,7609.5,1287,8
1703779200,7606.0,7628.0,7606.0,7617.0,1891,8
1703793600,7615.0,7618.0,7591.0,7591.7,1257,8
1703808000,7611.0,7619.1,7594.0,7608.0,1390,8
1703822400,7608.0,7612.7,7588.0,7609.1,1068,8
1704153600,7591.8,7650.3,7591.8,7625.3,1424,8
1704168000,7622.8,7647.3,7619.8,7636.5,1330,8
1704182400,7636.5,7646.7,7616.8,7623.3,1694,8
1704196800,7620.8,7625.3,7563.8,7579.3,2204,8
1704211200,7580.3,7605.8,7573.8,7599.8,2755,8
1704225600,7596.8,7600.8,7557.8,7569.5,1712,8
1704240000,7580.8,7583.5,7539.8,7555.1,1735,8
1704254400,7552.8,7566.1,7522.3,7525.3,1538,8
1704268800,7525.3,7561.1,7518.8,7521.1,1672,8
1704283200,7517.8,7524.1,7490.8,7497.8,1831,8
1704297600,7497.8,7519.6,7480.8,7515.6,3309,8
1704312000,7511.8,7529.6,7499.3,7504.3,2444,8
1704326400,7512.4,7525.0,7485.7,7513.7,1698,8
1704340800,7513.7,7520.0,7494.2,7499.2,1483,8
1704355200,7500.2,7524.0,7495.2,7519.0,1840,8
1704369600,7516.7,7524.1,7494.7,7497.7,1978,8
1704384000,7497.7,7543.5,7496.7,7523.5,3075,8
1704398400,7519.7,7525.5,7510.7,7524.2,1859,8
1704412800,7510.7,7526.3,7498.7,7512.3,1459,8
1704427200,7511.3,7514.3,7486.5,7492.5,1481,8
1704441600,7492.5,7498.7,7465.7,7466.7,1803,8
1704456000,7467.7,7481.3,7446.7,7472.7,2192,8
1704470400,7472.7,7536.8,7471.7,7489.8,3922,8
1704484800,7486.7,7509.8,7480.7,7488.5,1912,8
1704672000,7489.6,7518.1,7474.6,7497.1,1211,8
1704686400,7494.6,7497.1,7451.6,7457.3,1454,8
1704700800,7458.3,7480.1,7437.6,7457.6,2239,8
1704715200,7457.6,7483.1,7456.6,7476.6,2005,8
1704729600,7476.6,7530.6,7476.6,7530.6,2731,8
1704744000,7527.6,7552.6,7524.6,7539.3,1503,8
1704758400,7537.4,7554.9,7524.4,7536.4,1513,0
1704772800,7536.4,7550.9,7522.1,7525.1,1369,8
1704787200,7526.1,7534.9,7505.4,7525.9,1864,8
1704801600,7522.4,7528.9,7505.4,7513.9,1921,8
1704816000,7512.9,7524.4,7494.4,7522.4,2592,8
1704830400,7519.4,7529.4,7506.4,7512.1,1880,8
1704844800,7515.2,7529.8,7496.4,7501.8,1616,0
1704859200,7499.4,7502.8,7474.0,7477.0,1662,8
1704873600,7476.0,7501.8,7468.0,7492.4,1865,8
1704888000,7492.4,7495.8,7474.4,7482.8,1805,8
1704902400,7482.8,7500.3,7477.4,7489.8,2235,8
1704916800,7489.8,7501.0,7481.4,7499.0,1791,8
1704931200,7504.0,7521.6,7496.3,7511.3,1598,8
1704945600,7511.3,7530.6,7508.3,7515.8,1531,8
1704960000,7515.8,7532.6,7507.3,7509.3,1847,8
1704974400,7508.3,7519.6,7481.6,7484.6,2367,8
1704988800,7485.6,7514.6,7442.3,7468.1,4525,6
1705003200,7465.3,7499.1,7464.3,7487.8,2095,8
1705017600,7487.3,7516.4,7476.3,7504.4,1704,8
1705032000,7501.3,7516.4,7490.3,7493.6,1714,8
1705046400,7494.6,7525.4,7489.6,7507.4,2351,8
1705060800,7505.3,7516.4,7481.3,7513.3,3136,8
1705075200,7513.3,7542.4,7498.3,7505.9,3846,8
1705089600,7503.3,7515.9,7495.6,7498.6,1745,8
1705276800,7496.2,7517.1,7487.2,7511.1,1421,8
1705291200,7509.2,7519.1,7498.3,7504.3,1376,8
1705305600,7503.3,7516.1,7488.2,7494.2,1904,8
1705320000,7494.2,7499.1,7472.2,7474.2,1889,8
1705334400,7474.2,7486.6,7470.2,7485.6,1281,8
1705348800,7483.2,7485.6,7480.3,7480.3,370,8
1705363200,7483.2,7484.7,7409.2,7431.2,1998,5
1705377600,7431.2,7441.3,7412.2,7416.5,1828,8
1705392000,7414.5,7429.3,7405.3,7422.3,2761,8
1705406400,7422.3,7447.3,7414.2,7427.2,2432,8
1705420800,7428.2,7455.4,7416.2,7418.9,4263,8
1705435200,7418.4,7429.4,7408.2,7428.1,2015,8
1705449600,7421.2,7429.2,7402.2,7413.2,1563,8
1705464000,7412.2,7415.2,7381.2,7386.4,1833,8
1705478400,7387.4,7394.2,7363.2,7384.2,2754,8
1705492800,7382.2,7389.2,7360.2,7365.2,2292,8
1705507200,7366.2,7373.2,7352.2,7359.7,3270,8
1705521600,7359.7,7380.7,7348.2,7371.4,1818,7
1705536000,7361.9,7373.5,7327.2,7361.5,2026,8
1705550400,7359.5,7381.5,7346.2,7355.7,2138,8
1705564800,7354.7,7383.5,7353.7,7378.5,2070,7
1705579200,7376.2,7411.5,7371.2,7391.5,1975,8
1705593600,7391.5,7409.0,7386.2,7395.5,3347,8
1705608000,7396.0,7431.5,7386.2,7426.7,2132,8
1705622400,7414.2,7459.2,7414.2,7424.3,1716,5
1705636800,7422.2,7439.5,7417.2,7430.5,1788,8
1705651200,7430.5,7454.3,7425.5,7442.2,2163,8
1705665600,7442.2,7456.3,7432.2,7439.3,1966,8
1705680000,7438.3,7440.8,7407.2,7440.8,3688,8
1705694400,7438.2,7463.8,7432.2,7451.5,1956,8
1705881600,7449.1,7499.9,7435.3,7483.1,1832,8
1705896000,7483.1,7491.9,7473.1,7486.1,1689,8
1705910400,7486.1,7496.9,7476.1,7479.9,1937,8
1705924800,7478.1,7483.9,7471.1,7479.1,1556,0
1705939200,7479.1,7505.4,7477.1,7485.4,2575,8
1705953600,7483.1,7491.4,7472.1,7489.1,1543,8
1705968000,7488.1,7545.8,7487.1,7532.8,1618,8
1705982400,7531.8,7546.8,7524.0,7532.0,1915,8
1705996800,7533.0,7545.8,7516.1,7522.1,1780,8
1706011200,7523.1,7534.8,7517.1,7528.8,1682,8
1706025600,7527.8,7545.3,7512.1,7533.3,2619,8
1706040000,7531.1,7553.3,7527.1,7546.0,1252,8
1706054400,7549.1,7573.9,7517.1,7520.9,1655,8
1706068800,7519.9,7539.1,7509.1,7529.1,1804,8
1706083200,7529.1,7581.9,7529.1,7579.9,2139,8
1706097600,7580.9,7595.9,7572.1,7593.9,1667,8
1706112000,7594.9,7599.9,7568.1,7586.4,2956,8
1706126400,7584.1,7585.4,7535.1,7538.6,2253,8
1706140800,7559.2,7564.7,7535.1,7543.5,1537,8
1706155200,7542.1,7575.7,7539.1,7571.7,1832,8
1706169600,7570.7,7579.5,7563.1,7573.1,2014,8
1706184000,7574.5,7580.5,7552.1,7578.5,2036,8
1706198400,7576.1,7585.5,7556.1,7570.0,3518,8
1706212800,7569.1,7587.9,7566.1,7587.9,2036,8
1706256000,7575.1,7591.4,7557.1,7589.4,1988,8
1706270400,7590.4,7616.4,7581.1,7610.1,1981,8
1706284800,7609.1,7611.9,7589.1,7594.4,2774,8
1706299200,7594.4,7607.9,7588.6,7588.6,1729,8
1706486400,7594.1,7604.2,7569.1,7595.2,2077,8
1706500800,7593.1,7602.2,7584.1,7595.4,2086,8
1706515200,7594.4,7604.2,7586.4,7590.2,1886,8
1706529600,7590.2,7602.2,7586.1,7601.2,1428,8
1706544000,7599.1,7605.2,7587.1,7597.7,2608,8
1706558400,7597.7,7636.7,7594.1,7627.4,1821,8
1706572800,7632.4,7651.0,7622.3,7625.0,1759,8
1706587200,7623.1,7631.0,7604.1,7615.2,2190,8
1706601600,7616.2,7622.4,7603.1,7606.1,1946,8
1706616000,7606.1,7613.0,7597.1,7601.1,1497,6
1706630400,7602.0,7614.5,7590.5,7604.1,2795,8
1706644800,7604.1,7622.2,7586.3,7591.2,1732,8
1706659200,7610.0,7662.1,7588.0,7639.1,2249,8
1706673600,7640.1,7704.1,7637.0,7695.3,3006,8
1706688000,7694.3,7702.1,7675.0,7678.1,2146,8
1706702400,7677.1,7687.1,7672.0,7678.1,1959,8
1706716800,7677.1,7685.6,7648.6,7664.6,4105,8
1706731200,7663.0,7678.6,7606.3,7622.6,7893,5
1706745600,7616.0,7643.8,7593.0,7610.8,2182,8
1706760000,7610.0,7620.8,7593.0,7593.0,2393,8
1706774400,7594.0,7613.8,7584.0,7606.8,2523,8
1706788800,7605.8,7615.8,7597.0,7605.8,1891,8
1706803200,7606.8,7622.3,7578.3,7613.3,5099,8
1706817600,7612.8,7666.0,7600.0,7659.0,3507,8
1706832000,7643.9,7700.9,7631.9,7700.9,2063,8
1706846400,7699.9,7720.9,7697.9,7705.7,2803,8
1706860800,7705.7,7716.3,7688.9,7698.9,2095,8
1706875200,7698.9,7702.0,7655.9,7658.9,2421,8
1706889600,7659.9,7670.9,7638.4,7648.4,5960,8
1706904000,7648.9,7669.4,7648.9,7654.1,3015,8
1707091200,7676.9,7676.9,7605.2,7642.9,2911,8
1707105600,7642.9,7653.2,7631.9,7641.4,2535,8
1707120000,7641.4,7653.2,7623.9,7625.2,2027,8
1707134400,7626.2,7641.2,7604.9,7608.2,1537,8
1707148800,7609.2,7615.2,7577.7,7608.9,4286,8
1707163200,7608.9,7629.7,7602.4,7608.4,2135,8
1707177600,7610.9,7619.1,7547.7,7590.7,2232,8
1707192000,7591.7,7604.7,7577.1,7582.1,2818,8
1707206400,7581.1,7619.7,7577.4,7596.9,1865,8
1707220800,7596.9,7608.7,7587.9,7606.7,1408,8
1707235200,7605.7,7637.2,7604.9,7634.2,4000,8
1707249600,7632.9,7654.7,7629.9,7643.9,2361,8
1707264000,7637.0,7657.6,7631.6,7652.7,2019,8
1707278400,7652.7,7659.7,7616.6,7628.8,1712,8
1707292800,7627.8,7634.7,7619.6,7623.6,1582,8
1707307200,7622.7,7629.6,7603.7,7626.6,1537,8
1707321600,7627.6,7637.6,7614.6,7620.1,3554,6
1707336000,7619.7,7642.7,7619.1,7640.7,1834,8
1707350400,7635.7,7671.3,7632.7,7671.3,1758,8
1707364800,7670.3,7675.3,7640.6,7649.2,1974,8
1707379200,7650.2,7659.3,7638.7,7657.3,1735,8
1707393600,7658.3,7659.3,7644.3,7652.3,1679,8
1707408000,7653.3,7658.8,7633.7,7640.8,2601,8
1707422400,7640.7,7657.7,7640.3,7654.5,1441,8
1707436800,7655.7,7669.0,7641.0,7661.7,1259,8
1707451200,7661.7,7668.0,7650.2,7653.2,1315,8
1707465600,7654.2,7660.0,7645.7,7655.0,1440,8
1707480000,7656.0,7670.0,7648.7,7655.7,1711,8
1707494400,7655.7,7661.0,7613.5,7629.0,2609,7
1707508800,7629.5,7657.5,7627.5,7644.2,1238,7
1707696000,7652.7,7657.2,7619.8,7635.8,1526,8
1707710400,7635.7,7646.8,7620.7,7624.0,1148,8
1707724800,7624.0,7639.8,7624.0,7631.7,1374,8
1707739200,7632.7,7634.8,7624.7,7626.8,1195,8
1707753600,7626.7,7665.3,7626.7,7665.3,2222,8
1707768000,7664.7,7670.3,7635.0,7643.0,2378,8
1707782400,7648.9,7656.5,7611.5,7631.5,1936,8
1707796800,7632.5,7637.5,7609.7,7612.7,1584,8
1707811200,7611.7,7630.7,7606.7,7620.5,1989,8
1707825600,7619.7,7623.5,7548.7,7548.7,2441,8
1707840000,7548.7,7562.0,7519.0,7524.0,5338,8
1707854400,7523.7,7531.7,7488.0,7527.7,2960,8
1707868800,7521.6,7544.5,7504.6,7538.5,2429,8
1707883200,7539.5,7566.2,7534.5,7555.7,1843,5
1707897600,7554.7,7578.6,7552.7,7577.5,2002,8
1707912000,7576.6,7589.6,7572.5,7579.5,1713,8
1707926400,7580.5,7595.0,7566.6,7589.5,3854,8
1707940800,7590.0,7613.5,7583.0,7609.7,2449,8
1707955200,7606.7,7637.1,7595.8,7609.5,1800,8
1707969600,7611.1,7625.7,7599.5,7618.7,1544,8
1707984000,7617.7,7656.1,7614.7,7652.5,1759,8
1707998400,7651.5,7657.1,7640.5,7649.1,1772,8
1708012800,7645.5,7680.1,7637.5,7674.0,3347,8
1708027200,7673.5,7700.7,7672.0,7691.7,1788,8
1708041600,7697.9,7709.5,7648.2,7662.2,2036,8
1708056000,7661.2,7677.0,7649.8,7655.4,1732,8
1708070400,7654.4,7677.2,7653.4,7674.0,1439,8
1708084800,7674.0,7685.0,7663.2,7675.0,1830,8
1708099200,7675.0,7698.7,7663.8,7693.7,3782,8
1708113600,7694.0,7699.2,7656.4,7658.4,2396,8
1708300800,7669.7,7697.7,7664.8,7677.4,1750,8
1708315200,7679.7,7684.7,7666.4,7671.6,1659,8
1708329600,7672.6,7683.7,7670.6,7678.4,1602,8
1708344000,7679.7,7685.7,7671.4,7685.7,1061,8
1708358400,7685.7,7685.7,7676.9,7679.9,855,8
1708372800,7681.7,7681.7,7669.6,7675.6,389,8
1708387200,7676.1,7683.2,7643.7,7652.7,1896,8
1708401600,7651.7,7678.5,7645.7,7666.9,2073,6
1708416000,7665.9,7678.2,7660.7,7668.2,2315,8
1708430400,7668.2,7676.2,7661.7,7671.2,2159,8
1708444800,7671.2,7672.2,7633.2,7643.2,2939,8
1708459200,7643.7,7651.2,7634.1,7641.9,2038,8
1708473600,7627.5,7647.7,7600.5,7618.5,2222,8
1708488000,7617.5,7623.5,7590.7,7607.9,2308,8
1708502400,7606.9,7621.5,7578.7,7585.5,2233,8
1708516800,7584.5,7601.5,7580.7,7599.5,2045,8
1708531200,7596.7,7606.5,7585.2,7591.2,2606,8
1708545600,7591.7,7614.0,7562.9,7602.3,3992,8
1708560000,7631.6,7631.6,7590.8,7607.0,2343,8
1708574400,7609.6,7622.6,7602.0,7615.2,1997,8
1708588800,7614.2,7644.6,7610.2,7627.0,2532,8
1708603200,7629.6,7644.6,7623.4,7629.0,1992,8
1708617600,7630.0,7648.6,7625.5,7645.5,3219,8
1708632000,7648.6,7665.6,7638.5,7643.2,1889,8
1708646400,7659.2,7672.7,7635.2,7651.5,1970,8
1708660800,7652.5,7661.7,7640.0,7646.0,1760,8
1708675200,7645.0,7652.7,7621.8,7628.7,1684,8
1708689600,7628.7,7654.7,7624.8,7648.8,1322,8
1708704000,7650.7,7669.7,7648.3,7664.3,2749,8
1708718400,7664.3,7672.7,7648.0,7650.0,1606,8
1708905600,7658.4,7696.4,7646.2,7652.2,2249,8
1708920000,7654.4,7663.4,7645.2,7655.4,1760,8
1708934400,7654.4,7666.4,7652.4,7661.4,1538,8
1708948800,7661.4,7677.4,7659.2,7676.2,1326,8
1708963200,7675.2,7684.4,7653.7,7654.7,1929,8
1708977600,7656.4,7662.4,7643.7,7645.4,1599,7
1708992000,7648.4,7655.4,7617.2,7652.2,1786,8
1709006400,7653.2,7673.4,7636.2,7666.4,1885,8
1709020800,7665.4,7687.4,7661.4,7686.4,1696,8
1709035200,7686.4,7693.4,7674.2,7678.2,1844,8
1709049600,7677.2,7686.4,7671.7,7673.7,2129,8
1709064000,7675.4,7692.7,7672.2,7690.4,1340,8
1709078400,7681.8,7693.8,7638.6,7651.6,2004,8
1709092800,7652.6,7675.8,7648.6,7658.8,1586,8
1709107200,7659.8,7668.8,7628.6,7632.8,1698,6
1709121600,7632.8,7643.8,7624.6,7634.6,2071,8
1709136000,7635.6,7655.8,7631.6,7645.1,2119,8
1709150400,7649.8,7655.8,7629.8,7633.8,1522,8
1709164800,7641.5,7666.5,7632.1,7659.1,1785,8
1709179200,7663.5,7706.5,7658.1,7686.3,2292,8
1709193600,7687.3,7693.5,7671.1,7672.1,2279,8
1709208000,7673.1,7696.5,7657.1,7687.1,2142,8
1709222400,7688.1,7702.5,7666.6,7689.6,3357,8
1709236800,7693.5,7717.5,7687.6,7704.3,1724,8
1709251200,7698.4,7745.4,7693.7,7726.3,2141,8
1709265600,7725.3,7753.4,7722.3,7743.5,1995,8
1709280000,7742.5,7753.4,7729.3,7745.4,1698,8
1709294400,7745.4,7748.4,7720.3,7725.3,2114,8
1709308800,7728.4,7759.4,7712.8,7756.4,3517,8
1709323200,7756.4,7762.4,7746.5,7747.5,1290,8
1709510400,7755.3,7777.3,7740.0,7744.0,1621,8
1709524800,7745.0,7753.3,7731.2,7735.2,1714,8
1709539200,7734.2,7750.3,7730.2,7743.0,1527,8
1709553600,7743.0,7747.3,7724.0,7724.0,1433,8
1709568000,7725.0,7742.3,7718.0,7738.5,2089,8
1709582400,7741.3,7748.3,7724.2,7725.2,1547,8
1709596800,7739.1,7748.1,7712.1,7744.1,1922,8
1709611200,7746.1,7750.1,7718.3,7723.3,1998,8
1709625600,7724.3,7736.1,7716.1,7735.1,1994,8
1709640000,7735.1,7747.1,7732.1,7744.1,1710,8
1709654400,7743.1,7763.1,7735.6,7745.6,3553,8
1709668800,7747.1,7749.1,7700.6,7726.3,2230,6
1709683200,7712.5,7731.0,7698.1,7713.0,1856,8
1709697600,7713.0,7747.9,7707.1,7735.3,1988,8
1709712000,7736.3,7772.0,7732.9,7772.0,1736,8
1709726400,7772.0,7795.0,7764.1,7793.1,2121,8
1709740800,7793.1,7798.0,7778.6,7789.6,3517,8
1709755200,7792.0,7800.0,7754.4,7765.7,4001,8
1709769600,7754.8,7773.8,7744.1,7746.1,2566,8
1709784000,7745.1,7771.8,7735.1,7756.5,2534,8
1709798400,7757.5,7778.8,7751.9,7776.9,2609,8
1709812800,7777.9,7820.8,7777.7,7817.9,2352,8
1709827200,7818.9,7823.8,7803.9,7810.4,3167,8
1709841600,7811.8,7823.8,7783.3,7801.1,2195,8
1709856000,7813.0,7846.0,7800.6,7833.6,2312,8
1709870400,7832.6,7860.0,7823.6,7850.8,1623,8
1709884800,7850.8,7856.0,7840.6,7852.0,1972,8
1709899200,7853.0,7863.0,7820.0,7856.0,2745,8
1709913600,7856.0,7864.0,7811.1,7813.1,5674,8
1709928000,7812.6,7827.0,7800.1,7806.8,3323,8
1710115200,7807.3,7808.5,7731.1,7747.3,3235,8
1710129600,7747.3,7747.3,7700.7,7708.9,1751,8
1710144000,7708.9,7726.3,7702.7,7704.3,2730,8
1710158400,7704.3,7704.3,7657.7,7690.2,3157,8
1710172800,7691.3,7713.3,7673.2,7710.2,4090,8
1710187200,7711.3,7719.3,7708.2,7714.6,1493,8
1710201600,7715.6,7742.6,7709.4,7723.4,2414,6
1710216000,7722.4,7725.6,7706.6,7709.6,1548,8
1710230400,7709.6,7719.6,7685.4,7685.4,2030,8
1710244800,7685.6,7725.4,7673.8,7706.9,4429,8
1710259200,7707.9,7734.9,7697.9,7713.9,4289,8
1710273600,7714.6,7729.9,7712.9,7722.0,1691,8
1710288000,7721.0,7745.8,7718.1,7742.8,2181,8
1710302400,7742.8,7748.8,7722.8,7729.0,1585,8
1710316800,7729.0,7736.8,7721.8,7733.8,1773,8
1710331200,7734.8,7752.8,7727.8,7744.3,1950,8
1710345600,7744.8,7762.3,7742.3,7758.3,2598,8
1710360000,7757.3,7759.8,7741.8,7751.3,1469,8
1710374400,7758.3,7758.3,7719.1,7724.8,2239,8
1710388800,7724.8,7734.4,7704.4,7714.9,1458,8
1710403200,7714.9,7732.7,7714.9,7728.7,1701,8
1710417600,7727.8,7730.7,7679.7,7680.2,3224,8
1710432000,7681.2,7689.2,7642.2,7658.2,4838,8
1710446400,7658.8,7663.2,7635.7,7656.4,2088,8
1710460800,7655.4,7662.4,7592.9,7616.8,2498,8
1710475200,7616.8,7672.8,7611.9,7667.0,1981,0
1710489600,7667.0,7682.8,7663.9,7681.8,1624,8
1710504000,7679.9,7690.8,7647.8,7648.3,2924,8
1710518400,7646.9,7670.3,7629.9,7646.3,3691,8
1710532800,7644.9,7658.2,7640.3,7655.0,1608,8
1710720000,7658.4,7680.2,7643.6,7673.6,2266,8
1710734400,7673.6,7687.2,7661.6,7681.4,1250,8
1710748800,7681.4,7691.2,7668.6,7684.2,1438,8
1710763200,7681.6,7700.2,7679.6,7686.2,2297,8
1710777600,7686.2,7697.7,7676.6,7679.6,2666,8
1710792000,7679.6,7690.7,7679.6,7686.0,1216,8
1710806400,7681.0,7696.8,7670.2,7678.2,2049,8
1710820800,7678.2,7713.8,7677.2,7700.0,1949,8
1710835200,7700.0,7711.1,7687.2,7688.2,1739,8
1710849600,7688.2,7699.0,7665.2,7690.0,2382,8
1710864000,7688.0,7734.4,7677.2,7733.4,2669,8
1710878400,7729.2,7733.4,7711.2,7722.9,1225,8
1710892800,7723.9,7745.7,7696.2,7714.2,1475,8
1710907200,7714.2,7734.7,7681.2,7694.9,1098,8
1710921600,7694.9,7712.7,7685.2,7706.7,1178,8
1710936000,7705.7,7716.7,7688.2,7705.2,1366,8
1710950400,7704.2,7710.2,7686.2,7701.3,1391,8
1710964800,7687.2,7763.7,7687.2,7759.3,5318,8
1710979200,7758.3,7784.1,7716.8,7741.1,2631,8
1710993600,7726.8,7795.1,7726.8,7785.3,1370,8
1711008000,7785.3,7795.1,7753.8,7771.1,1765,8
1711022400,7770.1,7780.6,7748.8,7778.1,2052,8
1711036800,7776.6,7787.6,7759.8,7774.6,2483,8
1711051200,7774.1,7781.6,7758.8,7768.2,1131,8
1711065600,7766.2,7789.0,7730.9,7746.0,1872,8
1711080000,7747.0,7774.0,7728.9,7768.2,1465,0
1711094400,7768.2,7801.1,7758.9,7801.1,1491,8
1711108800,7786.9,7807.1,7764.9,7784.6,2044,8
1711123200,7785.1,7791.5,7765.9,7790.5,2038,8
1711137600,7790.0,7793.4,7767.9,7774.1,1160,8
1711324800,7778.8,7855.6,7772.8,7826.6,2580,8
1711339200,7825.6,7830.6,7803.1,7814.8,1519,8
1711353600,7814.8,7816.0,7782.1,7783.1,1514,8
1711368000,7783.1,7812.6,7773.1,7812.6,1881,8
1711382400,7812.6,7826.1,7795.1,7811.1,1639,8
1711396800,7811.1,7813.6,7777.1,7799.1,884,8
1711411200,7796.1,7822.9,7769.4,7819.9,2001,8
1711425600,7818.9,7819.9,7770.4,7790.1,1531,8
1711440000,7790.1,7805.9,7776.4,7804.9,1415,8
1711454400,7805.9,7812.9,7781.4,7801.9,1756,8
1711468800,7801.9,7805.4,7779.4,7797.4,1595,8
1711483200,7783.4,7802.4,7759.4,7777.6,965,8
1711497600,7783.6,7815.4,7752.9,7811.4,1796,8
1711512000,7797.9,7825.4,7784.9,7821.6,1374,0
1711526400,7821.6,7829.6,7800.9,7828.4,1311,8
1711540800,7814.9,7840.0,7812.9,7835.9,1521,8
1711555200,7821.9,7848.9,7811.9,7844.9,1894,8
1711569600,7830.9,7886.6,7829.9,7873.6,1093,8
1711584000,7881.6,7910.4,7860.0,7896.4,2196,8
1711598400,7897.4,7910.4,7877.0,7904.6,1450,8
1711612800,7904.6,7921.7,7886.0,7917.4,1332,8
1711627200,7918.4,7927.5,7887.0,7894.0,1351,8
1712016000,7880.3,7922.1,7852.3,7914.1,1957,8
1712030400,7913.1,7919.1,7867.3,7891.1,1959,8
1712044800,7890.1,7927.1,7875.3,7910.1,1935,8
1712059200,7896.3,7914.1,7859.3,7873.3,1956,8
1712073600,7872.3,7874.3,7828.3,7856.1,3500,8
1712088000,7856.1,7872.1,7827.3,7869.8,1597,8
1712102400,7869.7,7878.9,7786.5,7789.5,1847,6
1712116800,7787.5,7809.5,7762.5,7773.5,2076,6
1712131200,7785.5,7808.5,7771.5,7795.5,1895,8
1712145600,7796.5,7802.5,7770.5,7787.5,1784,8
1712160000,7786.5,7825.0,7771.5,7814.0,4154,8
1712174400,7801.5,7825.0,7793.5,7817.7,2002,8
1712188800,7818.6,7844.4,7805.6,7814.5,1520,8
1712203200,7814.5,7832.4,7803.5,7813.5,1327,8
1712217600,7814.5,7846.4,7808.5,7842.4,1551,8
1712232000,7843.4,7847.4,7820.5,7846.4,1502,8
1712246400,7833.5,7861.4,7833.5,7851.9,2085,8
1712260800,7839.5,7851.9,7752.5,7762.6,5904,8
1712275200,7771.5,7794.3,7741.6,7788.3,2016,8
1712289600,7787.3,7788.3,7731.6,7764.6,1925,8
1712304000,7764.6,7798.3,7763.6,7787.3,1800,8
1712318400,7774.6,7810.3,7770.6,7800.3,2385,8
1712332800,7801.3,7833.8,7776.8,7833.3,5715,8
1712347200,7832.8,7833.3,7792.6,7815.5,3954,8
1712534400,7826.1,7831.1,7769.9,7804.9,1623,8
1712548800,7802.9,7810.9,7773.9,7776.9,1806,8
1712563200,7776.9,7810.9,7775.9,7799.9,2305,8
1712577600,7798.9,7816.9,7785.9,7814.9,1894,8
1712592000,7815.9,7828.4,7793.9,7826.4,3841,8
1712606400,7814.9,7835.9,7811.9,7829.3,2125,8
1712620800,7817.9,7842.8,7810.9,7828.8,1124,8
1712635200,7829.8,7842.8,7810.9,7827.9,1616,0
1712649600,7827.9,7839.8,7816.9,7821.9,1625,8
1712664000,7821.9,7856.8,7819.9,7851.8,1864,8
1712678400,7850.8,7858.3,7799.3,7831.3,5260,8
1712692800,7819.9,7864.3,7817.9,7853.2,3465,8
1712707200,7855.0,7879.8,7837.0,7868.8,1079,8
1712721600,7869.8,7879.8,7839.0,7846.0,1610,8
1712736000,7846.0,7871.8,7841.0,7871.8,1797,8
1712750400,7871.8,7883.8,7796.0,7809.8,2847,8
1712764800,7810.8,7832.3,7779.0,7805.8,9802,8
1712779200,7805.3,7810.3,7773.0,7796.2,7696,8
1712793600,7797.8,7797.8,7745.2,7784.2,1721,7
1712808000,7784.2,7820.6,7771.2,7809.2,1777,6
1712822400,7810.2,7824.6,7781.2,7781.2,2403,8
1712836800,7781.2,7797.5,7744.2,7793.5,3559,8
1712851200,7794.5,7802.5,7732.2,7773.0,8149,8
1712865600,7772.5,7805.0,7768.0,7788.9,4132,7
1712880000,7778.2,7797.3,7759.3,7790.1,1469,8
1712894400,7780.3,7799.1,7769.3,7786.1,1785,8
1712908800,7786.1,7820.1,7770.3,7817.1,2066,8
1712923200,7816.1,7829.1,7788.3,7788.3,2943,8
1712937600,7788.3,7821.6,7747.3,7758.6,8196,8
1712952000,7759.1,7760.6,7722.3,7740.5,4872,8
1713139200,7742.8,7761.6,7731.3,7743.3,2657,8
1713153600,7743.3,7765.6,7726.3,7744.3,2048,8
1713168000,7744.3,7767.8,7739.3,7758.6,2972,8
1713182400,7757.6,7791.6,7741.3,7772.3,2630,6
1713196800,7783.6,7792.6,7713.3,7727.1,7555,8
1713211200,7726.6,7730.6,7671.3,7697.3,6881,8
1713225600,7687.3,7702.0,7645.4,7654.8,1793,8
1713240000,7645.4,7659.8,7575.4,7601.4,3171,8
1713254400,7601.4,7624.8,7587.4,7607.8,3552,8
1713268800,7597.4,7618.8,7581.4,7594.4,3141,8
1713283200,7594.4,7609.8,7552.4,7588.3,9426,8
1713297600,7588.8,7609.3,7563.4,7573.2,10354,8
1713312000,7575.4,7624.4,7575.4,7619.4,1799,8
1713326400,7618.4,7640.4,7601.2,7611.2,1943,8
1713340800,7611.2,7649.4,7594.2,7636.2,3376,8
1713355200,7636.2,7660.4,7629.2,7658.4,2578,8
1713369600,7659.4,7673.9,7607.2,7624.9,8596,8
1713384000,7624.4,7663.4,7615.2,7636.8,6762,8
1713398400,7633.9,7651.7,7618.1,7643.7,1571,8
1713412800,7644.7,7660.7,7623.3,7639.7,1838,8
1713427200,7640.7,7648.7,7619.3,7623.3,2479,8
1713441600,7623.3,7640.7,7610.3,7627.7,2429,8
1713456000,7618.3,7644.2,7599.2,7615.2,8578,8
1713470400,7614.7,7618.2,7576.3,7586.1,6624,8
1713484800,7576.3,7594.1,7543.4,7556.7,1860,8
1713499200,7555.7,7568.7,7479.4,7547.7,6135,8
1713513600,7546.7,7593.3,7535.4,7574.4,3758,8
1713528000,7574.4,7613.3,7572.4,7598.4,3199,8
1713542400,7608.3,7634.8,7584.4,7608.8,10162,8
1713556800,7608.3,7622.8,7580.4,7597.7,7749,8
1713744000,7618.2,7685.0,7599.2,7660.0,2315,8
1713758400,7661.0,7665.0,7619.8,7639.0,2475,8
1713772800,7640.0,7658.2,7621.8,7635.8,2391,8
1713787200,7635.8,7665.0,7632.8,7660.0,2181,8
1713801600,7661.0,7667.5,7631.8,7667.0,5774,8
1713816000,7667.5,7694.5,7655.8,7667.4,3991,8
1713830400,7657.8,7699.9,7656.1,7679.9,1435,8
1713844800,7679.9,7695.9,7666.9,7674.9,1918,8
1713859200,7674.9,7691.1,7667.9,7678.9,2252,8
1713873600,7677.9,7693.9,7654.9,7673.9,2082,8
1713888000,7672.9,7705.4,7656.9,7702.4,6082,8
1713902400,7701.9,7710.4,7687.9,7701.3,3052,8
1713916800,7691.9,7727.8,7691.9,7726.8,1490,8
1713931200,7726.8,7728.8,7673.0,7701.8,2236,8
1713945600,7701.8,7702.8,7649.0,7651.0,2085,8
1713960000,7652.0,7666.8,7638.0,7646.8,1925,8
1713974400,7646.8,7654.8,7601.0,7620.3,5520,8
1713988800,7620.3,7635.8,7605.0,7610.0,4579,8
1714032000,7604.1,7614.1,7570.1,7595.7,974,8
1714046400,7586.1,7597.7,7531.1,7536.7,2509,8
1714060800,7537.7,7566.5,7505.1,7564.5,5990,8
1714075200,7565.5,7601.0,7549.1,7599.4,4537,8
1714089600,7590.1,7605.1,7557.2,7587.9,1960,8
1714104000,7588.9,7595.9,7565.2,7575.9,2104,8
1714118400,7574.9,7584.9,7552.2,7556.2,2355,8
1714132800,7556.2,7590.9,7551.2,7577.9,2348,8
1714147200,7578.9,7600.4,7564.2,7590.2,5475,8
1714161600,7589.2,7609.4,7586.2,7593.3,2102,8
1714348800,7606.8,7653.6,7598.8,7623.6,1622,8
1714363200,7622.6,7648.6,7603.6,7637.6,2303,8
1714377600,7637.6,7653.6,7628.2,7638.6,2096,8
1714392000,7630.6,7650.6,7627.6,7643.6,1674,8
1714406400,7644.6,7653.1,7628.6,7650.1,3178,8
1714420800,7649.6,7658.1,7627.6,7651.0,2906,8
1714435200,7642.6,7657.8,7621.7,7651.8,1240,8
1714449600,7642.7,7664.8,7640.7,7657.8,1670,8
1714464000,7649.7,7679.8,7648.7,7654.7,2042,8
1714478400,7654.7,7682.8,7650.7,7664.8,2061,8
1714492800,7663.8,7669.8,7587.7,7601.3,5567,8
1714507200,7601.3,7618.3,7564.7,7573.2,4548,8
1714521600,7564.7,7591.1,7551.8,7577.9,1794,8
1714536000,7578.9,7604.9,7556.8,7591.9,1854,8
1714550400,7590.9,7593.9,7547.8,7557.9,1607,8
1714564800,7556.9,7559.9,7521.8,7544.9,1932,8
1714579200,7535.8,7551.4,7519.8,7536.4,3631,8
1714593600,7527.8,7618.4,7522.8,7553.3,11420,8
1714608000,7561.9,7593.7,7559.9,7577.7,1794,8
1714622400,7568.5,7619.7,7567.5,7600.7,1966,8
1714636800,7591.5,7605.7,7568.5,7582.7,2385,8
1714651200,7573.5,7604.7,7572.5,7589.7,2070,8
1714665600,7588.7,7599.7,7558.2,7588.2,7237,8
1714680000,7579.5,7626.7,7579.5,7615.1,4231,8
1714694400,7618.3,7637.3,7602.6,7622.1,1427,8
1714708800,7613.6,7643.1,7610.6,7635.1,1634,8
1714723200,7634.1,7639.7,7606.6,7621.1,1660,8
1714737600,7620.1,7670.1,7607.6,7652.1,2302,8
1714752000,7653.1,7666.6,7626.6,7649.6,9913,18
1714766400,7650.6,7662.6,7647.1,7656.5,2379,18
1714953600,7667.1,7674.9,7642.9,7666.9,1207,8
1714968000,7659.9,7687.9,7658.9,7683.9,1397,8
1714982400,7675.9,7693.9,7667.9,7683.9,1473,8
1714996800,7682.9,7706.9,7673.9,7702.9,1149,8
1715011200,7703.9,7720.4,7688.9,7720.4,2279,8
1715025600,7712.9,7733.4,7712.9,7725.3,1618,8
1715040000,7717.9,7745.9,7706.3,7719.9,1107,8
1715054400,7720.9,7786.9,7702.3,7775.3,2006,8
1715068800,7775.3,7805.9,7771.3,7797.3,1802,8
1715083200,7797.3,7809.9,7778.3,7785.3,1482,8
1715097600,7785.3,7816.4,7776.3,7810.4,2571,8
1715112000,7803.3,7817.4,7792.3,7803.3,2098,8
1715126400,7806.9,7822.7,7799.2,7799.2,1225,8
1715140800,7799.2,7815.7,7787.2,7797.7,1764,8
1715155200,7790.2,7821.7,7788.2,7802.2,1804,8
1715169600,7802.2,7811.7,7767.2,7780.7,1503,8
1715184000,7779.7,7799.2,7769.2,7790.2,2713,8
1715198400,7783.2,7797.7,7779.2,7790.1,1975,8
1715212800,7783.2,7799.2,7756.5,7766.8,1126,8
1715227200,7759.5,7768.8,7712.5,7716.5,1816,8
1715241600,7716.5,7726.8,7703.5,7713.8,1685,8
1715256000,7714.8,7718.8,7697.5,7710.8,1618,8
1715270400,7703.5,7739.3,7700.5,7721.3,2752,8
1715284800,7720.8,7744.3,7710.5,7743.2,2136,8
1715299200,7736.5,7759.7,7735.6,7759.7,1308,8
1715313600,7758.7,7772.7,7749.6,7768.7,1875,8
1715328000,7767.7,7779.7,7742.6,7779.7,1533,8
1715342400,7772.6,7786.7,7760.6,7767.7,1350,8
1715356800,7761.6,7772.7,7746.6,7755.2,3460,8
1715371200,7748.6,7756.2,7737.6,7744.1,1627,8
1715558400,7755.1,7771.9,7722.0,7764.9,1184,8
1715572800,7763.9,7769.9,7722.0,7753.9,1634,8
1715587200,7728.0,7776.9,7728.0,7740.0,1637,8
1715601600,7740.0,7760.5,7739.0,7757.5,1162,8
1715616000,7751.0,7772.5,7745.0,7754.0,2182,8
1715630400,7753.5,7753.5,7737.0,7744.9,1548,8
1715644800,7748.7,7754.5,7733.1,7737.1,1257,8
1715659200,7737.1,7746.5,7714.1,7724.5,1763,8
1715673600,7723.5,7746.5,7715.1,7743.5,1575,8
1715688000,7737.1,7762.5,7722.9,7748.5,1877,8
1715702400,7741.1,7755.5,7735.1,7746.0,3558,8
1715716800,7739.1,7771.5,7736.1,7766.9,1938,8
1715731200,7760.1,7793.4,7760.1,7772.2,1074,8
1715745600,7772.2,7782.4,7756.2,7766.4,1531,8
1715760000,7759.2,7770.4,7750.2,7767.4,1442,8
1715774400,7760.2,7797.4,7744.2,7783.4,2130,8
1715788800,7784.4,7791.9,7757.2,7791.4,3379,8
1715803200,7791.9,7812.9,7782.2,7809.8,1747,8
1715817600,7803.2,7862.3,7784.4,7855.3,1414,8
1715832000,7855.3,7904.3,7852.3,7900.3,1999,8
1715846400,7893.3,7907.3,7869.3,7875.3,1921,8
1715860800,7869.3,7891.3,7868.3,7878.3,1431,8
1715875200,7877.3,7881.3,7845.3,7866.8,2582,8
1715889600,7860.3,7865.8,7839.3,7844.7,2267,8
1715904000,7849.5,7867.3,7836.4,7854.3,1209,8
1715918400,7855.3,7859.3,7814.4,7822.3,1585,8
1715932800,7816.4,7825.3,7797.7,7814.3,1953,8
1715947200,7808.4,7822.3,7805.4,7820.3,1193,8
1715961600,7815.4,7844.3,7812.4,7843.8,2533,8
1715976000,7838.4,7852.8,7830.4,7845.7,2172,8
1716163200,7848.3,7868.5,7841.7,7861.1,1293,8
1716177600,7860.1,7880.1,7849.7,7874.1,1668,8
1716192000,7869.7,7876.1,7847.7,7857.7,1639,8
1716206400,7857.7,7876.1,7851.7,7859.1,1271,8
1716220800,7858.1,7872.6,7849.7,7861.7,1875,8
1716235200,7866.6,7868.6,7839.7,7843.5,1422,8
1716249600,7849.0,7863.8,7843.4,7845.4,933,8
1716264000,7845.4,7865.1,7838.4,7863.8,1674,8
1716278400,7858.4,7863.8,7838.4,7841.4,1574,8
1716292800,7841.4,7847.8,7829.4,7836.4,1448,8
1716307200,7836.4,7874.3,7831.8,7863.3,2273,8
1716321600,7858.4,7874.3,7853.4,7871.2,1462,8
1716336000,7866.4,7885.8,7861.5,7878.8,1025,8
1716350400,7877.8,7886.8,7851.5,7855.8,1594,8
1716364800,7851.5,7864.8,7826.6,7835.8,1740,8
1716379200,7835.8,7836.8,7802.5,7812.5,1362,8
1716393600,7812.5,7822.3,7783.5,7796.3,2229,8
1716408000,7796.3,7802.8,7756.5,7773.2,4593,8
1716422400,7785.0,7790.8,7763.5,7770.8,1533,8
1716436800,7771.8,7823.8,7763.5,7814.8,1762,8
1716451200,7809.5,7825.8,7803.5,7808.8,1825,8
1716465600,7803.5,7830.8,7801.5,7822.5,1445,8
1716480000,7822.5,7828.8,7748.5,7758.3,4852,8
1716494400,7758.3,7760.3,7711.5,7729.5,5280,8
1716508800,7724.5,7747.0,7713.6,7745.0,1351,8
1716523200,7744.0,7750.0,7714.6,7733.0,1575,8
1716537600,7727.6,7746.0,7718.6,7740.6,1855,8
1716552000,7740.6,7747.0,7726.6,7736.0,1502,8
1716566400,7731.6,7776.5,7731.6,7769.5,3536,8
1716580800,7764.6,7775.5,7757.6,7768.4,2319,8
1716768000,7778.0,7788.8,7759.0,7784.8,1157,8
1716782400,7779.9,7800.8,7768.9,7794.8,1481,8
1716796800,7790.9,7798.8,7785.9,7792.9,1636,8
1716811200,7792.9,7801.8,7787.9,7792.9,1027,8
1716825600,7792.9,7813.8,7791.9,7812.8,1002,8
1716840000,7812.3,7816.3,7794.2,7794.2,446,8
1716854400,7803.9,7815.7,7786.8,7793.7,1108,8
1716868800,7792.7,7796.7,7768.8,7771.8,1611,8
1716883200,7771.8,7784.7,7763.8,7764.8,1824,8
1716897600,7764.8,7770.7,7746.8,7751.7,1568,8
1716912000,7747.8,7755.7,7721.8,7736.2,3592,8
1716926400,7731.8,7738.2,7701.8,7725.1,3289,8
1716940800,7720.8,7725.7,7694.9,7704.3,1146,8
1716955200,7699.9,7719.3,7657.9,7681.3,1866,8
1716969600,7676.9,7687.3,7658.9,7667.3,2422,8
1716984000,7668.3,7676.3,7637.9,7643.3,1858,8
1716998400,7642.3,7649.8,7620.9,7642.8,3844,8
1717012800,7642.8,7642.8,7605.7,7606.7,2791,8
1717027200,7620.4,7622.4,7593.9,7620.2,1462,8
1717041600,7615.9,7638.2,7611.9,7627.9,1755,8
1717056000,7627.9,7656.2,7618.9,7649.9,1873,8
1717070400,7649.9,7669.2,7646.9,7662.2,1698,8
1717084800,7661.2,7699.2,7655.9,7698.7,3316,8
1717099200,7698.2,7702.7,7666.9,7685.6,2516,8
1717113600,7681.9,7694.1,7671.5,7683.1,1621,8
1717128000,7683.1,7689.1,7657.0,7670.1,2185,8
1717142400,7666.0,7711.1,7663.0,7703.1,2399,8
1717156800,7700.0,7729.1,7687.0,7727.1,2429,0
1717171200,7724.0,7729.1,7666.0,7673.6,4486,8
1717185600,7674.1,7753.5,7672.0,7739.9,3420,8
1717372800,7738.9,7783.7,7728.1,7779.7,1938,8
1717387200,7780.7,7787.7,7758.0,7767.0,2200,8
1717401600,7767.0,7772.9,7743.0,7753.0,2631,8
1717416000,7753.0,7760.7,7740.0,7757.9,2100,8
1717430400,7753.0,7776.7,7719.0,7730.2,6304,8
1717444800,7730.7,7759.7,7725.0,7755.1,4105,8
1717459200,7751.0,7776.7,7747.1,7759.1,1214,8
1717473600,7759.1,7768.7,7744.1,7751.7,1862,8
1717488000,7752.7,7753.7,7707.1,7710.7,2682,8
1717502400,7707.1,7735.7,7697.1,7734.7,2664,8
1717516800,7733.7,7742.7,7700.1,7717.2,5977,8
1717531200,7713.1,7741.7,7707.1,7733.1,4043,8
1717545600,7729.1,7766.9,7729.1,7764.6,1311,8
1717560000,7765.6,7783.6,7750.2,7773.6,1984,8
1717574400,7769.2,7777.6,7744.2,7750.2,2240,8
1717588800,7750.2,7785.6,7750.2,7782.2,1804,8
1717603200,7782.2,7807.6,7765.2,7799.2,5498,8
1717617600,7799.2,7824.1,7793.2,7814.0,2397,8
1717632000,7810.2,7828.5,7809.2,7824.5,1457,8
1717646400,7825.5,7844.5,7819.2,7834.5,1866,8
1717660800,7834.5,7838.5,7808.2,7823.5,2033,8
1717675200,7822.5,7830.5,7806.2,7817.5,2082,8
1717689600,7816.5,7836.0,7805.2,7824.0,3365,8
1717704000,7823.5,7847.0,7818.2,7837.9,2647,8
1717718400,7834.2,7858.8,7831.6,7843.4,1204,8
1717732800,7844.4,7863.7,7835.3,7858.4,1740,8
1717747200,7859.4,7875.4,7843.3,7845.3,2123,8
1717761600,7845.3,7862.4,7811.8,7826.4,2856,8
1717776000,7825.4,7875.9,7823.4,7847.9,6337,8
1717790400,7846.9,7849.9,7816.3,7827.8,4995,8
1718006400,7813.6,7816.6,7781.6,7786.2,1590,8
1718020800,7785.2,7802.2,7774.6,7787.2,2314,0
1718035200,7788.2,7809.7,7771.6,7804.7,2658,8
1718049600,7801.6,7816.7,7794.6,7798.9,2708,8
1718064000,7795.6,7810.4,7769.7,7774.4,1462,8
1718078400,7773.4,7775.4,7735.7,7758.7,1894,8
1718092800,7758.7,7764.4,7734.7,7744.7,2458,8
1718107200,7744.7,7756.1,7699.7,7712.1,2798,0
1718121600,7713.1,7725.6,7677.7,7704.6,3738,8
1718136000,7698.7,7728.2,7696.7,7719.1,2513,8
1718150400,7712.7,7740.3,7712.7,7727.3,1157,8
1718164800,7720.4,7729.3,7703.4,7709.4,1369,8
1718179200,7709.4,7739.3,7708.4,7729.3,1755,8
1718193600,7728.3,7787.3,7719.4,7779.4,2445,8
1718208000,7779.4,7798.8,7765.4,7796.8,4396,8
1718222400,7795.8,7798.8,7759.4,7779.7,7264,8
1718236800,7774.4,7794.8,7764.1,7764.1,1127,8
1718251200,7764.1,7773.8,7747.1,7761.1,1689,8
1718265600,7761.1,7767.8,7727.1,7738.8,1950,8
1718280000,7732.1,7759.8,7716.1,7744.1,2105,0
1718294400,7744.1,7754.8,7702.1,7724.4,4985,8
1718308800,7723.9,7752.9,7719.1,7746.8,3290,8
1718323200,7740.1,7759.4,7726.1,7729.1,1241,8
1718337600,7729.1,7744.4,7718.1,7735.4,1431,8
1718352000,7728.1,7738.4,7702.1,7707.1,2533,8
1718366400,7707.1,7719.4,7667.1,7684.1,3067,0
1718380800,7684.1,7709.4,7669.1,7689.1,5127,8
1718395200,7689.1,7717.9,7681.1,7715.4,2527,8
1718582400,7718.9,7740.7,7703.6,7732.6,1244,8
1718596800,7732.6,7738.7,7708.6,7725.7,1630,8
1718611200,7724.7,7729.7,7691.6,7700.7,2515,0
1718625600,7699.7,7708.7,7680.6,7690.6,1782,8
1718640000,7690.6,7728.2,7680.6,7726.7,3175,8
1718654400,7727.2,7753.2,7720.6,7745.4,2967,8
1718668800,7738.6,7781.7,7736.7,7779.7,1235,8
1718683200,7780.7,7791.7,7765.3,7773.3,1574,8
1718697600,7773.3,7791.6,7744.3,7749.3,2284,8
1718712000,7749.3,7772.6,7744.3,7761.3,1964,8
1718726400,7760.3,7796.6,7755.3,7784.3,3663,8
1718740800,7784.3,7793.6,7765.3,7779.0,1919,8
1718755200,7772.3,7799.5,7768.8,7783.5,887,8
1718769600,7775.3,7790.5,7758.3,7765.3,1309,8
1718784000,7765.3,7783.5,7753.3,7761.3,1841,0
1718798400,7761.3,7775.5,7753.3,7760.3,1344,8
1718812800,7760.3,7774.5,7747.3,7757.0,1377,8
1718827200,7757.5,7763.0,7745.3,7756.9,545,8
1718841600,7747.3,7786.0,7747.3,7773.0,1022,8
1718856000,7774.0,7779.0,7752.4,7760.4,1434,8
1718870400,7760.4,7793.0,7759.4,7782.0,2179,8
1718884800,7781.0,7793.0,7770.4,7779.0,2130,8
1718899200,7779.0,7804.5,7764.4,7783.5,4069,8
1718913600,7782.5,7799.5,7759.4,7786.4,3828,8
1718928000,7777.4,7817.6,7764.5,7772.6,1226,8
1718942400,7771.6,7797.6,7754.5,7791.6,1709,8
1718956800,7781.5,7808.6,7770.5,7783.6,2451,8
1718971200,7782.6,7788.6,7757.5,7784.6,2365,8
1718985600,7774.5,7796.1,7767.5,7787.6,6011,8
1719000000,7787.1,7794.6,7773.5,7786.0,3036,8
1719187200,7793.5,7802.3,7771.7,7780.3,1399,8
1719201600,7771.7,7782.3,7731.7,7751.3,2205,8
1719216000,7741.7,7779.3,7732.7,7778.3,2443,0
1719230400,7768.7,7788.3,7762.7,7784.3,2088,8
1719244800,7775.7,7824.8,7771.7,7805.8,3616,0
1719259200,7804.8,7807.8,7772.7,7780.7,2844,8
1719273600,7777.6,7811.4,7777.6,7788.8,1224,8
1719288000,7788.8,7840.4,7787.8,7836.4,1712,8
1719302400,7827.8,7859.6,7818.8,7843.4,2569,8
1719316800,7833.8,7852.4,7823.8,7835.4,1985,0
1719331200,7825.8,7836.4,7794.8,7812.9,4163,8
1719345600,7803.8,7829.9,7801.8,7817.8,1894,8
1719360000,7820.5,7828.7,7775.8,7791.3,1153,8
1719374400,7792.3,7813.3,7751.8,7790.3,2187,8
1719388800,7781.8,7810.3,7771.8,7806.3,1901,5
1719403200,7805.3,7807.3,7726.8,7736.3,1778,0
1719417600,7735.3,7745.3,7712.8,7729.8,3584,8
1719432000,7720.8,7732.8,7697.8,7714.7,2194,8
1719446400,7705.8,7706.5,7648.6,7678.3,1451,8
1719460800,7679.3,7728.3,7669.6,7724.3,1709,8
1719475200,7723.3,7768.3,7713.6,7742.3,2010,8
1719489600,7733.6,7766.3,7730.6,7749.6,2016,8
1719504000,7749.6,7786.8,7749.6,7779.8,4207,8
1719518400,7770.6,7794.8,7766.6,7788.7,2592,8
1719532800,7779.6,7823.3,7779.6,7798.3,1177,8
1719547200,7799.3,7830.3,7777.7,7790.3,2147,8
1719561600,7789.3,7798.7,7758.7,7770.7,2072,8
1719576000,7770.7,7797.3,7764.7,7778.3,1919,0
1719590400,7769.7,7790.8,7741.7,7754.8,5044,8
1719604800,7745.7,7759.8,7724.7,7747.7,3030,8
1719792000,7753.1,7768.1,7712.7,7743.9,1521,8
1719806400,7742.9,7761.9,7728.7,7747.9,1868,8
1719820800,7746.9,7774.9,7733.7,7762.9,2541,8
1719835200,7761.9,7774.9,7748.7,7765.9,1600,8
1719849600,7757.7,7788.4,7730.7,7755.4,4878,8
1719864000,7754.4,7756.4,7725.7,7740.3,2180,8
1719878400,7736.1,7760.9,7726.3,7757.9,1080,8
1719892800,7758.9,7761.9,7702.8,7733.9,1637,8
1719907200,7724.8,7747.9,7682.8,7695.8,2335,8
1719921600,7694.8,7708.9,7671.8,7695.9,1777,8
1719936000,7696.9,7726.4,7690.8,7712.4,4885,8
1719950400,7711.4,7751.4,7702.8,7742.3,1625,8
1719964800,7733.8,7756.2,7730.8,7749.2,1061,8
1719979200,7740.8,7758.2,7723.8,7751.2,1562,8
1719993600,7742.8,7778.2,7735.8,7761.8,1867,8
1720008000,7761.8,7800.2,7761.8,7793.2,1550,8
1720022400,7784.8,7828.7,7783.8,7822.7,3669,8
1720036800,7823.2,7831.7,7813.8,7817.6,712,8
1720051200,7808.8,7843.5,7808.8,7824.5,1108,8
1720065600,7825.5,7840.5,7812.9,7839.5,1727,8
1720080000,7829.9,7854.5,7825.9,7848.5,1725,8
1720094400,7847.5,7854.5,7835.9,7850.5,1059,8
1720108800,7840.9,7852.5,7821.9,7839.0,981,8
1720123200,7829.9,7839.0,7816.9,7822.9,498,8
1720137600,7813.9,7836.9,7810.0,7826.0,925,8
1720152000,7826.0,7842.9,7815.0,7830.9,1362,8
1720166400,7821.0,7838.9,7812.0,7838.9,1848,8
1720180800,7837.9,7845.9,7821.0,7840.9,2269,8
1720195200,7839.9,7842.9,7793.0,7816.4,4562,8
1720209600,7816.9,7835.4,7806.0,7822.3,1643,8
1720396800,7825.8,7826.8,7785.1,7800.6,1222,8
1720411200,7800.6,7808.6,7770.1,7783.6,1513,8
1720425600,7775.1,7817.6,7762.1,7801.1,2120,8
1720440000,7801.1,7824.6,7793.1,7817.6,1645,8
1720454400,7817.6,7834.1,7790.1,7805.6,2583,8
1720468800,7805.6,7811.1,7787.1,7791.0,1541,8
1720483200,7782.1,7831.6,7782.1,7825.6,1138,8
1720497600,7825.6,7844.6,7810.2,7831.2,1500,8
1720512000,7840.6,7846.6,7819.2,7838.6,1919,0
1720526400,7837.6,7843.6,7791.2,7805.6,1476,8
1720540800,7797.2,7813.6,7773.2,7800.1,3994,8
1720555200,7800.1,7807.6,7782.2,7800.0,1829,6
1720569600,7791.2,7813.6,7782.3,7798.6,941,8
1720584000,7798.6,7831.6,7785.3,7829.6,1342,8
1720598400,7829.6,7840.6,7813.3,7840.6,1799,0
1720612800,7832.3,7873.8,7830.3,7872.6,1488,0
1720627200,7864.3,7901.1,7852.3,7897.1,2489,8
1720641600,7897.1,7907.1,7883.3,7902.0,1439,8
1720656000,7893.3,7921.5,7882.7,7903.5,1118,8
1720670400,7903.5,7909.5,7880.4,7892.5,1648,8
1720684800,7883.4,7908.5,7883.4,7904.5,1734,8
1720699200,7904.5,7938.5,7886.4,7914.5,2145,0
1720713600,7905.4,7941.5,7904.4,7932.0,6853,8
1720728000,7933.0,7948.0,7923.4,7943.9,3647,8
1720742400,7933.4,7969.5,7930.7,7957.5,1577,8
1720756800,7957.5,7984.5,7953.5,7967.5,1937,8
1720771200,7967.5,7977.5,7956.5,7974.5,2162,8
1720785600,7965.5,8004.5,7956.5,8003.5,2069,8
1720800000,8003.5,8055.0,7988.5,8035.0,4543,8
1720814400,8026.5,8052.0,8007.5,8016.9,2440,8
1721001600,8039.6,8055.4,8010.6,8040.7,1630,8
1721016000,8040.7,8054.4,8010.7,8025.4,1686,8
1721030400,8017.7,8060.4,8016.7,8051.7,2036,8
1721044800,8050.7,8067.4,8031.7,8032.7,1626,8
1721059200,8032.7,8044.5,8018.7,8031.9,4200,8
1721073600,8024.7,8039.9,8008.7,8029.8,3364,8
1721088000,8022.7,8047.1,8018.5,8028.1,1200,8
1721102400,8029.1,8034.1,8008.5,8021.1,1686,8
1721116800,8014.5,8031.1,7990.5,8013.1,2127,8
1721131200,8013.1,8025.1,8001.5,8013.1,1846,8
1721145600,8012.1,8046.6,8000.5,8040.6,4161,8
1721160000,8033.5,8069.6,8031.5,8056.5,2269,8
1721174400,8053.5,8083.7,8040.6,8067.3,1235,8
1721188800,8060.6,8101.3,8057.6,8100.3,1677,8
1721203200,8101.3,8103.3,8029.6,8051.3,2845,8
1721217600,8043.6,8066.3,8025.6,8026.6,2351,8
1721232000,8025.6,8059.8,8018.6,8033.3,4175,8
1721246400,8033.8,8036.8,8007.6,8019.7,2854,8
1721260800,8012.6,8088.2,8012.6,8074.2,1695,8
1721275200,8074.2,8075.2,8037.6,8044.6,1817,8
1721289600,8044.6,8062.1,8025.6,8042.2,2797,8
1721304000,8034.6,8047.2,8025.6,8045.2,2404,7
1721318400,8046.2,8047.2,7959.6,7979.7,6179,8
1721332800,7978.7,7985.7,7933.6,7964.6,4350,8
1721347200,7957.6,7979.5,7929.7,7966.1,1476,8
1721361600,7965.1,7967.1,7929.7,7965.1,1927,8
1721376000,7966.1,7984.1,7934.7,7953.1,3065,8
1721390400,7952.1,7962.1,7935.7,7955.1,2938,8
1721404800,7947.7,7957.1,7903.7,7914.6,6560,8
1721419200,7913.6,7922.6,7892.7,7912.5,4288,8
1721606400,7935.1,7940.9,7911.0,7920.0,1619,8
1721620800,7926.9,7941.9,7905.0,7924.9,2124,8
1721635200,7919.0,7959.9,7919.0,7952.9,2132,8
1721649600,7947.0,7982.9,7945.0,7975.9,1531,8
1721664000,7974.9,7995.4,7961.0,7981.4,5236,8
1721678400,7975.0,7998.4,7975.0,7994.3,2604,8
1721692800,7988.0,8000.5,7972.1,7984.3,1231,8
1721707200,7976.1,8008.3,7976.1,7994.3,1908,8
1721721600,7986.1,7996.3,7961.1,7979.1,2320,8
1721736000,7979.1,8021.3,7978.1,8004.3,1691,0
1721750400,8005.3,8013.3,7988.1,8003.3,3909,8
1721764800,8003.8,8014.8,7983.1,7990.7,2997,8
1721779200,7975.5,7989.5,7945.2,7978.3,1725,8
1721793600,7977.3,7987.3,7949.2,7967.3,1789,8
1721808000,7968.3,7977.3,7936.2,7961.3,2727,8
1721822400,7960.3,7982.3,7950.2,7959.3,1730,0
1721836800,7952.2,7973.8,7925.2,7935.8,4866,8
1721851200,7928.2,7943.3,7880.2,7888.7,3559,8
1721865600,7885.6,7911.4,7885.3,7892.3,1553,8
1721880000,7899.4,7903.4,7866.3,7885.4,2264,8
1721894400,7877.3,7885.4,7847.3,7880.4,4224,8
1721908800,7872.3,7882.4,7832.3,7869.4,3288,8
1721923200,7868.4,7954.9,7850.3,7949.9,8999,8
1721937600,7942.3,7962.9,7889.3,7907.8,6923,8
1721952000,7910.8,7941.6,7901.8,7917.6,1741,8
1721966400,7916.6,7950.6,7914.4,7939.6,1837,8
1721980800,7932.4,7947.6,7909.4,7946.6,2709,8
1721995200,7945.6,7962.6,7927.4,7955.6,2387,8
1722009600,7948.4,7986.1,7942.4,7985.1,7143,8
1722024000,7985.6,7989.1,7962.4,7978.0,5558,8
1722211200,7987.7,8013.9,7982.7,8007.5,1621,8
1722225600,8006.5,8010.5,7987.8,7990.8,1685,8
1722240000,7990.8,8006.5,7968.8,7972.8,2414,8
1722254400,7972.8,8003.5,7968.8,7993.5,1994,8
1722268800,7985.8,7994.5,7916.8,7947.0,7069,8
1722283200,7938.8,7957.0,7926.8,7948.9,3870,8
1722297600,7941.8,7956.3,7904.9,7937.1,1284,8
1722312000,7929.9,7965.1,7910.9,7947.9,1924,8
1722326400,7947.9,7977.1,7945.9,7971.1,2260,8
1722340800,7963.9,7994.1,7962.9,7985.1,1583,8
1722355200,7978.9,8010.6,7970.9,7985.6,7850,8
1722369600,7986.6,8011.6,7976.9,7989.5,5996,8
1722384000,7982.9,8022.0,7980.2,8017.0,2351,8
1722398400,8011.0,8082.0,8004.0,8080.0,2647,8
1722412800,8074.0,8147.0,8074.0,8139.0,3335,8
1722427200,8139.0,8150.0,8117.0,8125.0,2320,8
1722441600,8119.0,8143.5,8078.0,8134.5,5457,8
1722456000,8133.5,8153.0,8107.0,8128.4,7458,8
1722470400,8122.0,8172.0,8122.0,8142.0,2067,8
1722484800,8141.0,8157.0,8125.2,8144.0,2174,8
1722499200,8138.2,8149.0,8058.2,8067.0,3576,0
1722513600,8060.2,8084.0,8059.2,8082.0,2836,8
1722528000,8081.0,8088.5,7944.2,7957.5,9323,8
1722542400,7956.5,7984.5,7934.2,7964.4,8085,8
1722556800,7958.2,7982.2,7935.3,7963.3,3138,8
1722571200,7963.3,7970.0,7919.3,7934.0,3356,8
1722585600,7928.3,7951.0,7911.3,7935.3,4320,8
1722600000,7935.3,7943.0,7854.3,7871.0,3234,8
1722614400,7872.0,7892.0,7747.3,7795.6,11068,8
1722628800,7796.1,7832.6,7769.3,7823.0,7732,8
1722816000,7778.6,7799.6,7722.7,7733.4,4489,8
1722830400,7734.4,7768.4,7673.7,7681.3,5133,8
1722844800,7680.3,7700.3,7626.3,7663.3,8439,8
1722859200,7664.3,7676.3,7527.3,7551.3,5539,8
1722873600,7550.3,7659.3,7539.7,7623.3,9607,7
1722888000,7622.8,7643.3,7578.7,7625.7,6191,8
1722902400,7618.7,7719.5,7612.7,7718.5,4221,8
1722916800,7718.5,7719.5,7655.8,7684.5,4220,8
1722931200,7685.5,7719.5,7619.8,7635.5,5479,0
1722945600,7634.5,7674.5,7602.8,7618.5,3989,8
1722960000,7619.5,7692.5,7609.8,7685.0,9615,6
1722974400,7685.5,7723.0,7660.8,7669.9,7137,8
1722988800,7658.4,7697.4,7631.9,7685.2,3453,8
1723003200,7684.2,7743.2,7667.9,7740.2,3334,8
1723017600,7733.9,7739.2,7675.4,7721.2,4990,8
1723032000,7722.2,7763.2,7710.9,7758.2,3672,8
1723046400,7759.2,7779.2,7726.9,7732.2,9938,8
1723060800,7732.7,7736.2,7644.9,7651.6,8922,8
1723075200,7670.4,7688.2,7621.4,7657.2,3920,8
1723089600,7656.2,7709.2,7641.0,7673.2,3614,8
1723104000,7666.0,7707.2,7653.0,7682.2,4208,8
1723118400,7676.0,7738.2,7649.0,7717.2,3603,8
1723132800,7718.2,7770.2,7711.2,7759.2,7738,8
1723147200,7752.0,7785.7,7745.0,7780.6,5381,8
1723161600,7764.2,7794.3,7724.1,7741.7,2582,8
1723176000,7742.7,7803.7,7735.1,7754.7,2646,8
1723190400,7755.7,7833.7,7748.1,7831.7,3404,8
1723204800,7831.7,7833.7,7784.1,7791.1,2896,8
1723219200,7791.1,7821.7,7774.7,7815.7,6948,8
1723233600,7809.1,7851.2,7809.1,7839.1,4840,8
1723420800,7836.3,7858.3,7813.3,7832.5,2167,8
1723435200,7832.5,7841.1,7814.5,7816.5,1786,8
1723449600,7816.5,7840.1,7798.5,7806.1,2087,8
1723464000,7805.1,7826.1,7793.5,7812.1,1644,8
1723478400,7811.1,7832.6,7788.6,7818.1,5999,8
1723492800,7817.6,7836.6,7808.5,7822.5,3747,8
1723507200,7812.0,7834.0,7806.7,7827.8,1607,8
1723521600,7826.8,7845.8,7816.7,7826.7,1858,8
1723536000,7826.7,7850.2,7809.7,7821.8,2258,8
1723550400,7816.7,7847.8,7795.7,7841.8,2516,0
1723564800,7842.8,7883.3,7829.7,7883.3,4397,8
1723579200,7877.7,7906.3,7870.7,7890.2,2559,8
1723593600,7887.1,7907.9,7870.6,7890.9,1656,8
1723608000,7884.6,7925.9,7866.6,7873.9,2451,8
1723622400,7868.6,7880.9,7851.6,7874.6,2186,8
1723636800,7874.6,7884.9,7858.3,7869.6,2136,8
1723651200,7870.6,7895.4,7863.6,7883.9,5609,8
1723665600,7883.4,7902.6,7870.6,7895.5,3456,8
1723680000,7889.8,7913.6,7873.9,7907.6,1735,8
1723694400,7908.6,7909.6,7856.9,7879.6,2644,6
1723708800,7879.6,7885.6,7860.9,7872.6,2063,6
1723723200,7863.9,7928.6,7854.9,7920.6,2434,8
1723737600,7921.6,7965.1,7911.9,7957.6,4399,8
1723752000,7958.1,7970.6,7941.9,7950.0,2051,8
1723766400,7950.6,7993.4,7943.6,7986.4,1686,8
1723780800,7986.4,7991.4,7942.9,7950.9,2016,8
1723795200,7951.9,7981.4,7948.9,7962.9,2046,8
1723809600,7962.9,7975.4,7932.9,7948.4,2064,8
1723824000,7949.4,7970.4,7936.9,7967.4,3578,8
1723838400,7967.9,7969.4,7949.9,7959.8,2277,8
1724025600,7968.1,7986.9,7960.1,7970.3,1736,8
1724040000,7970.3,8005.9,7969.3,7976.3,2021,8
1724054400,7976.3,8013.1,7975.3,8005.3,2112,8
1724068800,8005.3,8012.9,7988.3,7998.3,1513,8
1724083200,7998.3,8048.4,7997.3,8032.3,3401,8
1724097600,8032.3,8042.4,8020.3,8026.3,1509,8
1724112000,8032.1,8042.9,8008.4,8013.4,1203,0
1724126400,8013.4,8025.9,7991.4,8007.9,1753,8
1724140800,8006.9,8027.9,7995.4,8023.9,1892,8
1724155200,8024.9,8027.9,7997.4,8014.9,1607,0
1724169600,8015.9,8016.9,7970.4,7977.9,3494,8
1724184000,7978.4,7988.0,7959.4,7962.3,2097,8
1724198400,7955.4,7991.5,7945.7,7974.5,1454,8
1724212800,7967.5,8006.5,7956.5,8005.5,2050,8
1724227200,7999.5,8022.5,7998.5,8011.5,2031,8
1724241600,8012.5,8039.5,8005.5,8027.5,1382,8
1724256000,8027.5,8036.0,8004.5,8026.0,5216,8
1724270400,8025.5,8047.0,8017.5,8043.9,2919,8
1724284800,8037.5,8058.0,8032.4,8039.4,1272,8
1724299200,8044.0,8049.0,8025.4,8038.4,1725,8
1724313600,8038.4,8055.0,8029.4,8050.0,1959,8
1724328000,8045.4,8057.0,8037.4,8044.4,1564,0
1724342400,8045.4,8056.5,8011.4,8022.5,5004,8
1724356800,8023.0,8026.0,7987.4,7997.4,4392,8
1724371200,7999.1,8015.9,7996.1,8010.9,1142,8
1724385600,8009.9,8036.9,7992.3,8024.9,1891,8
1724400000,8023.9,8046.9,8016.3,8046.9,1616,8
1724414400,8041.3,8060.9,8039.3,8053.9,1250,0
1724428800,8054.9,8090.9,8031.3,8061.4,8863,8
1724443200,8056.3,8090.4,8054.3,8072.3,3451,8
1724630400,8072.6,8089.4,8039.6,8083.4,1835,8
1724644800,8079.6,8103.4,8066.6,8090.4,1902,8
1724659200,8085.6,8113.4,8075.6,8112.4,1764,8
1724673600,8107.6,8118.4,8101.6,8111.6,1344,8
1724688000,8111.6,8118.9,8085.6,8106.9,3901,8
1724702400,8102.6,8109.4,8083.6,8086.8,2648,8
1724716800,8091.1,8115.9,8075.1,8095.5,1353,8
1724731200,8095.5,8097.9,8069.5,8075.9,1546,8
1724745600,8074.9,8079.9,8057.5,8071.9,2050,8
1724760000,8068.5,8074.9,8030.5,8038.9,1691,8
1724774400,8039.9,8055.9,8023.5,8033.4,3762,8
1724788800,8029.5,8049.9,8029.5,8040.5,1557,8
1724803200,8046.4,8061.2,8023.4,8043.2,1410,8
1724817600,8042.2,8054.2,8010.0,8050.0,1952,8
1724832000,8050.0,8075.2,8046.0,8057.2,1788,8
1724846400,8054.0,8068.2,8048.0,8059.2,1306,8
1724860800,8058.2,8078.7,8029.7,8043.2,4469,8
1724875200,8042.2,8056.2,8016.0,8033.6,4779,8
1724889600,8009.8,8045.6,8006.8,8045.6,2251,8
1724904000,8044.6,8056.6,8016.7,8050.6,1898,8
1724918400,8046.7,8066.6,8040.7,8063.6,2224,8
1724932800,8062.6,8072.6,8053.7,8059.6,2442,8
1724947200,8055.7,8092.1,8047.1,8092.1,5433,8
1724961600,8088.7,8112.1,8073.6,8099.0,5770,8
1724976000,8095.7,8095.7,8074.8,8078.8,1461,8
1724990400,8078.8,8086.0,8069.8,8076.8,1687,8
1725004800,8076.8,8099.0,8072.8,8090.0,1953,8
1725019200,8090.8,8097.0,8079.0,8081.0,1503,8
1725033600,8082.0,8091.0,8029.5,8047.0,4747,8
1725048000,8046.5,8077.0,8040.5,8066.4,2836,8
1725235200,8066.2,8078.4,8045.0,8064.0,1434,8
1725249600,8063.5,8101.0,8060.0,8100.0,1915,8
1725264000,8099.5,8119.0,8073.0,8089.0,2051,8
1725278400,8088.5,8104.0,8084.0,8103.0,1162,8
1725292800,8104.0,8117.5,8099.5,8115.5,979,8
1725307200,8114.5,8120.0,8107.4,8107.4,393,8
1725321600,8102.0,8105.0,8072.0,8089.8,1458,8
1725336000,8089.3,8108.8,8086.8,8096.8,1703,8
1725350400,8097.3,8109.8,8076.8,8077.8,1856,8
1725364800,8076.8,8079.8,8052.8,8062.3,1939,8
1725379200,8062.8,8074.8,8003.8,8020.3,5470,8
1725393600,8020.3,8030.8,7978.8,7999.2,4038,8
1725408000,7988.6,8004.4,7936.4,7940.4,2441,8
1725422400,7939.4,7969.4,7928.1,7935.4,3103,8
1725436800,7934.4,7971.4,7926.4,7961.1,3172,8
1725451200,7962.1,7968.4,7941.1,7943.1,1979,8
1725465600,7944.1,7993.4,7930.1,7979.4,6483,8
1725480000,7978.9,7981.9,7952.9,7959.8,3353,8
1725494400,7959.6,7995.4,7941.4,7987.4,1937,8
1725508800,7986.4,7990.4,7952.0,7965.4,2189,8
1725523200,7964.0,7995.4,7954.0,7986.0,2343,8
1725537600,7986.0,7989.4,7968.0,7986.4,2476,8
1725552000,7987.4,8012.9,7941.4,7963.9,5965,8
1725566400,7963.0,7991.4,7955.4,7975.8,3424,8
1725580800,7981.2,8000.0,7969.2,7994.0,1636,8
1725595200,7993.0,8028.0,7980.7,8011.0,2439,8
1725609600,8010.0,8012.0,7949.7,7960.0,2756,8
1725624000,7959.0,8007.0,7946.7,7998.0,2843,8
1725638400,7997.0,8020.5,7897.7,7904.5,9418,8
1725652800,7904.0,7920.0,7884.7,7888.4,3930,8
1725840000,7903.8,7951.6,7883.8,7942.6,2734,8
1725854400,7943.6,7990.6,7935.4,7986.6,2484,0
1725868800,7984.4,8003.6,7973.8,7996.6,2811,8
1725883200,7995.6,8009.6,7985.4,7995.6,2127,8
1725897600,7996.6,8061.1,7990.4,8059.6,5682,8
1725912000,8060.1,8063.1,8035.1,8059.0,3606,8
1725926400,8057.4,8061.4,8024.7,8038.7,1579,8
1725940800,8041.2,8055.2,8009.7,8010.7,2354,8
1725955200,8012.2,8036.2,8002.4,8017.7,2569,8
1725969600,8017.7,8047.2,8004.7,8046.2,2352,8
1725984000,8046.2,8047.2,7971.7,7984.7,6726,8
1725998400,7983.7,8024.7,7977.7,8016.6,3302,8
1726012800,8013.4,8022.4,7989.2,7995.2,1509,8
1726027200,7996.2,7998.2,7970.2,7978.2,2893,8
1726041600,7977.2,8011.2,7962.2,7988.6,2568,5
1726056000,7990.2,8017.2,7984.6,8007.2,2432,8
1726070400,8008.2,8019.2,7940.2,8006.2,8884,8
1726084800,8006.7,8059.7,8006.6,8041.6,4557,8
1726099200,8025.6,8040.4,8012.6,8030.4,1474,8
1726113600,8028.9,8053.4,8023.4,8050.9,2274,8
1726128000,8050.9,8080.4,8050.9,8065.4,2762,8
1726142400,8064.4,8096.4,8060.9,8072.9,2271,0
1726156800,8072.9,8103.4,8057.9,8100.9,7355,8
1726171200,8100.4,8119.9,8086.9,8113.8,3529,8
1726185600,8111.8,8148.0,8110.2,8137.5,1552,8
1726200000,8137.5,8140.0,8088.5,8099.0,1993,8
1726214400,8098.0,8120.0,8092.2,8113.0,2406,8
1726228800,8114.0,8133.0,8109.5,8116.5,1862,8
1726243200,8120.0,8139.5,8111.5,8125.5,5302,8
1726257600,8123.5,8130.0,8108.5,8113.4,2682,8
1726444800,8108.4,8150.2,8106.4,8139.2,1545,8
1726459200,8140.2,8141.2,8115.7,8129.2,1713,8
1726473600,8127.7,8144.2,8106.4,8130.7,2086,8
1726488000,8130.7,8143.2,8119.7,8132.2,2022,8
1726502400,8130.7,8140.7,8113.7,8139.2,5736,8
1726516800,8139.2,8174.7,8134.7,8163.6,2501,8
1726531200,8163.9,8174.1,8136.2,8142.2,1390,8
1726545600,8142.2,8153.7,8130.2,8147.7,1672,8
1726560000,8145.2,8169.7,8139.2,8165.2,2162,8
1726574400,8165.2,8183.7,8161.2,8182.7,2213,8
1726588800,8180.2,8183.7,8105.2,8109.3,6111,7
1726603200,8109.7,8125.7,8105.3,8112.1,3726,5
1726617600,8105.6,8156.4,8105.6,8150.4,1218,8
1726632000,8148.0,8151.4,8120.0,8136.4,1868,8
1726646400,8135.4,8151.6,8106.0,8112.0,2276,8
1726660800,8112.0,8124.4,8102.0,8119.0,1954,8
1726675200,8119.0,8125.4,8084.0,8108.4,4432,8
1726689600,8107.9,8168.4,8097.0,8113.8,9904,8
1726704000,8112.0,8217.7,8106.6,8143.4,2680,8
1726718400,8144.4,8198.4,8129.1,8195.4,3040,8
1726732800,8196.4,8223.4,8177.4,8222.4,3324,8
1726747200,8222.1,8256.4,8221.4,8250.1,2842,0
1726761600,8251.1,8254.4,8193.9,8231.4,7026,8
1726776000,8231.9,8241.4,8222.4,8225.8,3315,8
1726790400,8229.5,8245.3,8212.5,8235.3,1465,8
1726804800,8236.3,8239.3,8202.3,8216.0,2119,8
1726819200,8216.0,8217.3,8183.0,8198.3,2903,8
1726833600,8197.3,8199.3,8169.3,8172.3,2345,8
1726848000,8171.3,8174.8,8131.0,8156.8,6035,8
1726862400,8156.0,8158.8,8132.0,8132.7,3754,8
1727049600,8139.5,8157.3,8126.0,8144.1,1672,8
1727064000,8144.1,8177.3,8134.1,8165.3,2106,8
1727078400,8164.1,8166.3,8122.3,8134.1,2897,8
1727092800,8133.1,8141.3,8122.1,8135.3,1851,8
1727107200,8134.3,8152.3,8125.8,8144.8,5852,8
1727121600,8145.3,8162.3,8140.1,8146.7,2016,8
1727136000,8150.5,8172.3,8138.4,8151.3,1255,8
1727150400,8151.3,8173.3,8110.3,8143.3,2430,8
1727164800,8144.3,8193.3,8133.3,8180.3,2593,8
1727179200,8179.3,8181.3,8149.3,8161.3,1971,8
1727193600,8160.3,8180.8,8136.8,8179.8,5409,8
1727208000,8179.3,8187.8,8157.8,8175.7,2032,8
1727222400,8175.4,8190.6,8141.2,8150.2,1347,8
1727236800,8149.3,8160.3,8133.5,8147.3,2221,8
1727251200,8147.3,8148.2,8112.2,8146.2,2644,8
1727265600,8145.3,8176.2,8137.2,8170.3,1718,8
1727280000,8170.3,8171.2,8141.7,8153.2,4731,8
1727294400,8153.2,8157.2,8136.3,8142.6,2532,8
1727308800,8116.7,8193.5,8115.7,8176.5,1319,7
1727323200,8175.5,8205.5,8168.3,8195.3,2095,8
1727337600,8195.3,8225.7,8192.3,8214.3,3171,8
1727352000,8214.3,8227.5,8205.3,8223.5,1982,8
1727366400,8222.3,8240.0,8199.0,8224.0,5737,8
1727380800,8223.5,8241.5,8214.5,8230.9,2512,8
1727395200,8233.7,8240.7,8202.5,8215.8,1571,8
1727409600,8215.8,8228.5,8204.8,8218.5,2297,8
1727424000,8217.8,8225.9,8194.8,8212.5,3726,0
1727438400,8213.5,8242.5,8209.8,8233.8,2190,8
1727452800,8233.8,8246.0,8223.5,8236.5,4677,8
1727467200,8236.5,8242.0,8218.5,8222.9,3439,8
1727654400,8230.6,8279.4,8217.6,8271.4,2232,8
1727668800,8270.4,8290.4,8269.9,8271.4,2657,8
1727683200,8270.9,8282.3,8245.4,8253.4,3729,8
1727697600,8251.9,8253.4,8215.9,8228.4,1859,8
1727712000,8227.4,8240.9,8190.9,8215.9,4477,8
1727726400,8215.4,8241.4,8193.9,8228.8,4253,8
1727740800,8234.5,8251.3,8226.5,8238.3,1538,8
1727755200,8237.3,8248.3,8198.8,8201.3,2083,8
1727769600,8200.3,8219.3,8182.5,8217.3,2429,8
1727784000,8216.3,8233.3,8209.8,8231.3,1475,8
1727798400,8230.3,8239.3,8171.8,8213.3,10411,5
1727812800,8211.8,8235.3,8188.8,8203.7,4741,8
1727827200,8218.5,8222.5,8178.8,8201.3,2019,8
1727841600,8202.3,8218.3,8197.8,8200.3,2462,8
1727856000,8199.3,8233.3,8189.8,8217.3,3599,8
1727870400,8215.8,8216.3,8178.8,8198.3,2796,8
1727884800,8199.3,8230.3,8175.8,8201.8,6919,8
1727899200,8201.3,8219.3,8196.8,8203.7,2530,8
1727913600,8200.1,8225.9,8197.9,8204.4,1663,8
1727928000,8203.4,8210.9,8183.4,8194.4,2166,8
1727942400,8194.4,8213.4,8149.3,8174.9,3227,8
1727956800,8173.9,8196.9,8165.4,8171.4,2183,8
1727971200,8172.4,8180.9,8144.4,8168.9,199413,8
1727985600,8169.4,8177.4,8161.4,8169.3,170689,8
1728000000,8168.1,8179.1,8165.1,8172.1,71910,94
1728014400,8171.1,8172.1,8171.1,8172.1,131314,94
1728028800,8171.1,8172.1,8139.1,8146.9,654435,8
1728043200,8147.9,8159.9,8146.4,8150.4,503620,8
1728057600,8149.4,8185.4,8149.4,8180.9,175598,8
1728072000,8181.4,8181.4,8163.4,8172.9,188380,8
1728259200,8193.1,8193.1,8150.5,8175.5,736017,8
1728273600,8177.9,8211.9,8176.5,8203.5,1471008,8
1728288000,8204.5,8204.5,8163.5,8164.5,1025768,8
1728302400,8164.5,8192.5,8164.5,8186.5,1106701,8
1728316800,8187.5,8221.4,8186.5,8216.5,814349,8
1728331200,8217.4,8217.4,8179.5,8181.9,1234628,8
1728345600,8188.7,8226.2,8159.7,8222.2,924559,8
1728360000,8222.5,8222.5,8185.2,8186.2,1564700,8
1728374400,8186.2,8187.5,8158.2,8158.5,1474345,8
1728388800,8160.2,8210.5,8160.2,8205.5,911468,8
1728403200,8208.2,8214.2,8182.2,8184.2,1060257,8
1728417600,8184.0,8192.2,8184.0,8191.2,1126956,8
1728432000,8193.2,8223.0,8192.2,8220.0,551242,8
1728446400,8221.0,8221.0,8220.0,8221.0,140351,18
1728460800,8220.0,8221.0,8164.0,8176.0,178735,8
1728475200,8175.0,8176.0,8175.0,8175.0,111541,18
1728489600,8176.0,8176.0,8175.0,8175.0,120770,18
1728504000,8176.0,8176.0,8175.0,8176.0,95457,18
1728518400,8219.9,8239.7,8211.1,8235.1,68989,8
1728532800,8235.1,8237.7,8208.1,8208.1,95720,8
1728547200,8208.1,8208.1,8208.1,8208.1,240,8
1728561600,8208.1,8208.7,8174.1,8174.1,99772,8
1728576000,8175.7,8196.7,8171.1,8195.1,315662,8
1728590400,8196.7,8220.2,8189.1,8218.1,238186,8
1728604800,8217.6,8218.6,8199.1,8207.4,163043,8
1728619200,8206.1,8230.4,8206.1,8220.1,309802,8
1728633600,8221.4,8221.4,8191.1,8192.1,225982,8
1728648000,8193.4,8212.4,8187.1,8212.1,283577,8
1728662400,8212.1,8259.4,8212.1,8248.9,315363,8
1728676800,8248.1,8264.9,8248.1,8257.4,237513,8
1728864000,8253.6,8259.4,8232.1,8242.4,674889,8
1728878400,8241.1,8276.4,8235.1,8249.1,916467,8
1728892800,8248.1,8269.4,8234.0,8259.1,1096698,8
1728907200,8259.4,8259.4,8248.1,8257.1,921568,8
1728921600,8257.4,8289.1,8257.1,8288.9,1042893,8
1728936000,8288.1,8288.9,8288.1,8288.1,103253,8
1728950400,8291.9,8291.9,8288.9,8289.9,79958,94
1728964800,8288.9,8333.7,8288.9,8327.4,128115,8
1728979200,8328.4,8328.4,8310.4,8314.7,107900,8
1728993600,8313.4,8314.7,8298.7,8299.7,130845,8
1729008000,8299.4,8299.7,8299.4,8299.7,142650,8
1729022400,8299.4,8299.7,8287.2,8287.4,107504,8
1729036800,8280.9,8286.1,8277.9,8286.1,77931,18
1729051200,8285.5,8307.7,8285.5,8302.5,109666,8
1729065600,8302.5,8308.7,8294.5,8307.7,93961,8
1729080000,8306.5,8347.7,8306.5,8345.5,281428,8
1729094400,8346.5,8366.7,8341.5,8364.5,303818,8
1729108800,8365.7,8370.7,8357.5,8358.2,224007,8
1729123200,8351.9,8381.7,8349.9,8381.7,161966,8
1729137600,8380.5,8381.7,8343.5,8345.7,294620,8
1729152000,8344.5,8369.7,8344.5,8361.5,216910,8
1729166400,8363.5,8373.7,8352.5,8366.5,767862,8
1729180800,8367.7,8367.7,8333.5,8339.7,1064527,5
1729195200,8338.5,8339.7,8325.5,8330.5,800927,8
1729209600,8333.9,8341.7,8297.5,8299.7,416866,8
1729224000,8301.5,8301.7,8265.5,8285.7,808987,8
1729238400,8285.5,8301.7,8283.9,8299.5,220801,8
1729252800,8299.7,8319.7,8299.5,8319.7,131851,8
1729267200,8318.7,8319.7,8315.5,8316.7,137421,8
1729281600,8315.5,8316.7,8315.5,8316.7,104964,8
1729468800,8344.9,8360.5,8332.5,8341.5,436162,8
1729483200,8341.7,8366.7,8335.5,8362.7,746541,8
1729497600,8362.5,8362.7,8345.9,8353.5,455033,8
1729512000,8353.5,8354.5,8342.5,8342.5,140553,8
1729526400,8342.7,8342.7,8342.5,8342.5,142320,8
1729540800,8342.7,8342.7,8342.5,8342.7,107379,8
1729555200,8288.9,8289.9,8288.9,8288.9,88770,94
1729569600,8289.9,8289.9,8288.9,8288.9,142340,94
1729584000,8289.9,8289.9,8208.9,8223.7,141428,8
1729598400,8222.6,8223.7,8179.7,8182.6,310882,8
1729612800,8182.7,8225.2,8182.6,8214.6,325970,8
1729627200,8215.7,8238.4,8214.6,8236.6,236350,8
1729641600,8226.1,8233.9,8221.3,8230.6,93523,8
1729656000,8231.6,8231.6,8211.6,8212.9,314707,8
1729670400,8211.6,8230.9,8211.6,8225.6,311373,8
1729684800,8227.9,8234.9,8221.6,8221.6,95390,8
1729699200,8221.6,8226.9,8216.6,8222.4,116687,8
1729713600,8222.9,8222.9,8222.4,8222.4,86194,18
1729728000,8206.7,8206.7,8200.7,8201.7,80263,94
1729742400,8200.7,8201.7,8200.7,8200.7,138087,94
1729756800,8201.7,8245.5,8200.7,8245.5,258631,8
1729771200,8244.5,8245.5,8244.5,8244.5,140793,18
1729785600,8245.5,8245.5,8244.5,8244.5,137990,18
1729800000,8245.5,8245.5,8244.5,8245.5,105205,18
1729814400,8224.1,8229.0,8219.2,8226.2,91483,8
1729828800,8228.0,8242.0,8214.2,8215.2,53549,8
1729843200,8214.2,8230.4,8214.2,8227.0,365039,8
1729857600,8224.2,8244.0,8223.2,8223.2,215323,8
1729872000,8224.4,8243.0,8223.2,8239.2,177905,8
1729886400,8241.0,8241.0,8212.2,8214.5,110398,8
1730073600,8225.0,8230.0,8214.3,8229.0,152221,8
1730088000,8228.0,8229.0,8228.0,8228.0,263261,18
1730102400,8229.0,8229.0,8228.0,8228.0,262980,18
1730116800,8229.0,8229.0,8228.0,8228.0,258124,18
1730131200,8229.0,8229.0,8228.0,8229.0,225539,18
1730145600,8228.0,8229.0,8228.0,8229.0,123304,18
1730160000,8260.3,8267.0,8255.3,8258.3,90566,8
1730174400,8257.3,8258.3,8257.3,8258.3,143512,8
1730188800,8257.3,8258.3,8257.3,8257.3,143105,8
1730203200,8258.3,8258.3,8257.3,8257.3,142500,8
1730217600,8258.3,8258.3,8257.3,8258.3,141907,8
1730232000,8257.3,8258.3,8257.3,8258.3,107386,8
1730246400,8237.3,8246.0,8236.3,8240.3,160,8
1730260800,8240.3,8240.3,8240.3,8240.3,240,8
1730275200,8240.3,8240.3,8240.3,8240.3,240,8
1730289600,8240.3,8240.3,8240.3,8240.3,240,8
1730304000,8240.3,8240.3,8240.3,8240.3,240,8
1730318400,8240.3,8240.3,8240.3,8240.3,180,8
1730332800,8176.6,8178.0,8171.3,8171.3,159,8
1730347200,8171.3,8171.3,8171.3,8171.3,240,8
1730361600,8171.3,8171.3,8135.3,8139.0,90522,8
1730376000,8136.3,8147.0,8135.3,8142.0,210461,8
1730390400,8139.3,8142.0,8139.3,8139.3,132915,18
1730404800,8142.0,8142.0,8139.3,8142.0,103243,18
1730419200,8081.9,8081.9,8079.1,8080.1,152,8
1730433600,8080.1,8080.1,8080.1,8080.1,240,8
1730448000,8080.1,8080.1,8080.1,8080.1,240,8
1730462400,8080.1,8175.9,8080.1,8173.1,124471,8
1730476800,8175.9,8175.9,8173.1,8175.9,329835,18
1730491200,8173.1,8175.9,8173.1,8175.9,249052,18
1730678400,8148.7,8158.7,8137.0,8155.0,515183,8
1730692800,8155.0,8186.7,8147.0,8181.9,1082484,8
1730707200,8181.9,8191.7,8172.9,8176.0,1097898,8
1730721600,8177.7,8197.7,8176.0,8176.0,399497,8
1730736000,8177.0,8177.0,8138.0,8148.2,300706,8
1730750400,8147.2,8149.7,8133.0,8146.7,133848,8
1730764800,8142.8,8145.0,8142.0,8142.0,87345,8
1730779200,8142.8,8142.8,8134.0,8134.0,123733,8
1730793600,8135.0,8158.8,8126.0,8151.0,261228,8
1730808000,8150.0,8152.0,8129.0,8133.0,25125,8
1730822400,8134.8,8134.8,8126.8,8126.8,18478,8
1730836800,8126.8,8126.8,8126.8,8126.8,180,18
1730851200,8194.7,8194.7,8189.8,8191.8,87352,8
1730865600,8192.7,8192.7,8191.8,8191.8,142544,8
1730880000,8192.7,8192.7,8191.8,8191.8,142554,8
1730894400,8192.7,8213.7,8191.8,8211.8,140706,8
1730908800,8210.8,8211.8,8210.8,8211.8,141472,8
1730923200,8210.8,8211.8,8210.8,8211.8,106950,8
1730937600,8208.0,8208.0,8202.9,8202.9,88619,18
1730952000,8204.6,8204.6,8202.9,8202.9,142644,18
1730966400,8204.6,8204.6,8202.9,8204.6,142721,18
1730980800,8202.9,8204.6,8202.9,8204.6,141952,18
1730995200,8202.9,8204.6,8202.9,8204.6,141858,18
1731009600,8202.9,8204.6,8202.9,8202.9,106939,18
1731024000,8302.0,8303.0,8300.9,8302.9,155,8
1731038400,8302.9,8304.0,8296.9,8300.9,254,8
1731052800,8300.9,8301.0,8297.9,8297.9,112852,8
1731067200,8298.9,8298.9,8297.9,8297.9,142370,8
1731081600,8298.9,8298.9,8284.0,8284.0,140632,8
1731096000,8284.5,8284.5,8284.0,8284.0,106864,18
1731283200,8274.8,8284.8,8258.6,8268.8,708659,8
1731297600,8266.6,8270.0,8248.6,8269.0,679941,8
1731312000,8270.0,8307.8,8269.0,8303.2,1595022,8
1731326400,8301.6,8313.8,8295.6,8310.8,621060,8
1731340800,8309.8,8309.8,8285.6,8290.3,1599597,8
1731355200,8287.6,8290.3,8272.6,8273.6,1249515,8
1731369600,8243.1,8250.1,8220.8,8243.1,176230,8
1731384000,8239.8,8261.3,8239.8,8254.3,193102,8
1731398400,8254.3,8262.5,8228.8,8231.1,299437,8
1731412800,8228.8,8243.1,8221.8,8238.8,226005,0
1731427200,8241.1,8248.1,8167.8,8168.8,239346,8
1731441600,8171.6,8187.6,8166.8,8180.6,242894,8
1731456000,8167.8,8171.8,8158.4,8169.4,94068,8
1731470400,8171.8,8188.8,8169.4,8187.8,140713,8
1731484800,8185.4,8187.8,8185.4,8185.4,141571,8
1731499200,8187.8,8187.8,8185.4,8187.8,140653,8
1731513600,8185.4,8187.8,8185.4,8187.8,139882,8
1731528000,8185.4,8187.8,8185.4,8185.4,106113,8
1731542400,8234.6,8235.6,8230.4,8230.4,87353,8
1731556800,8231.4,8231.4,8230.4,8230.4,141878,8
1731571200,8231.4,8231.4,8230.4,8230.4,141488,8
1731585600,8231.4,8231.4,8230.4,8231.4,140401,8
1731600000,8230.4,8231.4,8230.4,8231.4,138298,8
1731614400,8230.4,8231.4,8230.4,8230.4,106011,8
1731628800,8251.5,8252.5,8244.4,8244.4,86444,8
1731643200,8247.5,8247.5,8244.4,8244.4,141904,8
1731657600,8247.5,8247.5,8244.4,8247.5,141579,8
1731672000,8244.4,8247.5,8244.4,8247.5,140050,8
1731686400,8244.4,8247.5,8244.4,8244.4,140611,8
1731700800,8247.5,8247.5,8244.4,8247.5,106327,8
1731888000,8256.4,8299.5,8256.4,8286.4,798717,8
1731902400,8287.5,8325.5,8284.4,8300.7,1024347,8
1731916800,8299.7,8314.5,8291.4,8302.5,1053094,8
1731931200,8299.4,8314.5,8290.4,8296.5,561220,8
1731945600,8293.4,8333.0,8285.4,8331.5,1084846,8
1731960000,8328.4,8331.5,8312.4,8318.9,1076258,8
1731974400,8330.5,8412.5,8330.4,8406.4,771779,8
1731988800,8406.4,8457.5,8380.7,8384.7,1206066,8
1732003200,8384.7,8385.7,8317.4,8319.4,1440634,8
1732017600,8319.4,8335.5,8296.4,8296.4,1153136,8
1732032000,8295.4,8368.5,8287.4,8356.4,1435504,8
1732046400,8357.4,8389.0,8355.4,8366.4,1215081,8
1732060800,8356.0,8367.2,8336.0,8346.0,549148,8
1732075200,8347.0,8352.2,8319.4,8325.7,746649,8
1732089600,8325.7,8359.2,8321.7,8344.0,415436,8
1732104000,8345.0,8355.2,8336.0,8351.2,329244,0
1732118400,8349.0,8351.2,8318.0,8320.2,1483397,8
1732132800,8319.7,8320.2,8319.7,8320.2,112774,18
1732147200,8355.0,8358.1,8354.0,8357.0,155,8
1732161600,8357.0,8357.0,8357.0,8357.0,240,8
1732176000,8357.0,8357.0,8357.0,8357.0,240,8
1732190400,8357.0,8357.0,8345.7,8350.7,288,8
1732204800,8351.7,8352.7,8347.0,8348.0,138927,8
1732219200,8351.7,8403.7,8348.0,8401.2,105794,8
1732233600,8395.2,8396.2,8392.6,8392.6,88535,8
1732248000,8393.6,8393.6,8392.6,8392.6,144175,8
1732262400,8393.6,8393.6,8392.6,8392.6,143844,8
1732276800,8393.6,8393.6,8392.6,8392.6,143086,8
1732291200,8392.6,8433.7,8392.6,8433.7,298986,8
1732305600,8433.2,8434.7,8428.7,8434.7,308824,8
1732492800,8457.8,8472.2,8445.6,8459.2,531629,8
1732507200,8455.6,8463.2,8424.6,8433.4,659149,8
1732521600,8432.4,8455.2,8418.6,8449.2,708530,8
1732536000,8446.6,8449.2,8431.6,8437.6,499698,8
1732550400,8441.2,8475.2,8434.6,8439.2,293455,8
1732564800,8439.7,8462.2,8439.2,8461.2,229315,8
1732579200,8435.1,8439.1,8391.4,8391.4,197488,8
1732593600,8392.4,8395.1,8358.3,8360.3,229776,8
1732608000,8361.3,8388.1,8360.3,8385.1,220042,8
1732622400,8381.4,8426.1,8381.4,8423.4,377133,8
1732636800,8422.4,8423.4,8388.4,8409.1,338690,8
1732651200,8405.4,8409.1,8398.4,8398.4,144208,8
1732665600,8403.0,8415.3,8401.0,8405.0,180944,8
1732680000,8408.3,8425.3,8405.0,8417.5,304071,8
1732694400,8417.5,8440.3,8416.5,8420.0,312570,8
1732708800,8424.3,8452.3,8420.0,8449.0,211298,8
1732723200,8449.0,8449.0,8449.0,8449.0,240,8
1732737600,8449.0,8449.0,8449.0,8449.0,180,8
1732752000,8452.8,8460.4,8452.8,8460.4,151,8
1732766400,8460.4,8460.4,8460.4,8460.4,240,18
1732780800,8460.4,8460.4,8446.8,8446.8,57254,8
1732795200,8446.8,8446.8,8426.8,8430.8,54769,0
1732809600,8434.3,8437.8,8430.8,8437.3,265117,8
1732824000,8432.8,8437.3,8432.8,8432.8,102419,18
1732838400,8422.4,8422.4,8415.9,8421.4,85395,8
1732852800,8417.9,8421.4,8417.9,8417.9,141235,8
1732867200,8421.4,8440.9,8417.9,8417.9,182187,8
1732881600,8421.4,8440.9,8417.9,8440.9,186995,8
1732896000,8417.9,8440.9,8417.9,8440.9,126216,8
1732910400,8417.9,8440.9,8417.9,8417.9,161806,8
1733097600,8452.4,8478.4,8447.9,8464.4,579541,8
1733112000,8462.2,8463.4,8443.9,8447.6,1572950,8
1733126400,8447.6,8459.4,8441.9,8454.9,1267480,8
1733140800,8459.4,8459.4,8454.9,8454.9,1326546,8
1733155200,8459.4,8506.9,8454.9,8500.9,1555677,8
1733169600,8504.9,8517.9,8500.9,8516.9,1396248,8
1733184000,8509.0,8521.0,8507.6,8517.6,136968,8
1733198400,8521.0,8521.0,8513.6,8518.4,168620,8
1733212800,8514.6,8518.4,8514.6,8514.6,140393,8
1733227200,8518.4,8518.4,8514.6,8518.4,139209,8
1733241600,8514.6,8518.4,8514.6,8514.6,137677,8
1733256000,8518.4,8518.4,8514.6,8518.4,104961,8
1733270400,8476.2,8482.2,8472.5,8472.5,86968,8
1733284800,8477.2,8477.2,8472.5,8472.5,140586,8
1733299200,8477.2,8477.2,8472.5,8477.2,140525,8
1733313600,8472.5,8497.2,8472.5,8492.5,134451,8
1733328000,8497.2,8497.2,8492.5,8497.2,137715,8
1733342400,8492.5,8497.2,8484.5,8491.2,144407,8
1733356800,8483.2,8486.2,8477.3,8486.2,116431,8
1733371200,8482.3,8487.2,8476.3,8477.3,207907,8
1733385600,8482.2,8486.2,8473.3,8477.3,207808,8
1733400000,8482.2,8486.4,8473.3,8484.3,261433,8
1733414400,8479.3,8487.4,8468.3,8468.3,318370,8
1733428800,8474.4,8482.9,8464.3,8464.3,238251,8
1733443200,8451.2,8461.7,8442.2,8444.2,153046,8
1733457600,8443.2,8444.2,8424.2,8430.7,231218,8
1733472000,8424.2,8441.7,8424.2,8434.2,292485,8
1733486400,8433.2,8448.7,8424.2,8438.2,216074,8
1733500800,8443.7,8443.7,8432.2,8432.2,214788,8
1733515200,8433.2,8433.2,8432.2,8432.2,152900,8
1733702400,8392.7,8416.1,8389.1,8416.1,178,8
1733716800,8416.1,8436.7,8404.1,8429.1,809815,8
1733731200,8434.7,8453.7,8422.1,8440.1,1059192,8
1733745600,8440.1,8452.7,8434.1,8452.7,649143,8
1733760000,8446.1,8467.2,8446.1,8465.2,278901,8
1733774400,8459.1,8465.2,8459.1,8459.1,102529,8
1733788800,8424.5,8424.5,8416.8,8417.8,77781,8
1733803200,8416.8,8417.8,8416.8,8417.8,138772,8
1733817600,8416.8,8417.8,8416.8,8417.8,138438,8
1733832000,8416.8,8417.8,8395.8,8403.5,96522,8
1733846400,8402.5,8403.5,8402.5,8403.5,267060,18
1733860800,8402.5,8403.5,8402.5,8403.5,212002,18
1733875200,8380.7,8380.7,8376.7,8377.7,87137,8
1733889600,8376.7,8377.7,8376.7,8377.7,142030,8
1733904000,8376.7,8377.7,8354.7,8356.7,134296,8
1733918400,8356.7,8377.5,8356.7,8366.7,60499,8
1733932800,8372.5,8404.0,8366.7,8403.5,124877,8
1733947200,8396.7,8403.5,8396.7,8403.5,106112,18
1733961600,8390.5,8392.5,8385.7,8385.7,88296,8
1733976000,8392.5,8392.5,8333.7,8343.7,192938,8
1733990400,8341.7,8343.7,8305.5,8305.5,321108,8
1734004800,8304.5,8307.5,8282.7,8297.7,295626,8
1734019200,8305.4,8316.9,8290.7,8308.7,154244,0
1734033600,8315.9,8315.9,8308.7,8315.9,79363,8
1734048000,8278.1,8281.1,8266.3,8271.3,80863,8
1734062400,8272.3,8272.3,8271.3,8272.3,141117,8
1734076800,8271.3,8324.1,8271.3,8311.3,93620,8
1734091200,8311.3,8311.3,8311.3,8311.3,240,8
1734105600,8311.3,8311.3,8311.3,8311.3,240,8
1734120000,8311.3,8311.3,8311.3,8311.3,180,8
1734307200,8275.2,8292.0,8269.2,8280.2,120255,8
1734321600,8280.2,8285.0,8252.2,8254.2,253966,8
1734336000,8262.0,8276.4,8251.2,8264.2,171455,8
1734350400,8264.2,8294.8,8264.2,8294.8,179965,8
1734364800,8283.2,8303.3,8259.2,8273.8,294978,8
1734379200,8260.2,8274.8,8249.2,8249.2,216496,8
1734393600,8267.4,8336.8,8267.4,8336.8,115264,8
1734408000,8336.8,8343.8,8318.4,8322.4,138283,8
1734422400,8322.4,8326.8,8307.4,8311.4,224064,8
1734436800,8311.4,8319.8,8291.4,8292.4,8108,8
1734451200,8292.4,8352.5,8292.4,8352.5,250359,8
1734465600,8351.5,8351.5,8310.4,8312.4,104007,8
1734480000,8355.5,8355.5,8321.6,8321.6,89046,8
1734494400,8353.5,8353.5,8321.6,8321.6,139198,18
1734508800,8353.5,8353.5,8321.6,8321.6,138298,18
1734523200,8353.5,8354.8,8318.6,8322.6,144456,8
1734537600,8343.2,8343.2,8311.6,8339.8,445072,8
1734552000,8317.6,8346.3,8204.6,8204.6,310666,8
1734566400,8193.6,8193.6,8146.8,8146.8,257239,8
1734580800,8146.8,8178.5,8146.8,8174.7,365770,8
1734595200,8174.7,8182.9,8136.8,8150.8,170983,8
1734609600,8150.8,8161.5,8113.8,8132.8,341985,8
1734624000,8131.8,8162.5,8095.8,8095.8,415868,8
1734638400,8095.8,8146.5,8095.8,8144.5,252911,8
1734652800,8102.1,8120.4,8071.1,8072.1,47832,8
1734667200,8072.1,8072.1,8072.1,8072.1,240,8
1734681600,8072.1,8072.1,8072.1,8072.1,240,8
1734696000,8072.1,8072.1,8007.1,8028.4,161498,8
1734710400,8008.1,8028.4,8008.1,8023.1,170422,8
1734724800,8024.1,8024.1,8023.1,8024.1,128297,8
1734912000,8132.7,8173.7,8105.8,8173.7,1108602,8
1734926400,8153.8,8227.7,8153.8,8215.6,691245,8
1734940800,8214.6,8220.7,8162.8,8170.8,976923,8
1734955200,8170.8,8187.7,8148.8,8155.8,552730,8
1734969600,8155.8,8197.2,8152.8,8173.8,1444585,8
1734984000,8194.7,8219.7,8173.8,8198.8,1353726,8
1734998400,8212.8,8233.8,8200.8,8209.8,913539,8
1735012800,8209.8,8216.8,8209.8,8216.8,494845,8
1735257600,8265.6,8296.8,8257.6,8263.6,870322,8
1735272000,8264.6,8286.8,8246.6,8272.0,405343,8
1735286400,8271.0,8292.8,8244.6,8244.6,493530,8
1735300800,8243.6,8270.8,8224.6,8242.8,426495,8
1735315200,8242.8,8262.3,8205.6,8226.3,1437388,8
1735329600,8206.6,8254.3,8206.6,8215.6,1343798,8
1735516800,8236.4,8256.0,8212.4,8225.4,1130802,8
1735531200,8245.0,8245.0,8225.4,8245.0,1966453,8
1735545600,8225.4,8245.0,8225.4,8225.4,1908127,8
1735560000,8245.0,8245.0,8225.4,8225.4,1923394,8
1735574400,8245.0,8245.0,8225.4,8245.0,1910845,8
1735588800,8225.4,8245.0,8225.4,8225.4,1474449,8
1735603200,8190.7,8211.4,8186.7,8207.4,1073820,8
1735617600,8187.7,8207.4,8187.7,8187.7,1965951,8
1735632000,8207.4,8207.4,8187.7,8207.4,1941941,8
1735646400,8187.7,8207.4,8187.7,8207.4,1925432,8
1735660800,8187.7,8207.4,8187.7,8207.4,1857784,8
1735675200,8187.7,8207.4,8187.7,8187.7,1466325,8
1735776000,8179.2,8179.2,8158.2,8159.2,98467,8
1735790400,8158.2,8159.2,8158.2,8159.2,160522,8
1735804800,8158.2,8159.2,8158.2,8158.2,158875,8
1735819200,8159.2,8159.2,8158.2,8158.2,159032,8
1735833600,8159.2,8159.2,8158.2,8158.2,158902,8
1735848000,8159.2,8159.2,8158.2,8159.2,119175,8
1735862400,8227.2,8228.2,8208.4,8209.4,98953,8
1735876800,8227.8,8227.8,8209.4,8227.8,158495,8
1735891200,8209.4,8227.8,8209.4,8209.4,155867,8
1735905600,8227.8,8227.8,8209.4,8209.4,159106,8
1735920000,8227.8,8227.8,8209.4,8227.8,158583,8
1735934400,8209.4,8227.8,8209.4,8209.4,119253,8
1736121600,8294.3,8308.3,8268.2,8282.2,250,8
1736136000,8282.2,8282.2,8282.2,8282.2,240,8
1736150400,8282.2,8282.2,8282.2,8282.2,240,8
1736164800,8282.2,8282.2,8282.2,8282.2,240,8
1736179200,8282.2,8319.8,8282.2,8302.2,588586,8
1736193600,8301.2,8302.2,8301.2,8301.2,996209,8
1736208000,8296.2,8311.2,8280.4,8288.4,631529,8
1736222400,8287.4,8299.2,8274.4,8298.2,39710,8
1736236800,8297.2,8298.2,8276.4,8276.4,102815,8
1736251200,8294.2,8347.2,8274.4,8347.2,13373,0
1736265600,8328.4,8357.2,8288.4,8312.2,11468,0
1736280000,8312.2,8324.2,8266.4,8282.6,4675,8
1736294400,8274.0,8349.0,8261.7,8347.0,1803,8
1736308800,8346.0,8389.0,8325.7,8382.2,2610,8
1736323200,8383.2,8385.9,8323.7,8361.0,2348,8
1736337600,8362.0,8374.0,8275.7,8308.7,4037,0
1736352000,8309.7,8334.0,8274.7,8305.0,10937,8
1736366400,8304.5,8343.5,8289.7,8335.4,6146,8
1736380800,8296.9,8328.6,8283.9,8308.6,1790,8
1736395200,8290.9,8343.6,8288.9,8333.8,1961,8
1736409600,8332.8,8349.6,8300.9,8326.9,2609,8
1736424000,8326.9,8380.6,8325.9,8377.6,2316,8
1736438400,8376.6,8382.1,8340.9,8366.1,1517,8
1736452800,8366.1,8373.1,8345.9,8365.0,461,8
1736467200,8358.6,8359.6,8264.1,8291.6,2483,8
1736481600,8290.2,8309.0,8255.1,8302.8,2256,8
1736496000,8302.8,8322.6,8284.1,8314.6,2468,8
1736510400,8315.6,8331.6,8262.1,8283.6,3774,8
1736524800,8282.0,8306.6,8218.1,8266.6,14085,8
1736539200,8266.1,8286.1,8222.1,8237.0,6083,8
1736726400,8198.9,8246.9,8164.9,8190.9,2490,8
1736740800,8190.9,8206.1,8153.9,8204.1,2264,8
1736755200,8203.1,8218.9,8157.9,8158.9,2624,8
1736769600,8158.9,8194.9,8156.9,8184.9,2560,8
1736784000,8185.9,8226.4,8158.9,8225.4,8880,8
1736798400,8224.9,8247.9,8196.9,8243.3,3747,8
1736812800,8224.2,8268.8,8203.2,8205.2,1753,8
1736827200,8205.2,8245.8,8193.2,8240.0,1739,8
1736841600,8241.0,8253.8,8219.2,8229.2,2090,0
1736856000,8230.2,8262.8,8199.2,8229.8,2833,8
1736870400,8230.8,8246.3,8186.2,8221.3,9242,8
1736884800,8220.8,8256.3,8203.2,8247.2,4387,8
1736899200,8247.4,8277.7,8240.4,8260.7,1231,8
1736913600,8244.4,8262.7,8209.4,8229.9,1541,8
1736928000,8230.9,8255.7,8215.4,8235.4,1724,8
1736942400,8236.4,8333.7,8231.4,8326.7,2832,0
1736956800,8327.7,8344.2,8301.4,8336.2,8021,8
1736971200,8337.2,8359.2,8320.4,8337.1,1966,8
1736985600,8355.4,8361.4,8315.7,8335.4,1666,8
1737000000,8336.4,8346.4,8312.7,8329.6,1564,8
1737014400,8330.6,8361.4,8315.7,8328.7,2954,8
1737028800,8328.7,8355.4,8308.7,8332.4,2598,0
1737043200,8330.8,8361.9,8302.7,8352.4,8028,8
1737057600,8351.9,8358.9,8322.7,8341.8,3326,8
1737072000,8315.9,8361.3,8312.9,8351.3,1336,8
1737086400,8335.9,8352.3,8300.9,8318.5,1978,8
1737100800,8317.5,8358.3,8311.9,8346.3,1957,8
1737115200,8347.3,8371.3,8325.9,8367.3,2280,0
1737129600,8368.3,8376.3,8347.9,8368.8,5041,8
1737144000,8353.9,8371.8,8338.9,8352.7,2174,8
1737331200,8348.3,8365.3,8331.7,8354.3,1376,8
1737345600,8355.3,8373.3,8327.7,8358.5,1748,8
1737360000,8358.5,8378.3,8346.7,8356.5,1770,8
1737374400,8356.5,8390.3,8342.5,8373.5,2686,2
1737388800,8373.5,8413.8,8365.8,8381.8,4947,12
1737403200,8381.8,8393.8,8363.5,8391.7,430,12
1737417600,8412.3,8473.3,8368.3,8400.3,3740,12
1737432000,8399.3,8433.3,8387.8,8411.5,2085,12
1737446400,8412.5,8425.3,8390.8,8414.3,2436,12
1737460800,8415.3,8421.3,8375.8,8410.3,2399,12
1737475200,8411.3,8443.3,8391.8,8437.8,5704,12
1737489600,8437.3,8450.8,8416.8,8449.7,2142,12
1737504000,8425.0,8477.1,8425.0,8455.1,1297,12
1737518400,8455.1,8467.1,8425.0,8443.3,1485,12
1737532800,8442.3,8479.1,8432.0,8471.1,1804,12
1737547200,8458.0,8478.1,8440.0,8457.0,1716,2
1737561600,8457.0,8474.1,8423.0,8440.6,3328,12
1737576000,8440.1,8444.1,8400.0,8411.5,1835,12
1737590400,8400.2,8423.7,8380.2,8392.7,1308,5
1737604800,8379.2,8399.7,8366.2,8380.9,1690,12
1737619200,8380.9,8395.7,8366.2,8373.2,1706,12
1737633600,8373.2,8395.7,8369.2,8391.7,1539,12
1737648000,8392.7,8407.7,8371.2,8406.7,4166,5
1737662400,8406.2,8418.2,8389.2,8417.1,1971,12
1737676800,8407.5,8436.8,8402.5,8404.5,1396,12
1737691200,8404.5,8436.8,8399.5,8417.0,2001,12
1737705600,8418.0,8446.8,8404.5,8445.2,2270,2
1737720000,8445.8,8449.8,8414.5,8433.8,1540,12
1737734400,8432.8,8442.3,8398.5,8425.8,3659,12
1737748800,8425.3,8430.3,8399.5,8413.2,1945,12
1737964800,8322.0,8376.9,8322.0,8349.0,3190,11
1737979200,8349.0,8382.9,8335.0,8378.9,4386,17
1737993600,8377.9,8417.9,8361.0,8398.4,6771,17
1738008000,8397.9,8431.3,8384.0,8431.3,3738,9
1738022400,8416.2,8448.2,8404.2,8423.2,2013,17
1738036800,8422.2,8440.2,8398.2,8410.5,2099,17
1738051200,8411.5,8441.2,8395.2,8439.2,2820,14
1738065600,8437.6,8453.2,8420.2,8450.2,2260,17
1738080000,8449.2,8453.2,8396.2,8428.2,5670,5
1738094400,8428.7,8451.2,8414.2,8443.6,2491,17
1738108800,8456.7,8500.0,8438.5,8477.5,1570,17
1738123200,8477.5,8503.7,8450.5,8461.9,1550,17
1738137600,8463.9,8485.7,8456.5,8477.7,2275,17
1738152000,8478.7,8495.7,8460.5,8479.7,1902,7
1738166400,8478.7,8506.2,8458.5,8474.2,4350,17
1738180800,8461.5,8478.7,8427.5,8464.1,8875,17
1738195200,8476.4,8514.4,8454.7,8509.4,1502,17
1738209600,8497.7,8532.4,8493.7,8507.6,1827,17
1738224000,8508.6,8536.4,8492.7,8524.4,1712,17
1738238400,8523.4,8542.4,8503.7,8540.4,2442,17
1738252800,8528.7,8566.9,8520.7,8554.7,5447,7
1738267200,8554.7,8576.9,8518.7,8541.8,2797,17
1738281600,8549.5,8587.5,8535.0,8558.5,1828,17
1738296000,8546.0,8563.5,8517.0,8549.7,1885,17
1738310400,8549.7,8559.5,8527.0,8531.0,1644,17
1738324800,8531.0,8560.5,8526.0,8545.0,1617,7
1738339200,8545.0,8557.5,8517.0,8534.5,3851,7
1738353600,8535.0,8538.5,8442.0,8452.9,8437,17
1738540800,8389.5,8417.5,8359.8,8407.5,3175,17
1738555200,8406.5,8410.5,8366.8,8397.7,2947,17
1738569600,8396.7,8438.5,8378.8,8395.8,3754,14
1738584000,8395.8,8425.5,8389.8,8409.5,2987,17
1738598400,8408.5,8484.5,8390.8,8453.0,14513,6
1738612800,8452.0,8475.5,8430.8,8435.9,4994,17
1738627200,8430.0,8461.7,8409.0,8419.0,1783,17
1738641600,8419.0,8440.7,8372.7,8401.9,3331,17
1738656000,8402.9,8419.7,8376.0,8404.7,3423,11
1738670400,8403.7,8431.7,8391.0,8417.7,2610,7
1738684800,8416.7,8469.2,8406.0,8457.2,6428,7
1738699200,8446.0,8459.2,8434.0,8445.1,2525,17
1738713600,8432.3,8459.5,8424.3,8446.5,1599,17
1738728000,8435.3,8451.5,8417.3,8424.7,1828,17
1738742400,8424.7,8446.5,8414.3,8433.5,2307,17
1738756800,8422.3,8457.5,8422.3,8456.5,2190,17
1738771200,8446.3,8498.0,8440.3,8494.5,5350,17
1738785600,8494.0,8507.0,8479.3,8489.9,1961,17
1738800000,8504.0,8523.0,8491.6,8520.0,1413,17
1738814400,8519.0,8541.0,8506.6,8539.2,1858,17
1738828800,8538.2,8545.0,8514.6,8536.0,1875,7
1738843200,8525.6,8545.0,8520.6,8545.0,2128,7
1738857600,8544.0,8549.0,8505.6,8525.0,4153,7
1738872000,8525.5,8527.5,8492.6,8519.4,3133,17
1738886400,8526.1,8549.1,8508.8,8537.1,1365,17
1738900800,8538.1,8540.1,8498.1,8524.3,1968,17
1738915200,8523.3,8529.1,8499.8,8523.1,1955,17
1738929600,8511.8,8528.1,8499.8,8516.1,2171,17
1738944000,8505.8,8521.6,8454.8,8471.6,13535,17
1738958400,8472.1,8483.6,8447.8,8459.5,4520,17
1739145600,8469.3,8513.3,8459.6,8498.3,1648,17
1739160000,8497.3,8502.3,8477.6,8488.5,1483,17
1739174400,8488.5,8501.3,8476.6,8496.3,1711,17
1739188800,8495.3,8530.3,8485.6,8526.3,1580,17
1739203200,8518.6,8532.8,8500.6,8511.6,3482,17
1739217600,8511.6,8526.8,8507.6,8518.7,1374,17
1739232000,8516.5,8527.5,8499.9,8512.5,1536,17
1739246400,8511.5,8513.5,8483.9,8491.7,1631,17
1739260800,8491.7,8496.5,8458.9,8461.9,1727,17
1739275200,8461.9,8477.5,8447.9,8460.5,1844,7
1739289600,8461.5,8494.0,8447.9,8480.0,3725,17
1739304000,8471.9,8504.5,8469.9,8497.9,2468,17
1739318400,8487.1,8522.1,8480.0,8517.1,1552,17
1739332800,8508.0,8551.1,8502.0,8536.3,1805,17
1739347200,8537.3,8568.1,8525.0,8566.1,1489,17
1739361600,8556.0,8588.1,8510.0,8530.1,2856,18
1739376000,8531.1,8568.6,8513.0,8566.1,7444,18
1739390400,8566.6,8570.1,8536.0,8559.5,2525,18
1739404800,8552.4,8584.4,8545.6,8570.4,1980,18
1739419200,8570.4,8571.4,8539.6,8549.6,2594,18
1739433600,8550.6,8560.4,8526.6,8550.4,2548,18
1739448000,8551.4,8591.4,8540.6,8588.4,2840,18
1739462400,8586.8,8634.9,8574.9,8609.9,4769,18
1739476800,8609.4,8635.9,8594.9,8629.8,4736,18
1739491200,8610.9,8627.9,8556.9,8581.5,2152,10
1739505600,8581.5,8596.9,8551.2,8557.1,2150,10
1739520000,8557.1,8573.3,8536.9,8551.9,1673,13
1739534400,8550.9,8569.9,8541.1,8560.9,1818,13
1739548800,8548.6,8563.9,8509.5,8525.4,3278,8
1739563200,8525.9,8529.4,8506.6,8514.3,1663,18
1739750400,8489.0,8527.6,8483.5,8496.6,2232,10
1739764800,8495.6,8555.6,8479.8,8545.8,2468,10
1739779200,8544.8,8554.6,8528.5,8553.6,1244,12
1739793600,8539.9,8564.6,8536.9,8542.0,892,18
1739808000,8555.6,8565.1,8541.1,8565.1,984,18
1739822400,8566.1,8576.1,8551.3,8572.0,288,18
1739836800,8514.6,8532.8,8484.2,8504.8,2275,10
1739851200,8503.4,8527.8,8466.3,8494.0,3571,10
1739865600,8493.0,8516.8,8477.1,8495.2,1573,10
1739880000,8495.8,8522.8,8480.3,8514.8,1550,18
1739894400,8514.8,8514.8,8472.5,8489.3,3289,18
1739908800,8490.3,8499.3,8472.8,8492.2,2216,18
1739923200,8401.1,8471.1,8394.7,8437.1,2351,10
1739937600,8432.8,8439.1,8402.5,8428.3,2474,10
1739952000,8427.3,8444.1,8394.0,8394.0,1677,18
1739966400,8394.5,8403.1,8352.3,8361.3,2178,18
1739980800,8360.3,8396.1,8357.3,8375.6,3415,18
1739995200,8371.4,8398.6,8357.5,8391.5,2287,11
1740009600,8334.2,8360.2,8296.6,8297.3,2746,10
1740024000,8296.3,8338.2,8286.0,8323.4,3019,10
1740038400,8324.4,8365.2,8316.4,8350.6,1877,18
1740052800,8363.6,8371.2,8341.7,8358.2,1711,18
1740067200,8357.2,8374.7,8318.8,8338.7,5813,18
1740081600,8338.2,8360.7,8324.4,8348.6,2503,18
1740096000,8348.3,8353.3,8299.8,8315.3,2352,10
1740110400,8316.3,8320.3,8288.5,8300.5,3014,10
1740124800,8301.5,8326.3,8300.5,8319.3,1913,18
1740139200,8320.3,8329.3,8309.8,8320.3,1466,18
1740153600,8311.3,8327.3,8280.1,8287.8,6239,18
1740168000,8287.3,8287.8,8230.0,8243.7,6118,9
1740355200,8227.7,8310.6,8226.0,8294.6,2641,6
1740369600,8295.6,8323.8,8284.0,8322.8,2951,10
1740384000,8321.8,8331.6,8286.4,8305.8,2735,18
1740398400,8306.3,8317.6,8273.6,8293.6,1820,18
1740412800,8285.1,8298.6,8243.1,8290.1,8651,18
1740427200,8289.6,8300.1,8252.2,8253.0,3635,18
1740441600,8240.8,8259.2,8229.0,8243.2,2320,10
1740456000,8235.1,8274.2,8233.1,8258.4,2214,10
1740470400,8259.4,8261.2,8225.8,8244.2,2982,18
1740484800,8243.2,8275.2,8236.0,8263.1,2294,12
1740499200,8272.2,8272.2,8196.5,8230.7,10619,18
1740513600,8231.2,8251.7,8213.1,8233.6,6735,18
1740528000,8224.3,8245.2,8210.5,8230.2,1698,10
1740542400,8221.8,8255.2,8218.1,8251.4,2039,10
1740556800,8252.4,8266.2,8224.1,8242.2,2157,7
1740571200,8232.8,8260.2,8229.3,8245.2,2184,18
1740585600,8246.2,8293.7,8226.0,8254.2,7738,18
1740600000,8253.7,8261.7,8217.9,8244.6,6185,18
1740614400,8278.4,8306.4,8264.3,8277.4,2693,10
1740628800,8271.8,8282.4,8255.4,8278.6,2052,10
1740643200,8277.6,8290.4,8256.9,8277.9,2575,11
1740657600,8282.8,8293.4,8247.2,8252.4,2974,18
1740672000,8252.4,8276.9,8214.4,8244.9,10891,9
1740686400,8245.4,8264.9,8199.4,8205.8,6749,13
1740700800,8204.2,8219.2,8186.6,8202.9,2867,10
1740715200,8202.4,8226.2,8154.0,8159.4,3815,10
1740729600,8158.4,8176.2,8141.2,8170.2,3171,8
1740744000,8171.2,8184.2,8158.0,8168.2,2662,18
1740758400,8169.2,8195.7,8146.7,8152.7,10241,9
1740772800,8151.7,8216.2,8131.6,8208.6,8204,18
1740960000,8218.9,8224.9,8182.7,8222.9,2778,10
1740974400,8221.9,8258.9,8207.5,8255.1,3168,10
1740988800,8254.1,8258.3,8215.8,8249.9,3249,18
1741003200,8250.9,8283.9,8239.8,8269.0,2540,8
1741017600,8268.0,8283.9,8234.4,8239.4,11582,18
1741032000,8238.4,8239.9,8142.9,8183.3,11227,18
1741046400,8180.3,8189.3,8151.1,8165.3,3134,10
1741060800,8164.3,8207.3,8160.4,8195.5,3869,10
1741075200,8194.5,8200.3,8161.1,8169.3,3814,8
1741089600,8169.3,8175.3,8120.4,8123.3,4191,18
1741104000,8123.3,8141.3,8062.3,8103.8,15788,12
1741118400,8103.3,8195.8,8101.8,8115.7,8999,18
1741132800,8143.5,8150.3,8092.3,8107.3,3499,10
1741147200,8108.3,8142.5,8096.3,8137.5,3842,10
1741161600,8136.5,8157.3,8113.8,8156.3,3127,11
1741176000,8157.3,8160.3,8104.3,8106.3,3687,18
1741190400,8105.3,8136.8,8084.8,8130.8,13499,6
1741204800,8130.3,8160.8,8104.8,8147.7,7852,18
1741219200,8108.7,8115.6,8085.7,8093.8,2376,10
1741233600,8093.8,8105.8,8072.7,8086.9,2448,10
1741248000,8087.9,8103.7,8040.7,8040.7,3127,7
1741262400,8040.6,8056.2,8017.7,8042.7,3186,18
1741276800,8041.7,8076.2,8018.2,8034.7,12931,6
1741291200,8033.7,8045.7,8008.2,8012.1,8642,18
1741305600,8016.3,8016.8,7962.8,7995.8,2687,8
1741320000,7994.8,7998.8,7929.0,7931.0,3253,10
1741334400,7932.0,7960.8,7924.8,7957.8,2932,14
1741348800,7958.8,7972.8,7937.2,7944.8,3217,18
1741363200,7943.8,7979.3,7922.3,7959.8,14110,18
1741377600,7960.3,8020.8,7959.3,8005.2,8811,18
1741564800,7979.5,7982.8,7951.5,7968.0,2291,10
1741579200,7971.5,7978.5,7947.7,7950.7,2543,10
1741593600,7951.7,7962.5,7886.5,7899.3,3569,5
1741608000,7901.5,7922.0,7878.4,7912.5,5820,11
1741622400,7913.0,7913.0,7857.5,7858.5,13169,18
1741636800,7858.0,7899.0,7832.0,7892.4,7887,18
1741651200,7863.2,7868.2,7816.6,7857.8,4048,10
1741665600,7858.2,7914.2,7854.2,7881.4,4491,10
1741680000,7881.4,7906.2,7871.4,7885.1,3221,18
1741694400,7884.6,7897.2,7839.7,7844.8,5615,12
1741708800,7840.8,7864.2,7763.6,7791.2,19320,18
1741723200,7790.7,7843.7,7788.7,7810.4,10585,14
1741737600,7794.7,7798.6,7732.2,7778.0,3340,10
1741752000,7777.5,7808.6,7742.2,7774.8,3221,8
1741766400,7774.8,7806.6,7758.6,7804.6,2683,18
1741780800,7804.6,7846.6,7770.6,7785.1,5440,6
1741795200,7784.6,7805.1,7749.1,7770.6,12161,6
1741809600,7770.1,7811.6,7768.6,7780.8,5586,14
1741824000,7803.6,7820.3,7761.3,7778.3,2077,10
1741838400,7777.7,7788.3,7737.5,7747.5,3204,10
1741852800,7748.5,7777.6,7732.5,7777.3,2831,5
1741867200,7776.3,7782.1,7740.7,7748.3,4748,18
1741881600,7747.8,7774.3,7725.9,7727.3,10395,18
1741896000,7726.8,7768.3,7725.3,7736.5,4848,18
1741910400,7769.3,7795.0,7752.5,7772.5,2220,10
1741924800,7772.0,7794.5,7769.5,7773.7,2667,10
1741939200,7773.7,7786.3,7761.5,7780.3,2232,18
1741953600,7779.5,7812.5,7773.5,7802.1,3885,18
1741968000,7793.1,7852.4,7777.1,7834.0,8947,18
1741982400,7833.5,7866.0,7833.5,7849.7,3683,18
1742169600,7851.1,7857.0,7833.0,7842.0,2276,10
1742184000,7839.5,7856.4,7829.6,7850.2,2554,10
1742198400,7850.2,7854.0,7835.9,7850.0,2630,18
1742212800,7851.0,7902.5,7848.4,7897.0,3710,18
1742227200,7897.0,7907.5,7879.5,7906.5,7306,18
1742241600,7906.0,7919.5,7899.2,7901.2,2839,18
1742256000,7898.8,7923.9,7869.1,7869.9,1888,10
1742270400,7868.1,7877.9,7849.2,7856.1,1954,10
1742284800,7857.1,7877.9,7854.1,7874.9,2177,18
1742299200,7874.9,7875.9,7829.4,7832.4,3904,18
1742313600,7831.9,7835.4,7802.4,7813.9,8456,18
1742328000,7814.4,7826.9,7802.2,7807.1,2930,14
1742342400,7811.5,7871.5,7808.0,7856.8,1965,10
1742356800,7857.3,7870.5,7824.5,7831.7,2231,10
1742371200,7831.7,7837.1,7813.4,7836.1,2190,11
1742385600,7832.8,7848.1,7827.4,7845.1,3022,18
1742400000,7845.1,7896.6,7842.3,7848.7,5033,18
1742414400,7846.7,7922.1,7846.7,7895.7,4655,14
1742428800,7884.9,7919.9,7884.9,7912.9,1699,10
1742443200,7913.9,7939.9,7907.6,7926.1,2002,10
1742457600,7926.1,7943.9,7900.6,7909.9,2356,18
1742472000,7908.9,7913.9,7872.9,7900.9,4411,18
1742486400,7900.4,7966.0,7897.5,7907.4,6778,18
1742500800,7907.9,7919.9,7891.5,7907.1,3039,15
1742515200,7918.8,7946.8,7908.5,7935.5,1699,10
1742529600,7934.9,7968.8,7920.9,7933.0,2558,10
1742544000,7934.0,7939.8,7894.2,7912.8,2667,18
1742558400,7911.6,7927.8,7878.3,7887.8,4550,18
1742572800,7887.3,7908.3,7862.0,7900.3,7608,6
1742587200,7900.8,7907.8,7882.0,7897.0,2892,18
1742774400,7908.5,7942.0,7905.7,7932.0,1895,10
1742788800,7930.6,7948.0,7919.9,7941.2,2197,10
1742803200,7940.2,7960.0,7927.3,7936.8,1991,18
1742817600,7942.0,7966.0,7929.4,7955.3,2695,18
1742832000,7962.5,7982.5,7953.3,7969.5,4489,7
1742846400,7964.4,7984.0,7952.6,7972.2,1895,18
1742860800,7983.6,7999.9,7970.1,7981.9,1637,10
1742875200,7975.1,7993.9,7935.1,7939.8,2475,10
1742889600,7939.8,7961.9,7933.5,7953.9,1608,9
1742904000,7952.9,7995.4,7946.0,7990.4,2153,11
1742918400,7988.9,8002.4,7971.4,7985.3,4899,6
1742932800,7985.2,7998.9,7976.0,7992.1,2880,6
1742947200,8007.1,8021.1,7986.7,7997.4,3143,6
1742961600,7997.2,8018.1,7985.9,7995.3,4434,6
1742976000,7995.3,8010.1,7983.0,7996.1,4116,6
1742990400,7995.1,8027.1,7986.0,8007.1,5664,5
1743004800,8006.6,8022.1,7943.5,7956.6,9047,6
1743019200,7946.9,7973.1,7939.0,7962.3,4266,6
1743033600,7955.7,7967.7,7942.8,7951.2,3428,6
1743048000,7950.2,7976.7,7940.5,7964.9,4071,6
1743062400,7963.9,7984.7,7953.0,7971.7,5182,6
1743076800,7972.7,7976.7,7923.9,7961.2,6601,6
1743091200,7960.7,7982.2,7935.8,7948.2,9059,6
1743105600,7947.7,7978.2,7939.2,7961.9,4286,6
1743120000,7946.1,8001.0,7937.7,8000.0,3337,6
1743134400,7998.6,8002.0,7963.4,7976.2,4434,6
1743148800,7975.2,7995.0,7949.0,7957.6,4883,6
1743163200,7957.6,7982.0,7930.0,7938.5,6680,6
1743177600,7934.5,7943.5,7877.8,7893.0,9970,6
1743192000,7892.5,7900.0,7866.0,7869.2,4205,6
1743379200,7862.0,7884.7,7843.4,7854.7,3510,6
1743393600,7846.9,7871.7,7835.7,7859.7,5665,6
1743408000,7860.7,7864.7,7818.4,7838.7,5632,5
1743422400,7830.7,7838.7,7804.0,7836.7,6108,6
1743436800,7837.7,7879.7,7807.2,7870.2,9775,6
1743451200,7869.7,7923.7,7858.1,7902.1,6445,6
1743465600,7888.0,7923.6,7864.3,7868.7,3410,6
1743480000,7868.6,7923.6,7862.7,7906.1,5858,6
1743494400,7906.1,7967.6,7905.7,7953.7,5861,5
1743508800,7953.7,7973.6,7927.0,7934.6,6789,6
1743523200,7935.6,7978.1,7888.0,7953.1,10990,6
1743537600,7952.1,7969.6,7915.2,7964.0,6906,6
1743552000,7966.3,7982.1,7931.9,7940.1,3121,6
1743566400,7941.1,7951.1,7926.7,7931.9,5178,6
1743580800,7932.0,7950.1,7920.5,7935.1,5029,6
1743595200,7934.1,7938.1,7880.8,7892.6,6436,6
1743609600,7892.4,7974.6,7889.0,7969.6,10307,6
1743624000,7970.1,7984.6,7934.4,7979.5,7297,6
1743638400,7830.3,7848.3,7763.5,7809.1,5248,6
1743652800,7810.1,7872.1,7802.1,7856.1,6565,6
1743667200,7856.1,7871.1,7821.1,7858.7,7074,6
1743681600,7858.6,7864.1,7791.8,7797.1,7020,6
1743696000,7796.1,7819.6,7752.7,7794.6,19002,6
1743710400,7795.6,7804.6,7726.6,7747.5,9711,6
1743724800,7738.2,7758.0,7704.0,7737.4,3862,6
1743739200,7737.5,7757.0,7655.4,7666.0,6693,6
1743753600,7663.0,7703.0,7627.8,7634.0,6600,6
1743768000,7636.0,7643.0,7444.0,7526.0,13808,6
1743782400,7527.0,7562.0,7273.6,7384.0,22236,6
1743796800,7383.5,7408.0,7315.6,7342.4,14975,6
1743984000,7175.0,7264.8,7113.0,7239.8,8315,6
1743998400,7238.8,7392.8,7236.8,7331.8,10150,6
1744012800,7333.8,7397.8,7220.3,7237.9,14342,6
1744027200,7236.9,7346.9,7209.9,7286.9,14589,6
1744041600,7287.9,7467.9,7207.4,7249.5,28824,6
1744056000,7250.9,7420.9,7249.5,7331.9,14487,6
1744070400,7386.0,7429.5,7356.5,7375.5,4986,6
1744084800,7374.5,7491.7,7367.5,7488.5,8534,6
1744099200,7487.5,7528.7,7467.5,7502.5,8575,6
1744113600,7501.5,7612.5,7492.5,7598.5,8046,6
1744128000,7597.5,7632.5,7465.5,7466.5,21832,6
1744142400,7467.5,7478.0,7308.5,7368.5,19031,6
1744156800,7330.6,7404.4,7295.6,7395.4,6520,6
1744171200,7394.4,7449.4,7343.4,7356.4,10705,6
1744185600,7355.4,7476.6,7344.6,7423.4,13464,6
1744200000,7422.6,7440.4,7320.4,7388.8,12465,6
1744214400,7389.4,7490.4,7385.8,7476.4,21752,6
1744228800,7476.4,7824.4,7454.0,7802.0,12993,6
1744243200,7855.6,7869.0,7732.4,7756.4,4919,8
1744257600,7754.2,7756.4,7698.2,7701.4,7286,8
1744272000,7700.4,7741.4,7642.8,7659.4,10032,6
1744286400,7660.4,7676.7,7585.4,7602.4,8658,8
1744300800,7604.4,7640.9,7464.0,7549.3,24358,8
1744315200,7549.3,7611.4,7493.0,7592.4,18590,8
1744329600,7589.3,7610.3,7516.1,7540.1,4933,6
1744344000,7540.1,7624.1,7537.1,7604.1,6988,6
1744358400,7604.0,7648.1,7518.0,7529.5,10568,6
1744372800,7530.1,7621.1,7517.1,7576.1,8118,6
1744387200,7575.1,7641.1,7535.6,7632.6,22777,6
1744401600,7633.1,7667.1,7603.6,7648.1,13295,6
1744588800,7662.9,7708.7,7653.9,7698.7,3722,10
1744603200,7697.7,7762.4,7691.7,7752.7,5608,10
1744617600,7752.6,7777.7,7726.0,7762.7,5436,6
1744632000,7763.7,7788.7,7745.7,7787.7,5314,6
1744646400,7788.7,7800.7,7713.7,7739.7,17236,6
1744660800,7740.7,7792.7,7738.7,7763.7,9683,6
1744675200,7741.4,7779.6,7737.4,7777.2,2627,8
1744689600,7776.2,7796.2,7761.8,7765.2,5154,7
1744704000,7766.2,7786.2,7754.4,7784.2,5664,7
1744718400,7783.2,7784.2,7725.3,7728.1,5780,8
1744732800,7728.5,7783.7,7726.7,7761.7,13267,8
1744747200,7761.2,7773.2,7747.2,7762.7,7197,8
1744761600,7729.3,7762.1,7717.3,7756.1,2565,8
1744776000,7757.1,7788.1,7756.0,7775.1,5016,7
1744790400,7774.1,7809.1,7742.0,7777.5,6717,6
1744804800,7777.5,7797.1,7773.1,7779.1,5565,6
1744819200,7780.1,7821.6,7765.6,7799.1,10844,6
1744833600,7798.6,7807.6,7719.9,7751.1,10931,6
1744848000,7752.0,7779.8,7724.1,7775.9,3033,8
1744862400,7774.9,7803.3,7769.9,7799.0,4863,7
1744876800,7799.0,7819.3,7783.9,7788.9,5606,8
1744891200,7789.9,7801.9,7771.9,7780.9,6389,8
1744905600,7780.9,7791.4,7758.9,7779.5,3365,8
1745280000,7708.7,7778.3,7706.7,7772.3,1705,6
1745294400,7773.3,7820.3,7769.3,7807.3,5240,6
1745308800,7806.3,7852.3,7799.3,7848.8,6645,6
1745323200,7848.8,7866.3,7839.0,7844.3,7494,6
1745337600,7845.3,7945.3,7844.3,7929.3,11538,6
1745352000,7929.8,7939.8,7891.8,7925.8,8666,6
1745366400,7978.4,7998.4,7927.2,7949.2,3550,6
1745380800,7948.2,7965.4,7901.8,7928.2,5439,6
1745395200,7927.2,7940.7,7899.2,7933.4,5418,6
1745409600,7933.3,7946.0,7912.2,7942.2,5364,6
1745424000,7941.2,7962.7,7895.2,7923.2,16004,6
1745438400,7925.1,7936.1,7890.8,7914.2,8994,6
1745452800,7907.2,7957.0,7904.2,7949.1,2718,6
1745467200,7949.5,7983.0,7946.3,7978.0,5659,6
1745481600,7977.0,7985.0,7947.4,7960.0,5717,6
1745496000,7960.0,8017.0,7960.0,8014.0,5626,6
1745510400,8015.0,8051.5,8000.5,8046.5,8934,6
1745524800,8045.5,8066.5,8036.7,8058.0,4910,6
1745568000,8079.2,8079.2,8041.5,8049.8,2721,6
1745582400,8049.8,8053.8,8016.7,8032.8,5757,6
1745596800,8033.8,8050.3,8014.4,8028.8,8965,6
1745611200,8028.6,8059.3,8018.3,8053.3,5942,6
1745798400,8054.0,8054.0,8030.0,8037.9,2306,6
1745812800,8037.6,8048.4,8013.1,8025.4,4515,5
1745827200,8026.4,8026.4,7981.0,7984.7,4748,6
1745841600,7984.8,7997.4,7960.5,7990.4,4181,6
1745856000,7985.2,8020.9,7978.7,7986.4,9109,6
1745870400,7985.9,8019.9,7973.4,8009.9,5530,6
1745884800,8000.4,8045.2,7995.4,8029.9,2270,6
1745899200,8029.8,8076.2,8025.8,8061.2,4759,6
1745913600,8060.2,8081.2,8048.6,8068.2,4473,6
1745928000,8067.2,8080.2,8055.4,8064.2,5075,6
1745942400,8063.2,8092.2,8046.0,8079.7,8595,6
1745956800,8080.2,8110.7,8072.4,8097.2,5324,6
1745971200,8085.9,8106.7,8076.9,8097.7,2112,6
1745985600,8096.7,8100.7,8072.0,8095.7,4835,6
1746000000,8094.7,8133.7,8085.0,8105.6,4810,5
1746014400,8109.7,8122.7,8067.0,8074.4,4981,6
1746028800,8074.4,8082.7,8036.3,8076.2,11944,6
1746043200,8075.2,8112.2,8053.0,8103.2,7591,6
1746057600,8105.8,8121.6,8103.6,8112.6,2432,6
1746072000,8111.6,8148.6,8108.0,8146.6,4798,6
1746086400,8146.6,8154.6,8132.8,8147.2,3960,6
1746100800,8146.9,8155.6,8134.6,8140.6,4334,6
1746115200,8139.8,8154.1,8117.6,8124.1,9471,6
1746129600,8125.1,8156.1,8121.1,8123.6,5376,6
1746144000,8116.7,8193.5,8110.7,8184.5,2573,6
1746158400,8183.5,8241.5,8176.5,8239.5,5482,6
1746172800,8235.2,8250.8,8223.0,8231.5,5439,6
1746187200,8230.5,8244.5,8205.9,8237.5,5208,6
1746201600,8237.5,8260.0,8210.1,8235.0,9562,6
1746216000,8234.8,8264.0,8230.0,8253.0,5402,5
1746403200,8254.3,8259.3,8204.0,8219.1,2523,6
1746417600,8220.1,8220.1,8156.6,8170.1,5029,6
1746432000,8160.1,8181.1,8141.8,8146.0,4360,6
1746446400,8146.1,8157.1,8127.1,8146.1,4195,6
1746460800,8145.1,8164.6,8130.5,8160.1,6727,6
1746475200,8150.1,8167.6,8137.7,8151.1,3282,6
1746489600,8140.0,8168.5,8124.8,8148.5,2108,6
1746504000,8149.5,8168.5,8136.8,8161.5,4881,6
1746518400,8161.8,8168.5,8115.8,8130.5,4704,6
1746532800,8130.5,8154.5,8108.2,8154.5,4995,6
1746547200,8153.5,8167.0,8125.1,8133.0,7920,6
1746561600,8133.5,8153.0,8122.9,8137.5,5569,6
1746576000,8175.7,8181.5,8150.8,8161.5,3184,6
1746590400,8161.5,8194.5,8151.9,8190.1,6012,6
1746604800,8190.2,8194.5,8166.0,8178.5,4759,6
1746619200,8174.1,8191.5,8164.8,8175.5,4333,6
1746633600,8174.5,8187.0,8146.0,8185.0,7539,6
1746648000,8180.9,8200.5,8141.7,8179.5,7626,6
1746662400,8169.9,8178.7,8151.1,8172.7,2400,6
1746676800,8173.7,8213.7,8164.5,8199.7,6392,6
1746691200,8198.7,8211.7,8184.0,8204.9,4844,6
1746705600,8204.7,8233.7,8202.7,8219.7,4669,6
1746720000,8218.7,8238.7,8178.7,8236.7,8869,6
1746734400,8236.2,8237.2,8200.2,8205.7,5627,6
1746748800,8198.8,8207.6,8179.1,8196.8,2378,6
1746763200,8196.9,8244.6,8195.6,8235.0,5672,5
1746777600,8236.6,8244.6,8214.9,8226.4,4724,6
1746792000,8226.1,8271.6,8226.1,8260.6,4312,6
1746806400,8261.6,8269.6,8230.2,8232.0,7221,6
1746820800,8232.0,8259.1,8230.0,8253.6,4266,6
1747008000,8291.3,8310.3,8256.0,8269.1,2944,6
1747022400,8270.1,8284.1,8238.9,8250.1,5097,6
1747036800,8251.1,8318.1,8226.6,8284.1,6235,5
1747051200,8278.5,8316.1,8276.8,8306.1,5236,6
1747065600,8307.1,8323.1,8278.6,8320.6,8016,6
1747080000,8321.1,8340.6,8315.8,8339.1,4021,6
1747094400,8330.8,8334.0,8282.6,8287.8,2241,6
1747108800,8283.7,8302.8,8254.9,8259.8,5207,6
1747123200,8259.8,8277.8,8247.5,8247.7,4658,5
1747137600,8247.7,8297.2,8244.0,8283.8,4941,6
1747152000,8282.8,8308.3,8279.1,8289.8,6392,6
1747166400,8290.3,8299.3,8278.4,8285.3,3835,6
1747180800,8278.0,8297.1,8252.9,8263.7,2054,6
1747195200,8264.7,8279.7,8246.5,8277.7,4771,5
1747209600,8277.7,8292.7,8268.7,8280.7,4757,6
1747224000,8276.8,8294.7,8262.1,8283.7,4190,6
1747238400,8281.1,8284.7,8233.7,8245.2,6663,6
1747252800,8245.7,8253.2,8226.7,8250.2,4440,6
1747267200,8238.0,8277.0,8228.0,8267.8,2255,6
1747281600,8267.6,8305.0,8263.3,8301.0,5055,6
1747296000,8296.9,8307.0,8285.7,8290.8,5026,6
1747310400,8290.8,8337.0,8290.1,8333.0,4543,5
1747324800,8332.0,8381.0,8325.4,8381.0,6517,6
1747339200,8376.9,8387.0,8368.9,8386.0,4152,6
1747353600,8382.1,8399.9,8372.0,8373.9,2045,6
1747368000,8371.0,8374.9,8337.2,8343.9,4879,6
1747382400,8340.5,8365.9,8329.0,8361.9,4655,5
1747396800,8360.9,8365.9,8330.7,8336.9,3840,6
1747411200,8335.9,8346.4,8320.3,8345.4,5729,6
1747425600,8344.9,8364.9,8341.3,8362.9,2930,6
1747612800,8310.0,8335.9,8298.3,8316.9,2484,6
1747627200,8312.2,8347.9,8288.9,8298.9,4843,6
1747641600,8293.9,8300.9,8266.6,8277.5,4965,6
1747656000,8271.7,8299.5,8257.8,8286.5,4251,6
1747670400,8286.3,8340.5,8276.8,8333.0,6834,6
1747684800,8332.9,8358.5,8325.0,8356.5,4818,6
1747699200,8344.0,8369.4,8342.0,8363.4,2165,6
1747713600,8362.4,8363.4,8315.9,8345.4,4686,6
1747728000,8346.4,8373.4,8336.0,8366.3,4718,6
1747742400,8366.4,8389.4,8363.3,8381.3,3726,6
1747756800,8381.3,8405.9,8375.2,8397.4,5580,6
1747771200,8396.9,8399.9,8367.4,8394.4,4455,6
1747785600,8382.1,8409.9,8374.0,8398.9,2088,6
1747800000,8391.4,8426.9,8378.2,8391.9,4908,6
1747814400,8391.9,8394.9,8355.3,8364.9,4103,6
1747828800,8363.9,8372.9,8338.7,8358.0,4359,6
1747843200,8358.0,8388.4,8354.4,8373.4,6976,6
1747857600,8366.1,8375.4,8293.9,8310.4,8040,6
1747872000,8306.0,8353.4,8297.8,8350.4,2241,6
1747886400,8351.4,8373.4,8329.8,8337.4,4301,6
1747900800,8336.4,8351.4,8327.8,8337.1,4602,6
1747915200,8337.1,8347.4,8303.4,8335.4,4695,6
1747929600,8334.4,8373.4,8320.4,8350.4,8045,6
1747944000,8350.9,8380.4,8347.3,8356.4,5019,6
1747958400,8356.0,8383.2,8337.4,8381.2,2215,6
1747972800,8380.2,8383.2,8352.8,8360.2,4318,6
1747987200,8359.2,8387.5,8348.8,8377.0,4418,6
1748001600,8376.9,8376.9,8249.2,8282.2,6705,6
1748016000,8283.2,8321.7,8265.2,8316.2,9947,6
1748030400,8315.7,8341.7,8314.2,8327.2,5140,6
1748217600,8368.8,8380.2,8349.5,8355.0,2685,6
1748232000,8356.6,8370.6,8343.4,8364.8,4330,6
1748246400,8369.6,8381.6,8353.7,8367.2,3458,5
1748260800,8366.0,8384.6,8366.0,8375.6,2132,5
1748275200,8371.3,8389.1,8366.8,8389.1,1566,6
1748289600,8389.1,8390.1,8381.1,8386.6,847,4
1748304000,8380.0,8390.5,8360.4,8375.5,2055,6
1748318400,8376.5,8396.5,8358.6,8392.0,5049,6
1748332800,8392.0,8448.5,8388.0,8439.5,4292,6
1748347200,8437.9,8455.5,8417.6,8425.5,4569,6
1748361600,8426.5,8466.0,8414.0,8459.5,6238,6
1748376000,8457.5,8468.0,8453.0,8456.0,3191,6
1748390400,8456.0,8465.3,8432.8,8447.1,2058,6
1748404800,8446.1,8450.1,8393.1,8394.6,5090,6
1748419200,8394.6,8412.1,8384.0,8386.2,4072,6
1748433600,8386.1,8420.1,8380.7,8401.9,4309,6
1748448000,8401.9,8424.6,8385.1,8405.1,6621,6
1748462400,8405.6,8415.6,8384.8,8395.6,4259,6
1748476800,8398.0,8502.0,8398.0,8420.9,4595,6
1748491200,8419.9,8431.9,8390.3,8419.9,5359,6
1748505600,8413.4,8427.9,8378.2,8392.9,4925,6
1748520000,8386.3,8398.9,8367.4,8383.9,5136,6
1748534400,8384.9,8394.9,8346.9,8375.4,8474,6
1748548800,8374.9,8391.4,8361.3,8386.4,4847,6
1748563200,8370.0,8400.8,8356.8,8400.8,2090,6
1748577600,8400.8,8430.8,8380.4,8419.8,5271,6
1748592000,8420.8,8454.8,8407.2,8443.1,5209,6
1748606400,8443.1,8461.8,8416.2,8427.8,5181,6
1748620800,8421.6,8438.3,8377.5,8393.8,8271,6
1748635200,8393.3,8453.3,8390.8,8437.8,5814,6
1748822400,8432.6,8439.4,8412.0,8425.4,2260,6
1748836800,8424.4,8433.4,8398.2,8413.0,4918,6
1748851200,8412.9,8438.7,8394.0,8409.0,5439,6
1748865600,8409.0,8448.4,8403.3,8424.0,5301,6
1748880000,8424.0,8462.9,8408.0,8461.9,8068,6
1748894400,8462.4,8493.9,8444.2,8492.9,4586,6
1748908800,8474.0,8486.8,8456.2,8476.7,2340,6
1748923200,8476.9,8489.4,8437.6,8464.4,5286,5
1748937600,8454.8,8485.4,8451.0,8465.8,5026,6
1748952000,8465.9,8493.4,8463.8,8465.3,4632,5
1748966400,8465.4,8501.5,8460.0,8501.5,6170,6
1748980800,8489.9,8505.5,8482.0,8502.0,3847,7
1748995200,8492.0,8539.9,8486.0,8515.6,2173,7
1749009600,8515.6,8557.9,8507.3,8523.1,4918,6
1749024000,8523.1,8564.1,8519.0,8543.9,4552,7
1749038400,8528.5,8550.9,8519.4,8537.9,4659,6
1749052800,8536.9,8565.4,8517.3,8555.9,6810,7
1749067200,8540.4,8567.4,8540.4,8556.9,3716,7
1749081600,8558.0,8573.8,8536.0,8553.3,2167,7
1749096000,8553.5,8567.8,8520.5,8543.3,5174,6
1749110400,8543.8,8560.8,8524.0,8546.5,3780,6
1749124800,8546.4,8583.8,8543.1,8558.8,4295,6
1749139200,8559.8,8563.8,8523.5,8542.3,8094,7
1749153600,8542.3,8561.3,8521.0,8541.3,6774,7
1749168000,8535.9,8562.7,8524.0,8548.7,2256,6
1749182400,8539.3,8561.7,8515.0,8523.6,5051,6
1749196800,8523.6,8543.7,8510.3,8533.5,4984,7
1749211200,8533.5,8562.7,8523.8,8550.7,4713,7
1749225600,8540.8,8571.2,8519.0,8530.2,7040,7
1749240000,8529.2,8550.7,8517.3,8534.7,3912,7
1749456000,8541.0,8568.3,8532.9,8552.8,2359,7
1749470400,8552.8,8576.3,8538.0,8542.9,3451,6
1749484800,8543.0,8572.3,8530.9,8567.8,5133,7
1749499200,8555.1,8579.8,8536.4,8549.8,3757,7
1749513600,8550.0,8573.2,8523.6,8561.0,2067,6
1749528000,8561.0,8601.2,8557.8,8590.2,4603,6
1749542400,8589.2,8603.2,8566.7,8598.2,5593,6
1749556800,8597.2,8619.2,8582.6,8617.2,4635,6
1749571200,8618.2,8637.7,8601.0,8626.2,5894,7
1749585600,8625.7,8632.7,8599.0,8626.7,4225,7
1749600000,8608.0,8649.3,8602.0,8612.3,2458,6
1749614400,8612.1,8632.3,8590.4,8593.4,4365,6
1749628800,8593.3,8617.3,8584.0,8596.5,4333,6
1749643200,8596.4,8645.3,8586.6,8618.4,4760,6
1749657600,8618.4,8640.8,8604.0,8622.3,6746,7
1749672000,8610.5,8632.3,8597.4,8615.8,6372,7
1749686400,8614.0,8628.0,8583.6,8598.1,2295,7
1749700800,8597.1,8626.1,8577.5,8600.1,5015,6
1749715200,8587.1,8602.1,8538.6,8570.7,5057,6
1749729600,8571.7,8591.7,8547.9,8591.7,4947,7
1749744000,8578.0,8613.2,8565.1,8584.7,6083,7
1749758400,8584.7,8608.2,8583.3,8607.7,3491,7
1749772800,8591.9,8612.7,8541.3,8562.7,3258,7
1749787200,8563.7,8564.7,8523.0,8540.7,6520,7
1749801600,8539.7,8575.6,8521.9,8546.6,5883,7
1749816000,8546.3,8578.6,8537.0,8555.2,5473,7
1749830400,8554.8,8578.1,8523.4,8559.1,7845,7
1749844800,8558.6,8559.6,8520.0,8541.1,6485,7
1750032000,8538.6,8589.4,8528.6,8579.4,2277,10
1750046400,8580.4,8585.4,8542.5,8557.4,2376,10
1750060800,8548.6,8576.6,8540.1,8552.3,2513,10
1750075200,8561.4,8584.4,8546.3,8576.4,1459,10
1750089600,8575.4,8608.9,8561.5,8587.9,3831,10
1750104000,8587.4,8588.9,8548.8,8567.9,1947,10
1750118400,8563.6,8571.4,8531.6,8569.4,2435,10
1750132800,8569.4,8578.4,8529.2,8534.3,2556,10
1750147200,8544.4,8556.4,8509.2,8534.5,2878,10
1750161600,8534.5,8568.4,8524.6,8553.4,1475,10
1750176000,8552.4,8557.9,8523.7,8533.9,4676,12
1750190400,8533.9,8538.4,8504.0,8514.9,3721,12
1750204800,8517.5,8553.3,8508.5,8530.6,1621,12
1750219200,8519.9,8562.6,8519.9,8539.6,1954,12
1750233600,8540.6,8557.0,8522.6,8546.6,2206,12
1750248000,8536.1,8552.6,8513.5,8529.6,1778,12
1750262400,8530.6,8550.1,8518.5,8532.6,4106,12
1750276800,8532.1,8545.1,8505.9,8521.1,6048,12
1750291200,8523.6,8552.8,8511.1,8530.4,1420,12
1750305600,8530.4,8547.4,8504.3,8540.4,2024,12
1750320000,8541.4,8543.4,8502.5,8520.4,2194,12
1750334400,8521.4,8543.4,8511.5,8524.4,1479,12
1750348800,8523.4,8530.4,8491.6,8500.9,2549,12
1750363200,8500.9,8516.9,8494.6,8508.6,366,12
1750377600,8526.8,8541.6,8488.7,8493.3,1778,12
1750392000,8493.3,8520.4,8464.2,8511.4,2243,12
1750406400,8510.4,8523.4,8492.4,8504.4,2159,12
1750420800,8495.4,8539.3,8492.4,8518.4,2306,12
1750435200,8518.4,8536.3,8482.9,8504.3,6245,12
1750449600,8504.8,8509.8,8475.9,8490.3,3405,12
1750636800,8466.9,8492.7,8437.1,8445.7,2087,12
1750651200,8444.7,8486.7,8421.0,8462.0,2118,12
1750665600,8470.7,8512.7,8462.0,8504.7,2334,12
1750680000,8493.7,8509.7,8472.3,8493.1,2241,12
1750694400,8493.1,8532.2,8482.3,8495.7,5999,11
1750708800,8496.2,8550.2,8494.2,8547.2,4061,11
1750723200,8566.8,8581.6,8541.2,8577.6,2011,7
1750737600,8576.6,8585.6,8547.5,8564.6,2124,7
1750752000,8565.6,8569.6,8536.6,8551.5,2908,12
1750766400,8551.5,8562.6,8529.4,8536.4,1842,12
1750780800,8545.6,8568.1,8527.2,8564.1,2379,12
1750795200,8564.6,8577.1,8555.4,8567.1,942,12
1750809600,8561.2,8585.0,8551.7,8562.0,1080,12
1750824000,8561.0,8573.0,8546.0,8558.5,1558,12
1750838400,8559.5,8574.0,8550.5,8558.5,2166,12
1750852800,8566.0,8566.0,8539.8,8553.0,1684,12
1750867200,8552.0,8553.0,8515.2,8527.5,2319,12
1750881600,8528.5,8537.5,8513.4,8530.5,1542,12
1750896000,8526.1,8565.9,8521.1,8562.9,1372,12
1750910400,8561.9,8568.9,8533.1,8560.9,1597,12
1750924800,8559.9,8579.9,8543.9,8574.9,1559,12
1750939200,8566.9,8597.9,8559.9,8567.9,1540,12
1750953600,8557.9,8606.4,8557.9,8601.4,2313,12
1750968000,8592.7,8619.9,8592.7,8614.9,1267,8
1750982400,8608.6,8614.4,8584.3,8590.4,1314,12
1750996800,8589.4,8590.4,8533.2,8535.3,2008,12
1751011200,8535.3,8551.4,8512.7,8529.4,1943,12
1751025600,8529.4,8540.4,8516.7,8536.4,1334,12
1751040000,8528.6,8564.9,8509.9,8552.9,2570,12
1751054400,8551.9,8552.9,8509.0,8540.4,3266,12
1751241600,8552.7,8557.7,8525.5,8538.5,1499,12
1751256000,8530.7,8583.5,8526.4,8569.5,2175,12
1751270400,8561.7,8575.5,8530.5,8546.5,2324,12
1751284800,8545.5,8554.5,8535.0,8539.5,1229,12
1751299200,8539.5,8550.5,8525.7,8546.0,2297,12
1751313600,8537.7,8560.0,8534.7,8554.0,1773,12
1751328000,8550.6,8586.4,8540.6,8554.1,1381,12
1751342400,8555.1,8571.4,8544.7,8546.9,2094,12
1751356800,8547.9,8563.8,8543.4,8559.4,1791,12
1751371200,8560.4,8565.4,8538.8,8540.8,1391,12
1751385600,8540.8,8584.4,8540.8,8572.4,3383,8
1751400000,8571.9,8584.9,8564.2,8576.9,2172,12
1751414400,8573.2,8595.0,8572.3,8587.0,1305,12
1751428800,8588.0,8617.0,8538.3,8615.0,1844,12
1751443200,8615.0,8622.0,8575.5,8587.0,2434,12
1751457600,8579.5,8595.0,8546.0,8548.0,2572,12
1751472000,8555.0,8597.5,8547.0,8584.5,2942,12
1751486400,8584.5,8606.5,8572.9,8603.5,1114,12
1751500800,8597.7,8621.5,8595.7,8617.5,462,12
1751544000,8593.7,8603.5,8576.9,8597.5,1662,12
1751558400,8592.7,8638.0,8591.6,8630.0,2697,12
1751572800,8630.0,8635.0,8622.0,8629.0,392,12
1751587200,8621.1,8626.3,8601.5,8618.9,1157,12
1751601600,8619.9,8622.9,8610.5,8619.9,39,12
1751616000,8605.9,8613.9,8582.4,8593.9,606,12
1751630400,8594.9,8602.9,8577.5,8585.4,1422,12
1751644800,8594.9,8620.9,8584.5,8603.4,3409,9
1751659200,8603.4,8604.9,8591.7,8599.9,403,12
1751846400,8620.7,8628.5,8595.5,8619.5,1411,12
1751860800,8620.5,8621.5,8573.8,8595.5,1869,12
1751875200,8594.5,8618.5,8583.4,8617.5,1888,12
1751889600,8616.5,8620.5,8598.2,8610.5,1460,12
1751904000,8609.5,8612.0,8570.8,8576.0,3982,12
1751918400,8576.5,8595.0,8549.0,8563.0,3644,12
1751932800,8545.8,8608.6,8545.8,8607.6,1492,12
1751947200,8606.6,8621.6,8561.3,8565.2,1993,12
1751961600,8564.2,8607.6,8561.2,8590.6,2057,12
1751976000,8586.4,8598.6,8577.3,8582.4,1685,12
1751990400,8583.4,8605.1,8576.4,8603.6,3521,7
1752004800,8605.6,8609.1,8578.7,8588.6,2148,9
1752019200,8589.6,8594.6,8530.4,8552.4,1276,7
1752033600,8551.4,8581.4,8544.7,8559.3,1717,12
1752048000,8565.4,8574.1,8535.7,8556.4,1840,12
1752062400,8553.4,8589.2,8552.4,8579.4,1441,12
1752076800,8579.4,8596.4,8569.4,8592.9,2959,8
1752091200,8593.9,8606.4,8586.9,8598.9,1407,9
1752105600,8594.5,8609.3,8577.7,8599.3,1156,12
1752120000,8600.3,8618.3,8578.9,8606.3,1797,12
1752134400,8601.7,8623.3,8585.0,8617.3,1929,12
1752148800,8618.3,8627.3,8604.5,8612.7,1435,12
1752163200,8613.3,8634.8,8598.6,8625.8,2508,12
1752177600,8619.6,8640.8,8618.7,8626.8,1024,12
1752192000,8626.3,8635.1,8580.0,8596.1,1778,12
1752206400,8595.1,8604.1,8566.2,8587.3,2114,9
1752220800,8587.3,8598.1,8546.9,8557.1,2344,12
1752235200,8558.1,8571.1,8535.9,8568.1,1942,10
1752249600,8562.8,8580.6,8553.0,8578.6,3089,12
1752264000,8579.6,8586.1,8567.9,8580.1,1882,12
1752451200,8556.8,8581.6,8551.8,8575.6,1538,12
1752465600,8570.0,8597.6,8569.1,8590.6,1657,12
1752480000,8589.6,8591.6,8564.8,8584.8,1805,12
1752494400,8585.8,8600.6,8583.1,8588.6,1465,10
1752508800,8587.6,8626.6,8579.1,8625.1,2965,12
1752523200,8620.9,8635.1,8619.0,8632.6,1037,7
1752537600,8618.5,8642.3,8597.8,8607.3,1181,12
1752552000,8607.3,8630.3,8591.7,8623.3,2208,12
1752566400,8622.3,8643.3,8614.6,8633.3,2147,12
1752580800,8632.3,8647.3,8620.0,8641.3,1673,12
1752595200,8642.3,8648.3,8574.5,8580.3,5106,12
1752609600,8579.8,8596.8,8572.6,8580.3,1981,12
1752624000,8571.5,8583.5,8541.8,8562.3,1416,12
1752638400,8562.3,8585.3,8548.7,8550.9,2029,12
1752652800,8550.9,8580.3,8545.5,8576.3,2058,12
1752667200,8577.3,8599.3,8571.3,8591.3,1197,20
1752681600,8590.3,8600.8,8544.8,8599.8,7556,20
1752696000,8599.8,8621.8,8595.8,8619.8,1833,20
1752710400,8606.5,8618.7,8595.7,8612.3,1158,20
1752724800,8611.3,8635.3,8609.3,8625.3,1449,10
1752739200,8624.3,8654.8,8621.5,8643.3,1758,20
1752753600,8644.3,8648.3,8625.7,8637.3,1167,20
1752768000,8636.3,8676.8,8635.3,8671.8,2849,20
1752782400,8671.8,8694.8,8669.8,8687.8,1093,10
1752796800,8678.5,8718.3,8673.5,8716.3,1064,20
1752811200,8717.3,8782.3,8691.7,8778.3,2153,10
1752825600,8779.3,8782.3,8749.7,8756.3,1468,20
1752840000,8755.3,8756.3,8726.9,8740.3,1099,16
1752854400,8741.3,8748.3,8708.3,8712.8,3418,20
1752868800,8713.8,8722.8,8710.8,8719.8,1581,20
1753056000,8720.0,8734.8,8673.8,8674.8,1056,20
1753070400,8673.8,8678.8,8650.8,8657.8,1587,20
1753084800,8655.8,8709.8,8648.8,8704.8,1419,20
1753099200,8705.8,8705.8,8691.8,8693.8,824,20
1753113600,8694.8,8725.3,8689.8,8714.3,2192,20
1753128000,8715.3,8720.3,8687.3,8691.3,1546,20
1753142400,8692.9,8718.7,8677.7,8689.7,1013,20
1753156800,8690.7,8691.7,8654.7,8665.7,1247,20
1753171200,8664.7,8689.7,8663.7,8685.7,1410,20
1753185600,8685.7,8688.7,8670.7,8685.7,1056,20
1753200000,8686.7,8709.2,8678.2,8704.7,3768,20
1753214400,8704.2,8720.2,8701.2,8714.2,1129,20
1753228800,8709.7,8763.7,8698.1,8722.5,1972,16
1753243200,8721.5,8754.5,8706.1,8751.5,1422,20
1753257600,8750.5,8751.5,8724.5,8738.5,1762,20
1753272000,8738.5,8742.5,8726.5,8730.5,958,20
1753286400,8729.5,8745.0,8713.0,8728.0,3789,20
1753300800,8727.5,8744.0,8721.0,8738.5,1643,20
1753315200,8747.4,8767.2,8726.2,8730.2,1210,9
1753329600,8731.2,8741.2,8696.2,8708.2,1293,20
1753344000,8708.2,8714.2,8693.4,8712.2,1490,20
1753358400,8712.2,8713.2,8683.2,8685.2,953,20
1753372800,8684.2,8708.7,8676.2,8679.2,2914,20
1753387200,8680.2,8690.2,8662.2,8665.2,1372,20
1753401600,8672.0,8685.8,8658.8,8667.8,975,15
1753416000,8667.8,8685.8,8658.8,8670.8,1146,15
1753430400,8670.8,8673.8,8623.8,8635.8,1608,20
1753444800,8634.8,8648.8,8633.8,8645.8,763,20
1753459200,8644.8,8673.3,8640.8,8672.3,2540,10
1753473600,8672.3,8683.3,8669.8,8680.3,825,10
1753660800,8686.9,8710.7,8683.7,8708.7,1202,20
1753675200,8707.2,8707.7,8682.7,8702.7,1262,20
1753689600,8701.7,8709.7,8691.2,8695.7,1301,20
1753704000,8695.6,8702.7,8667.2,8676.7,849,20
1753718400,8677.7,8677.7,8631.2,8641.2,2543,15
1753732800,8640.7,8651.7,8632.7,8649.2,1407,20
1753747200,8649.2,8680.0,8643.2,8677.0,849,20
1753761600,8676.0,8696.0,8671.0,8693.0,1055,20
1753776000,8692.0,8713.2,8690.0,8708.0,1222,20
1753790400,8707.0,8734.0,8703.0,8729.0,812,8
1753804800,8728.0,8728.5,8688.5,8701.5,2933,20
1753819200,8701.0,8708.5,8691.5,8703.5,1544,20
1753833600,8699.6,8724.4,8686.4,8721.4,1035,20
1753848000,8720.4,8778.4,8709.7,8768.4,1600,19
1753862400,8769.4,8771.4,8737.4,8749.4,1580,20
1753876800,8750.4,8757.4,8743.4,8755.4,908,20
1753891200,8755.4,8756.4,8737.9,8754.9,2041,20
1753905600,8754.4,8763.9,8702.4,8730.4,4555,20
1753920000,8742.4,8751.4,8702.2,8723.2,1249,20
1753934400,8724.2,8756.2,8717.2,8750.2,1109,20
1753948800,8749.2,8755.2,8733.6,8749.2,1644,20
1753963200,8749.2,8749.2,8724.2,8726.2,1091,20
1753977600,8725.2,8742.7,8699.7,8724.7,4521,20
1753992000,8723.7,8724.7,8675.2,8689.7,4457,20
1754006400,8676.4,8694.6,8646.2,8658.2,2238,15
1754020800,8657.2,8687.2,8657.2,8670.2,1388,20
1754035200,8669.2,8673.2,8614.2,8625.2,2533,15
1754049600,8624.2,8636.2,8604.2,8621.2,2380,13
1754064000,8622.2,8653.2,8587.2,8627.2,10066,8
1754078400,8626.7,8645.7,8614.2,8633.7,5388,0
1754265600,8632.2,8668.0,8623.4,8657.0,1640,20
1754280000,8657.0,8662.0,8633.0,8653.0,1264,20
1754294400,8652.0,8693.0,8649.0,8692.0,1866,20
1754308800,8693.0,8700.0,8684.0,8695.0,1055,20
1754323200,8695.0,8746.5,8691.0,8738.5,3301,8
1754337600,8739.5,8748.5,8736.5,8747.5,1427,20
1754352000,8738.6,8758.4,8730.4,8755.4,1275,20
1754366400,8756.4,8769.4,8744.4,8767.4,1530,10
1754380800,8767.4,8782.4,8765.4,8776.4,1429,20
1754395200,8775.4,8802.4,8774.4,8793.4,1223,7
1754409600,8792.4,8800.4,8780.4,8793.9,4661,12
1754424000,8793.4,8803.4,8789.9,8792.9,2421,20
1754438400,8786.5,8831.3,8778.3,8822.3,1331,20
1754452800,8823.3,8835.3,8809.7,8831.3,1423,20
1754467200,8831.3,8861.3,8823.3,8823.3,1846,20
1754481600,8822.3,8825.3,8803.3,8811.3,1204,20
1754496000,8812.3,8838.3,8802.8,8827.8,4724,20
1754510400,8828.3,8835.3,8820.8,8827.3,1801,20
1754524800,8839.4,8852.2,8826.4,8830.2,1236,16
1754539200,8831.2,8844.2,8817.2,8837.2,1392,20
1754553600,8836.2,8855.2,8821.4,8848.2,1702,20
1754568000,8849.2,8867.2,8840.2,8849.2,1405,15
1754582400,8850.2,8855.2,8799.7,8808.2,5672,20
1754596800,8808.7,8812.2,8781.7,8806.7,3903,20
1754611200,8811.1,8832.9,8793.9,8827.9,1254,20
1754625600,8826.9,8830.9,8804.9,8823.9,1322,20
1754640000,8822.9,8826.9,8797.1,8808.9,1459,20
1754654400,8807.9,8821.9,8802.2,8811.9,927,20
1754668800,8812.9,8823.4,8798.4,8816.4,3306,20
1754683200,8815.9,8823.9,8807.4,8813.9,1225,20
1754870400,8815.6,8857.4,8809.6,8831.4,1001,9
1754884800,8830.4,8844.4,8821.4,8840.4,1062,20
1754899200,8839.4,8857.4,8834.4,8835.4,1259,16
1754913600,8834.4,8840.4,8826.4,8831.4,574,20
1754928000,8830.4,8850.9,8828.9,8838.9,2314,9
1754942400,8837.9,8839.9,8826.9,8837.4,1466,20
1754956800,8830.4,8874.2,8825.4,8860.2,1006,11
1754971200,8859.2,8888.2,8847.2,8882.2,1171,11
1754985600,8882.2,8903.2,8863.2,8880.2,1596,16
1755000000,8881.2,8908.2,8862.2,8904.2,1193,15
1755014400,8905.2,8905.2,8871.7,8902.2,3745,10
1755028800,8901.7,8914.7,8899.7,8912.7,723,20
1755043200,8907.3,8917.3,8852.1,8853.1,1436,20
1755057600,8854.1,8854.1,8819.1,8846.1,1876,20
1755072000,8845.1,8873.1,8831.1,8872.1,1305,20
1755086400,8872.1,8873.1,8857.2,8870.1,582,7
1755100800,8869.1,8885.6,8867.1,8870.1,2012,20
1755115200,8869.6,8888.1,8864.6,8886.1,1040,20
1755129600,8870.0,8895.8,8865.8,8888.8,1425,20
1755144000,8886.8,8903.8,8873.8,8881.8,1466,20
1755158400,8879.8,8901.8,8868.7,8884.8,1209,20
1755172800,8885.8,8911.8,8880.8,8885.8,1125,11
1755187200,8884.8,8887.3,8861.3,8868.3,3488,11
1755201600,8869.3,8887.3,8865.8,8881.8,1223,20
1755216000,8883.4,8905.2,8867.2,8902.2,1078,20
1755230400,8901.2,8928.2,8883.2,8927.2,1281,20
1755244800,8926.2,8950.4,8907.0,8907.0,1364,11
1755259200,8908.0,8915.0,8899.0,8912.0,795,20
1755273600,8911.0,8918.5,8888.5,8898.5,2614,8
1755288000,8897.5,8910.0,8896.0,8904.0,1101,8
1755475200,8908.2,8951.0,8902.3,8948.0,988,11
1755489600,8947.0,8965.0,8930.0,8951.0,1106,13
1755504000,8950.0,8965.0,8936.0,8949.0,1707,20
1755518400,8950.0,8952.0,8919.0,8928.0,929,13
1755532800,8927.0,8937.5,8912.5,8926.5,2251,8
1755547200,8927.5,8934.5,8914.5,8929.5,1035,20
1755561600,8935.1,8938.1,8895.9,8906.9,1846,12
1755576000,8905.9,8917.9,8891.9,8893.9,1832,20
1755590400,8894.9,8924.9,8890.6,8923.9,1452,20
1755604800,8922.2,8936.9,8922.2,8933.9,742,20
1755619200,8932.9,8948.4,8924.4,8928.4,3136,9
1755633600,8927.9,8934.9,8921.9,8932.9,1677,20
1755648000,8904.2,8916.2,8879.8,8904.8,1789,20
1755662400,8905.8,8954.8,8902.8,8921.8,2367,20
1755676800,8922.8,8935.5,8905.8,8921.8,1705,20
1755691200,8922.8,8948.8,8921.8,8928.8,786,20
1755705600,8929.8,8941.3,8909.3,8933.3,5172,10
1755720000,8932.8,8947.3,8921.8,8943.3,2919,20
1755734400,8934.2,8975.0,8920.2,8970.0,1633,20
1755748800,8971.0,9017.0,8969.0,9000.0,1790,13
1755763200,9001.0,9027.0,8996.0,9005.0,1834,10
1755777600,9006.0,9014.0,8977.0,8980.0,1255,13
1755792000,8979.0,9013.5,8979.0,9001.5,5192,20
1755806400,9002.0,9015.5,8994.0,9010.5,2458,20
1755820800,9010.1,9029.9,8985.9,8992.9,1339,20
1755835200,8993.9,9014.9,8985.9,8986.9,1454,20
1755849600,8987.9,8989.9,8951.1,8985.9,1810,12
1755864000,8984.9,8995.9,8974.2,8976.9,846,20
1755878400,8976.9,9054.4,8976.9,9039.4,6563,7
1755892800,9040.4,9054.4,9039.9,9050.4,1614,9
1756080000,9044.7,9058.5,9029.5,9037.5,1534,20
1756094400,9037.5,9038.5,8970.5,8974.5,2132,20
1756108800,8973.5,8996.5,8969.5,8992.5,1816,20
1756123200,8992.5,8992.5,8974.9,8977.5,695,8
1756137600,8978.5,8984.5,8954.0,8970.0,2338,8
1756152000,8969.0,8972.0,8956.5,8957.5,1071,20
1756166400,8967.5,8989.3,8933.3,8944.3,1904,16
1756180800,8945.3,8958.3,8922.3,8927.3,1777,20
1756195200,8927.3,8948.3,8905.3,8928.3,2167,20
1756209600,8927.3,8944.3,8922.7,8944.3,937,20
1756224000,8945.3,8965.8,8937.7,8962.8,2633,20
1756238400,8962.3,8987.8,8957.8,8983.3,1061,20
1756252800,8972.4,8980.2,8949.2,8959.2,1140,20
1756267200,8960.2,8971.2,8937.5,8950.2,1174,20
1756281600,8951.2,8976.2,8950.2,8964.2,1811,20
1756296000,8964.2,8973.2,8953.2,8955.2,705,20
1756310400,8956.2,8978.7,8948.2,8963.7,2235,20
1756324800,8963.2,8987.2,8959.7,8978.7,978,20
1756339200,8957.1,8980.9,8950.9,8964.9,1393,20
1756353600,8963.9,8980.9,8952.9,8979.9,1330,20
1756368000,8978.9,8999.6,8970.2,8973.9,1668,7
1756382400,8974.9,8980.4,8957.4,8973.4,923,20
1756396800,8973.4,8979.4,8950.9,8957.9,2654,20
1756411200,8958.4,8965.9,8953.4,8959.9,1042,20
1756425600,8955.2,8975.0,8949.2,8953.0,1072,20
1756440000,8954.0,8995.0,8954.0,8968.0,1348,20
1756454400,8967.0,8980.0,8937.0,8937.0,1706,20
1756468800,8938.0,8956.0,8936.0,8951.0,986,20
1756483200,8952.0,8962.5,8927.0,8958.5,3905,8
1756497600,8958.0,8961.0,8946.0,8951.0,1635,20
1756684800,8943.7,8968.5,8943.5,8954.5,1129,20
1756699200,8953.5,8953.5,8906.1,8930.5,1617,20
1756713600,8931.5,8942.5,8919.7,8938.9,1577,20
1756728000,8937.9,8937.9,8914.2,8921.9,806,20
1756742400,8920.9,8927.4,8912.4,8923.4,917,20
1756756800,8923.4,8923.4,8920.4,8921.4,176,20
1756771200,8901.8,8916.4,8888.4,8906.4,1108,20
1756785600,8905.4,8928.4,8897.4,8904.4,1649,20
1756800000,8905.4,8908.4,8856.4,8870.4,2440,7
1756814400,8869.4,8876.4,8804.7,8817.7,1681,10
1756828800,8816.7,8856.2,8810.2,8831.2,5588,20
1756843200,8830.2,8866.7,8827.2,8863.2,2052,11
1756857600,8853.4,8867.2,8838.4,8848.2,1260,20
1756872000,8849.2,8849.2,8750.2,8753.2,1940,15
1756886400,8753.2,8776.2,8723.2,8773.2,2209,13
1756900800,8774.2,8785.2,8756.2,8759.2,917,20
1756915200,8760.2,8793.7,8758.2,8773.2,3637,10
1756929600,8773.7,8780.7,8756.2,8777.7,2052,10
1756944000,8750.7,8814.5,8745.7,8804.5,1179,20
1756958400,8803.5,8823.5,8786.9,8819.5,1673,20
1756972800,8819.5,8834.5,8810.7,8821.5,2278,20
1756987200,8822.5,8842.5,8818.9,8828.5,1159,8
1757001600,8827.5,8857.0,8819.5,8853.0,3259,20
1757016000,8853.5,8877.0,8853.0,8874.0,919,20
1757030400,8867.1,8882.9,8856.9,8871.9,1280,20
1757044800,8870.2,8872.9,8850.2,8861.9,1402,20
1757059200,8862.9,8879.9,8845.9,8853.9,1586,20
1757073600,8853.9,8871.9,8843.3,8871.9,1451,20
1757088000,8870.9,8875.4,8808.4,8839.4,7846,20
1757102400,8838.9,8849.4,8823.9,8847.9,3246,20
1757289600,8843.6,8875.1,8833.9,8836.9,1947,20
1757304000,8837.9,8853.9,8823.9,8842.9,1680,20
1757318400,8841.9,8865.3,8835.9,8847.9,1439,20
1757332800,8846.2,8853.9,8840.9,8842.9,773,20
1757347200,8843.9,8848.9,8814.4,8820.9,3234,16
1757361600,8820.4,8834.4,8811.4,8833.4,1515,20
1757376000,8830.3,8838.3,8795.1,8807.1,1428,20
1757390400,8807.1,8811.1,8781.7,8790.1,1979,20
1757404800,8789.1,8818.7,8778.1,8798.1,1848,14
1757419200,8797.1,8810.7,8795.1,8809.7,965,12
1757433600,8807.1,8813.7,8792.1,8801.6,4244,12
1757448000,8803.8,8820.8,8800.6,8803.6,1267,7
1757462400,8803.5,8816.3,8786.3,8809.3,1423,12
1757476800,8809.3,8831.3,8800.7,8830.3,1808,10
1757491200,8829.2,8837.3,8814.7,8816.3,1782,12
1757505600,8815.3,8846.3,8810.3,8834.3,1461,2
1757520000,8832.7,8838.4,8800.8,8809.3,3528,12
1757534400,8808.8,8815.6,8800.8,8811.8,2096,12
1757548800,8808.6,8819.6,8791.4,8813.4,1290,12
1757563200,8812.4,8816.5,8778.4,8794.4,1655,12
1757577600,8795.2,8809.6,8788.4,8794.4,1979,12
1757592000,8795.4,8824.8,8794.4,8819.4,1638,12
1757606400,8819.4,8855.9,8807.4,8853.9,2782,12
1757620800,8854.9,8858.9,8847.9,8852.9,1129,12
1757635200,8843.6,8886.4,8834.4,8882.4,1170,12
1757649600,8881.4,8881.4,8857.4,8869.4,1588,12
1757664000,8869.4,8877.4,8829.4,8840.2,2131,12
1757678400,8840.2,8843.3,8828.4,8841.3,1382,12
1757692800,8839.4,8849.3,8813.9,8817.9,2442,12
1757707200,8819.4,8830.9,8810.9,8813.9,942,12
1757894400,8807.8,8822.6,8788.6,8818.6,1422,12
1757908800,8819.6,8852.6,8818.6,8849.0,1890,12
1757923200,8850.6,8865.3,8836.6,8858.6,1849,12
1757937600,8859.4,8875.4,8855.6,8872.6,1222,12
1757952000,8873.6,8880.5,8859.1,8877.6,2378,12
1757966400,8877.1,8889.5,8867.6,8888.1,1594,12
1757980800,8882.1,8890.6,8864.6,8884.6,945,12
1757995200,8883.4,8890.6,8864.3,8876.4,1601,12
1758009600,8876.4,8883.2,8859.3,8874.0,1761,12
1758024000,8874.0,8883.2,8850.4,8859.2,1076,12
1758038400,8858.2,8859.2,8815.8,8833.2,4009,12
1758052800,8833.2,8840.7,8823.9,8836.2,1393,12
1758067200,8838.9,8858.2,8833.9,8839.2,906,12
1758081600,8838.2,8846.2,8803.2,8813.0,1847,12
1758096000,8811.2,8819.0,8802.2,8809.2,1892,12
1758110400,8811.2,8817.2,8796.2,8809.2,1214,12
1758124800,8808.2,8816.3,8787.2,8788.2,1793,12
1758139200,8789.7,8819.7,8749.3,8792.2,3487,7
1758153600,8795.9,8818.9,8730.7,8766.7,1816,12
1758168000,8768.8,8788.7,8754.7,8765.7,2438,12
1758182400,8763.2,8791.9,8735.2,8790.7,2846,12
1758196800,8792.9,8799.9,8763.7,8765.7,1991,12
1758211200,8764.7,8811.0,8747.2,8808.7,5078,12
1758225600,8807.7,8818.0,8790.2,8796.7,2103,12
1758240000,8797.9,8825.7,8782.0,8790.7,1412,12
1758254400,8787.5,8821.7,8776.8,8800.6,2645,12
1758268800,8800.6,8810.7,8756.7,8791.7,2964,12
1758283200,8790.7,8811.7,8788.0,8811.7,1837,12
1758297600,8810.7,8824.7,8798.1,8818.2,3347,12
1758312000,8818.7,8828.2,8814.1,8817.7,999,12
1758499200,8809.5,8852.3,8804.0,8819.3,1520,12
1758513600,8818.3,8833.3,8789.6,8813.3,1951,12
1758528000,8809.9,8814.3,8787.7,8806.3,2002,12
1758542400,8805.3,8807.3,8788.7,8798.8,1524,12
1758556800,8799.3,8828.3,8787.0,8827.3,1700,12
1758571200,8826.7,8833.8,8823.8,8824.8,844,12
1758585600,8824.0,8856.8,8811.7,8818.8,1243,12
1758600000,8819.8,8882.8,8810.9,8852.8,2196,12
1758614400,8849.1,8864.8,8834.4,8855.8,2117,12
1758628800,8851.4,8855.8,8821.8,8847.8,1451,12
1758643200,8843.6,8858.8,8828.9,8832.8,3030,12
1758657600,8829.9,8834.3,8801.3,8808.3,3296,12
1758672000,8812.3,8820.5,8782.9,8783.8,1227,12
1758686400,8783.9,8788.1,8740.1,8754.1,2214,12
1758700800,8754.9,8779.0,8739.1,8751.1,2346,12
1758715200,8749.2,8755.8,8733.1,8748.1,1502,12
1758729600,8750.0,8763.9,8715.6,8729.6,3772,8
1758744000,8732.3,8743.2,8717.6,8723.6,2050,12
1758758400,8726.2,8768.4,8716.4,8763.1,1232,12
1758772800,8762.1,8794.1,8738.0,8765.0,1978,12
1758787200,8766.0,8774.4,8732.0,8752.0,2237,12
1758801600,8753.0,8763.9,8721.0,8733.2,2503,12
1758816000,8732.2,8774.0,8713.5,8750.0,5498,4
1758830400,8749.5,8777.1,8725.0,8768.5,3641,12
1758844800,8770.2,8773.4,8742.0,8755.0,1454,12
1758859200,8755.0,8796.0,8745.0,8771.0,2157,12
1758873600,8776.2,8797.5,8761.1,8776.0,2370,12
1758888000,8780.7,8812.6,8773.0,8803.0,1826,12
1758902400,8802.0,8815.6,8785.5,8804.5,5785,12
1758916800,8803.5,8810.9,8791.5,8798.5,1808,12
1759104000,8803.5,8874.3,8798.3,8870.3,1523,12
1759118400,8866.9,8876.3,8835.8,8862.3,2418,12
1759132800,8858.8,8866.3,8847.5,8863.3,2377,11
1759147200,8862.3,8871.3,8855.3,8859.3,1663,12
1759161600,8860.3,8875.3,8849.3,8859.8,3697,12
1759176000,8858.8,8873.8,8850.8,8871.8,1560,12
1759190400,8863.3,8891.1,8852.5,8887.1,1327,12
1759204800,8886.4,8886.4,8844.7,8847.1,2392,12
1759219200,8846.1,8859.1,8805.1,8811.1,2705,12
1759233600,8809.2,8821.0,8803.1,8814.1,1676,12
1759248000,8815.1,8833.9,8802.6,8819.6,4288,12
1759262400,8823.1,8836.1,8814.6,8830.6,2116,12
1759276800,8835.1,8863.9,8801.9,8849.6,1743,12
1759291200,8845.9,8846.9,8804.9,8830.9,2607,12
1759305600,8831.2,8856.7,8813.7,8844.9,2702,12
1759320000,8848.8,8881.7,8843.9,8869.9,2252,12
1759334400,8870.9,8899.6,8867.4,8881.4,3764,9
1759348800,8881.9,8906.7,8879.9,8892.4,1324,8
1759363200,8882.9,8927.1,8876.7,8914.7,1345,12
1759377600,8912.7,8963.3,8908.7,8955.7,2536,12
1759392000,8956.7,8963.1,8921.7,8942.7,2688,12
1759406400,8941.7,8961.8,8932.7,8943.9,1596,12
1759420800,8942.9,8946.9,8890.7,8914.2,4435,12
1759435200,8913.7,8939.2,8909.2,8929.2,1359,12
1759449600,8925.8,8983.6,8920.8,8972.6,1248,7
1759464000,8970.8,8991.6,8946.6,8986.6,2080,7
1759478400,8986.3,8994.9,8974.6,8987.1,1994,12
1759492800,8988.1,9000.6,8984.6,8989.3,1430,12
1759507200,8989.3,9044.1,8987.6,9028.1,2716,12
1759521600,9027.1,9027.1,8995.1,9010.6,3756,12
1759708800,9027.1,9029.1,8978.0,8989.0,1897,12
1759723200,8987.3,8991.0,8967.2,8972.9,1910,12
1759737600,8973.9,8988.0,8964.0,8983.0,2700,12
1759752000,8982.0,9012.0,8981.0,8999.0,1825,12
1759766400,8998.1,9005.0,8972.5,8990.5,3129,12
1759780800,8989.3,9000.5,8979.5,8981.4,1132,12
1759795200,8981.0,8981.2,8930.8,8939.8,2367,12
1759809600,8943.4,8969.6,8931.8,8960.2,2197,12
1759824000,8959.2,8962.8,8944.0,8961.8,2014,12
1759838400,8962.8,8978.3,8960.5,8974.8,1468,12
1759852800,8976.3,8991.8,8946.3,8951.8,5939,12
1759867200,8951.3,8962.3,8939.3,8952.2,2424,12
1759881600,8953.9,8963.6,8913.7,8923.7,1616,12
1759896000,8925.7,8959.2,8925.7,8934.7,2103,12
1759910400,8935.7,8978.5,8931.9,8971.7,2178,12
1759924800,8976.5,8990.5,8967.2,8983.7,1709,12
1759939200,8987.6,9006.3,8961.2,8992.2,2929,12
1759953600,8991.7,8996.4,8970.2,8977.1,1269,12
1759968000,8987.8,9002.0,8954.6,8987.6,1695,12
1759982400,8986.6,8986.6,8949.6,8965.5,2452,12
1759996800,8958.6,8983.5,8945.8,8972.6,2363,12
1760011200,8971.6,8973.7,8953.6,8957.6,1529,12
1760025600,8956.6,8964.8,8923.6,8925.1,4466,12
1760040000,8925.6,8939.2,8916.1,8926.3,2708,12
1760054400,8931.0,8967.2,8924.5,8959.8,1843,12
1760068800,8960.8,8977.1,8948.8,8955.6,2190,12
1760083200,8955.6,8963.8,8935.8,8955.8,2414,12
1760097600,8956.8,8965.9,8933.8,8960.0,2151,12
1760112000,8957.8,8982.8,8892.3,8893.3,16881,12
1760126400,8893.3,8914.3,8855.3,8864.2,8378,12
1760313600,8887.3,8930.1,8880.1,8903.1,3552,12
1760328000,8904.1,8915.1,8864.5,8878.1,3565,12
1760342400,8877.1,8907.1,8863.3,8883.1,3348,12
1760356800,8884.1,8892.5,8868.1,8876.4,3143,12
1760371200,8876.4,8904.4,8864.1,8901.6,6944,12
1760385600,8902.1,8910.4,8888.6,8901.5,2006,12
1760400000,8896.1,8906.1,8836.9,8868.9,3461,12
1760414400,8867.9,8900.9,8861.9,8886.9,4684,12
1760428800,8886.9,8905.1,8860.9,8895.9,5250,12
1760443200,8894.9,8909.3,8859.9,8878.9,3792,12
1760457600,8884.5,8989.1,8875.9,8972.4,8311,8
1760472000,8971.9,8996.1,8954.4,8966.3,4635,12
1760486400,8965.9,8992.7,8958.9,8970.1,2739,12
1760500800,8970.1,8983.7,8949.5,8977.3,2817,12
1760515200,8984.7,9000.7,8964.8,8970.7,3272,12
1760529600,8969.7,8984.7,8963.0,8969.7,2466,12
1760544000,8968.7,9011.2,8960.1,8979.7,7185,12
1760558400,8980.2,8996.1,8946.2,8996.1,5981,12
1760572800,8986.8,9078.6,8978.8,9071.6,2741,12
1760587200,9069.6,9114.6,9058.9,9067.6,3448,12
1760601600,9068.6,9099.6,9061.5,9089.6,3073,12
1760616000,9089.6,9112.6,9089.6,9109.6,2131,12
1760630400,9110.6,9114.6,9047.6,9072.1,10814,12
1760644800,9071.6,9083.1,9029.1,9044.0,8951,12
1760659200,9043.7,9047.5,9006.1,9011.5,2944,12
1760673600,9012.5,9021.5,8989.5,8992.5,3382,12
1760688000,8992.5,8993.5,8926.9,8946.6,5162,12
1760702400,8946.6,8985.5,8942.5,8977.5,5178,12
1760716800,8977.5,8997.0,8955.0,8970.5,10778,12
1760731200,8970.5,8998.7,8961.0,8978.9,3986,12
1760918400,8995.2,9002.2,8960.0,8985.0,2532,12
1760932800,8986.0,9033.5,8981.0,9021.0,2503,12
1760947200,9022.0,9035.0,9005.0,9016.2,2580,12
1760961600,9015.2,9039.2,9008.0,9038.2,1865,12
1760976000,9038.2,9071.1,9030.0,9064.2,3439,12
1760990400,9059.5,9075.2,9059.5,9068.4,1070,12
1761004800,9070.0,9108.9,9059.8,9108.8,1771,12
1761019200,9107.8,9116.3,9080.8,9087.8,2583,12
1761033600,9086.8,9096.9,9059.8,9073.5,3062,12
1761048000,9074.4,9079.5,9059.8,9063.8,1619,12
1761062400,9066.7,9067.7,9031.8,9041.3,4367,12
1761076800,9040.8,9052.9,9036.2,9036.2,2107,12
1761091200,9039.8,9044.7,8993.6,9016.6,2203,12
1761105600,9016.6,9031.6,8996.6,9026.6,2404,12
1761120000,9027.6,9034.9,9004.8,9014.6,2696,12
1761134400,9015.6,9029.0,9003.6,9011.6,1858,12
1761148800,9014.2,9027.1,8945.7,8982.6,7036,12
1761163200,8982.6,9004.5,8959.1,9002.0,5097,12
1761177600,8993.7,9013.1,8985.5,8999.5,2474,12
1761192000,9005.0,9042.4,8997.5,9030.5,2378,12
1761206400,9031.5,9036.4,9010.9,9020.5,2401,12
1761220800,9019.5,9033.6,9006.5,9029.5,2168,12
1761235200,9026.9,9048.6,9018.9,9036.5,4042,12
1761249600,9036.5,9054.8,9029.0,9034.9,619,12
1761264000,9039.6,9056.2,9021.4,9027.4,1706,12
1761278400,9026.4,9032.4,9009.4,9026.4,2317,12
1761292800,9027.4,9029.4,9005.4,9008.4,1694,12
1761307200,9008.4,9042.8,9005.4,9011.4,1721,12
1761321600,9012.5,9050.4,9010.4,9046.4,3841,12
1761336000,9046.9,9050.9,9037.9,9040.8,1194,12
1761523200,9071.0,9088.0,9057.8,9059.7,1935,12
1761537600,9059.7,9066.4,9041.4,9059.2,1773,12
1761552000,9058.2,9071.0,9026.9,9034.9,1594,12
1761566400,9033.9,9041.0,9022.0,9026.0,1514,12
1761580800,9026.5,9034.5,9012.0,9025.5,2012,12
1761595200,9026.3,9039.3,9022.5,9035.2,714,12
1761609600,9045.8,9061.8,9009.0,9023.8,2498,12
1761624000,9023.8,9030.8,9004.0,9015.0,2114,12
1761638400,9016.0,9026.8,9006.2,9013.1,1626,12
1761652800,9013.1,9037.8,9008.2,9026.8,1891,12
1761667200,9027.3,9041.3,9023.3,9035.8,2239,12
1761681600,9036.3,9039.3,9017.0,9021.0,860,12
1761696000,9001.8,9012.3,8932.7,8942.3,2555,12
1761710400,8942.1,8954.3,8918.9,8921.5,2353,12
1761724800,8922.5,8938.3,8908.1,8912.3,2139,12
1761739200,8911.3,8929.3,8905.7,8916.3,2027,12
1761753600,8915.8,8928.8,8908.3,8921.3,2332,11
1761768000,8920.9,8925.3,8863.3,8885.5,8254,11
1761782400,8891.2,8921.2,8875.1,8913.2,2511,11
1761796800,8912.2,8921.2,8877.2,8884.4,3775,12
1761811200,8883.4,8897.9,8872.2,8882.2,2680,12
1761825600,8885.1,8919.1,8873.2,8909.7,3437,11
1761840000,8910.7,8931.1,8898.7,8927.7,5651,11
1761854400,8927.2,8929.1,8891.6,8917.4,2871,12
1761868800,8921.0,8943.1,8913.0,8922.0,2256,12
1761883200,8923.0,8924.1,8875.2,8877.2,2336,12
1761897600,8876.2,8900.0,8875.2,8885.0,1762,12
1761912000,8886.0,8909.3,8864.5,8868.0,2561,12
1761926400,8868.5,8874.6,8842.5,8855.5,4955,12
1761940800,8861.8,8889.7,8855.5,8867.2,1569,12
1762128000,8848.6,8876.6,8829.4,8862.6,2300,12
1762142400,8861.6,8896.6,8860.2,8888.8,2398,12
1762156800,8889.8,8894.6,8877.8,8884.6,1544,12
1762171200,8884.6,8894.6,8869.0,8875.1,1352,12
1762185600,8875.1,8888.6,8855.2,8883.1,3951,12
1762200000,8883.1,8889.1,8874.3,8884.0,1580,12
1762214400,8873.0,8879.0,8824.0,8829.0,1873,12
1762228800,8828.0,8858.0,8779.5,8784.5,2985,12
1762243200,8785.5,8809.3,8766.3,8770.3,2926,12
1762257600,8769.9,8805.8,8762.3,8798.7,2213,12
1762272000,8801.3,8845.7,8796.8,8823.8,4364,12
1762286400,8822.8,8833.0,8808.3,8821.7,3140,12
1762300800,8792.2,8808.2,8734.2,8761.2,3574,12
1762315200,8760.2,8808.2,8759.9,8789.4,4142,12
1762329600,8788.4,8828.2,8779.4,8817.4,2334,12
1762344000,8818.4,8847.2,8808.5,8844.2,1946,12
1762358400,8840.5,8879.2,8833.5,8872.7,5120,12
1762372800,8872.2,8875.7,8858.6,8862.6,1298,12
1762387200,8850.5,8859.5,8811.7,8817.0,2588,12
1762401600,8813.5,8832.5,8802.1,8820.7,2549,12
1762416000,8819.7,8835.5,8816.7,8831.1,1910,12
1762430400,8832.5,8852.5,8830.1,8848.5,1464,12
1762444800,8847.5,8856.0,8806.5,8818.0,7836,12
1762459200,8817.5,8834.0,8804.5,8816.9,4096,11
1762473600,8826.3,8835.3,8804.7,8807.3,2879,12
1762488000,8806.3,8808.3,8752.5,8763.5,3236,12
1762502400,8764.5,8781.3,8754.9,8761.3,2202,12
1762516800,8760.3,8766.3,8726.9,8735.3,2828,12
1762531200,8736.3,8748.8,8711.9,8734.8,8300,11
1762545600,8735.3,8785.3,8733.9,8778.7,4898,12
1762732800,8799.9,8831.0,8780.9,8828.7,2710,12
1762747200,8826.9,8842.8,8816.9,8830.1,2496,12
1762761600,8829.1,8842.9,8814.2,8834.9,2162,12
1762776000,8835.9,8866.1,8833.9,8861.9,1768,12
1762790400,8860.9,8876.2,8843.4,8870.4,4748,12
1762804800,8874.2,8890.2,8867.8,8880.3,1226,12
1762819200,8832.2,8869.2,8827.4,8835.2,2658,12
1762833600,8834.2,8837.2,8812.5,8814.4,2762,12
1762848000,8815.4,8833.2,8812.4,8820.2,2129,12
1762862400,8819.2,8824.2,8808.9,8820.8,1655,12
1762876800,8819.8,8847.2,8819.2,8844.7,5215,12
1762891200,8843.9,8852.9,8841.7,8842.6,2092,12
1762905600,8837.2,8846.2,8824.2,8841.2,2291,12
1762920000,8841.2,8846.2,8792.2,8803.4,2164,12
1762934400,8802.4,8814.2,8792.4,8800.2,1751,12
1762948800,8796.4,8809.2,8786.5,8803.2,1517,12
1762963200,8804.2,8833.2,8799.5,8829.7,5063,12
1762977600,8830.7,8830.7,8810.8,8817.6,2398,12
1762992000,8790.1,8790.1,8696.5,8699.1,3496,12
1763006400,8698.1,8756.0,8695.1,8745.3,2929,12
1763020800,8744.3,8759.1,8729.2,8733.3,2242,12
1763035200,8732.1,8737.3,8696.1,8700.5,2139,12
1763049600,8699.6,8699.6,8637.6,8638.6,7863,12
1763064000,8639.1,8643.9,8603.6,8608.5,5817,12
1763078400,8613.1,8636.3,8609.7,8633.1,2901,12
1763092800,8634.1,8643.8,8612.3,8620.3,2997,12
1763107200,8619.3,8624.9,8589.1,8595.1,3275,12
1763121600,8589.2,8604.0,8563.1,8578.1,3400,12
1763136000,8577.1,8622.2,8567.6,8609.1,8843,12
1763150400,8608.6,8620.3,8591.6,8597.5,4812,12
1763337600,8617.1,8630.1,8603.9,8604.0,2888,12
1763352000,8604.9,8644.1,8600.5,8630.3,2654,12
1763366400,8629.3,8656.1,8621.5,8649.1,2172,12
1763380800,8648.1,8651.1,8614.7,8625.7,2840,12
1763395200,8627.1,8639.6,8593.9,8605.6,7279,12
1763409600,8606.1,8607.1,8543.7,8580.5,5160,9
1763424000,8584.0,8584.0,8508.8,8508.8,3262,12
1763438400,8508.8,8519.0,8445.5,8480.2,4924,12
1763452800,8481.2,8514.0,8458.0,8501.0,3982,12
1763467200,8495.5,8503.0,8461.7,8474.7,3478,12
1763481600,8479.0,8495.5,8444.0,8487.0,13313,12
1763496000,8487.5,8495.0,8467.4,8467.4,6225,12
1763510400,8482.8,8494.8,8460.8,8462.8,3520,12
1763524800,8463.8,8481.8,8427.0,8441.0,3838,12
1763539200,8441.0,8479.5,8435.0,8474.8,3116,12
1763553600,8480.5,8502.5,8470.8,8491.8,2475,12
1763568000,8496.5,8514.5,8459.3,8476.3,8008,12
1763582400,8476.8,8495.8,8459.3,8482.2,6159,12
1763596800,8526.6,8546.6,8518.6,8545.6,2757,12
1763611200,8545.6,8567.6,8533.5,8548.8,3147,12
1763625600,8549.8,8553.7,8514.6,8521.6,2733,12
1763640000,8520.6,8535.8,8505.0,8532.9,3145,12
1763654400,8533.9,8550.1,8419.6,8429.1,13636,12
1763668800,8428.6,8464.6,8401.1,8407.0,10603,12
1763683200,8415.9,8449.0,8403.9,8425.9,3539,12
1763697600,8434.2,8434.2,8398.1,8408.1,3580,12
1763712000,8409.1,8452.2,8401.3,8430.9,4091,12
1763726400,8431.3,8467.3,8408.9,8458.2,5843,12
1763740800,8458.9,8510.3,8442.9,8495.4,14435,12
1763755200,8495.4,8519.9,8473.4,8495.3,6621,12
1763942400,8510.4,8519.4,8483.4,8499.4,2313,12
1763956800,8498.4,8529.4,8496.4,8516.6,2723,12
1763971200,8517.6,8522.4,8491.6,8508.4,2609,12
1763985600,8507.4,8515.4,8485.7,8498.4,2891,12
1764000000,8496.7,8550.9,8496.4,8548.9,6193,12
1764014400,8547.8,8564.4,8540.9,8556.8,1676,12
1764028800,8535.9,8547.9,8504.9,8509.9,1995,12
1764043200,8508.9,8538.5,8502.2,8531.1,2263,12
1764057600,8530.1,8542.6,8516.9,8530.7,2101,12
1764072000,8531.7,8566.9,8521.9,8546.9,3037,12
1764086400,8547.9,8613.7,8541.9,8604.4,6887,9
1764100800,8606.7,8631.8,8602.4,8626.3,1883,12
1764115200,8633.3,8643.3,8588.9,8603.3,2181,12
1764129600,8603.3,8619.3,8589.7,8599.5,2308,12
1764144000,8598.5,8610.3,8577.7,8588.3,1973,12
1764158400,8586.8,8602.3,8570.9,8594.3,2462,7
1764172800,8594.0,8646.3,8591.0,8638.8,3849,12
1764187200,8638.0,8641.3,8627.1,8627.7,1670,12
1764201600,8627.8,8649.8,8619.8,8623.1,1632,12
1764216000,8623.1,8624.1,8599.8,8607.0,1827,12
1764230400,8606.0,8614.1,8587.8,8587.8,1528,12
1764244800,8589.3,8601.3,8585.8,8590.8,1383,12
1764259200,8591.8,8595.4,8578.3,8579.3,881,12
1764273600,8579.3,8587.6,8578.3,8585.2,234,12
1764288000,8600.7,8632.3,8599.7,8624.2,1509,12
1764302400,8622.7,8628.1,8601.9,8602.9,1722,12
1764316800,8601.9,8623.9,8589.7,8601.7,925,12
1764331200,8601.7,8610.0,8591.2,8595.7,815,12
1764345600,8595.7,8626.1,8595.7,8612.7,1610,12
1764360000,8612.7,8622.3,8611.2,8613.1,428,12
1764547200,8618.7,8621.7,8581.7,8590.1,2506,12
1764561600,8590.1,8593.9,8560.0,8569.9,2089,12
1764576000,8569.9,8590.7,8567.9,8574.7,2277,12
1764590400,8575.7,8593.7,8561.3,8573.7,2309,12
1764604800,8573.3,8608.2,8563.2,8602.7,4403,12
1764619200,8602.7,8617.2,8568.2,8574.1,1871,10
1764633600,8594.5,8600.6,8566.5,8588.2,1691,12
1764648000,8587.5,8591.9,8569.5,8574.7,1847,12
1764662400,8573.7,8591.8,8568.7,8589.5,1592,12
1764676800,8590.9,8604.9,8582.9,8594.9,1426,12
1764691200,8594.9,8595.9,8568.0,8575.5,4910,8
1764705600,8574.5,8600.1,8574.5,8586.9,1867,12
1764720000,8588.2,8624.2,8571.9,8590.2,2077,12
1764734400,8589.2,8595.9,8577.4,8578.4,1941,12
1764748800,8577.4,8601.0,8575.4,8591.2,1504,10
1764763200,8594.0,8609.1,8582.2,8602.2,1503,12
1764777600,8604.1,8605.2,8583.2,8596.7,4821,11
1764792000,8597.2,8612.3,8593.7,8608.6,970,12
1764806400,8608.7,8614.4,8562.2,8597.2,2009,12
1764820800,8598.2,8618.2,8584.2,8598.4,2018,12
1764835200,8599.4,8612.2,8583.2,8606.2,1545,12
1764849600,8607.2,8618.2,8595.2,8609.3,1410,12
1764864000,8610.3,8636.3,8605.2,8628.4,4054,12
1764878400,8627.4,8633.4,8601.2,8621.6,1866,12
1764892800,8606.9,8632.0,8593.0,8626.0,1683,12
1764907200,8625.0,8636.0,8602.4,8622.2,1658,12
1764921600,8621.2,8632.0,8620.0,8631.0,1325,12
1764936000,8630.0,8639.0,8612.8,8613.8,1341,12
1764950400,8614.0,8641.5,8597.1,8609.5,3782,9
1764964800,8610.0,8615.5,8600.0,8604.4,1506,12
1765152000,8613.5,8629.5,8594.5,8604.5,1718,12
1765166400,8605.5,8628.5,8598.9,8614.7,1689,12
1765180800,8615.7,8638.3,8609.7,8631.3,1550,12
1765195200,8630.3,8634.5,8621.5,8629.5,1221,12
1765209600,8630.5,8636.5,8599.0,8609.0,3060,12
1765224000,8608.5,8609.5,8590.0,8600.9,1327,12
1765238400,8598.3,8618.6,8581.3,8604.3,1554,12
1765252800,8603.3,8627.3,8573.3,8575.5,2538,12
1765267200,8575.5,8593.3,8568.7,8579.3,1524,12
1765281600,8579.3,8595.4,8570.9,8589.4,1733,12
1765296000,8589.4,8624.4,8577.7,8610.3,2627,12
1765310400,8609.8,8617.5,8597.3,8605.7,1162,12
1765324800,8590.4,8602.7,8557.2,8571.2,1593,12
1765339200,8572.2,8591.3,8569.2,8576.4,1943,12
1765353600,8576.4,8601.8,8565.5,8591.2,1506,12
1765368000,8591.2,8621.9,8584.2,8616.2,1626,12
1765382400,8617.2,8627.2,8602.2,8622.7,2458,12
1765396800,8621.7,8663.9,8608.7,8647.6,5486,12
1765411200,8642.0,8662.9,8616.4,8616.9,2027,12
1765425600,8617.9,8617.9,8572.9,8591.1,2796,12
1765440000,8592.1,8619.9,8583.2,8619.9,2194,12
1765454400,8619.1,8640.9,8617.2,8634.9,1562,12
1765468800,8633.9,8683.4,8633.9,8679.4,4634,12
1765483200,8679.4,8688.4,8671.4,8674.3,1032,12
1765497600,8659.5,8695.5,8659.5,8683.5,1759,12
1765512000,8684.5,8713.1,8681.0,8707.7,1954,12
1765526400,8708.7,8722.5,8700.7,8707.9,1641,12
1765540800,8707.9,8714.5,8695.1,8707.2,1451,12
1765555200,8702.1,8709.7,8623.2,8651.7,7362,11
1765569600,8651.2,8664.7,8641.2,8653.6,2879,12
1765756800,8649.1,8657.8,8623.3,8637.3,1918,12
1765771200,8644.8,8655.8,8622.1,8634.0,1759,12
1765785600,8634.0,8674.8,8628.2,8673.8,1581,12
1765800000,8668.1,8683.8,8660.4,8667.8,1185,12
1765814400,8662.4,8668.8,8612.7,8620.8,5962,12
1765828800,8620.3,8637.3,8608.8,8633.2,2502,12
1765843200,8654.7,8662.7,8619.2,8623.7,2194,12
1765857600,8622.7,8624.7,8570.9,8590.9,2703,12
1765872000,8589.9,8630.7,8578.1,8621.7,1665,12
1765886400,8620.7,8634.7,8603.9,8612.7,1524,12
1765900800,8606.8,8613.7,8575.3,8581.7,7644,12
1765915200,8581.2,8613.2,8573.3,8598.1,3427,12
1765929600,8572.6,8595.6,8545.2,8589.0,1587,12
1765944000,8589.0,8599.8,8565.5,8584.8,2211,12
1765958400,8585.8,8617.3,8579.2,8607.0,1613,12
1765972800,8607.0,8622.3,8596.0,8604.0,1292,12
1765987200,8603.0,8617.5,8579.5,8583.5,3408,12
1766001600,8583.6,8596.8,8561.4,8561.4,1980,12
1766016000,8567.1,8579.1,8545.7,8557.1,2073,12
1766030400,8556.1,8589.3,8549.7,8589.3,2513,12
1766044800,8588.3,8611.0,8573.2,8611.0,1843,12
1766059200,8610.0,8636.9,8601.2,8621.1,1881,12
1766073600,8621.1,8670.7,8617.2,8644.1,6514,12
1766088000,8643.6,8654.0,8625.1,8632.5,3408,12
1766102400,8634.5,8651.1,8613.6,8627.1,1904,12
1766116800,8628.1,8638.1,8603.3,8604.3,2429,12
1766131200,8603.3,8641.2,8600.3,8639.1,1940,12
1766145600,8637.2,8640.3,8625.1,8631.6,1734,12
1766160000,8630.1,8691.2,8629.1,8689.6,3484,12
1766174400,8689.1,8693.2,8651.5,8657.5,1304,12
1766361600,8678.8,8719.8,8667.7,8708.8,1800,12
1766376000,8709.8,8719.8,8689.4,8694.0,1682,12
1766390400,8695.0,8700.2,8675.0,8683.8,1947,12
1766404800,8682.8,8692.8,8671.1,8681.8,1263,12
1766419200,8676.1,8713.3,8671.2,8709.3,2851,12
1766433600,8708.8,8718.3,8691.2,8707.2,893,12
1766448000,8733.0,8786.0,8725.8,8785.0,1526,12
1766462400,8784.0,8812.0,8777.7,8795.2,2031,12
1766476800,8794.2,8809.0,8786.6,8802.5,1302,12
1766491200,8803.5,8814.0,8764.9,8772.0,1338,12
1766505600,8766.9,8800.5,8765.9,8787.5,2597,12
1766520000,8780.9,8792.5,8776.0,8781.4,748,12
1766534400,8763.9,8765.9,8741.3,8749.9,1823,12
1766548800,8748.9,8772.2,8746.5,8772.2,873,12
1766966400,8781.1,8788.1,8729.8,8735.1,1709,13
1766980800,8735.1,8762.1,8718.3,8731.3,2010,13
1766995200,8730.3,8744.1,8726.3,8741.1,1649,13
1767009600,8741.1,8749.1,8724.5,8728.1,1291,13
1767024000,8729.1,8750.1,8718.6,8735.1,3239,13
1767038400,8733.6,8750.7,8731.6,8735.5,838,13
1767052800,8738.9,8761.7,8719.9,8732.7,1612,13
1767067200,8725.7,8735.7,8706.9,8718.9,1851,13
1767081600,8719.9,8728.7,8693.5,8710.7,1400,13
1767096000,8711.7,8743.9,8700.5,8736.7,1178,13
1767110400,8735.2,8741.2,8711.7,8727.2,1812,13
1767124800,8727.2,8732.7,8713.8,8719.1,783,13
1767139200,8731.6,8734.6,8688.6,8704.6,1349,13
1767153600,8700.9,8721.6,8681.3,8697.6,1124,13
1767312000,8710.6,8737.6,8698.1,8728.6,1681,13
1767326400,8729.6,8744.6,8718.8,8724.8,1643,13
1767340800,8724.8,8747.6,8712.9,8726.6,1269,13
1767355200,8727.6,8742.6,8702.1,8742.6,1490,12
1767369600,8737.9,8743.6,8674.2,8692.1,6783,12
1767384000,8693.1,8738.0,8678.6,8738.0,2870,12
1767571200,8744.2,8761.2,8724.8,8740.2,1949,12
1767585600,8740.2,8754.2,8717.7,8734.4,1701,12
1767600000,8733.4,8739.2,8705.5,8709.7,1772,12
1767614400,8708.7,8727.2,8693.9,8704.9,1555,12
1767628800,8720.2,8768.7,8703.9,8766.7,3667,12
1767643200,8760.5,8773.7,8758.6,8771.6,947,12
1767657600,8750.2,8750.2,8673.6,8706.2,2536,9
1767672000,8699.5,8706.5,8673.4,8676.4,2131,12
1767686400,8675.4,8694.2,8670.0,8682.2,1499,12
1767700800,8681.2,8703.2,8677.8,8692.8,1282,12
1767715200,8696.2,8722.7,8688.9,8721.7,2938,12
1767729600,8722.3,8734.7,8718.8,8723.6,638,8
1767744000,8716.7,8746.7,8688.5,8702.7,2467,12
1767758400,8697.7,8727.7,8691.8,8693.9,2301,12
1767772800,8694.9,8716.7,8693.9,8714.0,1510,12
1767787200,8714.7,8722.7,8710.0,8712.7,1310,12
1767801600,8711.2,8715.2,8674.2,8700.2,2627,12
1767816000,8699.7,8705.2,8689.2,8697.1,1368,12
1767830400,8702.6,8724.6,8693.6,8723.6,1663,12
1767844800,8724.6,8744.6,8691.5,8693.3,2178,12
1767859200,8692.3,8732.6,8690.8,8728.2,1652,12
1767873600,8728.6,8730.6,8713.6,8719.6,1349,12
1767888000,8718.6,8757.1,8716.6,8755.6,3476,9
1767902400,8755.1,8758.1,8733.6,8751.0,1196,12
1767916800,8727.6,8746.6,8707.6,8737.6,1958,12
1767931200,8738.5,8743.6,8700.8,8708.8,1970,12
1767945600,8709.8,8723.7,8703.6,8716.6,1363,12
1767960000,8717.6,8735.9,8711.0,8724.6,1254,12
1767974400,8725.6,8752.9,8714.1,8741.1,3953,12
1767988800,8740.1,8751.9,8733.1,8738.0,812,12
1768176000,8767.3,8791.3,8745.1,8755.3,2797,12
1768190400,8754.3,8767.3,8741.7,8756.5,2320,12
1768204800,8757.5,8767.3,8735.7,8749.8,1371,12
1768219200,8749.8,8764.3,8741.7,8758.3,1284,12
1768233600,8757.9,8791.8,8749.7,8782.8,1991,12
1768248000,8782.3,8792.8,8779.8,8789.7,543,12
1768262400,8803.7,8850.2,8803.6,8841.2,2138,12
1768276800,8840.2,8860.2,8793.4,8800.4,2520,12
1768291200,8799.4,8818.6,8796.4,8805.2,1355,12
1768305600,8804.2,8830.4,8798.2,8815.5,1416,12
1768320000,8810.2,8830.6,8794.7,8814.7,2983,12
1768334400,8814.2,8821.7,8798.7,8805.6,1498,12
1768348800,8824.7,8825.7,8790.7,8794.8,1641,12
1768363200,8792.7,8824.6,8779.2,8811.9,2079,12
1768377600,8812.9,8827.7,8807.9,8821.0,1254,12
1768392000,8820.0,8833.0,8807.2,8821.7,1733,12
1768406400,8822.7,8828.2,8805.2,8809.2,4723,12
1768420800,8811.4,8843.4,8807.2,8842.1,2350,12
1768435200,8841.8,8872.8,8830.8,8850.8,2131,12
1768449600,8851.5,8870.0,8830.8,8861.0,2017,12
1768464000,8860.0,8871.8,8844.8,8853.8,1583,9
1768478400,8854.8,8867.0,8852.8,8855.8,1192,12
1768492800,8854.8,8871.1,8848.3,8852.3,2546,12
1768507200,8855.2,8870.2,8845.3,8848.2,1552,12
1768521600,8860.6,8890.6,8859.6,8885.6,1591,12
1768536000,8886.6,8915.6,8882.2,8901.8,1946,12
1768550400,8900.8,8906.6,8893.1,8905.6,1218,12
1768564800,8903.1,8913.6,8891.4,8898.6,1286,12
1768579200,8896.4,8917.6,8879.5,8904.1,3108,12
1768593600,8903.1,8915.6,8895.6,8903.0,1140,12
1768780800,8901.3,8903.3,8854.9,8855.3,2094,12
1768795200,8856.3,8879.3,8853.7,8873.5,1834,12
1768809600,8872.5,8881.5,8851.7,8860.6,1985,12
1768824000,8859.6,8864.6,8846.9,8853.8,1355,12
1768838400,8853.3,8853.8,8837.8,8843.8,1629,12
1768852800,8845.0,8849.2,8842.8,8845.7,288,12
1768867200,8840.4,8847.4,8808.4,8817.4,1773,12
1768881600,8819.5,8827.4,8804.4,8817.6,2033,12
1768896000,8816.6,8817.8,8762.4,8765.4,2635,12
1768910400,8764.4,8783.8,8759.4,8767.4,2270,12
1768924800,8768.4,8807.8,8765.4,8786.9,6666,12
1768939200,8786.4,8793.0,8761.9,8770.8,3034,12
1768953600,8779.0,8796.3,8765.7,8789.3,1779,12
1768968000,8788.3,8791.3,8769.7,8777.5,2281,12
1768982400,8778.5,8785.3,8759.7,8761.3,1636,12
1768996800,8760.3,8777.4,8735.3,8748.3,1918,12
1769011200,8747.3,8805.3,8742.3,8781.8,7497,12
1769025600,8781.3,8840.9,8768.8,8825.7,6226,12
1769040000,8847.2,8863.9,8827.2,8832.2,2297,12
1769054400,8831.2,8854.8,8821.2,8834.4,2199,12
1769068800,8835.4,8863.6,8824.2,8857.2,1720,12
1769083200,8858.2,8862.6,8842.2,8850.2,1466,12
1769097600,8849.2,8873.2,8831.7,8855.7,3867,12
1769112000,8855.7,8861.4,8835.7,8838.6,1441,12
1769126400,8839.2,8885.9,8832.7,8875.7,1500,12
1769140800,8876.7,8881.9,8847.7,8853.9,1861,12
1769155200,8852.9,8870.9,8845.7,8852.9,1603,12
1769169600,8852.9,8860.9,8842.7,8844.7,1395,12
1769184000,8845.7,8873.9,8832.2,8849.7,3511,12
1769198400,8849.2,8873.9,8849.2,8863.1,1949,12
1769414400,8873.8,8908.9,8868.8,8894.4,1537,12
1769428800,8895.4,8929.9,8893.4,8924.4,1603,12
1769443200,8925.4,8953.4,8924.4,8937.9,2379,12
1769457600,8937.4,8938.9,8905.8,8905.8,877,12
1769472000,8938.0,8972.0,8938.0,8949.0,1982,12
1769486400,8949.0,8960.0,8928.0,8943.2,1799,12
1769500800,8944.2,8959.0,8941.6,8952.0,1313,12
1769515200,8950.9,8958.0,8939.1,8945.1,1065,12
1769529600,8946.1,8975.5,8937.5,8966.5,2564,12
1769544000,8966.0,8991.5,8961.2,8977.4,1087,12
1769558400,8973.6,8976.2,8907.5,8914.8,2063,12
1769572800,8915.8,8944.2,8909.2,8941.4,2056,12
1769587200,8942.4,8962.2,8931.4,8944.2,1860,12
1769601600,8940.2,8948.2,8923.0,8926.1,1663,12
1769616000,8930.2,8947.7,8922.2,8930.7,3547,12
1769630400,8931.7,8946.7,8910.8,8933.6,3030,11
1769644800,8892.4,8900.4,8858.4,8872.4,3099,12
1769659200,8873.4,8939.4,8865.2,8925.6,2708,12
1769673600,8924.6,8961.1,8924.6,8949.4,2173,12
1769688000,8950.4,8983.6,8942.4,8981.6,1919,12
1769702400,8978.4,8983.6,8903.1,8927.9,7940,12
1769716800,8928.4,8971.7,8923.4,8963.8,3759,9
1769731200,8950.0,8975.0,8910.9,8910.9,2658,12
1769745600,8912.0,8917.0,8857.1,8861.2,3739,12
1769760000,8862.2,8881.0,8850.0,8860.0,3051,12
1769774400,8860.6,8910.0,8860.6,8872.0,2911,12
1769788800,8872.0,8888.5,8805.5,8806.5,9766,12
1769803200,8805.5,8829.5,8783.0,8809.4,6558,12
1769990400,8826.7,8845.7,8780.7,8789.7,3482,12
1770004800,8788.7,8795.7,8744.9,8768.9,4202,12
1770019200,8769.9,8823.7,8743.9,8818.7,3171,12
1770033600,8811.8,8863.7,8811.8,8859.7,2477,12
1770048000,8858.7,8885.2,8846.1,8873.2,6451,12
1770062400,8873.7,8882.7,8844.4,8872.7,2096,12
1770076800,8875.2,8902.0,8868.0,8880.0,1856,12
1770091200,8879.0,8889.0,8835.0,8856.2,2647,10
1770105600,8855.2,8878.0,8853.2,8872.0,1928,12
1770120000,8873.0,8875.0,8844.2,8847.0,1949,12
1770134400,8848.0,8875.0,8801.5,8802.5,8796,12
1770148800,8801.5,8841.4,8772.7,8836.2,5658,12
1770163200,8839.3,8892.3,8830.3,8892.3,1979,12
1770177600,8892.3,8947.3,8886.9,8942.5,2525,12
1770192000,8943.5,8958.3,8926.1,8939.3,2197,12
1770206400,8937.0,8966.3,8934.2,8944.3,2215,12
1770220800,8945.3,8960.3,8880.3,8890.8,11238,12
1770235200,8889.8,8929.8,8876.8,8912.5,6100,8
1770249600,8911.0,8921.0,8899.7,8912.0,2169,12
1770264000,8911.2,8913.0,8871.4,8891.2,3462,12
1770278400,8890.2,8909.0,8863.0,8869.0,2717,12
1770292800,8868.2,8879.0,8825.6,8826.0,3677,12
1770307200,8827.0,8855.5,8791.5,8831.5,15131,12
1770321600,8832.0,8841.5,8791.2,8792.2,5520,12
1770336000,8741.5,8766.5,8707.5,8745.5,3751,12
1770350400,8743.7,8750.7,8674.9,8714.7,4011,12
1770364800,8715.7,8732.5,8681.5,8700.5,3630,12
1770379200,8699.7,8745.1,8694.1,8721.5,2909,12
1770393600,8722.5,8778.1,8711.7,8766.0,8000,12
1770408000,8766.5,8802.3,8766.0,8791.7,1385,12
1770595200,8847.0,8871.5,8807.0,8867.0,2970,12
1770609600,8866.0,8885.0,8861.0,8874.2,2660,12
1770624000,8874.2,8886.3,8856.2,8866.0,2565,12
1770638400,8869.4,8873.1,8837.0,8842.0,2522,12
1770652800,8841.0,8903.7,8833.0,8888.5,4145,12
1770667200,8892.8,8915.7,8880.5,8905.4,1721,12
1770681600,8911.6,8911.6,8886.6,8895.6,2584,12
1770696000,8894.6,8895.6,8862.8,8871.8,2695,12
1770710400,8872.8,8889.6,8863.6,8879.6,1901,12
1770724800,8885.6,8901.6,8871.4,8886.6,2175,12
1770739200,8891.6,8912.7,8870.6,8903.6,4993,12
1770753600,8908.7,8917.6,8885.1,8890.0,2634,12
1770768000,8910.0,8996.6,8901.7,8994.7,2661,12
1770782400,8993.7,9014.8,8980.7,9000.3,2455,12
1770796800,9002.3,9012.8,8988.1,9004.1,2044,12
1770811200,9003.1,9047.1,8996.1,9031.1,2911,12
1770825600,9033.9,9033.9,8970.6,9007.1,7908,12
1770840000,9006.6,9023.1,8989.6,9006.5,3389,12
1770854400,9051.5,9100.0,9026.1,9100.0,3098,12
1770868800,9099.0,9100.0,9017.7,9024.7,3326,12
1770883200,9023.7,9052.3,9016.7,9038.5,2132,12
1770897600,9037.5,9048.3,9010.9,9019.5,1980,12
1770912000,9018.5,9032.5,8927.0,8932.0,9979,12
1770926400,8931.5,8986.8,8927.0,8940.7,5610,12
1770940800,8969.0,8969.0,8911.5,8916.0,2716,12
1770955200,8917.0,8931.0,8889.2,8893.2,3189,12
1770969600,8894.2,8923.3,8892.2,8902.0,2472,12
1770984000,8905.7,8916.7,8870.4,8906.0,3465,12
1770998400,8907.0,8968.7,8880.0,8956.5,10197,12
1771012800,8957.0,8968.8,8925.5,8948.4,4403,12
1771200000,8942.3,8946.5,8911.5,8930.5,2433,12
1771214400,8931.5,8942.2,8922.5,8926.7,2425,12
1771228800,8925.7,8973.2,8925.7,8967.2,1785,12
1771243200,8966.2,8970.3,8954.5,8965.3,1713,12
1771257600,8961.5,8965.3,8944.0,8952.5,3002,9
1771272000,8952.5,8957.5,8951.0,8952.9,318,12
1771286400,8971.5,8992.5,8961.5,8966.5,2674,12
1771300800,8965.5,8973.5,8945.7,8955.7,3200,12
1771315200,8956.7,8990.2,8954.1,8985.3,2751,12
1771329600,8985.3,8987.2,8949.5,8956.5,3520,12
1771344000,8955.5,9000.0,8934.0,8983.5,13814,12
1771358400,8984.0,9019.5,8977.5,8998.7,5410,12
1771372800,9004.0,9012.0,8975.4,8989.0,2223,12
1771387200,8981.6,9019.0,8976.5,9008.2,2181,12
1771401600,9007.2,9043.0,9002.4,9039.0,2075,12
1771416000,9040.0,9052.0,9029.5,9041.0,2229,12
1771430400,9042.0,9085.5,9033.6,9074.0,5312,12
1771444800,9074.5,9078.5,9028.8,9048.2,3991,12
1771459200,9082.0,9122.0,9077.1,9105.0,2645,12
1771473600,9102.8,9110.0,9078.0,9095.2,2514,12
1771488000,9095.2,9104.0,9051.0,9052.7,2133,12
1771502400,9053.7,9053.7,9033.0,9037.9,2668,12
1771516800,9038.9,9062.0,9024.5,9045.0,8393,11
1771531200,9044.5,9057.5,9038.5,9052.2,3582,12
1771545600,9054.9,9081.9,9054.9,9073.9,2108,12
1771560000,9072.7,9087.9,9065.9,9081.1,2402,12
1771574400,9082.1,9089.3,9067.9,9069.5,1691,12
1771588800,9070.5,9075.5,9039.9,9041.9,2498,12
1771603200,9043.7,9086.9,9026.2,9071.4,11875,12
1771617600,9071.9,9099.8,9063.9,9093.1,4625,12
1771804800,9076.4,9076.4,9015.4,9034.4,2993,12
1771819200,9035.4,9039.4,9008.4,9027.6,2334,12
1771833600,9026.6,9048.4,9021.8,9041.7,1665,12
1771848000,9042.7,9054.4,9035.7,9046.7,1649,12
1771862400,9046.7,9078.9,9022.9,9035.9,8642,12
1771876800,9035.4,9056.9,9034.9,9052.8,3041,12
1771891200,9045.2,9050.9,8992.8,8993.8,2233,12
1771905600,8997.9,9026.9,8982.7,9019.1,2048,12
1771920000,9020.1,9031.3,9008.9,9028.9,2305,12
1771934400,9029.9,9064.4,9027.9,9058.2,2026,12
1771948800,9058.9,9086.4,9041.4,9083.9,5534,12
1771963200,9084.4,9098.9,9083.4,9086.3,1588,12
1771977600,9098.2,9123.0,9068.7,9120.0,2317,12
1771992000,9119.0,9129.3,9097.0,9107.2,2938,12
1772006400,9106.2,9148.0,9103.2,9147.0,1833,12
1772020800,9148.0,9173.1,9138.0,9171.0,1289,12
1772035200,9172.0,9187.5,9148.5,9185.5,3415,12
1772049600,9185.5,9187.2,9174.5,9181.4,1002,12
1772064000,9174.8,9190.5,9160.8,9185.8,2301,12
1772078400,9184.8,9188.8,9168.8,9181.0,2178,12
1772092800,9182.0,9192.6,9171.8,9175.8,1766,12
1772107200,9177.7,9191.7,9173.8,9183.8,1358,12
1772121600,9186.7,9197.8,9149.3,9158.3,8277,12
1772136000,9158.8,9191.3,9154.8,9191.3,2284,12
1772150400,9186.0,9192.1,9167.7,9180.1,613,12
1772164800,9179.1,9214.3,9161.0,9203.3,2598,10
1772179200,9204.3,9230.1,9196.2,9209.3,2314,12
1772193600,9212.1,9215.1,9181.2,9196.1,2956,12
1772208000,9197.1,9211.1,9165.7,9191.1,9516,12
1772222400,9190.6,9201.6,9175.8,9189.5,3404,12
1772409600,9160.0,9182.0,9137.5,9164.0,4219,12
1772424000,9163.0,9205.0,9141.8,9180.2,3275,12
1772438400,9179.2,9193.4,9140.1,9169.0,4903,12
1772452800,9170.0,9179.0,9115.4,9125.0,3866,12
1772467200,9126.0,9182.5,9109.5,9173.5,9355,12
1772481600,9174.0,9192.5,9156.9,9174.4,3933,12
1772496000,9172.5,9173.5,9079.4,9079.4,3168,12
1772510400,9081.5,9103.5,9039.7,9043.7,5109,12
1772524800,9042.7,9069.5,8938.9,8948.5,5893,12
1772539200,8949.5,8953.5,8906.5,8919.5,7840,12
1772553600,8918.5,8961.0,8857.0,8943.0,16463,12
1772568000,8943.5,8983.0,8943.1,8947.9,7854,12
1772582400,8937.7,8950.7,8879.2,8908.7,4834,12
1772596800,8907.2,8920.7,8877.9,8890.9,6694,12
1772611200,8891.9,8934.8,8876.7,8934.8,5669,12
1772625600,8934.8,8975.4,8928.4,8963.4,4069,12
1772640000,8962.4,8977.4,8941.5,8967.5,8889,12
1772654400,8967.0,8988.6,8958.0,8975.9,2636,12
1772668800,8945.7,8953.8,8903.2,8908.7,3513,12
1772683200,8909.7,8948.9,8898.7,8900.9,5014,12
1772697600,8901.9,8945.7,8875.2,8921.7,5743,12
1772712000,8922.7,8935.2,8853.7,8856.7,4448,12
1772726400,8855.7,8879.2,8777.2,8781.2,15035,12
1772740800,8780.7,8807.5,8747.2,8798.1,8928,12
1772755200,8829.4,8844.9,8803.4,8825.4,3319,12
1772769600,8831.5,8851.5,8816.4,8838.6,3277,12
1772784000,8838.6,8849.5,8750.4,8759.4,4537,12
1772798400,8758.4,8786.6,8663.9,8669.4,6596,12
1772812800,8669.4,8722.9,8643.9,8696.4,13764,18
1772827200,8695.9,8725.9,8679.9,8683.8,7003,18
1773014400,8565.4,8572.4,8450.4,8463.4,7459,10
1773028800,8463.4,8595.5,8462.4,8582.2,8476,10
1773043200,8583.2,8625.0,8548.5,8609.0,12089,18
1773057600,8609.0,8633.0,8569.0,8601.5,11408,18
1773072000,8602.0,8710.0,8570.5,8674.5,11915,18
1773086400,8674.5,8793.5,8674.0,8748.2,6170,12
1773100800,8745.0,8748.0,8686.0,8713.5,3890,10
1773115200,8713.5,8717.0,8649.5,8698.9,4415,10
1773129600,8699.9,8750.5,8678.5,8719.5,6163,12
1773144000,8720.0,8743.5,8698.5,8710.0,8758,18
1773158400,8710.0,8792.5,8689.0,8770.5,8214,18
1773172800,8771.0,8771.5,8708.5,8716.9,7107,18
1773187200,8712.4,8756.4,8702.4,8720.4,2852,10
1773201600,8720.4,8750.0,8703.4,8705.2,2308,10
1773216000,8704.2,8719.8,8621.9,8624.9,5801,12
1773230400,8624.9,8685.9,8623.9,8661.4,7817,18
1773244800,8660.4,8684.9,8628.4,8652.4,11335,18
1773259200,8651.9,8680.4,8644.9,8657.2,3131,18
1773273600,8638.0,8638.0,8597.0,8620.0,3801,10
1773288000,8620.0,8625.6,8588.0,8624.7,3973,10
1773302400,8623.7,8672.6,8610.9,8672.1,4969,12
1773316800,8672.1,8692.1,8625.6,8638.1,8067,18
1773331200,8638.1,8659.6,8561.1,8591.6,13646,18
1773345600,8591.6,8610.6,8581.1,8584.7,4251,12
1773360000,8594.4,8662.9,8591.4,8632.4,2720,10
1773374400,8632.4,8644.4,8602.0,8605.0,2926,10
1773388800,8604.0,8609.5,8503.0,8555.0,7134,12
1773403200,8555.0,8644.0,8552.5,8622.0,7375,18
1773417600,8621.5,8626.5,8546.0,8548.5,13468,18
1773432000,8549.0,8573.0,8531.0,8534.0,4100,18
1773619200,8576.2,8620.2,8561.2,8591.2,4100,10
1773633600,8591.2,8597.1,8567.2,8589.1,3045,10
1773648000,8590.1,8596.3,8534.8,8537.8,6054,18
1773662400,8537.8,8651.3,8534.8,8651.3,6011,18
1773676800,8651.3,8660.8,8598.3,8618.8,9636,18
1773691200,8618.8,8648.3,8617.8,8637.1,2940,18
1773705600,8611.6,8627.6,8579.6,8590.6,2314,10
1773720000,8590.6,8623.1,8573.6,8575.1,3496,10
1773734400,8573.1,8631.7,8560.2,8628.2,4781,12
1773748800,8628.2,8670.2,8603.2,8665.2,4404,12
1773763200,8665.2,8672.2,8618.5,8624.7,7546,12
1773777600,8625.2,8631.2,8609.2,8615.2,1771,12
1773792000,8619.0,8642.5,8599.5,8630.5,1824,10
1773806400,8630.5,8653.5,8626.8,8641.0,2053,10
1773820800,8640.0,8662.5,8635.2,8655.5,1515,12
1773835200,8655.5,8659.2,8544.5,8564.5,3761,12
1773849600,8564.5,8581.5,8521.5,8546.5,4140,18
1773864000,8546.0,8556.5,8471.0,8486.0,3189,18
1773878400,8497.6,8521.1,8491.1,8492.6,3004,10
1773892800,8492.6,8519.6,8459.0,8464.0,2986,10
1773907200,8465.0,8489.5,8410.1,8461.1,9357,12
1773921600,8461.6,8461.6,8370.1,8430.1,10935,18
1773936000,8430.1,8452.6,8405.6,8427.1,13386,18
1773950400,8426.6,8511.1,8423.1,8490.0,6110,18
1773964800,8472.0,8489.5,8441.5,8474.5,3062,10
1773979200,8474.5,8489.5,8412.0,8442.0,2636,10
1773993600,8441.0,8493.0,8417.0,8423.0,5847,12
1774008000,8423.0,8457.0,8384.0,8385.0,11716,18
1774022400,8385.0,8386.5,8297.0,8316.5,14752,18
1774036800,8317.5,8321.0,8255.0,8303.0,5368,12
1774224000,8279.2,8371.2,8272.7,8364.2,6755,10
1774238400,8364.2,8400.7,8341.7,8356.7,6594,10
1774252800,8356.7,8367.7,8297.7,8303.7,12133,12
1774267200,8303.7,8612.7,8293.2,8543.2,19218,18
1774281600,8544.2,8582.7,8474.2,8531.2,16065,18
1774296000,8530.7,8550.2,8504.7,8513.7,4762,18
1774310400,8474.1,8476.6,8377.1,8394.6,4866,10
1774324800,8394.6,8416.1,8362.7,8386.1,5077,10
1774339200,8387.1,8459.2,8377.7,8420.7,9785,18
1774353600,8420.7,8428.7,8363.2,8396.2,10288,18
1774368000,8396.2,8467.2,8394.7,8433.2,15755,18
1774382400,8433.2,8519.7,8417.7,8454.9,6253,12
1774396800,8500.3,8568.3,8486.3,8552.3,5025,10
1774411200,8551.8,8552.3,8515.3,8525.8,4291,10
1774425600,8524.8,8581.8,8514.8,8559.8,7279,12
1774440000,8559.3,8599.8,8535.3,8536.8,10861,18
1774454400,8536.8,8577.8,8513.8,8559.3,13104,18
1774468800,8559.3,8565.3,8539.8,8542.8,2946,12
1774483200,8531.2,8556.2,8520.2,8530.2,2972,10
1774497600,8530.2,8533.7,8501.2,8508.9,3809,10
1774512000,8507.9,8529.7,8470.2,8479.2,6969,12
1774526400,8478.7,8513.2,8451.7,8508.7,9162,18
1774540800,8508.7,8525.7,8432.7,8434.7,11422,18
1774555200,8434.7,8500.9,8416.9,8431.9,4002,12
1774569600,8494.1,8518.1,8453.1,8487.1,3426,10
1774584000,8487.1,8522.7,8478.6,8494.8,3088,10
1774598400,8493.8,8512.2,8416.7,8421.7,6859,12
1774612800,8421.7,8433.2,8387.2,8399.2,9820,18
1774627200,8399.2,8469.7,8397.2,8433.7,10854,12
1774641600,8433.7,8447.6,8410.8,8411.8,3469,12
1774828800,8421.3,8449.9,8372.1,8395.1,17603,10
1774843200,8394.3,8454.9,8386.8,8445.1,20876,10
1774857600,8445.0,8500.1,8432.3,8498.7,14254,10
1774872000,8499.0,8531.9,8469.3,8512.3,16920,10
1774886400,8512.4,8534.1,8476.8,8492.8,31379,10
1774900800,8492.9,8496.7,8428.4,8458.5,17028,10
1774915200,8460.1,8494.8,8408.4,8489.0,14840,10
1774929600,8488.9,8547.4,8463.6,8494.9,26442,10
1774944000,8494.8,8518.7,8458.2,8495.2,19128,10
1774958400,8495.9,8523.7,8467.3,8505.3,21827,10
1774972800,8505.1,8606.0,8497.9,8570.0,32601,10
1774987200,8570.1,8601.2,8559.9,8596.3,22450,10
1775001600,8602.2,8635.1,8587.9,8622.3,13343,10
1775016000,8621.6,8648.9,8598.6,8647.1,16451,10
1775030400,8647.1,8714.0,8646.9,8687.2,15004,10
1775044800,8686.5,8718.7,8657.4,8669.2,18394,10
1775059200,8669.3,8717.9,8661.9,8707.0,29038,10
1775073600,8707.1,8715.2,8663.7,8684.4,15078,10
1775088000,8690.2,8723.7,8671.7,8716.7,11221,10
1775102400,8716.4,8717.6,8560.8,8567.1,30641,10
1775116800,8567.1,8617.4,8542.3,8610.8,11992,10
1775131200,8610.7,8613.9,8566.6,8579.9,14546,10
1775145600,8579.9,8579.9,8579.9,8579.9,1,10
1775520000,8653.9,8817.0,8650.0,8781.7,9093,10
1775534400,8781.0,8796.6,8692.2,8714.4,20200,10
1775548800,8714.5,8780.6,8704.2,8775.7,18229,10
1775563200,8775.5,8791.8,8712.9,8726.7,23884,10
1775577600,8727.6,8739.8,8672.4,8706.0,35398,10
1775592000,8705.9,8755.5,8688.0,8739.5,20910,10
1775606400,8874.8,8999.8,8874.8,8954.0,11748,10
1775620800,8953.9,8972.9,8931.0,8958.4,17713,10
1775635200,8958.3,8970.1,8927.3,8955.5,17045,10
1775649600,8955.5,8989.3,8948.2,8968.8,15173,10
1775664000,8968.9,8972.8,8897.5,8926.2,23943,10
1775678400,8925.9,8944.5,8895.4,8940.8,11769,10
1775692800,8919.7,8946.3,8895.2,8938.0,5010,10
1775707200,8938.1,8961.4,8932.8,8947.0,9084,10
1775721600,8947.1,8975.3,8941.1,8953.6,9746,10
1775736000,8953.3,8963.1,8930.7,8948.3,11381,10
1775750400,8948.6,8996.3,8918.8,8985.3,21654,10
1775764800,8985.4,8996.4,8959.5,8963.7,9773,10
1775779200,8968.6,8968.6,8903.0,8947.1,4755,10
1775793600,8947.1,8952.3,8924.4,8944.1,7025,10
1775808000,8944.0,8991.2,8943.0,8979.0,6754,10
1775822400,8979.1,9063.5,8978.9,9033.5,10567,10
1775836800,9032.5,9038.9,8983.5,8996.6,17608,10
1775851200,8996.5,9004.6,8984.2,8999.6,7087,10
1776038400,8926.3,8935.1,8891.1,8926.1,4939,10
1776052800,8926.1,8936.1,8901.1,8917.1,8561,10
1776067200,8917.1,8966.1,8907.9,8951.5,8963,10
1776081600,8951.8,8966.6,8932.2,8961.1,11322,10
1776096000,8961.2,9040.6,8961.0,9030.0,22892,10
1776110400,9030.0,9047.4,9026.0,9041.4,7103,10
1776124800,9029.9,9048.3,8955.6,8960.9,5482,10
1776139200,8960.9,8998.5,8951.6,8984.5,8172,10
1776153600,8984.5,9007.5,8967.2,8989.3,8808,10
1776168000,8989.1,8994.5,8953.0,8982.5,9975,10
1776182400,8982.4,9012.7,8971.1,9003.5,14617,10
1776196800,9003.6,9031.3,9003.4,9022.6,5766,10
1776211200,9010.6,9030.8,8985.3,8990.3,3835,10
1776225600,8990.2,8996.3,8975.2,8982.4,6417,10
1776240000,8982.4,9000.4,8972.5,9000.3,7669,10
1776254400,9000.3,9013.8,8976.8,8993.3,10809,10
1776268800,8993.3,9005.2,8975.6,8984.3,15508,10
1776283200,8984.3,8999.3,8979.7,8990.8,5999,10
1776297600,8987.6,9010.4,8960.5,8960.6,4306,10
1776312000,8960.4,8976.8,8936.6,8940.8,8288,10
1776326400,8940.8,8959.7,8927.8,8931.2,7140,10
1776340800,8931.3,8945.8,8926.6,8942.6,6282,10
1776355200,8942.6,8959.9,8909.9,8915.6,19691,10
1776369600,8915.6,8938.6,8907.8,8935.7,8705,10
1776384000,8942.6,8951.6,8902.3,8920.0,4815,10
1776398400,8919.7,8937.3,8899.0,8935.2,7159,10
1776412800,8935.2,8967.5,8930.1,8967.5,5627,10
1776427200,8967.5,9042.1,8956.1,9027.1,9578,10
1776441600,9027.2,9055.0,9007.2,9034.1,24423,10
1776456000,9034.0,9036.2,9005.6,9023.3,10556,10
1776643200,8964.2,8983.2,8895.4,8922.2,6822,10
1776657600,8922.1,8955.2,8922.1,8953.1,7782,10
1776672000,8953.1,8963.7,8935.9,8954.5,10947,10
1776686400,8954.6,8978.1,8950.9,8959.4,10751,10
1776700800,8959.5,8990.9,8941.6,8958.5,21238,10
1776715200,8958.8,8969.0,8950.9,8968.5,6321,10
1776729600,8999.1,9002.1,8925.0,8926.9,5254,10
1776744000,8926.8,8943.8,8906.9,8934.8,7887,10
1776758400,8934.4,8955.5,8931.8,8947.9,7935,10
1776772800,8947.9,8967.6,8933.1,8935.6,10195,10
1776787200,8935.8,8942.8,8859.8,8864.9,22789,10
1776801600,8865.0,8890.0,8840.2,8846.0,17152,10
1776816000,8884.1,8904.8,8873.7,8888.9,4553,10
1776830400,8889.0,8890.8,8844.2,8844.9,7501,10
1776844800,8844.8,8869.7,8821.0,8837.8,10938,10
1776859200,8837.8,8852.9,8821.3,8821.7,12953,10
1776873600,8821.8,8837.8,8796.2,8802.2,20643,10
1776888000,8802.0,8832.8,8800.8,8830.7,7575,10
1776902400,8822.1,8841.1,8740.3,8813.6,8915,10
1776916800,8813.6,8813.6,8755.3,8774.3,14613,10
1776931200,8774.4,8814.3,8769.4,8786.0,11330,10
1776945600,8786.0,8833.6,8766.6,8827.5,16355,10
1776960000,8827.6,8850.5,8820.3,8834.5,20437,10
1776974400,8834.5,8836.4,8747.7,8805.3,22092,10
1776988800,8808.2,8822.9,8758.2,8764.6,5795,10
1777003200,8764.6,8776.7,8734.7,8774.7,13979,10
1777017600,8774.8,8792.8,8754.2,8760.2,11003,10
1777032000,8760.6,8828.9,8753.7,8775.3,17387,10
1777046400,8775.3,8785.3,8744.8,8754.6,23704,10
1777060800,8754.2,8758.9,8741.1,8749.0,7179,10
1777248000,8738.4,8758.6,8724.5,8732.4,4791,10
1777262400,8732.4,8775.6,8732.4,8770.0,11512,10
1777276800,8770.0,8770.4,8731.7,8749.7,10801,10
1777291200,8750.0,8766.5,8720.6,8723.7,8927,10
1777305600,8723.7,8739.7,8693.0,8701.5,18835,10
1777320000,8701.5,8716.4,8693.3,8708.4,5317,10
1777334400,8719.4,8724.4,8691.5,8710.5,4914,10
1777348800,8710.5,8733.8,8702.5,8715.7,9742,10
1777363200,8715.8,8734.2,8700.3,8734.2,11458,10
1777377600,8734.0,8736.6,8665.5,8702.4,17409,10
1777392000,8702.1,8711.5,8661.6,8683.4,24241,10
1777406400,8682.7,8689.5,8673.4,8683.6,6993,10
1777420800,8678.5,8690.0,8659.6,8674.3,3991,10
1777435200,8674.3,8712.9,8657.3,8689.5,10759,10
1777449600,8689.5,8689.5,8637.9,8647.3,10507,10
1777464000,8647.3,8664.4,8636.3,8649.5,13909,10
1777478400,8649.6,8653.5,8608.8,8620.5,21941,10
1777492800,8620.8,8638.6,8597.4,8630.8,14023,10
1777507200,8631.5,8657.1,8620.7,8648.3,5372,10
1777521600,8648.3,8678.1,8627.1,8636.4,14880,10
1777536000,8636.3,8697.7,8635.4,8689.1,14959,10
1777550400,8689.1,8762.1,8688.0,8749.6,18533,10
1777564800,8749.6,8774.0,8721.8,8762.4,22337,10
1777579200,8762.4,8788.2,8761.7,8773.7,7512,10
1777593600,8783.5,8791.6,8709.2,8725.2,5379,10
1777608000,8725.2,8756.2,8712.2,8743.1,6999,10
1777622400,8743.1,8748.3,8712.5,8720.1,5655,10
1777636800,8720.1,8736.0,8711.3,8715.2,5300,10
1777651200,8715.1,8758.1,8708.9,8715.1,14965,10
1777665600,8715.0,8730.1,8710.3,8716.2,5905,10
1777852800,8724.1,8738.1,8674.1,8709.5,5886,10
1777867200,8709.5,8737.4,8683.3,8688.3,10615,10
1777881600,8688.4,8702.7,8653.4,8655.3,8400,10
1777896000,8655.1,8686.7,8599.4,8677.5,16891,10
1777910400,8677.4,8699.7,8617.0,8618.3,25265,10
1777924800,8618.4,8645.7,8617.7,8636.7,9425,10
1777939200,8640.3,8668.7,8627.3,8633.0,4769,10
1777953600,8632.8,8660.3,8617.3,8658.2,9204,10
1777968000,8658.3,8697.1,8651.3,8690.6,11580,10
1777982400,8690.7,8702.8,8677.3,8682.7,12036,10
1777996800,8682.3,8712.6,8666.0,8707.3,15809,10
1778011200,8707.3,8720.0,8703.0,8708.1,4382,10
1778025600,8708.0,8751.1,8708.0,8749.1,5196,10
1778040000,8749.1,8789.0,8749.0,8771.8,9285,10
1778054400,8771.7,8863.0,8763.8,8857.9,12021,10
1778068800,8857.9,8911.3,8846.7,8864.3,22644,10
1778083200,8864.1,8890.1,8848.8,8874.8,19962,10
1778097600,8874.8,8891.3,8872.3,8886.3,5585,10
1778112000,8855.5,8889.4,8851.5,8863.3,5240,10
1778126400,8863.3,8877.3,8852.3,8860.2,8352,10
1778140800,8860.2,8903.4,8855.3,8876.1,11107,10
1778155200,8876.1,8876.2,8856.1,8874.3,10730,10
1778169600,8874.3,8874.3,8757.4,8764.1,20630,10
1778184000,8764.1,8769.3,8727.6,8734.7,16806,10
1778198400,8724.9,8800.7,8711.9,8765.7,6129,10
1778212800,8765.6,8770.9,8711.6,8724.0,11642,10
1778227200,8724.4,8752.9,8715.8,8719.3,11854,10
1778241600,8719.3,8749.8,8719.3,8728.7,12613,10
1778256000,8728.6,8746.8,8703.0,8703.3,17595,10
1778270400,8703.3,8717.7,8695.7,8713.3,7650,10
1778457600,8691.8,8718.9,8641.2,8670.0,6027,10
1778472000,8669.9,8705.5,8658.3,8687.3,10477,10
1778486400,8687.3,8708.5,8686.5,8696.4,8559,10
1778500800,8696.4,8729.0,8693.4,8725.4,10000,10
1778515200,8725.4,8754.5,8714.2,8717.9,13921,10
1778529600,8717.9,8729.3,8707.3,8721.9,5322,10
1778544000,8722.1,8729.1,8645.4,8667.0,5367,10
1778558400,8667.0,8681.8,8612.0,8671.7,14610,10
1778572800,8671.7,8675.0,8628.5,8649.0,11071,10
1778587200,8649.0,8654.4,8630.2,8651.7,12194,10
1778601600,8651.7,8652.0,8593.3,8614.0,19754,10
1778616000,8614.0,8656.0,8612.5,8653.9,8457,10
1778630400,8643.4,8650.4,8588.0,8635.1,7551,10
1778644800,8635.1,8656.3,8624.2,8630.5,12244,10
1778659200,8630.5,8643.8,8622.1,8626.7,7713,10
1778673600,8626.8,8628.1,8561.3,8576.0,9965,10
1778688000,8576.1,8612.8,8576.1,8598.3,13832,10
1778702400,8598.3,8610.4,8585.0,8607.8,5289,10
1778716800,8603.5,8637.3,8596.0,8637.2,5371,10
1778731200,8637.2,8640.2,8601.0,8610.1,10549,10
1778745600,8610.1,8668.0,8608.0,8666.7,8744,10
1778760000,8666.6,8700.2,8658.0,8696.2,10092,10
1778774400,8696.2,8714.6,8670.5,8702.5,13335,10
1778788800,8702.6,8708.1,8681.5,8688.0,7405,10
1778803200,8686.5,8695.5,8650.4,8669.7,5972,10
1778817600,8669.7,8671.0,8610.7,8621.1,16576,10
1778832000,8621.0,8660.0,8600.8,8618.4,15482,10
1778846400,8618.7,8646.8,8592.7,8604.3,13251,10
1778860800,8604.3,8620.3,8576.9,8593.8,7081,12
1778875200,8593.8,8612.3,8590.8,8597.8,2456,12
1779062400,8586.7,8593.5,8534.1,8556.5,4079,12
1779076800,8555.5,8560.5,8499.7,8517.5,6360,12
1779091200,8514.9,8543.5,8483.7,8542.5,4466,12
1779105600,8542.5,8598.5,8517.5,8593.5,5013,12
1779120000,8593.5,8604.5,8542.0,8572.0,9208,12
1779134400,8571.5,8590.5,8534.5,8588.0,5252,12
1779148800,8598.0,8610.8,8565.0,8583.8,2780,12
1779163200,8583.8,8612.8,8565.8,8589.8,4675,12
1779177600,8589.8,8651.8,8577.8,8630.8,3737,12
1779192000,8624.3,8642.8,8605.4,8629.8,3966,12
1779206400,8623.5,8631.8,8567.8,8608.3,8591,12
1779220800,8607.8,8615.8,8574.8,8582.3,3135,12
1779235200,8571.0,8600.8,8538.4,8569.8,3022,12
1779249600,8569.8,8571.8,8483.9,8493.8,5921,12
1779264000,8493.8,8531.8,8487.4,8526.8,3653,12
1779278400,8526.8,8543.8,8512.4,8526.8,2878,12
1779292800,8526.8,8629.3,8520.5,8607.8,9241,12
1779307200,8608.3,8630.3,8604.3,8626.3,2305,12
1779321600,8584.7,8647.5,8579.7,8621.5,2445,12
1779336000,8621.5,8656.5,8604.9,8635.6,3299,12
1779350400,8640.5,8645.5,8596.8,8628.5,3639,12
1779364800,8628.5,8649.5,8582.1,8605.5,5151,12
1779379200,8605.5,8645.0,8591.0,8624.5,7323,12
1779393600,8624.5,8667.0,8613.2,8660.5,5492,12
1779408000,8663.6,8678.4,8648.9,8654.4,1859,12
1779422400,8653.4,8679.4,8642.4,8659.4,2592,12
1779436800,8659.4,8666.4,8637.4,8644.4,2725,9
1779451200,8644.4,8662.4,8628.0,8661.4,3025,7
1779465600,8661.4,8666.4,8611.2,8630.9,4611,12
1779480000,8631.4,8650.9,8615.4,8625.9,2545,12
1779667200,8650.5,8676.5,8644.5,8670.3,1880,12
1779681600,8670.3,8719.3,8662.0,8701.3,2793,12
1779696000,8701.3,8710.3,8677.5,8706.3,1956,12
1779710400,8706.3,8723.3,8701.3,8714.3,1415,12
1779724800,8714.3,8717.3,8698.6,8714.8,1403,12
1779739200,8714.3,8714.3,8705.8,8712.3,237,12
1779753600,8706.7,8709.7,8629.0,8640.5,2339,12
1779768000,8640.5,8671.5,8632.4,8658.9,3790,12
1779782400,8660.5,8673.5,8649.5,8663.5,3064,12
1779796800,8663.5,8680.5,8656.5,8663.5,2757,10
1779811200,8663.5,8671.0,8632.0,8642.0,3837,12
1779825600,8642.0,8656.0,8636.6,8655.5,1298,12
1779840000,8651.3,8677.1,8640.5,8646.1,2242,12
1779854400,8646.1,8691.1,8628.0,8688.1,3591,12
1779868800,8688.1,8737.1,8681.0,8728.1,3033,12
1779883200,8728.1,8741.1,8700.9,8712.1,3368,12
1779897600,8711.1,8712.1,8670.6,8681.6,4826,12
1779912000,8681.6,8683.6,8664.4,8675.6,1459,12
1779926400,8672.3,8678.3,8625.7,8662.1,2327,12
1779940800,8662.1,8667.1,8562.5,8580.1,5131,9
1779955200,8580.1,8636.1,8575.6,8636.1,3439,12
1779969600,8636.1,8648.1,8612.1,8639.1,3117,12
1779984000,8639.1,8688.1,8616.8,8673.6,5293,12
1779998400,8673.6,8674.6,8651.0,8659.6,1136,12
1780012800,8655.2,8671.0,8642.2,8653.4,1758,12
1780027200,8658.0,8725.0,8656.0,8719.0,3227,12
1780041600,8715.3,8756.0,8704.8,8729.1,2889,12
1780056000,8729.1,8757.0,8729.1,8752.0,2571,12
1780070400,8748.3,8766.5,8726.4,8737.0,4487,12
1780084800,8737.5,8743.5,8718.7,8721.5,1485,12
1780272000,8722.2,8737.0,8696.7,8706.0,2022,12
1780286400,8706.0,8728.0,8697.0,8725.0,2822,12
1780300800,8724.0,8742.0,8719.5,8738.0,2393,12
1780315200,8738.0,8768.0,8732.9,8750.0,2189,12
1780329600,8750.0,8751.0,8667.5,8702.5,6523,12
1780344000,8703.0,8728.5,8694.5,8700.5,1668,12
1780358400,8676.2,8706.0,8623.0,8635.0,2310,12
1780372800,8635.0,8707.0,8633.0,8707.0,3979,12
1780387200,8707.0,8762.0,8707.0,8759.0,2768,12
1780401600,8759.0,8759.0,8743.0,8748.0,2334,12
1780416000,8749.0,8770.0,8737.2,8757.5,3063,12
1780430400,8757.5,8773.0,8745.4,8771.5,836,12
1780444800,8763.2,8774.0,8732.2,8742.0,2051,12
1780459200,8742.0,8809.0,8733.0,8801.1,2473,12
1780473600,8807.0,8815.0,8765.4,8769.0,2594,12
1780488000,8769.0,8777.0,8734.6,8745.0,2459,12
1780502400,8745.0,8757.5,8726.0,8738.5,3969,12
1780516800,8738.5,8745.5,8730.8,8735.5,1293,12
1780531200,8711.7,8739.5,8663.7,8682.5,3021,12
1780545600,8682.5,8695.5,8646.7,8678.5,4513,12
1780560000,8678.5,8701.5,8669.7,8676.5,3092,12
1780574400,8675.5,8708.5,8657.5,8702.5,4221,12
1780588800,8703.5,8730.0,8692.0,8713.0,3404,12
1780603200,8713.0,8718.5,8704.0,8711.0,811,12
1780617600,8701.7,8713.5,8622.5,8635.5,2984,12
1780632000,8636.5,8654.5,8613.5,8627.5,5122,12
1780646400,8627.5,8637.5,8597.7,8622.5,3733,12
1780660800,8622.5,8644.5,8597.9,8604.5,3196,12
1780675200,8604.5,8618.5,8535.4,8554.5,7742,12
1780689600,8554.5,8560.0,8500.0,8525.0,5285,8
1780905600,8516.9,8543.5,8504.5,8514.5,2491,20
1780920000,8514.5,8584.5,8508.5,8570.5,4584,20
1780934400,8570.5,8588.0,8532.0,8541.0,7390,20
1780948800,8541.0,8553.0,8525.0,8533.0,3281,20
1780963200,8506.7,8548.5,8494.5,8534.5,3385,12
1780977600,8534.5,8619.5,8522.4,8613.5,5172,12
1780992000,8614.5,8640.5,8592.3,8628.4,3566,12
1781006400,8635.5,8654.5,8627.4,8650.5,2530,12
1781020800,8650.5,8677.0,8524.5,8551.0,13864,12
1781035200,8551.0,8625.0,8550.0,8618.0,7613,12
1781049600,8599.7,8663.5,8581.4,8661.5,3680,12
1781064000,8661.5,8683.5,8601.7,8614.5,6188,12
1781078400,8614.5,8667.5,8600.7,8631.5,4639,12
1781092800,8631.5,8670.5,8589.5,8657.5,7734,12
1781107200,8657.5,8708.5,8634.5,8652.0,13506,12
1781121600,8652.5,8662.0,8601.1,8608.0,7341,12
1781136000,8585.7,8613.5,8556.7,8610.5,4255,12
1781150400,8610.5,8675.5,8592.5,8670.5,5348,12
1781164800,8670.5,8707.5,8628.1,8692.5,3826,12
1781179200,8692.5,8703.5,8653.5,8686.5,4286,12
1781193600,8686.5,8733.0,8674.0,8683.5,11519,12
1781208000,8683.0,8793.0,8668.5,8790.0,8523,12
1781222400,8797.1,8807.1,8753.9,8796.9,3028,12
1781236800,8796.9,8815.9,8776.4,8806.9,4803,12
1781251200,8800.5,8882.9,8781.6,8869.9,4802,12
1781265600,8869.9,8890.9,8801.9,8806.9,4386,12
1781280000,8806.9,8886.4,8804.9,8870.9,10707,12
1781294400,8870.9,8880.9,8845.2,8857.9,3351,12
1781481600,8889.1,8938.9,8877.1,8928.9,2636,12
1781496000,8928.9,8934.9,8909.3,8923.9,2867,12
1781510400,8923.9,8936.4,8909.6,8919.8,2817,12
1781524800,8922.4,8932.4,8912.8,8918.4,2329,12
1781539200,8916.0,8919.4,8829.3,8834.4,3914,12
1781553600,8833.9,8833.9,8771.9,8792.9,2204,9
1781568000,8805.6,8904.4,8803.6,8893.4,2056,12
1781582400,8894.4,8918.4,8862.7,8913.4,2900,12
1781596800,8911.4,8949.6,8902.1,8944.0,1975,12
1781611200,8944.0,8945.6,8911.0,8918.0,1687,12
1781625600,8918.0,8937.1,8901.5,8916.0,4144,12
1781640000,8916.0,8931.4,8896.0,8899.0,1899,12
1781654400,8894.7,8924.9,8872.7,8899.5,1725,12
1781668800,8899.5,8975.2,8890.8,8956.0,2712,12
1781683200,8956.0,8976.7,8950.0,8958.0,2324,12
1781697600,8958.0,8970.8,8946.0,8956.0,1757,12
1781712000,8959.1,8980.0,8941.6,8972.5,3147,12
1781726400,8972.0,8977.1,8881.5,8885.5,6536,12
1781740800,8908.3,8984.1,8895.3,8933.1,3165,12
1781755200,8932.1,8947.1,8908.1,8917.9,4016,12
1781769600,8915.1,8940.8,8889.1,8889.1,3074,10
1781784000,8889.1,8907.3,8865.1,8890.1,2784,12
1781798400,8889.1,8897.5,8866.6,8869.6,5130,12
1781812800,8869.6,8882.9,8855.6,8867.1,1908,12
1781827200,8860.8,8880.8,8812.6,8825.6,2567,9
1781841600,8824.6,8834.4,8801.1,8804.6,3800,12
1781856000,8804.6,8863.3,8802.6,8861.4,2491,12
1781870400,8860.6,8864.3,8824.6,8850.6,2035,12
1781884800,8850.6,8853.6,8817.6,8819.1,2378,12
1781899200,8819.1,8829.2,8817.6,8817.6,297,12
1782086400,8807.8,8842.6,8778.8,8836.6,2377,12
1782100800,8837.6,8851.6,8812.6,8818.6,3019,12
1782115200,8817.6,8835.9,8803.6,8817.6,2357,12
1782129600,8817.6,8854.6,8813.6,8846.3,2212,12
1782144000,8846.6,8874.1,8835.1,8846.1,5367,12
1782158400,8846.1,8854.1,8834.1,8844.1,1928,12
1782172800,8833.8,8851.6,8796.3,8830.6,2195,12
1782187200,8830.6,8835.6,8784.8,8785.8,4182,12
1782201600,8786.6,8798.6,8731.6,8739.6,4167,12
1782216000,8739.6,8780.6,8739.6,8772.7,3260,12
1782230400,8773.6,8833.1,8767.6,8827.1,6549,12
1782244800,8827.6,8835.1,8798.8,8799.6,3347,9
1782259200,8790.1,8824.1,8776.1,8795.9,3259,12
1782273600,8795.9,8827.9,8784.4,8798.9,4945,12
1782288000,8798.9,8823.9,8792.3,8814.9,3233,12
1782302400,8814.9,8818.9,8789.0,8796.9,3403,12
1782316800,8797.9,8816.9,8777.9,8797.4,7318,12
1782331200,8796.9,8802.4,8767.4,8789.4,5269,12
1782345600,8818.4,8841.4,8757.2,8766.2,2819,12
1782360000,8767.2,8802.2,8757.3,8762.2,3999,12
1782374400,8762.2,8801.2,8748.2,8790.2,2886,12
1782388800,8790.2,8807.2,8779.8,8800.2,2774,12
1782403200,8800.2,8809.7,8759.1,8785.2,10810,12
1782417600,8784.7,8793.7,8765.2,8774.7,4908,12
1782432000,8756.4,8796.2,8741.4,8754.2,3245,12
1782446400,8754.2,8779.2,8709.3,8758.2,6089,12
1782460800,8758.2,8809.2,8748.0,8778.2,3983,12
1782475200,8779.2,8788.2,8756.0,8767.2,3866,12
1782489600,8767.2,8827.2,8745.2,8815.7,8387,12
1782504000,8815.7,8827.7,8791.5,8795.7,3620,12
1782691200,8804.0,8831.8,8776.8,8801.8,3388,12
1782705600,8802.8,8806.8,8767.1,8797.8,4590,12
1782720000,8797.8,8853.8,8791.4,8813.8,3172,12
1782734400,8813.8,8834.8,8805.9,8824.4,2836,12
1782748800,8829.8,8843.3,8787.8,8836.8,6727,12
1782763200,8836.8,8846.3,8823.8,8838.3,1404,12
1782777600,8826.2,8845.1,8818.8,8833.1,2106,12
1782792000,8833.1,8843.1,8805.0,8805.9,3146,12
1782806400,8812.1,8817.1,8771.4,8786.1,2679,8
1782820800,8786.1,8811.1,8772.5,8785.1,2335,10
1782835200,8784.1,8817.6,8772.0,8790.6,3335,12
1782849600,8790.6,8802.6,8780.1,8800.1,1069,12
1782864000,8806.1,8807.5,8727.4,8753.7,2276,12
1782878400,8754.2,8774.9,8710.9,8732.9,3947,12
1782892800,8731.9,8738.9,8689.4,8718.9,2692,12
1782907200,8718.9,8721.9,8675.5,8688.9,2356,12
1782921600,8681.0,8732.9,8672.6,8713.4,4235,12
1782936000,8713.4,8719.4,8686.5,8708.9,1478,11
1782950400,8712.3,8718.1,8660.7,8708.1,2535,12
1782964800,8708.1,8735.1,8704.1,8715.4,3619,12
1782979200,8715.9,8770.1,8702.3,8765.1,2969,12
1782993600,8765.1,8799.1,8753.5,8784.1,2503,12
1783008000,8782.7,8825.6,8747.1,8752.6,8061,11
1783022400,8752.6,8779.6,8725.5,8777.1,3392,12
1783036800,8771.8,8792.7,8753.9,8789.1,2796,12
1783051200,8790.1,8854.1,8789.1,8851.1,3425,12
1783065600,8852.1,8858.1,8797.6,8799.6,2299,8
1783080000,8802.6,8817.6,8791.7,8815.3,1759,12
1783094400,8817.6,8832.1,8809.4,8819.6,1353,12
1783108800,8819.6,8819.6,8809.7,8811.1,268,12
1783296000,8807.8,8861.8,8806.8,8855.8,1986,12
1783310400,8854.8,8863.8,8818.6,8839.8,3055,12
1783324800,8839.8,8868.8,8817.0,8852.8,2190,12
1783339200,8852.8,8852.8,8819.3,8826.8,1714,12
1783353600,8827.8,8836.3,8811.1,8818.1,2412,12
1783368000,8818.1,8825.6,8810.2,8823.1,970,12
1783382400,8819.8,8832.6,8788.6,8801.6,1745,12
1783396800,8801.6,8847.6,8790.6,8791.6,3093,12
1783411200,8791.6,8834.6,8785.6,8818.6,2256,12
1783425600,8818.6,8837.6,8812.6,8830.6,1933,12
1783440000,8830.6,8840.1,8776.1,8795.1,4515,12
1783454400,8795.1,8802.1,8765.1,8776.1,2682,12
1783468800,8759.9,8772.9,8669.7,8706.7,2557,12
1783483200,8706.7,8761.7,8688.7,8756.7,3658,12
1783497600,8756.7,8782.7,8648.7,8649.7,4427,12
1783512000,8648.7,8720.7,8629.7,8704.7,4416,12
1783526400,8704.7,8730.7,8665.2,8722.2,6951,12
1783540800,8722.2,8740.3,8717.2,8731.7,2310,12
1783555200,8721.7,8735.7,8699.5,8723.5,1881,12
1783569600,8723.5,8749.5,8712.5,8741.2,3588,8
1783584000,8743.5,8764.5,8736.4,8742.5,2991,8
1783598400,8742.5,8746.5,8712.9,8736.5,3065,12
1783612800,8735.5,8776.0,8734.8,8767.5,3415,12
1783627200,8765.7,8777.0,8756.9,8765.0,1036,12
1783641600,8746.4,8771.2,8745.5,8767.5,1715,12
1783656000,8768.2,8823.2,8767.2,8788.9,2292,11
1783670400,8789.2,8811.2,8779.4,8797.2,2403,12
1783684800,8797.2,8824.2,8794.2,8814.5,2178,12
1783699200,8816.2,8835.2,8783.8,8833.5,3843,12
1783713600,8834.7,8837.7,8826.7,8829.7,1008,12
1783900800,8799.7,8828.4,8774.6,8797.4,2158,12
1783915200,8797.4,8803.4,8768.7,8797.4,3499,12
1783929600,8797.4,8860.4,8792.3,8857.1,3401,12
1783944000,8860.4,8860.4,8816.7,8837.4,2336,12
1783958400,8837.4,8850.9,8799.4,8813.9,5501,12
1783972800,8813.9,8821.9,8792.7,8805.9,2746,12
1783987200,8792.0,8805.8,8753.8,8770.8,2504,12
1784001600,8771.8,8793.8,8754.8,8791.8,4030,12
1784016000,8791.8,8809.8,8763.8,8765.8,3320,12
1784030400,8765.8,8869.2,8761.8,8823.8,3625,12
1784044800,8823.8,8880.3,8820.8,8851.8,6433,12
1784059200,8852.3,8852.3,8837.2,8848.8,1505,12
1784073600,8844.1,8874.9,8839.1,8843.9,1717,9
1784088000,8843.9,8848.2,8823.9,8832.9,2441,12
1784102400,8832.9,8838.7,8799.3,8827.4,2630,12
1784116800,8827.9,8836.2,8801.9,8831.9,2505,12
1784131200,8831.9,8858.1,8812.9,8825.4,5016,12
1784145600,8825.4,8858.3,8824.9,8850.9,1728,8
1784160000,8845.2,8857.0,8830.0,8836.0,1756,12
1784174400,8835.0,8838.0,8805.0,8825.5,3132,12
1784188800,8822.0,8842.7,8800.0,8816.0,3002,12
1784203200,8816.0,8825.7,8767.4,8773.0,3052,12
1784217600,8774.0,8840.9,8769.0,8820.0,5355,12
1784232000,8820.5,8824.5,8800.0,8815.0,2630,12
1784246400,8804.3,8819.1,8769.1,8779.1,2054,12
1784260800,8779.1,8801.1,8751.1,8766.1,3476,12
1784275200,8766.1,8810.8,8758.1,8784.1,3825,12
1784289600,8784.1,8811.1,8778.1,8799.1,3086,12
1784304000,8798.1,8848.5,8772.1,8836.6,6487,12
1784318400,8836.6,8850.0,8808.6,8839.6,2586,12
1784505600,8832.6,8844.6,8800.4,8817.4,2452,12
1784520000,8817.4,8824.4,8790.4,8811.4,4164,12
1784534400,8812.4,8827.4,8777.6,8822.2,3400,12
1784548800,8822.7,8834.4,8791.4,8796.4,3447,12
1784563200,8796.4,8808.9,8761.4,8766.4,5246,12
1784577600,8766.4,8771.9,8741.4,8755.9,2676,12
1784592000,8746.1,8771.9,8730.9,8751.9,2208,12
1784606400,8751.9,8803.9,8744.9,8783.9,3014,12
1784620800,8783.9,8794.5,8767.7,8786.9,2942,12
1784635200,8785.1,8796.9,8742.9,8754.9,2884,12
1784649600,8754.9,8797.4,8724.4,8795.4,4152,12
1784664000,8795.4,8802.4,8787.2,8800.4,1068,12
1784678400,8797.1,8841.9,8788.1,8826.9,1955,12
1784692800,8826.9,8833.9,8804.9,8811.9,2978,7
1784707200,8811.9,8851.5,8795.1,8851.5,3502,12
1784721600,8849.9,8866.5,8836.9,8856.9,3770,12
1784736000,8856.9,8904.4,8856.9,8881.9,3411,12
1784750400,8882.7,8885.8,8865.9,8871.4,1478,12
1784764800,8866.2,8920.0,8853.2,8905.0,2308,12
1784779200,8904.0,8924.0,8861.0,8863.0,3800,12
1784793600,8864.0,8866.7,8802.4,8829.0,3477,11
1784808000,8829.0,8845.3,8769.0,8771.0,3642,12
1784822400,8770.0,8798.9,8755.0,8787.5,7670,12
1784836800,8787.5,8795.4,8773.0,8787.5,2703,12
1784851200,8779.5,8800.2,8768.3,8791.3,2326,12
1784865600,8791.3,8814.6,8732.3,8759.3,3728,12
1784880000,8765.6,8808.2,8737.5,8793.3,3225,12
1784894400,8801.3,8813.5,8782.3,8791.8,2861,12
1784908800,8788.3,8844.2,8787.3,8823.3,5861,12
1784923200,8831.7,8835.2,8798.8,8810.8,2858,12
1785110400,8826.7,8871.3,8820.7,8838.5,2467,12
1785124800,8838.5,8885.5,8830.5,8879.5,3317,12
1785139200,8880.5,8897.5,8861.5,8886.5,2766,12
1785153600,8886.5,8895.5,8866.5,8872.5,2495,12
1785168000,8872.5,8880.5,8833.0,8842.0,6880,12
1785182400,8842.0,8872.5,8834.0,8865.0,2728,11
1785196800,8849.7,8882.3,8837.7,8868.5,1935,12
1785211200,8869.5,8951.5,8856.5,8933.5,4049,12
1785225600,8932.5,8978.5,8926.8,8963.5,3751,12
1785240000,8963.5,8969.5,8937.3,8965.5,3351,12
1785254400,8965.5,9043.0,8955.3,9039.0,5320,12
1785268800,9039.0,9040.0,9019.2,9025.5,1883,12
1785283200,9015.8,9073.6,8999.8,9050.6,3350,12
1785297600,9050.6,9090.6,9024.6,9049.6,6324,12
1785312000,9050.6,9077.6,9032.2,9062.6,3813,12
1785326400,9066.6,9077.6,9042.0,9050.6,3635,12
1785340800,9044.0,9049.6,9002.9,9025.1,7019,12
1785355200,9025.6,9087.0,8977.0,8985.0,9644,12
1785369600,9006.6,9033.9,8966.4,8974.4,3258,12
1785384000,8975.4,9015.4,8951.4,8952.4,4820,12
1785398400,8952.4,9008.9,8939.6,8996.5,4743,12
1785412800,8992.4,9039.1,8979.4,9021.4,4149,12
1785427200,9021.4,9055.7,9017.4,9047.9,6519,12
1785441600,9053.2,9076.7,9042.9,9066.9,1807,12
1785456000,9059.2,9077.6,8998.0,9002.0,2199,12
1785470400,9002.0,9017.0,8976.0,8987.0,3167,12
1785484800,8986.0,9015.0,8955.8,9008.0,3245,12
1785499200,9008.0,9012.0,8964.0,8965.4,2993,12
1785513600,8965.9,8972.0,8888.0,8930.5,7034,12
1785528000,8930.5,8943.0,8923.9,8927.5,2071,12
1785715200,8954.4,8979.2,8936.4,8969.9,2455,12
1785729600,8972.2,8991.2,8952.2,8983.2,2634,12
1785744000,8984.2,9023.4,8981.3,9006.2,3087,12
1785758400,9007.2,9012.2,8982.6,8992.2,2435,12
1785772800,8993.2,9026.7,8980.8,9013.7,2925,12
1785787200,9013.7,9028.7,9007.8,9018.2,995,12
1785801600,9021.7,9079.5,9017.7,9077.5,1937,12
1785816000,9077.5,9146.5,9075.5,9137.5,3382,12
1785830400,9137.5,9153.5,9105.9,9105.9,2650,12
1785844800,9109.5,9142.5,9097.0,9115.5,3043,12
1785859200,9115.5,9175.5,9108.0,9175.0,3287,12
1785873600,9175.0,9186.5,9157.6,9176.5,1488,12
1785888000,9183.6,9215.4,9137.4,9162.4,2543,12
1785902400,9163.4,9220.4,9134.4,9215.4,3075,12
1785916800,9214.3,9233.4,9166.4,9173.9,2698,12
1785931200,9174.4,9211.4,9173.9,9201.4,2515,12
1785945600,9199.8,9222.4,9190.3,9204.4,4503,12
1785960000,9204.4,9211.9,9198.0,9201.4,1575,12
1785974400,9209.0,9295.4,9188.6,9275.1,2098,12
1785988800,9275.1,9293.4,9248.4,9262.8,3320,12
1786003200,9261.8,9288.4,9238.6,9287.4,2486,12
1786017600,9287.4,9292.4,9256.4,9257.6,2202,12
1786032000,9257.4,9283.4,9246.4,9260.9,3519,12
1786046400,9260.9,9263.9,9246.4,9251.9,1685,12
1786060800,9244.6,9252.6,9211.4,9246.4,1859,12
1786075200,9245.4,9277.4,9242.4,9269.9,2786,12
1786089600,9270.4,9274.0,9251.6,9272.4,1891,12
1786104000,9272.4,9321.0,9269.4,9308.4,2006,12
1786118400,9308.4,9315.1,9280.9,9290.9,3497,12
1786132800,9290.9,9301.4,9283.4,9295.9,1363,12
1786320000,9286.0,9296.0,9216.8,9218.8,2214,12
1786334400,9217.8,9238.8,9205.3,9235.8,2770,12
1786348800,9234.8,9263.8,9229.4,9246.8,1855,12
1786363200,9243.1,9251.7,9226.2,9234.6,1628,12
1786377600,9237.7,9243.7,9215.8,9236.7,2548,12
1786392000,9237.2,9243.2,9227.9,9238.2,869,12
1786406400,9228.8,9262.6,9212.3,9250.1,1551,12
1786420800,9250.1,9291.6,9244.7,9272.6,2633,12
1786435200,9272.6,9274.6,9228.4,9240.6,2440,12
1786449600,9237.0,9270.6,9236.0,9240.9,2537,12
1786464000,9243.6,9264.1,9218.6,9221.1,3135,12
1786478400,9221.1,9224.1,9201.4,9213.1,1252,12
1786492800,9215.1,9231.9,9196.9,9206.9,1864,12
1786507200,9206.9,9215.9,9184.6,9203.9,2316,12
1786521600,9203.9,9225.3,9198.9,9202.9,1895,12
1786536000,9202.9,9225.9,9200.3,9213.9,2690,12
1786550400,9213.9,9214.9,9176.5,9187.4,2929,12
1786564800,9187.4,9200.4,9185.9,9197.9,885,12
1786579200,9182.6,9200.4,9163.4,9165.4,1750,12
1786593600,9165.4,9178.4,9136.4,9169.2,2431,12
1786608000,9168.4,9195.4,9168.4,9193.1,2097,12
1786622400,9193.1,9199.4,9171.9,9174.4,1768,12
1786636800,9175.4,9187.9,9147.1,9157.9,3179,12
1786651200,9157.6,9159.9,9142.8,9145.9,1016,12
1786665600,9147.7,9160.0,9107.2,9117.5,1974,12
1786680000,9117.5,9137.5,9089.4,9093.5,2527,12
1786694400,9093.5,9111.5,9085.5,9094.3,1882,12
1786708800,9096.5,9107.5,9086.4,9097.9,1822,12
1786723200,9098.4,9103.0,9064.1,9069.0,2383,12
1786737600,9069.5,9085.0,9066.7,9081.0,878,12
1786924800,9085.5,9096.8,9071.2,9082.8,1359,12
1786939200,9082.8,9109.8,9080.8,9089.8,797,12
