time,open,high,low,close,tick_volume,spread
735177600,169.78,171.31,169.44,170.72,2801,150
735264000,170.76,172.24,170.09,170.79,4271,150
735350400,170.69,171.79,170.05,170.54,3331,150
735436800,169.84,171.87,168.79,170.37,5631,150
735523200,172.16,174.67,171.64,174.36,3861,150
735782400,174.63,176.25,174.63,175.49,2381,150
735868800,174.77,176.26,173.79,175.57,4141,150
735955200,176.17,176.66,174.94,176.6,3011,150
736041600,176.01,176.57,174.94,175.47,2721,150
736128000,174.58,175.07,173.85,175.02,2001,150
736387200,174.68,174.88,174.68,174.88,201,150
736473600,173.34,174.22,172.41,172.61,2891,150
736560000,172.91,173.31,172.11,172.58,2071,150
736646400,172.71,175.57,172.42,173.25,5761,150
736732800,173.96,175.09,172.96,173.63,3931,150
736992000,172.6,172.75,171.08,171.68,2421,150
737078400,170.63,172.35,170.63,171.47,2601,150
737164800,172.18,172.61,170.87,171.15,2451,150
737251200,171.27,171.43,169.84,170.04,1951,150
737337600,170.17,171.24,169.85,170.56,2391,150
737596800,170.92,171.51,170.4,170.77,2071,150
737683200,170.52,171.2,170.12,170.87,1811,150
737769600,171.48,172.21,169.84,170.71,3971,150
737856000,170.27,172.23,170.24,172.22,2031,150
737942400,172.04,172.26,169.55,170.12,3501,150
738201600,170.02,170.25,168.84,169.57,2371,150
738288000,170.17,170.39,168.84,169.05,1981,150
738374400,167.89,168.61,167.55,168.16,1851,150
738460800,168.19,168.63,166.84,167.29,2681,150
738547200,166.85,168.24,166.34,167.34,3311,150
738892800,166.79,167.5,165.77,166.07,2741,150
738979200,165.82,166.7,164.95,165.8,3481,150
739065600,166.08,166.34,164.99,165.16,1781,150
739152000,165.84,165.98,162.58,162.74,3701,150
739411200,162.64,163.75,162.49,162.84,2321,150
739497600,161.72,162.2,160.93,161.8,2461,150
739584000,161.55,162.23,160.6,161.17,2881,150
739670400,160.35,162.18,159.8,161.96,3151,150
739756800,162.4,163.96,161.43,162.11,4771,150
740016000,160.5,161.32,160.22,160.66,2041,150
740102400,160.65,161.94,160.35,160.51,3041,150
740188800,161.17,161.55,159.31,160.22,3531,150
740275200,160.9,162.4,160.11,162.13,3351,150
740361600,162.26,164.26,161.78,164.26,2961,150
740620800,164.46,166.07,163.66,165.25,4031,150
740707200,165.19,165.76,163.41,163.89,3401,150
740793600,162.29,163.11,160.24,160.5,3951,150
740880000,159.88,160.78,159.09,160.55,2711,150
740966400,158.39,158.58,156.57,156.76,2391,150
741225600,156.33,158.95,156.08,158.56,3511,150
741312000,159.0,161.79,159.0,161.01,3571,150
741398400,160.65,161.19,158.76,159.47,3681,150
741484800,161.75,162.74,159.86,162.74,4771,150
741571200,163.26,164.21,162.33,163.51,3511,150
741830400,164.38,165.04,163.86,164.61,2131,150
741916800,162.99,163.85,162.33,163.4,2631,150
742003200,163.34,163.81,160.47,160.96,4301,150
742089600,161.45,163.24,160.92,162.87,3221,150
742176000,161.79,162.83,160.51,162.6,3831,150
742435200,162.82,163.27,161.44,162.21,3051,150
742521600,160.73,162.45,160.46,161.96,2751,150
742608000,161.4,162.47,160.87,161.23,3031,150
742694400,161.24,161.54,160.22,161.05,2451,150
742780800,160.51,161.01,159.24,159.7,2731,150
743040000,160.28,162.92,159.92,162.55,3731,150
743126400,162.45,164.29,162.26,163.52,2991,150
743212800,163.43,165.13,163.14,164.07,3341,150
743299200,163.52,164.0,160.45,162.4,5981,150
743385600,159.47,161.28,159.13,160.16,3611,150
743644800,160.08,160.57,159.35,159.94,2301,150
743731200,160.11,160.28,157.76,158.01,2941,150
743817600,157.98,158.14,156.68,157.52,2461,150
743904000,158.55,159.69,157.03,158.0,4771,150
743990400,156.7,156.81,154.13,156.01,4671,150
744249600,154.84,156.07,154.63,155.97,1751,150
744336000,156.15,157.47,155.87,156.83,2521,150
744422400,157.08,157.9,156.75,157.55,1831,150
744508800,157.2,157.45,155.26,155.64,2821,150
744595200,155.67,156.82,155.07,156.58,2591,150
744854400,156.32,157.14,156.19,156.59,1631,150
744940800,155.27,155.71,153.65,153.88,2731,150
745027200,152.56,153.55,152.21,152.44,2561,150
745113600,152.19,152.79,150.23,150.98,3911,150
745200000,149.9,150.73,148.77,149.09,3111,150
745459200,148.12,150.76,147.43,150.59,4191,150
745545600,150.86,152.83,150.43,150.67,4611,150
745632000,151.14,153.9,151.03,153.49,3391,150
745718400,154.37,158.09,153.4,157.94,5811,150
745804800,156.92,159.08,156.92,158.52,2721,150
746064000,156.49,157.22,154.63,155.43,4121,150
746150400,156.1,156.37,154.77,155.38,2481,150
746236800,156.3,157.4,155.19,155.53,3651,150
746323200,156.04,158.57,156.02,157.73,3411,150
746409600,157.78,158.25,155.56,156.03,3631,150
746668800,155.41,155.89,154.35,155.13,2801,150
746755200,154.78,156.51,154.78,155.95,2291,150
746841600,155.98,159.29,155.98,158.74,3861,150
746928000,158.75,159.5,157.78,159.02,3171,150
747014400,158.53,160.97,158.03,159.97,4441,150
747273600,160.14,160.77,159.1,159.72,2921,150
747360000,158.82,160.88,157.73,160.64,4481,150
747446400,160.9,162.88,160.41,162.78,3061,150
747532800,162.77,163.69,161.65,163.19,3661,150
747619200,163.78,165.1,163.38,165.1,2121,150
747878400,164.32,166.07,163.29,163.98,5221,150
747964800,162.93,163.82,162.26,163.56,2491,150
748051200,163.8,165.13,162.68,164.9,3801,150
748137600,161.81,162.91,159.63,160.1,4851,150
748224000,159.65,160.49,158.88,159.86,3011,150
748483200,159.37,160.48,159.05,160.3,1931,150
748569600,161.48,163.29,160.77,161.66,4861,150
748656000,160.78,161.97,160.37,161.45,2531,150
748742400,161.15,161.65,159.16,159.71,3541,150
748828800,159.74,159.87,158.09,159.54,3361,150
749088000,160.73,161.44,159.77,160.44,3051,150
749174400,159.73,160.26,158.47,158.97,2821,150
749260800,158.95,159.87,158.7,159.25,2041,150
749347200,158.63,159.39,157.91,158.8,2791,150
749433600,158.75,160.43,158.44,159.62,3111,150
749692800,159.58,160.66,158.68,160.36,3181,150
749779200,159.97,160.69,159.42,160.06,2451,150
749865600,159.68,161.65,159.68,161.32,2301,150
749952000,160.55,161.1,159.67,159.81,2121,150
750038400,159.8,162.55,159.8,162.27,3031,150
750297600,162.67,163.35,162.28,162.66,2131,150
750384000,161.83,162.63,161.42,162.63,1621,150
750470400,161.66,161.93,160.63,161.16,2101,150
750556800,161.34,163.45,161.34,162.53,3031,150
750643200,162.13,162.7,161.32,161.95,2581,150
750902400,161.62,161.96,159.95,160.19,2591,150
750988800,159.56,160.26,158.67,160.0,2741,150
751075200,160.09,161.05,159.24,160.45,3261,150
751161600,161.46,161.94,160.28,160.93,2791,150
751248000,160.58,160.88,158.86,159.11,2571,150
751507200,160.77,162.13,160.39,160.54,3251,150
751593600,161.33,161.47,159.2,160.29,3501,150
751680000,160.1,161.18,159.86,160.89,1851,150
751766400,160.11,161.48,159.69,161.01,2681,150
751852800,160.43,161.92,160.43,160.66,2751,150
752112000,161.25,161.91,159.82,160.07,3001,150
752198400,160.1,160.75,158.73,158.87,2811,150
752284800,159.66,159.88,158.41,159.25,2531,150
752371200,159.94,160.43,159.41,160.11,1871,150
752457600,160.21,161.16,159.57,160.74,2651,150
752716800,160.2,160.61,159.67,160.27,1811,150
752803200,159.79,160.07,158.51,158.76,2091,150
752889600,158.37,158.85,157.0,158.38,3691,150
752976000,158.27,158.4,156.94,157.15,1801,150
753062400,157.16,158.02,156.84,158.02,1501,150
753321600,157.78,159.53,157.17,159.06,3441,150
753408000,158.88,159.11,157.85,157.97,1611,150
753494400,158.56,158.93,157.89,158.53,2051,150
753580800,158.35,158.94,157.29,158.25,3201,150
753667200,158.86,160.12,158.74,159.69,1931,150
753926400,159.4,160.22,159.17,159.96,1541,150
754012800,159.73,161.48,159.6,161.48,2011,150
754099200,160.82,161.73,160.61,160.86,2201,150
754185600,160.95,161.47,160.71,161.31,1161,150
754272000,161.45,161.74,160.1,161.03,2861,150
754531200,161.67,162.97,161.24,162.63,2501,150
754617600,162.28,162.67,161.3,162.09,2551,150
754704000,161.22,161.51,160.47,160.74,1601,150
754790400,160.3,161.59,160.17,161.42,1721,150
754876800,161.52,162.69,161.28,161.76,2581,150
755136000,161.77,162.64,161.52,162.41,1601,150
755222400,162.13,162.35,160.32,160.94,2871,150
755308800,160.8,163.26,160.45,162.87,3551,150
755395200,162.28,162.85,162.19,162.55,1051,150
755481600,162.77,163.55,162.56,163.28,1471,150
755740800,162.92,163.18,162.14,162.64,1801,150
755827200,162.51,163.15,162.25,162.97,1341,150
755913600,162.63,163.33,162.29,162.54,1991,150
756000000,162.75,163.63,162.4,163.27,1941,150
756086400,163.06,164.29,163.06,164.14,1381,150
756345600,164.04,164.75,163.87,164.7,1101,150
756432000,164.47,165.66,164.47,165.36,1491,150
756518400,165.43,166.47,164.64,165.19,3421,150
756604800,165.01,166.62,164.74,166.4,2371,150
756691200,166.69,167.07,165.87,166.35,2061,150
756950400,167.07,167.73,166.86,167.73,1081,150
757036800,167.6,167.74,167.6,167.74,141,150
757123200,167.83,168.33,165.74,165.88,3231,150
757209600,165.94,166.2,164.9,165.1,1761,150
757296000,165.42,165.87,164.64,165.06,2101,150
757555200,164.89,166.6,164.89,166.48,1831,150
757641600,166.33,168.12,166.26,167.41,2641,150
757728000,167.81,168.59,166.87,168.14,3111,150
757814400,167.25,167.86,166.67,167.06,2191,150
757900800,166.57,167.17,166.31,166.9,1391,150
758160000,166.96,168.26,166.56,167.56,2801,150
758246400,167.88,168.26,167.29,167.62,1681,150
758332800,167.45,169.39,167.45,168.93,2401,150
758419200,168.63,169.18,167.08,167.29,2861,150
758505600,167.23,167.38,164.86,165.99,3801,150
758764800,165.67,166.54,165.33,166.07,2021,150
758851200,165.85,166.52,165.23,165.73,2461,150
758937600,166.1,166.43,164.45,165.98,3841,150
759024000,166.05,167.59,165.85,167.01,2521,150
759110400,166.12,166.72,164.44,166.25,4431,150
759369600,166.43,167.73,166.43,167.13,1901,150
759456000,166.38,166.84,165.66,165.88,1861,150
759542400,164.64,166.04,164.08,164.48,3761,150
759628800,163.93,164.17,163.06,164.03,2121,150
759715200,163.92,164.79,163.03,164.65,2791,150
759974400,163.72,163.99,163.02,163.58,1801,150
760060800,162.32,163.14,161.62,161.78,2501,150
760147200,163.28,163.49,160.94,161.57,3391,150
760233600,161.55,162.5,160.72,160.86,2871,150
760320000,161.48,162.1,160.96,161.5,2261,150
760579200,161.25,161.68,160.59,161.23,2161,150
760665600,161.18,161.5,159.29,159.47,2711,150
760752000,159.47,159.61,157.05,157.76,3411,150
760838400,158.16,158.97,157.79,158.14,2341,150
760924800,158.41,158.74,157.35,157.51,1881,150
761184000,154.99,155.43,151.9,152.09,4161,150
761270400,151.44,153.46,151.19,153.11,2871,150
761356800,152.68,154.02,152.1,153.13,3391,150
761443200,153.09,154.57,152.58,154.32,2751,150
761529600,154.25,155.28,153.93,154.98,1971,150
761788800,155.68,157.84,155.51,156.92,3421,150
761875200,156.12,156.39,155.35,156.0,1961,150
761961600,155.81,157.26,154.87,156.07,4521,150
762048000,156.24,156.5,155.42,155.78,1701,150
762134400,156.01,156.23,155.03,155.75,2141,150
762393600,154.94,155.51,154.41,154.92,2181,150
762480000,155.29,156.36,154.73,155.74,2811,150
762566400,155.32,155.67,153.7,155.67,3591,150
762652800,155.43,155.78,154.71,154.84,1551,150
762739200,156.7,157.82,156.21,157.31,2611,150
762998400,156.84,158.11,156.75,157.67,1891,150
763084800,156.98,157.26,156.33,156.64,1521,150
763171200,156.32,158.33,156.22,158.25,2291,150
763257600,158.17,159.39,158.11,158.53,2201,150
763344000,157.56,158.33,157.04,157.56,2581,150
763603200,158.16,159.0,157.73,158.94,1761,150
763689600,158.65,159.13,157.95,158.3,2011,150
763776000,157.78,158.42,157.25,158.3,1821,150
763862400,157.79,158.64,157.73,158.02,1591,150
763948800,158.19,158.54,157.67,158.23,1701,150
764208000,158.14,158.3,157.26,158.01,1951,150
764294400,157.44,158.12,157.14,157.75,1651,150
764380800,158.0,159.47,157.78,159.34,2041,150
764467200,159.15,159.55,156.4,157.06,4211,150
764553600,157.22,157.52,156.42,157.07,2051,150
764812800,156.8,157.21,155.62,155.95,2331,150
764899200,155.52,155.73,153.37,153.5,2701,150
764985600,152.94,153.79,151.75,152.5,3641,150
765072000,152.24,153.18,151.82,152.0,2481,150
765158400,152.6,153.28,152.13,152.57,2271,150
765417600,153.08,153.21,153.08,153.21,131,150
765504000,153.08,153.21,150.5,152.31,4651,150
765590400,152.38,154.28,152.38,153.48,2701,150
765676800,153.28,154.6,152.81,154.41,2451,150
765763200,154.68,155.61,154.3,155.46,1841,150
766022400,154.24,154.37,151.75,152.01,3011,150
766108800,151.73,153.02,151.56,152.85,1801,150
766195200,152.99,153.47,152.42,153.11,1981,150
766281600,151.83,154.23,151.5,153.98,3311,150
766368000,153.21,153.47,152.37,152.64,1631,150
766627200,151.84,152.85,151.64,151.83,2411,150
766713600,152.09,152.9,151.69,152.9,1611,150
766800000,152.95,153.78,152.88,153.78,971,150
766886400,153.43,155.53,153.08,154.83,3501,150
766972800,154.32,155.09,153.88,154.24,2341,150
767232000,153.66,154.63,153.47,153.79,2191,150
767318400,153.63,155.06,153.25,154.91,2341,150
767404800,154.63,155.55,153.75,153.99,2961,150
767491200,153.84,154.35,153.01,153.37,2211,150
767577600,153.25,154.94,152.27,154.23,4361,150
767836800,154.0,154.75,153.97,154.75,811,150
767923200,153.61,154.04,152.58,153.08,2391,150
768009600,152.53,154.0,152.31,153.18,2731,150
768096000,152.95,154.31,152.91,154.04,1711,150
768182400,153.6,154.22,153.08,153.46,2141,150
768441600,152.6,154.11,152.42,153.78,2201,150
768528000,154.12,155.57,154.05,155.22,1941,150
768614400,155.28,155.9,154.99,155.78,1321,150
768700800,155.52,157.11,155.48,156.57,2211,150
768787200,156.57,157.55,156.32,157.22,1811,150
769046400,157.08,157.61,156.52,157.44,1821,150
769132800,157.33,157.95,156.73,157.29,2401,150
769219200,156.41,157.29,155.81,156.22,2771,150
769305600,156.19,157.33,155.97,157.24,1671,150
769392000,157.22,157.87,156.51,156.99,2491,150
769651200,157.06,157.59,156.77,157.24,1461,150
769737600,157.15,158.18,156.5,157.96,2551,150
769824000,157.54,158.18,157.38,157.62,1521,150
769910400,156.94,158.12,156.85,157.99,1491,150
769996800,157.64,158.23,157.19,157.59,2031,150
770256000,157.5,158.0,157.47,158.0,561,150
770342400,157.41,158.5,157.37,158.36,1311,150
770428800,158.15,159.16,158.04,158.88,1511,150
770515200,158.7,159.21,158.15,158.44,1861,150
770601600,158.37,158.95,158.06,158.72,1431,150
770860800,158.35,159.05,158.26,158.91,1021,150
770947200,158.61,158.84,156.88,157.1,2411,150
771033600,157.38,157.83,156.1,157.13,3211,150
771120000,157.15,157.57,156.66,157.15,1821,150
771206400,156.95,157.36,156.2,156.41,1781,150
771465600,156.4,156.9,156.25,156.9,801,150
771552000,156.63,157.0,155.49,156.05,2441,150
771638400,156.02,156.78,155.96,156.25,1411,150
771724800,156.45,157.41,156.31,157.0,1651,150
771811200,157.37,157.77,156.84,157.41,1821,150
772070400,157.13,157.47,156.44,156.73,1661,150
772156800,156.92,157.16,154.12,154.77,3931,150
772243200,154.7,155.72,154.16,154.46,2881,150
772329600,155.14,156.09,154.5,155.89,2431,150
772416000,155.24,156.62,154.79,156.47,2431,150
772675200,155.08,156.22,154.59,154.91,3091,150
772761600,154.82,155.72,154.78,155.38,1321,150
772848000,154.05,154.64,152.46,152.66,2971,150
772934400,152.7,153.07,151.85,152.26,2001,150
773020800,151.63,153.17,151.26,151.68,3771,150
773280000,151.33,152.83,151.3,152.24,2151,150
773366400,153.04,153.44,152.05,152.6,2341,150
773452800,151.87,152.94,151.15,152.94,2511,150
773539200,152.9,153.18,151.82,152.31,2131,150
773625600,151.88,152.74,151.21,151.65,2831,150
773884800,152.92,153.41,152.07,153.12,2481,150
773971200,152.99,153.25,151.91,152.69,2381,150
774057600,152.7,153.97,152.53,153.77,1811,150
774144000,153.47,154.06,153.17,153.38,1691,150
774230400,153.28,153.73,152.16,153.15,3011,150
774489600,153.37,154.11,152.66,153.93,2341,150
774576000,153.56,154.99,153.23,153.56,3521,150
774662400,153.4,154.17,152.36,153.03,3251,150
774748800,152.68,153.1,151.29,151.75,2691,150
774835200,151.11,151.53,150.44,151.02,2091,150
775094400,151.03,151.88,150.74,151.6,1711,150
775180800,151.06,151.33,148.99,149.52,3141,150
775267200,149.49,151.19,149.34,151.12,2071,150
775353600,150.77,154.23,150.66,153.1,4811,150
775440000,152.47,154.73,152.3,154.45,2881,150
775699200,152.64,153.54,151.69,152.43,3491,150
775785600,152.96,154.85,152.88,154.46,2441,150
775872000,153.97,155.22,153.76,154.99,1901,150
775958400,154.43,154.81,153.63,154.56,2231,150
776044800,154.01,156.49,153.86,156.49,2781,150
776304000,155.03,156.69,155.03,156.67,1681,150
776390400,155.95,156.34,155.22,155.83,2121,150
776476800,155.76,156.45,155.38,156.01,1891,150
776563200,155.5,156.11,154.42,156.01,2871,150
776649600,155.09,155.36,153.87,155.22,2851,150
776908800,154.82,155.24,154.2,154.57,1831,150
776995200,154.04,155.33,153.85,154.84,2161,150
777081600,154.95,155.22,154.0,154.5,1991,150
777168000,153.94,154.52,152.4,153.04,3341,150
777254400,152.26,152.95,151.87,152.82,1601,150
777513600,152.69,152.82,151.25,152.36,2811,150
777600000,152.05,153.46,151.92,152.94,2191,150
777686400,153.02,153.55,152.6,153.55,1371,150
777772800,153.57,155.42,153.57,155.16,2111,150
777859200,154.91,155.35,153.7,153.87,2261,150
778118400,153.54,154.09,153.0,153.98,1741,150
778204800,152.99,153.64,152.5,152.89,2181,150
778291200,152.61,154.37,152.61,153.88,2251,150
778377600,153.38,154.5,153.08,154.23,1991,150
778464000,153.98,154.59,153.15,153.66,2561,150
778723200,153.26,154.05,152.76,153.5,2341,150
778809600,152.49,153.5,152.24,153.5,1511,150
778896000,153.55,154.1,152.76,153.72,2511,150
778982400,153.41,154.08,153.22,153.77,1361,150
779068800,153.79,154.35,153.21,154.3,1771,150
779328000,153.51,155.75,153.2,155.5,3111,150
779414400,155.29,155.77,154.19,154.59,2461,150
779500800,154.28,155.55,153.97,155.16,2281,150
779587200,155.26,155.67,154.97,155.49,1171,150
779673600,155.07,156.92,154.89,156.05,3081,150
779932800,155.93,156.41,154.32,154.84,3091,150
780019200,153.86,155.18,153.67,153.94,2941,150
780105600,154.36,154.78,153.91,154.25,1631,150
780192000,154.26,155.07,154.15,154.56,1541,150
780278400,154.05,154.78,153.64,154.52,1811,150
780537600,154.22,155.6,153.64,155.42,2721,150
780624000,155.04,155.55,154.42,155.02,2241,150
780710400,154.97,156.38,154.82,155.93,2161,150
780796800,155.45,156.02,154.96,156.02,1551,150
780883200,155.56,156.32,155.13,155.91,2031,150
781142400,156.16,157.95,156.16,157.14,2601,150
781228800,156.84,157.94,156.81,157.64,1461,150
781315200,157.38,158.32,157.38,157.89,1371,150
781401600,157.85,158.95,157.78,158.6,1591,150
781488000,158.92,159.89,158.68,159.64,1701,150
781747200,159.22,159.77,158.91,159.39,1551,150
781833600,159.23,159.6,158.28,158.56,1971,150
781920000,158.3,158.44,157.56,158.01,1471,150
782006400,158.03,158.69,157.45,158.04,2471,150
782092800,157.37,157.7,156.02,156.71,2701,150
782352000,157.36,157.73,156.99,157.26,1381,150
782438400,157.63,158.25,157.39,157.72,1631,150
782524800,157.54,158.22,156.76,157.65,2811,150
782611200,158.06,158.66,157.26,158.21,2651,150
782697600,157.67,158.47,157.54,158.29,1241,150
782956800,158.53,158.75,158.01,158.43,1381,150
783043200,158.15,159.16,157.99,158.56,1931,150
783129600,158.51,159.02,158.08,158.9,1491,150
783216000,158.54,159.18,158.08,158.71,2031,150
783302400,158.54,158.96,157.56,157.93,2191,150
783561600,158.07,158.89,157.63,158.57,2021,150
783648000,158.52,158.76,157.67,157.9,1561,150
783734400,157.58,158.96,157.31,158.41,2471,150
783820800,158.04,158.87,157.88,158.44,1581,150
783907200,157.9,158.43,156.95,157.42,2481,150
784166400,157.0,157.45,156.86,157.28,901,150
784252800,157.04,157.4,156.57,157.33,1371,150
784339200,157.4,157.75,156.66,157.12,1901,150
784425600,156.83,157.32,156.2,156.69,2101,150
784512000,156.43,156.78,155.8,156.08,1611,150
784771200,156.07,156.71,155.7,156.06,2011,150
784857600,155.71,156.35,155.15,155.89,2221,150
784944000,155.27,155.54,154.2,154.84,2251,150
785030400,154.59,154.81,154.13,154.81,1141,150
785116800,154.11,155.01,153.74,154.5,2151,150
785376000,154.46,154.96,153.91,154.25,1891,150
785462400,154.1,154.38,153.64,154.19,1391,150
785548800,154.22,154.71,153.97,154.53,1171,150
785635200,154.05,154.56,153.44,153.85,2041,150
785721600,153.78,154.62,153.58,154.42,1441,150
785980800,154.41,154.6,153.79,154.08,1291,150
786067200,154.46,155.02,154.24,154.89,1131,150
786153600,154.45,155.12,154.42,155.12,731,150
786240000,155.18,155.99,154.98,155.6,1601,150
786326400,155.88,157.0,155.88,156.64,1481,150
786585600,156.41,157.1,156.25,156.51,1601,150
786672000,156.34,157.02,156.1,156.6,1581,150
786758400,155.77,157.05,155.68,156.33,2181,150
786844800,156.8,157.62,156.8,157.09,1351,150
786931200,156.66,156.87,155.89,156.49,1791,150
787190400,156.2,156.57,155.96,156.57,851,150
787276800,156.54,156.99,156.34,156.6,1241,150
787363200,156.57,157.03,156.34,156.74,1211,150
787449600,156.44,156.84,156.23,156.69,971,150
787536000,156.64,156.98,156.29,156.79,1231,150
787795200,156.47,156.77,156.18,156.52,1131,150
787881600,156.31,156.74,156.15,156.52,971,150
787968000,156.09,156.58,156.0,156.36,891,150
788054400,154.97,155.94,154.87,155.48,1631,150
788140800,154.77,155.46,154.72,154.87,1381,150
788486400,155.14,155.37,155.01,155.28,581,150
788572800,155.07,155.44,154.72,155.02,1391,150
788659200,155.56,155.99,154.67,155.18,2261,150
788745600,155.72,156.37,155.46,155.99,1551,150
789091200,156.14,157.31,156.1,157.31,1251,150
789177600,157.71,158.5,157.6,158.4,1111,150
789264000,158.13,158.27,157.4,157.96,1571,150
789350400,157.95,158.37,157.06,157.58,2251,150
789609600,156.98,157.3,155.41,155.68,2481,150
789696000,156.47,156.92,156.01,156.34,1691,150
789782400,156.21,156.75,155.53,155.79,2021,150
789868800,155.23,155.8,154.6,155.48,2151,150
789955200,155.42,155.68,154.28,154.53,1911,150
790214400,154.38,155.15,153.76,154.69,2471,150
790300800,154.89,155.5,154.22,155.22,2231,150
790387200,155.34,156.75,155.12,156.36,2241,150
790473600,156.22,157.37,156.17,157.37,1251,150
790560000,156.98,158.31,156.87,157.9,1961,150
790819200,158.63,159.36,158.44,159.16,1311,150
790905600,158.92,159.59,158.64,159.18,1641,150
790992000,158.87,159.39,158.35,158.71,1921,150
791078400,158.12,158.71,157.72,158.21,1891,150
791164800,157.99,158.68,157.46,158.04,2391,150
791424000,157.52,157.79,156.43,156.89,2091,150
791510400,157.21,157.93,156.46,157.5,2651,150
791596800,157.11,157.54,156.91,157.09,1241,150
791683200,156.91,158.16,156.91,157.44,1971,150
791769600,157.55,157.69,155.73,156.09,2461,150
792028800,155.23,155.51,154.78,154.99,1221,150
792115200,154.71,155.11,154.38,154.97,1201,150
792201600,154.87,155.28,153.25,153.76,2951,150
792288000,153.35,154.37,153.33,153.95,1481,150
792374400,153.64,155.02,153.59,154.45,2051,150
792633600,154.45,154.73,153.94,154.31,1441,150
792720000,154.03,154.18,153.16,153.73,1741,150
792806400,154.01,154.26,153.43,153.79,1441,150
792892800,153.62,154.32,153.06,153.89,2251,150
792979200,153.75,154.43,153.02,153.79,2781,150
793238400,153.51,154.26,153.32,153.73,1661,150
793324800,153.76,154.37,153.18,154.08,2061,150
793411200,153.63,154.51,153.44,153.93,1841,150
793497600,154.25,154.89,153.78,154.26,2211,150
793584000,153.99,154.62,153.45,154.09,2241,150
793843200,153.12,153.85,152.43,153.45,2511,150
793929600,153.73,153.87,152.53,153.14,2091,150
794016000,152.9,153.6,152.3,153.35,2151,150
794102400,153.34,154.07,152.2,152.79,3191,150
794188800,153.47,153.67,152.27,152.95,2281,150
794448000,153.96,154.34,150.5,150.77,4491,150
794534400,150.25,151.11,148.16,149.44,5091,150
794620800,146.81,148.98,146.02,147.93,4801,150
794707200,147.76,147.97,145.89,146.65,3051,150
794793600,146.58,146.84,143.47,143.72,3881,150
795052800,142.21,144.68,142.2,144.55,2621,150
795139200,144.61,145.45,143.93,144.35,2781,150
795225600,143.37,143.95,142.98,143.34,1911,150
795312000,143.2,143.88,142.1,143.66,3101,150
795398400,142.47,143.26,140.65,141.05,3801,150
795657600,141.5,143.15,140.92,141.17,4131,150
795744000,140.75,141.89,140.13,141.73,2541,150
795830400,140.99,141.98,140.32,141.44,2871,150
795916800,140.42,141.43,139.95,140.73,2651,150
796003200,141.2,141.98,140.68,141.98,1821,150
796262400,141.43,143.1,141.43,142.44,2331,150
796348800,143.0,143.7,142.34,143.7,2021,150
796435200,142.73,143.1,141.64,142.07,2261,150
796521600,142.06,144.76,141.75,143.35,4731,150
796608000,142.95,144.33,139.56,141.0,7591,150
796867200,140.54,141.0,138.97,139.52,3041,150
796953600,138.72,140.07,137.83,138.54,4301,150
797040000,138.83,139.28,137.91,138.74,2651,150
797126400,137.45,138.09,136.95,137.37,2201,150
797212800,135.03,136.11,134.52,135.15,3061,150
797472000,132.59,133.13,131.82,132.52,2551,150
797558400,134.63,135.06,132.78,133.69,3621,150
797644800,132.76,134.46,132.33,133.38,3641,150
797731200,132.64,134.64,132.59,134.64,2101,150
798163200,131.86,132.27,131.1,131.45,1931,150
798249600,129.37,131.82,129.32,130.87,3501,150
798336000,131.25,134.96,130.76,133.63,6021,150
798422400,134.51,135.27,132.86,133.45,3761,150
798681600,133.38,135.06,132.99,132.99,3751,150
798768000,133.74,134.12,131.38,132.46,4201,150
798854400,132.46,135.99,132.36,134.97,4751,150
798940800,134.88,135.64,134.52,135.01,2111,150
799027200,135.19,136.39,134.87,135.03,2881,150
799286400,135.31,135.64,134.65,134.98,1651,150
799372800,135.18,135.7,134.08,134.9,2961,150
799459200,134.69,135.03,133.79,134.72,2451,150
799545600,134.8,136.17,134.63,135.19,2691,150
799632000,135.3,136.05,134.13,134.25,2791,150
799977600,133.35,134.11,131.58,131.71,3421,150
800064000,132.14,133.12,131.64,132.63,2471,150
800150400,132.53,134.6,132.19,132.94,4411,150
800236800,133.88,136.8,133.63,136.51,3711,150
800496000,136.89,137.55,135.24,135.81,3541,150
800582400,135.53,136.63,134.98,135.24,3011,150
800668800,135.73,136.7,135.2,135.86,2871,150
800755200,136.67,137.46,136.07,136.39,2501,150
800841600,136.58,137.34,136.13,136.37,2211,150
801100800,136.71,138.2,136.5,137.5,2611,150
801187200,137.49,137.8,136.3,136.67,2181,150
801273600,136.84,137.8,136.66,137.45,1671,150
801360000,135.97,136.83,135.22,136.23,2961,150
801446400,135.07,135.96,132.28,132.64,4931,150
801705600,132.85,133.16,132.43,132.63,1241,150
801792000,133.05,133.51,132.21,132.67,2221,150
801878400,133.51,135.91,132.45,134.09,6341,150
801964800,134.42,136.2,134.0,135.27,3551,150
802051200,135.63,136.24,133.32,134.59,4801,150
802310400,134.23,135.25,134.03,134.89,1781,150
802396800,135.2,135.62,134.76,135.17,1691,150
802483200,134.46,135.13,133.88,134.11,2151,150
802569600,134.94,135.56,134.5,135.13,1931,150
802656000,135.15,135.51,134.51,134.6,1451,150
802915200,134.5,134.93,133.88,133.91,1511,150
803001600,133.99,134.81,133.49,134.45,2181,150
803088000,134.89,136.01,134.56,135.66,2131,150
803174400,135.36,136.19,135.03,135.18,2141,150
803260800,135.36,136.33,135.14,135.83,1911,150
803520000,135.52,136.08,134.92,135.64,2201,150
803606400,135.28,135.98,135.15,135.86,1081,150
803692800,134.95,135.75,134.77,135.55,1361,150
803779200,135.15,136.12,134.53,135.83,2501,150
803865600,134.96,135.9,134.67,135.73,1691,150
804124800,134.88,135.14,133.23,133.84,2781,150
804211200,133.39,133.77,132.67,133.43,2161,150
804297600,132.96,135.47,132.91,135.22,2861,150
804384000,134.55,135.6,134.12,134.93,2581,150
804470400,134.71,135.52,134.63,134.94,1551,150
804729600,134.97,135.67,134.81,135.53,1161,150
804816000,135.05,135.82,134.6,135.68,1811,150
804902400,135.4,135.9,134.92,135.62,1741,150
804988800,135.15,136.6,135.15,136.32,1731,150
805075200,136.91,138.76,136.7,138.35,2681,150
805334400,139.58,139.84,138.25,138.61,2211,150
805420800,138.4,139.17,138.17,138.96,1441,150
805507200,138.8,139.83,138.8,139.42,1441,150
805593600,139.35,140.78,139.32,139.89,2381,150
805680000,139.92,140.38,138.96,140.16,2601,150
805939200,140.3,142.2,140.3,141.52,2581,150
806025600,141.3,141.86,140.73,141.02,1981,150
806112000,139.55,140.3,139.44,139.98,1291,150
806198400,139.7,140.57,139.49,140.04,1821,150
806284800,141.43,142.02,140.71,141.23,2421,150
806544000,140.36,140.67,139.41,139.91,2071,150
806630400,140.0,140.3,138.86,139.55,2431,150
806716800,139.82,140.88,139.68,140.37,1851,150
806803200,139.99,140.74,139.73,140.56,1451,150
806889600,140.77,141.79,140.72,141.28,1631,150
807148800,141.6,141.9,140.62,141.14,2101,150
807235200,140.62,141.54,140.33,141.48,1561,150
807321600,143.83,145.57,143.77,145.52,1911,150
807408000,144.55,145.62,144.55,145.42,1271,150
807494400,145.6,146.96,145.23,146.78,2281,150
807753600,146.33,146.85,145.68,146.42,2251,150
807840000,146.19,147.16,146.02,147.16,1311,150
807926400,146.67,147.01,145.9,146.58,2131,150
808012800,147.15,147.86,147.07,147.54,1191,150
808099200,148.13,148.92,147.7,147.94,2251,150
808358400,147.35,147.95,146.9,147.41,2041,150
808444800,147.0,150.83,147.0,150.71,3951,150
808531200,152.2,152.98,151.1,151.86,3421,150
808617600,152.0,152.3,149.83,150.5,3441,150
808704000,150.05,151.4,149.1,149.75,4301,150
808963200,150.2,150.5,148.45,148.9,2801,150
809049600,149.05,149.35,147.85,148.47,2421,150
809136000,148.44,149.2,147.94,149.05,1911,150
809222400,148.93,149.83,148.64,149.05,2261,150
809308800,149.39,149.66,148.66,149.08,1691,150
809568000,149.62,149.94,149.41,149.81,871,150
809654400,150.08,151.36,149.94,151.23,1691,150
809740800,151.45,153.44,151.38,153.13,2441,150
809827200,151.17,151.96,150.27,151.88,2671,150
809913600,151.24,151.74,150.83,151.74,1321,150
810172800,151.2,152.39,151.16,151.42,2241,150
810259200,152.22,152.69,151.78,152.35,1691,150
810345600,153.5,154.07,152.38,153.44,3321,150
810432000,153.05,153.44,152.09,152.95,2601,150
810518400,154.4,154.85,154.04,154.71,1311,150
810777600,154.15,154.7,153.84,154.61,1261,150
810864000,155.93,157.07,155.87,156.9,1431,150
810950400,157.93,159.39,157.62,158.93,2541,150
811036800,159.97,160.3,158.43,159.02,2791,150
811123200,158.97,161.16,158.7,160.61,3281,150
811382400,160.98,161.27,159.56,160.41,2851,150
811468800,159.9,161.51,159.9,161.08,2041,150
811555200,160.19,160.87,158.98,159.83,3421,150
811641600,158.54,159.09,156.03,157.09,4671,150
811728000,157.55,159.02,154.53,156.38,7811,150
811987200,156.53,157.76,156.02,157.43,2581,150
812073600,157.25,158.91,157.15,158.59,2181,150
812160000,157.55,158.15,156.25,157.91,3441,150
812246400,157.95,158.25,156.84,157.21,2081,150
812332800,154.81,157.13,154.49,157.13,2961,150
812592000,157.77,160.42,157.4,159.91,3901,150
812678400,159.42,160.87,159.42,160.72,1601,150
812764800,160.49,160.82,159.09,159.43,2401,150
812851200,159.31,160.0,157.51,158.04,3711,150
812937600,158.46,159.66,157.73,159.44,2881,150
813196800,159.17,159.64,157.93,159.37,3221,150
813283200,159.09,160.07,158.31,158.65,3081,150
813369600,158.72,159.67,158.34,158.8,2581,150
813456000,158.58,158.77,157.08,157.88,2681,150
813542400,157.58,158.7,157.5,158.6,1381,150
813801600,158.47,158.7,157.8,158.44,1771,150
813888000,158.17,158.5,157.54,157.77,1521,150
813974400,157.38,158.43,156.96,158.11,2211,150
814060800,158.15,158.73,157.72,158.31,1861,150
814147200,158.45,158.75,157.4,157.77,2021,150
814406400,157.79,158.1,157.14,157.41,1541,150
814492800,158.07,158.92,157.76,158.65,1741,150
814579200,158.66,160.53,158.43,159.95,2911,150
814665600,159.96,160.58,159.62,160.12,1761,150
814752000,160.05,160.89,159.4,160.49,2541,150
815011200,160.61,161.06,159.86,160.4,2191,150
815097600,160.64,161.95,160.43,161.84,1841,150
815184000,161.73,163.13,161.47,162.66,2391,150
815270400,163.4,164.25,163.15,163.82,1781,150
815356800,163.99,164.4,163.21,164.13,2241,150
815616000,164.16,164.28,162.33,163.22,2961,150
815702400,162.84,163.44,162.17,163.14,2241,150
815788800,162.44,162.75,161.26,162.24,2781,150
815875200,161.52,162.0,158.82,159.29,4131,150
815961600,159.13,159.25,157.28,159.1,3911,150
816220800,157.56,158.81,156.92,158.05,3291,150
816307200,158.07,159.54,157.92,158.63,2681,150
816393600,157.81,158.22,156.91,157.52,2331,150
816480000,158.74,159.38,157.88,159.29,2451,150
816566400,158.32,159.12,157.95,158.25,2271,150
816825600,158.16,158.69,156.14,156.69,3631,150
816912000,157.39,158.52,157.39,158.37,1281,150
816998400,158.35,158.64,157.07,157.44,2231,150
817084800,157.27,157.77,157.0,157.42,1391,150
817171200,157.86,158.82,157.66,158.38,1801,150
817430400,158.05,158.54,157.55,158.1,1931,150
817516800,157.72,157.9,156.28,156.85,2371,150
817603200,156.18,156.38,154.69,156.0,3201,150
817689600,155.91,156.34,154.97,155.79,2621,150
817776000,156.33,156.57,154.46,155.52,3411,150
818035200,155.18,155.62,154.3,155.15,2611,150
818121600,155.29,156.79,154.93,156.49,2521,150
818208000,156.5,156.95,155.84,156.47,2191,150
818294400,156.31,156.64,155.27,155.88,2311,150
818380800,155.41,155.65,154.19,155.21,2721,150
818640000,154.67,155.38,154.34,155.25,1501,150
818726400,155.54,156.2,155.38,155.97,1211,150
818812800,155.64,156.13,155.09,155.98,1741,150
818899200,156.15,156.78,155.62,156.64,1831,150
818985600,156.46,157.55,156.36,157.2,1641,150
819244800,156.6,157.0,155.84,156.66,2261,150
819331200,156.35,157.4,156.12,157.1,1811,150
819417600,156.92,157.46,156.47,156.93,1971,150
819504000,156.7,157.1,156.3,156.8,1501,150
819590400,157.31,158.35,157.18,157.98,1671,150
820022400,159.45,160.59,159.05,160.43,2101,150
820108800,159.66,160.4,157.98,158.83,4011,150
820195200,159.22,160.49,158.72,160.49,2271,150
820540800,159.78,162.09,159.26,161.74,3701,150
820627200,161.64,162.89,161.47,162.81,1671,150
820713600,163.37,164.8,163.19,164.8,1791,150
820800000,162.31,163.32,162.26,163.32,1111,150
821059200,163.11,163.91,162.92,163.33,1761,150
821145600,162.9,163.44,161.91,162.35,2511,150
821232000,162.35,162.93,161.58,162.28,2631,150
821318400,161.42,162.03,160.99,161.95,1551,150
821404800,162.04,163.26,161.8,162.77,2191,150
821664000,162.75,163.16,162.05,162.63,2101,150
821750400,162.93,163.5,162.27,162.62,2151,150
821836800,162.88,163.15,160.49,160.84,3281,150
821923200,160.56,160.93,159.74,160.85,2091,150
822009600,159.75,160.23,158.78,159.32,2471,150
822268800,159.64,160.57,159.19,159.93,2471,150
822355200,160.05,160.57,159.48,160.4,1831,150
822441600,161.11,161.8,160.86,161.65,1341,150
822528000,161.65,162.13,160.56,161.19,2681,150
822614400,160.84,161.28,159.77,160.21,2391,150
822873600,160.62,161.19,159.9,160.88,2321,150
822960000,160.7,161.66,160.4,161.47,1751,150
823046400,161.17,161.96,160.74,161.85,1761,150
823132800,161.55,162.47,161.55,162.0,1391,150
823219200,162.3,162.88,161.42,162.43,2791,150
823478400,161.98,162.31,160.57,161.32,2821,150
823564800,161.72,162.84,161.3,162.52,2281,150
823651200,161.75,163.35,161.75,163.2,1751,150
823737600,164.15,164.55,163.56,164.24,1891,150
823824000,163.59,164.19,163.34,164.19,1101,150
824083200,163.25,163.8,162.87,163.53,1581,150
824169600,163.22,164.25,163.03,164.08,1581,150
824256000,164.26,164.65,163.77,164.02,1521,150
824342400,162.96,163.64,162.3,163.35,2291,150
824428800,162.71,163.46,161.63,163.04,3331,150
824688000,162.58,163.14,160.32,160.91,3971,150
824774400,163.62,164.16,162.73,163.36,2601,150
824860800,162.02,163.34,161.85,162.21,2791,150
824947200,161.95,162.65,161.3,162.27,2381,150
825033600,162.24,162.55,161.16,161.38,1921,150
825292800,161.29,161.56,160.18,160.7,2171,150
825379200,160.5,161.37,159.25,160.69,4051,150
825465600,160.69,160.87,159.84,160.19,1561,150
825552000,160.23,161.35,159.99,161.11,1841,150
825638400,161.09,161.81,160.86,161.11,1881,150
825897600,160.69,161.3,160.28,160.74,1991,150
825984000,160.74,160.94,160.19,160.78,1461,150
826070400,160.87,161.33,160.68,161.22,951,150
826156800,160.87,161.44,160.65,161.34,1111,150
826243200,161.02,161.9,160.72,161.31,2071,150
826502400,160.97,161.09,159.95,160.76,2071,150
826588800,160.65,161.11,160.22,160.55,1681,150
826675200,160.32,160.69,160.09,160.35,1171,150
826761600,160.47,160.85,160.25,160.85,821,150
826848000,161.27,161.8,160.98,161.59,1321,150
827107200,161.49,162.51,161.48,162.51,1041,150
827193600,162.16,163.21,162.06,162.93,1531,150
827280000,162.47,164.11,162.39,163.71,2201,150
827366400,163.56,164.43,163.54,164.01,1331,150
827452800,164.28,164.56,163.44,164.04,2001,150
827712000,162.94,163.21,161.23,161.42,2441,150
827798400,161.46,162.41,161.2,162.26,1621,150
827884800,162.12,162.5,161.64,161.87,1471,150
827971200,161.88,162.49,161.65,162.0,1561,150
828057600,162.42,163.63,162.19,163.63,1671,150
828316800,163.59,164.33,163.57,163.97,1141,150
828403200,163.75,164.02,163.38,163.87,1161,150
828489600,163.19,163.67,162.62,163.03,1941,150
828576000,163.11,163.81,163.02,163.81,881,150
828662400,163.24,163.75,163.08,163.75,831,150
829008000,165.05,165.38,164.59,164.74,1271,150
829094400,165.03,165.42,163.51,163.72,2511,150
829180800,164.13,164.85,163.79,164.09,2081,150
829267200,163.94,164.64,163.84,164.23,1311,150
829526400,163.83,164.1,163.1,163.71,1881,150
829612800,163.37,163.67,162.84,162.96,1251,150
829699200,163.22,163.69,162.8,163.5,1501,150
829785600,163.1,163.29,161.21,162.17,3231,150
829872000,161.86,162.71,161.86,162.55,1011,150
830131200,161.85,162.65,160.85,161.21,2961,150
830217600,161.02,161.92,160.85,161.92,1241,150
830304000,161.16,162.1,160.92,161.64,1881,150
830390400,161.84,162.27,160.61,160.76,2241,150
830476800,160.56,161.25,159.04,159.56,3421,150
830736000,159.66,159.78,157.18,157.88,3421,150
830822400,156.98,157.95,156.74,157.95,1451,150
830908800,157.82,158.36,156.64,157.23,2851,150
830995200,157.02,157.96,156.3,157.0,3301,150
831081600,156.68,158.52,156.43,158.43,2431,150
831340800,157.95,158.66,157.79,158.19,1501,150
831427200,158.44,159.12,158.14,158.92,1481,150
831513600,158.81,160.43,158.75,160.43,1741,150
831600000,159.91,160.05,159.12,159.64,1591,150
831686400,159.44,160.66,159.44,160.34,1541,150
831945600,159.92,160.51,158.69,159.09,2811,150
832032000,158.97,160.78,158.82,160.47,2421,150
832118400,160.83,162.04,160.66,161.79,1801,150
832204800,161.47,161.93,160.85,161.49,2141,150
832291200,161.42,162.11,160.85,161.81,2131,150
832550400,161.86,162.61,161.81,162.05,1411,150
832636800,161.74,162.29,161.48,161.88,1481,150
832723200,161.6,162.06,161.15,161.59,1811,150
832809600,161.0,161.82,160.91,161.47,1351,150
832896000,161.8,163.17,161.62,163.05,1851,150
833241600,163.53,164.55,163.53,164.55,1021,150
833328000,164.65,165.5,164.36,165.5,1431,150
833414400,165.21,165.66,163.84,165.19,3621,150
833500800,165.7,167.67,165.7,167.51,2131,150
833760000,167.23,168.55,166.44,168.41,3041,150
833846400,168.59,169.51,167.79,169.2,2831,150
833932800,168.66,169.22,167.78,168.7,2841,150
834019200,169.16,169.54,167.34,168.34,3581,150
834105600,167.54,168.93,167.52,168.26,2101,150
834364800,168.2,168.4,166.76,167.45,2531,150
834451200,166.94,168.56,166.75,168.32,2241,150
834537600,168.24,168.57,167.7,168.0,1501,150
834624000,167.06,167.77,166.47,166.91,2451,150
834710400,166.71,167.6,165.85,167.31,2901,150
834969600,167.69,168.54,167.62,168.45,1081,150
835056000,168.2,168.32,166.07,166.63,2931,150
835142400,166.76,167.44,166.2,166.85,2391,150
835228800,166.58,167.03,166.09,166.48,1781,150
835315200,167.13,168.14,166.94,167.8,1731,150
835574400,167.42,168.24,167.09,167.97,1751,150
835660800,168.15,168.5,167.59,167.76,1431,150
835747200,168.42,169.17,168.32,168.7,1421,150
835833600,168.43,169.43,167.96,169.27,2101,150
835920000,169.21,170.84,169.21,170.16,2311,150
836179200,170.17,170.89,169.9,170.82,1331,150
836265600,170.95,171.96,170.66,171.84,1711,150
836352000,171.77,172.71,171.4,172.03,2361,150
836438400,171.97,172.65,171.78,172.15,1561,150
836524800,172.11,172.74,171.86,172.35,1521,150
836784000,172.46,172.98,171.92,172.25,1911,150
836870400,171.93,172.17,170.63,171.03,2181,150
836956800,170.74,171.4,170.32,170.9,2001,150
837043200,171.34,171.9,171.09,171.36,1601,150
837129600,171.36,172.13,170.74,172.02,2121,150
837388800,171.64,171.93,170.87,171.06,1541,150
837475200,170.91,171.38,169.26,170.37,3701,150
837561600,170.26,170.48,167.49,168.12,3841,150
837648000,168.13,168.33,166.68,167.52,2691,150
837734400,167.42,167.89,166.48,166.76,2161,150
837993600,166.49,167.51,166.09,166.68,2651,150
838080000,166.58,167.82,165.81,167.54,3061,150
838166400,167.44,168.55,167.1,168.36,1981,150
838252800,168.28,169.16,167.49,168.67,2951,150
838339200,168.6,169.52,168.1,168.52,2761,150
838598400,168.37,169.21,168.21,168.54,1831,150
838684800,168.45,168.59,167.67,168.12,1511,150
838771200,167.97,168.27,165.57,166.41,3841,150
838857600,166.35,167.45,165.41,166.23,3961,150
838944000,166.1,166.31,164.45,164.77,2391,150
839203200,164.8,165.74,164.25,164.8,2981,150
839289600,164.71,165.32,164.05,164.43,2261,150
839376000,164.32,166.75,164.14,166.61,2931,150
839462400,166.54,168.1,166.11,168.05,2471,150
839548800,167.96,168.44,167.23,167.91,2371,150
839808000,167.87,168.08,166.7,167.0,1891,150
839894400,166.89,167.19,166.38,166.72,1451,150
839980800,166.66,167.7,166.47,167.62,1501,150
840067200,167.47,168.02,167.13,167.49,1761,150
840153600,167.4,167.5,166.51,166.81,1391,150
840412800,166.71,167.46,166.24,166.64,2371,150
840499200,166.55,168.02,166.44,167.74,1971,150
840585600,167.69,168.37,167.3,168.28,1551,150
840672000,168.23,168.41,167.44,168.02,1731,150
840758400,167.93,168.91,167.64,168.35,2121,150
841017600,168.18,168.43,167.3,167.84,1921,150
841104000,167.73,168.44,167.21,167.43,2161,150
841190400,167.25,169.38,167.18,169.13,2521,150
841276800,169.02,169.26,168.44,168.89,1511,150
841363200,168.8,170.47,168.45,170.39,2451,150
841622400,170.07,170.75,169.7,170.35,1821,150
841708800,170.26,171.58,170.08,171.2,2061,150
841795200,171.09,171.55,170.0,170.56,2571,150
841881600,170.44,171.57,170.32,171.1,1841,150
841968000,170.96,171.49,170.16,170.39,2091,150
842227200,170.29,170.73,169.75,170.18,1851,150
842313600,170.07,171.24,169.73,170.89,2201,150
842400000,170.81,171.83,170.59,171.57,1721,150
842486400,171.44,171.62,170.73,171.38,1721,150
842572800,171.15,171.95,170.78,171.9,1591,150
842832000,171.64,172.12,171.08,171.58,2021,150
842918400,171.56,171.93,170.89,171.48,2001,150
843004800,171.33,172.11,169.94,170.38,3391,150
843091200,170.25,170.94,169.16,170.01,3321,150
843177600,169.98,171.31,169.9,171.1,1701,150
843436800,170.92,171.34,170.22,171.13,2031,150
843523200,171.06,171.51,170.42,170.95,2071,150
843609600,170.86,172.94,170.78,172.42,2761,150
843696000,172.26,172.92,171.94,172.92,1301,150
843782400,172.83,173.66,172.37,173.3,2111,150
844041600,173.15,174.99,173.15,174.39,2441,150
844128000,174.3,174.6,173.5,174.51,1991,150
844214400,174.4,175.71,174.26,175.21,2091,150
844300800,175.16,175.3,174.03,174.5,1881,150
844387200,174.34,175.15,173.92,175.15,1651,150
844646400,174.93,175.28,173.6,173.73,2161,150
844732800,173.61,174.7,173.16,174.52,2171,150
844819200,174.37,174.84,173.87,174.49,1821,150
844905600,174.71,174.81,173.77,174.19,1561,150
844992000,174.1,176.3,173.73,175.86,3381,150
845251200,176.21,176.75,175.83,176.65,1401,150
845337600,176.37,178.48,176.37,178.25,2341,150
845424000,178.1,178.53,177.3,177.82,2181,150
845510400,177.71,178.31,176.91,178.12,2391,150
845596800,177.96,179.59,177.55,178.63,3411,150
845856000,178.71,180.3,178.65,179.46,2551,150
845942400,179.33,180.66,178.84,179.46,3511,150
846028800,179.53,180.86,179.12,180.22,2791,150
846115200,180.18,180.68,179.09,180.15,3151,150
846201600,179.84,182.47,179.44,182.16,3741,150
846460800,181.79,184.62,181.65,184.48,3251,150
846547200,184.31,185.3,182.26,184.02,5791,150
846633600,184.0,187.29,183.23,186.36,5761,150
846720000,186.21,186.51,184.16,185.59,4081,150
846806400,185.48,186.99,184.64,185.69,4491,150
847065600,185.26,187.78,184.63,186.96,4601,150
847152000,186.88,188.83,186.65,188.18,3061,150
847238400,188.05,189.12,186.4,186.79,4181,150
847324800,186.68,187.37,183.17,184.87,6591,150
847411200,184.84,185.7,183.36,184.35,4191,150
847756800,183.25,184.57,182.9,183.72,2871,150
847843200,183.57,185.92,182.72,185.92,4051,150
847929600,185.55,186.57,184.85,185.54,3431,150
848016000,185.48,186.07,184.25,184.89,3051,150
848275200,184.49,186.58,184.18,186.12,3171,150
848361600,186.37,187.34,185.78,187.07,2421,150
848448000,186.99,187.79,186.08,187.36,3051,150
848534400,187.28,188.65,186.97,188.04,2601,150
848620800,188.0,188.34,186.73,187.31,2531,150
848880000,187.34,189.4,187.02,188.18,3921,150
848966400,188.09,189.17,187.34,188.05,3621,150
849052800,187.96,190.58,187.6,190.03,3891,150
849139200,189.92,191.43,189.57,191.16,2481,150
849225600,191.11,191.92,190.14,191.66,3011,150
849484800,191.39,192.81,191.04,192.37,2561,150
849571200,192.32,192.56,184.59,185.85,9471,150
849657600,186.5,187.35,184.98,185.85,4091,150
849744000,185.69,186.05,181.37,183.79,7461,150
849830400,182.87,186.21,182.87,186.1,3451,150
850089600,185.88,187.39,185.44,187.06,2721,150
850176000,186.94,188.34,186.08,187.22,4241,150
850262400,187.16,187.73,186.27,186.61,2371,150
850348800,186.47,188.36,185.33,187.44,5091,150
850435200,187.29,189.4,186.6,188.62,4271,150
850694400,188.56,190.67,188.31,189.86,3421,150
850780800,189.61,190.59,189.09,190.34,2271,150
850867200,190.2,190.63,189.1,190.17,3031,150
850953600,189.99,191.21,188.97,190.08,4391,150
851040000,189.44,191.31,189.43,191.14,2061,150
851299200,190.87,191.75,190.27,190.97,2861,150
851385600,191.52,192.08,190.54,191.47,3031,150
851472000,191.41,192.15,191.27,192.01,1161,150
851558400,191.93,192.71,191.38,192.25,2341,150
851644800,192.17,196.36,192.05,195.14,5651,150
851904000,195.67,196.77,195.16,196.62,2271,150
851990400,196.45,199.08,196.08,198.87,3581,150
852076800,196.53,199.03,196.13,198.82,3511,150
852163200,198.48,198.9,194.5,196.09,6411,150
852249600,196.0,197.1,195.05,196.51,3591,150
852508800,197.0,198.06,194.06,196.26,7261,150
852595200,196.18,196.65,194.52,195.41,3491,150
852681600,195.39,196.22,194.82,195.51,2681,150
852768000,195.41,197.98,195.16,197.98,3071,150
852854400,197.86,198.57,193.65,195.16,7141,150
853113600,194.82,195.75,193.51,195.2,4101,150
853200000,194.87,195.79,194.07,195.68,2631,150
853286400,195.49,196.98,195.35,196.61,2141,150
853372800,196.5,196.96,194.75,195.86,3781,150
853459200,195.67,196.75,194.89,195.8,3591,150
853718400,195.75,196.6,194.9,196.6,2551,150
853804800,196.51,197.4,195.67,196.65,3321,150
853891200,196.59,197.54,194.24,194.74,4751,150
853977600,194.6,195.43,192.94,193.9,4281,150
854064000,193.73,196.06,192.7,193.7,6691,150
854323200,193.71,194.6,193.08,193.7,3031,150
854409600,193.87,196.74,192.85,195.98,5671,150
854496000,195.84,198.32,195.23,197.93,4091,150
854582400,197.8,198.27,195.11,197.0,5521,150
854668800,196.94,197.22,193.63,194.42,4661,150
854928000,193.83,197.51,193.7,197.23,4221,150
855014400,197.31,199.13,196.86,198.81,3041,150
855100800,198.73,203.37,198.58,203.28,5031,150
855187200,203.25,203.8,201.13,202.89,4981,150
855273600,202.76,203.61,200.26,200.58,4521,150
855532800,198.63,201.84,198.63,201.8,3251,150
855619200,201.69,202.42,200.83,202.24,2631,150
855705600,202.07,203.87,201.55,202.91,3801,150
855792000,202.76,203.58,201.24,202.09,4011,150
855878400,201.91,202.44,200.17,201.78,4411,150
856137600,201.94,202.21,200.58,201.25,2571,150
856224000,201.24,201.7,198.09,199.68,5661,150
856310400,199.53,201.62,198.22,201.43,4901,150
856396800,201.35,201.9,197.15,197.95,6101,150
856483200,197.82,199.7,197.6,199.48,2541,150
856742400,199.42,200.1,197.84,199.48,4461,150
856828800,199.39,200.07,198.39,198.89,2861,150
856915200,198.87,200.18,197.36,199.74,4771,150
857001600,199.7,199.97,195.93,196.23,4611,150
857088000,196.16,197.4,194.96,196.02,4741,150
857347200,195.88,197.14,195.16,196.25,3591,150
857433600,196.07,197.64,195.65,197.25,2801,150
857520000,197.08,197.6,195.14,195.74,3581,150
857606400,195.62,196.72,195.23,195.73,2871,150
857692800,195.71,196.12,194.25,195.76,3691,150
857952000,195.49,195.85,194.06,195.14,3231,150
858038400,195.09,196.21,194.05,196.1,3311,150
858124800,195.95,197.28,194.81,195.56,4551,150
858211200,195.36,197.36,194.9,196.92,3361,150
858297600,196.81,198.17,196.49,197.75,2421,150
858556800,197.72,198.47,195.95,196.74,4061,150
858643200,196.67,196.97,194.03,195.2,4411,150
858729600,195.11,197.1,194.79,196.19,3541,150
858816000,196.09,197.63,195.07,197.1,4111,150
858902400,196.94,198.01,195.83,196.9,4321,150
859161600,196.72,199.36,196.01,199.19,4231,150
859248000,199.11,200.79,198.6,199.96,3531,150
859334400,199.79,202.57,199.74,202.4,3051,150
859420800,202.39,202.68,200.73,202.0,3511,150
859507200,201.83,202.55,201.52,202.42,1471,150
859766400,202.27,203.72,202.03,203.05,2601,150
859852800,202.97,203.87,200.46,201.65,5501,150
859939200,201.58,203.12,200.54,202.07,4671,150
860025600,202.15,202.71,200.59,201.77,3861,150
860112000,201.74,204.05,201.28,203.21,4071,150
860371200,202.99,205.24,202.57,204.67,3661,150
860457600,204.53,205.66,203.82,205.41,2801,150
860544000,205.37,206.42,204.81,205.64,2951,150
860630400,205.63,206.31,203.27,204.32,4771,150
860716800,204.15,205.39,203.72,204.94,2551,150
860976000,205.39,206.23,204.51,205.22,3271,150
861062400,205.2,205.86,204.23,205.3,3161,150
861148800,205.27,205.65,203.38,204.59,3861,150
861235200,204.47,205.91,202.97,205.48,4871,150
861321600,205.34,206.21,205.05,205.63,2031,150
861580800,205.24,205.78,204.2,205.07,2991,150
861667200,204.99,207.07,204.72,206.42,3271,150
861753600,206.33,206.78,204.15,204.62,3551,150
861840000,204.48,205.87,203.79,205.1,3541,150
861926400,204.98,205.53,203.61,205.05,3771,150
862185600,205.2,206.58,205.13,205.93,2171,150
862272000,205.72,207.81,205.22,206.99,3911,150
862358400,206.91,207.45,205.39,206.5,3711,150
862444800,206.37,207.52,204.68,206.05,5361,150
862531200,205.93,206.4,202.58,205.62,7331,150
862790400,205.46,206.03,204.74,205.75,2291,150
862876800,205.68,206.18,203.17,204.87,5211,150
862963200,204.83,205.93,200.98,202.13,7201,150
863049600,202.16,202.89,199.68,200.35,4611,150
863136000,200.24,200.48,193.32,194.89,8971,150
863395200,194.27,194.44,190.99,193.64,6271,150
863481600,193.41,194.86,191.91,193.38,5871,150
863568000,193.32,194.86,192.05,192.31,4611,150
863654400,192.27,193.37,188.9,190.41,7081,150
863740800,190.3,192.02,188.12,189.22,6721,150
864000000,188.86,191.07,188.26,189.44,5041,150
864086400,189.28,189.6,184.49,186.68,7621,150
864172800,186.61,189.73,186.49,188.02,5071,150
864259200,188.02,191.57,187.89,188.71,6671,150
864345600,188.63,189.61,187.2,189.03,4421,150
864604800,189.92,191.27,189.41,190.6,3041,150
864691200,190.51,191.54,189.33,190.36,4271,150
864777600,190.25,190.84,188.41,189.85,4461,150
864864000,189.69,191.28,188.74,190.84,3931,150
864950400,190.71,191.39,189.92,190.78,2871,150
865209600,190.61,191.05,189.54,191.05,2581,150
865296000,191.0,191.26,188.8,189.58,3501,150
865382400,189.5,190.75,188.53,189.94,4001,150
865468800,189.83,189.98,188.02,188.79,2881,150
865555200,188.69,189.46,186.46,186.56,3871,150
865814400,186.68,186.78,182.57,185.32,7061,150
865900800,185.27,185.45,182.75,183.46,3591,150
865987200,183.28,184.33,181.32,182.22,4961,150
866073600,182.0,189.05,182.0,186.41,9691,150
866160000,186.25,188.13,185.84,187.78,3051,150
866419200,187.4,187.84,185.03,185.44,3661,150
866505600,185.32,186.56,184.78,185.68,3201,150
866592000,185.59,186.51,184.92,186.15,2621,150
866678400,186.05,188.57,185.46,188.07,4201,150
866764800,187.95,190.62,187.95,190.47,2821,150
867024000,190.82,192.79,190.32,191.4,4361,150
867110400,191.29,192.25,190.32,191.77,3381,150
867196800,191.53,191.91,188.88,189.54,4071,150
867283200,189.39,190.19,188.23,188.63,3161,150
867369600,188.57,191.58,188.19,190.63,4721,150
867628800,190.47,191.1,189.75,190.91,2261,150
867715200,190.77,192.1,189.77,190.67,4561,150
867801600,190.53,192.25,188.63,192.19,5581,150
867888000,192.07,192.66,190.09,191.9,4971,150
867974400,191.62,193.3,190.5,192.86,4361,150
868233600,192.82,192.96,188.54,190.25,6271,150
868320000,190.12,191.56,189.39,190.32,4141,150
868406400,190.24,191.12,189.45,190.02,3121,150
868492800,189.96,191.42,189.48,190.78,3061,150
868579200,190.67,193.76,190.53,192.88,4251,150
868838400,192.79,193.26,191.27,191.96,3151,150
868924800,191.9,194.63,191.77,193.85,3771,150
869011200,193.84,195.25,192.74,193.43,4611,150
869097600,193.32,195.07,193.27,193.83,3091,150
869184000,193.84,194.53,192.73,193.85,3591,150
869443200,193.89,195.28,193.26,194.93,3001,150
869529600,194.82,195.32,192.55,193.55,4271,150
869616000,193.36,195.41,193.19,194.39,3411,150
869702400,194.31,194.65,193.03,194.4,3151,150
869788800,194.37,195.2,192.81,194.35,4761,150
870048000,194.13,195.13,191.37,192.55,5941,150
870134400,192.49,193.21,190.85,192.78,4431,150
870220800,192.71,194.06,191.47,192.94,4951,150
870307200,192.87,194.96,192.19,194.64,3771,150
870393600,194.48,195.63,192.48,193.26,5081,150
870652800,193.58,193.83,192.16,192.7,2461,150
870739200,192.93,194.38,192.36,193.86,3111,150
870825600,193.64,194.23,189.51,190.37,6171,150
870912000,190.25,191.09,186.35,188.35,7581,150
870998400,188.2,189.18,180.68,182.15,10951,150
871257600,181.85,185.21,181.85,185.11,3461,150
871344000,185.06,185.27,182.31,183.91,4771,150
871430400,183.8,184.99,182.24,183.19,4891,150
871516800,183.07,187.99,182.76,187.7,5831,150
871603200,187.55,190.22,186.59,188.96,5851,150
871862400,188.52,190.1,188.08,189.66,2901,150
871948800,189.58,190.64,189.18,189.74,2761,150
872035200,189.65,190.05,187.05,187.45,3801,150
872121600,187.44,188.71,186.19,186.53,4131,150
872208000,186.49,190.94,185.3,190.63,7141,150
872467200,189.93,191.16,189.02,190.72,3491,150
872553600,190.55,191.51,189.99,190.37,2861,150
872640000,190.16,192.39,190.0,191.45,3491,150
872726400,191.29,192.97,189.92,192.51,4881,150
872812800,192.27,196.35,191.89,196.21,4981,150
873072000,195.48,195.91,193.79,194.56,3321,150
873158400,194.45,195.67,192.77,193.25,4601,150
873244800,193.09,193.86,191.16,191.6,3911,150
873331200,191.51,192.77,189.75,191.9,5651,150
873417600,191.73,193.31,191.04,193.17,3101,150
873676800,192.6,192.88,190.99,191.64,2821,150
873763200,191.5,191.79,187.6,189.01,5891,150
873849600,188.81,190.16,188.26,189.06,3551,150
873936000,188.89,192.26,188.19,191.39,5641,150
874022400,191.26,195.18,191.06,194.56,4941,150
874281600,193.56,194.32,192.39,192.94,3241,150
874368000,192.7,194.05,191.32,193.5,4661,150
874454400,193.36,193.99,191.41,193.06,4861,150
874540800,192.84,197.71,192.54,196.44,6741,150
874627200,196.33,197.28,194.78,196.54,4791,150
874886400,196.08,197.52,194.98,195.38,4381,150
874972800,195.23,197.22,194.84,197.05,2941,150
875059200,197.0,197.75,192.84,194.33,7151,150
875145600,194.02,197.9,193.57,197.52,5161,150
875232000,197.15,197.63,192.96,194.86,7051,150
875491200,195.34,196.61,194.46,194.69,3651,150
875577600,194.55,196.34,193.98,194.81,4461,150
875664000,194.65,196.42,194.34,195.29,3521,150
875750400,195.19,196.97,194.48,196.59,3581,150
875836800,196.55,197.91,195.13,197.42,4691,150
876096000,196.7,197.78,196.01,196.72,3521,150
876182400,196.63,199.38,196.42,198.74,3811,150
876268800,198.62,198.78,195.5,196.53,4471,150
876355200,196.48,197.8,195.79,196.88,3621,150
876441600,196.72,197.2,193.71,195.01,5271,150
876700800,194.8,197.04,194.71,196.64,2821,150
876787200,196.56,197.84,195.86,196.93,3591,150
876873600,196.8,197.39,195.67,196.56,3201,150
876960000,196.52,196.83,192.94,193.71,4971,150
877046400,193.69,195.89,193.6,195.45,2821,150
877305600,196.36,198.48,196.22,197.99,2891,150
877392000,197.85,198.38,196.3,197.65,3961,150
877478400,197.29,197.85,196.27,197.31,3141,150
877564800,197.22,199.5,196.81,199.06,3541,150
877651200,199.11,199.82,197.41,199.35,4581,150
877910400,199.38,203.2,199.07,202.73,4911,150
877996800,202.68,203.11,199.5,200.37,4911,150
878083200,200.28,202.71,199.47,201.69,5071,150
878169600,201.54,202.22,199.75,200.21,3611,150
878256000,200.27,202.38,199.93,201.5,3671,150
878515200,201.85,203.97,200.42,203.49,5461,150
878601600,203.41,206.34,203.34,205.38,4031,150
878688000,205.26,207.73,204.58,207.08,4481,150
878774400,206.99,209.38,205.31,209.11,6021,150
878860800,208.97,210.55,207.96,209.62,4531,150
879120000,208.98,212.12,208.03,211.39,5771,150
879206400,211.3,214.1,211.1,212.8,4501,150
879292800,212.61,216.14,212.09,215.16,5551,150
879379200,214.98,215.7,212.22,213.58,5561,150
879465600,213.58,215.57,212.02,212.33,5851,150
879724800,212.98,214.06,209.51,213.17,8911,150
879811200,213.08,213.85,212.21,213.46,2901,150
879897600,213.5,216.04,212.98,214.79,4831,150
879984000,214.69,216.13,212.3,212.85,5821,150
880070400,213.15,214.53,210.83,214.05,6501,150
880329600,213.77,215.71,213.41,214.76,3611,150
880416000,214.53,216.27,212.53,213.07,6021,150
880502400,212.98,214.6,211.94,212.8,5141,150
880588800,212.84,213.35,211.61,212.37,3011,150
880675200,212.25,216.28,211.7,215.92,5491,150
880934400,215.91,218.27,214.76,217.05,5881,150
881020800,216.92,218.1,215.71,216.09,3951,150
881107200,216.0,217.18,215.59,216.7,2481,150
881193600,216.64,218.09,215.05,215.2,4641,150
881280000,215.05,216.54,214.12,215.93,3961,150
881539200,215.31,216.6,214.31,214.77,4041,150
881625600,214.67,215.39,213.25,213.97,3581,150
881712000,213.89,214.38,211.04,213.3,6091,150
881798400,213.2,215.96,212.65,215.47,4351,150
881884800,215.24,216.53,214.47,215.22,4101,150
882144000,214.75,216.9,212.94,213.72,6891,150
882230400,213.74,214.68,212.84,213.92,3501,150
882316800,214.77,215.35,206.59,209.82,12571,150
882403200,210.3,215.33,208.95,214.3,8761,150
882489600,214.11,216.27,213.12,216.07,4341,150
882748800,215.65,218.0,215.27,216.52,4591,150
882835200,216.51,217.52,215.04,216.45,4901,150
882921600,216.38,217.41,215.6,216.87,3131,150
883008000,216.76,218.2,216.62,218.2,1721,150
883094400,218.09,219.08,216.88,218.8,3691,150
883353600,216.88,218.7,215.86,216.65,5451,150
883440000,216.68,217.53,213.9,215.45,6031,150
883526400,215.4,216.27,213.61,215.99,4731,150
883612800,215.45,216.22,213.66,215.94,464,150
883699200,214.97,218.13,214.86,217.66,386,150
883958400,216.94,219.63,216.49,217.61,562,150
884044800,217.26,219.09,216.28,217.63,526,150
884131200,217.8,218.06,212.42,214.53,802,150
884217600,214.43,216.65,213.16,213.6,616,150
884304000,213.48,214.48,211.44,213.01,562,150
884563200,213.36,215.87,212.64,215.48,435,150
884649600,215.39,216.54,214.39,214.58,350,150
884736000,214.48,214.85,212.58,213.12,319,150
884822400,213.05,214.02,211.07,211.72,458,150
884908800,211.61,212.23,208.79,210.68,596,150
885168000,210.49,212.02,208.74,211.5,556,150
885254400,211.44,212.34,208.55,208.81,496,150
885340800,208.7,209.97,206.45,207.1,545,150
885427200,207.41,210.58,206.21,210.04,612,150
885513600,209.87,210.56,207.49,210.17,585,150
885772800,210.16,211.7,208.78,209.85,554,150
885859200,209.67,210.0,205.62,205.96,506,150
885945600,206.06,207.33,204.63,205.0,435,150
886032000,204.82,206.81,204.14,206.55,362,150
886118400,206.41,209.4,206.28,207.78,488,150
886377600,206.52,207.88,205.71,207.67,320,150
886464000,207.58,208.33,205.77,206.88,443,150
886550400,206.84,207.08,204.26,205.03,384,150
886636800,204.9,205.74,202.51,204.25,582,150
886723200,204.11,205.74,203.24,203.73,463,150
886982400,203.75,205.51,201.61,202.41,647,150
887068800,202.3,202.8,199.69,200.61,454,150
887155200,200.49,203.14,200.13,201.84,468,150
887241600,201.89,204.75,200.26,204.1,678,150
887328000,204.01,205.67,203.15,205.48,358,150
887587200,206.25,207.25,205.81,206.64,250,150
887673600,206.52,207.27,205.55,206.94,303,150
887760000,206.73,208.2,205.49,207.03,513,150
887846400,206.88,207.25,205.83,206.34,231,150
887932800,206.19,210.06,205.92,209.39,509,150
888192000,209.24,211.55,209.11,210.68,345,150
888278400,210.59,211.84,209.84,210.96,364,150
888364800,211.02,212.31,208.78,210.81,686,150
888451200,210.74,211.99,208.68,209.38,527,150
888537600,209.34,209.49,207.0,207.23,288,150
888796800,207.27,208.25,206.08,207.09,417,150
888883200,206.92,208.89,206.25,208.21,400,150
888969600,208.16,209.35,206.88,208.65,446,150
889056000,208.57,210.63,208.31,208.62,460,150
889142400,208.51,210.03,207.45,209.49,419,150
889401600,209.2,210.47,208.79,209.45,312,150
889488000,209.41,209.87,208.12,209.08,318,150
889574400,209.03,213.61,208.32,213.1,652,150
889660800,213.17,214.97,212.03,213.45,561,150
889747200,213.19,214.61,212.42,213.66,392,150
890006400,213.66,217.0,213.34,216.19,480,150
890092800,215.81,217.15,214.75,216.21,441,150
890179200,216.06,218.66,215.67,217.23,482,150
890265600,217.01,218.4,215.71,217.92,448,150
890352000,217.75,218.74,215.5,217.65,639,150
890611200,217.38,219.43,217.21,218.9,293,150
890697600,218.51,219.56,217.45,218.06,378,150
890784000,218.0,218.42,215.16,216.1,463,150
890870400,216.14,217.62,214.85,216.52,517,150
890956800,216.4,219.9,215.26,219.36,633,150
891216000,218.89,222.52,218.66,221.62,500,150
891302400,221.55,224.38,220.36,222.64,696,150
891388800,222.57,224.08,221.94,223.16,370,150
891475200,223.2,224.18,221.64,222.54,443,150
891561600,222.4,225.66,221.78,224.43,574,150
891820800,223.82,224.91,222.92,224.58,323,150
891907200,224.44,224.87,221.78,222.68,443,150
891993600,222.52,223.08,219.22,219.92,513,150
892080000,219.77,223.62,217.05,218.91,1229,150
892166400,218.83,219.78,213.06,215.31,993,150
892425600,215.27,216.88,213.64,215.85,591,150
892512000,215.78,218.87,215.63,218.07,420,150
892598400,217.95,219.64,216.7,219.23,461,150
892684800,219.25,223.41,218.55,222.69,629,150
892771200,222.57,223.97,220.71,221.89,585,150
893030400,222.02,223.1,220.98,221.55,378,150
893116800,221.39,221.75,219.53,219.75,281,150
893203200,219.72,220.88,217.58,218.23,512,150
893289600,218.12,218.25,215.49,216.24,365,150
893376000,216.17,219.25,215.64,218.91,449,150
893635200,218.52,222.0,218.08,221.3,507,150
893721600,221.5,222.24,219.23,220.05,458,150
893808000,219.85,221.49,219.65,220.99,255,150
893894400,220.81,222.45,219.97,222.11,367,150
893980800,221.95,223.37,220.71,222.11,517,150
894240000,221.21,222.65,221.21,221.71,239,150
894326400,221.62,222.0,218.14,218.71,482,150
894412800,218.62,221.69,218.31,221.11,428,150
894499200,221.02,221.87,218.77,219.78,497,150
894585600,219.71,220.16,216.49,217.82,546,150
894844800,217.81,218.37,215.92,216.74,384,150
894931200,216.79,219.39,216.34,218.64,426,150
895017600,218.63,220.17,218.17,218.73,391,150
895104000,218.71,219.36,217.04,218.03,397,150
895190400,217.85,219.55,217.81,218.86,248,150
895449600,219.18,221.64,218.21,220.76,529,150
895536000,220.54,222.43,220.08,221.12,413,150
895622400,220.85,222.4,220.56,221.72,282,150
895708800,221.84,222.12,219.49,219.96,339,150
895795200,219.64,222.13,219.6,221.5,321,150
896054400,222.56,223.64,222.13,223.23,236,150
896140800,223.25,226.11,223.1,225.4,388,150
896227200,225.4,226.22,223.87,224.33,364,150
896313600,224.24,226.47,223.26,225.57,510,150
896400000,225.42,227.02,224.74,226.36,363,150
896659200,226.3,229.47,225.71,229.04,479,150
896745600,228.9,229.24,226.75,227.24,333,150
896832000,227.14,227.75,224.4,226.77,634,150
896918400,226.72,228.58,226.04,226.3,467,150
897004800,226.26,229.05,226.26,228.54,331,150
897264000,228.6,230.8,228.36,230.39,310,150
897350400,230.33,230.56,228.41,229.69,367,150
897436800,229.55,231.86,229.2,230.74,414,150
897523200,230.66,234.91,229.56,234.38,699,150
897609600,234.26,236.39,233.94,235.64,353,150
897868800,236.05,239.64,235.14,239.3,576,150
897955200,239.06,240.13,234.13,236.21,916,150
898041600,236.06,238.14,226.75,227.66,1439,150
898128000,227.79,231.26,226.02,230.34,794,150
898214400,230.25,230.4,223.66,229.53,1277,150
898473600,229.99,231.9,228.15,230.83,667,150
898560000,230.74,232.99,229.49,232.02,573,150
898646400,231.91,236.42,231.45,235.64,622,150
898732800,235.47,238.52,234.31,237.79,611,150
898819200,237.76,239.04,235.51,236.57,588,150
899078400,236.73,237.81,235.25,236.35,475,150
899164800,237.75,238.0,229.92,231.69,1011,150
899251200,231.58,231.98,228.92,229.43,398,150
899337600,229.28,234.97,228.7,233.05,878,150
899424000,232.55,233.9,229.15,229.67,663,150
899683200,229.41,231.75,229.35,229.96,426,150
899769600,229.79,229.9,226.63,226.86,362,150
899856000,227.04,229.5,226.18,228.49,520,150
899942400,228.72,231.37,227.99,230.32,517,150
900028800,230.35,231.31,228.93,230.94,418,150
900288000,233.26,233.73,230.55,231.5,461,150
900374400,231.37,232.53,228.0,228.96,666,150
900460800,229.02,231.45,228.85,230.19,404,150
900547200,229.97,230.79,226.8,230.0,796,150
900633600,229.87,230.05,227.39,229.72,518,150
900892800,229.28,229.64,227.9,229.21,342,150
900979200,228.87,231.23,228.51,230.58,374,150
901065600,230.4,232.35,230.16,231.98,281,150
901152000,231.87,233.78,230.87,233.21,449,150
901238400,233.27,235.29,231.66,235.09,545,150
901497600,234.94,236.33,234.58,235.94,251,150
901584000,236.13,236.39,232.17,232.63,495,150
901670400,232.43,234.82,231.69,234.53,417,150
901756800,233.98,235.66,232.54,235.14,509,150
901843200,235.22,237.02,234.77,236.66,307,150
902102400,236.74,237.85,235.68,236.93,416,150
902188800,236.71,237.8,234.79,237.41,533,150
902275200,237.2,237.41,234.88,235.07,294,150
902361600,235.0,237.12,234.83,236.09,350,150
902448000,236.07,238.74,235.6,238.36,400,150
902707200,237.9,239.52,237.82,239.37,194,150
902793600,239.2,241.06,238.71,239.82,409,150
902880000,239.64,240.46,236.02,237.52,677,150
902966400,237.29,239.67,234.57,235.52,844,150
903052800,235.39,237.19,234.07,237.14,450,150
903312000,236.86,237.42,235.16,235.95,362,150
903398400,235.99,236.56,233.89,234.18,354,150
903484800,234.25,234.73,232.54,233.3,344,150
903571200,233.26,234.09,230.07,233.42,789,150
903657600,233.36,237.81,232.37,236.84,741,150
903916800,236.77,237.35,235.18,235.79,337,150
904003200,235.71,237.95,235.1,236.47,495,150
904089600,236.39,237.61,235.8,236.28,352,150
904176000,236.13,236.71,234.21,234.8,368,150
904262400,234.86,239.15,231.93,238.36,1095,150
904521600,238.61,238.86,235.24,235.75,439,150
904608000,233.37,233.94,226.98,228.54,910,150
904694400,228.36,230.94,228.29,230.77,290,150
904780800,230.63,231.13,224.68,224.78,706,150
904867200,224.31,227.07,222.87,223.35,745,150
905126400,223.98,224.08,217.7,219.76,855,150
905212800,219.2,220.69,218.23,218.73,446,150
905299200,218.66,228.93,215.94,226.59,1806,150
905385600,226.46,227.55,224.26,227.23,582,150
905472000,227.09,227.26,218.26,218.64,956,150
905731200,219.36,224.2,218.97,222.4,743,150
905817600,222.43,224.96,221.94,224.96,352,150
905904000,224.79,227.42,223.94,225.28,648,150
905990400,225.26,226.77,221.47,221.83,718,150
906076800,221.89,224.32,220.45,223.43,621,150
906336000,223.86,226.37,222.73,226.23,492,150
906422400,226.15,228.61,225.03,227.85,547,150
906508800,227.71,230.29,227.28,228.69,505,150
906595200,228.53,230.95,228.13,228.66,552,150
906681600,228.65,231.56,227.31,231.11,605,150
906940800,231.1,232.96,229.34,232.49,586,150
907027200,232.37,233.36,228.12,229.6,772,150
907113600,229.53,232.7,229.1,232.32,442,150
907200000,232.26,232.7,230.27,231.31,392,150
907286400,231.2,231.56,226.43,227.05,612,150
907545600,229.54,230.0,225.84,226.34,513,150
907632000,225.94,226.12,218.72,219.38,825,150
907718400,219.25,220.09,208.13,208.29,1297,150
907804800,207.78,209.93,193.28,202.6,2813,150
907891200,202.69,204.69,196.7,199.42,1272,150
908150400,198.81,200.79,195.71,199.0,998,150
908236800,198.73,204.95,198.73,203.49,769,150
908323200,203.4,204.8,201.84,202.57,510,150
908409600,202.45,203.57,197.81,198.15,723,150
908496000,198.06,199.38,193.59,196.25,978,150
908755200,196.62,197.14,193.78,194.38,449,150
908841600,194.49,201.89,194.19,197.87,1203,150
908928000,197.76,199.66,196.39,198.68,563,150
909014400,198.61,201.8,198.41,199.15,625,150
909100800,199.15,202.69,198.85,199.3,754,150
909360000,199.68,200.74,198.17,199.02,449,150
909446400,198.94,199.98,197.34,198.19,454,150
909532800,198.0,198.51,195.52,197.43,542,150
909619200,197.22,197.7,194.37,196.03,548,150
909705600,195.94,196.62,193.33,194.37,502,150
909964800,193.39,194.44,190.35,190.9,570,150
910051200,190.57,192.86,189.67,191.22,574,150
910137600,191.17,194.15,190.63,194.05,417,150
910224000,193.91,196.28,193.63,196.21,301,150
910310400,196.13,197.81,195.55,197.63,303,150
910569600,197.84,202.97,197.25,202.42,687,150
910656000,202.07,204.91,201.86,202.87,531,150
910742400,202.75,203.23,199.8,202.16,628,150
910828800,201.94,205.62,201.92,202.18,717,150
910915200,202.25,204.65,201.16,204.29,495,150
911174400,203.89,204.75,200.44,201.95,669,150
911260800,201.68,203.8,200.96,203.45,392,150
911347200,203.39,204.09,202.0,203.86,372,150
911433600,203.54,203.84,197.74,200.25,892,150
911520000,200.0,200.72,197.73,199.46,545,150
911779200,199.73,201.23,199.0,200.59,361,150
911865600,201.0,201.79,199.25,201.44,465,150
911952000,201.38,202.96,199.53,202.25,600,150
912038400,202.13,203.69,201.36,203.27,353,150
912124800,203.24,204.33,202.5,203.39,352,150
912384000,203.83,205.08,202.0,202.66,500,150
912470400,202.67,202.85,200.83,201.64,302,150
912556800,201.52,201.91,199.19,200.38,431,150
912643200,200.18,200.83,196.11,196.46,573,150
912729600,196.33,198.8,195.98,198.01,397,150
912988800,196.81,199.28,196.38,198.25,437,150
913075200,198.28,199.02,196.79,197.45,364,150
913161600,197.49,197.96,194.78,195.79,467,150
913248000,195.61,196.43,193.9,196.43,425,150
913334400,196.34,197.95,195.03,196.51,568,150
913593600,196.28,197.16,194.04,195.67,564,150
913680000,195.59,198.42,194.95,196.57,597,150
913766400,196.4,196.81,193.47,195.35,564,150
913852800,194.39,195.55,193.91,194.63,305,150
913939200,194.8,195.11,192.65,194.37,450,150
914198400,194.75,195.89,192.93,195.01,567,150
914284800,194.9,197.6,194.65,195.88,493,150
914371200,195.77,196.19,193.77,194.06,314,150
914457600,193.95,195.23,193.06,194.05,425,150
914544000,194.2,194.95,193.87,194.68,169,150
914803200,194.36,195.86,193.71,194.0,395,150
914889600,194.0,194.95,192.87,194.74,343,150
914976000,194.63,194.99,190.59,190.69,487,150
915062400,190.71,191.38,186.4,188.88,814,150
915408000,189.17,190.1,185.75,186.13,2011,150
915494400,184.84,184.95,183.08,184.23,1904,150
915580800,185.35,187.17,185.07,186.8,2141,150
915667200,186.45,186.45,181.97,183.73,2887,150
915753600,183.67,184.43,182.13,182.27,4126,150
916012800,180.99,181.9,177.58,177.76,4731,150
916099200,177.77,184.17,177.72,184.08,4241,150
916185600,184.14,187.07,182.4,187.02,3316,150
916272000,187.06,189.18,186.26,187.67,3496,150
916358400,187.66,188.67,186.32,188.37,4026,150
916617600,188.39,190.25,187.15,188.63,3269,150
916704000,188.78,189.48,187.61,187.92,3404,150
916790400,188.16,188.27,185.51,186.0,3202,150
916876800,186.2,189.12,184.82,188.24,3491,150
916963200,188.26,190.04,187.37,189.58,3827,150
917222400,189.59,190.08,188.17,188.62,2427,150
917308800,188.61,189.69,187.89,189.02,3094,150
917395200,188.88,191.19,187.84,190.67,3659,150
917481600,190.62,192.57,189.72,191.64,3420,150
917568000,191.66,191.91,190.27,191.35,3308,150
917827200,191.02,191.02,188.26,189.0,2824,150
917913600,189.04,192.32,185.78,190.16,6297,150
918000000,190.21,190.79,183.06,184.71,2898,150
918086400,184.72,186.82,183.12,184.26,3975,150
918172800,184.22,186.42,183.28,184.72,4284,150
918432000,184.37,188.19,183.96,187.82,2847,150
918518400,187.77,188.38,186.45,186.59,3460,150
918604800,186.64,188.73,185.48,186.03,3461,150
918691200,186.0,186.7,184.35,186.17,3320,150
918777600,186.21,187.87,185.05,186.28,4086,150
919036800,186.3,188.84,185.77,188.48,3346,150
919123200,188.56,193.31,186.85,187.35,3564,150
919209600,187.37,195.25,186.81,194.06,3342,150
919296000,194.05,196.38,193.66,195.74,3767,150
919382400,195.71,197.18,195.16,196.83,3962,150
919641600,196.88,198.51,195.1,196.96,4160,150
919728000,196.91,197.15,194.78,195.05,4849,150
919814400,194.95,196.17,193.84,193.94,3757,150
919900800,193.86,194.81,191.38,192.12,3518,150
919987200,191.5,193.84,190.1,191.23,3751,150
920246400,190.44,193.16,189.91,192.63,3626,150
920332800,192.62,195.05,192.52,194.01,3175,150
920419200,193.98,196.96,193.98,196.47,3811,150
920505600,196.51,198.93,196.42,198.74,3940,150
920592000,198.67,198.89,196.42,197.05,3290,150
920851200,196.7,197.44,194.4,195.86,3568,150
920937600,195.95,196.47,194.47,195.88,3699,150
921024000,195.85,196.21,194.58,194.81,4156,150
921110400,194.84,196.42,194.09,194.75,4367,150
921196800,194.7,196.8,193.69,193.72,4595,150
921456000,194.18,194.52,190.39,191.24,3532,150
921542400,191.17,192.29,190.1,191.37,3550,150
921628800,191.36,193.73,190.95,192.84,3847,150
921715200,192.89,193.55,191.27,191.39,3984,150
921801600,191.42,191.89,190.35,190.62,3108,150
922060800,190.48,192.8,190.42,192.61,3441,150
922147200,192.63,193.63,191.82,193.63,3357,150
922233600,193.6,194.0,191.8,193.17,3650,150
922320000,193.15,193.62,191.62,191.88,3524,150
922406400,191.93,195.53,191.7,195.41,3776,150
922665600,195.33,195.69,193.19,194.23,2865,150
922752000,194.19,194.92,193.35,193.98,1504,150
922838400,193.81,194.92,190.7,191.49,5927,150
922924800,191.55,193.77,190.7,193.77,4654,150
923011200,193.72,193.82,192.94,193.31,556,150
923270400,193.48,195.45,193.16,194.72,875,150
923356800,194.74,195.01,191.67,191.88,3523,150
923443200,191.86,193.99,191.71,193.75,3273,150
923529600,193.8,195.28,193.08,194.75,3369,150
923616000,194.78,195.25,193.85,194.55,3569,150
923875200,194.3,194.94,193.45,194.14,2318,150
923961600,194.11,194.85,193.22,193.61,3256,150
924048000,193.57,193.88,191.1,191.39,2994,150
924134400,191.55,192.32,190.89,191.75,3019,150
924220800,191.76,191.83,188.91,190.22,3347,150
924480000,189.96,191.3,189.11,189.58,3266,150
924566400,189.54,191.7,189.4,191.38,3127,150
924652800,191.29,192.73,191.01,192.34,3141,150
924739200,192.37,193.48,192.12,193.31,3126,150
924825600,193.21,193.59,192.5,192.57,3187,150
925084800,192.44,192.65,191.67,192.4,2669,150
925171200,192.33,195.07,192.24,194.5,2997,150
925257600,194.47,194.56,191.42,192.07,3299,150
925344000,192.08,192.81,191.27,191.78,3121,150
925430400,191.73,193.19,191.61,192.42,3020,150
925689600,192.42,193.78,192.17,193.52,2574,150
925776000,193.56,197.0,193.37,196.76,3098,150
925862400,196.75,197.96,196.26,196.94,3635,150
925948800,196.95,198.77,195.94,197.52,3464,150
926035200,197.6,197.69,196.7,196.78,3135,150
926294400,197.08,197.22,195.84,195.96,2915,150
926380800,195.9,196.66,195.52,196.24,3699,150
926467200,196.22,196.92,195.01,195.57,4229,150
926553600,195.53,197.7,195.53,197.45,3850,150
926640000,197.44,198.98,197.03,198.9,4107,150
926899200,199.18,200.23,198.79,199.93,4426,150
926985600,199.92,200.4,198.95,199.85,3641,150
927072000,199.88,201.9,199.63,200.93,4938,150
927158400,200.97,201.64,199.46,199.82,4727,150
927244800,199.48,200.28,198.26,198.59,4389,150
927504000,198.7,199.14,196.35,196.6,3164,150
927590400,196.61,197.06,195.81,196.46,4239,150
927676800,196.32,196.54,194.35,195.01,4372,150
927763200,194.98,195.76,192.36,192.36,4233,150
927849600,192.41,195.06,192.13,194.74,4573,150
928108800,195.13,195.57,194.19,194.78,3069,150
928195200,194.77,195.33,193.49,194.49,4266,150
928281600,194.51,195.56,193.64,195.05,4349,150
928368000,195.08,195.82,194.36,194.96,4544,150
928454400,195.02,197.07,194.73,197.02,3803,150
928713600,196.86,197.15,192.8,193.25,3691,150
928800000,193.26,195.25,190.61,191.57,5130,150
928886400,191.54,192.08,190.04,190.98,4977,150
928972800,190.96,192.17,188.6,190.83,7957,150
929059200,190.69,191.6,189.68,190.6,6238,150
929318400,190.74,195.11,190.31,193.85,6697,150
929404800,193.88,193.9,191.68,192.02,6437,150
929491200,191.98,192.42,190.33,191.29,5377,150
929577600,191.23,191.49,189.68,190.44,5289,150
929664000,190.53,192.84,189.47,192.35,5016,150
929923200,194.06,195.32,193.68,194.62,4051,150
930009600,194.63,194.97,192.87,193.72,5051,150
930096000,193.74,194.52,192.25,192.64,4305,150
930182400,192.66,193.79,191.91,193.54,4730,150
930268800,193.43,193.77,192.4,192.69,5033,150
930528000,192.62,193.33,191.34,192.18,4607,150
930614400,192.2,192.48,190.17,190.5,3444,150
930700800,190.48,191.29,189.82,191.03,5214,150
930787200,191.05,191.54,189.81,189.99,4026,150
930873600,189.98,191.42,189.97,190.96,3340,150
931132800,190.98,193.68,190.66,192.7,3665,150
931219200,192.72,192.76,190.26,190.71,3668,150
931305600,190.74,191.13,189.83,190.41,4360,150
931392000,190.4,191.57,190.34,190.99,4576,150
931478400,190.98,191.53,189.28,189.51,4855,150
931737600,189.61,190.41,189.23,190.35,3646,150
931824000,190.31,190.36,188.72,188.88,4806,150
931910400,188.96,189.32,187.91,188.93,3563,150
931996800,188.92,189.86,188.32,189.4,5783,150
932083200,189.29,189.91,188.77,188.99,4471,150
932342400,189.11,189.15,185.88,187.04,5575,150
932428800,187.11,188.06,185.68,186.99,4607,150
932515200,187.1,187.99,186.27,186.55,4508,150
932601600,186.57,187.37,184.09,185.01,4927,150
932688000,185.04,185.78,183.39,184.06,4822,150
932947200,184.44,185.85,183.63,185.81,5377,150
933033600,185.82,186.58,184.67,185.21,4932,150
933120000,185.19,185.61,183.67,185.4,5040,150
933206400,185.43,187.02,184.24,186.7,5806,150
933292800,186.68,187.61,185.42,185.78,3962,150
933552000,186.12,186.17,184.27,184.99,5920,150
933638400,184.97,187.01,184.84,186.71,5514,150
933724800,186.72,187.11,184.93,185.19,5160,150
933811200,185.25,185.96,184.06,184.87,5978,150
933897600,184.82,185.48,184.54,184.77,4905,150
934156800,185.45,185.85,184.44,184.96,4531,150
934243200,184.97,185.58,184.29,185.51,4326,150
934329600,185.5,186.17,184.86,186.01,4242,150
934416000,186.01,186.64,185.38,185.78,4580,150
934502400,185.76,186.44,184.6,185.88,4896,150
934761600,185.92,186.25,183.37,183.5,3790,150
934848000,183.18,183.96,182.29,182.93,4793,150
934934400,182.97,183.25,179.11,179.3,5492,150
935020800,179.64,180.57,177.7,180.35,5687,150
935107200,180.34,181.33,179.5,179.7,4456,150
935366400,179.68,180.19,178.44,178.61,5101,150
935452800,178.62,180.43,176.36,176.65,4445,150
935539200,177.94,177.99,175.8,176.13,5451,150
935625600,176.16,177.64,175.84,177.22,3726,150
935712000,177.25,177.82,176.52,176.98,4773,150
935971200,176.32,176.7,175.64,175.89,4131,150
936057600,175.87,177.09,174.22,175.9,5962,150
936144000,175.98,176.63,174.42,174.95,4594,150
936230400,174.91,176.46,174.08,175.59,4951,150
936316800,175.5,177.5,175.36,176.28,4788,150
936576000,175.68,176.88,175.39,176.15,4166,150
936662400,176.12,178.88,175.57,177.71,4977,150
936748800,177.74,180.16,177.7,180.07,5007,150
936835200,180.04,180.06,175.51,176.55,7286,150
936921600,176.52,179.32,175.78,175.96,7257,150
937180800,176.3,179.05,172.52,178.05,7510,150
937267200,178.06,179.01,168.95,170.19,7022,150
937353600,170.15,170.49,166.11,168.72,7382,150
937440000,168.76,171.16,167.49,170.78,6837,150
937526400,170.53,174.02,169.81,174.01,6417,150
937785600,174.58,175.58,171.74,172.33,5995,150
937872000,172.35,174.12,170.04,171.25,5247,150
937958400,171.16,172.12,169.08,169.92,6630,150
938044800,169.95,171.18,168.65,170.86,6070,150
938131200,170.85,172.97,170.71,171.08,6059,150
938390400,173.25,175.25,170.82,174.15,6983,150
938476800,174.18,176.08,173.56,175.59,6136,150
938563200,175.56,176.5,174.8,176.21,5517,150
938649600,176.18,176.42,173.25,175.12,6205,150
938736000,175.08,175.17,173.26,174.08,5667,150
938995200,173.91,176.3,173.21,175.72,4804,150
939081600,175.73,177.13,175.21,176.18,5557,150
939168000,176.1,178.51,175.46,178.02,5243,150
939254400,178.04,178.78,176.73,176.99,4886,150
939340800,176.95,178.28,176.77,177.43,4955,150
939600000,177.34,177.59,176.06,176.66,4194,150
939686400,176.65,176.71,175.34,175.94,4696,150
939772800,175.97,178.54,175.57,176.55,5292,150
939859200,176.53,178.75,176.22,178.6,4717,150
939945600,178.68,178.92,175.5,175.5,5178,150
940204800,175.69,176.61,174.95,175.99,4774,150
940291200,176.15,176.76,175.5,176.24,4933,150
940377600,176.29,178.09,176.0,177.06,5449,150
940464000,177.02,178.04,176.56,177.72,5072,150
940550400,177.68,178.09,174.93,175.11,4990,150
940809600,175.34,176.17,174.91,175.16,5663,150
940896000,175.04,175.58,172.66,173.22,5337,150
940982400,173.18,173.37,171.01,172.03,6476,150
941068800,171.96,172.55,170.71,172.51,4631,150
941155200,172.48,172.67,170.35,170.89,5567,150
941414400,171.26,172.44,170.53,171.0,6000,150
941500800,170.99,172.96,170.8,171.27,6311,150
941587200,171.29,173.14,170.69,172.31,5746,150
941673600,172.32,173.4,169.78,170.21,5742,150
941760000,170.19,172.88,169.87,171.77,5869,150
942019200,172.27,172.61,170.1,170.38,5217,150
942105600,170.35,171.1,169.83,170.32,4190,150
942192000,170.47,170.74,169.74,170.29,4150,150
942278400,170.32,171.3,169.96,170.16,4150,150
942364800,170.11,170.4,169.09,170.12,4211,150
942624000,170.17,170.31,168.96,170.01,4161,150
942710400,170.04,171.91,169.9,171.15,4764,150
942796800,171.18,172.16,170.83,171.38,4921,150
942883200,171.46,172.36,170.78,171.09,4614,150
942969600,171.1,172.38,170.94,172.28,5022,150
943228800,172.19,172.65,169.48,169.65,4643,150
943315200,169.61,170.19,168.79,169.4,5541,150
943401600,169.46,170.2,167.85,168.58,5369,150
943488000,168.52,169.1,167.84,168.3,5047,150
943574400,168.27,171.41,164.98,170.39,6994,150
943833600,164.5,166.74,162.67,164.88,7699,150
943920000,164.83,165.21,162.08,163.09,8385,150
944006400,163.0,164.6,162.79,164.07,6289,150
944092800,164.2,164.55,163.31,164.41,5585,150
944179200,164.4,164.58,163.47,164.58,4901,150
944438400,164.39,167.19,163.24,166.58,5217,150
944524800,166.57,168.16,165.8,166.28,5456,150
944611200,166.37,167.84,166.27,167.52,5209,150
944697600,167.53,168.2,165.95,166.51,5010,150
944784000,166.49,167.02,165.5,165.92,5046,150
945043200,166.14,167.79,165.82,167.53,5825,150
945129600,167.54,167.71,166.55,166.91,5201,150
945216000,166.96,167.24,165.92,166.52,5331,150
945302400,166.5,166.92,164.99,166.2,5523,150
945388800,166.2,166.95,165.18,165.26,4467,150
945648000,165.69,166.02,164.15,165.16,5523,150
945734400,165.24,165.41,163.91,164.74,5113,150
945820800,164.76,165.2,162.75,163.47,5710,150
945907200,163.45,165.33,162.89,164.97,4491,150
945993600,164.96,166.72,164.43,166.21,6022,150
946252800,166.19,166.54,164.94,165.37,4399,150
946339200,165.44,166.1,164.65,165.26,5541,150
946425600,165.37,165.85,164.72,165.11,5659,150
946512000,165.1,165.72,164.69,165.4,6242,150
946598400,165.56,165.96,164.87,165.58,1879,150
946857600,164.92,166.57,164.22,166.36,4947,150
946944000,166.47,169.19,166.03,168.91,5974,150
947030400,168.92,171.48,168.33,170.94,4855,150
947116800,171.06,173.9,170.7,173.39,5475,150
947203200,173.4,173.88,172.08,172.71,3306,150
947462400,172.4,172.61,170.62,172.17,5608,150
947548800,172.18,174.98,172.02,174.85,5792,150
947635200,174.62,175.1,173.74,174.13,6308,150
947721600,174.15,175.19,173.52,174.64,5846,150
947808000,174.69,175.24,172.5,172.71,5055,150
948067200,172.92,173.07,170.8,171.35,5542,150
948153600,171.36,173.32,171.1,173.26,5537,150
948240000,173.22,173.91,172.69,173.15,5314,150
948326400,173.13,174.74,172.8,174.53,4520,150
948412800,174.4,174.56,172.45,172.75,5248,150
948672000,173.03,175.0,172.5,174.67,5412,150
948758400,174.53,175.09,173.72,174.43,4879,150
948844800,174.41,174.64,172.93,173.3,5599,150
948931200,173.36,173.46,171.34,172.23,7075,150
949017600,172.18,173.86,169.84,173.56,5795,150
949276800,173.76,174.29,172.57,173.29,5399,150
949363200,173.29,174.35,172.95,174.13,5693,150
949449600,174.18,175.81,173.43,174.09,6120,150
949536000,174.03,174.25,170.83,171.87,7250,150
949622400,171.84,172.59,170.22,170.63,7306,150
949881600,170.55,173.82,170.49,173.75,8973,150
949968000,173.58,176.86,173.55,176.3,7127,150
950054400,176.26,176.71,174.45,175.89,9881,150
950140800,175.98,176.3,173.96,175.73,9714,150
950227200,175.73,175.98,172.91,173.44,8634,150
950486400,173.41,173.68,171.86,172.95,9082,150
950572800,172.92,174.51,172.38,174.18,8537,150
950659200,174.26,176.17,173.66,175.79,8108,150
950745600,175.8,178.08,175.59,177.82,7365,150
950832000,177.85,178.68,176.72,177.73,6730,150
951091200,177.26,178.33,176.58,178.25,9276,150
951177600,178.17,179.76,177.85,178.59,9414,150
951264000,178.63,179.23,177.52,178.36,7750,150
951350400,178.29,178.9,176.8,178.26,8259,150
951436800,178.23,178.39,175.15,176.07,8189,150
951696000,174.31,175.04,172.62,174.73,8209,150
951782400,174.69,176.51,173.27,174.22,8445,150
951868800,174.04,174.4,169.35,169.84,8363,150
951955200,169.88,170.69,168.94,169.71,9706,150
952041600,169.75,170.91,169.21,169.99,8212,150
952300800,170.35,170.47,168.62,168.98,8011,150
952387200,169.0,170.24,166.67,167.92,9369,150
952473600,167.96,169.88,167.47,169.75,8137,150
952560000,169.66,170.09,167.84,168.75,7509,150
952646400,168.72,168.84,167.26,167.7,6932,150
952905600,167.68,168.14,165.83,166.71,9112,150
952992000,166.72,167.25,164.24,165.74,8795,150
953078400,165.95,167.27,164.93,166.26,8422,150
953164800,166.22,166.63,164.99,166.14,8248,150
953251200,166.18,168.12,166.0,168.04,7993,150
953510400,168.37,168.56,166.68,166.96,7957,150
953596800,166.94,168.63,166.61,167.63,7399,150
953683200,167.58,169.19,166.75,169.05,7778,150
953769600,169.1,170.68,168.71,170.18,7534,150
953856000,170.15,171.15,169.4,170.36,7561,150
954115200,170.25,171.45,169.01,169.59,6327,150
954201600,169.54,169.8,167.76,168.2,7766,150
954288000,168.21,169.4,166.6,168.52,7796,150
954374400,168.5,168.79,166.65,168.19,6861,150
954460800,168.24,171.41,164.87,169.89,12173,150
954720000,164.34,167.79,163.62,167.52,8473,150
954806400,167.5,168.91,167.14,167.68,6568,150
954892800,167.69,168.58,165.92,166.16,7050,150
954979200,166.13,167.03,165.09,165.56,7535,150
955065600,165.57,167.11,165.33,166.5,6072,150
955324800,166.51,169.2,166.11,168.78,8970,150
955411200,168.83,169.98,168.39,169.6,7775,150
955497600,169.58,170.18,166.67,168.09,8403,150
955584000,168.12,168.59,167.56,168.01,6856,150
955670400,167.97,168.5,166.13,166.43,5977,150
955929600,165.5,167.01,164.06,165.12,7893,150
956016000,165.16,165.65,164.26,165.05,8439,150
956102400,164.99,165.9,164.66,165.85,11402,150
956188800,165.88,167.25,164.98,167.09,9682,150
956275200,167.11,167.49,166.59,166.86,4875,150
956534400,166.8,167.16,166.07,167.04,3545,150
956620800,166.97,168.46,165.97,168.14,7161,150
956707200,168.13,168.63,166.59,167.59,7842,150
956793600,167.6,167.99,166.66,167.36,8912,150
956880000,167.39,169.21,166.75,167.75,11560,150
957139200,167.4,169.6,167.29,169.03,3613,150
957225600,169.02,170.59,168.45,169.29,4624,150
957312000,169.28,170.84,169.04,170.29,7662,150
957398400,170.4,170.85,166.67,166.7,5137,150
957484800,166.46,166.81,164.56,166.16,4005,150
957744000,166.24,167.29,165.74,167.05,5544,150
957830400,167.0,168.08,166.39,167.37,5203,150
957916800,167.37,167.98,165.05,165.05,5192,150
958003200,165.14,166.32,162.2,163.18,6041,150
958089600,163.13,165.32,161.96,164.06,5447,150
958348800,165.44,166.01,164.13,164.25,3729,150
958435200,164.08,164.79,162.88,163.83,4604,150
958521600,163.85,164.22,162.86,163.35,5201,150
958608000,163.4,163.48,160.62,160.97,5709,150
958694400,160.83,161.35,158.15,159.2,5803,150
958953600,159.22,160.17,158.54,159.87,4737,150
959040000,159.9,160.12,156.99,157.14,7154,150
959126400,157.16,159.41,156.45,158.71,6793,150
959212800,158.74,159.8,157.59,157.86,6931,150
959299200,157.91,159.65,157.77,159.65,7742,150
959558400,159.54,160.25,158.97,159.72,6024,150
959644800,159.69,160.7,158.76,159.52,6881,150
959731200,159.62,161.97,158.88,161.54,7768,150
959817600,161.58,163.1,161.49,162.26,6181,150
959904000,162.29,163.62,161.74,163.15,5904,150
960163200,163.18,163.76,161.87,163.01,7626,150
960249600,163.05,163.45,160.33,161.7,6968,150
960336000,161.65,162.25,160.21,160.43,8564,150
960422400,160.46,161.19,159.34,159.85,8438,150
960508800,159.88,161.72,159.68,161.72,7696,150
960768000,161.17,161.83,160.4,161.74,6822,150
960854400,161.71,162.02,160.92,161.07,6714,150
960940800,161.26,161.54,159.73,159.92,8286,150
961027200,159.89,161.46,159.14,160.86,7433,150
961113600,160.78,161.41,160.24,161.18,7057,150
961372800,161.19,161.49,159.74,160.16,6361,150
961459200,160.07,160.42,158.66,160.08,7111,150
961545600,160.04,160.22,157.6,158.25,6572,150
961632000,158.29,158.96,157.1,158.09,7159,150
961718400,158.16,158.68,156.27,157.08,7362,150
961977600,157.02,158.85,156.42,158.14,7193,150
962064000,158.11,158.94,157.65,158.61,7023,150
962150400,158.61,159.94,158.29,159.69,6354,150
962236800,159.66,160.1,158.33,159.9,6673,150
962323200,159.88,161.35,158.51,160.98,7076,150
962582400,160.75,161.34,159.67,159.91,6965,150
962668800,159.98,161.15,159.29,160.82,7760,150
962755200,160.99,161.98,159.99,161.32,8262,150
962841600,161.24,162.8,161.07,162.06,7076,150
962928000,161.96,163.54,161.61,163.29,6594,150
963187200,163.39,163.48,161.68,161.93,6715,150
963273600,161.91,162.6,161.22,162.44,5894,150
963360000,162.44,164.42,162.18,162.89,6461,150
963446400,162.88,163.19,160.74,162.42,7092,150
963532800,162.45,163.29,161.36,162.36,7018,150
963792000,162.05,162.88,161.04,161.39,7941,150
963878400,161.47,162.33,160.9,161.99,6431,150
963964800,162.01,162.56,161.24,162.1,6685,150
964051200,162.09,163.13,161.25,162.67,7205,150
964137600,162.68,165.6,162.27,165.41,7115,150
964396800,165.15,165.7,164.61,164.82,5946,150
964483200,164.91,166.3,164.32,165.51,5046,150
964569600,165.44,166.25,165.14,165.37,5950,150
964656000,165.38,165.66,164.78,165.11,4948,150
964742400,165.17,165.46,164.01,164.8,3742,150
965001600,164.71,165.07,163.45,163.97,3815,150
965088000,163.95,164.72,162.9,163.08,3490,150
965174400,163.12,163.27,161.65,162.81,4572,150
965260800,162.79,163.22,160.38,162.27,4613,150
965347200,162.28,163.63,161.35,163.37,4678,150
965606400,163.32,165.18,163.07,164.82,4584,150
965692800,164.79,165.15,162.79,163.42,4766,150
965779200,163.39,163.47,161.69,162.1,4432,150
965865600,162.06,163.16,161.15,162.73,4561,150
965952000,162.67,163.92,162.55,162.89,3396,150
966211200,163.02,165.51,163.02,164.77,4290,150
966297600,164.76,165.88,163.76,164.05,5098,150
966384000,163.9,164.42,162.49,162.8,4525,150
966470400,162.79,163.06,162.25,162.54,3776,150
966556800,162.65,163.28,160.9,161.47,4144,150
966816000,161.37,162.07,160.77,161.77,4072,150
966902400,161.75,161.75,160.24,160.67,3632,150
966988800,160.6,160.75,158.03,159.09,4768,150
967075200,159.12,159.19,158.04,158.3,4799,150
967161600,158.31,158.67,156.92,157.01,5048,150
967420800,157.02,157.2,156.13,156.46,3537,150
967507200,156.49,156.99,154.18,154.28,4380,150
967593600,154.42,155.57,152.96,155.38,4363,150
967680000,155.37,155.78,154.09,154.39,4460,150
967766400,154.39,155.19,153.98,154.99,4628,150
968025600,154.92,155.31,153.98,154.43,4631,150
968112000,154.49,155.26,153.41,153.95,4762,150
968198400,153.89,154.16,152.04,152.22,5034,150
968284800,152.16,153.18,150.2,151.35,6067,150
968371200,151.3,152.23,149.88,150.07,5513,150
968630400,150.03,151.39,148.59,148.71,5589,150
968716800,148.88,151.34,148.2,150.22,5723,150
968803200,150.31,151.45,150.0,150.87,5204,150
968889600,150.93,152.15,150.24,151.31,5265,150
968976000,151.25,152.03,149.55,149.65,4648,150
969235200,149.86,150.43,149.17,150.26,4675,150
969321600,150.3,151.04,149.6,150.78,4788,150
969408000,150.82,151.33,149.8,150.37,5025,150
969494400,150.41,153.49,150.11,153.32,5155,150
969580800,153.39,156.92,150.38,156.92,14982,150
969840000,157.26,157.89,155.77,156.52,5055,150
969926400,156.55,157.62,155.61,157.41,4716,150
970012800,157.39,158.18,156.59,157.1,4515,150
970099200,157.04,158.16,156.92,157.46,4277,150
970185600,157.44,159.85,157.12,159.55,5185,150
970444800,159.68,160.18,159.19,159.49,4774,150
970531200,159.53,159.87,158.11,158.79,4888,150
970617600,158.78,159.81,157.92,159.38,4510,150
970704000,159.37,159.39,157.45,157.62,4587,150
970790400,157.53,158.1,156.89,157.51,4144,150
971049600,157.58,158.03,157.33,157.7,3188,150
971136000,157.64,157.96,156.2,156.79,4559,150
971222400,156.91,158.15,156.75,157.43,4423,150
971308800,157.33,158.95,156.83,158.36,4292,150
971395200,158.46,159.67,156.07,156.66,4716,150
971654400,156.32,157.19,155.97,156.43,4757,150
971740800,156.4,156.81,155.0,156.69,4953,150
971827200,156.7,157.4,154.64,155.46,5011,150
971913600,155.42,157.12,155.38,156.74,5476,150
972000000,156.78,158.18,156.57,158.08,4777,150
972259200,158.31,158.91,156.94,157.36,5507,150
972345600,157.32,157.74,156.15,156.21,5871,150
972432000,156.21,156.74,154.37,155.07,5294,150
972518400,155.02,155.81,153.47,155.56,5752,150
972604800,155.51,158.32,155.1,158.03,4530,150
972864000,158.09,159.47,157.75,158.03,5092,150
972950400,158.02,158.83,157.3,157.84,5976,150
973036800,157.85,158.24,156.42,157.12,5803,150
973123200,157.1,157.64,156.08,156.23,5906,150
973209600,156.25,157.36,154.81,155.35,5728,150
973468800,155.39,155.9,153.09,153.46,5663,150
973555200,153.42,153.89,152.67,153.45,5085,150
973641600,153.49,153.84,152.51,152.57,5888,150
973728000,152.52,154.01,151.53,153.77,4919,150
973814400,153.83,154.62,153.55,154.07,5036,150
974073600,154.0,155.03,153.9,154.63,4704,150
974160000,154.6,155.48,154.14,154.84,4170,150
974246400,154.82,155.51,154.38,155.19,4924,150
974332800,155.16,155.55,154.56,155.17,4445,150
974419200,155.32,155.32,154.6,154.85,4661,150
974678400,154.76,156.86,154.71,156.32,4485,150
974764800,156.31,157.34,155.74,156.11,5193,150
974851200,156.13,156.31,154.62,154.63,7497,150
974937600,154.64,155.2,154.12,154.28,4959,150
975024000,154.33,156.59,154.23,156.18,5835,150
975283200,155.75,157.18,155.51,156.54,6174,150
975369600,156.5,157.17,155.94,156.25,6620,150
975456000,156.22,158.6,155.95,158.29,6911,150
975542400,158.29,158.39,156.92,157.35,7881,150
975628800,157.35,160.76,157.23,160.37,8227,150
975888000,160.47,161.92,159.58,161.16,6726,150
975974400,161.21,161.64,159.05,159.24,7256,150
976060800,159.22,159.65,158.44,159.14,6906,150
976147200,159.15,160.46,158.85,159.7,7672,150
976233600,159.73,161.64,159.45,161.0,7104,150
976492800,161.64,161.74,159.89,161.22,6712,150
976579200,161.19,162.22,160.87,161.36,6078,150
976665600,161.38,163.84,161.26,163.53,7743,150
976752000,163.47,165.53,163.46,164.88,6716,150
976838400,164.75,166.4,164.75,165.88,9086,150
977097600,165.78,166.59,163.99,165.57,7057,150
977184000,165.6,165.69,163.69,165.08,6728,150
977270400,165.09,166.92,164.95,166.48,6956,150
977356800,166.45,167.06,164.64,165.29,7134,150
977443200,165.27,167.39,165.06,166.13,7496,150
977702400,166.17,167.29,166.12,166.9,2464,150
977788800,167.11,168.83,166.79,168.6,5555,150
977875200,168.53,171.23,168.38,170.85,8050,150
977961600,170.87,171.59,170.37,170.79,9015,150
978048000,170.84,171.84,170.62,170.83,8682,150
978307200,170.84,171.42,170.78,171.17,275,150
978393600,171.19,172.2,170.38,171.87,6368,150
978480000,171.93,172.89,169.06,169.48,5332,150
978566400,169.44,173.86,169.43,173.68,6318,150
978652800,173.64,175.69,173.55,175.25,6779,150
978912000,175.23,175.74,172.81,173.98,6719,150
978998400,173.93,174.22,171.93,173.99,6690,150
979084800,174.0,174.42,172.27,173.01,8978,150
979171200,173.05,176.69,173.01,176.62,7638,150
979257600,176.59,177.68,173.88,175.21,8650,150
979516800,175.07,176.45,175.0,175.74,6550,150
979603200,175.75,176.01,171.76,173.49,8269,150
979689600,173.5,175.4,172.0,175.29,9140,150
979776000,175.32,176.47,173.31,173.87,8750,150
979862400,173.83,174.61,171.23,171.23,10144,150
980121600,171.36,171.56,169.09,170.85,9213,150
980208000,170.84,173.0,170.62,171.22,9751,150
980294400,171.19,173.22,171.01,171.61,8601,150
980380800,171.51,171.84,169.08,170.51,8769,150
980467200,170.57,171.56,169.84,171.31,6646,150
980726400,171.65,172.04,169.45,170.26,7791,150
980812800,170.18,170.81,169.02,169.4,8678,150
980899200,169.37,170.77,169.03,170.71,8488,150
980985600,170.73,171.57,170.11,170.81,7437,150
981072000,170.99,171.01,169.53,169.93,7846,150
981331200,169.92,170.94,168.96,169.14,7135,150
981417600,169.15,169.77,167.19,167.62,6793,150
981504000,167.57,170.23,167.3,169.0,7539,150
981590400,168.95,169.47,167.15,168.73,7240,150
981676800,168.74,170.51,167.77,169.82,8027,150
981936000,169.98,171.47,169.69,170.71,6235,150
982022400,170.76,171.1,169.11,169.7,8278,150
982108800,169.65,170.24,168.89,169.11,7809,150
982195200,169.22,169.84,167.17,167.31,5828,150
982281600,167.38,168.54,166.53,167.43,6976,150
982540800,167.94,168.43,167.41,168.04,4839,150
982627200,167.92,168.24,165.39,167.39,8974,150
982713600,167.4,168.77,166.73,168.16,7193,150
982800000,168.1,169.54,167.15,168.98,8557,150
982886400,168.99,169.48,167.91,168.41,6990,150
983145600,168.4,169.28,168.05,168.22,7280,150
983232000,168.23,168.34,167.21,167.77,6116,150
983318400,167.76,170.16,167.17,169.64,7121,150
983404800,169.62,171.18,169.28,170.77,8754,150
983491200,170.77,175.54,170.59,174.4,7965,150
983750400,175.12,176.37,174.2,174.88,8068,150
983836800,174.81,175.08,173.37,174.28,9029,150
983923200,174.29,176.16,174.07,175.14,7892,150
984009600,175.08,176.07,174.48,175.86,9326,150
984096000,175.94,176.53,174.65,175.67,6669,150
984355200,175.47,177.12,175.27,176.58,7888,150
984441600,176.54,176.69,173.37,173.63,6262,150
984528000,173.58,175.99,172.32,174.79,7053,150
984614400,174.82,176.47,174.0,175.26,7639,150
984700800,175.26,176.48,175.0,176.25,7442,150
984960000,175.99,176.69,174.06,175.06,7540,150
985046400,175.05,175.8,174.75,175.65,6478,150
985132800,175.65,177.32,175.42,176.4,7340,150
985219200,176.44,177.19,175.39,175.84,6677,150
985305600,175.78,175.91,174.48,174.94,5945,150
985564800,175.06,176.89,174.98,175.94,7461,150
985651200,175.93,176.97,174.07,175.23,7415,150
985737600,175.19,176.35,173.34,175.89,7485,150
985824000,175.9,178.24,175.45,176.63,7414,150
985910400,176.57,179.13,175.96,178.9,8555,150
986169600,178.78,180.29,178.18,179.67,7213,150
986256000,179.68,180.28,178.43,179.88,7039,150
986342400,179.85,180.86,178.89,179.53,7310,150
986428800,179.5,180.01,176.87,177.04,7188,150
986515200,177.01,179.54,176.98,178.25,6941,150
986774400,178.66,181.42,178.37,180.71,6141,150
986860800,180.68,181.05,177.85,178.42,6291,150
986947200,178.4,179.55,177.47,179.19,10901,150
987033600,179.21,179.57,176.15,178.0,8128,150
987120000,178.03,178.94,177.8,178.71,5410,150
987379200,178.23,179.35,178.21,178.64,3712,150
987465600,178.71,179.24,176.04,176.61,6933,150
987552000,176.59,176.83,173.52,174.4,6558,150
987638400,174.36,175.81,173.8,175.14,6355,150
987724800,175.19,177.0,174.94,176.37,6125,150
987984000,175.82,177.03,174.13,174.3,6255,150
988070400,174.34,176.22,174.27,175.4,6233,150
988156800,175.37,176.26,174.9,176.03,6008,150
988243200,176.02,177.78,175.46,177.62,5817,150
988329600,177.65,179.22,177.41,178.46,6400,150
988588800,178.0,178.2,176.39,177.11,5300,150
988675200,177.29,177.29,174.64,175.21,6423,150
988761600,175.17,175.55,173.91,174.11,6192,150
988848000,174.1,174.84,173.27,174.21,5809,150
988934400,174.2,174.77,173.45,174.63,5681,150
989193600,174.44,174.95,173.96,174.27,5099,150
989280000,174.19,175.14,172.72,172.87,5384,150
989366400,172.93,174.09,172.76,173.99,5754,150
989452800,174.03,174.63,173.48,174.35,5098,150
989539200,174.36,174.67,172.91,173.66,5435,150
989798400,173.93,175.17,173.52,174.94,5087,150
989884800,174.95,175.91,174.56,175.61,5000,150
989971200,175.61,176.98,175.27,176.58,5501,150
990057600,176.56,176.7,175.22,175.55,5292,150
990144000,175.61,178.04,175.48,177.84,5035,150
990403200,177.97,178.17,176.35,176.62,5035,150
990489600,176.58,177.2,174.8,175.39,5549,150
990576000,175.32,175.4,169.27,170.41,6907,150
990662400,170.41,170.84,167.95,168.76,7155,150
990748800,168.71,171.86,168.69,171.64,5543,150
991008000,171.35,172.24,171.03,172.0,4482,150
991094400,171.95,172.59,170.19,170.95,5337,150
991180800,171.1,171.92,170.48,171.63,5530,150
991267200,171.68,172.13,167.88,169.24,6581,150
991353600,169.24,169.43,167.69,169.07,6342,150
991612800,169.06,170.1,168.5,168.66,5217,150
991699200,168.68,170.14,167.72,170.03,5779,150
991785600,170.02,170.54,167.01,167.08,5628,150
991872000,167.13,167.61,165.43,167.3,6078,150
991958400,167.27,167.74,165.62,166.67,5647,150
992217600,167.11,168.77,167.08,167.47,5403,150
992304000,167.43,168.25,166.62,167.01,5689,150
992390400,166.96,170.06,166.87,169.94,6114,150
992476800,169.86,170.3,169.03,170.11,5785,150
992563200,170.09,173.19,169.8,172.47,6175,150
992822400,172.64,173.85,172.38,173.02,6433,150
992908800,173.0,173.59,171.54,172.23,6793,150
992995200,172.2,173.7,171.18,173.09,6853,150
993081600,173.08,176.56,172.63,176.32,6746,150
993168000,176.34,176.57,175.07,175.96,6787,150
993427200,175.53,176.04,174.75,174.9,6309,150
993513600,174.9,175.57,174.06,175.37,6376,150
993600000,175.38,176.95,175.26,176.16,7065,150
993686400,176.08,177.16,175.29,175.72,7482,150
993772800,175.8,176.68,174.24,176.49,7280,150
994032000,176.7,177.02,175.36,175.92,6726,150
994118400,175.9,175.97,174.19,175.0,6916,150
994204800,175.03,175.81,174.38,175.05,6256,150
994291200,175.02,176.66,174.89,176.43,6617,150
994377600,176.4,178.0,175.57,177.74,6991,150
994636800,177.42,177.72,176.29,176.7,8551,150
994723200,176.6,177.57,176.41,176.95,10555,150
994809600,176.91,177.69,174.89,175.13,10989,150
994896000,175.09,175.49,173.56,174.28,10114,150
994982400,174.31,175.61,173.5,175.48,9034,150
995241600,175.05,175.88,174.59,175.57,7950,150
995328000,175.55,175.87,174.7,174.91,9616,150
995414400,174.94,176.27,174.73,176.22,11377,150
995500800,176.21,176.75,174.41,176.44,12863,150
995587200,176.43,177.28,175.23,175.65,11869,150
995846400,175.24,176.89,175.21,176.72,10946,150
995932800,176.72,176.85,175.7,176.42,10416,150
996019200,176.43,177.13,176.2,176.42,10515,150
996105600,176.42,177.26,175.91,176.61,10368,150
996192000,176.6,177.16,175.54,175.85,9901,150
996451200,175.34,178.85,175.31,178.47,10636,150
996537600,178.46,178.68,177.7,178.16,9743,150
996624000,178.17,178.98,177.86,178.65,10664,150
996710400,178.68,178.91,176.71,177.05,10504,150
996796800,177.08,177.54,175.95,176.73,9244,150
997056000,176.69,177.33,175.45,175.65,8075,150
997142400,175.73,175.96,174.75,175.0,8938,150
997228800,175.11,175.43,173.77,175.11,10342,150
997315200,175.13,175.67,172.91,173.91,9248,150
997401600,173.82,174.75,173.55,173.62,10342,150
997660800,173.63,174.34,172.83,173.98,11198,150
997747200,173.98,174.96,172.67,174.03,11163,150
997833600,174.07,174.25,171.25,172.26,12508,150
997920000,172.23,174.27,172.15,173.65,14550,150
998006400,173.69,174.63,173.1,173.69,12372,150
998265600,173.87,174.72,173.59,174.25,11264,150
998352000,174.38,174.71,173.12,174.1,12146,150
998438400,174.11,174.99,173.81,174.6,10908,150
998524800,174.42,174.89,173.14,173.54,10368,150
998611200,173.49,173.73,172.81,173.19,11994,150
998870400,173.44,173.84,172.9,173.05,9550,150
998956800,173.03,175.02,172.79,174.4,11015,150
999043200,174.41,174.73,172.87,174.37,11618,150
999129600,174.31,174.49,173.28,174.04,12215,150
999216000,174.02,174.22,171.94,172.74,13020,150
999475200,172.97,173.3,172.23,172.67,7262,150
999561600,172.66,173.06,171.63,172.38,11855,150
999648000,172.43,175.92,171.99,175.76,13843,150
999734400,175.87,176.91,175.23,176.11,12097,150
999820800,176.12,176.88,175.09,175.39,11655,150
1000080000,175.55,177.03,175.17,176.17,11980,150
1000166400,176.19,177.98,174.19,176.89,14116,150
1000252800,176.79,176.83,174.56,175.46,11523,150
1000339200,175.45,175.83,174.28,174.79,14321,150
1000425600,174.86,175.59,171.73,172.78,13369,150
1000684800,173.28,174.57,171.59,172.6,10306,150
1000771200,172.6,173.2,171.42,172.27,11320,150
1000857600,172.23,173.18,171.72,172.67,10427,150
1000944000,172.68,172.81,169.61,170.58,9741,150
1001030400,170.57,171.81,169.19,169.94,10778,150
1001289600,170.15,172.27,169.2,172.0,8773,150
1001376000,171.93,173.24,170.86,172.86,9809,150
1001462400,172.79,174.17,172.38,173.71,12068,150
1001548800,173.63,176.9,173.56,176.46,11854,150
1001635200,176.47,176.62,174.37,176.24,11944,150
1001894400,175.86,178.05,175.68,177.82,14821,150
1001980800,177.8,178.97,176.47,177.23,13087,150
1002067200,177.18,178.93,176.77,178.16,12869,150
1002153600,178.18,178.44,176.87,177.87,10184,150
1002240000,177.93,179.0,177.27,178.86,9793,150
1002499200,178.4,178.44,176.28,176.56,7187,150
1002585600,176.61,177.09,174.85,175.22,7638,150
1002672000,175.23,175.94,173.97,174.72,7530,150
1002758400,174.66,175.76,174.28,175.44,7822,150
1002844800,175.43,176.29,175.22,175.84,10275,150
1003104000,175.5,176.13,174.69,175.02,9714,150
1003190400,175.05,176.1,174.64,175.72,9668,150
1003276800,175.77,176.26,175.07,175.48,9994,150
1003363200,175.41,175.72,174.43,174.88,10236,150
1003449600,174.85,175.17,173.58,173.74,8845,150
1003708800,173.78,174.77,173.71,174.4,10296,150
1003795200,174.45,175.06,174.09,174.91,10212,150
1003881600,174.92,175.71,174.63,175.4,9169,150
1003968000,175.44,175.89,174.99,175.33,11197,150
1004054400,175.38,176.68,174.89,176.26,9646,150
1004313600,176.22,177.61,175.9,177.53,9086,150
1004400000,177.52,177.79,176.82,177.21,9077,150
1004486400,177.22,178.38,176.83,178.06,8919,150
1004572800,178.11,178.67,177.58,178.52,8862,150
1004659200,178.46,178.59,177.46,177.83,8766,150
1004918400,177.82,177.94,176.84,177.39,7838,150
1005004800,177.43,177.64,176.2,176.55,8507,150
1005091200,176.59,177.77,176.33,177.15,9402,150
1005177600,177.12,177.7,174.14,174.56,9416,150
1005264000,174.62,175.59,174.2,175.26,9230,150
1005523200,175.32,176.24,174.82,175.2,3703,150
1005609600,175.2,176.02,174.87,175.08,11687,150
1005696000,175.11,175.75,174.77,175.24,10358,150
1005782400,175.28,176.22,175.07,175.28,10759,150
1005868800,175.28,176.0,174.95,175.47,9712,150
1006128000,175.44,175.85,173.68,174.05,10307,150
1006214400,174.2,174.55,173.52,174.06,10456,150
1006300800,174.05,175.06,173.86,174.52,10166,150
1006387200,174.54,175.45,174.25,174.81,8704,150
1006473600,174.86,175.78,174.22,174.96,10432,150
1006732800,175.44,176.16,174.88,175.32,9817,150
1006819200,175.26,175.92,174.35,175.31,13041,150
1006905600,175.39,175.66,174.34,175.52,10423,150
1006992000,175.51,176.83,175.12,176.77,10100,150
1007078400,176.79,177.04,175.23,175.96,10665,150
1007337600,175.54,177.03,175.39,176.61,12170,150
1007424000,176.71,176.97,175.91,176.65,11312,150
1007510400,176.64,176.99,175.69,175.84,10843,150
1007596800,175.86,178.32,175.31,177.98,7253,150
1007683200,177.93,180.13,177.77,179.96,12588,150
1007942400,179.98,181.25,179.8,180.87,10721,150
1008028800,180.81,181.65,180.22,181.34,12599,150
1008115200,181.36,183.16,180.87,182.16,13129,150
1008201600,182.12,183.08,181.31,181.53,12273,150
1008288000,181.5,185.83,181.43,185.35,17551,150
1008547200,185.11,186.61,184.89,186.14,15639,150
1008633600,186.18,187.38,185.83,186.51,12003,150
1008720000,186.49,187.09,184.77,186.04,15754,150
1008806400,186.0,186.79,184.61,186.66,16725,150
1008892800,186.81,188.33,185.54,187.02,19694,150
1009152000,186.72,187.55,185.9,187.4,13507,150
1009238400,187.49,189.32,186.94,188.97,3193,150
1009324800,188.94,190.57,187.7,190.36,13861,150
1009411200,190.55,191.47,189.84,191.06,19075,150
1009497600,190.95,191.4,189.11,190.22,15781,150
1009756800,190.54,191.73,189.9,191.53,9843,150
1009843200,191.54,191.62,190.8,191.36,598,150
1009929600,191.33,192.06,190.22,191.07,11080,150
1010016000,191.19,191.19,189.07,189.66,11640,150
1010102400,189.72,189.83,187.93,189.71,11685,150
1010361600,189.4,189.51,187.95,188.86,11177,150
1010448000,188.84,191.39,188.66,191.19,14436,150
1010534400,191.18,192.08,190.06,191.42,12196,150
1010620800,191.46,191.75,190.0,190.25,12267,150
1010707200,190.23,191.59,189.79,191.49,11152,150
1010966400,191.34,191.54,190.5,191.03,10391,150
1011052800,191.12,191.24,188.68,188.98,11129,150
1011139200,188.98,190.19,188.44,190.16,11024,150
1011225600,190.11,190.5,188.66,190.25,13015,150
1011312000,190.24,191.13,190.0,190.53,12093,150
1011571200,190.44,190.76,190.04,190.71,8284,150
1011657600,190.8,192.16,190.35,191.18,12936,150
1011744000,191.16,192.31,190.87,191.7,9023,150
1011830400,191.67,192.3,190.62,191.94,11556,150
1011916800,192.19,192.35,188.78,189.27,11925,150
1012176000,189.96,190.2,187.32,188.16,10268,150
1012262400,188.12,189.07,186.9,188.73,12519,150
1012348800,188.67,188.97,187.28,187.88,12512,150
1012435200,187.88,190.79,187.25,190.04,13125,150
1012521600,190.01,190.34,188.25,188.43,12628,150
1012780800,188.57,189.13,187.7,188.21,10373,150
1012867200,188.18,190.17,187.73,189.5,11216,150
1012953600,189.56,190.06,188.33,188.97,11331,150
1013040000,188.9,189.5,188.01,189.1,11663,150
1013126400,189.14,191.4,188.57,190.49,12923,150
1013385600,190.66,191.22,189.34,189.73,10481,150
1013472000,189.69,190.97,189.41,190.06,12210,150
1013558400,190.05,191.0,189.22,190.25,11318,150
1013644800,190.22,190.33,188.37,188.98,10894,150
1013731200,189.04,190.51,188.59,189.95,11909,150
1013990400,189.97,190.31,189.3,189.6,5831,150
1014076800,189.53,191.5,189.31,191.35,7843,150
1014163200,191.34,191.44,190.42,190.86,8246,150
1014249600,190.9,191.72,190.07,191.45,10824,150
1014336000,191.49,192.33,190.91,192.17,10681,150
1014595200,192.01,192.12,190.54,190.89,9163,150
1014681600,190.84,191.77,190.34,190.83,10909,150
1014768000,190.72,191.39,190.18,190.57,10844,150
1014854400,190.63,190.78,188.75,188.9,10040,150
1014940800,188.93,190.24,188.73,189.24,8993,150
1015200000,189.51,189.54,187.12,187.92,10521,150
1015286400,187.95,188.74,186.91,188.31,9718,150
1015372800,188.29,188.5,185.72,185.92,10526,150
1015459200,185.92,186.33,180.12,182.25,13239,150
1015545600,182.42,183.13,181.52,183.03,13770,150
1015804800,182.95,183.63,181.67,182.07,9874,150
1015891200,182.04,183.03,181.52,182.85,9676,150
1015977600,182.9,183.55,182.15,183.15,11307,150
1016064000,183.23,183.7,182.07,183.57,12042,150
1016150400,183.53,184.24,183.22,183.81,10343,150
1016409600,184.06,187.48,183.92,187.26,12089,150
1016496000,187.25,188.53,186.67,188.05,11675,150
1016582400,188.03,188.43,186.69,187.92,12818,150
1016668800,187.89,188.91,187.4,188.34,9508,150
1016755200,188.32,189.72,188.21,189.57,10770,150
1017014400,189.19,190.39,188.87,190.2,10554,150
1017100800,190.18,190.35,188.76,189.87,11567,150
1017187200,189.82,190.14,188.44,188.95,13754,150
1017273600,188.95,189.35,188.16,189.27,12042,150
1017360000,189.2,189.79,188.61,189.26,7786,150
1017619200,189.53,192.57,189.38,192.12,11527,150
1017705600,192.02,192.38,191.19,191.26,11739,150
1017792000,191.24,191.43,190.22,190.57,8876,150
1017878400,190.59,191.17,189.33,189.72,9972,150
1017964800,189.78,189.94,188.41,188.43,8348,150
1018224000,188.51,189.05,187.49,188.42,9255,150
1018310400,188.44,188.82,187.45,187.62,10702,150
1018396800,187.58,188.05,187.23,187.78,9254,150
1018483200,187.75,189.47,187.61,189.15,11889,150
1018569600,189.16,190.09,188.67,189.51,9614,150
1018828800,189.72,190.1,188.71,189.9,10213,150
1018915200,189.94,189.99,188.36,188.93,9613,150
1019001600,188.93,189.42,188.42,188.93,9656,150
1019088000,188.91,189.24,187.34,188.26,9771,150
1019174400,188.23,189.04,187.94,188.7,8546,150
1019433600,189.01,189.13,187.6,188.76,8664,150
1019520000,188.76,188.93,187.9,188.44,8679,150
1019606400,188.43,188.79,187.5,187.85,9126,150
1019692800,187.88,187.98,186.32,187.29,9512,150
1019779200,187.27,187.49,185.89,186.52,9644,150
1020038400,186.44,187.17,186.2,186.66,9869,150
1020124800,186.73,187.59,186.24,187.42,11572,150
1020211200,187.34,187.61,186.07,186.71,12068,150
1020297600,186.66,187.72,186.12,187.11,11957,150
1020384000,187.1,187.2,186.21,186.5,10395,150
1020643200,186.46,187.12,186.37,186.71,8268,150
1020729600,186.75,188.26,186.15,187.86,12673,150
1020816000,187.9,188.49,186.97,187.7,10862,150
1020902400,187.59,187.95,186.94,187.2,10938,150
1020988800,187.2,188.28,186.44,186.85,11034,150
1021248000,186.84,187.08,185.89,186.3,9581,150
1021334400,186.28,186.82,185.92,186.5,9859,150
1021420800,186.47,186.52,185.29,186.4,10140,150
1021507200,186.42,187.06,185.66,186.51,11701,150
1021593600,186.45,186.51,183.25,183.67,12159,150
1021852800,183.83,184.16,182.48,182.83,10879,150
1021939200,182.84,183.81,180.19,181.23,12549,150
1022025600,181.22,182.64,180.15,181.4,13791,150
1022112000,181.41,182.43,180.75,181.98,11879,150
1022198400,182.0,182.24,181.35,181.91,11334,150
1022457600,181.78,182.19,181.57,181.86,7765,150
1022544000,181.82,182.26,181.45,181.75,9774,150
1022630400,181.84,182.04,181.33,181.8,9903,150
1022716800,181.84,182.15,180.05,180.56,11203,150
1022803200,180.57,182.53,180.4,181.0,12811,150
1023062400,181.1,181.28,180.66,180.95,9734,150
1023148800,181.0,181.72,180.3,181.13,11992,150
1023235200,181.1,181.98,180.63,180.98,11579,150
1023321600,180.94,182.23,180.91,181.12,12776,150
1023408000,181.16,182.1,180.97,181.53,12378,150
1023667200,181.61,182.31,181.38,182.11,10940,150
1023753600,182.08,184.68,181.82,184.48,11815,150
1023840000,184.43,185.23,184.28,184.84,12136,150
1023926400,184.77,185.13,183.64,183.96,11141,150
1024012800,183.96,184.14,183.01,183.42,11360,150
1024272000,183.41,184.17,183.08,183.9,9507,150
1024358400,183.89,185.72,183.77,185.42,10688,150
1024444800,185.4,185.74,184.28,184.88,10592,150
1024531200,184.91,185.18,184.25,185.06,11688,150
1024617600,185.09,185.81,181.15,181.46,12619,150
1024876800,182.23,183.93,181.36,182.56,12715,150
1024963200,182.6,183.24,182.26,183.02,11446,150
1025049600,183.17,184.02,181.57,183.26,17713,150
1025136000,183.24,183.51,181.72,183.04,13257,150
1025222400,183.05,183.9,181.59,183.34,13530,150
1025481600,183.44,184.1,182.87,183.6,11016,150
1025568000,183.66,184.38,183.11,184.05,10949,150
1025654400,184.12,184.25,182.48,182.96,10297,150
1025740800,183.03,183.86,182.79,183.18,9192,150
1025827200,183.22,183.52,181.9,183.27,10348,150
1026086400,183.01,183.17,181.59,182.88,11032,150
1026172800,182.85,183.37,182.04,182.89,11648,150
1026259200,182.84,183.12,181.73,182.32,10843,150
1026345600,182.32,182.71,180.54,181.95,11658,150
1026432000,181.94,181.94,180.59,181.65,11076,150
1026691200,181.58,182.91,180.44,182.53,11287,150
1026777600,182.61,183.03,181.53,182.49,12573,150
1026864000,182.49,182.97,182.0,182.81,12658,150
1026950400,182.9,183.96,182.36,183.21,11449,150
1027036800,183.29,183.71,182.48,182.84,12295,150
1027296000,182.61,183.94,182.42,183.59,12127,150
1027382400,183.54,184.42,183.01,183.69,13068,150
1027468800,183.66,184.01,182.53,183.38,11959,150
1027555200,183.4,184.95,182.95,184.58,11882,150
1027641600,184.63,186.78,184.26,186.05,12644,150
1027900800,186.1,187.52,185.69,187.2,9821,150
1027987200,187.27,189.29,186.36,189.02,10404,150
1028073600,189.01,189.29,186.84,187.27,10727,150
1028160000,187.18,187.61,185.37,186.1,10901,150
1028246400,186.13,187.39,185.74,186.56,10706,150
1028505600,186.55,187.36,185.77,186.73,10091,150
1028592000,186.71,187.03,185.48,185.9,11639,150
1028678400,185.9,186.39,184.59,184.88,10509,150
1028764800,184.86,185.51,184.25,185.35,10644,150
1028851200,185.32,185.82,182.74,183.17,10632,150
1029110400,183.0,183.65,181.77,182.23,10212,150
1029196800,182.25,182.65,181.57,181.97,10026,150
1029283200,181.93,182.03,179.31,180.22,11762,150
1029369600,180.28,180.81,179.17,180.28,10596,150
1029456000,180.36,181.35,179.8,181.03,10577,150
1029715200,181.09,182.62,180.67,181.13,9648,150
1029801600,181.14,182.24,180.81,181.59,8875,150
1029888000,181.68,181.71,180.33,181.53,8759,150
1029974400,181.51,182.59,181.05,182.15,8887,150
1030060800,182.17,182.7,181.68,181.91,8380,150
1030320000,181.78,182.36,181.69,182.17,6978,150
1030406400,182.16,182.4,180.29,181.36,7448,150
1030492800,181.39,182.47,181.08,182.33,9067,150
1030579200,182.29,183.34,181.1,183.11,9794,150
1030665600,183.05,184.16,182.24,183.56,9707,150
1030924800,183.64,184.08,182.75,182.9,7034,150
1031011200,182.89,183.36,182.35,183.23,9251,150
1031097600,183.26,184.81,183.07,184.53,9727,150
1031184000,184.54,185.76,184.19,185.23,9533,150
1031270400,185.28,185.93,184.28,184.64,10113,150
1031529600,184.82,185.84,184.2,185.12,9116,150
1031616000,185.11,186.86,184.54,186.42,10070,150
1031702400,186.43,187.08,186.08,186.83,10532,150
1031788800,186.82,187.72,186.4,187.44,11058,150
1031875200,187.46,189.98,186.4,188.71,11517,150
1032134400,189.14,189.39,188.09,188.46,11462,150
1032220800,188.48,188.93,187.57,188.18,12751,150
1032307200,188.17,189.04,186.72,188.1,13963,150
1032393600,188.13,189.35,187.75,189.11,12325,150
1032480000,189.08,192.09,189.03,191.77,12278,150
1032739200,192.14,193.36,190.89,191.99,12203,150
1032825600,191.98,192.73,191.02,192.59,12552,150
1032912000,192.62,192.8,190.66,191.29,12020,150
1032998400,191.31,192.0,189.86,190.24,11909,150
1033084800,190.22,191.84,190.15,191.28,10988,150
1033344000,191.41,191.74,189.64,190.82,13895,150
1033430400,190.85,192.93,190.76,191.77,12515,150
1033516800,191.79,193.24,191.31,192.83,12121,150
1033603200,192.81,193.42,192.18,192.35,11763,150
1033689600,192.4,193.28,192.02,192.91,12244,150
1033948800,192.82,194.83,192.38,194.58,11520,150
1034035200,194.64,195.07,192.91,193.07,12922,150
1034121600,193.07,193.2,192.2,193.08,12680,150
1034208000,193.07,193.66,192.53,193.39,12555,150
1034294400,193.43,194.27,192.9,193.65,9203,150
1034553600,193.85,194.01,193.14,193.67,9434,150
1034640000,193.65,194.33,192.71,193.7,13028,150
1034726400,193.69,194.15,192.45,193.39,12690,150
1034812800,193.46,194.07,192.38,193.95,13446,150
1034899200,193.98,194.33,193.37,194.09,12115,150
1035158400,193.96,194.14,192.2,192.76,12244,150
1035244800,192.79,194.04,192.51,193.47,12291,150
1035331200,193.48,193.84,191.71,192.86,12564,150
1035417600,192.9,193.52,191.78,193.39,12907,150
1035504000,193.49,193.76,192.11,192.67,12455,150
1035763200,192.42,193.37,191.89,192.53,11970,150
1035849600,192.29,192.87,190.79,191.65,12329,150
1035936000,191.57,191.84,190.72,191.27,11890,150
1036022400,191.31,192.04,190.7,191.71,12355,150
1036108800,191.74,192.14,190.21,191.2,12321,150
1036368000,191.14,191.36,190.05,190.26,10598,150
1036454400,190.28,190.84,189.41,190.43,12693,150
1036540800,190.43,191.03,190.13,190.28,12300,150
1036627200,190.31,191.84,190.12,191.44,13465,150
1036713600,191.43,192.0,190.13,190.72,11657,150
1036972800,190.75,190.98,189.23,189.99,10635,150
1037059200,190.05,190.39,189.41,190.11,13421,150
1037145600,190.12,191.06,189.77,190.54,12324,150
1037232000,190.53,191.17,189.93,190.1,13355,150
1037318400,190.1,190.81,189.78,190.38,12754,150
1037577600,190.32,191.89,190.23,191.33,14480,150
1037664000,191.32,193.81,191.06,193.07,14117,150
1037750400,193.07,193.71,192.38,192.81,13787,150
1037836800,192.82,194.07,191.84,193.98,14320,150
1037923200,193.96,194.74,193.66,194.27,12830,150
1038182400,194.19,194.4,190.4,191.0,13119,150
1038268800,190.96,191.19,188.19,188.77,13225,150
1038355200,188.74,189.38,187.63,189.29,13697,150
1038441600,189.28,190.0,188.93,189.37,10797,150
1038528000,189.4,191.08,189.23,190.87,11716,150
1038787200,192.09,194.44,191.77,194.1,15249,150
1038873600,194.09,195.86,193.32,195.13,16633,150
1038960000,195.17,196.65,194.85,195.71,14976,150
1039046400,195.73,197.32,195.31,196.07,15062,150
1039132800,196.07,197.17,194.2,194.76,14196,150
1039392000,194.34,195.2,192.98,195.17,14206,150
1039478400,195.23,195.47,193.84,194.58,13414,150
1039564800,194.51,195.08,193.52,194.87,12731,150
1039651200,195.04,195.12,193.46,193.96,13257,150
1039737600,193.83,193.96,191.2,191.52,14802,150
1039996800,191.65,193.5,191.24,192.96,14028,150
1040083200,193.01,194.45,192.27,194.23,16657,150
1040169600,194.18,194.48,193.13,193.94,14961,150
1040256000,193.92,194.47,192.84,193.24,14645,150
1040342400,193.22,193.88,192.49,192.79,15611,150
1040601600,192.87,193.03,191.08,191.87,12086,150
1040688000,191.86,192.17,190.94,191.83,10609,150
1040774400,191.82,192.22,191.54,192.02,3432,150
1040860800,192.1,192.39,191.57,191.9,8932,150
1040947200,191.95,192.62,191.59,192.16,15596,150
1041206400,192.22,192.63,189.69,189.93,16537,150
1041292800,189.91,191.55,189.78,191.19,14894,150
1041379200,191.2,191.5,191.01,191.28,405,100
1041465600,191.19,191.73,190.5,191.38,15086,100
1041552000,191.38,192.92,190.65,192.62,14922,100
1041811200,192.76,193.03,190.9,191.54,15263,100
1041897600,191.53,193.54,191.45,193.25,15431,100
1041984000,193.15,193.22,191.41,192.15,14511,100
1042070400,192.19,192.37,191.25,191.85,16320,100
1042156800,191.86,192.84,191.24,191.45,14498,100
1042416000,191.7,192.03,189.89,190.41,13822,100
1042502400,190.39,190.69,189.15,189.43,14387,100
1042588800,189.43,190.19,188.59,189.53,13396,100
1042675200,189.5,190.25,188.91,189.65,14987,100
1042761600,189.66,190.97,189.5,190.31,17447,100
1043020800,190.23,190.56,189.59,189.83,12115,100
1043107200,189.82,191.51,189.78,191.09,16218,100
1043193600,191.11,191.8,189.85,191.75,14668,100
1043280000,191.73,192.22,190.81,191.49,15771,100
1043366400,191.43,192.96,191.33,192.39,16277,100
1043625600,192.47,194.73,192.28,193.86,16692,100
1043712000,193.86,195.02,193.34,194.54,15752,100
1043798400,194.55,195.32,194.07,195.13,17900,100
1043884800,195.21,197.16,194.87,196.85,18489,100
1043971200,196.85,197.71,196.45,197.61,16666,100
1044230400,197.49,198.59,196.86,197.7,18133,100
1044316800,197.71,198.12,197.02,197.36,14595,100
1044403200,197.34,197.71,196.56,196.91,16542,100
1044489600,197.02,197.71,195.73,196.28,13357,100
1044576000,196.29,196.41,195.12,196.03,13449,100
1044835200,196.17,197.75,196.04,197.18,14344,100
1044921600,197.2,197.47,195.7,196.03,15471,100
1045008000,196.05,196.43,195.05,196.23,14415,100
1045094400,196.26,196.59,194.86,195.33,15596,100
1045180800,195.33,195.74,193.43,194.47,13963,100
1045440000,194.23,194.36,191.87,192.21,12598,100
1045526400,192.27,192.47,188.97,189.43,15044,100
1045612800,189.38,190.08,189.01,189.51,15759,100
1045699200,189.47,190.72,188.03,188.63,13663,100
1045785600,188.61,189.68,187.09,187.45,14213,100
1046044800,187.28,187.7,185.65,187.03,11948,100
1046131200,187.0,187.65,183.88,184.87,14211,100
1046217600,184.89,185.7,184.51,185.47,15575,100
1046304000,185.51,186.06,184.54,185.9,15218,100
1046390400,185.93,186.77,185.6,185.73,13973,100
1046649600,185.81,186.45,184.71,185.76,11426,100
1046736000,185.78,186.95,185.62,186.09,14404,100
1046822400,186.15,188.24,185.9,187.91,14682,100
1046908800,187.95,188.69,187.38,187.7,14390,100
1046995200,187.67,188.49,186.33,187.69,14012,100
1047254400,187.68,187.75,185.81,187.23,12411,100
1047340800,187.16,188.63,186.95,188.13,14750,100
1047427200,188.11,189.5,188.02,189.23,16497,100
1047513600,189.23,190.58,188.56,189.94,15564,100
1047600000,189.98,190.14,186.96,187.29,14590,100
1047859200,187.58,187.62,185.38,186.37,16536,100
1047945600,186.19,186.83,185.51,185.8,16309,100
1048032000,185.75,188.77,184.82,188.25,17362,100
1048118400,188.21,188.67,187.31,188.31,15713,100
1048204800,188.32,190.68,187.75,190.6,13140,100
1048464000,189.36,190.5,189.17,190.1,15126,100
1048550400,190.16,190.2,188.06,189.13,14880,100
1048636800,189.15,189.66,188.65,188.84,14285,100
1048723200,188.83,189.42,187.27,187.67,14538,100
1048809600,187.66,189.07,187.34,188.63,14491,100
1049068800,188.7,189.3,185.95,186.71,15190,100
1049155200,186.67,187.27,185.76,186.23,13957,100
1049241600,186.31,187.36,185.81,186.47,15006,100
1049328000,186.46,188.28,185.83,187.69,14860,100
1049414400,187.76,188.51,186.92,187.25,14601,100
1049673600,187.28,188.21,185.63,186.4,14058,100
1049760000,186.45,186.71,185.54,186.12,14634,100
1049846400,186.07,188.19,185.7,187.84,15236,100
1049932800,187.9,188.4,186.91,188.15,13025,100
1050019200,188.14,189.78,187.82,189.29,13405,100
1050278400,189.38,190.25,188.71,189.14,13088,100
1050364800,189.14,189.61,188.5,188.91,13375,100
1050451200,188.93,189.9,187.86,188.91,13632,100
1050537600,188.94,189.12,187.74,187.84,13631,100
1050624000,187.88,188.73,187.8,188.68,6375,100
1050883200,187.94,189.68,187.77,188.25,13850,100
1050969600,188.22,189.45,187.99,189.15,11758,100
1051056000,189.05,191.29,188.69,190.78,12891,100
1051142400,190.75,191.67,190.18,191.06,14154,100
1051228800,190.84,192.49,190.48,191.36,14512,100
1051488000,191.49,192.2,190.96,191.38,13026,100
1051574400,191.42,191.69,190.31,191.06,14126,100
1051660800,191.05,191.35,189.93,190.16,13949,100
1051747200,190.19,191.14,189.32,191.03,13537,100
1051833600,191.02,191.4,190.38,190.74,12075,100
1052092800,190.89,191.06,190.19,190.3,10215,100
1052179200,190.47,190.99,189.5,189.89,14591,100
1052265600,190.06,190.12,185.07,185.91,14778,100
1052352000,185.76,187.75,185.3,187.62,15108,100
1052438400,187.75,188.87,187.47,188.36,14121,100
1052697600,188.58,188.77,187.16,188.35,15582,100
1052784000,188.43,188.84,187.1,187.98,15269,100
1052870400,187.99,188.74,187.07,188.01,14704,100
1052956800,187.93,189.2,186.87,188.93,14981,100
1053043200,188.94,189.11,187.67,188.34,12677,100
1053302400,188.13,191.83,187.48,191.28,12813,100
1053388800,191.31,191.87,190.65,191.36,12364,100
1053475200,191.36,193.07,191.09,192.43,11673,100
1053561600,192.31,192.57,191.14,191.58,12198,100
1053648000,191.6,192.45,191.04,191.19,11812,100
1053907200,190.83,192.49,190.8,191.6,8769,100
1053993600,191.56,192.5,191.03,192.19,12276,100
1054080000,192.2,194.76,191.95,194.47,12147,100
1054166400,194.47,195.94,193.96,195.26,14728,100
1054252800,195.22,196.23,194.9,195.26,13372,100
1054512000,194.6,194.65,192.82,194.14,14269,100
1054598400,194.11,194.88,193.41,193.97,12692,100
1054684800,193.98,194.77,193.07,193.87,13305,100
1054771200,193.87,195.81,192.79,195.27,14379,100
1054857600,195.3,197.83,195.1,197.31,13781,100
1055116800,196.94,197.35,194.02,194.49,14869,100
1055203200,194.47,195.76,193.73,194.61,13160,100
1055289600,194.51,196.71,194.16,196.2,12332,100
1055376000,196.25,197.72,196.0,196.25,13248,100
1055462400,196.29,197.08,195.31,196.48,13054,100
1055721600,196.53,198.78,196.2,197.31,12972,100
1055808000,197.42,199.62,197.27,198.98,13883,100
1055894400,199.02,199.7,197.64,198.09,14342,100
1055980800,198.09,199.34,197.95,198.72,16134,100
1056067200,198.74,199.26,196.24,197.02,14693,100
1056326400,196.86,197.28,195.3,196.44,16953,100
1056412800,196.43,196.94,195.39,195.95,16244,100
1056499200,195.9,197.79,195.19,197.24,17513,100
1056585600,197.22,198.83,196.89,198.34,18016,100
1056672000,198.31,198.99,196.85,197.27,14187,100
1056931200,197.41,198.88,197.18,198.23,13694,100
1057017600,198.25,199.07,197.25,198.47,13786,100
1057104000,198.4,198.75,196.22,196.83,14645,100
1057190400,196.84,197.87,196.08,197.28,14536,100
1057276800,197.29,197.74,196.55,197.02,13556,100
1057536000,196.77,197.05,194.25,194.7,14745,100
1057622400,194.72,195.08,192.99,193.19,14224,100
1057708800,193.23,193.83,191.63,192.9,14803,100
1057795200,192.94,193.0,190.92,192.34,14968,100
1057881600,192.28,193.1,191.58,192.45,14163,100
1058140800,192.01,192.01,189.3,189.46,13683,100
1058227200,189.47,190.01,186.28,187.73,14967,100
1058313600,187.75,189.04,187.53,188.57,15112,100
1058400000,188.64,189.82,188.32,189.68,14089,100
1058486400,189.66,190.39,187.72,188.47,14213,100
1058745600,187.36,190.01,186.76,189.63,13058,100
1058832000,189.68,191.37,189.2,190.08,14365,100
1058918400,190.06,191.5,189.26,191.03,14072,100
1059004800,191.12,192.43,190.81,192.24,13940,100
1059091200,192.29,192.92,191.79,192.63,12858,100
1059350400,192.65,194.52,192.34,194.08,12942,100
1059436800,194.13,194.92,193.79,194.67,13610,100
1059523200,194.69,195.11,194.03,194.37,13467,100
1059609600,194.43,194.53,192.89,194.1,14862,100
1059696000,194.11,194.39,192.42,193.64,14388,100
1059955200,193.31,194.51,192.86,193.94,12942,100
1060041600,193.97,194.54,191.99,193.52,13863,100
1060128000,193.52,194.34,192.85,193.52,14697,100
1060214400,193.47,193.58,191.61,192.51,15482,100
1060300800,192.55,192.7,190.55,191.19,13798,100
1060560000,190.83,191.26,189.28,190.56,14537,100
1060646400,190.56,191.12,189.47,190.2,13620,100
1060732800,190.09,192.01,189.69,191.47,14202,100
1060819200,191.54,192.56,190.37,190.83,13959,100
1060905600,190.79,191.15,188.96,188.96,14156,100
1061164800,190.46,190.81,189.53,189.94,13666,100
1061251200,189.92,190.04,187.67,188.08,15134,100
1061337600,188.09,189.03,187.69,188.12,15090,100
1061424000,188.12,188.92,185.43,185.86,14762,100
1061510400,185.89,186.42,184.28,185.08,13282,100
1061769600,185.01,185.54,183.69,183.82,12144,100
1061856000,183.86,184.96,183.39,184.1,14132,100
1061942400,184.05,185.57,183.91,184.46,13697,100
1062028800,184.47,185.48,183.64,185.15,13972,100
1062115200,185.25,185.38,183.37,184.46,14126,100
1062374400,184.34,184.59,182.57,183.15,11452,100
1062460800,183.1,183.92,181.95,182.47,15516,100
1062547200,182.53,182.86,181.25,182.15,15598,100
1062633600,182.2,185.09,181.56,184.82,14374,100
1062720000,184.84,186.27,184.31,185.62,14074,100
1062979200,186.55,187.02,184.43,184.9,14681,100
1063065600,184.89,186.1,183.59,185.93,15463,100
1063152000,185.92,186.62,185.34,186.58,14406,100
1063238400,186.59,187.14,185.62,186.89,14620,100
1063324800,186.87,188.66,186.16,188.03,13221,100
1063584000,188.34,189.04,187.9,188.05,13717,100
1063670400,188.03,188.39,184.1,184.53,15264,100
1063756800,184.58,187.45,184.09,186.77,17455,100
1063843200,186.77,187.14,185.71,186.44,15584,100
1063929600,186.45,187.69,185.5,186.51,15685,100
1064188800,185.29,185.37,183.62,185.08,19186,100
1064275200,185.07,185.59,183.31,185.35,16556,100
1064361600,185.35,185.76,183.95,185.61,15754,100
1064448000,185.56,186.38,184.69,185.9,16396,100
1064534400,185.9,186.37,185.13,185.37,14541,100
1064793600,185.05,185.3,183.5,184.71,16924,100
1064880000,184.74,186.34,183.94,185.18,17765,100
1064966400,185.18,185.49,183.24,184.6,15577,100
1065052800,184.58,185.59,184.43,184.83,15449,100
1065139200,184.97,185.45,183.95,184.39,16334,100
1065398400,184.37,186.26,183.94,185.35,15979,100
1065484800,185.28,186.11,181.96,182.79,15877,100
1065571200,182.76,182.99,181.64,182.19,15953,100
1065657600,182.14,182.33,180.72,181.76,16117,100
1065744000,181.77,182.0,180.08,180.94,14431,100
1066003200,180.55,181.82,179.36,181.51,13092,100
1066089600,181.44,183.16,180.9,182.18,15990,100
1066176000,182.19,183.25,181.75,182.69,14807,100
1066262400,182.69,184.18,182.6,183.88,14534,100
1066348800,183.85,184.17,182.83,183.53,13814,100
1066608000,182.85,185.17,182.64,184.41,15402,100
1066694400,184.41,184.5,183.09,183.43,15064,100
1066780800,183.47,184.68,183.23,184.42,14973,100
1066867200,184.38,186.18,184.37,185.57,14756,100
1066953600,185.58,186.52,184.87,185.18,13810,100
1067212800,184.88,184.95,183.4,183.69,13417,100
1067299200,183.65,184.1,182.9,183.75,14351,100
1067385600,183.74,184.37,183.4,183.67,13714,100
1067472000,183.67,184.78,183.25,184.35,14588,100
1067558400,184.38,187.03,184.08,186.85,14480,100
1067817600,186.06,187.38,185.8,185.98,13917,100
1067904000,185.96,186.03,183.51,184.7,15550,100
1067990400,184.67,185.17,183.41,183.88,14336,100
1068076800,183.87,184.67,183.45,183.79,14316,100
1068163200,183.78,183.98,182.18,183.35,14157,100
1068422400,183.21,183.6,180.38,181.67,11526,100
1068508800,181.61,182.17,180.75,181.04,13540,100
1068595200,181.09,182.77,181.02,182.14,15235,100
1068681600,182.15,182.94,181.43,182.36,14930,100
1068768000,182.37,183.07,182.11,182.99,14827,100
1069027200,183.14,185.15,183.01,184.26,15962,100
1069113600,184.31,184.75,183.4,183.98,16324,100
1069200000,183.97,185.76,182.81,185.23,17000,100
1069286400,185.24,185.95,184.8,185.7,15704,100
1069372800,185.72,186.17,184.91,185.35,14367,100
1069632000,185.57,185.94,184.56,185.4,13106,100
1069718400,185.47,186.93,185.29,185.93,14961,100
1069804800,185.95,186.93,185.48,186.77,15154,100
1069891200,186.72,187.39,186.21,187.04,13021,100
1069977600,187.07,188.92,186.96,188.82,13766,100
1070236800,188.98,189.7,187.81,188.07,16180,100
1070323200,188.09,188.96,187.53,188.23,16093,100
1070409600,188.22,188.3,186.42,187.0,15043,100
1070496000,187.02,187.27,185.87,186.35,15529,100
1070582400,186.31,186.88,185.86,186.2,15026,100
1070841600,186.42,186.84,185.55,186.22,14492,100
1070928000,186.2,187.34,185.84,187.1,14755,100
1071014400,187.09,189.37,186.78,188.98,15897,100
1071100800,188.88,189.07,188.07,188.62,15391,100
1071187200,188.7,189.0,187.78,188.25,14120,100
1071446400,187.96,188.6,187.52,188.09,14530,100
1071532800,188.14,188.86,187.69,188.74,14949,100
1071619200,188.71,190.17,188.01,189.67,14695,100
1071705600,189.68,191.08,189.46,190.58,15360,100
1071792000,190.57,190.92,189.82,190.24,14261,100
1072051200,190.2,190.51,188.88,189.62,22005,100
1072137600,189.64,189.85,189.14,189.4,14069,100
1072224000,189.38,190.72,189.22,190.46,13612,100
1072310400,190.56,190.63,189.82,190.41,15762,100
1072396800,190.55,190.58,189.45,190.29,10364,100
1072656000,190.09,190.41,189.17,189.86,18774,100
1072742400,189.89,190.64,189.55,190.01,18384,100
1072828800,190.04,192.0,189.94,191.08,13597,100
1072915200,191.23,191.98,190.91,191.38,5461,100
1073001600,191.11,192.38,190.27,192.26,13773,100
1073260800,192.03,192.73,190.99,191.98,14295,100
1073347200,192.06,194.24,191.61,193.4,14105,100
1073433600,193.35,194.0,192.39,193.06,13103,100
1073520000,193.05,194.97,192.16,194.8,14723,100
1073606400,194.84,198.23,194.47,197.64,16295,100
1073865600,196.97,197.85,196.4,196.85,13897,100
1073952000,196.87,197.22,195.52,196.37,14693,100
1074038400,196.44,196.47,194.45,194.69,14925,100
1074124800,194.65,195.08,192.86,193.91,17348,100
1074211200,193.89,194.13,191.36,191.82,15766,100
1074470400,191.76,192.61,191.04,191.43,13690,100
1074556800,191.43,195.49,191.12,194.63,15881,100
1074643200,194.64,196.18,194.44,195.76,15970,100
1074729600,195.82,196.61,195.14,195.81,16960,100
1074816000,195.83,196.23,192.91,195.14,16512,100
1075075200,194.36,194.71,192.26,192.81,17027,100
1075161600,192.82,193.34,190.91,193.09,17776,100
1075248000,193.12,194.42,192.25,192.66,18734,100
1075334400,192.76,193.77,191.84,192.48,17330,100
1075420800,192.58,193.31,191.06,192.22,16773,100
1075680000,192.93,193.03,191.51,192.37,16264,100
1075766400,192.39,194.61,192.0,193.94,16411,100
1075852800,193.95,194.1,192.94,193.13,17152,100
1075939200,193.12,194.45,192.96,194.08,17233,100
1076025600,194.08,196.18,193.83,195.23,17197,100
1076284800,195.16,196.99,194.77,196.66,16400,100
1076371200,196.77,197.81,196.5,197.3,17317,100
1076457600,197.28,199.59,196.87,199.45,16578,100
1076544000,199.47,199.92,198.95,199.54,14885,100
1076630400,199.56,200.1,198.3,198.7,16173,100
1076889600,198.73,199.56,198.14,199.22,11683,100
1076976000,199.2,201.9,199.11,201.29,14808,100
1077062400,201.24,202.75,201.0,201.72,16160,100
1077148800,201.7,203.36,201.05,202.92,17625,100
1077235200,202.92,203.89,202.23,203.3,17389,100
1077494400,202.69,202.74,200.77,202.35,17511,100
1077580800,202.37,204.8,202.06,204.62,16209,100
1077667200,204.57,205.92,203.68,203.91,16220,100
1077753600,203.93,204.67,203.46,203.97,17677,100
1077840000,203.95,204.28,201.32,204.08,16532,100
1078099200,203.63,204.99,203.14,203.8,16034,100
1078185600,203.82,204.22,202.04,202.5,15928,100
1078272000,202.49,202.96,199.97,201.33,17810,100
1078358400,201.49,202.9,200.81,202.36,17694,100
1078444800,202.37,207.42,201.86,206.99,16262,100
1078704000,207.18,208.19,205.14,205.81,16388,100
1078790400,205.81,206.8,202.59,203.33,17473,100
1078876800,203.28,203.66,199.22,199.88,19031,100
1078963200,199.94,201.3,198.49,200.59,18190,100
1079049600,200.63,200.82,198.4,199.76,17028,100
1079308800,199.21,200.91,196.88,199.1,17396,100
1079395200,199.08,199.24,196.84,197.25,18110,100
1079481600,197.31,197.74,195.38,196.51,18015,100
1079568000,196.5,197.45,194.46,196.15,20479,100
1079654400,196.11,196.99,194.92,195.53,17563,100
1079913600,195.96,198.04,195.84,197.27,17420,100
1080000000,197.31,197.9,196.58,197.78,17103,100
1080086400,197.77,198.15,193.4,194.01,18294,100
1080172800,193.99,194.44,190.97,191.61,19378,100
1080259200,191.63,192.81,190.21,192.43,17460,100
1080518400,191.48,192.51,190.68,192.02,20060,100
1080604800,192.03,194.09,191.68,193.21,18048,100
1080691200,193.22,193.62,189.61,192.46,21722,100
1080777600,192.42,193.11,191.34,192.51,20256,100
1080864000,192.54,193.37,190.55,191.16,17011,100
1081123200,190.87,191.92,189.98,191.6,19568,100
1081209600,191.62,195.45,191.23,194.86,20515,100
1081296000,194.88,195.34,193.18,193.73,21076,100
1081382400,193.79,195.48,193.42,194.83,19352,100
1081468800,194.87,195.6,193.96,194.94,11433,100
1081728000,194.96,195.29,193.21,194.01,15359,100
1081814400,193.97,194.72,192.5,193.99,21245,100
1081900800,193.93,194.95,193.32,194.46,22783,100
1081987200,194.52,195.23,192.97,193.68,24360,100
1082073600,193.71,195.4,193.26,193.92,23005,100
1082332800,193.71,196.65,193.43,195.81,16190,100
1082419200,195.83,196.75,193.09,194.23,17883,100
1082505600,194.16,194.58,192.85,194.15,19240,100
1082592000,194.17,194.47,192.93,194.33,19728,100
1082678400,194.39,194.89,192.42,193.02,18417,100
1082937600,193.29,194.57,192.82,194.27,17299,100
1083024000,194.27,196.83,193.54,196.05,19555,100
1083110400,196.14,196.67,194.19,195.08,27035,100
1083196800,195.11,195.85,194.6,194.9,22080,100
1083283200,194.9,196.7,194.7,196.6,21115,100
1083542400,196.59,196.67,194.24,195.31,17530,100
1083628800,195.29,197.6,195.11,196.54,20385,100
1083715200,196.58,196.95,194.03,194.65,22034,100
1083801600,194.75,197.46,194.59,197.09,21414,100
1083888000,197.15,200.82,196.82,200.71,22822,100
1084147200,200.62,202.5,200.28,202.15,21855,100
1084233600,202.1,202.28,198.29,198.46,19940,100
1084320000,198.46,201.48,197.87,200.22,20649,100
1084406400,200.36,202.34,199.94,201.91,20531,100
1084492800,201.88,202.13,200.5,201.25,19964,100
1084752000,201.17,202.61,200.04,202.38,20246,100
1084838400,202.34,202.94,199.92,201.79,22282,100
1084924800,201.9,201.93,199.91,201.5,21124,100
1085011200,201.51,202.01,199.79,200.3,22308,100
1085097600,200.2,201.19,199.4,201.16,20853,100
1085356800,200.62,202.57,200.34,202.18,19981,100
1085443200,202.19,203.95,201.99,202.43,21858,100
1085529600,202.36,203.29,201.9,202.8,22811,100
1085616000,202.71,204.12,202.5,203.8,21685,100
1085702400,203.79,204.05,201.32,201.99,20345,100
1085961600,202.36,202.73,200.11,200.61,17585,100
1086048000,200.63,203.79,200.3,203.22,21510,100
1086134400,203.31,204.63,201.44,201.66,19844,100
1086220800,201.68,204.93,201.25,204.38,21860,100
1086307200,204.32,205.46,203.38,204.75,20767,100
1086566400,204.21,204.66,201.12,201.82,23479,100
1086652800,201.79,202.79,201.11,201.53,19029,100
1086739200,201.61,202.41,198.88,201.62,22443,100
1086825600,201.5,202.28,198.99,201.19,21492,100
1086912000,201.23,202.17,199.85,200.29,18561,100
1087171200,200.53,202.19,199.73,201.35,20580,100
1087257600,201.57,202.13,199.87,200.71,20398,100
1087344000,200.7,201.62,200.11,200.91,20433,100
1087430400,200.9,201.54,199.93,200.95,19660,100
1087516800,201.01,201.18,199.35,200.11,14832,100
1087776000,199.66,200.27,198.01,199.51,16470,100
1087862400,199.52,199.57,197.32,198.64,17974,100
1087948800,198.65,198.98,196.92,197.11,18263,100
1088035200,197.12,197.15,194.55,195.47,21464,100
1088121600,195.49,196.89,195.08,196.45,21815,100
1088380800,196.14,197.77,196.09,197.45,22286,100
1088467200,197.44,198.23,195.34,195.62,23262,100
1088553600,195.62,198.6,195.48,197.94,26311,100
1088640000,197.92,198.14,195.83,197.34,25499,100
1088726400,197.35,198.94,197.14,198.24,24947,100
1088985600,198.46,200.01,198.36,199.49,16188,100
1089072000,199.48,201.72,199.43,201.47,26246,100
1089158400,201.46,201.87,200.28,201.51,28878,100
1089244800,201.52,202.14,200.98,201.47,27025,100
1089331200,201.46,201.78,200.17,201.09,25622,100
1089590400,200.54,202.02,200.07,201.45,24913,100
1089676800,201.46,202.89,201.1,201.61,29226,100
1089763200,201.62,203.37,201.27,202.62,27776,100
1089849600,202.61,203.59,201.82,203.47,26708,100
1089936000,203.44,203.97,202.64,203.52,25216,100
1090195200,203.91,204.12,201.95,202.18,20948,100
1090281600,202.21,203.04,200.45,200.78,25751,100
1090368000,200.77,202.28,200.58,202.17,29211,100
1090454400,202.17,202.58,201.22,202.37,27076,100
1090540800,202.45,202.64,201.37,201.74,27008,100
1090800000,201.85,202.56,201.0,202.37,23601,100
1090886400,202.36,202.87,201.89,202.02,25721,100
1090972800,202.06,204.13,201.9,203.74,29998,100
1091059200,203.79,204.06,202.99,203.56,30052,100
1091145600,203.6,203.9,201.95,202.55,30183,100
1091404800,202.52,203.18,201.82,202.17,22466,100
1091491200,202.16,202.53,201.29,201.92,26199,100
1091577600,201.86,203.32,201.6,202.79,28504,100
1091664000,202.76,203.96,202.37,203.71,24541,100
1091750400,203.72,203.95,202.6,203.36,25010,100
1092009600,203.49,203.97,202.9,203.72,19466,100
1092096000,203.78,203.96,203.07,203.29,20172,100
1092182400,203.3,203.73,202.11,202.83,21512,100
1092268800,202.82,203.21,201.85,201.91,24090,100
1092355200,201.96,204.14,201.86,203.98,26849,100
1092614400,203.78,204.73,203.01,203.22,25059,100
1092700800,203.21,203.5,200.62,200.72,24547,100
1092787200,200.7,201.36,199.17,199.45,18882,100
1092873600,199.46,200.57,199.19,200.34,19339,100
1092960000,200.31,200.63,198.24,198.51,19861,100
1093219200,198.57,199.33,198.11,198.4,20101,100
1093305600,198.4,198.83,195.67,196.45,22774,100
1093392000,196.47,198.46,196.1,197.98,12875,100
1093478400,198.09,198.12,196.29,196.95,16742,100
1093564800,196.95,197.31,196.01,196.32,21249,100
1093824000,196.18,197.6,196.07,197.29,15966,100
1093910400,197.28,197.86,196.18,196.59,18663,100
1093996800,196.6,196.99,195.91,196.15,15511,100
1094083200,196.27,196.56,195.3,195.74,14153,100
1094169600,195.75,196.53,194.91,196.27,15317,100
1094428800,196.15,196.33,195.4,196.08,10548,100
1094515200,196.11,196.29,193.61,193.93,15429,100
1094601600,193.94,195.5,193.89,195.33,16084,100
1094688000,195.34,196.06,194.94,195.85,16677,100
1094774400,195.86,197.3,195.7,196.96,16751,100
1095033600,196.85,198.58,196.39,197.64,14251,100
1095120000,197.65,197.98,196.72,196.81,16114,100
1095206400,196.86,197.02,195.01,195.42,17725,100
1095292800,195.41,196.68,195.01,196.43,15732,100
1095379200,196.47,197.85,196.16,196.83,13607,100
1095638400,196.94,197.33,195.67,196.13,11681,100
1095724800,196.14,197.7,196.06,197.09,15628,100
1095811200,197.1,198.43,196.82,198.34,16565,100
1095897600,198.32,199.67,198.18,199.0,16712,100
1095984000,199.04,200.12,198.41,199.67,15221,100
1096243200,199.52,201.39,199.5,201.28,15312,100
1096329600,201.29,202.43,201.19,201.91,16333,100
1096416000,201.92,201.94,199.15,199.56,15621,100
1096502400,199.57,200.21,198.76,199.41,17375,100
1096588800,199.4,199.63,197.59,198.71,15564,100
1096848000,198.83,199.0,197.53,197.7,14071,100
1096934400,197.7,198.37,197.49,198.15,14076,100
1097020800,198.14,198.9,197.54,198.0,15365,100
1097107200,198.02,198.3,197.51,198.03,13896,100
1097193600,198.04,198.22,196.07,196.45,16561,100
1097452800,196.48,198.91,195.83,196.58,10333,100
1097539200,196.57,197.04,195.96,196.42,14363,100
1097625600,196.43,197.04,195.83,196.87,15240,100
1097712000,196.86,197.28,196.35,196.9,15408,100
1097798400,196.89,197.25,196.18,197.2,16013,100
1098057600,196.99,197.49,196.29,196.38,13313,100
1098144000,196.39,196.59,195.16,195.37,14952,100
1098230400,195.38,196.88,195.25,196.74,16705,100
1098316800,196.73,197.06,195.69,196.52,17379,100
1098403200,196.47,196.97,195.65,196.03,14578,100
1098662400,196.28,196.7,195.31,196.49,19469,100
1098748800,196.47,196.8,195.41,196.05,17489,100
1098835200,196.04,196.45,194.35,194.65,17878,100
1098921600,194.67,195.22,193.84,194.44,19649,100
1099008000,194.43,194.63,193.73,194.33,16443,100
1099267200,194.6,195.37,194.45,195.12,15298,100
1099353600,195.13,195.59,194.71,195.23,15306,100
1099440000,195.24,196.73,194.77,196.35,18824,100
1099526400,196.34,196.54,195.03,195.52,17595,100
1099612800,195.54,196.08,194.85,195.77,16669,100
1099872000,195.88,196.31,195.3,195.8,15971,100
1099958400,195.84,196.5,195.46,196.12,15399,100
1100044800,196.14,197.94,196.04,197.57,19524,100
1100131200,197.59,197.61,196.22,196.29,13092,100
1100217600,196.27,196.75,195.16,195.89,17305,100
1100476800,195.99,196.0,194.22,194.51,14777,100
1100563200,194.5,195.51,194.41,195.34,14388,100
1100649600,195.34,195.51,192.8,193.39,16991,100
1100736000,193.4,193.56,192.46,192.58,18674,100
1100822400,192.59,193.07,190.89,191.4,17766,100
1101081600,191.53,191.96,190.94,191.83,13636,100
1101168000,191.81,193.68,191.41,193.18,16521,100
1101254400,193.19,193.78,192.75,193.55,15061,100
1101340800,193.57,194.0,192.89,193.79,14113,100
1101427200,193.78,195.0,193.59,194.22,21973,100
1101686400,194.14,194.96,193.87,194.84,20994,100
1101772800,194.88,196.93,194.45,196.68,26683,100
1101859200,196.67,198.56,196.2,198.54,23045,100
1101945600,198.56,198.73,197.4,198.48,27659,100
1102032000,198.47,199.1,197.88,198.41,21954,100
1102291200,198.27,200.68,198.0,199.9,18732,100
1102377600,199.91,200.33,199.12,200.08,21139,100
1102464000,200.07,201.98,199.71,201.31,29442,100
1102550400,201.31,201.72,199.68,201.44,25905,100
1102636800,201.43,202.33,200.9,201.37,25100,100
1102896000,201.52,201.93,200.65,201.48,22677,100
1102982400,201.5,203.65,201.17,203.4,21390,100
1103068800,203.42,203.48,201.67,202.37,24379,100
1103155200,202.36,202.98,201.51,202.14,25147,100
1103241600,202.16,202.76,201.48,202.22,23323,100
1103500800,202.22,203.38,202.11,202.79,17494,100
1103587200,202.78,202.83,200.77,201.23,19218,100
1103673600,201.24,201.37,198.51,199.69,18608,100
1103760000,199.7,199.89,198.57,199.24,16824,100
1103846400,199.23,199.88,198.79,199.38,9797,100
1104105600,199.41,199.94,198.92,199.16,11557,100
1104192000,199.18,200.0,198.51,198.61,13610,100
1104278400,198.62,199.74,198.38,198.96,18802,100
1104364800,198.96,199.68,197.82,198.41,18261,100
1104451200,198.39,198.44,196.19,196.29,9549,100
1104710400,196.96,197.08,195.38,195.95,14668,80
1104796800,195.95,197.2,195.13,196.61,15069,80
1104883200,196.57,197.05,195.61,196.2,15020,80
1104969600,196.23,197.34,195.85,196.92,15252,80
1105056000,196.94,196.96,195.43,196.23,14806,80
1105315200,196.0,196.37,195.1,195.48,13222,80
1105401600,195.64,195.84,193.64,194.22,13648,80
1105488000,194.22,194.47,192.62,193.59,13851,80
1105574400,193.61,193.92,192.46,192.71,13597,80
1105660800,192.69,193.22,190.04,190.98,14897,80
1105920000,190.84,191.4,189.56,189.96,11832,80
1106006400,189.95,192.47,189.77,190.62,14229,80
1106092800,190.61,192.88,190.48,192.32,14680,80
1106179200,192.31,194.04,191.64,193.59,14885,80
1106265600,193.65,194.3,192.44,192.73,14048,80
1106524800,193.16,193.87,192.65,192.85,12580,80
1106611200,192.87,194.58,192.48,193.86,13840,80
1106697600,193.82,194.5,193.01,194.15,13874,80
1106784000,194.16,194.96,193.57,194.39,14316,80
1106870400,194.31,195.4,194.15,195.06,13170,80
1107129600,195.44,195.56,194.7,195.21,13143,80
1107216000,195.2,195.79,194.97,195.2,13254,80
1107302400,195.25,196.09,194.94,195.68,12846,80
1107388800,195.69,196.97,195.27,196.65,13604,80
1107475200,196.61,196.77,194.71,195.29,13617,80
1107734400,195.82,195.98,194.55,194.62,12646,80
1107820800,194.55,196.67,194.51,196.19,13591,80
1107907200,196.17,196.95,195.64,196.21,16720,80
1107993600,196.24,198.02,196.09,197.72,15220,80
1108080000,197.77,197.83,196.79,197.51,11585,80
1108339200,197.2,198.73,196.32,198.35,13444,80
1108425600,198.33,198.8,197.19,197.98,14203,80
1108512000,197.98,199.08,197.58,198.57,14318,80
1108598400,198.6,200.23,198.3,200.04,13329,80
1108684800,200.07,200.6,199.21,200.23,11889,80
1108944000,200.29,200.71,199.76,199.94,10320,80
1109030400,199.96,200.24,198.22,199.0,14102,80
1109116800,199.0,200.49,198.95,200.2,14570,80
1109203200,200.23,201.66,199.51,201.17,14362,80
1109289600,201.2,202.11,200.5,201.97,13300,80
1109548800,201.81,201.86,200.1,200.79,13730,80
1109635200,200.79,201.08,199.96,200.44,13311,80
1109721600,200.43,200.99,199.97,200.41,13662,80
1109808000,200.49,201.06,200.03,200.72,13201,80
1109894400,200.76,201.61,200.66,201.51,12978,80
1110153600,201.5,201.69,200.87,201.35,11903,80
1110240000,201.35,202.1,200.81,201.82,12989,80
1110326400,201.75,201.99,199.58,200.19,13926,80
1110412800,200.19,201.21,199.86,200.11,13888,80
1110499200,200.05,200.52,199.55,200.15,13305,80
1110758400,200.2,201.51,199.91,200.68,13485,80
1110844800,200.66,200.96,199.72,199.98,13201,80
1110931200,200.03,201.08,199.62,200.8,12774,80
1111017600,200.82,201.48,200.26,201.21,14550,80
1111104000,201.2,201.61,200.57,201.39,12698,80
1111363200,201.14,201.25,199.17,199.51,13337,80
1111449600,199.54,199.86,198.62,199.01,14030,80
1111536000,199.0,199.22,197.53,198.12,19342,80
1111622400,198.08,199.37,198.0,198.85,16395,80
1111708800,198.91,199.17,198.57,198.93,9546,80
1111968000,198.88,200.34,198.52,200.04,13728,80
1112054400,200.06,201.86,199.99,201.56,13983,80
1112140800,201.58,202.58,201.09,202.03,14101,80
1112227200,202.05,202.78,200.8,202.55,14239,80
1112313600,202.53,203.04,201.99,202.39,14981,80
1112572800,202.2,203.25,202.12,203.21,13312,80
1112659200,203.17,204.07,203.03,203.53,13352,80
1112745600,203.47,204.5,203.01,204.33,14037,80
1112832000,204.34,204.53,202.97,203.26,14660,80
1112918400,203.28,204.31,202.68,204.04,12525,80
1113177600,204.2,204.36,203.5,203.89,13119,80
1113264000,203.92,204.7,203.32,203.79,13442,80
1113350400,203.83,203.95,202.63,203.35,13261,80
1113436800,203.27,203.85,203.09,203.56,13982,80
1113523200,203.57,204.34,203.27,203.96,13380,80
1113782400,203.86,204.87,203.54,204.47,13562,80
1113868800,204.47,205.35,204.1,204.82,13841,80
1113955200,204.83,205.39,204.38,205.21,13790,80
1114041600,205.24,205.36,203.84,204.05,14494,80
1114128000,204.03,204.23,202.43,202.89,14081,80
1114387200,202.28,202.75,201.65,202.14,13936,80
1114473600,202.18,202.46,201.6,202.05,14399,80
1114560000,202.17,202.65,201.24,201.62,28903,80
1114646400,201.7,202.52,201.26,202.41,15968,80
1114732800,202.47,202.53,199.62,199.8,15823,80
1114992000,200.2,200.94,198.72,199.19,17024,80
1115078400,199.25,199.46,198.42,198.64,16260,80
1115164800,198.68,199.29,197.93,198.88,17295,80
1115251200,198.94,199.24,198.47,198.91,13705,80
1115337600,198.9,199.24,198.11,198.69,13499,80
1115596800,198.74,199.33,198.36,199.28,13153,80
1115683200,199.18,199.34,198.28,198.74,13394,80
1115769600,198.7,199.4,197.7,198.13,15026,80
1115856000,198.12,199.34,197.76,199.19,14687,80
1115942400,199.15,199.5,198.05,198.39,13222,80
1116201600,198.59,199.09,196.15,196.59,14389,80
1116288000,196.58,197.5,195.59,197.14,14227,80
1116374400,197.2,197.46,196.42,196.9,14288,80
1116460800,196.86,197.88,196.73,197.54,13528,80
1116547200,197.54,198.07,197.25,197.79,12782,80
1116806400,197.49,197.64,196.78,197.01,12445,80
1116892800,196.96,197.22,196.35,196.74,12862,80
1116979200,196.73,197.48,196.1,197.18,12294,80
1117065600,197.18,197.78,196.34,196.5,13522,80
1117152000,196.58,197.17,196.29,196.81,13107,80
1117411200,197.02,197.24,196.5,196.89,11412,80
1117497600,196.89,197.38,195.86,197.2,14585,80
1117584000,197.15,197.45,196.23,196.78,14284,80
1117670400,196.75,197.07,196.34,196.57,13768,80
1117756800,196.67,196.68,195.23,195.47,14383,80
1118016000,195.33,195.59,194.15,195.0,13241,80
1118102400,194.97,195.77,194.6,195.66,13182,80
1118188800,195.68,196.57,195.32,195.55,18441,80
1118275200,195.57,196.2,195.41,195.58,16577,80
1118361600,195.67,197.13,195.23,196.99,16440,80
1118620800,196.86,198.19,196.33,198.02,18686,80
1118707200,198.03,198.08,197.32,197.65,17063,80
1118793600,197.66,199.34,197.35,198.99,17453,80
1118880000,199.03,199.15,198.35,198.59,17036,80
1118966400,198.6,199.2,197.95,198.78,16602,80
1119225600,198.69,199.81,198.34,199.55,13313,80
1119312000,199.57,199.63,197.78,198.05,17239,80
1119398400,198.08,198.83,197.74,198.26,17168,80
1119484800,198.26,198.4,197.42,197.77,17077,80
1119571200,197.75,199.31,197.63,198.93,15044,80
1119830400,199.09,200.2,199.0,199.85,15928,80
1119916800,199.86,200.33,199.34,199.64,16519,80
1120003200,199.61,200.43,198.84,199.53,17239,80
1120089600,199.5,199.76,198.17,198.34,17682,80
1120176000,198.35,198.98,197.06,197.62,14568,80
1120435200,196.78,196.99,195.89,196.23,11653,80
1120521600,196.29,196.83,195.92,196.16,17085,80
1120608000,196.16,197.37,195.93,196.61,15588,80
1120694400,196.71,196.99,194.5,195.37,19944,80
1120780800,195.33,195.88,194.52,195.03,16313,80
1121040000,194.92,196.76,194.67,196.4,17058,80
1121126400,196.38,197.3,195.92,197.15,18922,80
1121212800,197.19,197.47,196.36,197.38,18035,80
1121299200,197.38,197.76,196.78,197.24,18752,80
1121385600,197.23,197.6,196.33,196.5,16589,80
1121644800,196.49,197.06,195.36,195.7,15071,80
1121731200,195.68,196.66,195.36,196.19,17164,80
1121817600,196.21,196.89,195.63,196.42,21453,80
1121904000,196.41,196.87,192.62,193.39,21008,80
1121990400,193.39,195.06,192.99,193.92,22713,80
1122249600,193.64,195.14,193.4,194.69,14996,80
1122336000,194.69,195.79,194.51,195.46,18616,80
1122422400,195.48,196.36,195.19,196.02,18033,80
1122508800,196.04,197.35,195.54,196.9,14205,80
1122595200,196.92,198.17,196.48,198.13,17653,80
1122854400,197.77,198.69,197.37,198.54,14628,80
1122940800,198.53,198.67,196.92,197.33,17389,80
1123027200,197.33,198.58,197.18,197.57,14875,80
1123113600,197.57,198.61,196.9,198.1,15285,80
1123200000,198.08,199.3,197.87,198.91,17702,80
1123459200,199.33,200.32,199.14,200.19,18194,80
1123545600,200.16,200.31,199.55,199.96,17176,80
1123632000,199.97,200.06,198.24,198.81,17941,80
1123718400,198.76,199.14,198.14,198.72,18458,80
1123804800,198.75,199.07,198.4,198.5,17261,80
1124064000,198.74,199.06,197.54,198.0,14899,80
1124150400,197.97,198.5,197.35,198.4,16785,80
1124236800,198.41,198.81,197.7,198.31,17228,80
1124323200,198.29,199.38,198.13,198.25,14116,80
1124409600,198.25,198.77,197.84,198.34,12679,80
1124668800,198.41,198.6,196.78,197.61,14049,80
1124755200,197.61,198.14,197.21,197.93,13560,80
1124841600,197.96,198.64,197.83,198.44,13870,80
1124928000,198.53,198.82,197.77,198.38,15034,80
1125014400,198.41,198.76,197.61,198.33,15031,80
1125273600,198.36,199.51,198.23,198.74,15006,80
1125360000,198.79,199.27,198.44,198.65,14181,80
1125446400,198.64,200.04,198.54,199.53,14556,80
1125532800,199.54,201.62,199.44,201.42,14617,80
1125619200,201.37,202.54,200.84,202.28,14879,80
1125878400,201.91,202.08,201.09,201.3,13546,80
1125964800,201.29,202.51,200.99,201.9,14824,80
1126051200,201.87,202.73,201.18,202.08,14855,80
1126137600,202.08,203.55,201.98,202.88,13553,80
1126224000,202.91,203.46,201.6,201.75,13770,80
1126483200,201.04,201.68,200.0,200.73,14720,80
1126569600,200.78,202.29,200.52,201.67,14139,80
1126656000,201.64,202.24,200.9,201.11,13846,80
1126742400,201.14,201.64,199.08,199.9,14985,80
1126828800,199.88,201.55,199.83,201.25,13455,80
1127088000,201.11,201.32,200.49,200.96,13825,80
1127174400,200.95,201.61,200.52,201.46,14593,80
1127260800,201.45,201.89,200.92,201.56,16066,80
1127347200,201.58,202.06,199.57,199.91,14739,80
1127433600,199.87,200.2,198.73,199.85,13560,80
1127692800,199.28,199.83,198.96,199.54,14469,80
1127779200,199.54,200.51,199.25,200.16,15035,80
1127865600,200.18,200.44,199.38,199.87,15340,80
1127952000,199.86,200.08,198.97,199.24,14518,80
1128038400,199.25,201.59,198.9,201.59,14629,80
1128297600,199.99,200.71,199.82,200.3,15270,80
1128384000,200.28,201.28,200.15,201.07,14264,80
1128470400,201.12,201.33,200.24,201.04,14659,80
1128556800,200.94,202.09,200.76,201.48,16302,80
1128643200,201.53,201.69,200.1,200.41,14164,80
1128902400,200.23,200.65,199.82,200.38,12566,80
1128988800,200.36,200.51,199.13,199.9,14478,80
1129075200,199.94,200.63,199.52,200.42,14362,80
1129161600,200.38,201.44,200.16,201.02,15157,80
1129248000,201.03,201.95,200.67,201.76,15220,80
1129507200,201.88,202.11,201.2,201.57,23393,80
1129593600,201.56,202.72,201.41,202.59,15406,80
1129680000,202.54,203.86,202.02,203.51,14852,80
1129766400,203.47,204.79,203.26,204.57,15447,80
1129852800,204.61,205.66,204.33,205.01,14802,80
1130112000,204.67,204.91,203.73,204.18,13750,80
1130198400,204.2,205.44,203.76,205.15,15213,80
1130284800,205.25,205.93,204.79,205.78,14966,80
1130371200,205.75,206.44,205.23,205.81,15727,80
1130457600,205.75,205.95,205.04,205.16,14035,80
1130716800,205.33,206.67,205.14,206.11,14164,80
1130803200,206.12,206.64,205.44,206.16,14697,80
1130889600,206.17,207.76,205.82,207.69,14122,80
1130976000,207.69,208.08,207.18,207.64,13855,80
1131062400,207.62,208.19,206.38,207.07,14163,80
1131321600,206.65,206.91,204.86,205.14,14619,80
1131408000,205.16,205.2,203.89,204.61,14115,80
1131494400,204.54,205.08,203.77,205.03,14250,80
1131580800,204.97,206.32,204.87,205.58,13801,80
1131667200,205.61,205.79,204.82,205.63,13387,80
1131926400,205.72,207.16,205.32,206.33,13711,80
1132012800,206.34,206.91,206.05,206.33,13525,80
1132099200,206.36,207.0,204.16,204.74,13863,80
1132185600,204.76,204.91,203.74,204.21,14592,80
1132272000,204.21,204.88,203.81,204.35,14107,80
1132531200,204.6,205.12,203.91,204.22,16032,80
1132617600,204.23,204.82,203.49,204.56,14424,80
1132704000,204.56,204.91,203.65,204.61,14198,80
1132790400,204.61,205.28,204.27,204.82,13768,80
1132876800,204.83,205.75,204.77,205.18,12795,80
1133136000,204.98,205.8,204.35,205.55,14543,80
1133222400,205.49,205.82,205.05,205.52,13895,80
1133308800,205.5,207.61,205.17,207.21,14063,80
1133395200,207.16,209.06,206.92,208.72,14294,80
1133481600,208.68,209.72,208.0,209.17,14092,80
1133740800,209.8,210.78,209.34,210.71,15060,80
1133827200,210.67,211.43,209.8,210.22,13598,80
1133913600,210.22,210.58,209.16,209.98,13938,80
1134000000,209.97,211.11,208.86,210.89,14426,80
1134086400,210.88,211.88,210.41,211.44,13805,80
1134345600,211.52,212.97,211.5,212.69,14818,80
1134432000,212.69,213.08,211.92,212.46,14551,80
1134518400,212.44,212.78,206.94,208.42,16184,80
1134604800,208.41,208.67,204.97,205.5,16179,80
1134691200,205.5,206.4,203.96,205.03,15070,80
1134950400,204.5,206.59,204.11,204.82,14876,80
1135036800,204.79,206.08,204.46,205.46,14056,80
1135123200,205.47,206.03,204.12,204.77,16549,80
1135209600,204.82,205.26,202.33,202.7,16270,80
1135296000,202.75,203.04,201.15,201.53,18029,80
1135555200,201.88,202.37,201.13,201.76,7586,80
1135641600,201.76,203.58,201.65,202.83,12757,80
1135728000,202.85,203.91,201.87,202.41,14310,80
1135814400,202.35,203.58,202.21,203.2,13260,80
1135900800,203.16,203.65,201.84,202.89,14278,80
1136160000,203.03,203.49,202.27,202.7,5952,80
1136246400,202.71,203.2,202.24,203.02,14966,80
1136332800,203.01,204.8,202.38,203.99,14734,80
1136419200,203.95,204.62,202.94,203.7,14561,80
1136505600,203.68,204.05,202.12,202.37,14240,80
1136764800,202.55,202.85,201.13,202.26,14694,80
1136851200,202.23,202.65,201.54,201.85,14656,80
1136937600,201.85,202.38,200.57,201.7,14323,80
1137024000,201.72,201.99,200.68,201.74,15061,80
1137110400,201.76,203.25,201.52,203.08,14705,80
1137369600,202.72,203.55,202.31,203.4,13395,80
1137456000,203.41,204.4,202.42,204.16,13457,80
1137542400,204.18,204.53,202.79,203.18,15357,80
1137628800,203.14,203.42,202.03,202.97,13710,80
1137715200,202.95,204.43,202.36,204.18,13806,80
1137974400,203.99,204.96,203.42,204.71,15620,80
1138060800,204.66,205.15,204.14,204.9,13867,80
1138147200,204.85,207.22,204.82,206.48,14914,80
1138233600,206.52,207.69,206.16,207.27,14396,80
1138320000,207.34,208.21,206.59,207.54,15276,80
1138579200,207.42,208.33,206.97,207.99,13158,80
1138665600,208.03,209.07,207.34,208.53,14091,80
1138752000,208.5,209.97,208.25,209.56,13830,80
1138838400,209.55,211.18,209.29,211.08,14845,80
1138924800,211.09,211.13,209.36,209.64,12948,80
1139184000,209.56,209.59,207.56,208.05,14213,80
1139270400,208.01,208.25,205.36,205.68,14223,80
1139356800,205.69,206.78,205.21,206.36,14750,80
1139443200,206.36,207.21,206.03,207.05,14647,80
1139529600,207.04,207.38,204.78,205.5,14663,80
1139788800,205.36,205.73,204.83,205.04,14255,80
1139875200,205.05,205.15,202.9,203.77,14541,80
1139961600,203.79,205.43,203.68,205.12,14452,80
1140048000,205.12,205.35,204.13,204.58,13645,80
1140134400,204.59,206.38,204.1,205.39,15263,80
1140393600,205.97,206.49,205.67,206.39,11607,80
1140480000,206.4,207.84,206.26,207.3,14203,80
1140566400,207.24,207.52,206.06,206.57,13126,80
1140652800,206.58,206.72,204.7,205.05,14795,80
1140739200,205.03,205.21,203.64,203.81,15079,80
1140998400,204.07,204.25,201.68,202.21,14340,80
1141084800,202.23,203.49,201.98,203.02,14750,80
1141171200,203.04,204.25,202.56,203.01,14044,80
1141257600,203.0,203.56,202.51,203.23,14695,80
1141344000,203.23,204.74,202.71,204.3,13221,80
1141603200,204.4,206.14,204.0,205.68,14411,80
1141689600,205.69,205.91,203.98,204.44,13301,80
1141776000,204.48,205.15,203.79,204.71,13346,80
1141862400,204.7,205.56,203.72,205.16,15381,80
1141948800,205.24,206.0,204.82,205.29,13752,80
1142208000,205.25,206.23,204.92,205.85,13494,80
1142294400,205.84,206.12,204.66,205.29,13572,80
1142380800,205.3,205.76,204.72,205.21,12836,80
1142467200,205.22,205.87,205.08,205.37,13843,80
1142553600,205.38,205.49,203.23,203.5,13754,80
1142812800,203.67,204.59,202.76,204.32,13543,80
1142899200,204.34,205.08,203.57,204.73,13370,80
1142985600,204.79,205.27,203.88,204.44,13779,80
1143072000,204.44,204.78,203.55,204.41,13382,80
1143158400,204.42,205.77,204.27,204.51,12996,80
1143417600,204.89,205.05,203.37,203.86,13085,80
1143504000,203.87,205.86,203.16,205.53,13975,80
1143590400,205.58,205.64,204.03,204.25,13549,80
1143676800,204.24,205.21,203.92,204.86,14100,80
1143763200,204.89,205.38,204.12,204.62,13859,80
1144022400,204.51,205.32,204.09,204.86,14893,80
1144108800,204.88,206.4,204.44,206.3,14022,80
1144195200,206.29,206.32,205.23,205.86,14360,80
1144281600,205.87,206.91,205.58,206.36,14012,80
1144368000,206.34,206.64,205.12,206.24,13241,80
1144627200,206.0,206.92,205.72,206.33,12316,80
1144713600,206.3,207.38,206.11,206.85,13123,80
1144800000,206.83,207.61,206.12,207.35,22094,80
1144886400,207.42,208.03,207.1,207.72,16769,80
1144972800,207.76,208.0,207.54,207.77,10541,80
1145232000,207.83,208.72,207.55,208.57,13985,80
1145318400,208.49,209.32,208.31,208.76,13762,80
1145404800,208.73,210.84,208.16,210.25,14609,80
1145491200,210.25,210.57,208.8,208.82,14091,80
1145577600,208.84,209.78,207.6,207.7,13038,80
1145836800,206.73,207.16,204.41,204.97,14288,80
1145923200,204.97,205.58,204.13,205.31,13576,80
1146009600,205.32,205.92,204.55,204.87,14359,80
1146096000,204.9,205.91,203.83,205.52,16158,80
1146182400,205.66,207.94,205.42,207.82,29110,80
1146441600,207.29,207.74,206.19,207.15,13740,80
1146528000,207.25,208.86,207.09,208.65,14739,80
1146614400,208.67,209.68,207.89,209.32,14242,80
1146700800,209.41,210.7,209.08,210.26,14140,80
1146787200,210.28,211.06,208.63,209.39,14089,80
1147046400,208.49,208.96,206.88,207.66,14086,80
1147132800,207.6,207.68,206.64,207.32,14154,80
1147219200,207.38,207.58,205.41,206.23,15190,80
1147305600,206.24,208.53,205.93,208.45,15301,80
1147392000,208.41,209.03,207.17,208.55,16509,80
1147651200,207.98,208.45,206.91,207.53,16138,80
1147737600,207.57,208.14,206.95,207.13,15602,80
1147824000,207.14,209.31,206.44,208.95,16921,80
1147910400,208.99,210.19,208.2,209.97,16331,80
1147996800,209.98,210.25,209.09,209.75,16636,80
1148256000,209.91,211.18,209.36,210.08,16041,80
1148342400,210.11,210.8,209.13,210.21,15942,80
1148428800,210.49,211.34,210.17,210.91,17640,80
1148515200,210.95,211.13,209.05,209.63,15961,80
1148601600,209.65,209.86,208.56,209.49,17693,80
1148860800,209.33,209.39,208.72,208.98,11150,80
1148947200,208.99,211.51,208.97,211.2,15511,80
1149033600,211.19,211.41,209.65,210.69,15936,80
1149120000,210.77,210.94,209.86,210.14,15597,80
1149206400,210.14,210.88,209.79,210.26,14697,80
1149465600,210.31,210.94,209.53,210.05,15151,80
1149552000,210.05,211.28,209.89,210.65,15483,80
1149638400,210.66,211.04,210.38,210.62,14442,80
1149724800,210.6,211.17,210.19,210.37,15948,80
1149811200,210.3,210.37,209.6,209.79,14316,80
1150070400,209.86,210.96,209.84,210.85,13833,80
1150156800,210.84,212.14,210.5,211.49,15324,80
1150243200,211.55,212.48,211.08,211.9,15072,80
1150329600,211.91,212.85,211.67,212.31,15306,80
1150416000,212.32,213.4,212.14,213.14,14224,80
1150675200,213.42,213.76,211.94,212.55,14142,80
1150761600,212.51,212.72,211.28,211.72,13870,80
1150848000,211.69,212.23,211.24,211.9,13723,80
1150934400,211.94,212.7,211.41,212.28,15798,80
1151020800,212.29,212.52,210.86,211.68,14781,80
1151280000,211.85,212.19,211.39,211.97,13302,80
1151366400,211.95,212.4,211.38,211.75,13981,80
1151452800,211.76,212.1,211.06,211.7,14054,80
1151539200,211.73,211.98,209.91,210.26,15366,80
1151625600,210.22,211.82,209.85,211.64,14966,80
1151884800,211.23,211.96,210.79,211.37,13821,80
1151971200,211.34,212.02,210.98,211.95,14348,80
1152057600,211.97,212.56,211.52,212.16,14249,80
1152144000,212.19,212.39,211.2,211.53,13966,80
1152230400,211.54,211.86,210.73,210.95,14010,80
1152489600,210.71,210.98,209.54,210.4,13476,80
1152576000,210.46,211.03,210.0,210.81,14667,80
1152662400,210.8,212.18,210.66,211.78,14925,80
1152748800,211.79,212.83,211.43,212.74,13945,80
1152835200,212.73,213.8,212.63,213.52,14747,80
1153094400,213.89,213.92,212.75,213.12,13713,80
1153180800,213.13,214.75,212.57,214.22,14807,80
1153267200,214.27,215.46,213.85,215.26,14722,80
1153353600,215.28,216.61,214.97,216.32,14683,80
1153440000,216.34,216.44,214.92,215.76,14007,80
1153699200,215.96,216.41,215.62,215.85,13449,80
1153785600,215.88,216.32,215.44,215.68,15073,80
1153872000,215.67,216.25,214.67,215.75,13916,80
1153958400,215.77,215.89,214.92,215.11,15272,80
1154044800,215.14,215.33,213.55,213.71,14425,80
1154304000,213.63,214.45,212.96,214.13,13751,80
1154390400,214.11,215.3,213.57,215.05,14756,80
1154476800,215.08,215.48,214.35,215.23,14486,80
1154563200,215.23,217.47,214.95,216.99,14189,80
1154649600,217.03,218.83,216.9,218.79,14419,80
1154908800,217.84,219.8,217.76,219.36,13174,80
1154995200,219.42,220.11,218.93,219.88,14070,80
1155081600,219.83,220.2,219.16,219.69,14525,80
1155168000,219.74,219.97,218.01,218.25,15265,80
1155254400,218.25,220.37,218.03,219.8,14265,80
1155513600,219.91,220.62,219.81,220.33,13140,80
1155600000,220.29,220.62,219.66,219.84,14119,80
1155686400,219.89,220.29,219.25,219.7,13759,80
1155772800,219.72,219.77,218.39,218.92,14902,80
1155859200,218.78,218.92,217.47,217.89,13114,80
1156118400,217.79,219.88,217.69,219.47,13052,80
1156204800,219.43,220.4,219.23,219.93,14462,80
1156291200,219.99,220.84,219.51,220.27,13916,80
1156377600,220.34,220.58,219.75,219.88,15209,80
1156464000,219.94,221.69,219.71,221.49,15755,80
1156723200,221.41,222.41,221.15,221.95,12087,80
1156809600,221.97,222.16,220.93,221.55,14462,80
1156896000,221.54,223.28,221.44,223.0,14413,80
1156982400,223.01,223.87,222.73,223.46,14605,80
1157068800,223.46,223.65,222.25,223.05,13891,80
1157328000,223.0,223.19,220.69,221.34,12898,80
1157414400,221.32,221.47,219.34,219.91,14881,80
1157500800,219.91,220.7,219.22,219.97,13708,80
1157587200,219.91,220.42,217.6,218.43,14771,80
1157673600,218.44,218.52,217.36,218.06,13903,80
1157932800,218.08,219.59,217.61,219.33,13447,80
1158019200,219.39,221.3,219.06,220.89,14548,80
1158105600,220.9,221.18,220.18,220.52,13708,80
1158192000,220.56,222.16,220.34,221.78,14707,80
1158278400,221.76,222.14,220.36,220.69,13258,80
1158537600,220.58,222.29,220.33,221.79,13988,80
1158624000,221.81,222.26,220.77,221.33,15051,80
1158710400,221.41,222.05,220.2,221.49,15479,80
1158796800,221.43,222.04,221.08,221.41,15618,80
1158883200,221.5,221.98,220.91,221.5,13637,80
1159142400,221.39,222.13,221.07,221.48,12891,80
1159228800,221.5,222.28,220.48,221.83,15122,80
1159315200,221.83,222.09,221.06,221.84,14394,80
1159401600,221.92,222.22,220.69,220.92,14941,80
1159488000,220.89,221.32,219.94,221.26,15361,80
1159747200,221.39,222.1,220.62,222.06,7854,80
1159833600,222.08,222.69,221.62,222.67,7582,80
1159920000,222.66,222.87,221.8,222.27,8208,80
1160006400,222.26,222.32,220.44,221.2,9655,80
1160092800,221.21,222.74,221.12,222.6,12863,80
1160352000,222.35,223.12,221.96,222.3,9500,80
1160438400,222.29,222.58,221.65,221.82,13931,80
1160524800,221.84,222.14,221.5,221.88,12789,80
1160611200,221.87,222.36,221.64,221.79,12058,80
1160697600,221.77,222.38,221.62,222.01,12548,80
1160956800,222.07,222.19,221.38,221.62,12379,80
1161043200,221.63,222.55,221.21,221.71,14816,80
1161129600,221.7,222.56,221.5,222.01,13862,80
1161216000,222.02,222.3,221.35,221.89,10466,80
1161302400,221.91,223.76,221.89,223.5,11935,80
1161561600,223.49,223.65,223.0,223.45,10984,80
1161648000,223.47,223.79,223.15,223.59,10823,80
1161734400,223.61,223.77,223.24,223.45,12667,80
1161820800,223.46,224.07,223.3,223.74,12717,80
1161907200,223.73,224.34,222.55,223.17,14239,80
1162166400,222.88,223.5,222.42,223.33,12531,80
1162252800,223.32,224.01,222.53,223.04,15597,80
1162339200,223.08,223.54,222.71,223.4,10470,80
1162425600,223.42,223.73,222.63,223.6,13065,80
1162512000,223.56,224.53,223.18,224.3,11312,80
1162771200,224.37,224.65,223.99,224.48,9978,80
1162857600,224.49,224.62,223.98,224.32,13580,80
1162944000,224.34,224.58,223.92,224.38,12847,80
1163030400,224.39,225.27,224.34,224.63,14915,80
1163116800,224.58,225.03,224.22,224.67,15294,80
1163376000,224.6,224.77,224.21,224.57,11673,80
1163462400,224.56,224.59,222.6,222.93,16297,80
1163548800,222.9,223.43,222.48,222.77,13773,80
1163635200,222.79,223.42,222.51,223.19,13640,80
1163721600,223.18,223.36,222.7,223.09,12915,80
1163980800,223.23,224.19,223.13,224.0,9532,80
1164067200,223.97,224.26,223.66,223.86,9909,80
1164153600,223.84,223.98,223.0,223.45,14171,80
1164240000,223.46,223.56,222.33,222.77,9736,80
1164326400,222.75,223.93,222.57,223.89,13821,80
1164585600,223.84,225.03,223.76,224.98,13835,80
1164672000,224.97,226.86,224.76,226.8,16095,80
1164758400,226.81,227.17,225.7,226.49,16808,80
1164844800,226.47,227.8,226.17,227.47,14875,80
1164931200,227.49,229.04,227.11,228.66,17854,80
1165190400,228.41,228.98,228.01,228.42,15264,80
1165276800,228.43,228.56,226.29,226.77,16134,80
1165363200,226.75,226.85,225.7,226.65,14827,80
1165449600,226.63,226.77,225.85,226.19,13907,80
1165536000,226.23,227.78,225.92,227.34,17495,80
1165795200,227.25,229.06,226.94,228.84,16772,80
1165881600,228.82,230.31,228.75,230.02,18891,80
1165968000,230.04,231.31,229.89,231.02,16842,80
1166054400,231.03,231.39,230.65,230.93,17984,80
1166140800,230.91,231.8,229.36,230.67,20710,80
1166400000,230.37,230.87,229.39,230.02,14596,80
1166486400,230.03,232.67,229.66,232.52,18769,80
1166572800,232.55,233.23,232.38,232.58,16494,80
1166659200,232.6,232.99,231.53,232.1,13885,80
1166745600,232.09,232.96,231.94,232.66,15208,80
1167004800,232.79,232.81,232.79,232.81,3,80
1167091200,232.73,233.09,232.52,232.81,11666,80
1167177600,232.83,232.95,231.54,232.31,13488,80
1167264000,232.28,233.64,232.15,233.41,14174,80
1167350400,233.35,233.87,232.91,233.18,12352,80
1167696000,233.39,234.57,232.9,234.46,16757,70
1167782400,234.44,234.82,232.64,232.93,15349,70
1167868800,232.92,233.12,231.07,231.11,15021,70
1167955200,231.09,231.15,228.57,228.82,16930,70
1168214400,229.13,230.39,228.04,230.36,12755,70
1168300800,230.37,231.88,230.18,231.44,13457,70
1168387200,231.43,231.74,230.7,231.15,14313,70
1168473600,231.09,234.84,230.83,234.19,18107,70
1168560000,234.18,235.91,233.87,235.68,16169,70
1168819200,235.69,236.98,234.96,236.61,11060,70
1168905600,236.6,237.26,236.3,236.55,14373,70
1168992000,236.59,237.89,236.52,237.61,13769,70
1169078400,237.64,240.0,237.41,239.21,17427,70
1169164800,239.23,239.81,238.95,239.27,12673,70
1169424000,239.26,240.6,239.2,240.34,11088,70
1169510400,240.33,241.47,240.28,241.11,14534,70
1169596800,241.07,241.38,237.47,238.29,18697,70
1169683200,238.26,238.56,236.33,238.07,18710,70
1169769600,238.04,239.17,237.53,238.11,16301,70
1170028800,238.2,239.16,238.06,238.69,11560,70
1170115200,238.68,240.03,238.28,238.87,13844,70
1170201600,238.86,238.89,236.34,237.38,17904,70
1170288000,237.41,237.79,236.54,237.56,16747,70
1170374400,237.55,238.79,237.28,238.12,13620,70
1170633600,238.15,238.17,235.45,235.75,13595,70
1170720000,235.73,237.28,235.35,236.62,13277,70
1170806400,236.58,238.01,236.37,237.6,11914,70
1170892800,237.58,238.86,236.93,237.24,14071,70
1170979200,237.26,237.85,236.21,237.2,12800,70
1171238400,238.19,238.49,236.63,237.12,11686,70
1171324800,237.13,237.24,235.37,235.84,13402,70
1171411200,235.87,237.21,235.62,236.97,15706,70
1171497600,236.94,237.06,232.47,232.55,19036,70
1171584000,232.59,233.46,232.12,232.82,13675,70
1171843200,233.1,233.83,232.09,233.46,9804,70
1171929600,233.47,235.13,233.22,234.65,12671,70
1172016000,234.63,236.42,233.77,236.14,16225,70
1172102400,236.15,237.99,235.69,237.75,13868,70
1172188800,237.77,238.17,237.36,237.58,14636,70
1172448000,237.35,237.56,236.26,237.01,10544,70
1172534400,237.0,237.04,230.66,232.17,20258,70
1172620800,232.18,233.0,230.94,232.64,25331,70
1172707200,232.7,233.49,229.45,230.27,20985,70
1172793600,230.25,230.58,226.55,226.96,19274,70
1173052800,226.8,226.8,221.13,221.14,22214,70
1173139200,221.13,225.81,221.07,225.75,17613,70
1173225600,225.77,226.2,223.25,223.61,15506,70
1173312000,223.63,226.85,222.82,226.15,15605,70
1173398400,226.14,228.71,225.86,228.54,13902,70
1173657600,228.92,229.67,225.79,227.06,14287,70
1173744000,227.04,227.42,223.64,223.88,16192,70
1173830400,223.89,227.2,222.6,226.92,19296,70
1173916800,226.93,228.03,226.21,227.21,16009,70
1174003200,227.22,227.72,226.36,226.61,15528,70
1174262400,225.59,229.11,225.53,228.35,15277,70
1174348800,228.34,230.77,228.34,229.96,15438,70
1174435200,229.95,231.52,229.83,231.0,12598,70
1174521600,231.02,232.21,230.64,232.06,14204,70
1174608000,232.07,232.32,230.46,231.67,13270,70
1174867200,231.1,232.7,230.82,232.54,13119,70
1174953600,232.52,232.97,231.25,231.5,13116,70
1175040000,231.52,231.88,228.75,229.32,12340,70
1175126400,229.35,231.75,229.09,231.71,13393,70
1175212800,231.72,231.96,230.54,231.84,14858,70
1175472000,231.38,233.1,231.21,233.04,12266,70
1175558400,233.03,235.09,232.85,234.63,12834,70
1175644800,234.64,234.89,234.04,234.39,12336,70
1175731200,234.36,234.78,233.52,233.96,11207,70
1175817600,233.95,234.6,233.79,234.32,6083,70
1176076800,234.34,234.53,233.74,234.1,6114,70
1176163200,234.07,235.35,233.64,234.67,11750,70
1176249600,234.65,236.28,234.6,235.78,12367,70
1176336000,235.79,236.1,235.14,235.64,12404,70
1176422400,235.67,236.96,234.75,236.84,13569,70
1176681600,237.08,238.57,236.4,238.02,13630,70
1176768000,238.0,239.42,237.15,238.75,13523,70
1176854400,238.72,238.92,236.75,237.92,13905,70
1176940800,237.93,238.2,235.21,237.14,15838,70
1177027200,237.13,238.31,236.88,237.6,12137,70
1177286400,238.07,238.32,236.28,237.17,12179,70
1177372800,237.18,238.0,235.96,237.29,12940,70
1177459200,237.25,237.99,236.89,237.45,11257,70
1177545600,237.47,238.74,237.25,237.92,12740,70
1177632000,237.96,239.38,237.32,238.92,10587,70
1177891200,238.04,239.02,237.86,238.72,11629,70
1177977600,238.74,239.75,238.64,239.31,10842,70
1178064000,239.29,239.59,238.61,238.97,13312,70
1178150400,238.96,239.56,238.9,239.25,9135,70
1178236800,239.24,239.53,238.75,239.38,11894,70
1178496000,239.53,239.59,239.11,239.32,10250,70
1178582400,239.34,239.39,238.17,238.67,12817,70
1178668800,238.68,239.52,238.03,239.24,11638,70
1178755200,239.25,239.75,236.85,236.89,15606,70
1178841600,236.9,238.43,236.42,238.13,15722,70
1179100800,238.2,238.65,237.89,238.27,9062,70
1179187200,238.25,239.0,237.71,238.72,11865,70
1179273600,238.71,239.36,238.56,238.79,11172,70
1179360000,238.81,239.61,238.61,239.46,10712,70
1179446400,239.45,239.89,237.79,239.17,11404,70
1179705600,239.19,239.6,238.99,239.42,9983,70
1179792000,239.38,240.2,239.1,240.0,9898,70
1179878400,239.98,241.85,239.9,241.46,11609,70
1179964800,241.45,241.6,240.71,240.92,12205,70
1180051200,240.93,241.78,239.67,241.53,12353,70
1180310400,241.41,241.63,241.17,241.21,4733,70
1180396800,241.22,241.53,240.5,241.07,9129,70
1180483200,241.06,241.07,239.74,240.32,12955,70
1180569600,240.31,241.17,239.89,241.06,11144,70
1180656000,241.02,242.07,240.85,242.0,9314,70
1180915200,241.84,242.64,241.64,242.34,10518,70
1181001600,242.32,242.99,241.52,241.84,12465,70
1181088000,241.85,242.27,240.92,241.14,12598,70
1181174400,241.15,242.03,238.9,239.14,14986,70
1181260800,239.17,240.13,237.64,239.78,15500,70
1181520000,239.75,239.96,238.95,239.6,9889,70
1181606400,239.61,240.85,239.57,240.15,11327,70
1181692800,240.09,242.21,239.72,241.9,13307,70
1181779200,241.88,242.96,241.69,242.15,7848,70
1181865600,242.14,244.35,242.07,243.92,6927,70
1182124800,243.93,245.51,243.91,245.17,11309,70
1182211200,245.22,245.54,245.07,245.27,14737,70
1182297600,245.29,246.62,244.69,246.07,15359,70
1182384000,246.08,246.64,245.87,246.49,13792,70
1182470400,246.43,247.93,246.43,247.67,13937,70
1182729600,247.36,247.8,246.46,247.05,11121,70
1182816000,246.99,247.14,245.22,246.2,16618,70
1182902400,246.21,246.21,243.99,245.52,19240,70
1182988800,245.51,246.76,245.33,246.68,15957,70
1183075200,246.69,247.79,246.47,247.42,16283,70
1183334400,247.14,247.61,246.03,246.91,13487,70
1183420800,246.93,247.61,246.22,246.95,12404,70
1183507200,246.98,247.44,246.59,247.25,8850,70
1183593600,247.27,247.62,246.58,247.26,13299,70
1183680000,247.25,248.18,247.05,248.0,12491,70
1183939200,248.24,248.78,248.11,248.68,9573,70
1184025600,248.67,248.75,245.86,246.08,17489,70
1184112000,246.1,248.94,245.07,248.66,19132,70
1184198400,248.65,248.78,247.69,248.44,16014,70
1184284800,248.38,248.92,247.98,248.01,14041,70
1184544000,247.85,248.64,247.58,248.17,11990,70
1184630400,248.21,250.46,248.01,250.09,19729,70
1184716800,250.13,250.52,249.6,250.21,24827,70
1184803200,250.22,250.43,249.72,250.13,14090,70
1184889600,250.09,251.09,248.6,249.35,13964,70
1185148800,249.85,249.94,248.54,249.31,21327,70
1185235200,249.36,249.45,247.28,247.81,21249,70
1185321600,247.82,248.11,246.28,247.36,22729,70
1185408000,247.38,247.73,241.41,241.71,29313,70
1185494400,241.73,244.37,239.74,240.15,36765,70
1185753600,238.8,241.4,238.31,241.39,22207,70
1185840000,241.4,242.93,240.16,240.36,30020,70
1185926400,240.45,241.85,237.63,241.44,40042,70
1186012800,241.43,243.13,240.13,242.63,28256,70
1186099200,242.64,242.94,240.64,240.92,25021,70
1186358400,239.33,241.81,238.92,241.46,14003,70
1186444800,241.45,241.5,238.68,240.23,24803,70
1186531200,240.22,244.08,239.84,243.47,29577,70
1186617600,243.48,244.02,238.92,239.0,27481,70
1186704000,239.03,240.48,236.26,239.51,39111,70
1186963200,239.28,239.7,236.44,237.66,30234,70
1187049600,237.62,238.06,234.62,234.75,33571,70
1187136000,234.76,234.85,230.88,230.89,43337,70
1187222400,230.88,231.69,221.48,226.86,64944,70
1187308800,227.15,228.99,219.32,226.57,63948,70
1187568000,226.64,229.56,224.93,228.3,44079,70
1187654400,228.33,229.07,225.33,226.35,41753,70
1187740800,226.36,229.99,225.7,229.95,32307,70
1187827200,229.94,234.86,229.91,233.21,40404,70
1187913600,233.2,234.58,230.82,234.47,35728,70
1188172800,234.37,235.49,232.39,232.52,21479,70
1188259200,232.51,232.74,228.22,228.25,34299,70
1188345600,228.24,234.51,227.4,234.26,43057,70
1188432000,234.25,234.25,231.19,233.22,39658,70
1188518400,233.23,235.49,232.72,233.49,37905,70
1188777600,233.41,234.54,233.02,233.98,16560,70
1188864000,234.03,234.41,231.93,233.99,29090,70
1188950400,233.95,234.8,231.88,232.42,30376,70
1189036800,232.41,233.95,231.88,233.54,33652,70
1189123200,233.53,234.12,229.14,230.0,21873,70
1189382400,228.88,231.47,228.23,230.41,21612,70
1189468800,230.38,232.5,229.55,232.37,33451,70
1189555200,232.36,232.52,231.01,231.71,21733,70
1189641600,231.7,234.77,231.01,231.08,27805,70
1189728000,231.09,233.28,230.17,231.51,38147,70
1189987200,231.54,231.67,228.79,229.47,28040,70
1190073600,229.54,234.24,228.19,233.58,33712,70
1190160000,233.59,233.84,231.11,231.73,34685,70
1190246400,231.74,232.24,229.45,230.33,34171,70
1190332800,230.32,233.66,230.2,233.32,31087,70
1190592000,233.1,233.52,231.73,232.25,20732,70
1190678400,232.23,232.36,229.72,231.37,29699,70
1190764800,231.38,233.24,231.21,232.71,29454,70
1190851200,232.72,234.57,232.45,234.25,30275,70
1190937600,234.24,235.25,232.37,234.99,35558,70
1191196800,234.84,237.06,234.67,236.37,29758,70
1191283200,236.31,236.77,234.92,235.9,28435,70
1191369600,235.93,237.83,235.87,237.06,28400,70
1191456000,237.04,237.82,236.14,237.16,26632,70
1191542400,237.19,238.96,236.67,238.86,22854,70
1191801600,239.18,239.68,238.55,239.09,9102,70
1191888000,239.07,239.08,236.95,238.56,16870,70
1191974400,238.59,240.35,238.53,239.26,15571,70
1192060800,239.16,239.84,237.74,238.56,18437,70
1192147200,238.55,239.46,237.37,239.42,16280,70
1192406400,238.99,240.65,238.91,239.8,15237,70
1192492800,239.82,239.98,236.6,237.51,20870,70
1192579200,237.5,238.78,235.86,237.94,22149,70
1192665600,237.93,238.07,235.94,236.12,20084,70
1192752000,236.1,236.98,234.78,234.92,22092,70
1193011200,233.93,234.47,230.28,232.51,28518,70
1193097600,232.53,235.81,232.34,235.25,22038,70
1193184000,235.23,235.68,232.79,234.02,23676,70
1193270400,233.96,235.11,233.01,234.23,19656,70
1193356800,234.24,235.34,233.6,234.37,16857,70
1193616000,234.45,236.76,234.3,236.36,14228,70
1193702400,236.35,237.67,235.22,237.16,16468,70
1193788800,237.18,240.17,236.98,239.86,20068,70
1193875200,239.91,241.35,237.75,237.91,23008,70
1193961600,237.93,240.25,237.6,239.92,24324,70
1194220800,239.33,239.67,237.08,238.14,20054,70
1194307200,238.13,239.59,237.77,239.35,17085,70
1194393600,239.38,239.64,235.09,235.91,29696,70
1194480000,235.93,238.83,235.86,237.27,28429,70
1194566400,237.3,238.06,231.06,231.33,31862,70
1194825600,230.07,231.01,224.17,225.01,33813,70
1194912000,225.0,230.26,224.85,230.11,27234,70
1194998400,230.08,232.39,227.93,227.94,29376,70
1195084800,227.96,229.67,225.11,225.63,27122,70
1195171200,225.62,228.35,223.91,228.22,26414,70
1195430400,227.6,228.31,224.54,224.93,22048,70
1195516800,224.92,228.29,224.27,227.17,27683,70
1195603200,227.15,227.23,222.39,223.89,25005,70
1195689600,223.92,225.63,223.23,223.84,17622,70
1195776000,223.87,224.76,221.25,223.39,23021,70
1196035200,223.62,224.81,221.87,222.53,21881,70
1196121600,222.5,225.77,221.89,224.93,28486,70
1196208000,224.95,229.28,223.67,228.56,27553,70
1196294400,228.55,229.15,225.7,226.42,25659,70
1196380800,226.4,229.3,226.11,228.81,26111,70
1196640000,228.11,228.44,226.51,227.92,20128,70
1196726400,228.0,228.08,225.55,226.21,20900,70
1196812800,226.23,227.38,223.67,224.92,23270,70
1196899200,224.98,226.07,223.95,225.53,22737,70
1196985600,225.54,227.05,224.83,226.72,17691,70
1197244800,226.8,228.82,226.29,228.52,16046,70
1197331200,228.5,229.8,224.76,225.38,21863,70
1197417600,225.36,230.31,225.14,229.56,23904,70
1197504000,229.55,229.56,227.44,229.1,24459,70
1197590400,229.09,230.02,228.24,228.5,27965,70
1197849600,228.45,229.11,227.37,228.09,26490,70
1197936000,228.12,229.05,227.71,228.22,22506,70
1198022400,228.2,228.56,225.94,226.07,24622,70
1198108800,226.12,226.4,223.56,224.54,18374,70
1198195200,224.53,226.54,224.27,226.19,18799,70
1198454400,226.08,226.43,225.57,226.21,9111,70
1198627200,226.25,226.9,225.97,226.5,3527,70
1198713600,226.51,228.36,226.48,227.07,8611,70
1198800000,227.04,227.62,224.05,224.11,9381,70
1199059200,224.87,224.91,221.66,221.66,3958,70
1199232000,221.27,221.83,216.39,217.38,19779,70
1199318400,217.37,217.61,213.57,215.96,28895,70
1199404800,215.97,216.79,213.45,214.33,29460,70
1199664000,214.44,216.16,214.03,215.04,26948,70
1199750400,215.03,217.3,214.43,214.83,29918,70
1199836800,214.84,216.44,213.79,215.3,30767,70
1199923200,215.29,216.02,213.54,214.65,33364,70
1200009600,214.67,215.1,211.96,212.94,32522,70
1200268800,213.08,213.42,210.71,211.4,24141,70
1200355200,211.41,212.09,209.04,209.27,32847,70
1200441600,209.28,211.98,206.98,210.78,39171,70
1200528000,210.79,212.36,209.39,210.15,38015,70
1200614400,210.14,211.51,208.21,208.9,34239,70
1200873600,209.04,209.32,205.09,205.09,27771,70
1200960000,205.12,209.98,204.74,209.45,37596,70
1201046400,209.47,210.47,204.58,208.54,39911,70
1201132800,208.53,211.91,207.07,211.56,39192,70
1201219200,211.55,214.0,211.11,211.61,37583,70
1201478400,211.84,212.7,209.39,212.53,26663,70
1201564800,212.51,213.4,210.86,212.86,29118,70
1201651200,212.87,213.69,210.82,211.21,30935,70
1201737600,211.22,212.57,209.92,211.51,36555,70
1201824000,211.51,212.29,208.8,209.22,31115,70
1202083200,209.48,211.72,209.24,210.51,23584,70
1202169600,210.54,212.08,209.44,209.71,27497,70
1202256000,209.68,209.71,207.7,208.67,29065,70
1202342400,208.72,209.37,205.86,208.58,31753,70
1202428800,208.59,209.86,208.04,208.76,27084,70
1202688000,209.23,209.29,206.79,208.44,23786,70
1202774400,208.42,210.95,207.82,210.16,23488,70
1202860800,210.17,212.79,209.35,212.28,28029,70
1202947200,212.26,213.85,211.89,212.28,26559,70
1203033600,212.29,213.29,210.3,211.41,25356,70
1203292800,210.95,211.79,210.54,211.03,16867,70
1203379200,211.05,211.06,208.74,210.11,28628,70
1203465600,210.12,210.89,209.04,209.83,29154,70
1203552000,209.84,211.95,209.67,210.61,27973,70
1203638400,210.63,211.49,210.01,210.75,24971,70
1203897600,211.26,212.87,210.47,212.57,10640,70
1203984000,212.54,213.44,211.84,213.28,24823,70
1204070400,213.27,213.48,210.63,210.87,31404,70
1204156800,210.89,211.26,209.15,209.43,29260,70
1204243200,209.4,209.49,205.94,206.3,33856,70
1204502400,204.89,205.77,203.48,205.11,20449,70
1204588800,205.12,205.67,203.66,205.33,29782,70
1204675200,205.34,207.72,204.39,207.0,28791,70
1204761600,207.01,207.59,205.84,206.22,31080,70
1204848000,206.21,207.95,204.89,206.7,24381,70
1205107200,206.25,206.82,203.93,204.53,23175,70
1205193600,204.56,207.7,203.59,207.46,28622,70
1205280000,207.47,207.97,204.98,205.73,28672,70
1205366400,205.71,206.07,202.96,204.56,39181,70
1205452800,204.55,205.1,199.9,199.96,31268,70
1205712000,199.1,199.72,192.6,194.31,49012,70
1205798400,194.3,201.84,193.43,200.93,33976,70
1205884800,200.91,201.28,195.46,196.01,37347,70
1205971200,196.03,198.29,195.05,196.7,18748,70
1206057600,196.72,197.97,196.59,197.31,7726,70
1206316800,197.07,200.41,196.89,199.94,21388,70
1206403200,199.93,200.89,198.97,200.3,39686,70
1206489600,200.35,201.02,197.56,198.64,41420,70
1206576000,198.66,201.74,197.73,199.72,49381,70
1206662400,199.74,200.46,197.53,197.89,41854,70
1206921600,197.32,200.13,196.84,198.13,34811,70
1207008000,198.06,201.67,197.01,201.13,40407,70
1207094400,201.16,204.03,200.87,203.46,40897,70
1207180800,203.45,204.56,202.62,204.08,40487,70
1207267200,204.07,205.09,202.15,202.24,39104,70
1207526400,202.79,204.42,202.37,203.54,34835,70
1207612800,203.55,204.1,201.14,201.82,41257,70
1207699200,201.84,202.58,200.55,200.92,36445,70
1207785600,200.93,201.26,198.07,200.64,48374,70
1207872000,200.68,201.87,198.43,198.9,40714,70
1208131200,199.04,200.77,198.07,199.84,44650,70
1208217600,199.86,200.28,198.47,199.88,40804,70
1208304000,199.87,200.93,199.13,200.76,39741,70
1208390400,200.73,204.42,200.52,203.95,44860,70
1208476800,203.9,208.99,203.55,207.1,44410,70
1208736000,207.42,208.1,203.91,204.28,41182,70
1208822400,204.3,206.09,203.35,205.31,46736,70
1208908800,205.32,206.06,204.1,204.67,41407,70
1208995200,204.7,206.12,204.14,205.66,43562,70
1209081600,205.69,207.62,205.4,207.33,42756,70
1209340800,207.14,208.6,206.73,207.42,34513,70
1209427200,207.41,207.64,203.44,205.0,38589,70
1209513600,204.98,207.86,203.65,206.55,43037,70
1209600000,206.55,207.13,204.81,206.27,35312,70
1209686400,206.25,209.01,206.25,207.77,38919,70
1209945600,207.78,208.29,206.45,206.99,25297,70
1210032000,207.01,207.17,205.51,206.65,36246,70
1210118400,206.67,206.9,204.23,204.53,40387,70
1210204800,204.49,204.76,202.37,202.81,47478,70
1210291200,202.86,203.27,199.78,200.98,41039,70
1210550400,200.91,203.74,200.16,203.2,39593,70
1210636800,203.15,204.16,201.52,203.61,43605,70
1210723200,203.59,204.98,203.36,204.35,38843,70
1210809600,204.37,204.83,203.1,203.91,38865,70
1210896000,203.92,204.4,202.61,203.63,38160,70
1211155200,203.47,204.08,202.91,203.28,29803,70
1211241600,203.29,204.78,202.7,203.85,40647,70
1211328000,203.86,203.98,202.59,203.08,40613,70
1211414400,203.1,206.55,202.71,206.11,33787,70
1211500800,206.09,206.23,204.13,204.63,31656,70
1211760000,204.68,205.14,204.24,204.85,12881,70
1211846400,204.88,206.16,204.65,205.9,32502,70
1211932800,205.89,207.71,205.18,207.25,36823,70
1212019200,207.17,208.93,206.77,208.55,38602,70
1212105600,208.56,209.31,207.68,209.14,34028,70
1212364800,208.13,208.34,204.64,205.25,39153,70
1212451200,205.28,207.12,203.96,206.24,41058,70
1212537600,206.26,206.62,204.51,205.69,38939,70
1212624000,205.68,207.54,205.52,207.43,38966,70
1212710400,207.41,208.08,206.65,206.76,38733,70
1212969600,205.87,210.11,205.82,209.79,45786,70
1213056000,209.8,210.77,208.58,209.7,43727,70
1213142400,209.71,210.62,209.41,209.73,39509,70
1213228800,209.79,210.29,209.53,209.88,40353,70
1213315200,209.91,210.89,209.68,210.7,37560,70
1213574400,210.35,212.82,210.32,212.45,32641,70
1213660800,212.47,212.66,210.63,211.2,38525,70
1213747200,211.19,211.5,210.41,211.21,31410,70
1213833600,211.19,213.3,210.79,212.85,35167,70
1213920000,212.87,213.12,211.7,212.08,33142,70
1214179200,211.74,212.21,211.07,211.91,30565,70
1214265600,211.89,212.85,211.63,212.48,30693,70
1214352000,212.47,213.32,212.13,212.94,30060,70
1214438400,212.93,213.91,211.9,212.5,34510,70
1214524800,212.49,212.97,210.57,211.72,36247,70
1214784000,211.79,212.31,209.39,211.46,36569,70
1214870400,211.46,211.92,210.03,211.54,37760,70
1214956800,211.55,212.05,210.8,210.98,37186,70
1215043200,210.97,211.92,210.6,211.77,32436,70
1215129600,211.75,212.06,211.24,211.68,19354,70
1215388800,211.71,212.42,210.96,211.65,35058,70
1215475200,211.66,211.82,210.22,211.54,36118,70
1215561600,211.53,212.31,211.02,211.84,33171,70
1215648000,211.83,212.15,211.12,211.69,34272,70
1215734400,211.7,212.12,210.23,211.34,36315,70
1215993600,211.3,212.26,211.05,211.79,37479,70
1216080000,211.76,212.0,208.91,209.87,46409,70
1216166400,209.85,210.26,207.98,210.0,39659,70
1216252800,209.99,213.61,209.62,212.18,41856,70
1216339200,212.17,213.82,211.55,213.72,34219,70
1216598400,213.37,213.83,212.13,213.15,28662,70
1216684800,213.14,213.85,212.82,213.65,34168,70
1216771200,213.62,215.87,213.44,215.56,35772,70
1216857600,215.57,215.72,212.77,213.3,35170,70
1216944000,213.29,214.92,211.58,214.74,37688,70
1217203200,214.7,214.88,213.68,214.34,29528,70
1217289600,214.36,214.79,213.71,214.12,29931,70
1217376000,214.08,214.38,213.24,214.1,29771,70
1217462400,214.11,214.57,213.35,213.85,30688,70
1217548800,213.94,213.96,212.0,212.69,29088,70
1217808000,212.65,212.88,212.06,212.2,28319,70
1217894400,212.21,212.36,210.58,211.48,33634,70
1217980800,211.49,213.93,211.44,213.38,32608,70
1218067200,213.39,213.73,212.4,212.47,33002,70
1218153600,212.45,212.72,210.82,211.65,39948,70
1218412800,211.08,211.53,209.69,210.34,39670,70
1218499200,210.33,210.61,207.01,207.22,39853,70
1218585600,207.21,207.33,202.5,204.64,47843,70
1218672000,204.66,205.86,203.45,205.09,36728,70
1218758400,205.08,206.5,204.38,206.22,33636,70
1219017600,205.92,206.23,205.03,205.11,28797,70
1219104000,205.1,205.37,203.87,204.68,30198,70
1219190400,204.7,205.12,204.12,204.46,22749,70
1219276800,204.45,204.64,201.79,203.65,28505,70
1219363200,203.63,204.58,202.77,203.91,14681,70
1219622400,203.7,203.76,202.34,202.48,24046,70
1219708800,202.5,202.86,200.84,201.56,32797,70
1219795200,201.54,202.27,200.48,200.89,34168,70
1219881600,200.93,201.12,199.79,200.15,36646,70
1219968000,200.17,200.33,197.61,198.12,31394,70
1220227200,196.19,196.88,194.13,194.6,33468,70
1220313600,194.61,194.87,192.66,193.65,41650,70
1220400000,193.63,194.07,191.91,192.1,38244,70
1220486400,192.11,193.58,186.63,187.39,43140,70
1220572800,187.41,190.3,186.18,190.3,55532,70
1220832000,194.77,195.65,188.48,190.1,55343,70
1220918400,190.11,190.96,187.68,187.86,49982,70
1221004800,187.87,190.07,187.18,188.51,48136,70
1221091200,188.55,188.96,185.87,188.39,51069,70
1221177600,188.45,193.7,187.57,193.63,43436,70
1221436800,190.61,192.1,187.28,187.72,67487,70
1221523200,187.73,190.05,184.47,187.92,71451,70
1221609600,187.91,192.04,186.86,189.1,67330,70
1221696000,189.36,192.11,189.08,191.67,67354,70
1221782400,191.61,197.07,191.42,196.74,58968,70
1222041600,195.84,197.16,194.28,195.89,56445,70
1222128000,195.88,196.59,194.9,196.07,34122,70
1222214400,196.13,197.42,195.29,196.07,40673,70
1222300800,196.05,197.16,195.22,195.69,47042,70
1222387200,195.76,195.86,193.13,195.51,48857,70
1222646400,194.18,195.44,187.57,187.59,54889,70
1222732800,187.6,191.0,186.43,189.01,55276,70
1222819200,189.01,189.93,185.94,187.35,53943,70
1222905600,187.38,188.11,184.69,185.66,53738,70
1222992000,185.67,188.47,184.65,186.57,53975,70
1223251200,184.81,185.75,174.04,177.01,82925,70
1223337600,176.98,182.05,175.96,177.87,82263,70
1223424000,177.9,178.95,170.91,171.19,97374,70
1223510400,171.18,176.39,169.72,170.31,81708,70
1223596800,170.29,172.12,165.97,171.52,76499,70
1223856000,172.91,177.66,168.65,177.51,54495,70
1223942400,177.54,181.37,176.9,177.84,61980,70
1224028800,177.85,178.71,170.79,171.23,70236,70
1224115200,171.2,176.25,170.39,176.06,89170,70
1224201600,176.04,176.53,173.93,175.68,50442,70
1224460800,175.86,179.2,173.58,175.12,54269,70
1224547200,175.05,175.56,166.76,167.49,54473,70
1224633600,167.53,167.94,157.72,158.81,65005,70
1224720000,158.82,160.65,154.53,159.79,69509,70
1224806400,159.8,159.82,139.02,150.14,92566,70
1225065600,146.6,149.85,140.65,144.8,63654,70
1225152000,144.82,159.54,142.87,157.39,60749,70
1225238400,157.4,161.16,153.36,159.32,62535,70
1225324800,159.29,165.04,158.21,161.47,54951,70
1225411200,161.51,162.26,155.48,158.26,58041,70
1225670400,158.26,163.33,155.61,156.14,47100,70
1225756800,156.12,161.72,153.68,159.29,57569,70
1225843200,159.26,160.82,155.22,155.65,66170,70
1225929600,155.66,157.68,151.68,151.69,67457,70
1226016000,151.71,156.19,150.3,153.61,41491,70
1226275200,156.01,157.53,152.1,153.1,47209,70
1226361600,153.11,154.26,149.76,150.08,44348,70
1226448000,150.1,151.76,140.28,140.55,56250,70
1226534400,140.62,145.68,138.9,144.87,58995,70
1226620800,144.89,146.29,140.89,143.04,48716,70
1226880000,141.15,146.47,140.72,143.93,49971,70
1226966400,143.94,146.51,143.58,145.11,47025,70
1227052800,145.16,147.9,142.85,143.22,39792,70
1227139200,143.23,143.9,137.65,138.76,47112,70
1227225600,138.72,143.22,137.93,143.19,48537,70
1227484800,143.54,147.96,141.04,147.41,50805,70
1227571200,147.42,148.6,143.74,147.26,53245,70
1227657600,147.32,147.59,144.55,146.35,47123,70
1227744000,146.29,147.89,145.69,146.72,27905,70
1227830400,146.76,147.55,145.58,146.86,35575,70
1228089600,146.9,147.1,138.03,138.42,28133,70
1228176000,138.41,140.86,137.09,138.94,29786,70
1228262400,138.95,139.74,136.29,137.86,29906,70
1228348800,137.88,138.03,134.11,135.48,29170,70
1228435200,135.45,137.49,133.28,136.49,26992,70
1228694400,136.46,140.71,136.09,138.36,26275,70
1228780800,138.35,138.46,135.45,136.16,25107,70
1228867200,136.11,138.32,135.93,137.26,22573,70
1228953600,137.28,138.62,135.8,137.55,24745,70
1229040000,137.54,138.15,133.16,136.21,31159,70
1229299200,136.02,139.17,135.25,138.69,39535,70
1229385600,138.64,139.04,136.8,138.58,28626,70
1229472000,138.59,139.04,134.87,135.46,34363,70
1229558400,135.47,138.08,133.61,134.61,52371,70
1229644800,134.65,135.8,132.27,133.23,41134,70
1229904000,133.37,134.66,132.03,133.7,30937,70
1229990400,133.69,134.35,132.84,133.83,24480,70
1230076800,133.81,134.06,132.56,133.26,19954,70
1230249600,133.66,133.7,132.34,132.64,8635,70
1230508800,132.77,133.46,130.17,130.67,23891,70
1230595200,130.68,131.82,129.84,130.14,20009,70
1230681600,130.16,133.23,130.05,132.08,16450,70
1230854400,133.21,133.97,131.36,133.52,17983,70
1231113600,133.91,137.52,132.83,136.82,27013,70
1231200000,136.8,140.83,135.41,139.26,30363,70
1231286400,139.25,141.52,137.92,139.88,30128,70
1231372800,139.89,140.05,137.27,138.86,30973,70
1231459200,138.85,139.86,136.49,137.0,40166,70
1231718400,135.66,136.27,131.71,132.31,36761,70
1231804800,132.26,132.55,128.8,129.64,41395,70
1231891200,129.63,132.02,129.02,129.72,38417,70
1231977600,129.66,131.99,129.06,131.67,39374,70
1232064000,131.62,135.69,131.61,133.58,40974,70
1232323200,135.24,135.83,130.04,130.26,29696,70
1232409600,130.25,130.97,123.97,124.42,49829,70
1232496000,124.39,126.14,119.38,125.29,49024,70
1232582400,125.24,125.27,121.09,123.34,46290,70
1232668800,123.37,123.78,118.82,122.37,42462,70
1232928000,121.95,125.06,120.22,124.76,80017,70
1233014400,124.76,127.63,124.21,126.14,91191,70
1233100800,126.13,129.64,125.6,128.77,84207,70
1233187200,128.76,129.37,126.49,128.6,86219,70
1233273600,128.58,130.84,126.68,130.69,150799,70
1233532800,129.42,129.85,125.29,127.15,96904,70
1233619200,127.15,129.45,126.68,128.92,92470,70
1233705600,128.92,130.65,127.29,128.94,98328,70
1233792000,128.95,135.59,128.46,133.22,97910,70
1233878400,133.22,136.76,132.46,135.81,91703,70
1234137600,136.37,137.31,133.61,136.14,64360,70
1234224000,136.15,136.33,130.29,131.27,69947,70
1234310400,131.28,131.76,128.85,129.84,53128,70
1234396800,129.83,130.01,127.07,129.73,56582,70
1234483200,129.74,133.87,129.19,131.82,50503,70
1234742400,130.39,131.42,129.59,130.95,28115,70
1234828800,130.93,132.18,129.63,131.47,42257,70
1234915200,131.48,133.68,130.34,133.29,43832,70
1235001600,133.27,136.33,132.87,134.43,35186,70
1235088000,134.4,135.33,132.7,134.67,43097,70
1235347200,134.62,139.1,133.8,136.76,31966,70
1235433600,136.85,140.62,136.2,140.49,49681,70
1235520000,140.51,141.73,137.64,138.43,26148,70
1235606400,138.42,141.66,138.32,140.9,24870,70
1235692800,140.93,140.95,136.68,139.59,31738,70
1235952000,139.29,139.49,135.51,136.17,31004,70
1236038400,136.18,138.6,136.03,137.76,31616,70
1236124800,137.78,140.81,137.35,140.63,35262,70
1236211200,140.62,141.46,137.98,138.41,40763,70
1236297600,138.43,140.15,137.22,138.42,43461,70
1236556800,138.77,139.29,135.9,136.23,38159,70
1236643200,136.26,137.02,135.12,135.9,38344,70
1236729600,135.89,136.23,133.89,134.88,39955,70
1236816000,134.93,136.52,131.42,135.92,51051,70
1236902400,135.91,138.34,135.27,137.2,39153,70
1237161600,136.42,139.98,136.41,138.2,41334,70
1237248000,138.21,139.34,137.91,138.7,35737,70
1237334400,138.71,138.99,135.21,137.33,35820,70
1237420800,137.34,137.94,135.21,137.01,38989,70
1237507200,136.99,138.935,136.56,138.715,35524,70
1237766400,138.62,141.83,138.52,141.084,58403,70
1237852800,141.078,145.07,141.063,144.368,66924,70
1237939200,144.371,144.571,140.941,141.833,64282,70
1238025600,141.827,143.552,141.81,142.856,59372,70
1238112000,142.846,142.878,139.005,140.093,54321,70
1238371200,139.648,140.416,135.715,138.953,60645,70
1238457600,138.968,142.484,138.507,141.612,69747,70
1238544000,141.6,142.806,140.565,142.522,66769,70
1238630400,142.527,146.897,142.26,146.733,64126,70
1238716800,146.726,148.905,145.523,148.807,59103,70
1238976000,148.906,151.495,147.674,149.0,54788,70
1239062400,148.993,149.007,145.787,148.125,65604,70
1239148800,148.13,148.488,145.71,146.6,55043,70
1239235200,146.613,147.985,146.273,147.32,61845,70
1239321600,147.326,147.52,146.605,147.03,22849,70
1239580800,146.946,148.791,146.4,148.55,39374,70
1239667200,148.552,149.23,146.957,147.153,64346,70
1239753600,147.139,149.227,145.821,148.87,55142,70
1239840000,148.873,149.81,146.551,148.226,59593,70
1239926400,148.222,148.763,146.149,146.666,61399,70
1240185600,146.588,147.039,141.965,142.421,58961,70
1240272000,142.427,145.145,141.485,144.744,68598,70
1240358400,144.732,144.923,140.593,141.85,76996,70
1240444800,141.867,144.488,141.04,144.198,79318,70
1240531200,144.158,144.25,141.133,142.281,76800,70
1240790400,141.953,142.018,140.121,141.409,78875,70
1240876800,141.405,141.939,138.999,140.995,78330,70
1240963200,141.011,144.515,140.907,144.029,63972,70
1241049600,144.042,146.943,143.657,145.644,34620,70
1241136000,145.586,148.337,145.581,147.987,58880,70
1241395200,148.099,149.091,147.322,148.719,59101,70
1241481600,148.711,149.839,147.785,148.962,70217,70
1241568000,148.955,149.284,146.941,148.807,122575,70
1241654400,148.803,150.864,148.041,149.185,136733,70
1241740800,149.186,150.139,148.154,149.947,120045,70
1242000000,150.273,150.396,146.725,147.164,103860,70
1242086400,147.203,149.459,146.292,147.077,138127,70
1242172800,147.07,148.065,144.169,144.355,129466,70
1242259200,144.359,146.272,143.343,145.994,107662,70
1242345600,145.999,146.4,143.521,144.461,82329,70
1242604800,144.179,147.863,143.009,147.598,84067,70
1242691200,147.601,149.616,147.059,148.489,93282,70
1242777600,148.486,149.793,147.538,149.239,97801,70
1242864000,149.236,150.06,146.816,149.529,111603,70
1242950400,149.526,151.041,148.141,150.925,104776,70
1243209600,150.85,151.483,149.773,150.939,52912,70
1243296000,150.937,151.522,149.548,151.196,108626,70
1243382400,151.193,153.051,151.178,152.106,122381,70
1243468800,152.089,154.864,152.021,154.459,126174,70
1243555200,154.455,155.711,153.245,154.233,113756,70
1243814400,154.188,159.161,153.477,158.756,120463,70
1243900800,158.752,159.199,156.861,158.563,121293,70
1243987200,158.565,160.443,155.68,156.277,130153,70
1244073600,156.291,158.569,155.171,155.994,134691,70
1244160000,156.0,158.521,154.859,157.612,119922,70
1244419200,157.249,158.446,155.523,157.923,112254,70
1244505600,157.936,159.164,156.615,158.886,120478,70
1244592000,158.885,161.272,158.451,160.571,124028,70
1244678400,160.574,162.051,159.924,161.945,117571,70
1244764800,161.933,162.565,160.458,161.784,112243,70
1245024000,161.606,161.738,158.834,159.456,112030,70
1245110400,159.457,160.362,156.445,157.994,131362,70
1245196800,158.0,159.352,155.6,156.756,128363,70
1245283200,156.755,158.416,154.944,157.761,97967,70
1245369600,157.769,159.585,157.364,158.738,73199,70
1245628800,158.777,158.845,156.377,156.751,105078,70
1245715200,156.749,156.824,154.037,156.617,123559,70
1245801600,156.592,158.237,156.112,157.081,113829,70
1245888000,157.08,158.512,155.925,157.185,94545,70
1245974400,157.186,158.219,156.652,157.262,97509,70
1246233600,157.18,159.269,156.703,159.047,90119,70
1246320000,159.045,160.244,158.176,158.533,108385,70
1246406400,158.541,159.949,158.173,159.107,89364,70
1246492800,159.109,159.301,156.586,156.706,99662,70
1246579200,156.698,157.83,156.398,156.807,58563,70
1246838400,156.375,156.453,153.004,155.051,99524,70
1246924800,155.046,155.33,152.683,152.797,91297,70
1247011200,152.792,152.888,146.743,148.772,114860,70
1247097600,148.777,152.325,148.078,151.865,110880,70
1247184000,151.873,152.12,148.363,149.984,102733,70
1247443200,149.554,151.044,147.124,151.044,107910,70
1247529600,151.041,152.984,150.678,152.785,81176,70
1247616000,152.79,155.143,152.364,154.724,90863,70
1247702400,154.725,155.016,153.025,154.106,105553,70
1247788800,154.107,154.59,152.374,153.85,94041,70
1248048000,154.039,156.426,153.763,155.834,98393,70
1248134400,155.84,155.851,153.093,154.001,102423,70
1248220800,154.009,154.597,152.293,154.003,103543,70
1248307200,153.996,157.593,153.804,156.619,105958,70
1248393600,156.609,157.139,155.35,155.67,90417,70
1248652800,155.81,157.456,155.129,156.948,87341,70
1248739200,156.949,157.432,154.121,155.204,97899,70
1248825600,155.201,156.317,153.847,155.551,109179,70
1248912000,155.547,158.059,155.212,157.571,98032,70
1248998400,157.569,158.557,156.905,158.181,95560,70
1249257600,158.389,161.761,158.064,161.305,94744,70
1249344000,161.304,162.142,160.017,161.215,101177,70
1249430400,161.214,162.421,160.416,161.246,101094,70
1249516800,161.252,162.366,159.937,160.03,98494,70
1249603200,160.033,163.052,158.95,162.734,85824,70
1249862400,162.86,162.893,159.363,159.989,89195,70
1249948800,159.963,160.178,157.806,158.066,99756,70
1250035200,158.06,159.709,155.954,158.486,116068,70
1250121600,158.485,160.342,157.352,157.978,106468,70
1250208000,157.977,158.367,155.993,157.003,100350,70
1250467200,156.393,156.525,153.435,154.289,104223,70
1250553600,154.28,157.066,154.011,156.811,103323,70
1250640000,156.813,157.479,153.618,155.535,110243,70
1250726400,155.534,156.686,154.538,155.424,87361,70
1250812800,155.426,156.558,153.548,155.741,81714,70
1251072000,155.73,156.784,154.81,155.083,74508,70
1251158400,155.08,155.495,153.386,153.929,81639,70
1251244800,153.924,154.085,152.204,152.921,79901,70
1251331200,152.914,153.06,151.046,152.02,85675,70
1251417600,152.019,153.597,152.018,152.231,72993,70
1251676800,152.032,152.155,150.029,151.381,73751,70
1251763200,151.38,152.72,149.81,150.08,82441,70
1251849600,150.08,150.52,149.01,149.99,83091,70
1251936000,150.0,151.71,149.38,151.2,75103,70
1252022400,151.2,152.69,150.81,152.41,66998,70
1252281600,152.36,153.21,151.57,151.99,50785,70
1252368000,152.0,152.9,151.31,152.26,73613,70
1252454400,152.26,152.99,151.65,152.15,48409,70
1252540800,152.14,153.1,151.91,152.81,18866,70
1252627200,152.8,152.87,150.48,151.07,19909,70
1252886400,150.84,150.88,149.88,150.64,19018,70
1252972800,150.65,151.74,149.45,150.04,19056,70
1253059200,150.03,150.57,148.61,149.8,20863,70
1253145600,149.79,151.17,149.58,149.76,20766,70
1253232000,149.77,150.03,148.24,148.52,19386,70
1253491200,148.32,149.59,148.06,149.08,16508,70
1253577600,149.07,149.4,148.46,149.08,17736,70
1253664000,149.07,150.35,148.24,149.37,21257,70
1253750400,149.36,149.55,146.29,146.56,22619,70
1253836800,146.55,146.58,142.73,142.96,23719,70
1254096000,143.12,143.14,139.74,142.42,24573,70
1254182400,142.43,143.94,142.02,143.84,22337,70
1254268800,143.83,144.52,142.82,143.6,22567,70
1254355200,143.58,144.2,142.69,142.78,20936,70
1254441600,142.78,143.18,140.81,143.17,20385,70
1254700800,142.5,143.94,142.48,142.68,15513,70
1254787200,142.64,143.21,140.95,141.22,46313,70
1254873600,141.23,142.0,139.69,141.37,20987,70
1254960000,141.35,142.53,140.97,141.99,19530,70
1255046400,141.98,143.1,141.65,142.24,20303,70
1255305600,142.22,143.2,141.54,141.86,14675,70
1255392000,141.85,143.19,141.17,142.76,18542,70
1255478400,142.75,143.83,141.72,142.93,19300,70
1255564800,142.94,147.56,142.84,147.26,19507,70
1255651200,147.25,149.3,147.17,148.64,19783,70
1255910400,148.36,149.12,147.06,148.9,17314,70
1255996800,148.89,149.37,147.49,148.49,18353,70
1256083200,148.48,151.53,148.43,150.97,18242,70
1256169600,150.95,151.95,150.55,151.71,17330,70
1256256000,151.69,153.22,149.96,150.09,18784,70
1256515200,150.28,151.16,149.14,150.54,16014,70
1256601600,150.55,151.14,149.89,150.24,17937,70
1256688000,150.23,150.38,148.29,148.71,19325,70
1256774400,148.7,151.62,147.65,151.54,18722,70
1256860800,151.541,151.709,147.63,148.183,84665,70
1256947200,148.2,148.2,148.2,148.2,1,70
1257120000,146.961,148.907,146.723,148.245,88530,50
1257206400,148.244,148.544,146.367,148.309,81117,50
1257292800,148.313,151.215,147.787,150.429,82291,50
1257379200,150.431,150.58,148.528,150.421,83314,50
1257465600,150.42,150.742,148.399,149.269,75072,50
1257724800,149.546,151.597,149.199,150.773,78211,52
1257811200,150.777,150.985,149.005,150.263,79906,56
1257897600,150.253,151.136,148.556,148.991,82526,56
1257984000,148.989,150.007,148.239,149.851,82823,50
1258070400,149.853,150.426,148.961,149.443,70684,50
1258329600,149.649,150.34,149.107,149.908,78823,50
1258416000,149.907,150.206,149.35,150.087,85898,50
1258502400,150.085,150.304,149.388,149.501,75608,50
1258588800,149.495,149.654,147.301,148.042,83637,50
1258675200,148.04,148.375,146.435,146.622,77046,50
1258934400,146.334,148.208,146.3,147.88,70051,50
1259020800,147.878,147.895,146.151,146.734,75885,50
1259107200,146.738,147.643,145.617,145.818,71877,55
1259193600,145.812,146.188,142.454,142.527,72752,50
1259280000,142.524,143.475,139.264,142.739,85345,50
1259539200,143.035,143.883,141.023,141.954,86132,56
1259625600,141.958,144.41,141.609,144.025,79606,50
1259712000,144.027,145.833,143.771,145.767,73315,50
1259798400,145.77,146.845,145.633,146.105,74745,50
1259884800,146.108,149.157,145.402,149.14,76173,51
1260144000,148.545,148.766,146.622,147.015,89362,50
1260230400,147.036,147.083,143.577,143.697,97494,50
1260316800,143.699,144.314,141.996,143.291,91309,52
1260403200,143.285,144.381,142.471,143.756,79062,70
1260489600,143.755,145.635,143.547,144.861,74112,56
1260748800,144.755,145.055,143.165,144.558,71909,50
1260835200,144.562,146.032,144.348,145.878,66382,50
1260921600,145.877,146.897,145.237,146.593,66496,50
1261008000,146.602,146.836,144.664,145.229,72454,50
1261094400,145.23,146.54,143.779,146.173,73248,57
1261353600,145.91,146.449,145.457,146.258,63118,57
1261440000,146.255,147.022,146.005,146.532,66670,50
1261526400,146.53,146.699,145.752,146.15,53737,50
1261612800,146.152,146.415,145.692,146.116,38318,58
1261958400,145.962,146.636,145.762,146.609,47503,100
1262044800,146.598,147.106,145.964,146.271,58592,59
1262131200,146.27,148.917,146.031,148.528,60544,63
1262217600,148.533,150.66,148.222,150.362,49073,60
1262563200,149.8,150.689,148.605,148.665,79209,63
1262649600,148.662,149.113,146.117,146.63,77330,50
1262736000,146.629,148.432,145.968,147.801,74897,50
1262822400,147.797,149.306,147.039,149.03,74132,50
1262908800,149.016,149.45,148.131,148.425,58929,52
1263168000,148.647,149.574,148.046,148.324,69115,50
1263254400,148.324,148.622,146.647,147.318,74933,50
1263340800,147.319,149.028,146.68,148.646,74100,28
1263427200,148.879,149.984,148.358,149.036,68405,50
1263513600,149.036,149.185,147.149,147.58,76110,50
1263772800,147.886,148.885,147.494,148.185,64468,54
1263859200,148.185,149.439,147.985,149.087,81552,50
1263945600,149.082,149.23,147.556,148.69,84555,28
1264032000,148.69,149.074,146.077,146.407,90408,50
1264118400,146.401,147.205,144.585,144.696,89722,50
1264377600,144.842,146.696,144.704,146.589,75338,28
1264464000,146.589,147.259,144.069,144.717,86601,54
1264550400,144.714,145.661,143.62,145.546,87347,50
1264636800,145.545,147.206,144.616,144.912,84942,50
1264723200,144.915,146.22,144.169,144.229,82270,50
1264982400,143.832,144.846,143.044,144.769,78436,54
1265068800,144.771,145.159,143.837,144.365,72003,55
1265155200,144.371,145.265,144.183,144.616,67725,50
1265241600,144.62,144.75,139.364,140.489,72232,50
1265328000,140.492,141.397,138.233,139.553,85586,50
1265587200,139.041,139.909,138.617,139.145,74342,50
1265673600,139.139,141.341,138.894,141.063,78950,50
1265760000,141.006,141.391,139.441,140.292,76663,50
1265846400,140.288,140.977,139.606,140.784,69878,50
1265932800,140.788,141.869,139.773,141.196,72790,50
1266192000,140.992,141.364,140.688,141.025,46546,50
1266278400,141.028,142.561,140.711,142.329,70742,50
1266364800,142.328,143.596,142.079,142.94,76450,50
1266451200,142.947,143.045,140.966,142.417,80307,50
1266537600,142.417,142.459,140.881,141.549,77359,50
1266796800,141.605,142.153,140.782,141.185,62004,50
1266883200,141.175,141.652,138.723,139.205,74696,50
1266969600,139.207,139.579,138.341,138.933,68358,50
1267056000,138.933,139.196,134.949,135.996,77985,50
1267142400,135.998,136.679,134.64,135.508,74905,50
1267401600,134.752,135.487,132.13,133.686,75010,50
1267488000,133.683,133.74,132.46,132.769,75072,50
1267574400,132.786,133.999,132.748,133.616,75772,50
1267660800,133.622,134.811,132.554,133.883,70368,50
1267747200,133.877,137.034,133.864,136.628,61687,50
1268006400,137.183,137.362,135.658,135.896,63385,26
1268092800,135.889,135.89,133.905,134.831,68330,50
1268179200,134.82,135.88,133.899,135.593,63873,50
1268265600,135.593,136.503,134.89,136.488,62993,50
1268352000,136.485,138.052,136.069,137.648,69515,50
1268611200,137.477,137.923,135.791,136.017,75776,50
1268697600,136.021,137.813,135.162,137.562,82908,50
1268784000,137.561,139.332,137.086,138.428,75043,50
1268870400,138.426,138.543,137.01,137.952,80452,50
1268956800,137.947,138.06,135.612,135.898,68654,50
1269216000,135.647,136.183,134.533,136.083,73008,50
1269302400,136.074,136.495,135.231,135.875,81648,56
1269388800,135.877,137.399,135.482,137.108,83872,50
1269475200,137.104,138.101,136.624,137.293,79746,56
1269561600,137.293,138.012,137.037,137.771,81942,56
1269820800,138.231,139.103,137.655,138.589,75926,52
1269907200,138.586,140.526,137.998,139.803,78591,50
1269993600,139.8,141.992,139.742,141.805,92292,56
1270080000,141.79,143.612,141.727,143.543,81809,50
1270166400,143.54,143.922,142.74,143.845,41812,50
1270425600,144.51,144.711,143.74,144.163,46658,53
1270512000,144.165,144.397,142.065,143.078,80015,56
1270598400,143.088,143.819,141.768,142.054,80625,50
1270684800,142.05,142.774,140.941,142.673,80042,56
1270771200,142.678,144.298,142.558,143.154,76831,56
1271030400,143.825,144.483,143.051,143.152,77589,50
1271116800,143.149,143.758,142.038,143.27,83054,56
1271203200,143.272,144.617,143.2,144.236,84996,50
1271289600,144.23,145.006,143.255,143.977,84854,50
1271376000,143.99,144.08,141.339,141.561,87424,56
1271635200,140.668,141.909,139.368,141.69,86202,56
1271721600,141.69,143.511,141.53,143.327,79972,56
1271808000,143.322,144.145,142.596,143.484,83050,50
1271894400,143.484,144.158,142.425,143.772,93340,50
1271980800,143.774,144.725,143.073,144.442,86425,50
1272240000,144.765,145.947,144.468,145.274,86886,50
1272326400,145.272,145.373,141.584,141.953,97666,56
1272412800,141.972,143.475,141.705,143.114,103878,50
1272499200,143.122,144.338,142.186,144.299,88786,50
1272585600,144.304,145.191,143.218,143.271,88148,50
1272844800,143.838,144.608,142.974,144.082,65827,50
1272931200,144.084,144.88,142.584,143.241,87549,50
1273017600,143.246,144.018,141.189,141.897,95015,22
1273104000,141.863,142.268,130.006,134.222,115085,55
1273190400,134.216,138.155,133.163,135.557,136907,60
1273449600,137.521,140.554,135.708,138.644,113642,50
1273536000,138.654,139.64,135.891,138.296,106763,50
1273622400,138.296,139.812,137.389,138.249,103728,50
1273708800,138.235,139.492,134.945,135.26,89446,57
1273795200,135.261,136.037,133.19,134.346,95025,57
1274054400,134.079,134.288,131.063,134.083,55067,55
1274140800,134.075,134.78,131.267,131.446,107825,50
1274227200,131.446,132.799,129.739,132.674,181614,16
1274313600,132.671,132.671,126.736,128.066,131585,17
1274400000,128.083,130.792,127.89,130.127,95580,58
1274659200,130.438,131.363,129.118,129.989,76512,50
1274745600,130.03,130.577,127.626,130.297,82832,53
1274832000,130.302,130.53,129.041,129.313,83216,57
1274918400,129.316,132.938,129.226,132.456,95371,57
1275004800,132.451,133.214,130.891,131.607,88056,33
1275264000,131.298,132.908,131.286,132.495,63186,58
1275350400,132.477,134.392,130.788,133.192,106510,53
1275436800,133.191,135.392,133.191,135.125,100268,50
1275523200,135.118,136.391,134.538,135.304,87943,50
1275609600,135.304,136.241,132.125,132.799,85707,57
1275868800,132.441,133.826,131.064,132.316,99636,50
1275955200,132.314,133.374,130.427,132.253,98597,50
1276041600,132.245,133.754,131.406,132.717,84427,50
1276128000,132.713,134.4,132.207,134.292,98065,57
1276214400,134.293,135.123,132.664,133.32,116338,57
1276473600,133.532,135.865,133.372,134.976,83825,50
1276560000,134.987,135.656,133.917,135.43,119823,16
1276646400,135.429,135.946,134.344,134.484,80314,31
1276732800,134.486,135.469,133.512,134.633,82912,57
1276819200,134.633,135.168,133.987,134.419,72431,50
1277078400,134.351,135.992,133.935,134.347,93166,53
1277164800,134.336,134.744,133.069,133.953,79196,54
1277251200,133.953,134.93,133.684,134.494,62553,57
1277337600,134.495,134.836,133.432,133.682,86704,52
1277424000,133.666,134.574,133.089,134.364,72930,57
1277683200,134.396,135.222,134.17,134.87,72528,41
1277769600,134.873,135.106,132.806,133.323,78080,57
1277856000,133.313,133.578,131.964,132.052,88602,57
1277942400,132.047,133.119,131.27,133.057,90143,32
1278028800,133.057,133.839,132.665,133.29,76741,33
1278288000,133.267,133.651,132.366,132.802,39632,50
1278374400,132.795,133.649,131.837,132.639,78613,58
1278460800,132.635,133.329,131.235,133.188,79158,31
1278547200,133.162,134.575,133.009,134.073,79490,22
1278633600,134.075,134.622,133.211,133.456,63776,28
1278892800,133.558,133.96,132.546,133.148,67179,27
1278979200,133.152,134.686,132.429,134.599,140413,16
1279065600,134.581,135.79,134.282,134.944,76391,60
1279152000,134.949,135.516,133.979,134.915,81165,50
1279238400,134.926,135.047,132.005,132.412,74320,50
1279497600,132.35,133.415,131.774,132.125,69014,50
1279584000,132.122,133.722,131.49,133.562,78035,50
1279670400,133.559,133.699,131.556,131.89,77112,50
1279756800,131.885,133.272,130.82,132.766,74740,50
1279843200,132.763,134.975,132.413,134.883,78399,60
1280102400,134.89,135.554,134.377,134.617,68233,60
1280188800,134.62,137.186,134.426,136.972,74297,60
1280275200,136.958,137.522,135.858,136.165,76054,50
1280361600,136.167,136.861,134.952,135.622,70108,55
1280448000,135.621,136.018,134.183,135.631,73276,55
1280707200,135.885,137.623,135.485,137.278,64491,50
1280793600,137.275,137.758,136.306,136.827,66201,50
1280880000,136.818,137.196,135.826,137.097,67418,52
1280966400,137.098,137.461,135.762,136.374,65388,58
1281052800,136.368,137.037,135.453,136.267,61218,60
1281312000,136.4,136.971,136.181,136.612,54027,50
1281398400,136.608,136.664,134.924,135.185,73702,50
1281484800,135.186,135.398,132.779,133.312,83413,55
1281571200,133.319,134.665,132.969,133.739,77518,60
1281657600,133.722,134.791,133.338,134.338,67729,50
1281916800,134.36,134.447,133.157,133.56,65517,50
1282003200,133.559,133.913,133.036,133.241,72188,60
1282089600,133.239,133.724,132.431,133.149,69104,51
1282176000,133.147,134.016,132.778,132.944,77228,55
1282262400,132.94,133.295,131.962,132.941,70497,55
1282521600,133.0,133.309,131.811,131.886,64903,55
1282608000,131.887,132.071,128.774,129.604,84473,60
1282694400,129.584,131.007,129.584,130.881,79711,55
1282780800,130.883,132.008,130.786,131.093,77203,60
1282867200,131.093,132.536,130.488,132.292,76509,50
1283126400,132.54,133.578,130.617,130.699,66163,55
1283212800,130.701,130.938,128.632,129.176,79859,55
1283299200,129.176,130.903,128.786,130.459,69513,60
1283385600,130.459,130.569,129.155,129.732,61150,57
1283472000,129.724,131.64,129.631,130.269,53347,55
1283731200,130.23,130.638,129.231,129.48,42276,50
1283817600,129.467,129.578,127.883,128.609,66772,50
1283904000,128.618,130.299,128.038,129.735,76344,50
1283990400,129.735,129.954,128.55,129.332,71244,58
1284076800,129.337,130.035,128.979,129.192,68616,50
1284336000,129.22,130.09,128.743,129.136,72589,50
1284422400,129.14,129.397,127.634,128.933,79315,58
1284508800,128.936,134.051,128.53,133.994,95792,60
1284595200,133.995,134.234,132.962,134.051,78154,50
1284681600,134.047,135.031,133.641,134.139,71631,60
1284940800,134.2,134.42,133.137,133.157,45985,50
1285027200,133.175,133.399,132.314,132.861,73142,54
1285113600,132.865,133.4,131.703,132.288,59160,60
1285200000,132.31,132.763,131.81,132.338,71548,54
1285286400,132.313,133.745,132.266,133.179,37164,60
1285545600,133.37,133.647,132.911,133.199,65469,50
1285632000,133.2,133.739,131.944,132.448,70381,50
1285718400,132.456,132.903,131.82,132.175,65014,50
1285804800,132.176,132.715,130.834,131.15,85034,55
1285891200,131.155,132.064,131.102,131.611,73457,50
1286150400,131.561,132.354,131.148,131.948,67267,50
1286236800,131.957,132.994,131.856,132.2,78917,50
1286323200,132.205,132.406,131.43,131.66,74622,50
1286409600,131.657,131.865,130.453,130.577,80598,50
1286496000,130.574,131.0,130.112,130.94,62112,51
1286755200,130.09,131.01,130.03,130.355,37951,60
1286841600,130.369,130.708,128.947,129.299,81609,60
1286928000,129.304,130.144,128.981,129.969,76354,50
1287014400,129.974,130.472,129.65,130.369,75796,60
1287100800,130.37,130.684,130.0,130.21,62236,55
1287360000,130.139,130.19,128.679,129.125,72313,50
1287446400,129.131,129.372,127.75,128.139,87147,50
1287532800,128.14,128.755,127.337,128.481,80332,50
1287619200,128.485,129.19,127.469,127.691,83864,50
1287705600,127.698,127.885,127.071,127.559,72250,50
1287964800,127.466,127.727,126.429,127.035,80453,55
1288051200,127.044,129.119,126.788,128.995,88968,50
1288137600,128.998,129.573,128.509,128.908,91347,50
1288224000,128.91,129.348,128.067,129.105,80611,50
1288310400,129.112,129.274,127.962,128.91,81033,50
1288569600,128.911,130.324,128.823,129.231,81627,50
1288656000,129.228,129.654,128.95,129.315,81092,50
1288742400,129.313,131.223,129.015,130.501,91862,50
1288828800,130.501,131.491,130.103,131.352,97941,50
1288915200,131.351,131.986,130.479,131.462,86885,50
1289174400,131.554,131.56,130.524,130.925,87310,56
1289260800,130.936,130.995,129.819,130.422,100975,50
1289347200,130.424,133.035,130.338,132.515,101735,50
1289433600,132.502,133.226,132.243,132.958,94176,56
1289520000,132.948,133.54,130.971,132.941,103215,56
1289779200,133.008,133.737,132.889,133.394,96822,50
1289865600,133.392,133.75,132.16,132.37,105715,55
1289952000,132.364,132.954,132.207,132.283,89512,50
1290038400,132.287,134.192,132.214,133.919,91683,50
1290124800,133.915,134.176,133.031,133.466,79438,50
1290384000,133.49,134.174,132.613,132.838,91995,56
1290470400,132.836,133.356,130.83,131.214,98793,50
1290556800,131.215,131.98,130.834,131.818,99820,56
1290643200,131.817,132.011,131.338,131.829,74974,56
1290729600,131.829,132.08,130.933,131.09,83859,56
1290988800,131.093,131.352,130.852,131.048,92735,50
1291075200,131.048,131.134,129.328,130.131,102712,55
1291161600,130.133,131.581,129.908,131.352,103656,56
1291248000,131.352,131.731,130.178,130.69,101055,50
1291334400,130.687,131.051,129.457,130.164,94834,56
1291593600,130.377,130.591,129.516,129.832,93193,50
1291680000,129.832,131.761,129.509,131.5,103163,50
1291766400,131.502,132.98,131.324,132.826,103742,50
1291852800,132.822,132.897,131.723,132.08,101951,56
1291939200,132.088,132.77,131.914,132.61,83906,21
1292198400,132.659,133.034,131.794,132.282,89571,50
1292284800,132.282,132.64,131.277,131.872,89669,22
1292371200,131.873,132.277,130.76,131.023,98303,13
1292457600,131.022,131.614,130.833,131.32,90806,16
1292544000,131.321,131.378,129.983,130.416,89000,50
1292803200,130.287,130.453,129.564,129.878,83810,50
1292889600,129.877,130.299,129.238,129.514,87681,50
1292976000,129.516,129.687,128.317,128.59,84164,50
1293062400,128.587,128.72,127.438,128.022,81911,50
1293148800,128.023,128.411,127.803,127.943,48785,50
1293408000,127.988,127.988,127.373,127.609,65025,50
1293494400,127.607,127.999,126.105,126.615,74429,50
1293580800,126.633,126.783,126.094,126.527,69286,50
1293667200,126.527,126.678,125.485,125.713,71450,50
1293753600,125.718,126.983,125.667,126.603,54120,50
1294012800,126.073,126.574,125.762,126.501,64301,50
1294099200,126.505,128.577,126.32,128.01,84547,50
1294185600,128.006,129.2,127.438,128.994,87275,50
1294272000,129.0,129.268,128.411,128.696,80730,50
1294358400,128.701,129.417,128.419,129.222,87454,50
1294617600,129.163,129.327,128.292,128.737,80100,50
1294704000,128.73,130.346,128.724,129.987,79701,50
1294790400,129.989,131.126,129.594,130.708,84829,50
1294876800,130.743,131.406,130.483,130.984,81984,50
1294963200,130.976,131.86,130.436,131.465,86824,50
1295222400,131.528,131.672,131.029,131.313,80289,32
1295308800,131.313,132.481,131.271,131.825,102101,50
1295395200,131.82,132.126,130.812,131.193,106237,23
1295481600,131.196,132.093,130.664,131.911,106110,50
1295568000,131.913,132.313,131.464,132.062,95825,50
1295827200,132.208,132.324,131.678,131.858,89588,50
1295913600,131.858,132.009,129.615,129.984,107428,56
1296000000,129.985,131.052,129.497,130.854,99995,26
1296086400,130.831,132.642,130.547,131.928,101882,14
1296172800,131.929,132.045,129.79,130.209,96430,21
1296432000,130.053,131.575,129.816,131.366,96443,56
1296518400,131.366,131.949,130.926,131.241,100594,50
1296604800,131.241,132.295,131.229,131.938,94387,50
1296691200,131.941,132.916,131.446,131.667,92158,50
1296777600,131.666,132.709,130.873,132.35,65172,50
1297036800,132.382,133.234,132.221,132.632,61420,50
1297123200,132.622,132.891,131.56,132.195,59931,50
1297209600,132.211,132.975,132.078,132.564,62757,50
1297296000,132.561,134.219,132.487,134.05,82254,50
1297382400,134.053,134.192,133.239,133.511,59030,50
1297641600,133.56,133.745,133.162,133.518,79053,50
1297728000,133.511,135.423,133.491,135.021,78788,50
1297814400,134.975,135.439,134.165,134.552,77792,50
1297900800,134.552,134.926,134.34,134.712,66535,50
1297987200,134.709,135.478,134.433,135.156,69760,50
1298246400,134.991,135.451,134.679,134.855,68033,50
1298332800,134.852,134.861,133.239,133.582,96201,50
1298419200,133.582,134.62,133.363,133.608,87885,50
1298505600,133.607,133.836,131.485,132.153,89048,55
1298592000,132.177,132.449,131.107,131.61,79731,50
1298851200,131.34,133.284,131.248,132.972,82552,50
1298937600,132.973,134.112,132.91,133.187,92478,50
1299024000,133.189,133.736,132.805,133.524,77051,50
1299110400,133.524,134.167,132.916,134.062,82293,50
1299196800,134.066,135.155,133.637,133.872,71667,19
1299456000,133.813,134.048,132.904,133.352,79839,50
1299542400,133.352,133.77,133.085,133.583,79987,51
1299628800,133.585,134.255,133.585,134.061,91152,50
1299715200,134.063,134.324,132.903,133.123,87744,50
1299801600,133.13,133.712,130.855,131.619,88152,50
1300060800,131.053,132.345,130.475,132.182,92327,50
1300147200,132.179,132.506,129.178,129.794,112023,50
1300233600,129.794,130.512,122.4,125.599,113275,53
1300320000,125.596,128.022,125.585,127.699,133226,50
1300406400,127.697,132.468,127.525,130.794,114013,50
1300665600,131.236,132.463,130.937,132.458,88980,50
1300752000,132.46,132.963,131.766,132.653,92830,50
1300838400,132.659,132.668,131.126,131.429,100707,50
1300924800,131.431,131.672,130.221,130.572,96512,50
1301011200,130.57,131.044,130.171,130.467,88188,50
1301270400,130.279,131.049,130.249,130.66,85254,50
1301356800,130.66,132.09,130.283,131.972,92341,50
1301443200,131.968,133.607,131.799,133.29,95108,50
1301529600,133.294,133.813,132.456,133.397,92226,50
1301616000,133.397,135.808,133.324,135.381,91127,50
1301875200,135.53,136.104,135.174,135.698,80970,50
1301961600,135.695,138.875,135.576,138.746,71126,50
1302048000,138.744,139.658,138.101,139.415,77329,50
1302134400,139.417,139.557,137.879,138.713,79075,50
1302220800,138.712,139.999,138.438,138.809,75198,50
1302480000,139.049,139.523,137.994,138.342,71230,50
1302566400,138.351,138.553,135.723,135.806,91521,50
1302652800,135.815,137.191,135.682,136.494,80243,50
1302739200,136.494,136.742,135.276,136.477,85056,50
1302825600,136.455,137.015,135.254,135.676,72519,50
1303084800,135.663,135.847,132.98,134.18,81150,50
1303171200,134.196,134.81,133.756,134.699,75923,50
1303257600,134.703,135.787,134.642,135.348,78337,50
1303344000,135.334,135.934,134.693,135.187,76255,50
1303430400,135.187,135.735,134.769,135.033,36241,50
1303689600,135.124,135.91,134.686,134.907,65216,50
1303776000,134.904,135.138,134.233,134.486,71232,50
1303862400,134.486,136.753,134.06,136.717,84634,50
1303948800,136.717,137.015,135.492,135.639,80742,20
1304035200,135.643,135.999,135.172,135.613,52304,50
1304294400,135.481,136.09,135.092,135.245,68658,50
1304380800,135.245,135.341,132.919,133.42,70920,50
1304467200,133.421,134.235,132.743,132.962,69789,50
1304553600,132.96,133.173,130.883,131.638,79213,50
1304640000,131.624,132.788,131.324,131.904,94099,50
1304899200,132.147,132.381,131.219,131.575,83615,50
1304985600,131.573,132.477,131.434,132.34,88687,50
1305072000,132.338,134.0,131.809,132.714,84470,50
1305158400,132.723,133.136,131.213,131.886,74860,50
1305244800,131.885,131.999,130.273,130.806,59394,50
1305504000,130.788,131.458,130.377,130.933,68501,50
1305590400,130.957,133.151,130.791,132.298,67180,22
1305676800,132.274,132.502,130.763,132.041,39786,16
1305763200,132.044,132.962,131.832,132.52,37896,16
1305849600,132.516,132.976,132.12,132.572,34592,19
1306108800,132.591,132.923,131.262,132.048,40972,17
1306195200,132.056,133.129,131.422,132.68,37768,16
1306281600,132.667,133.669,132.088,133.469,54759,19
1306368000,133.463,133.763,132.633,133.332,95866,19
1306454400,133.306,133.624,132.686,133.326,90533,19
1306713600,133.189,133.469,132.985,133.321,64582,50
1306800000,133.328,135.097,133.259,134.047,87164,50
1306886400,134.035,134.33,131.953,131.976,89247,50
1306972800,131.977,132.812,131.772,132.485,85684,50
1307059200,132.482,132.547,130.658,131.828,64433,50
1307318400,131.745,132.261,130.78,130.984,73901,50
1307404800,130.984,132.051,130.853,131.667,64171,50
1307491200,131.665,131.931,130.471,130.985,64530,50
1307577600,130.983,131.941,130.891,131.537,54817,50
1307664000,131.542,131.64,129.862,130.255,53567,50
1307923200,130.36,131.413,130.219,131.322,92391,50
1308009600,131.321,132.302,131.026,131.84,84061,50
1308096000,131.842,132.001,130.674,130.968,77939,50
1308182400,130.99,131.3,129.732,130.299,100429,50
1308268800,130.288,130.322,129.33,129.362,81011,50
1308528000,129.467,130.21,128.906,130.033,85767,50
1308614400,130.03,130.385,129.654,130.276,79675,50
1308700800,130.276,130.502,128.96,129.03,85480,50
1308787200,129.008,129.284,128.458,128.769,87203,50
1308873600,128.764,128.994,128.219,128.323,79657,50
1309132800,128.321,129.522,128.309,129.318,86750,50
1309219200,129.305,129.914,128.627,129.588,84110,50
1309305600,129.588,130.053,129.087,129.757,73476,50
1309392000,129.756,129.773,128.406,129.215,82814,50
1309478400,129.216,130.041,129.027,129.811,71874,50
1309737600,129.761,130.131,129.64,129.892,71849,50
1309824000,129.89,130.828,129.725,130.217,78890,50
1309910400,130.215,130.256,128.958,129.485,74162,50
1309996800,129.49,130.079,129.063,129.682,72185,50
1310083200,129.684,130.014,128.895,129.355,77102,50
1310342400,129.065,129.396,127.404,127.621,85265,50
1310428800,127.615,127.816,124.884,126.1,104919,50
1310515200,126.102,127.474,126.037,127.218,97709,50
1310601600,127.203,128.141,126.78,127.701,89810,50
1310688000,127.698,127.982,127.137,127.603,68331,50
1310947200,127.494,127.671,126.663,126.868,82559,19
1311033600,126.87,127.796,126.844,127.583,75456,19
1311120000,127.585,127.769,126.682,127.271,62612,28
1311206400,127.273,128.169,126.941,128.087,72317,25
1311292800,128.085,128.335,127.466,127.935,60802,24
1311552000,127.733,128.016,127.09,127.355,61387,50
1311638400,127.355,128.253,127.016,127.966,66782,50
1311724800,127.964,128.076,127.157,127.22,67218,27
1311811200,127.22,127.403,126.698,127.16,72735,20
1311897600,127.156,127.348,125.929,126.036,70311,29
1312156800,126.812,128.481,124.173,126.162,81772,50
1312243200,126.167,126.811,125.301,125.949,81746,26
1312329600,125.944,126.654,125.248,126.515,77519,50
1312416000,126.538,130.81,126.502,128.734,117645,21
1312502400,128.727,129.015,127.38,128.432,111289,28
1312761600,128.594,128.835,126.459,126.939,116247,50
1312848000,126.937,127.01,124.48,126.098,128586,24
1312934400,126.097,126.203,123.281,123.814,103515,25
1313020800,123.812,124.827,123.36,124.773,106064,32
1313107200,124.773,125.163,123.948,124.754,82667,23
1313366400,125.235,125.964,124.968,125.817,83818,50
1313452800,125.817,126.404,125.276,126.339,80823,50
1313539200,126.336,126.946,125.26,126.64,83088,29
1313625600,126.639,126.749,125.645,126.285,87778,50
1313712000,126.287,126.764,125.701,125.94,93592,31
1313971200,126.514,127.294,126.12,126.457,83779,50
1314057600,126.457,126.95,126.13,126.395,84771,50
1314144000,126.394,126.712,125.588,125.877,79900,20
1314230400,125.886,126.508,125.705,126.063,82949,50
1314316800,126.064,126.156,124.478,125.318,78096,50
1314576000,125.294,126.427,125.245,126.264,73296,16
1314662400,126.264,126.332,124.65,125.064,87863,16
1314748800,125.064,125.31,124.252,124.663,90194,16
1314835200,124.662,125.282,124.1,124.385,85521,50
1314921600,124.382,124.673,124.15,124.477,75178,50
1315180800,124.345,124.345,123.503,123.784,72375,50
1315267200,123.787,125.032,123.05,123.766,84782,55
1315353600,123.768,123.815,123.164,123.543,84467,29
1315440000,123.541,124.357,123.112,123.789,77904,45
1315526400,123.787,124.209,122.349,123.145,88275,50
1315785600,122.689,122.991,121.273,122.271,96034,50
1315872000,122.271,122.423,121.224,121.326,87103,24
1315958400,121.324,121.533,120.688,120.859,81021,50
1316044800,120.859,122.205,120.645,121.157,76046,29
1316131200,121.157,121.733,120.758,121.15,73872,50
1316390400,120.878,121.048,119.456,120.113,74162,50
1316476800,120.116,120.558,119.741,120.258,82159,50
1316563200,120.262,120.48,118.353,118.52,84716,25
1316649600,118.518,119.087,116.812,116.967,98415,26
1316736000,116.973,118.856,116.972,118.176,90754,50
1316995200,118.438,118.988,117.745,118.752,95551,50
1317081600,118.75,120.415,118.487,119.905,84596,50
1317168000,119.905,120.185,118.927,119.119,88736,19
1317254400,119.121,120.816,118.735,119.851,88886,25
1317340800,119.854,120.762,119.101,119.943,90569,24
1317600000,120.048,120.322,118.001,118.266,94851,44
1317686400,118.259,119.075,117.719,118.882,91766,26
1317772800,118.889,118.95,118.061,118.713,93199,20
1317859200,118.715,118.815,116.964,118.322,90423,50
1317945600,118.322,119.969,118.234,119.321,82510,20
1318204800,119.442,120.276,119.128,120.011,76829,24
1318291200,120.012,120.098,119.329,119.517,81939,50
1318377600,119.521,122.335,119.186,121.6,88280,50
1318464000,121.602,121.662,120.318,121.131,87158,50
1318550400,121.128,122.59,120.924,122.068,74849,50
1318809600,122.007,122.613,120.793,120.921,85107,50
1318896000,120.919,121.554,119.971,120.542,87414,50
1318982400,120.541,121.666,120.42,121.148,87952,50
1319068800,121.148,121.493,120.338,121.267,93178,50
1319155200,121.258,122.056,120.771,121.542,83382,55
1319414400,121.441,122.074,120.967,121.716,86256,50
1319500800,121.714,121.999,120.916,121.7,90893,50
1319587200,121.701,121.924,120.667,121.678,91781,50
1319673600,121.676,122.486,121.104,122.265,98955,50
1319760000,122.264,122.329,121.813,122.201,84669,50
1320019200,122.075,127.261,121.857,125.68,108289,50
1320105600,125.601,126.756,124.251,124.942,101866,50
1320192000,124.946,125.282,124.316,124.501,90261,50
1320278400,124.505,125.263,123.886,125.103,84059,50
1320364800,125.101,125.54,124.599,125.386,72892,50
1320624000,125.418,125.454,124.79,125.324,76531,50
1320710400,125.325,125.586,124.947,125.05,73832,50
1320796800,125.049,125.129,123.593,123.593,82666,50
1320883200,123.593,124.056,123.063,123.686,79886,56
1320969600,123.685,124.123,122.936,123.926,70316,50
1321228800,123.982,124.118,122.31,122.525,86484,50
1321315200,122.524,123.054,121.65,121.782,83995,24
1321401600,121.779,121.853,121.052,121.09,85516,23
1321488000,121.087,121.662,120.845,121.313,88302,56
1321574400,121.313,121.723,121.013,121.392,86000,21
1321833600,121.348,121.348,120.016,120.258,86960,28
1321920000,120.256,120.887,120.098,120.383,84186,22
1322006400,120.381,120.434,119.808,119.97,69382,25
1322092800,119.969,120.135,119.346,119.475,65361,30
1322179200,119.477,120.435,119.351,119.888,73901,23
1322438400,120.006,121.65,119.91,121.036,83846,22
1322524800,121.039,121.809,120.741,121.66,80244,50
1322611200,121.659,122.49,121.012,121.762,83575,19
1322697600,121.758,122.47,121.419,121.893,80741,29
1322784000,121.892,122.572,121.27,121.566,71659,26
1323043200,121.791,122.273,121.425,121.76,73673,20
1323129600,121.757,121.758,120.952,121.213,68622,22
1323216000,121.213,122.179,121.081,121.953,66833,16
1323302400,121.948,122.005,120.896,121.245,68070,13
1323388800,121.245,122.221,120.979,121.512,62940,16
1323648000,121.381,121.765,120.68,121.411,66502,50
1323734400,121.409,121.634,120.469,120.666,66924,18
1323820800,120.667,121.106,120.261,120.749,76481,50
1323907200,120.748,120.894,120.449,120.824,69465,24
1323993600,120.826,121.113,120.397,120.834,56393,80
1324252800,120.753,121.103,120.521,120.931,53648,6
1324339200,120.92,122.16,120.903,121.894,54946,6
1324425600,121.895,122.556,121.83,122.266,64114,8
1324512000,122.268,122.731,122.192,122.483,54933,50
1324598400,122.479,122.615,121.578,121.632,43963,50
1324857600,121.835,121.964,121.333,121.78,17735,50
1324944000,121.777,122.094,121.575,121.969,43663,50
1325030400,121.952,121.989,120.291,120.366,53968,21
1325116800,120.366,120.436,119.456,119.559,57818,50
1325203200,119.561,120.029,119.243,119.434,63806,23
1325462400,119.461,119.579,118.959,119.253,37331,50
1325548800,119.252,120.157,119.217,120.0,63397,50
1325635200,119.998,120.068,119.579,119.764,64262,50
1325721600,119.755,119.923,119.162,119.462,67215,50
1325808000,119.463,119.708,118.525,118.693,66434,50
1326067200,118.363,118.849,118.234,118.78,66650,50
1326153600,118.781,119.032,118.691,118.925,55950,80
1326240000,118.923,119.079,117.686,117.8,58138,50
1326326400,117.801,118.096,117.489,117.711,58198,50
1326412800,117.711,118.157,117.269,117.842,59228,50
1326672000,117.593,117.752,117.357,117.552,48268,50
1326758400,117.553,118.25,117.538,117.786,59257,50
1326844800,117.787,118.604,117.524,118.416,69649,50
1326931200,118.417,119.694,118.294,119.379,62645,50
1327017600,119.38,119.973,119.172,119.89,60626,50
1327276800,119.59,120.18,119.463,119.777,66627,7
1327363200,119.778,121.382,119.607,121.253,65898,6
1327449600,121.252,122.023,121.2,121.595,74104,50
1327536000,121.594,121.842,121.283,121.466,69469,19
1327622400,121.467,121.55,119.994,120.57,71850,50
1327881600,120.689,120.693,119.57,119.945,65040,50
1327968000,119.944,120.595,119.729,120.258,69634,13
1328054400,120.257,120.963,119.556,120.69,65975,50
1328140800,120.691,120.708,120.204,120.375,66939,6
1328227200,120.376,121.185,120.232,121.053,60503,6
1328486400,121.082,121.216,120.46,121.094,72821,50
1328572800,121.093,122.217,120.966,122.066,73199,50
1328659200,122.064,122.832,121.388,121.818,76681,50
1328745600,121.819,122.934,121.682,122.765,78661,50
1328832000,122.764,123.138,122.01,122.223,73642,17
1329091200,122.592,122.899,122.128,122.133,73430,50
1329177600,122.134,123.127,121.652,122.992,83292,50
1329264000,122.994,123.474,122.592,122.958,83034,50
1329350400,122.956,124.77,122.782,124.634,80877,50
1329436800,124.635,126.032,124.488,125.924,77003,50
1329696000,126.441,126.799,125.757,126.082,72485,50
1329782400,126.083,126.618,125.618,125.782,80721,11
1329868800,125.781,126.554,125.572,125.765,75548,50
1329955200,125.771,126.181,125.427,125.892,71205,10
1330041600,125.89,128.926,125.79,128.855,74980,50
1330300800,129.612,129.624,126.934,127.294,78973,50
1330387200,127.295,128.214,126.645,127.953,82393,50
1330473600,127.954,129.593,127.798,129.374,82934,50
1330560000,129.373,129.551,128.733,129.402,80875,50
1330646400,129.403,130.077,129.125,129.482,75756,50
1330905600,129.572,129.574,128.204,129.267,76856,50
1330992000,129.268,129.451,126.523,126.821,80542,50
1331078400,126.822,127.806,126.6,127.721,74359,50
1331164800,127.722,129.214,127.54,129.019,77206,50
1331251200,129.018,129.711,128.629,129.21,71178,50
1331510400,129.134,129.243,128.157,128.724,72148,50
1331596800,128.725,130.352,128.229,130.315,78199,50
1331683200,130.314,131.44,130.086,131.185,77171,50
1331769600,131.186,131.672,130.183,131.281,79936,50
1331856000,131.28,132.41,130.881,132.153,67488,50
1332115200,132.279,132.643,131.438,132.463,66311,50
1332201600,132.464,132.965,132.243,132.683,58771,50
1332288000,132.684,133.463,132.145,132.331,72342,50
1332374400,132.33,132.466,130.073,130.647,84067,50
1332460800,130.648,131.536,129.98,130.611,77610,21
1332720000,130.817,132.337,130.721,132.308,75443,50
1332806400,132.307,133.347,132.002,132.642,69803,7
1332892800,132.643,132.691,131.004,131.664,77545,50
1332979200,131.66,131.804,130.145,131.417,79440,50
1333065600,131.415,132.704,130.609,132.585,82030,50
1333324800,132.782,133.219,131.173,131.51,78310,45
1333411200,131.511,131.949,130.744,131.738,81573,45
1333497600,131.736,131.805,130.248,130.939,80656,7
1333584000,130.943,131.116,129.499,130.334,75910,45
1333670400,130.333,130.844,129.133,129.447,49149,45
1333929600,129.565,129.888,128.817,129.619,57084,45
1334016000,129.62,130.196,127.858,128.013,84583,45
1334102400,128.014,129.163,127.848,128.624,79407,45
1334188800,128.623,129.325,128.579,129.032,75234,45
1334275200,129.03,129.538,128.091,128.198,71502,45
1334534400,128.282,128.29,127.105,127.843,78635,45
1334620800,127.841,128.951,127.551,128.805,70393,45
1334707200,128.803,130.424,128.779,130.17,76802,45
1334793600,130.169,131.075,130.075,130.981,78912,45
1334880000,130.98,131.773,130.834,131.364,68963,20
1335139200,131.532,131.692,130.189,130.856,68462,45
1335225600,130.857,131.38,130.302,131.241,66220,14
1335312000,131.242,131.779,130.509,131.442,73351,45
1335398400,131.441,131.559,130.501,131.013,69780,45
1335484800,131.015,131.721,130.233,130.485,75425,45
1335744000,130.7,130.829,129.352,129.578,61229,45
1335830400,129.576,130.129,129.06,129.878,54669,45
1335916800,129.877,130.748,129.472,129.751,65219,45
1336003200,129.75,130.435,129.658,129.721,55085,45
1336089600,129.72,129.961,128.837,128.889,55477,45
1336348800,128.787,129.467,128.365,129.355,64753,45
1336435200,129.354,129.546,128.612,129.008,65750,45
1336521600,129.009,129.066,127.818,128.428,72610,45
1336608000,128.427,129.377,128.107,128.85,72561,45
1336694400,128.849,129.002,128.25,128.387,66848,45
1336953600,128.414,128.852,128.021,128.538,66401,45
1337040000,128.533,128.75,128.037,128.324,69765,45
1337126400,128.325,128.476,127.647,127.807,77584,45
1337212800,127.808,127.946,125.117,125.158,75787,45
1337299200,125.159,125.633,124.632,124.871,77049,45
1337558400,125.216,125.8,124.921,125.422,76824,45
1337644800,125.425,126.433,125.407,126.039,79741,45
1337731200,126.04,126.146,124.301,124.642,88920,45
1337817600,124.643,124.942,124.13,124.666,81812,45
1337904000,124.667,124.951,124.418,124.766,72534,12
1338163200,124.888,124.907,124.37,124.57,61451,45
1338249600,124.565,124.956,123.885,124.312,75165,45
1338336000,124.311,124.356,122.315,122.455,84743,45
1338422400,122.454,122.458,120.134,120.691,86248,45
1338508800,120.69,121.011,118.778,119.801,88377,45
1338768000,119.988,120.638,119.744,120.474,68266,45
1338854400,120.475,121.298,119.739,121.058,73091,45
1338940800,121.057,122.93,120.855,122.73,83393,19
1339027200,122.728,124.318,122.299,123.714,85261,45
1339113600,123.712,123.803,121.892,122.888,86292,45
1339372800,123.328,124.049,122.787,122.789,79204,45
1339459200,122.791,123.955,122.526,123.841,83338,45
1339545600,123.842,124.252,123.048,123.178,77119,45
1339632000,123.177,123.496,122.749,123.462,74021,45
1339718400,123.463,123.787,122.108,123.487,76926,45
1339977600,124.215,124.608,123.337,123.871,80093,31
1340064000,123.87,124.474,123.226,124.172,77042,45
1340150400,124.171,125.348,123.526,124.8,82503,14
1340236800,124.801,125.809,124.591,125.083,82881,45
1340323200,125.084,125.72,124.747,125.277,72549,45
1340582400,125.378,125.63,123.579,123.979,67546,16
1340668800,123.98,124.417,123.513,124.272,73216,45
1340755200,124.275,124.532,123.853,124.02,65945,45
1340841600,124.02,124.142,122.911,123.197,72481,45
1340928000,123.198,125.446,122.849,125.267,86387,45
1341187200,125.398,125.445,124.288,124.747,74207,45
1341273600,124.746,125.427,124.569,125.184,66011,45
1341360000,125.197,125.248,124.24,124.533,57513,45
1341446400,124.532,124.833,123.837,124.003,73687,13
1341532800,124.004,124.244,123.043,123.265,66490,45
1341792000,123.286,123.658,122.944,123.485,60444,27
1341878400,123.484,123.564,122.761,123.183,63105,45
1341964800,123.184,123.963,122.924,123.584,64361,45
1342051200,123.588,123.969,122.028,122.312,67999,18
1342137600,122.311,123.48,122.157,123.255,61514,45
1342396800,123.424,123.477,122.496,123.247,57597,45
1342483200,123.248,123.827,122.948,123.675,66311,45
1342569600,123.678,123.878,123.087,123.338,63383,45
1342656000,123.339,123.648,122.904,123.556,67059,45
1342742400,123.557,123.762,122.455,122.504,64287,19
1343001600,122.404,122.526,121.116,121.395,73558,45
1343088000,121.399,121.679,120.944,121.169,70037,45
1343174400,121.17,121.673,120.904,121.057,70525,45
1343260800,121.059,122.973,120.802,122.649,77688,45
1343347200,122.651,123.75,122.443,123.468,73031,45
1343606400,123.492,123.5,122.484,122.701,59660,45
1343692800,122.701,123.022,122.204,122.41,65006,45
1343779200,122.409,122.657,121.767,121.827,65314,7
1343865600,121.828,122.575,121.132,121.362,72206,45
1343952000,121.363,123.017,121.054,122.659,66137,6
1344211200,122.88,123.147,121.721,122.043,62696,45
1344297600,122.044,123.239,121.754,122.756,63350,45
1344384000,122.755,122.952,121.893,122.783,64236,45
1344470400,122.78,123.165,122.386,122.836,66719,45
1344556800,122.833,122.914,121.773,122.727,59530,45
1344816000,122.721,123.071,122.386,122.79,51857,36
1344902400,122.788,123.89,122.743,123.404,57910,45
1344988800,123.403,124.016,123.29,123.794,57233,45
1345075200,123.799,124.907,123.754,124.799,63984,45
1345161600,124.8,124.947,124.502,124.829,56577,45
1345420800,124.884,124.986,124.56,124.835,53816,36
1345507200,124.834,125.49,124.595,125.101,55172,45
1345593600,125.103,125.49,124.09,124.73,62372,45
1345680000,124.731,124.967,124.305,124.522,61119,45
1345766400,124.521,124.785,124.104,124.33,54867,45
1346025600,124.403,124.603,124.201,124.322,42499,30
1346112000,124.321,124.364,123.667,124.206,52994,45
1346198400,124.205,124.742,124.048,124.524,47223,45
1346284800,124.522,124.784,123.891,124.063,47326,45
1346371200,124.064,124.58,123.727,124.31,58176,45
1346630400,124.401,124.536,123.929,124.324,45573,32
1346716800,124.323,124.775,124.278,124.483,53753,45
1346803200,124.482,124.926,124.016,124.647,59613,45
1346889600,124.646,125.855,124.605,125.654,61081,15
1346976000,125.653,126.176,125.018,125.176,67087,13
1347235200,125.267,125.367,124.883,125.105,51963,31
1347321600,125.104,125.367,124.671,124.981,61732,45
1347408000,124.982,125.6,124.883,125.357,72009,45
1347494400,125.359,125.386,124.383,125.119,74302,45
1347580800,125.12,127.231,125.119,127.073,80707,45
1347840000,127.157,128.215,126.81,127.884,68924,36
1347926400,127.883,128.066,127.417,127.908,70750,45
1348012800,127.907,128.808,126.929,127.09,80842,45
1348099200,127.091,127.26,126.215,126.836,77801,45
1348185600,126.834,127.6,126.729,126.795,71758,45
1348444800,126.912,126.912,125.953,126.262,63598,31
1348531200,126.26,126.676,125.784,125.97,69742,45
1348617600,125.969,126.067,125.329,125.645,64951,45
1348704000,125.648,126.081,125.568,125.996,63673,45
1348790400,125.995,126.192,125.423,125.925,69095,45
1349049600,125.942,126.289,125.49,125.783,61194,32
1349136000,125.784,126.436,125.78,126.068,55179,45
1349222400,126.068,126.439,125.78,126.189,64043,45
1349308800,126.188,127.105,126.159,127.069,69157,45
1349395200,127.07,127.789,126.732,126.824,63770,45
1349654400,126.915,127.027,125.118,125.421,60651,45
1349740800,125.422,125.82,124.926,125.209,56602,45
1349827200,125.208,125.601,124.969,125.028,55982,45
1349913600,125.029,126.106,124.725,125.781,55825,45
1350000000,125.778,126.162,125.497,125.948,49939,45
1350259200,126.088,126.682,125.512,126.456,53791,45
1350345600,126.457,127.303,126.437,127.092,56751,45
1350432000,127.091,127.631,126.74,127.556,57226,45
1350518400,127.557,128.202,127.094,127.214,61588,45
1350604800,127.212,127.485,126.761,126.819,54032,45
1350864000,126.885,128.166,126.675,127.96,55068,45
1350950400,127.958,128.151,126.93,127.371,58991,45
1351036800,127.37,128.067,127.1,127.945,58220,45
1351123200,127.946,129.625,127.907,129.494,57753,45
1351209600,129.493,129.539,127.968,128.245,48424,1
1351468800,128.209,128.284,127.54,127.883,30352,7
1351555200,127.88,128.474,127.007,128.006,36706,8
1351641600,128.0,128.889,127.854,128.726,67101,9
1351728000,128.725,129.424,128.68,129.285,83649,45
1351814400,129.284,129.578,128.661,128.806,81879,6
1352073600,128.97,129.037,127.98,128.167,77255,14
1352160000,128.169,128.689,127.836,128.532,80139,6
1352246400,128.527,128.823,127.394,127.744,102275,45
1352332800,127.748,127.816,126.696,126.976,88448,45
1352419200,126.977,127.428,125.939,126.283,90305,45
1352678400,126.326,126.525,125.956,126.27,69151,21
1352764800,126.268,126.614,125.654,126.028,81823,12
1352851200,126.03,127.488,125.988,126.969,92354,45
1352937600,126.971,128.965,126.906,128.658,97533,45
1353024000,128.659,129.245,128.238,129.096,92812,45
1353283200,129.385,129.683,128.9,129.324,85600,6
1353369600,129.323,130.167,129.005,130.066,87052,45
1353456000,130.067,131.674,129.975,131.641,94634,11
1353542400,131.64,132.308,131.063,131.405,86284,45
1353628800,131.403,132.196,130.783,132.004,84436,45
1353888000,132.004,132.413,131.117,131.514,92165,14
1353974400,131.512,132.07,131.151,131.448,93119,10
1354060800,131.447,131.653,130.439,131.403,99265,19
1354147200,131.402,131.836,131.234,131.707,74471,15
1354233600,131.708,132.778,131.546,132.012,93887,9
1354492800,132.016,132.522,131.581,132.245,84789,10
1354579200,132.244,132.292,131.538,131.815,84896,13
1354665600,131.816,132.731,131.658,132.607,66085,20
1354752000,132.605,132.886,132.035,132.17,82919,8
1354838400,132.174,132.585,131.666,132.255,78776,19
1355097600,132.36,132.436,131.657,132.337,73449,8
1355184000,132.355,133.054,132.313,132.981,75329,19
1355270400,132.978,134.6,132.878,134.211,86587,18
1355356800,134.21,135.059,134.112,134.682,89388,45
1355443200,134.681,135.382,134.286,135.017,90102,15
1355702400,136.149,136.19,135.431,135.837,93171,8
1355788800,135.839,136.914,135.803,136.872,88853,8
1355875200,136.873,137.835,136.289,136.622,96403,45
1355961600,136.623,137.512,136.202,137.255,92193,9
1356048000,137.256,137.372,135.865,136.189,94471,14
1356307200,136.321,136.924,136.221,136.744,58125,8
1356480000,137.519,138.203,137.395,137.91,60849,45
1356566400,137.91,139.15,137.887,138.91,98260,18
1356652800,138.896,139.493,138.177,138.669,91692,20
1356912000,138.72,140.934,138.657,140.656,66713,20
1356998400,140.917,141.115,140.705,141.085,1182,20
1357084800,141.083,142.733,140.533,141.908,105042,20
1357171200,141.907,141.945,140.158,140.602,93447,45
1357257600,140.601,141.787,140.45,141.615,101393,21
1357516800,141.998,142.003,140.486,141.023,97247,12
1357603200,141.025,141.433,139.372,139.433,100826,12
1357689600,139.429,141.084,139.415,140.976,103221,13
1357776000,140.975,144.004,140.831,143.718,111533,45
1357862400,143.72,144.372,142.991,143.814,106364,12
1358121600,144.34,144.769,142.829,143.793,101760,12
1358208000,143.791,144.146,141.637,142.629,116234,12
1358294400,142.628,142.672,140.492,141.671,114676,12
1358380800,141.67,144.217,140.834,143.883,123237,45
1358467200,143.883,144.073,142.5,142.9,112586,12
1358726400,142.906,143.006,141.736,142.212,95478,12
1358812800,142.214,142.751,139.781,140.546,119382,12
1358899200,140.545,140.817,139.24,140.123,110858,14
1358985600,140.124,142.884,139.841,142.757,112988,12
1359072000,142.755,144.225,142.454,143.566,107038,12
1359331200,143.678,143.945,142.137,142.213,104092,12
1359417600,142.208,143.102,141.861,142.982,106580,45
1359504000,142.981,144.168,142.864,143.818,107829,45
1359590400,143.81,145.533,143.411,145.457,108412,45
1359676800,145.455,146.463,144.883,145.618,115682,12
1359936000,145.763,146.587,144.828,145.037,111176,12
1360022400,145.036,147.226,144.905,146.738,118775,15
1360108800,146.737,147.224,145.933,146.46,116773,45
1360195200,146.459,147.948,145.975,147.243,116700,17
1360281600,147.245,147.252,145.043,146.465,111328,12
1360540800,146.155,147.872,145.946,147.454,105304,12
1360627200,147.455,147.732,145.268,146.141,116191,14
1360713600,146.139,146.427,144.704,144.824,110763,15
1360800000,144.825,145.347,143.551,143.902,113326,12
1360886400,143.901,145.625,142.75,144.978,113698,12
1361145600,145.339,145.83,144.995,145.238,89649,12
1361232000,145.241,145.337,143.853,144.27,88484,14
1361318400,144.271,144.705,142.415,142.746,103298,39
1361404800,142.747,142.92,141.319,141.777,108742,12
1361491200,141.775,143.014,141.52,141.621,99807,12
1361750400,142.338,142.782,137.877,139.735,120506,22
1361836800,139.737,140.548,137.876,139.123,126242,39
1361923200,139.115,139.91,138.137,139.769,114992,39
1362009600,139.767,140.875,139.457,140.464,105369,39
1362096000,140.468,140.901,139.103,140.696,101675,12
1362355200,140.609,141.338,140.197,141.273,12823,8
1362441600,141.266,141.426,140.565,141.176,14368,12
1362528000,141.171,141.49,140.542,140.817,32177,6
1362614400,140.819,142.998,140.589,142.492,62677,1
1362700800,142.494,144.606,142.451,143.214,49053,1
1362960000,143.354,144.11,142.812,144.047,45436,1
1363046400,144.047,144.129,142.006,142.842,62076,1
1363132800,142.841,143.815,142.638,143.29,61630,1
1363219200,143.289,145.019,143.021,144.887,62583,1
1363305600,144.892,145.867,143.799,143.997,63080,1
1363564800,143.377,144.344,142.353,143.952,69866,1
1363651200,143.956,144.629,143.159,143.407,67066,1
1363737600,143.403,145.255,143.227,144.975,67801,1
1363824000,144.978,145.213,143.445,144.246,72663,1
1363910400,144.248,144.538,143.02,143.857,63218,1
1364169600,144.154,144.776,141.887,142.983,69968,1
1364256000,142.988,143.537,142.471,143.483,62686,4
1364342400,143.482,143.804,142.043,142.726,60393,1
1364428800,142.727,143.244,142.202,143.221,61836,3
1364515200,143.217,143.271,142.58,143.222,39755,7
1364774400,143.222,143.394,141.689,141.911,42844,1
1364860800,141.911,142.08,140.952,141.026,54084,5
1364947200,141.024,141.524,140.46,140.842,52119,1
1365033600,140.846,146.862,140.38,146.746,73238,1
1365120000,146.747,150.039,145.951,149.558,79612,1
1365379200,150.606,151.851,150.276,151.836,75285,1
1365465600,151.841,152.38,150.555,151.932,73686,1
1365552000,151.932,153.041,151.38,152.962,64492,7
1365638400,152.962,153.851,152.288,153.527,64826,7
1365724800,153.52,153.52,150.54,150.87,65177,7
1365984000,150.821,151.721,146.424,147.668,85335,7
1366070400,147.682,150.284,147.57,150.244,82881,7
1366156800,150.208,151.157,148.108,149.748,83454,7
1366243200,149.746,150.474,148.73,150.061,77806,7
1366329600,150.06,152.512,149.867,151.528,69335,7
1366588800,151.959,152.215,150.898,151.791,63929,2
1366675200,151.791,152.018,149.967,151.394,69950,6
1366761600,151.383,152.296,151.092,151.916,62359,2
1366848000,151.916,153.767,151.431,153.292,65343,7
1366934400,153.286,153.418,151.115,151.689,75319,7
1367193600,151.649,152.204,151.04,151.566,55258,10
1367280000,151.566,151.974,150.746,151.269,61175,4
1367366400,151.27,152.232,150.845,151.309,55069,6
1367452800,151.311,153.237,150.944,152.068,62598,4
1367539200,152.072,154.676,152.048,154.131,55713,1
1367798400,154.314,154.786,154.149,154.342,40492,1
1367884800,154.342,154.488,153.012,153.197,56746,1
1367971200,153.197,154.112,152.732,153.742,58707,1
1368057600,153.739,155.804,153.263,155.447,66582,1
1368144000,155.447,156.677,155.323,156.031,74425,1
1368403200,156.275,156.759,155.562,155.712,65779,1
1368489600,155.709,156.061,154.969,155.625,69076,1
1368576000,155.628,156.461,155.406,155.672,71938,1
1368662400,155.68,156.508,155.359,156.121,71388,1
1368748800,156.131,156.699,155.681,156.511,65774,1
1369008000,155.912,156.292,155.58,156.019,67052,3
1369094400,156.019,156.537,155.127,155.291,68796,4
1369180800,155.287,156.099,154.554,155.114,87612,1
1369267200,155.115,155.583,151.793,154.064,121050,7
1369353600,154.064,154.746,152.289,153.08,107906,9
1369612800,153.159,153.252,152.353,152.708,65481,11
1369699200,152.715,154.656,152.639,153.747,106412,11
1369785600,153.771,154.039,152.233,152.977,114720,11
1369872000,152.977,154.018,152.256,153.502,118398,11
1369958400,153.5,154.226,152.372,152.589,113881,11
1370217600,152.801,153.242,151.938,152.321,104629,11
1370304000,152.333,153.803,152.322,153.203,101988,11
1370390400,153.214,153.747,152.392,152.737,112887,11
1370476800,152.57,153.566,150.297,151.234,111103,39
1370563200,151.235,152.006,148.161,151.698,133982,39
1370822400,151.895,154.183,151.74,153.75,102644,34
1370908800,153.748,154.188,149.344,150.189,125301,39
1370995200,150.189,152.009,149.293,150.521,109807,39
1371081600,150.509,150.565,147.091,149.878,126200,39
1371168000,150.277,150.392,147.409,147.651,115345,11
1371427200,147.982,149.445,147.977,148.787,89840,11
1371513600,148.798,149.584,148.429,149.174,93594,11
1371600000,149.179,150.306,148.266,149.12,96970,11
1371686400,149.119,151.923,148.868,150.868,130175,11
1371772800,150.868,151.922,149.749,150.869,112177,11
1372032000,150.821,151.737,149.712,150.835,115379,11
1372118400,150.824,151.455,149.668,151.073,103207,11
1372204800,151.095,151.384,149.248,149.726,100788,11
1372291200,149.619,150.571,149.365,150.032,84852,39
1372377600,150.03,151.138,149.97,150.741,93313,39
1372636800,150.859,152.064,150.823,151.577,79137,11
1372723200,151.577,152.728,151.249,152.475,82174,11
1372809600,152.475,153.016,151.235,152.702,93530,11
1372896000,152.705,152.867,150.288,150.875,75059,11
1372982400,150.873,151.113,149.484,150.575,87701,11
1373241600,150.647,151.131,150.197,150.804,79353,11
1373328000,150.803,151.603,149.778,150.252,87219,11
1373414400,150.261,150.364,148.772,149.883,97020,11
1373500800,149.88,150.624,148.94,150.304,122788,11
1373587200,150.304,150.664,149.419,149.759,77794,11
1373846400,150.034,151.26,149.684,150.914,67752,11
1373932800,150.907,151.11,149.797,150.19,83249,11
1374019200,150.196,152.053,149.921,151.502,85642,11
1374105600,151.475,153.132,151.368,153.06,83472,1
1374192000,153.052,153.659,152.168,153.43,83034,1
1374451200,153.208,153.592,152.358,152.961,78919,1
1374537600,152.964,153.666,152.329,152.922,82133,1
1374624000,152.922,154.043,152.807,153.547,81958,1
1374710400,153.547,153.822,152.253,152.681,92400,1
1374796800,152.708,152.829,150.723,151.133,85965,1
1375056000,151.177,151.192,149.997,150.211,81317,1
1375142400,150.214,150.917,149.187,149.373,78839,1
1375228800,149.373,149.513,148.285,148.609,93188,1
1375315200,148.619,150.681,148.246,150.423,85908,1
1375401600,150.418,151.539,150.204,151.249,83117,1
1375660800,151.27,151.49,150.323,150.862,74537,1
1375747200,150.873,151.433,149.887,150.062,79189,1
1375833600,150.062,150.693,147.6,149.266,97190,1
1375920000,149.266,150.308,148.928,150.08,86222,1
1376006400,150.073,150.655,149.048,149.048,72208,1
1376265600,149.286,150.168,148.852,150.115,69470,1
1376352000,150.113,152.084,150.047,151.739,82334,1
1376438400,151.739,152.58,151.193,151.944,76083,1
1376524800,151.948,153.236,151.487,152.128,97199,1
1376611200,152.131,152.748,151.778,152.378,74667,1
1376870400,152.583,153.568,152.204,152.748,72804,1
1376956800,152.748,153.11,151.732,152.405,81352,1
1377043200,152.403,153.638,152.115,152.957,84361,1
1377129600,152.967,154.013,152.648,153.918,80350,1
1377216000,153.903,154.665,153.413,153.653,72333,1
1377475200,153.601,153.971,153.234,153.333,52931,1
1377561600,153.346,153.483,150.698,150.815,83523,1
1377648000,150.826,151.889,150.468,151.688,81418,1
1377734400,151.678,152.659,151.5,152.418,76438,1
1377820800,152.418,152.659,151.677,152.008,70362,1
1378080000,152.573,154.923,152.41,154.478,61947,1
1378166400,154.478,155.438,154.428,154.889,70719,1
1378252800,154.908,155.995,154.756,155.843,65290,1
1378339200,155.848,156.421,155.492,156.146,67112,1
1378425600,156.146,156.211,154.137,154.868,58392,1
1378684800,155.934,156.633,155.502,156.324,61972,1
1378771200,156.319,158.054,156.173,157.913,64172,1
1378857600,157.917,158.539,157.51,158.178,66935,1
1378944000,158.168,158.203,156.695,157.255,67971,1
1379030400,157.255,157.967,157.195,157.713,59948,1
1379289600,157.458,157.928,157.318,157.518,56873,1
1379376000,157.518,158.153,157.407,157.663,56094,3
1379462400,157.673,158.376,157.338,158.358,65077,1
1379548800,158.361,159.975,158.178,159.334,74977,1
1379635200,159.339,159.684,158.917,158.917,58279,4
1379894400,158.812,159.041,158.197,158.482,52602,2
1379980800,158.49,158.957,157.343,157.963,60366,1
1380067200,157.984,158.817,157.369,158.257,59635,1
1380153600,158.26,159.263,158.017,158.734,64729,1
1380240000,158.723,159.087,158.254,158.477,60606,2
1380499200,157.848,159.419,157.392,158.988,71244,2
1380585600,158.981,159.943,158.444,158.707,73163,1
1380672000,158.702,158.805,157.497,158.048,68529,1
1380758400,158.046,158.838,156.704,157.095,68614,1
1380844800,157.1,157.366,155.719,156.012,64861,1
1381104000,155.906,156.174,155.397,155.567,64701,2
1381190400,155.577,156.651,155.434,155.807,65697,1
1381276800,155.811,156.554,154.72,155.318,68633,1
1381363200,155.327,157.022,155.294,156.956,64950,1
1381449600,156.958,157.517,156.432,157.144,59586,2
1381708800,156.836,157.706,156.807,157.632,41273,2
1381795200,157.632,157.704,156.764,157.078,63613,1
1381881600,157.105,158.026,156.93,157.61,68434,1
1381968000,157.631,158.295,157.066,158.207,70519,2
1382054400,158.198,158.672,157.966,157.971,56185,2
1382313600,158.384,158.76,158.19,158.477,50117,1
1382400000,158.496,159.526,158.289,159.215,54613,1
1382486400,159.215,159.362,156.862,157.317,68954,2
1382572800,157.321,158.197,157.048,157.659,66743,1
1382659200,157.676,157.954,157.13,157.432,65282,1
1382918400,157.718,158.299,157.572,157.622,53825,1
1383004800,157.619,157.667,156.753,157.556,65982,2
1383091200,157.556,158.174,157.34,157.877,62263,1
1383177600,157.883,157.954,157.28,157.779,68213,1
1383264000,157.779,157.795,156.822,157.081,63129,1
1383523200,157.181,157.676,157.096,157.472,41978,2
1383609600,157.474,158.247,156.635,158.102,61551,1
1383696000,158.102,158.987,157.922,158.608,53044,1
1383782400,158.609,159.269,157.302,158.022,70562,1
1383868800,158.018,158.852,157.541,158.6,65825,1
1384128000,158.728,158.822,158.338,158.526,51399,3
1384214400,158.525,159.227,158.025,158.354,68783,1
1384300800,158.352,159.422,157.981,159.262,67453,2
1384387200,159.26,160.91,159.088,160.727,75350,1
1384473600,160.725,161.647,160.66,161.432,62325,1
1384732800,161.617,161.754,160.725,160.977,60046,1
1384819200,160.985,161.609,160.402,161.473,66697,1
1384905600,161.47,161.715,160.843,161.097,73617,1
1384992000,161.098,163.917,161.021,163.827,75168,1
1385078400,163.825,164.363,163.505,164.243,65047,1
1385337600,164.419,165.282,163.824,164.092,57392,1
1385424000,164.089,164.383,163.674,164.215,52661,1
1385510400,164.21,166.569,164.024,166.496,61161,1
1385596800,166.521,167.314,165.96,167.102,54063,2
1385683200,167.098,167.89,166.847,167.582,67952,1
1385942400,167.84,168.79,167.757,168.321,65892,1
1386028800,168.319,169.136,167.336,167.841,74688,1
1386115200,167.841,168.385,166.871,167.599,85223,2
1386201600,167.605,167.768,165.869,166.308,81989,1
1386288000,166.308,168.252,166.009,168.182,70546,1
1386547200,168.586,169.727,168.116,169.609,62713,1
1386633600,169.607,170.055,168.672,169.187,65077,2
1386720000,169.186,169.351,167.536,167.788,68674,1
1386806400,167.789,169.351,167.633,169.245,69506,1
1386892800,169.278,169.82,167.709,168.1,67671,1
1387152000,168.198,168.431,167.343,168.001,62937,2
1387238400,167.999,168.165,166.581,166.923,56270,1
1387324800,166.914,171.182,166.864,170.801,71859,1
1387411200,170.803,170.84,169.908,170.549,66145,1
1387497600,170.549,171.052,169.771,169.954,59534,2
1387756800,169.873,170.431,169.766,170.308,41066,2
1387843200,170.299,170.812,170.13,170.669,36739,5
1388016000,171.621,172.19,171.507,172.021,24110,3
1388102400,172.028,173.937,171.956,173.327,50886,1
1388361600,173.621,173.854,173.037,173.283,45228,1
1388448000,173.283,174.512,172.824,174.35,41247,1
1388534400,174.341,174.653,174.321,174.65,3845,12
1388620800,174.65,174.844,171.827,172.378,88273,1
1388707200,172.378,172.502,171.042,172.092,65876,3
1388966400,172.07,172.227,170.402,171.08,72638,1
1389052800,171.08,171.709,170.827,171.678,66680,1
1389139200,171.676,172.835,171.499,172.441,69690,1
1389225600,172.439,173.119,172.191,172.679,61961,2
1389312000,172.679,173.026,171.245,171.652,60627,1
1389571200,171.581,171.66,168.341,168.83,65822,1
1389657600,168.83,171.444,168.821,171.331,68995,1
1389744000,171.334,171.582,170.432,171.146,63633,1
1389830400,171.144,171.784,170.193,170.573,63288,1
1389916800,170.591,171.868,170.174,171.277,58645,2
1390176000,171.196,171.478,170.3,171.141,50645,1
1390262400,171.117,172.368,171.062,171.825,63213,1
1390348800,171.823,173.291,171.319,173.201,67066,1
1390435200,173.193,173.644,171.203,171.962,80559,1
1390521600,171.968,172.312,168.435,168.435,87755,1
1390780800,168.171,170.527,167.916,170.164,85446,1
1390867200,170.166,171.374,169.936,171.205,73608,1
1390953600,171.207,171.456,168.687,169.123,81795,1
1391040000,169.12,169.773,168.165,169.521,77278,1
1391126400,169.522,169.746,167.542,167.568,77847,1
1391385600,167.81,168.22,164.285,164.907,82208,1
1391472000,164.914,166.041,163.88,165.888,82043,1
1391558400,165.88,166.149,163.95,165.561,101930,1
1391644800,165.561,166.819,165.043,166.392,96531,1
1391731200,166.392,168.037,166.142,167.921,88106,1
1391990400,168.355,168.435,167.196,167.673,57292,1
1392076800,167.675,169.082,167.501,168.803,60069,1
1392163200,168.818,170.422,168.318,170.318,67786,1
1392249600,170.318,170.377,169.234,170.301,71585,1
1392336000,170.32,170.593,169.116,170.462,67541,1
1392595200,170.466,171.066,169.895,170.389,53132,1
1392681600,170.384,171.876,170.213,170.785,71987,1
1392768000,170.8,171.156,169.604,170.653,66567,1
1392854400,170.661,170.779,169.224,170.438,73080,1
1392940800,170.435,171.727,170.122,170.267,65234,1
1393200000,170.569,170.853,169.854,170.689,64311,1
1393286400,170.682,171.082,170.072,170.445,65489,1
1393372800,170.448,170.942,169.947,170.593,67820,1
1393459200,170.59,170.823,169.054,170.506,71483,1
1393545600,170.499,171.196,169.379,170.347,76733,1
1393804800,169.879,169.982,168.82,169.02,74041,1
1393891200,169.015,170.507,168.958,170.335,66449,1
1393977600,170.335,171.386,170.144,171.162,60877,1
1394064000,171.158,172.828,171.051,172.536,65376,1
1394150400,172.533,173.581,172.041,172.542,95561,0
1394409600,172.513,172.863,171.529,171.938,120564,0
1394496000,171.936,172.115,170.932,171.077,121810,0
1394582400,171.077,171.441,170.159,170.746,136891,0
1394668800,170.747,171.626,168.704,169.327,177285,0
1394755200,169.328,169.33,167.933,168.701,166552,0
1395014400,168.607,169.598,168.503,169.362,119725,0
1395100800,169.365,169.593,167.767,168.242,136398,0
1395187200,168.242,169.698,168.067,169.252,136681,0
1395273600,169.254,169.713,168.703,169.003,133534,0
1395360000,169.005,169.104,168.091,168.6,100212,1
1395619200,168.509,169.432,168.322,168.619,122648,0
1395705600,168.62,169.272,168.374,169.11,125077,0
1395792000,169.11,169.677,168.894,169.147,121252,0
1395878400,169.145,170.322,168.627,169.718,144881,0
1395964800,169.718,171.308,169.548,171.052,116135,0
1396224000,171.228,172.112,170.976,171.998,135192,0
1396310400,171.996,172.509,171.742,172.434,112868,1
1396396800,172.434,172.994,172.291,172.664,112059,1
1396483200,172.664,173.138,172.15,172.452,120862,1
1396569600,172.452,172.497,171.0,171.103,127538,1
1396828800,171.239,171.594,170.669,171.171,91669,1
1396915200,171.167,171.553,170.009,170.614,160372,1
1397001600,170.61,171.31,170.485,171.239,129062,1
1397088000,171.237,171.623,170.081,170.254,95396,1
1397174400,170.254,170.906,169.497,170.027,92585,1
1397433600,170.051,170.506,169.581,170.344,79578,1
1397520000,170.349,170.669,169.496,170.365,88555,1
1397606400,170.365,172.097,170.298,171.702,75163,1
1397692800,171.703,172.105,171.449,171.95,64382,2
1397779200,171.968,172.179,171.783,171.958,24000,2
1398038400,172.105,172.489,172.005,172.328,34961,5
1398124800,172.33,172.736,172.01,172.597,62078,1
1398211200,172.602,172.789,171.354,172.041,70600,1
1398297600,172.035,172.184,171.475,171.83,73655,1
1398384000,171.832,172.258,171.378,171.629,61296,1
1398643200,171.607,172.573,171.257,172.257,69784,2
1398729600,172.268,172.905,172.226,172.723,63817,1
1398816000,172.716,172.716,171.934,172.478,83387,1
1398902400,172.482,172.929,172.393,172.784,46609,1
1398988800,172.784,173.461,172.341,172.344,74499,1
1399248000,172.542,172.557,171.772,172.308,41580,4
1399334400,172.303,172.945,172.197,172.674,81245,0
1399420800,172.673,172.982,172.142,172.71,116766,1
1399507200,172.709,172.848,171.861,172.113,104217,1
1399593600,172.109,172.296,171.217,171.607,78059,1
1399852800,171.556,172.501,171.54,172.292,65267,2
1399939200,172.293,172.731,171.912,172.065,84749,1
1400025600,172.063,172.353,170.599,170.746,75714,1
1400112000,170.747,171.019,170.161,170.535,75999,1
1400198400,170.531,170.98,170.217,170.604,66752,0
1400457600,170.758,170.95,170.02,170.609,56831,6
1400544000,170.61,170.92,170.375,170.573,53178,2
1400630400,170.57,171.475,169.805,171.377,64664,0
1400716800,171.372,171.846,171.216,171.636,69300,1
1400803200,171.636,171.792,171.272,171.544,61975,1
1401062400,171.645,171.783,171.459,171.647,35132,6
1401148800,171.647,171.959,171.267,171.481,54440,5
1401235200,171.478,171.485,169.879,170.131,53272,6
1401321600,170.132,170.183,169.525,170.042,54518,5
1401408000,170.044,170.691,169.774,170.445,52132,7
1401667200,170.631,171.616,170.434,171.438,66381,1
1401753600,171.443,171.812,171.267,171.729,66020,1
1401840000,171.728,172.067,171.354,171.917,66809,3
1401926400,171.913,172.306,171.602,172.199,72348,1
1402012800,172.2,172.497,171.825,172.148,66383,1
1402272000,172.376,172.534,171.995,172.302,53169,4
1402358400,172.298,172.328,171.345,171.477,64035,4
1402444800,171.473,171.797,170.957,171.234,63337,2
1402531200,171.233,172.316,171.022,172.195,65065,2
1402617600,172.191,173.349,172.108,173.097,59834,4
1402876800,173.172,173.222,172.723,172.885,56931,2
1402963200,172.883,173.439,172.818,173.282,59818,1
1403049600,173.282,173.777,172.852,173.197,66979,2
1403136000,173.188,173.779,173.003,173.687,65750,1
1403222400,173.697,174.086,173.537,173.66,54044,2
1403481600,173.722,173.818,173.172,173.519,51376,1
1403568000,173.515,173.707,172.932,173.163,58134,1
1403654400,173.157,173.194,172.723,172.923,55599,1
1403740800,172.927,173.435,172.603,173.099,60165,0
1403827200,173.098,173.155,172.454,172.687,56442,3
1404086400,172.767,173.395,172.366,173.311,51364,8
1404172800,173.312,174.28,173.255,174.135,44155,15
1404259200,174.132,174.785,173.988,174.66,40835,14
1404345600,174.658,175.364,174.495,175.284,46885,4
1404432000,175.284,175.343,174.824,175.055,37071,4
1404691200,175.163,175.247,174.276,174.511,40479,4
1404777600,174.515,174.547,173.715,173.938,43044,4
1404864000,173.937,174.407,173.798,174.358,46691,4
1404950400,174.359,174.359,172.954,173.568,49091,4
1405036800,173.567,173.798,173.114,173.231,63295,4
1405296000,173.493,174.008,173.346,173.489,77537,6
1405382400,173.489,174.546,173.28,174.298,83445,1
1405468800,174.299,174.437,173.998,174.216,48132,1
1405555200,174.217,174.246,172.878,172.974,52278,5
1405641600,172.97,173.582,172.669,173.001,51143,1
1405900800,173.087,173.227,172.789,173.125,47130,10
1405987200,173.12,173.462,172.969,173.154,73524,1
1406073600,173.154,173.331,172.597,173.018,81515,8
1406160000,173.01,173.051,172.622,172.931,83234,5
1406246400,172.931,173.162,172.64,172.655,79036,4
1406505600,172.794,173.084,172.747,172.952,66567,11
1406592000,172.949,173.199,172.718,173.017,83781,11
1406678400,173.011,174.179,172.906,173.849,76171,1
1406764800,173.849,173.996,173.393,173.558,60967,5
1406851200,173.555,173.845,172.378,172.531,64916,1
1407110400,172.567,173.001,172.431,172.892,58171,22
1407196800,172.89,173.496,172.768,173.239,70555,22
1407283200,173.236,173.266,171.558,172.082,83814,22
1407369600,172.082,172.612,171.696,171.859,85237,22
1407456000,171.856,171.903,170.694,171.087,104006,22
1407715200,171.265,171.612,171.225,171.542,56228,22
1407801600,171.54,171.962,171.374,171.879,59072,22
1407888000,171.877,172.597,170.847,170.923,76235,19
1407974400,170.924,171.221,170.648,170.978,65101,22
1408060800,170.974,171.44,170.422,170.821,68834,22
1408320000,171.114,171.667,171.02,171.555,47174,17
1408406400,171.554,171.629,170.692,171.003,60580,22
1408492800,171.005,172.3,170.976,172.07,84257,22
1408579200,172.071,172.384,171.875,172.136,64134,22
1408665600,172.137,172.618,171.61,172.186,68919,10
1408924800,172.353,172.68,172.292,172.397,59834,11
1409011200,172.394,172.58,172.086,172.171,71872,22
1409097600,172.164,172.523,172.057,172.154,73127,22
1409184000,172.154,172.286,171.668,172.04,70847,4
1409270400,172.041,172.807,171.946,172.689,60249,1
1409529600,172.777,173.404,172.726,173.251,48223,22
1409616000,173.253,173.945,173.003,173.082,87619,22
1409702400,173.082,173.367,172.382,172.589,85469,1
1409788800,172.587,172.774,171.646,171.826,96413,1
1409875200,171.826,172.266,170.981,171.531,98207,1
1410134400,170.191,171.107,169.344,170.534,106217,1
1410220800,170.541,171.53,170.536,171.039,113816,1
1410307200,171.04,173.269,171.013,173.066,101017,1
1410393600,173.097,174.244,172.769,174.156,98302,1
1410480000,174.161,174.665,173.698,174.549,102283,1
1410739200,174.558,174.616,173.843,173.944,73492,1
1410825600,173.944,174.485,172.989,174.331,99022,1
1410912000,174.331,176.568,174.142,176.368,107299,1
1410998400,176.364,178.96,176.222,178.786,112426,1
1411084800,178.77,180.713,177.457,177.557,383841,1
1411344000,177.613,178.355,177.522,178.046,177188,1
1411430400,178.049,178.742,176.647,178.424,93979,1
1411516800,178.417,178.451,177.641,178.181,93576,1
1411603200,178.186,178.502,177.138,177.442,110846,1
1411689600,177.446,178.109,177.149,177.555,97449,1
1411948800,177.554,178.185,177.366,177.766,100924,1
1412035200,177.769,178.113,177.365,177.721,106421,1
1412121600,177.723,178.128,176.177,176.364,116364,1
1412208000,176.36,176.65,174.319,175.061,135190,1
1412294400,175.057,175.911,174.983,175.277,100510,1
1412553600,175.255,175.362,174.469,174.863,85085,1
1412640000,174.858,175.149,173.691,174.085,125058,1
1412726400,174.088,174.971,173.44,174.733,129327,1
1412812800,174.739,175.007,173.582,173.783,130792,1
1412899200,173.783,174.004,172.74,173.059,107059,1
1413158400,172.782,173.021,171.731,171.96,110823,1
1413244800,171.963,172.484,169.928,170.397,117996,1
1413331200,170.393,171.15,168.017,169.714,159066,1
1413417600,169.712,171.22,168.463,170.835,154707,1
1413504000,170.832,172.045,170.201,171.994,111925,1
1413763200,172.281,172.99,172.21,172.832,104218,28
1413849600,172.833,172.863,171.783,172.575,113930,28
1413936000,172.575,172.594,171.057,171.968,100560,28
1414022400,171.968,173.647,171.692,173.577,105202,17
1414108800,173.573,174.004,172.955,173.957,99536,10
1414368000,174.087,174.19,173.378,173.753,110821,16
1414454400,173.759,174.731,173.681,174.412,93222,1
1414540800,174.412,174.678,173.91,174.226,97855,29
1414627200,174.225,175.15,173.975,174.87,112952,15
1414713600,174.871,179.804,174.653,179.645,141664,29
1414972800,180.397,182.51,179.644,181.762,132877,29
1415059200,181.799,182.008,181.108,181.545,136707,19
1415145600,181.545,183.427,181.529,183.095,148796,19
1415232000,183.095,184.316,181.854,182.437,163874,2
1415318400,182.432,182.866,181.21,181.849,150208,28
1415577600,181.774,182.245,181.065,181.946,118090,28
1415664000,181.942,184.652,181.752,184.348,128949,9
1415750400,184.347,184.541,181.958,182.227,155870,28
1415836800,182.224,182.776,181.541,181.796,124629,1
1415923200,181.793,182.658,181.593,182.109,123335,1
1416182400,182.676,183.375,181.087,182.384,110135,1
1416268800,182.383,183.262,182.236,182.634,97942,1
1416355200,182.634,185.444,182.52,185.283,86795,3
1416441600,185.283,186.124,184.946,185.552,80072,4
1416528000,185.544,185.682,183.966,184.39,74632,4
1416787200,184.246,185.947,184.051,185.716,68839,6
1416873600,185.748,186.069,184.517,185.271,85704,4
1416960000,185.296,186.096,184.762,185.879,87130,7
1417046400,185.902,185.925,185.008,185.175,54911,4
1417132800,185.19,185.912,185.19,185.5,83769,29
1417392000,185.734,186.32,185.033,186.208,88306,4
1417478400,186.206,186.919,186.018,186.41,79737,4
1417564800,186.398,188.186,186.266,187.862,76052,4
1417651200,187.889,188.228,187.586,187.712,77379,4
1417737600,187.718,189.709,187.28,189.282,80412,4
1417996800,189.151,189.675,188.424,188.874,78546,1
1418083200,188.721,189.202,185.192,187.511,84130,1
1418169600,187.421,187.824,184.961,185.125,86526,1
1418256000,185.041,187.749,184.964,186.621,80054,1
1418342400,186.418,187.353,185.595,186.566,78953,1
1418601600,186.195,187.048,183.84,184.005,87177,1
1418688000,184.192,185.086,181.576,183.152,91175,1
1418774400,183.163,185.019,182.995,184.746,86397,1
1418860800,184.545,186.724,184.419,186.173,72551,1
1418947200,186.153,187.239,186.041,186.653,68845,0
1419206400,186.742,187.542,186.497,187.123,206669,0
1419292800,187.117,187.477,186.477,187.281,204050,0
1419379200,187.281,187.447,186.619,187.313,153806,0
1419552000,187.014,187.449,186.982,187.199,89610,4
1419811200,187.278,187.795,187.041,187.195,81749,0
1419897600,187.138,187.27,184.949,185.677,60574,0
1419984000,185.833,186.997,185.69,186.703,39854,0
1420156800,187.143,187.297,184.293,184.594,81062,40
1420416000,184.307,184.395,181.696,182.377,136415,43
1420502400,182.377,182.414,179.209,179.262,147422,43
1420588800,179.261,180.637,179.117,180.128,143369,43
1420675200,180.124,180.922,179.967,180.482,118644,43
1420761600,180.482,180.906,179.452,179.493,127026,43
1421020800,179.54,180.526,179.006,179.474,123365,43
1421107200,179.481,180.072,178.073,178.719,148337,43
1421193600,178.722,178.838,176.828,178.679,157122,43
1421280000,178.676,179.56,176.252,176.252,158421,43
1421366400,176.262,178.301,175.775,178.008,157928,43
1421625600,177.739,178.345,176.975,177.571,82814,14
1421712000,177.644,180.26,177.501,179.855,95432,43
1421798400,179.913,179.913,177.036,178.567,105708,43
1421884800,178.604,179.188,177.191,177.779,104128,37
1421971200,177.83,178.485,176.122,176.451,106315,43
1422230400,176.357,178.901,175.725,178.537,90577,43
1422316800,178.59,179.407,177.835,179.098,102935,2
1422403200,179.098,179.356,177.632,177.888,110983,1
1422489600,177.89,178.917,177.684,178.154,108239,16
1422576000,178.196,178.529,176.097,176.838,104017,43
1422835200,176.5,177.714,176.101,176.808,106416,7
1422921600,176.744,178.379,175.483,178.278,111603,1
1423008000,178.303,179.274,177.581,178.012,109459,7
1423094400,178.009,180.39,177.718,180.106,122164,18
1423180800,180.105,181.799,179.549,181.421,110221,14
1423440000,181.241,181.615,180.154,180.459,104371,14
1423526400,180.495,182.245,180.245,182.144,106674,14
1423612800,182.134,183.954,181.989,183.516,101965,20
1423699200,183.514,184.163,181.199,183.206,114688,14
1423785600,183.204,183.345,182.475,182.574,104915,14
1424044800,182.682,183.21,181.505,181.978,94062,14
1424131200,181.979,183.368,181.566,183.052,107899,17
1424217600,183.045,184.189,182.588,183.321,112376,14
1424304000,183.32,184.026,183.017,183.316,101323,14
1424390400,183.322,183.657,181.659,183.193,107612,2
1424649600,183.337,184.006,182.601,183.625,90203,14
1424736000,183.614,184.716,183.53,183.799,98773,14
1424822400,183.814,184.658,183.525,184.544,95063,14
1424908800,184.505,185.017,183.591,183.935,96872,14
1424995200,183.936,185.0,183.537,184.658,99377,14
1425254400,184.542,184.911,184.153,184.571,89949,14
1425340800,184.562,184.711,183.651,183.878,92563,14
1425427200,183.876,183.979,182.526,182.651,93496,14
1425513600,182.652,183.701,182.385,183.045,93777,14
1425600000,183.04,183.243,181.467,181.663,98880,14
1425859200,181.619,183.583,181.512,183.345,90516,14
1425945600,183.344,183.91,182.265,182.39,111173,14
1426032000,182.412,183.135,180.779,181.335,113088,18
1426118400,181.343,181.776,180.191,180.526,99354,14
1426204800,180.528,180.741,178.227,178.911,101490,16
1426464000,178.84,180.198,178.84,179.926,92399,10
1426550400,179.923,180.131,178.538,178.892,106601,6
1426636800,178.893,181.019,177.147,179.792,115852,1
1426723200,179.77,179.896,177.703,178.202,121152,10
1426809600,178.203,180.076,177.92,179.433,107165,33
1427068800,179.429,179.668,178.132,178.983,101762,14
1427155200,178.981,179.182,177.499,177.707,97767,41
1427241600,177.711,178.356,177.527,177.818,82548,35
1427328000,177.817,177.906,176.461,177.029,115451,25
1427414400,177.028,177.914,176.682,177.126,103855,28
1427673600,177.411,178.186,176.661,177.791,96547,24
1427760000,177.788,178.297,177.093,177.932,86605,35
1427846400,177.899,178.416,176.766,177.478,92262,35
1427932800,177.46,177.94,176.758,177.483,86051,19
1428019200,177.486,177.928,177.072,177.481,56441,35
1428278400,177.272,178.269,177.155,177.841,45561,23
1428364800,177.824,179.177,177.702,178.062,93056,11
1428451200,178.052,179.283,177.624,178.568,98730,10
1428537600,178.55,179.076,177.1,177.366,91872,10
1428624000,177.371,177.523,175.669,175.83,89001,10
1428883200,175.83,176.523,175.283,176.259,89308,11
1428969600,176.263,176.606,174.871,176.442,105731,10
1429056000,176.434,176.949,175.689,176.855,103961,9
1429142400,176.855,178.016,176.544,177.591,120979,28
1429228800,177.591,178.723,177.439,177.891,108996,11
1429488000,177.891,178.192,177.186,177.701,92951,10
1429574400,177.701,178.895,177.475,178.559,133508,11
1429660800,178.559,180.395,178.454,180.262,149920,11
1429747200,180.262,180.45,179.3,180.07,150876,11
1429833600,180.07,181.003,179.648,180.693,155227,12
1430092800,180.388,181.571,180.293,181.327,130355,11
1430179200,181.245,182.393,180.664,182.369,141365,11
1430265600,182.295,184.112,182.11,183.755,167864,11
1430352000,183.721,184.146,182.573,183.3,203002,11
1430438400,183.248,184.456,181.772,181.925,131630,11
1430697600,182.041,182.293,181.398,181.643,81938,11
1430784000,181.614,182.77,181.443,181.947,21910,11
1430870400,181.901,182.516,181.451,182.024,46914,4
1430956800,182.022,182.975,180.943,182.518,18824,14
1431043200,182.511,186.015,182.511,184.907,28128,30
1431302400,184.875,187.379,184.561,187.114,80829,27
1431388800,187.136,188.354,186.708,187.801,136746,23
1431475200,187.789,188.579,187.013,187.566,107525,11
1431561600,187.581,188.513,187.348,187.967,128394,26
1431648000,187.938,188.595,187.66,187.759,91714,20
1431907200,187.74,188.263,187.292,187.779,101285,22
1431993600,187.784,187.953,185.94,187.163,126639,52
1432080000,187.156,188.594,187.065,188.46,142352,52
1432166400,188.465,189.997,187.931,189.529,128168,25
1432252800,189.547,189.64,187.921,188.339,120278,52
1432512000,187.963,188.584,187.78,188.016,79315,52
1432598400,188.012,189.646,187.869,189.338,127840,19
1432684800,189.313,190.328,189.194,189.816,139102,52
1432771200,189.823,190.688,189.263,189.787,150692,52
1432857600,189.787,189.987,188.679,189.69,136065,52
1433116800,189.758,189.971,188.522,189.627,149272,19
1433203200,189.636,190.523,189.109,190.379,213523,19
1433289600,190.378,190.784,189.523,190.554,131415,11
1433376000,190.553,191.673,189.855,191.011,60503,2
1433462400,190.991,191.945,190.711,191.762,202328,13
1433721600,191.749,191.849,190.672,191.021,186410,19
1433808000,191.039,191.349,189.514,191.268,204766,21
1433894400,191.277,191.6,188.958,190.451,255939,16
1433980800,190.448,191.94,190.28,191.49,198246,13
1434067200,191.535,192.213,191.234,192.003,154929,13
1434326400,191.498,192.605,191.4,192.487,130556,14
1434412800,192.504,193.138,192.055,193.011,171064,11
1434499200,193.01,195.636,192.948,195.376,203828,25
1434585600,195.371,195.823,194.334,195.218,224891,18
1434672000,195.221,195.49,194.599,194.758,169634,16
1434931200,195.15,195.561,194.608,195.18,179989,13
1435017600,195.181,195.484,194.573,194.936,194732,13
1435104000,194.936,195.87,194.246,194.469,188975,13
1435190400,194.481,194.748,193.469,194.644,185854,18
1435276800,194.645,195.243,193.928,194.983,180638,20
1435536000,192.687,193.515,191.287,192.817,261539,20
1435622400,192.812,193.004,191.7,192.403,224576,16
1435708800,192.414,192.913,191.862,192.318,202054,19
1435795200,192.305,192.924,191.924,192.041,171245,9
1435881600,192.021,192.499,190.897,191.169,147068,10
1436140800,189.586,191.644,189.393,191.203,173522,22
1436227200,191.202,191.548,188.219,189.411,198214,22
1436313600,189.419,189.484,184.966,185.395,219904,22
1436400000,185.392,187.335,185.128,186.573,190186,23
1436486400,186.573,190.747,186.489,190.45,185360,22
1436745600,189.635,192.318,189.635,191.081,177762,11
1436832000,191.083,192.926,190.537,192.889,167592,11
1436918400,192.889,193.748,192.659,193.506,173977,22
1437004800,193.47,193.92,193.022,193.764,174136,22
1437091200,193.739,194.364,192.858,193.578,135364,22
1437350400,193.458,193.934,193.041,193.371,130931,22
1437436800,193.368,193.854,192.515,192.658,201421,18
1437523200,192.615,193.972,192.292,193.501,272677,13
1437609600,193.468,193.908,191.922,192.184,192098,17
1437696000,192.131,192.452,191.638,192.051,136092,22
1437955200,191.952,192.186,190.995,191.74,157168,15
1438041600,191.74,193.219,191.437,192.867,155235,24
1438128000,192.914,194.157,192.552,193.386,159563,21
1438214400,193.254,194.575,193.184,193.648,162958,21
1438300800,193.586,193.989,193.15,193.429,178676,21
1438560000,193.612,194.228,193.031,193.296,155803,16
1438646400,193.28,193.814,193.035,193.519,175193,29
1438732800,193.507,195.209,193.186,194.707,181683,18
1438819200,194.698,195.24,193.112,193.445,156903,24
1438905600,193.393,193.771,191.967,192.388,160279,29
1439164800,192.254,194.445,192.252,194.219,131007,25
1439251200,194.233,194.982,193.966,194.697,179227,29
1439337600,194.763,195.014,193.408,193.816,201103,26
1439424000,193.83,194.72,193.657,194.128,155139,22
1439510400,194.15,194.555,193.833,194.431,139275,22
1439769600,194.486,195.153,193.718,193.744,134148,29
1439856000,193.757,195.262,193.522,194.717,147013,29
1439942400,194.743,195.02,193.962,193.969,176144,29
1440028800,194.007,194.527,193.278,193.492,181849,29
1440115200,193.521,193.744,191.309,191.391,215728,29
1440374400,191.044,191.404,183.194,186.688,303774,23
1440460800,186.721,189.984,186.06,186.35,302114,27
1440547200,186.338,188.08,184.142,185.136,275466,29
1440633600,185.253,186.819,185.224,186.304,244253,29
1440720000,186.321,187.359,185.364,187.297,206961,29
1440979200,187.417,187.419,185.841,185.973,153406,29
1441065600,185.927,186.216,182.53,182.672,224535,21
1441152000,182.607,184.27,182.456,184.054,211743,21
1441238400,184.043,184.697,182.667,183.13,185517,29
1441324800,183.125,183.328,180.452,180.493,204357,29
1441584000,180.413,182.512,180.37,182.118,164886,29
1441670400,182.214,184.954,181.798,184.425,201032,29
1441756800,184.327,186.416,184.327,185.163,218932,29
1441843200,185.05,187.319,184.231,186.252,242108,29
1441929600,186.176,186.859,185.685,185.988,184736,29
1442188800,185.881,186.626,184.596,185.366,177067,29
1442275200,185.365,186.086,184.205,184.719,186308,29
1442361600,184.733,187.183,184.225,186.725,183016,29
1442448000,186.702,188.266,186.686,187.049,196445,21
1442534400,187.039,187.358,185.927,186.183,223883,29
1442793600,186.419,187.318,186.001,186.926,186274,29
1442880000,186.892,187.01,184.089,184.558,190556,29
1442966400,184.517,184.646,182.903,183.287,198035,29
1443052800,183.268,183.543,181.602,182.963,230169,29
1443139200,183.027,184.416,182.627,182.979,229531,29
1443398400,183.003,183.292,181.626,181.926,205807,29
1443484800,181.912,182.512,180.941,181.388,234441,29
1443571200,181.365,183.032,180.836,181.323,207992,22
1443657600,181.333,182.017,181.069,181.401,202104,21
1443744000,181.391,182.572,180.646,181.941,214014,29
1444003200,182.284,183.188,181.857,182.407,203311,29
1444089600,182.385,183.259,181.966,183.011,159325,29
1444176000,182.996,184.04,182.489,183.814,176990,29
1444262400,183.761,184.258,182.995,184.025,168108,24
1444348800,184.006,184.838,183.921,184.139,159952,29
1444608000,184.061,184.681,183.925,184.198,108228,21
1444694400,184.18,184.337,181.823,182.556,154731,29
1444780800,182.536,184.319,182.315,183.892,180429,29
1444867200,183.844,184.351,182.746,183.783,185381,29
1444953600,183.709,184.714,183.583,184.366,151344,29
1445212800,184.314,185.087,183.819,184.781,151938,0
1445299200,184.751,185.576,184.63,185.067,141295,0
1445385600,184.999,185.554,184.715,184.879,140244,29
1445472000,184.799,185.898,184.481,185.763,158672,0
1445558400,185.739,186.291,185.248,185.911,170342,29
1445817600,185.926,185.997,185.126,185.699,141336,29
1445904000,185.699,185.866,183.918,184.224,143243,0
1445990400,184.226,185.029,183.882,184.862,151942,0
1446076800,184.869,185.541,184.087,185.333,151828,0
1446163200,185.34,186.714,184.299,186.063,172995,29
1446422400,185.962,186.957,185.54,186.126,128273,29
1446508800,186.123,186.876,185.863,186.698,124986,0
1446595200,186.633,187.303,186.47,186.957,154357,29
1446681600,186.987,187.679,184.952,185.112,167347,29
1446768000,185.085,185.811,184.293,185.308,165508,0
1447027200,185.472,186.596,185.362,186.134,169410,29
1447113600,186.108,186.497,185.878,186.184,154610,29
1447200000,186.072,187.038,185.938,186.874,138080,0
1447286400,186.811,187.498,186.532,186.699,170185,0
1447372800,186.691,187.024,186.396,186.695,158707,0
1447632000,186.109,187.447,185.981,187.173,157090,0
1447718400,187.202,187.974,186.846,187.756,153080,0
1447804800,187.742,188.274,187.273,188.268,141365,29
1447891200,188.314,188.797,187.562,187.856,161413,29
1447977600,187.812,188.076,186.447,186.48,142528,0
1448236800,186.508,186.96,185.636,185.726,145919,0
1448323200,185.777,185.989,184.314,184.748,164213,0
1448409600,184.745,185.797,184.486,185.603,163304,0
1448496000,185.344,185.638,184.643,185.118,120915,29
1448582400,185.073,185.306,184.232,184.434,125174,0
1448841600,184.616,185.641,184.338,185.324,126474,21
1448928000,185.238,186.008,184.935,185.278,141366,0
1449014400,185.198,185.629,183.956,184.252,143099,29
1449100800,184.187,185.884,183.996,185.611,182836,29
1449187200,185.61,186.257,185.112,185.898,176830,29
1449446400,186.072,186.33,185.456,185.711,120617,29
1449532800,185.651,185.739,183.75,184.457,142306,0
1449619200,184.42,185.377,183.681,184.285,162530,29
1449705600,184.273,184.956,183.357,184.291,146428,29
1449792000,184.233,185.045,183.552,184.09,152054,0
1450051200,184.45,184.463,182.111,183.159,172198,29
1450137600,183.143,184.21,182.574,182.984,154813,29
1450224000,182.873,183.727,182.413,183.312,168697,0
1450310400,183.259,183.661,182.36,182.583,153366,0
1450396800,182.542,183.92,180.313,180.313,170288,0
1450656000,180.492,181.21,179.93,180.327,136911,0
1450742400,180.268,180.604,179.018,179.488,116476,0
1450828800,179.443,180.148,179.298,179.776,93843,29
1450915200,179.609,179.951,178.948,179.75,71594,29
1451260800,179.065,180.036,178.959,179.092,79524,0
1451347200,179.106,179.531,178.11,178.431,101815,0
1451433600,178.427,179.025,178.235,178.497,80307,0
1451520000,178.501,178.697,177.083,177.099,66571,0
1451865600,177.072,177.356,174.929,175.789,172723,29
1451952000,175.689,176.151,174.073,174.673,159397,0
1452038400,174.659,174.914,173.086,173.307,195286,28
1452124800,173.275,173.755,170.739,171.956,200865,0
1452211200,171.921,173.359,170.155,170.157,197168,29
1452470400,170.108,172.268,169.352,171.232,193719,29
1452556800,171.184,171.684,169.155,169.936,183200,0
1452643200,169.852,171.278,169.488,169.492,185866,28
1452729600,169.529,170.503,168.815,170.107,197858,28
1452816000,170.085,170.561,166.23,166.715,194688,29
1453075200,166.293,168.141,166.293,167.077,160425,0
1453161600,167.083,169.09,166.321,166.516,199058,29
1453248000,166.457,166.811,163.963,165.916,224866,29
1453334400,165.924,167.699,164.441,167.348,232965,29
1453420800,167.323,170.346,167.064,169.349,181193,22
1453680000,169.231,169.997,168.294,168.522,168890,0
1453766400,168.544,170.253,166.964,169.905,175488,0
1453852800,169.906,170.044,168.554,168.901,194288,0
1453939200,168.849,171.142,168.661,170.585,185668,28
1454025600,170.525,174.163,170.075,172.472,224947,29
1454284800,172.756,175.004,172.407,174.592,172951,29
1454371200,174.573,174.66,172.737,172.823,178696,29
1454457600,172.794,173.737,171.031,172.139,228353,28
1454544000,172.139,172.456,170.016,170.324,239039,28
1454630400,170.344,170.516,168.971,169.34,186879,29
1454889600,169.12,170.621,165.955,167.151,204424,29
1454976000,167.134,167.195,164.536,166.569,250367,29
1455062400,166.523,167.623,164.405,164.542,249502,0
1455148800,164.535,165.046,159.779,162.722,236015,0
1455235200,162.722,164.767,161.653,163.985,201318,0
1455494400,164.232,165.744,164.113,165.332,155446,0
1455580800,165.304,166.073,162.424,163.108,169988,29
1455667200,163.058,163.873,161.549,163.01,163806,29
1455753600,163.0,163.953,162.028,162.288,156184,29
1455840000,162.287,162.49,160.716,162.083,158432,0
1456099200,160.478,161.546,159.121,159.755,166761,0
1456185600,159.627,159.906,156.95,157.137,173405,0
1456272000,157.154,157.295,154.702,156.182,190253,0
1456358400,156.187,157.891,155.768,157.729,190774,0
1456444800,157.719,158.542,157.188,157.998,181625,29
1456704000,157.91,157.968,156.187,156.768,193351,29
1456790400,156.765,159.508,156.135,159.006,181969,0
1456876800,158.995,160.556,158.723,159.745,200076,0
1456963200,159.719,161.28,159.617,161.135,168017,0
1457049600,161.16,162.426,160.417,161.863,150493,29
1457308800,161.906,162.217,160.363,161.801,129799,0
1457395200,161.765,161.851,159.582,160.083,154215,0
1457481600,160.053,161.34,159.464,161.06,146178,29
1457568000,161.098,162.873,160.708,161.65,180227,0
1457654400,161.547,164.082,161.041,163.569,134190,0
1457913600,163.719,163.966,162.578,162.707,118044,0
1458000000,162.719,162.926,159.533,160.161,149093,0
1458086400,160.164,160.901,159.616,160.564,151098,0
1458172800,160.562,161.565,158.998,161.242,169238,29
1458259200,161.284,161.769,160.341,161.445,127079,29
1458518400,161.254,161.342,160.122,160.855,107105,0
1458604800,160.845,161.48,158.431,159.694,143815,0
1458691200,159.689,160.002,158.479,158.639,140971,0
1458777600,158.637,159.84,158.434,159.652,124063,0
1458864000,159.651,160.195,159.312,159.529,51766,29
1459123200,159.868,161.713,159.726,161.651,62957,29
1459209600,161.687,162.487,161.325,162.075,145291,29
1459296000,161.985,162.564,161.332,161.66,152317,0
1459382400,161.585,162.014,160.875,161.646,142457,29
1459468800,161.617,161.716,158.692,158.717,159144,29
1459728000,158.628,159.572,158.152,158.769,131294,29
1459814400,158.718,158.836,155.711,156.209,157552,0
1459900800,156.167,156.64,154.518,155.014,164912,0
1459987200,155.014,155.325,151.639,152.044,195988,0
1460073600,152.052,154.223,151.909,152.576,162837,0
1460332800,152.365,154.453,151.95,153.689,150937,0
1460419200,153.655,155.506,153.482,154.898,159800,0
1460505600,154.904,155.745,154.666,155.275,155705,0
1460592000,155.265,155.356,153.878,154.803,141413,0
1460678400,154.807,155.297,154.069,154.368,117277,0
1460937600,153.536,155.697,152.502,155.325,133332,0
1461024000,155.258,157.699,155.235,157.199,131075,0
1461110400,157.1,157.863,156.18,157.402,142213,29
1461196800,157.396,158.363,156.597,156.753,141168,0
1461283200,156.744,161.238,156.504,160.544,151204,0
1461542400,161.717,161.815,160.002,161.001,131525,0
1461628800,160.997,162.689,160.44,162.266,129625,0
1461715200,162.231,162.797,161.582,161.996,129208,0
1461801600,161.982,162.566,157.059,157.886,158753,0
1461888000,157.853,158.041,155.236,155.302,147904,0
1462147200,154.9,156.644,154.9,156.097,128714,0
1462233600,156.128,156.156,154.411,154.933,157540,0
1462320000,154.876,156.163,154.399,155.068,153367,0
1462406400,155.082,155.847,154.852,155.339,114463,0
1462492800,155.308,155.61,153.617,154.464,141858,0
1462752000,154.333,156.423,154.292,156.036,129147,29
1462838400,156.042,157.909,156.013,157.791,128163,0
1462924800,157.787,157.99,156.39,156.589,118526,0
1463011200,156.57,158.476,156.239,157.485,136442,0
1463097600,157.405,157.624,155.65,155.66,139801,0
1463356800,155.796,157.073,155.656,156.996,112425,0
1463443200,156.96,158.963,156.927,157.806,133495,0
1463529600,157.794,160.866,157.005,160.834,172324,0
1463616000,160.801,161.622,160.115,160.632,163087,0
1463702400,160.538,161.05,159.507,159.58,133289,0
1463961600,159.592,159.809,158.031,158.175,134033,0
1464048000,158.159,161.037,158.079,160.933,136382,0
1464134400,160.944,162.511,160.419,161.947,138376,0
1464220800,161.8,162.16,160.704,160.989,142007,0
1464307200,160.989,161.405,160.143,161.151,109305,0
1464566400,161.288,162.882,161.193,162.651,99091,0
1464652800,162.657,163.877,159.831,160.314,165840,0
1464739200,160.308,160.648,157.205,157.866,184762,0
1464825600,157.893,157.946,156.565,157.003,172778,0
1464912000,156.926,157.26,154.556,154.609,219634,0
1465171200,154.192,155.633,152.934,155.283,193256,0
1465257600,155.245,157.944,154.978,156.09,163469,0
1465344000,156.01,156.243,154.936,155.147,163627,0
1465430400,155.146,155.312,153.638,154.737,169220,0
1465516800,154.776,155.014,151.483,152.431,174812,0
1465776000,152.27,152.371,149.45,151.529,203784,0
1465862400,151.363,151.505,149.173,149.704,197869,0
1465948800,149.661,151.165,149.304,150.545,180795,0
1466035200,150.519,150.625,145.374,148.041,216128,0
1466121600,148.035,149.902,147.972,149.155,189452,0
1466380800,151.431,153.625,150.879,152.55,187857,0
1466467200,152.494,154.377,151.886,153.465,184044,29
1466553600,153.329,154.559,152.834,153.496,170348,0
1466640000,153.497,158.194,153.31,157.576,171790,0
1466726400,157.575,160.086,133.229,139.59,247729,0
1466985600,136.274,137.822,133.312,134.879,260037,29
1467072000,134.716,137.433,134.266,137.033,173394,29
1467158400,136.972,139.002,135.851,138.02,171353,0
1467244800,138.082,138.834,135.882,137.309,191259,0
1467331200,137.228,137.656,135.754,135.929,139777,0
1467590400,135.921,136.793,135.842,136.198,109458,0
1467676800,136.155,136.252,132.009,132.455,159852,0
1467763200,132.436,132.499,128.756,130.961,198357,29
1467849600,130.895,131.933,129.561,130.01,171655,0
1467936000,130.0,130.881,129.627,129.74,153106,0
1468195200,130.244,133.738,130.102,133.573,154426,29
1468281600,133.103,139.46,132.975,138.611,181424,0
1468368000,138.593,139.499,136.894,137.369,176249,0
1468454400,137.29,142.096,136.368,140.508,181464,0
1468540800,140.518,143.22,137.793,138.148,159575,0
1468800000,138.985,141.284,138.307,140.677,127114,0
1468886400,140.65,141.064,138.466,139.064,141912,0
1468972800,139.094,141.474,138.32,141.149,130238,0
1469059200,141.098,142.381,139.066,139.996,161211,0
1469145600,139.929,141.074,138.418,139.013,140581,0
1469404800,139.456,140.119,138.745,139.005,115472,29
1469491200,138.964,139.096,135.958,137.358,143922,0
1469577600,137.301,139.9,137.144,139.354,160727,0
1469664000,139.274,139.445,137.458,138.532,136024,0
1469750400,138.566,139.223,134.85,134.921,170752,0
1470009600,135.141,136.241,134.493,134.917,127130,29
1470096000,134.869,135.555,133.886,134.716,146657,0
1470182400,134.62,135.427,134.157,134.869,137707,0
1470268800,134.87,135.235,132.536,132.598,137184,0
1470355200,132.631,133.226,132.22,132.999,113065,0
1470614400,133.256,134.006,133.089,133.596,92209,0
1470700800,133.562,133.666,132.079,132.419,94982,0
1470787200,132.44,132.811,131.543,131.701,113812,0
1470873600,131.691,132.239,130.992,132.046,102913,0
1470960000,132.062,132.515,130.348,130.804,110419,0
1471219200,130.658,131.199,129.959,130.411,99020,0
1471305600,130.403,130.874,129.054,130.837,143007,0
1471392000,130.776,131.793,130.266,130.739,140711,0
1471478400,130.704,132.243,129.994,131.484,145701,0
1471564800,131.49,132.006,130.328,131.012,126060,0
1471824000,131.474,132.142,131.116,131.774,131400,0
1471910400,131.762,132.306,131.431,132.277,117489,0
1471996800,132.24,133.287,131.958,132.895,115884,0
1472083200,132.894,133.269,132.337,132.569,95190,29
1472169600,132.551,133.86,132.323,133.588,136728,0
1472428800,133.884,134.377,133.408,133.529,100450,29
1472515200,133.506,134.857,133.319,134.663,122619,0
1472601600,134.582,135.885,134.565,135.847,128916,0
1472688000,135.853,138.013,135.386,136.947,138094,0
1472774400,136.82,138.815,136.632,137.739,141461,0
1473033600,138.352,138.449,137.312,137.504,105011,0
1473120000,137.533,138.304,136.85,137.114,135300,29
1473206400,136.953,137.102,135.379,135.693,138737,0
1473292800,135.695,136.418,134.999,136.234,139724,0
1473379200,136.055,137.119,135.72,135.881,148002,0
1473638400,136.005,136.216,135.066,135.778,149044,29
1473724800,135.758,136.062,134.458,135.278,162352,0
1473811200,135.251,136.61,134.896,135.538,147737,0
1473897600,135.456,136.116,134.557,135.124,159648,0
1473984000,135.07,135.233,132.88,132.88,136050,0
1474243200,132.77,133.461,132.421,132.77,112818,0
1474329600,132.789,133.087,131.633,132.076,133354,0
1474416000,132.075,133.242,130.396,130.728,190935,0
1474502400,130.669,132.253,130.529,131.717,135358,0
1474588800,131.594,132.274,130.44,130.583,142199,0
1474848000,130.864,131.218,129.678,130.133,120051,0
1474934400,130.144,131.199,129.613,130.738,156874,0
1475020800,130.734,131.267,130.458,131.033,138362,0
1475107200,131.013,132.419,130.663,130.965,163622,0
1475193600,130.921,131.938,130.409,131.438,163780,0
1475452800,130.701,131.489,130.059,130.493,136467,0
1475539200,130.463,131.34,130.289,130.968,177373,0
1475625600,130.885,132.217,130.483,131.908,145424,0
1475712000,131.896,132.057,131.065,131.121,144310,0
1475798400,131.119,131.22,116.082,127.874,220941,29
1476057600,127.935,128.592,127.461,128.064,127845,0
1476144000,128.023,128.354,124.811,125.478,183305,0
1476230400,125.451,127.686,125.276,127.191,191200,0
1476316800,127.016,127.456,125.902,127.044,161732,0
1476403200,127.019,127.914,126.509,126.509,176587,0
1476662400,126.754,127.047,126.239,126.528,151212,29
1476748800,126.52,128.153,126.363,127.708,146282,0
1476835200,127.684,127.872,126.587,127.085,140516,0
1476921600,127.02,127.569,126.569,127.345,145598,0
1477008000,127.336,127.667,126.106,126.807,134150,0
1477267200,126.88,127.555,126.6,127.469,116797,0
1477353600,127.459,127.929,126.585,127.003,154728,0
1477440000,126.96,127.97,126.61,127.914,138272,0
1477526400,127.914,128.405,127.402,128.014,168930,0
1477612800,127.994,128.265,127.227,127.274,191515,0
1477872000,127.418,128.479,127.418,128.206,146409,0
1477958400,128.21,129.014,127.113,127.4,168690,29
1478044800,127.4,127.486,126.705,127.106,197402,29
1478131200,127.1,128.899,126.467,128.318,189832,0
1478217600,128.318,129.439,128.244,128.72,160233,0
1478476800,129.389,130.22,129.218,129.494,155104,0
1478563200,129.425,130.34,129.253,130.209,145901,0
1478649600,130.125,131.701,126.681,131.068,381162,0
1478736000,131.071,134.312,130.27,134.037,249130,0
1478822400,134.044,134.902,133.414,133.966,229413,0
1479081600,134.256,135.611,134.07,135.355,220641,0
1479168000,135.364,136.546,134.169,135.965,179705,0
1479254400,135.955,136.746,135.617,135.678,166110,0
1479340800,135.699,136.879,134.984,136.651,194940,29
1479427200,136.625,137.568,135.391,136.513,224603,0
1479686400,138.144,138.848,136.267,138.361,214662,0
1479772800,138.306,138.827,137.612,138.043,191358,0
1479859200,138.035,140.332,137.256,139.873,176613,0
1479945600,139.824,141.286,139.614,141.063,152913,29
1480032000,141.047,141.726,139.946,140.983,186707,0
1480291200,140.484,140.911,138.841,138.951,214154,29
1480377600,138.834,141.357,138.494,140.357,194976,0
1480464000,140.365,143.241,139.957,143.101,231566,0
1480550400,143.074,145.178,142.627,143.587,212782,0
1480636800,143.606,144.652,142.895,144.199,180138,0
1480896000,143.28,146.019,142.499,144.904,210166,0
1480982400,144.901,145.611,144.144,144.476,147464,0
1481068800,144.424,144.782,142.978,143.605,136553,29
1481155200,143.578,144.454,143.07,143.478,172560,29
1481241600,143.404,145.105,143.272,144.699,152644,0
1481500800,145.106,146.362,144.898,145.757,154711,29
1481587200,145.751,146.691,145.478,145.777,165733,0
1481673600,145.781,147.274,145.18,147.017,187142,0
1481760000,147.01,148.445,146.333,146.719,264279,0
1481846400,146.707,147.305,146.244,146.878,237408,0
1482105600,147.155,147.249,144.512,145.091,212394,29
1482192000,145.126,146.34,144.905,145.737,206515,0
1482278400,145.7,145.853,144.873,145.179,176087,0
1482364800,145.194,145.568,144.294,144.298,167914,0
1482451200,144.294,144.482,143.484,143.747,131391,0
1482710400,143.74,143.961,143.277,143.755,12830,0
1482796800,143.666,144.246,143.529,144.038,107689,0
1482883200,143.996,144.683,142.992,143.325,151645,0
1482969600,143.258,143.339,142.153,142.878,175054,29
1483056000,142.779,144.601,142.671,144.348,203254,0
1483315200,143.878,144.948,143.83,144.222,103829,51
1483401600,144.219,145.383,143.513,144.079,199402,0
1483488000,144.02,144.936,143.673,144.415,216421,0
1483574400,144.335,144.636,142.478,143.166,277950,0
1483660800,143.122,144.033,142.963,143.643,231247,0
1483920000,143.344,143.841,141.04,141.081,213579,29
1484006400,141.034,141.432,140.164,140.933,237885,0
1484092800,140.911,141.458,139.929,140.918,266296,0
1484179200,140.801,140.975,138.907,139.458,290226,0
1484265600,139.405,140.56,139.079,139.08,240355,0
1484524800,137.132,138.137,136.446,137.483,207782,0
1484611200,137.505,140.124,137.044,139.777,298972,0
1484697600,139.696,140.66,139.122,140.5,267982,0
1484784000,140.498,142.162,140.345,141.721,270746,0
1484870400,141.732,142.058,141.158,141.449,267885,0
1485129600,141.506,142.068,140.746,141.214,263725,29
1485216000,141.203,142.501,140.756,142.441,241206,0
1485302400,142.417,143.696,141.812,143.063,249961,0
1485388800,143.043,144.512,142.871,144.186,246200,0
1485475200,144.216,144.773,143.98,144.338,214660,0
1485734400,144.254,144.596,141.657,142.008,219757,29
1485820800,141.917,142.449,140.43,141.834,268905,29
1485907200,141.806,144.113,141.633,143.28,247690,0
1485993600,143.274,143.512,140.748,141.24,250478,0
1486080000,141.226,141.965,140.184,140.184,231522,0
1486339200,140.365,140.745,139.201,139.243,216051,0
1486425600,139.239,140.589,138.525,140.528,226067,0
1486512000,140.538,140.665,139.788,140.346,228355,0
1486598400,140.338,141.796,140.019,141.484,213687,0
1486684800,141.457,142.357,140.924,140.993,220762,0
1486944000,141.591,142.601,141.375,142.412,197830,0
1487030400,142.404,142.704,141.003,142.383,218493,29
1487116800,142.452,142.797,141.828,142.199,208218,0
1487203200,142.156,142.449,141.235,141.379,205628,0
1487289600,141.329,141.934,139.615,139.681,191420,0
1487548800,139.99,141.247,139.99,140.866,149179,0
1487635200,140.882,141.851,140.842,141.771,200238,0
1487721600,141.711,142.021,140.462,141.062,220436,0
1487808000,141.026,141.535,140.673,141.373,201943,0
1487894400,141.3,141.756,139.304,139.357,204244,0
1488153600,139.813,140.36,138.993,140.168,214172,0
1488240000,140.176,140.309,138.814,139.586,210530,0
1488326400,139.516,140.724,139.483,139.762,251584,0
1488412800,139.774,140.738,139.703,140.366,207981,0
1488499200,140.303,140.487,139.59,139.834,212914,0
1488758400,139.913,140.31,139.266,139.336,176858,29
1488844800,139.336,139.621,138.715,139.015,179828,0
1488931200,138.948,139.65,138.427,139.108,202437,29
1489017600,139.103,140.02,139.041,139.804,234879,0
1489104000,139.814,140.527,139.351,139.457,226295,29
1489363200,139.644,140.482,139.491,140.302,201345,29
1489449600,140.302,140.405,139.141,139.444,197554,29
1489536000,139.443,140.603,139.104,139.403,208348,0
1489622400,139.405,140.173,138.544,140.017,242261,29
1489708800,140.012,140.454,139.144,139.628,192301,29
1489968000,139.534,140.128,138.883,139.012,167699,29
1490054400,139.015,140.397,138.903,139.395,228935,29
1490140800,139.394,139.479,137.745,138.831,243708,29
1490227200,138.831,139.314,138.284,138.889,230892,29
1490313600,138.891,139.148,138.29,138.616,205823,0
1490572800,138.429,139.095,138.028,138.939,219083,0
1490659200,138.917,139.385,138.032,138.385,200452,29
1490745600,138.29,138.49,137.506,138.039,216823,0
1490832000,138.041,139.59,137.732,139.504,199298,0
1490918400,139.488,140.075,138.965,139.508,217145,0
1491177600,139.655,139.889,138.291,138.433,187339,0
1491264000,138.421,138.476,137.073,137.718,191878,0
1491350400,137.706,139.027,137.444,138.169,198278,0
1491436800,138.16,138.704,137.706,138.137,177752,0
1491523200,138.095,138.326,136.938,137.201,218519,0
1491782400,137.458,138.249,137.358,137.685,144781,0
1491868800,137.632,137.717,136.831,136.874,184219,0
1491955200,136.855,137.328,136.509,136.676,199752,0
1492041600,136.602,137.101,136.321,136.366,190818,29
1492128000,136.392,136.616,135.884,135.889,96683,0
1492387200,136.205,136.965,135.585,136.805,121116,0
1492473600,136.747,140.016,136.132,139.184,213284,0
1492560000,139.166,140.176,138.917,139.047,192116,0
1492646400,139.045,140.328,138.983,140.05,179050,0
1492732800,140.049,140.136,139.178,139.526,161434,29
1492992000,141.767,141.81,140.179,140.412,193574,0
1493078400,140.404,142.641,140.041,142.587,174564,0
1493164800,142.536,143.496,142.318,142.669,199675,0
1493251200,142.652,143.877,142.561,143.526,184026,0
1493337600,143.526,144.478,143.286,144.354,168128,29
1493596800,143.851,144.608,143.79,144.114,115562,0
1493683200,144.094,145.107,144.01,144.926,152857,0
1493769600,144.819,145.343,144.499,145.067,153643,0
1493856000,145.01,145.714,144.642,145.287,175834,0
1493942400,145.276,146.427,144.795,146.085,168278,29
1494201600,146.644,146.658,145.646,146.512,173213,0
1494288000,146.509,147.865,146.43,147.36,175660,0
1494374400,147.353,148.092,147.107,147.839,176624,0
1494460800,147.839,147.921,146.127,146.705,176045,0
1494547200,146.705,146.782,145.789,145.958,157740,0
1494806400,145.755,146.986,145.755,146.68,156430,0
1494892800,146.683,147.102,145.807,146.055,175377,0
1494979200,146.049,146.103,143.62,143.716,229681,0
1495065600,143.716,144.817,143.339,144.192,277988,0
1495152000,144.204,145.37,143.811,144.933,194737,0
1495411200,144.297,145.072,144.115,144.679,165353,0
1495497600,144.66,145.132,143.754,144.858,184347,0
1495584000,144.832,145.401,144.493,144.62,165514,0
1495670400,144.62,145.428,144.521,144.735,149761,0
1495756800,144.728,144.74,142.114,142.25,166110,0
1496016000,142.3,143.069,142.3,142.791,95286,0
1496102400,142.794,143.082,141.81,142.524,154470,0
1496188800,142.524,142.899,141.471,142.753,187119,0
1496275200,142.754,143.69,142.5,143.391,170442,0
1496361600,143.393,143.942,142.007,142.318,160899,0
1496620800,141.876,143.088,141.868,142.538,124261,29
1496707200,142.413,142.64,140.701,141.248,172035,29
1496793600,141.167,142.367,140.729,142.303,172954,29
1496880000,142.303,142.751,141.731,142.488,167794,29
1496966400,140.174,141.139,139.494,140.433,236074,29
1497225600,140.199,140.786,138.657,139.147,165474,29
1497312000,139.03,140.386,139.01,140.338,148829,29
1497398400,140.284,140.888,139.095,139.693,197345,29
1497484800,139.685,141.574,139.18,141.495,193321,29
1497571200,141.462,142.323,141.341,141.502,167543,29
1497830400,141.477,142.325,141.307,142.033,148412,29
1497916800,142.021,142.531,140.571,140.695,161465,29
1498003200,140.721,141.743,139.837,141.1,155478,29
1498089600,141.1,141.222,140.455,141.152,146534,29
1498176000,141.145,141.875,141.001,141.333,134373,29
1498435200,141.527,142.355,141.473,142.294,130818,29
1498521600,142.232,144.202,141.952,143.936,165553,29
1498608000,143.913,145.509,143.254,145.157,179361,29
1498694400,145.126,146.52,145.085,145.838,177395,29
1498780800,145.791,146.535,145.123,146.271,146170,29
1499040000,145.769,146.92,145.769,146.766,140243,29
1499126400,146.619,146.847,145.97,146.318,131973,29
1499212800,146.218,146.787,145.998,146.44,155993,29
1499299200,146.465,147.257,146.038,146.807,154374,29
1499385600,146.707,147.599,146.381,146.64,161727,29
1499644800,146.648,147.439,146.648,146.85,131131,29
1499731200,146.821,147.76,146.16,146.352,156351,29
1499817600,146.248,146.405,145.255,145.742,186035,29
1499904000,145.742,146.857,145.536,146.574,174717,29
1499990400,146.506,147.559,145.998,147.286,165356,29
1500249600,147.316,147.595,146.745,147.021,150616,29
1500336000,146.954,147.314,145.384,146.081,195240,29
1500422400,146.124,146.314,145.245,145.671,160071,29
1500508800,145.688,146.259,144.682,145.114,201277,29
1500595200,145.114,145.314,144.043,144.339,172019,29
1500854400,144.251,145.0,144.013,144.743,167390,29
1500940800,144.723,145.878,144.451,145.819,178915,29
1501027200,145.819,146.398,145.481,145.717,193533,29
1501113600,145.717,146.545,145.114,145.384,236711,29
1501200000,145.384,145.759,144.995,145.282,216882,29
1501459200,145.226,145.823,144.804,145.644,188784,29
1501545600,145.643,146.15,145.392,145.746,194083,29
1501632000,145.599,146.741,145.599,146.431,182139,29
1501718400,146.379,146.786,144.378,144.503,188514,29
1501804800,144.505,145.259,144.214,144.248,163862,29
1502064000,144.282,144.702,144.172,144.325,132817,29
1502150400,144.319,144.448,143.17,143.321,144396,29
1502236800,143.315,143.367,142.258,143.111,176810,29
1502323200,143.111,143.324,141.63,141.725,179521,29
1502409600,141.661,142.061,141.238,141.998,189701,29
1502668800,141.708,142.327,141.708,142.188,69493,29
1502755200,142.188,143.178,141.961,142.446,185941,29
1502841600,142.362,143.082,141.711,142.008,154921,29
1502928000,142.014,142.029,140.841,140.989,178217,29
1503014400,140.994,141.089,139.773,140.435,177275,29
1503273600,140.521,140.828,140.092,140.562,125574,29
1503360000,140.511,141.025,140.046,140.453,119008,29
1503446400,140.482,140.779,139.424,139.55,133918,29
1503532800,139.507,140.423,139.282,140.223,133919,29
1503619200,140.195,140.85,140.12,140.763,138503,29
1503878400,140.983,141.4,140.425,141.29,92717,29
1503964800,141.238,141.988,139.993,141.668,184146,29
1504051200,141.598,142.763,141.538,142.52,140803,29
1504137600,142.52,142.892,141.539,142.154,150836,29
1504224000,141.85,142.996,141.85,142.822,136451,29
1504483200,141.908,142.483,141.559,141.763,108635,29
1504569600,141.763,141.917,141.175,141.717,154466,29
1504656000,141.747,142.669,141.354,142.545,149209,29
1504742400,142.545,142.666,141.471,142.146,156018,29
1504828800,142.146,142.532,141.332,142.217,170986,29
1505088000,142.59,144.152,142.531,144.145,126144,29
1505174400,143.971,146.54,143.885,146.302,152634,0
1505260800,146.302,146.659,145.645,145.9,125570,0
1505347200,145.9,148.344,145.162,147.649,153742,0
1505433600,147.635,151.544,146.608,150.607,178470,0
1505692800,150.54,151.514,150.142,150.54,132956,0
1505779200,150.54,151.59,150.13,150.666,150540,0
1505865600,150.666,152.168,150.424,151.402,152487,0
1505952000,151.402,152.854,151.369,152.663,154628,0
1506038400,152.663,152.76,150.658,151.062,154343,0
1506297600,151.322,152.268,149.746,150.408,156265,0
1506384000,150.406,151.071,149.986,151.012,154057,0
1506470400,151.007,151.602,150.527,150.985,177569,0
1506556800,150.989,151.578,150.467,150.949,138446,0
1506643200,150.949,151.278,150.196,150.571,113136,0
1506902400,150.406,150.961,149.276,149.632,107559,0
1506988800,149.632,150.239,149.292,149.365,105653,0
1507075200,149.365,149.905,149.033,149.375,97875,0
1507161600,149.375,149.459,147.681,147.981,94246,0
1507248000,147.981,148.026,147.038,147.062,113471,0
1507507200,147.272,148.55,146.934,148.04,71486,0
1507593600,148.04,148.519,147.734,148.443,99409,0
1507680000,148.443,148.848,147.843,148.711,89468,0
1507766400,148.711,149.156,147.288,148.849,102187,0
1507852800,148.847,149.263,148.305,148.305,106102,0
1508112000,148.555,148.963,148.162,148.636,84792,0
1508198400,148.636,149.058,147.773,147.96,100953,0
1508284800,147.96,149.121,147.883,149.118,99455,0
1508371200,149.118,149.435,147.888,148.034,121631,0
1508457600,148.034,149.824,147.983,149.667,117958,0
1508716800,150.131,150.488,149.472,149.69,103106,0
1508803200,149.69,150.088,149.129,149.508,107209,0
1508889600,149.508,151.393,149.281,150.756,128671,0
1508976000,150.756,150.897,149.761,149.972,111626,0
1509062400,149.98,150.035,148.879,149.207,110889,0
1509321600,149.162,150.013,149.087,149.459,91492,0
1509408000,149.456,151.067,149.19,150.932,102507,0
1509494400,150.911,151.934,150.871,151.2,115492,0
1509580800,151.2,151.514,148.663,148.943,122611,0
1509667200,148.943,149.535,148.705,149.109,99576,0
1509926400,148.978,149.899,148.975,149.725,106999,0
1510012800,149.725,150.322,149.653,150.057,104996,0
1510099200,150.057,150.11,148.538,149.302,98576,0
1510185600,149.302,149.694,148.438,149.132,138712,0
1510272000,149.132,149.998,148.835,149.712,114331,0
1510531200,149.407,149.673,148.056,149.0,110128,0
1510617600,149.0,149.567,148.617,149.348,115058,0
1510704000,149.348,149.359,148.097,148.626,155853,0
1510790400,148.626,149.457,148.506,149.142,122339,0
1510876800,149.142,149.318,147.93,148.126,133449,0
1511136000,148.169,149.23,147.63,149.034,134629,0
1511222400,149.034,149.368,148.614,148.814,109583,0
1511308800,148.814,148.966,148.013,148.156,112292,0
1511395200,148.156,148.477,147.809,147.969,81459,2
1511481600,147.97,148.983,147.889,148.575,99592,1
1511740800,148.535,148.865,147.834,147.911,121972,0
1511827200,147.911,149.281,146.971,148.652,146532,0
1511913600,148.627,150.437,148.582,150.048,153745,0
1512000000,150.048,152.406,149.978,152.178,187294,0
1512086400,152.178,152.482,150.573,150.989,210216,0
1512345600,151.47,152.946,151.236,151.491,165154,0
1512432000,151.491,151.814,150.527,151.309,134756,0
1512518400,151.365,151.382,149.758,150.316,162176,0
1512604800,150.316,152.46,150.138,152.336,131946,0
1512691200,152.336,153.407,151.632,151.978,142201,0
1512950400,151.896,152.342,151.234,151.445,119949,0
1513036800,151.436,151.758,151.027,151.205,110852,0
1513123200,151.205,151.51,150.461,151.011,123826,0
1513209600,151.011,151.892,150.367,150.889,151876,0
1513296000,150.889,151.019,149.412,149.962,145800,0
1513555200,149.992,151.025,149.616,150.607,186134,2
1513641600,150.599,151.27,150.366,151.091,198498,2
1513728000,151.091,152.015,151.059,151.643,187486,2
1513814400,151.643,151.918,151.262,151.671,178939,2
1513900800,151.671,151.852,151.184,151.366,135566,2
1514246400,151.476,151.558,151.185,151.428,103487,2
1514332800,151.428,152.088,151.331,151.798,180059,2
1514419200,151.798,151.982,151.487,151.597,117012,2
1514505600,151.597,152.511,151.528,152.171,171869,2
1514851200,152.1,152.735,151.865,152.57,167165,2
1514937600,152.57,152.825,151.748,152.027,174909,2
1515024000,152.026,152.977,151.961,152.752,191929,2
1515110400,152.752,153.637,152.705,153.416,199716,2
1515369600,153.389,153.669,152.869,153.406,151010,1
1515456000,153.406,153.573,151.945,152.508,197082,1
1515542400,152.504,152.599,150.359,150.49,246470,1
1515628800,150.49,151.005,150.191,150.541,234378,1
1515715200,150.541,152.675,150.507,152.451,268346,1
1515974400,152.494,152.807,151.931,152.374,216054,1
1516060800,152.374,153.099,152.046,152.291,238145,1
1516147200,152.292,154.286,152.142,153.884,277951,1
1516233600,153.855,154.579,153.619,154.314,266526,1
1516320000,154.3,154.424,153.109,153.541,247651,1
1516579200,153.462,155.25,153.408,155.124,197493,1
1516665600,155.124,155.403,153.729,154.393,250008,1
1516752000,154.393,155.705,154.126,155.456,308164,1
1516838400,155.458,156.084,154.424,154.597,392001,1
1516924800,154.597,155.854,153.425,153.766,322320,0
1517184000,153.655,154.021,152.823,153.333,279907,1
1517270400,153.333,154.084,151.966,153.866,300973,1
1517356800,153.866,155.344,153.561,154.918,325723,1
1517443200,154.918,156.442,154.547,155.977,289999,1
1517529600,155.977,156.608,155.418,155.551,330937,1
1517788800,155.387,155.55,152.211,152.212,384217,1
1517875200,152.212,152.907,151.201,152.791,541304,1
1517961600,152.791,153.123,151.325,151.684,366902,1
1518048000,151.685,154.044,150.807,151.284,534037,1
1518134400,151.235,152.753,148.913,150.406,582052,1
1518393600,150.282,150.826,149.66,150.31,315120,1
1518480000,150.31,150.619,148.975,149.761,310182,1
1518566400,149.761,150.027,147.962,149.724,382259,1
1518652800,149.724,150.184,148.924,149.602,360390,1
1518739200,149.602,149.964,148.777,148.977,308390,1
1518998400,148.954,149.469,148.878,149.172,220933,1
1519084800,149.172,150.382,149.065,150.175,252388,1
1519171200,150.175,150.934,149.414,149.964,305899,1
1519257600,149.966,149.981,148.538,148.91,290046,1
1519344000,148.907,149.517,148.641,149.317,237112,1
1519603200,149.912,150.01,148.999,149.3,259956,1
1519689600,149.3,149.812,148.836,149.249,269800,1
1519776000,149.247,149.516,146.721,146.759,285351,1
1519862400,146.759,147.484,146.007,146.324,350995,1
1519948800,146.298,146.446,144.982,145.946,322783,1
1520208000,145.563,147.123,145.08,147.045,329411,1
1520294400,147.045,148.011,146.553,147.329,282523,1
1520380800,147.329,147.569,146.231,147.313,318964,1
1520467200,147.313,147.659,146.369,146.615,285266,1
1520553600,146.615,148.545,146.607,147.921,301032,1
1520812800,147.872,148.211,147.412,148.0,228718,1
1520899200,148.0,149.38,147.764,148.672,268501,1
1520985600,148.672,149.165,147.75,148.462,263761,1
1521072000,148.461,148.502,147.444,148.207,287836,1
1521158400,148.208,148.234,147.247,147.794,236455,1
1521417600,147.72,149.682,147.047,148.698,369311,1
1521504000,148.698,149.792,148.573,149.139,340350,1
1521590400,149.139,150.306,148.951,149.941,251550,1
1521676800,149.941,150.182,148.271,148.484,323673,1
1521763200,148.484,148.971,147.67,147.997,325740,1
1522022400,147.894,150.108,147.879,149.962,240289,1
1522108800,149.939,150.495,148.933,149.101,242810,1
1522195200,148.913,150.593,148.909,150.347,379969,1
1522281600,150.347,150.466,149.023,149.173,320190,1
1522368000,149.173,149.455,148.812,148.968,277463,1
1522627200,148.809,149.672,148.382,148.701,173582,1
1522713600,148.701,149.958,148.493,149.828,216384,1
1522800000,149.835,150.426,148.798,150.305,152780,1
1522886400,150.326,150.685,149.959,150.365,124618,1
1522972800,150.34,151.223,149.881,150.66,177287,1
1523232000,150.621,151.492,150.49,150.816,123675,1
1523318400,150.812,152.136,150.707,151.947,142663,1
1523404800,151.934,152.243,151.276,151.368,124625,1
1523491200,151.324,152.877,151.168,152.635,136711,1
1523577600,152.645,153.851,152.579,152.797,116570,1
1523836800,153.024,153.761,152.651,153.561,104580,1
1523923200,153.552,153.753,152.782,152.838,100314,1
1524009600,152.836,153.628,152.058,152.274,102747,1
1524096000,152.24,152.958,151.085,151.195,125777,1
1524182400,151.209,151.702,150.691,150.736,123797,1
1524441600,150.864,151.64,150.731,151.515,113522,1
1524528000,151.507,152.599,151.406,152.072,117197,1
1524614400,152.04,152.568,152.039,152.398,142396,1
1524700800,152.37,152.729,151.973,152.068,190656,1
1524787200,152.027,152.279,150.225,150.31,194254,1
1525046400,150.171,150.843,149.836,150.404,139429,1
1525132800,150.405,150.633,149.147,149.561,156658,1
1525219200,149.561,150.124,149.006,149.083,189531,1
1525305600,149.075,149.465,147.6,148.2,203219,1
1525392000,148.2,148.294,147.058,147.546,193733,1
1525651200,147.643,148.263,147.341,147.872,117199,1
1525737600,147.872,148.076,147.05,147.836,173863,1
1525824000,147.836,149.195,147.698,148.639,169298,1
1525910400,148.639,149.308,147.479,147.844,209953,1
1525996800,147.846,148.487,147.581,148.113,140441,1
1526256000,147.979,149.068,147.915,148.619,115597,1
1526342400,148.615,149.197,148.376,148.989,162101,1
1526428800,148.895,149.064,148.181,148.862,170853,1
1526515200,148.826,149.834,148.762,149.674,170602,1
1526601600,149.676,150.008,149.09,149.181,123809,1
1526860800,149.232,149.655,148.812,149.029,120266,1
1526947200,149.029,149.726,148.767,148.898,141788,1
1527033600,148.902,149.0,145.944,146.869,229576,1
1527120000,146.841,147.266,145.688,146.14,191310,1
1527206400,146.133,146.724,145.278,145.429,205193,1
1527465600,146.1,146.18,145.319,145.598,127214,1
1527552000,145.578,145.708,143.194,144.001,252566,1
1527638400,144.047,145.056,143.596,144.641,179466,1
1527724800,144.644,145.311,144.123,144.643,167799,1
1527811200,144.605,146.303,144.486,146.176,140104,1
1528070400,145.905,146.898,145.836,146.19,109392,1
1528156800,146.173,147.093,146.03,146.938,118070,1
1528243200,146.854,148.004,146.839,147.758,108936,1
1528329600,147.735,148.115,146.904,147.228,130089,1
1528416000,147.18,147.439,146.091,146.921,129509,1
1528675200,146.509,147.844,146.509,147.149,90652,1
1528761600,147.131,147.986,147.116,147.562,120288,1
1528848000,147.575,147.895,147.209,147.562,107906,1
1528934400,147.506,147.848,146.621,146.653,136644,1
1529020800,146.704,147.067,146.292,146.925,126624,1
1529280000,146.846,146.997,146.1,146.402,90880,1
1529366400,146.383,146.47,144.384,144.955,145260,1
1529452800,144.982,145.62,144.582,145.301,111885,1
1529539200,145.301,146.217,144.59,145.528,152108,1
1529625600,145.542,146.649,145.425,145.882,128337,1
1529884800,145.547,146.181,144.695,145.684,127483,1
1529971200,145.712,145.764,144.97,145.458,128823,1
1530057600,145.444,145.66,144.515,144.546,155018,1
1530144000,144.538,144.678,143.768,144.478,153851,1
1530230400,144.454,146.329,144.341,146.284,145251,1
1530489600,145.704,146.49,145.184,145.725,135852,1
1530576000,145.718,146.385,145.282,145.822,115342,1
1530662400,145.814,146.361,145.56,146.064,151979,1
1530748800,145.854,146.87,145.738,146.263,153778,1
1530835200,146.049,146.795,145.929,146.786,104857,1
1531094400,147.017,147.613,146.091,146.917,140666,1
1531180800,146.9,147.792,146.798,147.274,119052,1
1531267200,147.311,148.114,146.8,147.845,159541,1
1531353600,147.825,148.898,147.772,148.566,118476,1
1531440000,148.487,148.726,147.64,148.694,121689,1
1531699200,148.41,149.312,148.385,148.582,79960,1
1531785600,148.599,149.089,147.56,148.016,119475,1
1531872000,148.001,148.229,146.865,147.442,111762,0
1531958400,147.433,147.599,146.156,146.34,139238,1
1532044800,146.341,146.66,145.972,146.317,138955,1
1532304000,146.122,146.413,145.659,145.824,107437,14
1532390400,145.822,146.313,145.437,146.141,101189,12
1532476800,146.143,146.506,145.75,146.328,110761,22
1532563200,146.312,146.501,145.745,145.773,107287,15
1532649600,145.762,145.806,145.252,145.478,87922,20
1532908800,145.422,145.908,145.246,145.805,78784,13
1532995200,145.787,147.001,145.337,146.773,114027,17
1533081600,146.795,147.134,146.297,146.638,104080,16
1533168000,146.532,146.636,144.983,145.309,97987,16
1533254400,145.311,145.533,144.496,144.67,84077,21
1533513600,144.603,144.719,144.028,144.181,58969,18
1533600000,144.166,144.423,143.791,144.098,66583,25
1533686400,144.09,144.262,142.712,142.93,75970,16
1533772800,142.931,143.476,142.333,142.435,76036,12
1533859200,142.464,142.548,140.919,141.647,128081,22
1534118400,140.715,141.819,140.224,141.31,115160,22
1534204800,141.279,142.458,140.988,141.378,95133,15
1534291200,141.371,141.753,139.881,140.575,105403,17
1534377600,140.532,141.311,140.192,140.924,107010,16
1534464000,140.903,141.151,140.21,140.9,89171,12
1534723200,140.906,141.205,140.702,140.822,65645,19
1534809600,140.788,142.663,140.647,142.25,84745,27
1534896000,142.128,142.783,141.932,142.701,82184,25
1534982400,142.693,142.993,142.408,142.499,76761,12
1535068800,142.517,143.225,142.463,142.9,83506,19
1535328000,142.89,143.268,142.51,143.182,62456,14
1535414400,143.167,143.651,143.031,143.094,77838,16
1535500800,143.094,145.55,142.806,145.452,91831,18
1535587200,145.436,145.668,144.329,144.33,90706,20
1535673600,144.303,144.683,143.478,143.937,97139,18
1535932800,143.38,143.701,142.821,142.959,76173,22
1536019200,142.892,143.364,142.577,143.189,86871,29
1536105600,143.172,144.95,142.637,143.905,99798,12
1536192000,143.854,144.227,142.924,143.15,94625,15
1536278400,143.147,144.42,142.592,143.409,106979,35
1536537600,143.467,145.013,143.056,144.702,75777,14
1536624000,144.698,145.912,144.323,145.442,82802,19
1536710400,145.364,145.637,144.658,145.068,83184,22
1536796800,145.082,146.803,144.998,146.676,84367,14
1536883200,146.672,147.003,146.24,146.419,80845,25
1537142400,146.302,147.448,146.297,147.13,75346,15
1537228800,147.128,147.896,146.764,147.717,99166,16
1537315200,147.718,148.518,147.178,147.548,89479,16
1537401600,147.471,149.271,147.328,149.206,102058,17
1537488000,149.13,149.698,146.974,147.173,94106,28
1537747200,146.99,148.285,146.929,147.931,75816,16
1537833600,147.936,149.008,147.79,148.867,85014,21
1537920000,148.862,149.079,148.263,148.363,92839,24
1538006400,148.363,148.714,147.58,148.2,98342,17
1538092800,148.2,148.627,147.523,148.112,88446,36
1538352000,148.288,149.409,148.153,148.522,80521,12
1538438400,148.541,148.705,147.178,147.471,94596,16
1538524800,147.447,148.57,147.249,148.212,106206,17
1538611200,148.145,148.619,147.687,148.263,117287,12
1538697600,148.266,149.252,148.063,149.121,135534,23
1538956800,149.245,149.493,147.478,148.174,116496,12
1539043200,148.118,148.73,147.332,148.434,148255,26
1539129600,148.429,149.289,148.042,148.074,136002,14
1539216000,148.06,148.764,147.797,148.415,206165,29
1539302400,148.257,148.988,147.145,147.578,147696,23
1539561600,146.717,147.412,146.492,146.97,135257,15
1539648000,146.973,148.389,146.826,147.908,122503,26
1539734400,147.899,148.237,147.037,147.695,123792,31
1539820800,147.677,147.754,145.798,146.026,135666,14
1539907200,146.011,147.316,145.984,147.026,131360,36
1540166400,147.007,147.563,146.028,146.181,120465,12
1540252800,146.199,146.388,145.273,145.959,153912,19
1540339200,145.955,146.287,144.416,144.56,162223,26
1540425600,144.556,145.022,144.011,144.058,159143,15
1540512000,144.034,144.159,142.756,143.493,191557,36
1540771200,143.485,144.387,143.323,143.783,146024,22
1540857600,143.783,144.375,143.198,143.693,146132,15
1540944000,143.693,145.117,143.601,144.201,125675,15
1541030400,144.201,146.877,144.008,146.357,133648,16
1541116800,146.357,147.24,146.27,146.759,138801,36
1541376000,147.34,147.79,146.837,147.603,98226,20
1541462400,147.546,148.697,147.285,148.568,106234,15
1541548800,148.523,149.214,148.315,148.945,148974,12
1541635200,148.991,149.47,148.589,148.966,123401,15
1541721600,148.962,149.034,147.481,147.642,116688,23
1541980800,146.981,147.562,146.051,146.244,136569,27
1542067200,146.244,148.714,145.976,147.569,153656,17
1542153600,147.573,148.414,146.302,147.552,163888,20
1542240000,147.574,147.909,144.232,145.108,178695,36
1542326400,145.085,145.432,144.58,144.662,132111,36
1542585600,144.663,145.3,144.275,144.623,108944,16
1542672000,144.607,144.898,144.001,144.162,122696,22
1542758400,144.148,144.875,144.004,144.425,102658,30
1542844800,144.446,145.937,144.244,145.396,93925,22
1542931200,145.391,145.51,144.332,144.543,94363,18
1543190400,144.772,145.723,144.623,145.458,118511,19
1543276800,145.479,145.516,144.579,144.973,133881,15
1543363200,144.962,145.823,144.843,145.761,115104,16
1543449600,145.764,145.785,144.495,145.078,117056,13
1543536000,145.078,145.273,144.605,144.641,108284,36
1543795200,144.762,145.496,144.16,144.59,112633,16
1543881600,144.592,144.748,142.825,143.438,145212,22
1543968000,143.385,144.519,143.247,144.111,96836,14
1544054400,144.101,144.148,143.234,143.99,163553,27
1544140800,143.992,144.203,143.215,143.446,132841,36
1544400000,143.031,143.691,141.156,142.377,155098,25
1544486400,142.3,142.916,141.497,141.534,139311,18
1544572800,141.585,143.43,141.495,143.025,155588,36
1544659200,142.996,143.916,142.762,143.745,118980,36
1544745600,143.784,143.837,142.359,142.709,121313,18
1545004800,142.795,143.221,142.14,142.355,130859,24
1545091200,142.355,142.639,141.915,142.181,128251,26
1545177600,142.21,142.519,141.564,141.815,151281,25
1545264000,141.815,142.09,140.557,140.821,176207,31
1545350400,140.865,141.147,140.22,140.505,163703,24
1545609600,140.22,140.833,139.967,140.17,113119,34
1545782400,140.289,140.854,139.726,140.658,70263,19
1545868800,140.663,140.798,139.706,140.288,183794,36
1545955200,140.34,140.352,139.476,139.98,115759,36
1546214400,139.948,140.859,139.506,139.704,85948,26
1546387200,139.312,139.479,137.238,137.238,130711,19
1546473600,137.298,137.298,131.707,135.949,194538,25
1546560000,136.008,138.284,135.784,138.044,168590,19
1546819200,137.936,138.926,137.593,138.868,124482,26
1546905600,138.849,139.418,137.957,138.231,118501,32
1546992000,138.229,139.095,137.752,138.3,141693,18
1547078400,138.303,138.521,137.438,138.219,103098,18
1547164800,138.21,139.466,137.618,139.297,129450,18
1547424000,139.403,140.036,138.583,139.085,114520,24
1547510400,139.148,140.411,137.342,139.699,147144,18
1547596800,139.757,140.684,138.967,140.474,109961,24
1547683200,140.466,142.196,139.493,141.843,116810,25
1547769600,141.84,142.064,141.069,141.31,100665,23
1548028800,141.149,141.513,140.665,141.343,90316,36
1548115200,141.343,141.914,140.605,141.642,100047,26
1548201600,141.68,143.54,141.591,143.201,102904,26
1548288000,143.228,143.531,142.688,143.184,108303,24
1548374400,143.188,144.821,143.064,144.56,112646,26
1548633600,144.382,144.7,143.582,143.825,92189,36
1548720000,143.814,144.472,142.715,142.904,119237,21
1548806400,142.887,143.581,142.713,142.975,108000,24
1548892800,142.986,143.194,142.223,142.68,98890,22
1548979200,142.692,143.476,142.055,143.212,92852,36
1549238400,143.009,144.153,143.009,143.224,94079,36
1549324800,143.261,143.536,142.019,142.372,75423,36
1549411200,142.388,142.496,141.737,142.147,77168,18
1549497600,142.163,142.608,141.107,142.189,97583,31
1549584000,142.209,142.501,141.829,142.008,69979,36
1549843200,141.758,142.539,141.758,141.883,85207,22
1549929600,141.941,142.616,141.801,142.38,83002,36
1550016000,142.382,143.315,142.341,142.561,79361,0
1550102400,142.567,143.012,141.272,141.353,99172,19
1550188800,141.386,142.385,140.989,142.309,99676,23
1550448000,142.471,143.003,142.384,142.879,90312,36
1550534400,142.906,144.683,142.459,144.466,93315,18
1550620800,144.464,145.026,144.106,144.63,98935,34
1550707200,144.644,144.908,144.063,144.309,122019,36
1550793600,144.297,144.73,143.763,144.45,102587,36
1551052800,144.585,145.653,144.32,145.415,118645,36
1551139200,145.425,147.044,145.384,146.497,133930,22
1551225600,146.497,148.027,146.145,147.673,121932,25
1551312000,147.702,148.25,146.964,147.69,117415,23
1551398400,147.692,148.554,147.498,147.802,113332,36
1551657600,148.132,148.292,147.085,147.227,120927,36
1551744000,147.276,147.769,146.587,147.416,117106,36
1551830400,147.427,147.427,146.673,147.149,107519,27
1551916800,147.191,147.264,145.768,145.925,108918,36
1552003200,145.947,146.165,144.298,144.67,129920,36
1552262400,144.299,146.675,143.704,146.659,131462,32
1552348800,146.659,147.788,144.559,145.538,153238,36
1552435200,145.539,148.707,145.343,148.112,129119,36
1552521600,148.112,148.856,147.365,148.012,138675,31
1552608000,148.011,148.36,147.404,148.167,113845,36
1552867200,148.194,148.37,146.996,147.585,102131,23
1552953600,147.584,148.038,147.501,147.748,96353,18
1553040000,147.748,148.068,145.863,145.936,131148,14
1553126400,145.936,146.38,144.115,145.311,137825,19
1553212800,145.397,145.729,144.514,145.172,138833,35
1553472000,145.289,145.779,144.618,145.066,143724,32
1553558400,145.066,146.45,144.995,146.048,123549,19
1553644800,146.048,146.488,145.274,145.316,153173,33
1553731200,145.316,145.634,144.182,144.316,144667,28
1553817600,144.315,145.47,143.81,144.369,130241,24
1554076800,144.74,146.331,144.368,145.866,115165,36
1554163200,145.871,146.424,144.915,146.122,118672,29
1554249600,146.171,147.176,146.007,146.639,116122,29
1554336000,146.664,146.94,145.66,145.938,102011,29
1554422400,145.962,146.53,145.083,145.569,91303,30
1554681600,145.51,145.758,145.081,145.571,85476,26
1554768000,145.581,146.035,144.765,145.003,94752,26
1554854400,145.04,145.917,144.868,145.248,90725,20
1554940800,145.282,145.933,145.066,145.697,91236,17
1555027200,145.697,146.996,145.671,146.381,92892,18
1555286400,146.318,146.979,146.317,146.713,68610,23
1555372800,146.737,146.737,145.995,146.109,91240,24
1555459200,146.139,146.283,145.819,146.008,88322,23
1555545600,146.074,146.128,145.269,145.276,94464,17
1555632000,145.345,145.551,145.229,145.229,197586,36
1555891200,145.279,145.495,145.198,145.253,38419,23
1555977600,145.262,145.608,144.567,144.661,83060,21
1556064000,144.703,145.005,144.381,144.686,95468,20
1556150400,144.704,144.976,143.776,143.958,96428,30
1556236800,143.99,144.44,143.751,144.145,101999,16
1556496000,144.111,144.7,144.042,144.396,72716,19
1556582400,144.401,145.362,144.03,145.209,111465,19
1556668800,145.287,145.686,145.111,145.333,90248,28
1556755200,145.339,145.86,145.07,145.254,120401,25
1556841600,145.254,146.49,144.789,146.351,120947,24
1557100800,145.354,145.925,144.971,145.033,131969,36
1557187200,145.025,145.351,143.846,144.076,133524,36
1557273600,144.1,144.171,143.027,143.146,152186,36
1557360000,143.136,143.225,142.213,142.688,146788,36
1557446400,142.716,143.222,142.494,142.966,164089,20
1557705600,142.602,142.854,141.186,141.581,142125,19
1557792000,141.631,142.158,141.346,141.402,119122,28
1557878400,141.39,141.626,140.186,140.704,136294,36
1557964800,140.712,140.773,140.186,140.491,114223,22
1558051200,140.53,140.667,139.529,139.908,139984,26
1558310400,140.167,140.513,139.68,139.988,113866,36
1558396800,140.004,141.721,139.631,140.343,131394,24
1558483200,140.345,140.685,139.298,139.671,119188,36
1558569600,139.692,139.71,138.51,138.68,143542,27
1558656000,138.704,139.474,138.49,138.898,128093,29
1558915200,139.094,139.625,138.659,138.789,108997,36
1559001600,138.792,138.994,138.27,138.338,141056,33
1559088000,138.362,138.566,137.852,138.325,143433,36
1559174400,138.319,138.719,138.039,138.15,116533,36
1559260800,138.217,138.217,136.613,136.766,163996,36
1559520000,136.662,137.105,136.599,136.819,150624,36
1559606400,136.817,137.455,136.541,137.278,151028,36
1559692800,137.327,137.766,137.194,137.546,150122,20
1559779200,137.519,137.795,136.971,137.512,147178,23
1559865600,137.547,138.151,137.466,137.81,140843,36
1560124800,138.002,138.24,137.463,137.507,124177,25
1560211200,137.484,138.311,137.479,138.009,140825,28
1560297600,138.052,138.225,137.541,137.639,147363,19
1560384000,137.66,137.764,137.081,137.293,130705,14
1560470400,137.292,137.406,136.495,136.634,151580,36
1560729600,136.461,136.915,135.985,136.02,112116,24
1560816000,136.016,136.231,135.36,136.149,165982,18
1560902400,136.15,136.988,135.766,136.617,156882,22
1560988800,136.644,137.158,136.182,136.236,198598,25
1561075200,136.236,136.82,135.927,136.778,180064,28
1561334400,136.62,137.111,136.471,136.655,133030,36
1561420800,136.651,136.827,135.789,135.936,161401,28
1561507200,135.949,136.876,135.835,136.719,161872,21
1561593600,136.705,137.318,136.401,136.522,152787,29
1561680000,136.534,137.185,136.252,137.009,136517,30
1561939200,136.98,137.77,136.722,137.018,152812,32
1562025600,137.02,137.12,135.838,135.843,136044,25
1562112000,135.82,135.899,135.154,135.52,122228,26
1562198400,135.521,135.701,135.422,135.583,75217,19
1562284800,135.584,136.027,135.469,135.842,124011,36
1562544000,135.765,136.121,135.531,136.038,40798,18
1562630400,136.016,136.276,135.385,135.62,76920,18
1562716800,135.617,136.047,135.476,135.617,95493,14
1562803200,135.617,136.046,135.073,135.82,91260,14
1562889600,135.814,136.009,135.495,135.671,79179,18
1563148800,135.278,135.834,134.943,135.036,73944,18
1563235200,135.037,135.253,133.957,134.266,92672,16
1563321600,134.258,134.613,133.964,134.191,80139,18
1563408000,134.191,134.818,133.842,134.567,97464,18
1563494400,134.572,134.999,134.524,134.597,93713,18
1563753600,134.55,135.08,134.402,134.525,86225,18
1563840000,134.516,134.977,134.307,134.582,88096,18
1563926400,134.573,135.27,134.237,135.027,88740,18
1564012800,135.028,135.663,134.703,135.238,83899,18
1564099200,135.237,135.383,134.516,134.537,64970,18
1564358400,134.413,134.558,132.84,132.878,67989,18
1564444800,132.885,133.064,131.592,131.93,101773,18
1564531200,131.956,132.986,131.837,132.225,116155,18
1564617600,132.225,132.544,130.146,130.178,133446,18
1564704000,130.178,130.412,129.068,129.598,171314,18
1564963200,129.17,129.591,128.161,128.608,174321,18
1565049600,128.6,130.057,128.1,129.479,171292,18
1565136000,129.477,129.571,128.21,128.999,185992,18
1565222400,128.999,129.322,128.269,128.654,126788,18
1565308800,128.65,128.737,126.961,127.048,118544,18
1565568000,127.101,127.51,126.536,127.122,124008,18
1565654400,127.137,129.211,126.793,128.683,140849,18
1565740800,128.68,128.743,127.484,127.648,155994,14
1565827200,127.649,128.975,127.459,128.168,166508,18
1565913600,128.215,129.565,128.027,129.161,120747,18
1566172800,129.089,129.525,128.962,129.287,97720,18
1566259200,129.283,129.626,128.253,129.213,112124,18
1566345600,129.23,129.662,128.874,129.226,105644,18
1566432000,129.236,130.685,128.746,130.367,113712,18
1566518400,130.367,130.559,128.981,129.437,143503,18
1566777600,128.744,130.136,128.177,129.622,202011,18
1566864000,129.621,130.378,128.998,129.896,151544,17
1566950400,129.888,130.058,128.457,129.526,152391,17
1567036800,129.528,130.024,128.96,129.713,140617,17
1567123200,129.687,129.819,129.08,129.234,131516,17
1567382400,128.708,129.306,127.862,128.093,98515,17
1567468800,128.08,128.242,126.666,127.988,152865,17
1567555200,127.988,130.426,127.77,130.293,146622,14
1567641600,130.285,132.15,129.903,131.812,147459,17
1567728000,131.818,132.117,131.245,131.333,128683,18
1567987200,131.039,132.544,130.801,132.356,106821,17
1568073600,132.356,132.901,132.006,132.832,95338,17
1568160000,132.832,133.354,132.664,132.866,97388,17
1568246400,132.866,133.633,132.161,133.304,111500,17
1568332800,133.304,135.185,133.262,135.049,91868,17
1568592000,135.046,135.046,133.864,134.354,102189,18
1568678400,134.354,135.416,133.978,135.1,97029,17
1568764800,135.085,135.649,134.582,135.202,86602,17
1568851200,135.19,135.506,134.254,135.251,93194,17
1568937600,135.245,135.856,134.056,134.089,81762,17
1569196800,134.25,134.539,133.34,133.663,88833,17
1569283200,133.648,134.593,133.538,133.726,107283,17
1569369600,133.726,133.994,132.831,133.035,93445,17
1569456000,133.043,133.282,132.372,132.835,77140,17
1569542400,132.893,133.271,132.314,132.615,83869,17
1569801600,132.61,133.329,132.47,132.821,72517,17
1569888000,132.799,133.349,131.774,132.522,92892,14
1569974400,132.483,132.609,131.566,131.807,84020,17
1570060800,131.818,132.538,131.472,131.775,91168,15
1570147200,131.733,131.982,131.272,131.823,74531,17
1570406400,131.216,132.233,131.216,131.772,69150,14
1570492800,131.776,132.11,130.422,130.798,89676,17
1570579200,130.796,131.827,130.642,131.157,76051,17
1570665600,131.157,134.545,130.721,134.266,110435,16
1570752000,134.259,137.893,133.894,137.126,96554,17
1571011200,136.749,137.16,135.489,136.632,76285,17
1571097600,136.627,139.306,136.438,139.135,98094,5
1571184000,139.089,140.093,137.5,139.519,99866,5
1571270400,139.459,141.485,138.624,140.015,117732,5
1571356800,140.024,140.631,139.344,140.619,74806,5
1571616000,140.34,141.351,139.459,140.716,76450,5
1571702400,140.702,141.11,139.508,139.617,82910,5
1571788800,139.617,140.424,139.083,140.277,79582,5
1571875200,140.262,140.734,138.865,139.536,81325,5
1571961600,139.535,139.799,139.021,139.425,62441,5
1572220800,139.279,140.25,139.256,140.143,56366,5
1572307200,140.143,140.532,139.465,140.052,65536,5
1572393600,140.052,140.499,139.948,140.411,68855,5
1572480000,140.411,140.686,139.601,139.649,74280,5
1572566400,139.649,140.143,139.633,139.899,59933,5
1572825600,139.889,140.23,139.837,139.851,48834,15
1572912000,139.849,140.74,139.807,140.585,65833,15
1572998400,140.585,140.667,139.865,140.063,58578,15
1573084800,140.062,140.525,139.486,140.011,73054,15
1573171200,139.965,140.2,139.409,139.525,60241,15
1573430400,139.541,140.478,139.358,140.13,48391,15
1573516800,140.119,140.581,139.936,139.975,62677,15
1573603200,139.976,140.245,139.433,139.794,62350,15
1573689600,139.799,139.871,139.389,139.621,60054,15
1573776000,139.61,140.457,139.571,140.306,53459,15
1574035200,140.547,141.564,140.346,140.742,61225,15
1574121600,140.74,140.926,140.1,140.256,58501,15
1574208000,140.24,140.479,139.67,140.313,66493,15
1574294400,140.314,140.917,139.967,140.167,75950,15
1574380800,140.165,140.515,139.308,139.362,59805,15
1574640000,139.619,140.618,139.559,140.455,55033,15
1574726400,140.433,140.897,139.983,140.233,63029,14
1574812800,140.232,141.537,140.041,141.511,62923,15
1574899200,141.506,141.843,141.244,141.371,53056,15
1574985600,141.361,141.677,141.107,141.51,60096,15
1575244800,141.371,141.811,140.933,140.949,64597,15
1575331200,140.996,141.705,140.911,141.107,72325,15
1575417600,141.107,142.779,140.825,142.627,74587,15
1575504000,142.619,143.243,142.568,143.081,63350,15
1575590400,143.081,143.139,142.363,142.588,61877,14
1575849600,142.661,143.094,142.552,142.59,58539,15
1575936000,142.58,143.656,142.561,142.993,63008,14
1576022400,142.987,143.368,142.543,143.219,69588,15
1576108800,143.227,144.142,142.473,143.875,84377,15
1576195200,143.88,147.954,143.811,145.799,110121,15
1576454400,145.763,146.803,145.714,146.024,66399,14
1576540800,145.976,146.085,143.468,143.703,76444,15
1576627200,143.702,143.854,143.066,143.227,71914,15
1576713600,143.228,143.86,141.968,142.261,77506,14
1576800000,142.26,143.043,142.083,142.283,61789,15
1577059200,142.003,142.531,141.153,141.455,51103,15
1577145600,141.454,141.838,141.298,141.6,45798,15
1577318400,142.241,142.722,141.983,142.471,33037,15
1577404800,142.425,143.634,142.03,143.249,45984,16
1577664000,142.921,143.42,142.579,142.755,68473,15
1577750400,142.752,144.355,142.421,143.927,53882,15
1577923200,143.592,143.937,142.257,142.581,55496,15
1578009600,142.596,142.775,140.994,141.344,87199,15
1578268800,141.109,142.78,140.823,142.667,73663,15
1578355200,142.665,143.283,142.012,142.265,74556,6
1578441600,142.225,143.104,141.116,142.823,114577,6
1578528000,142.789,143.451,142.42,143.086,68587,6
1578614400,143.088,143.491,142.887,143.048,60891,6
1578873600,142.777,142.964,142.361,142.783,58702,6
1578960000,142.782,143.428,142.448,143.16,70842,6
1579046400,143.129,143.382,142.652,143.271,63281,6
1579132800,143.268,144.133,143.191,144.041,62460,6
1579219200,144.041,144.526,143.284,143.31,63819,6
1579478400,143.111,143.357,142.799,143.317,36330,6
1579564800,143.316,143.968,142.856,143.341,64901,6
1579651200,143.294,144.606,143.251,144.302,64996,6
1579737600,144.3,144.406,143.204,143.645,66539,6
1579824000,143.645,144.401,142.711,142.826,68120,6
1580083200,142.404,142.744,142.052,142.145,75009,6
1580169600,142.158,142.45,141.475,142.179,61126,6
1580256000,142.156,142.347,141.704,141.898,56780,6
1580342400,141.912,142.706,141.254,142.642,87070,6
1580428800,142.642,143.283,142.456,143.102,78992,6
1580688000,142.82,143.1,141.065,141.199,81130,6
1580774400,141.199,142.834,140.921,142.707,79265,6
1580860800,142.707,143.372,142.22,142.767,81913,6
1580947200,142.785,142.815,142.087,142.159,67187,6
1581033600,142.159,142.366,141.386,141.413,74919,6
1581292800,141.337,142.084,141.233,141.747,67539,6
1581379200,141.726,142.458,141.655,142.18,64664,6
1581465600,142.179,142.883,142.094,142.62,63834,6
1581552000,142.622,143.475,142.142,143.177,85487,3
1581638400,143.176,143.404,142.763,143.218,65574,3
1581897600,143.099,143.364,142.838,142.876,55530,3
1581984000,142.878,143.226,142.312,142.797,76511,8
1582070400,142.797,144.163,142.742,143.863,73845,8
1582156800,143.811,144.599,143.595,144.384,79610,7
1582243200,144.384,144.95,143.719,144.555,80250,7
1582502400,144.062,144.62,142.627,143.139,109155,6
1582588800,143.072,143.64,142.941,143.293,129452,6
1582675200,143.289,143.716,142.234,142.403,135516,6
1582761600,142.336,142.547,141.164,141.19,153018,6
1582848000,141.181,141.406,137.521,138.544,183144,6
1583107200,137.528,139.181,137.146,138.121,160994,1
1583193600,138.121,138.563,136.932,137.154,153183,6
1583280000,137.153,138.435,137.006,138.377,124556,6
1583366400,138.375,138.675,137.364,137.396,114488,5
1583452800,137.394,137.732,136.433,137.423,159963,6
1583712000,136.512,136.83,132.563,133.857,329880,6
1583798400,133.855,137.193,133.681,135.574,370781,36
1583884800,135.569,136.533,133.562,133.821,234441,7
1583971200,133.871,134.316,131.271,131.77,206801,6
1584057600,131.79,134.3,131.206,132.72,234326,0
1584316800,132.743,132.919,128.897,129.885,220416,0
1584403200,129.884,131.205,128.572,129.744,248758,0
1584489600,129.768,130.32,124.032,125.208,226749,0
1584576000,125.128,129.559,124.724,127.088,250959,0
1584662400,127.088,132.028,126.363,128.577,209476,0
1584921600,129.357,129.406,127.325,128.247,194342,0
1585008000,128.247,131.416,127.539,130.45,183631,0
1585094400,130.462,133.394,129.848,132.045,169601,0
1585180800,132.045,133.812,130.574,132.969,191442,1
1585267200,132.969,134.703,132.111,134.654,177871,1
1585526400,133.69,134.401,132.742,133.852,136842,0
1585612800,133.852,134.612,132.926,133.49,137630,0
1585699200,133.471,133.797,132.479,132.58,119263,0
1585785600,132.58,133.942,132.36,133.705,114004,0
1585872000,133.705,134.083,132.54,133.042,115852,0
1586131200,132.396,134.516,132.384,133.543,108466,0
1586217600,133.544,134.975,132.922,134.084,126515,0
1586304000,134.084,135.018,133.689,134.683,97534,0
1586390400,134.65,135.75,134.393,134.957,101792,0
1586476800,134.967,135.394,134.779,134.816,30306,1
1586736000,134.969,135.216,134.502,134.73,75415,0
1586822400,134.73,135.491,134.573,135.318,81511,0
1586908800,135.318,135.331,133.631,134.488,87170,0
1586995200,134.483,134.878,133.715,134.41,91216,0
1587081600,134.411,134.962,133.898,134.498,100599,0
1587340800,134.111,134.721,133.782,133.825,79332,0
1587427200,133.778,134.058,131.906,132.399,99616,0
1587513600,132.4,133.296,132.042,132.876,80078,0
1587600000,132.871,133.676,132.395,132.798,97056,0
1587686400,132.799,133.149,132.391,132.917,78120,0
1587945600,132.946,133.566,132.813,133.225,65526,0
1588032000,133.207,133.553,132.722,132.751,70067,0
1588118400,132.726,133.004,131.941,132.929,72064,0
1588204800,132.903,135.447,132.62,134.868,90206,0
1588291200,134.866,135.074,133.365,133.562,70417,0
1588550400,133.283,133.442,132.52,132.742,72156,0
1588636800,132.74,133.172,132.379,132.379,65152,0
1588723200,132.356,132.645,130.832,130.924,71691,0
1588809600,130.933,132.019,130.644,131.205,79948,0
1588896000,131.204,132.683,131.151,132.354,67276,0
1589155200,132.073,133.185,131.878,132.695,80105,0
1589241600,132.681,132.858,131.292,131.294,86368,0
1589328000,131.286,131.933,130.649,130.802,90211,0
1589414400,130.791,131.3,130.139,131.078,84935,0
1589500800,131.069,131.416,129.642,129.688,81214,0
1589760000,129.408,131.278,129.251,130.853,76580,0
1589846400,130.841,132.506,130.744,131.92,80946,0
1589932800,131.912,132.418,131.441,131.554,73985,0
1590019200,131.551,131.947,131.214,131.454,73546,0
1590105600,131.453,131.77,130.669,130.917,64603,0
1590364800,130.908,131.407,130.852,131.145,54417,0
1590451200,131.138,133.037,131.121,132.599,73499,0
1590537600,132.532,133.0,131.63,132.032,91248,0
1590624000,132.025,132.877,131.826,132.533,83019,0
1590710400,132.536,133.457,131.776,133.11,105772,0
1590969600,132.686,134.53,132.686,134.329,90862,0
1591056000,134.307,136.519,134.214,136.358,94673,0
1591142400,136.356,137.387,136.239,136.904,104057,0
1591228800,136.895,137.805,135.949,137.449,106640,0
1591315200,137.423,139.737,137.266,138.816,108540,0
1591574400,138.965,139.578,137.421,137.923,89885,0
1591660800,137.907,138.237,136.228,137.078,102880,0
1591747200,137.082,137.415,136.459,136.551,109872,0
1591833600,136.528,136.584,134.458,134.633,129676,0
1591920000,134.569,136.043,133.791,134.704,131515,0
1592179200,134.203,135.31,133.501,135.28,117337,0
1592265600,135.283,136.346,134.722,134.915,112758,0
1592352000,134.905,135.217,134.06,134.323,91751,0
1592438400,134.32,134.519,132.386,132.86,96115,0
1592524800,132.867,133.247,131.932,131.977,85966,1
1592784000,131.741,133.415,131.741,133.265,80385,0
1592870400,133.263,133.984,132.598,133.345,95657,0
1592956800,133.333,133.613,132.678,132.925,99188,1
1593043200,132.905,133.609,132.784,133.107,87943,0
1593129600,133.084,133.265,132.037,132.27,85159,0
1593388800,132.068,132.678,131.948,132.285,79913,0
1593475200,132.281,133.883,132.011,133.816,79349,0
1593561600,133.803,134.218,132.943,134.056,80440,0
1593648000,134.05,134.703,133.778,134.019,75841,0
1593734400,133.964,134.201,133.696,134.164,62418,1
1593993600,134.022,134.668,133.833,134.044,70107,1
1594080000,133.984,135.409,133.964,134.828,76983,0
1594166400,134.827,135.42,134.574,135.238,76993,0
1594252800,135.238,135.919,135.046,135.132,79546,0
1594339200,135.127,135.198,134.283,134.921,73801,1
1594598400,134.892,135.481,134.585,134.694,71097,0
1594684800,134.683,134.771,133.978,134.603,85289,0
1594771200,134.583,135.086,134.465,134.592,75055,0
1594857600,134.575,135.177,134.051,134.617,72241,0
1594944000,134.465,134.903,134.121,134.478,58283,0
1595203200,134.324,135.908,134.302,135.796,65933,0
1595289600,135.769,136.44,135.641,135.96,60320,0
1595376000,135.938,136.621,135.283,136.442,71268,0
1595462400,136.44,136.619,135.84,136.133,69281,0
1595548800,136.131,136.227,134.996,135.784,75608,0
1595808000,135.624,135.821,135.143,135.721,73766,0
1595894400,135.708,136.123,135.321,135.893,76873,0
1595980800,135.884,136.463,135.67,136.346,76134,0
1596067200,136.344,137.386,136.063,137.143,90136,0
1596153600,137.143,139.199,136.785,138.582,107484,0
1596412800,138.264,139.017,137.744,138.516,98672,0
1596499200,138.516,138.875,137.802,138.181,75180,1
1596585600,138.148,138.999,137.973,138.474,76704,0
1596672000,138.49,139.228,138.322,138.713,87485,0
1596758400,138.698,138.756,137.836,138.237,83649,0
1597017600,138.221,138.643,138.06,138.513,58370,0
1597104000,138.508,139.497,138.322,138.936,79823,0
1597190400,138.951,139.618,138.786,139.325,81280,0
1597276800,139.315,140.201,139.087,139.708,69914,0
1597363200,139.686,140.008,139.338,139.505,57100,0
1597622400,139.423,139.681,138.731,138.895,58589,1
1597708800,138.895,139.637,138.593,139.533,73032,0
1597795200,139.521,139.948,138.789,138.967,76302,0
1597881600,138.913,139.87,138.563,139.793,87825,0
1597968000,139.797,139.944,138.247,138.499,78238,0
1598227200,138.33,138.999,138.288,138.423,61309,0
1598313600,138.398,140.028,138.344,139.892,73322,0
1598400000,139.895,140.302,139.63,139.994,66817,0
1598486400,139.989,140.854,139.691,140.642,88474,0
1598572800,140.654,141.607,140.017,140.64,93300,0
1598832000,140.589,142.04,140.487,141.575,80931,0
1598918400,141.553,142.712,141.326,141.787,89581,0
1599004800,141.788,141.96,141.015,141.757,74614,0
1599091200,141.763,141.867,140.47,141.006,81972,0
1599177600,141.01,141.432,140.11,141.035,78277,0
1599436800,140.824,140.989,139.589,139.847,52156,0
1599523200,139.8,139.975,137.61,137.614,73988,0
1599609600,137.622,138.354,136.736,138.029,77897,0
1599696000,137.97,138.353,135.561,135.885,85992,0
1599782400,135.883,136.586,135.57,135.825,77001,0
1600041600,135.56,136.583,135.508,135.808,59195,0
1600128000,135.802,136.433,135.416,135.885,55003,0
1600214400,135.884,136.465,135.551,136.083,71603,0
1600300800,136.09,136.211,134.563,135.864,75044,0
1600387200,135.865,136.155,134.951,135.119,62351,0
1600646400,135.056,135.33,133.533,134.103,71623,0
1600732800,134.109,134.383,133.028,133.566,71248,0
1600819200,133.563,134.617,133.134,134.067,81500,0
1600905600,134.084,134.663,133.604,134.255,84570,0
1600992000,134.345,134.823,133.827,134.497,69366,0
1601251200,134.622,136.224,134.359,135.335,66644,0
1601337600,135.343,136.252,135.343,135.838,71640,0
1601424000,135.838,136.539,135.176,136.186,87974,0
1601510400,136.24,137.008,135.356,135.973,86458,0
1601596800,136.034,136.388,135.044,136.262,92212,0
1601856000,136.043,137.342,135.983,137.239,67822,0
1601942400,137.221,137.441,135.931,135.945,74797,0
1602028800,135.945,136.987,135.864,136.855,70001,1
1602115200,136.843,137.399,136.678,137.152,64997,1
1602201600,137.148,137.829,136.784,137.829,62744,0
1602460800,137.735,137.819,137.214,137.579,56254,0
1602547200,137.617,137.771,136.369,136.431,63532,0
1602633600,136.429,137.327,135.66,136.833,65131,0
1602720000,136.824,137.169,135.766,136.082,71240,0
1602806400,136.122,136.411,135.337,136.043,63317,0
1603065600,135.875,137.242,135.849,136.464,60730,0
1603152000,136.464,137.033,136.309,136.601,63977,0
1603238400,136.576,137.66,136.373,137.461,73492,0
1603324800,137.469,137.586,136.958,137.133,62269,0
1603411200,137.133,137.371,136.369,136.586,61907,0
1603670400,136.606,137.057,136.294,136.469,63347,1
1603756800,136.49,136.587,136.112,136.257,60061,0
1603843200,136.257,136.275,134.88,135.418,90567,0
1603929600,135.417,135.946,134.636,135.173,86320,1
1604016000,135.173,135.801,134.4,135.543,88413,0
1604275200,135.01,135.428,134.871,135.256,61316,0
1604361600,135.256,136.688,135.15,136.366,66756,1
1604448000,136.372,137.372,135.363,135.673,127320,0
1604534400,135.706,136.309,135.075,136.067,125353,0
1604620800,136.041,136.242,135.463,135.907,117850,0
1604880000,135.871,138.91,135.715,138.688,136465,0
1604966400,138.688,139.772,138.163,139.7,133229,0
1605052800,139.698,140.315,139.205,139.359,97028,0
1605139200,139.36,139.437,137.746,137.849,96332,0
1605225600,137.844,138.511,137.542,138.067,84873,0
1605484800,137.801,138.871,137.662,137.946,93390,0
1605571200,137.947,138.357,137.813,137.995,91673,0
1605657600,137.994,138.199,137.706,137.726,84942,0
1605744000,137.792,137.997,137.195,137.579,93796,0
1605830400,137.579,138.056,137.383,137.996,82648,0
1606089600,137.828,139.339,137.809,139.22,91381,0
1606176000,139.221,139.84,139.069,139.513,98437,0
1606262400,139.513,139.856,138.998,139.781,94106,0
1606348800,139.628,139.844,138.926,139.24,64427,0
1606435200,139.266,139.293,138.274,138.465,76620,0
1606694400,138.537,139.468,138.328,138.966,98264,0
1606780800,138.934,140.311,138.832,139.979,93505,0
1606867200,139.979,140.444,138.889,139.535,100189,0
1606953600,139.535,140.287,139.406,139.643,99017,0
1607040000,139.643,140.707,139.444,139.97,99335,0
1607299200,139.595,139.874,137.903,139.176,97089,0
1607385600,139.151,139.375,138.407,139.095,105039,0
1607472000,139.095,140.332,139.009,139.665,88144,0
1607558400,139.465,139.787,138.385,138.528,103868,0
1607644800,138.525,138.73,136.786,137.624,93087,0
1607904000,138.672,139.434,138.266,138.632,95965,0
1607990400,138.586,139.607,138.279,139.574,89158,0
1608076800,139.521,140.063,139.145,139.758,92223,0
1608163200,139.771,140.448,139.575,140.057,83056,0
1608249600,140.029,140.325,139.313,139.444,81099,0
1608508800,138.662,139.528,136.963,139.058,117008,0
1608595200,139.068,139.143,137.995,138.428,97219,0
1608681600,138.429,140.316,138.228,139.725,96188,0
1608768000,139.721,141.209,139.515,140.307,54271,0
1609113600,140.193,140.571,139.475,139.563,74633,0
1609200000,139.531,140.167,139.49,139.867,68355,0
1609286400,139.841,140.666,139.693,140.572,89073,0
1609372800,140.579,141.228,140.305,141.185,80599,0
1609718400,140.657,141.307,139.689,139.903,103139,0
1609804800,139.902,140.152,139.509,139.964,101518,0
1609891200,139.963,140.578,139.746,140.217,129645,0
1609977600,140.196,140.998,140.056,140.751,103426,0
1610064000,140.755,141.373,140.65,140.989,108440,0
1610323200,140.65,141.001,140.339,140.878,92863,0
1610409600,140.879,142.029,140.675,141.769,91934,0
1610496000,141.795,142.254,141.528,141.637,83567,0
1610582400,141.634,142.236,141.587,142.075,90616,0
1610668800,142.064,142.118,140.956,141.07,82780,0
1610928000,140.958,141.207,140.356,140.862,64966,0
1611014400,140.87,141.734,140.745,141.563,77964,0
1611100800,141.568,142.334,141.076,141.329,82749,0
1611187200,141.326,142.217,141.283,142.108,80614,0
1611273600,142.119,142.202,141.51,141.977,72229,0
1611532800,141.94,142.322,141.654,141.87,76733,0
1611619200,141.869,142.456,141.278,142.305,74877,0
1611705600,142.305,142.861,142.195,142.481,84935,0
1611792000,142.428,143.27,142.19,143.041,92337,0
1611878400,143.041,143.957,142.809,143.462,100628,0
1612137600,143.542,144.103,143.322,143.349,84760,0
1612224000,143.349,143.778,143.13,143.463,78453,0
1612310400,143.465,143.686,143.111,143.287,68060,0
1612396800,143.299,144.365,142.837,144.261,75075,0
1612483200,144.261,144.891,143.984,144.753,71090,0
1612742400,144.413,144.929,144.39,144.528,66417,0
1612828800,144.519,144.669,144.032,144.47,73651,0
1612915200,144.474,145.064,144.37,144.652,69511,0
1613001600,144.637,144.902,144.563,144.658,95657,0
1613088000,144.697,145.481,144.498,145.356,120223,0
1613347200,145.214,146.635,145.207,146.479,106900,0
1613433600,146.46,147.462,146.364,147.408,151376,0
1613520000,147.407,147.569,146.419,146.653,161838,0
1613606400,146.58,147.786,146.55,147.692,144898,0
1613692800,147.696,148.159,147.285,147.639,142010,0
1613952000,147.589,148.293,147.544,147.746,133982,0
1614038400,147.74,148.612,147.6,148.471,127251,0
1614124800,148.468,150.117,148.268,149.71,166775,0
1614211200,149.701,150.44,148.48,148.802,208002,3
1614297600,148.949,149.166,147.404,148.394,262421,3
1614556800,148.288,149.298,148.264,148.659,173467,0
1614643200,148.658,149.195,148.113,148.853,134207,3
1614729600,148.855,149.694,148.764,149.275,124929,3
1614816000,149.273,150.73,149.046,149.997,150278,0
1614902400,150.003,150.369,149.358,149.88,131209,0
1615161600,149.412,150.699,149.412,150.493,170533,0
1615248000,150.481,151.279,150.357,150.631,169388,0
1615334400,150.65,151.188,150.4,150.933,151526,0
1615420800,150.926,151.833,150.874,151.789,141806,0
1615507200,151.784,152.235,151.228,151.753,139690,2
1615766400,151.664,152.115,151.199,151.702,126921,2
1615852800,151.699,151.75,150.787,151.405,120867,2
1615939200,151.405,152.068,151.341,151.946,126314,2
1616025600,151.94,152.548,151.457,151.694,143362,2
1616112000,151.696,151.803,150.565,150.935,131142,2
1616371200,150.375,150.931,150.267,150.833,109150,2
1616457600,150.832,150.874,149.081,149.343,124345,2
1616544000,149.343,149.444,148.528,148.773,118452,2
1616630400,148.78,150.055,148.759,149.955,121453,2
1616716800,149.955,151.544,149.913,151.262,106119,2
1616976000,151.008,151.808,150.58,151.073,111773,2
1617062400,151.055,151.941,150.984,151.613,109474,2
1617148800,151.604,152.783,151.342,152.564,82409,2
1617235200,152.519,153.067,152.292,152.983,71477,2
1617321600,152.976,153.198,152.697,152.929,55000,2
1617580800,152.805,153.363,152.805,153.111,68681,2
1617667200,153.089,153.413,151.679,151.692,100748,2
1617753600,151.685,152.071,150.656,150.889,106921,2
1617840000,150.881,151.088,149.883,150.042,93840,2
1617926400,150.044,150.933,149.592,150.258,96385,2
1618185600,150.155,150.588,149.757,150.279,82260,2
1618272000,150.279,150.827,149.669,149.965,99340,2
1618358400,149.958,150.456,149.584,150.059,77779,2
1618444800,150.056,150.201,149.684,149.903,71255,2
1618531200,149.92,150.574,149.383,150.569,70822,2
1618790400,150.385,151.321,149.891,151.255,91048,2
1618876800,151.255,151.981,150.56,150.62,81602,2
1618963200,150.617,150.97,150.043,150.505,71724,0
1619049600,150.451,150.65,149.392,149.392,74020,0
1619136000,149.392,149.951,149.059,149.774,70885,0
1619395200,149.599,150.379,149.536,150.204,69313,0
1619481600,150.192,151.248,150.111,151.214,64088,0
1619568000,151.17,151.568,151.008,151.273,78343,0
1619654400,151.281,152.406,151.097,151.824,72765,0
1619740800,151.819,152.113,150.873,151.01,74639,0
1620000000,150.703,151.929,150.676,151.683,59976,0
1620086400,151.688,152.056,150.996,151.813,85510,0
1620172800,151.815,152.23,151.632,151.795,64779,0
1620259200,151.795,152.122,151.247,151.524,89124,0
1620345600,151.453,152.114,151.263,151.9,92925,0
1620604800,151.993,154.023,151.909,153.522,96629,0
1620691200,153.587,153.96,153.148,153.585,96935,0
1620777600,153.548,154.432,153.487,154.089,101334,0
1620864000,154.083,154.335,153.467,153.747,95201,0
1620950400,153.747,154.285,153.56,154.16,72729,0
1621209600,153.936,154.464,153.732,154.315,73521,0
1621296000,154.249,154.83,154.218,154.462,78606,0
1621382400,154.464,154.81,153.539,154.139,105033,0
1621468800,154.145,154.413,153.623,154.331,84680,0
1621555200,154.337,154.675,154.011,154.166,78879,0
1621814400,153.934,154.193,153.769,153.902,76804,0
1621900800,153.916,154.449,153.734,153.872,93290,0
1621987200,153.873,154.344,153.773,154.07,84729,0
1622073600,154.065,156.074,153.84,155.952,104364,0
1622160000,155.847,156.058,155.587,155.879,101350,0
1622419200,155.48,155.914,155.298,155.633,67518,0
1622505600,155.628,155.94,154.838,154.838,92233,0
1622592000,154.836,155.501,154.75,155.198,90202,0
1622678400,155.197,155.818,155.141,155.54,95875,0
1622764800,155.56,155.758,155.032,155.13,87148,0
1623024000,155.048,155.284,154.548,154.894,80815,0
1623110400,154.884,155.091,154.555,154.977,82920,0
1623196800,154.969,155.315,154.48,154.708,70128,0
1623283200,154.708,155.214,154.131,154.951,97293,0
1623369600,154.953,155.208,154.639,154.794,83741,0
1623628800,154.465,155.346,154.32,155.27,77696,0
1623715200,155.272,155.484,154.536,155.012,78984,0
1623801600,154.994,155.381,154.668,154.836,86122,0
1623888000,154.784,155.017,153.138,153.412,110701,0
1623974400,153.412,153.775,151.988,152.056,98444,0
1624233600,152.027,153.732,151.312,153.613,118776,0
1624320000,153.613,154.467,153.094,154.306,90859,0
1624406400,154.175,155.155,154.113,154.879,96837,0
1624492800,154.876,155.143,153.826,154.327,99417,0
1624579200,154.321,154.533,153.599,153.78,83103,0
1624838400,153.785,154.227,153.388,153.56,84553,0
1624924800,153.56,153.587,152.614,152.852,89107,0
1625011200,152.852,153.754,152.664,153.646,102740,0
1625097600,153.647,153.974,153.351,153.487,92384,0
1625184000,153.487,153.723,153.083,153.565,95335,0
1625443200,153.356,153.747,153.344,153.507,77592,0
1625529600,153.411,154.073,152.354,152.601,106742,0
1625616000,152.603,153.172,152.287,152.638,114024,0
1625702400,152.602,152.74,150.665,151.333,128151,0
1625788800,151.119,153.078,150.927,153.049,106289,0
1626048000,152.824,153.342,152.407,153.185,77712,0
1626134400,153.189,153.485,152.41,152.745,88169,0
1626220800,152.743,153.296,152.336,152.381,90865,0
1626307200,152.375,152.802,151.608,151.843,98037,0
1626393600,151.843,152.609,151.425,151.522,88008,0
1626652800,151.354,151.685,149.327,149.644,122732,0
1626739200,149.659,149.974,148.459,149.655,108742,0
1626825600,149.54,151.342,149.288,151.191,92187,0
1626912000,151.191,151.912,150.736,151.609,90756,0
1626998400,151.603,152.16,151.405,151.964,82654,0
1627257600,151.758,152.606,151.401,152.484,83977,0
1627344000,152.484,152.58,151.573,152.284,95949,0
1627430400,152.304,152.992,152.118,152.762,91478,0
1627516800,152.754,153.443,152.513,152.752,76538,0
1627603200,152.749,153.212,152.439,152.503,74240,0
1627862400,152.279,152.858,151.534,151.68,70112,0
1627948800,151.68,152.197,151.167,151.681,74547,0
1628035200,151.684,152.509,151.513,152.031,77970,0
1628121600,152.032,153.029,151.985,152.843,72876,0
1628208000,152.842,153.246,152.654,152.92,64157,0
1628467200,152.801,153.068,152.576,152.743,67586,0
1628553600,152.743,153.311,152.612,152.956,59414,0
1628640000,152.956,153.295,152.829,153.048,63727,0
1628726400,153.07,153.198,152.329,152.463,53093,0
1628812800,152.29,152.549,151.925,152.003,48305,0
1629072000,151.759,152.197,150.921,151.227,63486,0
1629158400,151.227,151.335,150.35,150.585,70569,0
1629244800,150.428,151.408,150.229,150.96,67221,0
1629331200,150.96,151.213,149.597,149.597,84772,0
1629417600,149.597,149.884,149.185,149.577,68182,0
1629676800,149.27,150.757,149.27,150.446,65350,0
1629763200,150.371,151.012,150.056,150.505,61068,0
1629849600,150.459,151.458,150.352,151.346,66107,0
1629936000,151.303,151.592,150.614,150.804,79229,0
1630022400,150.766,151.516,150.457,151.121,74824,0
1630281600,151.049,151.286,150.948,151.204,53435,0
1630368000,151.176,151.591,151.062,151.312,87486,0
1630454400,151.28,151.949,151.1,151.458,79713,0
1630540800,151.458,152.198,151.348,152.049,65089,0
1630627200,152.033,152.294,151.778,152.046,81649,0
1630886400,151.902,152.258,151.797,151.965,46311,0
1630972800,151.93,152.219,151.496,151.989,81143,0
1631059200,151.953,152.091,151.466,151.814,107259,0
1631145600,151.791,152.168,151.42,151.769,112613,0
1631232000,151.726,152.637,151.701,151.999,89251,0
1631491200,151.806,152.325,151.806,152.196,101684,0
1631577600,152.069,152.847,151.322,151.462,94866,0
1631664000,151.419,151.559,150.828,151.355,93632,0
1631750400,151.35,151.565,150.872,151.325,88657,0
1631836800,151.331,151.93,150.956,150.959,89624,0
1632096000,150.816,151.141,149.178,149.387,99834,0
1632182400,149.387,150.136,148.952,149.169,103941,0
1632268800,149.127,149.955,149.01,149.461,112030,0
1632355200,149.464,151.48,149.349,151.346,112487,0
1632441600,151.347,151.735,151.0,151.399,92849,0
1632700800,151.219,152.196,151.119,152.016,96791,0
1632787200,152.042,152.571,150.541,150.901,128856,0
1632873600,150.901,151.198,149.909,150.307,124705,0
1632960000,150.274,150.948,149.8,149.907,129250,0
1633046400,149.862,150.742,149.226,150.426,149908,0
1633305600,150.384,151.525,150.185,150.959,129079,0
1633392000,150.958,152.051,150.745,151.894,114429,0
1633478400,151.894,152.152,150.813,151.307,145725,0
1633564800,151.276,152.087,151.029,151.973,98765,0
1633651200,151.945,152.938,151.859,152.838,110720,0
1633910400,152.606,154.508,152.603,154.005,100169,0
1633996800,154.0,154.822,153.684,154.343,112562,0
1634083200,154.256,154.955,154.108,154.658,110744,0
1634169600,154.622,155.741,154.513,155.405,89295,0
1634256000,155.393,157.414,155.338,157.031,101022,0
1634515200,157.02,157.356,156.608,156.902,103285,0
1634601600,156.853,158.055,156.771,157.765,91879,0
1634688000,157.721,158.216,157.008,158.01,86107,0
1634774400,157.741,158.202,156.775,157.189,101323,0
1634860800,157.13,157.662,155.923,156.152,128649,0
1635120000,155.972,156.817,155.965,156.553,100147,0
1635206400,156.509,157.77,156.444,157.132,78294,0
1635292800,157.132,157.27,155.702,156.427,100623,0
1635379200,156.335,156.705,155.915,156.582,111325,0
1635465600,156.582,157.099,155.785,156.042,106456,0
1635724800,156.091,156.491,155.608,155.771,91162,0
1635811200,155.728,155.884,154.658,155.149,93861,0
1635897600,155.115,156.068,154.962,155.977,90348,0
1635984000,155.947,156.246,153.116,153.541,101700,0
1636070400,153.521,153.779,152.808,153.021,102330,0
1636329600,152.788,153.653,152.703,153.554,89639,0
1636416000,153.509,153.633,152.736,152.982,109567,0
1636502400,153.013,153.739,152.572,152.672,125153,0
1636588800,152.642,153.013,152.387,152.51,87101,0
1636675200,152.466,152.931,152.369,152.805,88649,0
1636934400,152.678,153.279,152.623,153.076,92557,0
1637020800,153.076,154.192,152.939,154.167,106607,0
1637107200,154.151,154.73,153.735,153.951,99853,0
1637193600,153.694,154.274,153.685,154.19,93031,0
1637280000,154.222,154.445,152.518,153.308,121129,0
1637539200,153.078,154.056,153.045,153.867,103829,0
1637625600,153.852,154.214,153.275,154.016,120764,0
1637712000,154.016,154.148,153.364,153.805,123147,0
1637798400,153.811,154.06,153.411,153.693,77891,0
1637884800,153.577,153.669,150.704,151.139,176114,0
1638144000,151.423,151.91,150.683,151.136,142433,0
1638230400,151.098,151.625,149.723,150.479,179687,0
1638316800,150.436,151.432,149.613,149.74,150510,0
1638403200,149.74,150.797,149.518,150.546,142048,0
1638489600,150.529,150.756,148.968,149.288,139104,0
1638748800,149.204,150.605,149.144,150.493,116876,0
1638835200,150.449,151.119,150.124,150.412,106470,0
1638921600,150.365,150.698,149.34,150.098,126330,0
1639008000,150.098,150.311,149.485,149.989,112084,0
1639094400,150.054,150.51,149.667,150.38,104558,0
1639353600,150.079,150.752,149.869,150.048,100264,0
1639440000,150.042,150.581,149.762,150.449,87209,0
1639526400,150.449,151.305,150.271,151.234,100354,0
1639612800,151.208,152.629,151.0,151.451,113747,0
1639699200,151.451,151.715,150.417,150.504,105346,0
1639958400,150.254,150.546,149.523,150.038,103662,0
1640044800,150.076,151.409,149.891,151.338,73890,0
1640131200,151.338,152.581,151.096,152.288,72474,0
1640217600,152.238,153.701,152.194,153.378,61809,0
1640304000,153.333,153.559,153.043,153.185,84143,2
1640563200,152.928,154.454,152.928,154.37,50263,4
1640649600,154.37,154.572,153.998,154.211,52140,0
1640736000,154.165,155.128,154.045,155.047,60512,4
1640822400,155.036,155.66,154.89,155.325,62761,1
1640908800,155.342,156.009,154.985,155.624,54698,0
1641168000,155.636,155.918,154.884,155.443,62101,0
1641254400,155.443,157.429,155.219,157.14,82916,0
1641340800,157.109,157.765,156.573,157.382,82907,0
1641427200,157.347,157.469,156.083,156.71,102555,0
1641513600,156.66,157.191,156.65,157.051,76116,0
1641772800,156.863,157.372,155.94,156.379,86293,0
1641859200,156.355,157.312,156.21,157.182,83474,0
1641945600,157.177,157.706,156.753,157.029,80361,0
1642032000,156.999,157.458,156.307,156.492,76644,0
1642118400,156.47,156.64,155.457,156.221,96319,0
1642377600,155.926,156.709,155.926,156.413,57300,0
1642464000,156.413,156.904,155.47,155.772,111418,0
1642550400,155.802,156.23,155.402,155.607,110242,0
1642636800,155.585,156.063,155.106,155.162,99877,0
1642723200,155.064,155.218,153.902,154.073,117359,0
1642982400,153.896,154.489,152.903,153.703,135580,0
1643068800,153.676,154.013,153.116,153.739,128641,0
1643155200,153.717,154.74,153.617,154.362,121249,0
1643241600,154.36,154.717,153.816,154.37,147094,0
1643328000,154.297,154.957,154.088,154.35,130019,0
1643587200,154.326,155.33,154.324,154.79,117052,0
1643673600,154.718,155.207,154.487,155.078,115797,0
1643760000,155.058,155.436,154.807,155.341,99040,0
1643846400,155.395,156.502,155.041,156.313,134967,0
1643932800,156.137,156.501,155.56,155.818,121996,0
1644192000,156.004,156.22,155.133,155.786,107885,0
1644278400,155.691,156.719,155.606,156.468,100489,0
1644364800,156.426,156.853,156.194,156.342,91914,0
1644451200,156.328,158.067,156.193,157.263,147494,0
1644537600,157.219,157.71,155.852,156.526,147174,0
1644796800,156.198,156.86,155.302,156.351,154134,0
1644883200,156.192,156.829,155.961,156.476,123137,0
1644969600,156.43,157.109,156.346,156.85,125573,0
1645056000,156.72,156.993,156.043,156.481,149402,0
1645142400,156.454,157.287,156.211,156.364,127402,0
1645401600,156.109,156.742,155.979,156.037,93854,0
1645488000,156.012,156.504,155.502,156.307,159766,0
1645574400,156.295,156.775,155.6,155.76,109999,0
1645660800,155.749,155.891,153.367,154.505,238870,0
1645747200,154.518,155.179,154.152,154.925,163036,0
1646006400,153.477,154.996,153.462,154.253,173717,0
1646092800,154.263,154.686,152.656,153.135,146153,0
1646179200,153.133,154.916,152.814,154.845,162309,0
1646265600,154.814,155.228,153.865,154.102,128149,0
1646352000,154.059,154.225,151.465,152.001,162503,0
1646611200,151.805,152.23,151.032,151.089,196657,0
1646697600,151.038,152.007,150.976,151.525,196923,0
1646784000,151.453,152.778,151.387,152.711,142201,0
1646870400,152.692,152.994,151.878,151.961,145564,0
1646956800,151.959,153.398,151.818,152.91,137393,0
1647216000,152.91,154.188,152.85,153.68,124558,0
1647302400,153.669,154.69,153.22,154.227,138441,0
1647388800,154.231,156.17,154.2,156.118,155097,0
1647475200,156.1,156.706,155.456,155.962,124447,0
1647561600,155.951,157.222,155.852,156.996,103435,0
1647820800,156.857,157.506,156.371,157.267,89017,0
1647907200,157.24,160.301,157.239,160.208,135339,0
1647993600,160.197,161.097,159.033,159.916,117336,0
1648080000,159.894,161.424,159.585,161.316,129680,0
1648166400,161.285,161.494,159.848,160.955,139567,0
1648425600,160.679,164.634,160.675,162.21,190307,0
1648512000,162.21,162.717,160.253,160.871,207076,0
1648598400,160.87,161.363,159.039,160.006,195512,0
1648684800,159.995,160.883,159.438,159.927,193479,0
1648771200,159.711,161.182,159.711,160.681,156277,0
1649030400,160.41,161.302,160.273,161.035,133667,0
1649116800,161.025,161.972,160.495,161.569,140110,0
1649203200,161.56,162.276,161.407,161.768,165133,0
1649289600,161.749,162.265,161.393,162.059,136509,0
1649376000,162.031,162.348,161.642,161.981,116988,0
1649635200,161.489,163.843,161.464,163.33,132289,0
1649721600,163.332,163.623,162.782,162.963,149986,0
1649808000,162.963,164.84,162.887,164.754,139331,0
1649894400,164.772,164.847,164.027,164.59,136198,0
1649980800,164.575,165.453,164.392,165.019,146176,1
1650240000,164.754,165.406,164.637,165.257,93929,1
1650326400,165.198,167.608,165.142,167.509,150243,0
1650412800,167.45,168.426,166.424,167.108,175559,0
1650499200,167.094,167.907,166.894,167.243,157666,0
1650585600,167.211,167.586,164.797,165.02,166588,0
1650844800,164.887,165.292,162.053,163.227,192019,0
1650931200,163.22,163.597,159.932,159.947,180340,0
1651017600,159.947,161.386,159.614,161.051,183445,0
1651104000,161.057,164.25,160.866,162.93,207140,0
1651190400,162.857,163.987,162.376,163.332,163900,0
1651449600,163.156,163.88,162.28,162.58,134170,0
1651536000,162.584,163.41,162.348,162.633,140436,0
1651622400,162.571,163.191,161.779,163.061,153421,0
1651708800,162.908,163.564,160.462,160.862,179466,0
1651795200,160.811,161.599,160.311,161.053,186093,0
1652054400,161.124,162.184,160.156,160.669,181187,0
1652140800,160.618,161.514,160.036,160.641,183245,0
1652227200,160.619,161.306,158.83,159.156,199544,0
1652313600,159.141,159.285,155.59,156.516,233059,0
1652400000,156.502,158.469,156.403,158.451,168671,0
1652659200,158.074,159.273,157.427,159.105,164383,0
1652745600,159.079,161.844,158.789,161.567,160545,0
1652832000,161.582,161.776,158.055,158.217,167968,0
1652918400,158.249,159.924,157.882,159.356,240129,0
1653004800,159.379,160.198,158.727,159.796,200870,0
1653264000,159.356,161.012,159.315,160.948,168265,0
1653350400,160.948,160.972,157.989,158.946,196801,0
1653436800,158.857,160.303,158.388,160.03,194321,0
1653523200,160.038,160.827,159.014,160.133,173404,0
1653609600,160.209,160.648,159.823,160.532,149823,0
1653868800,160.248,161.517,160.237,161.339,113383,0
1653955200,161.402,162.36,160.937,162.15,200798,0
1654041600,162.004,163.313,161.872,162.465,181394,0
1654128000,162.457,163.418,162.106,163.338,140154,0
1654214400,163.327,164.091,163.053,163.332,136798,0
1654473600,163.388,165.47,162.907,165.244,149576,0
1654560000,165.213,167.108,165.174,166.94,191345,0
1654646400,166.94,168.533,166.814,168.259,192447,0
1654732800,168.259,168.72,166.69,167.837,209761,0
1654819200,167.758,168.2,165.165,165.406,211066,0
1655078400,165.372,166.125,162.25,163.084,268550,0
1655164800,163.032,164.308,161.338,162.485,288363,0
1655251200,162.451,163.157,161.724,162.96,297081,0
1655337600,162.869,163.799,159.992,163.244,314904,0
1655424000,163.279,166.221,162.997,164.871,290800,0
1655683200,164.704,165.661,164.464,165.363,185325,0
1655769600,165.398,167.832,165.218,167.798,221038,0
1655856000,167.781,167.864,165.76,167.043,229532,0
1655942400,167.02,167.078,164.656,165.424,271642,0
1656028800,165.448,166.304,164.804,165.909,216709,0
1656288000,165.948,166.525,165.115,166.172,227453,0
1656374400,166.142,166.931,165.718,165.819,256815,0
1656460800,165.782,166.341,165.401,165.55,280762,0
1656547200,165.547,165.819,164.801,165.312,258055,0
1656633600,165.268,165.314,161.577,163.574,266021,0
1656892800,163.65,164.748,163.001,164.217,166172,0
1656979200,164.011,165.273,161.582,162.412,254356,0
1657065600,162.423,162.579,160.383,162.059,289861,0
1657152000,162.011,163.627,161.575,163.528,221613,0
1657238400,163.458,163.928,161.814,163.786,237171,0
1657497600,163.174,164.46,163.031,163.398,219503,0
1657584000,163.512,163.551,161.832,162.683,259718,0
1657670400,162.645,164.121,162.347,163.346,259076,0
1657756800,163.38,165.194,162.972,164.277,287412,0
1657843200,164.188,164.702,163.639,164.36,211679,0
1658102400,164.264,166.095,164.164,165.103,197750,0
1658188800,164.896,165.978,164.714,165.758,225714,0
1658275200,165.758,166.256,165.131,165.585,220376,0
1658361600,165.442,165.977,164.535,164.823,266829,0
1658448000,164.793,165.149,162.992,163.353,263633,0
1658707200,163.144,165.088,162.994,164.568,213943,0
1658793600,164.58,164.969,163.463,164.703,204574,0
1658880000,164.687,166.331,164.506,166.022,221317,0
1658966400,166.022,166.074,162.861,163.492,238621,0
1659052800,163.451,163.901,161.528,162.299,242907,0
1659312000,162.126,162.498,161.032,161.174,233445,0
1659398400,161.254,162.005,159.439,161.981,275594,0
1659484800,162.025,163.056,161.195,162.557,258860,0
1659571200,162.557,163.985,161.121,161.637,229719,0
1659657600,161.51,163.37,161.093,162.979,207346,0
1659916800,162.843,163.845,162.563,163.12,207677,0
1660003200,163.066,163.673,162.617,163.177,197775,0
1660089600,163.144,164.109,161.68,162.313,226897,0
1660176000,162.282,162.561,161.257,162.269,239095,0
1660262400,162.204,162.791,161.802,161.992,213936,0
1660521600,161.866,162.066,160.351,160.697,192037,0
1660608000,160.657,162.742,160.08,162.319,196070,0
1660694400,162.286,163.566,162.089,162.675,217975,0
1660780800,162.734,163.246,161.684,162.107,207860,0
1660867200,161.943,162.837,161.627,161.867,195694,0
1661126400,161.585,162.522,161.158,161.757,189653,0
1661212800,161.813,162.316,160.796,161.781,217814,0
1661299200,161.765,161.894,160.835,161.73,211340,0
1661385600,161.68,161.99,161.321,161.505,195297,0
1661472000,161.478,162.681,161.211,161.396,213900,0
1661731200,161.398,162.648,161.318,162.491,196698,0
1661817600,162.495,162.588,161.487,161.744,229223,0
1661904000,161.605,161.906,160.9,161.48,223708,0
1661990400,161.459,161.867,160.974,161.857,226705,0
1662076800,161.857,162.491,161.155,161.428,205767,0
1662336000,160.788,161.952,160.655,161.897,175148,0
1662422400,161.897,165.099,161.805,164.465,227598,0
1662508800,164.465,166.011,164.166,165.783,252302,0
1662595200,165.667,166.305,164.883,165.74,244696,0
1662681600,165.689,166.242,164.297,165.263,247990,0
1662940800,165.364,167.035,165.06,166.826,195545,0
1663027200,166.885,170.347,166.0,166.1,232139,0
1663113600,166.185,166.502,164.748,165.167,221892,0
1663200000,164.961,165.732,164.459,164.554,147866,0
1663286400,164.554,164.554,162.729,163.295,148798,0
1663545600,162.963,163.831,162.921,163.709,105138,2
1663632000,163.548,164.439,163.13,163.54,126935,0
1663718400,163.385,163.939,162.23,162.37,171221,0
1663804800,162.337,164.434,159.111,160.202,166734,0
1663891200,160.229,160.428,155.444,155.444,144250,0
1664150400,154.999,157.212,148.944,154.734,222163,0
1664236800,154.408,156.361,154.072,155.368,172125,1
1664323200,155.274,157.085,152.537,156.93,215463,0
1664409600,156.78,160.59,155.598,160.53,200666,0
1664496000,160.521,162.171,159.422,161.513,157551,0
1664755200,161.525,163.89,160.567,163.652,166665,0
1664841600,163.572,165.531,163.221,165.331,180508,0
1664928000,165.396,165.702,162.598,163.852,182416,2
1665014400,163.709,164.444,161.079,161.943,185304,0
1665100800,161.868,162.588,160.766,161.184,164367,0
1665360000,160.874,161.555,160.463,161.078,180707,0
1665446400,161.077,162.66,159.72,159.945,234922,0
1665532800,159.872,163.322,159.721,163.028,242345,0
1665619200,163.023,167.28,162.319,166.78,238922,0
1665705600,166.624,167.204,165.016,166.262,197469,0
1665964800,166.765,170.098,166.476,169.292,231134,0
1666051200,169.277,169.798,167.569,168.958,250884,0
1666137600,168.845,169.371,167.626,168.14,228616,0
1666224000,168.089,169.726,167.417,168.672,272575,0
1666310400,168.696,169.582,164.963,166.758,291140,0
1666569600,167.927,169.76,165.458,167.977,266842,0
1666656000,168.026,169.949,167.699,169.616,226060,0
1666742400,169.677,170.604,169.314,170.153,248636,0
1666828800,170.192,170.249,168.719,169.149,194333,0
1666915200,169.063,171.361,168.862,171.28,191903,0
1667174400,171.203,172.127,170.156,170.576,222942,0
1667260800,170.577,170.948,169.476,170.3,239596,0
1667347200,170.257,170.317,168.202,168.324,275993,0
1667433600,168.296,168.564,165.07,165.405,256075,0
1667520000,165.377,166.968,165.126,166.806,279083,0
1667779200,166.246,169.09,165.907,168.741,255300,0
1667865600,168.797,169.078,167.299,168.132,228351,0
1667952000,168.15,168.315,165.961,166.231,202362,0
1668038400,166.265,167.457,164.364,165.125,218529,0
1668124800,165.01,166.084,163.038,164.185,237959,0
1668384000,164.075,165.708,163.681,164.475,254059,0
1668470400,164.363,166.2,164.304,165.257,297925,0
1668556800,165.252,166.403,164.684,166.222,274438,0
1668643200,166.182,166.377,165.186,166.291,256681,0
1668729600,166.271,167.316,166.122,166.823,236151,0
1668988800,166.778,168.068,166.095,168.064,199020,0
1669075200,167.951,168.3,167.34,167.812,213912,0
1669161600,167.833,169.006,167.644,168.236,217404,0
1669248000,168.23,168.286,167.155,167.907,202159,0
1669334400,167.887,168.795,167.556,168.253,161035,0
1669593600,167.921,168.2,165.836,166.113,263641,0
1669680000,166.088,166.667,165.518,165.769,227750,0
1669766400,165.766,167.413,165.448,166.415,201944,0
1669852800,166.43,167.22,164.506,165.81,217158,0
1669939200,165.842,165.985,164.034,165.076,176110,0
1670198400,164.966,166.827,164.841,166.739,159164,0
1670284800,166.758,167.497,166.134,166.276,184196,0
1670371200,166.246,167.42,165.951,166.713,163299,0
1670457600,166.63,167.342,166.279,167.211,114118,0
1670544000,167.217,168.055,166.491,167.437,135725,0
1670803200,167.176,169.017,167.109,168.84,116608,0
1670889600,168.805,169.272,167.088,167.653,163852,2
1670976000,167.623,168.373,166.719,168.325,166896,2
1671062400,168.219,168.836,167.614,167.754,166551,0
1671148800,167.768,168.0,165.979,166.138,145322,0
1671408000,164.855,166.898,164.855,166.284,141792,0
1671494400,166.255,167.013,158.587,160.454,223137,0
1671580800,160.449,161.028,159.463,160.009,149190,0
1671667200,159.995,160.247,158.79,159.285,133109,0
1671753600,159.287,160.521,159.029,159.944,116559,1
1672012800,159.911,160.805,159.695,160.393,4287,25
1672099200,160.054,160.938,160.051,160.63,85874,3
1672185600,160.542,162.336,160.171,161.588,103925,0
1672272000,161.614,161.614,160.048,160.348,101786,8
1672358400,160.328,160.442,157.814,158.527,133239,5
1672617600,158.124,158.198,157.324,157.41,19921,4
1672704000,157.41,158.375,155.347,156.755,168572,0
1672790400,156.745,160.171,156.496,159.853,171935,0
1672876800,159.917,160.038,158.504,158.913,155189,0
1672963200,158.75,160.015,158.567,159.815,159547,0
1673222400,159.28,161.234,159.206,160.675,139930,0
1673308800,160.484,160.931,160.029,160.667,138816,0
1673395200,160.573,161.203,160.4,160.964,116571,1
1673481600,160.745,160.908,157.708,157.818,187067,0
1673568000,157.79,158.048,155.637,156.432,165165,0
1673827200,155.987,157.069,155.79,156.778,105302,0
1673913600,156.635,158.027,156.378,157.412,138277,0
1674000000,157.394,161.521,157.149,159.15,200660,0
1674086400,159.11,159.217,157.564,159.1,130011,0
1674172800,159.02,161.282,158.981,160.683,114687,0
1674432000,160.494,161.798,160.357,161.767,114875,0
1674518400,161.689,161.773,159.984,160.557,109891,0
1674604800,160.427,160.919,159.493,160.693,119648,1
1674691200,160.628,161.729,159.997,161.58,118609,2
1674777600,161.515,161.606,160.402,160.965,103715,3
1675036800,160.612,161.415,160.197,161.086,108113,0
1675123200,161.002,161.19,159.76,160.272,106545,0
1675209600,160.169,160.667,158.907,159.544,123371,0
1675296000,159.49,159.609,157.178,157.317,143785,0
1675382400,157.19,158.744,156.723,158.08,165595,0
1675641600,159.214,159.949,158.473,159.409,190597,0
1675728000,159.364,159.57,157.425,157.871,207795,0
1675814400,157.829,158.833,157.602,158.604,170586,0
1675900800,158.438,159.504,158.125,159.441,157953,0
1675987200,159.368,159.625,157.525,158.405,198445,0
1676246400,158.3,161.194,158.29,160.717,141079,0
1676332800,160.651,162.175,160.1,162.038,197420,0
1676419200,161.975,162.054,160.747,161.421,165434,0
1676505600,161.253,161.508,160.462,160.574,180399,0
1676592000,160.599,161.639,160.488,161.512,159311,0
1676851200,161.356,161.724,161.163,161.578,96321,0
1676937600,161.555,163.752,161.426,163.525,158062,0
1677024000,163.47,163.557,162.387,162.516,148544,0
1677110400,162.467,162.849,161.667,161.799,140188,0
1677196800,161.769,163.117,161.193,162.947,163327,0
1677456000,163.002,164.332,162.6,164.319,123945,0
1677542400,164.306,166.009,163.711,163.752,140524,0
1677628800,163.761,164.506,162.861,163.811,153389,0
1677715200,163.774,163.93,163.062,163.386,149453,0
1677801600,163.374,163.64,163.078,163.585,144057,0
1678060800,163.428,163.787,162.976,163.474,96531,0
1678147200,163.433,163.855,162.041,162.204,138273,0
1678233600,162.172,162.978,161.7,162.69,113693,0
1678320000,162.657,162.657,161.606,162.273,110923,1
1678406400,162.324,164.307,161.943,162.487,199131,0
1678665600,161.807,163.069,160.035,162.275,300807,0
1678752000,162.273,164.079,161.856,163.13,242298,0
1678838400,163.13,164.137,159.205,160.591,272287,0
1678924800,160.591,162.104,158.555,161.739,237942,0
1679011200,161.738,162.179,160.109,160.511,176547,0
1679270400,160.847,161.723,158.953,161.131,194163,0
1679356800,161.131,162.256,160.755,161.771,140137,0
1679443200,161.765,163.337,160.783,161.123,160915,0
1679529600,161.123,161.852,159.928,160.726,181437,0
1679616000,160.726,160.833,158.257,159.879,194261,0
1679875200,159.479,161.841,159.436,161.664,131400,0
1679961600,161.643,161.771,160.731,161.538,144717,0
1680048000,161.497,163.678,161.336,163.61,136285,0
1680134400,163.611,164.447,162.97,164.377,124116,0
1680220800,164.336,165.467,163.618,163.762,135273,0
1680480000,164.326,164.897,163.422,164.41,138384,0
1680566400,164.401,166.399,164.173,164.653,134039,0
1680652800,164.63,164.667,162.764,163.553,135130,0
1680739200,163.514,164.11,162.889,163.868,94550,0
1680825600,163.818,164.398,163.513,164.097,78171,3
1681084800,163.984,165.492,163.787,165.434,107204,0
1681171200,165.395,166.19,165.185,166.131,113180,0
1681257600,166.085,166.592,165.373,166.216,109538,1
1681344000,166.191,166.843,165.399,166.026,99551,0
1681430400,165.986,166.229,165.401,166.028,125634,0
1681689600,165.933,166.63,165.69,166.445,143146,0
1681776000,166.399,167.007,166.119,166.614,149545,0
1681862400,166.597,167.968,166.485,167.519,151998,0
1681948800,167.539,167.703,166.839,167.034,158822,0
1682035200,167.021,167.078,165.511,166.896,155431,0
1682294400,166.672,167.716,166.536,167.611,133416,0
1682380800,167.608,167.954,165.42,165.95,152265,0
1682467200,165.915,167.011,165.644,166.69,181462,0
1682553600,166.593,167.503,166.312,167.444,141641,0
1682640000,167.39,171.162,166.44,171.106,165138,0
1682899200,170.876,172.083,170.867,171.726,98158,0
1682985600,171.733,172.324,169.949,170.303,142031,0
1683072000,170.249,170.374,169.141,169.413,162944,0
1683158400,169.301,169.539,168.054,168.795,204613,0
1683244800,168.787,170.612,168.484,170.276,125674,0
1683504000,170.272,171.066,170.177,170.492,132778,0
1683590400,170.467,170.711,169.853,170.677,145667,0
1683676800,170.639,171.174,169.101,169.654,154028,0
1683763200,169.606,169.74,167.839,168.376,178916,0
1683849600,168.326,169.131,168.076,168.939,150553,0
1684108800,168.815,170.621,168.773,170.498,119971,0
1684195200,170.48,170.839,169.397,170.266,134715,0
1684281600,170.229,172.004,170.067,171.817,140249,0
1684368000,171.903,172.158,171.188,172.105,144390,0
1684454400,172.091,172.509,171.243,171.705,140616,0
1684713600,171.622,172.578,171.194,172.37,132442,0
1684800000,172.337,172.622,171.28,172.061,137724,0
1684886400,171.999,172.791,171.224,172.448,153986,0
1684972800,172.414,172.772,171.682,172.544,152581,0
1685059200,172.511,173.731,172.201,173.603,130299,0
1685318400,173.377,173.952,172.946,173.522,68300,0
1685404800,173.463,174.274,172.988,173.486,133626,0
1685491200,173.48,173.643,172.525,173.338,148158,0
1685577600,173.315,174.191,172.957,173.867,134447,0
1685664000,173.818,174.676,173.663,174.254,120367,0
1685923200,174.149,174.361,172.849,173.538,125775,0
1686009600,173.522,173.773,172.672,173.493,109788,0
1686096000,173.444,174.435,172.663,174.356,111369,0
1686182400,174.291,174.513,173.9,174.456,125451,0
1686268800,174.462,175.542,174.161,175.324,98571,0
1686528000,175.06,175.767,174.35,174.684,112357,0
1686614400,174.64,176.846,174.452,176.84,119984,0
1686700800,176.804,177.406,176.442,177.393,133371,0
1686787200,177.328,179.394,177.124,179.327,133025,0
1686873600,179.295,182.044,178.821,181.894,138538,0
1687132800,181.583,182.118,181.215,181.558,83455,0
1687219200,181.611,182.088,179.921,180.493,148832,0
1687305600,180.492,181.602,179.922,181.143,150562,0
1687392000,181.012,182.557,180.707,182.424,130792,0
1687478400,182.42,182.94,181.248,182.68,147558,0
1687737600,182.308,182.985,181.681,182.411,138249,0
1687824000,182.394,183.761,182.226,183.666,164337,0
1687910400,183.666,183.683,182.142,182.552,164482,0
1687996800,182.539,182.878,182.213,182.54,179779,0
1688083200,182.555,183.873,182.198,183.19,166111,0
1688342400,183.065,183.754,183.043,183.599,124120,0
1688428800,183.615,183.906,183.229,183.669,67796,0
1688515200,183.505,184.011,183.148,183.766,107077,0
1688601600,183.735,184.004,182.497,183.53,179057,0
1688688000,183.521,183.561,182.018,182.411,158601,0
1688947200,182.312,183.22,181.095,181.732,132856,0
1689033600,181.784,181.985,180.789,181.517,145188,0
1689120000,181.514,181.514,179.466,179.858,177852,0
1689206400,179.724,181.459,179.485,181.324,162714,0
1689292800,181.317,182.283,180.188,181.815,156598,0
1689552000,181.75,182.145,180.57,181.331,122396,0
1689638400,181.429,181.839,180.359,180.972,165181,0
1689724800,180.931,181.626,179.818,180.681,172728,0
1689811200,180.566,180.715,179.692,180.226,142336,0
1689897600,180.171,182.527,179.905,182.263,147655,0
1690156800,181.901,182.341,180.746,181.447,150173,0
1690243200,181.45,182.009,181.141,181.795,136116,0
1690329600,181.734,181.949,180.907,181.48,148324,0
1690416000,181.286,181.925,177.407,178.429,215066,0
1690502400,178.47,181.489,176.305,181.37,263400,0
1690761600,180.929,183.186,180.866,182.607,132327,0
1690848000,182.642,183.25,182.439,183.09,134301,0
1690934400,183.065,183.126,181.749,182.177,157671,0
1691020800,182.168,182.76,180.424,181.164,200989,0
1691107200,181.238,181.739,180.547,180.693,147258,0
1691366400,180.437,182.189,180.433,182.139,112363,0
1691452800,182.137,182.955,181.371,182.756,133759,0
1691539200,182.755,183.019,182.3,182.796,116080,0
1691625600,182.723,184.242,182.611,183.454,146563,0
1691712000,183.45,184.23,183.229,184.018,106220,0
1691971200,183.786,184.728,183.461,184.601,127520,0
1692057600,184.478,185.322,184.286,184.917,152060,0
1692144000,184.965,186.334,184.689,186.309,114519,0
1692230400,186.11,186.468,185.553,185.875,137037,0
1692316800,185.881,185.903,184.547,185.114,138548,0
1692576000,184.884,186.656,184.88,186.504,121076,0
1692662400,186.388,186.765,185.526,185.74,116698,0
1692748800,185.721,185.94,183.367,184.325,147198,0
1692835200,184.096,184.768,183.594,183.719,113521,0
1692921600,183.717,184.405,183.352,184.145,141098,0
1693180800,184.052,184.702,184.044,184.65,83257,2
1693267200,184.658,185.262,184.066,184.431,141601,0
1693353600,184.431,186.056,183.997,186.018,136588,0
1693440000,185.879,186.025,184.078,184.426,138987,0
1693526400,184.428,184.558,183.532,184.001,157023,0
1693785600,183.892,185.081,183.766,184.882,59577,1
1693872000,184.662,185.782,184.069,185.581,134101,0
1693958400,185.587,185.616,184.242,184.681,124062,0
1694044800,184.719,184.767,183.37,183.694,121404,0
1694131200,183.675,184.462,183.057,184.222,115590,0
1694390400,183.315,183.906,182.675,183.346,144330,0
1694476800,183.35,183.928,182.941,183.634,106606,0
1694563200,183.719,184.384,183.186,184.17,140646,0
1694649600,184.062,184.157,182.51,182.981,144631,0
1694736000,182.98,183.907,182.767,183.035,112760,0
1694995200,182.856,183.342,182.718,182.759,89137,0
1695081600,182.779,183.493,182.708,183.214,99031,0
1695168000,183.123,183.345,182.453,183.098,134489,0
1695254400,182.942,183.074,180.794,181.413,151333,0
1695340800,181.423,182.304,181.203,181.564,102260,0
1695600000,181.538,181.953,181.403,181.789,70400,0
1695686400,181.796,181.807,181.044,181.222,78198,1
1695772800,181.15,181.674,180.882,181.484,88181,0
1695859200,181.295,182.418,181.056,182.2,93461,0
1695945600,181.946,183.02,181.88,182.222,108273,0
1696204800,182.148,182.814,181.112,181.125,84744,0
1696291200,181.134,181.373,178.032,179.936,120326,0
1696377600,179.826,181.256,179.559,180.943,114448,0
1696464000,180.9,181.067,180.279,181.067,117285,0
1696550400,180.898,182.974,180.584,182.65,142798,0
1696809600,181.715,182.314,181.251,181.724,106108,0
1696896000,181.735,182.781,181.531,182.7,129572,0
1696982400,182.677,183.745,182.328,183.664,131761,0
1697068800,183.645,183.814,182.33,182.379,126706,0
1697155200,182.341,182.943,181.268,181.566,120101,0
1697414400,181.045,182.728,181.045,182.66,79894,5
1697500800,182.486,182.794,181.019,182.506,91642,5
1697587200,182.474,182.803,181.837,182.009,85597,5
1697673600,181.902,182.515,181.163,181.88,109256,3
1697760000,181.881,182.362,181.279,182.268,88747,4
1698019200,182.05,183.419,181.974,183.367,77729,5
1698105600,183.272,183.741,182.042,182.288,87027,6
1698192000,182.211,182.444,181.618,181.935,75117,3
1698278400,181.89,182.574,181.107,182.365,100134,5
1698364800,182.352,182.507,181.033,181.35,86072,3
1698624000,181.272,181.867,180.756,181.311,74172,4
1698710400,181.313,184.352,181.267,184.182,107935,2
1698796800,184.183,184.258,182.932,183.335,107958,6
1698883200,183.317,183.717,182.725,183.511,90172,2
1698969600,183.556,185.009,183.213,184.907,90699,0
1699228800,184.674,185.952,184.581,185.226,62629,0
1699315200,185.203,185.449,184.637,184.887,65530,4
1699401600,184.88,185.664,184.539,185.457,68645,4
1699488000,185.43,185.883,184.835,184.973,86805,2
1699574400,184.992,185.332,184.628,185.224,68548,4
1699833600,184.733,186.309,184.733,186.272,62646,0
1699920000,186.14,188.277,185.947,187.95,93870,2
1700006400,187.937,188.267,187.18,187.928,96188,5
1700092800,187.785,187.936,186.818,187.099,81749,4
1700179200,187.017,187.131,185.304,186.463,93652,5
1700438400,186.219,186.778,184.622,185.511,97173,4
1700524800,185.515,186.087,184.454,186.053,106508,8
1700611200,185.876,187.016,185.614,186.819,93485,6
1700697600,186.731,187.665,186.271,187.45,29608,3
1700784000,187.306,188.649,187.095,188.232,34574,2
1701043200,188.091,188.516,187.589,187.716,44448,8
1701129600,187.726,187.865,187.045,187.199,53678,2
1701216000,187.161,187.523,186.616,186.893,58646,4
1701302400,186.899,187.56,186.233,187.058,85346,0
1701388800,186.999,187.517,186.19,186.577,84970,0
1701648000,186.015,186.515,185.073,185.956,78385,0
1701734400,185.956,186.183,185.061,185.273,71890,0
1701820800,185.273,185.805,184.988,184.993,72824,3
1701907200,184.94,184.99,178.6,181.476,95879,0
1701993600,181.414,182.039,179.547,181.87,105317,0
1702252800,181.555,184.325,181.449,183.485,87562,0
1702339200,183.487,183.537,182.275,182.725,75319,0
1702425600,182.628,183.139,180.194,180.282,96130,0
1702512000,180.251,181.213,178.335,181.097,122614,0
1702598400,181.029,181.725,179.808,180.217,125184,0
1702857600,180.215,181.171,179.751,180.538,108378,6
1702944000,180.55,184.175,180.016,183.09,143573,8
1703030400,183.004,183.314,181.269,181.441,119979,17
1703116800,181.439,181.439,179.775,180.293,121028,12
1703203200,180.274,181.325,179.919,180.79,115481,17
1703462400,180.989,181.063,180.941,180.974,16,518
1703548800,180.521,181.281,180.392,181.174,76919,11
1703635200,180.938,182.192,180.864,181.501,96549,11
1703721600,181.435,181.487,178.992,180.015,111086,16
1703808000,179.973,180.533,179.303,179.516,112679,13
1704153600,179.156,180.645,178.731,179.122,120833,11
1704240000,179.104,181.736,178.726,181.466,123684,11
1704326400,181.463,183.777,180.988,183.413,122203,9
1704412800,183.232,184.327,183.158,183.908,132880,11
1704672000,183.724,184.2,183.016,183.856,112887,10
1704758400,183.846,183.91,182.747,183.581,115041,10
1704844800,183.599,185.74,183.365,185.713,103716,10
1704931200,185.74,186.16,184.899,185.302,135536,11
1705017600,185.137,185.638,184.469,184.777,125514,13
1705276800,184.553,185.751,184.394,185.446,90768,8
1705363200,185.45,186.181,184.954,185.984,133115,8
1705449600,185.999,188.117,185.671,187.805,130789,11
1705536000,187.804,188.253,187.181,188.233,126859,8
1705622400,188.247,188.902,187.405,188.205,122046,11
1705881600,188.006,188.37,187.737,188.204,110127,14
1705968000,188.205,188.898,187.331,188.175,132060,11
1706054400,188.184,188.473,187.116,187.696,135886,4
1706140800,187.7,188.191,187.15,187.631,123632,17
1706227200,187.633,188.566,187.289,188.164,112252,10
1706486400,187.657,188.27,187.11,187.432,105683,13
1706572800,187.451,187.494,186.334,187.431,113381,6
1706659200,187.431,187.617,185.904,186.374,156273,0
1706745600,186.375,186.601,185.159,186.583,142942,1
1706832000,186.588,187.729,186.243,187.404,124125,7
1707091200,187.341,187.609,185.976,186.369,128094,13
1707177600,186.367,186.78,186.149,186.349,122745,6
1707264000,186.35,187.256,186.068,187.084,133525,17
1707350400,187.087,188.465,186.774,188.394,137517,11
1707436800,188.396,188.862,188.1,188.469,98185,12
1707696000,188.322,188.701,187.842,188.603,76572,11
1707782400,188.604,190.055,188.358,189.907,96338,10
1707868800,189.873,189.873,188.743,189.192,90368,11
1707955200,189.181,189.204,187.89,188.875,90524,11
1708041600,188.88,189.493,188.528,189.248,86537,14
1708300800,189.081,189.379,188.89,189.05,61849,3
1708387200,189.02,189.714,188.821,189.335,90038,16
1708473600,189.33,189.94,189.073,189.915,82196,15
1708560000,189.914,190.821,189.751,190.572,94379,14
1708646400,190.571,191.132,190.336,190.707,77765,16
1708905600,190.75,191.309,190.309,191.157,74861,11
1708992000,190.99,191.157,190.356,190.873,90292,11
1709078400,190.901,190.922,190.244,190.778,83524,26
1709164800,190.786,190.796,189.031,189.301,101857,25
1709251200,189.326,190.384,189.011,189.914,96078,27
1709510400,189.85,191.181,189.678,191.009,75639,13
1709596800,191.011,191.05,190.288,190.661,77899,10
1709683200,190.654,190.673,189.843,190.174,90368,13
1709769600,190.14,190.173,188.217,189.613,96797,10
1709856000,189.608,189.685,188.371,189.06,98297,11
1710115200,188.993,189.013,187.909,188.277,78409,11
1710201600,188.215,189.171,187.948,188.839,65306,2
1710288000,188.839,189.544,188.408,188.905,53897,3
1710374400,188.913,189.513,188.591,189.105,59184,3
1710460800,189.105,190.024,188.579,189.801,48606,3
1710720000,189.787,190.152,189.527,189.777,39853,0
1710806400,189.783,192.159,189.62,191.792,57131,0
1710892800,191.792,193.524,191.744,193.264,54521,0
1710979200,193.264,193.496,191.775,191.854,68402,4
1711065600,191.854,192.227,190.379,190.776,54868,1
1711324800,190.726,191.567,190.335,191.299,42134,1
1711411200,191.299,191.671,191.095,191.195,37905,3
1711497600,191.195,191.522,190.498,191.064,50694,0
1711584000,191.062,191.312,190.561,190.997,43310,1
1711670400,191.002,191.229,190.771,190.99,17332,14
1711929600,190.82,191.35,190.173,190.322,33144,4
1712016000,190.327,190.711,190.038,190.608,38124,6
1712102400,190.604,191.928,190.418,191.918,43701,3
1712188800,191.916,192.243,191.007,191.318,39519,4
1712275200,191.317,191.626,190.669,191.575,50605,3
1712534400,191.297,192.186,191.292,192.125,41688,5
1712620800,192.119,192.847,191.793,192.41,34438,5
1712707200,192.404,192.924,191.466,192.049,53612,5
1712793600,192.065,192.573,191.556,192.366,63130,2
1712880000,192.374,192.395,189.986,190.795,62141,1
1713139200,190.48,192.709,190.204,191.992,63457,3
1713225600,191.985,192.806,191.642,192.226,63519,4
1713312000,192.228,192.83,191.669,192.255,54797,4
1713398400,192.264,192.774,191.893,192.303,56708,5
1713484800,192.289,192.721,190.293,191.254,87212,3
1713744000,191.32,191.693,190.316,191.22,36144,3
1713830400,191.222,192.843,190.828,192.734,39537,4
1713916800,192.726,193.627,192.336,193.605,37421,0
1714003200,193.605,194.943,193.106,194.759,45160,2
1714089600,194.757,197.905,193.958,197.812,56878,3
1714348800,197.03,200.539,193.603,196.412,66844,0
1714435200,196.398,197.369,195.93,197.111,52075,3
1714521600,196.986,197.42,191.766,193.681,46709,0
1714608000,193.623,195.744,191.85,192.624,75789,4
1714694400,192.549,192.644,191.352,191.884,58902,2
1714953600,191.82,193.664,191.539,193.296,40900,1
1715040000,193.285,194.124,192.982,193.484,46558,3
1715126400,193.483,194.51,193.012,194.379,43869,2
1715212800,194.373,194.854,193.833,194.712,47245,1
1715299200,194.698,195.337,194.357,195.075,41225,1
1715558400,194.89,196.275,194.735,196.165,39492,2
1715644800,196.158,197.051,195.713,196.944,41987,3
1715731200,196.916,197.089,195.877,196.456,49872,7
1715817600,196.472,196.905,195.036,196.839,54715,1
1715904000,196.856,197.849,196.671,197.647,38885,1
1716163200,197.48,198.639,197.253,198.522,43921,1
1716249600,198.503,198.903,198.267,198.457,44861,1
1716336000,198.438,199.531,198.228,199.365,44914,4
1716422400,199.371,199.889,199.018,199.236,50769,0
1716508800,199.237,200.062,198.906,199.892,46254,1
1716768000,199.87,200.424,199.61,200.374,28663,2
1716854400,200.382,200.643,200.051,200.528,43270,1
1716940800,200.536,200.738,200.047,200.213,49622,1
1717027200,200.204,200.235,198.749,199.605,53338,1
1717113600,199.642,200.505,199.238,200.355,58986,3
1717372800,200.22,200.645,199.221,199.869,55069,1
1717459200,199.871,200.416,197.202,197.788,64222,1
1717545600,197.833,199.746,197.482,199.562,57397,1
1717632000,199.543,199.935,198.831,199.018,57730,0
1717718400,198.875,199.808,198.392,199.363,62431,3
1717977600,199.45,200.044,198.93,199.869,60714,2
1718064000,199.867,200.392,199.625,200.175,60105,1
1718150400,200.168,200.933,199.854,200.55,63877,1
1718236800,200.55,201.311,199.688,200.389,64465,1
1718323200,200.382,201.612,198.918,199.654,72855,1
1718582400,199.65,200.449,199.058,200.378,55076,3
1718668800,200.343,200.844,200.015,200.618,57650,2
1718755200,200.623,201.112,200.244,201.062,39908,1
1718841600,201.081,201.389,200.788,201.151,52788,7
1718928000,201.152,202.044,200.449,202.003,52940,1
1719187200,201.899,202.697,201.129,202.47,54417,4
1719273600,202.428,202.724,201.959,202.586,51570,1
1719360000,202.552,203.145,202.301,202.973,54324,1
1719446400,202.858,203.382,202.501,203.176,50090,1
1719532800,203.189,203.589,202.563,203.424,50623,2
1719792000,203.44,204.724,203.198,204.254,50839,1
1719878400,204.197,204.383,203.882,204.126,18509,8
1719964800,204.803,206.164,204.421,206.042,39262,1
1720051200,206.032,206.069,205.284,205.775,34873,1
1720137600,205.765,206.435,204.983,206.023,49202,10
1720396800,205.7,206.664,205.288,205.956,51015,1
1720483200,205.918,206.582,205.828,206.281,48491,1
1720569600,206.268,207.814,206.015,207.725,42919,1
1720656000,207.733,208.11,203.824,205.15,50583,0
1720742400,205.142,206.336,203.814,205.029,64254,0
1721001600,205.05,205.397,204.133,204.998,47000,2
1721088000,204.902,205.787,204.769,205.441,48086,3
1721174400,205.298,205.688,203.016,203.212,58744,0
1721260800,203.135,203.862,202.095,203.673,59289,1
1721347200,203.68,204.217,202.945,203.288,49880,1
1721606400,203.037,203.608,201.889,203.046,49770,1
1721692800,203.041,203.156,200.743,200.799,55297,1
1721779200,200.788,201.177,197.768,198.575,64367,0
1721865600,198.593,198.796,195.86,197.833,73528,0
1721952000,197.849,199.139,196.896,197.752,58586,6
1722211200,197.62,198.603,196.784,198.08,60174,0
1722297600,198.054,199.464,195.975,196.049,59250,0
1722384000,196.058,197.545,192.163,192.8,88625,0
1722470400,192.794,193.249,190.159,190.258,87143,0
1722556800,190.32,190.5,187.381,187.553,89068,0
1722816000,187.562,187.628,180.075,184.211,109212,0
1722902400,184.213,187.07,182.803,183.134,100618,2
1722988800,183.131,188.063,182.902,186.128,92327,4
1723075200,186.129,187.868,184.469,187.709,89212,2
1723161600,187.7,188.406,186.47,187.007,72348,10
1723420800,186.946,189.321,186.896,187.915,57913,12
1723507200,187.914,189.504,187.572,188.839,64355,13
1723593600,188.863,189.422,187.852,189.0,68034,19
1723680000,188.866,191.999,188.747,191.887,54762,12
1723766400,191.846,192.001,190.367,190.975,58552,11
1724025600,191.002,191.62,188.229,190.407,64795,11
1724112000,190.338,191.256,189.222,189.329,64176,12
1724198400,189.327,191.404,188.921,190.08,72791,11
1724284800,190.154,191.912,189.625,191.474,63711,11
1724371200,191.458,192.019,190.264,190.673,64513,11
1724630400,190.321,190.781,189.499,190.566,69731,11
1724716800,190.589,191.914,190.231,190.879,65480,11
1724803200,190.818,191.442,190.348,190.697,68528,12
1724889600,190.722,191.535,190.25,190.95,68726,11
1724976000,190.956,192.008,190.487,191.822,57662,11
1725235200,191.765,193.465,191.326,193.151,41959,11
1725321600,193.166,193.351,190.313,190.764,64306,11
1725408000,190.737,190.839,188.922,188.936,69944,4
1725494400,188.935,189.774,188.061,189.054,74405,11
1725580800,188.97,189.397,186.512,186.746,79427,11
1725840000,186.558,188.121,186.407,187.177,70170,11
1725926400,187.189,188.089,185.721,186.321,65238,13
1726012800,186.322,186.363,183.711,185.666,78236,11
1726099200,185.64,186.73,185.281,186.116,76137,11
1726185600,186.095,186.198,184.362,184.739,62878,12
1726444800,184.658,186.032,183.763,185.823,61341,13
1726531200,185.824,187.448,185.286,187.409,67228,8
1726617600,187.401,188.044,185.823,187.988,73850,11
1726704000,187.989,190.383,187.416,189.445,90597,11
1726790400,189.439,191.986,188.708,191.558,78022,11
1727049600,191.408,192.428,190.125,191.659,69938,11
1727136000,191.644,193.315,191.23,192.09,70577,8
1727222400,192.043,193.254,191.77,192.851,63328,13
1727308800,192.844,194.345,192.503,194.265,73029,13
1727395200,194.248,195.956,189.999,190.093,80199,11
1727654400,190.041,192.304,189.553,192.087,72419,11
1727740800,192.082,193.352,189.846,190.723,72243,12
1727827200,190.719,194.416,190.406,194.297,67377,12
1727913600,194.33,195.165,192.116,192.824,71726,12
1728000000,192.828,195.519,191.721,195.101,66080,12
1728259200,194.873,195.616,193.338,193.861,66492,12
1728345600,193.832,194.366,192.879,194.197,66725,11
1728432000,194.179,195.243,193.581,195.134,52763,12
1728518400,195.128,195.496,193.567,194.03,62221,10
1728604800,193.947,195.23,193.738,194.778,44583,12
1728864000,194.544,195.706,194.544,195.556,37755,12
1728950400,195.564,195.721,194.638,195.042,51761,5
1729036800,195.099,195.275,193.698,194.358,53428,12
1729123200,194.386,195.595,193.825,195.399,54098,12
1729209600,195.302,196.046,194.751,195.066,49126,12
1729468800,194.98,195.882,194.562,195.83,49845,12
1729555200,195.837,196.51,195.096,196.132,52029,13
1729641600,196.137,198.425,195.688,197.373,79323,12
1729728000,197.37,197.622,196.424,196.987,80430,13
1729814400,196.982,197.769,196.377,197.39,76494,12
1730073600,198.182,199.347,197.804,198.734,82452,16
1730160000,198.733,199.706,198.032,199.455,78361,8
1730246400,199.454,199.797,198.197,198.761,86559,5
1730332800,198.72,198.9,195.372,196.028,95636,12
1730419200,196.027,198.357,195.776,197.57,90497,12
1730678400,197.487,197.792,196.491,197.1,96143,12
1730764800,197.102,197.87,196.922,197.715,88538,12
1730851200,197.718,199.516,197.21,199.12,123094,12
1730937600,199.001,199.55,198.293,198.563,102611,11
1731024000,198.536,198.913,196.732,197.173,97034,17
1731283200,197.036,198.457,196.625,197.798,84401,13
1731369600,197.708,198.051,196.874,197.074,99421,12
1731456000,196.989,197.807,196.65,197.543,96240,12
1731542400,197.444,198.234,197.071,197.892,98488,12
1731628800,197.883,198.436,194.293,194.799,101820,12
1731888000,194.592,196.143,194.36,196.048,98934,12
1731974400,196.035,196.21,193.555,196.109,99172,11
1732060800,196.106,197.777,195.898,196.554,93183,12
1732147200,196.578,196.633,194.363,194.453,100635,11
1732233600,194.439,194.802,192.845,193.911,101219,11
1732492800,194.027,194.614,193.265,193.77,102538,12
1732579200,193.831,193.831,192.033,192.415,105460,12
1732665600,192.417,192.619,190.687,191.499,100965,12
1732752000,191.382,192.464,191.278,192.209,72616,6
1732838400,192.126,192.267,190.154,190.551,97497,11
1733097600,190.378,191.282,188.465,189.243,101875,12
1733184000,189.241,190.373,188.079,189.487,95493,15
1733270400,189.497,191.525,189.354,191.198,97829,12
1733356800,191.222,192.206,190.337,191.422,90729,18
1733443200,191.433,192.364,190.718,191.182,89692,12
1733702400,190.941,193.401,190.6,192.725,84604,12
1733788800,192.801,194.101,192.422,193.957,88693,12
1733875200,193.905,194.773,192.524,194.28,90597,11
1733961600,194.375,194.993,192.93,193.335,82546,12
1734048000,193.431,194.452,192.846,193.869,72476,12
1734307200,193.82,195.88,193.646,195.402,78027,12
1734393600,195.407,195.892,194.649,194.934,82587,13
1734480000,194.953,195.76,194.07,194.573,83531,12
1734566400,194.544,198.941,194.047,196.725,97063,11
1734652800,196.762,197.282,195.745,196.541,94695,1
1734912000,196.433,197.072,196.224,196.863,76891,12
1734998400,196.825,197.622,196.59,196.848,51157,15
1735171200,197.274,197.991,197.014,197.834,44733,19
1735257600,197.745,198.712,197.208,198.424,74763,12
1735516800,198.37,198.95,196.323,196.792,73241,12
1735603200,196.766,197.19,195.737,196.607,73950,15
1735776000,196.687,197.521,194.193,194.856,86413,12
1735862400,194.802,195.533,194.637,195.378,74838,12
1736121600,195.126,197.407,195.081,197.201,86325,12
1736208000,197.205,198.207,196.87,197.117,74359,12
1736294400,197.091,197.544,195.115,195.648,85132,13
1736380800,195.661,195.805,193.473,194.564,73341,13
1736467200,194.482,194.768,192.203,192.52,86058,12
1736726400,192.37,192.75,190.071,192.037,88373,12
1736812800,192.026,192.978,191.489,192.92,90525,13
1736899200,192.904,192.995,191.081,191.438,83279,12
1736985600,191.455,191.54,189.761,189.847,86525,12
1737072000,189.786,190.599,189.321,190.163,79664,13
1737331200,190.086,192.01,189.883,191.756,78313,12
1737417600,191.746,192.176,190.471,192.062,93322,13
1737504000,192.02,193.002,191.683,192.68,82639,12
1737590400,192.674,192.998,192.269,192.722,60966,12
1737676800,192.65,194.741,192.061,194.658,80196,12
1737936000,193.902,194.64,192.151,193.047,94253,12
1738022400,193.039,194.019,192.703,193.448,79171,13
1738108800,193.432,193.752,192.476,193.185,79956,12
1738195200,193.184,193.274,191.447,191.513,85380,12
1738281600,191.48,193.019,191.168,192.33,84564,13
1738540800,190.288,192.82,190.022,192.635,105197,12
1738627200,192.583,193.156,191.768,192.546,86716,16
1738713600,192.524,192.762,190.276,190.816,85963,15
1738800000,190.779,190.951,188.059,188.241,81904,3
1738886400,188.248,189.576,187.042,187.714,82901,12
1739145600,187.054,189.141,186.986,187.96,70883,14
1739232000,187.922,189.918,187.243,189.75,70654,3
1739318400,189.649,192.67,189.329,192.129,77725,13
1739404800,192.124,193.048,191.165,191.977,82808,14
1739491200,191.985,192.497,191.472,191.656,66752,19
1739750400,191.432,191.73,190.63,191.229,63372,2
1739836800,191.118,191.94,190.831,191.752,67007,17
1739923200,191.742,192.119,190.45,190.618,82651,6
1740009600,190.438,190.61,188.684,189.551,111051,9
1740096000,189.482,190.942,188.137,188.59,110958,9
1740355200,188.489,189.577,188.226,188.974,120695,9
1740441600,188.945,189.746,188.156,188.707,128555,9
1740528000,188.707,189.86,188.396,188.94,125614,9
1740614400,188.859,190.107,188.57,188.739,128194,9
1740700800,188.747,190.309,187.674,189.418,136484,9
1740960000,189.572,191.973,188.811,189.858,144529,9
1741046400,189.756,191.728,188.251,191.552,165829,9
1741132800,191.5,192.327,190.869,191.921,156817,9
1741219200,191.9,192.552,189.876,190.525,158532,9
1741305600,190.535,191.421,189.65,191.267,151820,9
1741564800,190.581,191.011,189.172,189.448,145404,9
1741651200,189.454,191.674,188.79,191.178,156933,9
1741737600,191.175,193.109,191.168,192.079,130096,9
1741824000,192.098,192.339,190.731,191.257,127967,9
1741910400,191.256,192.748,191.256,192.243,117819,9
1742169600,192.227,193.96,191.957,193.671,111196,10
1742256000,193.67,194.907,193.67,193.994,104684,10
1742342400,193.993,194.715,193.05,193.455,104140,3
1742428800,193.454,193.556,192.054,192.886,105489,9
1742515200,192.886,193.584,192.019,192.842,102230,9
1742774400,192.591,194.757,192.591,194.653,130340,10
1742860800,194.664,194.987,193.616,193.952,139099,25
1742947200,193.963,194.777,193.456,193.708,152915,4
1743033600,193.707,195.96,193.488,195.527,159488,25
1743120000,195.543,195.705,193.687,193.879,158809,25
1743379200,193.83,193.988,192.722,193.686,192009,25
1743465600,193.622,193.917,192.198,193.295,172661,25
1743552000,193.22,195.743,192.973,194.063,186063,25
1743638400,194.081,194.085,191.112,191.295,276001,1
1743724800,191.276,191.743,187.517,189.549,296227,25
1743984000,186.71,190.056,186.069,187.954,329315,6
1744070400,187.955,188.933,186.528,186.631,282068,25
1744156800,186.636,189.802,184.355,189.336,323010,25
1744243200,189.379,189.441,186.342,187.248,292459,25
1744329600,187.255,188.181,186.005,187.63,304052,25
1744588800,188.456,189.187,186.564,188.561,235191,25
1744675200,188.593,189.572,188.393,189.359,191234,25
1744761600,189.351,189.657,187.552,187.758,217532,25
1744848000,187.689,189.343,187.44,188.813,212655,25
1744934400,188.811,189.132,188.505,188.863,224686,16
1745193600,188.631,188.854,187.974,188.389,149100,25
1745280000,188.4,188.849,187.446,188.644,202935,6
1745366400,188.593,190.297,188.148,190.076,232151,25
1745452800,190.003,190.378,189.281,190.22,182984,25
1745539200,190.21,191.711,189.957,191.198,184491,25
1745798400,191.11,191.541,190.647,190.754,167442,25
1745884800,190.775,191.335,190.385,190.729,157638,25
1745971200,190.606,191.25,189.945,190.676,172365,0
1746057600,190.418,193.44,190.321,192.942,170200,25
1746144000,192.944,193.727,191.466,192.368,191107,25
1746403200,191.768,192.286,190.979,190.989,146956,25
1746489600,190.903,191.34,190.306,190.365,169317,25
1746576000,190.37,191.651,190.256,191.112,191617,25
1746662400,190.979,193.487,190.879,193.223,189365,25
1746748800,193.221,193.455,192.331,193.385,164693,25
1747008000,193.842,195.785,193.61,195.568,201985,0
1747094400,195.445,196.365,194.767,196.189,166804,2
1747180800,196.092,196.395,194.214,194.517,190089,25
1747267200,194.403,194.73,193.426,193.721,163572,0
1747353600,193.652,193.813,193.017,193.403,152760,25
1747612800,192.74,194.059,192.615,193.507,167798,25
1747699200,193.384,194.195,192.902,193.508,155563,25
1747785600,193.436,193.505,192.565,192.768,181905,25
1747872000,192.729,193.575,191.87,193.211,179368,10
1747958400,193.098,193.546,192.055,192.971,179155,20
1748217600,192.672,194.024,192.533,193.643,105595,0
1748304000,193.636,195.613,193.042,194.853,146088,10
1748390400,194.85,195.38,194.365,194.977,160128,25
1748476800,194.942,196.292,194.281,194.446,187291,25
1748563200,194.46,194.65,193.374,193.779,178080,10
1748822400,193.69,193.886,192.991,193.201,160422,25
1748908800,193.249,194.766,192.707,194.512,149794,25
1748995200,194.508,195.217,193.399,193.419,157203,25
1749081600,193.424,195.48,193.244,194.68,162720,25
1749168000,194.769,196.175,194.519,195.87,139672,2
1749427200,195.899,196.136,195.43,195.831,117977,25
1749513600,195.827,196.43,194.765,195.484,133814,25
1749600000,195.456,196.22,195.276,195.723,142161,25
1749686400,195.686,195.874,194.704,195.253,154076,10
1749772800,195.236,195.963,193.738,195.511,192356,25
1750032000,195.185,196.674,194.948,196.459,159544,25
1750118400,196.472,196.83,194.892,194.999,169721,25
1750204800,195.084,195.331,194.321,194.706,154963,25
1750291200,194.703,195.945,194.003,195.649,131239,25
1750377600,195.587,196.692,195.507,196.439,149435,25
1750636800,196.66,198.177,195.999,197.558,187000,25
1750723200,197.602,197.678,196.932,197.246,167324,7
1750809600,197.249,198.564,197.011,198.344,128812,25
1750896000,198.371,198.582,197.698,198.153,146877,25
1750982400,198.153,198.792,197.885,198.408,150313,25
1751241600,197.786,198.444,197.198,197.694,144296,25
1751328000,197.686,197.741,196.263,197.05,149856,25
1751414400,197.011,197.535,195.343,195.775,144284,25
1751500800,195.823,198.083,195.685,197.844,78479,25
1751587200,197.844,197.887,196.894,197.117,95141,2
1751846400,197.042,198.989,196.765,198.563,132583,25
1751932800,198.559,199.461,198.491,199.102,136295,25
1752019200,199.084,199.816,198.711,198.729,124261,25
1752105600,198.753,199.239,198.342,198.488,115111,25
1752192000,198.552,199.433,198.218,198.849,140243,25
1752451200,198.516,198.969,198.089,198.28,128169,25
1752537600,198.274,199.511,198.123,199.182,116469,2
1752624000,199.098,199.722,197.882,198.303,137670,25
1752710400,198.3,199.54,198.134,199.167,124889,27
1752796800,199.217,199.958,198.926,199.534,106119,26
1753056000,198.369,199.394,198.326,198.688,100895,18
1753142400,198.663,199.281,197.418,198.263,116099,25
1753228800,198.257,199.073,197.734,198.827,141511,18
1753315200,198.806,198.992,198.12,198.557,122683,18
1753401600,198.543,199.073,198.118,198.399,123771,10
1753660800,198.303,199.202,198.198,198.232,123638,25
1753747200,198.216,198.506,197.721,198.032,124449,25
1753833600,198.034,198.409,197.432,197.792,138091,19
1753920000,197.777,199.504,196.946,198.98,146097,18
1754006400,198.993,199.292,195.325,195.685,160954,0
1754265600,195.359,196.535,195.028,195.364,93101,10
1754352000,195.308,196.449,195.031,196.189,87290,10
1754438400,196.213,197.068,195.999,196.797,94211,10
1754524800,196.627,198.009,196.228,197.792,135204,25
1754611200,197.635,198.816,197.367,198.64,125833,25
1754870400,198.165,199.059,198.165,198.959,92287,25
1754956800,198.808,200.071,198.681,199.582,118189,25
1755043200,199.405,200.267,199.365,200.087,98132,25
1755129600,199.913,200.15,198.584,199.882,122933,25
1755216000,199.714,199.997,198.901,199.43,109318,27
1755475200,199.301,200.255,199.301,199.607,109648,27
1755561600,199.565,199.855,198.808,199.22,102151,26
1755648000,199.044,199.434,197.836,198.175,126106,25
1755734400,198.098,199.215,198.033,198.976,126214,20
1755820800,198.788,199.521,198.313,198.691,122275,25
1756080000,198.426,199.283,198.306,198.603,94843,25
1756166400,198.615,199.045,198.265,198.671,123216,25
1756252800,198.494,199.18,198.367,198.97,113761,25
1756339200,198.784,199.123,198.388,198.508,111291,25
1756425600,198.323,198.65,197.939,198.419,115250,25
1756684800,198.355,199.549,198.2,199.181,90221,10
1756771200,199.094,200.258,198.307,198.537,140809,18
1756857600,198.548,199.713,198.342,199.108,114966,10
1756944000,198.98,199.819,198.761,199.465,91436,10
1757030400,199.407,199.79,198.671,198.909,91271,10
1757289600,199.918,200.342,199.364,199.797,86281,10
1757376000,199.604,199.868,198.785,199.237,87622,10
1757462400,199.128,199.809,199.028,199.504,81255,10
1757548800,199.373,200.185,199.166,199.668,83556,10
1757635200,199.695,200.477,199.583,200.037,77699,10
1757894400,200.011,200.747,199.792,200.44,70797,10
1757980800,200.386,200.719,199.78,199.823,87631,10
1758067200,199.81,200.322,199.48,200.222,83965,10
1758153600,200.229,201.266,200.014,200.552,91578,10
1758240000,200.455,200.603,199.202,199.273,87836,10
1758499200,199.037,199.786,198.965,199.593,70415,3
1758585600,199.517,199.972,199.145,199.689,75255,5
1758672000,199.543,200.229,199.241,200.215,74624,4
1758758400,200.082,200.348,199.609,199.701,80295,10
1758844800,199.783,200.512,199.558,200.303,72089,10
1759104000,200.024,200.374,199.336,199.401,67251,10
1759190400,199.502,199.767,198.574,198.867,77336,4
1759276800,198.759,199.214,197.914,198.162,85328,10
1759363200,198.118,198.616,197.489,197.877,71442,10
1759449600,197.763,198.859,197.551,198.623,71473,10
1759708800,200.808,202.772,200.187,202.601,94800,10
1759795200,202.625,204.062,202.118,203.731,75715,10
1759881600,203.937,205.322,203.703,204.639,81107,10
1759968000,204.589,204.874,203.309,203.627,89952,10
1760054400,203.435,203.745,201.704,201.911,98383,10
1760313600,202.604,203.24,202.201,203.03,88676,10
1760400000,202.923,203.516,201.326,202.178,104847,10
1760486400,202.159,202.668,201.585,202.327,93269,10
1760572800,202.315,203.434,201.705,202.093,102075,10
1760659200,202.01,202.232,200.685,202.19,113049,10
1760918400,201.95,203.107,201.624,201.921,83703,10
1761004800,202.007,203.528,201.777,203.11,95974,10
1761091200,203.039,203.267,201.915,202.821,93215,10
1761177600,202.945,203.789,202.711,203.307,71006,10
1761264000,203.131,203.987,203.086,203.481,81400,10
1761523200,203.763,204.238,203.534,203.755,78373,10
1761609600,203.755,203.815,201.623,201.814,89783,10
1761696000,201.885,201.972,200.565,201.381,101448,10
1761782400,201.382,203.267,200.979,202.598,108120,5
1761868800,202.559,202.917,201.838,202.503,94825,4
1762128000,202.202,202.802,201.93,202.598,79983,10
1762214400,202.608,202.671,199.874,199.907,98741,10
1762300800,200.024,201.245,199.06,201.12,101969,10
1762387200,201.031,201.38,200.291,200.937,92932,10
1762473600,200.844,202.089,200.648,201.952,102541,10
1762732800,201.856,203.239,201.733,203.039,96725,10
1762819200,202.89,203.269,202.329,202.665,93451,10
1762905600,202.668,203.562,202.511,203.169,99192,10
1762992000,203.17,204.059,202.958,203.808,111195,10
1763078400,203.832,203.952,202.337,203.548,119570,10
1763337600,203.244,204.524,203.12,204.192,94471,10
1763424000,204.194,204.735,203.688,204.277,114393,10
1763510400,204.39,205.371,203.975,205.085,107237,10
1763596800,205.144,206.862,204.795,205.799,113291,10
1763683200,205.839,206.047,204.283,204.752,128069,10
1763942400,204.76,205.905,204.649,205.475,99890,10
1764028800,205.513,206.0,204.997,205.438,114554,4
1764115200,205.34,207.194,205.215,207.178,119774,11
1764201600,207.029,207.199,206.414,206.791,86690,5
1764288000,206.863,207.206,206.139,206.511,189439,11
1764547200,206.395,206.762,205.192,205.401,125321,11
1764633600,205.371,206.262,205.236,205.916,106485,11
1764720000,205.846,207.316,205.511,207.247,106895,5
1764806400,207.236,207.362,206.352,206.706,110012,4
1764892800,206.607,207.301,206.195,207.122,104593,11
1765152000,206.678,207.795,206.54,207.701,113726,11
1765238400,207.633,208.945,207.463,208.495,104854,11
1765324800,208.497,208.887,208.216,208.739,105837,11
1765411200,208.647,208.804,207.9,208.115,117311,11
1765497600,208.246,208.752,207.869,208.209,99543,11
1765756800,208.374,208.445,207.078,207.597,96578,11
1765843200,207.463,208.003,206.765,207.6,115279,11
1765929600,207.578,208.407,207.054,208.214,108378,11
1766016000,208.151,209.02,207.856,208.126,104769,11
1766102400,207.989,211.014,207.865,210.924,108730,11
1766361600,210.828,211.597,210.53,211.363,109640,11
1766448000,211.163,211.377,210.279,211.103,100763,11
1766534400,210.865,211.107,210.038,210.407,105679,11
1766707200,210.881,211.513,210.325,211.277,98971,11
1766966400,210.926,211.341,210.426,210.723,112624,11
1767052800,210.722,211.095,210.417,210.532,96242,11
1767139200,210.495,211.177,210.251,211.07,90588,11
1767312000,210.983,211.445,210.742,210.947,90924,11
1767571200,210.742,211.798,210.503,211.663,113242,11
1767657600,211.649,212.153,211.308,211.391,104133,11
1767744000,211.39,211.748,210.911,210.916,99537,11
1767830400,210.885,211.161,210.297,210.691,95687,11
1767916800,210.615,212.057,210.467,211.609,104839,11
1768176000,211.732,213.019,211.574,212.953,94526,11
1768262400,212.867,214.293,212.636,213.605,100302,11
1768348800,213.476,214.114,212.538,213.03,102176,11
1768435200,212.868,213.316,211.987,212.121,96856,11
1768521600,212.139,212.302,211.382,211.453,92055,11
1768780800,210.698,212.396,210.595,212.271,88488,11
1768867200,212.155,213.5,211.842,212.557,116889,11
1768953600,212.541,212.772,211.58,212.475,116095,11
1769040000,212.484,213.916,212.285,213.884,120695,11
1769126400,213.737,214.851,212.073,212.387,117424,6
1769385600,211.298,212.065,209.621,210.912,132986,11
1769472000,210.805,211.766,209.788,210.706,128533,11
1769558400,210.71,212.033,210.064,211.798,138263,11
1769644800,211.69,212.17,210.039,211.425,140024,11
1769731200,211.243,212.471,211.001,211.782,154875,11
1769990400,211.996,212.708,211.275,212.667,145204,11
1770076800,212.546,213.467,212.477,213.235,121865,11
1770163200,213.199,215.006,213.025,214.121,113756,11
1770249600,214.015,214.236,211.79,212.454,127138,11
1770336000,212.239,214.013,211.596,213.857,110420,11
1770595200,214.142,214.429,212.115,213.472,124573,11
1770681600,213.227,213.724,210.431,210.463,110841,11
1770768000,210.579,210.665,208.168,208.866,117324,11
1770854400,208.621,209.559,207.568,208.038,123465,11
1770940800,207.913,209.334,207.788,208.331,116756,11
1771200000,208.28,209.686,208.105,209.216,74063,11
1771286400,209.117,209.495,207.226,207.951,111011,11
1771372800,207.783,209.217,207.575,208.747,99992,11
1771459200,208.782,209.544,208.075,208.519,106517,11
1771545600,208.69,209.691,208.35,208.987,112662,11
1771804800,208.814,209.227,208.131,208.638,103577,11
1771891200,208.576,210.85,208.401,210.277,104894,11
1771977600,210.229,212.12,209.998,211.996,100255,11
1772064000,211.972,211.972,210.252,210.656,99115,11
1772150400,210.23,210.835,209.787,210.451,94687,11
1772409600,209.278,211.384,208.971,210.907,143541,11
1772496000,210.953,211.361,209.21,210.595,150939,5
1772582400,210.437,210.698,209.475,209.961,138094,11
1772668800,209.917,210.627,209.168,210.435,144927,11
1772755200,210.32,211.681,209.945,211.681,247337,0
1773014400,210.861,212.188,210.603,211.797,481499,0
1773100800,211.875,212.422,211.595,212.041,530732,0
1773187200,212.041,213.313,212.037,212.99,441496,0
1773273600,212.99,213.175,212.41,212.521,458855,0
1773360000,212.551,212.884,211.068,211.134,465427,0
1773619200,211.255,212.122,210.807,211.742,417625,0
1773705600,211.805,212.482,211.634,212.328,260316,0
1773792000,212.33,212.727,211.718,211.84,266987,0
1773878400,211.838,212.354,210.796,211.793,349066,0
1773964800,211.793,212.772,211.753,212.425,280525,0
1774224000,211.835,213.303,211.577,212.743,484932,0
1774310400,212.743,212.982,212.256,212.791,348091,0
1774396800,212.791,213.209,212.631,212.986,236671,0
1774483200,212.986,213.303,212.698,212.875,209238,0
1774569600,212.875,213.102,212.227,212.51,203403,0
1774828800,212.332,212.64,210.197,210.554,225318,0
1774915200,210.477,211.216,209.624,209.852,265311,0
1775001600,209.804,211.437,209.686,211.209,184105,0
1775088000,211.122,211.269,210.342,210.992,187754,0
1775174400,210.897,211.301,210.344,210.56,71628,0
1775433600,210.46,211.542,210.33,211.32,173732,0
1775520000,211.234,212.292,211.176,212.126,200068,0
1775606400,212.064,213.148,212.007,212.371,293527,0
1775692800,212.248,213.845,212.228,213.547,191126,0
1775779200,213.434,214.576,213.426,214.452,173740,0
1776038400,213.652,215.367,213.559,215.343,206636,0
1776124800,215.121,215.781,214.906,215.376,193037,0
1776211200,215.38,215.904,215.187,215.513,197488,0
1776297600,215.522,215.755,215.118,215.241,186248,0
1776384000,215.182,215.689,214.001,214.401,226782,0
1776643200,214.001,215.094,214.001,214.907,239976,0
1776729600,214.788,215.415,214.6,215.248,232853,0
1776816000,215.021,215.658,214.92,215.28,222947,0
1776902400,215.176,215.733,214.944,215.088,272113,0
1776988800,214.944,215.769,214.87,215.675,230243,0
1777248000,215.598,216.052,215.393,215.738,206397,0
1777334400,215.66,215.83,214.945,215.745,233949,0
1777420800,215.588,216.278,215.486,216.199,231659,0
1777507200,216.049,216.596,210.46,213.02,351269,0
1777593600,212.935,214.042,211.802,213.148,256961,0
1777852800,212.962,213.615,211.776,212.748,260665,0
1777939200,212.748,214.066,212.435,213.759,189271,0
1778025600,213.653,214.227,210.761,212.519,305458,0
1778112000,212.418,213.117,212.285,212.625,252130,0
1778198400,212.513,213.709,212.363,213.614,199104,0
1778457600,212.062,214.42,212.048,213.958,216814,0
1778544000,213.821,214.202,212.742,213.391,246459,0
1778630400,213.266,213.697,212.874,213.497,181411,0
1778716800,213.273,213.703,211.877,212.234,185346,0
1778803200,212.129,212.259,211.288,211.545,232522,0
1779062400,211.284,213.545,211.192,213.374,228477,0
1779148800,213.228,213.503,212.643,213.041,201517,0
1779235200,213.056,213.611,212.624,213.505,218413,0
1779321600,213.435,213.82,213.282,213.5,218053,0
1779408000,213.397,214.041,213.242,213.817,142167,0
1779667200,213.594,214.678,213.555,214.63,105503,0
1779753600,214.371,214.675,214.073,214.189,163303,0
1779840000,214.107,214.477,213.992,214.171,172124,0
1779926400,213.945,214.207,213.325,214.051,192892,0
1780012800,214.022,214.631,213.581,214.339,184135,0
1780272000,214.329,215.004,214.164,214.824,192337,0
1780358400,214.705,215.523,214.664,215.331,153382,0
1780444800,215.191,215.377,214.424,214.769,182705,0
1780531200,214.657,215.156,214.355,214.811,175601,0
1780617600,214.716,215.602,213.521,213.885,222660,0
1780876800,213.487,214.042,212.925,213.641,216485,0
1780963200,213.489,214.79,213.489,214.545,195340,0
1781049600,214.349,215.231,214.265,214.615,214550,0
1781136000,214.542,214.94,213.868,214.582,233133,0
1781222400,214.582,215.02,214.279,214.798,233158,0
1781481600,214.586,215.371,214.496,215.047,158637,0
1781568000,214.948,215.557,214.521,215.416,196594,0
1781654400,215.296,215.444,213.215,213.483,199618,0
1781740800,213.44,214.057,212.449,213.07,256691,0
1781827200,213.07,213.553,212.459,213.54,194034,0
1782086400,212.549,214.672,212.549,214.052,213920,0
1782172800,213.899,214.208,212.979,213.307,230320,0
1782259200,213.174,213.504,212.537,213.026,221944,0
1782345600,212.89,213.726,212.792,213.391,209642,0
1782432000,213.346,213.813,213.211,213.469,218525,0
1782691200,213.461,214.768,213.386,214.668,179492,0
1782777600,214.668,215.771,214.181,215.557,196330,0
1782864000,215.377,215.936,215.11,215.793,210628,0
1782950400,215.756,216.068,214.634,214.98,274315,0
1783036800,214.95,215.527,214.699,215.311,162469,0
1783296000,215.199,217.153,215.199,217.019,148786,0
1783382400,217.019,217.212,216.371,216.496,194306,0
1783468800,216.477,217.831,216.269,217.681,229071,0
1783555200,217.681,218.01,217.357,217.715,174060,0
1783641600,217.635,217.8,216.458,216.671,245834,0
1783900800,216.389,217.313,216.385,216.813,260660,0
1783987200,216.617,217.397,216.616,217.283,265614,0
1784073600,217.283,219.607,216.939,219.555,219675,0
1784160000,219.52,219.554,218.108,218.785,200846,0
1784246400,218.785,218.943,217.997,218.467,206991,0
1784505600,218.41,218.835,218.04,218.217,193220,0
1784592000,218.217,218.728,217.521,218.224,195988,0
1784678400,218.175,218.415,217.837,218.194,189221,0
1784764800,218.194,218.624,217.965,218.119,225509,0
1784851200,218.08,218.476,217.969,218.3,179758,0
1785110400,217.985,218.52,217.475,217.525,184991,0
1785196800,217.525,217.992,217.513,217.712,157779,0
1785283200,217.712,218.557,217.157,218.434,212104,0
1785369600,218.434,218.681,212.791,214.763,294323,0
1785456000,214.738,216.321,212.439,212.522,355751,0
1785715200,211.995,212.981,209.571,211.092,251790,0
1785801600,210.95,212.334,210.906,212.173,239790,0
1785888000,212.07,212.559,211.705,212.451,222207,0
1785974400,212.451,213.299,212.224,213.172,185293,0
1786060800,213.025,213.265,211.464,212.907,215850,0
1786320000,212.753,215.244,212.628,215.157,187327,0
1786406400,215.098,215.229,214.758,215.171,173315,0
1786492800,215.079,215.381,214.548,215.107,220166,0
1786579200,215.107,215.183,214.784,215.105,226614,0
1786665600,215.036,215.896,214.881,215.637,238229,0
