time,open,high,low,close,tick_volume,spread
737164800,1.537,1.5445,1.529,1.5338,2781,50
737251200,1.5328,1.536,1.518,1.5225,2571,50
737337600,1.5228000000000002,1.5415,1.52,1.5387,2711,50
737596800,1.5365,1.546,1.5309,1.5354999999999999,2921,50
737683200,1.5350000000000001,1.538,1.5237,1.5365,2711,50
737769600,1.5350000000000001,1.5482,1.5328,1.5432000000000001,2261,50
737856000,1.5425,1.5603,1.5383,1.5565,3001,50
737942400,1.5548,1.5592000000000001,1.5390000000000001,1.5425,2811,50
738201600,1.54,1.545,1.5289000000000001,1.5365,2871,50
738288000,1.5385,1.5470000000000002,1.5345,1.542,2151,50
738374400,1.542,1.5505,1.541,1.5472000000000001,1381,50
738460800,1.5453000000000001,1.565,1.5425,1.562,2831,50
738547200,1.561,1.568,1.5535,1.5607,2871,50
738806400,1.5605,1.563,1.556,1.561,1351,50
738892800,1.5613000000000001,1.567,1.546,1.5554999999999999,3621,50
738979200,1.5544,1.556,1.5364,1.54,2481,50
739065600,1.5403,1.5501,1.537,1.5501,1641,50
739152000,1.549,1.5505,1.506,1.5085,4851,50
739411200,1.5063,1.5268000000000002,1.506,1.5268000000000002,2111,50
739497600,1.5253,1.5265,1.5135,1.5205,2121,50
739584000,1.5194999999999999,1.5270000000000001,1.5069,1.5152,3591,50
739670400,1.5137,1.5325,1.5070000000000001,1.5305,3421,50
739756800,1.5293,1.5405,1.5185,1.5215,3621,50
740016000,1.5190000000000001,1.533,1.5190000000000001,1.5285,1851,50
740102400,1.5274999999999999,1.5354999999999999,1.514,1.5165,3201,50
740188800,1.5154999999999998,1.52,1.498,1.5062,3471,50
740275200,1.5055,1.5187,1.4985,1.514,3191,50
740361600,1.5142,1.517,1.492,1.4975,3331,50
740620800,1.494,1.498,1.4799,1.4885,3071,50
740707200,1.4883,1.4905,1.474,1.4778,2251,50
740793600,1.478,1.4809999999999999,1.467,1.4735,2351,50
740880000,1.472,1.4761,1.4637,1.4689999999999999,2181,50
740966400,1.4683,1.4835,1.467,1.4762,2511,50
741225600,1.4785,1.4975,1.475,1.4959,2761,50
741312000,1.4954,1.5154999999999998,1.4894,1.5123,3531,50
741398400,1.512,1.5135,1.4885,1.4908000000000001,2881,50
741484800,1.4898,1.5175,1.4867,1.5150000000000001,3641,50
741571200,1.5150000000000001,1.5255,1.5055,1.5070000000000001,3201,50
741830400,1.508,1.5145,1.5045,1.5105,1751,50
741916800,1.5095,1.513,1.5015,1.504,1751,50
742003200,1.5030000000000001,1.5077,1.49,1.4955,2791,50
742089600,1.4942,1.4995,1.4889999999999999,1.4969999999999999,1821,50
742176000,1.495,1.499,1.4765,1.48,3001,50
742435200,1.484,1.4875,1.472,1.479,2601,50
742521600,1.478,1.4995,1.4735,1.4969999999999999,3301,50
742608000,1.4978,1.5051999999999999,1.4885,1.5025,2871,50
742694400,1.5025,1.5034999999999998,1.4845,1.4889999999999999,2451,50
742780800,1.4905,1.4915,1.474,1.486,3051,50
743040000,1.4845,1.5018,1.483,1.4995,2261,50
743126400,1.4975,1.514,1.4955,1.5122,2231,50
743212800,1.5105,1.522,1.5074999999999998,1.516,2351,50
743299200,1.5151,1.5173,1.502,1.514,2951,50
743385600,1.51,1.513,1.4915,1.5034999999999998,3651,50
743644800,1.504,1.5058,1.494,1.5015,2111,50
743731200,1.5011999999999999,1.5022,1.4868000000000001,1.4898,1941,50
743817600,1.488,1.4975,1.4845,1.496,1801,50
743904000,1.495,1.5015,1.48,1.48,2801,50
743990400,1.4812,1.4889999999999999,1.475,1.4815,2771,50
744249600,1.479,1.509,1.4759,1.5013,4391,50
744336000,1.5011999999999999,1.5095,1.494,1.5,2981,50
744422400,1.5,1.5055,1.4975,1.501,1501,50
744508800,1.5016,1.5047000000000001,1.4895,1.4964,2521,50
744595200,1.4958,1.4995,1.4849999999999999,1.4979,2691,50
744854400,1.4969999999999999,1.499,1.4889999999999999,1.491,1401,50
744940800,1.4908000000000001,1.4918,1.465,1.4668,2961,50
745027200,1.4668,1.4795,1.4668,1.4725,1971,50
745113600,1.4715,1.4782,1.4564,1.465,3711,50
745200000,1.465,1.4705,1.455,1.459,2501,50
745459200,1.46,1.494,1.4595,1.491,3801,50
745545600,1.4885,1.4969999999999999,1.4844,1.488,2471,50
745632000,1.4882,1.5183,1.4845,1.5150000000000001,4081,50
745718400,1.5147,1.5215,1.5,1.5045,3281,50
745804800,1.5045,1.518,1.4985,1.5150000000000001,2851,50
746064000,1.5145,1.5190000000000001,1.5,1.505,2851,50
746150400,1.505,1.506,1.492,1.4985,2151,50
746236800,1.4978,1.4995,1.478,1.482,2721,50
746323200,1.4815,1.5163,1.4805,1.509,4411,50
746409600,1.509,1.5154999999999998,1.4959,1.5030000000000001,3321,50
746668800,1.5038,1.5045,1.4865,1.4937,2591,50
746755200,1.492,1.5015,1.4847000000000001,1.4912,3281,50
746841600,1.4905,1.509,1.4855,1.5034999999999998,3401,50
746928000,1.5015,1.5082,1.4925,1.5037,2921,50
747014400,1.5022,1.5323,1.4985,1.53,3981,50
747273600,1.529,1.538,1.5255,1.5268000000000002,2281,50
747360000,1.5263,1.5465,1.5238,1.5388,3291,50
747446400,1.5377999999999998,1.546,1.5310000000000001,1.5417999999999998,2601,50
747532800,1.542,1.558,1.5365,1.5488,3621,50
747619200,1.5485,1.5575,1.5421,1.5525,2681,50
747878400,1.5485,1.558,1.5405,1.545,3151,50
747964800,1.5455,1.55,1.5369000000000002,1.5445,2521,50
748051200,1.542,1.557,1.537,1.5485,3351,50
748137600,1.5485,1.552,1.5274999999999999,1.5310000000000001,3151,50
748224000,1.5310000000000001,1.538,1.524,1.532,2701,50
748483200,1.53,1.536,1.5255,1.5338,1721,50
748569600,1.5328,1.5434999999999999,1.5005,1.5165,6971,50
748656000,1.5154999999999998,1.5234999999999999,1.51,1.5175,2501,50
748742400,1.517,1.5205,1.502,1.5055,2551,50
748828800,1.5051999999999999,1.5105,1.4915,1.508,3521,50
749088000,1.5145,1.5175,1.5095,1.5127000000000002,1421,50
749174400,1.512,1.5194999999999999,1.5034,1.513,3121,50
749260800,1.513,1.5167000000000002,1.5089000000000001,1.5135,1511,50
749347200,1.5095,1.5135,1.494,1.495,2451,50
749433600,1.495,1.5095,1.4885,1.504,3301,50
749692800,1.495,1.5215,1.4933,1.5154999999999998,3591,50
749779200,1.5145,1.526,1.5108000000000001,1.5175,2741,50
749865600,1.5161,1.5305,1.5135,1.5245,2561,50
749952000,1.5246,1.5285,1.5194999999999999,1.5225,1591,50
750038400,1.522,1.5390000000000001,1.52,1.534,2601,50
750297600,1.533,1.5394999999999999,1.528,1.5312000000000001,2121,50
750384000,1.5305,1.5372,1.5255,1.532,2191,50
750470400,1.5314999999999999,1.5345,1.5189,1.5219,2161,50
750556800,1.5213999999999999,1.5325,1.5114,1.5154999999999998,3631,50
750643200,1.5145,1.5190000000000001,1.508,1.5105,1801,50
750902400,1.5074999999999998,1.509,1.4835,1.4855,2901,50
750988800,1.487,1.4955,1.4825,1.4882,2481,50
751075200,1.4875,1.4985,1.4843,1.4938,2211,50
751161600,1.494,1.4994,1.482,1.484,2481,50
751248000,1.4835,1.4889999999999999,1.47,1.472,2651,50
751507200,1.4785,1.492,1.476,1.4787,3181,50
751593600,1.478,1.486,1.4725,1.4803,2471,50
751680000,1.48,1.486,1.4765,1.4811,1791,50
751766400,1.4803,1.498,1.4725,1.4889999999999999,4231,50
751852800,1.4888,1.492,1.478,1.478,1721,50
752112000,1.4825,1.487,1.4772,1.4812,1831,50
752198400,1.4805,1.4865,1.4705,1.4736,2511,50
752284800,1.4729,1.486,1.4705,1.4835,2041,50
752371200,1.4835,1.4875,1.4769999999999999,1.4814,1891,50
752457600,1.4805,1.4883,1.474,1.482,2711,50
752716800,1.4849999999999999,1.4875,1.4788999999999999,1.4807000000000001,1291,50
752803200,1.4805,1.4849999999999999,1.4635,1.4698,3231,50
752889600,1.4687999999999999,1.4805,1.465,1.479,2081,50
752976000,1.4805,1.482,1.4745,1.4756,1011,50
753062400,1.4756,1.4981,1.4722,1.492,3541,50
753321600,1.4918,1.4965,1.4855,1.4872,1741,50
753408000,1.4868000000000001,1.491,1.475,1.4807000000000001,2591,50
753494400,1.4798,1.4845,1.4735,1.479,2121,50
753580800,1.4778,1.482,1.4725,1.4769999999999999,1821,50
753667200,1.476,1.48,1.4689999999999999,1.4735,1951,50
753926400,1.4729999999999999,1.4785,1.4693,1.4755,1591,50
754012800,1.4745,1.49,1.471,1.486,2651,50
754099200,1.4855,1.4955,1.4849999999999999,1.4875,1901,50
754185600,1.4875,1.49,1.484,1.4889999999999999,1051,50
754272000,1.4879,1.49,1.4738,1.4785,2301,50
754531200,1.4815,1.491,1.4774,1.4891,1961,50
754617600,1.4884,1.4912,1.4779,1.4863,2451,50
754704000,1.4856,1.487,1.4755,1.4785,1591,50
754790400,1.4775,1.4865,1.4765,1.4835,1401,50
754876800,1.4845,1.4963,1.4805,1.49,2611,50
755136000,1.4927000000000001,1.506,1.491,1.5034,1931,50
755222400,1.5034,1.5045,1.4902,1.4929999999999999,1821,50
755308800,1.4925,1.5005,1.486,1.4928,2871,50
755395200,1.4931,1.4975,1.49,1.4947,1341,50
755481600,1.494,1.5015,1.4918,1.495,1841,50
755740800,1.4935,1.498,1.4885,1.4905,1601,50
755827200,1.4895,1.4929999999999999,1.484,1.4885,1701,50
755913600,1.488,1.4902,1.476,1.478,1841,50
756000000,1.478,1.49,1.478,1.4874,1461,50
756086400,1.4867,1.4929999999999999,1.4849999999999999,1.4874,1531,50
756345600,1.4875,1.49,1.4833,1.4858,1171,50
756432000,1.4865,1.4915,1.486,1.4887000000000001,881,50
756518400,1.488,1.4985,1.4867,1.4967,1491,50
756604800,1.496,1.51,1.4929999999999999,1.504,2601,50
756691200,1.5030000000000001,1.5063,1.498,1.5030000000000001,1661,50
756950400,1.502,1.508,1.4974,1.5046,1861,50
757036800,1.504,1.5114999999999998,1.5011999999999999,1.5072,1741,50
757123200,1.5062,1.508,1.472,1.479,4481,50
757209600,1.478,1.4868000000000001,1.4737,1.4767000000000001,2491,50
757296000,1.4757,1.4836,1.475,1.4765,1641,50
757555200,1.478,1.4849999999999999,1.4744,1.4752,1841,50
757641600,1.4754,1.4877,1.474,1.4858,1701,50
757728000,1.4858,1.4906,1.4809999999999999,1.486,1901,50
757814400,1.4864,1.4902,1.479,1.4812,1721,50
757900800,1.4809999999999999,1.496,1.48,1.4929999999999999,2001,50
758160000,1.492,1.4985,1.4905,1.4935,1451,50
758246400,1.4926,1.496,1.4867,1.4905,1651,50
758332800,1.4895,1.5065,1.4895,1.5030000000000001,2051,50
758419200,1.5034999999999998,1.5070000000000001,1.4923,1.4963,2221,50
758505600,1.4953,1.4990999999999999,1.4872,1.4928,2131,50
758764800,1.4882,1.495,1.487,1.4945,971,50
758851200,1.4935,1.4992,1.4925,1.4957,1121,50
758937600,1.4943,1.5022,1.4889999999999999,1.4927000000000001,2481,50
759024000,1.4917,1.5025,1.4875,1.4969999999999999,2471,50
759110400,1.4965,1.504,1.4905,1.4923,2281,50
759369600,1.491,1.4969999999999999,1.4895,1.4938,1221,50
759456000,1.4935,1.4965,1.4915,1.4957,781,50
759542400,1.495,1.498,1.4910999999999999,1.4952,1361,50
759628800,1.4945,1.512,1.4909,1.508,2871,50
759715200,1.5070000000000001,1.5096,1.494,1.4954,1961,50
759974400,1.4929999999999999,1.5083,1.4929999999999999,1.5074,1621,50
760060800,1.5064,1.5097,1.4975,1.5013,1931,50
760147200,1.5006,1.502,1.4924,1.4943,1291,50
760233600,1.4937,1.5013,1.4825,1.4867,3061,50
760320000,1.486,1.4997,1.472,1.4769,4631,50
760579200,1.474,1.4849999999999999,1.474,1.4843,1171,50
760665600,1.4834,1.4885,1.4647999999999999,1.4672,3121,50
760752000,1.4667,1.472,1.457,1.4605000000000001,2381,50
760838400,1.4605000000000001,1.465,1.454,1.4633,1921,50
760924800,1.4626000000000001,1.4689999999999999,1.458,1.4625,2191,50
761184000,1.464,1.494,1.4625,1.4846,4241,50
761270400,1.4848,1.4865,1.4692,1.4736,2341,50
761356800,1.4722,1.483,1.4698,1.4764,2221,50
761443200,1.476,1.4814,1.472,1.4802,1461,50
761529600,1.4796,1.4852,1.4758,1.482,1641,50
761788800,1.48,1.483,1.4725,1.4747,1571,50
761875200,1.4743,1.4815,1.4733,1.4795,1121,50
761961600,1.479,1.482,1.4733,1.4791,1731,50
762048000,1.4785,1.4895,1.4717,1.4847000000000001,2941,50
762134400,1.484,1.4943,1.478,1.4886,2801,50
762393600,1.4885,1.4905,1.4825,1.4858,1331,50
762480000,1.4847000000000001,1.494,1.4826,1.4891,1841,50
762566400,1.4875,1.5005,1.4844,1.4967,2301,50
762652800,1.4965,1.4997,1.4905,1.4964,1831,50
762739200,1.4955,1.4965,1.487,1.4901,1361,50
762998400,1.4889999999999999,1.4933,1.4855,1.4901,1451,50
763084800,1.4893,1.4913,1.4849999999999999,1.4895,1241,50
763171200,1.4887000000000001,1.498,1.487,1.4976,1311,50
763257600,1.4968,1.506,1.496,1.5032,1361,50
763344000,1.5030000000000001,1.5051999999999999,1.495,1.5001,1751,50
763603200,1.5003,1.5011,1.4926,1.4967,1341,50
763689600,1.4958,1.4975,1.4886,1.4907,1271,50
763776000,1.4902,1.496,1.4845,1.4943,1891,50
763862400,1.4933,1.5005,1.4912,1.4936,1831,50
763948800,1.4929999999999999,1.496,1.4854,1.4910999999999999,1931,50
764208000,1.4889999999999999,1.4896,1.4804,1.4896,1781,50
764294400,1.491,1.4944,1.4828999999999999,1.4894,2141,50
764380800,1.4885,1.499,1.4855,1.4971999999999999,1831,50
764467200,1.4965,1.5,1.4903,1.4965,1941,50
764553600,1.4935,1.504,1.4935,1.4971,1741,50
764812800,1.499,1.5,1.494,1.4965,951,50
764899200,1.4955,1.501,1.4815,1.4839,2741,50
764985600,1.4823,1.4875,1.4734,1.4805,2641,50
765072000,1.48,1.4936,1.48,1.484,2321,50
765158400,1.4835,1.4889999999999999,1.471,1.4737,2621,50
765417600,1.4695,1.476,1.464,1.4662,2071,50
765504000,1.4656,1.471,1.4607,1.4641,1911,50
765590400,1.4628,1.4729999999999999,1.4625,1.4681,1571,50
765676800,1.4673,1.474,1.4655,1.4731,1121,50
765763200,1.4729999999999999,1.4788000000000001,1.472,1.4761,1051,50
766022400,1.4769999999999999,1.4795,1.4675,1.4702,1721,50
766108800,1.4707,1.4775,1.466,1.4772,1651,50
766195200,1.4758,1.4805,1.4727000000000001,1.4765,1491,50
766281600,1.476,1.4794,1.4723,1.4773,1291,50
766368000,1.4763,1.4769999999999999,1.47,1.4716,931,50
766627200,1.4708,1.4785,1.4676,1.4766,1601,50
766713600,1.4758,1.484,1.4744,1.4816,1341,50
766800000,1.4807000000000001,1.4955,1.4769999999999999,1.4921,2561,50
766886400,1.4923,1.499,1.4891,1.4922,1971,50
766972800,1.4919,1.4935,1.4845,1.4886,1471,50
767232000,1.4885,1.4952,1.4885,1.4917,1021,50
767318400,1.491,1.5085,1.488,1.505,2701,50
767404800,1.5055,1.5114999999999998,1.5034999999999998,1.5051999999999999,1571,50
767491200,1.5046,1.5154999999999998,1.5008,1.5135999999999998,2041,50
767577600,1.5143,1.526,1.5074,1.52,3151,50
767836800,1.516,1.521,1.5123,1.5162,1721,50
767923200,1.5151,1.516,1.5053999999999998,1.5135999999999998,1971,50
768009600,1.5122,1.5147,1.4965,1.5021,2631,50
768096000,1.5004,1.502,1.4932,1.4992,1641,50
768182400,1.4986,1.4993,1.4889999999999999,1.4936,1561,50
768441600,1.4906,1.499,1.4878,1.498,1501,50
768528000,1.4973,1.4994,1.4855,1.4888,1931,50
768614400,1.4882,1.4963,1.4849999999999999,1.4947,1611,50
768700800,1.4938,1.5034999999999998,1.4925,1.4994,1641,50
768787200,1.4985,1.5015,1.4954,1.4990999999999999,1161,50
769046400,1.4976,1.5055,1.4953,1.5026000000000002,1541,50
769132800,1.5030000000000001,1.5088,1.5008,1.5027,1571,50
769219200,1.5005,1.5114999999999998,1.4985,1.5082,1831,50
769305600,1.5081,1.5110000000000001,1.505,1.508,1191,50
769392000,1.5070000000000001,1.5152,1.5030000000000001,1.5065,2391,50
769651200,1.505,1.5116,1.5023,1.5074999999999998,1611,50
769737600,1.5063,1.51,1.5030000000000001,1.506,1371,50
769824000,1.5051,1.5131999999999999,1.5032999999999999,1.5097,1521,50
769910400,1.5089000000000001,1.5125,1.5070000000000001,1.51,991,50
769996800,1.5097,1.5114999999999998,1.5047000000000001,1.5108000000000001,1251,50
770256000,1.5102,1.5110000000000001,1.506,1.5098,961,50
770342400,1.5095,1.5133999999999999,1.5065,1.5114999999999998,1181,50
770428800,1.5109,1.5208,1.5095,1.5165,1701,50
770515200,1.5163,1.5202,1.5070000000000001,1.5110000000000001,2111,50
770601600,1.5098,1.5110000000000001,1.5015,1.5055,1471,50
770860800,1.504,1.5103,1.502,1.5077,1291,50
770947200,1.5070000000000001,1.512,1.5034999999999998,1.51,1401,50
771033600,1.5093999999999999,1.5131999999999999,1.505,1.5110000000000001,1481,50
771120000,1.5107,1.5125,1.5055,1.5105,1381,50
771206400,1.509,1.512,1.5034999999999998,1.5095,1651,50
771465600,1.5085,1.5234999999999999,1.5070000000000001,1.522,1951,50
771552000,1.5217,1.526,1.5162,1.5190000000000001,1691,50
771638400,1.5165,1.5232999999999999,1.5159,1.5215,981,50
771724800,1.5208,1.5255,1.5185,1.5202,1341,50
771811200,1.5202,1.538,1.5154999999999998,1.5354999999999999,2971,50
772070400,1.5342,1.5424,1.5293,1.538,2241,50
772156800,1.5373999999999999,1.5474999999999999,1.5342,1.5415,2251,50
772243200,1.5417,1.5430000000000001,1.5270000000000001,1.5308000000000002,2111,50
772329600,1.529,1.5430000000000001,1.5274999999999999,1.5385,2151,50
772416000,1.5377999999999998,1.5569,1.533,1.553,3261,50
772675200,1.5537,1.5594999999999999,1.5425,1.5451000000000001,2541,50
772761600,1.5442,1.5550000000000002,1.541,1.5526,1961,50
772848000,1.5518,1.5574,1.544,1.5459,2091,50
772934400,1.545,1.5513,1.5335,1.5448,3541,50
773020800,1.5432000000000001,1.5455,1.5295999999999998,1.538,2661,50
773280000,1.5348000000000002,1.5429,1.5322,1.5384,1781,50
773366400,1.5382,1.545,1.5354999999999999,1.5436999999999999,1351,50
773452800,1.544,1.5533000000000001,1.5398,1.545,2601,50
773539200,1.5438,1.546,1.534,1.5412,2141,50
773625600,1.5398,1.5531000000000001,1.5366,1.55,2281,50
773884800,1.5550000000000002,1.576,1.553,1.5732,2781,50
773971200,1.5727,1.577,1.5665,1.569,1731,50
774057600,1.5678,1.5745,1.563,1.564,1921,50
774144000,1.5629,1.5699,1.5550000000000002,1.5592000000000001,2611,50
774230400,1.56,1.5627,1.5549,1.562,1361,50
774489600,1.5615999999999999,1.5665,1.5594999999999999,1.5615999999999999,1401,50
774576000,1.5607,1.5648,1.546,1.5484,2531,50
774662400,1.5482,1.5525,1.5399,1.5470000000000002,2401,50
774748800,1.5430000000000001,1.5522,1.52,1.5251000000000001,4651,50
774835200,1.5238,1.5350000000000001,1.521,1.5274999999999999,2431,50
775094400,1.5307,1.538,1.529,1.5308000000000002,1791,50
775180800,1.5305,1.5335999999999999,1.5205,1.5247000000000002,2041,50
775267200,1.5244,1.5350000000000001,1.5230000000000001,1.5325,1591,50
775353600,1.532,1.5387,1.5245,1.5276999999999998,2411,50
775440000,1.5282,1.5453000000000001,1.524,1.544,2681,50
775699200,1.5525,1.5535,1.5343,1.5362,2211,50
775785600,1.536,1.5432000000000001,1.5345,1.5356999999999998,1711,50
775872000,1.5345,1.5434999999999999,1.5339,1.5430000000000001,1071,50
775958400,1.541,1.544,1.533,1.536,1701,50
776044800,1.536,1.5470000000000002,1.533,1.542,2201,50
776304000,1.5438,1.548,1.5373999999999999,1.541,1841,50
776390400,1.54,1.5415,1.5335,1.5394,1541,50
776476800,1.5390000000000001,1.5417999999999998,1.5350000000000001,1.5377999999999998,1241,50
776563200,1.536,1.5546,1.5295999999999998,1.5465,3951,50
776649600,1.5465,1.5534,1.5430000000000001,1.548,1931,50
776908800,1.5449000000000002,1.549,1.5401,1.5424,1531,50
776995200,1.5415,1.55,1.5262,1.5399,4601,50
777081600,1.5389,1.5448,1.5345,1.5434999999999999,1601,50
777168000,1.5425,1.5524,1.5377999999999998,1.5479,2381,50
777254400,1.5478,1.5543,1.5439,1.5476999999999999,2071,50
777513600,1.549,1.5587,1.5447,1.557,2001,50
777600000,1.5563,1.5588,1.5474999999999999,1.5562,2251,50
777686400,1.5553,1.5594999999999999,1.5499,1.553,1691,50
777772800,1.5521,1.5592000000000001,1.5457,1.5567,2241,50
777859200,1.5547,1.5625,1.5230000000000001,1.5305,5481,50
778118400,1.5276999999999998,1.541,1.5204,1.5361,3281,50
778204800,1.5349,1.5396,1.5292,1.534,1991,50
778291200,1.5337,1.5407,1.5310000000000001,1.5352000000000001,1791,50
778377600,1.5343,1.5497999999999998,1.5314999999999999,1.5467,2421,50
778464000,1.5449000000000002,1.5526,1.5363,1.5526,2491,50
778723200,1.5465,1.5535,1.5436,1.5462,1951,50
778809600,1.5448,1.557,1.5421,1.5516999999999999,2291,50
778896000,1.5504,1.5550000000000002,1.5412,1.545,2221,50
778982400,1.544,1.5497,1.5402,1.5445,1851,50
779068800,1.5436999999999999,1.5558999999999998,1.5385,1.5537999999999998,2471,50
779328000,1.5516,1.5741,1.5495,1.5699,3091,50
779414400,1.5686,1.5733000000000001,1.5579,1.565,2721,50
779500800,1.5636,1.5713,1.5621,1.5666,1541,50
779587200,1.5655000000000001,1.5675,1.5598999999999998,1.5624,1211,50
779673600,1.5613000000000001,1.5901999999999998,1.5607,1.5792000000000002,4111,50
779932800,1.5779,1.5836999999999999,1.5634000000000001,1.5689,3161,50
780019200,1.5678999999999998,1.5796000000000001,1.5622,1.5751,2761,50
780105600,1.5733000000000001,1.581,1.5724,1.579,1151,50
780192000,1.5777999999999999,1.5800999999999998,1.5723,1.5753,1311,50
780278400,1.5743,1.5842,1.5722,1.5787,1961,50
780537600,1.5766,1.5792000000000002,1.5685,1.5735000000000001,1831,50
780624000,1.5723,1.5869,1.5699999999999998,1.5815000000000001,2461,50
780710400,1.5805,1.5838999999999999,1.5712000000000002,1.5751,2001,50
780796800,1.5739,1.5835,1.5732,1.5779,1661,50
780883200,1.5768,1.584,1.5715,1.5777,2411,50
781142400,1.5766,1.5853000000000002,1.5729,1.5791,2231,50
781228800,1.5782,1.584,1.5764,1.5828,1061,50
781315200,1.5809,1.5901,1.5779999999999998,1.5838999999999999,2121,50
781401600,1.5835,1.5937000000000001,1.5816,1.592,1571,50
781488000,1.5908,1.597,1.5831,1.5863,2331,50
781747200,1.585,1.5899,1.5815000000000001,1.5852,1661,50
781833600,1.5836000000000001,1.5868,1.5758,1.5807,1911,50
781920000,1.5796999999999999,1.5847,1.5777,1.5831,1061,50
782006400,1.5816,1.5937999999999999,1.5776,1.5937999999999999,2021,50
782092800,1.5905,1.5977999999999999,1.5868,1.5967,1581,50
782352000,1.591,1.6155,1.591,1.6086,3141,50
782438400,1.6078999999999999,1.6175000000000002,1.6047,1.6138,1971,50
782524800,1.6128,1.6247,1.6099,1.6247,1771,50
782611200,1.6229,1.634,1.6165,1.631,2691,50
782697600,1.6296,1.6359,1.6219999999999999,1.6265,2471,50
782956800,1.6271,1.6351,1.6246,1.6336,1451,50
783043200,1.6335,1.642,1.6317,1.6354,1871,50
783129600,1.6335,1.6408,1.6293,1.6387,1781,50
783216000,1.6364999999999998,1.6414,1.6339000000000001,1.6357,1421,50
783302400,1.6348,1.6404,1.6155,1.6231,3811,50
783561600,1.6185,1.6399,1.6185,1.6364999999999998,2481,50
783648000,1.6355,1.6406,1.6284999999999998,1.6355,2421,50
783734400,1.6345,1.645,1.6152,1.623,4811,50
783820800,1.62,1.6275,1.6105,1.6171,3111,50
783907200,1.6169,1.6216,1.6047,1.6162,3311,50
784166400,1.6164,1.619,1.6115,1.6152,1381,50
784252800,1.6148,1.6247,1.6122999999999998,1.6202,1941,50
784339200,1.6198000000000001,1.6245,1.6004,1.6055000000000001,3391,50
784425600,1.6055000000000001,1.6097000000000001,1.5935000000000001,1.6014,2831,50
784512000,1.601,1.6045,1.5948,1.5981,1651,50
784771200,1.5952,1.597,1.5833,1.5867,1891,50
784857600,1.5861,1.5915,1.568,1.5712000000000002,3211,50
784944000,1.571,1.5765,1.5631,1.5734,2441,50
785030400,1.5737999999999999,1.579,1.5694,1.5697999999999999,1521,50
785116800,1.5686,1.5735000000000001,1.5631,1.5667,1891,50
785376000,1.5654,1.5711,1.5635,1.5685,1211,50
785462400,1.569,1.5732,1.5655000000000001,1.5701,1431,50
785548800,1.5699999999999998,1.5766,1.5675,1.571,1721,50
785635200,1.5699999999999998,1.5708,1.5594999999999999,1.5608,1341,50
785721600,1.5607,1.5659999999999998,1.5603,1.5631,901,50
785980800,1.5615,1.5657999999999999,1.5585,1.5641,1201,50
786067200,1.563,1.5705,1.5603,1.564,1941,50
786153600,1.5631,1.5705,1.5594999999999999,1.5662,1891,50
786240000,1.5654,1.573,1.5633,1.5669,1791,50
786326400,1.5663,1.5685,1.5568,1.5596999999999999,1681,50
786585600,1.56,1.562,1.554,1.5577999999999999,1381,50
786672000,1.5574,1.5666,1.556,1.5625,1611,50
786758400,1.557,1.5706,1.557,1.5665,1771,50
786844800,1.5659,1.5694,1.5598,1.5631,1641,50
786931200,1.5625,1.5642,1.5558,1.5605,1481,50
787190400,1.56,1.567,1.5569,1.5653000000000001,1491,50
787276800,1.565,1.5665,1.5573000000000001,1.5577999999999999,1121,50
787363200,1.558,1.5642,1.5561,1.5635,1071,50
787449600,1.5628,1.565,1.5577,1.5629,1451,50
787536000,1.5623,1.5653000000000001,1.5589,1.5612,1171,50
787795200,1.5594999999999999,1.563,1.5568,1.5608,1111,50
787881600,1.56,1.5626,1.5577999999999999,1.5612,841,50
787968000,1.5598,1.5617999999999999,1.54,1.5428,2661,50
788054400,1.5422,1.5514999999999999,1.5390000000000001,1.5453999999999999,2181,50
788140800,1.5462,1.5497999999999998,1.5430000000000001,1.5470000000000002,1281,50
788400000,1.545,1.5470000000000002,1.5412,1.5447,1131,50
788486400,1.5430000000000001,1.5470000000000002,1.5394999999999999,1.545,1301,50
788572800,1.5470000000000002,1.577,1.541,1.5702,4881,50
788659200,1.5699,1.572,1.5505,1.5585,3161,50
788745600,1.5583,1.5695000000000001,1.5577999999999999,1.5662,1551,50
789004800,1.5636999999999999,1.5675,1.5550000000000002,1.5587,2001,50
789091200,1.5583,1.5665,1.5583,1.5633,1141,50
789177600,1.5631,1.5653000000000001,1.5575,1.5601,1261,50
789264000,1.5590000000000002,1.5659999999999998,1.558,1.5629,1211,50
789350400,1.5617999999999999,1.5665,1.5474999999999999,1.55,2621,50
789609600,1.5510000000000002,1.5661,1.5503,1.5626,2001,50
789696000,1.5622,1.5657999999999999,1.5550000000000002,1.5602,1961,50
789782400,1.5604,1.5647,1.5556999999999999,1.5605,1791,50
789868800,1.5590000000000002,1.5765,1.5566,1.5735000000000001,2531,50
789955200,1.5735000000000001,1.5752000000000002,1.5645,1.5705,1841,50
790214400,1.5685,1.5721,1.5665,1.5684,1111,50
790300800,1.5678,1.5705,1.5609,1.5664,1781,50
790387200,1.5659999999999998,1.577,1.5654,1.5695999999999999,1961,50
790473600,1.5689,1.591,1.5669,1.5887,2841,50
790560000,1.5880999999999998,1.5922,1.5828,1.5886,1831,50
790819200,1.5862,1.5983,1.584,1.5945,2031,50
790905600,1.5941,1.6036000000000001,1.5928,1.5991,1661,50
790992000,1.5984,1.6029,1.588,1.5925,2391,50
791078400,1.5928,1.5958,1.5872000000000002,1.591,1541,50
791164800,1.589,1.595,1.584,1.5895000000000001,2151,50
791424000,1.588,1.5988,1.5859999999999999,1.5955,1811,50
791510400,1.5955,1.5979999999999999,1.5779999999999998,1.58,2451,50
791596800,1.5805,1.584,1.5765,1.5832000000000002,1231,50
791683200,1.583,1.5865,1.5777,1.5819999999999999,1661,50
791769600,1.5805,1.5835,1.5594999999999999,1.564,3151,50
792028800,1.5605,1.5643,1.5544,1.561,1931,50
792115200,1.5604,1.5627,1.554,1.5556,1261,50
792201600,1.5550000000000002,1.5606,1.5491000000000001,1.5542,2221,50
792288000,1.5535999999999999,1.5615,1.552,1.558,1461,50
792374400,1.557,1.5673,1.5527,1.5615,2471,50
792633600,1.5625,1.5666,1.5607,1.5625,1181,50
792720000,1.5622,1.5655000000000001,1.5514000000000001,1.5625,2791,50
792806400,1.5615,1.5662,1.5568,1.5612,1851,50
792892800,1.5609,1.5822,1.5590000000000002,1.5785,2881,50
792979200,1.5783,1.5905,1.5734,1.5819999999999999,3051,50
793238400,1.5814,1.5876000000000001,1.5773000000000001,1.5796000000000001,1881,50
793324800,1.5793,1.5896,1.5725,1.5865,2701,50
793411200,1.5865,1.5934,1.5788,1.5877,2801,50
793497600,1.587,1.5979,1.5852,1.5957,1671,50
793584000,1.5956000000000001,1.5965,1.579,1.589,2841,50
793843200,1.5775000000000001,1.5859999999999999,1.5731000000000002,1.5805,2281,50
793929600,1.5796999999999999,1.5904,1.5766,1.5855000000000001,2181,50
794016000,1.5848,1.5908,1.5772,1.5885,2351,50
794102400,1.5895000000000001,1.6235,1.5842,1.6149,5321,50
794188800,1.6139000000000001,1.6333,1.6012,1.6320000000000001,4611,50
794448000,1.6337000000000002,1.6643,1.6135000000000002,1.6213,8921,50
794534400,1.6205,1.6535,1.6176,1.6359,5641,50
794620800,1.6360000000000001,1.6684,1.595,1.6057000000000001,11651,50
794707200,1.6055000000000001,1.6267,1.5965,1.6088,5711,50
794793600,1.6082,1.613,1.5635,1.5745,6531,50
795052800,1.5755,1.5995,1.5737,1.5925,3461,50
795139200,1.592,1.5945,1.5813000000000001,1.5863,2071,50
795225600,1.5848,1.6052,1.5819999999999999,1.6012,3001,50
795312000,1.6002,1.6059999999999999,1.5832000000000002,1.5875,3291,50
795398400,1.5869,1.5966,1.5699999999999998,1.5836999999999999,5001,50
795657600,1.5876000000000001,1.5965,1.5691000000000002,1.5781,4531,50
795744000,1.5779999999999998,1.5917,1.5748,1.5866,2521,50
795830400,1.5857999999999999,1.5945,1.5802,1.5885,2591,50
795916800,1.5878,1.6000999999999999,1.584,1.596,2401,50
796003200,1.5952,1.6018,1.5843,1.5932,3301,50
796262400,1.591,1.6025,1.589,1.5983,1971,50
796348800,1.5981,1.6179999999999999,1.5954000000000002,1.6172,2611,50
796435200,1.6156000000000001,1.6176,1.6053,1.6107,1971,50
796521600,1.6099,1.6164,1.5906,1.6047,4641,50
796608000,1.6045,1.6345,1.601,1.6219999999999999,4951,50
796867200,1.6242999999999999,1.6280000000000001,1.6137000000000001,1.6208,2511,50
796953600,1.6263,1.6268,1.5972,1.6075,4041,50
797040000,1.6042,1.6185,1.601,1.609,3021,50
797126400,1.6068,1.6167,1.6002999999999998,1.6082999999999998,3131,50
797212800,1.6085,1.625,1.5977999999999999,1.6078000000000001,5371,50
797472000,1.604,1.6095000000000002,1.5859,1.5913,3451,50
797558400,1.5914000000000001,1.6027,1.5857,1.5926,3281,50
797644800,1.5925,1.5965,1.5847,1.5897999999999999,2091,50
797731200,1.5892,1.6179999999999999,1.5877,1.607,4281,50
797817600,1.6040999999999999,1.615,1.5995,1.6021999999999998,2911,50
798076800,1.603,1.6265,1.603,1.6245,2551,50
798163200,1.6219999999999999,1.624,1.608,1.612,2201,50
798249600,1.6109,1.6214,1.6019,1.608,3611,50
798336000,1.6087,1.6195,1.6026,1.6075,3261,50
798422400,1.6088,1.6186,1.6006,1.6115,3331,50
798681600,1.612,1.6252,1.5944,1.6027,5231,50
798768000,1.6035,1.6215000000000002,1.5992,1.6096,3851,50
798854400,1.6092,1.6255,1.6044,1.615,3641,50
798940800,1.6148,1.621,1.6095000000000002,1.6177000000000001,2011,50
799027200,1.6175000000000002,1.6223,1.6052,1.6092,2591,50
799286400,1.6099999999999999,1.6207,1.608,1.6155,1991,50
799372800,1.616,1.6207,1.6096,1.6155,2171,50
799459200,1.616,1.6198000000000001,1.6103,1.6139000000000001,1691,50
799545600,1.6139999999999999,1.625,1.6099999999999999,1.6147,2931,50
799632000,1.6151,1.6175000000000002,1.5939999999999999,1.597,2891,50
799891200,1.6009,1.6112,1.5979999999999999,1.6063,2101,50
799977600,1.604,1.6066,1.5823,1.5880999999999998,3271,50
800064000,1.5856,1.5953,1.5784,1.584,3221,50
800150400,1.5845,1.5877,1.5474,1.56,5611,50
800236800,1.5604,1.5769,1.5461,1.5644,5761,50
800496000,1.5635,1.5782,1.5585,1.5742,2871,50
800582400,1.5737,1.5794000000000001,1.558,1.5645,3361,50
800668800,1.5649,1.5741,1.5603,1.5687,2381,50
800755200,1.5692,1.5815000000000001,1.5592000000000001,1.5762,3761,50
800841600,1.5794000000000001,1.5813000000000001,1.5666,1.5715,2151,50
801100800,1.5694,1.5809,1.5625,1.5739,3231,50
801187200,1.5741,1.5786,1.5625,1.5694,2751,50
801273600,1.5688,1.5791,1.5655000000000001,1.5739999999999998,2201,50
801360000,1.5741,1.6125,1.5718,1.6072,4831,50
801446400,1.6074000000000002,1.6213,1.5992,1.6037,4051,50
801705600,1.6036000000000001,1.6091,1.5958,1.6000999999999999,2311,50
801792000,1.5981999999999998,1.6064,1.5937000000000001,1.5998999999999999,2371,50
801878400,1.5993,1.6085,1.5832000000000002,1.5856,3691,50
801964800,1.5859999999999999,1.6098,1.5783,1.6,4901,50
802051200,1.5992,1.6049,1.5774,1.5937999999999999,4961,50
802310400,1.5895000000000001,1.5995,1.5855000000000001,1.5945,2301,50
802396800,1.5927,1.5958999999999999,1.5853000000000002,1.5886,1711,50
802483200,1.5876000000000001,1.5954000000000002,1.5857999999999999,1.589,1781,50
802569600,1.5875,1.6035,1.5852,1.5941999999999998,2991,50
802656000,1.5937000000000001,1.6009,1.5913,1.593,1851,50
802915200,1.5929,1.5987,1.5909,1.5944,1411,50
803001600,1.5947,1.6002999999999998,1.5917,1.5937999999999999,1631,50
803088000,1.5925,1.617,1.5907,1.6125,3261,50
803174400,1.6132,1.6185,1.5918999999999999,1.5979999999999999,3801,50
803260800,1.5979999999999999,1.6112,1.596,1.6046,2381,50
803520000,1.6004,1.6099999999999999,1.5956000000000001,1.6025,2671,50
803606400,1.6017000000000001,1.6073,1.595,1.6065,1981,50
803692800,1.6056,1.6115,1.6005,1.6106,1701,50
803779200,1.6111,1.6125,1.592,1.5945,2441,50
803865600,1.5954000000000002,1.6088,1.593,1.6058,2121,50
804124800,1.6045,1.6077,1.5805,1.5862,3611,50
804211200,1.5861,1.5915,1.576,1.5838999999999999,2881,50
804297600,1.5840999999999998,1.5897999999999999,1.5684,1.5779999999999998,3671,50
804384000,1.5768,1.601,1.5743,1.599,3121,50
804470400,1.5967,1.6005,1.5862,1.5957,2761,50
804729600,1.5920999999999998,1.6019999999999999,1.5904,1.6,1531,50
804816000,1.5996000000000001,1.605,1.592,1.5989,2531,50
804902400,1.6004,1.6019999999999999,1.5882,1.5974,2461,50
804988800,1.595,1.6053,1.5918,1.6000999999999999,2191,50
805075200,1.5995,1.6008,1.5843,1.5966,3011,50
805334400,1.5955,1.5979999999999999,1.5877,1.5941,1921,50
805420800,1.5935000000000001,1.5956000000000001,1.585,1.5857999999999999,1351,50
805507200,1.5859,1.5964,1.585,1.5958,1291,50
805593600,1.5925,1.6065,1.5859999999999999,1.5987,3481,50
805680000,1.6002,1.601,1.5909,1.5957,1571,50
805939200,1.5939,1.5971,1.589,1.5946,1551,50
806025600,1.5939,1.5995,1.592,1.5958999999999999,1301,50
806112000,1.5939999999999999,1.6035,1.5923,1.5977000000000001,1871,50
806198400,1.5969,1.6006,1.5918999999999999,1.5952,1571,50
806284800,1.5947,1.5984,1.5916000000000001,1.5956000000000001,1271,50
806544000,1.5947,1.5995,1.5918999999999999,1.5946,1511,50
806630400,1.5943,1.5984,1.5866,1.5901,1941,50
806716800,1.5896,1.5989,1.588,1.5948,1661,50
806803200,1.5941,1.601,1.5905,1.5964,1871,50
806889600,1.5958,1.605,1.5943,1.6006,1661,50
807148800,1.6029,1.6045,1.5939,1.5969,1521,50
807235200,1.5965,1.612,1.5947,1.607,2411,50
807321600,1.6068,1.6107,1.5939999999999999,1.599,2561,50
807408000,1.6002999999999998,1.6095000000000002,1.599,1.6055000000000001,1581,50
807494400,1.607,1.611,1.6,1.6063,2131,50
807753600,1.6047,1.6096,1.5992,1.6012,1731,50
807840000,1.5998,1.6055000000000001,1.5948,1.6023,1891,50
807926400,1.6014,1.6053,1.5972,1.5994000000000002,1421,50
808012800,1.5991,1.601,1.587,1.5916000000000001,2051,50
808099200,1.5908,1.5927,1.568,1.5694,2801,50
808358400,1.565,1.5796999999999999,1.5622,1.5715,2851,50
808444800,1.5709,1.5758,1.5473,1.5501,3621,50
808531200,1.5493000000000001,1.56,1.538,1.5421,3681,50
808617600,1.5419,1.5556,1.529,1.546,4911,50
808704000,1.5452,1.5502,1.5350000000000001,1.5391,2431,50
808963200,1.5394999999999999,1.5459,1.536,1.5401,1921,50
809049600,1.5383,1.5441,1.5298,1.5339,2421,50
809136000,1.5323,1.545,1.53,1.5441,1821,50
809222400,1.544,1.548,1.5337,1.5452,2741,50
809308800,1.5449000000000002,1.554,1.5394999999999999,1.5509,2301,50
809568000,1.5497999999999998,1.5575999999999999,1.5474,1.55,2021,50
809654400,1.5493999999999999,1.5508,1.5390000000000001,1.5432000000000001,1741,50
809740800,1.5436,1.5495,1.541,1.5459,1471,50
809827200,1.5451000000000001,1.5552000000000001,1.5413999999999999,1.5497999999999998,2291,50
809913600,1.5510000000000002,1.561,1.5461,1.5575,2331,50
810172800,1.5577,1.5623,1.55,1.5516999999999999,1861,50
810259200,1.5509,1.5603,1.5493000000000001,1.5579,1501,50
810345600,1.5573000000000001,1.5586,1.5459,1.5503,1841,50
810432000,1.5499,1.5532,1.5443,1.5485,1641,50
810518400,1.5474,1.5524,1.5430000000000001,1.5502,1601,50
810777600,1.5602,1.561,1.5461,1.5468,1641,50
810864000,1.5466,1.5590000000000002,1.5461,1.556,1641,50
810950400,1.5558,1.5575999999999999,1.545,1.5508,2021,50
811036800,1.5501,1.553,1.542,1.5489000000000002,2081,50
811123200,1.5483,1.5554000000000001,1.5430000000000001,1.5510000000000002,2211,50
811382400,1.545,1.5505,1.5436999999999999,1.5501,851,50
811468800,1.5485,1.5495,1.5425,1.5467,1221,50
811555200,1.5469,1.556,1.545,1.5512000000000001,1771,50
811641600,1.5518,1.599,1.5495999999999999,1.5897999999999999,6081,50
811728000,1.5889,1.593,1.5682,1.5694,3011,50
811987200,1.5726,1.5756000000000001,1.5673,1.5721,1611,50
812073600,1.5711,1.576,1.5646,1.5674000000000001,1911,50
812160000,1.5673,1.5823,1.5623,1.576,3131,50
812246400,1.5752000000000002,1.5845,1.5721,1.5804,1961,50
812332800,1.5798,1.5857,1.577,1.585,1221,50
812592000,1.5815000000000001,1.593,1.5739,1.5899999999999999,2971,50
812678400,1.5899,1.5960999999999999,1.5779999999999998,1.5825,2881,50
812764800,1.5819,1.5865,1.5765,1.5828,1911,50
812851200,1.5819,1.5899999999999999,1.5805,1.5844,1651,50
812937600,1.5828,1.589,1.5773000000000001,1.5838,2241,50
813196800,1.5815000000000001,1.5935000000000001,1.581,1.5874000000000001,1911,50
813283200,1.5848,1.5874000000000001,1.5751,1.5764,1621,50
813369600,1.5748,1.5803,1.5695000000000001,1.5716999999999999,1851,50
813456000,1.5713,1.5783,1.5666,1.5766,1811,50
813542400,1.5753,1.5785,1.5686,1.5758999999999999,1921,50
813801600,1.5748,1.5787,1.5722,1.5743,1251,50
813888000,1.5739999999999998,1.577,1.5703,1.575,1241,50
813974400,1.5739999999999998,1.5811,1.5659999999999998,1.5688,2501,50
814060800,1.5676999999999999,1.5776,1.5674000000000001,1.5764,1171,50
814147200,1.5758,1.5795,1.5694,1.5728,1721,50
814406400,1.5748,1.585,1.5735000000000001,1.5800999999999998,1771,50
814492800,1.5791,1.584,1.5762,1.5788,1531,50
814579200,1.5784,1.5838999999999999,1.5765,1.5786,1461,50
814665600,1.5779999999999998,1.588,1.5695000000000001,1.5834000000000001,3161,50
814752000,1.5826,1.5859,1.5756000000000001,1.5773000000000001,1531,50
815011200,1.5769,1.5808,1.5724,1.5769,1681,50
815097600,1.5762,1.5840999999999998,1.5716999999999999,1.581,2001,50
815184000,1.5807,1.5825,1.5747,1.5784,1331,50
815270400,1.5777,1.5838,1.5765,1.5788,1351,50
815356800,1.5785,1.5836000000000001,1.5747,1.579,1731,50
815616000,1.5775000000000001,1.587,1.5765,1.5806,1791,50
815702400,1.58,1.5823,1.5753,1.581,1301,50
815788800,1.5804,1.5848,1.5767,1.5803,1611,50
815875200,1.5792000000000002,1.5836000000000001,1.5756000000000001,1.5772,1401,50
815961600,1.5766,1.581,1.563,1.5659999999999998,2541,50
816220800,1.5676999999999999,1.5714000000000001,1.5495,1.5535999999999999,2971,50
816307200,1.5524,1.5657999999999999,1.5521,1.5593,2051,50
816393600,1.5587,1.5685,1.5541,1.5598,2771,50
816480000,1.5598999999999998,1.563,1.5525,1.557,1811,50
816566400,1.557,1.5604,1.5390000000000001,1.5431,2891,50
816825600,1.5451000000000001,1.56,1.5381,1.5566,3231,50
816912000,1.5556999999999999,1.5609,1.5509,1.5575999999999999,1811,50
816998400,1.5569,1.5662,1.553,1.5627,2061,50
817084800,1.563,1.5666,1.5592000000000001,1.5636,1421,50
817171200,1.5621,1.5659999999999998,1.5575,1.5598,1471,50
817430400,1.5591,1.5612,1.5479,1.5514999999999999,1901,50
817516800,1.5509,1.5554000000000001,1.5417999999999998,1.5449000000000002,2121,50
817603200,1.5434999999999999,1.548,1.5232999999999999,1.5343,4021,50
817689600,1.5337,1.5381,1.526,1.5335999999999999,2411,50
817776000,1.5338,1.538,1.5249000000000001,1.5312000000000001,2361,50
818035200,1.5324,1.5385,1.5314,1.5331000000000001,1351,50
818121600,1.5325,1.5470000000000002,1.5295999999999998,1.5438,2351,50
818208000,1.5439,1.5469,1.5377999999999998,1.5427,1701,50
818294400,1.5415,1.545,1.5301,1.5356,2391,50
818380800,1.5348000000000002,1.537,1.5203,1.5329000000000002,3151,50
818640000,1.5333999999999999,1.5377,1.5303,1.534,1421,50
818726400,1.5338,1.5371000000000001,1.5276,1.5335999999999999,1881,50
818812800,1.5329000000000002,1.5354,1.5263,1.5347,1641,50
818899200,1.5344,1.5473,1.5314999999999999,1.545,2101,50
818985600,1.5444,1.5451000000000001,1.5325,1.5375,1831,50
819244800,1.5385,1.5436,1.5352999999999999,1.5424,1271,50
819331200,1.5436,1.546,1.5367,1.5409000000000002,1591,50
819417600,1.5398,1.5448,1.534,1.5428,1861,50
819504000,1.5405,1.5430000000000001,1.5356999999999998,1.5398,1391,50
819590400,1.5394999999999999,1.548,1.537,1.5448,1671,50
819849600,1.5446,1.5474,1.5385,1.5455999999999999,1681,50
819936000,1.5434999999999999,1.5626,1.5377,1.5613000000000001,3201,50
820022400,1.5596999999999999,1.563,1.5508,1.5601,2401,50
820108800,1.5598,1.5626,1.5351,1.5488,4401,50
820195200,1.5474999999999999,1.5546,1.5429,1.5497999999999998,2111,50
820540800,1.5470000000000002,1.5605,1.5412,1.5552000000000001,3041,50
820627200,1.5543,1.5585,1.5471,1.5512000000000001,1971,50
820713600,1.5502,1.5547,1.5415,1.5541,2251,50
820800000,1.5525,1.5554999999999999,1.5453000000000001,1.5511,1901,50
821059200,1.5482,1.5534,1.5463,1.5514000000000001,1101,50
821145600,1.5503,1.5544,1.5438,1.5544,1711,50
821232000,1.554,1.5546,1.5425,1.5459,1611,50
821318400,1.5452,1.5478,1.5407,1.5453999999999999,1401,50
821404800,1.544,1.5510000000000002,1.5396,1.5470000000000002,1981,50
821664000,1.546,1.548,1.5422,1.5430000000000001,861,50
821750400,1.5434999999999999,1.5453999999999999,1.5322,1.5332,1611,50
821836800,1.5319,1.5371000000000001,1.5191,1.525,2911,50
821923200,1.5249000000000001,1.5292,1.5152,1.5171999999999999,2031,50
822009600,1.5159,1.5185,1.5034,1.5107,2501,50
822268800,1.5119,1.5154999999999998,1.5019,1.5143,2481,50
822355200,1.5131999999999999,1.5196,1.5105,1.5152,1621,50
822441600,1.5148000000000001,1.5162,1.5070999999999999,1.512,1541,50
822528000,1.5110000000000001,1.5196,1.5030000000000001,1.5070999999999999,2931,50
822614400,1.5083,1.5110000000000001,1.4969999999999999,1.5045,2421,50
822873600,1.5025,1.5101,1.5013999999999998,1.5064,1351,50
822960000,1.5057,1.5114999999999998,1.5013999999999998,1.5051,1961,50
823046400,1.5051999999999999,1.517,1.5038,1.5149,1671,50
823132800,1.5133,1.522,1.5110999999999999,1.5204,1471,50
823219200,1.5192,1.5267,1.5157,1.5255999999999998,1561,50
823478400,1.528,1.5434999999999999,1.5270000000000001,1.5392000000000001,2181,50
823564800,1.538,1.5457,1.5354,1.5438,1481,50
823651200,1.5425,1.5446,1.5333999999999999,1.5373,1721,50
823737600,1.5369000000000002,1.5398,1.5319,1.5387,1401,50
823824000,1.5385,1.5403,1.528,1.5314999999999999,1761,50
824083200,1.5272000000000001,1.534,1.5247000000000002,1.5284,1741,50
824169600,1.529,1.5389,1.5268000000000002,1.5384,1481,50
824256000,1.5377999999999998,1.545,1.5358,1.5422,1401,50
824342400,1.5413000000000001,1.5430000000000001,1.5342,1.538,1431,50
824428800,1.5368,1.5535,1.5347,1.5522,2221,50
824688000,1.5439,1.5524,1.5422,1.5448,1951,50
824774400,1.5445,1.55,1.5402,1.5455,1861,50
824860800,1.5445,1.549,1.5390000000000001,1.5439,1941,50
824947200,1.5430000000000001,1.5467,1.5398,1.5455999999999999,1121,50
825033600,1.5463,1.5470000000000002,1.5362,1.5401,1541,50
825292800,1.5405,1.5430000000000001,1.5368,1.5408,1211,50
825379200,1.5405,1.5449000000000002,1.536,1.5412,1711,50
825465600,1.5405,1.5421,1.5293,1.5329000000000002,1801,50
825552000,1.5328,1.5354,1.5274,1.5325,1571,50
825638400,1.5318,1.5339,1.5237,1.529,1761,50
825897600,1.5289000000000001,1.5314999999999999,1.5265,1.528,911,50
825984000,1.5272999999999999,1.5323,1.5247000000000002,1.5323,1021,50
826070400,1.5312000000000001,1.5325,1.5265,1.5276,841,50
826156800,1.5283,1.533,1.5223,1.5295999999999998,2011,50
826243200,1.5288,1.5333999999999999,1.5150000000000001,1.5239,3191,50
826502400,1.5205,1.5266,1.5173,1.5237,1541,50
826588800,1.5242,1.5259,1.516,1.5253,1871,50
826675200,1.5247000000000002,1.5264,1.52,1.5231,1121,50
826761600,1.5225,1.53,1.5215999999999998,1.5270000000000001,1231,50
826848000,1.5268000000000002,1.532,1.5213,1.5295999999999998,1861,50
827107200,1.5276999999999998,1.5350000000000001,1.5253,1.5316999999999998,1541,50
827193600,1.5309,1.5356,1.5272999999999999,1.5346,1291,50
827280000,1.5341,1.5406,1.5314999999999999,1.5384,1391,50
827366400,1.538,1.5415,1.534,1.5364,1341,50
827452800,1.5344,1.5375999999999999,1.5319,1.5368,901,50
827712000,1.5348000000000002,1.5361,1.5185,1.5239,2431,50
827798400,1.5230000000000001,1.5288,1.52,1.5232,1741,50
827884800,1.5222,1.525,1.517,1.5192999999999999,1311,50
827971200,1.5194999999999999,1.5274999999999999,1.5167000000000002,1.5245,1661,50
828057600,1.524,1.5306,1.5232,1.5269,1191,50
828316800,1.525,1.5278,1.521,1.525,1361,50
828403200,1.5242,1.5278,1.5226,1.525,961,50
828489600,1.5241,1.5288,1.5225,1.5253,1141,50
828576000,1.5242,1.5312999999999999,1.5237,1.5312999999999999,811,50
828662400,1.5310000000000001,1.5322,1.5265,1.5295,991,50
828921600,1.5276999999999998,1.5332,1.5268000000000002,1.5288,1171,50
829008000,1.5285,1.5309,1.5191,1.5213999999999999,1651,50
829094400,1.5208,1.5238,1.5043,1.5149,3311,50
829180800,1.5146,1.5162,1.5070000000000001,1.5118,1561,50
829267200,1.5114999999999998,1.5156,1.5077,1.5145,1281,50
829526400,1.5110000000000001,1.5114999999999998,1.5057,1.5093,991,50
829612800,1.5084,1.5124,1.504,1.5095,1571,50
829699200,1.5086,1.5109,1.5042,1.5105,1151,50
829785600,1.5102,1.5255,1.5055,1.5189,3131,50
829872000,1.5185,1.5217,1.513,1.5142,1311,50
830131200,1.5112999999999999,1.5148000000000001,1.509,1.5124,1051,50
830217600,1.512,1.5187,1.5096,1.516,1421,50
830304000,1.5152,1.517,1.5112,1.5162,1061,50
830390400,1.5158,1.5163,1.5044,1.5083,1631,50
830476800,1.5061,1.5141,1.5055,1.5122,1111,50
830736000,1.5131000000000001,1.5156,1.504,1.5068000000000001,1691,50
830822400,1.5062,1.5116,1.498,1.5058,2681,50
830908800,1.5053999999999998,1.5069,1.4889999999999999,1.4934,2381,50
830995200,1.4928,1.5055,1.49,1.5028000000000001,2101,50
831081600,1.5024,1.5085,1.4995,1.5074999999999998,1291,50
831340800,1.5058,1.5110000000000001,1.5055,1.5074999999999998,931,50
831427200,1.5072999999999999,1.5137,1.5069,1.5107,1021,50
831513600,1.5106000000000002,1.5274999999999999,1.5079,1.5252,2461,50
831600000,1.5241,1.5265,1.5198,1.5234,1271,50
831686400,1.5232,1.53,1.5177,1.5209000000000001,2231,50
831945600,1.52,1.5231,1.512,1.5149,1711,50
832032000,1.5135,1.5190000000000001,1.5127000000000002,1.5152999999999999,1081,50
832118400,1.5149,1.5192,1.5107,1.5149,1701,50
832204800,1.5133999999999999,1.5158,1.5096,1.5152,1061,50
832291200,1.514,1.517,1.5116,1.5133,1011,50
832550400,1.5114,1.5150000000000001,1.51,1.514,741,50
832636800,1.5135999999999998,1.5171000000000001,1.5098,1.514,1421,50
832723200,1.5133999999999999,1.5150000000000001,1.5067,1.509,1221,50
832809600,1.5084,1.5162,1.5065,1.5133,1451,50
832896000,1.5125,1.5164,1.509,1.5125,1481,50
833155200,1.5114999999999998,1.5152,1.5110000000000001,1.5143,561,50
833241600,1.5135,1.5150000000000001,1.5093999999999999,1.5147,1001,50
833328000,1.5137,1.534,1.513,1.5327,2301,50
833414400,1.532,1.5402,1.5293999999999999,1.5345,1911,50
833500800,1.5343,1.5549,1.5310000000000001,1.5528,2931,50
833760000,1.5523,1.5575,1.5448,1.5563,2141,50
833846400,1.5542,1.5566,1.5470000000000002,1.5485,1351,50
833932800,1.5478,1.5550000000000002,1.5425,1.5488,2401,50
834019200,1.5486,1.5499,1.538,1.5441,1931,50
834105600,1.5434,1.5503,1.5354999999999999,1.5365,2271,50
834364800,1.5375999999999999,1.5390000000000001,1.53,1.5348000000000002,1521,50
834451200,1.5344,1.5390000000000001,1.532,1.5364,1201,50
834537600,1.5354999999999999,1.54,1.5332,1.5375,1161,50
834624000,1.5363,1.5377,1.5270000000000001,1.5371000000000001,2061,50
834710400,1.5356999999999998,1.5436,1.533,1.5363,2061,50
834969600,1.5352000000000001,1.5473,1.5349,1.5449000000000002,1511,50
835056000,1.5443,1.5506,1.5413000000000001,1.5441,1841,50
835142400,1.5441,1.5472000000000001,1.5406,1.5442,1311,50
835228800,1.5434999999999999,1.545,1.537,1.5398,1231,50
835315200,1.5391,1.5425,1.5345,1.536,1291,50
835574400,1.5372,1.5425,1.533,1.5417,1451,50
835660800,1.5409000000000002,1.545,1.5365,1.5415,1641,50
835747200,1.5411000000000001,1.5445,1.5387,1.5409000000000002,1141,50
835833600,1.5404,1.5514999999999999,1.5394999999999999,1.5493999999999999,1501,50
835920000,1.548,1.5558999999999998,1.5451000000000001,1.5531000000000001,1651,50
836179200,1.5512000000000001,1.5603,1.5493000000000001,1.5587,1451,50
836265600,1.558,1.561,1.5531000000000001,1.5590000000000002,1481,50
836352000,1.5586,1.565,1.5551,1.564,1441,50
836438400,1.5633,1.5643,1.556,1.5587,1201,50
836524800,1.558,1.5594999999999999,1.5518999999999998,1.5579,1511,50
836784000,1.5566,1.5573000000000001,1.5506,1.5542,1101,50
836870400,1.5535,1.5554000000000001,1.5482,1.55,1091,50
836956800,1.549,1.5553,1.5465,1.5527,1391,50
837043200,1.552,1.5587,1.55,1.5549,1451,50
837129600,1.5542,1.5565,1.55,1.552,1081,50
837388800,1.5516,1.5544,1.5482,1.5514999999999999,1231,50
837475200,1.5523,1.565,1.5510000000000002,1.5579,2241,50
837561600,1.5579,1.561,1.542,1.5478,2791,50
837648000,1.5471,1.5497,1.5368,1.5453999999999999,2411,50
837734400,1.5451000000000001,1.5495999999999999,1.5415,1.5452,1611,50
837993600,1.5405,1.553,1.5394,1.5514999999999999,1621,50
838080000,1.5508,1.5554999999999999,1.5484,1.5531000000000001,1191,50
838166400,1.5526,1.558,1.5503,1.5528,1521,50
838252800,1.5521,1.5632000000000001,1.5510000000000002,1.5582,1831,50
838339200,1.5573000000000001,1.56,1.5521,1.5554000000000001,1391,50
838598400,1.5547,1.5598,1.5532,1.5579,1001,50
838684800,1.5572,1.5603,1.5535,1.5574,1341,50
838771200,1.5562,1.5622,1.5531000000000001,1.5575,1691,50
838857600,1.5562,1.5603,1.5514999999999999,1.5525,1391,50
838944000,1.5518,1.553,1.5392000000000001,1.5431,1891,50
839203200,1.5434999999999999,1.5484,1.541,1.5459,1241,50
839289600,1.5452,1.5472000000000001,1.534,1.5394999999999999,2071,50
839376000,1.5390000000000001,1.5449000000000002,1.536,1.5434999999999999,1331,50
839462400,1.5421,1.5516999999999999,1.5408,1.5516999999999999,1221,50
839548800,1.5514999999999999,1.5545,1.5474999999999999,1.5514000000000001,1391,50
839808000,1.552,1.5537999999999998,1.5487,1.5510000000000002,921,50
839894400,1.55,1.5529,1.5470000000000002,1.5495,1131,50
839980800,1.5491000000000001,1.552,1.546,1.5497,1141,50
840067200,1.549,1.554,1.5476999999999999,1.5516999999999999,991,50
840153600,1.5510000000000002,1.552,1.5453000000000001,1.5484,1081,50
840412800,1.5484,1.5499,1.5421,1.5453000000000001,1251,50
840499200,1.5442,1.5509,1.542,1.5489000000000002,1311,50
840585600,1.5482,1.5523,1.5442,1.5510000000000002,1341,50
840672000,1.5504,1.5525,1.5441,1.5510000000000002,1621,50
840758400,1.55,1.558,1.5483,1.5569,1251,50
841017600,1.5565,1.5592000000000001,1.5543,1.5575,881,50
841104000,1.5566,1.5608,1.5522,1.5543,1491,50
841190400,1.5539,1.5612,1.5522,1.5598,1211,50
841276800,1.5587,1.561,1.5550000000000002,1.5584,1171,50
841363200,1.5577,1.5659999999999998,1.5547,1.565,1531,50
841622400,1.5607,1.5646,1.5584,1.5609,1221,50
841708800,1.5602,1.5703,1.5584,1.567,1701,50
841795200,1.5664,1.5699999999999998,1.5629,1.5676,1301,50
841881600,1.5672000000000001,1.5726,1.564,1.5657999999999999,1581,50
841968000,1.5653000000000001,1.5697,1.5575,1.56,1911,50
842227200,1.56,1.5626,1.5545,1.5577,1391,50
842313600,1.5568,1.56,1.5518999999999998,1.5577,1531,50
842400000,1.5561,1.558,1.552,1.5554999999999999,1141,50
842486400,1.5548,1.5575,1.5527,1.5562,821,50
842572800,1.5554999999999999,1.5577,1.5502,1.5544,1391,50
842832000,1.5547,1.5596,1.55,1.5585,1541,50
842918400,1.5575,1.5586,1.552,1.5554000000000001,1111,50
843004800,1.5546,1.5642,1.5545,1.5609,1311,50
843091200,1.5603,1.563,1.5485,1.5537999999999998,2251,50
843177600,1.5531000000000001,1.557,1.5499,1.5558999999999998,1141,50
843436800,1.554,1.5586,1.5509,1.5564,1301,50
843523200,1.5556999999999999,1.5685,1.5544,1.5657999999999999,1811,50
843609600,1.5648,1.5666,1.56,1.562,1041,50
843696000,1.5613000000000001,1.564,1.5556999999999999,1.5624,1551,50
843782400,1.5615,1.5659999999999998,1.5588,1.5636999999999999,1221,50
844041600,1.5627,1.567,1.5601,1.5657,1081,50
844128000,1.5651000000000002,1.5678,1.562,1.5646,1111,50
844214400,1.564,1.5705,1.5632000000000001,1.5659999999999998,1261,50
844300800,1.5653000000000001,1.5676,1.5632000000000001,1.5661,801,50
844387200,1.5657,1.5674000000000001,1.5608,1.5659999999999998,1291,50
844646400,1.5642,1.5657999999999999,1.561,1.5635,891,50
844732800,1.5628,1.5655000000000001,1.5602,1.5625,1031,50
844819200,1.5623,1.5671,1.5606,1.5655000000000001,981,50
844905600,1.5651000000000002,1.5681,1.562,1.5667,1061,50
844992000,1.5661,1.5781,1.565,1.576,1631,50
845251200,1.5786,1.5825,1.5769,1.5817,811,50
845337600,1.5809,1.5899999999999999,1.5788,1.588,1531,50
845424000,1.5875,1.5895000000000001,1.5813000000000001,1.5835,1241,50
845510400,1.5832000000000002,1.5894,1.5804,1.587,1421,50
845596800,1.5865,1.5941999999999998,1.5827,1.589,2051,50
845856000,1.5906,1.596,1.588,1.5926,1401,50
845942400,1.5917,1.6015000000000001,1.5901,1.6002,1431,50
846028800,1.5993,1.6019999999999999,1.5937999999999999,1.597,1411,50
846115200,1.5963,1.5994000000000002,1.5885,1.5964,2171,50
846201600,1.5935000000000001,1.6099999999999999,1.5896,1.6045,2981,50
846460800,1.603,1.6156000000000001,1.6017000000000001,1.613,1781,50
846547200,1.6124,1.6149,1.6035,1.6104,2081,50
846633600,1.609,1.6357,1.6071,1.6332,3301,50
846720000,1.6332,1.635,1.6229,1.6266,1761,50
846806400,1.626,1.6442,1.6249,1.6364999999999998,2811,50
847065600,1.6364999999999998,1.6480000000000001,1.6318000000000001,1.6433,2561,50
847152000,1.643,1.6573,1.6429,1.6465999999999998,2521,50
847238400,1.6465,1.6505,1.6375,1.642,2151,50
847324800,1.6412,1.6529,1.6387,1.6505,1911,50
847411200,1.6495,1.6560000000000001,1.6432,1.6495,2561,50
847670400,1.6482,1.658,1.6433,1.6514,2621,50
847756800,1.6509,1.657,1.6435,1.6461999999999999,2231,50
847843200,1.6457000000000002,1.6638,1.641,1.662,2931,50
847929600,1.6606,1.6686,1.658,1.665,1681,50
848016000,1.6644999999999999,1.6705,1.661,1.6642000000000001,1871,50
848275200,1.6632,1.6743000000000001,1.661,1.671,1881,50
848361600,1.6705,1.6794,1.6682000000000001,1.6760000000000002,1691,50
848448000,1.6755,1.6825999999999999,1.6724,1.6814,1451,50
848534400,1.6804000000000001,1.6913,1.6777,1.6905999999999999,1701,50
848620800,1.689,1.692,1.675,1.6804999999999999,2551,50
848880000,1.6816,1.6841,1.6667,1.6707999999999998,2401,50
848966400,1.6701000000000001,1.6766,1.6646,1.6726999999999999,2141,50
849052800,1.6720000000000002,1.6835,1.6699000000000002,1.6792,2001,50
849139200,1.6785,1.6825999999999999,1.6735,1.6803,1641,50
849225600,1.6795,1.6854,1.6768,1.6823000000000001,1441,50
849484800,1.6827,1.6882000000000001,1.6764999999999999,1.6814,2211,50
849571200,1.6801,1.682,1.633,1.6452,6311,50
849657600,1.6452,1.6538,1.6339000000000001,1.6461999999999999,3881,50
849744000,1.6452,1.6488,1.6095000000000002,1.6353,6871,50
849830400,1.6345,1.6496,1.6320000000000001,1.6473,2241,50
850089600,1.6435,1.6508,1.6401,1.6476,1731,50
850176000,1.6472,1.6569,1.6447,1.6542,1741,50
850262400,1.6539000000000001,1.6618,1.6492,1.6533,2461,50
850348800,1.6526999999999998,1.6598000000000002,1.6458,1.6573,2341,50
850435200,1.6566,1.6640000000000001,1.6503999999999999,1.6557,2631,50
850694400,1.6542,1.6705,1.6522999999999999,1.6680000000000001,2261,50
850780800,1.6675,1.6738,1.6615,1.6719,2021,50
850867200,1.671,1.6763,1.6679,1.6751,1271,50
850953600,1.675,1.6762000000000001,1.6564999999999999,1.6657,3011,50
851040000,1.665,1.6735,1.6604999999999999,1.6723,1871,50
851299200,1.67,1.679,1.6674,1.6782,1501,50
851385600,1.6745,1.681,1.67,1.673,2051,50
851472000,1.6713,1.6747999999999998,1.67,1.6747999999999998,611,50
851558400,1.673,1.677,1.67,1.6742,1281,50
851644800,1.6732,1.6955,1.6721,1.6925,2751,50
851904000,1.6922000000000001,1.6945999999999999,1.6855,1.6921,1811,50
851990400,1.6905000000000001,1.7173,1.6888999999999998,1.7145000000000001,3281,50
852163200,1.71,1.7133,1.6827999999999999,1.6945999999999999,4561,50
852249600,1.694,1.7025000000000001,1.6844999999999999,1.6878,2981,50
852508800,1.6872,1.6975,1.678,1.6962000000000002,3001,50
852595200,1.6947999999999999,1.6998,1.6907999999999999,1.6939,1711,50
852681600,1.6928999999999998,1.698,1.6838,1.6885,2401,50
852768000,1.6874,1.7025000000000001,1.6863000000000001,1.7014,1841,50
852854400,1.7006000000000001,1.7027999999999999,1.674,1.6804999999999999,3751,50
853113600,1.6759,1.6841,1.6646,1.6736,3671,50
853200000,1.6733,1.6758,1.6648,1.6703999999999999,1911,50
853286400,1.6699000000000002,1.6856,1.6680000000000001,1.6827999999999999,2231,50
853372800,1.6825,1.6844999999999999,1.6715,1.6784,2191,50
853459200,1.6778,1.6822,1.6657,1.669,2421,50
853718400,1.6677,1.6712,1.6568,1.6665,2761,50
853804800,1.6658,1.6703999999999999,1.6606999999999998,1.6646,1821,50
853891200,1.6646,1.6663000000000001,1.629,1.6355,4551,50
853977600,1.635,1.6400000000000001,1.6179999999999999,1.6322999999999999,4131,50
854064000,1.633,1.637,1.6247,1.6298,2141,50
854323200,1.6268,1.6315,1.6192,1.621,1881,50
854409600,1.6207,1.6226,1.6025,1.6200999999999999,3961,50
854496000,1.6183,1.6284999999999998,1.6089,1.6179999999999999,3891,50
854582400,1.6171,1.6280000000000001,1.6065,1.6141999999999999,4011,50
854668800,1.6135000000000002,1.6147,1.5945,1.6021999999999998,2911,50
854928000,1.5975000000000001,1.6225,1.5969,1.6192,2951,50
855014400,1.6185,1.6275,1.6155,1.621,2151,50
855100800,1.6202999999999999,1.6461999999999999,1.62,1.6442999999999999,2841,50
855187200,1.6440000000000001,1.6475,1.6295,1.6375,2951,50
855273600,1.6364999999999998,1.6395,1.6205,1.6284999999999998,3001,50
855532800,1.6326,1.6431,1.6269,1.6411,2391,50
855619200,1.6401,1.646,1.6324,1.6374,2451,50
855705600,1.6364999999999998,1.6461000000000001,1.6273,1.6327,3381,50
855792000,1.6315,1.638,1.6185,1.6235,3101,50
855878400,1.6231,1.6257000000000001,1.615,1.6235,2101,50
856137600,1.6193,1.6235,1.6122,1.6162,1951,50
856224000,1.6152,1.619,1.5979999999999999,1.6075,3431,50
856310400,1.6066,1.6200999999999999,1.6035,1.6168,2301,50
856396800,1.6156000000000001,1.6208,1.6052,1.6120999999999999,2771,50
856483200,1.6124,1.6226,1.6093,1.6178,2121,50
856742400,1.6195,1.637,1.6194,1.6345,2021,50
856828800,1.6347,1.6401,1.6284,1.6355,2261,50
856915200,1.6345,1.6432,1.6294,1.6348,2731,50
857001600,1.6338,1.6360000000000001,1.6228,1.6255,1811,50
857088000,1.6247,1.6322,1.616,1.6292,2791,50
857347200,1.6277,1.631,1.6143999999999998,1.617,2251,50
857433600,1.6159,1.6206,1.611,1.6152,1851,50
857520000,1.6143,1.6172,1.607,1.6155,1921,50
857606400,1.6141999999999999,1.6185,1.6077,1.6157,2011,50
857692800,1.6153,1.6167,1.597,1.6035,2761,50
857952000,1.6016,1.6075,1.5939999999999999,1.604,2461,50
858038400,1.6036000000000001,1.6099999999999999,1.5993,1.6082999999999998,1671,50
858124800,1.6072,1.6095000000000002,1.5878999999999999,1.599,3501,50
858211200,1.5976,1.6071,1.5944,1.5962,2401,50
858297600,1.5957,1.6042999999999998,1.5908,1.6025,2021,50
858556800,1.6021999999999998,1.6035,1.5855000000000001,1.589,2281,50
858643200,1.588,1.5931,1.5849,1.591,1341,50
858729600,1.5908,1.6016,1.5888,1.5979,1851,50
858816000,1.5973000000000002,1.6038000000000001,1.591,1.5937000000000001,2201,50
858902400,1.5934,1.6067,1.5884,1.6049,2511,50
859161600,1.6029,1.6219999999999999,1.6009,1.6193,2581,50
859248000,1.6177000000000001,1.6221,1.6136,1.6188,1591,50
859334400,1.6172,1.6312,1.6145,1.6295,2111,50
859420800,1.629,1.6349,1.6246,1.6334,1621,50
859507200,1.633,1.635,1.6305,1.6311,711,50
859766400,1.6287,1.6480000000000001,1.6284999999999998,1.6385,2921,50
859852800,1.638,1.6560000000000001,1.6364,1.6515,2571,50
859939200,1.6503999999999999,1.6534,1.6402,1.6433,1931,50
860025600,1.6429,1.6473,1.6368,1.6435,2041,50
860112000,1.6432,1.6458,1.6328,1.6349,1771,50
860371200,1.633,1.6360000000000001,1.623,1.6275,2051,50
860457600,1.6266,1.6298,1.6188,1.626,2141,50
860544000,1.6249,1.6288,1.6167,1.6215000000000002,2081,50
860630400,1.6205,1.6274,1.6177000000000001,1.6234,1651,50
860716800,1.6218,1.6320000000000001,1.6196000000000002,1.6242999999999999,2231,50
860976000,1.6280000000000001,1.6332,1.6181,1.6202,2241,50
861062400,1.6202,1.6307,1.6179000000000001,1.6288,1701,50
861148800,1.6282,1.6294,1.6179999999999999,1.6253,1991,50
861235200,1.6245,1.6335,1.6221,1.6303999999999998,1691,50
861321600,1.6296,1.6357,1.6284,1.634,1021,50
861580800,1.6322,1.6397,1.6301999999999999,1.6355,1571,50
861667200,1.635,1.6404,1.6307,1.6343,1871,50
861753600,1.6336,1.6374,1.6193,1.6232,2581,50
861840000,1.6219999999999999,1.63,1.6154,1.6266,2461,50
861926400,1.6252,1.627,1.6205,1.6238000000000001,1161,50
862185600,1.6253,1.627,1.6209,1.6238000000000001,1071,50
862272000,1.6235,1.6346,1.621,1.6316000000000002,1911,50
862358400,1.6312,1.634,1.6178,1.6245,2571,50
862444800,1.624,1.631,1.6207,1.6287,1591,50
862531200,1.6280000000000001,1.629,1.6,1.623,5301,50
862790400,1.623,1.6265,1.6160999999999999,1.6242,1961,50
862876800,1.6237,1.642,1.6155,1.6348,4191,50
862963200,1.6345,1.6408,1.6085,1.6154,4551,50
863049600,1.615,1.634,1.6109,1.6192,4201,50
863136000,1.6183,1.6288,1.6145,1.6235,2341,50
863395200,1.6219999999999999,1.627,1.6147,1.6223,2431,50
863481600,1.6223,1.635,1.6165,1.633,2631,50
863568000,1.6327,1.6486,1.6280000000000001,1.6486,2531,50
863654400,1.6482,1.6498,1.6360999999999999,1.6427,2191,50
863740800,1.641,1.6438000000000001,1.6315,1.637,2061,50
864000000,1.6357,1.6446,1.6347,1.6375,1801,50
864086400,1.6373,1.6606999999999998,1.6364999999999998,1.6569,2881,50
864172800,1.6564,1.6608,1.642,1.6477,2891,50
864259200,1.6475,1.6496,1.623,1.6247,3041,50
864345600,1.6237,1.6377000000000002,1.6221999999999999,1.6359,1881,50
864604800,1.6375,1.6455,1.6371,1.6400000000000001,1431,50
864691200,1.6395,1.6413,1.6265,1.6322,2231,50
864777600,1.6319,1.6435,1.6298,1.641,1831,50
864864000,1.6400000000000001,1.6440000000000001,1.6322999999999999,1.6397,2311,50
864950400,1.6391,1.6425999999999998,1.6345,1.6415,1381,50
865209600,1.6408,1.6438000000000001,1.6277,1.6368,2821,50
865296000,1.6364,1.639,1.6295,1.6338,1641,50
865382400,1.6333,1.6369,1.6228,1.6339000000000001,2761,50
865468800,1.6335,1.637,1.6274,1.634,1871,50
865555200,1.6336,1.6347,1.6188,1.6329,3111,50
865814400,1.6317,1.6400000000000001,1.6282999999999999,1.6393,1581,50
865900800,1.6389,1.6417000000000002,1.6329,1.6369,1561,50
865987200,1.637,1.6442,1.6341,1.638,1921,50
866073600,1.6372,1.638,1.625,1.6320000000000001,2081,50
866160000,1.6313,1.641,1.6273,1.6349,2381,50
866419200,1.6345,1.6400000000000001,1.6320000000000001,1.6375,1301,50
866505600,1.6369,1.6418,1.6328,1.6411,1381,50
866592000,1.6404999999999998,1.6434,1.6346,1.6381000000000001,1521,50
866678400,1.6375,1.6502,1.6366,1.6482999999999999,1641,50
866764800,1.6475,1.6585,1.6448,1.6572,1771,50
867024000,1.6568,1.6735,1.6522000000000001,1.6697,2971,50
867110400,1.6684999999999999,1.6729,1.662,1.6705,1981,50
867196800,1.6686999999999999,1.6724,1.6600000000000001,1.6641,2021,50
867283200,1.6631,1.6694,1.661,1.666,1391,50
867369600,1.6652,1.6726,1.6597,1.6635,2411,50
867628800,1.6637,1.6672,1.6595,1.6658,1331,50
867715200,1.6652,1.6683,1.6533,1.6587,2351,50
867801600,1.658,1.6795,1.649,1.6776,4141,50
867888000,1.677,1.6938,1.6705,1.6909,3271,50
867974400,1.688,1.6913,1.6825,1.687,1661,50
868233600,1.6886999999999999,1.6938,1.6800000000000002,1.6904,2591,50
868320000,1.6896,1.6966,1.6817,1.6858,2601,50
868406400,1.6851,1.6909999999999998,1.682,1.6869,1621,50
868492800,1.6864,1.693,1.6825,1.6873,2011,50
868579200,1.6871,1.7002000000000002,1.6859,1.6883,2741,50
868838400,1.6877,1.694,1.6825999999999999,1.6885,2201,50
868924800,1.6867999999999999,1.6925,1.6680000000000001,1.6782,4041,50
869011200,1.6772,1.6825999999999999,1.6707999999999998,1.6762000000000001,2261,50
869097600,1.6747999999999998,1.6795,1.6638,1.6742,3081,50
869184000,1.6728,1.681,1.669,1.6785,1831,50
869443200,1.6781000000000001,1.682,1.6724999999999999,1.6785,1861,50
869529600,1.6778,1.6835,1.6703999999999999,1.6785,2551,50
869616000,1.6776,1.6876,1.6724999999999999,1.6796,2821,50
869702400,1.6793,1.6798,1.6680000000000001,1.6742,1851,50
869788800,1.673,1.6752,1.6597,1.6623999999999999,2041,50
870048000,1.6615,1.6633,1.627,1.6332,4431,50
870134400,1.633,1.6358000000000001,1.623,1.6301,2271,50
870220800,1.629,1.6341999999999999,1.623,1.6320000000000001,1941,50
870307200,1.631,1.6454,1.6305,1.641,1981,50
870393600,1.6407,1.6435,1.6295,1.6319,1921,50
870652800,1.6311,1.6353,1.6245,1.6326,2011,50
870739200,1.6320000000000001,1.6352,1.6218,1.6244,1921,50
870825600,1.6236000000000002,1.6265,1.5905,1.6035,5191,50
870912000,1.6025,1.6094,1.5773000000000001,1.5892,5091,50
870998400,1.5888,1.5949,1.5663,1.5895000000000001,5651,50
871257600,1.5859999999999999,1.595,1.5845,1.5935000000000001,1351,50
871344000,1.593,1.5939999999999999,1.5742,1.5798999999999999,2651,50
871430400,1.5791,1.587,1.5711,1.5845,2641,50
871516800,1.584,1.593,1.5772,1.5912,2441,50
871603200,1.5899999999999999,1.6126,1.588,1.6103,2891,50
871862400,1.6099999999999999,1.6155,1.6038000000000001,1.605,1841,50
871948800,1.6044,1.6135000000000002,1.6015000000000001,1.6045,2391,50
872035200,1.6037,1.6045,1.5887,1.5932,2111,50
872121600,1.593,1.6012,1.5843,1.5914000000000001,3221,50
872208000,1.5905,1.6155,1.5843,1.6094,4351,50
872467200,1.6088,1.6099999999999999,1.6008,1.6061999999999999,1581,50
872553600,1.6059999999999999,1.623,1.6032,1.6125,3311,50
872640000,1.6115,1.617,1.6035,1.6125,2601,50
872726400,1.6126,1.623,1.6048,1.6181999999999999,3081,50
872812800,1.6178,1.6256,1.6143,1.6233,1711,50
873072000,1.6139999999999999,1.6166,1.6045,1.6088,1901,50
873158400,1.6088,1.6105,1.5868,1.591,2961,50
873244800,1.5904,1.5998999999999999,1.5819999999999999,1.5864,3181,50
873331200,1.584,1.589,1.5767,1.5840999999999998,2451,50
873417600,1.5833,1.5962,1.5800999999999998,1.5935000000000001,2201,50
873676800,1.5895000000000001,1.5946,1.579,1.5814,2311,50
873763200,1.5805,1.5937999999999999,1.579,1.5923,1781,50
873849600,1.5914000000000001,1.5925,1.5824,1.5872000000000002,1601,50
873936000,1.5862,1.6045,1.584,1.5995,2771,50
874022400,1.599,1.6118999999999999,1.5947,1.608,2541,50
874281600,1.6016,1.6095000000000002,1.5993,1.6063,1571,50
874368000,1.6045,1.6059999999999999,1.5869,1.5965,3021,50
874454400,1.5977999999999999,1.6044,1.5883,1.6,3001,50
874540800,1.5989,1.6183,1.5949,1.6107,3501,50
874627200,1.6101,1.615,1.6037,1.6116000000000001,2111,50
874886400,1.6105,1.6115,1.5993,1.6045,1841,50
874972800,1.6038999999999999,1.615,1.6025,1.6145,1441,50
875059200,1.6137000000000001,1.619,1.6085,1.6138,2091,50
875145600,1.6128,1.6305,1.6109,1.6297000000000001,2231,50
875232000,1.6175000000000002,1.6225,1.6,1.608,3551,50
875491200,1.613,1.6216,1.6065,1.6115,2871,50
875577600,1.6109,1.623,1.6089,1.619,2011,50
875664000,1.6173,1.6212,1.6094,1.6138,2011,50
875750400,1.6128,1.6186,1.6101999999999999,1.616,1361,50
875836800,1.615,1.6177000000000001,1.5985,1.617,3641,50
876096000,1.6145,1.6199,1.6101999999999999,1.616,1791,50
876182400,1.6139999999999999,1.627,1.6139999999999999,1.6231,1691,50
876268800,1.6231,1.6251,1.6169,1.6225,1581,50
876355200,1.6215000000000002,1.631,1.6188,1.6252,2071,50
876441600,1.6242999999999999,1.6271,1.6159,1.6237,2181,50
876700800,1.6218,1.6254,1.6195,1.6233,1031,50
876787200,1.6233,1.6253,1.6145,1.6212,1951,50
876873600,1.6202999999999999,1.6255,1.615,1.6239,1741,50
876960000,1.6233,1.627,1.6156000000000001,1.6179999999999999,1751,50
877046400,1.6178,1.6223999999999998,1.6118000000000001,1.6173,2071,50
877305600,1.6288,1.638,1.6255,1.6337000000000002,2011,50
877392000,1.633,1.6404,1.629,1.6345,2131,50
877478400,1.6345,1.6381000000000001,1.6267,1.6320999999999999,2041,50
877564800,1.6311,1.6351,1.6258,1.6348,1491,50
877651200,1.634,1.638,1.6268,1.633,2141,50
877910400,1.6343,1.6648,1.633,1.6648,3311,50
877996800,1.6640000000000001,1.6882000000000001,1.6612,1.6617,5171,50
878083200,1.6617,1.6757,1.6617,1.6697,2001,50
878169600,1.669,1.677,1.662,1.6703999999999999,2861,50
878256000,1.6697,1.6806,1.6636,1.6747999999999998,2891,50
878515200,1.678,1.6798,1.6703000000000001,1.6779,1891,50
878601600,1.6773,1.689,1.6745,1.685,2131,50
878688000,1.6840000000000002,1.6844999999999999,1.6709,1.6817,2491,50
878774400,1.6811,1.6956,1.6722000000000001,1.6905000000000001,3741,50
878860800,1.6901000000000002,1.697,1.682,1.689,2891,50
879120000,1.685,1.706,1.6782,1.7005,4011,50
879206400,1.7005,1.7093,1.698,1.7045,1861,50
879292800,1.7045,1.7155,1.701,1.7045,2901,50
879379200,1.7045,1.706,1.6928999999999998,1.6981000000000002,1981,50
879465600,1.6976,1.7,1.6883,1.6935,1931,50
879724800,1.6898,1.6985000000000001,1.6840000000000002,1.6968,2201,50
879811200,1.6962000000000002,1.6984,1.69,1.6918,1241,50
879897600,1.6912,1.696,1.6848999999999998,1.6897,2071,50
879984000,1.6897,1.6994,1.685,1.6912,2731,50
880070400,1.6905999999999999,1.6947999999999999,1.6834,1.694,1941,50
880329600,1.6895,1.6966,1.6875,1.6903000000000001,1741,50
880416000,1.689,1.6915,1.6728,1.6743000000000001,2271,50
880502400,1.6734,1.681,1.6686999999999999,1.6738,2421,50
880588800,1.6734,1.6762000000000001,1.6669,1.6729,1811,50
880675200,1.6723,1.6901000000000002,1.671,1.689,2151,50
880934400,1.6896,1.6907,1.6764999999999999,1.6853,2411,50
881020800,1.6846999999999999,1.6897,1.6798,1.6808,1591,50
881107200,1.6804000000000001,1.6856,1.6787999999999998,1.6837,1031,50
881193600,1.6833,1.6855,1.6639,1.6644999999999999,2441,50
881280000,1.6649,1.6680000000000001,1.6494,1.6600000000000001,3231,50
881539200,1.6583,1.6595,1.6432,1.6480000000000001,2231,50
881625600,1.6461999999999999,1.6549,1.6427,1.6517,1891,50
881712000,1.6515,1.6536,1.6427,1.65,2031,50
881798400,1.6494,1.6609,1.6480000000000001,1.6595,1571,50
881884800,1.658,1.6658,1.6465,1.6515,3211,50
882144000,1.6475,1.6507,1.629,1.6335,2941,50
882230400,1.6327,1.6391,1.6263999999999998,1.6362999999999999,2181,50
882316800,1.6353,1.658,1.6345,1.6502,3211,50
882403200,1.6496,1.6692,1.6480000000000001,1.6684999999999999,2351,50
882489600,1.6675,1.6768,1.6606999999999998,1.6703999999999999,2931,50
882748800,1.6683,1.6720000000000002,1.6589,1.663,2091,50
882835200,1.6625999999999999,1.6728,1.6575,1.6675,2571,50
882921600,1.6665,1.6726,1.6625,1.669,1771,50
883008000,1.6695,1.6735,1.6686999999999999,1.67,911,50
883094400,1.6722000000000001,1.6795,1.667,1.6764000000000001,2081,50
883353600,1.678,1.6800000000000002,1.6684999999999999,1.671,1601,50
883440000,1.6703999999999999,1.674,1.6526999999999998,1.6559,2811,50
883526400,1.6559,1.6600000000000001,1.6402999999999999,1.65,3351,50
883699200,1.6474,1.649,1.6345,1.6455,272,50
883958400,1.6409,1.6475,1.6227,1.6307,395,50
884044800,1.6303999999999998,1.6364999999999998,1.6197,1.6225,258,50
884131200,1.6219000000000001,1.6303999999999998,1.6179999999999999,1.6258,210,50
884217600,1.6252,1.6280000000000001,1.6092,1.6135000000000002,260,50
884304000,1.6125,1.6251,1.611,1.6133,275,50
884563200,1.612,1.626,1.609,1.6229,232,50
884649600,1.6223,1.6402,1.6216,1.6341999999999999,254,50
884736000,1.6336,1.635,1.6248,1.6298,167,50
884822400,1.6294,1.6360000000000001,1.6273,1.6305,164,50
884908800,1.6295,1.6395,1.626,1.6289,265,50
885168000,1.635,1.6446,1.6324,1.6383999999999999,211,50
885254400,1.6378,1.6400000000000001,1.6221999999999999,1.6261999999999999,241,50
885340800,1.6252,1.6345,1.6194,1.6329,226,50
885427200,1.633,1.6528,1.6280000000000001,1.65,327,50
885513600,1.6484,1.6751,1.6469,1.6728,321,50
885772800,1.6755,1.687,1.6507,1.6564999999999999,537,50
885859200,1.653,1.666,1.642,1.6442999999999999,394,50
885945600,1.645,1.647,1.6311,1.6395,264,50
886032000,1.6385,1.646,1.635,1.6397,209,50
886118400,1.6393,1.643,1.63,1.6346,214,50
886377600,1.6308,1.643,1.624,1.643,259,50
886464000,1.6428,1.65,1.6343999999999999,1.6457000000000002,284,50
886550400,1.6457000000000002,1.6609,1.6400000000000001,1.6566,310,50
886636800,1.6562000000000001,1.6601,1.6487,1.6524999999999999,192,50
886723200,1.6521,1.6545,1.6397,1.6411,187,50
886982400,1.6423999999999999,1.6458,1.6255,1.6295,278,50
887068800,1.6294,1.6355,1.6205,1.6273,280,50
887155200,1.6265,1.6367,1.6205,1.6320000000000001,270,50
887241600,1.631,1.6432,1.6292,1.6389,202,50
887328000,1.6385,1.6428,1.6320000000000001,1.6417000000000002,185,50
887587200,1.6417000000000002,1.6440000000000001,1.635,1.639,154,50
887673600,1.637,1.642,1.6288,1.6334,229,50
887760000,1.6328,1.645,1.6267,1.638,315,50
887846400,1.6374,1.6425,1.633,1.6364999999999998,182,50
887932800,1.6362999999999999,1.6409,1.6320999999999999,1.6375,165,50
888192000,1.6362999999999999,1.651,1.631,1.6452,312,50
888278400,1.6448,1.6524999999999999,1.6419000000000001,1.65,161,50
888364800,1.6496,1.6522000000000001,1.6402999999999999,1.643,173,50
888451200,1.642,1.6491,1.6355,1.6432,261,50
888537600,1.6439,1.6520000000000001,1.6415,1.6442,208,50
888796800,1.6448,1.663,1.6444999999999999,1.6465,354,50
888883200,1.6461000000000001,1.6552,1.6431,1.6502,202,50
888969600,1.6498,1.6532,1.6433,1.6509,188,50
889056000,1.6486,1.6522999999999999,1.6279,1.635,353,50
889142400,1.6327,1.6412,1.63,1.6392,160,50
889401600,1.6375,1.6411,1.6320999999999999,1.6399,157,50
889488000,1.639,1.643,1.6324999999999998,1.6425999999999998,175,50
889574400,1.6418,1.6516,1.6367,1.6516,201,50
889660800,1.6501000000000001,1.6604999999999999,1.645,1.6568,244,50
889747200,1.6559,1.6752,1.654,1.6717,267,50
890006400,1.6723,1.674,1.6633,1.6683,175,50
890092800,1.6675,1.6783000000000001,1.6635,1.6783000000000001,189,50
890179200,1.677,1.678,1.6675,1.6703000000000001,144,50
890265600,1.67,1.6711,1.6635,1.6667999999999998,121,50
890352000,1.6659000000000002,1.671,1.6596,1.6680000000000001,208,50
890611200,1.6680000000000001,1.6827999999999999,1.6646999999999998,1.6796,247,50
890697600,1.6776,1.6800000000000002,1.6715,1.674,135,50
890784000,1.6735,1.678,1.67,1.675,146,50
890870400,1.6743999999999999,1.6895,1.6720000000000002,1.6865999999999999,229,50
890956800,1.6863000000000001,1.69,1.6793,1.6832,184,50
891216000,1.6833,1.6863000000000001,1.6751,1.6778,170,50
891302400,1.6764999999999999,1.6853,1.6683,1.6728,304,50
891388800,1.6722000000000001,1.6787999999999998,1.6679,1.6702,199,50
891475200,1.6688,1.6747999999999998,1.6615,1.6652,231,50
891561600,1.6644999999999999,1.6686999999999999,1.655,1.6592,222,50
891820800,1.658,1.6684999999999999,1.6545999999999998,1.6674,185,50
891907200,1.6673,1.6695,1.6623999999999999,1.6683,133,50
891993600,1.6677,1.681,1.663,1.6760000000000002,278,50
892080000,1.677,1.6808999999999998,1.6653,1.6707999999999998,251,50
892166400,1.6699000000000002,1.677,1.6680000000000001,1.6735,145,50
892425600,1.6732,1.6760000000000002,1.6642000000000001,1.6672,177,50
892512000,1.6667999999999998,1.6896,1.665,1.6865,296,50
892598400,1.6859,1.6879,1.677,1.6843,203,50
892684800,1.6835,1.6945999999999999,1.6803,1.6913,209,50
892771200,1.6907,1.6982,1.6816,1.6843,269,50
893030400,1.6842000000000001,1.687,1.671,1.6774,253,50
893116800,1.6768,1.682,1.673,1.6743999999999999,157,50
893203200,1.6733,1.6800000000000002,1.6680000000000001,1.6726,234,50
893289600,1.6719,1.677,1.658,1.665,312,50
893376000,1.6651,1.6726,1.6623999999999999,1.6677,179,50
893635200,1.6678,1.6782,1.662,1.6726,277,50
893721600,1.675,1.678,1.6633,1.6675,11156,50
893808000,1.6669,1.6738,1.6639,1.6705,14899,50
893894400,1.6701000000000001,1.6764999999999999,1.6655,1.6729,5056,50
893980800,1.67,1.675,1.6582,1.666,7457,50
894240000,1.6625,1.6714,1.6606999999999998,1.6667,5138,50
894326400,1.6674,1.6684999999999999,1.6564999999999999,1.663,7370,50
894412800,1.663,1.6652,1.657,1.6595,5767,50
894499200,1.6604999999999999,1.6625,1.6431,1.6493,8190,50
894585600,1.6495,1.651,1.633,1.6396,5147,50
894844800,1.6360999999999999,1.6447,1.6282,1.6293,8971,50
894931200,1.6318000000000001,1.637,1.6288,1.6339000000000001,3874,50
895017600,1.6328,1.639,1.629,1.6313,5745,50
895104000,1.6322,1.6335,1.6194,1.6315,7297,50
895190400,1.631,1.6360000000000001,1.6235,1.6261999999999999,5161,50
895449600,1.6221,1.626,1.6152,1.6217000000000001,6374,50
895536000,1.6229,1.631,1.62,1.6214,6826,50
895622400,1.6213,1.6362,1.621,1.6333,5294,50
895708800,1.6324999999999998,1.6355,1.6254,1.6305,3408,50
895795200,1.6295,1.6343999999999999,1.626,1.631,4408,50
896054400,1.6313,1.634,1.6263999999999998,1.629,1517,50
896140800,1.6297000000000001,1.6397,1.626,1.6362999999999999,7568,50
896227200,1.6364999999999998,1.6455,1.6277,1.6315,8925,50
896313600,1.631,1.635,1.6207,1.6280000000000001,6031,50
896400000,1.6275,1.6347,1.6228,1.631,6033,50
896659200,1.6324999999999998,1.6432,1.627,1.6413,3683,50
896745600,1.6407,1.6417000000000002,1.634,1.6387,6627,50
896832000,1.6395,1.6415,1.631,1.6388,8055,50
896918400,1.6385999999999998,1.651,1.6356000000000002,1.6373,15130,50
897004800,1.6372,1.6412,1.6315,1.6352,12820,50
897264000,1.634,1.6397,1.6273,1.6338,14230,50
897350400,1.6341999999999999,1.6392,1.63,1.637,11216,50
897436800,1.6366,1.6400000000000001,1.625,1.629,15404,50
897523200,1.6289,1.6355,1.6251,1.6277,14695,50
897609600,1.6275,1.6347,1.6251,1.6324,13177,50
897868800,1.6298,1.6381999999999999,1.626,1.6351,11446,50
897955200,1.6348,1.6561,1.6337000000000002,1.6516,13278,50
898041600,1.6512,1.6707999999999998,1.65,1.6679,14412,50
898128000,1.6682000000000001,1.6776,1.662,1.6722000000000001,14488,50
898214400,1.6714,1.6793,1.6671,1.6747999999999998,12137,50
898473600,1.6720000000000002,1.6766999999999999,1.6600000000000001,1.675,11658,50
898560000,1.6747999999999998,1.6777,1.6608,1.6681,12125,50
898646400,1.6677,1.6728,1.6627999999999998,1.6683,12154,50
898732800,1.6678,1.6755,1.6638,1.6716,12214,50
898819200,1.6709,1.6758,1.657,1.6619000000000002,12123,50
899078400,1.6599,1.6703000000000001,1.65,1.667,11451,50
899164800,1.6667999999999998,1.6731,1.6606,1.6677,11538,50
899251200,1.6673,1.6723,1.6557,1.6602999999999999,10567,50
899337600,1.6600000000000001,1.6637,1.6535,1.6566,9700,50
899424000,1.6585,1.6615,1.6446,1.6475,9884,50
899683200,1.6414,1.65,1.6355,1.638,10229,50
899769600,1.638,1.6431,1.6326,1.6375,9645,50
899856000,1.6376,1.6408,1.6341,1.6357,9290,50
899942400,1.6353,1.641,1.6267,1.6317,9612,50
900028800,1.6307,1.635,1.6280999999999999,1.6329,8210,50
900288000,1.6305,1.6455,1.6288,1.6404999999999998,8786,50
900374400,1.6406,1.6428,1.6324999999999998,1.6348,8868,50
900460800,1.6341999999999999,1.642,1.63,1.635,9243,50
900547200,1.635,1.6423,1.633,1.6400000000000001,8771,50
900633600,1.6400000000000001,1.647,1.6364,1.645,8118,50
900892800,1.6455,1.6505,1.6423999999999999,1.6478000000000002,6985,50
900979200,1.6467,1.6505999999999998,1.6418,1.6440000000000001,8606,50
901065600,1.6431,1.6455,1.6388,1.6434,9462,50
901152000,1.6425999999999998,1.6524,1.637,1.6513,8938,50
901238400,1.6513,1.6623,1.649,1.657,7883,50
901497600,1.657,1.6623999999999999,1.6534,1.6555,5497,50
901584000,1.6583,1.6585999999999999,1.6458,1.6480000000000001,6585,50
901670400,1.6476,1.6520000000000001,1.6404,1.6421000000000001,5713,50
901756800,1.6417000000000002,1.6467,1.6335,1.6358000000000001,6152,50
901843200,1.6348,1.6399,1.6295,1.6327,7189,50
902102400,1.634,1.6360000000000001,1.6212,1.6263999999999998,7677,50
902188800,1.6265,1.6412,1.6242999999999999,1.6341,8265,50
902275200,1.6364999999999998,1.6421000000000001,1.6335,1.634,7951,50
902361600,1.6362999999999999,1.6396,1.6298,1.6333,9471,50
902448000,1.6337000000000002,1.6374,1.6265,1.6293,9074,50
902707200,1.6284999999999998,1.6375,1.6251,1.6352,8758,50
902793600,1.6345,1.637,1.6276000000000002,1.6292,8802,50
902880000,1.631,1.6355,1.6167,1.6263,8774,50
902966400,1.6255,1.631,1.6206,1.6275,9522,50
903052800,1.6248,1.627,1.6147,1.6192,8676,50
903312000,1.6192,1.6197,1.6075,1.6151,8477,50
903398400,1.6148,1.619,1.6112,1.6179999999999999,9001,50
903484800,1.617,1.6255,1.6138,1.6216,9441,50
903571200,1.6233,1.6334,1.6211,1.6313,8964,50
903657600,1.6282999999999999,1.6404,1.6277,1.6368,8884,50
903916800,1.6355,1.6436,1.6324999999999998,1.6415,8721,50
904003200,1.641,1.6423,1.635,1.639,8930,50
904089600,1.639,1.642,1.6341,1.6395,8345,50
904176000,1.6397,1.6555,1.6378,1.6538,7975,50
904262400,1.6533,1.6852,1.6442,1.6811,8040,50
904521600,1.6827,1.6883,1.6604,1.6815,4804,50
904608000,1.683,1.6840000000000002,1.6712,1.6732,6504,50
904694400,1.6753,1.6787,1.6644,1.6683,7234,50
904780800,1.6686999999999999,1.6904,1.6677,1.6764999999999999,7065,50
904867200,1.6760000000000002,1.678,1.6646,1.6705,7418,50
905126400,1.6693,1.6758,1.6643,1.6665,7042,50
905212800,1.6665,1.67,1.6526999999999998,1.6564,5905,50
905299200,1.6507,1.67,1.65,1.669,7072,50
905385600,1.6695,1.6916,1.6681,1.69,6772,50
905472000,1.6888,1.6949999999999998,1.6712,1.6728,7426,50
905731200,1.6705,1.6812,1.6680000000000001,1.6800000000000002,15870,50
905817600,1.6768,1.6841,1.6705999999999999,1.6768,17822,50
905904000,1.6755,1.6815,1.6684,1.679,17858,50
905990400,1.6785,1.6944,1.675,1.6821000000000002,17638,50
906076800,1.6811,1.6871,1.6768,1.6835,15839,50
906336000,1.6784,1.6909,1.6761,1.6816,15675,50
906422400,1.6812,1.6879,1.6705,1.6799,15707,50
906508800,1.6817,1.6903000000000001,1.6751,1.6884000000000001,13637,50
906595200,1.6867,1.7016,1.6768,1.6947,17761,50
906681600,1.696,1.7086000000000001,1.6915,1.696,15928,50
906940800,1.6975,1.7113,1.6915,1.7113,12417,50
907027200,1.7101,1.7149999999999999,1.7036,1.7106,13722,50
907113600,1.709,1.7185000000000001,1.6942,1.7005,12136,50
907200000,1.6995,1.7093,1.6935,1.7027,13764,50
907286400,1.7025000000000001,1.7126000000000001,1.696,1.6992,15270,50
907545600,1.7,1.7010999999999998,1.6813,1.6864,12972,50
907632000,1.6833,1.6894,1.6796,1.6825999999999999,12924,50
907718400,1.6825,1.7115,1.6764999999999999,1.7006000000000001,15392,50
907804800,1.6997,1.7367,1.6968999999999999,1.7132,16317,50
907891200,1.7135,1.7185000000000001,1.6947999999999999,1.7101,14685,50
908150400,1.7,1.704,1.6865999999999999,1.6943000000000001,11389,50
908236800,1.6925,1.7088999999999999,1.6862,1.7072,15975,50
908323200,1.7083,1.71,1.6974,1.7058,14931,50
908409600,1.7073,1.7128,1.6958,1.7105000000000001,15658,50
908496000,1.7115,1.7123,1.6947999999999999,1.7027,15287,50
908755200,1.7023000000000001,1.7069999999999999,1.6957,1.6997,13195,50
908841600,1.6985000000000001,1.712,1.6905000000000001,1.7086999999999999,17132,50
908928000,1.709,1.71,1.6926999999999999,1.6947,13245,50
909014400,1.697,1.6995,1.6865999999999999,1.6966999999999999,12786,50
909100800,1.6963,1.6979,1.6859,1.6876,13168,50
909360000,1.685,1.6888999999999998,1.662,1.6655,12591,50
909446400,1.6655,1.6795,1.662,1.6763,12209,50
909532800,1.6745,1.6793,1.6676,1.6747999999999998,12103,50
909619200,1.6735,1.6824,1.6724999999999999,1.6754,11885,50
909705600,1.6785,1.6852,1.6714,1.6755,11848,50
909964800,1.6760000000000002,1.6789,1.6600000000000001,1.6615,12378,50
910051200,1.6627,1.6653,1.6524,1.6578,11858,50
910137600,1.6575,1.663,1.6505,1.6593,10803,50
910224000,1.6593,1.6662,1.6497000000000002,1.6604999999999999,12320,50
910310400,1.6615,1.6659000000000002,1.6543999999999999,1.6602999999999999,10019,50
910569600,1.6575,1.6675,1.6558000000000002,1.6632,10041,50
910656000,1.663,1.6653,1.6555,1.6614,9712,50
910742400,1.658,1.6635,1.6541000000000001,1.6615,9865,50
910828800,1.6600000000000001,1.6651,1.6514,1.6592,10310,50
910915200,1.6597,1.671,1.6589,1.663,10474,50
911174400,1.6633,1.6797,1.663,1.675,9046,50
911260800,1.6759,1.6806,1.6720000000000002,1.6761,9569,50
911347200,1.6772,1.6775,1.6663000000000001,1.6678,10418,50
911433600,1.667,1.6724999999999999,1.6627,1.6649,8925,50
911520000,1.6615,1.665,1.6502,1.6562999999999999,8317,50
911779200,1.6561,1.6585,1.6440000000000001,1.6560000000000001,10228,50
911865600,1.6555,1.6627999999999998,1.6505,1.661,11849,50
911952000,1.6606,1.6655,1.657,1.6600000000000001,11718,50
912038400,1.6600000000000001,1.6625999999999999,1.6535,1.6600000000000001,10271,50
912124800,1.659,1.6622,1.6496,1.6513,11084,50
912384000,1.6537,1.6552,1.6423999999999999,1.6479,12304,50
912470400,1.6482999999999999,1.6564999999999999,1.6459000000000001,1.6532,12937,50
912556800,1.6528,1.6693,1.6494,1.6679,11753,50
912643200,1.6677,1.6735,1.6597,1.6677,12278,50
912729600,1.6683,1.6701000000000001,1.6591,1.6662,9976,50
912988800,1.6609,1.6640000000000001,1.6478000000000002,1.6484999999999999,12374,50
913075200,1.651,1.6613,1.6463,1.658,13263,50
913161600,1.6578,1.6609,1.653,1.6564,11200,50
913248000,1.6564999999999999,1.6743999999999999,1.6545,1.6733,14678,50
913334400,1.673,1.6923,1.6659000000000002,1.6918,15179,50
913593600,1.6869,1.6949999999999998,1.6801,1.6914,13073,50
913680000,1.6909,1.6926,1.6814,1.6832,12867,50
913766400,1.6827999999999999,1.6896,1.6662,1.6677,11941,50
913852800,1.6674,1.6825,1.6674,1.6741000000000001,12911,50
913939200,1.6742,1.6872,1.6738,1.6796,10928,50
914198400,1.6835,1.687,1.6787,1.6840000000000002,11214,50
914284800,1.6839,1.6855,1.6759,1.6798,11427,50
914371200,1.6804999999999999,1.6833,1.6745,1.6779,10243,50
914457600,1.6785,1.6804000000000001,1.6696,1.6705999999999999,3690,50
914544000,1.6753,1.6753,1.6712,1.6719,57,50
914803200,1.6739000000000002,1.6782,1.671,1.6768999999999998,4133,50
914889600,1.6764999999999999,1.686,1.673,1.6825,11128,50
914976000,1.6822,1.6831,1.659,1.6601,9563,50
915062400,1.6604999999999999,1.6677,1.6521,1.6609,5438,50
915408000,1.6686,1.6720000000000002,1.6539000000000001,1.6595,5385,50
915494400,1.6597,1.6599,1.6529,1.6547,5333,50
915580800,1.6539000000000001,1.6657,1.6480000000000001,1.6537,5112,50
915667200,1.6535,1.6583999999999999,1.6463999999999999,1.6502,5578,50
915753600,1.6497000000000002,1.6524999999999999,1.6357,1.6404999999999998,5890,50
916012800,1.6398000000000001,1.6453,1.6292,1.6312,4910,50
916099200,1.6305,1.6349,1.6233,1.6349,5622,50
916185600,1.6343999999999999,1.6595,1.6324999999999998,1.6499000000000001,6371,50
916272000,1.6501000000000001,1.6591,1.6444999999999999,1.6531,5369,50
916358400,1.6534,1.6646,1.6484999999999999,1.6502,6982,50
916617600,1.6491,1.6566999999999998,1.6489,1.6522000000000001,4737,50
916704000,1.6518000000000002,1.6625999999999999,1.6480000000000001,1.6553,5117,50
916790400,1.6555,1.6564999999999999,1.6447,1.6472,5094,50
916876800,1.647,1.6558000000000002,1.6419000000000001,1.6524,5173,50
916963200,1.6522999999999999,1.6575,1.6496,1.6564999999999999,4718,50
917222400,1.6551,1.6613,1.6543999999999999,1.6585,3465,50
917308800,1.6592,1.6627999999999998,1.6566999999999998,1.6597,4646,50
917395200,1.6594,1.6601,1.6440000000000001,1.6479,5279,50
917481600,1.6476,1.6515,1.6444999999999999,1.6487,5500,50
917568000,1.6482999999999999,1.6492,1.6419000000000001,1.645,5147,50
917827200,1.6469,1.6477,1.6377000000000002,1.6425,4997,50
917913600,1.6423,1.6481,1.6385,1.6404,4939,50
918000000,1.6404999999999998,1.6404999999999998,1.633,1.6362,4990,50
918086400,1.6364,1.6458,1.6298,1.6437,5889,50
918172800,1.6442,1.6458,1.6315,1.6331,4899,50
918432000,1.6327,1.6407,1.6284999999999998,1.639,5029,50
918518400,1.6389,1.6413,1.6335,1.6376,5293,50
918604800,1.6372,1.6383999999999999,1.6244,1.6269,5166,50
918691200,1.6254,1.6282,1.6188,1.6236000000000002,5133,50
918777600,1.6233,1.6358000000000001,1.6208,1.635,4843,50
919036800,1.6345,1.637,1.6255,1.6258,4309,50
919123200,1.6254,1.6351,1.6234,1.6337000000000002,4914,50
919209600,1.6338,1.6395,1.6316000000000002,1.6345,4201,50
919296000,1.6346,1.6385999999999998,1.6324,1.6354,4142,50
919382400,1.6353,1.6360999999999999,1.6202,1.6219999999999999,5230,50
919641600,1.6225,1.6266,1.6172,1.6258,4728,50
919728000,1.6257000000000001,1.6263999999999998,1.6099999999999999,1.6147,4429,50
919814400,1.6141,1.6158000000000001,1.5952,1.5977000000000001,5120,50
919900800,1.5974,1.6075,1.5971,1.6033,4393,50
919987200,1.6016,1.6069,1.597,1.6038000000000001,4531,50
920246400,1.5997,1.612,1.5952,1.6089,5023,50
920332800,1.6087,1.6172,1.6046,1.6158000000000001,4533,50
920419200,1.6157,1.6225,1.6115,1.6125,4787,50
920505600,1.6126,1.6134,1.6047,1.6093,4642,50
920592000,1.6096,1.6109,1.6049,1.605,3514,50
920851200,1.6013,1.6111,1.6004,1.6092,4636,50
920937600,1.6097000000000001,1.6198000000000001,1.6065,1.6169,4766,50
921024000,1.6175000000000002,1.6291,1.6154,1.6265,4868,50
921110400,1.6263999999999998,1.6429,1.6218,1.6358000000000001,5544,50
921196800,1.6357,1.6383999999999999,1.6284999999999998,1.6319,4843,50
921456000,1.6308,1.631,1.6196000000000002,1.6207,4019,50
921542400,1.6205,1.6305,1.6175000000000002,1.6294,4700,50
921628800,1.6294,1.633,1.6240999999999999,1.6305,4822,50
921715200,1.6301999999999999,1.6332,1.6261999999999999,1.6286,5513,50
921801600,1.6287,1.6313,1.626,1.6282999999999999,4532,50
922060800,1.6282,1.6295,1.6256,1.6280000000000001,4082,50
922147200,1.6279,1.6391,1.6217000000000001,1.6374,4889,50
922233600,1.6372,1.6480000000000001,1.6334,1.6343,5085,50
922320000,1.6346,1.6392,1.6226,1.6237,4912,50
922406400,1.6238000000000001,1.627,1.6174,1.6231,5909,50
922665600,1.6227,1.6242999999999999,1.6128,1.6155,4461,50
922752000,1.6152,1.6185,1.6108,1.6122999999999998,3124,50
922838400,1.6129,1.6176,1.607,1.6103,4688,50
922924800,1.6114000000000002,1.6139999999999999,1.6012,1.6027,4657,50
923011200,1.6031,1.6052,1.6012,1.6037,1134,50
923270400,1.6037,1.6061999999999999,1.5995,1.5998999999999999,1512,50
923356800,1.6000999999999999,1.6035,1.5840999999999998,1.5915,5129,50
923443200,1.5914000000000001,1.5991,1.5877,1.5962,4537,50
923529600,1.5960999999999999,1.6120999999999999,1.5954000000000002,1.6061999999999999,5352,50
923616000,1.6063,1.6109,1.6006,1.6087,4976,50
923875200,1.6072,1.6187,1.6072,1.6120999999999999,4032,50
923961600,1.6118999999999999,1.6172,1.6112,1.6167,4666,50
924048000,1.6166,1.621,1.6105,1.6117,4831,50
924134400,1.6113,1.6159,1.6078000000000001,1.6094,4724,50
924220800,1.6092,1.6157,1.6031,1.6133,5326,50
924480000,1.6124,1.6239,1.6066,1.6118000000000001,4745,50
924566400,1.612,1.62,1.6087,1.609,4827,50
924652800,1.6089,1.6134,1.6042,1.6056,5127,50
924739200,1.6055000000000001,1.6176,1.6042999999999998,1.6162999999999998,5022,50
924825600,1.6162,1.6207,1.6126,1.6155,4263,50
925084800,1.6134,1.6187,1.6101,1.6117,4384,50
925171200,1.6122999999999998,1.6192,1.6087,1.6177000000000001,5086,50
925257600,1.6169,1.6221999999999999,1.6129,1.6132,4802,50
925344000,1.6133,1.6177000000000001,1.6068,1.6092,5398,50
925430400,1.6092,1.6141,1.6059999999999999,1.6095000000000002,4599,50
925689600,1.6097000000000001,1.6129,1.6063,1.6085,3488,50
925776000,1.6086,1.6297000000000001,1.6082,1.6284,5512,50
925862400,1.6282999999999999,1.639,1.6257000000000001,1.6357,6132,50
925948800,1.6357,1.6435,1.6322,1.6385,6772,50
926035200,1.6387,1.6397,1.6295,1.6296,5368,50
926294400,1.6297000000000001,1.6353,1.6235,1.6252,4169,50
926380800,1.6256,1.6280000000000001,1.6192,1.6225,5045,50
926467200,1.6221999999999999,1.6247,1.6156000000000001,1.6176,5550,50
926553600,1.6175000000000002,1.6216,1.6174,1.6214,3487,50
926640000,1.6213,1.6244,1.6137000000000001,1.619,5336,50
926899200,1.6212,1.6217000000000001,1.6146,1.6179000000000001,4976,50
926985600,1.6179999999999999,1.6257000000000001,1.6168,1.6206,4861,50
927072000,1.6207,1.6228,1.6155,1.6167,4885,50
927158400,1.6164,1.6221,1.6065,1.6072,5118,50
927244800,1.6073,1.6091,1.6002999999999998,1.6006,4609,50
927504000,1.6015000000000001,1.6026,1.5929,1.5976,3552,50
927590400,1.5977000000000001,1.6055000000000001,1.5958999999999999,1.6047,4905,50
927676800,1.6052,1.6055000000000001,1.5935000000000001,1.5939,4645,50
927763200,1.5939,1.6021,1.5882,1.5976,5013,50
927849600,1.5977000000000001,1.6047,1.5957,1.6014,4888,50
928108800,1.6029,1.6055000000000001,1.6002,1.6028,3288,50
928195200,1.6026,1.6132,1.5985,1.6118999999999999,5217,50
928281600,1.6114000000000002,1.6141,1.6024,1.6038000000000001,5262,50
928368000,1.6037,1.6096,1.6027,1.6042999999999998,5464,50
928454400,1.6046,1.6117,1.6019,1.6103,4928,50
928713600,1.6101999999999999,1.611,1.5981999999999998,1.5996000000000001,3905,50
928800000,1.5997,1.6072,1.5987,1.6061,5368,50
928886400,1.6061,1.6073,1.5985,1.6018,4897,50
928972800,1.6019,1.6054,1.5984,1.605,5803,50
929059200,1.6047,1.6181,1.6032,1.6168,5690,50
929318400,1.6141999999999999,1.6165,1.604,1.6063,5988,50
929404800,1.6065,1.6092,1.5901,1.5941,7328,50
929491200,1.5941,1.5955,1.5855000000000001,1.5884,5463,50
929577600,1.5882,1.5964,1.5856,1.5939,5739,50
929664000,1.5939,1.6007,1.5899,1.5960999999999999,5813,50
929923200,1.5945,1.5960999999999999,1.5849,1.5911,5438,50
930009600,1.591,1.5939999999999999,1.5854,1.5911,5442,50
930096000,1.591,1.5917,1.5756999999999999,1.5806,5535,50
930182400,1.5805,1.5896,1.5739999999999998,1.5877,6153,50
930268800,1.5876000000000001,1.5939999999999999,1.5857,1.5862,5177,50
930528000,1.5867,1.5875,1.5796000000000001,1.5822,4974,50
930614400,1.5821,1.5842,1.572,1.5732,3961,50
930700800,1.5733000000000001,1.579,1.5722,1.5777999999999999,5391,50
930787200,1.5782,1.5823,1.5718999999999999,1.5727,4413,50
930873600,1.573,1.5798999999999999,1.5693000000000001,1.5787,5391,50
931132800,1.5782,1.5789,1.5739999999999998,1.5746,3335,50
931219200,1.5747,1.5760999999999998,1.5587,1.5622,4824,50
931305600,1.5622,1.564,1.5554999999999999,1.5572,4647,50
931392000,1.557,1.5615,1.553,1.5583,5237,50
931478400,1.5581,1.5615,1.5470000000000002,1.5487,5024,50
931737600,1.55,1.5583,1.5483,1.5574,4085,50
931824000,1.5572,1.5591,1.5535999999999999,1.5577,5412,50
931910400,1.5577999999999999,1.5647,1.5512000000000001,1.5641,4856,50
931996800,1.5642,1.5703,1.5625,1.5652,5278,50
932083200,1.5651000000000002,1.5699999999999998,1.5615,1.5619,4467,50
932342400,1.563,1.5833,1.557,1.5807,5096,50
932428800,1.5809,1.5819999999999999,1.5678,1.5716,4378,50
932515200,1.5716,1.5802,1.5694,1.5786,4212,50
932601600,1.5781,1.5874000000000001,1.5745,1.5817,4681,50
932688000,1.5817999999999999,1.5857999999999999,1.5751,1.5776,4649,50
932947200,1.5782,1.5949,1.5782,1.5901999999999998,4479,50
933033600,1.5901999999999998,1.5947,1.5877,1.5905,5124,50
933120000,1.5905,1.5987,1.5840999999999998,1.5972,4332,50
933206400,1.5972,1.6221999999999999,1.5958999999999999,1.6172,6169,50
933292800,1.6173,1.6256,1.6124,1.6215000000000002,4081,50
933552000,1.6202999999999999,1.621,1.6129,1.6162,5896,50
933638400,1.6164,1.6238000000000001,1.6131,1.6199,5395,50
933724800,1.6199,1.6282999999999999,1.6176,1.6199,5728,50
933811200,1.6196000000000002,1.6219000000000001,1.6122,1.6136,6248,50
933897600,1.6132,1.6197,1.6076000000000001,1.6084,5390,50
934156800,1.6093,1.6105,1.6011,1.6071,5084,50
934243200,1.6071,1.619,1.6045,1.6145,4970,50
934329600,1.6143999999999998,1.6175000000000002,1.6084,1.6124,5313,50
934416000,1.6126,1.613,1.6059999999999999,1.6113,5031,50
934502400,1.6113,1.6154,1.6026,1.6045,5219,50
934761600,1.6059999999999999,1.6108,1.5996000000000001,1.6016,4868,50
934848000,1.6014,1.6058,1.5955,1.6046,5270,50
934934400,1.6047,1.6089,1.6000999999999999,1.6032,5465,50
935020800,1.6042,1.6198000000000001,1.5976,1.6166,5959,50
935107200,1.6167,1.6221999999999999,1.6129,1.6153,5579,50
935366400,1.6156000000000001,1.6185,1.6000999999999999,1.6012,5573,50
935452800,1.6015000000000001,1.6033,1.5880999999999998,1.5941999999999998,6455,50
935539200,1.5941999999999998,1.5949,1.5832000000000002,1.5857999999999999,6140,50
935625600,1.5857999999999999,1.5906,1.5852,1.5885,3614,50
935712000,1.5887,1.591,1.584,1.588,4943,50
935971200,1.5892,1.5915,1.5855000000000001,1.5905,4343,50
936057600,1.5915,1.6117,1.5906,1.6037,6116,50
936144000,1.6042,1.6125,1.6021,1.6042,4901,50
936230400,1.6040999999999999,1.6133,1.5983,1.6072,5531,50
936316800,1.6074000000000002,1.6157,1.6019999999999999,1.6019999999999999,5609,50
936576000,1.6032,1.6077,1.6006,1.6061,5065,50
936662400,1.6063,1.609,1.5994000000000002,1.6046,5129,50
936748800,1.6049,1.6261,1.6046,1.62,6556,50
936835200,1.6197,1.6375,1.6191,1.6341,6329,50
936921600,1.634,1.634,1.6158000000000001,1.6185,6580,50
937180800,1.6199,1.623,1.6066,1.6072,6519,50
937267200,1.6073,1.6107,1.5986,1.6077,6058,50
937353600,1.6075,1.6157,1.5988,1.6135000000000002,6717,50
937440000,1.6136,1.6267,1.6125,1.6228,6180,50
937526400,1.6223999999999998,1.6261,1.6154,1.6235,5321,50
937785600,1.6229,1.6261999999999999,1.6195,1.6223,5797,50
937872000,1.6221999999999999,1.6343999999999999,1.6207,1.6329,5980,50
937958400,1.6329,1.6411,1.6273,1.6292,5983,50
938044800,1.6292,1.6465999999999998,1.6288,1.6461000000000001,6442,50
938131200,1.6456,1.647,1.6391,1.6418,6085,50
938390400,1.6417000000000002,1.6502,1.6395,1.6461000000000001,5332,50
938476800,1.646,1.6515,1.6438000000000001,1.6479,5775,50
938563200,1.6481,1.649,1.6394,1.6442999999999999,5586,50
938649600,1.6442999999999999,1.6482,1.6432,1.6471,5340,50
938736000,1.6465,1.6572,1.6461000000000001,1.6548,5547,50
938995200,1.6549,1.6602999999999999,1.653,1.6545,5495,50
939081600,1.6541000000000001,1.6585,1.6495,1.6549,5976,50
939168000,1.6549,1.6592,1.6528,1.6562999999999999,5736,50
939254400,1.6564999999999999,1.6564999999999999,1.6479,1.6514,5603,50
939340800,1.6516,1.6562999999999999,1.6473,1.6524999999999999,5176,50
939600000,1.6515,1.6583999999999999,1.6494,1.6526999999999998,4469,50
939686400,1.6528,1.6588,1.6505999999999998,1.6572,5402,50
939772800,1.6579000000000002,1.6598000000000002,1.6520000000000001,1.6556,5516,50
939859200,1.655,1.6673,1.6522999999999999,1.6622,5660,50
939945600,1.6625,1.6726999999999999,1.6613,1.6675,6028,50
940204800,1.669,1.6734,1.667,1.6688,5488,50
940291200,1.6693,1.675,1.6652,1.6723,5959,50
940377600,1.6722000000000001,1.6738,1.6614,1.6646999999999998,6129,50
940464000,1.6643,1.6793,1.6635,1.6754,5661,50
940550400,1.6751,1.6795,1.6532,1.6539000000000001,6164,50
940809600,1.6568,1.665,1.6558000000000002,1.6625,6410,50
940896000,1.6625,1.6646999999999998,1.649,1.6529,6221,50
940982400,1.6528,1.6587,1.6421000000000001,1.6468,6354,50
941068800,1.6461000000000001,1.6489,1.6352,1.6395,6058,50
941155200,1.6394,1.6455,1.6326,1.6429,6527,50
941414400,1.6441,1.6498,1.6378,1.6427,5811,50
941500800,1.6428,1.6497000000000002,1.6402999999999999,1.6461000000000001,6049,50
941587200,1.6461999999999999,1.6519,1.6421000000000001,1.6431,5897,50
941673600,1.643,1.6477,1.6212,1.6234,7060,50
941760000,1.6233,1.6282,1.6158000000000001,1.6185,7460,50
942019200,1.6228,1.625,1.6141999999999999,1.6191,5900,50
942105600,1.6192,1.6254,1.6181999999999999,1.6237,5070,50
942192000,1.6229,1.6293,1.6192,1.6282,5544,50
942278400,1.6284999999999998,1.629,1.6200999999999999,1.6217000000000001,4933,50
942364800,1.6214,1.6225,1.6099999999999999,1.616,6076,50
942624000,1.6148,1.6239,1.6138,1.6214,5662,50
942710400,1.6211,1.6245,1.6149,1.6167,5655,50
942796800,1.6166,1.6282999999999999,1.6156000000000001,1.6237,6073,50
942883200,1.6233,1.629,1.6120999999999999,1.6145,5511,50
942969600,1.6139000000000001,1.6218,1.6122,1.6189,6575,50
943228800,1.6195,1.6229,1.6177000000000001,1.6202999999999999,5721,50
943315200,1.6202,1.6276000000000002,1.6188,1.6240999999999999,6052,50
943401600,1.6244,1.6261999999999999,1.6059999999999999,1.6095000000000002,6729,50
943488000,1.6096,1.6188,1.6071,1.6126,6108,50
943574400,1.6127,1.6171,1.6019999999999999,1.6069,6314,50
943833600,1.6058,1.6086,1.599,1.6048,6376,50
943920000,1.6049,1.6058,1.5911,1.5976,6614,50
944006400,1.5979999999999999,1.6045,1.5952,1.6002999999999998,5621,50
944092800,1.6000999999999999,1.6040999999999999,1.596,1.5998999999999999,6565,50
944179200,1.5998,1.6032,1.5971,1.6021999999999998,5123,50
944438400,1.6017000000000001,1.6253,1.5991,1.6187,5306,50
944524800,1.6186,1.63,1.6178,1.6237,5937,50
944611200,1.6242999999999999,1.6312,1.6221999999999999,1.6277,5685,50
944697600,1.6284,1.6289,1.6181,1.6242,5346,50
944784000,1.624,1.6271,1.6197,1.6215000000000002,5297,50
945043200,1.6223999999999998,1.6261,1.6202,1.6242,4083,50
945129600,1.624,1.6261,1.6098,1.6122,5462,50
945216000,1.6125,1.6141999999999999,1.6023,1.6061999999999999,5608,50
945302400,1.6059999999999999,1.6197,1.6054,1.6115,5747,50
945388800,1.6114000000000002,1.6185,1.6021999999999998,1.604,5716,50
945648000,1.6061999999999999,1.6111,1.6019,1.6103,5648,50
945734400,1.6103,1.6143,1.6052,1.6125,6207,50
945820800,1.6131,1.6158000000000001,1.6049,1.6089,6089,50
945907200,1.609,1.6183,1.6069,1.6167,5045,50
945993600,1.6165,1.623,1.6137000000000001,1.6151,3466,50
946252800,1.6160999999999999,1.6188,1.6115,1.6172,2342,50
946339200,1.6175000000000002,1.6209,1.6138,1.6147,2949,50
946425600,1.6152,1.6205,1.6141,1.6162999999999998,4094,50
946512000,1.6183,1.6213,1.6112,1.6125,5895,50
946598400,1.6146,1.6196000000000002,1.6124,1.6154,871,50
946857600,1.6146,1.6400000000000001,1.6138,1.6360999999999999,4444,50
946944000,1.6359,1.6415,1.631,1.6373,6141,50
947030400,1.6376,1.645,1.6354,1.6419000000000001,6504,50
947116800,1.6421000000000001,1.6511,1.6411,1.647,6473,50
947203200,1.6476,1.6499000000000001,1.6360000000000001,1.6394,4754,50
947462400,1.6387,1.6396,1.6332,1.6369,6372,50
947548800,1.6368,1.6492,1.6359,1.6467,6282,50
947635200,1.6468,1.6509,1.6451,1.6469,6881,50
947721600,1.647,1.6501000000000001,1.6399,1.6459000000000001,6356,50
947808000,1.6471,1.6481,1.6313,1.6353,5919,50
948067200,1.6345,1.6389,1.6297000000000001,1.6334,5604,50
948153600,1.6328,1.6393,1.6311,1.6383999999999999,6389,50
948240000,1.6385999999999998,1.6455,1.6360000000000001,1.6442,6252,50
948326400,1.6442999999999999,1.6575,1.642,1.6547,6554,50
948412800,1.6542,1.6581000000000001,1.6476,1.6488,6274,50
948672000,1.6463999999999999,1.6560000000000001,1.6463999999999999,1.6537,5885,50
948758400,1.6537,1.6543999999999999,1.643,1.6449,5731,50
948844800,1.6447,1.6471,1.6354,1.6398000000000001,6281,50
948931200,1.6402,1.6402,1.6341999999999999,1.6391,6145,50
949017600,1.6391,1.6396,1.6155,1.6195,6771,50
949276800,1.6221,1.6261,1.6127,1.6156000000000001,6193,50
949363200,1.6155,1.6179999999999999,1.6098,1.6146,6429,50
949449600,1.6147,1.6156000000000001,1.6021999999999998,1.6085,6273,50
949536000,1.609,1.609,1.5939999999999999,1.5974,7523,50
949622400,1.5974,1.6025,1.583,1.5916000000000001,8121,50
949881600,1.591,1.5993,1.5884,1.5983,6525,50
949968000,1.5984,1.6137000000000001,1.5967,1.6105,7530,50
950054400,1.6101,1.6177000000000001,1.6059,1.6165,8396,50
950140800,1.6167,1.6177000000000001,1.6049,1.6085,8161,50
950227200,1.6087,1.6104,1.587,1.5944,8117,50
950486400,1.593,1.5973000000000002,1.5846,1.5875,7185,50
950572800,1.5873,1.5983,1.5842,1.5962,7479,50
950659200,1.5966,1.609,1.5941,1.6072,6790,50
950745600,1.6074000000000002,1.6139999999999999,1.6023,1.6082,7111,50
950832000,1.6085,1.6106,1.5951,1.6021,6356,50
951091200,1.6000999999999999,1.6025,1.5972,1.5998999999999999,6285,50
951177600,1.6004,1.6196000000000002,1.5995,1.6132,7369,50
951264000,1.6132,1.6166,1.6015000000000001,1.6038999999999999,6988,50
951350400,1.6040999999999999,1.6053,1.5969,1.5989,7418,50
951436800,1.5987,1.6013,1.5885,1.5949,6994,50
951696000,1.5905,1.5977000000000001,1.5856,1.5960999999999999,6945,50
951782400,1.5963,1.6023,1.5775000000000001,1.58,7499,50
951868800,1.5791,1.5923,1.5752000000000002,1.5849,7580,50
951955200,1.5848,1.5887,1.5754000000000001,1.5756999999999999,7645,50
952041600,1.5756000000000001,1.5842,1.5751,1.5775000000000001,7025,50
952300800,1.5796999999999999,1.5825,1.571,1.5746,6500,50
952387200,1.5744,1.5823,1.5692,1.5804,7257,50
952473600,1.5811,1.5877,1.5741,1.5834000000000001,7267,50
952560000,1.5833,1.5848,1.5777,1.5825,7160,50
952646400,1.5827,1.5840999999999998,1.5753,1.5768,6422,50
952905600,1.5773000000000001,1.5833,1.5749,1.5788,7205,50
952992000,1.5791,1.5798,1.5678,1.5763,7425,50
953078400,1.5786,1.5788,1.5695999999999999,1.5729,7445,50
953164800,1.5733000000000001,1.5779999999999998,1.5689,1.5764,7017,50
953251200,1.5764,1.5776,1.5697999999999999,1.5763,7728,50
953510400,1.5754000000000001,1.5756999999999999,1.565,1.5687,7837,50
953596800,1.5701,1.5776,1.5662,1.5704,7059,50
953683200,1.5704,1.5806,1.5614,1.5777999999999999,7728,50
953769600,1.5795,1.5903,1.5748,1.5868,7376,50
953856000,1.5862,1.5957,1.5838,1.5956000000000001,7111,50
954115200,1.5929,1.6008,1.5836999999999999,1.5882,7414,50
954201600,1.5883,1.5906,1.5822,1.5895000000000001,7509,50
954288000,1.5893000000000002,1.5973000000000002,1.5811,1.5937000000000001,7811,50
954374400,1.5941999999999998,1.5977999999999999,1.5872000000000002,1.5952,7493,50
954460800,1.5952,1.5987,1.5899999999999999,1.5911,7177,50
954720000,1.5912,1.5996000000000001,1.5868,1.5965,6243,50
954806400,1.5933000000000002,1.6082,1.5918999999999999,1.5926,5983,50
954892800,1.5926,1.5984,1.5826,1.5846,7009,50
954979200,1.5847,1.5893000000000002,1.5777,1.5802,6793,50
955065600,1.5800999999999998,1.5859,1.5775000000000001,1.5794000000000001,6129,50
955324800,1.5798999999999999,1.5862,1.5766,1.5848,6159,50
955411200,1.5851,1.5896,1.5829,1.5862,6664,50
955497600,1.5861,1.589,1.5822,1.5888,6874,50
955584000,1.5889,1.5933000000000002,1.5847,1.5866,6476,50
955670400,1.5867,1.5914000000000001,1.5827,1.588,6340,50
955929600,1.5892,1.5946,1.5795,1.5806,6152,50
956016000,1.5805,1.585,1.5747,1.5769,7944,50
956102400,1.5767,1.5838999999999999,1.5755,1.5823,7013,50
956188800,1.5823,1.5838999999999999,1.5776,1.5798,7085,50
956275200,1.5796999999999999,1.5827,1.577,1.5776,3320,50
956534400,1.5767,1.5817,1.5751,1.5804,3317,50
956620800,1.5803,1.5826,1.573,1.5819999999999999,7498,50
956707200,1.5815000000000001,1.5825,1.5746,1.5769,7805,50
956793600,1.5771,1.5812,1.5709,1.5728,8497,50
956880000,1.5728,1.5771,1.5505,1.5521,7202,50
957139200,1.5535,1.557,1.5518999999999998,1.5537999999999998,3447,50
957225600,1.5537,1.5673,1.5533000000000001,1.5606,6056,50
957312000,1.5603,1.5654,1.5552000000000001,1.5608,7203,50
957398400,1.5615999999999999,1.563,1.5354,1.5423,8150,50
957484800,1.5426,1.5443,1.5245,1.5303,7629,50
957744000,1.5279,1.5362,1.5262,1.5328,8469,50
957830400,1.533,1.5371000000000001,1.5288,1.5316999999999998,7716,50
957916800,1.5316999999999998,1.5343,1.5079,1.5095,8279,50
958003200,1.5098,1.5125,1.4928,1.505,8606,50
958089600,1.5045,1.52,1.501,1.5161,7343,50
958348800,1.5224,1.5230000000000001,1.5036,1.5036,5855,50
958435200,1.5013,1.5065,1.4922,1.4938,6604,50
958521600,1.4932,1.4988000000000001,1.4876,1.496,7461,50
958608000,1.4959,1.4974,1.4767000000000001,1.4827,7793,50
958694400,1.4826,1.4904,1.4753,1.4885,7661,50
958953600,1.4862,1.4967,1.4823,1.4917,7719,50
959040000,1.4915,1.4929999999999999,1.4725,1.4767000000000001,8286,50
959126400,1.4765,1.4794,1.468,1.4731,7789,50
959212800,1.4734,1.4802,1.4664,1.4705,8079,50
959299200,1.4707,1.49,1.4699,1.49,7611,50
959558400,1.4888,1.4932,1.4858,1.4929000000000001,5777,50
959644800,1.4931,1.5045,1.4898,1.4973,8153,50
959731200,1.4974,1.5018,1.4926,1.5004,7327,50
959817600,1.5006,1.5023,1.4897,1.495,6261,50
959904000,1.4949,1.5129000000000001,1.4933,1.5101,7044,50
960163200,1.5103,1.5204,1.5074,1.5187,7397,50
960249600,1.5187,1.5314,1.5112,1.5283,7311,50
960336000,1.5274,1.5292,1.5187,1.5222,7569,50
960422400,1.5213,1.5230000000000001,1.5056,1.5098,8223,50
960508800,1.5102,1.5139,1.5008,1.5101,7937,50
960768000,1.5085,1.5147,1.5027,1.5131000000000001,6534,50
960854400,1.5131000000000001,1.5182,1.5049000000000001,1.5049000000000001,7376,50
960940800,1.5051999999999999,1.5112,1.4978,1.4998,7654,50
961027200,1.4993,1.5142,1.4952,1.5110999999999999,8497,50
961113600,1.5116,1.5178,1.509,1.5152,7686,50
961372800,1.5147,1.5171000000000001,1.5110999999999999,1.512,7482,50
961459200,1.5117,1.5203,1.505,1.5177,7535,50
961545600,1.5181,1.5184,1.4944,1.4996,7702,50
961632000,1.4993,1.5159,1.4971999999999999,1.5121,7842,50
961718400,1.5128,1.5138,1.4985,1.4994,7647,50
961977600,1.5011,1.5041,1.4966,1.498,7319,50
962064000,1.4977,1.5078,1.4936,1.5068000000000001,7200,50
962150400,1.5068000000000001,1.5144,1.5025,1.5127000000000002,7107,50
962236800,1.5131999999999999,1.521,1.5110000000000001,1.5178,7731,50
962323200,1.5186,1.5211999999999999,1.5098,1.5173,7807,50
962582400,1.5168,1.5197,1.5091999999999999,1.5135999999999998,7094,50
962668800,1.5138,1.5163,1.5112999999999999,1.5146,6317,50
962755200,1.5149,1.5169000000000001,1.5067,1.5078,7699,50
962841600,1.5070000000000001,1.5152,1.506,1.5082,7277,50
962928000,1.5078,1.5171000000000001,1.504,1.5131000000000001,7457,50
963187200,1.5151,1.5196,1.5102,1.5128,7428,50
963273600,1.5129000000000001,1.5177,1.5112,1.5167000000000002,7318,50
963360000,1.5166,1.5186,1.5055,1.5064,7727,50
963446400,1.5063,1.5074999999999998,1.4982,1.5036,7633,50
963532800,1.5034999999999998,1.5051999999999999,1.4968,1.5021,7544,50
963792000,1.5006,1.5018,1.4904,1.4948000000000001,7175,50
963878400,1.4955,1.5003,1.4908000000000001,1.4977,7965,50
963964800,1.4978,1.4987,1.4925,1.4971999999999999,7248,50
964051200,1.4971,1.5143,1.4908000000000001,1.513,7055,50
964137600,1.5125,1.5201,1.5086,1.517,7561,50
964396800,1.5175999999999998,1.5218,1.5127000000000002,1.5154999999999998,7136,50
964483200,1.5159,1.5218,1.5131999999999999,1.516,6485,50
964569600,1.5157,1.5223,1.5135,1.5154999999999998,7371,50
964656000,1.5159,1.5175,1.5107,1.5127000000000002,6824,50
964742400,1.5128,1.5145,1.4987,1.5023,6864,50
965001600,1.5028000000000001,1.5055,1.4944,1.5,6547,50
965088000,1.4997,1.5026000000000002,1.491,1.4926,6815,50
965174400,1.4926,1.4959,1.4862,1.4952,6599,50
965260800,1.4953,1.4997,1.4827,1.4974,6836,50
965347200,1.4976,1.508,1.4889999999999999,1.5053999999999998,6685,50
965606400,1.5046,1.5143,1.5002,1.5118,7040,50
965692800,1.5119,1.513,1.5006,1.5045,6446,50
965779200,1.5046,1.5047000000000001,1.4989,1.5026000000000002,6409,50
965865600,1.5027,1.5038,1.4947,1.4977,6875,50
965952000,1.4977,1.5079,1.4969000000000001,1.5023,4284,50
966211200,1.5022,1.5110999999999999,1.5001,1.5056,6795,50
966297600,1.5056,1.5143,1.5024,1.5042,7182,50
966384000,1.504,1.5063,1.4971999999999999,1.5001,7246,50
966470400,1.5002,1.5017,1.4965,1.4979,6547,50
966556800,1.4978,1.4985,1.4875,1.49,6942,50
966816000,1.4902,1.4936,1.4862,1.4883,6499,50
966902400,1.4883,1.4889999999999999,1.4786000000000001,1.4826,6590,50
966988800,1.4826,1.4872,1.4762,1.486,7117,50
967075200,1.4861,1.4864,1.4767000000000001,1.4808,6657,50
967161600,1.4809,1.4825,1.4689,1.4693,7651,50
967420800,1.4708,1.4737,1.4685000000000001,1.47,4821,50
967507200,1.4702,1.4721,1.4553,1.4559,7127,50
967593600,1.4556,1.4598,1.4419,1.4591,7860,50
967680000,1.4591,1.4593,1.4459,1.4475,7144,50
967766400,1.4469,1.4649,1.4466,1.4638,7253,50
968025600,1.4627,1.466,1.4571,1.4577,6382,50
968112000,1.4575,1.4586000000000001,1.4475,1.4548,7173,50
968198400,1.4546000000000001,1.4554,1.4364,1.4374,7534,50
968284800,1.4373,1.4418,1.431,1.4392,8045,50
968371200,1.4393,1.4395,1.4137,1.4139,7715,50
968630400,1.414,1.4231,1.4012,1.4025,8105,50
968716800,1.4024,1.4153,1.395,1.4067,8284,50
968803200,1.4068,1.4137,1.4033,1.4096,7383,50
968889600,1.4094,1.4214,1.4028,1.4068,7597,50
968976000,1.4067,1.4143,1.3963999999999999,1.3973,7332,50
969235200,1.3987,1.4067,1.3959,1.4058,6806,50
969321600,1.4057,1.4128,1.4001000000000001,1.4093,7506,50
969408000,1.4091,1.4192,1.4058,1.4112,7092,50
969494400,1.4112,1.4397,1.4093,1.4386999999999999,7247,50
969580800,1.4386999999999999,1.4758,1.436,1.4532,8540,50
969840000,1.4572,1.4646,1.45,1.4526,7939,50
969926400,1.4527,1.4642,1.451,1.4631,7508,50
970012800,1.4628,1.4678,1.4582,1.464,7562,50
970099200,1.4641,1.4679,1.4611,1.4626000000000001,7234,50
970185600,1.4627,1.4802,1.4609,1.4761,7359,50
970444800,1.4764,1.4779,1.4646,1.4663,7385,50
970531200,1.4659,1.4682,1.4557,1.4591,6623,50
970617600,1.4591,1.4609,1.4521,1.4582,6656,50
970704000,1.458,1.4599,1.443,1.4441,7143,50
970790400,1.444,1.452,1.4422,1.4456,7149,50
971049600,1.4469,1.45,1.4454,1.4492,5641,50
971136000,1.4493,1.4583,1.4473,1.4557,7150,50
971222400,1.4555,1.4662,1.4544000000000001,1.4607,7573,50
971308800,1.4607999999999999,1.4754,1.4584,1.4714,7364,50
971395200,1.4715,1.4804,1.4496,1.452,7617,50
971654400,1.4518,1.4545,1.4418,1.4474,7885,50
971740800,1.4473,1.4514,1.4342,1.4504000000000001,8265,50
971827200,1.45,1.4616,1.4383,1.4435,8148,50
971913600,1.4433,1.4485999999999999,1.4396,1.4462,8433,50
972000000,1.446,1.4517,1.4416,1.4515,7841,50
972259200,1.4527999999999999,1.4581,1.449,1.4534,8396,50
972345600,1.4535,1.4563,1.4471,1.4498,8388,50
972432000,1.4497,1.4517,1.4306,1.4325,8473,50
972518400,1.4321,1.4383,1.4191,1.4363000000000001,8477,50
972604800,1.4364,1.4562,1.4322,1.4553,7830,50
972864000,1.4543,1.4676,1.4494,1.4505,9286,50
972950400,1.4506000000000001,1.4549,1.4452,1.448,8844,50
973036800,1.4485000000000001,1.4573,1.4418,1.4515,8627,50
973123200,1.4519,1.4554,1.4428,1.4431,8572,50
973209600,1.443,1.4555,1.4394,1.4504000000000001,9547,50
973468800,1.4494,1.452,1.425,1.4285,8943,50
973555200,1.4281,1.4351,1.424,1.4335,8793,50
973641600,1.4336,1.4365,1.4191,1.4222000000000001,9475,50
973728000,1.4224999999999999,1.4343,1.4129,1.4325999999999999,8663,50
973814400,1.4325,1.4359,1.4238,1.4259,9549,50
974073600,1.4264999999999999,1.441,1.4252,1.4368,8095,50
974160000,1.4369,1.4428,1.4259,1.4303,8346,50
974246400,1.4304000000000001,1.4344000000000001,1.4227,1.4269,8527,50
974332800,1.4268,1.4283000000000001,1.4207,1.4257,8525,50
974419200,1.4257,1.4263,1.4197,1.4223,7686,50
974678400,1.4224,1.4278,1.4195,1.4232,7348,50
974764800,1.4233,1.4296,1.4147,1.4181,7705,50
974851200,1.4183,1.4228,1.4041000000000001,1.4043,7881,50
974937600,1.4042,1.4093,1.3979,1.4002,8010,50
975024000,1.4009,1.4082,1.3957,1.3999,8281,50
975283200,1.4008,1.4195,1.4001000000000001,1.4179,8152,50
975369600,1.4179,1.4233,1.4137,1.418,8661,50
975456000,1.4181,1.4264000000000001,1.416,1.4224999999999999,8700,50
975542400,1.4227,1.4273,1.414,1.4253,9404,50
975628800,1.4252,1.4451,1.4232,1.4419,9680,50
975888000,1.4395,1.4556,1.4375,1.4497,10237,50
975974400,1.4497,1.453,1.4308,1.4338,10448,50
976060800,1.4339,1.4445000000000001,1.4317,1.4437,9695,50
976147200,1.4436,1.4498,1.4381,1.4444,9482,50
976233600,1.4447,1.4532,1.4424000000000001,1.4517,9036,50
976492800,1.4462,1.4586999999999999,1.4429,1.4553,8316,50
976579200,1.4551,1.4583,1.4445999999999999,1.4485000000000001,8810,50
976665600,1.447,1.4572,1.4436,1.4566,10431,50
976752000,1.457,1.4741,1.4538,1.4727000000000001,9884,50
976838400,1.472,1.4781,1.4683,1.4757,9512,50
977097600,1.4736,1.4791,1.4646,1.4756,9242,50
977184000,1.4757,1.4763,1.4606,1.4683,9707,50
977270400,1.4685000000000001,1.4797,1.4644,1.4753,9832,50
977356800,1.4758,1.4842,1.4662,1.4729,10526,50
977443200,1.4734,1.4841,1.4698,1.4769,9707,50
977702400,1.4769999999999999,1.4811,1.474,1.4777,1141,50
977788800,1.4777,1.4849,1.4753,1.4832,5219,50
977875200,1.4832,1.4981,1.4825,1.4964,9382,50
977961600,1.4975,1.4983,1.4861,1.4929999999999999,8855,50
978048000,1.4929000000000001,1.4969999999999999,1.4867,1.4929000000000001,9911,50
978307200,1.4931,1.4963,1.4928,1.4961,95,50
978393600,1.4961,1.5039,1.4884,1.502,9683,50
978480000,1.5019,1.5098,1.4882,1.4903,9568,50
978566400,1.4899,1.5042,1.4883,1.502,10184,50
978652800,1.5019,1.5079,1.4952,1.5041,10200,50
978912000,1.5036,1.5106000000000002,1.4931,1.4975,9026,50
978998400,1.4973,1.4983,1.4872,1.4893,9143,50
979084800,1.4897,1.4947,1.4853,1.487,9281,50
979171200,1.4870999999999999,1.5015,1.4865,1.4975,8335,50
979257600,1.4976,1.5032999999999999,1.4755,1.4773,9250,50
979516800,1.4784,1.4808,1.4708999999999999,1.4769999999999999,8632,50
979603200,1.4771,1.4793,1.4664,1.4725,9571,50
979689600,1.4727000000000001,1.4762,1.4687000000000001,1.4737,9282,50
979776000,1.4737,1.4775,1.4687000000000001,1.4722,10135,50
979862400,1.4725,1.4769,1.4626000000000001,1.4628999999999999,9293,50
980121600,1.4637,1.4672,1.4512,1.466,9684,50
980208000,1.4652,1.4744,1.4642,1.4671,10383,50
980294400,1.467,1.4687999999999999,1.4524,1.4555,10122,50
980380800,1.4552,1.4634,1.4463,1.4597,10185,50
980467200,1.46,1.4692,1.4555,1.4615,9094,50
980726400,1.4612,1.4647000000000001,1.4554,1.4584,8867,50
980812800,1.4588,1.4639,1.4553,1.4622,8924,50
980899200,1.4624,1.4649,1.4575,1.4643,9109,50
980985600,1.4645000000000001,1.4828999999999999,1.4631,1.4776,9380,50
981072000,1.4782,1.4838,1.4644,1.4689,9312,50
981331200,1.4689999999999999,1.4785,1.4682,1.4745,9703,50
981417600,1.4741,1.4748999999999999,1.457,1.4597,9288,50
981504000,1.4599,1.4646,1.4499,1.4533,9252,50
981590400,1.4532,1.4551,1.4418,1.445,8968,50
981676800,1.4449,1.4503,1.4372,1.4445999999999999,9297,50
981936000,1.4455,1.4555,1.4443,1.4533,8675,50
982022400,1.4537,1.458,1.4478,1.4518,9277,50
982108800,1.4518,1.4614,1.4509,1.4546999999999999,9516,50
982195200,1.4553,1.4609,1.4447,1.4487,7960,50
982281600,1.4491,1.4578,1.444,1.4487,9249,50
982540800,1.4474,1.455,1.4426,1.4475,8565,50
982627200,1.4472,1.4483,1.431,1.4463,9005,50
982713600,1.4462,1.448,1.4374,1.4431,9649,50
982800000,1.4431,1.452,1.4391,1.445,9002,50
982886400,1.4449,1.4558,1.442,1.4551,8652,50
983145600,1.4535,1.4571,1.4404,1.4439,9169,50
983232000,1.4437,1.4478,1.4388,1.444,8781,50
983318400,1.4441,1.4504000000000001,1.4395,1.4455,9450,50
983404800,1.4455,1.458,1.4443,1.4552,9398,50
983491200,1.4555,1.4763,1.4538,1.4678,9670,50
983750400,1.4696,1.4731,1.4658,1.4671,8091,50
983836800,1.4666000000000001,1.4689,1.4633,1.4679,8680,50
983923200,1.4681,1.4729999999999999,1.4574,1.4612,9737,50
984009600,1.4613,1.4708,1.4591,1.4686,9631,50
984096000,1.4689,1.4752,1.4613,1.4694,8625,50
984355200,1.4672,1.4699,1.4618,1.4642,10141,50
984441600,1.4651,1.4654,1.4474,1.4495,9853,50
984528000,1.4492,1.4579,1.4436,1.4451,10382,50
984614400,1.4452,1.45,1.434,1.435,11403,50
984700800,1.4356,1.4386,1.4251,1.4325999999999999,10891,50
984960000,1.4311,1.4342,1.4213,1.4251,10342,50
985046400,1.4251,1.4391,1.4237,1.4386,9092,50
985132800,1.4383,1.4395,1.4253,1.4296,9574,50
985219200,1.4294,1.4311,1.4179,1.4208,8968,50
985305600,1.421,1.4315,1.4197,1.4251,8552,50
985564800,1.4276,1.4355,1.425,1.435,10141,50
985651200,1.435,1.4388,1.4276,1.4336,8931,50
985737600,1.4336,1.4386999999999999,1.4274,1.4379,9477,50
985824000,1.4379,1.4426999999999999,1.4258,1.4262000000000001,9749,50
985910400,1.4264000000000001,1.4298,1.4151,1.4163000000000001,10342,50
986169600,1.4144,1.424,1.4138,1.4184,9452,50
986256000,1.4183,1.4341,1.4182000000000001,1.433,9064,50
986342400,1.4327,1.4368,1.4294,1.4327,9282,50
986428800,1.4325999999999999,1.4401,1.424,1.4275,9450,50
986515200,1.4277,1.4413,1.4253,1.4398,8470,50
986774400,1.4408,1.4502,1.4377,1.4433,8632,50
986860800,1.4437,1.4466,1.4299,1.4336,8820,50
986947200,1.4337,1.4386,1.427,1.4367,8462,50
987033600,1.4363000000000001,1.4416,1.432,1.4394,8434,50
987120000,1.4391,1.4399,1.4346999999999999,1.4372,3734,50
987379200,1.437,1.438,1.432,1.437,3895,50
987465600,1.436,1.4429,1.4266,1.4321,8455,50
987552000,1.4321,1.4336,1.4184999999999999,1.4283000000000001,9302,50
987638400,1.428,1.4473,1.4253,1.4464000000000001,9193,50
987724800,1.4465,1.4487999999999999,1.437,1.4412,8862,50
987984000,1.4421,1.4478,1.4362,1.4379,9132,50
988070400,1.4375,1.4437,1.4332,1.4344999999999999,8845,50
988156800,1.4342,1.4419,1.4309,1.4413,9159,50
988243200,1.4413,1.4432,1.4357,1.4418,9245,50
988329600,1.4418,1.4441,1.4325,1.4386,8633,50
988588800,1.435,1.4376,1.4285,1.4333,6990,50
988675200,1.4334,1.4365,1.4264000000000001,1.435,6425,50
988761600,1.4346999999999999,1.438,1.4291,1.4335,7981,50
988848000,1.4335,1.438,1.4298,1.4357,8775,50
988934400,1.4356,1.4453,1.4322,1.4393,7680,50
989193600,1.4376,1.4417,1.4348,1.4385,7206,50
989280000,1.438,1.4392,1.4241,1.425,8187,50
989366400,1.4253,1.4292,1.4176,1.4227,8754,50
989452800,1.4229,1.429,1.4181,1.4226,8695,50
989539200,1.4224999999999999,1.4238,1.4131,1.419,8372,50
989798400,1.4194,1.4207,1.4154,1.4186,7526,50
989884800,1.4189,1.4256,1.4163999999999999,1.424,8061,50
989971200,1.4245,1.4318,1.4205,1.4307,9074,50
990057600,1.4307,1.4333,1.4266,1.432,8217,50
990144000,1.4324,1.4405999999999999,1.4264000000000001,1.4395,8253,50
990403200,1.4393,1.442,1.435,1.4396,8470,50
990489600,1.4395,1.441,1.4236,1.4277,9113,50
990576000,1.4275,1.4296,1.4171,1.4195,9854,50
990662400,1.4197,1.4197,1.407,1.4082,9771,50
990748800,1.4078,1.424,1.4075,1.4224999999999999,8422,50
991008000,1.4223,1.4233,1.4182000000000001,1.4203000000000001,5728,50
991094400,1.4203000000000001,1.4239,1.415,1.4232,8865,50
991180800,1.4234,1.4276,1.4192,1.426,8977,50
991267200,1.4264999999999999,1.4272,1.416,1.4184,8929,50
991353600,1.4184,1.4218,1.4117,1.4175,8965,50
991612800,1.4184999999999999,1.4217,1.4109,1.4141,7586,50
991699200,1.4141,1.4147,1.4062000000000001,1.4141,8836,50
991785600,1.4142000000000001,1.4155,1.3889,1.3906,9494,50
991872000,1.391,1.3936,1.3792,1.3921000000000001,9451,50
991958400,1.3918,1.3940000000000001,1.3772,1.3786,9095,50
992217600,1.3822,1.3881000000000001,1.3709,1.3733,8812,50
992304000,1.3733,1.3801999999999999,1.3682,1.3725,8975,50
992390400,1.3727,1.3925,1.3708,1.3914,9185,50
992476800,1.3914,1.4028,1.3872,1.4021,8770,50
992563200,1.4020000000000001,1.4109,1.3985,1.4031,8634,50
992822400,1.4043,1.4082,1.4003999999999999,1.4037,8363,50
992908800,1.4035,1.4043,1.3940000000000001,1.4013,8426,50
992995200,1.4014,1.4019,1.3905,1.3963999999999999,9348,50
993081600,1.3963,1.4183,1.3948,1.4155,9082,50
993168000,1.4155,1.4196,1.4085,1.4133,8774,50
993427200,1.4123,1.418,1.4111,1.4123999999999999,7958,50
993513600,1.4127,1.4176,1.4098,1.4171,8308,50
993600000,1.4172,1.4231,1.412,1.4172,9113,50
993686400,1.4171,1.42,1.4060000000000001,1.408,9049,50
993772800,1.4081000000000001,1.4167,1.403,1.4163000000000001,8758,50
994032000,1.4161000000000001,1.4181,1.4098,1.417,7200,50
994118400,1.4172,1.4177,1.4047,1.4071,8144,50
994204800,1.4073,1.409,1.4019,1.4068,7424,50
994291200,1.4068,1.4085,1.3986,1.4033,8321,50
994377600,1.4031,1.4128,1.3963999999999999,1.412,7679,50
994636800,1.4106,1.4132,1.405,1.4087,7592,50
994723200,1.4087,1.4136,1.4076,1.4117,8200,50
994809600,1.4116,1.4192,1.4064999999999999,1.408,8412,50
994896000,1.4082,1.41,1.4033,1.4073,8187,50
994982400,1.4074,1.4079,1.3978,1.4045,8676,50
995241600,1.4035,1.4043999999999999,1.3976,1.3995,8274,50
995328000,1.3995,1.4067,1.3927,1.4025,9327,50
995414400,1.4007,1.4222000000000001,1.3994,1.4215,10052,50
995500800,1.4217,1.4321,1.4137,1.4295,10342,50
995587200,1.4296,1.4357,1.426,1.4279,9099,50
995846400,1.4239,1.4261,1.4174,1.4205,9545,50
995932800,1.4203000000000001,1.4259,1.4153,1.421,9242,50
996019200,1.4209,1.4296,1.4186,1.4274,9514,50
996105600,1.4274,1.4317,1.4248,1.4272,8984,50
996192000,1.4272,1.4307,1.4224,1.4238,8946,50
996451200,1.4226,1.4279,1.4205999999999999,1.4262000000000001,8444,50
996537600,1.4262000000000001,1.4307,1.4231,1.4252,8843,50
996624000,1.4251,1.4351,1.4245,1.4342,9303,50
996710400,1.434,1.4361,1.4276,1.4317,9329,50
996796800,1.4319,1.4323000000000001,1.4249,1.4293,8503,50
997056000,1.4283000000000001,1.4285,1.4168,1.4181,8464,50
997142400,1.4181,1.4199,1.4121000000000001,1.4162,9178,50
997228800,1.4168,1.419,1.4127,1.4169,9204,50
997315200,1.4165,1.4287,1.413,1.4256,8710,50
997401600,1.4255,1.4285,1.4224999999999999,1.4231,8602,50
997660800,1.4236,1.4277,1.4188,1.4203000000000001,8860,50
997747200,1.4201,1.4303,1.4163999999999999,1.4288,9129,50
997833600,1.4285999999999999,1.4415,1.4274,1.4405999999999999,9900,50
997920000,1.4405999999999999,1.4522,1.4395,1.4433,10479,50
998006400,1.4437,1.4487999999999999,1.4393,1.4451,9195,50
998265600,1.445,1.4478,1.4426999999999999,1.444,9198,50
998352000,1.444,1.4556,1.4431,1.4545,9889,50
998438400,1.4541,1.4591,1.4476,1.4485000000000001,9974,50
998524800,1.4487,1.4495,1.4432,1.4468,8730,50
998611200,1.4469,1.4485999999999999,1.4405999999999999,1.4428,8367,50
998870400,1.4433,1.4457,1.4407,1.4434,7826,50
998956800,1.4435,1.4542,1.4374,1.454,9451,50
999043200,1.4533,1.4577,1.4493,1.4515,8962,50
999129600,1.4508,1.4607,1.4477,1.457,9294,50
999216000,1.4577,1.4627,1.4495,1.4542,9905,50
999475200,1.4527999999999999,1.4567999999999999,1.4509,1.454,8613,50
999561600,1.454,1.4553,1.4411,1.4441,9886,50
999648000,1.4439,1.459,1.4404,1.4573,9781,50
999734400,1.4572,1.4579,1.4461,1.4571,10677,50
999820800,1.4567999999999999,1.4637,1.4498,1.461,9559,50
1000080000,1.4607999999999999,1.4687000000000001,1.456,1.4562,9021,50
1000166400,1.4561,1.4781,1.453,1.476,10715,50
1000252800,1.4754,1.478,1.4617,1.4678,9647,50
1000339200,1.4678,1.4736,1.4649,1.4714,9655,50
1000425600,1.471,1.4792,1.466,1.4721,9980,50
1000684800,1.474,1.4784,1.4623,1.4655,10091,50
1000771200,1.4652,1.4713,1.4593,1.4676,10266,50
1000857600,1.468,1.4727999999999999,1.4619,1.4683,8699,50
1000944000,1.4683,1.4696,1.4627,1.466,8808,50
1001030400,1.4658,1.4663,1.4515,1.4567999999999999,9020,50
1001289600,1.4556,1.4667,1.4527,1.4635,7966,50
1001376000,1.4635,1.4716,1.4598,1.4701,8516,50
1001462400,1.4702,1.4775,1.4698,1.4748,10180,50
1001548800,1.4746000000000001,1.4771,1.471,1.4744,9701,50
1001635200,1.4745,1.4748999999999999,1.4653,1.4744,10123,50
1001894400,1.4724,1.4818,1.4698,1.4788000000000001,9300,50
1001980800,1.479,1.4813,1.4618,1.4683,9056,50
1002067200,1.4681,1.4792,1.4664,1.4767000000000001,9778,50
1002153600,1.4766,1.4788999999999999,1.4697,1.4765,9282,50
1002240000,1.4768,1.4845,1.4738,1.4842,8773,50
1002499200,1.4830999999999999,1.4834,1.4708999999999999,1.4741,8377,50
1002585600,1.4741,1.4747,1.4551,1.4581,9017,50
1002672000,1.4579,1.4603,1.4484,1.4514,9356,50
1002758400,1.4513,1.4527999999999999,1.4397,1.4451,9063,50
1002844800,1.4451,1.4542,1.4441,1.452,8752,50
1003104000,1.4521,1.4542,1.4463,1.4485999999999999,8988,50
1003190400,1.4485000000000001,1.4506000000000001,1.4422,1.4487999999999999,9021,50
1003276800,1.449,1.4525000000000001,1.4437,1.4466,8764,50
1003363200,1.447,1.4506999999999999,1.4418,1.444,9044,50
1003449600,1.4439,1.4442,1.4322,1.4333,9107,50
1003708800,1.434,1.4359,1.4209,1.4245999999999999,9250,50
1003795200,1.4247,1.4266,1.4196,1.4258,9522,50
1003881600,1.4262000000000001,1.4308,1.422,1.4285,9205,50
1003968000,1.4285999999999999,1.4328,1.423,1.4264000000000001,8393,50
1004054400,1.4264000000000001,1.4376,1.4243999999999999,1.4365,8972,50
1004313600,1.4362,1.4565000000000001,1.4361,1.4557,9399,50
1004400000,1.4558,1.4603,1.4499,1.4514,9649,50
1004486400,1.4514,1.4573,1.4495,1.4545,9010,50
1004572800,1.4545,1.4684,1.452,1.4628999999999999,9635,50
1004659200,1.4632,1.4673,1.4593,1.4626000000000001,8662,50
1004918400,1.4617,1.4619,1.4508,1.4583,8658,50
1005004800,1.4582,1.4617,1.4557,1.4572,7870,50
1005091200,1.4572,1.4675,1.4564,1.4636,8673,50
1005177600,1.4637,1.4663,1.4523,1.454,8429,50
1005264000,1.4541,1.4595,1.4474,1.4563,8439,50
1005523200,1.4564,1.462,1.451,1.4546000000000001,5493,50
1005609600,1.4546000000000001,1.4553,1.4398,1.4412,9707,50
1005696000,1.4416,1.4456,1.4349,1.4419,8961,50
1005782400,1.4419,1.4426999999999999,1.4304000000000001,1.4321,8436,50
1005868800,1.4321,1.4368,1.4263,1.427,9181,50
1006128000,1.428,1.4285,1.4086,1.4137,9623,50
1006214400,1.4144,1.4218,1.4126,1.4198,9926,50
1006300800,1.4198,1.4214,1.412,1.4161000000000001,9560,50
1006387200,1.4163000000000001,1.4181,1.4099,1.4106,8584,50
1006473600,1.4104999999999999,1.4171,1.404,1.4093,9075,50
1006732800,1.4099,1.4208,1.4096,1.4127,9344,50
1006819200,1.4126,1.4167,1.4062000000000001,1.4147,9524,50
1006905600,1.4151,1.4264999999999999,1.413,1.4257,9299,50
1006992000,1.4256,1.429,1.4208,1.4267,9230,50
1007078400,1.4266,1.4297,1.422,1.4242,9988,50
1007337600,1.4233,1.4263,1.4187,1.4239,9334,50
1007424000,1.4238,1.4256,1.4199,1.423,8924,50
1007510400,1.4231,1.4245999999999999,1.4139,1.4165,9440,50
1007596800,1.4163999999999999,1.4296,1.4148,1.4283000000000001,8036,50
1007683200,1.4284,1.4341,1.4236,1.4338,9204,50
1007942400,1.4322,1.4361,1.4271,1.4355,8783,50
1008028800,1.4355,1.44,1.4308,1.4394,9128,50
1008115200,1.4393,1.4478,1.4378,1.4461,9528,50
1008201600,1.4462,1.4491,1.4395,1.4399,8656,50
1008288000,1.4405000000000001,1.4569,1.4396,1.4541,9857,50
1008547200,1.4536,1.4611,1.4522,1.4588999999999999,9426,50
1008633600,1.4591,1.4609,1.4536,1.4573,9218,50
1008720000,1.4573,1.4575,1.4463,1.4506999999999999,9678,50
1008806400,1.4509,1.4513,1.442,1.449,9361,50
1008892800,1.4487,1.4538,1.4342,1.4416,10944,50
1009152000,1.4407,1.4441,1.4325999999999999,1.4419,8851,50
1009238400,1.4419,1.4464000000000001,1.4393,1.4434,1406,50
1009324800,1.4433,1.4552,1.437,1.4526,7208,50
1009411200,1.4526,1.4555,1.444,1.4509,10873,50
1009497600,1.4508,1.452,1.444,1.4513,8775,50
1009756800,1.4506000000000001,1.4565000000000001,1.4475,1.4546000000000001,7326,50
1009843200,1.4545,1.455,1.452,1.4532,78,50
1009929600,1.4531,1.4559,1.442,1.4466999999999999,9160,50
1010016000,1.4461,1.4487,1.4362,1.4388,9826,50
1010102400,1.439,1.4475,1.4375,1.4473,9731,50
1010361600,1.4469,1.4483,1.4338,1.4405000000000001,9505,50
1010448000,1.4405999999999999,1.4439,1.4369,1.4386999999999999,10263,50
1010534400,1.4388,1.4439,1.4338,1.4375,10061,50
1010620800,1.4375,1.4464000000000001,1.437,1.4383,9439,50
1010707200,1.4382,1.4497,1.4372,1.448,9751,50
1010966400,1.4498,1.4521,1.4464000000000001,1.4496,8756,50
1011052800,1.4496,1.4503,1.4392,1.4413,9626,50
1011139200,1.4413,1.442,1.4343,1.4374,9433,50
1011225600,1.4376,1.4397,1.4298,1.4356,9866,50
1011312000,1.4357,1.4395,1.432,1.4382,9245,50
1011571200,1.4374,1.4422,1.4341,1.4353,7960,50
1011657600,1.4358,1.4363000000000001,1.4263,1.429,9982,50
1011744000,1.4288,1.4348,1.4218,1.4243000000000001,9311,50
1011830400,1.4243000000000001,1.4273,1.4199,1.425,9376,50
1011916800,1.4255,1.426,1.4062000000000001,1.4083,9246,50
1012176000,1.4083999999999999,1.4122,1.4043,1.409,10891,50
1012262400,1.4091,1.4149,1.4041000000000001,1.414,9761,50
1012348800,1.414,1.4184999999999999,1.4099,1.4153,9766,50
1012435200,1.415,1.4162,1.4086,1.4106,9333,50
1012521600,1.4104999999999999,1.4183,1.4058,1.4162,8947,50
1012780800,1.4144,1.424,1.414,1.4227,8215,50
1012867200,1.4228,1.4248,1.4127,1.4156,8583,50
1012953600,1.4157,1.4166,1.4104999999999999,1.4123999999999999,9094,50
1013040000,1.4123,1.4151,1.4064999999999999,1.4142000000000001,9463,50
1013126400,1.4141,1.419,1.4106,1.4151,9047,50
1013385600,1.4132,1.4252,1.413,1.4221,8361,50
1013472000,1.4223,1.435,1.4217,1.4325,8325,50
1013558400,1.4325,1.4363000000000001,1.4274,1.4285999999999999,8504,50
1013644800,1.4285,1.4316,1.4251,1.4304999999999999,8400,50
1013731200,1.431,1.4339,1.4264999999999999,1.4325,8472,50
1013990400,1.432,1.4343,1.4275,1.4284,6242,50
1014076800,1.4284,1.4337,1.4223,1.4316,8442,50
1014163200,1.4315,1.4331,1.4259,1.427,8246,50
1014249600,1.4269,1.429,1.4236,1.4264000000000001,8692,50
1014336000,1.4263,1.4344000000000001,1.424,1.4334,8920,50
1014595200,1.4316,1.4329,1.4239,1.4252,8257,50
1014681600,1.4252,1.4284,1.414,1.417,9257,50
1014768000,1.4166,1.4215,1.4144,1.4189,9176,50
1014854400,1.4192,1.4202,1.4108,1.4168,9833,50
1014940800,1.417,1.4238,1.4153,1.4181,9280,50
1015200000,1.419,1.4251,1.4155,1.423,8312,50
1015286400,1.4236,1.4254,1.4174,1.4239,9055,50
1015372800,1.4237,1.4257,1.4199,1.4226,9095,50
1015459200,1.4227,1.4312,1.4182000000000001,1.4279,9668,50
1015545600,1.4279,1.4282,1.4188,1.423,9631,50
1015804800,1.4218,1.4229,1.4182000000000001,1.4195,8495,50
1015891200,1.4196,1.4207,1.4088,1.4157,8413,50
1015977600,1.4156,1.4177,1.4088,1.4146,9070,50
1016064000,1.4149,1.4227,1.4142000000000001,1.4203999999999999,9031,50
1016150400,1.4203999999999999,1.4272,1.4197,1.4248,8961,50
1016409600,1.4233,1.4277,1.4205999999999999,1.4264999999999999,7979,50
1016496000,1.4264000000000001,1.4302000000000001,1.4203999999999999,1.4232,8441,50
1016582400,1.4232,1.4318,1.4195,1.431,8750,50
1016668800,1.4313,1.4327,1.4235,1.4268,9271,50
1016755200,1.427,1.4285999999999999,1.4233,1.4261,8896,50
1017014400,1.4252,1.429,1.4224,1.426,9272,50
1017100800,1.4261,1.4287,1.4222000000000001,1.426,9191,50
1017187200,1.426,1.4278,1.4209,1.4242,9044,50
1017273600,1.4245,1.4275,1.422,1.4256,9346,50
1017360000,1.4255,1.4267,1.423,1.4259,4524,50
1017619200,1.4257,1.4431,1.4248,1.4408,7066,50
1017705600,1.4407,1.4415,1.4352,1.436,9144,50
1017792000,1.4358,1.4388,1.4333,1.4358,8933,50
1017878400,1.4359,1.4401,1.4325,1.4336,9887,50
1017964800,1.4338,1.438,1.4319,1.4321,8076,50
1018224000,1.4306,1.4363000000000001,1.4285999999999999,1.4309,8515,50
1018310400,1.4309,1.4376,1.4298,1.4368,8638,50
1018396800,1.4368,1.4394,1.4353,1.4364,8747,50
1018483200,1.4365,1.4408,1.4338,1.4383,8859,50
1018569600,1.4382,1.4385,1.4351,1.4361,8655,50
1018828800,1.4361,1.4389,1.434,1.437,8263,50
1018915200,1.4371,1.4411,1.4354,1.4397,7960,50
1019001600,1.4399,1.4465,1.4383,1.4459,9148,50
1019088000,1.4461,1.4493,1.4438,1.4476,9046,50
1019174400,1.4475,1.4501,1.4454,1.4476,7806,50
1019433600,1.4464000000000001,1.4515,1.4455,1.4508,7965,50
1019520000,1.4512,1.4516,1.4462,1.4476,7730,50
1019606400,1.4474,1.451,1.4453,1.4496,7386,50
1019692800,1.4495,1.4562,1.4487,1.4555,8032,50
1019779200,1.455,1.4588,1.4506000000000001,1.4583,7979,50
1020038400,1.4569,1.4636,1.4562,1.4586999999999999,8620,50
1020124800,1.4588,1.4591,1.4554,1.4579,8050,50
1020211200,1.4578,1.4667,1.4549,1.4652,7717,50
1020297600,1.4651,1.4681,1.4607999999999999,1.4632,9326,50
1020384000,1.463,1.4708,1.4599,1.4691,8206,50
1020643200,1.4683,1.4698,1.4662,1.4684,6737,50
1020729600,1.4685000000000001,1.4695,1.463,1.467,8277,50
1020816000,1.4668,1.4673,1.4531,1.4562,8853,50
1020902400,1.4562,1.4619,1.4548,1.4601,7857,50
1020988800,1.4601,1.4658,1.4583,1.4641,8942,50
1021248000,1.4634,1.4652,1.4554,1.4577,8591,50
1021334400,1.4575,1.4585,1.446,1.4501,9429,50
1021420800,1.4502,1.4611,1.4473,1.4605000000000001,8742,50
1021507200,1.4603,1.4617,1.4543,1.4563,8781,50
1021593600,1.4558,1.4628,1.4546999999999999,1.4582,9242,50
1021852800,1.4593,1.4634,1.4572,1.4586999999999999,8968,50
1021939200,1.4588,1.4613,1.4532,1.4594,9438,50
1022025600,1.4592,1.4634,1.4567999999999999,1.4592,9046,50
1022112000,1.4592,1.4622,1.4508,1.4546999999999999,9070,50
1022198400,1.4544000000000001,1.4595,1.4508,1.4581,8625,50
1022457600,1.4567999999999999,1.4588,1.454,1.4564,6600,50
1022544000,1.4562,1.4639,1.4554,1.459,7902,50
1022630400,1.4593,1.4631,1.4567,1.4628999999999999,8504,50
1022716800,1.463,1.4689999999999999,1.4615,1.4644,8916,50
1022803200,1.4642,1.468,1.4538,1.4543,8890,50
1023062400,1.4571,1.4641,1.4544000000000001,1.4633,7932,50
1023148800,1.4634,1.4668999999999999,1.4576,1.4586000000000001,8719,50
1023235200,1.4584,1.4607,1.4532,1.4597,8848,50
1023321600,1.4595,1.4611,1.4541,1.4598,8726,50
1023408000,1.46,1.4632,1.4578,1.4599,7975,50
1023667200,1.4594,1.4632,1.4551,1.4602,7735,50
1023753600,1.46,1.4733,1.4594,1.4718,8547,50
1023840000,1.4718,1.4759,1.468,1.4699,8819,50
1023926400,1.4703,1.4745,1.4684,1.4722,8619,50
1024012800,1.4724,1.4803,1.4698,1.4772,8101,50
1024272000,1.4769999999999999,1.48,1.4748999999999999,1.4798,7205,50
1024358400,1.4799,1.4934,1.4782,1.4918,9139,50
1024444800,1.4914,1.4952,1.4873,1.4922,8614,50
1024531200,1.4923,1.5013999999999998,1.4885,1.4986,8790,50
1024617600,1.4985,1.5019,1.495,1.4975,8259,50
1024876800,1.4963,1.5085,1.4948000000000001,1.5009000000000001,9382,50
1024963200,1.5011,1.5091,1.498,1.5083,9425,50
1025049600,1.5083,1.5316999999999998,1.5077,1.5257,10873,50
1025136000,1.5257,1.5304,1.5171999999999999,1.5293,9545,50
1025222400,1.529,1.5381,1.5215999999999998,1.5331000000000001,9649,50
1025481600,1.5323,1.5349,1.5285,1.5333,8206,50
1025568000,1.5331000000000001,1.5366,1.5230000000000001,1.5356,9329,50
1025654400,1.5352000000000001,1.5352999999999999,1.5223,1.5266,8989,50
1025740800,1.5271,1.5282,1.5230000000000001,1.5258,8020,50
1025827200,1.5263,1.5271,1.5150000000000001,1.5225,8133,50
1026086400,1.5244,1.5457,1.5230000000000001,1.5436,9509,50
1026172800,1.5433,1.5495,1.5398,1.5478,9092,50
1026259200,1.5478,1.5531000000000001,1.5447,1.5493999999999999,9278,50
1026345600,1.5486,1.5582,1.5415999999999999,1.5527,9734,50
1026432000,1.5526,1.5543,1.5465,1.5535999999999999,9310,50
1026691200,1.5514000000000001,1.5735999999999999,1.5510000000000002,1.5699999999999998,9211,50
1026777600,1.5695000000000001,1.5785,1.5685,1.5760999999999998,10573,50
1026864000,1.5763,1.5779,1.562,1.5715,10068,50
1026950400,1.5713,1.5743,1.5619,1.5737999999999999,9433,50
1027036800,1.5739999999999998,1.5857999999999999,1.5721,1.5773000000000001,10198,50
1027296000,1.5754000000000001,1.5819999999999999,1.5711,1.5793,10397,50
1027382400,1.579,1.5792000000000002,1.5554000000000001,1.5625,10556,50
1027468800,1.5625,1.5779999999999998,1.5587,1.5716,10896,50
1027555200,1.5716999999999999,1.5867,1.5705,1.5842,9164,50
1027641600,1.5836000000000001,1.5842,1.5617,1.5657,10448,50
1027900800,1.5654,1.5688,1.5565,1.5641,9347,50
1027987200,1.5643,1.5745,1.5607,1.5718999999999999,9498,50
1028073600,1.5718,1.5737,1.5565,1.5631,9724,50
1028160000,1.5633,1.5652,1.5470000000000002,1.5611000000000002,9679,50
1028246400,1.5612,1.5729,1.5598,1.5697999999999999,10009,50
1028505600,1.5697,1.5713,1.5596999999999999,1.5603,9376,50
1028592000,1.5602,1.5612,1.5343,1.5386,10536,50
1028678400,1.5387,1.5427,1.5312000000000001,1.538,9488,50
1028764800,1.5386,1.5419,1.5251000000000001,1.5314,9811,50
1028851200,1.5314999999999999,1.5368,1.5209000000000001,1.5245,9340,50
1029110400,1.5234,1.5333999999999999,1.5227,1.5312999999999999,9567,50
1029196800,1.5314999999999999,1.5392000000000001,1.525,1.5386,9583,50
1029283200,1.5385,1.5472000000000001,1.5342,1.5347,9964,50
1029369600,1.5348000000000002,1.5409000000000002,1.5299,1.5366,9054,50
1029456000,1.5363,1.5399,1.532,1.5390000000000001,8574,50
1029715200,1.5394,1.5448,1.5249000000000001,1.5272999999999999,8483,50
1029801600,1.5274999999999999,1.5306,1.5215999999999998,1.5284,8807,50
1029888000,1.5285,1.5347,1.521,1.5316,8572,50
1029974400,1.5314999999999999,1.5314999999999999,1.5177,1.5201,9017,50
1030060800,1.5201,1.5232999999999999,1.5162,1.5206,8438,50
1030320000,1.521,1.5248,1.5183,1.5213,7535,50
1030406400,1.5213999999999999,1.5358,1.5196,1.5335999999999999,7025,50
1030492800,1.5333999999999999,1.5377999999999998,1.5309,1.5329000000000002,8878,50
1030579200,1.533,1.5503,1.5319,1.5474999999999999,9259,50
1030665600,1.5476999999999999,1.5549,1.5451000000000001,1.5497999999999998,8490,50
1030924800,1.5491000000000001,1.552,1.5462,1.5485,8359,50
1031011200,1.5487,1.5661,1.5484,1.5651000000000002,10241,50
1031097600,1.5651000000000002,1.5676,1.5603,1.5641,9990,50
1031184000,1.5638999999999998,1.5732,1.5628,1.5651000000000002,10083,50
1031270400,1.5651000000000002,1.571,1.5562,1.5585,10727,50
1031529600,1.5587,1.5625,1.5551,1.5566,8449,50
1031616000,1.5566,1.562,1.5511,1.5554000000000001,9905,50
1031702400,1.5556,1.5582,1.5473,1.554,10340,50
1031788800,1.5537999999999998,1.5621,1.5514999999999999,1.5609,10000,50
1031875200,1.5611000000000002,1.5657,1.5497999999999998,1.5511,11076,50
1032134400,1.5507,1.553,1.5399,1.5408,9648,50
1032220800,1.5409000000000002,1.5430000000000001,1.5283,1.5415,11206,50
1032307200,1.5417999999999998,1.5531000000000001,1.5354,1.5493999999999999,10829,50
1032393600,1.5492,1.5596,1.5485,1.5581,10676,50
1032480000,1.5583,1.5593,1.5453000000000001,1.5547,9831,50
1032739200,1.5546,1.5617,1.5485,1.5503,9642,50
1032825600,1.55,1.5636999999999999,1.5483,1.5629,10618,50
1032912000,1.5631,1.5672000000000001,1.5565,1.5574,10651,50
1032998400,1.5573000000000001,1.5625,1.5545,1.5587,9522,50
1033084800,1.5585,1.5615999999999999,1.5516,1.561,9722,50
1033344000,1.561,1.5746,1.5598999999999998,1.5681,10179,50
1033430400,1.5681,1.5767,1.563,1.5632000000000001,10234,50
1033516800,1.5636,1.5705,1.5607,1.5697999999999999,10608,50
1033603200,1.5695000000000001,1.5735000000000001,1.5673,1.5697,9582,50
1033689600,1.5701,1.571,1.564,1.5651000000000002,9769,50
1033948800,1.5644,1.5678,1.5622,1.5655000000000001,9436,50
1034035200,1.5655999999999999,1.5694,1.552,1.5535999999999999,10234,50
1034121600,1.5535999999999999,1.5662,1.5505,1.5654,10929,50
1034208000,1.5652,1.569,1.561,1.5645,10302,50
1034294400,1.5645,1.5657,1.5579,1.5617,7752,50
1034553600,1.5621,1.5653000000000001,1.5554000000000001,1.5577,9370,50
1034640000,1.5577,1.5585,1.5483,1.552,11833,50
1034726400,1.5528,1.5563,1.5495999999999999,1.553,12273,50
1034812800,1.5528,1.5582,1.5492,1.5506,11587,50
1034899200,1.5503,1.5521,1.5431,1.5457999999999998,10296,50
1035158400,1.5459,1.5518999999999998,1.5411000000000001,1.5432000000000001,10677,50
1035244800,1.5430000000000001,1.5497999999999998,1.541,1.5457,10687,50
1035331200,1.5455999999999999,1.5513,1.5425,1.5472000000000001,11266,50
1035417600,1.5474999999999999,1.5554000000000001,1.5445,1.5544,11571,50
1035504000,1.5541,1.557,1.5499,1.5507,10470,50
1035763200,1.5482,1.5623,1.545,1.5596999999999999,9866,50
1035849600,1.5605,1.561,1.5543,1.5565,9789,50
1035936000,1.5567,1.5590000000000002,1.5547,1.5561,9225,50
1036022400,1.5563,1.5657,1.5554999999999999,1.5652,10486,50
1036108800,1.5654,1.5678,1.5608,1.5651000000000002,10154,50
1036368000,1.5643,1.5652,1.5522,1.5577,8771,50
1036454400,1.5577,1.5673,1.5554000000000001,1.5613000000000001,9793,50
1036540800,1.5613000000000001,1.5657999999999999,1.5562,1.5647,9762,50
1036627200,1.5646,1.5817999999999999,1.5625,1.5796999999999999,10878,50
1036713600,1.5794000000000001,1.5931,1.5782,1.5918,10191,50
1036972800,1.5903,1.5972,1.5859,1.5873,9060,50
1037059200,1.5874000000000001,1.5932,1.5835,1.5896,10485,50
1037145600,1.5897999999999999,1.5903,1.5840999999999998,1.5867,9991,50
1037232000,1.5867,1.5897000000000001,1.5777999999999999,1.5784,10165,50
1037318400,1.5786,1.5821,1.5729,1.5800999999999998,10414,50
1037577600,1.581,1.5832000000000002,1.5775000000000001,1.5808,10625,50
1037664000,1.5808,1.5916000000000001,1.5773000000000001,1.5800999999999998,10547,50
1037750400,1.5802,1.5808,1.5701,1.5715,10545,50
1037836800,1.5711,1.5825,1.5707,1.5811,9645,50
1037923200,1.5811,1.5852,1.5772,1.5798999999999999,9748,50
1038182400,1.5781,1.5791,1.5627,1.5645,10055,50
1038268800,1.5642,1.5667,1.5455,1.5525,10298,50
1038355200,1.5525,1.5544,1.5412,1.5470000000000002,9743,50
1038441600,1.5471,1.5550000000000002,1.5452,1.5497,8350,50
1038528000,1.5497,1.5586,1.5471,1.5575,9556,50
1038787200,1.5573000000000001,1.5596,1.545,1.5582,9251,50
1038873600,1.5581,1.5722,1.5550000000000002,1.5695000000000001,10803,50
1038960000,1.5694,1.5760999999999998,1.5675,1.5708,10066,50
1039046400,1.5709,1.5739999999999998,1.5661,1.5707,10120,50
1039132800,1.5707,1.58,1.5676999999999999,1.5768,10221,50
1039392000,1.5784,1.5819999999999999,1.5749,1.5815000000000001,10339,50
1039478400,1.5816,1.5840999999999998,1.5682,1.5704,10174,50
1039564800,1.5709,1.5779999999999998,1.5686,1.5771,10491,50
1039651200,1.5762,1.5827,1.5721,1.5816,10685,50
1039737600,1.5814,1.5912,1.5775000000000001,1.5905,10595,50
1039996800,1.5891,1.5939999999999999,1.5864,1.5907,10547,50
1040083200,1.5908,1.6021,1.5894,1.5983,11525,50
1040169600,1.5981999999999998,1.6047,1.5954000000000002,1.6040999999999999,10725,50
1040256000,1.6048,1.6065,1.5983,1.6037,11176,50
1040342400,1.6027,1.6052,1.6004,1.603,10362,50
1040601600,1.6019,1.6069,1.5868,1.5941,9683,50
1040688000,1.5944,1.5974,1.5897000000000001,1.5946,8205,50
1040774400,1.5953,1.5984,1.5927,1.5955,1181,50
1040860800,1.5945,1.6012,1.5939,1.5998999999999999,6494,50
1040947200,1.6002999999999998,1.6045,1.5981999999999998,1.6040999999999999,9520,50
1041206400,1.6032,1.6061999999999999,1.601,1.6029,9670,50
1041292800,1.6028,1.6138,1.6006,1.6097000000000001,8936,50
1041379200,1.6098,1.6116000000000001,1.6094,1.6099999999999999,211,50
1041465600,1.6099999999999999,1.611,1.5918,1.5939999999999999,9829,50
1041552000,1.5939,1.6115,1.5905,1.6109,10869,50
1041811200,1.609,1.6162999999999998,1.6054,1.6057000000000001,10992,50
1041897600,1.6058,1.609,1.6018,1.6047,11146,50
1041984000,1.6042,1.6153,1.5964,1.6124,11762,50
1042070400,1.6129,1.6168,1.6028,1.6074000000000002,11461,50
1042156800,1.6074000000000002,1.6151,1.6040999999999999,1.6076000000000001,10998,50
1042416000,1.609,1.6099999999999999,1.5991,1.6002,10816,50
1042502400,1.6000999999999999,1.612,1.5986,1.6033,11316,50
1042588800,1.6036000000000001,1.6075,1.5955,1.6040999999999999,11184,50
1042675200,1.6042999999999998,1.615,1.6018,1.6095000000000002,10742,50
1042761600,1.6095000000000002,1.6200999999999999,1.6084,1.6133,11553,50
1043020800,1.6118000000000001,1.6129,1.6037,1.6085,10982,50
1043107200,1.6088,1.6188,1.6016,1.6183,13311,50
1043193600,1.6172,1.6223,1.6087,1.6208,12983,50
1043280000,1.621,1.6244,1.6151,1.6221,12017,50
1043366400,1.6218,1.6360999999999999,1.6208,1.6336,12324,50
1043625600,1.6332,1.6414,1.6280000000000001,1.6358000000000001,11796,50
1043712000,1.6356000000000002,1.642,1.6306,1.641,12657,50
1043798400,1.6395,1.6499000000000001,1.6391,1.6477,13468,50
1043884800,1.6477,1.6562000000000001,1.6397,1.6545999999999998,12924,50
1043971200,1.655,1.6573,1.6423,1.6471,11291,50
1044230400,1.6478000000000002,1.6481,1.6360999999999999,1.6436,10144,50
1044316800,1.6434,1.6503999999999999,1.6412,1.6488,11080,50
1044403200,1.6491,1.6539000000000001,1.6373,1.6411,12413,50
1044489600,1.6408,1.6479,1.6341,1.6381999999999999,10599,50
1044576000,1.6383,1.6385,1.6233,1.6322,10586,50
1044835200,1.6315,1.6356000000000002,1.6251,1.626,10033,50
1044921600,1.6258,1.6272,1.6136,1.6194,11359,50
1045008000,1.6192,1.6225,1.6128,1.6160999999999999,9914,50
1045094400,1.6165,1.6247,1.6151,1.621,12076,50
1045180800,1.6209,1.6233,1.6098,1.6145,10287,50
1045440000,1.6112,1.6122,1.5951,1.5975000000000001,10169,50
1045526400,1.5976,1.604,1.5897999999999999,1.5912,10422,50
1045612800,1.5909,1.5981999999999998,1.5891,1.5966,11717,50
1045699200,1.5968,1.6021999999999998,1.5909,1.5937000000000001,10300,50
1045785600,1.5936,1.5981,1.5771,1.5788,11269,50
1046044800,1.5758,1.5885,1.5739999999999998,1.5869,9274,50
1046131200,1.5867,1.5892,1.5701,1.5739,10458,50
1046217600,1.5737999999999999,1.5848,1.5716999999999999,1.5836000000000001,10272,50
1046304000,1.5834000000000001,1.5876000000000001,1.5758999999999999,1.5796000000000001,10531,50
1046390400,1.5796999999999999,1.5840999999999998,1.5722,1.5734,9912,50
1046649600,1.5718,1.5812,1.5712000000000002,1.5793,9072,50
1046736000,1.579,1.5875,1.5781,1.5857999999999999,10308,50
1046822400,1.5859999999999999,1.6045,1.5856,1.6025,10886,50
1046908800,1.6021,1.6068,1.5968,1.5993,10795,50
1046995200,1.5994000000000002,1.6094,1.5960999999999999,1.6031,10462,50
1047254400,1.6023,1.604,1.5929,1.6011,9842,50
1047340800,1.6014,1.6087,1.5977000000000001,1.607,10235,50
1047427200,1.6065,1.6159,1.6042999999999998,1.6122999999999998,10484,50
1047513600,1.6122,1.6127,1.5986,1.6007,11082,50
1047600000,1.6007,1.6029,1.5791,1.5836000000000001,10127,50
1047859200,1.5878,1.5907,1.5661,1.5692,10906,50
1047945600,1.5681,1.5708,1.5602,1.5661,11296,50
1048032000,1.5661,1.5681,1.5537999999999998,1.5652,10881,50
1048118400,1.5652,1.5702,1.5619,1.5661,11008,50
1048204800,1.5665,1.5697999999999999,1.5588,1.5631,10064,50
1048464000,1.5643,1.5777,1.5641,1.5753,9752,50
1048550400,1.5754000000000001,1.58,1.5683,1.5753,10373,50
1048636800,1.5752000000000002,1.5768,1.5699,1.5749,9890,50
1048723200,1.5747,1.5791,1.5625,1.5647,10351,50
1048809600,1.5649,1.5785,1.561,1.5741,9676,50
1049068800,1.5744,1.5840999999999998,1.5728,1.5819,10428,50
1049155200,1.5816,1.5838,1.5718,1.5777,9157,50
1049241600,1.5779999999999998,1.5819999999999999,1.5642,1.5678999999999998,10662,50
1049328000,1.5676999999999999,1.5741,1.5593,1.5727,10685,50
1049414400,1.5727,1.5735000000000001,1.5588,1.561,10445,50
1049673600,1.5556,1.5594000000000001,1.546,1.5556,9923,50
1049760000,1.5558,1.5565,1.549,1.5551,10199,50
1049846400,1.5551,1.5654,1.55,1.5643,10499,50
1049932800,1.5647,1.5744,1.5621,1.5725,10529,50
1050019200,1.5723,1.5735000000000001,1.5659,1.5705,10432,50
1050278400,1.5705,1.5769,1.5682,1.5718,9534,50
1050364800,1.5715,1.5746,1.5672000000000001,1.5706,9814,50
1050451200,1.5707,1.5811,1.5687,1.5806,9588,50
1050537600,1.581,1.5848,1.5697,1.5711,9808,50
1050624000,1.5711,1.5760999999999998,1.5705,1.5712000000000002,5119,50
1050883200,1.5725,1.5756999999999999,1.5586,1.5615,6855,50
1050969600,1.5609,1.5805,1.5596,1.5776,9320,50
1051056000,1.5773000000000001,1.5884,1.5716999999999999,1.5838999999999999,9399,50
1051142400,1.5836000000000001,1.5981,1.5833,1.5935000000000001,10009,50
1051228800,1.5935000000000001,1.5962,1.5864,1.5918,9363,50
1051488000,1.5934,1.5986,1.5873,1.5886,9230,50
1051574400,1.5884,1.5952,1.5859999999999999,1.5941,9219,50
1051660800,1.5944,1.6034000000000002,1.5909,1.5991,10457,50
1051747200,1.5998999999999999,1.6141,1.5974,1.6106,9647,50
1051833600,1.6109,1.6122999999999998,1.6009,1.6040999999999999,8810,50
1052092800,1.604,1.6080999999999999,1.6017000000000001,1.6054,10292,50
1052179200,1.6061,1.6192,1.6053,1.6160999999999999,12666,50
1052265600,1.6151,1.616,1.5901999999999998,1.5971,12948,50
1052352000,1.5967,1.6084,1.5918999999999999,1.6019999999999999,13139,50
1052438400,1.6028,1.6101,1.6004,1.6055000000000001,12234,50
1052697600,1.608,1.615,1.6037,1.6108,12173,50
1052784000,1.6112,1.6120999999999999,1.6042,1.6096,12050,50
1052870400,1.6096,1.6215000000000002,1.6061,1.6165,10237,50
1052956800,1.617,1.6279,1.6126,1.6211,9701,50
1053043200,1.6211,1.6298,1.6179999999999999,1.6216,8983,50
1053302400,1.6278000000000001,1.6383,1.625,1.6338,9921,50
1053388800,1.6337000000000002,1.6437,1.6303999999999998,1.6402,10714,50
1053475200,1.6402,1.6472,1.6329,1.6341,10615,50
1053561600,1.6343999999999999,1.6397,1.6315,1.6338,10235,50
1053648000,1.634,1.6454,1.6309,1.6355,10036,50
1053907200,1.6335,1.642,1.6329,1.6383,7136,50
1053993600,1.6379000000000001,1.6468,1.6372,1.6387,10014,50
1054080000,1.639,1.6441,1.6308,1.6387,9873,50
1054166400,1.6389,1.6553,1.6318000000000001,1.6539000000000001,11156,50
1054252800,1.6543,1.6548,1.6329,1.6360000000000001,10871,50
1054512000,1.6263999999999998,1.6400000000000001,1.6253,1.6372,11384,50
1054598400,1.6367,1.6429,1.623,1.629,10342,50
1054684800,1.6291,1.6358000000000001,1.6274,1.6309,10977,50
1054771200,1.6308,1.6623999999999999,1.6286,1.6602999999999999,11869,50
1054857600,1.6602999999999999,1.6716,1.6542,1.6618,11796,50
1055116800,1.6583,1.6659000000000002,1.6428,1.6454,12000,50
1055203200,1.6453,1.658,1.6418,1.6516,10973,50
1055289600,1.6516,1.6703000000000001,1.6496,1.666,11080,50
1055376000,1.666,1.6794,1.6654,1.6676,11253,50
1055462400,1.6678,1.6752,1.6633,1.673,11087,50
1055721600,1.6743000000000001,1.6886999999999999,1.671,1.6764999999999999,10968,50
1055808000,1.6768,1.6905999999999999,1.6764999999999999,1.6840000000000002,11510,50
1055894400,1.6843,1.687,1.6751,1.6795,11414,50
1055980800,1.6798,1.681,1.6686999999999999,1.6785999999999999,12483,50
1056067200,1.6784,1.6824,1.6583999999999999,1.6640000000000001,11757,50
1056326400,1.6609,1.6699000000000002,1.6552,1.667,12172,50
1056412800,1.6667999999999998,1.6712,1.6588,1.6629,11785,50
1056499200,1.663,1.6800000000000002,1.6609,1.6721,12603,50
1056585600,1.6721,1.6745,1.6595,1.6606999999999998,12323,50
1056672000,1.6602000000000001,1.6635,1.6452,1.6495,10611,50
1056931200,1.6491,1.6574,1.6454,1.6562000000000001,9952,50
1057017600,1.6558000000000002,1.6656,1.6516,1.6623,9875,50
1057104000,1.6623,1.6674,1.6600000000000001,1.6655,9935,50
1057190400,1.6654,1.6745999999999999,1.6600000000000001,1.6694,10124,50
1057276800,1.669,1.6723,1.6648,1.6676,9044,50
1057536000,1.6667,1.6679,1.6472,1.6484999999999999,9937,50
1057622400,1.6486,1.6502,1.6314,1.6345,10302,50
1057708800,1.6345,1.6394,1.6274,1.6375,11218,50
1057795200,1.6372,1.6379000000000001,1.6217000000000001,1.6345,11825,50
1057881600,1.6343,1.6388,1.6295,1.6318000000000001,11470,50
1058140800,1.6297000000000001,1.6299000000000001,1.6075,1.6095000000000002,10787,50
1058227200,1.6092,1.6143,1.5899,1.5916000000000001,11996,50
1058313600,1.5918,1.5977000000000001,1.5852,1.597,11860,50
1058400000,1.5971,1.5996000000000001,1.5846,1.5971,11471,50
1058486400,1.5972,1.5985,1.5821,1.591,11425,50
1058745600,1.5792000000000002,1.6026,1.5776,1.6007,11590,50
1058832000,1.6007,1.6054,1.5944,1.5965,11827,50
1058918400,1.5966,1.6104,1.5928,1.6078000000000001,11364,50
1059004800,1.608,1.6171,1.6057000000000001,1.6157,11268,50
1059091200,1.616,1.6240999999999999,1.6112,1.6215000000000002,10718,50
1059350400,1.6192,1.6293,1.6172,1.6255,10663,50
1059436800,1.6256,1.6315,1.621,1.6236000000000002,11075,50
1059523200,1.6235,1.6256,1.6146,1.6164,10603,50
1059609600,1.6165,1.6174,1.6049,1.6097000000000001,11222,50
1059696000,1.6101999999999999,1.6128,1.5998999999999999,1.6115,11375,50
1059955200,1.6115,1.6156000000000001,1.6061,1.6118000000000001,10432,50
1060041600,1.612,1.6166,1.6018,1.6141999999999999,10491,50
1060128000,1.6141999999999999,1.6195,1.6032,1.6088,10984,50
1060214400,1.6092,1.6194,1.6053,1.6172,11244,50
1060300800,1.6172,1.6183999999999998,1.6008,1.6056,10918,50
1060560000,1.6033,1.6106,1.5981999999999998,1.6077,10205,50
1060646400,1.6074000000000002,1.6097000000000001,1.5993,1.6019999999999999,10500,50
1060732800,1.6026,1.6101,1.5964,1.6071,11109,50
1060819200,1.607,1.6143,1.5984,1.6018,11175,50
1060905600,1.6016,1.6046,1.5925,1.5968,11649,50
1061164800,1.5981,1.599,1.5872000000000002,1.5904,9801,50
1061251200,1.5903,1.5909,1.5808,1.5875,9913,50
1061337600,1.588,1.5972,1.5854,1.593,10405,50
1061424000,1.5933000000000002,1.5946,1.5747,1.5782,10765,50
1061510400,1.5784,1.5798,1.5699,1.5745,10399,50
1061769600,1.5741,1.5796000000000001,1.5666,1.5672000000000001,9523,50
1061856000,1.5673,1.5752000000000002,1.5614,1.5689,10614,50
1061942400,1.5684,1.5754000000000001,1.5666,1.5699999999999998,11192,50
1062028800,1.5702,1.5789,1.565,1.5779999999999998,10883,50
1062115200,1.5786,1.5831,1.5722,1.5777,10624,50
1062374400,1.5789,1.5816,1.5676999999999999,1.5703,8764,50
1062460800,1.571,1.5751,1.5615999999999999,1.5676,10793,50
1062547200,1.5676999999999999,1.5765,1.5609,1.5715,11563,50
1062633600,1.5714000000000001,1.5829,1.5666,1.5821,10945,50
1062720000,1.5822,1.5913,1.5777999999999999,1.5888,11188,50
1062979200,1.5868,1.5908,1.5819999999999999,1.5829,10103,50
1063065600,1.5831,1.5932,1.5782,1.5915,10898,50
1063152000,1.5916000000000001,1.595,1.5873,1.593,10838,50
1063238400,1.5928,1.5979,1.5899,1.595,10373,50
1063324800,1.5952,1.6072,1.5905,1.6026,9940,50
1063584000,1.6049,1.608,1.5997,1.6011,10316,50
1063670400,1.6012,1.6059999999999999,1.5851,1.5878999999999999,10514,50
1063756800,1.5874000000000001,1.6109,1.5861,1.6093,10734,50
1063843200,1.6095000000000002,1.6219000000000001,1.6066,1.617,11140,50
1063929600,1.6172,1.6379000000000001,1.6139999999999999,1.6364999999999998,10375,50
1064188800,1.6473,1.6554,1.6413,1.6484999999999999,12591,50
1064275200,1.6487,1.6592,1.6457000000000002,1.6501000000000001,10967,50
1064361600,1.6503,1.6604999999999999,1.6471,1.6588,10843,50
1064448000,1.6588,1.6634,1.6526,1.6578,11290,50
1064534400,1.6579000000000002,1.663,1.6558000000000002,1.6585999999999999,10318,50
1064793600,1.658,1.6677,1.6451,1.6672,11018,50
1064880000,1.6672,1.6763,1.6583999999999999,1.6612,12196,50
1064966400,1.6608,1.6703000000000001,1.6532,1.6696,11542,50
1065052800,1.6696,1.6753,1.6638,1.6686999999999999,11301,50
1065139200,1.6688,1.674,1.658,1.6635,10483,50
1065398400,1.6614,1.6762000000000001,1.658,1.6705,10318,50
1065484800,1.6705,1.6781000000000001,1.661,1.6632,10510,50
1065571200,1.663,1.6675,1.6585999999999999,1.6631,10641,50
1065657600,1.6635,1.6697,1.6559,1.6663999999999999,11099,50
1065744000,1.6663999999999999,1.6728,1.6598000000000002,1.6640000000000001,9908,50
1066003200,1.6643,1.6684999999999999,1.6534,1.6661000000000001,9259,50
1066089600,1.6665999999999999,1.6768,1.6538,1.6738,11228,50
1066176000,1.6731,1.6768999999999998,1.6635,1.6665999999999999,10862,50
1066262400,1.6665,1.6819,1.6658,1.6734,11028,50
1066348800,1.6731,1.6793,1.6676,1.6785,10150,50
1066608000,1.6793,1.6815,1.6698,1.6705,10716,50
1066694400,1.6705999999999999,1.6777,1.6686,1.6747,10375,50
1066780800,1.6749,1.6945999999999999,1.6731,1.6926999999999999,10404,50
1066867200,1.6928,1.6971,1.6888999999999998,1.6944,10950,50
1066953600,1.6947,1.7001,1.6928999999999998,1.6949999999999998,10464,50
1067212800,1.696,1.698,1.6905000000000001,1.6938,11000,50
1067299200,1.6938,1.7002000000000002,1.6875,1.6974,11393,50
1067385600,1.6975,1.7083,1.6956,1.6979,11005,50
1067472000,1.6977,1.7075,1.6943000000000001,1.6949999999999998,10715,50
1067558400,1.6949,1.6999,1.6904,1.6978,10524,50
1067817600,1.6955,1.698,1.6743999999999999,1.6766,9741,50
1067904000,1.6763,1.6846999999999999,1.6672,1.6843,10382,50
1067990400,1.6842000000000001,1.6875,1.6701000000000001,1.674,10511,50
1068076800,1.6741000000000001,1.6789,1.6644,1.6681,10902,50
1068163200,1.6683,1.6771,1.6566,1.6761,10853,50
1068422400,1.6733,1.6760000000000002,1.6677,1.6681,9249,50
1068508800,1.6681,1.6702,1.663,1.6653,9655,50
1068595200,1.6652,1.6789,1.6644,1.6745,10531,50
1068681600,1.6743999999999999,1.6895,1.6743000000000001,1.6873,10431,50
1068768000,1.6876,1.6914,1.6823000000000001,1.6872,10760,50
1069027200,1.6899,1.6944,1.6861000000000002,1.6917,10998,50
1069113600,1.6917,1.7059,1.6859,1.7027999999999999,11408,50
1069200000,1.7027999999999999,1.7059,1.6944,1.6979,11663,50
1069286400,1.6977,1.7088999999999999,1.6961,1.7043,10533,50
1069372800,1.7041,1.7076,1.6994,1.7037,9899,50
1069632000,1.7055,1.7065000000000001,1.6924000000000001,1.6968999999999999,9504,50
1069718400,1.6968999999999999,1.7023000000000001,1.6937,1.6996,10689,50
1069804800,1.6996,1.7132,1.6947,1.7113,10502,50
1069891200,1.7109999999999999,1.7161,1.7088999999999999,1.7136,9053,50
1069977600,1.7135,1.7247,1.7132,1.7217,9856,50
1070236800,1.7215,1.7278,1.7177,1.7191,10967,50
1070323200,1.7187999999999999,1.732,1.7167,1.7316,10500,50
1070409600,1.732,1.7322,1.7246000000000001,1.7282,11141,50
1070496000,1.7288000000000001,1.729,1.7176,1.7213,11067,50
1070582400,1.7212,1.732,1.7191,1.7311999999999999,10160,50
1070841600,1.7302,1.7364000000000002,1.7266,1.7339,10293,50
1070928000,1.7337,1.7479,1.7326000000000001,1.7462,10117,50
1071014400,1.746,1.7481,1.7351,1.7428,10766,50
1071100800,1.7429000000000001,1.7476,1.737,1.7466,10873,50
1071187200,1.7466,1.7511999999999999,1.7429000000000001,1.746,10258,50
1071446400,1.7359,1.7487,1.7356,1.7478,10536,50
1071532800,1.7476,1.7563,1.7431999999999999,1.7547000000000001,11203,50
1071619200,1.7544,1.7699,1.7494,1.7652,10691,50
1071705600,1.7652,1.7745,1.7631000000000001,1.7713,11129,50
1071792000,1.7713,1.7729,1.7612,1.7646,10228,50
1072051200,1.7650000000000001,1.7673,1.7597,1.7631999999999999,9718,50
1072137600,1.7633999999999999,1.7671000000000001,1.7623,1.7638,8698,50
1072224000,1.7639,1.7765,1.763,1.7746,8273,50
1072310400,1.7753,1.7761,1.772,1.7749000000000001,2451,50
1072396800,1.7755,1.7763,1.7697,1.7715,5455,50
1072656000,1.7725,1.7774,1.7701,1.7743,9174,50
1072742400,1.7744,1.7816999999999998,1.772,1.7772999999999999,8727,50
1072828800,1.7772000000000001,1.7946,1.7765,1.7859,8976,50
1072915200,1.7858,1.7862,1.7812999999999999,1.7839,406,50
1073001600,1.784,1.7952,1.7786,1.7932000000000001,9605,50
1073260800,1.7934999999999999,1.8106,1.7932000000000001,1.8068,10907,50
1073347200,1.8064,1.8281,1.8048,1.821,11097,50
1073433600,1.8207,1.8262,1.812,1.8172000000000001,11198,50
1073520000,1.8173,1.8363,1.8105,1.8346,11807,50
1073606400,1.8353000000000002,1.8502,1.8279,1.8481,11391,50
1073865600,1.8472,1.8584,1.8449,1.8464,10689,50
1073952000,1.846,1.8540999999999999,1.8397999999999999,1.8477000000000001,11669,50
1074038400,1.8477000000000001,1.8491,1.831,1.8317,11909,50
1074124800,1.8317999999999999,1.8352,1.8176999999999999,1.8244,11896,50
1074211200,1.8249,1.827,1.7930000000000001,1.7985,11670,50
1074470400,1.7981,1.8022,1.7824,1.7843,10219,50
1074556800,1.7842,1.8222,1.7824,1.8216,11553,50
1074643200,1.8215,1.8375,1.8147,1.8316,12268,50
1074729600,1.8322,1.8487,1.8312,1.8458,11878,50
1074816000,1.8457,1.8526,1.8169,1.8264,11831,50
1075075200,1.8258,1.8311,1.8107,1.814,12503,50
1075161600,1.8141,1.8296000000000001,1.8018,1.8281,12856,50
1075248000,1.8279999999999998,1.8386,1.8121,1.8136,13699,50
1075334400,1.8138,1.8271,1.8084,1.8168,13105,50
1075420800,1.817,1.8265,1.8056999999999999,1.8247,12933,50
1075680000,1.8243,1.8275000000000001,1.8136999999999999,1.8222,11610,50
1075766400,1.8224,1.8427,1.819,1.8385,12540,50
1075852800,1.8387,1.8401999999999998,1.8283,1.8319,12276,50
1075939200,1.8319,1.8428,1.83,1.8345,12216,50
1076025600,1.8344,1.8519,1.8317999999999999,1.8471,12322,50
1076284800,1.8428,1.8631,1.8415,1.8605,12961,50
1076371200,1.8609,1.8738000000000001,1.8580999999999999,1.8679999999999999,12171,50
1076457600,1.8679000000000001,1.8941,1.8645,1.8933,12431,50
1076544000,1.8931,1.8958,1.8879000000000001,1.8942,11953,50
1076630400,1.8942,1.899,1.8786,1.885,11796,50
1076889600,1.8843,1.8921999999999999,1.8811,1.889,10193,50
1076976000,1.889,1.9085,1.8869,1.9051,10949,50
1077062400,1.905,1.9143,1.8837000000000002,1.8912,11675,50
1077148800,1.8911,1.8981,1.8864,1.8965999999999998,12635,50
1077235200,1.8965999999999998,1.9,1.8563,1.8620999999999999,12334,50
1077494400,1.8608,1.8708,1.8455,1.8686,12681,50
1077580800,1.8686,1.8942,1.8622999999999998,1.8902,11686,50
1077667200,1.8902999999999999,1.8948,1.8692,1.8714,12533,50
1077753600,1.8716,1.8780999999999999,1.8549,1.8624,12228,50
1077840000,1.8622999999999998,1.8692,1.8467,1.8679999999999999,12013,50
1078099200,1.8672,1.8752,1.8641999999999999,1.8699,12021,50
1078185600,1.87,1.87,1.8346,1.8397999999999999,12158,50
1078272000,1.8397999999999999,1.8409,1.8155000000000001,1.8298999999999999,13413,50
1078358400,1.8304,1.8378,1.8197999999999999,1.8211,13181,50
1078444800,1.8216,1.8500999999999999,1.8171,1.8462,12237,50
1078704000,1.8466,1.8546,1.842,1.8494000000000002,11782,50
1078790400,1.8494000000000002,1.8589,1.822,1.8246,12965,50
1078876800,1.8244,1.8286,1.7961,1.8024,13187,50
1078963200,1.8027,1.8155999999999999,1.7930000000000001,1.8096999999999999,13660,50
1079049600,1.8096,1.8115,1.7906,1.8034,12645,50
1079308800,1.7997999999999998,1.812,1.7941,1.804,12055,50
1079395200,1.8041,1.8199999999999998,1.8002,1.8128,11848,50
1079481600,1.8125,1.8184,1.8067,1.8163,11959,50
1079568000,1.8162,1.8407,1.8155999999999999,1.8359,12911,50
1079654400,1.8359,1.8372000000000002,1.8254000000000001,1.8335,11748,50
1079913600,1.8333,1.8502,1.8263,1.8477000000000001,11835,50
1080000000,1.8481,1.8540999999999999,1.8406,1.8537,11287,50
1080086400,1.8533,1.8542,1.8222,1.8239,12260,50
1080172800,1.8237999999999999,1.8263,1.7989000000000002,1.8058,12587,50
1080259200,1.8058,1.8237,1.8004,1.8161,11621,50
1080518400,1.8135,1.8228,1.8056999999999999,1.8192,11920,50
1080604800,1.8191000000000002,1.8304,1.8183,1.8268,11951,50
1080691200,1.8272,1.8464,1.8248,1.8462,12393,50
1080777600,1.8463,1.8608,1.8382,1.857,12131,50
1080864000,1.8572,1.8578000000000001,1.8256000000000001,1.8293,11990,50
1081123200,1.8288,1.8308,1.8107,1.8226,11652,50
1081209600,1.8225,1.8448,1.8195000000000001,1.8443,12294,50
1081296000,1.8441999999999998,1.8446,1.8336000000000001,1.8401,11599,50
1081382400,1.8401,1.8469,1.8281,1.833,11400,50
1081468800,1.8329,1.8349,1.8296000000000001,1.8333,6386,50
1081728000,1.8335,1.8411,1.8307,1.8393000000000002,9919,50
1081814400,1.8393000000000002,1.8427,1.8128,1.8189,14745,50
1081900800,1.8183,1.8191000000000002,1.7847,1.7904,15302,50
1081987200,1.7898,1.7997999999999998,1.7762,1.7919,16310,50
1082073600,1.7917,1.8063,1.7837,1.7983,15826,50
1082332800,1.7976,1.8146,1.7974,1.8068,10726,50
1082419200,1.807,1.8079,1.7842,1.7846,12019,50
1082505600,1.7845,1.7854999999999999,1.7657,1.7739,12198,50
1082592000,1.7738,1.7770000000000001,1.7614999999999998,1.7759,12153,50
1082678400,1.776,1.7818,1.7642,1.7722,11532,50
1082937600,1.7713999999999999,1.7898,1.7664,1.787,11244,50
1083024000,1.787,1.7944,1.7816999999999998,1.7919,11150,50
1083110400,1.7921,1.7974,1.7701,1.7723,12551,50
1083196800,1.7727,1.7816999999999998,1.7579,1.774,14819,50
1083283200,1.7734999999999999,1.7811,1.7659,1.7788,14133,50
1083542400,1.7795,1.7802,1.7687,1.7723,13169,50
1083628800,1.7715999999999998,1.7997999999999998,1.7704,1.7967,14500,50
1083715200,1.7967,1.8022,1.7873,1.7902,15035,50
1083801600,1.7904,1.7988,1.7875,1.794,14655,50
1083888000,1.7936999999999999,1.8044,1.7822,1.7879,15443,50
1084147200,1.7859,1.7877,1.7702,1.7742,14334,50
1084233600,1.774,1.7778,1.7532999999999999,1.756,14150,50
1084320000,1.7568000000000001,1.7806,1.7559,1.7732,15136,50
1084406400,1.7727,1.7752,1.7572,1.7614999999999998,15396,50
1084492800,1.7614,1.7651,1.748,1.7612999999999999,14355,50
1084752000,1.7606000000000002,1.775,1.7570999999999999,1.7692999999999999,14500,50
1084838400,1.7692,1.7719,1.7612,1.7673,15026,50
1084924800,1.7673999999999999,1.7861,1.7629000000000001,1.7850000000000001,14854,50
1085011200,1.7850000000000001,1.7850000000000001,1.7635999999999998,1.7776999999999998,15155,50
1085097600,1.7774999999999999,1.7961,1.7732,1.7883,14645,50
1085356800,1.788,1.794,1.7821,1.7903,14607,50
1085443200,1.7894,1.8151000000000002,1.7888,1.8107,14562,50
1085529600,1.8107,1.8205,1.8091,1.8147,14562,50
1085616000,1.8142,1.8404,1.81,1.8375,14865,50
1085702400,1.8374000000000001,1.8427,1.8293,1.8322,14385,50
1085961600,1.8348,1.8376000000000001,1.8296000000000001,1.8333,12267,50
1086048000,1.8328,1.8418,1.8276,1.8403,14837,50
1086134400,1.8397000000000001,1.8492,1.8304,1.8329,14419,50
1086220800,1.8329,1.8436,1.8284,1.8401999999999998,14808,50
1086307200,1.8408,1.8456000000000001,1.8316,1.841,13868,50
1086566400,1.8413,1.8481999999999998,1.8347,1.8413,14524,50
1086652800,1.8408,1.8460999999999999,1.8324,1.8375,13733,50
1086739200,1.8369,1.8422,1.8247,1.8274,15680,50
1086825600,1.8279,1.8448,1.8188,1.8420999999999998,15211,50
1086912000,1.8420999999999998,1.843,1.8159999999999998,1.8195000000000001,13843,50
1087171200,1.8165,1.8194,1.8042,1.8138,14353,50
1087257600,1.8136999999999999,1.8338,1.8104,1.8335,14387,50
1087344000,1.8336000000000001,1.8355000000000001,1.8231000000000002,1.8269,14630,50
1087430400,1.827,1.8391,1.8239999999999998,1.835,15073,50
1087516800,1.8352,1.8409,1.8251,1.8384,14154,50
1087776000,1.8387,1.8413,1.8277,1.8317,13681,50
1087862400,1.8319999999999999,1.8352,1.8175,1.8218,14096,50
1087948800,1.8216999999999999,1.8291,1.8138999999999998,1.8167,14596,50
1088035200,1.8173,1.8294000000000001,1.81,1.8262,14340,50
1088121600,1.8262,1.8274,1.8169,1.8272,13821,50
1088380800,1.8269,1.8342,1.8206,1.83,12812,50
1088467200,1.8298,1.8308,1.8047,1.8077,13759,50
1088553600,1.8075,1.8208,1.8011,1.8195999999999999,14387,50
1088640000,1.8195000000000001,1.8227,1.8115,1.821,13578,50
1088726400,1.8205,1.8359999999999999,1.8164,1.8311,14053,50
1088985600,1.8317,1.8367,1.8268,1.8284,13179,50
1089072000,1.8282,1.8445,1.827,1.8408,14171,50
1089158400,1.8409,1.8582999999999998,1.8391,1.8556,13835,50
1089244800,1.8551,1.859,1.8467,1.85,13510,50
1089331200,1.85,1.862,1.8488,1.8599999999999999,12990,50
1089590400,1.8599,1.8667,1.8567,1.862,13164,50
1089676800,1.8616000000000001,1.8628,1.8517000000000001,1.8577,13551,50
1089763200,1.8576000000000001,1.8624,1.8533,1.8571,13155,50
1089849600,1.8568,1.8575,1.8475000000000001,1.8533,12996,50
1089936000,1.8528,1.876,1.8477000000000001,1.8733,13159,50
1090195200,1.8742999999999999,1.8776000000000002,1.8666,1.8683,12665,50
1090281600,1.8683999999999998,1.8691,1.8493,1.8526,13413,50
1090368000,1.8523,1.8553,1.8321,1.8417,13157,50
1090454400,1.842,1.8497,1.8351,1.8449,13939,50
1090540800,1.8446,1.8455,1.8298999999999999,1.8321,12886,50
1090800000,1.8319999999999999,1.843,1.8309,1.8418999999999999,12805,50
1090886400,1.8415,1.8452,1.8199,1.8225,13694,50
1090972800,1.8221,1.8258999999999999,1.8148,1.8247,14327,50
1091059200,1.8243,1.8292000000000002,1.8083,1.8175,14263,50
1091145600,1.8172000000000001,1.8249,1.8123,1.8197,13926,50
1091404800,1.8233000000000001,1.834,1.8193000000000001,1.8246,13434,50
1091491200,1.8247,1.8289,1.8171,1.8247,13331,50
1091577600,1.8242,1.8269,1.815,1.8258999999999999,13786,50
1091664000,1.8255,1.83,1.8188,1.8241,13085,50
1091750400,1.8235999999999999,1.8469,1.8202,1.8416000000000001,14592,50
1092009600,1.8437999999999999,1.8448,1.8377,1.8411,13999,50
1092096000,1.8404,1.8424,1.8245,1.8260999999999998,13165,50
1092182400,1.8254000000000001,1.8325,1.8249,1.8300999999999998,12902,50
1092268800,1.8302,1.8351,1.8195000000000001,1.8228,13779,50
1092355200,1.8226,1.846,1.8132000000000001,1.8437000000000001,14391,50
1092614400,1.8441999999999998,1.8468,1.8372000000000002,1.8406,12949,50
1092700800,1.8401999999999998,1.8441999999999998,1.8264,1.8273000000000001,13162,50
1092787200,1.8272,1.8305,1.8204,1.8241,12729,50
1092873600,1.8243,1.8348,1.8197,1.8317999999999999,13419,50
1092960000,1.8313000000000001,1.834,1.8157999999999999,1.8189,12037,50
1093219200,1.8197999999999999,1.8201,1.8063,1.8071000000000002,12839,50
1093305600,1.8067,1.8098999999999998,1.7883,1.7927,13627,50
1093392000,1.7926,1.8016999999999999,1.7894999999999999,1.7959,13335,50
1093478400,1.7957,1.7991000000000001,1.7915,1.7966,13023,50
1093564800,1.7964,1.8041,1.7887,1.7901,12467,50
1093824000,1.7905,1.7978,1.7854,1.7953000000000001,9213,50
1093910400,1.7953999999999999,1.8068,1.7903,1.8026,9840,50
1093996800,1.8029,1.804,1.7891,1.7930000000000001,10623,50
1094083200,1.7932000000000001,1.7978,1.7866,1.7884,12934,50
1094169600,1.7884,1.7938,1.7736,1.7768000000000002,12816,50
1094428800,1.7751000000000001,1.7821,1.7742,1.7799,8582,50
1094515200,1.78,1.7848000000000002,1.7708,1.7737,10067,50
1094601600,1.7734999999999999,1.7908,1.7715999999999998,1.787,10928,50
1094688000,1.7866,1.7898,1.7812999999999999,1.7887,10520,50
1094774400,1.7890000000000001,1.8029,1.7856999999999998,1.7964,11079,50
1095033600,1.7987,1.8014999999999999,1.7930000000000001,1.7969,9424,50
1095120000,1.7966,1.8037999999999998,1.7941,1.7953000000000001,10420,50
1095206400,1.7953000000000001,1.7978,1.7739,1.7764,10155,50
1095292800,1.7762,1.7953999999999999,1.7757,1.7928,9860,50
1095379200,1.7929,1.7974,1.7892000000000001,1.7915,9029,50
1095638400,1.7921,1.7929,1.7814999999999999,1.786,8861,50
1095724800,1.786,1.8005,1.784,1.7969,8980,50
1095811200,1.7968,1.8012000000000001,1.7873,1.7930000000000001,9989,50
1095897600,1.7930000000000001,1.8048,1.7927,1.7965,9807,50
1095984000,1.7962,1.8093,1.7947,1.8041,9326,50
1096243200,1.806,1.8102,1.8027,1.8093,8998,50
1096329600,1.8094999999999999,1.8166,1.8082,1.8134000000000001,9645,50
1096416000,1.8136,1.8136999999999999,1.7962,1.7997999999999998,9325,50
1096502400,1.7999,1.8132000000000001,1.7953999999999999,1.8117999999999999,9899,50
1096588800,1.8119,1.8135,1.7928,1.7982,9306,50
1096848000,1.7976,1.798,1.7814,1.7841,11001,50
1096934400,1.7841,1.7881,1.7802,1.7819,9247,50
1097020800,1.7821,1.7890000000000001,1.7745,1.7798,9910,50
1097107200,1.7797,1.7846,1.7763,1.7825,9503,50
1097193600,1.7825,1.7971,1.7816,1.7949000000000002,9863,50
1097452800,1.7945,1.799,1.7921,1.7987,8100,50
1097539200,1.7986,1.7995,1.7844,1.7915,9296,50
1097625600,1.7915,1.7963,1.7839,1.7936,9474,50
1097712000,1.7934999999999999,1.8045,1.7924,1.7966,10172,50
1097798400,1.7963,1.8071000000000002,1.795,1.8037,9561,50
1098057600,1.8037,1.8073000000000001,1.7948,1.798,9005,50
1098144000,1.7981,1.8058,1.7922,1.8039,9469,50
1098230400,1.8039,1.8197,1.8008,1.8171,10434,50
1098316800,1.8173,1.831,1.8154,1.8273000000000001,10334,50
1098403200,1.8274,1.8319,1.8223,1.8287,9405,50
1098662400,1.8300999999999998,1.8451,1.8289,1.8418,10522,50
1098748800,1.8417,1.8451,1.8331,1.8333,10042,50
1098835200,1.8335,1.8439999999999999,1.8251,1.8265,10487,50
1098921600,1.8266,1.8353000000000002,1.8193000000000001,1.8302,11019,50
1099008000,1.83,1.8384,1.8282,1.8378,10060,50
1099267200,1.839,1.8415,1.8296999999999999,1.8334000000000001,10131,50
1099353600,1.8333,1.8426,1.8298999999999999,1.8417,10009,50
1099440000,1.8415,1.8506,1.8316,1.8486,11538,50
1099526400,1.8488,1.8502999999999998,1.841,1.8444,10635,50
1099612800,1.8441999999999998,1.857,1.8307,1.857,11241,50
1099872000,1.8563,1.862,1.8524,1.8558,10121,50
1099958400,1.8559,1.8606,1.8509,1.8564,10141,50
1100044800,1.8565,1.8618999999999999,1.8405,1.8458999999999999,10937,50
1100131200,1.8463,1.8484,1.8376000000000001,1.8426,9294,50
1100217600,1.843,1.8593,1.8407,1.8567,9969,50
1100476800,1.8557000000000001,1.859,1.8437999999999999,1.8479999999999999,9593,50
1100563200,1.8479999999999999,1.8566,1.8448,1.8540999999999999,10071,50
1100649600,1.8542,1.8633,1.8516,1.8598,9724,50
1100736000,1.8599999999999999,1.8639999999999999,1.8472,1.8477000000000001,10464,50
1100822400,1.8477000000000001,1.8616000000000001,1.847,1.8598,10185,50
1101081600,1.8580999999999999,1.861,1.8521,1.8604,9034,50
1101168000,1.8604,1.8732,1.8523,1.8683999999999998,10152,50
1101254400,1.8683,1.8829,1.8672,1.8820999999999999,9430,50
1101340800,1.8820999999999999,1.8944999999999999,1.8797000000000001,1.893,9231,50
1101427200,1.8931,1.9039000000000001,1.8832,1.8933,10336,50
1101686400,1.8918,1.8968,1.8849,1.8934,10304,50
1101772800,1.8936,1.9134,1.8867,1.9093,10991,50
1101859200,1.9094,1.9359,1.9088,1.9340000000000002,11023,50
1101945600,1.9339,1.9441000000000002,1.9175,1.9239000000000002,10810,50
1102032000,1.924,1.9445000000000001,1.9191,1.9434,10011,50
1102291200,1.9428999999999998,1.9447,1.9374,1.9383,9932,50
1102377600,1.9385,1.9510999999999998,1.936,1.9454,9862,50
1102464000,1.9449999999999998,1.9462000000000002,1.9183,1.9384000000000001,11523,50
1102550400,1.9385,1.9392,1.9142000000000001,1.9254,11629,50
1102636800,1.9253,1.9262000000000001,1.9014,1.9117,11178,50
1102896000,1.9097,1.9275,1.9092,1.9247,10690,50
1102982400,1.9245999999999999,1.9295,1.9196,1.9266999999999999,10373,50
1103068800,1.927,1.9463,1.919,1.942,10591,50
1103155200,1.9419,1.9552,1.9260000000000002,1.9325999999999999,11908,50
1103241600,1.9325999999999999,1.9447999999999999,1.928,1.9416,10783,50
1103500800,1.9441000000000002,1.951,1.9365999999999999,1.947,11004,50
1103587200,1.9468999999999999,1.9492,1.9247,1.928,10142,50
1103673600,1.928,1.9303,1.9098000000000002,1.9163999999999999,10267,50
1103760000,1.9163000000000001,1.9243000000000001,1.9133,1.923,10859,50
1103846400,1.9231,1.9292,1.9181,1.9237,8623,50
1104105600,1.923,1.9388999999999998,1.9198,1.9337,9005,50
1104192000,1.9336,1.942,1.9264999999999999,1.9285999999999999,9959,50
1104278400,1.9284,1.9340000000000002,1.9119000000000002,1.9178,10811,50
1104364800,1.9184,1.9292,1.9155,1.9247,10508,50
1104451200,1.9245999999999999,1.9355,1.9139,1.9191,10250,50
1104710400,1.9192,1.9203999999999999,1.8981,1.9056,11154,40
1104796800,1.9053,1.9085,1.8780000000000001,1.8819,11105,40
1104883200,1.8822,1.8899,1.873,1.8843999999999999,11427,40
1104969600,1.8846,1.8858000000000001,1.8696000000000002,1.8768,11230,40
1105056000,1.8766,1.8864999999999998,1.8645,1.8712,11951,40
1105315200,1.8700999999999999,1.8795,1.8696000000000002,1.877,10594,40
1105401600,1.8775,1.8824,1.8751,1.8791,10606,40
1105488000,1.8789,1.8942,1.8695,1.8902,10467,40
1105574400,1.8902,1.8931,1.8793,1.8813,10477,40
1105660800,1.8813,1.8826,1.8638,1.8705,11596,40
1105920000,1.8704,1.8753,1.8576000000000001,1.8582,9191,40
1106006400,1.858,1.874,1.8523,1.8653,11405,40
1106092800,1.8654,1.8831,1.8627,1.8702999999999999,10853,40
1106179200,1.8702,1.8755,1.8636,1.8723,11146,40
1106265600,1.8723999999999998,1.8811,1.8612,1.8771,10939,40
1106524800,1.8784999999999998,1.884,1.874,1.8784999999999998,10581,40
1106611200,1.8782999999999999,1.8811,1.8622999999999998,1.8643,10678,40
1106697600,1.8643,1.8858000000000001,1.8634,1.8817,10966,40
1106784000,1.8822,1.8932,1.8793,1.8896,10613,40
1106870400,1.8892,1.8918,1.8784,1.8875,10603,40
1107129600,1.8853,1.8885999999999998,1.8786,1.8839000000000001,10354,40
1107216000,1.884,1.8868,1.8776000000000002,1.883,10151,40
1107302400,1.8833,1.889,1.8822,1.8866,10085,40
1107388800,1.8864999999999998,1.8916,1.8769,1.8818000000000001,10536,40
1107475200,1.8817,1.8921999999999999,1.8728,1.8747,10763,40
1107734400,1.8719999999999999,1.8754,1.8547,1.8563,10499,40
1107820800,1.8558,1.8599999999999999,1.8509,1.8537,10291,40
1107907200,1.8536000000000001,1.8646,1.8524,1.8587,10698,40
1107993600,1.8588,1.8733,1.8507,1.8681999999999999,10807,40
1108080000,1.8686,1.8712,1.8624,1.8697,9304,40
1108339200,1.8697,1.8919000000000001,1.8677000000000001,1.8871,10595,40
1108425600,1.8871,1.8979,1.8831,1.8954,10867,40
1108512000,1.8954,1.8963,1.8753,1.8843,11276,40
1108598400,1.8843999999999999,1.896,1.8835,1.8951,10037,40
1108684800,1.8951,1.8974,1.8892,1.8942999999999999,9905,40
1108944000,1.8934,1.9001000000000001,1.8906,1.8961000000000001,8408,40
1109030400,1.8961000000000001,1.9139,1.8952,1.9104,10761,40
1109116800,1.9104,1.9135,1.9042,1.9075,11137,40
1109203200,1.9075,1.9144,1.9015,1.909,11168,40
1109289600,1.9089,1.92,1.9062999999999999,1.919,10348,40
1109548800,1.9173,1.9262000000000001,1.9163000000000001,1.9202,10248,40
1109635200,1.9203000000000001,1.9231,1.9169,1.9203000000000001,10236,40
1109721600,1.9203999999999999,1.9211,1.9078,1.9133,10028,40
1109808000,1.9134,1.9141,1.9057,1.9066,9590,40
1109894400,1.9066999999999998,1.9276,1.9054,1.9226999999999999,9679,40
1110153600,1.923,1.9253,1.9112,1.9152,9224,40
1110240000,1.9151,1.9327999999999999,1.9129,1.9299,10235,40
1110326400,1.9297,1.9322,1.92,1.9243999999999999,10568,40
1110412800,1.9245999999999999,1.9308,1.9205,1.9217,11107,40
1110499200,1.9216,1.9293,1.9163000000000001,1.9262000000000001,10801,40
1110758400,1.9264000000000001,1.9278,1.9099,1.9133,10178,40
1110844800,1.9136,1.9258,1.9111,1.9127,10704,40
1110931200,1.9127,1.9295,1.911,1.9274,10760,40
1111017600,1.9275,1.9285,1.9184,1.9253,10531,40
1111104000,1.9251,1.9254,1.9125,1.9221,9833,40
1111363200,1.9198,1.9203000000000001,1.8942,1.8968,10270,40
1111449600,1.8967,1.9024999999999999,1.8799000000000001,1.8858000000000001,10624,40
1111536000,1.8858000000000001,1.8888,1.8660999999999999,1.8693,11026,40
1111622400,1.8693,1.8742,1.8671,1.8693,10545,40
1111708800,1.8691,1.8725,1.8676,1.8712,7591,40
1111968000,1.8705,1.8707,1.8593,1.8667,9403,40
1112054400,1.867,1.8768,1.865,1.874,10300,40
1112140800,1.8740999999999999,1.885,1.8738000000000001,1.8784,10734,40
1112227200,1.8784,1.8921000000000001,1.8754,1.8904,10675,40
1112313600,1.8901,1.8979,1.876,1.8816000000000002,11031,40
1112572800,1.8782,1.8808,1.8709,1.8761999999999999,9587,40
1112659200,1.8761,1.8819,1.8717000000000001,1.8798,9930,40
1112745600,1.8797000000000001,1.885,1.8740999999999999,1.8808,10530,40
1112832000,1.8803999999999998,1.8862,1.8679999999999999,1.8708,10641,40
1112918400,1.8707,1.8862,1.8671,1.8862,9717,40
1113177600,1.8849,1.8936,1.8812,1.8908,9619,40
1113264000,1.8908,1.8957000000000002,1.8829,1.8919000000000001,10194,40
1113350400,1.892,1.8958,1.8872,1.8944,10514,40
1113436800,1.8942,1.895,1.8757000000000001,1.8798,10984,40
1113523200,1.88,1.895,1.8771,1.893,10858,40
1113782400,1.8934,1.9059,1.8883,1.9041000000000001,10136,40
1113868800,1.904,1.921,1.9,1.9174,12461,40
1113955200,1.9171,1.9220000000000002,1.9097,1.9197,12602,40
1114041600,1.9197,1.9218,1.9062999999999999,1.9075,12677,40
1114128000,1.9075,1.9172,1.9055,1.9143,11341,40
1114387200,1.9169,1.9177,1.9079000000000002,1.9113,11976,40
1114473600,1.9111,1.9134,1.9020000000000001,1.9058000000000002,11842,40
1114560000,1.9057,1.9099,1.8987,1.9036,11965,40
1114646400,1.9036,1.9108,1.9015,1.9073,12336,40
1114732800,1.9072,1.9163000000000001,1.9054,1.9085999999999999,12549,40
1114992000,1.9066,1.907,1.8925,1.895,10562,40
1115078400,1.8949,1.8961000000000001,1.8883999999999999,1.8921000000000001,12104,40
1115164800,1.8923999999999999,1.9037,1.892,1.9026,12779,40
1115251200,1.9026999999999998,1.9079000000000002,1.8995,1.9035,11900,40
1115337600,1.9029,1.9037,1.8895,1.8913,11814,40
1115596800,1.8907,1.8914,1.8805,1.8857,11805,40
1115683200,1.8854,1.8859,1.8761999999999999,1.8824,11910,40
1115769600,1.8824,1.8915,1.8695,1.8721999999999999,12693,40
1115856000,1.8719000000000001,1.874,1.8601999999999999,1.8646,12711,40
1115942400,1.8641,1.8662,1.8481999999999998,1.8493,11896,40
1116201600,1.8506,1.8511,1.8331,1.8378,12089,40
1116288000,1.8378999999999999,1.8431,1.8319999999999999,1.8352,12637,40
1116374400,1.8352,1.8416000000000001,1.8292000000000002,1.8395000000000001,12407,40
1116460800,1.8395000000000001,1.8437000000000001,1.8321,1.8354,12386,40
1116547200,1.8353000000000002,1.8394,1.8233000000000001,1.8266,11545,40
1116806400,1.825,1.8317999999999999,1.8239999999999998,1.8293,11209,40
1116892800,1.8292000000000002,1.8361,1.826,1.8277,11931,40
1116979200,1.8277,1.834,1.8247,1.8316,11939,40
1117065600,1.8316,1.833,1.8187,1.8204,12087,40
1117152000,1.8203,1.8276,1.8197999999999999,1.8244,11021,40
1117411200,1.8241,1.8258999999999999,1.8195000000000001,1.8235999999999999,10413,40
1117497600,1.8232,1.826,1.8103,1.8173,13270,40
1117584000,1.8173,1.8229,1.8075999999999999,1.8117999999999999,12799,40
1117670400,1.8115999999999999,1.8208,1.8082,1.8166,12613,40
1117756800,1.8162,1.8242,1.8096999999999999,1.8153000000000001,12275,40
1118016000,1.8131,1.8253,1.8126,1.8241,11810,40
1118102400,1.8241,1.8359,1.8204,1.8349,12184,40
1118188800,1.835,1.8405,1.8221,1.8234,14888,40
1118275200,1.8233000000000001,1.8289,1.8173,1.8207,14620,40
1118361600,1.8208,1.8266,1.8107,1.8126,14310,40
1118620800,1.8117999999999999,1.8131,1.7999,1.8075999999999999,15318,40
1118707200,1.8075999999999999,1.8157999999999999,1.803,1.8063,14212,40
1118793600,1.8064,1.8251,1.8045,1.8229,15178,40
1118880000,1.8231000000000002,1.8291,1.8168,1.8232,14899,40
1118966400,1.8231000000000002,1.8312,1.8189,1.8312,14462,40
1119225600,1.8239999999999998,1.8291,1.821,1.8254000000000001,12397,40
1119312000,1.8255,1.8302,1.8164,1.8289,15234,40
1119398400,1.8288,1.8335,1.8176999999999999,1.8218999999999999,15180,40
1119484800,1.822,1.8237,1.8136999999999999,1.8151000000000002,15011,40
1119571200,1.8152,1.8253,1.812,1.8239999999999998,12937,40
1119830400,1.8231000000000002,1.8317999999999999,1.822,1.8291,13230,40
1119916800,1.8291,1.83,1.8142,1.8169,14042,40
1120003200,1.8166,1.8183,1.7993999999999999,1.8068,14507,40
1120089600,1.8068,1.8107,1.7871000000000001,1.7908,14935,40
1120176000,1.7905,1.792,1.7667000000000002,1.768,13303,40
1120435200,1.7603,1.7657,1.7569,1.7581,11258,40
1120521600,1.7583,1.7623,1.7504,1.7566000000000002,14521,40
1120608000,1.7564,1.7612999999999999,1.7517,1.7522,13849,40
1120694400,1.7525,1.7546,1.7399,1.7439,15525,40
1120780800,1.7439,1.7444,1.7309999999999999,1.7384,13666,40
1121040000,1.7368999999999999,1.7593999999999999,1.7358,1.758,14718,40
1121126400,1.7577,1.7793,1.755,1.7779,16299,40
1121212800,1.778,1.7788,1.7526000000000002,1.7633999999999999,15149,40
1121299200,1.7635999999999998,1.7649,1.7544,1.7567,15097,40
1121385600,1.7567,1.764,1.7506,1.751,13356,40
1121644800,1.7502,1.7561,1.7452999999999999,1.7481,12586,40
1121731200,1.7482,1.7494,1.734,1.7398,13785,40
1121817600,1.7399,1.7458,1.7271,1.7407,16058,40
1121904000,1.7407,1.7619,1.7398,1.7528000000000001,15072,40
1121990400,1.7528000000000001,1.7576,1.7357,1.7401,14926,40
1122249600,1.7378,1.7476,1.7330999999999999,1.7471999999999999,11328,40
1122336000,1.7471999999999999,1.7473,1.7348,1.7377,14064,40
1122422400,1.7377,1.7478,1.7334,1.7433999999999998,13810,40
1122508800,1.7435,1.7599,1.7404,1.7556,12226,40
1122595200,1.7556,1.7614999999999998,1.7515,1.7574,14400,40
1122854400,1.7556,1.7734,1.754,1.7667000000000002,12822,40
1122940800,1.7668,1.7755999999999998,1.7666,1.7713,13721,40
1123027200,1.7713999999999999,1.7833999999999999,1.7650000000000001,1.7774999999999999,12085,40
1123113600,1.7774,1.7829000000000002,1.7711999999999999,1.7807,12182,40
1123200000,1.7808000000000002,1.7828,1.7715,1.7784,13262,40
1123459200,1.7763,1.7905,1.7727,1.7844,12846,40
1123545600,1.7843,1.792,1.782,1.7873999999999999,12873,40
1123632000,1.7873999999999999,1.798,1.7863,1.7969,13410,40
1123718400,1.7970000000000002,1.8134000000000001,1.7948,1.8112,14245,40
1123804800,1.8111000000000002,1.818,1.8073000000000001,1.8148,13769,40
1124064000,1.8159999999999998,1.8167,1.8072,1.8111000000000002,12468,40
1124150400,1.8109,1.8148,1.8037999999999998,1.8102,14627,40
1124236800,1.81,1.8131,1.8016999999999999,1.8063,14486,40
1124323200,1.8062,1.8094000000000001,1.7913999999999999,1.7934999999999999,12606,40
1124409600,1.7934999999999999,1.798,1.7890000000000001,1.7951000000000001,11729,40
1124668800,1.7966,1.8051,1.7939,1.8009,11810,40
1124755200,1.8008,1.8024,1.7962,1.8006,11918,40
1124841600,1.8007,1.8032,1.7906,1.8004,12449,40
1124928000,1.8004,1.8086,1.7976999999999999,1.8026,12538,40
1125014400,1.8024,1.8101,1.7989000000000002,1.8014000000000001,12049,40
1125273600,1.8018,1.8090000000000002,1.7925,1.7953999999999999,12054,40
1125360000,1.7953000000000001,1.7969,1.7819,1.7856999999999998,12510,40
1125446400,1.7856999999999998,1.806,1.7819,1.8035,12546,40
1125532800,1.8035999999999999,1.8367,1.8004,1.8338,13162,40
1125619200,1.8335,1.8452,1.83,1.8437999999999999,13044,40
1125878400,1.8397999999999999,1.8502999999999998,1.8372000000000002,1.8437000000000001,12178,40
1125964800,1.8437999999999999,1.8471,1.8372000000000002,1.8418,13382,40
1126051200,1.8414000000000001,1.8465,1.8352,1.8361,13231,40
1126137600,1.8361,1.8445,1.833,1.8357,12258,40
1126224000,1.8357,1.8428,1.8319,1.8391,11443,40
1126483200,1.8414000000000001,1.8431,1.8183,1.8191000000000002,12800,40
1126569600,1.8193000000000001,1.8252000000000002,1.8183,1.8222,12351,40
1126656000,1.822,1.8306,1.821,1.8226,12078,40
1126742400,1.8232,1.8243,1.8037,1.806,12861,40
1126828800,1.8058999999999998,1.8151000000000002,1.8018999999999998,1.8077,10752,40
1127088000,1.8037999999999998,1.8068,1.7969,1.8021,11338,40
1127174400,1.802,1.8085,1.7976999999999999,1.799,11683,40
1127260800,1.7991000000000001,1.8131,1.7957999999999998,1.8114,11972,40
1127347200,1.8117999999999999,1.8151000000000002,1.7879,1.7901,12218,40
1127433600,1.7902,1.7932000000000001,1.7751000000000001,1.776,11336,40
1127692800,1.7723,1.7801,1.7704,1.7785,10995,40
1127779200,1.7785,1.7791000000000001,1.7639,1.7673999999999999,11898,40
1127865600,1.7673,1.772,1.7602,1.7682,11895,40
1127952000,1.7682,1.7706,1.7591999999999999,1.7610999999999999,11979,40
1128038400,1.7610999999999999,1.7734,1.7565,1.7682,12309,40
1128297600,1.7619,1.7639,1.7519,1.7549000000000001,12361,40
1128384000,1.7547000000000001,1.7625,1.7511999999999999,1.7589000000000001,12208,40
1128470400,1.7593999999999999,1.7675,1.7574999999999998,1.7667000000000002,12163,40
1128556800,1.7673,1.7816,1.7648000000000001,1.7792,13416,40
1128643200,1.7792,1.7795,1.7576,1.7609,12000,40
1128902400,1.7601,1.7637,1.7513999999999998,1.7557,9968,40
1128988800,1.7556,1.7561,1.7441,1.7457,10409,40
1129075200,1.7457,1.7551999999999999,1.7391999999999999,1.7527,10278,40
1129161600,1.7526000000000002,1.7578,1.7443,1.7562,10920,40
1129248000,1.7564,1.7709000000000001,1.7481,1.7684,11077,40
1129507200,1.7683,1.7732999999999999,1.7528000000000001,1.7536,13663,40
1129593600,1.7536,1.7538,1.7423,1.7513999999999998,10922,40
1129680000,1.7513,1.7671999999999999,1.7424,1.7643,11504,40
1129766400,1.764,1.7752,1.7595,1.7742,11102,40
1129852800,1.7741,1.78,1.7638,1.7686,10673,40
1130112000,1.7664,1.7732,1.7646,1.7694,10030,40
1130198400,1.7692999999999999,1.787,1.7633,1.7838,11206,40
1130284800,1.7843,1.7869000000000002,1.7715,1.7753,11382,40
1130371200,1.7753999999999999,1.7904,1.7734999999999999,1.7829000000000002,12664,40
1130457600,1.7828,1.786,1.7727,1.774,11935,40
1130716800,1.7738,1.7826,1.7671999999999999,1.768,11292,40
1130803200,1.768,1.7728000000000002,1.7608000000000001,1.7671999999999999,11986,40
1130889600,1.767,1.7774,1.7623,1.7769,11343,40
1130976000,1.7766,1.7795999999999998,1.7692999999999999,1.7701,11437,40
1131062400,1.7701,1.7715,1.7457,1.7506,12321,40
1131321600,1.7462,1.752,1.7389999999999999,1.7425000000000002,11862,40
1131408000,1.7426,1.7461,1.7326000000000001,1.7438,11781,40
1131494400,1.7442,1.7462,1.7361,1.7436,11499,40
1131580800,1.7436,1.7519,1.7396,1.7406000000000001,11438,40
1131667200,1.7408000000000001,1.7438,1.7374,1.7425000000000002,10515,40
1131926400,1.7423,1.7499,1.7342,1.7376,11457,40
1132012800,1.7375,1.7399,1.7304,1.7348,11503,40
1132099200,1.7353,1.7372999999999998,1.7137,1.7178,11545,40
1132185600,1.7179,1.7227000000000001,1.7147000000000001,1.7185000000000001,12128,40
1132272000,1.7185000000000001,1.7229,1.7097,1.7167,12278,40
1132531200,1.7168,1.7247,1.714,1.7155,11882,40
1132617600,1.7151999999999998,1.724,1.7064,1.7226,10463,40
1132704000,1.7227000000000001,1.7261,1.7175,1.7233,10458,40
1132790400,1.7233,1.7288000000000001,1.7199,1.722,9030,40
1132876800,1.7222,1.7236,1.7123,1.7144,9136,40
1133136000,1.7126000000000001,1.7345000000000002,1.7046999999999999,1.7288000000000001,10158,40
1133222400,1.7288999999999999,1.7296,1.7143000000000002,1.7165,10438,40
1133308800,1.7165,1.7351999999999999,1.7162,1.7292,10244,40
1133395200,1.729,1.7345000000000002,1.7261,1.7318,10300,40
1133481600,1.7319,1.7381,1.7248,1.7328999999999999,10042,40
1133740800,1.7316,1.7446000000000002,1.7271,1.7421,9930,40
1133827200,1.742,1.7454,1.7311999999999999,1.7405,9913,40
1133913600,1.7404,1.7431,1.7290999999999999,1.7337,9761,40
1134000000,1.7337,1.7562,1.7322,1.7525,10588,40
1134086400,1.7525,1.7568000000000001,1.7461,1.7543,9773,40
1134345600,1.7507000000000001,1.7776,1.7502,1.7751000000000001,10298,40
1134432000,1.7751000000000001,1.7782,1.7652999999999999,1.7697,10112,40
1134518400,1.7696,1.7811,1.7684,1.7729,10669,40
1134604800,1.7726,1.7748,1.7612999999999999,1.7652,10896,40
1134691200,1.7648000000000001,1.7739,1.7626,1.7719,10452,40
1134950400,1.7692999999999999,1.7732999999999999,1.7591,1.7626,9776,40
1135036800,1.7625,1.7686,1.7525,1.7541,10495,40
1135123200,1.7541,1.7595,1.7381,1.7452999999999999,10548,40
1135209600,1.7452999999999999,1.7461,1.7338,1.7378,10253,40
1135296000,1.7377,1.7405,1.7305000000000001,1.7335,9200,40
1135555200,1.7332999999999998,1.7379,1.7311999999999999,1.7332999999999998,5863,40
1135641600,1.7330999999999999,1.7386,1.7264,1.7271,8416,40
1135728000,1.7269999999999999,1.7410999999999999,1.7128999999999999,1.718,10585,40
1135814400,1.7179,1.7283,1.7167,1.7246000000000001,9900,40
1135900800,1.7246000000000001,1.7297,1.7165,1.7229,10076,40
1136160000,1.7223000000000002,1.7248999999999999,1.7189,1.7194,6087,30
1136246400,1.7194,1.7467000000000001,1.7187000000000001,1.7464,10720,30
1136332800,1.7464,1.7619,1.7458,1.7557,11093,30
1136419200,1.7555,1.7589000000000001,1.7485,1.7547000000000001,10458,30
1136505600,1.7547000000000001,1.7723,1.7511999999999999,1.7694999999999999,10058,30
1136764800,1.7681,1.7727,1.7627000000000002,1.7654,10236,30
1136851200,1.7651,1.7703,1.7614999999999998,1.7633,10818,30
1136937600,1.7633,1.7671999999999999,1.7517,1.7662,10779,30
1137024000,1.7661,1.7728000000000002,1.7576,1.7608000000000001,10883,30
1137110400,1.7607,1.7784,1.7593,1.7747000000000002,9987,30
1137369600,1.7767,1.7799,1.764,1.7669000000000001,9757,30
1137456000,1.7669000000000001,1.7703,1.7586,1.7685,9976,30
1137542400,1.7685,1.7707000000000002,1.7585,1.7631000000000001,10570,30
1137628800,1.7631000000000001,1.7641,1.7527,1.7572,10534,30
1137715200,1.7570999999999999,1.7727,1.7541,1.7709000000000001,10323,30
1137974400,1.7715,1.7884,1.7713,1.7866,11155,30
1138060800,1.7864,1.7898,1.7805,1.7833,10453,30
1138147200,1.7833,1.7936999999999999,1.7816,1.7831000000000001,10657,30
1138233600,1.7832,1.7892000000000001,1.7774999999999999,1.7797,10072,30
1138320000,1.7797,1.7881,1.7665,1.768,10687,30
1138579200,1.7687,1.7718,1.7633999999999999,1.7685,9572,30
1138665600,1.7684,1.7861,1.7665,1.7788,10193,30
1138752000,1.7781,1.7822,1.7725,1.775,10276,30
1138838400,1.7748,1.7816,1.7711000000000001,1.7801,10152,30
1138924800,1.78,1.7811,1.7591999999999999,1.7623,9937,30
1139184000,1.7624,1.7643,1.7433999999999998,1.7478,10337,30
1139270400,1.7478,1.7518,1.7403,1.7467000000000001,9775,30
1139356800,1.7468,1.7476,1.7376,1.7409,9763,30
1139443200,1.7406000000000001,1.7467000000000001,1.7374,1.742,10008,30
1139529600,1.7419,1.7577,1.7410999999999999,1.7457,10384,30
1139788800,1.7433999999999998,1.7445,1.7363,1.7414,10011,30
1139875200,1.7412999999999998,1.7446000000000002,1.7278,1.7353,10145,30
1139961600,1.7353,1.7490999999999999,1.7330999999999999,1.7405,10338,30
1140048000,1.7406000000000001,1.7416,1.7306,1.7387000000000001,10085,30
1140134400,1.7388,1.7429000000000001,1.7328999999999999,1.7405,10106,30
1140393600,1.7415,1.7464,1.7405,1.7443,9071,30
1140480000,1.7442,1.7478,1.7410999999999999,1.7445,9847,30
1140566400,1.7444,1.7468,1.7374,1.7433999999999998,9705,30
1140652800,1.7435,1.7557,1.7414,1.7516,10365,30
1140739200,1.7518,1.7539,1.7427000000000001,1.7449,9776,30
1140998400,1.7433999999999998,1.7454,1.7376,1.7396,9856,30
1141084800,1.7397,1.7570999999999999,1.7372999999999998,1.7537,10149,30
1141171200,1.7538,1.7596,1.7461,1.75,9959,30
1141257600,1.75,1.7551,1.7433,1.7529,9833,30
1141344000,1.7530000000000001,1.7587000000000002,1.75,1.7545,9719,30
1141603200,1.7563,1.7626,1.7466,1.7486000000000002,10434,30
1141689600,1.7488000000000001,1.7502,1.733,1.7354,10462,30
1141776000,1.7355,1.7422,1.7343,1.7382,9988,30
1141862400,1.7382,1.7414,1.7346,1.736,10697,30
1141948800,1.7359,1.7403,1.7231,1.726,9878,30
1142208000,1.7261,1.7341,1.7231,1.7335,9821,30
1142294400,1.7335,1.7487,1.733,1.7457,10532,30
1142380800,1.7459,1.7496,1.7416,1.7478,9956,30
1142467200,1.7478,1.7597,1.7437,1.7568000000000001,10271,30
1142553600,1.7567,1.7581,1.7511,1.7555,9523,30
1142812800,1.7553,1.759,1.7528000000000001,1.7553999999999998,9361,30
1142899200,1.7556,1.7563,1.745,1.7485,10445,30
1142985600,1.7489,1.751,1.7452,1.7464,9481,30
1143072000,1.7464,1.7471,1.7327,1.7341,9757,30
1143158400,1.7342,1.7446000000000002,1.7309,1.742,9527,30
1143417600,1.7429000000000001,1.7496,1.7414,1.7464,9660,30
1143504000,1.7464,1.7539,1.7425000000000002,1.7428,10516,30
1143590400,1.7428,1.7445,1.7315,1.7336,9477,30
1143676800,1.7338,1.7486000000000002,1.7335,1.7461,10542,30
1143763200,1.7464,1.748,1.7336,1.7372,10311,30
1144022400,1.7365,1.7407,1.725,1.7399,9916,30
1144108800,1.7396,1.7579,1.7368999999999999,1.755,10011,30
1144195200,1.7551,1.7619,1.748,1.7539,10681,30
1144281600,1.7541,1.7599,1.7489,1.7515,10691,30
1144368000,1.7516,1.7537,1.7393999999999998,1.7421,10604,30
1144627200,1.7428,1.7475,1.7376,1.7438,8736,30
1144713600,1.7437,1.7496,1.7393,1.7486000000000002,9510,30
1144800000,1.7487,1.7574999999999998,1.746,1.7505,9561,30
1144886400,1.7504,1.7564,1.7484,1.7527,10057,30
1144972800,1.7525,1.7536,1.7503,1.7511999999999999,6934,30
1145232000,1.7532,1.775,1.7530999999999999,1.7705,9619,30
1145318400,1.7704,1.7846,1.7679,1.7839,10067,30
1145404800,1.7835999999999999,1.7938,1.7795,1.7925,10103,30
1145491200,1.7926,1.7926,1.7755,1.7781,10024,30
1145577600,1.7781,1.7850000000000001,1.7749000000000001,1.7824,9514,30
1145836800,1.7868,1.7934,1.7792,1.7861,10320,30
1145923200,1.7862,1.7945,1.7826,1.7875,9948,30
1146009600,1.7875999999999999,1.7912,1.78,1.7844,10499,30
1146096000,1.7845,1.8048,1.7819,1.8011,10181,30
1146182400,1.8012000000000001,1.8268,1.8,1.8256999999999999,10418,30
1146441600,1.8235999999999999,1.8416000000000001,1.8205,1.8242,9442,30
1146528000,1.8242,1.8428,1.8206,1.8397000000000001,10418,30
1146614400,1.8396,1.8479,1.8354,1.8425,10627,30
1146700800,1.8426,1.8552,1.8336000000000001,1.8527,10759,30
1146787200,1.8527,1.8625,1.8475000000000001,1.8595000000000002,10231,30
1147046400,1.8628,1.8693,1.8549,1.8578000000000001,10360,30
1147132800,1.8578000000000001,1.8692,1.8513,1.867,9878,30
1147219200,1.8673,1.8736000000000002,1.8601999999999999,1.8643999999999998,10818,30
1147305600,1.8643999999999998,1.8860000000000001,1.8531,1.8827,10910,30
1147392000,1.8822,1.9001000000000001,1.8820999999999999,1.8947,11680,30
1147651200,1.8965999999999998,1.8999000000000001,1.8763999999999998,1.8792,10316,30
1147737600,1.8792,1.8898000000000001,1.8745,1.8883,10434,30
1147824000,1.8883,1.9026999999999998,1.8775,1.8797000000000001,11614,30
1147910400,1.88,1.8965,1.8791,1.8951,10829,30
1147996800,1.8952,1.8957000000000002,1.87,1.8778000000000001,11001,30
1148256000,1.8771,1.8889,1.8632,1.8852,10535,30
1148342400,1.8852,1.8887,1.8765,1.8775,10600,30
1148428800,1.8763,1.8864,1.8652,1.8686,11582,30
1148515200,1.8688,1.8775,1.8665,1.8773,10425,30
1148601600,1.8773,1.8776000000000002,1.8531,1.8594,10412,30
1148860800,1.858,1.8645,1.8561,1.8589,9356,30
1148947200,1.8589,1.887,1.858,1.8836,11136,30
1149033600,1.8835,1.8860000000000001,1.8685,1.8719999999999999,11201,30
1149120000,1.8721,1.8728,1.8563,1.8666,10466,30
1149206400,1.8664,1.8862999999999999,1.8608,1.8819,10166,30
1149465600,1.8833,1.8881999999999999,1.8716,1.8723,10531,30
1149552000,1.8721999999999999,1.8775,1.8589,1.8606,11293,30
1149638400,1.8607,1.865,1.8529,1.8574000000000002,10799,30
1149724800,1.8573,1.858,1.837,1.8437000000000001,11636,30
1149811200,1.8437000000000001,1.8487,1.8364,1.8406,10642,30
1150070400,1.8395000000000001,1.8472,1.8378,1.8422,9918,30
1150156800,1.8420999999999998,1.846,1.8316,1.8342,10945,30
1150243200,1.8343,1.8502,1.8333,1.8433000000000002,10919,30
1150329600,1.8434,1.8549,1.8418999999999999,1.8488,10932,30
1150416000,1.8489,1.8563,1.8469,1.8505,9661,30
1150675200,1.8517000000000001,1.8533,1.8369,1.8405,10073,30
1150761600,1.8405,1.8463,1.8368,1.8425,9917,30
1150848000,1.8423,1.8475000000000001,1.8409,1.8455,9803,30
1150934400,1.8456000000000001,1.8474,1.8262,1.8282,10289,30
1151020800,1.8282,1.8315000000000001,1.8126,1.8187,10391,30
1151280000,1.8188,1.825,1.8161,1.8232,10444,30
1151366400,1.8235000000000001,1.8266,1.8185,1.8211,10458,30
1151452800,1.8209,1.8243,1.8141,1.8183,9966,30
1151539200,1.8183,1.83,1.8089,1.8274,11014,30
1151625600,1.8276,1.8502999999999998,1.8272,1.8498,10808,30
1151884800,1.8476,1.8491,1.8384,1.842,9759,30
1151971200,1.8415,1.8481999999999998,1.8414000000000001,1.8441,9525,30
1152057600,1.8441999999999998,1.8489,1.8326,1.8344,10267,30
1152144000,1.8344,1.8411,1.8333,1.8376000000000001,10153,30
1152230400,1.8376000000000001,1.8542,1.8355000000000001,1.8509,9510,30
1152489600,1.8502,1.8523,1.8367,1.8423,9981,30
1152576000,1.8422,1.8475000000000001,1.8366,1.8446,10301,30
1152662400,1.8446,1.8483,1.8309,1.834,10160,30
1152748800,1.8340999999999998,1.847,1.833,1.8436,10438,30
1152835200,1.8437000000000001,1.8453,1.8338999999999999,1.8387,11134,30
1153094400,1.8378,1.839,1.8176,1.8197999999999999,9752,30
1153180800,1.8197,1.833,1.8182,1.8265,11118,30
1153267200,1.8264,1.8443,1.8229,1.8422,11273,30
1153353600,1.8423,1.8521,1.8415,1.8484,10703,30
1153440000,1.8486,1.8601,1.8467,1.8584,9728,30
1153699200,1.8593,1.8599,1.8481,1.8513,10307,30
1153785600,1.8512,1.854,1.8384,1.8401,10600,30
1153872000,1.8405,1.8553,1.839,1.8542999999999998,10157,30
1153958400,1.8542,1.8678,1.8527,1.8580999999999999,10738,30
1154044800,1.8582,1.8668,1.8542999999999998,1.8632,10440,30
1154304000,1.8627,1.8692,1.8617,1.8679000000000001,10160,30
1154390400,1.8679000000000001,1.8768,1.8626,1.8761999999999999,10837,30
1154476800,1.8761,1.8799000000000001,1.8731,1.8771,10438,30
1154563200,1.8772,1.8917000000000002,1.8697,1.8879000000000001,11842,30
1154649600,1.888,1.9131,1.8852,1.9076,10955,30
1154908800,1.9074,1.9117,1.9037,1.9041000000000001,9566,30
1154995200,1.9042,1.9146,1.9033,1.9066,10159,30
1155081600,1.9062999999999999,1.9113,1.8972,1.9049,10585,30
1155168000,1.9049,1.9092,1.8867,1.8939,11638,30
1155254400,1.8937,1.8992,1.8885999999999998,1.8902,10585,30
1155513600,1.8897,1.8954,1.8841,1.8889,10011,30
1155600000,1.8889,1.8981,1.8854,1.8938000000000001,10538,30
1155686400,1.8938000000000001,1.9026,1.8879000000000001,1.8965999999999998,9962,30
1155772800,1.8965999999999998,1.9011,1.8820000000000001,1.8859,10480,30
1155859200,1.8854,1.8871,1.8775,1.8815,9560,30
1156118400,1.8814,1.8999000000000001,1.8809,1.8925999999999998,10321,30
1156204800,1.8925,1.8953,1.8855,1.8879000000000001,11118,30
1156291200,1.888,1.9001000000000001,1.8862,1.893,10523,30
1156377600,1.893,1.8976,1.8858000000000001,1.8877000000000002,11096,30
1156464000,1.8875,1.8919000000000001,1.8829,1.887,10807,30
1156723200,1.8874,1.8994,1.8862,1.8937,9021,30
1156809600,1.8938000000000001,1.9031,1.8897,1.8994,10789,30
1156896000,1.8999000000000001,1.9062999999999999,1.8972,1.9037,10828,30
1156982400,1.9042,1.9094,1.8994,1.9041000000000001,10685,30
1157068800,1.9039000000000001,1.9071,1.8956,1.9045,10571,30
1157328000,1.9064999999999999,1.9083999999999999,1.9029,1.9060000000000001,9113,30
1157414400,1.9058000000000002,1.9061,1.8912,1.8938000000000001,10614,30
1157500800,1.8937,1.8959000000000001,1.879,1.8854,10954,30
1157587200,1.8853,1.8873,1.8707,1.876,11688,30
1157673600,1.8761,1.8763999999999998,1.8628,1.8654,11762,30
1157932800,1.8653,1.8709,1.8601,1.8648,10150,30
1158019200,1.8647,1.8776000000000002,1.863,1.8739,11042,30
1158105600,1.8738000000000001,1.8780000000000001,1.871,1.8774,10680,30
1158192000,1.8776000000000002,1.8921000000000001,1.8756,1.8864999999999998,10731,30
1158278400,1.8864,1.8883999999999999,1.8753,1.879,10116,30
1158537600,1.8780000000000001,1.8843,1.8735,1.8808,11678,30
1158624000,1.8811,1.8885,1.8772,1.8813,14405,30
1158710400,1.8814,1.8928,1.8801,1.887,13937,30
1158796800,1.8869,1.9031,1.8862,1.9022999999999999,15843,30
1158883200,1.9019,1.9062000000000001,1.8993,1.9001000000000001,14828,30
1159142400,1.9008,1.9072,1.8981,1.9,14252,30
1159228800,1.9002,1.9026999999999998,1.893,1.8942,15088,30
1159315200,1.8944,1.8961000000000001,1.8852,1.8887,15105,30
1159401600,1.8888,1.8916,1.8721999999999999,1.8757000000000001,14877,30
1159488000,1.8758,1.8780999999999999,1.8631,1.8721999999999999,12588,30
1159747200,1.8747,1.8875,1.8676,1.8864,11825,30
1159833600,1.8864999999999998,1.8900000000000001,1.8855,1.8876,12252,30
1159920000,1.8875,1.8881999999999999,1.8784,1.8864999999999998,14679,30
1160006400,1.8864,1.8868,1.875,1.8787,10133,30
1160092800,1.8786,1.8856000000000002,1.8672,1.8705,9205,30
1160352000,1.8688,1.8714,1.8634,1.8667,7349,30
1160438400,1.8666,1.8702,1.8527,1.8538000000000001,9266,30
1160524800,1.8537,1.8588,1.8517000000000001,1.8542,8763,30
1160611200,1.8540999999999999,1.8612,1.8536000000000001,1.8588,8178,30
1160697600,1.8592,1.8632,1.8533,1.8557000000000001,8084,30
1160956800,1.8549,1.8646,1.8523,1.8620999999999999,9213,30
1161043200,1.862,1.8735,1.8608,1.8714,9410,30
1161129600,1.8717000000000001,1.8738000000000001,1.8662,1.8674,10140,30
1161216000,1.8672,1.8798,1.8664,1.8772,9027,30
1161302400,1.8771,1.8860000000000001,1.8754,1.8833,9003,30
1161561600,1.8829,1.8832,1.8685,1.8726,7574,30
1161648000,1.8728,1.8767,1.8672,1.8723999999999998,7907,30
1161734400,1.8721999999999999,1.8799000000000001,1.8719000000000001,1.8780999999999999,8912,30
1161820800,1.8784,1.8923999999999999,1.8777,1.8897,9167,30
1161907200,1.8898000000000001,1.9002,1.8869,1.8978000000000002,8694,30
1162166400,1.8961999999999999,1.9041000000000001,1.8953,1.8984999999999999,8325,30
1162252800,1.8987,1.9097,1.8956,1.9078,9170,30
1162339200,1.9076,1.9135,1.9054,1.9078,9205,30
1162425600,1.9081000000000001,1.9106,1.9033,1.9079000000000002,8373,30
1162512000,1.9078,1.9106999999999998,1.8974,1.9011,7918,30
1162771200,1.9016,1.9026999999999998,1.8947,1.899,7246,30
1162857600,1.8989,1.9121000000000001,1.8976,1.9068,8280,30
1162944000,1.907,1.9096,1.9005,1.9042,8201,30
1163030400,1.9043,1.9083999999999999,1.8973,1.9071,9284,30
1163116800,1.9068,1.9177,1.9061,1.9104999999999999,9226,30
1163376000,1.9119000000000002,1.9153,1.8996,1.9013,10600,30
1163462400,1.9016,1.9049,1.8921999999999999,1.8956,9588,30
1163548800,1.8955,1.8968,1.8836,1.8897,9003,30
1163635200,1.8893,1.8932,1.8851,1.8881999999999999,7677,30
1163721600,1.8883,1.8965999999999998,1.8835,1.8942999999999999,7283,30
1163980800,1.8944999999999999,1.8984999999999999,1.8931,1.8969,7161,30
1164067200,1.8972,1.9005999999999998,1.896,1.8996,6474,30
1164153600,1.8993,1.9165,1.8982999999999999,1.9153,7755,30
1164240000,1.9151,1.9169,1.9129,1.9154,6028,30
1164326400,1.9155,1.9348,1.9144999999999999,1.932,8140,30
1164585600,1.939,1.9409999999999998,1.9304999999999999,1.9371,9490,30
1164672000,1.9374,1.9535,1.9367,1.9513,10270,30
1164758400,1.9515,1.9544000000000001,1.9434,1.946,11991,30
1164844800,1.9457,1.9697,1.9445999999999999,1.9651999999999998,10521,30
1164931200,1.9653,1.9846,1.9634,1.9809999999999999,9830,30
1165190400,1.9832,1.9838,1.9722,1.9809,8999,30
1165276800,1.9807000000000001,1.9814,1.9677,1.9726,9691,30
1165363200,1.9727000000000001,1.9739,1.9615,1.9651,8319,30
1165449600,1.9649,1.971,1.9611,1.9628999999999999,8434,30
1165536000,1.9634,1.9727999999999999,1.9517,1.9545,10229,30
1165795200,1.9529,1.9594,1.9463,1.9590999999999998,8464,30
1165881600,1.959,1.9714,1.9575,1.9705,9328,30
1165968000,1.9706000000000001,1.9727000000000001,1.9604,1.9661,8106,30
1166054400,1.9663,1.9712,1.9578,1.9613,7539,30
1166140800,1.9612,1.9664000000000001,1.9498,1.9521,9410,30
1166400000,1.9522,1.9578,1.9433,1.9474,6743,30
1166486400,1.9476,1.97,1.9474,1.9691,8250,30
1166572800,1.9691999999999998,1.9747,1.9618,1.9649,7674,30
1166659200,1.9651,1.9697,1.9557,1.9619,8451,30
1166745600,1.962,1.9682,1.9557,1.9579,8183,30
1167091200,1.9579,1.9597,1.9514,1.9536,7920,30
1167177600,1.9538,1.9632,1.9526,1.9583,8916,30
1167264000,1.9582000000000002,1.9677,1.9552,1.9627,9546,30
1167350400,1.9626000000000001,1.9668999999999999,1.9566,1.9586999999999999,9056,30
1167696000,1.9613,1.9741,1.9586999999999999,1.9731999999999998,13284,20
1167782400,1.9731,1.975,1.948,1.9505,9882,20
1167868800,1.9504000000000001,1.9529,1.9396,1.9441000000000002,10716,20
1167955200,1.9438,1.9441000000000002,1.9263,1.9291,10307,20
1168214400,1.9303,1.9403000000000001,1.9260000000000002,1.9388999999999998,8683,20
1168300800,1.9386999999999999,1.9454,1.938,1.9386999999999999,9318,20
1168387200,1.9388,1.9421,1.9312,1.9325999999999999,9843,20
1168473600,1.9325,1.9536,1.9316,1.9443000000000001,10907,20
1168560000,1.9444,1.9606,1.9425,1.9588999999999999,10167,20
1168819200,1.959,1.9667,1.9569,1.9638,7392,20
1168905600,1.9639,1.9706000000000001,1.959,1.9605000000000001,10210,20
1168992000,1.9604,1.9726,1.9599,1.9697,8906,20
1169078400,1.9696,1.9777,1.9635,1.9738,10086,20
1169164800,1.9736,1.9771999999999998,1.9694,1.9738,8891,20
1169424000,1.9737,1.9786000000000001,1.9715,1.9752,7941,20
1169510400,1.9752999999999998,1.9912999999999998,1.9748,1.9814,9677,20
1169596800,1.9811,1.983,1.9644,1.9682,10980,20
1169683200,1.968,1.9733,1.9623,1.9634,9647,20
1169769600,1.9632,1.9679,1.9559,1.9593,8767,20
1170028800,1.9609999999999999,1.9613,1.9546999999999999,1.9605000000000001,5612,20
1170115200,1.9607,1.9695,1.9599,1.9625,6991,20
1170201600,1.9622000000000002,1.9668,1.948,1.964,8748,20
1170288000,1.9643000000000002,1.9737,1.962,1.9670999999999998,7343,20
1170374400,1.9674,1.9746000000000001,1.9635,1.966,6772,20
1170633600,1.9653,1.9667,1.9535,1.9598,6518,20
1170720000,1.96,1.972,1.9588,1.9708999999999999,5996,20
1170806400,1.9707,1.9731999999999998,1.9672,1.97,5507,20
1170892800,1.9701,1.9727000000000001,1.9541,1.9586000000000001,7910,20
1170979200,1.9585,1.96,1.9457,1.9489999999999998,7068,20
1171238400,1.9518,1.9566,1.9437,1.946,6146,20
1171324800,1.9458,1.9522,1.94,1.9458,6787,20
1171411200,1.9459,1.9639,1.9453,1.9628999999999999,7875,20
1171497600,1.963,1.9678,1.9504000000000001,1.9506000000000001,8856,20
1171584000,1.9510999999999998,1.954,1.9461,1.9496,6823,20
1171843200,1.9543,1.956,1.9428999999999998,1.9506000000000001,4562,20
1171929600,1.9508,1.9575,1.9477,1.9546000000000001,6246,20
1172016000,1.9548,1.959,1.9485999999999999,1.9541,8215,20
1172102400,1.954,1.96,1.946,1.9564,6462,20
1172188800,1.9565000000000001,1.9654,1.9535,1.9635,4906,20
1172448000,1.9632,1.9659,1.9606,1.9632,5118,20
1172534400,1.9630999999999998,1.9672,1.9590999999999998,1.964,9807,20
1172620800,1.9641,1.9644,1.9516,1.9628999999999999,12147,20
1172707200,1.9628,1.9651,1.9553,1.9578,8986,20
1172793600,1.9579,1.9579,1.9411,1.9433,8930,20
1173052800,1.9444,1.9447,1.9184,1.9191,9738,20
1173139200,1.9192,1.9335,1.9184999999999999,1.9335,7865,20
1173225600,1.9342000000000001,1.936,1.9260000000000002,1.9304000000000001,7173,20
1173312000,1.9306,1.9352,1.9271,1.9292,6443,20
1173398400,1.9289,1.9340000000000002,1.9266,1.932,5695,20
1173657600,1.9346,1.9433,1.925,1.9325,6335,20
1173744000,1.9324,1.9353,1.927,1.9281000000000001,6430,20
1173830400,1.9282,1.9372,1.9212,1.935,7647,20
1173916800,1.9348999999999998,1.9392,1.9306,1.9364,6654,20
1174003200,1.9365,1.9504000000000001,1.9357,1.9421,6718,20
1174262400,1.9403000000000001,1.9472,1.9394,1.9449,5049,20
1174348800,1.9447,1.9622000000000002,1.9428999999999998,1.9612,6438,20
1174435200,1.9611,1.9691,1.9554,1.9679,6257,20
1174521600,1.968,1.9724,1.9611,1.9643000000000002,6618,20
1174608000,1.9644,1.9689999999999999,1.9586000000000001,1.9615,6516,20
1174867200,1.9601,1.972,1.9569999999999999,1.9691,5681,20
1174953600,1.9687000000000001,1.9701,1.9619,1.9654,5795,20
1175040000,1.9651999999999998,1.9681,1.9597,1.9615,8407,20
1175126400,1.9616,1.9658,1.9613,1.9628999999999999,5037,20
1175212800,1.9627,1.9716,1.9544000000000001,1.9679,6907,20
1175472000,1.9691,1.9801,1.9662,1.9773,5269,20
1175558400,1.9776,1.9823,1.9727999999999999,1.9744000000000002,5072,20
1175644800,1.9742,1.9773,1.9716,1.9763,5014,20
1175731200,1.9759,1.9769,1.9667,1.9713,5473,20
1175817600,1.9716,1.9722,1.9636,1.9651999999999998,2732,20
1176076800,1.9651,1.9655,1.9590999999999998,1.9625,2702,20
1176163200,1.9626000000000001,1.9750999999999999,1.9612,1.9715,5121,20
1176249600,1.9713,1.9817,1.9708999999999999,1.9752999999999998,6127,20
1176336000,1.9752,1.9813,1.9724,1.9792,6130,20
1176422400,1.9790999999999999,1.9886,1.978,1.9862,6894,20
1176681600,1.9868000000000001,1.9939,1.9861,1.9889000000000001,5533,20
1176768000,1.9888,2.0083,1.9881,2.0078,6574,20
1176854400,2.0076,2.0132,2.0013,2.0085,5899,20
1176940800,2.0087,2.0094,1.9982,2.0022,6876,20
1177027200,2.0024,2.0068,1.9989,2.0021,5380,20
1177286400,2.0055,2.0057,1.9969999999999999,2.0003,5022,20
1177372800,2.0004,2.0044,1.9952999999999999,2.002,6058,20
1177459200,2.0018,2.0061,2.0004,2.0018,5190,20
1177545600,2.0021,2.0058,1.9891,1.9909,5869,20
1177632000,1.991,2.0043,1.9864000000000002,1.9973999999999998,6627,20
1177891200,1.9965000000000002,2.0031,1.9889000000000001,1.9995,6080,20
1177977600,1.9992999999999999,2.0072,1.9979,1.9985,5747,20
1178064000,1.9983,1.9992999999999999,1.987,1.9885000000000002,6294,20
1178150400,1.9884,1.9946000000000002,1.9855,1.9870999999999999,5061,20
1178236800,1.9872999999999998,1.994,1.9842,1.9921,5356,20
1178496000,1.994,1.9973999999999998,1.9924,1.9928,3764,20
1178582400,1.9927000000000001,1.9963,1.9878,1.9888,5190,20
1178668800,1.9889000000000001,1.9999,1.9882,1.9933999999999998,4988,20
1178755200,1.9931999999999999,1.9961,1.9769999999999999,1.9777,7454,20
1178841600,1.9778,1.9845000000000002,1.9762,1.9811999999999999,5612,20
1179100800,1.9817,1.9843,1.978,1.9790999999999999,3887,20
1179187200,1.9788000000000001,1.9870999999999999,1.9744000000000002,1.9857,6119,20
1179273600,1.9856,1.9872999999999998,1.9756,1.9771,5874,20
1179360000,1.9769999999999999,1.9790999999999999,1.9733,1.9748999999999999,4555,20
1179446400,1.9746000000000001,1.9777,1.9699,1.9745,5000,20
1179705600,1.9744000000000002,1.9756,1.9677,1.9705,4676,20
1179792000,1.9706000000000001,1.9769,1.9701,1.9746000000000001,4132,20
1179878400,1.9748,1.9893,1.9715,1.9859,5735,20
1179964800,1.986,1.9888,1.9828000000000001,1.9845000000000002,5236,20
1180051200,1.9846,1.9878,1.9830999999999999,1.9837,4577,20
1180310400,1.9841,1.9849,1.9824000000000002,1.9827,1454,20
1180396800,1.9823,1.9899,1.9788999999999999,1.9811999999999999,6157,20
1180483200,1.9809999999999999,1.983,1.9733,1.9758,5281,20
1180569600,1.9759,1.9819,1.9735,1.9802,4988,20
1180656000,1.9799,1.9824000000000002,1.9767000000000001,1.9823,5280,20
1180915200,1.982,1.9927000000000001,1.9813,1.9914,4087,20
1181001600,1.9912999999999998,1.9967000000000001,1.9907,1.9929000000000001,4206,20
1181088000,1.9928,1.9956,1.9909,1.9924,4059,20
1181174400,1.9925000000000002,1.994,1.9745,1.9769999999999999,6250,20
1181260800,1.9769,1.9790999999999999,1.962,1.9698,6829,20
1181520000,1.9694,1.9702,1.9651999999999998,1.9691,4274,20
1181606400,1.9691999999999998,1.9783,1.9687000000000001,1.9738,5723,20
1181692800,1.9741,1.9763,1.9674,1.9727000000000001,6255,20
1181779200,1.9723000000000002,1.9735,1.9656,1.9691,5565,20
1181865600,1.9691999999999998,1.9777,1.9687000000000001,1.976,5031,20
1182124800,1.9759,1.9843,1.9756,1.9830999999999999,6294,20
1182211200,1.9832,1.9889000000000001,1.9825,1.9879,5428,20
1182297600,1.9881,1.9947,1.9867,1.9922,5832,20
1182384000,1.9923,1.9941,1.9886,1.9922,5940,20
1182470400,1.9923,1.9996,1.9910999999999999,1.9992,5878,20
1182729600,1.9985,2.0005,1.9956,1.9977,4500,20
1182816000,1.9976,2.0016,1.9959,1.9982,5802,20
1182902400,1.9981,1.9998,1.9928,1.999,6603,20
1182988800,1.9990999999999999,2.0042,1.9975,2.0023,6511,20
1183075200,2.0025,2.0086,2.0009,2.0086,7424,20
1183334400,2.0084,2.0184,2.007,2.018,6729,20
1183420800,2.0179,2.0195,2.0131,2.0167,5625,20
1183507200,2.0168,2.0206,2.0149,2.0167,4302,20
1183593600,2.0168,2.0201,2.0089,2.0116,7442,20
1183680000,2.0115,2.0141,2.0057,2.0107,6751,20
1183939200,2.0116,2.0171,2.0097,2.0155,4498,20
1184025600,2.0154,2.0287,2.012,2.0274,8190,20
1184112000,2.0275,2.0361,2.0244,2.0317,8254,20
1184198400,2.0319,2.0362999999999998,2.0269,2.03,7108,20
1184284800,2.0301,2.0365,2.0259,2.0341,7266,20
1184544000,2.0339,2.04,2.0326,2.0361,5143,20
1184630400,2.036,2.0474,2.0348,2.0466,6649,20
1184716800,2.0465,2.0547,2.0459,2.0531,9210,20
1184803200,2.0532,2.0541,2.0469,2.0492,6714,20
1184889600,2.0495,2.0586,2.048,2.0561,6621,20
1185148800,2.0551,2.0602,2.0548,2.0593,6156,20
1185235200,2.0594,2.0652,2.0587,2.0615,7687,20
1185321600,2.0616,2.062,2.0485,2.0538,8631,20
1185408000,2.0537,2.0561,2.0425,2.0452,11987,20
1185494400,2.0457,2.0493,2.0231,2.024,13210,20
1185753600,2.0206,2.0288,2.0182,2.0253,8895,20
1185840000,2.0254,2.0377,2.0253,2.0295,9442,20
1185926400,2.0296,2.035,2.0203,2.0319,11124,20
1186012800,2.0321,2.0377,2.0281,2.0368,8867,20
1186099200,2.0365,2.046,2.0338,2.0408,8151,20
1186358400,2.0421,2.0462,2.028,2.031,9676,20
1186444800,2.0311,2.0336,2.0188,2.0222,8993,20
1186531200,2.0223,2.0397,2.0156,2.0351,9960,20
1186617600,2.0352,2.0393,2.021,2.0231,14025,20
1186704000,2.0232,2.0268,2.0154,2.0231,12172,20
1186963200,2.0219,2.0259,2.0084,2.0113,9549,20
1187049600,2.0117,2.0132,1.996,1.9965000000000002,11520,20
1187136000,1.9969000000000001,1.9971999999999999,1.9855,1.986,13896,20
1187222400,1.9861,1.9889999999999999,1.9769999999999999,1.9849999999999999,20595,20
1187308800,1.9849,1.9935,1.9651999999999998,1.9811,17096,20
1187568000,1.9813,1.9901,1.9769,1.988,10474,20
1187654400,1.9881,1.9907,1.9743,1.9814,10969,20
1187740800,1.9816,1.9942,1.9802,1.9935,9375,20
1187827200,1.9938,2.0092,1.9917,2.0053,12411,20
1187913600,2.0052,2.0148,1.9979,2.0141,10067,20
1188172800,2.0135,2.0191,2.0102,2.0103,6076,20
1188259200,2.0106,2.014,1.9994,1.9998,10302,20
1188345600,2.0,2.018,1.996,2.0175,12129,20
1188432000,2.0176,2.0183,2.0043,2.0132,11890,20
1188518400,2.0133,2.0232,2.0109,2.017,12304,20
1188777600,2.0166,2.0213,2.0138,2.0184,5877,20
1188864000,2.0188,2.0195,2.0074,2.0135,9110,20
1188950400,2.0134,2.0225,2.0042,2.02,9888,20
1189036800,2.0199,2.0265,2.014,2.0233,10390,20
1189123200,2.0231,2.0322,2.016,2.0286,9399,20
1189382400,2.0281,2.033,2.0261,2.0276,7625,20
1189468800,2.0279,2.0335,2.0235,2.0324,10209,20
1189555200,2.0328,2.0365,2.0286,2.0294,10048,20
1189641600,2.0292,2.0344,2.017,2.0172,9996,20
1189728000,2.0171,2.0224,2.0054,2.0073,12498,20
1189987200,2.0059,2.0091,1.9915,1.9938,10201,20
1190073600,1.9942,2.015,1.9879,2.013,12134,20
1190160000,2.0132,2.0172,1.9950999999999999,1.9996,12247,20
1190246400,1.9999,2.0145,1.9973,2.0092,11706,20
1190332800,2.0093,2.0214,2.008,2.0202,9332,20
1190592000,2.0206,2.0318,2.0198,2.0214,8566,20
1190678400,2.0215,2.022,2.0085,2.0184,11098,20
1190764800,2.0179,2.0216,2.0105,2.0157,9374,20
1190851200,2.0158,2.0292,2.0135,2.0265,10195,20
1190937600,2.0266,2.0488,2.0195,2.0471,12776,20
1191196800,2.0472,2.0492,2.0376,2.0427,9144,20
1191283200,2.0428,2.0448,2.0368,2.0405,9221,20
1191369600,2.0407,2.0441,2.0309,2.0319,9767,20
1191456000,2.032,2.0427,2.0278,2.0385,10366,20
1191542400,2.0384,2.0441,2.0303,2.0422,9776,20
1191801600,2.0418,2.0426,2.0331,2.0371,5628,20
1191888000,2.037,2.0386,2.0255,2.0372,8080,20
1191974400,2.0376,2.0474,2.0365,2.0418,8785,20
1192060800,2.0419,2.0422,2.0308,2.0339,10122,20
1192147200,2.0342,2.0362999999999998,2.0244,2.0359,9108,20
1192406400,2.0351,2.0436,2.0319,2.0423,7365,20
1192492800,2.0427,2.0437,2.0292,2.0324,9996,20
1192579200,2.0322,2.0417,2.0285,2.0411,9866,20
1192665600,2.041,2.0512,2.0382,2.0427,9920,20
1192752000,2.0428,2.0523,2.0407,2.0516,9479,20
1193011200,2.0535,2.0538,2.0257,2.0306,13271,20
1193097600,2.0305,2.0516,2.0305,2.0511,10602,20
1193184000,2.0509,2.0518,2.0424,2.0495,10516,20
1193270400,2.0494,2.0552,2.0452,2.0517,9619,20
1193356800,2.0516,2.0572,2.048,2.0524,8487,20
1193616000,2.0548,2.064,2.0528,2.0609,7578,20
1193702400,2.061,2.0701,2.0563,2.0681,8297,20
1193788800,2.068,2.0822,2.0673,2.0802,10824,20
1193875200,2.08,2.0873,2.0753,2.0779,11484,20
1193961600,2.078,2.0897,2.0765,2.0894,11635,20
1194220800,2.0889,2.0893,2.0781,2.0805,9703,20
1194307200,2.0804,2.0904,2.0803,2.088,8221,20
1194393600,2.0879,2.1069,2.086,2.0995,14153,20
1194480000,2.0996,2.1116,2.0983,2.1065,12694,20
1194566400,2.1068,2.1161,2.0878,2.0902,14999,20
1194825600,2.0824,2.087,2.0524,2.0542,15328,20
1194912000,2.0541,2.076,2.0528,2.0736,12548,20
1194998400,2.0737,2.0843,2.0504,2.0506,14757,20
1195084800,2.0508,2.0618,2.0416,2.0437,12817,20
1195171200,2.0438,2.055,2.0352,2.0544,11729,20
1195430400,2.0536,2.0565,2.045,2.0497,9974,20
1195516800,2.0496,2.0683,2.0455,2.0671,12506,20
1195603200,2.0672,2.0698,2.0526,2.0628,12738,20
1195689600,2.0631,2.0684,2.0584,2.0624,7554,20
1195776000,2.0626,2.0762,2.0517,2.0627,12132,20
1196035200,2.0618,2.0736,2.0614,2.0702,9433,20
1196121600,2.0697,2.0755,2.0639,2.0666,11955,20
1196208000,2.0667,2.083,2.0581,2.08,12954,20
1196294400,2.0796,2.0799,2.0594,2.0617,11738,20
1196380800,2.0613,2.0699,2.0532,2.0577,12268,20
1196640000,2.0558,2.0677,2.0523,2.0634,9913,20
1196726400,2.0633,2.0672,2.0558,2.0597,10638,20
1196812800,2.0594,2.0595,2.0241,2.0289,13333,20
1196899200,2.0282,2.031,2.0179,2.0277,13172,20
1196985600,2.0276,2.0344,2.022,2.0303,10292,20
1197244800,2.032,2.0487,2.031,2.0464,8672,20
1197331200,2.0461,2.0518,2.0329,2.0357,10447,20
1197417600,2.0355,2.0577,2.0341,2.046,10934,20
1197504000,2.0461,2.0482,2.0339,2.0403000000000002,11459,20
1197590400,2.0411,2.0447,2.0146,2.0174,13828,20
1197849600,2.0164,2.0226,2.01,2.0213,12707,20
1197936000,2.0212,2.0224,2.011,2.014,11587,20
1198022400,2.0139,2.0195,1.9928,1.9957,13596,20
1198108800,1.9958,1.9984,1.9809999999999999,1.9842,10081,20
1198195200,1.9839,1.9893,1.9808,1.9836,9918,20
1198454400,1.9832,1.9845000000000002,1.9755,1.9769,5246,20
1198627200,1.9814,1.9849,1.9802,1.9830999999999999,2917,20
1198713600,1.9832,1.9965000000000002,1.9828000000000001,1.9952999999999999,7803,20
1198800000,1.9950999999999999,2.0022,1.9903,1.9962,7753,20
1199059200,1.9971999999999999,2.0099,1.982,1.9842,4520,20
1199232000,1.9813,1.9872999999999998,1.9774,1.9811999999999999,9713,20
1199318400,1.9814,1.9838,1.9703,1.9725000000000001,12388,20
1199404800,1.9724,1.9849,1.9673,1.9741,12440,20
1199664000,1.9736,1.9755,1.9654,1.9687000000000001,10626,20
1199750400,1.9683000000000002,1.9827,1.9666000000000001,1.9727000000000001,11969,20
1199836800,1.9726,1.9762,1.9552,1.9575,12732,20
1199923200,1.9577,1.9668999999999999,1.9539,1.9616,14719,20
1200009600,1.9617,1.9635,1.9481000000000002,1.9565000000000001,12947,20
1200268800,1.9588999999999999,1.9647000000000001,1.9526,1.9527,9747,20
1200355200,1.9527999999999999,1.974,1.9525000000000001,1.9575,13801,20
1200441600,1.9576,1.972,1.9527,1.9622000000000002,17466,20
1200528000,1.9611,1.9788999999999999,1.9604,1.9717,16802,20
1200614400,1.9716,1.9726,1.9512,1.9553,14161,20
1200873600,1.9571,1.9583,1.9403000000000001,1.9404,12372,20
1200960000,1.9405000000000001,1.9645000000000001,1.9337,1.963,24392,20
1201046400,1.9630999999999998,1.9633,1.9463,1.9563000000000001,16568,20
1201132800,1.9562,1.9779,1.9501,1.9752,22690,20
1201219200,1.9752999999999998,1.9847000000000001,1.9746000000000001,1.983,13036,20
1201478400,1.9830999999999999,1.9889999999999999,1.9731,1.9849999999999999,10253,20
1201564800,1.9845000000000002,1.9928,1.9811,1.9885000000000002,10774,20
1201651200,1.9886,1.9957,1.9838,1.9879,12353,20
1201737600,1.988,1.9944,1.9824000000000002,1.9881,14381,20
1201824000,1.9887000000000001,1.9938,1.9646,1.9649999999999999,14831,20
1202083200,1.9639,1.9786000000000001,1.9627,1.9737,11160,20
1202169600,1.9738,1.9763,1.9603000000000002,1.964,13655,20
1202256000,1.9634,1.9661,1.9552,1.9615,11449,20
1202342400,1.9614,1.9621,1.9386,1.9433,14649,20
1202428800,1.9431,1.9508,1.9401000000000002,1.9458,10956,20
1202688000,1.9464000000000001,1.9529,1.9401000000000002,1.9506999999999999,10734,20
1202774400,1.9506000000000001,1.9633,1.9444,1.9586999999999999,13890,20
1202860800,1.9588999999999999,1.9663,1.9548999999999999,1.9627,12490,20
1202947200,1.9625,1.9737,1.9614,1.9685000000000001,10534,20
1203033600,1.9686,1.9723000000000002,1.9579,1.9612,10540,20
1203292800,1.9567999999999999,1.9636,1.9474,1.9516,8517,20
1203379200,1.9517,1.9542000000000002,1.9452,1.9485000000000001,12763,20
1203465600,1.9484,1.9501,1.9361000000000002,1.9419,12896,20
1203552000,1.942,1.9641,1.9409999999999998,1.9633,11779,20
1203638400,1.9630999999999998,1.9707,1.9609,1.9668,9481,20
1203897600,1.9689999999999999,1.9699,1.9616,1.9665,9040,20
1203984000,1.9666000000000001,1.9899,1.9643000000000002,1.9877,12419,20
1204070400,1.9876,1.9971,1.979,1.9822,15535,20
1204156800,1.9824000000000002,1.9946000000000002,1.9762,1.9889999999999999,13143,20
1204243200,1.9889000000000001,1.992,1.9783,1.9891,14072,20
1204502400,1.9858,1.9936,1.9808,1.9832999999999998,14376,20
1204588800,1.9834,1.9889000000000001,1.9811999999999999,1.9847000000000001,11073,20
1204675200,1.9849999999999999,1.9965000000000002,1.972,1.9924,13215,20
1204761600,1.9922,2.0115,1.9895,2.0106,14181,20
1204848000,2.0105,2.0215,2.0097,2.0135,14963,20
1205107200,2.0195,2.0219,2.005,2.0106,12128,20
1205193600,2.0105,2.0208,1.9994,2.0066,13186,20
1205280000,2.0065,2.0281,2.0056,2.0258,14463,20
1205366400,2.0259,2.0389,2.0253,2.0318,14690,20
1205452800,2.0317,2.0391,2.0175,2.0193,17529,20
1205712000,2.0166,2.0232,1.9946000000000002,1.9963,26379,20
1205798400,1.9964,2.0271,1.9956,2.0084,18624,20
1205884800,2.0082,2.015,1.9803,1.9851999999999999,22230,20
1205971200,1.9854,1.9881,1.9736,1.9857,18862,20
1206057600,1.9855,1.9865,1.9807000000000001,1.9819,4174,20
1206316800,1.9803,1.9886,1.9759,1.9857,7128,20
1206403200,1.9855,2.0066,1.9853,2.0041,13329,20
1206489600,2.004,2.011,1.9926,2.0071,14291,20
1206576000,2.007,2.0192,2.0022,2.0072,15017,20
1206662400,2.0071,2.0089,1.988,1.9944,14371,20
1206921600,1.9950999999999999,1.9979,1.9811999999999999,1.9832999999999998,15093,20
1207008000,1.9828999999999999,1.9875,1.9731,1.9771999999999998,15729,20
1207094400,1.9769,1.9898,1.9747,1.9888,13308,20
1207180800,1.9889000000000001,1.9975,1.9758,1.9959,15474,20
1207267200,1.9958,2.0048,1.9908000000000001,1.9933,15047,20
1207526400,1.9939,1.994,1.9832999999999998,1.9884,10371,20
1207612800,1.9883,1.9927000000000001,1.9663,1.9682,14796,20
1207699200,1.968,1.9790999999999999,1.9651,1.9752,11878,20
1207785600,1.9750999999999999,1.9841,1.9704000000000002,1.9715,15509,20
1207872000,1.9717,1.9767000000000001,1.9682,1.9693,11125,20
1208131200,1.9662,1.9893,1.9658,1.9764,13009,20
1208217600,1.9765000000000001,1.9765000000000001,1.9599,1.9627,14444,20
1208304000,1.9624000000000001,1.9805000000000001,1.96,1.9726,13980,20
1208390400,1.9725000000000001,1.9924,1.9691,1.9896,16005,20
1208476800,1.9895,1.9998,1.9882,1.9978,15285,20
1208736000,1.998,2.0029,1.9776,1.9790999999999999,13188,20
1208822400,1.9792,1.9997,1.9745,1.9962,14594,20
1208908800,1.9959,1.9973999999999998,1.9771999999999998,1.9788999999999999,13763,20
1208995200,1.9792,1.9815,1.9685000000000001,1.9721,15987,20
1209081600,1.9724,1.9889999999999999,1.9676,1.9858,15505,20
1209340800,1.9837,1.9965000000000002,1.9781,1.9907,11533,20
1209427200,1.9905,1.9912,1.9666000000000001,1.9696,14662,20
1209513600,1.9697,1.9893,1.9625,1.9875,16814,20
1209600000,1.9876,1.9908000000000001,1.9710999999999999,1.9762,13909,20
1209686400,1.9761,1.9897,1.9704000000000002,1.9717,14292,20
1209945600,1.9731,1.9784000000000002,1.9654,1.9727999999999999,8159,20
1210032000,1.9729,1.9771999999999998,1.9634,1.9733,12211,20
1210118400,1.9731999999999998,1.9734,1.9502000000000002,1.9542000000000002,13807,20
1210204800,1.9541,1.9621,1.9503,1.9546999999999999,14873,20
1210291200,1.9545,1.9567999999999999,1.9458,1.9539,11909,20
1210550400,1.9506000000000001,1.9632,1.9442,1.9569,12371,20
1210636800,1.9569999999999999,1.9588999999999999,1.9419,1.9453,15417,20
1210723200,1.9454,1.9473,1.9363000000000001,1.9466999999999999,13818,20
1210809600,1.9466,1.95,1.9403000000000001,1.9479,13590,20
1210896000,1.9475,1.9598,1.9441000000000002,1.9569,12878,20
1211155200,1.9572,1.9622000000000002,1.9453,1.9487,9411,20
1211241600,1.9487999999999999,1.9719,1.9475,1.9673,13571,20
1211328000,1.9668,1.9733,1.9612,1.972,13118,20
1211414400,1.9716,1.9849,1.9686,1.9797,11061,20
1211500800,1.9795,1.9851999999999999,1.9755,1.9797,9447,20
1211760000,1.9809,1.9830999999999999,1.9758,1.9816,3824,20
1211846400,1.9811999999999999,1.9846,1.9715,1.9747,11469,20
1211932800,1.9748,1.9826000000000001,1.9705,1.9802,11904,20
1212019200,1.9803,1.9818,1.9672,1.9755,14554,20
1212105600,1.9754,1.9822,1.9683000000000002,1.9822,12931,20
1212364800,1.9766,1.9771,1.9595,1.9657,13899,20
1212451200,1.9658,1.9741,1.9605000000000001,1.9615,14953,20
1212537600,1.9618,1.9636,1.9526,1.9539,12698,20
1212624000,1.954,1.9597,1.9461,1.9578,14249,20
1212710400,1.9576,1.9734,1.9537,1.9707,13608,20
1212969600,1.9704000000000002,1.98,1.9670999999999998,1.974,15750,20
1213056000,1.9738,1.9754,1.9518,1.9536,15837,20
1213142400,1.9534,1.9666000000000001,1.9489999999999998,1.9634,13046,20
1213228800,1.9639,1.9644,1.9434,1.9456,14830,20
1213315200,1.9455,1.9512,1.9407999999999999,1.9476,13697,20
1213574400,1.9471,1.9687000000000001,1.9461,1.9632,11082,20
1213660800,1.9634,1.9698,1.9468999999999999,1.9563000000000001,15222,20
1213747200,1.9566,1.9609999999999999,1.9477,1.9588,11363,20
1213833600,1.9585,1.9744000000000002,1.9579,1.9721,13115,20
1213920000,1.972,1.9790999999999999,1.97,1.976,10147,20
1214179200,1.9750999999999999,1.9756,1.9586000000000001,1.9649,9843,20
1214265600,1.9649999999999999,1.9723000000000002,1.9625,1.9708,10168,20
1214352000,1.9708999999999999,1.9769,1.9654,1.9744000000000002,10958,20
1214438400,1.9745,1.9895,1.9714,1.9887000000000001,12970,20
1214524800,1.9886,1.9950999999999999,1.9804,1.9949,11572,20
1214784000,1.9943,1.9966,1.988,1.9935,11212,20
1214870400,1.9933,2.0006,1.9888,1.9952,11350,20
1214956800,1.9952999999999999,1.9973999999999998,1.9844,1.9935,11735,20
1215043200,1.9933999999999998,1.9937,1.98,1.983,11794,20
1215129600,1.9828000000000001,1.9848,1.9794,1.9823,7385,20
1215388800,1.9825,1.9828000000000001,1.9647000000000001,1.9756,11566,20
1215475200,1.9759,1.9797,1.9665,1.9693,11613,20
1215561600,1.9695,1.9837,1.9670999999999998,1.9835,11260,20
1215648000,1.9834,1.9834,1.9713,1.9774,11908,20
1215734400,1.9771999999999998,1.9959,1.9752999999999998,1.9886,12240,20
1215993600,1.991,1.9962,1.9814,1.9947,12021,20
1216080000,1.9942,2.0158,1.9931,2.0055,15504,20
1216166400,2.0056,2.0095,1.9958,1.9982,12941,20
1216252800,1.9981,2.0072,1.9949,1.9986000000000002,14133,20
1216339200,1.9985,1.9996,1.9906000000000001,1.9984,12340,20
1216598400,1.9952,2.0038,1.9907,2.0029,9870,20
1216684800,2.0027,2.0076,1.9897,1.9912,11804,20
1216771200,1.9912999999999998,2.003,1.9903,1.9973,14349,20
1216857600,1.9971999999999999,1.9989,1.9817,1.9862,14810,20
1216944000,1.9861,1.9978,1.9830999999999999,1.9916,13738,20
1217203200,1.991,1.9963,1.9841,1.9943,9992,20
1217289600,1.9946000000000002,1.9968,1.9761,1.9799,10832,20
1217376000,1.9797,1.9841,1.9744000000000002,1.9814,11652,20
1217462400,1.9813,1.9929000000000001,1.9781,1.9832999999999998,11756,20
1217548800,1.9832999999999998,1.9841,1.9727000000000001,1.9752,11480,20
1217808000,1.9755,1.9758,1.9599,1.9611,9587,20
1217894400,1.9612,1.9625,1.9521,1.9529,12061,20
1217980800,1.9531,1.9594,1.9466,1.9471,10588,20
1218067200,1.9468999999999999,1.9538,1.942,1.9433,12984,20
1218153600,1.9432,1.9437,1.9146,1.9209,17493,20
1218412800,1.9137,1.9256,1.9066,1.9102999999999999,15132,20
1218499200,1.9099,1.9122,1.8952,1.8958,16696,20
1218585600,1.8955,1.9035,1.8639999999999999,1.8692,19669,20
1218672000,1.8693,1.8787,1.8618999999999999,1.8683999999999998,16126,20
1218758400,1.8683,1.8683999999999998,1.8512,1.8660999999999999,14812,20
1219017600,1.8643999999999998,1.8721999999999999,1.8620999999999999,1.8620999999999999,12366,20
1219104000,1.8616000000000001,1.8679999999999999,1.8537,1.8666,11736,20
1219190400,1.8668,1.8683999999999998,1.854,1.8613,10385,20
1219276800,1.861,1.8794,1.8605,1.8776000000000002,12451,20
1219363200,1.8774,1.8779,1.8505,1.8526,6815,20
1219622400,1.8516,1.859,1.8405,1.8526,11107,20
1219708800,1.8524,1.8529,1.833,1.8382,14174,20
1219795200,1.8384,1.8488,1.8285,1.8343,14837,20
1219881600,1.8342,1.8397999999999999,1.8239999999999998,1.8286,18059,20
1219968000,1.8287,1.8342,1.8174000000000001,1.821,13860,20
1220227200,1.811,1.8127,1.7983,1.7991000000000001,14326,20
1220313600,1.7993000000000001,1.8002,1.7782,1.7832,20682,20
1220400000,1.7831000000000001,1.784,1.7667000000000002,1.7751000000000001,18698,20
1220486400,1.7752,1.786,1.7555,1.7602,21352,20
1220572800,1.7603,1.7745,1.7537,1.7665,24037,20
1220832000,1.7872,1.7974,1.7471,1.7579,25743,20
1220918400,1.7574,1.7707000000000002,1.7505,1.759,22763,20
1221004800,1.7588,1.7678,1.748,1.7492999999999999,19984,20
1221091200,1.7498,1.7610999999999999,1.7446000000000002,1.7584,21898,20
1221177600,1.7585,1.7957999999999998,1.7543,1.7941,20460,20
1221436800,1.7991000000000001,1.813,1.7765,1.7987,26708,20
1221523200,1.7988,1.8010000000000002,1.7731,1.7809,28056,20
1221609600,1.7807,1.8244,1.7787,1.8136999999999999,25717,20
1221696000,1.8145,1.8277,1.8090000000000002,1.8157,25861,20
1221782400,1.8164,1.8387,1.7915999999999999,1.8315000000000001,23764,20
1222041600,1.8325,1.8641,1.8264,1.8578999999999999,22787,20
1222128000,1.8576000000000001,1.8634,1.8472,1.8533,17219,20
1222214400,1.8532,1.8606,1.8458,1.8467,17902,20
1222300800,1.8471,1.8668,1.8306,1.8382,19595,20
1222387200,1.8385,1.8468,1.8335,1.8441,20227,20
1222646400,1.8279999999999998,1.8342,1.796,1.8043,23000,20
1222732800,1.804,1.8117999999999999,1.7759,1.7835,24975,20
1222819200,1.7838,1.7873,1.7633999999999999,1.7704,25236,20
1222905600,1.7705,1.7725,1.7551,1.7625,24924,20
1222992000,1.7624,1.7835999999999999,1.756,1.7713999999999999,24388,20
1223251200,1.7624,1.7694999999999999,1.7335,1.7433,32350,20
1223337600,1.7433999999999998,1.7658,1.7318,1.7516,30620,20
1223424000,1.7519,1.7659,1.726,1.7274,35560,20
1223510400,1.7276,1.7398,1.7063000000000001,1.7094,27071,20
1223596800,1.7093,1.7179,1.6785999999999999,1.7048999999999999,32148,20
1223856000,1.7118,1.7442,1.6926,1.7409,28219,20
1223942400,1.741,1.7623,1.7391999999999999,1.7412999999999998,27954,20
1224028800,1.7414,1.7602,1.7136,1.7144,27507,20
1224115200,1.7143000000000002,1.7353,1.714,1.7319,30868,20
1224201600,1.7318,1.7381,1.7224,1.7281,17128,20
1224460800,1.7306,1.7517,1.7104,1.7151999999999998,20635,20
1224547200,1.7147000000000001,1.7197,1.6652,1.669,25206,20
1224633600,1.6694,1.6716,1.6136,1.6209,33357,20
1224720000,1.621,1.6343999999999999,1.6045,1.6303999999999998,28956,20
1224806400,1.6303,1.6303999999999998,1.5269,1.5907,44858,20
1225065600,1.5725,1.5876000000000001,1.5278,1.5535,41145,20
1225152000,1.5531000000000001,1.6036000000000001,1.5407,1.6026,33407,20
1225238400,1.6025,1.6473,1.5937999999999999,1.6362999999999999,37836,20
1225324800,1.6360999999999999,1.6671,1.6212,1.6373,36212,20
1225411200,1.638,1.6418,1.6002,1.6075,37667,20
1225670400,1.6101,1.6397,1.5724,1.5732,33354,20
1225756800,1.5733000000000001,1.6107,1.5603,1.5965,39021,20
1225843200,1.5962,1.6198000000000001,1.5762,1.5884,42279,20
1225929600,1.5886,1.6038999999999999,1.5558999999999998,1.5567,38861,20
1226016000,1.5568,1.5876000000000001,1.5535,1.5642,28043,20
1226275200,1.5763,1.5884,1.5574,1.5625,23492,20
1226361600,1.5626,1.5703,1.536,1.5379,22924,20
1226448000,1.5377999999999998,1.5484,1.4833,1.4856,24461,20
1226534400,1.4854,1.4993,1.4557,1.4828999999999999,29335,20
1226620800,1.4830999999999999,1.4961,1.4656,1.4739,31143,20
1226880000,1.4666000000000001,1.5083,1.4657,1.4953,26808,20
1226966400,1.4952,1.509,1.49,1.4975,20157,20
1227052800,1.4979,1.5248,1.4903,1.4959,21737,20
1227139200,1.4956,1.4993,1.4712,1.4737,23072,20
1227225600,1.4733,1.5061,1.4705,1.4925,21166,20
1227484800,1.4957,1.5189,1.4842,1.5185,21836,20
1227571200,1.5183,1.5534,1.4982,1.5455999999999999,24214,20
1227657600,1.5455,1.5455,1.5177,1.5342,21068,20
1227744000,1.5341,1.5512000000000001,1.5312999999999999,1.5394,13599,20
1227830400,1.5387,1.5448,1.5259,1.5369000000000002,17252,20
1228089600,1.5381,1.5396,1.4807000000000001,1.4887000000000001,19515,20
1228176000,1.4886,1.5069,1.4777,1.4917,21171,20
1228262400,1.4919,1.4931,1.4665,1.4776,21383,20
1228348800,1.4773,1.4813,1.4466999999999999,1.4687000000000001,23209,20
1228435200,1.4682,1.4774,1.453,1.4685000000000001,20996,20
1228694400,1.4716,1.5047000000000001,1.4683,1.4891,19001,20
1228780800,1.4889000000000001,1.4898,1.4679,1.4755,14569,20
1228867200,1.4756,1.4878,1.4734,1.4798,13252,20
1228953600,1.4797,1.508,1.4772,1.5039,14916,20
1229040000,1.5038,1.5112999999999999,1.4816,1.4944,16858,20
1229299200,1.4958,1.5375999999999999,1.492,1.5311,22862,20
1229385600,1.5309,1.5647,1.5204,1.5577999999999999,16740,20
1229472000,1.5577,1.5722,1.5247000000000002,1.5514000000000001,20621,20
1229558400,1.5516999999999999,1.5615999999999999,1.4896,1.5029,28861,20
1229644800,1.5027,1.5186,1.4809999999999999,1.4927000000000001,24816,20
1229904000,1.4948000000000001,1.499,1.4686,1.482,19610,20
1229990400,1.4821,1.4897,1.4671,1.4727000000000001,18426,20
1230076800,1.4719,1.4804,1.4658,1.4712,13875,20
1230249600,1.4767000000000001,1.4783,1.4581,1.4617,4416,20
1230508800,1.4657,1.4769999999999999,1.4382,1.4418,12962,20
1230595200,1.4414,1.4551,1.4394,1.443,11083,20
1230681600,1.4426999999999999,1.4698,1.4354,1.4537,10735,20
1230854400,1.4607999999999999,1.461,1.4377,1.4546999999999999,10964,20
1231113600,1.4546000000000001,1.4738,1.4431,1.4689,19606,20
1231200000,1.4681,1.4992,1.4503,1.4903,21496,20
1231286400,1.4905,1.5279,1.4805,1.5119,20224,20
1231372800,1.5114,1.5372,1.4983,1.5228000000000002,22048,20
1231459200,1.5229,1.5348000000000002,1.5116,1.5163,25598,20
1231718400,1.5068000000000001,1.5114999999999998,1.4802,1.4814,27349,20
1231804800,1.4811,1.4828000000000001,1.4469,1.4508,27722,20
1231891200,1.4509,1.4706000000000001,1.4491,1.4591,25903,20
1231977600,1.459,1.4683,1.4475,1.4652,26002,20
1232064000,1.4653,1.498,1.4647999999999999,1.4732,28205,20
1232323200,1.4872,1.4909,1.4357,1.4385,22041,20
1232409600,1.4391,1.4444,1.3811,1.3871,36350,20
1232496000,1.387,1.4025,1.3620999999999999,1.4021,35008,20
1232582400,1.4018,1.4020000000000001,1.3689,1.3884,31722,20
1232668800,1.3889,1.3891,1.3503,1.3799000000000001,31417,20
1232928000,1.3682,1.4062999999999999,1.3547,1.4008,36273,20
1233014400,1.4007,1.424,1.3928,1.4156,31515,20
1233100800,1.4152,1.4374,1.4123999999999999,1.4245,29513,20
1233187200,1.4243999999999999,1.441,1.4071,1.4285,27653,20
1233273600,1.4284,1.4542,1.4186,1.4539,32667,20
1233532800,1.4438,1.4468,1.4051,1.423,31478,20
1233619200,1.4231,1.4484,1.4152,1.4428,28055,20
1233705600,1.4429,1.4577,1.4323000000000001,1.4441,29507,20
1233792000,1.444,1.4702,1.4365999999999999,1.4626000000000001,30612,20
1233878400,1.4625,1.4842,1.4588,1.4786000000000001,26975,20
1234137600,1.48118,1.49845,1.47019,1.48885,41022,20
1234224000,1.48895,1.49125,1.4454500000000001,1.4539,39927,20
1234310400,1.454,1.4565000000000001,1.4315,1.4365999999999999,35841,20
1234396800,1.4368,1.44135,1.4134,1.4289,34294,20
1234483200,1.4287,1.46055,1.4252,1.4353500000000001,28915,20
1234742400,1.42115,1.4318,1.4149,1.42878,19167,20
1234828800,1.42839,1.43125,1.41225,1.42365,33743,20
1234915200,1.4234499999999999,1.42975,1.4093,1.42373,30805,20
1235001600,1.42371,1.4447,1.42161,1.42945,32911,20
1235088000,1.4292500000000001,1.44835,1.41495,1.44315,29885,20
1235347200,1.4397,1.46605,1.4364,1.44954,50322,20
1235433600,1.44942,1.45774,1.43734,1.45235,47818,20
1235520000,1.45245,1.46055,1.41737,1.42105,42432,20
1235606400,1.42122,1.43826,1.416,1.4306,40716,20
1235692800,1.43055,1.43636,1.41105,1.43145,44310,20
1235952000,1.4269,1.4288,1.39566,1.40316,52762,20
1236038400,1.4031500000000001,1.41557,1.39837,1.40299,54754,20
1236124800,1.40306,1.41985,1.3985,1.41865,42324,20
1236211200,1.4186,1.4232,1.40366,1.41211,36833,20
1236297600,1.41216,1.43046,1.4038599999999999,1.40921,41699,20
1236556800,1.41265,1.41821,1.37411,1.37718,41174,20
1236643200,1.3771,1.39071,1.36881,1.37726,39940,20
1236729600,1.37721,1.3888,1.36542,1.38486,39891,20
1236816000,1.3850799999999999,1.3982700000000001,1.36998,1.39179,43590,20
1236902400,1.3918,1.407,1.38626,1.40011,45685,20
1237161600,1.39135,1.42306,1.39121,1.40701,39805,20
1237248000,1.40711,1.41371,1.39636,1.40558,47739,20
1237334400,1.4055900000000001,1.43331,1.38436,1.42819,59099,20
1237420800,1.42839,1.45948,1.4161000000000001,1.44955,66764,20
1237507200,1.44956,1.45872,1.4394,1.4463599999999999,50312,20
1237766400,1.4491,1.46485,1.44481,1.45567,38187,20
1237852800,1.45561,1.47785,1.45547,1.47157,44796,20
1237939200,1.47164,1.47375,1.45146,1.45459,50018,20
1238025600,1.4545,1.46366,1.44226,1.44563,47646,20
1238112000,1.4457200000000001,1.44931,1.42676,1.43191,45809,20
1238371200,1.42458,1.42966,1.41096,1.42645,39943,20
1238457600,1.42636,1.4372,1.42391,1.43231,52206,20
1238544000,1.43221,1.44832,1.42721,1.44516,45362,20
1238630400,1.4452099999999999,1.4748999999999999,1.4451100000000001,1.47312,45420,20
1238716800,1.47311,1.4846,1.46479,1.48387,38716,20
1238976000,1.48447,1.49574,1.46696,1.47445,40686,20
1239062400,1.47451,1.4775800000000001,1.4579900000000001,1.47382,46466,20
1239148800,1.4736799999999999,1.47459,1.4634800000000001,1.47019,51829,20
1239235200,1.4700199999999999,1.4778,1.45854,1.4669400000000001,50446,20
1239321600,1.46695,1.46811,1.46171,1.46776,19459,20
1239580800,1.46402,1.48675,1.46041,1.4847299999999999,32818,20
1239667200,1.48478,1.49435,1.4824899999999999,1.4893100000000001,42376,20
1239753600,1.48856,1.50346,1.48213,1.49858,54503,20
1239840000,1.49861,1.5066199999999998,1.4837500000000001,1.49187,51929,20
1239926400,1.49186,1.49406,1.4754,1.47961,42916,20
1240185600,1.47806,1.48135,1.45,1.45371,39935,20
1240272000,1.45376,1.47075,1.4467400000000001,1.4672399999999999,50409,20
1240358400,1.46723,1.46845,1.43958,1.44791,51036,20
1240444800,1.4479600000000001,1.47411,1.44404,1.47066,40953,20
1240531200,1.47051,1.47733,1.4573800000000001,1.46775,42318,20
1240790400,1.46628,1.4693399999999999,1.4514,1.4622600000000001,38860,20
1240876800,1.46231,1.46896,1.45154,1.46266,44993,20
1240963200,1.4627,1.48116,1.46167,1.47508,42114,20
1241049600,1.47513,1.4945599999999999,1.47031,1.47781,58219,20
1241136000,1.4778,1.49326,1.47531,1.49216,38729,20
1241395200,1.49211,1.50362,1.4834800000000001,1.50349,33795,20
1241481600,1.50346,1.5160900000000002,1.4982,1.5060799999999999,59579,20
1241568000,1.5061,1.51494,1.49911,1.51179,61120,20
1241654400,1.51178,1.51952,1.49424,1.50281,60282,20
1241740800,1.50277,1.52466,1.49672,1.52331,50131,20
1242000000,1.52276,1.5245,1.5065,1.51125,42847,20
1242086400,1.51126,1.5352000000000001,1.50725,1.52678,49794,20
1242172800,1.52677,1.5330599999999999,1.5084499999999998,1.51531,59066,20
1242259200,1.51481,1.5245600000000001,1.50575,1.5215100000000001,51664,20
1242345600,1.52152,1.52867,1.51326,1.51788,60768,20
1242604800,1.5171999999999999,1.5348000000000002,1.5116,1.5337,56440,20
1242691200,1.5337,1.5522,1.5293999999999999,1.5473,68124,20
1242777600,1.5472000000000001,1.5791,1.5447,1.5737999999999999,69423,20
1242864000,1.5737999999999999,1.5889,1.5514999999999999,1.5849,76673,20
1242950400,1.5849,1.5941999999999998,1.5756000000000001,1.593,82528,20
1243209600,1.5929,1.5937000000000001,1.5834000000000001,1.5918,31936,20
1243296000,1.5918,1.5968,1.5777,1.5928,87533,20
1243382400,1.5929,1.6084,1.5925,1.5960999999999999,103795,20
1243468800,1.5958999999999999,1.6012,1.5853000000000002,1.593,103162,20
1243555200,1.5931,1.6196000000000002,1.5917,1.6188,95659,20
1243814400,1.6181999999999999,1.6495,1.6162,1.6439,102171,20
1243900800,1.6439,1.6595,1.6322999999999999,1.6583,102524,20
1243987200,1.6583,1.6661000000000001,1.6242,1.6295,117423,20
1244073600,1.6297000000000001,1.6432,1.6092,1.6137000000000001,118618,20
1244160000,1.6137000000000001,1.624,1.5941,1.5979,107154,20
1244419200,1.5953,1.6101,1.5802,1.6042,93486,20
1244505600,1.6045,1.6359,1.5985,1.6314,99724,20
1244592000,1.6315,1.6471,1.624,1.6343,111331,20
1244678400,1.6343,1.6617,1.634,1.6572,102822,20
1244764800,1.6572,1.6596,1.6347,1.6442999999999999,44891,20
1245024000,1.6425,1.6442999999999999,1.6242,1.6303999999999998,27407,20
1245110400,1.6303,1.6508,1.621,1.6395,32608,20
1245196800,1.6396,1.6482999999999999,1.6219999999999999,1.6389,23003,20
1245283200,1.639,1.6469,1.6188,1.6341,23584,20
1245369600,1.6341999999999999,1.6561,1.6305,1.6494,20222,20
1245628800,1.6505999999999998,1.6515,1.6320999999999999,1.6343999999999999,19591,20
1245715200,1.6343,1.6474,1.6209,1.645,25285,20
1245801600,1.6449,1.6602000000000001,1.637,1.6411,28413,20
1245888000,1.6412,1.6468,1.6232,1.6378599999999999,56423,20
1245974400,1.63784,1.65586,1.63644,1.65244,88096,20
1246233600,1.65011,1.6585299999999998,1.64279,1.65556,76806,20
1246320000,1.6555499999999999,1.67427,1.64216,1.6463999999999999,94299,20
1246406400,1.64638,1.65434,1.63839,1.64846,71207,20
1246492800,1.6484,1.64989,1.6324,1.6338,60093,20
1246579200,1.634,1.6429,1.6303,1.6332,13468,20
1246838400,1.6282999999999999,1.6328,1.6095000000000002,1.6272,21753,20
1246924800,1.6271,1.6295,1.6118000000000001,1.6127,22430,20
1247011200,1.6126,1.6138,1.5985,1.6053,24395,20
1247097600,1.6054,1.638,1.6028,1.6339000000000001,24866,20
1247184000,1.6338,1.6341,1.6155,1.6211,22549,20
1247443200,1.6183,1.6242,1.6034000000000002,1.6242,22701,20
1247529600,1.6242999999999999,1.6343999999999999,1.6228,1.6324999999999998,27904,20
1247616000,1.6322999999999999,1.6467,1.6301999999999999,1.6421999999999999,20236,20
1247702400,1.6423,1.6481,1.6356000000000002,1.6441,20752,20
1247788800,1.6440000000000001,1.6441,1.6266,1.6335,19774,20
1248048000,1.6362,1.6557,1.6359,1.6547,21514,20
1248134400,1.6545999999999998,1.6552,1.6383999999999999,1.645,20764,20
1248220800,1.6451,1.6505,1.6311,1.6461000000000001,20539,20
1248307200,1.646,1.6583999999999999,1.6434,1.6487,20545,20
1248393600,1.6486,1.6543,1.6391,1.6423999999999999,16715,20
1248652800,1.6448,1.6524,1.6381999999999999,1.6491,14880,20
1248739200,1.649,1.6556,1.6391,1.6425999999999998,14569,20
1248825600,1.6427,1.6469,1.6347,1.6368,19043,20
1248912000,1.6369,1.6526,1.634,1.6493,17098,20
1248998400,1.6497000000000002,1.6732,1.6474,1.6712,15208,20
1249257600,1.6861000000000002,1.6985999999999999,1.6818,1.6938,9472,20
1249344000,1.6939,1.7004000000000001,1.6888999999999998,1.6934,16644,20
1249430400,1.6935,1.7043,1.6902,1.6993,18071,20
1249516800,1.6994,1.7031,1.6752,1.6777,17787,20
1249603200,1.6776,1.6835,1.6652,1.6683,16548,20
1249862400,1.6682000000000001,1.6718,1.6431,1.6486,16819,20
1249948800,1.6482,1.6522000000000001,1.6432,1.6478000000000002,14742,20
1250035200,1.6479,1.6560000000000001,1.6392,1.6493,17535,20
1250121600,1.6495,1.6663999999999999,1.6484999999999999,1.657,16964,20
1250208000,1.6569,1.6608,1.6484999999999999,1.6543,14688,20
1250467200,1.6505,1.6519,1.6276000000000002,1.6334,16265,20
1250553600,1.6333,1.6587,1.6326,1.6559,12683,20
1250640000,1.6558000000000002,1.6593,1.6376,1.6538,17344,20
1250726400,1.6537,1.6606,1.6451,1.6502,14027,20
1250812800,1.6503,1.6623999999999999,1.642,1.6507,14499,20
1251072000,1.6503999999999999,1.6545,1.6393,1.6414,10733,20
1251158400,1.6413,1.6444,1.6331,1.6343999999999999,13866,20
1251244800,1.6345,1.6354,1.616,1.6232,14672,20
1251331200,1.6231,1.6303,1.6154,1.627,14904,20
1251417600,1.6271,1.6377000000000002,1.6258,1.627,13066,20
1251676800,1.6267,1.633,1.6183999999999998,1.6286,11409,20
1251763200,1.6284,1.6373,1.6113,1.6152,60886,20
1251849600,1.6153,1.6298,1.6114000000000002,1.6265,59558,20
1251936000,1.6265,1.6411,1.6236000000000002,1.6331,54670,20
1252022400,1.6331,1.6409,1.6284999999999998,1.6391,48249,20
1252281600,1.6393,1.6440000000000001,1.6326,1.634,36907,20
1252368000,1.6341,1.6585,1.6322,1.65,54435,20
1252454400,1.65,1.6591,1.6454,1.6545999999999998,34338,20
1252540800,1.6547,1.6686,1.6480000000000001,1.6655,12838,20
1252627200,1.6656,1.6741000000000001,1.6643,1.6655,13023,20
1252886400,1.6684,1.6684,1.6521,1.6578,12662,20
1252972800,1.6577,1.6657,1.6402999999999999,1.6486,13426,20
1253059200,1.6484999999999999,1.6533,1.6432,1.6482,13378,20
1253145600,1.6481,1.6566999999999998,1.6425,1.6447,13546,20
1253232000,1.6446,1.6453,1.623,1.627,13088,20
1253491200,1.6216,1.6263999999999998,1.6133,1.6207,11673,20
1253577600,1.6208,1.6394,1.6208,1.6354,12551,20
1253664000,1.6353,1.6467,1.6324,1.6326,15581,20
1253750400,1.6324,1.6385999999999998,1.6021999999999998,1.6061,16357,20
1253836800,1.6061999999999999,1.6061999999999999,1.5916000000000001,1.5949,15880,20
1254096000,1.5967,1.5968,1.577,1.5878999999999999,15793,20
1254182400,1.588,1.5988,1.5824,1.5958,16354,20
1254268800,1.5957,1.6125,1.5944,1.6006,17077,20
1254355200,1.6005,1.6023,1.5924,1.5941,15327,20
1254441600,1.5941999999999998,1.5954000000000002,1.5806,1.5945,14275,20
1254700800,1.5927,1.6023,1.5901999999999998,1.5933000000000002,11543,20
1254787200,1.5932,1.6046,1.5876000000000001,1.5912,33372,20
1254873600,1.5913,1.5971,1.5857999999999999,1.5957,13896,20
1254960000,1.5955,1.6115,1.5949,1.6067,14724,20
1255046400,1.6068,1.6072,1.5825,1.5844,13848,20
1255305600,1.5856,1.5882,1.5728,1.58,10761,20
1255392000,1.5798999999999999,1.5937999999999999,1.5708,1.5917,14579,20
1255478400,1.592,1.6024,1.5901999999999998,1.6002,14149,20
1255564800,1.6000999999999999,1.6298,1.5993,1.626,13967,20
1255651200,1.6259000000000001,1.6398000000000001,1.6252,1.6355,14528,20
1255910400,1.6313,1.6434,1.6240999999999999,1.6423999999999999,12470,20
1255996800,1.6423,1.6488,1.6328,1.6385,13452,20
1256083200,1.6385999999999998,1.6636,1.6346,1.659,13827,20
1256169600,1.6591,1.6637,1.6486,1.6616,12942,20
1256256000,1.6615,1.6692,1.6299000000000001,1.6305,14588,20
1256515200,1.6317,1.6395,1.6251,1.6320999999999999,11539,20
1256601600,1.6322,1.6438000000000001,1.6284999999999998,1.6373,14200,20
1256688000,1.6374,1.6461999999999999,1.6286,1.639,14171,20
1256774400,1.6391,1.6602999999999999,1.6338,1.6561,13423,20
1256860800,1.65606,1.6577600000000001,1.64089,1.6448800000000001,61605,20
1257120000,1.6392799999999998,1.6477,1.63287,1.64025,64794,17
1257206400,1.64022,1.64542,1.6261700000000001,1.64211,61711,22
1257292800,1.64215,1.65965,1.6400299999999999,1.6560700000000002,61814,20
1257379200,1.65613,1.66351,1.64656,1.65775,61956,15
1257465600,1.65773,1.66333,1.6516899999999999,1.6610200000000002,51049,20
1257724800,1.6646,1.68414,1.66154,1.67621,55108,15
1257811200,1.67832,1.67873,1.6601,1.67373,59495,28
1257897600,1.67371,1.67967,1.65354,1.6580300000000001,62260,21
1257984000,1.65798,1.66247,1.6514799999999998,1.65808,65473,19
1258070400,1.65807,1.6705299999999998,1.6574200000000001,1.66724,53968,18
1258329600,1.6710099999999999,1.6875200000000001,1.6669,1.68225,58134,21
1258416000,1.6822599999999999,1.68738,1.67563,1.6802899999999998,65908,19
1258502400,1.68031,1.68445,1.6713900000000002,1.67422,59186,19
1258588800,1.67421,1.6745700000000001,1.66056,1.66525,62593,21
1258675200,1.66527,1.66743,1.64598,1.65018,60427,22
1258934400,1.64757,1.66472,1.64751,1.6609500000000001,55122,20
1259020800,1.66094,1.66177,1.64968,1.65793,61001,20
1259107200,1.6579700000000002,1.67447,1.6576499999999998,1.6698499999999998,55792,21
1259193600,1.66984,1.67248,1.64665,1.64987,52062,21
1259280000,1.64988,1.65104,1.62711,1.64995,63819,18
1259539200,1.65251,1.65918,1.6379899999999998,1.6446800000000001,63524,20
1259625600,1.64473,1.6646,1.6391200000000001,1.6606100000000001,57009,15
1259712000,1.66066,1.66944,1.65496,1.66403,52811,20
1259798400,1.66408,1.67206,1.65283,1.6534,51616,20
1259884800,1.65348,1.6671399999999998,1.64215,1.64733,55341,19
1260144000,1.64628,1.65154,1.63131,1.64544,68410,16
1260230400,1.64542,1.6476,1.62551,1.62673,78588,19
1260316800,1.62676,1.63708,1.61669,1.62866,71040,20
1260403200,1.62867,1.6345399999999999,1.62142,1.6282299999999998,56785,20
1260489600,1.62824,1.63374,1.6197,1.62605,50629,20
1260748800,1.6221,1.63239,1.61896,1.6298599999999999,51945,20
1260835200,1.6299000000000001,1.63178,1.62051,1.6267200000000002,48179,20
1260921600,1.62669,1.64087,1.62306,1.6327500000000001,50757,24
1261008000,1.63274,1.63399,1.60789,1.61618,54861,20
1261094400,1.61619,1.62462,1.60497,1.61558,50679,20
1261353600,1.61163,1.6162,1.60278,1.60481,45575,20
1261440000,1.60432,1.6097000000000001,1.59195,1.59599,46335,20
1261526400,1.5960299999999998,1.5990799999999998,1.59219,1.5958299999999999,41865,24
1261612800,1.59584,1.60198,1.59257,1.5945399999999998,25543,25
1261958400,1.59442,1.60114,1.59301,1.59984,28682,30
1262044800,1.59985,1.6064699999999998,1.5864099999999999,1.58999,41500,20
1262131200,1.58996,1.6091199999999999,1.58294,1.60714,43432,20
1262217600,1.60717,1.6232199999999999,1.60465,1.61443,35682,25
1262563200,1.6120999999999999,1.6238000000000001,1.60554,1.60877,55538,23
1262649600,1.6087500000000001,1.6151,1.59633,1.59851,56438,22
1262736000,1.59849,1.60609,1.59361,1.60076,56201,20
1262822400,1.60086,1.60574,1.58961,1.5925799999999999,51772,20
1262908800,1.5925500000000001,1.61093,1.5914700000000002,1.60212,41803,20
1263168000,1.60585,1.6192,1.60585,1.61131,52033,20
1263254400,1.6113499999999998,1.61931,1.60623,1.61676,53984,21
1263340800,1.61674,1.63055,1.61356,1.6271200000000001,57318,20
1263427200,1.62816,1.6344699999999999,1.6249500000000001,1.63365,51906,20
1263513600,1.63368,1.63536,1.62096,1.6262699999999999,58999,20
1263772800,1.627,1.63775,1.62497,1.63462,47608,20
1263859200,1.63466,1.64561,1.63114,1.6361400000000001,60846,20
1263945600,1.63619,1.6369500000000001,1.62433,1.6296,64418,20
1264032000,1.62957,1.63107,1.61247,1.61948,66637,23
1264118400,1.61943,1.62828,1.60777,1.61121,61819,20
1264377600,1.6106,1.6258599999999999,1.60956,1.62453,54257,20
1264464000,1.62454,1.6267200000000002,1.60927,1.61496,60410,20
1264550400,1.61493,1.62432,1.61068,1.6177000000000001,62252,22
1264636800,1.6176599999999999,1.6274600000000001,1.61121,1.61231,61642,20
1264723200,1.6122999999999998,1.61782,1.59781,1.5982699999999999,59743,20
1264982400,1.59464,1.5977700000000001,1.585,1.5962800000000001,57773,22
1265068800,1.59634,1.59937,1.59026,1.59765,51409,22
1265155200,1.59758,1.6068099999999998,1.5876000000000001,1.59008,52332,20
1265241600,1.5900400000000001,1.5917599999999998,1.57304,1.57663,57922,22
1265328000,1.5766,1.57747,1.55582,1.5639699999999999,63853,20
1265587200,1.55973,1.5658400000000001,1.5534,1.5589499999999998,56641,23
1265673600,1.55888,1.57454,1.55616,1.57096,61637,23
1265760000,1.5705900000000002,1.5763099999999999,1.55708,1.55975,59181,20
1265846400,1.5596,1.57157,1.55594,1.5694,58754,22
1265932800,1.5694,1.57399,1.5581,1.56997,59323,20
1266192000,1.56651,1.57192,1.5612,1.5666,35786,20
1266278400,1.5665900000000001,1.57939,1.56267,1.57839,52638,20
1266364800,1.57839,1.5814599999999999,1.56658,1.56806,55594,20
1266451200,1.56812,1.5686499999999999,1.54732,1.54818,59207,20
1266537600,1.54817,1.54932,1.53501,1.54725,61307,20
1266796800,1.54547,1.55196,1.54301,1.54812,50118,15
1266883200,1.54817,1.55745,1.5392700000000001,1.54346,60886,15
1266969600,1.54346,1.54755,1.5385900000000001,1.5407899999999999,57202,15
1267056000,1.5407899999999999,1.5420500000000001,1.51895,1.52568,60283,18
1267142400,1.52572,1.5318800000000001,1.51518,1.52351,61899,15
1267401600,1.51539,1.52027,1.47838,1.49962,64632,15
1267488000,1.49966,1.4996800000000001,1.48538,1.49611,62623,20
1267574400,1.49613,1.5128599999999999,1.49589,1.50976,60967,15
1267660800,1.50976,1.51356,1.50053,1.50255,56105,15
1267747200,1.5025300000000001,1.5165600000000001,1.49919,1.5137399999999999,49163,15
1268006400,1.51311,1.51949,1.50301,1.50536,46958,17
1268092800,1.5052699999999999,1.5052699999999999,1.49353,1.49999,49183,19
1268179200,1.50007,1.50153,1.48721,1.49825,45987,21
1268265600,1.49825,1.50688,1.49455,1.50672,43796,20
1268352000,1.5067,1.52165,1.50259,1.52031,44364,22
1268611200,1.5175800000000002,1.52057,1.50191,1.50446,48605,21
1268697600,1.50447,1.52579,1.49771,1.52321,52503,21
1268784000,1.52322,1.53816,1.52082,1.53185,52443,15
1268870400,1.53185,1.53274,1.52162,1.52501,49554,20
1268956800,1.52503,1.52549,1.49886,1.5012400000000001,44445,20
1269216000,1.49935,1.51077,1.49311,1.5098,54742,20
1269302400,1.50973,1.51113,1.4972400000000001,1.50329,55062,20
1269388800,1.50329,1.50345,1.4852699999999999,1.4886,55087,18
1269475200,1.48864,1.49993,1.47983,1.48109,49472,21
1269561600,1.4812,1.49231,1.4806300000000001,1.48945,53031,21
1269820800,1.4954,1.5017800000000001,1.48913,1.49775,45990,21
1269907200,1.49775,1.5125,1.49737,1.50704,48656,22
1269993600,1.50699,1.52032,1.50424,1.51769,53681,20
1270080000,1.5177100000000001,1.5297399999999999,1.5171700000000001,1.52957,50449,19
1270166400,1.52959,1.52966,1.51816,1.5206300000000001,26246,18
1270425600,1.52658,1.5318100000000001,1.52229,1.52871,28026,18
1270512000,1.52873,1.5305900000000001,1.51282,1.52633,49760,21
1270598400,1.5264199999999999,1.52848,1.5138099999999999,1.52352,47935,20
1270684800,1.52342,1.5280200000000002,1.5140799999999999,1.52792,47456,15
1270771200,1.52792,1.53901,1.5266600000000001,1.53673,48700,18
1271030400,1.54378,1.5485,1.5351599999999999,1.5360399999999998,49938,18
1271116800,1.53599,1.5448300000000001,1.53356,1.53777,47669,20
1271203200,1.5377399999999999,1.54898,1.5371000000000001,1.54667,49968,17
1271289600,1.5467,1.55218,1.5385,1.54722,51998,18
1271376000,1.54726,1.54803,1.5358800000000001,1.5361500000000001,50708,23
1271635200,1.5290599999999999,1.53413,1.51912,1.53338,51105,20
1271721600,1.53339,1.54317,1.52891,1.53784,48144,18
1271808000,1.5377999999999998,1.54385,1.53315,1.5408300000000001,51047,20
1271894400,1.5408,1.54717,1.53418,1.53863,57904,21
1271980800,1.53874,1.5396100000000001,1.52946,1.5375,57008,21
1272240000,1.5386,1.54968,1.5373,1.5455299999999998,54496,17
1272326400,1.54552,1.54828,1.52251,1.52453,58004,18
1272412800,1.52481,1.5287,1.51251,1.52028,64781,17
1272499200,1.52026,1.53433,1.5142,1.5337,58344,15
1272585600,1.53369,1.5389300000000001,1.52528,1.52708,53161,17
1272844800,1.5312000000000001,1.53145,1.52104,1.5235400000000001,42776,15
1272931200,1.52352,1.5263900000000001,1.5089700000000001,1.5133299999999998,57340,18
1273017600,1.5133299999999998,1.51723,1.5067599999999999,1.51032,63374,15
1273104000,1.5103499999999999,1.5146600000000001,1.47139,1.47766,80705,18
1273190400,1.47764,1.49342,1.44751,1.48026,103699,22
1273449600,1.48384,1.50534,1.4760900000000001,1.48552,89560,21
1273536000,1.48532,1.50033,1.47197,1.4926599999999999,84571,18
1273622400,1.49265,1.50434,1.48182,1.48281,72094,21
1273708800,1.4828700000000001,1.4916,1.45718,1.4595799999999999,60959,15
1273795200,1.45956,1.4638200000000001,1.44949,1.45346,70255,21
1274054400,1.45244,1.45408,1.42509,1.4485000000000001,140643,24
1274140800,1.44846,1.45172,1.42755,1.42801,70431,20
1274227200,1.428,1.4465,1.42362,1.4453,46350,23
1274313600,1.445,1.44586,1.42323,1.43509,48652,24
1274400000,1.43513,1.4495,1.43173,1.44587,70286,25
1274659200,1.44651,1.45273,1.4351099999999999,1.44032,62760,23
1274745600,1.44045,1.44474,1.42584,1.44315,60106,23
1274832000,1.44315,1.44417,1.43303,1.43753,56179,20
1274918400,1.43765,1.46058,1.43722,1.45648,69035,24
1275004800,1.45645,1.46092,1.44341,1.44562,65788,19
1275264000,1.44308,1.45468,1.44266,1.45361,45658,16
1275350400,1.45356,1.47193,1.44384,1.46411,73409,21
1275436800,1.4641,1.4769,1.45529,1.46537,76808,20
1275523200,1.4653800000000001,1.47418,1.45856,1.46189,62478,10
1275609600,1.46192,1.46805,1.44525,1.44537,60841,17
1275868800,1.44183,1.45613,1.4387699999999999,1.44685,69966,20
1275955200,1.44686,1.45274,1.43456,1.4452099999999999,66974,20
1276041600,1.44522,1.46072,1.43954,1.45365,58351,19
1276128000,1.45365,1.47172,1.45084,1.4696799999999999,69943,21
1276214400,1.4696500000000001,1.4757799999999999,1.4503599999999999,1.455,82832,21
1276473600,1.45535,1.48078,1.4550100000000001,1.47342,61462,15
1276560000,1.47342,1.48361,1.4681899999999999,1.48008,98843,11
1276646400,1.48027,1.48542,1.4705300000000001,1.4717500000000001,58495,12
1276732800,1.47179,1.48365,1.46445,1.48121,62273,21
1276819200,1.48133,1.48852,1.47705,1.48223,53132,20
1277078400,1.48575,1.49352,1.47377,1.47614,67713,20
1277164800,1.47617,1.48577,1.46866,1.48031,59149,21
1277251200,1.48033,1.4972400000000001,1.48019,1.49572,47307,21
1277337600,1.49566,1.50102,1.49151,1.49217,62855,20
1277424000,1.49223,1.50756,1.48557,1.5060099999999998,52003,15
1277683200,1.5053800000000002,1.5128,1.50171,1.50955,48368,20
1277769600,1.50955,1.5119500000000001,1.5011299999999999,1.50582,49558,20
1277856000,1.50591,1.5072299999999998,1.49326,1.49393,60141,15
1277942400,1.49395,1.51892,1.4873,1.51665,59586,14
1278028800,1.51665,1.5228199999999998,1.51498,1.51938,49932,15
1278288000,1.5194,1.51978,1.5089299999999999,1.51341,28766,15
1278374400,1.51335,1.52263,1.5080900000000002,1.51491,44950,15
1278460800,1.51488,1.5218,1.50806,1.51784,45077,15
1278547200,1.51782,1.52401,1.5101499999999999,1.5161,44706,8
1278633600,1.51583,1.5203600000000002,1.505,1.50627,37233,11
1278892800,1.50617,1.50849,1.49478,1.5025300000000001,39596,13
1278979200,1.50255,1.5191599999999998,1.49638,1.51791,110818,8
1279065600,1.51782,1.5295800000000002,1.51725,1.52674,44707,15
1279152000,1.52671,1.54706,1.52355,1.54451,46739,15
1279238400,1.54453,1.5446499999999999,1.52783,1.52995,44176,17
1279497600,1.52885,1.53505,1.52027,1.52308,44221,15
1279584000,1.52309,1.53095,1.5153400000000001,1.5276100000000001,46330,17
1279670400,1.52762,1.53335,1.51235,1.51676,47195,15
1279756800,1.51675,1.5295,1.5149599999999999,1.5255800000000002,45373,17
1279843200,1.52557,1.54484,1.52556,1.54253,48536,17
1280102400,1.54136,1.55187,1.54091,1.54826,40290,17
1280188800,1.5482200000000002,1.5598999999999998,1.5442399999999998,1.5594999999999999,44939,17
1280275200,1.55951,1.56385,1.55469,1.5588,44906,15
1280361600,1.55883,1.5660699999999999,1.55789,1.561,42580,15
1280448000,1.561,1.572,1.55511,1.5687799999999998,44846,18
1280707200,1.5725,1.59062,1.56949,1.5886900000000002,39327,16
1280793600,1.58863,1.5966900000000002,1.58608,1.59456,38801,17
1280880000,1.59458,1.59627,1.58561,1.58854,39089,18
1280966400,1.58856,1.59231,1.58196,1.58865,37501,18
1281052800,1.5887,1.5997,1.5839400000000001,1.59406,36174,15
1281312000,1.59849,1.5993,1.5889799999999998,1.59012,31088,15
1281398400,1.5901,1.59077,1.57099,1.58465,46860,17
1281484800,1.58486,1.58594,1.5614,1.56396,51480,20
1281571200,1.56398,1.57118,1.5561,1.55754,44936,19
1281657600,1.5572300000000001,1.56778,1.55693,1.55897,40647,17
1281916800,1.5588,1.5701100000000001,1.55348,1.56541,42084,17
1282003200,1.56541,1.56942,1.55515,1.55742,44564,16
1282089600,1.55742,1.56868,1.54977,1.55957,43058,15
1282176000,1.55964,1.56671,1.55081,1.55891,49809,18
1282262400,1.5588899999999999,1.55938,1.54644,1.55325,43394,18
1282521600,1.55384,1.56169,1.5492,1.55002,39026,16
1282608000,1.55015,1.5508600000000001,1.53718,1.54052,47544,18
1282694400,1.54047,1.54735,1.53887,1.54733,42950,15
1282780800,1.54725,1.55965,1.54656,1.55226,44514,17
1282867200,1.55226,1.55382,1.54432,1.55274,41518,15
1283126400,1.55343,1.5575299999999999,1.54554,1.54609,31742,15
1283212800,1.54608,1.54732,1.53264,1.5349,41976,17
1283299200,1.53487,1.5490300000000001,1.5335299999999998,1.545,34625,17
1283385600,1.5447199999999999,1.54523,1.53499,1.53922,29065,15
1283472000,1.5392299999999999,1.54671,1.53883,1.5448,26380,15
1283731200,1.5444499999999999,1.54882,1.53453,1.5394700000000001,23955,15
1283817600,1.5394700000000001,1.54229,1.52964,1.53535,33872,15
1283904000,1.53535,1.5532,1.5343499999999999,1.54724,42559,17
1283990400,1.54726,1.54766,1.53754,1.5430000000000001,39193,15
1284076800,1.5430000000000001,1.54657,1.5344600000000002,1.5355699999999999,36076,15
1284336000,1.5354,1.54866,1.5354,1.54244,39790,15
1284422400,1.5424099999999998,1.5585900000000001,1.5347499999999998,1.55323,45745,15
1284508800,1.55313,1.5650300000000001,1.5448300000000001,1.5631300000000001,46510,15
1284595200,1.56312,1.56473,1.55376,1.5622,43408,15
1284681600,1.56217,1.57279,1.55946,1.56304,42701,17
1284940800,1.5655999999999999,1.5684,1.55362,1.5544099999999998,31905,19
1285027200,1.5545900000000001,1.564,1.5503,1.56055,44923,17
1285113600,1.56063,1.5715,1.56013,1.56507,42815,17
1285200000,1.5653000000000001,1.5739999999999998,1.56113,1.56821,50288,15
1285286400,1.56818,1.5842100000000001,1.5640800000000001,1.58228,23669,15
1285545600,1.5821,1.58658,1.57867,1.5808200000000001,37849,15
1285632000,1.5808499999999999,1.58942,1.57186,1.58034,49457,15
1285718400,1.5803,1.58732,1.5761699999999998,1.57914,39690,15
1285804800,1.57915,1.59214,1.56688,1.57104,58137,16
1285891200,1.5710600000000001,1.58718,1.5703,1.58189,50457,15
1286150400,1.5804,1.58685,1.5747900000000001,1.58205,46208,15
1286236800,1.58223,1.59292,1.57512,1.58883,53010,15
1286323200,1.58868,1.59382,1.5833,1.58833,50464,15
1286409600,1.5883,1.6016599999999999,1.5826500000000001,1.58667,54309,15
1286496000,1.58671,1.5965,1.5822699999999998,1.5955,42734,15
1286755200,1.5952,1.5962,1.58674,1.58857,26933,15
1286841600,1.58856,1.59162,1.57546,1.5804,52530,17
1286928000,1.58046,1.59073,1.57734,1.58913,46933,18
1287014400,1.58913,1.60653,1.58875,1.6007799999999999,47828,20
1287100800,1.6007500000000001,1.6105399999999999,1.5970499999999999,1.59901,46670,15
1287360000,1.59809,1.60022,1.5836999999999999,1.5891600000000001,48052,20
1287446400,1.5891600000000001,1.59395,1.5678800000000002,1.5704,57512,20
1287532800,1.5704,1.58772,1.56494,1.58368,52744,18
1287619200,1.5836700000000001,1.58477,1.56856,1.5711,54146,18
1287705600,1.57108,1.57492,1.56518,1.56799,52681,18
1287964800,1.56636,1.57717,1.56633,1.5726499999999999,60098,15
1288051200,1.5726499999999999,1.58948,1.569,1.58481,69969,18
1288137600,1.5846900000000002,1.58644,1.57297,1.57793,73126,10
1288224000,1.57797,1.59774,1.57603,1.59394,70770,15
1288310400,1.59392,1.60442,1.58766,1.60384,65736,15
1288569600,1.60438,1.6088,1.59905,1.60459,65435,15
1288656000,1.60453,1.60792,1.59609,1.60337,65467,15
1288742400,1.60334,1.61721,1.60059,1.60987,81294,15
1288828800,1.60985,1.6298,1.6083699999999999,1.62682,81369,15
1288915200,1.62682,1.6293199999999999,1.61659,1.61809,69909,17
1289174400,1.61877,1.62126,1.61036,1.61385,75183,18
1289260800,1.6138400000000002,1.6183,1.59528,1.59776,81695,16
1289347200,1.59782,1.6135199999999998,1.59604,1.61168,83026,17
1289433600,1.61168,1.6177899999999998,1.60807,1.6119599999999998,79968,15
1289520000,1.61195,1.61823,1.59851,1.61123,87278,20
1289779200,1.61253,1.61531,1.60409,1.6048,73274,18
1289865600,1.60481,1.60853,1.58388,1.58785,93257,15
1289952000,1.58785,1.59475,1.58542,1.5907900000000001,85291,16
1290038400,1.5907900000000001,1.60542,1.5887799999999999,1.60477,87359,15
1290124800,1.60479,1.6093199999999999,1.5935899999999998,1.5978400000000001,74708,15
1290384000,1.60009,1.60833,1.58979,1.5954700000000002,94146,15
1290470400,1.59548,1.59613,1.57584,1.57863,100510,17
1290556800,1.57862,1.5836000000000001,1.57408,1.5779,97511,15
1290643200,1.5779,1.5792899999999999,1.5724900000000002,1.57614,72538,17
1290729600,1.5761500000000002,1.5771,1.55761,1.55903,81780,15
1290988800,1.55994,1.56461,1.5527,1.5556299999999998,94091,15
1291075200,1.5556299999999998,1.55948,1.5484200000000001,1.55568,101851,18
1291161600,1.5556999999999999,1.5647,1.5547,1.5609600000000001,103609,18
1291248000,1.5609600000000001,1.5666,1.5511300000000001,1.55919,99288,18
1291334400,1.55922,1.57866,1.55806,1.57736,95683,18
1291593600,1.57672,1.57734,1.5655000000000001,1.5716299999999999,92371,17
1291680000,1.57164,1.5821100000000001,1.5701800000000001,1.57552,99605,19
1291766400,1.5754899999999998,1.58352,1.56676,1.58074,98317,18
1291852800,1.58074,1.584,1.5711,1.57722,88634,19
1291939200,1.57724,1.58608,1.57477,1.58004,76557,17
1292198400,1.5798,1.58958,1.57186,1.58528,81152,15
1292284800,1.58526,1.59096,1.57385,1.57698,85744,18
1292371200,1.5770300000000002,1.57707,1.55304,1.55457,94057,7
1292457600,1.55473,1.5635400000000002,1.55408,1.56344,83140,7
1292544000,1.5633,1.5646,1.5453999999999999,1.55314,82745,15
1292803200,1.55144,1.55754,1.54758,1.55043,80283,15
1292889600,1.5504,1.55666,1.54353,1.54691,81835,15
1292976000,1.54687,1.5493000000000001,1.53556,1.53904,74796,15
1293062400,1.53901,1.5436,1.5372400000000002,1.54264,70090,15
1293148800,1.5425499999999999,1.54753,1.5417,1.5443,38945,15
1293408000,1.54386,1.54558,1.53698,1.54172,54624,15
1293494400,1.54172,1.55098,1.5344600000000002,1.53647,70762,15
1293580800,1.53646,1.5516999999999999,1.53503,1.5497,69202,15
1293667200,1.54975,1.55349,1.5366300000000002,1.5428600000000001,73340,15
1293753600,1.54288,1.56643,1.54236,1.5609199999999999,58852,15
1294012800,1.55431,1.5574400000000002,1.54329,1.54794,73002,15
1294099200,1.54793,1.56448,1.54535,1.5596,88459,15
1294185600,1.55958,1.5626600000000002,1.54502,1.5503,90844,15
1294272000,1.55035,1.55609,1.54454,1.54568,84543,15
1294358400,1.5457999999999998,1.55781,1.54057,1.55457,91983,15
1294617600,1.55354,1.5601699999999998,1.54746,1.55707,86861,15
1294704000,1.557,1.56384,1.55122,1.56016,86621,15
1294790400,1.5602200000000002,1.57795,1.55824,1.57449,92852,15
1294876800,1.57484,1.58827,1.57175,1.58291,93798,15
1294963200,1.58291,1.58876,1.58114,1.58667,89579,15
1295222400,1.58734,1.59531,1.5834700000000002,1.5884,78999,15
1295308800,1.5884,1.6057700000000001,1.5882399999999999,1.5960299999999998,96283,18
1295395200,1.59604,1.60368,1.5945,1.59816,98065,14
1295481600,1.59815,1.60086,1.5838100000000002,1.58986,98526,15
1295568000,1.58989,1.60149,1.58669,1.59981,94924,17
1295827200,1.59937,1.60127,1.5920299999999998,1.59788,86629,15
1295913600,1.59783,1.60152,1.5750899999999999,1.58163,104179,15
1296000000,1.58163,1.5936599999999999,1.57691,1.59131,101601,15
1296086400,1.59131,1.5989,1.58793,1.5929,102687,8
1296172800,1.59287,1.5965500000000001,1.5824500000000001,1.58592,96759,7
1296432000,1.58319,1.6047099999999999,1.58213,1.6011,97931,15
1296518400,1.6011199999999999,1.61624,1.6009799999999998,1.61327,100259,15
1296604800,1.61327,1.62291,1.61267,1.61833,92837,15
1296691200,1.61835,1.62767,1.61213,1.6132900000000001,93394,15
1296777600,1.6132900000000001,1.6171,1.60362,1.61089,63437,15
1297036800,1.6096599999999999,1.61842,1.60895,1.61111,62875,15
1297123200,1.61131,1.6161699999999999,1.60276,1.6068099999999998,59755,15
1297209600,1.6068,1.61233,1.60328,1.6099299999999999,60536,15
1297296000,1.60994,1.61367,1.60121,1.60858,80246,15
1297382400,1.6086,1.61113,1.59626,1.60049,59580,15
1297641600,1.60038,1.60765,1.59808,1.60354,80160,15
1297728000,1.60354,1.61697,1.60069,1.61252,78818,15
1297814400,1.61272,1.61839,1.59863,1.60843,79858,16
1297900800,1.60836,1.6185100000000001,1.6075,1.61704,68435,15
1297987200,1.6170499999999999,1.62614,1.61473,1.62521,70893,15
1298246400,1.6242,1.62548,1.62032,1.62236,65552,15
1298332800,1.62239,1.6227399999999998,1.61003,1.6141100000000002,89255,15
1298419200,1.61412,1.6271900000000001,1.6141100000000002,1.62133,86792,15
1298505600,1.62135,1.62528,1.60845,1.6137000000000001,85525,15
1298592000,1.6137299999999999,1.61597,1.60305,1.61162,78018,15
1298851200,1.60826,1.6274,1.60705,1.62644,84227,15
1298937600,1.62644,1.63281,1.62503,1.62633,89550,15
1299024000,1.62632,1.6343,1.6214499999999998,1.63233,78142,15
1299110400,1.6323400000000001,1.63328,1.62524,1.62725,82845,15
1299196800,1.6272600000000002,1.63043,1.6235,1.62666,70114,10
1299456000,1.62758,1.63401,1.6181299999999998,1.62042,74178,15
1299542400,1.62042,1.62074,1.61249,1.61604,76702,15
1299628800,1.61604,1.62419,1.61382,1.6200299999999999,73418,16
1299715200,1.6200700000000001,1.6211600000000002,1.60386,1.60609,81994,15
1299801600,1.60622,1.6086399999999998,1.5976599999999999,1.60784,80628,15
1300060800,1.60827,1.6197599999999999,1.6026799999999999,1.6178,83170,15
1300147200,1.61781,1.61832,1.5977999999999999,1.6069200000000001,98312,15
1300233600,1.6069200000000001,1.6130200000000001,1.59823,1.6006200000000002,97835,15
1300320000,1.6006399999999998,1.61684,1.59825,1.61311,102297,17
1300406400,1.6131799999999998,1.6252499999999999,1.60599,1.62323,89168,15
1300665600,1.62287,1.63262,1.62026,1.63048,75442,15
1300752000,1.63048,1.64001,1.62917,1.6370900000000002,78119,15
1300838400,1.63708,1.63819,1.62184,1.62419,85772,15
1300924800,1.6242100000000002,1.6265800000000001,1.60906,1.61246,83599,15
1301011200,1.6124399999999999,1.61409,1.6006200000000002,1.60398,75769,15
1301270400,1.6007500000000001,1.60368,1.5935700000000002,1.59901,74834,15
1301356800,1.59893,1.60413,1.59423,1.60052,75170,15
1301443200,1.6005500000000001,1.6081699999999999,1.59778,1.6076700000000002,78586,15
1301529600,1.6076700000000002,1.61498,1.60162,1.60388,77613,15
1301616000,1.6038700000000001,1.6130900000000001,1.59717,1.6108500000000001,75209,15
1301875200,1.6109200000000001,1.6175899999999999,1.61062,1.6127799999999999,69340,15
1301961600,1.6127799999999999,1.62978,1.6091199999999999,1.62931,68181,15
1302048000,1.62915,1.6362700000000001,1.62565,1.63266,73421,15
1302134400,1.63267,1.6340400000000002,1.62623,1.6316199999999998,74013,15
1302220800,1.6316199999999998,1.6426699999999999,1.6313499999999999,1.63794,73799,15
1302480000,1.63727,1.64249,1.6313,1.6343100000000002,70759,15
1302566400,1.63429,1.6348099999999999,1.62268,1.62554,81135,15
1302652800,1.62555,1.6308500000000001,1.62367,1.62653,71348,15
1302739200,1.6265,1.63826,1.6253,1.63487,78001,15
1302825600,1.63448,1.63717,1.62908,1.63236,69124,15
1303084800,1.63188,1.63272,1.61661,1.62687,79111,15
1303171200,1.62689,1.63351,1.62291,1.63159,71093,15
1303257600,1.63158,1.6424699999999999,1.63084,1.63994,74362,15
1303344000,1.63994,1.65984,1.63849,1.65124,78678,15
1303430400,1.6512,1.6567699999999999,1.65021,1.65061,35908,15
1303689600,1.6516899999999999,1.6551200000000001,1.64675,1.6491099999999999,61958,15
1303776000,1.6491099999999999,1.65316,1.64311,1.64842,78444,15
1303862400,1.6484,1.66351,1.64341,1.66234,88668,15
1303948800,1.66229,1.67449,1.66211,1.6636,79971,8
1304035200,1.66367,1.67208,1.6622599999999998,1.6703000000000001,57898,15
1304294400,1.6707,1.67371,1.66347,1.66463,69014,15
1304380800,1.6648,1.6659899999999999,1.6462599999999998,1.64809,80030,15
1304467200,1.64805,1.65732,1.6451099999999999,1.64905,84845,15
1304553600,1.64905,1.65429,1.63572,1.6390099999999999,87977,15
1304640000,1.63897,1.64619,1.6354199999999999,1.63618,91105,15
1304899200,1.63746,1.6406100000000001,1.62698,1.63924,90218,15
1304985600,1.63925,1.64188,1.63157,1.63687,87356,16
1305072000,1.63687,1.65154,1.6322,1.63563,78245,15
1305158400,1.63558,1.63789,1.62347,1.6285500000000002,71207,15
1305244800,1.6285500000000002,1.63075,1.61471,1.61927,54747,15
1305504000,1.61758,1.6252499999999999,1.61599,1.61972,66390,15
1305590400,1.6198000000000001,1.63008,1.61737,1.62486,55859,8
1305676800,1.6245,1.62873,1.61052,1.61672,23711,8
1305763200,1.61683,1.62424,1.6130200000000001,1.62256,22800,8
1305849600,1.62253,1.63045,1.61661,1.6228500000000001,21635,8
1306108800,1.62208,1.62324,1.60335,1.61172,24440,8
1306195200,1.61178,1.62085,1.60575,1.61807,24295,8
1306281600,1.61796,1.62928,1.6131799999999998,1.62711,42409,8
1306368000,1.62713,1.64065,1.62705,1.63875,105775,10
1306454400,1.63834,1.65118,1.6379299999999999,1.65056,91259,10
1306713600,1.6482,1.65102,1.6449,1.64725,61675,15
1306800000,1.64731,1.65461,1.64229,1.645,77160,15
1306886400,1.64501,1.6494900000000001,1.63199,1.63208,83007,15
1306972800,1.6320700000000001,1.6417000000000002,1.63041,1.63665,76624,15
1307059200,1.63665,1.64363,1.62869,1.64237,57872,15
1307318400,1.64243,1.64592,1.63398,1.63529,67467,15
1307404800,1.6352799999999998,1.6470500000000001,1.63232,1.64365,58399,15
1307491200,1.64371,1.6445400000000001,1.63477,1.6393,56384,15
1307577600,1.6393,1.64653,1.63579,1.63694,48761,15
1307664000,1.6368800000000001,1.6381700000000001,1.62192,1.6222400000000001,49769,15
1307923200,1.6234899999999999,1.63879,1.62144,1.63744,82836,15
1308009600,1.6374300000000002,1.64409,1.6354600000000001,1.63748,79810,15
1308096000,1.63748,1.63823,1.61673,1.6178,76557,15
1308182400,1.61781,1.62239,1.6077599999999999,1.61681,96957,15
1308268800,1.6167,1.61944,1.6093,1.61613,80438,15
1308528000,1.61608,1.62339,1.61084,1.62022,85775,15
1308614400,1.6202,1.6251600000000002,1.6166800000000001,1.62366,82407,15
1308700800,1.62366,1.6261,1.6059299999999999,1.60657,89881,15
1308787200,1.6066,1.6066799999999999,1.59375,1.6015899999999998,87135,15
1308873600,1.60161,1.6045099999999999,1.5951,1.5957,81037,15
1309132800,1.5960999999999999,1.60102,1.59127,1.5985800000000001,89701,15
1309219200,1.5986099999999999,1.60413,1.59116,1.59939,86604,15
1309305600,1.59938,1.60732,1.59692,1.60622,75641,15
1309392000,1.60622,1.6117599999999999,1.59717,1.6040299999999998,82857,15
1309478400,1.60404,1.60951,1.59876,1.6068099999999998,74146,15
1309737600,1.60605,1.61391,1.60527,1.60897,73490,15
1309824000,1.6090200000000001,1.6127,1.59897,1.60612,83303,15
1309910400,1.60617,1.60899,1.59473,1.60011,81029,15
1309996800,1.60011,1.60169,1.5946,1.5967099999999999,78315,15
1310083200,1.5967799999999999,1.60766,1.59307,1.60568,82625,15
1310342400,1.6029900000000001,1.60412,1.58815,1.59074,93229,15
1310428800,1.59074,1.59469,1.5780699999999999,1.5933000000000002,105476,15
1310515200,1.59331,1.6171,1.59078,1.6171,99334,15
1310601600,1.61713,1.61925,1.60941,1.61416,94144,15
1310688000,1.6143,1.61741,1.6076000000000001,1.61322,86552,15
1310947200,1.61174,1.61342,1.60047,1.6048,121810,10
1311033600,1.60479,1.61769,1.6044100000000001,1.6124399999999999,99119,10
1311120000,1.6124399999999999,1.61658,1.60684,1.61518,82187,12
1311206400,1.61511,1.6338300000000001,1.61209,1.6317,85239,11
1311292800,1.63159,1.6326,1.62642,1.62973,76471,12
1311552000,1.63304,1.6330900000000002,1.6261299999999999,1.62809,78859,15
1311638400,1.62805,1.6427800000000001,1.6265100000000001,1.64193,82229,15
1311724800,1.64193,1.6438000000000001,1.63076,1.63303,76406,10
1311811200,1.63305,1.63825,1.6294499999999998,1.6369500000000001,75720,8
1311897600,1.63694,1.64695,1.62609,1.64192,86046,10
1312156800,1.63904,1.64745,1.62372,1.63062,92079,15
1312243200,1.6306699999999998,1.6328399999999998,1.62233,1.62819,92488,10
1312329600,1.62816,1.64381,1.6250499999999999,1.64372,90129,15
1312416000,1.64365,1.6437599999999999,1.6240999999999999,1.62591,93855,8
1312502400,1.62591,1.63952,1.62275,1.6389,105286,10
1312761600,1.64539,1.64704,1.62974,1.63096,117141,15
1312848000,1.63098,1.6408800000000001,1.6175899999999999,1.6327099999999999,129938,15
1312934400,1.63281,1.63297,1.6122800000000002,1.61304,110374,9
1313020800,1.61304,1.62417,1.61101,1.62331,114881,15
1313107200,1.62331,1.63118,1.61658,1.62748,95944,12
1313366400,1.62865,1.64086,1.62546,1.6385399999999999,90652,15
1313452800,1.6385100000000001,1.6475300000000002,1.6322999999999999,1.64492,93178,15
1313539200,1.6449,1.6589800000000001,1.6352,1.6539199999999998,93314,10
1313625600,1.65394,1.6553,1.64225,1.6502400000000002,97548,15
1313712000,1.6502400000000002,1.66174,1.64447,1.6462400000000001,100032,12
1313971200,1.64724,1.65195,1.64354,1.64603,90484,15
1314057600,1.64604,1.657,1.64535,1.64912,91415,15
1314144000,1.64908,1.6533,1.6356199999999999,1.6359,87032,4
1314230400,1.6360000000000001,1.63964,1.62616,1.62815,80901,15
1314316800,1.62815,1.6377899999999999,1.6207799999999999,1.63667,87140,15
1314576000,1.63396,1.6433900000000001,1.63344,1.64123,74122,8
1314662400,1.6412200000000001,1.64187,1.62547,1.6304699999999999,82486,8
1314748800,1.6304699999999999,1.6333600000000001,1.62306,1.62477,83377,8
1314835200,1.62477,1.62548,1.61314,1.6186,86644,15
1314921600,1.6186,1.62517,1.6172,1.62148,83324,15
1315180800,1.61707,1.61852,1.60614,1.60985,89364,15
1315267200,1.6098599999999998,1.6175199999999998,1.5920999999999998,1.5945200000000002,103814,15
1315353600,1.5945200000000002,1.6036899999999998,1.59166,1.59823,99082,15
1315440000,1.59823,1.60823,1.59123,1.59733,100951,15
1315526400,1.59731,1.5989900000000001,1.5843500000000001,1.58782,108004,15
1315785600,1.58301,1.58853,1.5774,1.58569,112969,15
1315872000,1.5857299999999999,1.58683,1.5760999999999998,1.5778400000000001,110783,9
1315958400,1.5778400000000001,1.58127,1.57065,1.5760999999999998,106555,15
1316044800,1.57611,1.5867499999999999,1.5730499999999998,1.57945,95907,10
1316131200,1.57944,1.58404,1.57442,1.5786799999999999,92897,15
1316390400,1.57159,1.57546,1.56325,1.56906,98148,15
1316476800,1.56907,1.57458,1.5654599999999999,1.57347,104924,15
1316563200,1.57351,1.57405,1.54853,1.55091,102076,11
1316649600,1.55088,1.55158,1.53271,1.5337800000000001,116449,8
1316736000,1.5337800000000001,1.54894,1.5337800000000001,1.54459,113604,15
1316995200,1.54742,1.5569600000000001,1.54319,1.55515,113927,15
1317081600,1.5551599999999999,1.5704500000000001,1.5525799999999998,1.5627900000000001,105655,15
1317168000,1.56278,1.56764,1.5562200000000002,1.55684,106117,7
1317254400,1.55684,1.57146,1.55424,1.56021,108747,11
1317340800,1.56033,1.56644,1.55323,1.55793,105488,8
1317600000,1.5571700000000002,1.55829,1.54197,1.54373,109853,15
1317686400,1.5436800000000002,1.54936,1.53406,1.5474999999999999,117031,12
1317772800,1.5474999999999999,1.54911,1.53941,1.5461399999999998,113412,4
1317859200,1.54618,1.55003,1.52721,1.54317,111286,15
1317945600,1.54319,1.5645,1.54223,1.55575,125657,5
1318204800,1.55537,1.56886,1.55263,1.56552,99348,12
1318291200,1.5655000000000001,1.56631,1.55722,1.5590000000000002,103117,15
1318377600,1.55901,1.57972,1.55422,1.5742699999999998,105672,15
1318464000,1.5742500000000001,1.5782699999999998,1.5666600000000002,1.5760999999999998,104721,15
1318550400,1.57609,1.58508,1.5721,1.5817,96057,15
1318809600,1.5818400000000001,1.58468,1.57304,1.5742099999999999,99297,15
1318896000,1.5742,1.58208,1.56314,1.5701,110792,15
1318982400,1.5701,1.58466,1.5698400000000001,1.57706,113310,15
1319068800,1.57706,1.58022,1.56806,1.57854,114780,15
1319155200,1.5785200000000001,1.59728,1.57537,1.59459,102986,15
1319414400,1.59424,1.60067,1.58999,1.59932,106470,15
1319500800,1.59931,1.60377,1.5956299999999999,1.60015,106433,15
1319587200,1.60015,1.60402,1.58906,1.59596,105551,15
1319673600,1.59595,1.61398,1.5953300000000001,1.6099299999999999,116738,9
1319760000,1.6098599999999998,1.61504,1.60707,1.6127500000000001,98951,15
1320019200,1.6130200000000001,1.6164100000000001,1.59647,1.60778,111786,15
1320105600,1.60778,1.60918,1.589,1.59455,113944,15
1320192000,1.59455,1.60467,1.5915300000000001,1.5947900000000002,110960,15
1320278400,1.5947900000000002,1.60596,1.5877,1.6033,110744,15
1320364800,1.60328,1.60623,1.5946,1.6030799999999998,101297,15
1320624000,1.60547,1.60779,1.5979100000000002,1.60541,99506,15
1320710400,1.60542,1.6129099999999998,1.60351,1.60924,92534,15
1320796800,1.6092300000000002,1.61184,1.59015,1.59015,104731,15
1320883200,1.5901399999999999,1.59839,1.5868,1.5931199999999999,101250,15
1320969600,1.59315,1.60918,1.58948,1.6067900000000002,85338,15
1321228800,1.60703,1.60896,1.58807,1.58969,96659,15
1321315200,1.58971,1.5930900000000001,1.5798999999999999,1.5812,98463,12
1321401600,1.58121,1.58203,1.5718100000000002,1.57246,105287,8
1321488000,1.5725,1.58097,1.5690499999999998,1.5758999999999999,110799,15
1321574400,1.57587,1.58874,1.57376,1.58026,102380,9
1321833600,1.57826,1.57832,1.56121,1.5637699999999999,101160,15
1321920000,1.56379,1.56908,1.55822,1.56418,96514,11
1322006400,1.56418,1.56543,1.54941,1.55267,99856,12
1322092800,1.55267,1.55654,1.5483799999999999,1.54913,85844,15
1322179200,1.54916,1.5516299999999998,1.5422799999999999,1.5433,85517,9
1322438400,1.54894,1.5593,1.54583,1.55038,92237,9
1322524800,1.55042,1.56548,1.54683,1.56114,92842,15
1322611200,1.56116,1.5778699999999999,1.55248,1.56948,95845,9
1322697600,1.56948,1.57551,1.56402,1.56872,89161,14
1322784000,1.56871,1.5724200000000002,1.55759,1.55945,81330,13
1323043200,1.5602800000000001,1.57159,1.5586600000000002,1.56456,86914,4
1323129600,1.56456,1.5663200000000002,1.5561,1.5598800000000002,90715,7
1323216000,1.55991,1.5720800000000001,1.5594299999999999,1.57104,87118,5
1323302400,1.5710199999999999,1.57679,1.56095,1.56224,85814,9
1323388800,1.56227,1.57335,1.55846,1.56654,84283,9
1323648000,1.56448,1.56566,1.55362,1.5578400000000001,83086,15
1323734400,1.55788,1.56281,1.54507,1.5482200000000002,90595,9
1323820800,1.5482200000000002,1.55302,1.54087,1.54674,91916,15
1323907200,1.54674,1.55279,1.54333,1.55132,86744,15
1323993600,1.5513,1.55557,1.54828,1.5542099999999999,76218,15
1324252800,1.5523500000000001,1.5544799999999999,1.54645,1.54977,59148,4
1324339200,1.54966,1.57004,1.5496400000000001,1.5664799999999999,56634,4
1324425600,1.56651,1.57731,1.56475,1.56718,79770,4
1324512000,1.5671300000000001,1.57273,1.5648300000000002,1.56744,79988,15
1324598400,1.5674000000000001,1.57069,1.55815,1.5584099999999999,65736,15
1324857600,1.5626600000000002,1.5644,1.5590000000000002,1.56174,25363,15
1324944000,1.56174,1.5678800000000002,1.5595400000000001,1.56684,57772,15
1325030400,1.56669,1.5689899999999999,1.5440800000000001,1.54497,68417,15
1325116800,1.54493,1.54749,1.53616,1.5405799999999998,75146,15
1325203200,1.54057,1.5570599999999999,1.54002,1.55366,77411,15
1325462400,1.5493700000000001,1.5540500000000002,1.54669,1.5508899999999999,46542,15
1325548800,1.55091,1.56687,1.5504,1.5643799999999999,81261,15
1325635200,1.56437,1.5667200000000001,1.55801,1.56091,81993,15
1325721600,1.56091,1.56283,1.5467,1.54943,86409,15
1325808000,1.54942,1.5524,1.5375100000000002,1.54243,79890,15
1326067200,1.5415100000000002,1.54688,1.53953,1.54588,84055,15
1326153600,1.54589,1.54995,1.54459,1.5482200000000002,77713,13
1326240000,1.54826,1.54862,1.53088,1.53264,79778,15
1326326400,1.53261,1.53667,1.52789,1.53359,85167,15
1326412800,1.53361,1.54078,1.52358,1.53156,83858,4
1326672000,1.5294400000000001,1.53515,1.5281799999999999,1.53106,71018,15
1326758400,1.53106,1.54034,1.53099,1.53346,81072,4
1326844800,1.53345,1.54409,1.5327199999999999,1.54271,89435,15
1326931200,1.54271,1.54916,1.5415,1.54868,81264,15
1327017600,1.54867,1.55765,1.54498,1.5573700000000001,77646,15
1327276800,1.55401,1.56012,1.5516100000000002,1.5561500000000001,82677,4
1327363200,1.5561500000000001,1.56253,1.55321,1.56197,74703,4
1327449600,1.56195,1.56772,1.55328,1.56535,84186,15
1327536000,1.56536,1.57333,1.56495,1.56866,77417,9
1327622400,1.56868,1.57392,1.56403,1.5726900000000001,82334,15
1327881600,1.57253,1.57298,1.56534,1.5708,79439,15
1327968000,1.57078,1.57952,1.56975,1.57645,81906,4
1328054400,1.5764399999999998,1.5882100000000001,1.57054,1.5845099999999999,86235,15
1328140800,1.5845,1.5857,1.57948,1.5805500000000001,82894,4
1328227200,1.58057,1.5859100000000002,1.57492,1.58107,85019,4
1328486400,1.5819299999999998,1.58392,1.57294,1.58178,84668,15
1328572800,1.58179,1.59042,1.57877,1.58996,90225,15
1328659200,1.58997,1.59277,1.57961,1.58136,82856,15
1328745600,1.58134,1.58839,1.57916,1.58152,88688,15
1328832000,1.58156,1.58486,1.57295,1.57525,79396,15
1329091200,1.57904,1.5826500000000001,1.57467,1.57496,77697,15
1329177600,1.57497,1.5768900000000001,1.56445,1.5689899999999999,85100,15
1329264000,1.569,1.57349,1.56701,1.56883,86955,15
1329350400,1.56883,1.58155,1.56543,1.5803500000000001,83896,15
1329436800,1.58036,1.58612,1.57891,1.5833,72596,15
1329696000,1.58615,1.58791,1.58379,1.58379,64766,15
1329782400,1.5838100000000002,1.5863800000000001,1.5772300000000001,1.5778400000000001,83409,9
1329868800,1.57783,1.58127,1.5648,1.5667,76162,15
1329955200,1.56671,1.57489,1.56487,1.57446,72850,15
1330041600,1.57446,1.58983,1.5720800000000001,1.58711,71075,15
1330300800,1.5891899999999999,1.58941,1.58102,1.5819,71927,15
1330387200,1.58189,1.59058,1.57992,1.59003,72388,15
1330473600,1.59003,1.5990799999999998,1.58979,1.59198,80310,15
1330560000,1.59199,1.5974,1.58958,1.59536,75440,15
1330646400,1.59534,1.59652,1.5823,1.5832199999999998,68340,15
1330905600,1.58317,1.5876000000000001,1.57857,1.5860699999999999,60982,15
1330992000,1.5860699999999999,1.58809,1.56956,1.5713300000000001,65048,15
1331078400,1.57135,1.57578,1.5696400000000001,1.57404,62259,15
1331164800,1.57403,1.58327,1.57237,1.58271,65074,15
1331251200,1.5827200000000001,1.5827900000000001,1.5661800000000001,1.5672000000000001,64963,14
1331510400,1.56662,1.56945,1.5602399999999998,1.5640100000000001,62642,15
1331596800,1.564,1.57465,1.56199,1.57065,66903,15
1331683200,1.57066,1.57424,1.56491,1.5668,68251,15
1331769600,1.56681,1.57351,1.56332,1.57029,64647,15
1331856000,1.57028,1.58601,1.5693899999999998,1.58398,59153,15
1332115200,1.5844,1.5912899999999999,1.5821100000000001,1.58906,58050,15
1332201600,1.58906,1.5895899999999998,1.583,1.58602,59249,15
1332288000,1.58603,1.59222,1.5817,1.58656,66771,15
1332374400,1.58655,1.5891600000000001,1.5769,1.58151,67363,15
1332460800,1.58152,1.5907200000000001,1.5805099999999999,1.58663,63330,15
1332720000,1.58712,1.59726,1.5800800000000002,1.5967500000000001,64037,15
1332806400,1.59677,1.6000100000000002,1.59419,1.59463,59619,9
1332892800,1.59463,1.59634,1.58416,1.5887099999999998,69239,15
1332979200,1.5887,1.5957,1.58596,1.59507,71587,15
1333065600,1.5951,1.60357,1.59462,1.60061,71863,15
1333324800,1.6006200000000002,1.60617,1.59785,1.60198,68457,10
1333411200,1.60209,1.6045,1.58907,1.5910199999999999,72226,10
1333497600,1.59103,1.59128,1.58324,1.5889600000000002,75767,9
1333584000,1.5889600000000002,1.59077,1.5804200000000002,1.58258,70212,10
1333670400,1.58257,1.58894,1.58224,1.5864500000000001,41404,10
1333929600,1.58895,1.59132,1.58352,1.58965,46985,10
1334016000,1.58965,1.5929600000000002,1.58088,1.58603,76503,10
1334102400,1.58602,1.5937000000000001,1.58513,1.59085,72910,10
1334188800,1.59085,1.59835,1.59063,1.59578,71328,10
1334275200,1.59577,1.5968499999999999,1.58406,1.5844399999999998,65437,10
1334534400,1.58501,1.59094,1.5817999999999999,1.5896,71778,10
1334620800,1.5896,1.59691,1.58617,1.5926200000000001,63918,10
1334707200,1.5926,1.6041400000000001,1.58944,1.6017000000000001,71163,10
1334793600,1.60169,1.60761,1.6008499999999999,1.6052499999999998,71694,10
1334880000,1.6052499999999998,1.61483,1.60378,1.61215,65541,10
1335139200,1.6126,1.6133199999999999,1.60759,1.6124100000000001,60464,10
1335225600,1.61243,1.6162100000000001,1.61089,1.61412,61348,10
1335312000,1.61414,1.6181299999999998,1.60811,1.61674,65032,10
1335398400,1.6167500000000001,1.62061,1.6157599999999999,1.61776,62390,10
1335484800,1.6177700000000002,1.62793,1.61527,1.62594,64713,10
1335744000,1.6273499999999999,1.6300599999999998,1.6220599999999998,1.62357,57812,10
1335830400,1.62357,1.6246399999999999,1.61859,1.62198,49304,10
1335916800,1.6219700000000001,1.62378,1.616,1.6197,61134,10
1336003200,1.6197,1.6214499999999998,1.61606,1.6179000000000001,60081,10
1336089600,1.6179000000000001,1.62005,1.61408,1.6147,59824,10
1336348800,1.6150099999999998,1.61963,1.6113,1.61936,62740,10
1336435200,1.61936,1.61975,1.61238,1.6152600000000001,67543,10
1336521600,1.61529,1.6158000000000001,1.6068099999999998,1.6131,72887,10
1336608000,1.61308,1.6181299999999998,1.60911,1.61307,70127,10
1336694400,1.61306,1.61419,1.6061100000000001,1.60656,65464,10
1336953600,1.60656,1.61219,1.60508,1.6097000000000001,65059,10
1337040000,1.60969,1.6113,1.59882,1.5997400000000002,65620,10
1337126400,1.59973,1.59977,1.5888900000000001,1.59111,75178,10
1337212800,1.59109,1.59318,1.57805,1.5781,71875,10
1337299200,1.5781100000000001,1.58365,1.57322,1.5814599999999999,72021,10
1337558400,1.58104,1.5840100000000001,1.5778699999999999,1.58217,73478,10
1337644800,1.58217,1.58474,1.57402,1.57634,71636,10
1337731200,1.5763500000000001,1.57706,1.56749,1.56908,79425,10
1337817600,1.56909,1.57254,1.56382,1.56676,77740,10
1337904000,1.56677,1.56986,1.56298,1.5664099999999999,75121,4
1338163200,1.5678999999999998,1.57161,1.5671,1.56765,74062,10
1338249600,1.56765,1.57153,1.56074,1.5632899999999998,87300,10
1338336000,1.5633,1.56368,1.5473599999999998,1.54816,92889,10
1338422400,1.54817,1.5525600000000002,1.5359699999999998,1.54027,93468,10
1338508800,1.54026,1.54356,1.52677,1.5359099999999999,94607,10
1338768000,1.53722,1.54142,1.53411,1.53822,84871,10
1338854400,1.53824,1.5406900000000001,1.53213,1.53752,85849,10
1338940800,1.5375100000000002,1.55144,1.5372599999999998,1.54887,94407,10
1339027200,1.54886,1.55999,1.54297,1.55324,92822,10
1339113600,1.55323,1.5535999999999999,1.54032,1.5468199999999999,89599,10
1339372800,1.55203,1.5580699999999998,1.54707,1.5470899999999999,88974,10
1339459200,1.5471,1.55891,1.5453700000000001,1.55678,87605,10
1339545600,1.55675,1.55972,1.5503200000000001,1.5509300000000001,88208,10
1339632000,1.55094,1.55634,1.54719,1.5551599999999999,88737,10
1339718400,1.55515,1.57263,1.54759,1.57111,84399,10
1339977600,1.5737,1.57374,1.5636100000000002,1.56643,93738,10
1340064000,1.56642,1.57562,1.56145,1.57237,92589,10
1340150400,1.57237,1.5776400000000002,1.56508,1.57071,93087,10
1340236800,1.5706799999999999,1.57322,1.55772,1.5596100000000002,95257,10
1340323200,1.55958,1.56335,1.5556299999999998,1.5582500000000001,85469,10
1340582400,1.55831,1.55941,1.55382,1.5570599999999999,81394,10
1340668800,1.5570599999999999,1.5649600000000001,1.55626,1.5634000000000001,80328,10
1340755200,1.56342,1.56396,1.55451,1.55654,65352,10
1340841600,1.55655,1.56226,1.54843,1.5514700000000001,74961,10
1340928000,1.5514999999999999,1.5714299999999999,1.55087,1.5704,85168,10
1341187200,1.56956,1.57207,1.56409,1.5691899999999999,71786,10
1341273600,1.56914,1.57124,1.56576,1.5686,65171,10
1341360000,1.56861,1.5689199999999999,1.5573700000000001,1.55937,64245,10
1341446400,1.55939,1.5621800000000001,1.5499100000000001,1.5521,72906,10
1341532800,1.5521099999999999,1.5550000000000002,1.5460500000000001,1.54887,66626,10
1341792000,1.54758,1.55334,1.54697,1.5524,61623,10
1341878400,1.5524,1.55476,1.54776,1.5516100000000002,65044,10
1341964800,1.55162,1.5577100000000002,1.5485600000000002,1.55042,64033,10
1342051200,1.55049,1.55155,1.5392700000000001,1.54304,68501,10
1342137600,1.54304,1.55797,1.54136,1.55741,65296,10
1342396800,1.55812,1.56531,1.55164,1.56318,61907,10
1342483200,1.56319,1.56771,1.5552899999999998,1.5644,69329,10
1342569600,1.56439,1.56665,1.5580699999999998,1.56527,67293,10
1342656000,1.56528,1.57351,1.56357,1.57172,70703,10
1342742400,1.57173,1.57216,1.56108,1.56195,66414,10
1343001600,1.5604900000000002,1.56149,1.54843,1.55015,75894,10
1343088000,1.5501200000000002,1.55507,1.5486,1.55038,73354,10
1343174400,1.55037,1.5550899999999999,1.54581,1.5493299999999999,76497,10
1343260800,1.54935,1.57226,1.54697,1.56841,80130,10
1343347200,1.56843,1.57668,1.56657,1.57439,79375,10
1343606400,1.57331,1.57395,1.5670600000000001,1.5701399999999999,67135,10
1343692800,1.57015,1.5729,1.5624799999999999,1.5673,71172,10
1343779200,1.5673,1.56895,1.55295,1.5537,69040,4
1343865600,1.5537100000000001,1.5677699999999999,1.54898,1.5513400000000002,79398,10
1343952000,1.55133,1.56559,1.55035,1.56371,72864,4
1344211200,1.56362,1.5664500000000001,1.55453,1.55982,69394,10
1344297600,1.55978,1.5683500000000001,1.5563799999999999,1.56211,69666,10
1344384000,1.56212,1.56761,1.55718,1.56566,68131,10
1344470400,1.56567,1.56845,1.5604900000000002,1.5634000000000001,67843,10
1344556800,1.5634299999999999,1.57001,1.55766,1.56873,62331,10
1344816000,1.56759,1.5716299999999999,1.56565,1.56799,58595,10
1344902400,1.5680100000000001,1.57263,1.56707,1.56759,62855,10
1344988800,1.56758,1.57006,1.56596,1.56789,57932,10
1345075200,1.5678800000000002,1.57437,1.56353,1.57344,62594,10
1345161600,1.5734599999999999,1.57385,1.5673599999999999,1.56935,60225,10
1345420800,1.56968,1.57166,1.56772,1.57084,56148,10
1345507200,1.57084,1.58033,1.5705200000000001,1.5782,60470,10
1345593600,1.5781800000000001,1.5882399999999999,1.57679,1.58809,64260,10
1345680000,1.5880999999999998,1.5911300000000002,1.5855299999999999,1.58578,65245,10
1345766400,1.58581,1.58683,1.5801699999999999,1.5808900000000001,58235,10
1346025600,1.58138,1.58276,1.57863,1.5788600000000002,42411,10
1346112000,1.57885,1.5834899999999998,1.57534,1.58176,53341,10
1346198400,1.58175,1.58537,1.5802,1.58281,45808,10
1346284800,1.58281,1.58741,1.57704,1.57839,47567,10
1346371200,1.5783800000000001,1.5894,1.5777299999999999,1.58636,59406,10
1346630400,1.5880800000000002,1.58976,1.5849,1.5883500000000002,50209,10
1346716800,1.5883500000000002,1.5907900000000001,1.58578,1.58737,56823,10
1346803200,1.58738,1.59333,1.58258,1.59009,66893,10
1346889600,1.5901,1.5941,1.58814,1.59348,63831,10
1346976000,1.59349,1.6033300000000001,1.5921699999999999,1.6007500000000001,65289,10
1347235200,1.6010900000000001,1.60175,1.59582,1.59871,55615,10
1347321600,1.5987,1.60829,1.59862,1.60675,62203,10
1347408000,1.60675,1.61301,1.60633,1.61078,68980,10
1347494400,1.61078,1.6173,1.60737,1.61498,69701,10
1347580800,1.6149900000000001,1.62541,1.61426,1.6214300000000001,73938,10
1347840000,1.62275,1.62721,1.621,1.62473,63072,10
1347926400,1.62473,1.62664,1.62201,1.62388,66812,10
1348012800,1.6238899999999998,1.6269900000000002,1.61839,1.6220599999999998,68162,10
1348099200,1.6220599999999998,1.6235300000000001,1.61627,1.62138,73030,10
1348185600,1.62141,1.63086,1.6212,1.62286,72448,10
1348444800,1.62427,1.62458,1.6181299999999998,1.62207,63484,10
1348531200,1.62207,1.62666,1.61816,1.61937,71518,10
1348617600,1.61936,1.62086,1.61367,1.61672,73848,10
1348704000,1.6167500000000001,1.62428,1.61653,1.6234,75116,10
1348790400,1.62344,1.62714,1.61123,1.61638,76863,10
1349049600,1.61544,1.6174,1.6108099999999999,1.61294,68325,4
1349136000,1.61294,1.61862,1.6124399999999999,1.6128900000000002,67269,10
1349222400,1.6128900000000002,1.61403,1.6066099999999999,1.60791,69049,10
1349308800,1.6078999999999999,1.62013,1.60757,1.61927,71369,10
1349395200,1.6193,1.62161,1.61222,1.61341,65191,10
1349654400,1.61362,1.6138400000000002,1.60179,1.6019999999999999,67423,4
1349740800,1.6020699999999999,1.6045099999999999,1.5975899999999998,1.6001699999999999,66887,10
1349827200,1.60019,1.60338,1.59762,1.60007,65478,10
1349913600,1.60009,1.60534,1.5984,1.60467,58379,10
1350000000,1.60466,1.60964,1.60179,1.60673,54753,10
1350259200,1.6076899999999998,1.60797,1.60206,1.60716,56330,10
1350345600,1.60717,1.61335,1.6059999999999999,1.61178,56816,10
1350432000,1.61177,1.6177700000000002,1.61116,1.6138599999999999,57812,10
1350518400,1.61387,1.617,1.60399,1.60473,58363,10
1350604800,1.60472,1.60664,1.59965,1.59993,55300,10
1350864000,1.6006399999999998,1.6051600000000001,1.5989900000000001,1.60121,54246,10
1350950400,1.60122,1.60235,1.5912600000000001,1.59509,57045,10
1351036800,1.5951,1.6047500000000001,1.59352,1.6036000000000001,60415,10
1351123200,1.60361,1.6142699999999999,1.6025399999999999,1.61186,54874,10
1351209600,1.61188,1.61401,1.60798,1.6102699999999999,51913,6
1351468800,1.60845,1.6092,1.60058,1.60321,34431,3
1351555200,1.6031900000000001,1.6084800000000001,1.60196,1.6082999999999998,34456,3
1351641600,1.6082800000000002,1.61382,1.60675,1.61314,47240,4
1351728000,1.61311,1.6174300000000001,1.61195,1.61306,49527,10
1351814400,1.61306,1.61324,1.60072,1.60208,47554,4
1352073600,1.60196,1.6038700000000001,1.59569,1.5978599999999998,47178,4
1352160000,1.5978599999999998,1.6007,1.59645,1.59928,52767,4
1352246400,1.59927,1.60419,1.5954199999999998,1.5981,67801,10
1352332800,1.59813,1.6003699999999998,1.59286,1.5978400000000001,58737,10
1352419200,1.59789,1.6018599999999998,1.58873,1.58938,58926,10
1352678400,1.59026,1.5914700000000002,1.5863,1.58762,45538,10
1352764800,1.58764,1.5914899999999998,1.58578,1.58705,56482,9
1352851200,1.5870600000000001,1.5900699999999999,1.58378,1.5840999999999998,57224,10
1352937600,1.58411,1.58784,1.58274,1.5860699999999999,54704,10
1353024000,1.5860699999999999,1.59005,1.58351,1.58792,51855,10
1353283200,1.5889799999999998,1.59223,1.58866,1.5905399999999998,49333,10
1353369600,1.5905200000000002,1.59354,1.5890900000000001,1.59252,50103,10
1353456000,1.5925,1.5956299999999999,1.58827,1.59546,52142,10
1353542400,1.5954700000000002,1.59779,1.5918299999999999,1.59385,51001,10
1353628800,1.59389,1.60504,1.5926,1.60252,48178,10
1353888000,1.60235,1.60371,1.5996000000000001,1.6032199999999999,50798,8
1353974400,1.6031900000000001,1.60551,1.60087,1.60155,56580,4
1354060800,1.60153,1.60221,1.59618,1.60124,57214,9
1354147200,1.6012499999999998,1.60476,1.60015,1.6041400000000001,53819,6
1354233600,1.60412,1.60617,1.59885,1.60107,56036,10
1354492800,1.60221,1.61152,1.60198,1.60945,52654,4
1354579200,1.60944,1.61303,1.60859,1.60999,53379,4
1354665600,1.60998,1.6117599999999999,1.60823,1.60914,49718,6
1354752000,1.60915,1.61272,1.60354,1.60415,56703,4
1354838400,1.60415,1.6060400000000001,1.60016,1.6037400000000002,55445,5
1355097600,1.60335,1.6096,1.6013,1.60747,46446,4
1355184000,1.60743,1.6120700000000001,1.6068500000000001,1.61145,49632,6
1355270400,1.6114600000000001,1.61708,1.6094300000000001,1.61371,52561,6
1355356800,1.6137000000000001,1.61527,1.60845,1.61102,51590,4
1355443200,1.61101,1.61768,1.6103,1.6171799999999998,51933,6
1355702400,1.61796,1.6215899999999999,1.61568,1.61981,49365,5
1355788800,1.61979,1.62686,1.61948,1.6245,48318,6
1355875200,1.62454,1.63061,1.62379,1.62493,55493,5
1355961600,1.62496,1.62954,1.62412,1.6275,53755,8
1356048000,1.62755,1.62758,1.6151200000000001,1.61686,57777,9
1356307200,1.6156899999999998,1.6205500000000002,1.61006,1.6132,37739,4
1356480000,1.6126200000000002,1.61701,1.6107,1.61328,36363,10
1356566400,1.61335,1.62018,1.60662,1.61005,54446,9
1356652800,1.61006,1.61699,1.60781,1.61455,44096,9
1356912000,1.6164399999999999,1.62737,1.61331,1.62409,37577,6
1356998400,1.62426,1.62569,1.62245,1.62513,1213,16
1357084800,1.62517,1.6380599999999998,1.62248,1.62519,72806,6
1357171200,1.6251799999999998,1.6252900000000001,1.60572,1.60825,48285,6
1357257600,1.60822,1.60985,1.60099,1.60678,49710,2
1357516800,1.6077,1.6127500000000001,1.60205,1.61266,47491,10
1357603200,1.61265,1.61266,1.60285,1.6058,46960,7
1357689600,1.6057700000000001,1.60745,1.59925,1.60164,48890,6
1357776000,1.60163,1.61761,1.60038,1.61625,57297,7
1357862400,1.61629,1.61699,1.60888,1.6127099999999999,50853,6
1358121600,1.61277,1.6154199999999999,1.60316,1.60725,50512,7
1358208000,1.6072199999999999,1.61001,1.60323,1.6059700000000001,60638,2
1358294400,1.60598,1.608,1.59752,1.59975,58007,10
1358380800,1.59977,1.60388,1.5954899999999999,1.59965,62096,10
1358467200,1.59964,1.5997599999999998,1.5854,1.5866,60040,6
1358726400,1.58528,1.5893199999999998,1.58057,1.5834899999999998,46861,6
1358812800,1.5835,1.5883,1.5809199999999999,1.5837400000000001,59866,7
1358899200,1.5837400000000001,1.5891600000000001,1.5801500000000002,1.5829900000000001,54863,9
1358985600,1.58298,1.58506,1.57557,1.57894,55151,6
1359072000,1.57897,1.5826500000000001,1.57453,1.57955,55334,8
1359331200,1.5777700000000001,1.5785200000000001,1.56742,1.56901,51300,6
1359417600,1.56898,1.57732,1.5689600000000001,1.57568,51625,9
1359504000,1.57568,1.58151,1.57257,1.57945,55078,8
1359590400,1.57946,1.58748,1.57745,1.58587,54861,10
1359676800,1.58588,1.58782,1.56897,1.56913,61632,8
1359936000,1.57036,1.57713,1.56929,1.57498,52970,9
1360022400,1.57498,1.58039,1.56304,1.56602,58701,7
1360108800,1.56601,1.56776,1.56303,1.56626,53654,6
1360195200,1.5662500000000001,1.57674,1.56447,1.57132,61930,8
1360281600,1.57131,1.5843,1.57046,1.57969,55947,6
1360540800,1.57896,1.58094,1.56453,1.56481,51118,8
1360627200,1.5648,1.56826,1.55734,1.5677699999999999,56112,5
1360713600,1.56775,1.56884,1.55236,1.55372,54307,6
1360800000,1.55373,1.55423,1.54746,1.54943,53243,6
1360886400,1.5494400000000002,1.55494,1.54622,1.55162,36231,6
1361145600,1.5499,1.55076,1.5437699999999999,1.54687,30857,6
1361232000,1.54687,1.55035,1.54141,1.5421399999999998,29314,6
1361318400,1.54216,1.54501,1.5192700000000001,1.52365,34814,6
1361404800,1.5236800000000001,1.52731,1.51305,1.52512,38712,6
1361491200,1.52511,1.53192,1.51605,1.51605,32582,6
1361750400,1.51072,1.51978,1.50868,1.51628,43525,6
1361836800,1.51627,1.52183,1.51131,1.51289,41781,6
1361923200,1.5129000000000001,1.5187599999999999,1.50803,1.51601,37734,6
1362009600,1.51599,1.52216,1.51486,1.51669,33602,6
1362096000,1.5167199999999998,1.5185300000000002,1.49857,1.50365,35976,6
1362355200,1.50302,1.51162,1.5,1.5114,15844,4
1362441600,1.5114,1.51982,1.5093999999999999,1.5125199999999999,14373,6
1362528000,1.51254,1.51524,1.4965899999999999,1.49826,26220,2
1362614400,1.49824,1.50821,1.49673,1.50119,49989,1
1362700800,1.50118,1.50468,1.48864,1.49222,34841,1
1362960000,1.49077,1.49428,1.48657,1.49088,33624,1
1363046400,1.49086,1.49157,1.4828700000000001,1.48969,41195,1
1363132800,1.48971,1.4981200000000001,1.48921,1.49196,44758,1
1363219200,1.49196,1.51183,1.49148,1.5082900000000001,50541,1
1363305600,1.50828,1.51762,1.50683,1.51128,48825,1
1363564800,1.51099,1.51436,1.5070999999999999,1.50934,53289,1
1363651200,1.5093299999999998,1.51441,1.50729,1.5091999999999999,54273,1
1363737600,1.50919,1.51858,1.50267,1.50914,55074,1
1363824000,1.50915,1.52089,1.50878,1.5171000000000001,52481,1
1363910400,1.51714,1.52474,1.51714,1.5226899999999999,44737,1
1364169600,1.52344,1.52599,1.51433,1.51752,52992,1
1364256000,1.5175,1.5207000000000002,1.5135100000000001,1.51632,43615,1
1364342400,1.51631,1.5181,1.50925,1.51276,44933,1
1364428800,1.51275,1.5200399999999998,1.51118,1.51908,45674,1
1364515200,1.5190700000000001,1.52182,1.5177100000000001,1.51958,28016,4
1364774400,1.5197,1.52414,1.5177399999999999,1.52261,24266,1
1364860800,1.52261,1.52583,1.50987,1.51043,42226,1
1364947200,1.51041,1.5158,1.5074999999999998,1.5131999999999999,39703,1
1365033600,1.51319,1.52453,1.50332,1.5228000000000002,50964,1
1365120000,1.52285,1.5363,1.5199,1.53357,47209,1
1365379200,1.53294,1.53502,1.52386,1.5264600000000002,42403,1
1365465600,1.5264600000000002,1.53413,1.5249899999999998,1.53187,46081,1
1365552000,1.53187,1.53427,1.5292400000000002,1.5326499999999998,41823,4
1365638400,1.5326499999999998,1.5411299999999999,1.53171,1.5385,46975,1
1365724800,1.53845,1.54094,1.53372,1.53393,42731,1
1365984000,1.53381,1.53844,1.52698,1.52918,52647,1
1366070400,1.5292,1.53788,1.52725,1.53659,54658,1
1366156800,1.53659,1.53688,1.52164,1.52412,55989,1
1366243200,1.5241,1.53124,1.52177,1.52797,50671,1
1366329600,1.52796,1.53675,1.5223900000000001,1.52288,46114,1
1366588800,1.52311,1.52952,1.52035,1.52875,40967,1
1366675200,1.52869,1.52973,1.51963,1.52363,44410,3
1366761600,1.52362,1.52871,1.52261,1.52651,42656,2
1366848000,1.52652,1.548,1.52645,1.54341,46727,1
1366934400,1.54341,1.54984,1.5418500000000002,1.54746,41159,1
1367193600,1.5483500000000001,1.55456,1.54766,1.54932,36564,1
1367280000,1.54932,1.55673,1.5467499999999998,1.55351,38913,1
1367366400,1.5535299999999999,1.5605099999999998,1.55259,1.55541,38792,1
1367452800,1.55546,1.55904,1.54963,1.55324,44261,1
1367539200,1.55324,1.56014,1.5480800000000001,1.5568300000000002,42189,3
1367798400,1.5565799999999999,1.55976,1.55206,1.55393,28460,1
1367884800,1.55395,1.55518,1.5446900000000001,1.5481099999999999,35262,1
1367971200,1.5481099999999999,1.55911,1.54703,1.5540699999999998,39078,1
1368057600,1.5540699999999998,1.5587499999999999,1.54256,1.54473,44877,1
1368144000,1.54473,1.5457100000000001,1.53139,1.53579,49176,1
1368403200,1.53552,1.53845,1.52776,1.5302099999999998,44058,1
1368489600,1.53024,1.5330599999999999,1.5206300000000001,1.52179,48531,1
1368576000,1.52189,1.5272700000000001,1.51737,1.52252,51324,1
1368662400,1.52247,1.53223,1.5197699999999998,1.52735,50457,1
1368748800,1.52737,1.5281,1.5158,1.51666,45860,1
1369008000,1.5186,1.52807,1.5165600000000001,1.52575,41223,1
1369094400,1.52576,1.5276100000000001,1.51124,1.5150000000000001,47395,1
1369180800,1.51504,1.51732,1.50196,1.50428,58799,1
1369267200,1.50428,1.51281,1.5013800000000002,1.51082,66485,1
1369353600,1.51078,1.5142099999999998,1.50636,1.5119500000000001,57522,5
1369612800,1.51295,1.51558,1.50868,1.51105,29640,5
1369699200,1.51098,1.51345,1.50268,1.50351,60463,5
1369785600,1.50352,1.5145499999999998,1.50081,1.5127899999999999,65888,5
1369872000,1.5127199999999998,1.5237,1.51102,1.52328,68759,5
1369958400,1.52328,1.52393,1.514,1.51938,67341,5
1370217600,1.5197500000000002,1.53748,1.51919,1.53179,60893,5
1370304000,1.5318,1.5342500000000001,1.52732,1.5314999999999999,61118,5
1370390400,1.5314999999999999,1.54084,1.5291700000000001,1.5405799999999998,67876,5
1370476800,1.54043,1.56833,1.53811,1.55994,63420,8
1370563200,1.55993,1.5617100000000002,1.54881,1.55552,67708,8
1370822400,1.55159,1.55854,1.54947,1.55715,52282,8
1370908800,1.55713,1.5652599999999999,1.55207,1.56445,63840,8
1370995200,1.56447,1.56995,1.5633,1.56786,52755,8
1371081600,1.56786,1.5735999999999999,1.5644200000000001,1.57189,59335,8
1371168000,1.57185,1.5718800000000002,1.5615999999999999,1.57008,59487,5
1371427200,1.5710899999999999,1.5751,1.5680399999999999,1.57172,48931,5
1371513600,1.5717400000000001,1.57219,1.5565,1.56392,55409,5
1371600000,1.56395,1.56769,1.54495,1.54875,59168,5
1371686400,1.54875,1.55164,1.5414400000000001,1.55036,79351,5
1371772800,1.5504099999999998,1.55302,1.5368,1.5414400000000001,66917,5
1372032000,1.53939,1.5465200000000001,1.5343499999999999,1.54359,64686,5
1372118400,1.54353,1.54771,1.53972,1.54237,60379,5
1372204800,1.54237,1.54401,1.52975,1.53138,59506,5
1372291200,1.53137,1.5345499999999999,1.52016,1.52584,48551,8
1372377600,1.52583,1.5278399999999999,1.51654,1.52112,49330,8
1372636800,1.52068,1.5248300000000001,1.5183200000000001,1.52163,49411,5
1372723200,1.52162,1.5237699999999998,1.51361,1.51528,51995,5
1372809600,1.5152700000000001,1.53042,1.5129700000000001,1.52789,55696,5
1372896000,1.5278800000000001,1.52828,1.50557,1.5071400000000001,53896,5
1372982400,1.50717,1.50778,1.4859499999999999,1.48827,65057,5
1373241600,1.48777,1.4965600000000001,1.48581,1.49484,50385,5
1373328000,1.49481,1.49804,1.48133,1.4864899999999999,60762,5
1373414400,1.48655,1.50665,1.48447,1.50622,65867,5
1373500800,1.50621,1.5221900000000002,1.50338,1.5183200000000001,83057,5
1373587200,1.5182099999999998,1.51886,1.5075699999999999,1.51036,52691,1
1373846400,1.51083,1.51262,1.50274,1.5099900000000002,46505,1
1373932800,1.5100099999999999,1.51685,1.5044499999999998,1.5147,57077,1
1374019200,1.51468,1.5267300000000001,1.50787,1.52132,59174,1
1374105600,1.5213299999999998,1.52419,1.51576,1.52278,52108,1
1374192000,1.52278,1.52816,1.51962,1.5259,46556,1
1374451200,1.52611,1.5383900000000001,1.5257399999999999,1.53563,43400,1
1374537600,1.53565,1.53915,1.53259,1.53725,44858,1
1374624000,1.53728,1.53897,1.5289000000000001,1.53151,48179,1
1374710400,1.53166,1.54351,1.52634,1.53822,53822,1
1374796800,1.53822,1.54161,1.5355699999999999,1.53779,44579,1
1375056000,1.5383900000000001,1.54134,1.53286,1.5340799999999999,42702,1
1375142400,1.5340799999999999,1.53535,1.52233,1.52373,46538,1
1375228800,1.52374,1.52534,1.51257,1.5197500000000002,57561,1
1375315200,1.52037,1.52424,1.51099,1.51176,55767,1
1375401600,1.51176,1.53087,1.51024,1.5286300000000002,53168,1
1375660800,1.52828,1.53783,1.52588,1.53542,46378,1
1375747200,1.53542,1.53915,1.53315,1.5348600000000001,45978,1
1375833600,1.5349300000000001,1.55308,1.52048,1.54882,59721,1
1375920000,1.54886,1.5574,1.54847,1.55366,47387,1
1376006400,1.5536400000000001,1.55584,1.54966,1.54966,38388,1
1376265600,1.55027,1.5522200000000002,1.54566,1.5461200000000002,38355,1
1376352000,1.5461200000000002,1.55118,1.54269,1.54464,46826,1
1376438400,1.54473,1.55467,1.5422,1.5502799999999999,46782,1
1376524800,1.5502799999999999,1.56517,1.5501800000000001,1.56434,59538,1
1376611200,1.56434,1.5656400000000001,1.56073,1.56223,44614,1
1376870400,1.56296,1.56731,1.56091,1.56467,42495,1
1376956800,1.5646900000000001,1.56955,1.56284,1.5662099999999999,45605,1
1377043200,1.56629,1.5716999999999999,1.56373,1.5655999999999999,49697,1
1377129600,1.5655999999999999,1.5659399999999999,1.55626,1.5584,47540,1
1377216000,1.5584,1.56372,1.55385,1.5566200000000001,44324,1
1377475200,1.55752,1.56117,1.5556299999999998,1.55777,28322,1
1377561600,1.55782,1.55922,1.5481500000000001,1.5543200000000001,45210,1
1377648000,1.55436,1.55524,1.5428,1.5525,46768,1
1377734400,1.55254,1.5548,1.54823,1.55011,41880,1
1377820800,1.55015,1.5527600000000001,1.54629,1.54912,39160,1
1378080000,1.5518,1.55931,1.55054,1.55461,35055,1
1378166400,1.55462,1.56026,1.5522,1.5558100000000001,39536,1
1378252800,1.55591,1.56471,1.55556,1.56228,36149,1
1378339200,1.56229,1.5666799999999999,1.55728,1.55873,37253,1
1378425600,1.5587900000000001,1.5680800000000001,1.5563,1.5626600000000002,32118,1
1378684800,1.5627499999999999,1.57321,1.56258,1.56935,31848,1
1378771200,1.56933,1.57439,1.56853,1.5731199999999999,32898,1
1378857600,1.5731199999999999,1.58287,1.57184,1.58228,37254,1
1378944000,1.58226,1.58391,1.57763,1.58067,36945,1
1379030400,1.58068,1.5884399999999999,1.57761,1.5872899999999999,34704,1
1379289600,1.59318,1.59626,1.5894300000000001,1.58965,35292,1
1379376000,1.5896599999999999,1.59358,1.58857,1.5906099999999999,35410,1
1379462400,1.5906099999999999,1.61624,1.58922,1.61338,41207,1
1379548800,1.61342,1.61467,1.60225,1.60291,45880,1
1379635200,1.60291,1.6066500000000001,1.59864,1.60016,36219,1
1379894400,1.5998700000000001,1.6072,1.59978,1.60408,39003,1
1379980800,1.60408,1.6043500000000002,1.5955,1.60009,37154,1
1380067200,1.60013,1.60877,1.59792,1.60772,36698,1
1380153600,1.60773,1.6095899999999999,1.59992,1.60373,35510,1
1380240000,1.6037400000000002,1.61466,1.60296,1.6136599999999999,35529,1
1380499200,1.61419,1.62024,1.6128,1.61837,39375,1
1380585600,1.6183800000000002,1.62599,1.61823,1.61905,42342,1
1380672000,1.61905,1.6250200000000001,1.61623,1.62289,38093,1
1380758400,1.6228799999999999,1.62405,1.6154,1.61581,38181,1
1380844800,1.61582,1.61775,1.60054,1.6005500000000001,37554,1
1381104000,1.60253,1.60995,1.60251,1.60884,35365,1
1381190400,1.60884,1.6123699999999999,1.60196,1.60831,34638,1
1381276800,1.60831,1.61209,1.5916000000000001,1.5952199999999999,39281,1
1381363200,1.59528,1.59783,1.59137,1.5971199999999999,33045,1
1381449600,1.5971199999999999,1.60015,1.59233,1.59459,30855,1
1381708800,1.59668,1.60179,1.59541,1.59801,26001,1
1381795200,1.59799,1.60086,1.5914899999999998,1.59965,35725,1
1381881600,1.59964,1.60578,1.58938,1.5955,37951,1
1381968000,1.5955300000000001,1.6171799999999998,1.59398,1.61602,42594,1
1382054400,1.6160700000000001,1.6224699999999999,1.61416,1.61638,30775,1
1382313600,1.61712,1.61806,1.6132,1.61429,25818,1
1382400000,1.61444,1.62476,1.61154,1.62293,30973,1
1382486400,1.62289,1.62562,1.6119599999999998,1.61642,36120,1
1382572800,1.61638,1.62226,1.61374,1.6200999999999999,39337,1
1382659200,1.62013,1.62467,1.61502,1.61619,37280,1
1382918400,1.6172900000000001,1.62079,1.61242,1.61364,31358,1
1383004800,1.61364,1.61439,1.6023399999999999,1.60508,40785,1
1383091200,1.60504,1.60779,1.59984,1.60264,38189,1
1383177600,1.6027,1.60683,1.60056,1.60427,43881,1
1383264000,1.60429,1.6046200000000002,1.5908600000000002,1.59214,39196,1
1383523200,1.5927,1.59782,1.59032,1.59636,26333,1
1383609600,1.5963699999999998,1.6062400000000001,1.59482,1.60454,37535,1
1383696000,1.60458,1.61175,1.6041400000000001,1.60812,33053,1
1383782400,1.60812,1.61136,1.6009600000000002,1.60942,44614,1
1383868800,1.6094,1.6104699999999998,1.59569,1.60126,40773,1
1384128000,1.60072,1.60215,1.59653,1.59867,31687,1
1384214400,1.5987,1.59921,1.5853899999999999,1.58952,39888,1
1384300800,1.58949,1.60673,1.58779,1.6041400000000001,42358,1
1384387200,1.60418,1.6101,1.59885,1.60617,43702,1
1384473600,1.60615,1.6134,1.60481,1.6114199999999999,34090,1
1384732800,1.61197,1.61484,1.6081400000000001,1.61091,34137,1
1384819200,1.61089,1.6132,1.6059299999999999,1.61164,39180,1
1384905600,1.61164,1.61778,1.60872,1.61018,46643,1
1384992000,1.6101,1.6202,1.60721,1.6193300000000002,45774,1
1385078400,1.6193300000000002,1.62252,1.6176599999999999,1.62212,37199,1
1385337600,1.62351,1.62401,1.61333,1.61623,31330,1
1385424000,1.61613,1.62189,1.61388,1.62107,30224,1
1385510400,1.62108,1.6330200000000001,1.6197300000000001,1.62863,37613,1
1385596800,1.62863,1.6357300000000001,1.62766,1.6336300000000001,34085,1
1385683200,1.6336300000000001,1.63841,1.6314199999999999,1.63611,41095,1
1385942400,1.63739,1.6442299999999999,1.63429,1.635,41751,1
1386028800,1.63506,1.64365,1.63464,1.6385100000000001,37999,1
1386115200,1.6385,1.6403400000000001,1.63263,1.63785,46834,1
1386201600,1.63784,1.6403400000000001,1.63001,1.63392,47389,1
1386288000,1.63392,1.63931,1.6291600000000002,1.6345399999999999,41007,1
1386547200,1.6346,1.64322,1.63232,1.64223,34336,1
1386633600,1.64218,1.64652,1.64185,1.6446,34274,1
1386720000,1.6446100000000001,1.64573,1.6339000000000001,1.63753,36289,1
1386806400,1.6375600000000001,1.64178,1.63205,1.63428,37819,1
1386892800,1.63428,1.63597,1.62623,1.62914,35409,1
1387152000,1.63055,1.6348500000000001,1.62893,1.6297000000000001,35572,1
1387238400,1.6297199999999998,1.63355,1.62175,1.6272799999999998,35738,1
1387324800,1.62724,1.6484100000000002,1.62691,1.63827,45970,1
1387411200,1.63827,1.6395499999999998,1.63353,1.6364,38821,1
1387497600,1.6364,1.63944,1.63157,1.63279,38535,1
1387756800,1.63273,1.63747,1.63215,1.63464,30344,1
1387843200,1.63461,1.63811,1.63219,1.63694,22742,1
1388016000,1.6379299999999999,1.64378,1.63707,1.64137,17716,1
1388102400,1.64139,1.65775,1.64054,1.64787,37946,1
1388361600,1.64883,1.6532499999999999,1.6459700000000002,1.6493,30958,1
1388448000,1.64927,1.65778,1.6474199999999999,1.65649,26346,1
1388534400,1.6562299999999999,1.65759,1.6558000000000002,1.65759,1611,6
1388620800,1.65744,1.6602999999999999,1.64106,1.64442,59468,1
1388707200,1.64442,1.64738,1.63952,1.64151,38685,1
1388966400,1.6410900000000002,1.64334,1.63374,1.6414499999999999,38500,1
1389052800,1.64141,1.64381,1.63739,1.6400299999999999,33355,1
1389139200,1.64001,1.64715,1.63765,1.6442700000000001,36585,1
1389225600,1.64425,1.64973,1.64409,1.64734,36491,1
1389312000,1.64734,1.6516899999999999,1.6380400000000002,1.64784,35549,1
1389571200,1.64867,1.6507800000000001,1.6346500000000002,1.6381700000000001,36981,1
1389657600,1.6381700000000001,1.64641,1.6367,1.6435,37687,1
1389744000,1.6435,1.64391,1.63222,1.63678,39526,1
1389830400,1.63679,1.63829,1.63147,1.63504,38073,1
1389916800,1.63506,1.6458300000000001,1.6309,1.64226,36484,1
1390176000,1.64148,1.64519,1.6395300000000002,1.6427800000000001,26128,1
1390262400,1.6427100000000001,1.64853,1.63991,1.6474600000000001,34637,1
1390348800,1.64744,1.65865,1.6450399999999998,1.65683,36991,1
1390435200,1.65679,1.66428,1.6556600000000001,1.66379,43822,1
1390521600,1.66378,1.6667999999999998,1.64768,1.64768,44348,1
1390780800,1.64754,1.65875,1.64743,1.6578300000000001,39166,1
1390867200,1.6578300000000001,1.6625,1.65355,1.65637,37203,1
1390953600,1.65639,1.66063,1.65253,1.6555499999999999,41605,1
1391040000,1.65553,1.65639,1.64447,1.6492499999999999,39876,1
1391126400,1.6492499999999999,1.64978,1.6427100000000001,1.64343,42216,1
1391385600,1.64296,1.6440700000000001,1.6289799999999999,1.63083,40865,1
1391472000,1.6308799999999999,1.63442,1.62569,1.6324,38926,1
1391558400,1.63236,1.6340599999999998,1.62519,1.63116,49577,1
1391644800,1.63116,1.63483,1.62724,1.63178,48654,1
1391731200,1.63178,1.64177,1.63005,1.64101,47675,1
1391990400,1.6408,1.64269,1.63829,1.64045,29255,1
1392076800,1.64046,1.64871,1.6392099999999998,1.64489,36598,1
1392163200,1.64487,1.6618,1.64254,1.6610800000000001,41737,1
1392249600,1.66098,1.6673,1.65999,1.66557,40620,1
1392336000,1.6655799999999998,1.6755499999999999,1.66439,1.67466,36170,1
1392595200,1.6757900000000001,1.6822300000000001,1.66954,1.67133,34050,1
1392681600,1.67127,1.6741000000000001,1.6655600000000002,1.6678600000000001,40575,1
1392768000,1.66798,1.6733500000000001,1.66367,1.66791,38245,1
1392854400,1.66797,1.66996,1.66255,1.66528,39303,1
1392940800,1.66512,1.6724700000000001,1.66125,1.6614499999999999,38164,1
1393200000,1.66323,1.66787,1.65831,1.66557,37208,1
1393286400,1.66553,1.67266,1.66424,1.66769,38596,1
1393372800,1.66772,1.67013,1.66215,1.66657,38861,1
1393459200,1.66657,1.66989,1.66166,1.6688,40561,1
1393545600,1.6687699999999999,1.6768399999999999,1.6675900000000001,1.67398,43562,1
1393804800,1.67414,1.67509,1.66532,1.6663299999999999,42327,1
1393891200,1.66632,1.67164,1.66403,1.66584,38097,1
1393977600,1.66582,1.67416,1.6656300000000002,1.6721300000000001,36378,1
1394064000,1.67212,1.67771,1.66852,1.67382,39452,1
1394150400,1.67379,1.67855,1.6706400000000001,1.6711399999999998,49948,0
1394409600,1.6721,1.6741000000000001,1.66216,1.66448,60499,0
1394496000,1.6644999999999999,1.6652900000000002,1.6596,1.66178,60878,0
1394582400,1.66178,1.66356,1.6568100000000001,1.6621700000000001,69034,0
1394668800,1.6621700000000001,1.6718,1.66064,1.66236,82226,0
1394755200,1.66236,1.66489,1.65869,1.66464,77255,0
1395014400,1.66344,1.66657,1.66044,1.66351,51928,0
1395100800,1.66351,1.66475,1.65455,1.65953,68151,0
1395187200,1.65952,1.6654200000000001,1.65079,1.6533799999999998,80301,0
1395273600,1.65341,1.6568100000000001,1.64798,1.65062,69707,0
1395360000,1.65062,1.65201,1.64752,1.64852,56148,0
1395619200,1.64853,1.6536,1.64652,1.64961,60387,0
1395705600,1.64946,1.65492,1.6481,1.65327,76554,0
1395792000,1.65327,1.6596600000000001,1.65093,1.6576,70456,0
1395878400,1.65762,1.66466,1.65549,1.66075,78764,0
1395964800,1.66075,1.6651099999999999,1.65988,1.66378,65450,0
1396224000,1.66422,1.66837,1.66112,1.6663000000000001,78625,0
1396310400,1.66629,1.66747,1.66182,1.66307,60587,1
1396396800,1.66307,1.6663700000000001,1.6619899999999999,1.66248,58505,1
1396483200,1.66248,1.66605,1.657,1.65941,74248,1
1396569600,1.65941,1.66055,1.65536,1.65712,67412,1
1396828800,1.65713,1.6623700000000001,1.6565400000000001,1.6608399999999999,42330,1
1396915200,1.6608399999999999,1.67545,1.66064,1.67481,60744,1
1397001600,1.67479,1.6800000000000002,1.67241,1.6790500000000002,60421,1
1397088000,1.6790699999999998,1.68201,1.6754099999999998,1.67834,44594,1
1397174400,1.6783299999999999,1.67869,1.67171,1.6730399999999999,41459,1
1397433600,1.6736900000000001,1.67435,1.6696499999999999,1.67238,40123,1
1397520000,1.6724299999999999,1.67489,1.666,1.6728399999999999,44255,1
1397606400,1.6728399999999999,1.68177,1.67199,1.67964,44687,1
1397692800,1.67962,1.68417,1.67866,1.67923,38257,1
1397779200,1.6793,1.6801300000000001,1.67739,1.67886,19059,1
1398038400,1.6800899999999999,1.68184,1.67828,1.6793,18308,1
1398124800,1.6793,1.6839,1.67856,1.6823700000000001,36194,1
1398211200,1.68239,1.68357,1.6762299999999999,1.67795,42502,1
1398297600,1.67794,1.6806100000000002,1.6764999999999999,1.68011,40050,1
1398384000,1.68011,1.68295,1.67897,1.67977,32509,1
1398643200,1.68025,1.68574,1.6777199999999999,1.6808,42552,0
1398729600,1.68078,1.6846700000000001,1.67927,1.68261,41366,1
1398816000,1.68254,1.69006,1.68069,1.6874099999999999,46914,1
1398902400,1.68739,1.6919499999999998,1.68713,1.6888100000000001,30687,1
1398988800,1.6888100000000001,1.6894900000000002,1.68215,1.68685,44212,1
1399248000,1.68743,1.68823,1.68532,1.68679,23896,1
1399334400,1.68675,1.6996099999999998,1.68659,1.69726,47708,0
1399420800,1.69726,1.69859,1.6951,1.69543,56892,1
1399507200,1.69542,1.69752,1.69234,1.69311,63062,0
1399593600,1.6931,1.69379,1.68317,1.68472,42832,1
1399852800,1.68469,1.69029,1.68466,1.68677,36842,1
1399939200,1.68675,1.6883,1.68186,1.6826400000000001,50835,0
1400025600,1.68266,1.68744,1.67535,1.67659,47601,1
1400112000,1.67658,1.68059,1.67316,1.6789,42327,1
1400198400,1.6788699999999999,1.6838600000000001,1.67832,1.681,33226,0
1400457600,1.68227,1.68445,1.68049,1.68139,30250,0
1400544000,1.6813799999999999,1.6863899999999998,1.68019,1.6837900000000001,29573,2
1400630400,1.68378,1.69201,1.6831800000000001,1.68987,35659,0
1400716800,1.68988,1.6917200000000001,1.68514,1.68665,40043,1
1400803200,1.6867,1.68751,1.68125,1.683,36262,1
1401062400,1.68337,1.6852399999999998,1.6825999999999999,1.6840199999999999,21586,0
1401148800,1.6840199999999999,1.6881599999999999,1.67823,1.68099,32349,1
1401235200,1.68098,1.68153,1.66971,1.67107,34595,3
1401321600,1.67107,1.67401,1.66925,1.67165,32576,0
1401408000,1.67165,1.6777,1.67151,1.6750500000000001,32026,1
1401667200,1.67599,1.67612,1.67249,1.67466,40019,1
1401753600,1.67461,1.67821,1.67305,1.67486,40780,0
1401840000,1.67484,1.6768100000000001,1.66988,1.6735600000000002,43122,1
1401926400,1.67353,1.68249,1.67224,1.6813799999999999,53358,1
1402012800,1.6813799999999999,1.6845400000000001,1.67807,1.67997,44364,1
1402272000,1.68083,1.6832099999999999,1.67838,1.68019,36462,0
1402358400,1.68014,1.68171,1.67425,1.6753900000000002,44878,0
1402444800,1.67537,1.68102,1.67378,1.67896,44563,0
1402531200,1.67895,1.69352,1.6787,1.69251,46740,1
1402617600,1.6924700000000001,1.69913,1.69215,1.69634,44331,2
1402876800,1.69752,1.70106,1.69592,1.6979899999999999,39032,1
1402963200,1.69798,1.6989,1.6937600000000002,1.69615,44509,1
1403049600,1.69612,1.70021,1.6919499999999998,1.6991399999999999,49651,1
1403136000,1.69913,1.7062599999999999,1.69843,1.7039,47869,1
1403222400,1.7039499999999999,1.70602,1.70027,1.70138,41158,1
1403481600,1.7021,1.70491,1.70014,1.7026599999999998,38903,0
1403568000,1.7026400000000002,1.70317,1.6965599999999998,1.69834,42450,1
1403654400,1.69836,1.70041,1.6952099999999999,1.6981199999999999,38302,1
1403740800,1.69815,1.70398,1.6970800000000001,1.70249,41034,0
1403827200,1.70249,1.70512,1.70065,1.70312,33855,1
1404086400,1.7034099999999999,1.71136,1.70085,1.71085,33582,1
1404172800,1.71086,1.71648,1.70946,1.71478,24912,20
1404259200,1.7147700000000001,1.7175,1.7138900000000001,1.7162600000000001,24491,22
1404345600,1.71627,1.71637,1.7105700000000001,1.7151399999999999,28316,2
1404432000,1.71515,1.7178900000000001,1.7130999999999998,1.7159499999999999,21617,4
1404691200,1.71625,1.7163,1.7107999999999999,1.7130800000000002,22575,4
1404777600,1.71312,1.71468,1.7084899999999998,1.71295,23527,4
1404864000,1.71293,1.716,1.7093699999999998,1.71556,26602,1
1404950400,1.7155399999999998,1.71669,1.7104599999999999,1.71311,27005,4
1405036800,1.71312,1.71502,1.70885,1.71098,54439,1
1405296000,1.7120600000000001,1.71441,1.7069800000000002,1.7084700000000002,84378,1
1405382400,1.70845,1.71898,1.70593,1.7142,85963,1
1405468800,1.7141899999999999,1.7151100000000001,1.71132,1.71375,35637,1
1405555200,1.71373,1.71433,1.70853,1.71007,36124,2
1405641600,1.71004,1.7117499999999999,1.7036,1.7076,36961,1
1405900800,1.7081,1.7098900000000001,1.70552,1.70722,38442,2
1405987200,1.70722,1.70825,1.70412,1.7064300000000001,51449,1
1406073600,1.70641,1.70949,1.7023700000000002,1.70391,63136,1
1406160000,1.70384,1.7053099999999999,1.69659,1.69868,60396,1
1406246400,1.69856,1.69977,1.69607,1.69734,58019,1
1406505600,1.6976200000000001,1.70007,1.69721,1.69827,52101,1
1406592000,1.69821,1.6994500000000001,1.6933,1.69434,65350,2
1406678400,1.69429,1.6954799999999999,1.6888800000000002,1.6910699999999999,60743,2
1406764800,1.69109,1.69264,1.6856200000000001,1.68831,46769,1
1406851200,1.6883,1.68923,1.6802700000000002,1.68215,53393,1
1407110400,1.6823700000000001,1.68643,1.6813500000000001,1.6859199999999999,48022,6
1407196800,1.6859199999999999,1.68883,1.6844700000000001,1.68819,51936,6
1407283200,1.68822,1.68833,1.68213,1.68513,49896,6
1407369600,1.68514,1.68635,1.68231,1.6832500000000001,55071,6
1407456000,1.6832500000000001,1.68335,1.6766299999999998,1.67685,59528,6
1407715200,1.67736,1.67954,1.6770100000000001,1.67868,38178,6
1407801600,1.6787,1.68155,1.6756600000000001,1.6810100000000001,41917,6
1407888000,1.681,1.68445,1.6684999999999999,1.6689,63003,6
1407974400,1.66885,1.66966,1.66571,1.6684299999999999,46313,6
1408060800,1.66844,1.67013,1.66764,1.6686100000000001,43568,6
1408320000,1.6715200000000001,1.67371,1.6712099999999999,1.67266,32236,6
1408406400,1.67265,1.67273,1.66109,1.66151,46201,6
1408492800,1.66153,1.66785,1.6589399999999999,1.6593499999999999,57648,6
1408579200,1.65933,1.66012,1.65637,1.65788,55980,6
1408665600,1.65786,1.6597499999999998,1.6560899999999998,1.65649,58829,2
1408924800,1.6541700000000001,1.6598000000000002,1.65388,1.65701,55161,3
1409011200,1.657,1.6595,1.65381,1.65411,66857,6
1409097600,1.65407,1.66049,1.65366,1.65737,66451,6
1409184000,1.65737,1.66132,1.65669,1.65883,52791,1
1409270400,1.65881,1.6613099999999998,1.65624,1.65971,42069,1
1409529600,1.65895,1.66435,1.65855,1.66083,44989,6
1409616000,1.66083,1.66147,1.6467399999999999,1.64693,73616,6
1409702400,1.64693,1.6497199999999999,1.64398,1.6459700000000002,69787,1
1409788800,1.64593,1.64656,1.63061,1.63165,74045,1
1409875200,1.6316199999999998,1.63405,1.62806,1.63262,67103,1
1410134400,1.6186500000000001,1.6232799999999998,1.60928,1.60929,97496,1
1410220800,1.60938,1.61568,1.60591,1.61046,99269,1
1410307200,1.61044,1.62298,1.6052,1.62011,87303,1
1410393600,1.62026,1.6277,1.61852,1.62738,77082,1
1410480000,1.62738,1.62738,1.62046,1.6263,89688,1
1410739200,1.62698,1.62731,1.62209,1.62266,74362,1
1410825600,1.6227399999999998,1.63118,1.6162100000000001,1.62702,84274,1
1410912000,1.62702,1.63583,1.62489,1.62585,82892,1
1410998400,1.62582,1.64595,1.62465,1.64381,90659,1
1411084800,1.64394,1.65244,1.62838,1.62876,108972,1
1411344000,1.6290499999999999,1.63678,1.62897,1.6362,130122,1
1411430400,1.63617,1.6415600000000001,1.63029,1.6390099999999999,66797,1
1411516800,1.63897,1.64134,1.63274,1.63364,64477,1
1411603200,1.63365,1.63418,1.62763,1.63177,79011,1
1411689600,1.63177,1.6332900000000001,1.62379,1.62416,66152,1
1411948800,1.6238299999999999,1.62745,1.6214300000000001,1.62422,66539,1
1412035200,1.6242,1.62873,1.6166399999999999,1.62149,78790,1
1412121600,1.62149,1.62521,1.61618,1.61826,76980,1
1412208000,1.61825,1.625,1.6112600000000001,1.61496,92921,1
1412294400,1.61496,1.61591,1.59518,1.59672,70660,1
1412553600,1.59683,1.6099299999999999,1.5954199999999998,1.60816,56893,1
1412640000,1.60815,1.6129099999999998,1.6026,1.60968,83936,1
1412726400,1.60965,1.61816,1.6031900000000001,1.61591,86852,1
1412812800,1.6159,1.62268,1.6104500000000002,1.6118999999999999,87662,1
1412899200,1.6118999999999999,1.61358,1.60086,1.6075599999999999,78653,1
1413158400,1.6068099999999998,1.61267,1.6050900000000001,1.60739,80493,1
1413244800,1.6074000000000002,1.6080100000000002,1.58974,1.59047,80032,1
1413331200,1.59047,1.6069200000000001,1.5875,1.60015,122122,1
1413417600,1.60015,1.60967,1.59412,1.6074000000000002,112103,1
1413504000,1.60739,1.61252,1.60296,1.60915,72698,1
1413763200,1.60935,1.61787,1.60795,1.6158700000000001,68458,10
1413849600,1.61585,1.6183800000000002,1.61087,1.6116700000000002,79135,10
1413936000,1.61165,1.61303,1.6010900000000001,1.6041699999999999,75590,10
1414022400,1.6041699999999999,1.60596,1.5994000000000002,1.60278,73369,8
1414108800,1.60276,1.60979,1.60163,1.60832,69410,5
1414368000,1.60927,1.6146500000000001,1.60858,1.61118,62145,6
1414454400,1.61118,1.6181999999999999,1.6088200000000001,1.6133899999999999,66326,1
1414540800,1.61341,1.61611,1.6002399999999999,1.6014,69463,10
1414627200,1.60142,1.6038000000000001,1.59505,1.5993,83159,1
1414713600,1.59932,1.60107,1.59414,1.5993,100878,10
1414972800,1.5972499999999998,1.60212,1.59259,1.5977299999999999,96171,10
1415059200,1.59768,1.6015700000000002,1.59646,1.60045,86382,10
1415145600,1.60046,1.60212,1.58684,1.59602,101222,9
1415232000,1.59605,1.60015,1.5823800000000001,1.5834000000000001,115028,1
1415318400,1.5834000000000001,1.5886,1.57893,1.587,103379,10
1415577600,1.58809,1.59169,1.58391,1.5845099999999999,81812,10
1415664000,1.58448,1.5944099999999999,1.5834700000000002,1.59155,78599,1
1415750400,1.59155,1.5940400000000001,1.57593,1.5765799999999999,99518,10
1415836800,1.5765099999999999,1.57808,1.56934,1.57049,90511,1
1415923200,1.57049,1.57076,1.55926,1.5667200000000001,110452,1
1416182400,1.56657,1.5735000000000001,1.56193,1.56344,92334,1
1416268800,1.56348,1.56786,1.56192,1.5621,72383,1
1416355200,1.5621,1.5720800000000001,1.55897,1.5680100000000001,67894,1
1416441600,1.56802,1.57367,1.56315,1.56924,80938,10
1416528000,1.56917,1.57132,1.56254,1.5655299999999999,79104,1
1416787200,1.5636100000000002,1.5714299999999999,1.5627900000000001,1.57036,62333,1
1416873600,1.57067,1.57351,1.5648300000000002,1.5706099999999998,70739,1
1416960000,1.57078,1.58052,1.56787,1.57896,76035,1
1417046400,1.57885,1.58255,1.57162,1.57347,52198,1
1417132800,1.57348,1.57388,1.5613700000000001,1.56389,81571,10
1417392000,1.56405,1.57634,1.55846,1.57291,85145,10
1417478400,1.5729199999999999,1.57422,1.56314,1.56369,67896,1
1417564800,1.5634700000000001,1.57192,1.5619,1.5682399999999999,55180,1
1417651200,1.56859,1.57254,1.5642800000000001,1.56723,64946,1
1417737600,1.5672000000000001,1.56949,1.5568499999999998,1.55763,69449,1
1417996800,1.55576,1.56787,1.55411,1.56507,64580,1
1418083200,1.5645,1.5716700000000001,1.5625499999999999,1.56624,69506,1
1418169600,1.56658,1.57189,1.5647,1.5710199999999999,66433,1
1418256000,1.57152,1.57566,1.5652,1.57185,67641,1
1418342400,1.57318,1.57463,1.56942,1.57159,61579,1
1418601600,1.57144,1.57464,1.5601099999999999,1.56312,65356,1
1418688000,1.5635599999999998,1.5785200000000001,1.56079,1.57477,72907,1
1418774400,1.57465,1.5752000000000002,1.55408,1.55722,70735,1
1418860800,1.5561,1.56772,1.55488,1.56678,65129,1
1418947200,1.56674,1.5682,1.5605,1.56167,60892,0
1419206400,1.56251,1.56651,1.5572599999999999,1.55887,192514,0
1419292800,1.55887,1.5607799999999998,1.54854,1.552,184793,0
1419379200,1.552,1.55569,1.55037,1.5550000000000002,152160,0
1419552000,1.55576,1.55664,1.55365,1.55499,105236,0
1419811200,1.5558800000000002,1.55853,1.5506799999999998,1.55142,75090,0
1419897600,1.5511,1.5573299999999999,1.55004,1.55586,48534,0
1419984000,1.55582,1.56202,1.5549,1.55801,39007,0
1420156800,1.5544,1.55467,1.5324200000000001,1.53244,70780,12
1420416000,1.52995,1.5318399999999999,1.51718,1.5248300000000001,108979,12
1420502400,1.52482,1.52729,1.51404,1.51485,107006,12
1420588800,1.51485,1.51546,1.50543,1.51084,111304,12
1420675200,1.51083,1.51166,1.50336,1.50882,94075,11
1420761600,1.50882,1.51738,1.5076399999999999,1.51571,104093,10
1421020800,1.51768,1.51929,1.50982,1.51694,93714,12
1421107200,1.5169700000000002,1.51908,1.50769,1.51582,110581,12
1421193600,1.51582,1.52678,1.51443,1.5232,114133,12
1421280000,1.52321,1.52665,1.51494,1.5180500000000001,127237,11
1421366400,1.51813,1.52336,1.50745,1.5145,125329,9
1421625600,1.51274,1.5178,1.51079,1.51098,51772,8
1421712000,1.5110700000000001,1.51985,1.50577,1.51417,40874,12
1421798400,1.5142099999999998,1.51779,1.50751,1.51399,50415,14
1421884800,1.51397,1.52114,1.49714,1.50076,57253,14
1421971200,1.50087,1.50346,1.49503,1.4987599999999999,59924,11
1422230400,1.5007899999999998,1.5102600000000002,1.49858,1.50758,47625,15
1422316800,1.50751,1.52227,1.5059,1.51958,70437,1
1422403200,1.51919,1.5218500000000001,1.51302,1.51364,83169,1
1422489600,1.51349,1.51616,1.50176,1.5064199999999999,46843,6
1422576000,1.5062600000000002,1.5095,1.49882,1.5061900000000001,47062,13
1422835200,1.5093299999999998,1.50982,1.50048,1.50373,77250,8
1422921600,1.5038,1.51969,1.4988299999999999,1.5165,86690,8
1423008000,1.5165,1.5249899999999998,1.51382,1.5180099999999999,73098,2
1423094400,1.5180500000000001,1.53427,1.51642,1.53264,81400,8
1423180800,1.5326300000000002,1.5351599999999999,1.52103,1.5225,70972,8
1423440000,1.52265,1.5266199999999999,1.52,1.52136,73909,6
1423526400,1.52134,1.52746,1.51959,1.5253,73791,8
1423612800,1.5253,1.52988,1.52184,1.52358,72072,6
1423699200,1.52351,1.54127,1.52088,1.5382500000000001,79397,6
1423785600,1.53824,1.54215,1.53705,1.53928,73170,8
1424044800,1.5417800000000002,1.54396,1.5338500000000002,1.53613,70974,8
1424131200,1.53607,1.54013,1.53156,1.53518,73475,10
1424217600,1.53517,1.5477699999999999,1.5341,1.54344,78140,8
1424304000,1.54345,1.54649,1.5404,1.54134,70165,8
1424390400,1.5412400000000002,1.54333,1.5343,1.53983,76045,1
1424649600,1.53953,1.54739,1.53321,1.54558,63625,8
1424736000,1.54554,1.54733,1.5403799999999999,1.54515,65712,8
1424822400,1.54527,1.5537999999999998,1.5446499999999999,1.55273,64527,8
1424908800,1.55279,1.5551599999999999,1.5394,1.54051,70077,8
1424995200,1.5405,1.5457999999999998,1.5384,1.54365,70621,7
1425254400,1.5415100000000002,1.54281,1.53513,1.53636,64072,8
1425340800,1.53648,1.5396999999999998,1.53442,1.5358800000000001,61215,7
1425427200,1.5359,1.5371299999999999,1.52515,1.52638,66344,6
1425513600,1.5264,1.5269,1.52149,1.5238800000000001,67554,8
1425600000,1.524,1.52554,1.5031400000000001,1.50333,69856,8
1425859200,1.50345,1.51366,1.50328,1.5127199999999998,66438,5
1425945600,1.5127000000000002,1.5128,1.50284,1.50534,86182,6
1426032000,1.5053800000000002,1.50959,1.48928,1.49281,95567,8
1426118400,1.49284,1.5026000000000002,1.48495,1.48845,88081,8
1426204800,1.48842,1.48962,1.46988,1.47397,85528,6
1426464000,1.47342,1.48529,1.47342,1.4825300000000001,84136,2
1426550400,1.48231,1.48447,1.4723600000000001,1.47428,86285,1
1426636800,1.47433,1.51648,1.46347,1.49574,99161,1
1426723200,1.4956,1.50094,1.46876,1.47543,108127,2
1426809600,1.47541,1.4988000000000001,1.47215,1.4945,91424,10
1427068800,1.49723,1.49729,1.48377,1.49535,92693,6
1427155200,1.4953400000000001,1.49835,1.48411,1.48428,98379,10
1427241600,1.48438,1.49533,1.48303,1.48844,78715,10
1427328000,1.48841,1.49933,1.48062,1.48499,91846,6
1427414400,1.48501,1.4921,1.47959,1.487,86753,8
1427673600,1.48826,1.49003,1.47527,1.48092,76570,8
1427760000,1.48082,1.4870999999999999,1.47545,1.48164,79845,14
1427846400,1.48174,1.4870700000000001,1.4739,1.48224,79563,8
1427932800,1.48227,1.48678,1.47756,1.48268,75990,4
1428019200,1.48267,1.49445,1.48095,1.49179,55162,12
1428278400,1.49179,1.49806,1.48696,1.48785,41574,6
1428364800,1.4877,1.49197,1.48021,1.48069,77935,4
1428451200,1.48068,1.4972699999999999,1.4806599999999999,1.48662,77993,4
1428537600,1.48651,1.48855,1.46847,1.47111,74435,4
1428624000,1.47113,1.47241,1.45865,1.4631,73860,4
1428883200,1.4631,1.4680900000000001,1.4565000000000001,1.46745,71071,4
1428969600,1.4674800000000001,1.48011,1.46029,1.47798,81043,4
1429056000,1.4779499999999999,1.48533,1.47004,1.4841199999999999,80617,4
1429142400,1.4841199999999999,1.4969000000000001,1.48114,1.4932,100135,8
1429228800,1.4932,1.5052699999999999,1.49154,1.4959500000000001,88033,4
1429488000,1.4959500000000001,1.49831,1.4887299999999999,1.49075,76220,4
1429574400,1.49075,1.4972400000000001,1.48557,1.49251,94903,2
1429660800,1.49251,1.50792,1.49127,1.50399,105696,2
1429747200,1.50399,1.5069599999999999,1.49593,1.50584,102206,2
1429833600,1.50584,1.51868,1.50268,1.5185499999999998,101526,2
1430092800,1.5174699999999999,1.52614,1.51065,1.5234100000000002,92943,2
1430179200,1.5229599999999999,1.53424,1.51719,1.53395,107603,2
1430265600,1.53384,1.54977,1.53274,1.5437699999999999,128457,2
1430352000,1.5436999999999999,1.54918,1.53033,1.53524,149116,2
1430438400,1.5348899999999999,1.53965,1.5114100000000001,1.5147300000000001,106499,2
1430697600,1.51432,1.51742,1.5089700000000001,1.51203,69783,1
1430784000,1.5120200000000001,1.52172,1.50899,1.51807,24244,1
1430870400,1.5179,1.52898,1.51508,1.5241500000000001,43336,1
1430956800,1.5241,1.5274299999999998,1.51647,1.5243600000000002,18854,3
1431043200,1.5247000000000002,1.55207,1.5245,1.54426,34842,6
1431302400,1.54484,1.5612,1.53925,1.55847,68349,7
1431388800,1.55843,1.57096,1.55565,1.56681,105687,8
1431475200,1.5668,1.57683,1.56333,1.57436,82150,7
1431561600,1.5744,1.5813899999999999,1.57283,1.57747,94140,7
1431648000,1.57752,1.5807600000000002,1.57005,1.57271,84612,7
1431907200,1.5738400000000001,1.57446,1.56372,1.56515,82942,1
1431993600,1.5651899999999999,1.56689,1.54451,1.55099,115886,8
1432080000,1.5511599999999999,1.5587,1.54718,1.55342,129773,8
1432166400,1.55339,1.5699100000000001,1.55241,1.5659999999999998,118719,7
1432252800,1.5659999999999998,1.56888,1.54595,1.5495700000000001,114775,8
1432512000,1.54759,1.55069,1.54555,1.5467499999999998,74320,15
1432598400,1.54683,1.5474700000000001,1.53532,1.53819,120644,6
1432684800,1.53819,1.54364,1.53006,1.53499,115885,8
1432771200,1.53529,1.53847,1.52596,1.53119,118310,10
1432857600,1.53128,1.53413,1.52356,1.5284200000000001,107611,9
1433116800,1.52923,1.53038,1.51695,1.51989,130503,7
1433203200,1.51949,1.53666,1.5178500000000001,1.53424,176119,6
1433289600,1.53415,1.53743,1.52515,1.53383,98438,3
1433376000,1.53382,1.54405,1.5303900000000001,1.5360800000000001,53614,1
1433462400,1.53592,1.53688,1.51897,1.52711,181459,8
1433721600,1.52691,1.53632,1.52207,1.53471,147392,8
1433808000,1.5347300000000001,1.53884,1.5256699999999999,1.53837,168159,8
1433894400,1.53847,1.5552899999999998,1.53682,1.5528499999999998,190949,1
1433980800,1.55281,1.5533000000000001,1.5420099999999999,1.55157,145496,1
1434067200,1.55157,1.55975,1.54663,1.55571,124323,1
1434326400,1.55485,1.5613299999999999,1.5487,1.55995,108890,1
1434412800,1.5600800000000001,1.56536,1.55409,1.56461,134795,2
1434499200,1.56459,1.58464,1.5625200000000001,1.58303,175856,4
1434585600,1.5829900000000001,1.59292,1.5805500000000001,1.58769,164473,8
1434672000,1.58782,1.5895899999999998,1.58346,1.5876000000000001,123394,8
1434931200,1.58714,1.59093,1.58047,1.5822500000000002,128068,8
1435017600,1.5822500000000002,1.5830899999999999,1.57084,1.57286,147163,8
1435104000,1.57282,1.5802100000000001,1.56667,1.57031,139027,8
1435190400,1.5704,1.57698,1.56762,1.57455,129095,8
1435276800,1.5746799999999999,1.57663,1.57081,1.57455,118889,8
1435536000,1.5695999999999999,1.57878,1.56613,1.57352,178051,8
1435622400,1.5735999999999999,1.57755,1.56924,1.57065,159509,8
1435708800,1.57036,1.57322,1.5588,1.5614599999999998,143648,6
1435795200,1.5614400000000002,1.56394,1.55618,1.56068,126635,4
1435881600,1.56057,1.56433,1.55556,1.5577299999999998,110686,4
1436140800,1.55417,1.56278,1.55314,1.56016,130863,5
1436227200,1.56012,1.5609,1.54132,1.54609,161835,5
1436313600,1.5461200000000002,1.5466600000000001,1.5329700000000002,1.53606,152386,5
1436400000,1.5360200000000002,1.54199,1.53429,1.5379,135178,5
1436486400,1.5379,1.55501,1.53633,1.5512899999999998,138794,5
1436745600,1.5502799999999999,1.55884,1.54806,1.5484200000000001,139820,5
1436832000,1.54844,1.56384,1.54502,1.56348,139133,5
1436918400,1.56348,1.56744,1.55761,1.56365,143617,5
1437004800,1.5636299999999999,1.565,1.55596,1.56066,139086,5
1437091200,1.56056,1.56723,1.5552700000000002,1.56054,112037,8
1437350400,1.56002,1.56269,1.5537999999999998,1.5559500000000002,106655,8
1437436800,1.55589,1.5590000000000002,1.5528300000000002,1.55528,163222,6
1437523200,1.55515,1.56459,1.5544099999999998,1.56107,245776,5
1437609600,1.5608,1.56701,1.55006,1.5512899999999998,174514,8
1437696000,1.5514700000000001,1.5525600000000002,1.54663,1.5512700000000001,126885,11
1437955200,1.5509,1.55948,1.54902,1.55568,146634,8
1438041600,1.55571,1.56272,1.55277,1.56105,145125,11
1438128000,1.56113,1.56891,1.55872,1.5604200000000001,153730,8
1438214400,1.55995,1.56429,1.5562200000000002,1.55994,151221,0
1438300800,1.55966,1.56778,1.5548600000000001,1.56201,165980,5
1438560000,1.56289,1.56443,1.5564900000000002,1.55846,152249,9
1438646400,1.5582500000000001,1.56333,1.55572,1.55603,167560,11
1438732800,1.55589,1.56507,1.55253,1.55976,171399,8
1438819200,1.55972,1.5636299999999999,1.5466600000000001,1.55099,145070,11
1438905600,1.55071,1.5545,1.54243,1.54958,141089,11
1439164800,1.54841,1.56053,1.54579,1.55842,108001,10
1439251200,1.55896,1.56162,1.55548,1.55654,130739,5
1439337600,1.55704,1.5659399999999999,1.55336,1.5605799999999999,145525,11
1439424000,1.56088,1.5636299999999999,1.5572599999999999,1.5605799999999999,110876,4
1439510400,1.5605099999999998,1.56592,1.55881,1.56407,108039,11
1439769600,1.56507,1.56875,1.55783,1.5581,128345,11
1439856000,1.55802,1.57166,1.55617,1.56548,129141,11
1439942400,1.56581,1.5699999999999998,1.5635,1.5675,157707,10
1440028800,1.5674700000000001,1.5701100000000001,1.56057,1.56833,153235,11
1440115200,1.56847,1.5722800000000001,1.56574,1.56853,171418,11
1440374400,1.56764,1.5802800000000001,1.56299,1.57697,214072,10
1440460800,1.57731,1.58186,1.5680800000000001,1.5680800000000001,198211,11
1440547200,1.56853,1.57195,1.5452,1.5457800000000002,186870,11
1440633600,1.54575,1.55083,1.53696,1.53979,162348,11
1440720000,1.5398800000000001,1.54425,1.53348,1.53897,152379,11
1440979200,1.54104,1.5436299999999998,1.5339,1.53415,111228,11
1441065600,1.53384,1.54074,1.5299399999999999,1.53018,141849,8
1441152000,1.53015,1.53253,1.52637,1.52964,143596,11
1441238400,1.52949,1.53129,1.5218699999999998,1.52543,124522,11
1441324800,1.52525,1.52733,1.51643,1.51675,119699,11
1441584000,1.51752,1.52878,1.51707,1.52739,115085,11
1441670400,1.52719,1.54121,1.52692,1.53926,121761,11
1441756800,1.53874,1.5404,1.5349300000000001,1.53641,125800,11
1441843200,1.53644,1.54756,1.53383,1.5441,144820,11
1441929600,1.54393,1.5461200000000002,1.5399500000000002,1.5427,120495,9
1442188800,1.54263,1.54706,1.53723,1.54231,102103,9
1442275200,1.54219,1.54566,1.53293,1.5341200000000002,104950,11
1442361600,1.5341900000000002,1.55281,1.53296,1.5490300000000001,111791,9
1442448000,1.54879,1.5627499999999999,1.5485600000000002,1.55878,132880,4
1442534400,1.5587499999999999,1.56579,1.55139,1.55243,134294,11
1442793600,1.5523,1.55674,1.54803,1.5505499999999999,121151,10
1442880000,1.55043,1.55279,1.53399,1.53612,122247,10
1442966400,1.53633,1.53664,1.5220099999999999,1.52413,125816,11
1443052800,1.5241799999999999,1.52885,1.5200200000000001,1.52403,138395,11
1443139200,1.52373,1.526,1.51349,1.51773,130137,11
1443398400,1.51909,1.52406,1.5156800000000001,1.51716,116170,10
1443484800,1.51716,1.5204499999999999,1.51285,1.51483,130140,11
1443571200,1.51475,1.52132,1.51068,1.5126,126168,6
1443657600,1.5126,1.51796,1.51064,1.51282,117311,0
1443744000,1.51269,1.5237,1.51269,1.51768,129698,11
1444003200,1.51871,1.5244,1.51361,1.51431,136540,11
1444089600,1.5142799999999998,1.5242900000000001,1.5139399999999998,1.5223,110014,9
1444176000,1.52241,1.53391,1.5218,1.53148,123553,11
1444262400,1.53146,1.5371700000000001,1.5260799999999999,1.5345,124585,5
1444348800,1.5346,1.5382799999999999,1.52996,1.5323799999999999,125054,10
1444608000,1.5303900000000001,1.53728,1.5303900000000001,1.53465,99932,4
1444694400,1.53457,1.53872,1.5199799999999999,1.52462,126569,11
1444780800,1.5244900000000001,1.54939,1.5244900000000001,1.54762,132104,11
1444867200,1.54721,1.55081,1.54143,1.54511,129979,11
1444953600,1.5446,1.5486,1.54299,1.5435699999999999,118991,11
1445212800,1.54304,1.54966,1.54271,1.54646,106224,11
1445299200,1.5462,1.55058,1.54348,1.54409,108657,11
1445385600,1.54407,1.54769,1.5411899999999998,1.54183,107715,11
1445472000,1.54152,1.55088,1.53452,1.53931,137597,0
1445558400,1.5391,1.5418500000000002,1.53056,1.5312000000000001,134046,11
1445817600,1.53078,1.5381399999999998,1.53056,1.53488,114130,0
1445904000,1.53488,1.53583,1.5282200000000001,1.53041,112033,0
1445990400,1.53041,1.53467,1.5248300000000001,1.5266600000000001,121147,0
1446076800,1.52667,1.5321,1.5241799999999999,1.53113,117775,0
1446163200,1.5311599999999999,1.5467300000000002,1.53085,1.5427499999999998,123272,11
1446422400,1.5444900000000001,1.5497100000000001,1.54037,1.5415299999999998,104735,11
1446508800,1.54147,1.54447,1.53589,1.54215,117346,0
1446595200,1.54188,1.54446,1.53603,1.53831,121916,11
1446681600,1.53863,1.5401099999999999,1.52048,1.5205899999999999,130891,11
1446768000,1.5204499999999999,1.52189,1.50268,1.5043,129309,0
1447027200,1.50396,1.51278,1.50381,1.5112299999999999,118567,9
1447113600,1.5112100000000002,1.51449,1.50909,1.51179,119436,9
1447200000,1.51112,1.52204,1.51112,1.52115,119142,0
1447286400,1.5207600000000001,1.5246,1.51735,1.52317,140332,0
1447372800,1.52283,1.5264799999999998,1.5187,1.52299,118994,0
1447632000,1.5224199999999999,1.52308,1.51809,1.5199799999999999,109325,0
1447718400,1.52005,1.52381,1.5154,1.5211999999999999,116843,0
1447804800,1.52125,1.52481,1.5187300000000001,1.52311,117914,11
1447891200,1.5236,1.5335100000000002,1.52271,1.52914,132315,11
1447977600,1.5291000000000001,1.5309300000000001,1.51822,1.51892,118798,11
1448236800,1.51694,1.5195699999999999,1.51086,1.51228,125896,11
1448323200,1.5122,1.51551,1.5053,1.50786,129238,8
1448409600,1.508,1.51356,1.50556,1.5128599999999999,130618,0
1448496000,1.51186,1.5129899999999998,1.50654,1.51013,113892,11
1448582400,1.5099200000000002,1.51092,1.5029400000000002,1.50331,109561,0
1448841600,1.50317,1.5068000000000001,1.49932,1.50556,103607,11
1448928000,1.50534,1.51251,1.50501,1.50794,122016,0
1449014400,1.50803,1.50813,1.48945,1.49495,127463,0
1449100800,1.49416,1.51586,1.4904,1.51434,162013,0
1449187200,1.51407,1.51563,1.50773,1.5104899999999999,160409,11
1449446400,1.51065,1.5114100000000001,1.50441,1.50526,109142,11
1449532800,1.50534,1.50609,1.49562,1.50071,131245,11
1449619200,1.5005,1.51913,1.5004,1.51806,144230,11
1449705600,1.51752,1.5201500000000001,1.51105,1.51572,133041,11
1449792000,1.51583,1.5239099999999999,1.5124900000000001,1.52226,126796,11
1450051200,1.52245,1.5230000000000001,1.5107,1.5139399999999998,135733,11
1450137600,1.5140500000000001,1.51845,1.50288,1.5034999999999998,129933,11
1450224000,1.5034999999999998,1.50984,1.49588,1.4999799999999999,152539,11
1450310400,1.4996399999999999,1.50084,1.48645,1.48975,136514,0
1450396800,1.48933,1.49495,1.48851,1.48867,126414,11
1450656000,1.48905,1.49289,1.4877,1.48815,112885,11
1450742400,1.48808,1.49074,1.4805,1.4825599999999999,115406,11
1450828800,1.48228,1.49,1.48181,1.48693,107451,11
1450915200,1.48679,1.49438,1.48441,1.49406,68809,0
1451260800,1.49008,1.49339,1.48735,1.48785,73994,11
1451347200,1.48726,1.49127,1.47851,1.48125,90393,0
1451433600,1.48138,1.48482,1.47922,1.4812,100134,0
1451520000,1.48118,1.48438,1.47313,1.47317,79502,0
1451865600,1.47306,1.48152,1.4662600000000001,1.47167,137540,11
1451952000,1.47119,1.4725,1.46374,1.4672,125023,0
1452038400,1.46713,1.4681600000000001,1.4601600000000001,1.46295,145273,0
1452124800,1.4626299999999999,1.46398,1.45327,1.4615,155114,0
1452211200,1.46135,1.46444,1.45056,1.45156,152092,11
1452470400,1.45144,1.4604,1.44909,1.45395,119108,2
1452556800,1.45393,1.45599,1.43516,1.44456,139239,0
1452643200,1.44456,1.4475500000000001,1.43796,1.44051,142231,11
1452729600,1.44044,1.44447,1.4359600000000001,1.4409,146084,11
1452816000,1.44102,1.44272,1.42511,1.42543,141735,11
1453075200,1.42472,1.43227,1.42365,1.42414,125373,11
1453161600,1.42416,1.43396,1.41287,1.41557,152307,11
1453248000,1.4152,1.4218600000000001,1.41248,1.41897,155487,11
1453334400,1.41868,1.42485,1.4079,1.42198,167066,0
1453420800,1.42173,1.4362,1.42041,1.42645,148346,4
1453680000,1.42604,1.43092,1.42232,1.4246699999999999,136384,0
1453766400,1.4246699999999999,1.43666,1.41727,1.43487,145815,0
1453852800,1.4347699999999999,1.43547,1.42295,1.42327,159506,0
1453939200,1.42318,1.44069,1.4231500000000001,1.43581,166445,11
1454025600,1.43577,1.44128,1.4149,1.42422,184565,11
1454284800,1.42384,1.44444,1.42276,1.44308,147851,10
1454371200,1.44307,1.4445299999999999,1.43256,1.44069,145056,11
1454457600,1.44064,1.46486,1.43832,1.46017,163777,11
1454544000,1.45936,1.46679,1.45292,1.45866,177912,11
1454630400,1.45877,1.45905,1.44515,1.45001,148273,11
1454889600,1.44787,1.4546299999999999,1.43507,1.4429,177956,11
1454976000,1.4429,1.45149,1.43777,1.4471,204021,11
1455062400,1.44683,1.45778,1.44397,1.45187,188717,11
1455148800,1.45207,1.45632,1.43823,1.44751,216125,0
1455235200,1.4472800000000001,1.45696,1.44425,1.4492099999999999,188502,11
1455494400,1.44888,1.45349,1.44126,1.4429699999999999,155034,0
1455580800,1.44276,1.45154,1.42753,1.43018,159060,11
1455667200,1.42975,1.4338600000000001,1.42348,1.4289100000000001,173420,0
1455753600,1.42862,1.43939,1.42561,1.43322,179051,0
1455840000,1.43349,1.44075,1.4246400000000001,1.4402599999999999,168990,0
1456099200,1.42607,1.43059,1.4056899999999999,1.41489,192004,0
1456185600,1.41473,1.41557,1.4007100000000001,1.40191,179716,0
1456272000,1.40172,1.40269,1.38779,1.39231,190464,11
1456358400,1.39239,1.39959,1.38994,1.39595,168087,11
1456444800,1.3961299999999999,1.40421,1.38534,1.38594,175115,0
1456704000,1.38557,1.39458,1.38351,1.3912200000000001,174425,11
1456790400,1.39123,1.40184,1.3903699999999999,1.39507,182198,0
1456876800,1.39523,1.40927,1.39141,1.40785,179259,0
1456963200,1.40753,1.4193500000000001,1.4032200000000001,1.4173200000000001,181687,0
1457049600,1.4173499999999999,1.42479,1.41075,1.42293,176437,0
1457308800,1.42148,1.4283299999999999,1.41336,1.4262000000000001,141513,0
1457395200,1.42607,1.42748,1.4172799999999999,1.42143,140878,11
1457481600,1.42116,1.42404,1.41769,1.42134,139445,0
1457568000,1.42151,1.43166,1.41173,1.4280300000000001,163358,0
1457654400,1.42818,1.44361,1.42536,1.43791,134849,11
1457913600,1.4373,1.43887,1.42923,1.42985,121056,0
1458000000,1.42997,1.43045,1.41363,1.41512,136080,0
1458086400,1.41512,1.42737,1.40526,1.4249800000000001,159577,0
1458172800,1.42497,1.45028,1.42209,1.4473099999999999,155009,11
1458259200,1.44751,1.45139,1.44097,1.4469699999999999,114163,11
1458518400,1.44595,1.44673,1.4365,1.43681,118180,0
1458604800,1.43686,1.4396900000000001,1.41898,1.42126,135094,0
1458691200,1.42131,1.4227,1.40817,1.41171,116166,0
1458777600,1.4116900000000001,1.41822,1.40567,1.41521,118134,11
1458864000,1.41521,1.4156900000000001,1.41087,1.41238,32101,11
1459123200,1.413,1.42828,1.41197,1.42509,64943,0
1459209600,1.42517,1.44035,1.41941,1.43826,153036,11
1459296000,1.43768,1.44586,1.43602,1.43776,164077,0
1459382400,1.43739,1.44256,1.43254,1.43613,151476,11
1459468800,1.43584,1.43708,1.41703,1.42255,160043,11
1459728000,1.4218199999999999,1.43211,1.41904,1.42619,135473,11
1459814400,1.42564,1.42783,1.41211,1.4157899999999999,142711,0
1459900800,1.41567,1.41707,1.4004699999999999,1.41193,160172,11
1459987200,1.41191,1.41564,1.40484,1.40538,170416,0
1460073600,1.40541,1.41404,1.404,1.41139,137690,0
1460332800,1.41137,1.4285999999999999,1.41048,1.42379,140036,0
1460419200,1.42341,1.4347699999999999,1.41958,1.42721,159586,0
1460505600,1.42722,1.42786,1.41924,1.42011,160744,0
1460592000,1.42011,1.4207,1.40899,1.41499,138080,0
1460678400,1.41487,1.42415,1.41323,1.41981,119603,0
1460937600,1.4189,1.42902,1.41306,1.42746,121303,0
1461024000,1.42739,1.44186,1.42702,1.43961,138771,0
1461110400,1.43882,1.44102,1.43295,1.43308,152296,0
1461196800,1.43252,1.44395,1.4298899999999999,1.43214,154516,0
1461283200,1.43202,1.44512,1.4314,1.43955,146006,0
1461542400,1.4457900000000001,1.4518900000000001,1.4402300000000001,1.44788,147798,0
1461628800,1.4478,1.4638200000000001,1.4478,1.45785,150908,0
1461715200,1.45783,1.46212,1.4473099999999999,1.4539,156317,0
1461801600,1.45393,1.46225,1.45225,1.46059,157435,0
1461888000,1.46059,1.46706,1.4576,1.46102,163948,5
1462147200,1.4586299999999999,1.46957,1.45835,1.46718,138897,0
1462233600,1.46718,1.47691,1.45286,1.45342,181378,0
1462320000,1.4532,1.4571100000000001,1.4461,1.44919,164158,0
1462406400,1.4487700000000001,1.4528699999999999,1.44435,1.44842,139253,11
1462492800,1.44808,1.4546000000000001,1.44144,1.44247,146328,0
1462752000,1.4412099999999999,1.44795,1.43738,1.44072,136970,11
1462838400,1.44025,1.44775,1.43884,1.4442,135008,0
1462924800,1.44412,1.44875,1.43941,1.44446,119868,0
1463011200,1.44443,1.45304,1.44056,1.44496,133882,0
1463097600,1.44459,1.44544,1.43398,1.43584,141503,11
1463356800,1.43468,1.44142,1.4331800000000001,1.44009,111859,0
1463443200,1.43978,1.45235,1.43964,1.44596,139486,0
1463529600,1.44546,1.4634,1.44029,1.45973,162918,0
1463616000,1.45948,1.46631,1.45614,1.46093,158754,0
1463702400,1.46078,1.46125,1.44854,1.45037,129472,0
1463961600,1.4497499999999999,1.45484,1.44417,1.44818,132405,0
1464048000,1.44785,1.46414,1.44734,1.46316,146380,0
1464134400,1.46325,1.47285,1.46002,1.46971,144454,0
1464220800,1.46937,1.47391,1.46395,1.46688,140667,0
1464307200,1.46675,1.46882,1.4604300000000001,1.46182,134059,0
1464566400,1.4606,1.46411,1.45869,1.46384,98383,0
1464652800,1.46397,1.47241,1.44644,1.4479199999999999,162903,0
1464739200,1.44756,1.45072,1.43855,1.44133,163912,11
1464825600,1.44139,1.44723,1.4405700000000001,1.44219,144984,0
1464912000,1.4418199999999999,1.45813,1.43984,1.4514,154836,0
1465171200,1.4466999999999999,1.44815,1.43515,1.44379,164261,0
1465257600,1.4439600000000001,1.46593,1.44336,1.45425,140972,0
1465344000,1.45368,1.45999,1.4499900000000001,1.45032,139057,0
1465430400,1.45026,1.45265,1.44463,1.44531,138991,0
1465516800,1.44506,1.44719,1.4179300000000001,1.42512,142984,0
1465776000,1.42556,1.43276,1.4114499999999999,1.42672,178173,0
1465862400,1.4257,1.42618,1.40902,1.41087,160911,0
1465948800,1.41061,1.42172,1.40894,1.42044,150827,0
1466035200,1.42038,1.42532,1.40122,1.42004,170419,0
1466121600,1.4201,1.43872,1.41965,1.43558,157686,0
1466380800,1.44657,1.47192,1.44336,1.46833,167137,0
1466467200,1.46833,1.47828,1.46158,1.46533,162176,0
1466553600,1.46474,1.47733,1.46408,1.47006,150858,0
1466640000,1.47054,1.4946,1.46975,1.48705,187155,0
1466726400,1.4866,1.50171,1.3229,1.36303,285186,0
1466985600,1.34226,1.3483399999999999,1.31197,1.3225,206428,11
1467072000,1.32244,1.34181,1.32013,1.3339699999999999,145296,0
1467158400,1.3339400000000001,1.3532899999999999,1.32861,1.34294,150574,0
1467244800,1.3385500000000001,1.34961,1.32051,1.33091,172988,0
1467331200,1.33017,1.3348900000000001,1.32435,1.326,128561,0
1467590400,1.32403,1.33402,1.32348,1.32854,104318,0
1467676800,1.3281,1.32892,1.29992,1.302,147640,0
1467763200,1.30192,1.30266,1.2795,1.2929300000000001,178930,0
1467849600,1.29206,1.30466,1.28748,1.2904,154020,0
1467936000,1.29023,1.3017699999999999,1.28796,1.29444,140871,11
1468195200,1.29448,1.30175,1.28499,1.29969,127511,11
1468281600,1.29824,1.32946,1.29715,1.3244500000000001,180774,0
1468368000,1.3244,1.3336299999999999,1.31329,1.31464,178768,0
1468454400,1.31422,1.3476,1.31044,1.33406,188215,0
1468540800,1.33384,1.34801,1.31312,1.31857,172645,0
1468800000,1.31857,1.33144,1.31823,1.32538,147038,0
1468886400,1.32512,1.32741,1.30732,1.3106900000000001,139332,0
1468972800,1.31093,1.32264,1.30641,1.32012,132084,0
1469059200,1.3198699999999999,1.32744,1.31547,1.32308,153117,0
1469145600,1.32175,1.32904,1.3078400000000001,1.31086,154037,0
1469404800,1.31413,1.31641,1.30944,1.31388,118478,11
1469491200,1.31344,1.31749,1.30564,1.31289,109482,0
1469577600,1.31188,1.32342,1.30709,1.32239,120123,11
1469664000,1.32192,1.32473,1.31165,1.31626,109214,0
1469750400,1.3159,1.33011,1.31476,1.32224,119498,0
1470009600,1.3219,1.3271600000000001,1.31619,1.31754,106799,0
1470096000,1.3173,1.3365,1.31711,1.33534,118226,0
1470182400,1.33476,1.33712,1.32799,1.33229,112472,11
1470268800,1.33237,1.33457,1.3102,1.31054,128470,0
1470355200,1.3096700000000001,1.31744,1.30206,1.30646,112306,0
1470614400,1.30711,1.3096,1.3027,1.30413,90689,0
1470700800,1.30382,1.30472,1.2955,1.30009,99658,0
1470787200,1.3001,1.30932,1.29904,1.30054,107743,0
1470873600,1.30054,1.3027199999999999,1.29353,1.29544,106121,11
1470960000,1.29512,1.30342,1.29023,1.2916699999999999,102626,0
1471219200,1.29195,1.29443,1.2865,1.28803,84311,0
1471305600,1.28759,1.30506,1.28743,1.30441,123898,0
1471392000,1.30408,1.30853,1.29749,1.3039399999999999,115899,0
1471478400,1.30378,1.3172,1.3031,1.3166,119060,0
1471564800,1.31662,1.31843,1.30222,1.3072300000000001,108980,0
1471824000,1.30478,1.31566,1.30338,1.31356,107919,0
1471910400,1.31341,1.32099,1.3127900000000001,1.31962,104834,11
1471996800,1.31909,1.32724,1.31606,1.32304,108098,0
1472083200,1.32303,1.3263099999999999,1.31683,1.3189199999999999,89063,0
1472169600,1.31874,1.32786,1.3121399999999999,1.3127,124123,0
1472428800,1.31183,1.31384,1.3059,1.31029,90251,0
1472515200,1.3101,1.31193,1.30586,1.30793,110705,0
1472601600,1.30725,1.31574,1.30655,1.31369,115377,0
1472688000,1.31398,1.33173,1.31273,1.3266499999999999,119276,0
1472774400,1.32583,1.33518,1.32461,1.32895,123514,11
1473033600,1.32921,1.3375,1.32874,1.33005,86904,0
1473120000,1.32939,1.34445,1.32939,1.34408,114531,0
1473206400,1.34295,1.3437999999999999,1.33185,1.33385,118077,0
1473292800,1.33311,1.33748,1.32829,1.32919,118810,11
1473379200,1.3290199999999999,1.33355,1.32386,1.32637,111263,0
1473638400,1.3261,1.33465,1.32343,1.33349,112820,11
1473724800,1.33317,1.33404,1.31668,1.31904,139512,0
1473811200,1.3169,1.32397,1.3137699999999999,1.32329,125413,0
1473897600,1.32249,1.3278699999999999,1.31788,1.32382,139405,0
1473984000,1.32352,1.32469,1.29955,1.29955,117303,0
1474243200,1.29988,1.3090600000000001,1.29911,1.30273,111760,0
1474329600,1.30248,1.3064200000000001,1.29465,1.29865,124247,11
1474416000,1.2987,1.30463,1.29441,1.30315,143154,0
1474502400,1.30252,1.31204,1.30249,1.30738,123639,0
1474588800,1.30736,1.30868,1.29145,1.2959399999999999,127715,11
1474848000,1.29637,1.29859,1.29156,1.29727,100741,0
1474934400,1.29736,1.30261,1.29361,1.3020100000000001,121015,0
1475020800,1.30216,1.30311,1.29791,1.30148,122725,0
1475107200,1.30154,1.3057400000000001,1.29536,1.29664,138617,0
1475193600,1.2964,1.30222,1.29359,1.29735,152192,0
1475452800,1.2917100000000001,1.29459,1.28168,1.28386,124209,0
1475539200,1.2838,1.28596,1.27186,1.27271,150775,0
1475625600,1.27227,1.27708,1.26848,1.2746,130299,0
1475712000,1.27458,1.27593,1.26013,1.26143,135491,0
1475798400,1.26133,1.26216,1.14754,1.24235,233317,11
1476057600,1.23946,1.24434,1.2344,1.23609,131688,0
1476144000,1.23611,1.23725,1.20892,1.21244,178729,0
1476230400,1.21215,1.23243,1.21044,1.22037,192916,0
1476316800,1.22037,1.22717,1.2132100000000001,1.22504,142166,0
1476403200,1.22519,1.22608,1.21674,1.2168,144630,0
1476662400,1.21559,1.2201,1.2135,1.21814,115132,0
1476748800,1.2178200000000001,1.23244,1.21756,1.22961,127467,11
1476835200,1.2293,1.23318,1.22533,1.22862,116894,0
1476921600,1.2286,1.22976,1.22093,1.22511,116168,0
1477008000,1.22502,1.22599,1.21706,1.2227000000000001,101622,0
1477267200,1.22197,1.22487,1.21851,1.22355,89090,0
1477353600,1.22365,1.2242899999999999,1.20817,1.2189,128087,0
1477440000,1.21822,1.22487,1.2156,1.22456,107116,11
1477526400,1.22432,1.22708,1.21485,1.21589,135810,0
1477612800,1.21567,1.22121,1.21133,1.21686,157610,0
1477872000,1.21868,1.22487,1.21431,1.22381,137717,0
1477958400,1.22383,1.22803,1.22052,1.22427,127613,11
1478044800,1.22425,1.23532,1.22197,1.2301199999999999,136336,11
1478131200,1.23003,1.24939,1.22964,1.24637,151861,0
1478217600,1.24632,1.25568,1.24485,1.2509000000000001,124563,11
1478476800,1.24558,1.24967,1.23785,1.23964,121030,0
1478563200,1.23902,1.24392,1.23604,1.2382900000000001,118130,0
1478649600,1.23799,1.2546599999999999,1.23525,1.24042,250885,0
1478736000,1.2405599999999999,1.25839,1.2376800000000001,1.25507,174762,0
1478822400,1.25444,1.2673,1.2524899999999999,1.25773,165986,0
1479081600,1.25603,1.25898,1.24435,1.24851,161550,0
1479168000,1.2487,1.25286,1.23793,1.24539,162481,0
1479254400,1.24538,1.25018,1.24093,1.24395,156855,0
1479340800,1.2445,1.25044,1.24077,1.24163,161259,11
1479427200,1.2416,1.24358,1.23015,1.23337,180090,0
1479686400,1.23419,1.25112,1.23118,1.24876,188018,0
1479772800,1.24882,1.2511999999999999,1.2384,1.24219,169504,0
1479859200,1.24136,1.24681,1.23598,1.24336,149102,0
1479945600,1.24288,1.24941,1.24014,1.24464,147933,0
1480032000,1.24454,1.2481,1.24151,1.24673,150978,0
1480291200,1.24555,1.25309,1.23851,1.24147,139539,0
1480377600,1.24026,1.25251,1.23875,1.24888,133224,0
1480464000,1.24863,1.25228,1.24187,1.25041,148103,11
1480550400,1.25031,1.2695400000000001,1.2500499999999999,1.25874,134978,0
1480636800,1.25899,1.27362,1.25695,1.27203,117065,0
1480896000,1.26776,1.2744,1.26243,1.27273,139485,11
1480982400,1.27274,1.27742,1.2655699999999999,1.2675100000000001,97972,0
1481068800,1.2669000000000001,1.2682,1.25694,1.26247,89397,11
1481155200,1.26217,1.27041,1.25478,1.25817,119995,0
1481241600,1.25745,1.26202,1.25518,1.25656,94914,0
1481500800,1.25783,1.26994,1.25661,1.26732,96778,0
1481587200,1.26761,1.27275,1.26529,1.26553,114243,0
1481673600,1.2657,1.27221,1.25294,1.25636,127656,0
1481760000,1.25552,1.2567300000000001,1.23758,1.24167,165511,0
1481846400,1.24122,1.2509299999999999,1.23822,1.24847,141160,0
1482105600,1.24754,1.25014,1.23544,1.23937,122796,0
1482192000,1.23982,1.2414100000000001,1.23122,1.23665,115944,0
1482278400,1.23591,1.23902,1.23232,1.23503,101364,0
1482364800,1.23493,1.23777,1.22763,1.22811,101896,11
1482451200,1.22808,1.22982,1.22282,1.22501,83642,0
1482710400,1.22818,1.22963,1.19594,1.22783,6721,0
1482796800,1.22747,1.22861,1.22401,1.22681,79135,11
1482883200,1.2260900000000001,1.22964,1.22,1.22232,91707,0
1482969600,1.22197,1.2274,1.22077,1.2259,114472,11
1483056000,1.22569,1.23877,1.22448,1.23245,143008,0
1483315200,1.2326,1.23539,1.22627,1.22736,45965,0
1483401600,1.22672,1.23064,1.21988,1.22352,128054,11
1483488000,1.22295,1.2352400000000001,1.22204,1.23212,132832,0
1483574400,1.2318,1.24318,1.22695,1.2414,172773,0
1483660800,1.24084,1.24301,1.22606,1.22799,137117,0
1483920000,1.22484,1.22702,1.21237,1.2157,128673,11
1484006400,1.2157,1.21898,1.21067,1.21756,140449,0
1484092800,1.21729,1.22715,1.20374,1.22116,171672,0
1484179200,1.22022,1.2316,1.21517,1.21597,166604,11
1484265600,1.21536,1.22324,1.21203,1.21713,136762,11
1484524800,1.19905,1.2085,1.19864,1.20416,144547,0
1484611200,1.20415,1.24151,1.20164,1.24125,186319,11
1484697600,1.24086,1.24128,1.22534,1.22574,160682,0
1484784000,1.22573,1.23431,1.22491,1.23403,172537,0
1484870400,1.2338,1.23801,1.22601,1.23701,167700,0
1485129600,1.2371699999999999,1.25373,1.23684,1.25331,151194,0
1485216000,1.25331,1.25444,1.24179,1.2518799999999999,157457,11
1485302400,1.2518799999999999,1.26382,1.24906,1.26291,154321,0
1485388800,1.2633,1.26731,1.2556,1.25889,162377,0
1485475200,1.25902,1.2605,1.2516,1.25448,139211,0
1485734400,1.2576800000000001,1.26,1.24653,1.24838,132345,11
1485820800,1.24781,1.2596,1.24118,1.25753,163129,0
1485907200,1.25778,1.2679,1.2542200000000001,1.26543,154970,0
1485993600,1.26543,1.27057,1.25176,1.25243,153586,11
1486080000,1.25206,1.25376,1.24586,1.24774,143327,0
1486339200,1.24838,1.24982,1.24269,1.24625,126032,0
1486425600,1.24673,1.2546,1.2346300000000001,1.2506,146924,0
1486512000,1.2505899999999999,1.2549000000000001,1.24743,1.25392,139897,0
1486598400,1.25392,1.25817,1.2490700000000001,1.24936,132379,0
1486684800,1.24928,1.25206,1.24393,1.24773,130673,11
1486944000,1.24655,1.25391,1.24596,1.25234,121929,0
1487030400,1.2521,1.25477,1.24431,1.24655,146999,0
1487116800,1.2465,1.24803,1.23825,1.24573,144065,0
1487203200,1.24573,1.25232,1.24532,1.24876,128554,0
1487289600,1.2481200000000001,1.25105,1.23874,1.24017,120802,11
1487548800,1.24014,1.2482199999999999,1.24014,1.2456800000000001,105367,0
1487635200,1.24567,1.24803,1.24009,1.2471700000000001,126349,11
1487721600,1.24699,1.25076,1.24169,1.2449,136967,0
1487808000,1.24421,1.2561200000000001,1.2427,1.25539,120626,11
1487894400,1.25512,1.25692,1.24466,1.24493,115889,0
1488153600,1.24672,1.24784,1.23834,1.24419,125639,0
1488240000,1.24408,1.24703,1.23742,1.23805,114937,0
1488326400,1.23745,1.24041,1.22793,1.22928,133843,0
1488412800,1.2286,1.23071,1.22421,1.2269700000000001,116615,0
1488499200,1.22654,1.23001,1.22137,1.22857,128493,0
1488758400,1.22787,1.23001,1.22237,1.22343,114180,0
1488844800,1.22343,1.22523,1.2168700000000001,1.21975,115714,0
1488931200,1.21962,1.22134,1.21386,1.21649,119636,0
1489017600,1.21645,1.2195,1.21333,1.21637,145435,0
1489104000,1.2164,1.21881,1.21345,1.21527,134895,11
1489363200,1.2169,1.22505,1.21559,1.22173,132538,11
1489449600,1.22179,1.22207,1.21087,1.21537,122299,0
1489536000,1.2154,1.23087,1.21465,1.22858,139737,11
1489622400,1.22862,1.23764,1.22407,1.23584,152188,0
1489708800,1.23581,1.24044,1.23235,1.23893,119665,11
1489968000,1.23882,1.24353,1.23345,1.23569,111454,11
1490054400,1.23567,1.2494,1.234,1.24696,133277,0
1490140800,1.2474,1.2505600000000001,1.24224,1.24774,129854,0
1490227200,1.24775,1.2530700000000001,1.24625,1.25162,120367,11
1490313600,1.25162,1.25198,1.2459500000000001,1.2459500000000001,102501,11
1490572800,1.24895,1.26148,1.24867,1.2556,118542,0
1490659200,1.2552699999999999,1.2596,1.24406,1.2454399999999999,111860,11
1490745600,1.24425,1.2476,1.23761,1.2432,132349,0
1490832000,1.24297,1.2524,1.24023,1.24673,111673,11
1490918400,1.24667,1.25574,1.24328,1.25342,126665,11
1491177600,1.2542,1.2555399999999999,1.24651,1.24837,111885,11
1491264000,1.24796,1.2495,1.24184,1.24381,108879,0
1491350400,1.24368,1.24978,1.24224,1.24815,114098,0
1491436800,1.24808,1.25053,1.24496,1.24678,95051,11
1491523200,1.24677,1.24772,1.23581,1.23597,121493,11
1491782400,1.23776,1.24287,1.23654,1.24112,88107,0
1491868800,1.24082,1.2494399999999999,1.24029,1.24894,103290,0
1491955200,1.24877,1.25478,1.24794,1.25358,124655,11
1492041600,1.25331,1.2573699999999999,1.2499500000000001,1.25014,115834,11
1492128000,1.25075,1.25343,1.2497099999999999,1.25162,78285,0
1492387200,1.25285,1.25957,1.25228,1.25618,80015,0
1492473600,1.25619,1.29048,1.25147,1.28395,144759,0
1492560000,1.2837399999999999,1.28598,1.27694,1.27765,127207,11
1492646400,1.27765,1.28465,1.27711,1.28115,114232,11
1492732800,1.28114,1.28341,1.27556,1.27992,101586,11
1492992000,1.28216,1.2836400000000001,1.27715,1.2793999999999999,118670,0
1493078400,1.2793700000000001,1.28453,1.27745,1.2840099999999999,108483,11
1493164800,1.2840099999999999,1.28632,1.28044,1.2847,116706,0
1493251200,1.28452,1.2917100000000001,1.28383,1.29026,118320,0
1493337600,1.2901799999999999,1.29647,1.28881,1.29246,120173,0
1493596800,1.29321,1.29423,1.28818,1.28852,72387,0
1493683200,1.28839,1.29391,1.28636,1.29387,95449,0
1493769600,1.29343,1.29471,1.2865199999999999,1.28655,107012,0
1493856000,1.28646,1.29324,1.28302,1.29199,112970,0
1493942400,1.29195,1.2983500000000001,1.28996,1.29748,123060,11
1494201600,1.29825,1.29879,1.2929300000000001,1.2936,119637,11
1494288000,1.29361,1.29602,1.29022,1.2931300000000001,122892,0
1494374400,1.29303,1.29874,1.29261,1.29372,122660,0
1494460800,1.29372,1.29483,1.28488,1.28864,122701,0
1494547200,1.28846,1.28996,1.2844,1.28779,111835,0
1494806400,1.28818,1.29404,1.28808,1.28921,115478,0
1494892800,1.28917,1.29568,1.28648,1.29152,125912,0
1494979200,1.29152,1.299,1.29055,1.29687,136735,0
1495065600,1.2968600000000001,1.3047,1.28877,1.29345,158527,0
1495152000,1.2933,1.30395,1.29141,1.30215,108345,0
1495411200,1.29932,1.30423,1.29649,1.29995,111876,0
1495497600,1.29985,1.30332,1.29523,1.296,123913,0
1495584000,1.296,1.29985,1.29264,1.29722,111922,0
1495670400,1.2972299999999999,1.30144,1.29311,1.29402,103853,0
1495756800,1.29398,1.29466,1.27746,1.27878,117167,0
1496016000,1.27931,1.28498,1.27931,1.2837399999999999,70040,0
1496102400,1.28372,1.28878,1.27934,1.28566,101811,0
1496188800,1.28566,1.29204,1.27684,1.28878,124620,0
1496275200,1.28878,1.29152,1.28294,1.28789,112290,0
1496361600,1.28789,1.29031,1.28453,1.28813,102841,0
1496620800,1.28551,1.29405,1.28551,1.2903,77881,11
1496707200,1.29019,1.29491,1.28714,1.29115,89503,11
1496793600,1.29054,1.29674,1.2887,1.2960099999999999,102882,11
1496880000,1.2960099999999999,1.2977,1.29075,1.29495,103061,11
1496966400,1.2766,1.28272,1.26348,1.2713,167284,11
1497225600,1.27091,1.2769,1.2638,1.26575,93809,11
1497312000,1.26533,1.27563,1.26413,1.27519,91305,11
1497398400,1.27473,1.28173,1.27229,1.27501,122657,11
1497484800,1.27525,1.2795,1.26899,1.27545,105955,11
1497571200,1.27496,1.28052,1.27493,1.27768,84101,11
1497830400,1.2770000000000001,1.28141,1.2723,1.2736399999999999,83192,11
1497916800,1.2736399999999999,1.27577,1.26025,1.26255,94070,11
1498003200,1.26255,1.27095,1.25885,1.26712,90245,11
1498089600,1.26712,1.26909,1.26532,1.26811,84096,11
1498176000,1.26797,1.27438,1.26746,1.2716,79439,11
1498435200,1.27347,1.27592,1.2705600000000001,1.27217,73151,11
1498521600,1.27185,1.28604,1.27157,1.28114,91285,11
1498608000,1.28141,1.29721,1.27934,1.29248,118287,11
1498694400,1.29243,1.30148,1.29231,1.30026,95737,11
1498780800,1.30026,1.30293,1.29443,1.30222,91470,11
1499040000,1.30044,1.30239,1.29314,1.2938,82179,11
1499126400,1.29346,1.29582,1.29119,1.29185,90997,11
1499212800,1.2913000000000001,1.29475,1.28929,1.29324,87173,11
1499299200,1.29314,1.29836,1.29193,1.29705,84501,11
1499385600,1.29639,1.29743,1.28664,1.28895,86599,11
1499644800,1.28808,1.2907600000000001,1.28541,1.28784,62339,11
1499731200,1.28741,1.29268,1.28304,1.2846899999999999,76064,11
1499817600,1.28372,1.29071,1.28113,1.2883499999999999,100283,11
1499904000,1.28811,1.29548,1.28797,1.2941,90024,11
1499990400,1.29362,1.31131,1.2934700000000001,1.30959,85698,11
1500249600,1.3096,1.31121,1.3046,1.3057,86654,11
1500336000,1.30519,1.31251,1.30043,1.30397,109578,11
1500422400,1.30395,1.30523,1.30098,1.30218,84687,11
1500508800,1.30183,1.30325,1.2932299999999999,1.2971599999999999,113672,11
1500595200,1.29728,1.30192,1.29529,1.29931,90037,11
1500854400,1.29865,1.30575,1.29865,1.30285,82728,11
1500940800,1.30285,1.30833,1.3007,1.30258,89275,11
1501027200,1.30268,1.31201,1.29988,1.31049,103683,11
1501113600,1.31049,1.31581,1.3051300000000001,1.30624,118752,11
1501200000,1.30629,1.31517,1.30612,1.31335,101569,11
1501459200,1.31254,1.32114,1.3096700000000001,1.32103,91238,11
1501545600,1.321,1.32443,1.31901,1.32047,92525,11
1501632000,1.32055,1.32503,1.31905,1.32232,86315,11
1501718400,1.32212,1.32677,1.31117,1.31396,102963,11
1501804800,1.31358,1.31637,1.30233,1.30351,88459,11
1502064000,1.30343,1.30583,1.30133,1.30339,77485,11
1502150400,1.30327,1.30528,1.29519,1.29918,77906,11
1502236800,1.29883,1.3028,1.29677,1.30058,89884,11
1502323200,1.30061,1.30146,1.29508,1.29753,93585,11
1502409600,1.29759,1.30307,1.29389,1.30069,95028,11
1502668800,1.2990599999999999,1.30212,1.29559,1.29627,78093,11
1502755200,1.29627,1.29699,1.28456,1.28694,86023,11
1502841600,1.2867,1.29025,1.28409,1.28902,90838,11
1502928000,1.28904,1.29084,1.28519,1.28665,95446,11
1503014400,1.28675,1.2917100000000001,1.28311,1.28646,86224,11
1503273600,1.28542,1.29159,1.28497,1.28972,63075,11
1503360000,1.28982,1.29084,1.28103,1.28195,66616,11
1503446400,1.28213,1.28328,1.27792,1.28004,75963,11
1503532800,1.27962,1.28361,1.27736,1.27991,70199,11
1503619200,1.27988,1.28885,1.27935,1.28717,97786,11
1503878400,1.29189,1.2942,1.2873,1.2932299999999999,65520,11
1503964800,1.29302,1.29779,1.29143,1.29224,96766,11
1504051200,1.29172,1.2937400000000001,1.28779,1.29187,82357,11
1504137600,1.29207,1.29343,1.28517,1.2928600000000001,84027,11
1504224000,1.29222,1.29951,1.29048,1.29552,88198,11
1504483200,1.2950599999999999,1.29658,1.2912,1.29253,76407,11
1504569600,1.29253,1.3042099999999999,1.29082,1.30295,100504,11
1504656000,1.3028,1.30815,1.30178,1.30454,94067,11
1504742400,1.30454,1.3115,1.30321,1.30978,105658,11
1504828800,1.30978,1.3223799999999999,1.30935,1.32095,100072,11
1505088000,1.31857,1.32219,1.31604,1.31656,77622,11
1505174400,1.3162099999999999,1.32979,1.31589,1.32823,117100,0
1505260800,1.32823,1.33288,1.31833,1.32068,101471,0
1505347200,1.32068,1.34052,1.31487,1.33945,126060,0
1505433600,1.33945,1.36168,1.33808,1.3551199999999999,128343,0
1505692800,1.35577,1.36182,1.34646,1.34936,110886,0
1505779200,1.34936,1.35517,1.3468200000000001,1.3485800000000001,118521,0
1505865600,1.3485800000000001,1.36559,1.34517,1.34936,141721,0
1505952000,1.34936,1.35866,1.34705,1.35754,126431,0
1506038400,1.35754,1.35959,1.3449900000000001,1.34917,127723,0
1506297600,1.34857,1.35705,1.34306,1.3462399999999999,121945,0
1506384000,1.3462399999999999,1.3514,1.3409200000000001,1.34573,133792,0
1506470400,1.34574,1.34603,1.3363399999999999,1.33843,154084,0
1506556800,1.33843,1.3455300000000001,1.33425,1.34384,102526,0
1506643200,1.34382,1.34426,1.33496,1.33966,95255,0
1506902400,1.33693,1.34019,1.32561,1.32709,91594,0
1506988800,1.32709,1.32877,1.3222,1.32356,91236,0
1507075200,1.32356,1.32916,1.32333,1.32476,82226,0
1507161600,1.32476,1.32498,1.31076,1.3118699999999999,87405,0
1507248000,1.3118699999999999,1.31204,1.3027,1.30639,92342,0
1507507200,1.30865,1.3183799999999999,1.30747,1.3140100000000001,64602,0
1507593600,1.3140100000000001,1.32257,1.31307,1.32029,76094,0
1507680000,1.32029,1.32345,1.31752,1.32222,70600,0
1507766400,1.32223,1.3290199999999999,1.31211,1.3260100000000001,94663,0
1507852800,1.3260100000000001,1.33376,1.32477,1.32775,92110,0
1508112000,1.32874,1.33115,1.32252,1.32486,67156,0
1508198400,1.3249,1.32873,1.31544,1.31888,83647,0
1508284800,1.31888,1.3211300000000001,1.31397,1.32047,83133,0
1508371200,1.32047,1.32284,1.31301,1.31552,87710,0
1508457600,1.31552,1.32005,1.30876,1.31848,93161,0
1508716800,1.31853,1.32271,1.31574,1.31965,68973,0
1508803200,1.31963,1.32277,1.31131,1.3125499999999999,76658,0
1508889600,1.3125499999999999,1.32714,1.311,1.32541,92155,0
1508976000,1.32541,1.32792,1.3146499999999999,1.3159100000000001,75681,0
1509062400,1.31601,1.32626,1.30695,1.31281,78555,0
1509321600,1.31084,1.3215,1.31084,1.32074,59657,0
1509408000,1.3208199999999999,1.32884,1.31914,1.32823,64558,0
1509494400,1.32817,1.33206,1.32404,1.32425,76585,0
1509580800,1.32427,1.32988,1.30427,1.30571,85886,0
1509667200,1.30571,1.31312,1.30392,1.3074,75111,0
1509926400,1.30685,1.31746,1.30583,1.31693,65752,0
1510012800,1.31693,1.31776,1.3109,1.31636,71096,0
1510099200,1.31631,1.31757,1.30862,1.31109,63555,0
1510185600,1.31109,1.31653,1.30849,1.3143799999999999,79689,0
1510272000,1.3143799999999999,1.3229199999999999,1.3112300000000001,1.31891,72998,0
1510531200,1.31651,1.31789,1.30618,1.31143,71784,0
1510617600,1.31143,1.3187,1.30735,1.31647,73936,0
1510704000,1.31647,1.3213300000000001,1.31301,1.31684,99707,0
1510790400,1.31687,1.3207499999999999,1.3135,1.31932,86231,0
1510876800,1.31932,1.32602,1.31694,1.32132,91924,0
1511136000,1.32148,1.32792,1.31857,1.32331,84159,0
1511222400,1.32331,1.32672,1.32089,1.32368,61529,0
1511308800,1.32368,1.33291,1.32124,1.33217,61449,0
1511395200,1.33217,1.3336700000000001,1.32842,1.33017,58764,0
1511481600,1.33017,1.336,1.32782,1.33285,63935,0
1511740800,1.33208,1.3383,1.33098,1.33155,59984,0
1511827200,1.3315000000000001,1.33872,1.32208,1.33357,87716,0
1511913600,1.33357,1.34481,1.33216,1.34078,86158,0
1512000000,1.34078,1.35487,1.34056,1.35237,116479,0
1512086400,1.35237,1.35492,1.34442,1.34729,129123,0
1512345600,1.3431899999999999,1.35384,1.34121,1.34792,123046,0
1512432000,1.34792,1.3482,1.33703,1.34406,119714,0
1512518400,1.34406,1.34429,1.33576,1.3388200000000001,106778,0
1512604800,1.3388200000000001,1.34851,1.33199,1.34703,110766,0
1512691200,1.34703,1.35202,1.33556,1.33922,125168,0
1512950400,1.33801,1.3431,1.33303,1.33371,103338,0
1513036800,1.33371,1.33802,1.3302,1.3317,108125,0
1513123200,1.3317,1.34275,1.33114,1.34192,122592,0
1513209600,1.34192,1.3466,1.32851,1.34273,141934,0
1513296000,1.34263,1.3447200000000001,1.33012,1.33175,132134,0
1513555200,1.33074,1.34184,1.33074,1.33827,139733,2
1513641600,1.33827,1.34024,1.3330600000000001,1.33845,140942,2
1513728000,1.33845,1.34204,1.33718,1.33748,132416,2
1513814400,1.3373599999999999,1.33873,1.33316,1.33862,128772,2
1513900800,1.33862,1.33974,1.33463,1.3358400000000001,121526,2
1514246400,1.33722,1.33888,1.33473,1.3374,51536,2
1514332800,1.3374,1.34296,1.33673,1.33937,114325,2
1514419200,1.33937,1.34564,1.33932,1.3425799999999999,111449,2
1514505600,1.3426,1.35439,1.3426,1.3507799999999999,130232,2
1514851200,1.35053,1.36003,1.34882,1.35898,123697,2
1514937600,1.35872,1.3612600000000001,1.34936,1.35129,133360,2
1515024000,1.35129,1.3559700000000001,1.35053,1.35497,131512,2
1515110400,1.35501,1.35823,1.3523100000000001,1.35728,135603,2
1515369600,1.35691,1.35854,1.35228,1.3566099999999999,121092,1
1515456000,1.35675,1.35821,1.35055,1.35405,120795,1
1515542400,1.354,1.35622,1.34816,1.35059,173518,1
1515628800,1.35059,1.35545,1.34579,1.35357,165339,1
1515715200,1.35357,1.37438,1.3531900000000001,1.37252,207305,1
1515974400,1.37267,1.38194,1.37236,1.37873,163920,1
1516060800,1.37873,1.38055,1.37417,1.37915,170446,1
1516147200,1.37915,1.39423,1.37564,1.38267,213276,1
1516233600,1.38267,1.39131,1.38046,1.38934,196288,1
1516320000,1.38923,1.39449,1.3838599999999999,1.38571,192197,1
1516579200,1.38933,1.39908,1.3856899999999999,1.39863,138807,1
1516665600,1.39846,1.4027,1.3915600000000001,1.39973,190708,1
1516752000,1.39973,1.42625,1.39968,1.4237,249461,1
1516838400,1.4237,1.43452,1.40828,1.41297,358974,1
1516924800,1.41297,1.42865,1.41076,1.41575,290605,0
1517184000,1.41382,1.41581,1.40251,1.40738,240346,1
1517270400,1.40739,1.41662,1.39797,1.4145400000000001,223767,1
1517356800,1.41452,1.42326,1.41214,1.41878,265750,1
1517443200,1.41878,1.42781,1.41507,1.42596,224316,1
1517529600,1.42596,1.42777,1.41014,1.41204,225683,1
1517788800,1.41017,1.41503,1.39541,1.39568,256727,1
1517875200,1.3956,1.39994,1.3836,1.3946399999999999,281325,1
1517961600,1.3946399999999999,1.39941,1.38483,1.38799,197659,1
1518048000,1.38799,1.40667,1.3845399999999999,1.39124,284207,1
1518134400,1.39124,1.39871,1.37643,1.38233,251533,1
1518393600,1.38062,1.3875600000000001,1.3795,1.38367,157966,1
1518480000,1.38352,1.3924,1.38323,1.38918,157727,1
1518566400,1.38926,1.40164,1.37998,1.3994,207477,1
1518652800,1.39935,1.41044,1.39934,1.4099599999999999,201846,1
1518739200,1.4099599999999999,1.41448,1.39964,1.40339,188840,1
1518998400,1.40124,1.40493,1.39585,1.3995,127921,1
1519084800,1.3995,1.40242,1.3931,1.39928,174171,1
1519171200,1.39928,1.40083,1.39043,1.39162,208038,1
1519257600,1.39161,1.3988800000000001,1.38565,1.39505,155057,1
1519344000,1.39504,1.40052,1.3904,1.3961299999999999,134363,1
1519603200,1.39871,1.40697,1.39283,1.39665,132774,1
1519689600,1.39666,1.39961,1.38574,1.39058,168586,1
1519776000,1.3906,1.39161,1.3756599999999999,1.37594,166972,1
1519862400,1.37596,1.37852,1.37115,1.37755,190505,1
1519948800,1.37755,1.38166,1.37552,1.38013,171982,1
1520208000,1.37955,1.38773,1.37663,1.38479,168579,1
1520294400,1.38479,1.39292,1.38164,1.38858,152141,1
1520380800,1.38858,1.39123,1.38461,1.38907,169919,1
1520467200,1.38911,1.39097,1.37806,1.3807800000000001,170907,1
1520553600,1.38077,1.38889,1.37879,1.3853,150671,1
1520812800,1.385,1.39172,1.38409,1.39045,100659,1
1520899200,1.39044,1.3994,1.38744,1.39635,127085,1
1520985600,1.39635,1.39954,1.39252,1.39645,126630,1
1521072000,1.3964400000000001,1.3988399999999999,1.3921299999999999,1.3936899999999999,150092,1
1521158400,1.3936899999999999,1.39805,1.38889,1.3942,131187,1
1521417600,1.39449,1.40881,1.3912499999999999,1.40241,183363,1
1521504000,1.40242,1.40664,1.39824,1.39998,148724,1
1521590400,1.39998,1.41505,1.39977,1.41372,200448,1
1521676800,1.41372,1.42181,1.40757,1.40995,217873,1
1521763200,1.40995,1.41716,1.40849,1.41316,169945,1
1522022400,1.41319,1.42444,1.41299,1.42269,131975,1
1522108800,1.42273,1.4243999999999999,1.40658,1.41563,160686,1
1522195200,1.41557,1.4200300000000001,1.40705,1.40769,175447,1
1522281600,1.40769,1.4096,1.40103,1.40182,149454,1
1522368000,1.40172,1.40591,1.40119,1.40211,117490,1
1522627200,1.40126,1.40773,1.40023,1.40441,79779,1
1522713600,1.40441,1.40886,1.40206,1.40549,127130,1
1522800000,1.4055,1.40964,1.4015,1.40772,86507,1
1522886400,1.4079,1.4096899999999999,1.39658,1.40033,81775,1
1522972800,1.39995,1.41052,1.3982700000000001,1.40881,100041,1
1523232000,1.40819,1.41641,1.40781,1.41293,84822,1
1523318400,1.41286,1.41878,1.41199,1.41739,83454,1
1523404800,1.41748,1.42231,1.41605,1.41746,75345,1
1523491200,1.4173,1.42465,1.41449,1.42276,86457,1
1523577600,1.42248,1.42961,1.42204,1.42382,67806,1
1523836800,1.42375,1.4344000000000001,1.42296,1.43359,69511,1
1523923200,1.43343,1.43762,1.42822,1.42858,73820,1
1524009600,1.4285999999999999,1.43145,1.41726,1.42014,79853,1
1524096000,1.41997,1.42455,1.40683,1.40819,95212,1
1524182400,1.40826,1.40911,1.40008,1.4001000000000001,84049,1
1524441600,1.39978,1.40309,1.39259,1.39394,73132,1
1524528000,1.3937599999999999,1.3987,1.39178,1.3976,70272,1
1524614400,1.39724,1.39966,1.39231,1.39279,64369,1
1524700800,1.3923,1.3997899999999999,1.38947,1.39127,101477,1
1524787200,1.39145,1.39344,1.37469,1.37792,91437,1
1525046400,1.37701,1.37923,1.37122,1.37552,86517,1
1525132800,1.37552,1.37725,1.3588,1.36127,83657,1
1525219200,1.36128,1.36658,1.35547,1.35718,119544,1
1525305600,1.3571,1.36292,1.35377,1.3573,120784,1
1525392000,1.3573,1.35858,1.3486099999999999,1.35301,92353,1
1525651200,1.35304,1.35752,1.35151,1.3556,69246,1
1525737600,1.35559,1.3593,1.34844,1.35468,106487,1
1525824000,1.35468,1.36069,1.34989,1.35452,99791,1
1525910400,1.35453,1.36175,1.3459699999999999,1.3516,162472,1
1525996800,1.35122,1.35955,1.35018,1.35412,90461,1
1526256000,1.35342,1.36082,1.35288,1.35548,66890,1
1526342400,1.3555,1.3571900000000001,1.34511,1.35032,95856,1
1526428800,1.35012,1.35208,1.34554,1.34859,108126,1
1526515200,1.34822,1.35691,1.34741,1.35148,120707,1
1526601600,1.3514599999999999,1.35276,1.34549,1.34686,79641,1
1526860800,1.3458999999999999,1.34826,1.33907,1.3421699999999999,81668,1
1526947200,1.34222,1.34914,1.34123,1.34279,99215,1
1527033600,1.34269,1.34423,1.33051,1.33434,127472,1
1527120000,1.3339699999999999,1.34214,1.33344,1.33784,115298,1
1527206400,1.3379400000000001,1.3388900000000001,1.32922,1.32955,98948,1
1527465600,1.33121,1.3341,1.32961,1.3308,79278,1
1527552000,1.3308,1.3325,1.3204,1.3243,131511,1
1527638400,1.32424,1.33069,1.32383,1.32833,110604,1
1527724800,1.32835,1.33479,1.3277,1.3293300000000001,113669,1
1527811200,1.32929,1.33617,1.3253599999999999,1.33474,104933,1
1528070400,1.3332,1.33981,1.32944,1.33137,86714,1
1528156800,1.3311600000000001,1.34085,1.33018,1.33856,98435,1
1528243200,1.33784,1.34428,1.33753,1.34119,89002,1
1528329600,1.34097,1.34723,1.33711,1.3422399999999999,102276,1
1528416000,1.3422399999999999,1.3439,1.3354300000000001,1.34067,92826,1
1528675200,1.34044,1.3441100000000001,1.33445,1.33741,72291,1
1528761600,1.33735,1.34244,1.33418,1.33705,98282,1
1528848000,1.3373,1.33895,1.33079,1.33744,99853,1
1528934400,1.33744,1.34464,1.32556,1.32587,130535,1
1529020800,1.3259,1.32978,1.3211,1.32764,104135,1
1529280000,1.32614,1.32788,1.3225799999999999,1.32446,86093,1
1529366400,1.32439,1.3272599999999999,1.31504,1.31726,106706,1
1529452800,1.3172,1.32173,1.31466,1.31673,90967,1
1529539200,1.3168,1.32696,1.31017,1.32329,153830,1
1529625600,1.3228900000000001,1.33147,1.3228900000000001,1.32652,101208,1
1529884800,1.32491,1.32907,1.32207,1.32765,90242,1
1529971200,1.32755,1.32919,1.31917,1.32141,92851,1
1530057600,1.32259,1.32335,1.3106,1.31108,105418,1
1530144000,1.31105,1.31209,1.30491,1.30766,156198,1
1530230400,1.30766,1.32138,1.30668,1.32084,125842,1
1530489600,1.31941,1.32084,1.30946,1.31419,103320,1
1530576000,1.3141,1.32066,1.31145,1.3189899999999999,91630,1
1530662400,1.3189899999999999,1.32494,1.3170600000000001,1.3227,83124,1
1530748800,1.32107,1.3274599999999999,1.32038,1.32208,138736,1
1530835200,1.32067,1.3289900000000001,1.3203,1.32864,80773,1
1531094400,1.33148,1.33627,1.31884,1.3255,124664,1
1531180800,1.32564,1.33008,1.32229,1.32704,92016,1
1531267200,1.32663,1.32851,1.31994,1.32022,114340,1
1531353600,1.32019,1.32447,1.31802,1.32047,85267,1
1531440000,1.32036,1.3238400000000001,1.31024,1.32349,87502,1
1531699200,1.32221,1.32925,1.32164,1.32341,68402,1
1531785600,1.32334,1.32686,1.30679,1.31139,102691,1
1531872000,1.31134,1.31168,1.30095,1.30659,94078,0
1531958400,1.30661,1.3083,1.29573,1.30135,110375,1
1532044800,1.30135,1.314,1.29948,1.31298,99625,1
1532304000,1.31203,1.31576,1.30816,1.30975,80760,4
1532390400,1.30964,1.31589,1.30709,1.31433,92343,9
1532476800,1.31433,1.32002,1.31321,1.3186499999999999,93184,8
1532563200,1.3189,1.32127,1.31048,1.31067,88299,5
1532649600,1.31093,1.31303,1.30814,1.31059,72861,7
1532908800,1.31081,1.31515,1.30966,1.31312,68631,3
1532995200,1.31288,1.31722,1.3089,1.31219,79435,5
1533081600,1.3119399999999999,1.3143799999999999,1.30946,1.31257,79065,3
1533168000,1.31253,1.31283,1.30139,1.3014999999999999,85262,7
1533254400,1.30134,1.30427,1.29749,1.30023,73856,7
1533513600,1.2999399999999999,1.30076,1.2919399999999999,1.29426,51394,6
1533600000,1.29444,1.29731,1.29233,1.29382,56920,7
1533686400,1.29365,1.29593,1.28529,1.28808,71556,9
1533772800,1.28783,1.29112,1.28182,1.28228,72867,8
1533859200,1.28265,1.28363,1.27223,1.27695,119598,8
1534118400,1.274,1.27908,1.2729300000000001,1.27591,96457,7
1534204800,1.27671,1.28267,1.27041,1.2721,89346,4
1534291200,1.27196,1.27349,1.26611,1.26947,93109,8
1534377600,1.26938,1.27538,1.26847,1.27085,94623,9
1534464000,1.27105,1.27521,1.26762,1.275,80056,3
1534723200,1.27414,1.27988,1.27288,1.2796,61468,9
1534809600,1.27953,1.29241,1.27919,1.2899,86669,7
1534896000,1.28959,1.29358,1.28678,1.29092,82835,8
1534982400,1.29092,1.29182,1.28042,1.28129,75797,3
1535068800,1.28094,1.28805,1.27987,1.28476,83450,9
1535328000,1.28359,1.29003,1.28282,1.28912,70943,3
1535414400,1.28783,1.29311,1.2861,1.28698,76997,5
1535500800,1.287,1.30321,1.28446,1.30248,96823,8
1535587200,1.30233,1.30429,1.2984499999999999,1.3006,89761,12
1535673600,1.30103,1.3028,1.29441,1.29554,92560,9
1535932800,1.29139,1.2933,1.28544,1.2867199999999999,73217,9
1536019200,1.28673,1.2875,1.28098,1.28537,87081,9
1536105600,1.28528,1.29823,1.27848,1.29032,96891,3
1536192000,1.2902,1.29618,1.2895699999999999,1.29258,84030,6
1536278400,1.29257,1.30283,1.2907600000000001,1.29146,96425,9
1536537600,1.29217,1.30512,1.28963,1.3025,73496,8
1536624000,1.3025,1.30874,1.29634,1.3029600000000001,80889,9
1536710400,1.30288,1.30815,1.29785,1.30443,80981,6
1536796800,1.30442,1.31235,1.30256,1.31057,84305,4
1536883200,1.31055,1.3143099999999999,1.30561,1.30686,79330,8
1537142400,1.30676,1.31644,1.30656,1.31562,74815,10
1537228800,1.31561,1.31721,1.31181,1.31473,86448,8
1537315200,1.31466,1.3214299999999999,1.30969,1.31424,87824,7
1537401600,1.31358,1.32979,1.3134000000000001,1.3259,96982,12
1537488000,1.32602,1.32761,1.30536,1.30803,91825,3
1537747200,1.30755,1.31663,1.30623,1.31189,75739,7
1537833600,1.31189,1.3193,1.3094299999999999,1.31783,82773,12
1537920000,1.31811,1.32169,1.31376,1.31638,85943,8
1538006400,1.3163,1.31784,1.3073000000000001,1.3073000000000001,86278,4
1538092800,1.3073000000000001,1.30896,1.29995,1.3029,72351,8
1538352000,1.3038,1.31162,1.30115,1.30415,73469,8
1538438400,1.30413,1.3048,1.29404,1.2977400000000001,86967,3
1538524800,1.29761,1.30226,1.2923499999999999,1.29358,106621,6
1538611200,1.29376,1.30408,1.29214,1.30203,106176,8
1538697600,1.30203,1.31223,1.30027,1.31147,106468,7
1538956800,1.31138,1.31324,1.30275,1.30856,90475,11
1539043200,1.30812,1.31497,1.30323,1.3142,116577,10
1539129600,1.31402,1.32151,1.3131599999999999,1.31876,111251,6
1539216000,1.31897,1.3246,1.31814,1.32321,150255,12
1539302400,1.32257,1.32572,1.31457,1.31538,125682,12
1539561600,1.30844,1.31812,1.3079399999999999,1.31509,113661,9
1539648000,1.3151,1.32359,1.31368,1.31768,116619,12
1539734400,1.31762,1.3192,1.30987,1.3112599999999999,113391,12
1539820800,1.3111,1.3130899999999999,1.30155,1.3017,107438,6
1539907200,1.30164,1.31036,1.30107,1.3065,102173,12
1540166400,1.30627,1.30894,1.29559,1.29559,100118,3
1540252800,1.2955999999999999,1.30437,1.29364,1.29816,130869,8
1540339200,1.29817,1.299,1.28666,1.28792,134108,9
1540425600,1.2878,1.29189,1.27961,1.28159,125959,6
1540512000,1.28138,1.2840799999999999,1.27763,1.28233,145016,12
1540771200,1.28244,1.2852299999999999,1.27905,1.27961,111194,10
1540857600,1.2796,1.28121,1.26936,1.27066,117855,5
1540944000,1.27066,1.283,1.2699799999999999,1.27679,109519,5
1541030400,1.27679,1.30345,1.27625,1.2993299999999999,127592,5
1541116800,1.29935,1.30404,1.2951,1.29639,110876,10
1541376000,1.30226,1.30552,1.29637,1.30402,89761,12
1541462400,1.30358,1.3106499999999999,1.3020399999999999,1.30966,103385,6
1541548800,1.3094999999999999,1.3174000000000001,1.30727,1.31215,120165,7
1541635200,1.31238,1.31493,1.30442,1.30603,113725,5
1541721600,1.3060399999999999,1.30694,1.29576,1.29695,111609,12
1541980800,1.29145,1.29461,1.28267,1.28478,117543,12
1542067200,1.28473,1.30467,1.28358,1.29671,131381,6
1542153600,1.29672,1.30713,1.28797,1.29858,141436,5
1542240000,1.2987199999999999,1.30295,1.27223,1.27685,152861,12
1542326400,1.27643,1.28769,1.27589,1.28216,104480,7
1542585600,1.28307,1.28837,1.27936,1.2849300000000001,79857,4
1542672000,1.28492,1.28827,1.27756,1.27857,96042,12
1542758400,1.27859,1.2819099999999999,1.2763499999999999,1.27751,83227,8
1542844800,1.27776,1.29267,1.2767,1.28749,77457,12
1542931200,1.28753,1.28823,1.27976,1.28003,82766,10
1543190400,1.2822200000000001,1.28634,1.27946,1.28083,88466,12
1543276800,1.28068,1.28189,1.27245,1.27444,125973,7
1543363200,1.27416,1.28465,1.27315,1.28237,110010,6
1543449600,1.28226,1.28494,1.27548,1.27887,105361,3
1543536000,1.27844,1.28088,1.27341,1.2747899999999999,111805,10
1543795200,1.2743,1.2824,1.2698,1.27229,104171,5
1543881600,1.27231,1.28393,1.26579,1.27158,133399,12
1543968000,1.2714699999999999,1.27972,1.26714,1.27326,103002,3
1544054400,1.27328,1.28111,1.26986,1.27828,137182,5
1544140800,1.2781799999999999,1.27901,1.27103,1.27313,122266,11
1544400000,1.27032,1.27593,1.2506,1.2560799999999999,141363,12
1544486400,1.2559,1.26379,1.2479,1.24869,127484,5
1544572800,1.24868,1.26712,1.24756,1.26265,149684,12
1544659200,1.26255,1.2686,1.26036,1.26502,106021,12
1544745600,1.26501,1.26627,1.25285,1.25831,116180,3
1545004800,1.25992,1.2646600000000001,1.25437,1.26196,113250,8
1545091200,1.26135,1.27048,1.26094,1.26371,120072,7
1545177600,1.26394,1.26787,1.26059,1.26098,137820,12
1545264000,1.26092,1.27065,1.26065,1.26541,128917,8
1545350400,1.26538,1.26972,1.2617,1.2636,125877,6
1545609600,1.26197,1.27378,1.26197,1.26981,86691,4
1545782400,1.27066,1.2713999999999999,1.26298,1.26311,43198,3
1545868800,1.26315,1.26742,1.26151,1.26413,138679,5
1545955200,1.2643900000000001,1.27077,1.2634400000000001,1.26945,77358,7
1546214400,1.26907,1.28137,1.26794,1.27443,66809,6
1546387200,1.27302,1.2772700000000001,1.2580200000000001,1.26057,87996,4
1546473600,1.26058,1.26467,1.23953,1.2628599999999999,115003,12
1546560000,1.26371,1.2744,1.26151,1.2723,101736,5
1546819200,1.2716,1.27863,1.27073,1.27765,72681,7
1546905600,1.27732,1.27968,1.2706,1.27142,71449,8
1546992000,1.2713700000000001,1.28034,1.27068,1.27867,117342,3
1547078400,1.2787600000000001,1.28009,1.27273,1.27463,103013,3
1547164800,1.27499,1.28654,1.27089,1.28335,107719,3
1547424000,1.28502,1.29301,1.28174,1.28595,94675,6
1547510400,1.28658,1.29148,1.26677,1.28587,121705,6
1547596800,1.28578,1.28966,1.28241,1.2877,95215,6
1547683200,1.2877100000000001,1.30002,1.2831299999999999,1.29843,99133,6
1547769600,1.2984200000000001,1.29929,1.28561,1.28739,85586,8
1548028800,1.28714,1.29099,1.28297,1.28902,67824,10
1548115200,1.28915,1.2974700000000001,1.28545,1.29561,98000,9
1548201600,1.29563,1.30803,1.29407,1.3067,106109,9
1548288000,1.30678,1.30935,1.30115,1.30628,113263,8
1548374400,1.30615,1.32173,1.30563,1.31971,121057,12
1548633600,1.31837,1.32104,1.31362,1.31566,93298,8
1548720000,1.31559,1.31992,1.30548,1.30655,133728,4
1548806400,1.30657,1.31447,1.30539,1.31152,104746,7
1548892800,1.31138,1.31595,1.30928,1.3108,103506,8
1548979200,1.31101,1.31142,1.30426,1.30811,94369,8
1549238400,1.30614,1.3102800000000001,1.30282,1.30344,85946,6
1549324800,1.30343,1.3051,1.29239,1.29488,74779,4
1549411200,1.29496,1.29787,1.29245,1.29278,81083,4
1549497600,1.29278,1.2995700000000001,1.28532,1.29512,93369,6
1549584000,1.2950599999999999,1.29758,1.29205,1.29392,70523,8
1549843200,1.29278,1.29383,1.28454,1.28575,79140,5
1549929600,1.28603,1.2909,1.28318,1.28904,80491,9
1550016000,1.28936,1.29581,1.28442,1.28445,90868,9
1550102400,1.28448,1.2877,1.27722,1.27975,95885,4
1550188800,1.27991,1.28974,1.27838,1.2885900000000001,89987,5
1550448000,1.29022,1.2938,1.28908,1.29209,80135,8
1550534400,1.29218,1.30725,1.28949,1.30612,89069,8
1550620800,1.30625,1.31084,1.3011300000000001,1.30494,93491,6
1550707200,1.30495,1.30948,1.30253,1.30371,98331,8
1550793600,1.30356,1.30793,1.29673,1.30526,89591,12
1551052800,1.30679,1.31136,1.30453,1.30952,90146,8
1551139200,1.30955,1.32877,1.30955,1.32496,123475,7
1551225600,1.3249900000000001,1.33494,1.3232599999999999,1.3306200000000001,113098,7
1551312000,1.3308499999999999,1.33191,1.32528,1.32607,98639,6
1551398400,1.32609,1.32856,1.31712,1.32027,96932,8
1551657600,1.32426,1.3253599999999999,1.31656,1.31783,96930,8
1551744000,1.31805,1.3197999999999999,1.30969,1.3176999999999999,100519,9
1551830400,1.31781,1.31806,1.31234,1.3168,95691,10
1551916800,1.31696,1.31843,1.30675,1.30799,101136,6
1552003200,1.30812,1.31076,1.29892,1.30154,107756,9
1552262400,1.29833,1.31898,1.2959399999999999,1.3188,114560,9
1552348800,1.31879,1.32884,1.3004,1.30721,133632,12
1552435200,1.30722,1.33807,1.30612,1.3311600000000001,108347,8
1552521600,1.3311600000000001,1.33304,1.32065,1.32583,121374,11
1552608000,1.32584,1.3299400000000001,1.32022,1.329,102372,8
1552867200,1.32953,1.32996,1.31836,1.32437,88483,8
1552953600,1.32437,1.33106,1.32402,1.32629,86598,8
1553040000,1.32629,1.3271899999999999,1.31455,1.31924,116390,8
1553126400,1.31925,1.32266,1.30032,1.31115,125658,6
1553212800,1.31115,1.3223,1.30803,1.32077,124016,9
1553472000,1.32089,1.32454,1.31592,1.31939,106442,9
1553558400,1.31937,1.32607,1.31566,1.32044,103578,12
1553644800,1.32044,1.32687,1.31537,1.31578,128729,4
1553731200,1.31586,1.31977,1.30339,1.30447,125841,12
1553817600,1.30445,1.31352,1.29767,1.3028,115519,6
1554076800,1.30381,1.31491,1.3005,1.31013,105818,3
1554163200,1.31034,1.3149,1.30126,1.3127,124462,12
1554249600,1.31325,1.31955,1.31203,1.31551,109777,9
1554336000,1.3155999999999999,1.31905,1.30593,1.30738,104127,8
1554422400,1.30741,1.31212,1.29862,1.3032599999999999,88409,9
1554681600,1.30337,1.30736,1.30215,1.30573,88629,7
1554768000,1.30612,1.31213,1.30298,1.30484,90517,9
1554854400,1.30508,1.31224,1.3037,1.30866,93960,5
1554940800,1.30881,1.31083,1.30496,1.3050899999999999,91892,7
1555027200,1.3052000000000001,1.31322,1.30498,1.3069600000000001,83179,8
1555286400,1.3070599999999999,1.3118400000000001,1.30668,1.30966,70968,9
1555372800,1.30988,1.31007,1.30419,1.3045499999999999,88614,8
1555459200,1.30474,1.3066499999999999,1.30281,1.30386,83357,8
1555545600,1.3039100000000001,1.30518,1.29782,1.29867,98399,8
1555632000,1.29839,1.30088,1.29797,1.29809,124171,12
1555891200,1.29812,1.2999100000000001,1.29745,1.29785,40714,5
1555977600,1.2978399999999999,1.30187,1.29275,1.29363,78364,4
1556064000,1.29359,1.2962799999999999,1.2887,1.29003,89067,3
1556150400,1.28986,1.29159,1.2865,1.28965,88293,12
1556236800,1.28964,1.29429,1.28741,1.29144,88461,7
1556496000,1.29147,1.29465,1.29034,1.29321,69302,5
1556582400,1.29302,1.30484,1.29204,1.30314,88245,5
1556668800,1.30358,1.31018,1.30283,1.3049,76078,8
1556755200,1.30478,1.308,1.3017400000000001,1.30312,85285,6
1556841600,1.30312,1.31762,1.29877,1.31728,91351,8
1557100800,1.31434,1.317,1.30805,1.30951,90261,9
1557187200,1.30941,1.31311,1.30389,1.30746,87041,6
1557273600,1.30732,1.30797,1.29863,1.30045,105510,9
1557360000,1.30063,1.30353,1.29667,1.3009,93568,7
1557446400,1.30031,1.30469,1.2990599999999999,1.30017,90628,6
1557705600,1.29923,1.304,1.29404,1.29561,79428,5
1557792000,1.2958,1.29695,1.29029,1.29033,73250,6
1557878400,1.29032,1.29226,1.28256,1.28419,81675,6
1557964800,1.2841,1.28516,1.27868,1.27955,67855,7
1558051200,1.27951,1.2797399999999999,1.27122,1.27122,79550,8
1558310400,1.27287,1.27566,1.27139,1.27229,64746,5
1558396800,1.27214,1.28131,1.26845,1.2704,93214,9
1558483200,1.27042,1.27186,1.26235,1.266,83341,8
1558569600,1.2659799999999999,1.26834,1.26045,1.26553,92780,9
1558656000,1.26571,1.27322,1.2646600000000001,1.27104,84474,6
1558915200,1.27264,1.27472,1.26666,1.26785,82794,8
1559001600,1.26772,1.27013,1.26494,1.26519,88759,12
1559088000,1.26517,1.26708,1.2610999999999999,1.26258,84257,6
1559174400,1.26251,1.26397,1.25799,1.26063,66481,9
1559260800,1.26084,1.26438,1.25583,1.26304,87627,10
1559520000,1.26291,1.26735,1.26097,1.2662499999999999,89093,7
1559606400,1.26633,1.27138,1.2641499999999999,1.26977,102006,9
1559692800,1.2699,1.27431,1.26799,1.26831,98655,4
1559779200,1.26809,1.27416,1.2668,1.26933,99364,7
1559865600,1.2691,1.27625,1.26849,1.27379,97881,9
1560124800,1.27231,1.27347,1.26522,1.26827,87114,10
1560211200,1.26855,1.27317,1.26696,1.27231,106334,9
1560297600,1.2722,1.27579,1.2680799999999999,1.26871,109489,5
1560384000,1.26877,1.27074,1.26615,1.2673,91293,7
1560470400,1.26728,1.26813,1.25794,1.2589000000000001,99614,8
1560729600,1.25782,1.2604899999999999,1.25314,1.25329,72045,11
1560816000,1.25328,1.25641,1.25053,1.25565,105706,4
1560902400,1.25562,1.26731,1.25418,1.26384,97481,5
1560988800,1.26424,1.27264,1.26261,1.27024,126205,6
1561075200,1.27001,1.27459,1.26417,1.27446,115569,10
1561334400,1.27324,1.2765900000000001,1.27077,1.27382,82413,8
1561420800,1.27377,1.27832,1.26712,1.26862,91214,6
1561507200,1.26879,1.27068,1.26619,1.26888,113963,10
1561593600,1.26888,1.27241,1.26608,1.26698,101660,8
1561680000,1.26725,1.2734,1.26601,1.26944,91940,8
1561939200,1.26943,1.2705,1.26312,1.26385,92799,10
1562025600,1.26377,1.26475,1.25833,1.25921,86481,7
1562112000,1.25921,1.25998,1.25564,1.25716,74163,8
1562198400,1.25698,1.25904,1.25568,1.25777,48133,6
1562284800,1.25777,1.2587,1.24805,1.25214,77576,6
1562544000,1.2523900000000001,1.25393,1.24996,1.25134,35806,3
1562630400,1.25134,1.25227,1.24391,1.24624,64488,3
1562716800,1.24619,1.25207,1.24436,1.25015,84780,3
1562803200,1.2499,1.25709,1.24972,1.2522,78412,3
1562889600,1.25223,1.25786,1.25183,1.25753,80309,3
1563148800,1.25403,1.25779,1.25099,1.25149,57846,3
1563235200,1.2516,1.25203,1.2396099999999999,1.2406,79740,3
1563321600,1.24054,1.24562,1.23817,1.24307,66428,3
1563408000,1.24308,1.2558099999999999,1.2426,1.25454,72332,3
1563494400,1.25451,1.25561,1.2476,1.25014,58940,3
1563753600,1.24896,1.25192,1.24552,1.24755,54242,3
1563840000,1.24754,1.24816,1.24176,1.2438,59271,3
1563926400,1.24377,1.25223,1.24261,1.24841,63439,3
1564012800,1.24829,1.25177,1.24363,1.2453,74532,3
1564099200,1.24536,1.24594,1.23759,1.23815,60149,3
1564358400,1.23744,1.23828,1.22121,1.22166,52073,3
1564444800,1.22168,1.22256,1.2119,1.21509,73529,3
1564531200,1.21511,1.22494,1.21334,1.21594,85051,2
1564617600,1.21563,1.21709,1.20792,1.21313,93462,3
1564704000,1.21313,1.2169,1.20896,1.21576,105843,3
1564963200,1.21162,1.2187999999999999,1.21014,1.21424,96295,3
1565049600,1.2140900000000001,1.22094,1.21352,1.21666,100439,3
1565136000,1.21665,1.21909,1.21207,1.21425,103395,3
1565222400,1.214,1.21823,1.20949,1.21338,82901,3
1565308800,1.21301,1.21477,1.20221,1.20231,72020,3
1565568000,1.20398,1.2106,1.20148,1.2074799999999999,92111,3
1565654400,1.20749,1.20972,1.20416,1.2059199999999999,100831,3
1565740800,1.20591,1.21007,1.20443,1.20542,104029,3
1565827200,1.20544,1.21503,1.20505,1.20811,103277,3
1565913600,1.20864,1.21751,1.20761,1.21433,87332,3
1566172800,1.21467,1.2172,1.21041,1.21244,66623,3
1566259200,1.21246,1.21798,1.2064,1.21679,91649,3
1566345600,1.21681,1.2174800000000001,1.21118,1.21229,80625,3
1566432000,1.21282,1.22726,1.21082,1.22493,99158,3
1566518400,1.22493,1.22932,1.21939,1.22807,106529,3
1566777600,1.22675,1.22852,1.22075,1.22171,146283,3
1566864000,1.22167,1.23093,1.22084,1.22882,102936,2
1566950400,1.22886,1.22905,1.21555,1.22138,99107,2
1567036800,1.22117,1.2232,1.21718,1.21799,103683,2
1567123200,1.21799,1.22258,1.21391,1.21625,95937,2
1567382400,1.21395,1.21744,1.20355,1.20667,90240,2
1567468800,1.20667,1.21052,1.19579,1.20825,124163,2
1567555200,1.20825,1.2257,1.20578,1.2252,124935,2
1567641600,1.2251,1.23533,1.22099,1.23362,121983,2
1567728000,1.23296,1.23433,1.22788,1.2285,92787,2
1567987200,1.2271,1.2384,1.2233,1.23437,114272,2
1568073600,1.2344,1.23795,1.23066,1.23521,70143,2
1568160000,1.2352,1.23706,1.2312400000000001,1.23278,71318,2
1568246400,1.23278,1.23662,1.22828,1.23329,82260,2
1568332800,1.23326,1.25051,1.23267,1.24943,67815,2
1568592000,1.24967,1.2503600000000001,1.2399,1.24252,72028,2
1568678400,1.24253,1.25267,1.23918,1.2498,58740,2
1568764800,1.24982,1.25115,1.24383,1.24692,59822,2
1568851200,1.24692,1.25599,1.24375,1.2522199999999999,70104,2
1568937600,1.2522,1.25813,1.2459,1.2467,67214,2
1569196800,1.24644,1.24903,1.24124,1.24293,61008,2
1569283200,1.24294,1.25026,1.24136,1.24922,59000,2
1569369600,1.24922,1.2498,1.23474,1.23503,70017,2
1569456000,1.23504,1.238,1.23029,1.23206,62865,2
1569542400,1.23205,1.2336,1.22702,1.22871,60628,2
1569801600,1.22784,1.23459,1.22752,1.22865,56869,2
1569888000,1.22865,1.23387,1.22043,1.23025,72554,2
1569974400,1.23035,1.23239,1.22264,1.22983,58986,2
1570060800,1.22996,1.24129,1.22654,1.23299,78813,2
1570147200,1.23264,1.23567,1.22759,1.23323,52462,2
1570406400,1.2301199999999999,1.23361,1.22868,1.22895,54737,2
1570492800,1.22899,1.23021,1.2195,1.22161,69792,2
1570579200,1.22163,1.22909,1.21974,1.22039,60646,2
1570665600,1.2204,1.24688,1.22022,1.24346,74713,2
1570752000,1.24346,1.27071,1.24079,1.26468,91504,2
1571011200,1.2621,1.26495,1.2515800000000001,1.26064,72155,2
1571097600,1.26063,1.27989,1.25984,1.2784,89626,0
1571184000,1.278,1.28775,1.26566,1.28291,98171,0
1571270400,1.28286,1.29889,1.2749,1.28892,99995,0
1571356800,1.28892,1.29727,1.28391,1.29695,73898,0
1571616000,1.29477,1.3012000000000001,1.28744,1.29577,81851,0
1571702400,1.29581,1.30006,1.2861799999999999,1.28693,86614,0
1571788800,1.28692,1.29214,1.2841,1.29108,77540,0
1571875200,1.29085,1.29494,1.27881,1.28487,75128,0
1571961600,1.28487,1.28629,1.28039,1.28309,55359,0
1572220800,1.28128,1.28759,1.28111,1.28589,53034,0
1572307200,1.2859099999999999,1.29044,1.28064,1.28625,64336,0
1572393600,1.28625,1.29073,1.2845,1.28994,66880,0
1572480000,1.28995,1.29755,1.28975,1.29264,66700,0
1572566400,1.29264,1.29725,1.2926199999999999,1.29337,61745,0
1572825600,1.29264,1.29425,1.2876,1.28806,51070,2
1572912000,1.28813,1.2917100000000001,1.28589,1.28806,58683,2
1572998400,1.28809,1.28968,1.28437,1.2854,46769,2
1573084800,1.28537,1.28775,1.27936,1.28168,58326,2
1573171200,1.28158,1.28227,1.27684,1.27748,45053,2
1573430400,1.27732,1.28976,1.27732,1.28524,41155,2
1573516800,1.2852299999999999,1.2873700000000001,1.28152,1.28448,48362,2
1573603200,1.28431,1.28624,1.28214,1.28481,47063,2
1573689600,1.28479,1.2888,1.28246,1.28808,44822,2
1573776000,1.28802,1.29188,1.2867,1.28985,41237,2
1574035200,1.292,1.2985,1.29074,1.29507,46080,2
1574121600,1.2950300000000001,1.29696,1.29101,1.29237,46279,2
1574208000,1.2922799999999999,1.293,1.28868,1.29215,46902,2
1574294400,1.29211,1.29698,1.2892700000000001,1.29047,47224,2
1574380800,1.29051,1.2928,1.28226,1.28271,48705,2
1574640000,1.2852299999999999,1.29117,1.2840799999999999,1.2898100000000001,41855,2
1574726400,1.2898100000000001,1.29034,1.28348,1.28639,44920,2
1574812800,1.28634,1.29206,1.28268,1.29189,49316,2
1574899200,1.2919100000000001,1.29507,1.28989,1.29096,46127,2
1574985600,1.29096,1.2941799999999999,1.28788,1.2917,42834,2
1575244800,1.29088,1.29488,1.2895699999999999,1.2938100000000001,45311,2
1575331200,1.29387,1.3011,1.29302,1.29912,45379,2
1575417600,1.2991,1.31202,1.29824,1.31029,50629,2
1575504000,1.31029,1.31663,1.31015,1.3155299999999999,40544,2
1575590400,1.3155299999999999,1.3165200000000001,1.31002,1.3134000000000001,42399,2
1575849600,1.31336,1.31802,1.3131,1.31386,43170,2
1575936000,1.31385,1.32148,1.31325,1.3153000000000001,43912,2
1576022400,1.31536,1.32131,1.31052,1.31939,50571,2
1576108800,1.31937,1.32288,1.30492,1.31612,65097,2
1576195200,1.31603,1.3514300000000001,1.31603,1.33338,89680,2
1576454400,1.33353,1.3422100000000001,1.33209,1.33303,53946,2
1576540800,1.333,1.33359,1.30991,1.31291,66664,2
1576627200,1.31266,1.31341,1.30594,1.3076699999999999,66957,2
1576713600,1.3077,1.31323,1.2989600000000001,1.3009,61621,2
1576800000,1.30091,1.30792,1.29779,1.30006,45944,2
1577059200,1.2993999999999999,1.30317,1.2904900000000001,1.29336,51664,2
1577145600,1.29328,1.29707,1.29217,1.29569,39195,2
1577318400,1.29848,1.30155,1.29595,1.29921,29246,2
1577404800,1.29922,1.3117,1.2968199999999999,1.3084500000000001,54542,2
1577664000,1.30691,1.315,1.30656,1.31117,49982,2
1577750400,1.31117,1.32842,1.31048,1.3244799999999999,52886,2
1577923200,1.3209,1.32305,1.3115,1.31363,48916,2
1578009600,1.31363,1.31599,1.30532,1.30743,59795,2
1578268800,1.30781,1.31741,1.30625,1.3168199999999999,50184,2
1578355200,1.31684,1.32119,1.30948,1.31203,55737,0
1578441600,1.3118,1.31694,1.30801,1.30938,65260,0
1578528000,1.30937,1.31234,1.3013,1.30659,56120,0
1578614400,1.30659,1.3096700000000001,1.30422,1.30637,48542,0
1578873600,1.3036400000000001,1.30453,1.29609,1.29867,47464,0
1578960000,1.29867,1.3033000000000001,1.29541,1.30157,53505,0
1579046400,1.30151,1.30423,1.29848,1.30373,49886,0
1579132800,1.30373,1.30829,1.30251,1.30778,52227,0
1579219200,1.30783,1.3118699999999999,1.30076,1.30094,48664,0
1579478400,1.29985,1.30137,1.29618,1.30076,30729,0
1579564800,1.30075,1.30832,1.29949,1.30472,44734,0
1579651200,1.30473,1.31527,1.30345,1.3139,65605,0
1579737600,1.31395,1.31507,1.30969,1.31207,63668,0
1579824000,1.31208,1.31724,1.30564,1.30705,64938,0
1580083200,1.30754,1.31052,1.30401,1.30554,58664,0
1580169600,1.3057,1.30648,1.29753,1.30271,55509,0
1580256000,1.30271,1.30294,1.29892,1.30173,55576,0
1580342400,1.30192,1.31098,1.2977699999999999,1.30908,65249,0
1580428800,1.30907,1.32088,1.3082,1.3208,69507,0
1580688000,1.31701,1.31841,1.29828,1.29935,63750,0
1580774400,1.29935,1.30465,1.29409,1.30292,64479,0
1580860800,1.30292,1.30698,1.29562,1.30004,63619,0
1580947200,1.30016,1.30016,1.2921,1.2925200000000001,54083,0
1581033600,1.2926199999999999,1.29589,1.28809,1.2882,61264,0
1581292800,1.28864,1.29459,1.28717,1.2913999999999999,62085,0
1581379200,1.29128,1.29677,1.28943,1.2949,59098,0
1581465600,1.29508,1.29911,1.29452,1.29575,58281,0
1581552000,1.29568,1.30692,1.29441,1.30412,68228,0
1581638400,1.30385,1.30631,1.3001,1.30471,56498,0
1581897600,1.30324,1.30536,1.29975,1.30039,49400,0
1581984000,1.30039,1.3048600000000001,1.29705,1.29952,62288,0
1582070400,1.29952,1.3023,1.29075,1.29187,57909,0
1582156800,1.29186,1.29281,1.2848899999999999,1.28792,61033,0
1582243200,1.28802,1.29805,1.28746,1.29566,66386,0
1582502400,1.29426,1.29547,1.28865,1.29283,66933,0
1582588800,1.2929,1.30178,1.29142,1.30037,80121,0
1582675200,1.30036,1.30078,1.28953,1.28953,73940,0
1582761600,1.28967,1.2946,1.28601,1.28838,86909,0
1582848000,1.28838,1.29196,1.27255,1.28212,101153,0
1583107200,1.27918,1.28506,1.27398,1.27522,84743,0
1583193600,1.27518,1.28439,1.27379,1.28107,85409,0
1583280000,1.28103,1.28723,1.27697,1.2870300000000001,59390,0
1583366400,1.287,1.29681,1.28604,1.29516,58349,0
1583452800,1.29527,1.30519,1.29371,1.30445,82330,0
1583712000,1.30754,1.31997,1.30342,1.3084500000000001,188792,0
1583798400,1.3084500000000001,1.31151,1.2858,1.28803,173248,12
1583884800,1.28803,1.29761,1.28024,1.28173,115489,1
1583971200,1.2819099999999999,1.28487,1.24902,1.25731,126863,1
1584057600,1.25735,1.2624,1.22658,1.22903,152633,0
1584316800,1.2410700000000001,1.242,1.22018,1.22677,170248,0
1584403200,1.22662,1.22724,1.20018,1.20548,178035,0
1584489600,1.20551,1.21296,1.1451500000000001,1.1580300000000001,174594,0
1584576000,1.15777,1.17927,1.1419,1.14653,188137,0
1584662400,1.14652,1.19333,1.1409799999999999,1.1599,168903,0
1584921600,1.16745,1.17135,1.14463,1.15283,171688,0
1585008000,1.15283,1.1798899999999999,1.14749,1.17341,167644,0
1585094400,1.17342,1.1973,1.16384,1.18781,141114,0
1585180800,1.18781,1.22289,1.17761,1.21547,153930,0
1585267200,1.21547,1.24852,1.21301,1.24744,151946,0
1585526400,1.24174,1.24668,1.23169,1.24171,110477,0
1585612800,1.24043,1.24726,1.22436,1.24163,124197,0
1585699200,1.24219,1.24382,1.23299,1.2373,93664,0
1585785600,1.2373,1.2475,1.23496,1.23925,95238,0
1585872000,1.23953,1.24058,1.22049,1.22692,85528,0
1586131200,1.22204,1.23264,1.22095,1.22291,80623,0
1586217600,1.22284,1.2383899999999999,1.21645,1.23297,84701,0
1586304000,1.23295,1.24196,1.22877,1.23808,63135,0
1586390400,1.23749,1.24832,1.236,1.24525,76642,0
1586476800,1.24492,1.24865,1.24325,1.24341,21062,0
1586736000,1.24536,1.25365,1.2449,1.2500200000000001,61683,0
1586822400,1.2500200000000001,1.26471,1.24896,1.26233,110741,0
1586908800,1.2612,1.26303,1.24362,1.25105,105125,0
1586995200,1.25108,1.2527300000000001,1.24078,1.24551,108131,0
1587081600,1.2455,1.25223,1.24064,1.25058,103885,0
1587340800,1.24916,1.24998,1.2416,1.24321,85781,0
1587427200,1.24319,1.24457,1.2247,1.22879,123399,0
1587513600,1.22772,1.23856,1.22741,1.23321,92136,0
1587600000,1.23321,1.24147,1.23074,1.23434,113842,0
1587686400,1.23432,1.23769,1.22977,1.23659,89239,0
1587945600,1.23614,1.24543,1.23594,1.24282,78707,0
1588032000,1.24259,1.2517800000000001,1.24034,1.2422900000000001,68288,0
1588118400,1.24201,1.2484899999999999,1.23886,1.24691,65500,0
1588204800,1.24653,1.26426,1.24289,1.259,78636,0
1588291200,1.25891,1.25998,1.24827,1.24926,53973,0
1588550400,1.24823,1.24865,1.2405,1.2442,52665,0
1588636800,1.2442199999999999,1.24834,1.2420200000000001,1.24331,56872,0
1588723200,1.24323,1.24499,1.23348,1.2339,52422,0
1588809600,1.23388,1.24181,1.22658,1.23522,64340,0
1588896000,1.23525,1.24669,1.23384,1.24076,47377,0
1589155200,1.23952,1.24372,1.22828,1.23318,56439,0
1589241600,1.23294,1.23771,1.2255,1.22576,58582,0
1589328000,1.22563,1.23396,1.22099,1.22231,67905,0
1589414400,1.2218,1.22414,1.21654,1.22228,63126,0
1589500800,1.22216,1.22389,1.21009,1.2102,64170,0
1589760000,1.20852,1.22274,1.20739,1.21937,60389,0
1589846400,1.21932,1.22961,1.21837,1.22502,57938,0
1589932800,1.22498,1.22874,1.22211,1.22363,52724,0
1590019200,1.2236,1.22493,1.21852,1.22161,52692,0
1590105600,1.2215,1.22335,1.21613,1.21667,51656,0
1590364800,1.21716,1.22033,1.21628,1.21799,35930,0
1590451200,1.21795,1.23628,1.21765,1.2334100000000001,59540,0
1590537600,1.23247,1.2354,1.2204,1.22578,78677,0
1590624000,1.22596,1.23442,1.22335,1.23176,69580,0
1590710400,1.23145,1.23938,1.229,1.23509,91364,0
1590969600,1.23231,1.2506300000000001,1.23231,1.24874,68129,0
1591056000,1.24864,1.25755,1.24782,1.25492,75153,0
1591142400,1.2548599999999999,1.26152,1.25434,1.25713,80318,0
1591228800,1.25712,1.26331,1.2500499999999999,1.25932,79214,0
1591315200,1.2594699999999999,1.27309,1.25827,1.26678,79793,0
1591574400,1.2669000000000001,1.2735400000000001,1.26278,1.27214,60121,0
1591660800,1.27218,1.27552,1.26175,1.27271,72125,0
1591747200,1.27301,1.28129,1.27058,1.27467,89342,0
1591833600,1.2745199999999999,1.2753999999999999,1.25861,1.2601,106433,0
1591920000,1.2599,1.26531,1.24735,1.25482,107536,0
1592179200,1.25094,1.26061,1.2454,1.2603900000000001,97262,0
1592265600,1.26043,1.26872,1.25521,1.25721,97769,0
1592352000,1.2572,1.25882,1.25108,1.2555,79626,0
1592438400,1.25535,1.25667,1.2401200000000001,1.24231,77475,0
1592524800,1.24233,1.24557,1.23437,1.23486,67081,0
1592784000,1.2341,1.24767,1.2335,1.24672,57113,0
1592870400,1.2466599999999999,1.25316,1.24317,1.25187,75438,0
1592956800,1.2517800000000001,1.2542499999999999,1.24139,1.24169,68408,0
1593043200,1.24166,1.24642,1.23885,1.24173,52017,0
1593129600,1.2417,1.24365,1.2314,1.23363,46146,0
1593388800,1.23231,1.23892,1.22509,1.22976,43305,0
1593475200,1.22976,1.2401200000000001,1.22573,1.24,45476,0
1593561600,1.23991,1.24901,1.23589,1.24739,45853,0
1593648000,1.24726,1.25296,1.24559,1.2467,42752,0
1593734400,1.24652,1.24862,1.24373,1.24816,37015,0
1593993600,1.24604,1.25197,1.246,1.24911,41218,0
1594080000,1.24899,1.25918,1.24625,1.25431,46857,0
1594166400,1.25388,1.26227,1.25081,1.26085,48464,0
1594252800,1.26092,1.26693,1.25923,1.26057,50443,0
1594339200,1.26053,1.26638,1.25663,1.262,42285,0
1594598400,1.26159,1.26658,1.255,1.25536,44807,0
1594684800,1.25531,1.25632,1.24797,1.25521,52031,0
1594771200,1.25514,1.26492,1.2546599999999999,1.2586300000000001,45666,0
1594857600,1.2586300000000001,1.26241,1.25194,1.25523,42717,0
1594944000,1.25519,1.25742,1.25114,1.25671,38739,0
1595203200,1.25444,1.26651,1.2517800000000001,1.26609,42824,0
1595289600,1.26609,1.27675,1.2650000000000001,1.27302,51261,0
1595376000,1.2730299999999999,1.27431,1.26438,1.2732999999999999,52449,0
1595462400,1.27321,1.27597,1.2673,1.27399,49232,0
1595548800,1.27389,1.28029,1.27169,1.27953,43990,0
1595808000,1.2790300000000001,1.29027,1.27773,1.28806,50389,0
1595894400,1.28796,1.29521,1.28378,1.29305,48102,0
1595980800,1.29297,1.3013,1.29117,1.29948,48284,0
1596067200,1.29944,1.31024,1.29443,1.30942,55615,0
1596153600,1.30933,1.31699,1.307,1.30822,64544,0
1596412800,1.30751,1.31121,1.30044,1.30744,49534,0
1596499200,1.30751,1.31078,1.2980800000000001,1.30711,45509,0
1596585600,1.30701,1.31612,1.30538,1.31132,45731,0
1596672000,1.31124,1.31853,1.3111,1.31422,57801,0
1596758400,1.3140399999999999,1.31504,1.3009,1.30538,52997,0
1597017600,1.3059,1.31029,1.30185,1.30709,37274,0
1597104000,1.30705,1.31317,1.30413,1.3047,48075,0
1597190400,1.30498,1.30671,1.30047,1.3032599999999999,50391,0
1597276800,1.30315,1.31246,1.3024499999999999,1.30659,43025,0
1597363200,1.30654,1.31423,1.3047900000000001,1.30903,41452,0
1597622400,1.30831,1.31213,1.30737,1.31034,37064,0
1597708800,1.31019,1.32492,1.3094999999999999,1.32376,44985,0
1597795200,1.32367,1.32667,1.30935,1.30971,52283,0
1597881600,1.30968,1.32242,1.30643,1.32129,58861,0
1597968000,1.3213,1.32552,1.30588,1.30895,56611,0
1598227200,1.3082,1.31484,1.30535,1.30625,40942,0
1598313600,1.30614,1.31703,1.3054999999999999,1.31503,49544,0
1598400000,1.31493,1.32186,1.31168,1.32084,43677,0
1598486400,1.3208199999999999,1.32839,1.31607,1.3198699999999999,62066,0
1598572800,1.3201100000000001,1.33563,1.31859,1.3351199999999999,56687,0
1598832000,1.33448,1.33952,1.33014,1.33677,46789,0
1598918400,1.3367,1.3482,1.33559,1.33825,58853,0
1599004800,1.3382399999999999,1.34021,1.3283,1.33505,54241,0
1599091200,1.33502,1.3359,1.32419,1.32801,55896,0
1599177600,1.32802,1.33189,1.31755,1.32763,57417,0
1599436800,1.3256999999999999,1.32674,1.31402,1.31619,37329,0
1599523200,1.3161800000000001,1.31715,1.29795,1.29801,54797,0
1599609600,1.29821,1.30226,1.28846,1.30013,51520,0
1599696000,1.30017,1.30349,1.27725,1.28036,61751,0
1599782400,1.2803499999999999,1.2865,1.2762,1.27966,51416,0
1600041600,1.27805,1.29189,1.27744,1.28458,40210,0
1600128000,1.28445,1.29257,1.28146,1.28884,38272,0
1600214400,1.28882,1.30074,1.28747,1.2966199999999999,53304,0
1600300800,1.29681,1.2999,1.28643,1.29725,72146,0
1600387200,1.29729,1.29996,1.2913999999999999,1.29221,49955,0
1600646400,1.29275,1.2966,1.2775,1.28156,55388,0
1600732800,1.28167,1.28666,1.27107,1.27291,55748,0
1600819200,1.27297,1.27767,1.26748,1.27215,57296,0
1600905600,1.27221,1.27805,1.26902,1.27407,64597,0
1600992000,1.27407,1.28051,1.2687,1.27419,49349,0
1601251200,1.27622,1.2929599999999999,1.27508,1.28311,47024,0
1601337600,1.28316,1.29024,1.28223,1.28587,51005,0
1601424000,1.28602,1.29419,1.28051,1.29165,65681,0
1601510400,1.2917,1.2978399999999999,1.28185,1.2885900000000001,64828,0
1601596800,1.28924,1.29539,1.2836,1.29366,68874,0
1601856000,1.2925499999999999,1.29905,1.28992,1.29764,43189,0
1601942400,1.29767,1.30067,1.28664,1.28711,54072,0
1602028800,1.28712,1.2929300000000001,1.28442,1.29144,51294,0
1602115200,1.29134,1.29699,1.28906,1.2936,42978,0
1602201600,1.2935699999999999,1.30487,1.29203,1.30487,40878,0
1602460800,1.3024499999999999,1.30823,1.30051,1.3062,36161,0
1602547200,1.30637,1.30681,1.29216,1.29348,46380,0
1602633600,1.29349,1.30643,1.28625,1.30114,47092,0
1602720000,1.30114,1.30295,1.289,1.29025,54018,0
1602806400,1.29022,1.2962099999999999,1.28562,1.29073,47472,0
1603065600,1.2894999999999999,1.30241,1.28929,1.29421,45210,0
1603152000,1.29421,1.29793,1.29105,1.2946900000000001,42365,0
1603238400,1.29463,1.31764,1.29373,1.31454,51246,0
1603324800,1.31421,1.31527,1.307,1.30801,46147,0
1603411200,1.30894,1.3121800000000001,1.30187,1.30437,42094,0
1603670400,1.30528,1.30748,1.29925,1.30161,46920,0
1603756800,1.30161,1.3079399999999999,1.30003,1.3042,40904,0
1603843200,1.3042,1.3063500000000001,1.2916,1.29841,57852,0
1603929600,1.29822,1.30256,1.28804,1.29256,58312,0
1604016000,1.29256,1.29877,1.28987,1.29502,58672,0
1604275200,1.29216,1.29424,1.28535,1.29154,44970,0
1604361600,1.29154,1.3078400000000001,1.29073,1.30576,36867,0
1604448000,1.30573,1.31398,1.2913700000000001,1.2986,80452,0
1604534400,1.29858,1.31548,1.29294,1.31452,147876,0
1604620800,1.31452,1.31771,1.30923,1.31475,156946,0
1604880000,1.31547,1.32083,1.31182,1.31632,175614,0
1604966400,1.31627,1.32783,1.31544,1.3269199999999999,160629,0
1605052800,1.3269199999999999,1.33138,1.31909,1.32205,114931,1
1605139200,1.32205,1.32283,1.3106,1.3115,104698,0
1605225600,1.31144,1.31996,1.31089,1.31982,88619,1
1605484800,1.31602,1.32426,1.3159399999999999,1.31964,98178,0
1605571200,1.31967,1.32727,1.31789,1.32449,99231,0
1605657600,1.32449,1.33121,1.32433,1.32657,87068,1
1605744000,1.32709,1.3279,1.31956,1.32599,97012,0
1605830400,1.3260399999999999,1.32969,1.3244799999999999,1.32896,86940,1
1606089600,1.32873,1.33978,1.32636,1.33244,95921,0
1606176000,1.3325,1.33803,1.32925,1.33585,104800,1
1606262400,1.33586,1.33934,1.33038,1.3386,96349,1
1606348800,1.33723,1.3397700000000001,1.33217,1.33567,57715,0
1606435200,1.33566,1.33817,1.32877,1.33083,77611,0
1606694400,1.33266,1.33845,1.33052,1.33224,94300,0
1606780800,1.33201,1.34426,1.33155,1.34186,91787,1
1606867200,1.34199,1.34409,1.32873,1.3364500000000001,95733,0
1606953600,1.33656,1.35001,1.33473,1.34505,79110,0
1607040000,1.34401,1.35397,1.34109,1.34344,93549,0
1607299200,1.34093,1.3437700000000001,1.32243,1.33789,94156,0
1607385600,1.33772,1.33933,1.32894,1.33575,98828,0
1607472000,1.33539,1.3477700000000001,1.3348499999999999,1.34017,81621,0
1607558400,1.3402,1.34105,1.32454,1.3290899999999999,102405,0
1607644800,1.32945,1.33244,1.31338,1.3229600000000001,92613,0
1607904000,1.33427,1.3445,1.3289900000000001,1.33288,94306,0
1607990400,1.3323800000000001,1.34699,1.32801,1.34575,98818,0
1608076800,1.34573,1.35538,1.34342,1.3507799999999999,94769,0
1608163200,1.35081,1.36245,1.34951,1.35832,85801,0
1608249600,1.35854,1.35896,1.3471199999999999,1.34976,79259,0
1608508800,1.33952,1.3498700000000001,1.31877,1.34608,118344,0
1608595200,1.3461699999999999,1.34692,1.33039,1.33586,101867,0
1608681600,1.33593,1.35703,1.3351899999999999,1.34904,105108,0
1608768000,1.34908,1.36193,1.34876,1.35336,69180,0
1609113600,1.3544100000000001,1.35762,1.34293,1.34511,74871,0
1609200000,1.34507,1.35225,1.34392,1.35003,87063,0
1609286400,1.35003,1.36253,1.3490199999999999,1.36237,86197,0
1609372800,1.36234,1.36863,1.3604,1.36745,83170,0
1609718400,1.36452,1.3703699999999999,1.35418,1.3568,104056,0
1609804800,1.35679,1.36421,1.3554,1.36255,97393,0
1609891200,1.36252,1.36711,1.35385,1.36078,130167,0
1609977600,1.3606500000000001,1.3633199999999999,1.3532600000000001,1.35625,97410,0
1610064000,1.35626,1.36356,1.3538000000000001,1.35606,111871,0
1610323200,1.35402,1.3568799999999999,1.34508,1.3511600000000001,95423,0
1610409600,1.3511199999999999,1.367,1.3504,1.36626,93047,0
1610496000,1.36625,1.37008,1.36117,1.36338,86416,0
1610582400,1.36352,1.3711,1.3616,1.36862,91933,0
1610668800,1.3685800000000001,1.36975,1.35724,1.3582,90213,0
1610928000,1.3587,1.35987,1.35196,1.3585099999999999,68189,0
1611014400,1.35853,1.36364,1.3573,1.36325,78451,0
1611100800,1.36291,1.37186,1.36225,1.36504,85549,0
1611187200,1.36506,1.37462,1.36476,1.37304,80449,0
1611273600,1.37311,1.37357,1.36356,1.36822,73034,0
1611532800,1.3679299999999999,1.37237,1.36487,1.36743,77208,0
1611619200,1.36744,1.3744100000000001,1.36099,1.37359,70048,0
1611705600,1.37362,1.37586,1.3659,1.36853,94235,0
1611792000,1.36852,1.37455,1.36301,1.37181,101305,0
1611878400,1.37186,1.37514,1.36573,1.36981,98298,0
1612137600,1.37029,1.37579,1.36564,1.36601,85137,0
1612224000,1.36596,1.3710499999999999,1.36113,1.36672,79984,0
1612310400,1.36669,1.3683100000000001,1.36193,1.36435,77118,0
1612396800,1.36428,1.36977,1.35647,1.36715,81986,0
1612483200,1.36715,1.37399,1.36603,1.37363,84121,0
1612742400,1.37169,1.37492,1.36802,1.37379,80436,0
1612828800,1.3737599999999999,1.38206,1.3731200000000001,1.38154,81855,0
1612915200,1.38154,1.38659,1.3802400000000001,1.38314,68324,0
1613001600,1.38303,1.38591,1.38005,1.38143,67360,0
1613088000,1.38127,1.38623,1.37756,1.38533,75991,0
1613347200,1.38462,1.39191,1.38462,1.38997,62853,0
1613433600,1.38995,1.39521,1.38694,1.39021,98552,0
1613520000,1.39014,1.39076,1.38296,1.38596,104013,0
1613606400,1.38626,1.3985699999999999,1.38396,1.39725,93173,0
1613692800,1.39725,1.40362,1.39511,1.40043,88575,0
1613952000,1.40092,1.40861,1.3980299999999999,1.40608,98081,0
1614038400,1.40608,1.4117199999999999,1.40543,1.41126,90005,0
1614124800,1.41125,1.42409,1.40821,1.4138899999999999,114088,0
1614211200,1.41378,1.41817,1.40001,1.4007,140714,3
1614297600,1.40091,1.40262,1.38877,1.3927,175108,3
1614556800,1.39284,1.39991,1.39038,1.3924699999999999,123418,3
1614643200,1.39241,1.3976899999999999,1.38588,1.39517,103137,2
1614729600,1.3951500000000001,1.40062,1.39207,1.39486,93768,3
1614816000,1.39478,1.40165,1.38799,1.38936,118092,3
1614902400,1.38927,1.39065,1.37778,1.38289,102544,7
1615161600,1.37976,1.38645,1.37976,1.38198,139361,9
1615248000,1.38202,1.3925,1.38014,1.38866,127174,7
1615334400,1.38855,1.39377,1.38449,1.3933200000000001,116565,7
1615420800,1.39331,1.3995,1.3917,1.399,104527,4
1615507200,1.3989099999999999,1.40046,1.38628,1.3918599999999999,107228,0
1615766400,1.39165,1.39496,1.3853,1.39001,94265,4
1615852800,1.3899599999999999,1.39056,1.3808799999999999,1.3891499999999999,90777,7
1615939200,1.38924,1.39703,1.3850500000000001,1.39593,95970,4
1616025600,1.39592,1.40009,1.3896899999999999,1.39276,114472,8
1616112000,1.39277,1.39588,1.38304,1.38628,99995,7
1616371200,1.38366,1.38763,1.38171,1.38583,77649,4
1616457600,1.38583,1.3864,1.37401,1.37494,87848,3
1616544000,1.37494,1.37568,1.3673600000000001,1.36866,79756,5
1616630400,1.36866,1.37448,1.3669799999999999,1.3738000000000001,84825,2
1616716800,1.3737599999999999,1.38119,1.37324,1.37913,66464,4
1616976000,1.37762,1.38464,1.37548,1.37598,67536,4
1617062400,1.37601,1.37832,1.37057,1.3739,66153,4
1617148800,1.37385,1.3811499999999999,1.3715600000000001,1.37797,68626,3
1617235200,1.37816,1.3836,1.37458,1.38316,65157,2
1617321600,1.3832,1.38514,1.38096,1.38311,59311,4
1617580800,1.38104,1.3913,1.38104,1.38986,42332,3
1617667200,1.38986,1.39182,1.38016,1.38221,59929,4
1617753600,1.38217,1.3839299999999999,1.37238,1.37371,66480,5
1617840000,1.3737,1.37822,1.37184,1.37325,54799,5
1617926400,1.3731900000000001,1.37504,1.36696,1.3702,54094,2
1618185600,1.37012,1.3776,1.36684,1.37387,52659,2
1618272000,1.37401,1.37682,1.36934,1.37507,57974,3
1618358400,1.375,1.3808099999999999,1.37459,1.3777300000000001,46068,4
1618444800,1.3777300000000001,1.3808500000000001,1.37611,1.37829,49938,3
1618531200,1.37824,1.38404,1.37157,1.38401,46776,3
1618790400,1.38244,1.3992200000000001,1.38092,1.39846,60799,1
1618876800,1.39853,1.40087,1.39257,1.39371,53523,3
1618963200,1.39371,1.39492,1.38856,1.3927100000000001,49579,0
1619049600,1.39272,1.39496,1.38238,1.3838300000000001,57259,0
1619136000,1.38381,1.38955,1.38304,1.3884699999999999,47414,0
1619395200,1.3869,1.39291,1.38642,1.38981,48121,0
1619481600,1.3898,1.3924,1.38588,1.39107,44130,0
1619568000,1.3911,1.39507,1.38611,1.39334,57540,0
1619654400,1.39331,1.39767,1.39267,1.39402,57206,0
1619740800,1.39401,1.39581,1.3802699999999999,1.38128,55150,0
1620000000,1.38071,1.39319,1.37971,1.39081,44596,0
1620086400,1.39083,1.39133,1.38382,1.3885399999999999,66494,0
1620172800,1.38856,1.39262,1.38763,1.39036,49297,0
1620259200,1.39046,1.39407,1.38567,1.3887800000000001,60052,0
1620345600,1.3887800000000001,1.40057,1.38824,1.3987,63862,0
1620604800,1.4004400000000001,1.41583,1.39941,1.41166,64391,0
1620691200,1.41166,1.41662,1.41041,1.4141,69324,0
1620777600,1.41411,1.41533,1.405,1.40521,77579,0
1620864000,1.4052,1.4078300000000001,1.40059,1.40494,71362,0
1620950400,1.40488,1.41107,1.40358,1.40968,55757,0
1621209600,1.40942,1.41466,1.40775,1.41376,58020,0
1621296000,1.4136,1.422,1.41297,1.41849,60879,0
1621382400,1.4185699999999999,1.42009,1.40995,1.41128,87478,0
1621468800,1.41129,1.41923,1.41012,1.41891,67175,0
1621555200,1.41891,1.42336,1.41408,1.41507,74035,0
1621814400,1.41414,1.41717,1.41116,1.4154900000000001,72344,0
1621900800,1.41546,1.42109,1.41155,1.4149,77592,0
1621987200,1.41486,1.4175900000000001,1.41124,1.41158,72102,0
1622073600,1.41166,1.4219300000000001,1.40914,1.42036,79555,0
1622160000,1.42025,1.42083,1.41364,1.41879,93219,0
1622419200,1.41744,1.42175,1.4163700000000001,1.4209399999999999,56182,0
1622505600,1.4209100000000001,1.4249,1.41466,1.41474,87524,0
1622592000,1.41474,1.41834,1.4111799999999999,1.41695,79231,0
1622678400,1.41693,1.42028,1.4086400000000001,1.41039,87842,0
1622764800,1.41039,1.42004,1.40832,1.41649,82651,0
1623024000,1.41534,1.4191099999999999,1.4111500000000001,1.41803,70474,0
1623110400,1.41801,1.41846,1.41211,1.41548,70483,0
1623196800,1.41551,1.41889,1.41098,1.4114900000000001,58488,0
1623283200,1.41127,1.41782,1.40733,1.41754,88058,0
1623369600,1.4175900000000001,1.41853,1.4096,1.4113,69973,0
1623628800,1.40944,1.41239,1.40704,1.4108399999999999,64116,0
1623715200,1.41065,1.41287,1.40344,1.40832,69053,0
1623801600,1.40809,1.41327,1.3982299999999999,1.39866,76444,0
1623888000,1.3985,1.40088,1.38959,1.39255,98640,0
1623974400,1.39227,1.39449,1.37919,1.37967,85454,0
1624233600,1.37942,1.3937,1.3786399999999999,1.3933499999999999,98520,0
1624320000,1.39325,1.39636,1.3860299999999999,1.39475,79823,0
1624406400,1.39455,1.4001299999999999,1.39239,1.39623,85334,0
1624492800,1.39625,1.39862,1.38896,1.39243,84381,0
1624579200,1.39219,1.39355,1.38715,1.38822,68767,0
1624838400,1.38692,1.39394,1.38692,1.38815,66410,0
1624924800,1.38785,1.38846,1.3814,1.38378,68034,0
1625011200,1.38364,1.38728,1.37987,1.38315,78479,0
1625097600,1.38296,1.38346,1.3752900000000001,1.3763,78040,0
1625184000,1.37603,1.38445,1.37316,1.3832499999999999,81494,0
1625443200,1.38152,1.3862,1.38152,1.38453,52563,0
1625529600,1.38438,1.3898,1.3773,1.3799000000000001,88159,0
1625616000,1.3799000000000001,1.38418,1.37539,1.38011,91411,0
1625702400,1.3799000000000001,1.38052,1.37422,1.37856,103148,0
1625788800,1.37851,1.39005,1.37553,1.38997,95030,0
1626048000,1.38884,1.39099,1.38392,1.38831,63511,0
1626134400,1.38804,1.39053,1.38001,1.38145,69080,0
1626220800,1.38129,1.38917,1.38016,1.3860299999999999,72391,0
1626307200,1.38591,1.38988,1.3805,1.38272,80362,0
1626393600,1.38249,1.38618,1.37604,1.37649,68129,0
1626652800,1.37622,1.37763,1.3654899999999999,1.36756,97325,0
1626739200,1.36753,1.36895,1.3571900000000001,1.36282,81704,0
1626825600,1.36257,1.3723,1.35913,1.3715899999999999,68186,0
1626912000,1.37135,1.3787,1.36907,1.37683,69280,0
1626998400,1.37656,1.37799,1.37199,1.37463,64967,0
1627257600,1.37524,1.38333,1.37366,1.38184,67174,0
1627344000,1.38164,1.38941,1.37669,1.38785,74665,0
1627430400,1.38772,1.39107,1.38433,1.39028,69406,0
1627516800,1.39007,1.39817,1.3898,1.39619,52882,0
1627603200,1.39599,1.39832,1.38875,1.3907,57825,0
1627862400,1.3891200000000001,1.39323,1.3875600000000001,1.38871,51441,0
1627948800,1.38849,1.39389,1.38703,1.3915600000000001,55199,0
1628035200,1.39139,1.3957600000000001,1.38857,1.38887,53446,0
1628121600,1.38876,1.39489,1.3872200000000001,1.39297,54628,0
1628208000,1.39268,1.39327,1.38613,1.38741,46149,0
1628467200,1.38692,1.38944,1.38407,1.38462,48863,0
1628553600,1.38468,1.3872499999999999,1.38277,1.38387,40653,0
1628640000,1.3835899999999999,1.3887800000000001,1.38028,1.3865,45137,0
1628726400,1.38667,1.3878599999999999,1.3795,1.38069,38648,0
1628812800,1.38037,1.38751,1.37906,1.38699,31019,0
1629072000,1.38487,1.38782,1.38278,1.38415,37997,0
1629158400,1.38395,1.38449,1.3726099999999999,1.37438,44858,0
1629244800,1.37391,1.37865,1.37237,1.3755600000000001,40776,0
1629331200,1.37535,1.37581,1.36321,1.36352,49391,0
1629417600,1.36352,1.36456,1.36022,1.36232,41071,0
1629676800,1.3609200000000001,1.37321,1.36076,1.37243,38589,0
1629763200,1.37219,1.37477,1.36938,1.37279,37615,0
1629849600,1.3727,1.37667,1.36968,1.3763,40706,0
1629936000,1.37612,1.3768099999999999,1.36895,1.36989,46009,0
1630022400,1.36971,1.3780299999999999,1.3679700000000001,1.37562,50054,0
1630281600,1.3751,1.3774899999999999,1.37338,1.37571,35296,0
1630368000,1.3755600000000001,1.38077,1.37428,1.37539,60312,0
1630454400,1.37528,1.37976,1.37304,1.3767800000000001,49793,0
1630540800,1.37677,1.3839299999999999,1.37653,1.38314,41536,0
1630627200,1.3832,1.38914,1.38179,1.3857599999999999,51197,0
1630886400,1.38544,1.3866800000000001,1.38185,1.38342,32732,0
1630972800,1.38318,1.38565,1.37677,1.3784100000000001,52051,0
1631059200,1.37812,1.3790200000000001,1.37263,1.37708,59473,0
1631145600,1.37706,1.38624,1.3753199999999999,1.38354,62580,0
1631232000,1.38347,1.38884,1.38252,1.38294,51028,0
1631491200,1.38224,1.38511,1.37967,1.38387,60032,0
1631577600,1.38367,1.39131,1.38032,1.38073,71959,0
1631664000,1.38063,1.38532,1.3792,1.38407,65057,0
1631750400,1.38388,1.38522,1.37642,1.37938,68707,0
1631836800,1.37914,1.38127,1.37265,1.37271,70609,0
1632096000,1.37252,1.3749799999999999,1.36406,1.36572,67117,0
1632182400,1.36577,1.36929,1.36412,1.36587,80175,0
1632268800,1.3657599999999999,1.36894,1.3609200000000001,1.36147,87955,0
1632355200,1.36151,1.3750499999999999,1.3609200000000001,1.37191,89935,0
1632441600,1.3718,1.3736,1.36581,1.3670900000000001,66186,0
1632700800,1.3664399999999999,1.37287,1.36567,1.36984,74688,0
1632787200,1.3698299999999999,1.37171,1.35205,1.35367,84958,0
1632873600,1.35346,1.35549,1.34117,1.34253,91870,0
1632960000,1.34243,1.35174,1.34155,1.34728,85852,0
1633046400,1.34707,1.35757,1.34334,1.35427,104235,0
1633305600,1.35418,1.3639999999999999,1.35316,1.36071,87095,0
1633392000,1.36059,1.36478,1.35845,1.36252,80438,0
1633478400,1.36228,1.3631199999999999,1.35438,1.35807,102954,0
1633564800,1.35805,1.3638,1.35703,1.3615300000000001,71095,0
1633651200,1.36135,1.3658299999999999,1.35835,1.36174,76490,0
1633910400,1.36144,1.36735,1.35839,1.35937,64760,0
1633996800,1.35925,1.36374,1.3568799999999999,1.35866,74361,0
1634083200,1.35856,1.3664399999999999,1.35752,1.3657599999999999,79341,0
1634169600,1.36564,1.37343,1.36502,1.36713,63142,0
1634256000,1.36695,1.3773,1.3667500000000001,1.3744,66921,0
1634515200,1.37439,1.37647,1.3709500000000001,1.37264,69613,0
1634601600,1.37259,1.3834,1.37202,1.3793,66229,0
1634688000,1.37896,1.38346,1.37424,1.38226,67139,0
1634774400,1.38215,1.3833199999999999,1.37762,1.37908,70979,0
1634860800,1.37889,1.38148,1.37358,1.3759299999999999,95483,0
1635120000,1.37366,1.37923,1.37366,1.37643,94582,0
1635206400,1.37642,1.3829500000000001,1.3756599999999999,1.37662,84815,0
1635292800,1.3761999999999999,1.37808,1.37094,1.37416,102619,0
1635379200,1.37391,1.38148,1.37218,1.37921,111555,0
1635465600,1.37919,1.38041,1.36683,1.3692,105326,0
1635724800,1.36807,1.36934,1.36419,1.3664399999999999,86460,0
1635811200,1.36638,1.36677,1.36051,1.36154,85631,0
1635897600,1.36125,1.36913,1.36072,1.3683,88068,0
1635984000,1.36833,1.36979,1.3471199999999999,1.34978,86362,0
1636070400,1.34945,1.35091,1.34242,1.3495300000000001,83922,0
1636329600,1.34812,1.35794,1.34501,1.35635,73915,0
1636416000,1.3563100000000001,1.36071,1.35242,1.3557000000000001,83371,0
1636502400,1.35565,1.35653,1.3400400000000001,1.3403399999999999,100547,0
1636588800,1.34003,1.3433,1.33583,1.33696,71584,0
1636675200,1.33659,1.34261,1.33527,1.34125,69021,0
1636934400,1.34046,1.3449499999999999,1.3403,1.34127,75652,0
1637020800,1.3409499999999999,1.3473,1.3405,1.34274,89286,0
1637107200,1.3427,1.34961,1.33956,1.34889,83660,0
1637193600,1.34884,1.3513600000000001,1.34635,1.34976,73746,0
1637280000,1.3495300000000001,1.35094,1.3407,1.34448,95937,0
1637539200,1.34384,1.3458,1.33841,1.3394300000000001,89864,0
1637625600,1.33942,1.34093,1.33423,1.33771,90035,0
1637712000,1.33755,1.33902,1.33154,1.33267,88530,0
1637798400,1.33257,1.33534,1.33052,1.33208,67738,0
1637884800,1.3319,1.33647,1.32781,1.3327499999999999,112907,0
1638144000,1.33281,1.33631,1.32873,1.33131,73042,0
1638230400,1.3311600000000001,1.33703,1.3194,1.32984,107882,0
1638316800,1.32973,1.33522,1.32615,1.32754,95317,0
1638403200,1.32737,1.33335,1.32681,1.3302,82574,0
1638489600,1.3296999999999999,1.33103,1.32089,1.3229899999999999,84164,0
1638748800,1.32116,1.3286,1.32114,1.32627,65538,0
1638835200,1.326,1.32892,1.32089,1.3242,64246,0
1638921600,1.32408,1.32609,1.31602,1.32031,79455,0
1639008000,1.32036,1.32222,1.3170899999999999,1.32189,65340,0
1639094400,1.32184,1.3275299999999999,1.31869,1.32629,59651,0
1639353600,1.32496,1.3268900000000001,1.32064,1.3215,64953,0
1639440000,1.32111,1.32565,1.31908,1.3229,57528,0
1639526400,1.32266,1.32828,1.3171599999999999,1.32618,77660,0
1639612800,1.32576,1.33745,1.3241399999999999,1.33221,86299,0
1639699200,1.33185,1.3339400000000001,1.3229899999999999,1.3235999999999999,74124,0
1639958400,1.32356,1.32447,1.31734,1.32067,60223,0
1640044800,1.32057,1.32704,1.31972,1.32638,47499,0
1640131200,1.32626,1.33632,1.324,1.33525,47877,0
1640217600,1.33524,1.34379,1.33405,1.34107,42390,0
1640304000,1.34106,1.34206,1.33901,1.33971,86943,0
1640563200,1.33796,1.34449,1.33796,1.34405,27958,0
1640649600,1.34387,1.3461699999999999,1.34151,1.3431,29340,0
1640736000,1.34295,1.34993,1.34083,1.34886,36276,0
1640822400,1.34854,1.35213,1.34544,1.35002,38471,0
1640908800,1.34975,1.35498,1.3465,1.35232,37625,0
1641168000,1.35256,1.35336,1.34308,1.34786,43098,0
1641254400,1.34763,1.35575,1.3459699999999999,1.35281,47410,0
1641340800,1.35254,1.35985,1.3519700000000001,1.3553899999999999,53442,0
1641427200,1.35521,1.35587,1.3490199999999999,1.35313,57135,0
1641513600,1.35309,1.35971,1.35251,1.35903,48614,0
1641772800,1.35664,1.36036,1.35321,1.35761,52787,0
1641859200,1.35746,1.36358,1.35609,1.3634,53876,0
1641945600,1.3633,1.37142,1.36206,1.37004,50043,0
1642032000,1.37003,1.37489,1.36984,1.37051,51844,0
1642118400,1.37046,1.37432,1.36533,1.3679299999999999,60036,0
1642377600,1.36646,1.36899,1.3637299999999999,1.36447,51587,0
1642464000,1.36437,1.36616,1.35725,1.3593899999999999,82325,0
1642550400,1.35934,1.3648799999999999,1.3587799999999999,1.36113,72429,0
1642636800,1.36103,1.36616,1.3587099999999999,1.35981,71159,0
1642723200,1.35981,1.36019,1.35457,1.35511,82492,0
1642982400,1.35446,1.35652,1.34399,1.3487,87791,0
1643068800,1.3486500000000001,1.35188,1.3436,1.3502399999999999,100174,0
1643155200,1.34991,1.35248,1.3444,1.34622,103684,0
1643241600,1.34623,1.34677,1.3357700000000001,1.33817,123264,0
1643328000,1.338,1.3433,1.3365,1.33941,114947,0
1643587200,1.33906,1.34607,1.3386,1.34457,93435,0
1643673600,1.34437,1.3528,1.3433899999999999,1.3522,94612,0
1643760000,1.35195,1.35868,1.35137,1.35763,85894,0
1643846400,1.35734,1.36281,1.35378,1.3596300000000001,111490,0
1643932800,1.3594300000000001,1.3615300000000001,1.3505,1.35275,98214,0
1644192000,1.35336,1.3550900000000001,1.34906,1.35354,79501,0
1644278400,1.35355,1.35638,1.35074,1.35435,70388,0
1644364800,1.35434,1.35892,1.35266,1.3532899999999999,65377,0
1644451200,1.35323,1.36435,1.35232,1.35572,107047,0
1644537600,1.35569,1.3609499999999999,1.35141,1.35601,125374,0
1644796800,1.35435,1.35718,1.34948,1.35302,113220,0
1644883200,1.35274,1.35666,1.3486500000000001,1.35369,93173,0
1644969600,1.35368,1.36009,1.3527,1.35837,88263,0
1645056000,1.35831,1.36378,1.35554,1.36155,114888,0
1645142400,1.36132,1.36428,1.35733,1.35923,90542,0
1645401600,1.35784,1.36386,1.35784,1.36005,82820,0
1645488000,1.35982,1.36044,1.35382,1.35853,105989,0
1645574400,1.35826,1.36204,1.3536000000000001,1.35428,92395,0
1645660800,1.35402,1.35488,1.32731,1.33764,182335,0
1645747200,1.33754,1.34387,1.33666,1.34096,118744,0
1646006400,1.33217,1.34317,1.33217,1.34179,133689,0
1646092800,1.3417,1.34375,1.3302100000000001,1.33239,110638,0
1646179200,1.33224,1.34064,1.32712,1.34046,125789,0
1646265600,1.34032,1.34178,1.33174,1.33468,107707,0
1646352000,1.3342,1.33534,1.32022,1.32331,126486,0
1646611200,1.32129,1.32516,1.31019,1.31033,163249,0
1646697600,1.3103500000000001,1.31444,1.30816,1.30997,166083,0
1646784000,1.30999,1.319,1.30878,1.31795,116667,0
1646870400,1.3179400000000001,1.31945,1.30808,1.30851,116139,0
1646956800,1.30835,1.3125,1.30274,1.30363,116078,0
1647216000,1.3033000000000001,1.30788,1.30003,1.30039,104820,0
1647302400,1.30024,1.30887,1.3000099999999999,1.3037,111174,0
1647388800,1.3035999999999999,1.31566,1.30352,1.31456,123973,0
1647475200,1.31425,1.3210899999999999,1.30878,1.31491,100041,0
1647561600,1.31484,1.31972,1.31104,1.31762,91194,0
1647820800,1.3169,1.32101,1.31269,1.31642,71170,0
1647907200,1.31631,1.3274,1.312,1.3260100000000001,107225,0
1647993600,1.32577,1.32986,1.31753,1.32023,88314,0
1648080000,1.3201800000000001,1.32141,1.3157,1.31825,107021,0
1648166400,1.31803,1.32249,1.31592,1.31837,106448,0
1648425600,1.3170600000000001,1.31839,1.30668,1.30896,113866,0
1648512000,1.3089,1.316,1.30512,1.3091599999999999,130728,0
1648598400,1.30871,1.3182800000000001,1.30823,1.31328,108888,0
1648684800,1.3131300000000001,1.31756,1.31055,1.31354,109298,0
1648771200,1.31325,1.31506,1.30863,1.31108,94819,0
1649030400,1.30829,1.31369,1.30829,1.31139,80440,0
1649116800,1.3112,1.31666,1.30668,1.30724,87316,0
1649203200,1.3072300000000001,1.3108,1.3045200000000001,1.3067199999999999,109959,0
1649289600,1.30682,1.3106499999999999,1.3051599999999999,1.30744,93127,0
1649376000,1.30745,1.30851,1.29821,1.3033000000000001,84731,0
1649635200,1.30231,1.30565,1.29892,1.30292,95624,0
1649721600,1.30277,1.30538,1.29938,1.29995,101778,0
1649808000,1.29992,1.31169,1.29729,1.31163,91258,0
1649894400,1.31151,1.31474,1.30332,1.30753,95840,0
1649980800,1.30716,1.30766,1.30461,1.30606,107575,1
1650240000,1.30445,1.3063500000000001,1.30049,1.30133,67584,0
1650326400,1.30071,1.30408,1.29806,1.29969,86573,0
1650412800,1.29941,1.30709,1.2987600000000001,1.30666,94025,0
1650499200,1.30668,1.30903,1.30225,1.30292,98250,0
1650585600,1.30277,1.30349,1.28231,1.28379,103290,0
1650844800,1.28332,1.2842799999999999,1.26975,1.27393,131254,0
1650931200,1.27372,1.27724,1.2570700000000001,1.25733,108405,0
1651017600,1.25715,1.2602,1.25027,1.25441,114775,0
1651104000,1.25396,1.25702,1.24113,1.24574,127454,0
1651190400,1.24559,1.26147,1.24381,1.25765,106735,0
1651449600,1.25774,1.25968,1.2473,1.24898,99848,0
1651536000,1.24896,1.25675,1.24703,1.24978,94693,0
1651622400,1.24979,1.2638,1.2451,1.26345,110968,0
1651708800,1.2626,1.26345,1.23251,1.23617,132758,0
1651795200,1.23616,1.23801,1.22757,1.23352,154425,0
1652054400,1.23475,1.24062,1.22607,1.23288,132787,0
1652140800,1.2328999999999999,1.2376,1.22913,1.23145,141136,0
1652227200,1.2312,1.24002,1.22374,1.22427,141912,0
1652313600,1.2246299999999999,1.22515,1.21648,1.21961,162435,0
1652400000,1.21963,1.22598,1.21553,1.22586,112425,0
1652659200,1.22372,1.23297,1.22172,1.23178,111594,0
1652745600,1.23177,1.24987,1.23121,1.24878,126599,0
1652832000,1.24878,1.25007,1.23298,1.23384,105327,0
1652918400,1.23384,1.2524899999999999,1.23268,1.24583,146298,0
1653004800,1.24594,1.2500200000000001,1.24371,1.2490700000000001,125251,0
1653264000,1.2465600000000001,1.26009,1.2462900000000001,1.25783,108339,0
1653350400,1.25784,1.2599,1.24712,1.2529,117552,0
1653436800,1.2528299999999999,1.25906,1.24811,1.25722,127675,0
1653523200,1.25721,1.2621,1.25515,1.26022,112352,0
1653609600,1.26022,1.26669,1.25702,1.26289,98824,0
1653868800,1.26081,1.26596,1.26081,1.26502,84370,0
1653955200,1.26472,1.26531,1.25603,1.2601200000000001,118149,0
1654041600,1.25976,1.26163,1.24586,1.2485,94720,0
1654128000,1.24835,1.25865,1.24688,1.25762,77914,0
1654214400,1.25724,1.25894,1.24848,1.24854,70552,0
1654473600,1.24869,1.25772,1.24755,1.25294,66404,0
1654560000,1.2530700000000001,1.25996,1.24301,1.25902,98676,0
1654646400,1.25877,1.25974,1.25132,1.25336,90364,0
1654732800,1.25311,1.25586,1.24872,1.24912,111551,0
1654819200,1.24879,1.2517800000000001,1.2301199999999999,1.23103,113100,0
1655078400,1.23144,1.2319499999999999,1.21063,1.21328,155815,0
1655164800,1.21282,1.22079,1.19335,1.1996,170315,0
1655251200,1.1995,1.22047,1.19873,1.2178499999999999,191045,0
1655337600,1.21783,1.24061,1.20411,1.23491,181346,0
1655424000,1.2347,1.23666,1.21723,1.22173,155349,0
1655683200,1.22096,1.22803,1.21985,1.22508,96794,0
1655769600,1.2248,1.23241,1.22344,1.22788,105937,0
1655856000,1.22776,1.23147,1.21612,1.22619,130128,0
1655942400,1.22582,1.22948,1.2169699999999999,1.2261199999999999,137208,0
1656028800,1.22595,1.23212,1.22401,1.22714,110987,0
1656288000,1.22494,1.23324,1.22379,1.22652,109196,0
1656374400,1.22643,1.2291400000000001,1.21808,1.21817,126044,0
1656460800,1.2181,1.22126,1.21058,1.21205,144771,0
1656547200,1.21197,1.21884,1.20919,1.21778,130724,0
1656633600,1.21725,1.21774,1.19758,1.20932,133604,0
1656892800,1.2097,1.21652,1.20839,1.2104,87625,0
1656979200,1.21064,1.21254,1.18986,1.19561,136436,0
1657065600,1.19541,1.19896,1.18757,1.19226,159522,0
1657152000,1.19192,1.20297,1.19082,1.20208,124463,0
1657238400,1.20194,1.20561,1.19192,1.20333,133389,0
1657497600,1.19989,1.20363,1.18665,1.18912,117130,0
1657584000,1.18906,1.1916,1.18075,1.18861,144224,0
1657670400,1.18832,1.19675,1.18272,1.18892,149482,0
1657756800,1.18863,1.18919,1.176,1.18239,165080,0
1657843200,1.1821,1.18747,1.18042,1.18632,133687,0
1658102400,1.18656,1.20334,1.18612,1.19513,117970,0
1658188800,1.19489,1.20456,1.1924299999999999,1.19929,127488,0
1658275200,1.19931,1.2037,1.19534,1.19743,135119,0
1658361600,1.19706,1.20041,1.18897,1.1993800000000001,158031,0
1658448000,1.19902,1.20638,1.1916,1.20048,157555,0
1658707200,1.1979899999999999,1.20869,1.196,1.20428,119332,0
1658793600,1.20398,1.209,1.19637,1.20284,117771,0
1658880000,1.20256,1.21863,1.20113,1.21558,138094,0
1658966400,1.21529,1.21917,1.21032,1.21781,136919,0
1659052800,1.21768,1.22457,1.20632,1.21822,137347,0
1659312000,1.21574,1.22935,1.21454,1.22483,115473,0
1659398400,1.22451,1.22786,1.21581,1.21652,142392,0
1659484800,1.216,1.22079,1.21001,1.21462,129752,0
1659571200,1.21412,1.22164,1.20647,1.21586,115757,0
1659657600,1.2155,1.2169,1.20034,1.2073,110316,0
1659916800,1.20659,1.2138,1.2046999999999999,1.20806,84978,0
1660003200,1.2077,1.21304,1.2063,1.20769,87522,0
1660089600,1.20736,1.22771,1.20644,1.22141,115710,0
1660176000,1.2211400000000001,1.22494,1.2182,1.2202600000000001,120224,0
1660262400,1.21964,1.22169,1.20999,1.21354,104037,0
1660521600,1.21089,1.21482,1.20497,1.20535,89307,0
1660608000,1.20522,1.21178,1.20078,1.2095799999999999,100299,0
1660694400,1.20937,1.21432,1.2028,1.2046999999999999,116687,0
1660780800,1.2044,1.20798,1.19224,1.19295,126874,0
1660867200,1.1927699999999999,1.19368,1.1792,1.18253,123270,0
1661126400,1.18104,1.18366,1.17421,1.17657,112677,0
1661212800,1.17637,1.1877900000000001,1.17174,1.18334,129823,0
1661299200,1.18289,1.18382,1.17559,1.17964,119026,0
1661385600,1.1793,1.18646,1.17832,1.18329,120177,0
1661472000,1.18316,1.19012,1.17331,1.1738,137007,0
1661731200,1.17294,1.17443,1.16485,1.1709,132758,0
1661817600,1.1709,1.17607,1.16215,1.16543,147119,0
1661904000,1.16462,1.16937,1.15991,1.16206,141996,0
1661990400,1.16207,1.16221,1.14989,1.15442,160447,0
1662076800,1.15418,1.15889,1.14957,1.15126,140678,0
1662336000,1.14797,1.15216,1.14435,1.15167,113177,0
1662422400,1.1515900000000001,1.16094,1.14938,1.15184,159396,0
1662508800,1.15141,1.15395,1.1405,1.15331,139989,0
1662595200,1.15316,1.15609,1.14605,1.15012,168540,0
1662681600,1.14972,1.16482,1.14881,1.15863,142023,0
1662940800,1.16355,1.17108,1.16005,1.16807,137030,0
1663027200,1.16807,1.17383,1.1491500000000001,1.14919,140890,0
1663113600,1.14943,1.1589800000000001,1.14799,1.15392,148680,0
1663200000,1.15392,1.15492,1.14616,1.14685,98087,0
1663286400,1.14685,1.1480299999999999,1.13507,1.1423,118491,0
1663545600,1.14054,1.14416,1.13555,1.14322,80023,0
1663632000,1.14288,1.14608,1.13574,1.13799,110493,0
1663718400,1.13763,1.13841,1.12358,1.12681,149020,0
1663804800,1.12648,1.13649,1.12117,1.12538,176684,0
1663891200,1.12576,1.12741,1.08388,1.08449,184280,0
1664150400,1.07948,1.09303,1.03528,1.06895,291253,0
1664236800,1.06771,1.0838,1.06512,1.0729,221064,0
1664323200,1.07283,1.0915300000000001,1.05395,1.0888,248082,0
1664409600,1.08859,1.11191,1.07622,1.11162,249544,0
1664496000,1.11099,1.12346,1.1025,1.11545,255490,0
1664755200,1.11595,1.13345,1.10859,1.13223,196329,0
1664841600,1.13186,1.14895,1.12802,1.14737,214489,0
1664928000,1.14733,1.1496,1.12271,1.13253,193182,0
1665014400,1.13225,1.13833,1.11131,1.11576,218667,0
1665100800,1.11557,1.1225,1.10552,1.10863,195032,0
1665360000,1.10798,1.11109,1.10196,1.1054,198599,0
1665446400,1.10525,1.11799,1.09519,1.09667,251276,0
1665532800,1.09627,1.11335,1.0923,1.10982,277888,0
1665619200,1.10983,1.13805,1.10575,1.13227,227691,0
1665705600,1.13105,1.1366100000000001,1.11521,1.11781,215687,0
1665964800,1.12108,1.144,1.12089,1.13581,261552,0
1666051200,1.13559,1.14102,1.12555,1.13217,295361,0
1666137600,1.1313,1.13584,1.11846,1.12166,268783,0
1666224000,1.1215600000000001,1.13367,1.11714,1.1235,319483,0
1666310400,1.12324,1.13143,1.1060699999999999,1.1293199999999999,296608,0
1666569600,1.1379299999999999,1.14083,1.12579,1.12767,275746,0
1666656000,1.1271200000000001,1.14994,1.12695,1.14693,230942,0
1666742400,1.14693,1.16389,1.14302,1.16267,251332,0
1666828800,1.16162,1.16451,1.1549,1.15629,191294,0
1666915200,1.15574,1.16233,1.15035,1.16141,186983,0
1667174400,1.15858,1.16134,1.14507,1.14663,198063,0
1667260800,1.14662,1.15663,1.1437,1.14881,218701,0
1667347200,1.14873,1.15645,1.13836,1.13896,241864,0
1667433600,1.13895,1.14218,1.11503,1.11597,232113,0
1667520000,1.11599,1.13817,1.11475,1.13734,252455,0
1667779200,1.13094,1.15414,1.12904,1.15133,233210,0
1667865600,1.151,1.15991,1.14297,1.15428,200241,0
1667952000,1.15362,1.1567,1.13334,1.13548,180422,0
1668038400,1.13517,1.17309,1.13335,1.17138,186326,0
1668124800,1.17035,1.18549,1.1647,1.18321,229093,0
1668384000,1.17963,1.18289,1.171,1.17572,270777,0
1668470400,1.17541,1.20296,1.17404,1.18651,283590,0
1668556800,1.18613,1.1942,1.1831,1.19133,285212,0
1668643200,1.19088,1.1958,1.17628,1.18609,263586,0
1668729600,1.18603,1.19508,1.18544,1.18844,246543,0
1668988800,1.18914,1.18992,1.17781,1.1823299999999999,211845,0
1669075200,1.18169,1.19024,1.18151,1.18831,220317,0
1669161600,1.18832,1.2080899999999999,1.18725,1.20532,222198,0
1669248000,1.20497,1.21535,1.20471,1.21163,213915,0
1669334400,1.21092,1.21275,1.20579,1.20913,169065,0
1669593600,1.2056499999999999,1.21181,1.19401,1.19554,264450,0
1669680000,1.19539,1.20644,1.19446,1.19517,221952,0
1669766400,1.19482,1.20866,1.19002,1.2055,183733,0
1669852800,1.2055500000000001,1.23109,1.20486,1.2255,194312,0
1669939200,1.22512,1.22999,1.21345,1.22905,170817,0
1670198400,1.22632,1.23441,1.21612,1.21906,147061,0
1670284800,1.21864,1.22693,1.21273,1.21318,141927,0
1670371200,1.21296,1.22344,1.21067,1.22034,122042,0
1670457600,1.22015,1.2247,1.21548,1.22363,81570,1
1670544000,1.22324,1.23225,1.22042,1.22606,103442,1
1670803200,1.22519,1.22989,1.22073,1.22656,88158,1
1670889600,1.22664,1.24438,1.2248,1.23644,136217,0
1670976000,1.23625,1.24464,1.23416,1.24256,129629,1
1671062400,1.24166,1.24313,1.21561,1.21759,124364,0
1671148800,1.21757,1.22227,1.21196,1.2153100000000001,108894,0
1671408000,1.21376,1.22421,1.21203,1.21458,113002,1
1671494400,1.2147999999999999,1.22232,1.20852,1.21825,144185,1
1671580800,1.21794,1.21923,1.20551,1.20828,98343,1
1671667200,1.20786,1.21473,1.19924,1.20378,96800,1
1671753600,1.20365,1.20902,1.20018,1.20478,95509,1
1672012800,1.2054,1.20784,1.20468,1.20615,4543,14
1672099200,1.20615,1.21123,1.20023,1.20319,72779,1
1672185600,1.20264,1.21259,1.20022,1.20175,75450,1
1672272000,1.20152,1.20785,1.20101,1.20553,75005,0
1672358400,1.20528,1.21076,1.20096,1.20907,100247,1
1672617600,1.20782,1.20783,1.2035,1.20458,15633,0
1672704000,1.20432,1.20848,1.19003,1.19655,109037,1
1672790400,1.19616,1.20876,1.1957200000000001,1.20532,113740,1
1672876800,1.20523,1.20778,1.18732,1.19128,113705,1
1672963200,1.19098,1.20991,1.18414,1.20945,126757,1
1673222400,1.2077,1.221,1.2076,1.21836,116394,2
1673308800,1.21842,1.21982,1.21099,1.21495,105238,1
1673395200,1.21466,1.21781,1.21003,1.21483,91668,1
1673481600,1.21436,1.22466,1.20882,1.22079,134420,1
1673568000,1.22069,1.22484,1.21507,1.22351,113371,0
1673827200,1.221,1.2288999999999999,1.21716,1.21917,82008,0
1673913600,1.21901,1.23,1.21693,1.22875,125530,1
1674000000,1.22862,1.24359,1.22538,1.23467,142615,1
1674086400,1.23467,1.23973,1.2313,1.23882,113543,1
1674172800,1.2388,1.24041,1.23353,1.23993,92829,1
1674432000,1.23978,1.24477,1.23234,1.23758,93841,1
1674518400,1.23742,1.24138,1.2263,1.23343,92466,1
1674604800,1.23282,1.24039,1.2283,1.2399499999999999,83984,1
1674691200,1.23974,1.24302,1.23445,1.24078,81878,1
1674777600,1.24082,1.24184,1.23453,1.23976,71658,0
1675036800,1.23897,1.24173,1.2337,1.23495,75822,0
1675123200,1.23456,1.2370700000000001,1.22842,1.23191,81118,0
1675209600,1.23151,1.23947,1.22724,1.23733,96223,0
1675296000,1.23718,1.2401,1.22214,1.22237,117394,1
1675382400,1.2223600000000001,1.22654,1.20471,1.20506,148293,1
1675641600,1.20297,1.20774,1.20056,1.20171,149189,1
1675728000,1.20197,1.20954,1.19611,1.20469,170586,2
1675814400,1.2043300000000001,1.21096,1.203,1.20698,144061,2
1675900800,1.20662,1.21937,1.20566,1.212,157515,2
1675987200,1.2117499999999999,1.21393,1.2046999999999999,1.20578,162369,1
1676246400,1.2063,1.2152,1.20308,1.21381,134746,2
1676332800,1.21342,1.22703,1.21171,1.21729,193813,0
1676419200,1.21669,1.21814,1.19894,1.2032,168308,1
1676505600,1.20237,1.20742,1.19652,1.19907,179158,1
1676592000,1.19878,1.20493,1.19149,1.20401,156669,1
1676851200,1.20227,1.20569,1.20144,1.20383,100002,0
1676937600,1.20369,1.21476,1.1985999999999999,1.21112,134269,1
1677024000,1.21115,1.21353,1.20344,1.20456,125010,1
1677110400,1.20437,1.20749,1.1992099999999999,1.20135,116850,1
1677196800,1.20105,1.20421,1.19283,1.19392,133940,1
1677456000,1.195,1.20658,1.19226,1.20619,104006,1
1677542400,1.20615,1.21431,1.20209,1.20214,120400,1
1677628800,1.20215,1.2089,1.1965,1.20257,142064,1
1677715200,1.20256,1.20362,1.19249,1.19478,125256,1
1677801600,1.19472,1.20484,1.19319,1.20435,112211,1
1678060800,1.20207,1.20489,1.19927,1.20262,83615,2
1678147200,1.20245,1.2065299999999999,1.18212,1.18266,121180,0
1678233600,1.18249,1.18591,1.1803,1.18429,83361,0
1678320000,1.18428,1.19388,1.18238,1.19217,85135,0
1678406400,1.19213,1.21136,1.19075,1.2031100000000001,170240,1
1678665600,1.20868,1.21997,1.20465,1.2181899999999999,272578,2
1678752000,1.2186,1.22041,1.21355,1.21518,221584,1
1678838400,1.21518,1.21815,1.20103,1.20412,236607,1
1678924800,1.20411,1.21277,1.20271,1.21062,209765,1
1679011200,1.21062,1.22006,1.21018,1.21761,156660,0
1679270400,1.22033,1.22849,1.2167,1.22729,145537,0
1679356800,1.22729,1.22824,1.21786,1.22178,112887,0
1679443200,1.22143,1.23353,1.22083,1.22643,135950,0
1679529600,1.22643,1.23435,1.2261199999999999,1.22881,139468,1
1679616000,1.22884,1.2292,1.21902,1.2230699999999999,152748,1
1679875200,1.22265,1.22932,1.22191,1.22878,127816,2
1679961600,1.22865,1.23492,1.22751,1.23385,122801,0
1680048000,1.23388,1.23616,1.23025,1.23166,130873,0
1680134400,1.23136,1.23929,1.22935,1.23872,108099,0
1680220800,1.23866,1.24227,1.23243,1.23308,112389,0
1680480000,1.23247,1.24233,1.22745,1.24172,122479,0
1680566400,1.24165,1.25253,1.2395,1.2501,117927,0
1680652800,1.24981,1.25144,1.24326,1.2459500000000001,116571,1
1680739200,1.24594,1.24868,1.24126,1.24379,96869,0
1680825600,1.24369,1.24559,1.2389000000000001,1.24164,79004,0
1681084800,1.2413,1.24424,1.23443,1.23824,88477,0
1681171200,1.23809,1.24564,1.23769,1.24257,115791,0
1681257600,1.24237,1.24952,1.23982,1.24844,81923,0
1681344000,1.24824,1.25375,1.24759,1.25237,94491,0
1681430400,1.25213,1.25461,1.23991,1.24137,117485,1
1681689600,1.2402199999999999,1.24383,1.23532,1.23769,109162,0
1681776000,1.23757,1.24499,1.23602,1.24254,97430,1
1681862400,1.24231,1.24742,1.23922,1.24375,101319,0
1681948800,1.24384,1.24677,1.2404600000000001,1.24432,100409,1
1682035200,1.24414,1.24481,1.23668,1.24436,97904,1
1682294400,1.24384,1.24855,1.24106,1.24836,93088,2
1682380800,1.24847,1.25068,1.23866,1.24109,104118,1
1682467200,1.24082,1.2515399999999999,1.24011,1.24697,118812,1
1682553600,1.24667,1.25,1.2436,1.24987,118930,0
1682640000,1.24963,1.25838,1.24464,1.25675,136287,1
1682899200,1.2555,1.25699,1.24804,1.2493400000000001,92638,1
1682985600,1.24937,1.2511999999999999,1.24357,1.24679,119853,1
1683072000,1.24663,1.25899,1.24599,1.25634,114360,1
1683158400,1.2563,1.25986,1.25385,1.25723,134439,1
1683244800,1.25711,1.26526,1.256,1.2631000000000001,94094,1
1683504000,1.2629000000000001,1.26687,1.26129,1.2619,75982,0
1683590400,1.2616800000000001,1.26397,1.2578,1.26212,100165,2
1683676800,1.26197,1.26798,1.26025,1.2625199999999999,91216,0
1683763200,1.26237,1.2640500000000001,1.24965,1.25129,107266,0
1683849600,1.25105,1.25409,1.2444600000000001,1.24481,91259,1
1684108800,1.2446,1.25345,1.24432,1.25268,76632,1
1684195200,1.25266,1.25465,1.24653,1.24833,86989,0
1684281600,1.24831,1.25103,1.24216,1.24857,89580,2
1684368000,1.24846,1.24928,1.23916,1.24077,90905,1
1684454400,1.24073,1.24843,1.23917,1.24461,97946,1
1684713600,1.2438,1.2472,1.24138,1.24374,93543,0
1684800000,1.24353,1.24463,1.23728,1.24156,104439,0
1684886400,1.24132,1.24695,1.23576,1.23659,114205,0
1684972800,1.23633,1.2387,1.23079,1.23207,100139,1
1685059200,1.23203,1.23953,1.2310699999999999,1.23503,109549,0
1685318400,1.23325,1.23719,1.2332,1.23554,57187,0
1685404800,1.23516,1.24465,1.23271,1.2412,106159,2
1685491200,1.24108,1.24433,1.23479,1.24427,118956,1
1685577600,1.2438,1.25396,1.24007,1.25258,114068,1
1685664000,1.2524600000000001,1.25445,1.24413,1.245,106951,1
1685923200,1.2442199999999999,1.24535,1.23682,1.24341,104443,1
1686009600,1.2432,1.24587,1.23915,1.24223,97322,0
1686096000,1.24223,1.25001,1.2395,1.24381,102659,0
1686182400,1.2436,1.25607,1.24243,1.25579,104057,0
1686268800,1.2559,1.25903,1.2534,1.2579500000000001,92564,0
1686528000,1.2557,1.25994,1.24868,1.25133,90041,2
1686614400,1.25103,1.26248,1.24931,1.26108,114364,1
1686700800,1.2610000000000001,1.2699,1.25905,1.26606,113716,1
1686787200,1.2659799999999999,1.27855,1.26294,1.27834,102753,1
1686873600,1.27834,1.28482,1.27681,1.28202,108826,1
1687132800,1.28175,1.2836699999999999,1.27705,1.2787,79980,0
1687219200,1.27911,1.28064,1.27135,1.27636,125768,0
1687305600,1.2763900000000001,1.28027,1.26911,1.27675,136256,0
1687392000,1.27683,1.28448,1.27256,1.27463,130000,1
1687478400,1.27407,1.27488,1.26847,1.27143,125923,1
1687737600,1.27074,1.2748599999999999,1.26878,1.27108,128194,0
1687824000,1.27073,1.27594,1.27033,1.2748300000000001,156915,1
1687910400,1.27485,1.27518,1.26064,1.26345,147629,0
1687996800,1.26348,1.26669,1.2591,1.26119,139744,0
1688083200,1.26129,1.27276,1.25993,1.2692999999999999,121128,0
1688342400,1.26849,1.2723200000000001,1.26583,1.26907,85384,0
1688428800,1.26911,1.2739099999999999,1.26748,1.27091,50935,0
1688515200,1.2709,1.27353,1.2688,1.27036,76119,0
1688601600,1.26906,1.27808,1.26734,1.2739500000000001,125803,1
1688688000,1.27312,1.28494,1.27257,1.28383,104366,0
1688947200,1.28256,1.28682,1.27501,1.28607,88047,0
1689033600,1.28563,1.29349,1.28507,1.293,98794,1
1689120000,1.29321,1.30007,1.2904,1.29868,120108,0
1689206400,1.29856,1.31409,1.29746,1.31348,111697,1
1689292800,1.31291,1.31422,1.30934,1.30979,111755,0
1689552000,1.30824,1.31089,1.3050899999999999,1.30725,85198,0
1689638400,1.30725,1.31256,1.3028,1.30343,112799,1
1689724800,1.3034,1.30414,1.28674,1.29391,130515,1
1689811200,1.29387,1.29642,1.2839800000000001,1.28665,98110,0
1689897600,1.28663,1.2904,1.28158,1.28517,81710,1
1690156800,1.2849,1.28838,1.27978,1.28247,108562,0
1690243200,1.28208,1.29046,1.28075,1.29019,90867,0
1690329600,1.29014,1.296,1.28751,1.29405,105156,1
1690416000,1.2941,1.29958,1.27817,1.27955,136898,0
1690502400,1.27938,1.28882,1.27629,1.28457,139957,1
1690761600,1.28328,1.28723,1.2828300000000001,1.28343,69792,1
1690848000,1.28343,1.28407,1.27412,1.2774,88634,1
1690934400,1.27746,1.28049,1.26801,1.2709,101035,1
1691020800,1.27106,1.27277,1.262,1.2707899999999999,125797,1
1691107200,1.27125,1.27921,1.26826,1.27443,102455,1
1691366400,1.2753,1.27889,1.27129,1.27827,71889,1
1691452800,1.27829,1.27851,1.2684,1.27472,87589,1
1691539200,1.27446,1.2782,1.27119,1.2718099999999999,77441,1
1691625600,1.27167,1.2818800000000001,1.26693,1.26756,114396,1
1691712000,1.26737,1.27385,1.26618,1.26918,84558,1
1691971200,1.2697,1.27148,1.2616399999999999,1.26811,91411,0
1692057600,1.26783,1.27523,1.26667,1.27033,114707,1
1692144000,1.27033,1.2766199999999999,1.26847,1.27305,97851,0
1692230400,1.27304,1.27873,1.27023,1.27459,103909,0
1692316800,1.27454,1.27657,1.26888,1.27309,99448,0
1692576000,1.2732999999999999,1.2766600000000001,1.27101,1.27554,91460,0
1692662400,1.27471,1.28003,1.27183,1.27313,85744,0
1692748800,1.2732,1.27646,1.26145,1.2725,114852,0
1692835200,1.27158,1.27284,1.25906,1.2600500000000001,88806,0
1692921600,1.25961,1.26551,1.25477,1.2576800000000001,116650,0
1693180800,1.25693,1.2610700000000001,1.25653,1.2601,68001,0
1693267200,1.26004,1.26546,1.25626,1.26433,101979,0
1693353600,1.26433,1.27463,1.26187,1.2720099999999999,96330,0
1693440000,1.2717,1.27342,1.26525,1.26734,92427,0
1693526400,1.26728,1.27129,1.2577099999999999,1.25845,118877,0
1693785600,1.259,1.26425,1.25823,1.26235,43969,0
1693872000,1.26208,1.26315,1.25279,1.25635,102141,0
1693958400,1.25623,1.25876,1.24817,1.25062,96657,0
1694044800,1.2505600000000001,1.25081,1.24454,1.24709,85560,0
1694131200,1.24725,1.25142,1.24509,1.24642,78840,0
1694390400,1.24628,1.25481,1.24608,1.25095,82743,0
1694476800,1.25088,1.25301,1.24594,1.2484899999999999,66806,0
1694563200,1.24886,1.25116,1.24343,1.24897,103447,0
1694649600,1.24827,1.25061,1.23962,1.24077,107090,0
1694736000,1.24069,1.2445599999999999,1.23785,1.23809,71255,0
1694995200,1.23762,1.24105,1.23701,1.23813,55461,0
1695081600,1.23832,1.2425,1.23672,1.23908,59887,0
1695168000,1.23842,1.24212,1.2331699999999999,1.23428,86237,0
1695254400,1.23423,1.23472,1.22342,1.22935,95006,0
1695340800,1.2294,1.22967,1.22305,1.22339,66825,0
1695600000,1.22399,1.22527,1.21937,1.22106,51793,0
1695686400,1.22111,1.22155,1.21516,1.21577,52279,0
1695772800,1.21593,1.21642,1.21103,1.21346,64165,0
1695859200,1.21349,1.2224599999999999,1.21201,1.22027,62731,0
1695945600,1.21893,1.22718,1.21803,1.22011,67689,0
1696204800,1.21791,1.22199,1.20855,1.20864,56662,0
1696291200,1.2086999999999999,1.2101899999999999,1.20523,1.2076500000000001,74294,0
1696377600,1.20681,1.21769,1.20373,1.21333,67918,0
1696464000,1.21329,1.21957,1.21076,1.21917,96229,0
1696550400,1.21908,1.2261199999999999,1.21057,1.22346,120593,0
1696809600,1.22001,1.2244,1.2163,1.22375,97308,0
1696896000,1.2236799999999999,1.22915,1.22118,1.22852,108143,0
1696982400,1.22775,1.2337500000000001,1.22607,1.2312,136459,0
1697068800,1.23129,1.23314,1.2171,1.21742,153145,0
1697155200,1.21705,1.22253,1.21224,1.21399,131927,1
1697414400,1.2138,1.22191,1.21279,1.22166,131408,1
1697500800,1.22043,1.22161,1.21327,1.21822,131140,1
1697587200,1.21824,1.2211,1.21368,1.21406,137173,1
1697673600,1.21398,1.21915,1.20899,1.21428,167145,1
1697760000,1.21424,1.217,1.2093,1.2163,127096,0
1698019200,1.2154,1.22583,1.21432,1.22481,117617,1
1698105600,1.22458,1.22884,1.2153100000000001,1.21589,123954,1
1698192000,1.21546,1.2175799999999999,1.21068,1.21112,124133,1
1698278400,1.21112,1.21394,1.20694,1.21277,121273,1
1698364800,1.2128,1.21625,1.21054,1.21166,120945,1
1698624000,1.21225,1.21744,1.20899,1.21622,97578,0
1698710400,1.21621,1.22004,1.21195,1.21469,129159,0
1698796800,1.21468,1.21643,1.20955,1.21478,154171,1
1698883200,1.21469,1.22254,1.21466,1.22,122037,1
1698969600,1.22014,1.23895,1.2184,1.23788,158566,0
1699228800,1.23661,1.24282,1.2337500000000001,1.23433,85734,0
1699315200,1.2344,1.2348,1.22623,1.2298499999999999,66081,0
1699401600,1.22994,1.23025,1.22417,1.22835,69003,0
1699488000,1.22836,1.23085,1.22122,1.22214,84259,0
1699574400,1.22196,1.22379,1.21868,1.22258,103351,0
1699833600,1.22039,1.22798,1.21979,1.2276799999999999,101297,1
1699920000,1.22616,1.25054,1.22473,1.24985,149882,1
1700006400,1.24988,1.25012,1.24035,1.2414399999999999,141580,0
1700092800,1.2415,1.24557,1.23762,1.24128,88259,0
1700179200,1.24114,1.24642,1.23739,1.246,79790,0
1700438400,1.24455,1.25175,1.24431,1.25039,70509,1
1700524800,1.2497,1.25592,1.2494,1.25373,80836,0
1700611200,1.25292,1.2549000000000001,1.24488,1.24928,78899,0
1700697600,1.24899,1.25743,1.24829,1.2533,29220,0
1700784000,1.25282,1.26153,1.25223,1.25956,32110,0
1701043200,1.2597800000000001,1.2644,1.25905,1.26264,38323,1
1701129600,1.2627,1.27148,1.26068,1.26931,46706,0
1701216000,1.26898,1.27326,1.26647,1.26926,48325,0
1701302400,1.26909,1.27106,1.2603,1.26224,53319,0
1701388800,1.2621,1.27159,1.26119,1.27096,49403,0
1701648000,1.26897,1.27243,1.26038,1.2631999999999999,51632,0
1701734400,1.26321,1.26515,1.25772,1.25928,50571,0
1701820800,1.25918,1.26136,1.25515,1.2558,41424,0
1701907200,1.25592,1.26117,1.25445,1.25918,48507,0
1701993600,1.25889,1.2601200000000001,1.2502499999999999,1.25461,53087,0
1702252800,1.25436,1.25909,1.25235,1.25546,36925,0
1702339200,1.2554,1.2616100000000001,1.25142,1.25622,42498,0
1702425600,1.25621,1.26345,1.25001,1.26176,47165,0
1702512000,1.26175,1.2793999999999999,1.26101,1.27644,67715,0
1702598400,1.27649,1.27905,1.26684,1.26773,173521,0
1702857600,1.2675,1.2704,1.26284,1.26472,178372,0
1702944000,1.2643499999999999,1.2762,1.26197,1.27297,206942,0
1703030400,1.27245,1.27329,1.26241,1.26376,209416,1
1703116800,1.26302,1.2695699999999999,1.26123,1.26882,217705,1
1703203200,1.26845,1.27444,1.2667,1.26955,207167,1
1703462400,1.26882,1.27055,1.26813,1.2702,96,213
1703548800,1.26811,1.27304,1.2680799999999999,1.27234,103317,1
1703635200,1.27131,1.28029,1.26985,1.27977,149676,0
1703721600,1.27915,1.28278,1.27124,1.27315,168765,1
1703808000,1.2729300000000001,1.2772700000000001,1.27004,1.27301,205015,1
1704153600,1.2721,1.2760099999999999,1.2610700000000001,1.2616,219509,1
1704240000,1.26149,1.26767,1.26096,1.26642,237702,0
1704326400,1.26639,1.2730000000000001,1.26517,1.26814,205876,0
1704412800,1.26758,1.27711,1.26112,1.27176,256974,0
1704672000,1.27101,1.2767,1.26734,1.27474,164464,0
1704758400,1.27467,1.27649,1.26892,1.27065,174930,1
1704844800,1.2705899999999999,1.27441,1.2686,1.27413,160802,1
1704931200,1.2741500000000001,1.2783,1.2690000000000001,1.2753,284996,1
1705017600,1.2743,1.27858,1.27193,1.27516,226931,1
1705276800,1.2732700000000001,1.27653,1.27128,1.27268,133971,0
1705363200,1.27264,1.27286,1.26192,1.26358,266246,0
1705449600,1.2635,1.26965,1.25964,1.26759,246408,0
1705536000,1.26755,1.27077,1.2648,1.27051,248350,1
1705622400,1.2705600000000001,1.2714699999999999,1.26611,1.27032,212963,0
1705881600,1.26807,1.2732999999999999,1.26776,1.27082,191697,1
1705968000,1.2703,1.27475,1.26488,1.26858,208446,1
1706054400,1.26862,1.2775,1.2663,1.27246,249671,1
1706140800,1.27233,1.27428,1.2681499999999999,1.27073,239940,1
1706227200,1.2707,1.27585,1.26754,1.2699,185040,1
1706486400,1.26851,1.2719,1.26619,1.27074,167941,1
1706572800,1.27065,1.27211,1.264,1.26982,183679,1
1706659200,1.26981,1.27509,1.26579,1.2686899999999999,303924,0
1706745600,1.26789,1.27556,1.2625,1.27429,248869,0
1706832000,1.27408,1.27726,1.26138,1.26302,210364,0
1707091200,1.2647599999999999,1.2647599999999999,1.2518099999999999,1.2536,208454,1
1707177600,1.25322,1.2603,1.2524899999999999,1.25959,139798,1
1707264000,1.25934,1.26418,1.25839,1.26247,104478,1
1707350400,1.26246,1.26385,1.25717,1.2617,106993,1
1707436800,1.26157,1.26428,1.25989,1.2627,90792,1
1707696000,1.26169,1.26547,1.26059,1.26287,83104,0
1707782400,1.26288,1.26881,1.2572999999999999,1.25916,108873,1
1707868800,1.25896,1.26111,1.25354,1.2562,106972,2
1707955200,1.25647,1.2601,1.2540499999999999,1.25994,95832,2
1708041600,1.25961,1.26245,1.25505,1.25996,100132,2
1708300800,1.2599,1.26298,1.2583199999999999,1.25936,67838,2
1708387200,1.25935,1.2668599999999999,1.25789,1.26215,105208,2
1708473600,1.26218,1.26419,1.26025,1.26361,100621,0
1708560000,1.26348,1.27096,1.26114,1.26602,106504,2
1708646400,1.266,1.27014,1.26478,1.26705,92205,2
1708905600,1.2674,1.26996,1.26562,1.26828,82285,2
1708992000,1.26829,1.26969,1.26601,1.2681,111520,1
1709078400,1.26841,1.26867,1.26214,1.26582,97433,2
1709164800,1.26608,1.26819,1.26123,1.26207,114428,2
1709251200,1.26238,1.26639,1.25994,1.26509,111737,2
1709510400,1.26436,1.27066,1.26436,1.26889,83323,2
1709596800,1.26907,1.27348,1.26712,1.27043,86728,1
1709683200,1.2704,1.27615,1.2689599999999999,1.27294,105077,2
1709769600,1.27302,1.28109,1.27227,1.2806899999999999,97029,2
1709856000,1.28074,1.28939,1.27997,1.28562,103251,2
1710115200,1.2852299999999999,1.2862,1.27949,1.2812299999999999,94592,2
1710201600,1.2812299999999999,1.28235,1.2746,1.27888,65765,0
1710288000,1.27888,1.28111,1.27746,1.27955,38306,0
1710374400,1.27955,1.28228,1.27306,1.27523,43558,0
1710460800,1.27523,1.27585,1.27253,1.27318,35708,0
1710720000,1.27288,1.27467,1.27179,1.27244,31740,0
1710806400,1.27229,1.27328,1.26676,1.27185,42703,0
1710892800,1.27185,1.27866,1.26844,1.27834,43854,0
1710979200,1.27816,1.28033,1.2650299999999999,1.26547,48803,0
1711065600,1.26543,1.26748,1.25753,1.25986,38072,0
1711324800,1.25952,1.26521,1.25878,1.26356,30383,0
1711411200,1.26338,1.26679,1.26218,1.26282,31901,0
1711497600,1.26258,1.2640799999999999,1.26055,1.26338,33485,0
1711584000,1.26338,1.26544,1.25857,1.2619099999999999,36600,0
1711670400,1.2619099999999999,1.26446,1.26092,1.26167,7418,0
1711929600,1.25715,1.26419,1.25394,1.25506,29420,0
1712016000,1.25509,1.25782,1.25393,1.2576800000000001,35950,0
1712102400,1.2576800000000001,1.26555,1.25626,1.26519,38420,0
1712188800,1.26494,1.2683499999999999,1.26349,1.2641499999999999,34374,0
1712275200,1.26411,1.26481,1.25746,1.2637,43733,0
1712534400,1.2625,1.26637,1.26133,1.26542,40811,0
1712620800,1.26541,1.27093,1.26335,1.2677100000000001,37368,0
1712707200,1.2675100000000001,1.2707899999999999,1.25202,1.25394,51191,0
1712793600,1.25367,1.25784,1.25108,1.25499,52246,0
1712880000,1.25518,1.25584,1.2426599999999999,1.24481,52297,0
1713139200,1.2445,1.24985,1.24309,1.24452,59675,0
1713225600,1.24447,1.24718,1.24054,1.2426,60611,0
1713312000,1.24244,1.24819,1.2416800000000001,1.2453400000000001,55670,0
1713398400,1.2451,1.24843,1.2433,1.2436,55623,0
1713484800,1.24319,1.2468,1.23665,1.23684,78406,0
1713744000,1.2366,1.23919,1.22996,1.23493,34825,0
1713830400,1.2349700000000001,1.24584,1.23316,1.2448,37562,0
1713916800,1.24434,1.24698,1.24226,1.24627,29991,0
1714003200,1.2463,1.25275,1.24393,1.25126,38382,0
1714089600,1.25113,1.25409,1.24491,1.24927,38246,0
1714348800,1.248,1.25694,1.24618,1.25622,40311,0
1714435200,1.25623,1.25637,1.24895,1.24911,37591,0
1714521600,1.2487,1.25498,1.24661,1.25252,37537,0
1714608000,1.2524,1.25443,1.24719,1.2533400000000001,45346,0
1714694400,1.2528299999999999,1.26338,1.25075,1.25452,43068,0
1714953600,1.2544,1.25943,1.2530700000000001,1.25613,27473,0
1715040000,1.25641,1.25702,1.25004,1.25079,33150,0
1715126400,1.25064,1.25104,1.24676,1.24973,30994,0
1715212800,1.24969,1.25265,1.24458,1.25231,33308,0
1715299200,1.25228,1.2541,1.2502499999999999,1.25234,33291,0
1715558400,1.2514,1.25687,1.25098,1.25587,29442,0
1715644800,1.25552,1.25928,1.25091,1.25909,33320,0
1715731200,1.2588599999999999,1.26861,1.2573699999999999,1.26848,34817,0
1715817600,1.26844,1.27004,1.2643499999999999,1.2668599999999999,33727,0
1715904000,1.26688,1.27115,1.2645,1.27001,28396,0
1716163200,1.2686,1.27251,1.26847,1.27055,29431,0
1716249600,1.27031,1.27268,1.26864,1.27082,30990,0
1716336000,1.2707,1.27613,1.27002,1.2716,37631,0
1716422400,1.27159,1.27466,1.26852,1.26973,42225,0
1716508800,1.26968,1.27508,1.26716,1.2736399999999999,35708,0
1716768000,1.2734,1.27776,1.2726899999999999,1.27679,18160,0
1716854400,1.27683,1.28006,1.2753999999999999,1.27607,33604,0
1716940800,1.27609,1.27715,1.26985,1.27003,38855,0
1717027200,1.26985,1.27471,1.26811,1.27316,37689,0
1717113600,1.27291,1.2766,1.27002,1.27407,42295,0
1717372800,1.27335,1.2808,1.26946,1.2807,40447,0
1717459200,1.28068,1.28172,1.2743,1.27699,42309,0
1717545600,1.27711,1.27949,1.2741500000000001,1.27857,36507,0
1717632000,1.27851,1.2808899999999999,1.27627,1.27894,34299,0
1717718400,1.27836,1.28115,1.27149,1.27149,40595,0
1717977600,1.27267,1.27369,1.26882,1.27301,34978,0
1718064000,1.27302,1.27511,1.27048,1.27397,36815,0
1718150400,1.27379,1.28605,1.2726600000000001,1.27976,43457,0
1718236800,1.27976,1.28076,1.27386,1.27617,40397,0
1718323200,1.27596,1.2763200000000001,1.2656800000000001,1.26852,44303,0
1718582400,1.26823,1.27093,1.2658800000000001,1.27043,36878,0
1718668800,1.27011,1.2721,1.26688,1.27082,38917,0
1718755200,1.27074,1.27399,1.26885,1.27166,25892,0
1718841600,1.27169,1.27225,1.26547,1.26565,35309,0
1718928000,1.26565,1.26731,1.26224,1.2640500000000001,35361,0
1719187200,1.2641,1.26978,1.26295,1.26828,33192,0
1719273600,1.26829,1.2702499999999999,1.2666,1.26844,31138,0
1719360000,1.26856,1.2693699999999999,1.26155,1.26214,36636,0
1719446400,1.26175,1.26704,1.26125,1.26388,36048,0
1719532800,1.26365,1.26626,1.26196,1.2644199999999999,41019,0
1719792000,1.2651,1.27092,1.26332,1.26495,38683,0
1719878400,1.26464,1.26526,1.26154,1.26324,11713,0
1719964800,1.26841,1.2777,1.26663,1.2741,29831,0
1720051200,1.27455,1.27674,1.27299,1.27575,21282,0
1720137600,1.27585,1.2817,1.27522,1.28135,34330,0
1720396800,1.2796,1.28455,1.27839,1.2805900000000001,30884,0
1720483200,1.28042,1.28253,1.27779,1.27854,30964,0
1720569600,1.27833,1.28488,1.2778800000000001,1.28477,28542,0
1720656000,1.28476,1.29487,1.28454,1.2913700000000001,37694,0
1720742400,1.2913000000000001,1.29905,1.29021,1.29875,38505,0
1721001600,1.29636,1.29946,1.29615,1.29666,36238,0
1721088000,1.2967,1.29798,1.29383,1.29724,34429,0
1721174400,1.29727,1.3044,1.29603,1.30085,40207,0
1721260800,1.30081,1.30126,1.29404,1.29429,41129,0
1721347200,1.29417,1.2951,1.2901099999999999,1.29112,36620,0
1721606400,1.2919,1.2942,1.29047,1.2932000000000001,34784,0
1721692800,1.2931300000000001,1.29349,1.2888,1.29067,33167,0
1721779200,1.29062,1.29373,1.28777,1.29061,35599,0
1721865600,1.29053,1.2913700000000001,1.28491,1.28505,45960,0
1721952000,1.2848600000000001,1.28779,1.2847,1.28638,32943,0
1722211200,1.2859,1.28881,1.28068,1.2861099999999999,32618,0
1722297600,1.28582,1.2866,1.282,1.28345,33281,0
1722384000,1.28338,1.28641,1.28203,1.2854999999999999,48893,0
1722470400,1.28545,1.28627,1.27267,1.27366,46883,0
1722556800,1.2739099999999999,1.28399,1.27072,1.28036,52430,0
1722816000,1.28006,1.28166,1.27104,1.27732,78718,0
1722902400,1.27737,1.28031,1.26728,1.26906,65914,0
1722988800,1.26906,1.27355,1.26628,1.26897,55260,0
1723075200,1.26852,1.27523,1.26648,1.2747899999999999,47906,0
1723161600,1.27455,1.27734,1.2726,1.27569,39362,0
1723420800,1.2765,1.27935,1.27468,1.27649,32803,2
1723507200,1.27648,1.28726,1.2758,1.28606,36636,2
1723593600,1.28619,1.28682,1.28147,1.28292,37339,2
1723680000,1.2828300000000001,1.28711,1.27987,1.28525,33411,2
1723766400,1.28537,1.29457,1.28423,1.29425,29727,3
1724025600,1.29405,1.29968,1.29204,1.29883,32367,2
1724112000,1.2983500000000001,1.30522,1.2974,1.30322,33695,2
1724198400,1.30323,1.3119,1.30107,1.30873,37900,1
1724284800,1.30896,1.31305,1.30763,1.30895,35086,0
1724371200,1.30872,1.32298,1.30837,1.32129,39654,2
1724630400,1.3207,1.32218,1.31796,1.31855,34821,1
1724716800,1.31876,1.3265799999999999,1.31769,1.32598,35491,2
1724803200,1.32541,1.32623,1.31677,1.31901,40105,2
1724889600,1.31904,1.3226499999999999,1.31451,1.31676,44328,2
1724976000,1.3168199999999999,1.31995,1.31094,1.31242,40004,2
1725235200,1.3131,1.31549,1.31181,1.3145,22722,2
1725321600,1.31406,1.31487,1.30875,1.31118,42756,1
1725408000,1.31122,1.31749,1.3100800000000001,1.3143500000000001,42195,2
1725494400,1.3144,1.3185,1.31368,1.31781,45040,2
1725580800,1.31759,1.3237700000000001,1.31097,1.31266,51945,2
1725840000,1.31177,1.3142800000000001,1.30675,1.30729,42662,3
1725926400,1.3072,1.31074,1.30492,1.30793,38316,1
1726012800,1.30789,1.3111,1.3001800000000001,1.30417,47214,2
1726099200,1.3042500000000001,1.31269,1.30318,1.3122,45250,1
1726185600,1.31223,1.31575,1.31146,1.31212,43878,2
1726444800,1.3125,1.32178,1.31167,1.32151,36573,2
1726531200,1.32141,1.32293,1.31459,1.31601,42061,2
1726617600,1.31586,1.32975,1.31508,1.32126,48163,0
1726704000,1.32121,1.33139,1.31531,1.32834,55945,2
1726790400,1.32774,1.334,1.32678,1.33186,50395,2
1727049600,1.33182,1.33589,1.3248199999999999,1.33454,45738,2
1727136000,1.33378,1.34155,1.33316,1.3412,47665,2
1727222400,1.34108,1.34294,1.3312300000000001,1.33226,49855,2
1727308800,1.33174,1.3434,1.33111,1.3413300000000001,48278,2
1727395200,1.341,1.34271,1.33598,1.33714,51341,1
1727654400,1.337,1.34227,1.33499,1.33727,49597,2
1727740800,1.33725,1.3389,1.32369,1.3284799999999999,59922,2
1727827200,1.32846,1.33049,1.32457,1.3266,45900,0
1727913600,1.32671,1.32824,1.3092,1.31228,55930,2
1728000000,1.31212,1.31745,1.30695,1.31234,49326,2
1728259200,1.3119,1.31341,1.30591,1.30814,47029,2
1728345600,1.3081,1.31131,1.3064,1.3102800000000001,48396,2
1728432000,1.31023,1.31043,1.30554,1.30687,43265,2
1728518400,1.3068,1.30937,1.3021099999999999,1.30563,46025,2
1728604800,1.30572,1.30829,1.30355,1.3062,35120,2
1728864000,1.30626,1.30717,1.30298,1.30575,38146,2
1728950400,1.30507,1.31026,1.30353,1.30722,40234,0
1729036800,1.30697,1.30772,1.29767,1.29889,39662,0
1729123200,1.29895,1.3023,1.29735,1.30087,46200,2
1729209600,1.30048,1.30704,1.29985,1.30471,41792,1
1729468800,1.30469,1.30576,1.2977,1.29829,34168,1
1729555200,1.29821,1.30146,1.2944499999999999,1.29826,37103,1
1729641600,1.29827,1.29946,1.2907,1.292,42627,1
1729728000,1.29183,1.29874,1.29085,1.29744,44582,1
1729814400,1.29746,1.29983,1.29528,1.296,35978,1
1730073600,1.29614,1.30013,1.29394,1.29684,40429,2
1730160000,1.2969300000000001,1.30155,1.29578,1.3007,46894,0
1730246400,1.30072,1.30431,1.29364,1.29624,51225,0
1730332800,1.29627,1.2999399999999999,1.28433,1.28897,50288,0
1730419200,1.2888899999999999,1.29799,1.28843,1.29142,46947,2
1730678400,1.29656,1.29985,1.2934,1.2956400000000001,48838,1
1730764800,1.29556,1.30417,1.2947899999999999,1.30408,40117,0
1730851200,1.30386,1.30476,1.28341,1.28768,91500,2
1730937600,1.2873299999999999,1.3008899999999999,1.28693,1.29837,58923,2
1731024000,1.29832,1.2989,1.2883200000000001,1.29163,52627,1
1731283200,1.29078,1.29257,1.28559,1.28673,41256,2
1731369600,1.28653,1.2873299999999999,1.2719,1.27466,54783,2
1731456000,1.27407,1.2769,1.26863,1.27065,53300,2
1731542400,1.27037,1.27198,1.26297,1.26639,54839,2
1731628800,1.26648,1.26965,1.25969,1.2617099999999999,56922,2
1731888000,1.26169,1.26864,1.2598,1.2677100000000001,46464,0
1731974400,1.26704,1.26892,1.2612999999999999,1.26807,51198,2
1732060800,1.26759,1.27143,1.26306,1.26487,44850,2
1732147200,1.26472,1.26597,1.25762,1.2588300000000001,47494,2
1732233600,1.2588599999999999,1.25939,1.2487,1.2528000000000001,56102,2
1732492800,1.25894,1.2612999999999999,1.25414,1.25674,53442,0
1732579200,1.25662,1.2616,1.25069,1.25675,63106,1
1732665600,1.25685,1.26936,1.25659,1.26772,52584,2
1732752000,1.26729,1.26908,1.2645,1.26838,35408,2
1732838400,1.26806,1.27496,1.2671999999999999,1.27282,50775,3
1733097600,1.2727,1.27358,1.2616800000000001,1.26479,55974,2
1733184000,1.26472,1.26994,1.26366,1.26641,51275,2
1733270400,1.26645,1.27211,1.26297,1.26947,53176,2
1733356800,1.26967,1.27705,1.2692700000000001,1.27503,45368,0
1733443200,1.27506,1.28104,1.27211,1.27355,45272,2
1733702400,1.2729300000000001,1.27986,1.27168,1.2741799999999999,43549,2
1733788800,1.27379,1.27774,1.27236,1.27625,44639,1
1733875200,1.27596,1.27814,1.27129,1.2742200000000001,50685,2
1733961600,1.2747899999999999,1.27877,1.2664,1.26644,50489,0
1734048000,1.26675,1.26791,1.2608,1.26151,44024,1
1734307200,1.2616,1.26984,1.26085,1.26738,39130,2
1734393600,1.26735,1.27284,1.26633,1.27003,43313,0
1734480000,1.27012,1.27249,1.25621,1.2564600000000001,49987,2
1734566400,1.25653,1.26667,1.24924,1.24945,58109,1
1734652800,1.24962,1.26136,1.2475,1.25628,50076,2
1734912000,1.25592,1.25877,1.25099,1.25263,40406,2
1734998400,1.25268,1.25745,1.25186,1.25289,31164,2
1735084800,1.25301,1.2530700000000001,1.25291,1.2530700000000001,16,177
1735171200,1.25514,1.2551999999999999,1.2501,1.2518,30405,1
1735257600,1.25196,1.25925,1.2505,1.25717,41134,2
1735516800,1.25724,1.2607,1.2506300000000001,1.25379,40438,3
1735603200,1.25386,1.25691,1.2504,1.25098,43816,2
1735776000,1.2511999999999999,1.25403,1.23527,1.23677,48415,1
1735862400,1.23629,1.24339,1.23629,1.24176,40584,2
1736121600,1.24124,1.25508,1.24078,1.25113,52428,3
1736208000,1.25137,1.25686,1.24677,1.24689,43877,3
1736294400,1.24702,1.24937,1.23208,1.23527,51125,2
1736380800,1.23597,1.23655,1.22383,1.23056,45451,2
1736467200,1.23018,1.23215,1.21918,1.22046,53953,2
1736726400,1.21972,1.22101,1.20997,1.21921,54970,2
1736812800,1.21958,1.22501,1.21362,1.22075,57219,3
1736899200,1.22072,1.23055,1.21589,1.22315,48632,0
1736985600,1.22319,1.22602,1.21746,1.22352,51070,2
1737072000,1.22342,1.22442,1.21608,1.21656,46922,0
1737331200,1.21658,1.23441,1.21593,1.23184,49261,2
1737417600,1.232,1.23601,1.22292,1.23442,62586,2
1737504000,1.2347299999999999,1.23756,1.23057,1.2307299999999999,50777,2
1737590400,1.2308,1.2375,1.2293,1.23499,51204,2
1737676800,1.23467,1.25016,1.23449,1.24797,52847,1
1737936000,1.24658,1.25228,1.24259,1.24946,57315,1
1738022400,1.24947,1.24983,1.24143,1.24393,54092,0
1738108800,1.2437,1.2463,1.2393,1.24433,56843,2
1738195200,1.24443,1.2476099999999999,1.24078,1.24127,50015,3
1738281600,1.2413,1.24715,1.23861,1.2393,56866,2
1738540800,1.22944,1.24548,1.2248999999999999,1.2449,83888,2
1738627200,1.24493,1.24927,1.23787,1.24765,58377,2
1738713600,1.24748,1.25496,1.24633,1.25031,52669,2
1738800000,1.2504,1.25092,1.23601,1.24323,50345,3
1738886400,1.2431,1.24927,1.23762,1.24,54987,1
1739145600,1.23692,1.24218,1.23628,1.23654,45046,0
1739232000,1.23606,1.24541,1.23323,1.24436,42495,0
1739318400,1.24425,1.24833,1.2376800000000001,1.24425,52308,2
1739404800,1.2442,1.25681,1.24302,1.25637,58400,1
1739491200,1.25539,1.263,1.25216,1.25846,47616,3
1739750400,1.25785,1.26346,1.25772,1.26235,39577,1
1739836800,1.2616800000000001,1.26246,1.2582499999999999,1.26109,43753,1
1739923200,1.26096,1.26379,1.25629,1.25847,50685,2
1740009600,1.25826,1.26709,1.25742,1.26675,56902,1
1740096000,1.26642,1.26787,1.26246,1.26329,56669,2
1740355200,1.26278,1.26906,1.26118,1.26216,61845,1
1740441600,1.26216,1.26777,1.26058,1.2662900000000001,60419,2
1740528000,1.26619,1.27159,1.26349,1.2673,62353,2
1740614400,1.267,1.26888,1.25969,1.2598799999999999,64360,2
1740700800,1.2598099999999999,1.26218,1.25591,1.25754,64517,2
1740960000,1.2581,1.27248,1.25616,1.26989,74578,2
1741046400,1.2694,1.27996,1.26788,1.27928,84137,2
1741132800,1.27841,1.2900800000000001,1.27675,1.2892700000000001,83777,2
1741219200,1.28906,1.29238,1.28659,1.28746,83209,2
1741305600,1.28747,1.29447,1.28722,1.29195,72955,2
1741564800,1.2913000000000001,1.29466,1.28613,1.28748,73232,1
1741651200,1.28747,1.29658,1.28712,1.2942,77219,2
1741737600,1.29462,1.29889,1.2913299999999999,1.2962799999999999,63194,2
1741824000,1.2962799999999999,1.29734,1.29209,1.2947899999999999,58073,1
1741910400,1.29478,1.29587,1.29108,1.29345,58385,1
1742169600,1.2926199999999999,1.29984,1.29248,1.29846,44858,2
1742256000,1.29892,1.30099,1.29515,1.30016,45997,1
1742342400,1.30005,1.30112,1.2955,1.30019,49961,1
1742428800,1.3004,1.3014700000000001,1.29358,1.29676,48460,1
1742515200,1.29673,1.29703,1.28877,1.29165,45914,1
1742774400,1.29071,1.29731,1.28948,1.29197,62198,1
1742860800,1.29197,1.29658,1.2901099999999999,1.29429,62824,18
1742947200,1.29429,1.29478,1.28731,1.28734,71004,1
1743033600,1.2873,1.29913,1.28701,1.29462,76463,18
1743120000,1.29466,1.29674,1.29215,1.29372,64095,18
1743379200,1.2943,1.29717,1.2885499999999999,1.29162,79818,18
1743465600,1.29108,1.294,1.28784,1.29205,77371,18
1743552000,1.29176,1.3024200000000001,1.28996,1.29982,74994,10
1743638400,1.29936,1.32061,1.2969,1.30973,133837,1
1743724800,1.30877,1.31128,1.28522,1.28983,146440,18
1743984000,1.2841,1.29331,1.27073,1.27133,167461,1
1744070400,1.27156,1.28137,1.27132,1.27629,130110,18
1744156800,1.27577,1.28632,1.2732999999999999,1.28122,166321,18
1744243200,1.28129,1.29951,1.27872,1.29624,151123,18
1744329600,1.29624,1.31442,1.29617,1.30813,165396,18
1744588800,1.3091,1.32,1.30606,1.31875,110639,18
1744675200,1.31883,1.3250899999999999,1.31634,1.32256,90175,18
1744761600,1.32261,1.32911,1.32084,1.32432,94947,18
1744848000,1.3226200000000001,1.32722,1.3202,1.3262800000000001,84982,18
1744934400,1.32554,1.32974,1.3247900000000001,1.3290199999999999,153292,1
1745193600,1.3272,1.3421,1.32676,1.33738,80904,18
1745280000,1.3365,1.34226,1.33251,1.3327200000000001,88281,1
1745366400,1.33219,1.33378,1.32331,1.32484,105352,18
1745452800,1.3254299999999999,1.33483,1.32439,1.33371,74985,4
1745539200,1.33382,1.33392,1.32733,1.33073,73052,18
1745798400,1.3307,1.34435,1.32793,1.34374,73466,18
1745884800,1.34315,1.3443100000000001,1.33795,1.33987,67013,18
1745971200,1.33914,1.3413599999999999,1.33081,1.33253,73359,2
1746057600,1.3326,1.33443,1.32593,1.32688,68957,4
1746144000,1.3268499999999999,1.33297,1.32467,1.32656,82238,18
1746403200,1.3258,1.33355,1.3256700000000001,1.3289900000000001,70245,18
1746489600,1.32874,1.34016,1.32593,1.33625,70052,18
1746576000,1.33626,1.33775,1.32792,1.32897,84056,18
1746662400,1.32829,1.33554,1.32355,1.3242,81056,18
1746748800,1.32429,1.33216,1.3211,1.32989,62099,1
1747008000,1.3279,1.32983,1.31388,1.31744,85734,0
1747094400,1.31676,1.33156,1.31639,1.3303099999999999,68957,2
1747180800,1.33023,1.33593,1.32524,1.32535,78536,18
1747267200,1.32553,1.3318699999999999,1.32488,1.32966,69640,0
1747353600,1.32985,1.33315,1.32497,1.32771,64834,18
1747612800,1.327,1.34028,1.3265500000000001,1.33585,73178,18
1747699200,1.33576,1.33938,1.33338,1.3391199999999999,71343,2
1747785600,1.33842,1.34679,1.3377,1.34186,82798,18
1747872000,1.34149,1.34399,1.33901,1.34175,79713,2
1747958400,1.3415,1.35384,1.34017,1.35384,73798,18
1748217600,1.35206,1.35923,1.35205,1.35575,46080,0
1748304000,1.35585,1.35858,1.34994,1.35015,62391,0
1748390400,1.35008,1.35212,1.3449200000000001,1.34627,67413,18
1748476800,1.34643,1.35063,1.34145,1.3483800000000001,81232,18
1748563200,1.3487,1.35099,1.34471,1.3449200000000001,74694,2
1748822400,1.3459699999999999,1.35586,1.34498,1.3542100000000001,68798,18
1748908800,1.35373,1.35583,1.34909,1.35137,62646,18
1748995200,1.3512,1.35789,1.35003,1.3552,65509,18
1749081600,1.3550499999999999,1.36155,1.35398,1.35663,69641,2
1749168000,1.35651,1.35837,1.35065,1.35242,66693,0
1749427200,1.35237,1.35803,1.35162,1.35422,54529,1
1749513600,1.3542,1.35632,1.34552,1.3492899999999999,65464,2
1749600000,1.3492899999999999,1.35664,1.34633,1.3537,64490,18
1749686400,1.35398,1.36226,1.35218,1.36112,73460,2
1749772800,1.36107,1.36314,1.35156,1.35701,82563,4
1750032000,1.35491,1.36213,1.35339,1.35696,68642,18
1750118400,1.35752,1.3578700000000001,1.34146,1.3418999999999999,72587,18
1750204800,1.34204,1.34756,1.33999,1.34177,72195,18
1750291200,1.34168,1.34692,1.33819,1.3446799999999999,57996,18
1750377600,1.34546,1.35101,1.34402,1.34477,63554,18
1750636800,1.33983,1.35301,1.33696,1.3520400000000001,83453,18
1750723200,1.35186,1.36474,1.35091,1.3613,71085,1
1750809600,1.36101,1.36706,1.35897,1.36603,57487,18
1750896000,1.36599,1.37697,1.36384,1.37243,68361,18
1750982400,1.37246,1.37515,1.36821,1.37161,58833,18
1751241600,1.36981,1.37398,1.36733,1.3724,56897,18
1751328000,1.37237,1.37876,1.36995,1.37415,59340,18
1751414400,1.37408,1.37517,1.35618,1.36315,55700,18
1751500800,1.36327,1.3672900000000001,1.35853,1.36531,34756,18
1751587200,1.36523,1.36674,1.36342,1.3636599999999999,39983,1
1751846400,1.3648,1.36567,1.35744,1.35978,54656,4
1751932800,1.35994,1.36455,1.3525,1.35805,60574,18
1752019200,1.35788,1.36186,1.35633,1.3584100000000001,57056,18
1752105600,1.35833,1.36185,1.3532199999999999,1.3572600000000001,52692,18
1752192000,1.35686,1.35846,1.34802,1.34891,64196,18
1752451200,1.3483,1.35034,1.34234,1.34257,55767,18
1752537600,1.34249,1.34661,1.33784,1.33836,57637,1
1752624000,1.3373300000000001,1.34844,1.3364,1.34172,70345,2
1752710400,1.34181,1.34198,1.3373300000000001,1.3412600000000001,57493,18
1752796800,1.34121,1.34741,1.34047,1.3407200000000001,48975,18
1753056000,1.34064,1.35096,1.34009,1.34884,52165,4
1753142400,1.34806,1.35333,1.34611,1.3526,49248,18
1753228800,1.35228,1.35829,1.3513,1.35778,57110,2
1753315200,1.35776,1.35877,1.3502,1.35086,58722,4
1753401600,1.3508499999999999,1.35113,1.34154,1.34358,55328,2
1753660800,1.3424,1.34517,1.33494,1.33494,57744,18
1753747200,1.33493,1.33637,1.33067,1.33433,59207,18
1753833600,1.3341,1.3384800000000001,1.32269,1.32318,67264,4
1753920000,1.32313,1.3281,1.31848,1.3202099999999999,65106,18
1754006400,1.32008,1.3309199999999999,1.31391,1.32778,77123,0
1754265600,1.32687,1.3331,1.32534,1.32873,49030,2
1754352000,1.32802,1.33161,1.32596,1.32979,46336,2
1754438400,1.32949,1.33673,1.32813,1.33564,48180,2
1754524800,1.33469,1.34474,1.33368,1.34412,61938,18
1754611200,1.3439999999999999,1.34581,1.34171,1.3447,54109,18
1754870400,1.3437000000000001,1.34759,1.33987,1.34299,43771,18
1754956800,1.3425500000000001,1.35229,1.3419400000000001,1.34994,59501,18
1755043200,1.34817,1.3584,1.34817,1.35764,48045,18
1755129600,1.35654,1.3594,1.3519999999999999,1.35291,55102,18
1755216000,1.35232,1.35742,1.35232,1.3550499999999999,43938,18
1755475200,1.35468,1.35641,1.35008,1.35012,42995,18
1755561600,1.35007,1.35303,1.34767,1.34914,43569,18
1755648000,1.34852,1.3508499999999999,1.3446799999999999,1.34542,51288,18
1755734400,1.34515,1.34816,1.34047,1.34115,52000,4
1755820800,1.34056,1.35433,1.33897,1.3523800000000001,56800,18
1756080000,1.35132,1.35278,1.34453,1.34515,46218,2
1756166400,1.34428,1.34925,1.3433899999999999,1.34768,59852,2
1756252800,1.3472,1.35009,1.34159,1.34976,50330,18
1756339200,1.34869,1.3529900000000001,1.34813,1.35111,53390,18
1756425600,1.3507500000000001,1.35161,1.34454,1.34964,55420,18
1756684800,1.3491,1.35491,1.3491,1.35434,38398,2
1756771200,1.3532199999999999,1.3549,1.3339400000000001,1.33927,67001,2
1756857600,1.33883,1.34575,1.33325,1.3443800000000001,59958,2
1756944000,1.34394,1.3459400000000001,1.3416299999999999,1.34353,45638,2
1757030400,1.34273,1.35547,1.34212,1.35029,52346,2
1757289600,1.3498299999999999,1.35561,1.34809,1.35435,44110,2
1757376000,1.35443,1.35906,1.35171,1.35269,46475,2
1757462400,1.35193,1.35647,1.3513,1.3529900000000001,46831,2
1757548800,1.3526500000000001,1.3583,1.34938,1.35712,49457,2
1757635200,1.3568,1.35803,1.35239,1.35508,44141,2
1757894400,1.35284,1.36202,1.35284,1.35974,39501,2
1757980800,1.35967,1.36721,1.3591199999999999,1.3643399999999999,45783,2
1758067200,1.36449,1.37265,1.3618299999999999,1.36233,47623,2
1758153600,1.3624100000000001,1.36608,1.35338,1.35522,51070,2
1758240000,1.35492,1.35594,1.34632,1.34666,47650,2
1758499200,1.34628,1.35205,1.34528,1.35114,35912,2
1758585600,1.35058,1.35367,1.3486799999999999,1.35235,41299,2
1758672000,1.35178,1.35274,1.34263,1.3446500000000001,39688,2
1758758400,1.3440699999999999,1.34672,1.33234,1.33417,44210,2
1758844800,1.33347,1.34131,1.33288,1.3397999999999999,36707,2
1759104000,1.3385500000000001,1.34569,1.33822,1.34299,33310,2
1759190400,1.34244,1.3467,1.34132,1.3443800000000001,38272,2
1759276800,1.34435,1.35276,1.3434599999999999,1.34755,44936,2
1759363200,1.34751,1.35104,1.34012,1.3437999999999999,36758,2
1759449600,1.34303,1.34853,1.3425099999999999,1.34757,33558,2
1759708800,1.34306,1.34901,1.34162,1.34839,43100,2
1759795200,1.34832,1.34873,1.3391899999999999,1.3421699999999999,37729,2
1759881600,1.34252,1.34388,1.33709,1.34027,40898,2
1759968000,1.3400699999999999,1.3418999999999999,1.32796,1.33012,46951,2
1760054400,1.32956,1.33709,1.32614,1.33511,51225,2
1760313600,1.33411,1.33661,1.33148,1.33317,44895,2
1760400000,1.33267,1.33525,1.32483,1.33175,54837,2
1760486400,1.33206,1.3406500000000001,1.33124,1.34021,49216,2
1760572800,1.33934,1.34549,1.3388499999999999,1.3434300000000001,52153,2
1760659200,1.3433,1.34715,1.33905,1.34231,53946,2
1760918400,1.34269,1.34432,1.33998,1.34032,39643,2
1761004800,1.34024,1.34159,1.33612,1.33691,47644,2
1761091200,1.3369,1.3387,1.33054,1.33542,47172,2
1761177600,1.33538,1.33592,1.33107,1.3324500000000001,33498,2
1761264000,1.3317700000000001,1.33732,1.32871,1.3309199999999999,45908,2
1761523200,1.33217,1.33527,1.33103,1.33357,38096,2
1761609600,1.33354,1.33697,1.32473,1.32724,44418,2
1761696000,1.32724,1.32802,1.31406,1.31948,55816,2
1761782400,1.31948,1.32185,1.31162,1.3151,53095,2
1761868800,1.31509,1.31649,1.3096700000000001,1.31476,47757,2
1762128000,1.31256,1.31623,1.3108,1.31373,40097,2
1762214400,1.314,1.31411,1.30097,1.30188,50419,2
1762300800,1.30195,1.30535,1.30093,1.30503,50840,2
1762387200,1.30468,1.31427,1.3045200000000001,1.31357,46747,2
1762473600,1.31241,1.3175,1.3094700000000001,1.31625,49382,2
1762732800,1.3136999999999999,1.31914,1.3133,1.31724,50701,2
1762819200,1.3172,1.31848,1.31164,1.31478,52084,2
1762905600,1.31502,1.31556,1.3084500000000001,1.3131300000000001,53949,2
1762992000,1.31296,1.32161,1.31006,1.31913,60931,2
1763078400,1.3186200000000001,1.32001,1.31078,1.3171599999999999,65103,2
1763337600,1.31433,1.31933,1.31358,1.31529,48404,2
1763424000,1.31566,1.31772,1.31336,1.31443,55530,2
1763510400,1.3146499999999999,1.31552,1.3043,1.3057,53593,2
1763596800,1.3057400000000001,1.31232,1.30375,1.30707,53142,2
1763683200,1.3070300000000001,1.31097,1.3038699999999999,1.30949,68050,2
1763942400,1.3094999999999999,1.31181,1.30804,1.3103099999999999,52632,2
1764028800,1.3103799999999999,1.3214000000000001,1.30952,1.31642,55910,2
1764115200,1.3164500000000001,1.32434,1.31242,1.3241800000000001,65782,2
1764201600,1.323,1.32687,1.32097,1.32378,42793,2
1764288000,1.32367,1.3254299999999999,1.32003,1.32239,122530,2
1764547200,1.32244,1.32757,1.32051,1.32119,67012,2
1764633600,1.3213300000000001,1.32218,1.3179400000000001,1.32115,54777,2
1764720000,1.32115,1.33534,1.31943,1.3351600000000001,56775,2
1764806400,1.33493,1.33853,1.3322,1.33266,54730,2
1764892800,1.3324799999999999,1.33626,1.33158,1.33298,50903,2
1765152000,1.33161,1.33467,1.33053,1.33203,48011,2
1765238400,1.33209,1.33563,1.32871,1.32969,50739,2
1765324800,1.32976,1.33891,1.3289900000000001,1.338,55133,2
1765411200,1.33813,1.34385,1.3354599999999999,1.3385099999999999,55638,2
1765497600,1.33857,1.34,1.33427,1.33656,49783,2
1765756800,1.33708,1.34018,1.33544,1.33759,50577,2
1765843200,1.33698,1.34561,1.33548,1.34189,57052,2
1765929600,1.34206,1.34269,1.33113,1.3374,55125,2
1766016000,1.33751,1.3446799999999999,1.33407,1.33811,58087,2
1766102400,1.33782,1.3394,1.33569,1.3372,50607,2
1766361600,1.33534,1.3477700000000001,1.33534,1.34608,51456,2
1766448000,1.34566,1.35236,1.34422,1.35158,47679,2
1766534400,1.35012,1.35344,1.3481,1.35023,51094,2
1766707200,1.35217,1.35275,1.3477299999999999,1.34946,54538,2
1766966400,1.34731,1.35151,1.34688,1.35119,57613,2
1767052800,1.35057,1.35309,1.3449499999999999,1.34666,47218,2
1767139200,1.34646,1.3483,1.34021,1.3471600000000001,50662,2
1767312000,1.34637,1.35019,1.3434300000000001,1.34564,48019,2
1767571200,1.34451,1.3547799999999999,1.34135,1.35405,58178,2
1767657600,1.35391,1.35679,1.34916,1.35007,55232,2
1767744000,1.34993,1.35172,1.34554,1.34558,56237,2
1767830400,1.3456000000000001,1.34656,1.3415599999999999,1.34391,52880,2
1767916800,1.34328,1.34504,1.33922,1.33991,62806,2
1768176000,1.33939,1.34859,1.33903,1.34637,57746,2
1768262400,1.34622,1.34949,1.3419699999999999,1.34212,60220,2
1768348800,1.34209,1.34644,1.34186,1.34462,58599,2
1768435200,1.34372,1.34453,1.33627,1.3379699999999999,56164,2
1768521600,1.33765,1.34132,1.3366500000000001,1.33755,51624,2
1768780800,1.33434,1.34352,1.33385,1.34247,44403,2
1768867200,1.34213,1.34914,1.34081,1.3442,63435,2
1768953600,1.3440699999999999,1.34595,1.3401,1.3429,61164,2
1769040000,1.34253,1.35062,1.3401399999999999,1.34995,57133,2
1769126400,1.34934,1.3645,1.34764,1.36423,61485,2
1769385600,1.36608,1.37134,1.36426,1.36768,67304,2
1769472000,1.36767,1.38702,1.36634,1.38456,74468,2
1769558400,1.38464,1.3847800000000001,1.37493,1.38056,83195,2
1769644800,1.3805,1.38482,1.37422,1.3808,86661,2
1769731200,1.38028,1.38145,1.3678,1.36817,94076,2
1769990400,1.36799,1.37154,1.36228,1.36679,93299,2
1770076800,1.36628,1.3707500000000001,1.36503,1.3697300000000001,72003,2
1770163200,1.3691900000000001,1.37334,1.36423,1.3651900000000001,67617,2
1770249600,1.36559,1.36622,1.35172,1.3529900000000001,77015,2
1770336000,1.35337,1.36235,1.3508,1.36093,58975,2
1770595200,1.35908,1.37003,1.35863,1.36937,68435,2
1770681600,1.36857,1.36971,1.36372,1.36407,60918,2
1770768000,1.36497,1.37124,1.36094,1.36279,66186,2
1770854400,1.36225,1.36716,1.36042,1.36216,64510,2
1770940800,1.36143,1.36594,1.3590200000000001,1.3646099999999999,60997,2
1771200000,1.36348,1.36622,1.36237,1.3627799999999999,38378,2
1771286400,1.36306,1.36326,1.34954,1.35659,61258,2
1771372800,1.3551,1.35823,1.34903,1.34911,56243,2
1771459200,1.3496000000000001,1.35169,1.34338,1.34636,57007,2
1771545600,1.34618,1.3514599999999999,1.3434300000000001,1.34782,70626,2
1771804800,1.3484,1.35351,1.34748,1.34904,58802,2
1771891200,1.34911,1.35368,1.34697,1.34876,58215,2
1771977600,1.34901,1.35654,1.34849,1.35576,52511,2
1772064000,1.35548,1.35754,1.34448,1.34852,53596,2
1772150400,1.34886,1.3507799999999999,1.34393,1.34845,55028,2
1772409600,1.34169,1.3456000000000001,1.33141,1.34044,87986,2
1772496000,1.33978,1.34254,1.32528,1.3354300000000001,99030,2
1772582400,1.3357299999999999,1.34027,1.33033,1.33716,91084,2
1772668800,1.33708,1.33873,1.32971,1.33554,93149,2
1772755200,1.33531,1.34148,1.33114,1.34148,199620,0
1773014400,1.33384,1.34471,1.32828,1.34356,272892,0
1773100800,1.34356,1.3483399999999999,1.34114,1.34116,224507,0
1773187200,1.34162,1.34575,1.33934,1.34085,185731,0
1773273600,1.34085,1.34147,1.33337,1.3339400000000001,173041,0
1773360000,1.3339400000000001,1.33697,1.32185,1.32203,184589,0
1773619200,1.32335,1.33398,1.32227,1.33173,164967,0
1773705600,1.33179,1.33643,1.32733,1.33551,121111,0
1773792000,1.33551,1.33744,1.32518,1.3266,123035,0
1773878400,1.3266,1.34671,1.32456,1.34241,178079,0
1773964800,1.34241,1.34419,1.32985,1.33407,141352,0
1774224000,1.33032,1.3479,1.32566,1.34294,252855,0
1774310400,1.34294,1.34453,1.3351899999999999,1.34128,187057,0
1774396800,1.34128,1.3436,1.33578,1.33622,131657,0
1774483200,1.33621,1.33779,1.33097,1.3332899999999999,114235,0
1774569600,1.3332899999999999,1.33472,1.32592,1.32592,119315,0
1774828800,1.32546,1.32824,1.31735,1.31826,119594,0
1774915200,1.31775,1.3264,1.3159,1.32224,149276,0
1775001600,1.32226,1.33461,1.32168,1.33061,135503,0
1775088000,1.32985,1.332,1.31813,1.32247,138138,0
1775174400,1.32203,1.32425,1.31869,1.32035,39022,0
1775433600,1.3188,1.32683,1.31763,1.32348,92017,0
1775520000,1.32367,1.33007,1.32112,1.32915,127077,0
1775606400,1.3284500000000001,1.3484099999999999,1.32764,1.33936,176556,0
1775692800,1.3391,1.34583,1.33806,1.34337,108877,0
1775779200,1.34324,1.3479,1.34104,1.3463,91719,0
1776038400,1.33853,1.35083,1.33805,1.35063,102771,0
1776124800,1.35037,1.35891,1.3493,1.35656,89957,0
1776211200,1.35643,1.35788,1.35432,1.35602,97558,0
1776297600,1.3556599999999999,1.35945,1.35162,1.35262,92449,0
1776384000,1.35175,1.3599,1.35042,1.35157,113256,0
1776643200,1.34796,1.3544100000000001,1.34747,1.35328,115098,0
1776729600,1.35222,1.35395,1.34745,1.35063,122676,0
1776816000,1.35006,1.35351,1.34917,1.35023,105949,0
1776902400,1.34962,1.3518,1.34475,1.34661,126683,0
1776988800,1.34643,1.35375,1.34531,1.35328,109730,0
1777248000,1.35095,1.35758,1.34993,1.3532899999999999,92222,0
1777334400,1.3529200000000001,1.35411,1.34628,1.3517299999999999,109698,0
1777420800,1.35148,1.35277,1.34574,1.34755,108958,0
1777507200,1.34718,1.36121,1.34537,1.36025,157687,0
1777593600,1.36012,1.36575,1.35683,1.3569,105668,0
1777852800,1.35782,1.36023,1.35119,1.35301,117882,0
1777939200,1.35272,1.35782,1.35134,1.35382,98552,0
1778025600,1.3553,1.36432,1.35317,1.3592,135760,0
1778112000,1.35862,1.36321,1.35479,1.35497,124193,0
1778198400,1.35454,1.3636300000000001,1.3544800000000001,1.3634,101986,0
1778457600,1.35483,1.3653,1.35483,1.36094,101504,0
1778544000,1.36072,1.361,1.35001,1.35396,122968,0
1778630400,1.35341,1.3551199999999999,1.3484099999999999,1.35232,102877,0
1778716800,1.35213,1.35324,1.33947,1.34002,94239,0
1778803200,1.3399,1.34042,1.33147,1.3325,127492,0
1779062400,1.33195,1.3449200000000001,1.3302,1.34327,119550,0
1779148800,1.34293,1.3437000000000001,1.33781,1.33939,104248,0
1779235200,1.33928,1.34634,1.33748,1.34345,120319,0
1779321600,1.34318,1.34547,1.3392,1.34297,113386,0
1779408000,1.3418999999999999,1.34628,1.3413,1.34324,87545,0
1779667200,1.34482,1.35088,1.3446,1.35062,52819,0
1779753600,1.34935,1.3504800000000001,1.34344,1.34466,82136,0
1779840000,1.3443800000000001,1.3458700000000001,1.34161,1.3427,85806,0
1779926400,1.34232,1.34507,1.33673,1.34436,96152,0
1780012800,1.3437000000000001,1.34851,1.34082,1.3454,89908,0
1780272000,1.3449,1.34757,1.3406500000000001,1.34546,92679,0
1780358400,1.345,1.34813,1.34482,1.34643,75824,0
1780444800,1.34634,1.3471600000000001,1.34116,1.34167,82109,0
1780531200,1.3415599999999999,1.34623,1.34112,1.34237,78673,0
1780617600,1.34216,1.34829,1.3329900000000001,1.33407,107572,0
1780876800,1.33186,1.33694,1.33056,1.33384,117043,0
1780963200,1.3336999999999999,1.34107,1.33307,1.33788,106520,0
1781049600,1.3371,1.3423,1.3364099999999999,1.33674,123196,0
1781136000,1.33666,1.34332,1.33242,1.34155,128709,0
1781222400,1.34144,1.3426,1.33832,1.34076,265087,0
1781481600,1.33957,1.34612,1.33957,1.34128,312882,0
1781568000,1.34128,1.34433,1.33905,1.3425799999999999,317583,0
1781654400,1.34256,1.34375,1.32621,1.32926,386868,0
1781740800,1.3288,1.33251,1.31928,1.32043,405933,0
1781827200,1.31981,1.32408,1.31631,1.32352,273296,0
1782086400,1.3181,1.32733,1.31808,1.32483,336408,0
1782172800,1.32483,1.3258,1.31822,1.3203,339503,0
1782259200,1.32025,1.32092,1.3140100000000001,1.31673,391209,0
1782345600,1.3166,1.32193,1.31513,1.31901,409374,0
1782432000,1.319,1.3232,1.31802,1.31954,394524,0
1782691200,1.31985,1.32625,1.31908,1.32581,311696,0
1782777600,1.32558,1.32768,1.32123,1.32599,358283,0
1782864000,1.32598,1.32921,1.3219,1.3274,388092,0
1782950400,1.32731,1.3384800000000001,1.3265,1.3346,504732,0
1783036800,1.33446,1.33813,1.33346,1.33464,286004,0
1783296000,1.33386,1.33972,1.33285,1.33897,350357,0
1783382400,1.33888,1.3402,1.33488,1.33586,373203,0
1783468800,1.33583,1.34105,1.33221,1.3389,533701,0
1783555200,1.33863,1.3431,1.33807,1.34082,334898,0
1783641600,1.3406799999999999,1.34519,1.33921,1.34,423391,0
1783900800,1.3385,1.34117,1.3342399999999999,1.33456,531226,0
1783987200,1.33461,1.34439,1.33423,1.33906,526769,0
1784073600,1.33897,1.35582,1.33807,1.3538299999999999,417534,0
1784160000,1.3538299999999999,1.3544399999999999,1.34596,1.34786,413678,0
1784246400,1.34764,1.3484,1.34261,1.34513,438317,0
1784505600,1.34426,1.34813,1.34122,1.34303,350144,0
1784592000,1.34289,1.34557,1.33596,1.33744,320179,0
1784678400,1.33734,1.33952,1.33548,1.33744,323737,0
1784764800,1.33744,1.33934,1.32987,1.33137,405223,0
1784851200,1.33115,1.3348900000000001,1.33027,1.3324,309177,0
1785110400,1.33137,1.33637,1.32842,1.32878,324861,0
1785196800,1.3287200000000001,1.33112,1.32735,1.3288,287208,0
1785283200,1.3288,1.33874,1.3278699999999999,1.33677,389586,0
1785369600,1.33677,1.34768,1.3332899999999999,1.34652,456765,0
1785456000,1.34642,1.34952,1.34003,1.34799,455731,0
1785715200,1.34911,1.35064,1.34176,1.34322,401397,0
1785801600,1.3426,1.3456299999999999,1.34195,1.34518,363087,0
1785888000,1.34505,1.34862,1.34409,1.3467500000000001,345273,0
1785974400,1.34667,1.34795,1.34484,1.34536,360509,0
1786060800,1.34535,1.3509,1.34341,1.34896,339581,0
1786320000,1.3490199999999999,1.35308,1.34832,1.35067,298569,0
1786406400,1.35064,1.35159,1.34921,1.35073,292760,0
1786492800,1.3505099999999999,1.35453,1.34876,1.34944,275663,0
1786579200,1.34944,1.35132,1.34742,1.34854,247739,0
1786665600,1.34854,1.35618,1.34767,1.3534,251934,0
