time,open,high,low,close,tick_volume,spread
1571832000,26494.0,26530.0,26472.0,26516.0,2061,10
1571846400,26516.0,26603.0,26514.0,26586.0,6369,140
1571860800,26586.0,26610.0,26578.0,26602.0,864,150
1571889600,26598.0,26720.0,26546.0,26662.5,15506,120
1571904000,26671.0,26824.0,26654.0,26757.5,12275,20
1571918400,26758.5,26808.0,26747.5,26791.0,2127,65
1571932800,26791.0,26797.5,26698.5,26759.5,6289,10
1571947200,26758.5,26767.5,26745.5,26750.5,986,150
1571976000,26747.0,26787.5,26585.5,26680.0,15468,100
1571990400,26678.5,26764.5,26647.5,26661.0,10489,20
1572004800,26662.0,26713.5,26661.0,26684.5,2359,150
1572019200,26684.5,26798.5,26674.5,26767.5,5303,150
1572033600,26767.5,26806.5,26766.5,26782.5,924,150
1572235200,26746.0,27029.5,26745.5,26994.0,16857,20
1572249600,26969.5,26973.5,26878.5,26892.0,10452,130
1572264000,26891.0,26985.5,26871.5,26981.5,3194,150
1572278400,26980.5,27033.5,26967.5,27005.5,5289,150
1572292800,27005.5,27044.5,27003.5,27036.5,874,150
1572321600,27015.5,27052.0,26783.5,26799.5,15238,30
1572336000,26800.5,26807.5,26696.0,26714.0,9954,25
1572350400,26713.0,26757.5,26674.5,26743.5,3436,160
1572364800,26744.5,26811.5,26723.5,26797.5,6574,150
1572379200,26795.5,26822.0,26773.5,26773.5,761,150
1572408000,26735.5,26803.0,26613.0,26678.5,16635,150
1572422400,26708.0,26715.0,26568.5,26578.5,10299,150
1572436800,26577.5,26651.0,26567.5,26615.5,2762,150
1572451200,26618.0,26650.0,26519.5,26633.0,6853,180
1572465600,26633.0,26638.0,26527.5,26545.0,2291,420
1572494400,26683.0,27019.5,26661.5,26945.0,15177,150
1572508800,26958.5,26980.5,26820.5,26941.0,10559,150
1572523200,26942.0,26945.0,26719.5,26810.5,7946,180
1572537600,26811.5,26822.5,26685.5,26720.5,9941,50
1572552000,26720.5,26727.5,26677.5,26681.5,1301,30
1572580800,26751.5,27075.5,26725.5,27011.0,15264,20
1572595200,27030.5,27137.5,27009.5,27112.0,9794,20
1572609600,27111.0,27163.5,27108.0,27149.5,3409,30
1572624000,27149.5,27220.5,27140.5,27174.5,6023,30
1572638400,27174.5,27272.5,27163.5,27258.5,1501,30
1572840000,27201.5,27532.0,27199.5,27465.5,16081,30
1572854400,27490.5,27618.5,27445.5,27611.5,10348,15
1572868800,27610.5,27643.0,27581.5,27605.0,3878,30
1572883200,27604.5,27642.0,27554.5,27554.5,5642,20
1572897600,27554.5,27582.0,27542.0,27559.0,1064,30
1572926400,27570.5,27719.0,27449.0,27678.5,13124,20
1572940800,27678.5,27754.0,27622.0,27669.5,12157,30
1572955200,27667.5,27750.0,27659.5,27708.0,3625,20
1572969600,27709.0,27717.0,27599.0,27660.0,6522,20
1572984000,27660.0,27682.0,27655.0,27673.0,1034,40
1573012800,27613.5,27731.0,27538.0,27647.5,15624,30
1573027200,27670.0,27788.0,27654.0,27717.5,10405,30
1573041600,27716.5,27754.0,27674.0,27753.0,3214,30
1573056000,27752.0,27779.0,27642.0,27682.0,5802,30
1573070400,27683.0,27709.0,27636.0,27678.0,1715,30
1573099200,27629.5,27725.0,27538.0,27579.5,15988,15
1573113600,27595.0,27942.0,27576.0,27822.5,15091,15
1573128000,27823.5,27880.0,27811.0,27844.0,4387,20
1573142400,27844.0,27907.0,27823.0,27898.0,4311,30
1573156800,27901.0,27916.0,27861.0,27911.0,1487,20
1573185600,27859.0,27860.0,27670.5,27691.5,22650,15
1573200000,27724.0,27724.0,27588.0,27637.5,12046,20
1573214400,27638.5,27715.5,27630.5,27674.5,3786,45
1573228800,27674.5,27704.5,27573.5,27643.5,8843,15
1573243200,27644.5,27654.5,27611.0,27617.0,1071,45
1573444800,27414.0,27444.5,26972.0,27020.0,20238,20
1573459200,27017.5,27028.5,26796.5,26970.0,16192,15
1573473600,26970.0,27063.5,26937.0,27003.5,4710,60
1573488000,27003.5,27151.0,26973.5,27145.0,5702,15
1573502400,27144.0,27192.0,27128.0,27185.0,717,60
1573531200,27114.5,27114.5,26763.5,26959.0,18491,20
1573545600,26954.5,27081.5,26912.5,26958.0,10862,30
1573560000,26958.0,26991.5,26922.5,26951.5,4037,45
1573574400,26950.5,26988.5,26899.5,26916.5,5029,50
1573588800,26916.5,26943.5,26897.5,26904.5,1786,45
1573617600,26704.5,26732.0,26443.5,26509.5,23755,35
1573632000,26550.0,26558.0,26432.0,26442.5,12719,40
1573646400,26442.5,26481.0,26339.0,26396.0,5815,40
1573660800,26396.0,26505.0,26350.0,26499.0,7146,40
1573675200,26499.0,26519.0,26482.0,26499.0,1131,50
1573704000,26375.5,26579.5,26207.5,26246.5,22635,320
1573718400,26252.5,26353.5,26125.5,26272.5,16730,25
1573732800,26257.5,26386.0,26241.5,26356.0,5062,50
1573747200,26357.0,26384.0,26265.0,26276.0,6002,50
1573761600,26277.0,26324.0,26270.0,26304.0,1092,50
1573790400,26446.5,26603.5,26335.5,26363.0,17301,15
1573804800,26380.5,26401.5,26219.0,26233.0,13151,15
1573819200,26233.0,26309.5,26214.5,26271.5,4260,45
1573833600,26272.5,26385.5,26260.5,26360.5,5401,45
1573848000,26359.5,26386.5,26355.5,26358.5,869,20
1574049600,26306.0,26675.5,26293.5,26563.0,17959,40
1574064000,26590.5,26696.5,26455.5,26633.0,15135,25
1574078400,26631.0,26671.0,26604.5,26628.0,3437,20
1574092800,26626.5,26627.5,26516.0,26602.5,8384,40
1574107200,26602.5,26605.5,26559.5,26579.5,1112,45
1574136000,26493.5,26980.5,26483.5,26934.0,18951,30
1574150400,26928.5,27098.5,26919.5,27058.0,14184,40
1574164800,27056.0,27115.5,27038.5,27050.5,4319,20
1574179200,27049.5,27062.5,26884.5,26942.5,7264,20
1574193600,26940.5,26952.5,26911.5,26937.5,1445,50
1574222400,26851.5,26951.0,26773.0,26905.5,18333,40
1574236800,26897.0,26957.5,26737.5,26746.5,13857,15
1574251200,26745.5,26831.0,26726.5,26803.5,4698,40
1574265600,26803.5,26864.0,26789.0,26795.0,6036,15
1574280000,26794.5,26806.0,26637.5,26646.0,4084,45
1574308800,26531.5,26587.0,26259.0,26399.5,23184,30
1574323200,26427.0,26506.0,26399.5,26422.5,8242,40
1574337600,26423.5,26548.0,26419.5,26526.0,3202,45
1574352000,26526.0,26583.0,26448.0,26490.5,6063,15
1574366400,26491.0,26541.5,26489.0,26514.0,853,45
1574395200,26570.0,26668.0,26468.0,26504.5,17613,15
1574409600,26524.0,26639.0,26475.0,26592.5,12287,40
1574424000,26592.5,26625.0,26539.5,26608.0,4936,40
1574438400,26608.0,26650.0,26556.0,26569.5,7648,40
1574452800,26571.0,26582.0,26565.0,26570.0,777,45
1574654400,26617.5,27139.0,26617.5,27055.5,14114,40
1574668800,27076.0,27077.0,26931.0,27016.5,11275,15
1574683200,27015.5,27022.5,26976.0,26983.0,3338,40
1574697600,26982.0,27090.0,26962.0,27051.0,3145,40
1574712000,27051.0,27081.0,27043.5,27071.0,531,40
1574740800,27163.5,27268.5,26947.5,26982.0,19436,25
1574755200,26976.5,27033.5,26925.5,26951.0,11085,40
1574769600,26952.0,26990.5,26905.0,26981.5,3300,40
1574784000,26982.5,27003.5,26923.5,26970.0,6613,45
1574798400,26971.0,26971.5,26915.5,26920.5,1079,45
1574827200,26965.5,27002.0,26871.5,26915.5,16559,40
1574841600,26925.5,26975.0,26883.5,26941.5,9104,40
1574856000,26942.5,27026.5,26937.5,26986.5,2686,40
1574870400,26987.5,26992.5,26942.5,26991.5,3590,40
1574884800,26990.5,27021.5,26985.5,27016.5,557,40
1574913600,26723.5,26995.5,26687.5,26872.0,12940,30
1574928000,26898.5,26923.5,26784.0,26801.0,8545,40
1574942400,26802.0,26855.5,26795.0,26833.5,2079,50
1574956800,26834.5,26850.5,26822.5,26841.5,1506,50
1574971200,26841.5,26852.5,26838.5,26840.5,230,40
1575000000,26806.0,26812.0,26279.5,26284.5,18603,15
1575014400,26335.0,26367.0,26253.5,26287.5,12934,10
1575028800,26288.5,26386.0,26288.5,26373.0,3900,50
1575043200,26372.0,26373.0,26280.0,26358.0,6071,40
1575057600,26357.0,26358.0,26321.5,26326.0,1186,45
1575259200,26387.5,26517.5,26357.5,26397.0,14767,40
1575273600,26430.5,26441.5,26388.5,26423.0,6929,15
1575288000,26422.0,26442.5,26338.5,26366.5,4004,40
1575302400,26366.5,26375.5,26252.5,26302.5,11184,45
1575316800,26302.0,26322.5,26246.5,26284.5,2817,45
1575345600,26244.5,26413.0,26008.0,26373.5,18663,35
1575360000,26385.0,26390.0,26307.5,26312.5,10225,40
1575374400,26313.5,26357.0,26155.5,26157.5,7514,40
1575388800,26155.5,26173.0,25877.5,25995.0,18822,30
1575403200,25996.0,26039.0,25989.5,26031.0,1973,50
1575432000,25941.0,26145.0,25879.5,26027.5,18862,15
1575446400,26047.0,26094.0,25979.5,26005.5,12183,15
1575460800,26006.5,26225.5,26003.5,26176.5,9517,45
1575475200,26177.5,26235.0,26150.0,26194.5,10754,40
1575489600,26193.5,26219.5,26192.5,26208.0,1329,45
1575518400,26167.5,26269.5,26070.5,26089.0,15536,40
1575532800,26099.5,26217.5,26087.5,26197.0,8852,40
1575547200,26199.0,26228.5,26153.0,26203.5,3961,40
1575561600,26204.5,26214.5,26139.5,26192.5,7947,40
1575576000,26191.5,26210.5,26177.5,26208.5,1291,20
1575604800,26217.5,26486.5,26217.5,26364.0,13963,35
1575619200,26365.0,26503.5,26330.5,26458.0,9439,20
1575633600,26458.0,26485.5,26446.0,26456.5,2605,40
1575648000,26455.5,26551.5,26449.5,26509.5,7270,25
1575662400,26509.5,26544.5,26504.5,26535.5,671,40
1575864000,26409.5,26617.5,26359.5,26449.5,16556,30
1575878400,26463.5,26522.5,26438.5,26445.0,8317,35
1575892800,26444.0,26473.5,26413.0,26452.0,2541,40
1575907200,26452.0,26491.5,26419.0,26426.5,3612,40
1575921600,26427.5,26443.5,26405.0,26418.5,789,45
1575950400,26326.0,26530.5,26221.5,26444.5,10101,30
1575964800,26461.0,26489.0,26271.5,26288.5,6937,15
1575979200,26288.5,26331.0,26223.5,26299.0,3342,40
1575993600,26299.0,26460.0,26294.0,26426.0,4819,40
1576008000,26424.0,26447.0,26418.0,26446.0,621,45
1576036800,26341.5,26504.0,26303.5,26479.5,11761,35
1576051200,26490.0,26650.0,26477.0,26524.5,10995,35
1576065600,26522.5,26629.0,26513.5,26614.0,4377,35
1576080000,26613.0,26641.0,26587.0,26591.0,4683,15
1576094400,26589.0,26626.5,26585.5,26620.0,936,45
1576123200,26705.0,27059.5,26703.5,26989.0,13628,35
1576137600,26992.5,27041.5,26949.5,26984.5,9298,35
1576152000,26985.5,26993.5,26914.0,26921.0,2703,40
1576166400,26921.0,27474.0,26883.0,27138.0,15854,15
1576180800,27139.0,27183.0,27092.0,27146.0,4408,40
1576209600,27411.5,27578.0,27398.0,27539.5,16753,15
1576224000,27557.0,27714.0,27525.0,27674.5,12785,15
1576238400,27673.5,27814.0,27582.0,27635.5,7093,15
1576252800,27638.0,27853.0,27417.5,27499.5,18499,25
1576267200,27500.0,27530.0,27488.5,27496.0,2492,45
1576468800,27535.5,27723.5,27486.0,27564.0,17107,30
1576483200,27581.5,27621.5,27505.5,27581.0,9823,40
1576497600,27581.0,27598.5,27542.5,27595.5,3891,40
1576512000,27596.5,27701.5,27593.5,27689.5,6443,40
1576526400,27688.5,27700.5,27669.5,27685.5,915,40
1576555200,27582.5,27843.5,27541.5,27822.0,17427,15
1576569600,27821.0,27899.5,27765.0,27794.0,15365,15
1576584000,27794.0,27823.5,27744.5,27769.5,4516,35
1576598400,27770.5,27842.5,27757.5,27826.5,3940,35
1576612800,27826.5,27858.5,27818.5,27850.5,669,45
1576641600,27858.0,28009.5,27766.0,27814.5,17648,15
1576656000,27841.0,27909.0,27786.0,27890.5,6716,15
1576670400,27889.5,27944.0,27876.0,27897.0,3279,45
1576684800,27896.0,27917.0,27859.0,27861.0,4502,40
1576699200,27861.0,27905.5,27861.0,27900.0,1109,45
1576728000,27860.0,27956.5,27674.5,27692.0,14787,20
1576742400,27712.5,27844.5,27710.5,27769.0,9656,15
1576756800,27770.0,27805.5,27743.5,27751.5,4071,40
1576771200,27750.5,27841.5,27734.5,27819.5,3937,35
1576785600,27819.5,27855.5,27813.5,27851.0,767,45
1576828800,27843.0,27949.5,27815.0,27932.5,4707,45
1576843200,27932.5,27975.0,27896.0,27945.5,4269,45
1576857600,27943.5,27967.5,27913.0,27931.0,5846,45
1576872000,27929.5,27941.5,27922.5,27930.0,863,45
1577073600,28003.5,28049.0,27836.0,27882.5,17376,40
1577088000,27900.0,27905.0,27822.5,27824.5,9655,40
1577102400,27824.5,27897.0,27818.5,27891.0,2345,45
1577116800,27892.0,27894.0,27828.0,27839.0,3137,10
1577131200,27839.0,27851.0,27839.0,27844.0,523,45
1577160000,27858.5,27910.0,27790.0,27847.0,14014,35
1577419200,28007.5,28255.0,28007.5,28199.5,12417,20
1577433600,28219.0,28242.0,28163.0,28200.5,7831,20
1577448000,28202.5,28273.0,28180.5,28261.0,2426,20
1577462400,28259.5,28272.0,28198.0,28257.0,4309,40
1577476800,28257.0,28262.0,28237.5,28239.0,738,45
1577678400,28205.5,28461.5,28196.5,28420.0,14467,30
1577692800,28419.0,28424.5,28318.5,28335.0,9535,30
1577707200,28335.0,28359.0,28301.5,28349.0,2757,45
1577721600,28348.5,28395.0,28252.0,28280.0,6713,35
1577736000,28280.0,28292.0,28211.0,28214.0,1196,40
1577764800,28225.5,28337.5,28130.0,28214.5,14652,35
1577980800,28614.0,28723.0,28593.0,28692.0,7337,40
1577995200,28693.0,28737.5,28685.5,28734.0,1354,40
1578024000,28795.5,28894.5,28429.5,28513.0,21942,20
1578038400,28507.5,28512.5,28337.0,28344.0,13990,25
1578052800,28345.0,28363.5,28230.5,28328.5,7989,35
1578067200,28328.5,28484.5,28326.5,28416.5,12041,35
1578081600,28415.5,28442.0,28324.5,28378.5,2749,35
1578283200,28211.5,28387.0,28186.0,28290.5,18347,40
1578297600,28275.0,28321.0,28029.0,28032.0,17720,20
1578312000,28031.0,28219.5,28029.0,28192.5,6451,50
1578326400,28192.5,28260.5,28123.5,28210.5,9617,45
1578340800,28208.5,28260.5,28203.5,28254.5,1094,50
1578369600,28338.5,28485.5,28263.5,28421.0,12674,45
1578384000,28396.5,28407.5,28239.5,28330.0,7741,40
1578398400,28329.0,28350.5,28291.0,28306.0,2809,45
1578412800,28306.0,28308.5,28197.5,28240.5,5678,45
1578427200,28240.5,28260.5,28232.5,28254.5,741,45
1578456000,27829.5,28209.5,27793.5,28058.0,20186,40
1578470400,28100.5,28100.5,27956.5,28007.0,8711,30
1578484800,28008.0,28134.5,28001.0,28111.5,3913,40
1578499200,28111.5,28407.5,28095.5,28345.5,7405,15
1578513600,28347.5,28410.5,28346.5,28398.5,2332,20
1578542400,28349.5,28463.0,28329.0,28428.5,16339,15
1578556800,28418.0,28603.5,28417.0,28576.5,12024,15
1578571200,28576.5,28588.5,28479.0,28491.5,5711,20
1578585600,28489.5,28571.0,28472.0,28539.0,8028,35
1578600000,28540.0,28550.0,28495.0,28542.0,2627,35
1578628800,28589.0,28687.5,28501.5,28604.0,12499,20
1578643200,28598.5,28668.5,28553.5,28610.0,5010,15
1578657600,28611.0,28695.5,28599.0,28673.5,1659,40
1578672000,28673.5,28719.5,28615.5,28654.5,5255,35
1578686400,28655.5,28717.5,28623.5,28716.5,1789,50
1578888000,28655.0,28977.0,28655.0,28883.0,22273,40
1578902400,28896.5,29002.5,28883.0,28917.0,12068,40
1578916800,28916.0,28944.5,28872.5,28898.5,4034,50
1578931200,28898.5,29035.5,28851.5,29034.5,7216,20
1578945600,29034.0,29136.5,29029.5,29101.5,1512,45
1578974400,29141.5,29187.0,28872.0,28919.5,11613,15
1578988800,28918.0,28971.0,28748.5,28839.5,12830,20
1579003200,28838.5,28917.5,28819.0,28867.5,7874,45
1579017600,28866.0,28958.5,28862.0,28953.0,10847,40
1579032000,28953.5,28995.5,28876.5,28909.0,2212,45
1579060800,28872.0,28990.0,28630.0,28646.5,12039,15
1579075200,28668.0,28804.0,28630.0,28717.5,10855,40
1579089600,28716.5,28790.0,28704.5,28777.5,3739,40
1579104000,28777.5,28830.0,28750.0,28812.5,7807,15
1579118400,28813.0,28833.0,28751.0,28778.0,2173,45
1579147200,28781.0,29009.5,28711.5,28767.0,13367,15
1579161600,28776.5,28910.5,28756.5,28882.5,5492,15
1579176000,28883.5,28898.0,28834.0,28885.0,4283,50
1579190400,28885.0,28971.5,28876.0,28941.0,7234,35
1579204800,28941.0,28950.0,28924.0,28944.0,1067,35
1579233600,28979.0,29133.0,28781.0,28841.5,16944,20
1579248000,28861.0,29056.5,28828.0,29019.5,9300,40
1579262400,29018.5,29106.5,29015.5,29062.0,3545,35
1579276800,29063.0,29094.0,28986.0,29029.0,5819,35
1579291200,29030.0,29064.5,29014.0,29053.0,835,45
1579492800,29102.5,29188.0,28909.5,28912.5,16196,15
1579507200,28921.0,28969.0,28656.5,28658.5,12214,20
1579521600,28659.5,28733.0,28639.5,28707.0,2646,15
1579536000,28708.0,28724.0,28644.0,28651.0,2400,40
1579550400,28652.0,28666.0,28646.0,28648.0,345,40
1579579200,28577.0,28596.5,28085.5,28109.0,19921,15
1579593600,28115.5,28177.5,27824.5,27883.0,17860,15
1579608000,27885.0,27977.5,27878.5,27937.5,5034,15
1579622400,27937.5,28102.5,27916.5,28067.5,9738,15
1579636800,28068.5,28090.5,27984.5,28010.5,1849,25
1579665600,28029.5,28235.5,27920.5,28180.0,18892,20
1579680000,28179.5,28359.5,28164.5,28242.0,14100,20
1579694400,28241.0,28275.0,28175.5,28244.0,5801,25
1579708800,28243.0,28260.0,28062.5,28095.0,8760,10
1579723200,28096.0,28148.0,28057.5,28139.5,2131,40
1579752000,28001.5,28114.5,27806.5,27833.0,20154,20
1579766400,27818.5,27868.5,27686.5,27779.0,20016,20
1579780800,27778.0,27844.5,27769.5,27805.5,4236,45
1579795200,27805.5,27816.5,27539.5,27561.5,12947,40
1579809600,27561.5,27679.5,27555.5,27674.5,2769,50
1579838400,27721.5,27950.5,27721.5,27898.5,13569,20
1580270400,26973.5,27319.0,26970.0,27250.0,19826,20
1580284800,27261.5,27319.5,27076.0,27093.0,13366,10
1580299200,27093.0,27160.0,27061.0,27128.5,3362,20
1580313600,27128.0,27134.5,26961.5,26999.5,8774,20
1580328000,26999.5,27027.5,26987.5,27023.5,631,45
1580356800,26917.5,27134.0,26661.5,26684.5,21690,25
1580371200,26682.0,26707.0,26309.5,26403.5,23215,15
1580385600,26404.5,26511.0,26363.5,26384.0,9311,20
1580400000,26383.0,26514.0,26316.0,26472.0,13983,15
1580414400,26472.0,26491.0,26368.0,26456.0,3768,50
1580443200,26723.0,26808.5,26464.5,26531.0,21121,40
1580457600,26519.0,26554.5,26227.0,26236.0,14689,20
1580472000,26233.0,26280.0,26100.5,26192.5,8289,45
1580486400,26191.5,26205.5,25972.5,26045.5,15028,15
1580500800,26044.5,26061.5,25936.5,25944.5,4038,45
1580702400,26217.5,26507.5,26072.5,26286.0,28497,40
1580716800,26296.5,26455.5,26222.0,26283.0,20887,20
1580731200,26284.0,26346.5,26234.0,26321.5,7071,40
1580745600,26322.5,26434.0,26293.5,26319.5,14719,10
1580760000,26320.0,26362.0,26298.0,26332.5,3902,45
1580788800,26387.5,26690.0,26355.5,26603.5,21313,15
1580803200,26603.5,26812.0,26500.0,26728.5,14102,15
1580817600,26727.5,26833.0,26717.5,26821.0,7227,50
1580832000,26822.0,26973.0,26799.0,26949.0,11640,15
1580846400,26950.0,26966.0,26927.5,26946.0,2149,50
1580875200,26806.0,26875.5,26618.5,26768.0,23813,15
1580889600,26743.5,26942.0,26566.0,26889.0,18206,15
1580904000,26888.0,27224.5,26871.0,27116.0,13104,20
1580918400,27118.5,27196.5,26873.5,26972.5,17190,45
1580932800,26972.5,27007.5,26929.5,26965.5,2452,50
1580961600,27004.0,27456.5,26957.0,27436.5,22669,30
1580976000,27436.5,27609.0,27321.5,27416.5,20054,15
1580990400,27415.5,27441.0,27260.0,27353.0,7427,15
1581004800,27353.0,27411.0,27215.0,27269.0,13568,45
1581019200,27269.0,27328.0,27265.0,27304.0,1723,50
1581048000,27149.5,27383.5,27149.5,27229.0,21810,15
1581062400,27236.5,27367.0,27175.0,27318.0,18326,25
1581076800,27319.0,27328.0,27088.0,27145.0,8920,40
1581091200,27145.0,27209.0,27037.5,27096.0,14952,15
1581105600,27095.5,27101.0,27044.5,27052.5,2644,45
1581307200,26935.5,27290.0,26935.5,27111.5,24296,15
1581321600,27145.0,27242.0,27079.5,27110.5,14274,15
1581336000,27112.5,27171.0,27093.0,27149.0,6241,50
1581350400,27150.0,27194.0,27091.0,27168.0,6522,40
1581364800,27168.0,27171.0,27143.0,27170.0,846,45
1581393600,27301.5,27669.5,27301.5,27573.0,11978,20
1581408000,27586.5,27640.5,27531.5,27587.0,5593,20
1581422400,27588.0,27609.5,27534.0,27582.5,3327,20
1581436800,27585.5,27746.5,27550.5,27669.5,9408,40
1581451200,27669.5,27714.5,27659.5,27710.5,1693,50
1581480000,27637.0,27782.5,27588.5,27762.0,17364,20
1581494400,27765.5,27887.0,27765.5,27886.0,12373,20
1581508800,27885.0,27892.0,27809.0,27856.5,4591,20
1581523200,27856.5,27927.0,27821.5,27918.0,9380,20
1581537600,27919.0,27944.0,27907.0,27939.5,1699,45
1581566400,27834.5,27894.5,27668.5,27715.5,24119,15
1581580800,27720.0,27738.5,27646.0,27688.5,15431,20
1581595200,27687.5,27699.5,27548.0,27612.0,7067,45
1581609600,27611.0,27747.0,27607.0,27725.0,9266,20
1581624000,27723.5,27738.5,27653.5,27697.5,2275,60
1581652800,27700.5,27960.5,27657.5,27857.0,15353,10
1581667200,27881.5,27901.5,27767.5,27781.0,11209,40
1581681600,27783.0,27824.5,27757.5,27811.5,3145,50
1581696000,27812.5,27820.5,27719.5,27729.0,5736,50
1581710400,27727.5,27730.0,27641.5,27660.5,1857,60
1581912000,27687.5,28034.5,27677.5,27929.0,16172,15
1581926400,27938.5,28067.5,27863.0,27876.0,7904,15
1581940800,27875.0,27927.5,27859.0,27900.5,2352,45
1581955200,27898.5,27947.5,27897.5,27933.5,1568,40
1581969600,27933.5,27938.5,27918.5,27930.5,606,60
1581998400,27718.0,27746.0,27517.0,27527.5,16728,20
1582012800,27536.0,27593.0,27470.5,27511.5,11233,40
1582027200,27512.5,27514.5,27410.0,27443.0,4882,40
1582041600,27443.0,27506.0,27405.0,27411.0,7750,50
1582056000,27409.5,27457.0,27407.5,27417.0,1242,60
1582084800,27493.5,27704.0,27449.0,27621.5,16943,25
1582099200,27622.5,27684.5,27595.5,27639.5,13463,15
1582113600,27640.5,27656.5,27611.0,27643.5,2860,45
1582128000,27643.0,27676.0,27616.0,27624.0,5716,15
1582142400,27625.0,27640.0,27615.0,27628.0,696,50
1582171200,27743.0,27769.0,27323.5,27395.5,23612,15
1582185600,27403.5,27601.0,27402.5,27495.5,20299,20
1582200000,27495.5,27526.5,27445.5,27465.0,4906,20
1582214400,27464.0,27483.0,27249.5,27315.0,13426,40
1582228800,27313.5,27353.0,27273.5,27334.5,5554,40
1582257600,27302.0,27454.0,27217.5,27359.0,13815,20
1582272000,27366.0,27423.0,27228.0,27276.0,12416,20
1582286400,27276.0,27387.0,27273.0,27381.0,5314,45
1582300800,27380.0,27396.0,27276.0,27366.0,10014,15
1582315200,27367.0,27389.0,27334.0,27339.0,2178,45
1582516800,27017.0,27111.5,26785.5,26860.5,19670,20
1582531200,26866.5,26919.5,26650.5,26695.5,12701,15
1582545600,26696.5,26712.5,26485.5,26530.5,11657,30
1582560000,26529.5,26577.5,26351.5,26550.5,13785,30
1582574400,26546.5,26550.5,26485.5,26514.5,4432,45
1582603200,26610.0,26891.5,26610.0,26780.5,20967,10
1582617600,26772.5,26882.5,26729.5,26776.5,15857,25
1582632000,26776.5,26820.5,26642.5,26759.5,10590,10
1582646400,26760.5,26782.5,26502.5,26550.5,16638,25
1582660800,26555.5,26568.5,26412.5,26440.5,6204,10
1582689600,26335.0,26748.5,26335.0,26716.5,23592,10
1582704000,26733.5,26733.5,26453.5,26484.5,19363,10
1582718400,26485.5,26733.5,26251.5,26691.5,14953,20
1582732800,26692.5,26874.5,26662.5,26781.5,12454,50
1582747200,26783.5,26796.5,26627.5,26635.5,5671,50
1582776000,26357.0,26535.0,26352.0,26365.0,23904,50
1582790400,26366.0,26855.0,26366.0,26757.0,24346,10
1582804800,26758.0,26848.0,26597.5,26609.0,13157,40
1582819200,26609.0,26633.0,26170.0,26438.0,22089,10
1582833600,26440.0,26594.0,26409.0,26430.0,9278,50
1582862400,26135.5,26297.5,25935.5,25974.5,31733,15
1582876800,26014.5,26279.5,25920.5,26024.5,31392,10
1582891200,26025.5,26223.5,25909.5,26186.5,19666,10
1582905600,26186.5,26193.5,25595.5,25978.5,25597,10
1582920000,25976.5,26052.5,25827.5,25828.5,7107,50
1583121600,25938.0,26371.5,25899.5,26306.5,29621,10
1583136000,26308.5,26467.5,26223.5,26247.5,23094,20
1583150400,26246.5,26332.5,25845.5,26014.5,12260,45
1583164800,26015.5,26248.5,25929.5,26231.5,18614,50
1583179200,26230.5,26282.5,26152.5,26207.5,5642,50
1583208000,26482.0,26520.5,26248.5,26316.5,25330,20
1583222400,26317.5,26407.5,26219.5,26222.5,7704,50
1583236800,26342.5,26407.5,26144.5,26182.5,13235,10
1583251200,26182.5,26612.5,26139.5,26285.5,16980,40
1583265600,26285.5,26308.5,26101.5,26101.5,3702,50
1583308800,26186.0,26370.0,26142.0,26253.0,7524,80
1583323200,26251.0,26349.0,26207.0,26296.0,7362,50
1583337600,26297.0,26314.0,26199.0,26217.0,7144,50
1583352000,26217.0,26331.0,26217.0,26328.0,3040,50
1583380800,26273.0,26513.5,26252.5,26480.5,12786,20
1583395200,26481.5,26780.5,26480.5,26647.5,13098,10
1583409600,26647.5,26684.5,26516.5,26537.5,8124,30
1583424000,26538.5,26570.5,26461.5,26498.5,10002,20
1583438400,26499.5,26506.5,26386.5,26415.5,3643,30
1583481600,26065.5,26126.5,25864.5,25999.5,10043,70
1583496000,26000.5,26096.5,25671.5,25708.5,10948,20
1583510400,25707.5,25875.5,25678.5,25747.5,13640,40
1583524800,25748.5,25769.5,25714.5,25721.5,4154,40
1583726400,25131.5,25280.0,24938.5,25091.0,15722,70
1583740800,25089.0,25166.5,24780.5,24917.5,16403,60
1583755200,24917.5,25175.5,24693.5,24705.5,8522,40
1583769600,24703.5,25046.5,24364.5,24855.5,15098,30
1583784000,24855.5,24921.5,24637.5,24705.5,5399,50
1583812800,25120.0,25531.0,24943.0,25510.0,16806,70
1583827200,25496.5,25660.0,25299.5,25653.0,18096,20
1583841600,25651.0,25744.0,25458.0,25547.0,12484,15
1583856000,25543.5,25658.0,25211.5,25285.5,16201,15
1583870400,25288.0,25465.0,25237.5,25453.0,7238,50
1583913600,25153.5,25421.5,25054.5,25332.5,5049,70
1583928000,25331.5,25353.5,25245.5,25302.5,909,300
1583985600,24609.5,24679.5,23987.5,24309.5,17256,60
1584000000,24308.5,24405.5,23802.5,23897.5,15805,55
1584014400,23894.5,23959.5,23218.5,23318.5,10893,15
1584028800,23318.0,23323.5,22841.0,23057.0,10520,10
1584043200,23058.5,23309.0,22846.0,22859.5,2600,10
1584072000,22459.0,23560.0,22423.0,23490.0,15547,70
1584086400,23490.0,24143.0,23266.0,23667.0,14733,20
1584100800,23667.0,24735.0,23616.0,24498.5,7607,45
1584115200,24500.0,24522.0,24271.0,24391.0,1247,50
1584331200,23015.0,23080.0,22999.0,23080.0,32,70
1584345600,23123.0,23144.0,22608.0,22765.0,15079,50
1584360000,22767.0,22812.0,22748.0,22812.0,113,300
1584417600,22137.0,22137.0,22137.0,22137.0,1,130
1584504000,22636.0,22636.0,22630.0,22631.0,3,735
1584518400,22679.5,22774.5,21934.5,22052.5,13407,40
1584532800,22003.5,22072.5,21587.5,21791.5,10810,50
1584547200,21787.5,22284.5,21593.5,21701.5,19641,40
1584561600,21701.5,21858.5,21493.5,21623.5,5695,50
1584590400,21953.5,22059.5,20948.5,21238.5,15623,10
1584604800,21238.5,21913.5,21099.5,21759.5,17156,10
1584619200,21760.5,21837.5,21480.5,21717.5,9721,10
1584633600,21718.5,22119.5,21481.5,22065.5,17037,10
1584648000,22065.5,22282.5,21998.5,22249.5,5172,50
1584676800,22056.5,22614.5,22049.5,22361.5,16458,10
1584691200,22366.5,23113.5,22105.5,23087.5,18499,10
1584705600,23086.5,23197.5,23080.5,23165.5,882,480
1584936000,21251.5,21257.5,21251.5,21257.5,2,1210
1585022400,22490.0,22673.0,22339.0,22633.0,18630,80
1585036800,22631.0,22783.0,22575.5,22780.0,12503,15
1585051200,22778.0,23131.0,22712.0,22914.5,12210,20
1585065600,22914.5,23288.0,22874.0,23174.0,15649,35
1585080000,23171.0,23199.0,22991.0,23022.0,4608,55
1585108800,23142.5,23474.5,22932.5,23303.5,16516,80
1585123200,23303.5,23711.5,23002.5,23676.5,16893,20
1585137600,23675.5,23824.5,23151.5,23362.5,15000,50
1585152000,23362.5,23579.5,23210.5,23514.5,19466,30
1585166400,23512.5,23863.5,23489.5,23657.5,6173,25
1585195200,23380.5,23539.5,23084.5,23365.5,17956,50
1585209600,23369.5,23499.5,23115.5,23244.5,17395,20
1585224000,23250.5,23343.5,23125.5,23318.5,12448,50
1585238400,23318.5,23978.5,23298.5,23966.5,18886,25
1585252800,23964.5,24027.5,23831.5,24003.5,6942,20
1585281600,23821.5,23821.5,23428.5,23524.5,15570,40
1585296000,23517.5,23610.5,23296.5,23311.5,15140,20
1585310400,23315.5,23409.5,22825.5,22866.5,10643,20
1585324800,22864.5,23085.5,22810.5,22976.5,10076,50
1585339200,22977.5,23040.5,22896.5,22991.5,2415,40
1585540800,22794.5,23304.5,22786.5,23243.5,15872,10
1585555200,23244.5,23495.5,22973.5,23099.5,18095,15
1585569600,23098.5,23240.5,22899.5,23236.5,9996,50
1585584000,23236.5,23398.5,23036.5,23381.5,14907,40
1585598400,23382.5,23399.5,23271.5,23397.5,4757,50
1585627200,23569.5,23666.5,23191.5,23278.5,15847,60
1585641600,23291.0,23728.5,23189.5,23648.5,15256,55
1585656000,23648.5,23674.5,23311.5,23433.5,10285,45
1585670400,23434.0,23711.0,23426.0,23490.0,14798,15
1585684800,23491.0,23529.0,23424.0,23511.0,4519,50
1585713600,23341.0,23532.0,23187.5,23338.0,15291,60
1585728000,23329.0,23381.5,22798.0,22886.0,18115,25
1585742400,22884.0,23029.0,22878.5,22934.0,8977,20
1585756800,22934.0,23027.0,22582.0,22592.5,12637,50
1585771200,22591.0,22668.5,22546.0,22626.0,4247,25
1585800000,22668.0,23148.0,22619.0,22958.0,16230,50
1585814400,23007.0,23264.0,22931.0,23192.0,15036,15
1585828800,23191.0,23248.0,22996.0,23007.0,8391,50
1585843200,23007.0,23266.0,22895.0,23088.0,14902,20
1585857600,23090.0,23125.0,22914.0,22988.0,4705,50
1585886400,23046.5,23193.5,22974.5,23031.5,12528,60
1585900800,23033.5,23228.0,22998.0,23144.5,13518,50
1585915200,23145.5,23346.5,23076.5,23229.5,7551,30
1585929600,23228.5,23330.5,22956.5,23024.0,12543,40
1585944000,23024.0,23074.5,22959.5,22986.5,3833,55
1586145600,23694.0,23706.0,23260.0,23511.0,16695,20
1586160000,23511.0,23848.0,23473.0,23747.0,16590,55
1586174400,23745.0,23779.0,23672.5,23736.5,6659,50
1586188800,23737.5,23955.5,23720.5,23926.0,11534,25
1586203200,23927.5,23986.5,23915.0,23947.0,3010,50
1586232000,24064.0,24127.0,23731.0,23860.0,18214,50
1586246400,23856.0,24419.0,23813.0,24237.0,16534,15
1586260800,24236.0,24589.0,24234.0,24545.0,9515,50
1586275200,24542.0,24565.0,24175.0,24278.0,15582,50
1586289600,24278.0,24309.0,24083.0,24088.0,5295,50
1586318400,24069.5,24072.0,23891.0,24048.0,10293,75
1586332800,24078.0,24148.0,23657.0,23788.0,18610,55
1586347200,23787.0,23975.0,23734.0,23933.0,8490,50
1586361600,23933.0,24126.0,23834.5,24089.5,13983,20
1586376000,24090.5,24155.5,24037.0,24139.0,4422,50
1586404800,24183.0,24226.0,24003.5,24161.0,15736,45
1586419200,24178.0,24324.0,24042.0,24051.0,15690,25
1586433600,24051.0,24211.0,23945.0,24199.0,8501,15
1586448000,24200.0,24384.0,24158.0,24369.0,14424,50
1586462400,24369.0,24428.0,24275.5,24294.0,4834,50
1586836800,24256.0,24587.0,24228.5,24517.0,14850,50
1586851200,24513.0,24553.0,24318.0,24358.0,11631,15
1586865600,24358.0,24455.0,24323.0,24423.0,5593,50
1586880000,24424.0,24557.0,24414.0,24509.0,9737,15
1586894400,24510.0,24510.0,24445.0,24446.0,2741,50
1586923200,24418.0,24599.0,24281.0,24369.0,12428,55
1586937600,24399.0,24417.0,23871.0,23886.0,14176,50
1586952000,23890.0,24029.0,23818.0,23827.0,9291,10
1586966400,23827.0,23913.0,23787.0,23859.0,11321,20
1586980800,23857.0,24001.5,23855.0,23971.0,4591,20
1587009600,23964.0,24093.0,23818.5,23945.5,13835,10
1587024000,23970.5,24115.0,23892.5,23894.5,14139,10
1587038400,23894.5,23990.0,23851.5,23985.0,11251,10
1587052800,23982.0,24005.0,23823.5,23869.5,14023,10
1587067200,23868.5,23925.0,23859.5,23899.5,5493,10
1587096000,24467.5,24671.5,24435.5,24568.5,13775,10
1587110400,24567.5,24642.5,24286.5,24318.5,13415,10
1587124800,24319.5,24451.0,24298.5,24406.0,10070,10
1587139200,24402.5,24414.0,24239.5,24311.0,12831,10
1587153600,24307.0,24321.0,24263.5,24284.0,3653,10
1587355200,24290.0,24477.0,24179.5,24314.0,15453,20
1587369600,24363.0,24379.0,24253.5,24291.0,14258,30
1587384000,24292.0,24317.0,24071.0,24111.5,8580,40
1587398400,24113.0,24345.0,24083.5,24301.5,9844,40
1587412800,24303.0,24303.0,24141.5,24143.0,3346,40
1587441600,24149.0,24248.0,23635.5,23770.0,17405,30
1587456000,23754.0,23903.0,23683.0,23735.0,14448,30
1587470400,23737.0,23777.0,23511.0,23518.0,10345,20
1587484800,23517.0,23644.0,23451.5,23499.0,13830,30
1587499200,23497.0,23537.0,23429.5,23435.0,4356,35
1587528000,23548.0,23664.0,23441.0,23567.0,15665,30
1587542400,23587.5,23940.0,23584.0,23933.0,14190,20
1587556800,23932.0,23960.0,23837.5,23937.0,7415,20
1587571200,23933.5,23965.0,23855.5,23895.5,10229,35
1587585600,23897.0,23914.0,23874.0,23905.0,2362,40
1587614400,23934.0,24102.0,23766.5,23982.0,14668,15
1587628800,23953.5,24074.5,23897.0,23953.0,14397,40
1587643200,23950.0,24080.0,23943.0,24078.0,6010,40
1587657600,24079.0,24244.0,23988.0,24062.0,9519,20
1587672000,24061.0,24084.0,23958.0,24016.0,4775,40
1587700800,23808.0,23944.0,23685.0,23858.0,12070,30
1587715200,23865.0,23929.5,23765.0,23858.0,12675,30
1587729600,23859.0,24036.0,23858.0,24006.5,7062,35
1587744000,24007.5,24018.0,23859.0,23953.0,9491,30
1587758400,23954.0,24017.5,23932.5,23992.0,2517,40
1587960000,24044.0,24332.0,24027.0,24276.0,13525,35
1587974400,24293.5,24352.0,24250.0,24345.0,12335,25
1587988800,24344.0,24352.0,24289.0,24295.0,3888,10
1588003200,24296.0,24383.0,24237.0,24369.0,5669,40
1588017600,24370.0,24398.0,24349.5,24390.0,1032,40
1588046400,24349.5,24497.5,24153.5,24452.0,12702,30
1588060800,24421.5,24690.0,24358.0,24659.0,12345,30
1588075200,24659.0,24856.0,24649.5,24847.0,6725,15
1588089600,24847.5,24874.0,24611.5,24654.0,10571,30
1588104000,24655.0,24674.0,24637.5,24640.0,2906,40
1588132800,24707.0,24879.0,24580.0,24631.0,14516,30
1588147200,24630.0,24663.0,24544.0,24649.0,10973,30
1588161600,24652.0,24786.0,24581.0,24780.0,5870,30
1588176000,24781.0,24859.0,24723.0,24814.0,8192,10
1588190400,24815.0,24867.0,24791.0,24847.0,2724,30
1588564800,23789.5,23831.5,23553.5,23601.5,12493,50
1588579200,23616.5,23669.5,23394.5,23401.5,11885,20
1588593600,23402.5,23533.5,23340.5,23471.5,6042,35
1588608000,23470.5,23512.5,23394.5,23462.5,8981,20
1588622400,23462.5,23493.5,23428.5,23468.5,2139,40
1588651200,23681.5,23824.5,23636.5,23768.5,9009,20
1588665600,23741.5,23906.5,23632.5,23641.5,9787,35
1588680000,23641.5,23846.5,23628.5,23816.5,6166,40
1588694400,23817.5,23916.5,23800.5,23868.5,6435,35
1588708800,23868.5,23913.5,23854.5,23898.5,1526,40
1588737600,23755.0,24075.0,23750.0,24012.0,11791,30
1588752000,24011.0,24241.0,24011.0,24191.0,9990,30
1588766400,24192.0,24209.0,24053.0,24081.0,4425,30
1588780800,24082.0,24132.0,23924.0,23977.0,8408,30
1588795200,23978.0,24007.0,23957.0,23979.0,2590,40
1588824000,24057.0,24080.0,23882.0,23984.0,11037,30
1588838400,23999.0,24065.0,23923.0,23957.0,8843,30
1588852800,23958.0,24062.0,23944.0,24016.0,4790,30
1588867200,24016.0,24054.0,23908.0,24005.0,7914,30
1588881600,24004.0,24018.0,23928.0,23932.0,2092,30
1588910400,24188.0,24266.0,24088.0,24186.0,10642,30
1588924800,24194.0,24270.0,24138.0,24239.0,7876,30
1588939200,24239.0,24262.0,24196.0,24229.0,3977,30
1588953600,24228.0,24385.0,24202.0,24336.0,6800,40
1588968000,24337.0,24339.0,24281.0,24290.0,1754,40
1589169600,24417.0,24791.0,24413.0,24712.0,10154,30
1589184000,24710.0,24728.0,24476.0,24513.0,8905,30
1589198400,24514.0,24514.0,24278.0,24309.0,6434,35
1589212800,24310.0,24430.0,24303.0,24417.0,6957,20
1589227200,24416.0,24463.0,24371.0,24400.0,2028,35
1589256000,24281.5,24408.5,24095.5,24171.5,11888,20
1589270400,24146.5,24265.5,24113.5,24217.5,10076,30
1589284800,24218.5,24377.5,24178.5,24358.5,4934,40
1589299200,24360.5,24444.5,24286.5,24422.5,7630,30
1589313600,24421.5,24426.5,24294.5,24313.5,2865,30
1589342400,24010.0,24285.0,23969.0,24280.0,11387,30
1589356800,24281.0,24338.0,24095.0,24101.0,10297,20
1589371200,24099.0,24151.0,24088.0,24125.0,423,260
1589385600,24174.0,24186.0,23964.0,24019.0,5199,30
1589400000,24018.0,24042.0,23926.0,23930.0,4716,30
1589428800,24004.5,24056.5,23732.5,23852.5,12823,30
1589443200,23856.5,23862.5,23700.5,23747.5,11230,10
1589457600,23744.5,23820.5,23538.5,23579.5,8676,30
1589472000,23580.5,23811.5,23515.5,23809.5,13816,30
1589486400,23811.5,23850.5,23749.5,23766.5,3974,30
1589515200,23868.0,23953.0,23631.0,23914.0,13782,30
1589529600,23923.0,23995.0,23726.0,23763.0,10861,30
1589544000,23765.0,23821.0,23474.0,23525.0,9308,30
1589558400,23524.0,23628.0,23483.0,23561.0,11079,30
1589572800,23560.0,23592.0,23525.0,23536.0,3405,40
1589774400,23726.0,23959.0,23686.0,23895.0,11984,20
1589788800,23895.0,24026.0,23825.0,23981.0,9489,15
1589803200,23982.0,24199.0,23918.0,24186.0,5997,15
1589817600,24185.0,24465.0,24164.0,24397.0,9356,30
1589832000,24397.0,24471.0,24395.0,24468.0,2297,40
1589860800,24383.5,24577.5,24289.5,24414.5,12911,20
1589875200,24413.5,24499.5,24329.5,24430.5,9258,30
1589889600,24428.5,24445.5,24303.5,24383.5,5751,30
1589904000,24381.5,24436.5,24307.5,24374.5,7956,30
1589918400,24374.5,24421.5,24365.5,24409.5,1451,30
1589947200,24394.5,24525.5,24303.5,24367.5,11921,30
1589961600,24376.5,24484.5,24320.5,24424.5,10283,30
1589976000,24425.5,24623.5,24395.5,24591.0,5498,30
1589990400,24591.5,24676.5,24495.5,24514.5,9170,30
1590004800,24516.5,24526.5,24418.5,24525.0,4176,25
1590033600,24451.5,24515.0,24163.5,24366.0,13871,30
1590048000,24381.5,24423.5,24155.0,24225.0,11103,30
1590062400,24226.0,24252.0,24203.0,24220.0,462,260
1590120000,23673.0,23727.0,23075.0,23099.0,13516,25
1590134400,23077.0,23094.0,22731.0,22847.0,15128,20
1590148800,22848.0,23042.0,22815.0,23017.5,8122,25
1590163200,23017.5,23066.0,22853.5,22860.0,10914,30
1590177600,22860.0,22876.0,22825.0,22827.0,2309,30
1590379200,22592.0,22947.0,22504.0,22679.0,13430,25
1590393600,22685.5,22928.0,22679.0,22924.0,12183,15
1590408000,22924.0,22924.0,22924.0,22924.0,1,360
1590465600,23177.5,23458.5,23162.5,23390.5,13129,20
1590480000,23409.5,23480.5,23295.5,23348.5,10228,20
1590494400,23348.5,23397.5,23300.5,23377.5,5080,40
1590508800,23376.5,23452.5,23334.5,23380.5,7891,25
1590523200,23381.5,23410.5,23361.5,23361.5,1501,40
1590552000,23410.5,23508.5,23122.5,23263.5,11552,20
1590566400,23247.5,23270.5,23106.5,23257.5,9904,20
1590580800,23258.5,23369.0,23230.5,23232.5,4863,35
1590595200,23231.5,23269.5,22920.5,22940.5,7581,30
1590609600,22941.5,23025.0,22876.5,22972.5,2425,20
1590638400,23120.0,23442.0,22764.0,22828.0,15467,20
1590652800,22837.5,23319.0,22738.0,23083.0,17347,15
1590667200,23084.0,23140.0,22986.5,23112.0,6777,15
1590681600,23113.0,23270.0,23066.0,23264.0,9232,20
1590696000,23266.0,23281.0,23219.0,23223.0,2044,40
1590724800,22597.0,23084.0,22597.0,22999.5,13444,15
1590739200,22984.0,23054.0,22834.0,22967.0,10977,20
1590753600,22969.0,23145.0,22942.0,23061.0,5961,30
1590768000,23057.0,23067.0,22816.0,22959.0,10048,30
1590782400,22959.0,23051.0,22864.0,22981.0,4207,30
1590984000,23411.0,23838.0,23411.0,23738.0,12744,15
1590998400,23744.5,23832.0,23481.5,23628.0,12561,30
1591012800,23630.0,23660.5,23541.5,23588.5,6456,15
1591027200,23586.0,23724.5,23501.5,23715.5,9328,30
1591041600,23716.5,23776.5,23713.0,23774.0,1552,30
1591070400,23814.0,24027.5,23695.5,23846.0,13920,25
1591084800,23846.0,24165.0,23821.5,24139.0,11855,20
1591099200,24139.0,24249.0,24102.0,24221.0,5176,30
1591113600,24224.0,24440.0,24158.0,24287.0,8667,30
1591128000,24287.0,24345.5,24267.5,24309.0,2044,35
1591156800,24464.0,24492.0,24229.0,24319.0,13488,20
1591171200,24316.0,24407.0,24263.0,24347.0,9664,30
1591185600,24348.0,24355.0,24332.0,24352.0,319,260
1591243200,24640.0,24681.0,24223.0,24330.0,14331,30
1591257600,24315.0,24425.5,24237.5,24365.0,11946,30
1591272000,24366.0,24479.5,24249.5,24325.5,7225,30
1591286400,24323.5,24466.5,24280.0,24285.5,11729,30
1591300800,24286.5,24358.0,24278.0,24299.5,2881,30
1591329600,24364.0,24476.5,24271.5,24417.5,12998,30
1591344000,24416.5,24879.5,24403.5,24777.5,12505,20
1591358400,24779.5,24976.5,24705.5,24968.5,6625,20
1591372800,24968.5,25173.5,24953.5,25152.5,10679,20
1591387200,25151.5,25158.5,25046.5,25117.5,2321,40
1591588800,25016.0,25085.0,24791.0,24814.0,13412,15
1591603200,24815.0,24892.0,24699.0,24888.0,11580,30
1591617600,24873.0,24964.0,24862.0,24925.0,6706,30
1591632000,24926.0,24952.0,24784.0,24885.0,8622,30
1591646400,24886.0,24960.0,24874.0,24959.0,2003,35
1591675200,24884.5,25177.5,24818.5,25105.5,12270,15
1591689600,25113.5,25275.5,24827.5,24866.5,12488,20
1591704000,24865.5,25011.5,24865.5,24926.5,7778,20
1591718400,24924.5,25029.5,24817.5,24886.5,9373,30
1591732800,24885.5,24953.5,24884.5,24947.5,2388,25
1591761600,25106.5,25342.5,24975.5,25095.5,12550,30
1591776000,25116.5,25191.5,24998.5,25010.5,9657,30
1591790400,25009.5,25113.5,24901.5,25106.5,7066,35
1591804800,25105.5,25127.5,24954.5,24980.5,9753,30
1591819200,24979.5,25171.5,24922.5,25111.5,3679,30
1591848000,25018.5,25099.5,24725.5,24769.5,14613,10
1591862400,24771.5,24802.5,24369.5,24396.5,14274,30
1591876800,24397.5,24578.5,24301.5,24329.5,8463,30
1591891200,24327.5,24429.5,24006.5,24036.5,13482,30
1591905600,24038.5,24142.5,23959.5,23974.5,5767,30
1591934400,24003.0,24271.0,23871.0,24157.0,13251,30
1591948800,24153.0,24382.0,24070.0,24353.0,13021,30
1591963200,24354.0,24467.0,24296.0,24386.0,8050,15
1591977600,24386.0,24460.0,24067.0,24208.0,14483,30
1591992000,24209.0,24222.0,24037.0,24114.0,7313,30
1592193600,23946.0,24240.5,23939.0,24053.0,13151,15
1592208000,24056.0,24056.0,23642.0,23859.0,16407,30
1592222400,23859.0,23942.0,23767.0,23859.0,9954,30
1592236800,23861.0,24066.0,23761.0,24063.0,13974,30
1592251200,24063.0,24234.0,24044.0,24190.0,4875,30
1592280000,24397.0,24559.0,24297.0,24447.0,13599,30
1592294400,24481.0,24528.0,24338.0,24488.0,12628,30
1592308800,24491.0,24716.0,24437.0,24677.0,6941,30
1592323200,24677.0,24683.0,24189.0,24378.0,15021,15
1592337600,24376.0,24407.0,24284.0,24359.0,5004,35
1592366400,24383.5,24473.5,24163.0,24353.5,15075,20
1592380800,24361.0,24558.5,24212.5,24429.5,15786,30
1592395200,24431.5,24466.0,24324.5,24401.0,8196,30
1592409600,24401.5,24500.5,24360.5,24451.5,11607,30
1592424000,24451.0,24487.5,24436.0,24458.5,3035,30
1592452800,24322.5,24485.5,24090.5,24464.5,15540,30
1592467200,24459.5,24531.5,24314.5,24457.5,14194,30
1592481600,24460.5,24572.5,24281.5,24341.5,9201,30
1592496000,24341.5,24462.5,24310.5,24409.5,10691,30
1592510400,24409.5,24446.5,24383.5,24425.5,2546,35
1592539200,24311.0,24539.0,24303.0,24435.0,12166,30
1592553600,24437.0,24804.0,24427.0,24705.0,12264,25
1592568000,24710.0,24781.0,24692.0,24766.0,5302,30
1592582400,24764.5,24774.0,24373.0,24505.5,10871,20
1592596800,24508.0,24513.0,24417.5,24483.0,4551,30
1592798400,24403.0,24627.0,24403.0,24497.0,13981,20
1592812800,24496.0,24550.0,24362.0,24536.0,12774,30
1592827200,24534.0,24584.0,24430.0,24478.0,4591,30
1592841600,24476.0,24682.0,24444.0,24669.0,7406,30
1592856000,24670.0,24676.0,24628.0,24653.0,1925,35
1592884800,24397.0,24800.0,24137.5,24752.0,16421,15
1592899200,24761.0,24978.5,24653.5,24896.0,12669,30
1592913600,24896.0,25031.5,24880.0,25002.5,5145,30
1592928000,25003.5,25043.5,24939.5,24992.0,8617,25
1592942400,24992.5,25015.5,24950.5,24961.0,2048,35
1592971200,25042.0,25126.5,24865.5,24930.0,14822,15
1592985600,24938.0,24962.5,24649.0,24706.0,12011,30
1593000000,24705.0,24731.0,24588.0,24718.0,5014,30
1593014400,24717.0,24747.0,24376.0,24504.0,10519,30
1593028800,24501.0,24523.0,24432.0,24478.0,3411,30
1593086400,24478.0,24478.0,24478.0,24478.0,1,50
1593100800,24478.0,24478.0,24478.0,24478.0,1,50
1593144000,24530.0,24756.0,24498.0,24690.5,8837,20
1593158400,24691.5,24691.5,24491.5,24580.5,8049,30
1593172800,24580.5,24686.0,24558.0,24568.0,3656,10
1593187200,24568.0,24595.0,24377.0,24454.0,8266,30
1593201600,24455.0,24490.0,24419.0,24422.0,2058,40
1593403200,24529.0,24609.0,24095.0,24119.0,13770,10
1593417600,24128.0,24370.0,24109.0,24308.0,14472,30
1593432000,24309.0,24403.0,24268.0,24345.0,4642,40
1593446400,24343.5,24443.0,24273.0,24429.0,8520,25
1593460800,24430.0,24439.0,24407.0,24410.0,1208,40
1593489600,24535.5,24590.5,24414.5,24538.5,10695,20
1593504000,24523.5,24569.5,24243.5,24381.5,14325,30
1593518400,24382.5,24464.0,24352.5,24404.0,4897,35
1593532800,24404.0,24457.0,24327.0,24350.5,8733,15
1593547200,24349.5,24365.0,24315.0,24339.5,2287,35
1593604800,24339.5,24339.5,24339.5,24339.5,1,50
1593662400,24496.0,24871.0,24432.0,24775.0,13319,25
1593676800,24809.0,25270.0,24772.0,25233.0,12000,30
1593691200,25234.0,25239.0,25143.0,25225.0,1694,30
1593705600,25223.0,25285.0,25050.0,25146.0,8847,25
1593720000,25147.0,25210.0,25135.0,25188.0,1517,40
1593748800,25178.0,25404.0,25178.0,25341.0,11785,30
1593763200,25351.0,25477.0,25248.0,25368.0,11161,20
1593777600,25367.0,25375.0,25272.0,25298.0,3915,20
1593792000,25298.0,25332.0,25228.0,25274.0,3024,30
1593806400,25275.0,25290.0,25269.0,25277.0,366,40
1594008000,25569.0,26333.0,25567.0,26248.0,16658,25
1594022400,26249.0,26491.0,26070.0,26302.0,15234,20
1594036800,26302.0,26537.0,26239.0,26523.0,4968,30
1594051200,26523.0,26642.0,26503.0,26540.0,7903,30
1594065600,26543.0,26601.0,26529.0,26560.0,2046,15
1594094400,26479.0,26774.0,26201.0,26369.0,16392,20
1594108800,26356.0,26360.0,25917.0,25959.0,17310,30
1594123200,25958.0,26056.5,25859.0,26039.5,5723,35
1594137600,26038.0,26209.5,26019.5,26094.5,8754,25
1594152000,26095.0,26134.5,26039.0,26050.0,2319,35
1594180800,26175.5,26312.5,25864.5,26011.0,16682,20
1594195200,26001.5,26192.5,25917.5,26046.0,16563,25
1594209600,26047.0,26092.0,25943.0,26070.5,6548,30
1594224000,26068.5,26244.5,26045.5,26243.5,10298,35
1594238400,26243.0,26256.5,26183.5,26240.5,2990,35
1594267200,26217.5,26373.0,26071.5,26201.5,15466,25
1594281600,26200.5,26263.0,25989.0,26211.5,13987,30
1594296000,26210.5,26256.0,26167.0,26222.5,4028,35
1594310400,26219.5,26299.0,25851.0,26023.0,10474,30
1594324800,26021.0,26054.0,25953.0,26008.0,2558,35
1594353600,25997.0,26152.0,25821.5,25827.5,17199,20
1594368000,25849.5,25865.0,25535.5,25616.0,18260,30
1594382400,25617.0,25835.0,25580.0,25806.0,6299,35
1594396800,25806.5,25851.5,25648.0,25718.5,10460,20
1594411200,25719.0,25770.0,25696.0,25746.0,2096,35
1594612800,25821.0,25983.0,25715.0,25956.5,12867,30
1594627200,25961.0,26094.0,25661.0,25706.5,13685,20
1594641600,25708.5,25833.0,25704.0,25791.0,4795,30
1594656000,25791.0,26016.0,25780.0,25950.0,8260,30
1594670400,25953.0,25992.0,25806.0,25837.0,3181,30
1594699200,25597.5,25660.5,25241.5,25313.0,15751,30
1594713600,25312.0,25542.5,25292.5,25476.0,15594,20
1594728000,25475.0,25575.5,25443.0,25451.5,6166,35
1594742400,25450.5,25683.5,25414.5,25651.5,12297,25
1594756800,25650.5,25723.5,25623.5,25655.5,3664,30
1594785600,25769.0,25798.0,25294.5,25354.5,15892,15
1594800000,25363.0,25533.5,25318.5,25409.5,15420,35
1594814400,25408.5,25627.0,25394.5,25613.0,5666,35
1594828800,25610.0,25651.5,25462.0,25540.0,10305,35
1594843200,25540.5,25616.0,25521.5,25585.0,2948,40
1594872000,25504.0,25611.5,25113.5,25186.0,16236,20
1594886400,25187.5,25209.5,24875.5,24914.5,18307,25
1594900800,24913.5,25068.0,24846.5,25006.0,5150,30
1594915200,25006.0,25172.5,24991.5,25114.0,8384,30
1594929600,25112.0,25146.0,25086.0,25125.0,1954,30
1594958400,25145.0,25265.5,25045.0,25096.5,14433,10
1594972800,25104.5,25180.5,25016.5,25167.0,12145,20
1594987200,25168.0,25228.5,25132.0,25191.5,4360,30
1595001600,25190.5,25283.5,25117.5,25212.5,6863,30
1595016000,25211.5,25224.5,25185.5,25193.5,1571,30
1595217600,24961.5,25229.5,24737.5,25164.0,14660,20
1595232000,25165.0,25183.5,24950.5,25114.0,11646,10
1595246400,25116.0,25163.5,25096.5,25120.5,3531,35
1595260800,25120.5,25156.5,25090.0,25136.5,1998,35
1595304000,25388.0,25597.5,25356.0,25583.0,12578,20
1595318400,25565.0,25654.0,25439.0,25616.5,10140,15
1595332800,25617.5,25725.0,25605.5,25673.0,3672,10
1595347200,25671.0,25681.0,25529.0,25585.0,8803,30
1595361600,25584.0,25599.0,25551.0,25567.0,1942,40
1595390400,25555.0,25805.0,25495.0,25594.0,12732,20
1595404800,25595.0,25621.0,25013.0,25069.5,14700,15
1595419200,25068.5,25269.0,24987.5,25251.0,6817,30
1595433600,25247.0,25251.0,25081.0,25124.5,7785,30
1595448000,25124.5,25129.0,25044.0,25078.0,1981,45
1595476800,25179.0,25341.5,24981.5,25146.0,15584,20
1595491200,25159.5,25283.0,25099.5,25185.0,11911,10
1595505600,25185.0,25254.5,25085.5,25086.5,4695,30
1595520000,25085.5,25197.5,25074.5,25094.5,8716,10
1595534400,25093.5,25108.5,24926.5,24974.5,4029,30
1595563200,25003.5,25124.5,24712.5,24767.0,14688,30
1595577600,24773.5,24803.5,24593.5,24752.0,15866,30
1595592000,24751.0,24796.5,24716.5,24725.5,5429,30
1595606400,24725.0,24821.5,24681.5,24768.5,9648,30
1595620800,24769.5,24830.5,24734.5,24823.5,2647,30
1595822400,24934.0,24989.0,24673.0,24693.5,14622,20
1595836800,24703.0,24722.0,24560.0,24632.5,13360,30
1595851200,24633.5,24716.0,24610.5,24711.0,2253,30
1595865600,24710.0,24817.0,24683.0,24746.0,6425,30
1595880000,24747.0,24805.0,24742.0,24801.0,1245,40
1595908800,24973.5,25006.0,24688.0,24730.0,12393,30
1595923200,24729.0,24826.0,24668.0,24778.5,8606,30
1595937600,24777.5,24816.0,24683.5,24745.0,3571,30
1595952000,24743.0,24765.0,24677.0,24722.0,5137,35
1595966400,24723.0,24739.0,24715.0,24731.0,682,35
1595995200,24737.0,24929.5,24688.5,24792.0,11080,20
1596009600,24763.5,24920.5,24737.5,24863.0,8681,30
1596024000,24864.0,24952.0,24836.0,24903.0,2539,30
1596038400,24901.0,24968.5,24885.5,24911.0,3481,30
1596052800,24912.0,24991.5,24902.5,24987.5,981,35
1596081600,24937.5,25233.5,24898.5,25147.0,10196,20
1596096000,25164.5,25168.5,24584.5,24586.0,12878,20
1596110400,24584.0,24718.0,24549.0,24629.5,5844,35
1596124800,24629.5,24700.0,24419.5,24627.5,9967,25
1596139200,24628.5,24708.5,24617.5,24695.5,2343,15
1596168000,24782.0,24973.0,24527.5,24770.0,15615,30
1596182400,24770.0,24794.0,24574.0,24594.5,11322,30
1596196800,24594.5,24638.0,24547.0,24558.0,4323,35
1596211200,24559.0,24587.0,24338.5,24350.0,10805,20
1596225600,24349.5,24369.0,24320.0,24347.0,2524,35
1596427200,24535.0,24626.5,24231.5,24301.0,13848,30
1596441600,24298.5,24481.5,24297.5,24406.0,12968,30
1596456000,24407.0,24536.5,24377.5,24497.5,4509,35
1596470400,24498.5,24560.5,24447.5,24530.5,4092,30
1596484800,24531.5,24592.5,24530.5,24592.5,673,30
1596513600,24653.5,24724.5,24535.5,24691.0,11123,20
1596528000,24664.5,25111.5,24621.5,24959.0,13982,10
1596542400,24958.0,25020.5,24847.5,24872.5,5124,30
1596556800,24871.5,25013.5,24867.5,24974.5,6390,30
1596571200,24975.5,24984.5,24909.5,24926.5,1566,30
1596600000,25004.5,25197.5,24887.5,25074.5,12280,30
1596614400,25116.5,25214.5,24999.0,25137.0,13196,20
1596628800,25136.0,25165.5,25092.5,25103.0,4475,35
1596643200,25103.5,25210.0,25087.5,25137.5,6106,30
1596657600,25139.5,25143.5,25086.0,25092.5,862,35
1596686400,25188.5,25273.5,24636.5,24701.0,14553,20
1596700800,24719.5,25010.5,24699.5,24829.5,14261,10
1596715200,24827.5,24891.5,24707.5,24813.5,5573,30
1596729600,24810.5,24881.5,24759.5,24868.5,7050,30
1596744000,24869.5,24903.5,24828.5,24902.5,1492,30
1596772800,24926.0,24965.5,24174.5,24375.0,15230,20
1596787200,24411.5,24570.5,24351.0,24377.0,13445,20
1596801600,24374.0,24470.5,24320.0,24436.5,4552,35
1596816000,24436.5,24451.5,24224.5,24330.5,8494,30
1596830400,24331.5,24334.5,24276.5,24332.5,2941,30
1597032000,24310.0,24513.0,24245.0,24425.5,12847,30
1597046400,24442.0,24526.0,24327.0,24447.5,11589,30
1597060800,24447.5,24477.5,24418.0,24445.0,3496,30
1597075200,24444.0,24492.0,24371.0,24473.0,6143,30
1597089600,24474.0,24540.0,24467.0,24521.0,1488,15
1597118400,24623.0,25001.0,24597.0,24927.5,11038,20
1597132800,24927.5,25052.0,24748.0,24963.5,12382,30
1597147200,24962.5,25034.0,24941.5,25002.0,4787,40
1597161600,25002.0,25015.0,24868.0,24968.0,7479,30
1597176000,24969.0,24973.0,24862.0,24886.0,2043,40
1597204800,24832.0,24870.0,24678.5,24770.5,15291,30
1597219200,24809.0,25321.0,24743.5,25259.5,13716,30
1597233600,25260.5,25360.0,25248.5,25347.0,4360,30
1597248000,25346.0,25453.0,25317.0,25389.0,7057,30
1597262400,25387.0,25415.0,25347.0,25385.0,1849,40
1597291200,25461.5,25478.5,25164.5,25230.0,12284,30
1597305600,25204.5,25258.5,25118.5,25160.0,11610,15
1597320000,25159.0,25267.5,25156.0,25262.5,3394,40
1597334400,25262.5,25263.5,25141.5,25212.5,6087,30
1597348800,25212.5,25220.5,25129.5,25138.5,2600,40
1597377600,25173.0,25292.5,25054.5,25177.0,12937,30
1597392000,25181.5,25386.5,25055.5,25082.5,11900,30
1597406400,25081.5,25156.5,25045.0,25132.5,4639,35
1597420800,25132.5,25232.5,25110.5,25173.5,6574,30
1597435200,25173.5,25210.5,25171.5,25192.5,1561,35
1597636800,25222.0,25547.0,25180.0,25514.5,11635,10
1597651200,25512.0,25604.5,25297.0,25365.5,12865,30
1597665600,25364.5,25390.0,25330.0,25366.0,3321,35
1597680000,25367.0,25459.0,25365.0,25435.0,4494,20
1597694400,25436.0,25467.0,25434.0,25466.0,795,40
1597723200,25410.5,25479.5,25274.0,25415.0,12781,20
1597737600,25424.5,25424.5,25255.0,25367.5,11265,30
1597752000,25367.5,25436.5,25353.5,25409.5,3483,30
1597766400,25409.0,25418.5,25238.5,25349.0,6220,30
1597780800,25348.0,25357.0,25298.0,25314.0,1274,260
1597824000,25359.5,25381.5,25085.0,25148.0,10680,10
1597838400,25147.0,25252.5,25146.0,25217.5,3199,35
1597852800,25218.5,25240.5,25145.5,25204.5,4188,30
1597867200,25205.5,25232.5,25094.5,25116.5,2278,15
1597896000,24986.5,24990.0,24614.0,24623.0,12846,20
1597910400,24622.5,24869.5,24587.5,24768.0,12493,10
1597924800,24767.0,24784.5,24719.5,24738.5,4087,30
1597939200,24739.5,24858.5,24663.5,24844.5,6412,10
1597953600,24845.5,24918.5,24843.5,24886.5,1534,35
1597982400,24978.5,25225.5,24877.5,25120.0,11482,30
1597996800,25128.5,25205.5,25066.5,25098.0,10157,10
1598011200,25097.0,25146.5,24975.5,25014.5,4032,35
1598025600,25014.5,25178.5,24992.5,25096.5,7542,20
1598040000,25096.5,25146.5,25089.5,25136.5,973,35
1598241600,25255.5,25590.5,25255.5,25509.0,11932,15
1598256000,25515.5,25611.5,25468.0,25610.5,9748,30
1598270400,25610.5,25627.5,25549.5,25559.5,2728,35
1598284800,25561.5,25562.5,25444.5,25473.5,7043,30
1598299200,25473.5,25503.5,25447.5,25453.5,1784,40
1598328000,25635.5,25654.5,25388.5,25430.0,11343,20
1598342400,25443.5,25590.5,25368.5,25479.0,10264,10
1598356800,25479.0,25507.5,25448.0,25475.5,2969,30
1598371200,25476.5,25548.5,25446.5,25461.5,6304,30
1598385600,25461.5,25523.5,25457.5,25512.5,1343,20
1598414400,25576.5,25636.5,25349.5,25450.0,11053,30
1598428800,25459.5,25534.5,25426.5,25473.0,9078,30
1598443200,25474.0,25528.5,25450.5,25465.5,2750,30
1598457600,25463.5,25550.5,25452.5,25541.5,4429,20
1598472000,25541.5,25557.5,25509.5,25510.5,1551,30
1598500800,25503.5,25530.5,25176.5,25309.0,10627,20
1598515200,25317.5,25327.5,25202.0,25215.0,8067,30
1598529600,25214.0,25293.5,25179.0,25277.5,3052,40
1598544000,25275.5,25350.5,25112.5,25146.5,8609,20
1598558400,25144.5,25255.0,25125.5,25242.5,1449,30
1598587200,25242.0,25595.0,25214.5,25502.5,13115,30
1598601600,25501.5,25802.0,25353.0,25431.5,15259,10
1598616000,25432.5,25493.0,25413.5,25464.0,4718,20
1598630400,25464.0,25537.0,25432.0,25495.0,7281,25
1598644800,25495.0,25506.5,25482.0,25497.0,1651,35
1598846400,25675.0,25876.5,25671.5,25752.0,11837,20
1598860800,25761.5,25767.5,25077.5,25214.5,14764,15
1598875200,25215.5,25234.5,25148.0,25188.5,4337,35
1598889600,25187.5,25195.5,24967.5,25032.5,8200,30
1598904000,25031.5,25070.5,25024.5,25067.5,1542,30
1598932800,25099.5,25255.5,24944.5,25201.0,11626,20
1598947200,25194.5,25275.5,25085.0,25094.5,10640,30
1598961600,25094.5,25175.5,25073.0,25096.5,4309,20
1598976000,25094.5,25129.0,25007.5,25048.0,7861,30
1598990400,25047.5,25047.5,25007.5,25029.0,1464,40
1599019200,25151.5,25205.5,24893.5,25016.0,11786,15
1599033600,25055.5,25252.5,25023.5,25167.0,11531,10
1599048000,25169.0,25193.5,25107.5,25119.5,3892,15
1599062400,25118.5,25126.5,24947.5,25005.5,9081,30
1599076800,25004.5,25064.5,24999.5,25053.5,1949,20
1599105600,25027.5,25226.5,24835.5,25002.0,11876,20
1599120000,25001.0,25051.5,24861.5,24957.0,11367,30
1599134400,24956.0,24982.5,24897.5,24939.5,4710,35
1599148800,24939.5,24948.5,24612.5,24719.5,14301,20
1599163200,24721.0,24743.5,24661.5,24710.5,6269,30
1599192000,24664.5,24715.5,24472.5,24580.0,13388,20
1599206400,24580.0,24842.5,24543.5,24721.0,12805,10
1599220800,24720.0,24784.5,24652.5,24706.5,6170,35
1599235200,24703.5,24772.5,24357.5,24619.5,15791,20
1599249600,24620.5,24718.5,24564.5,24705.5,4172,35
1599451200,24705.5,24928.5,24569.5,24686.5,13545,20
1599465600,24677.5,24752.0,24463.5,24513.0,15341,30
1599480000,24514.0,24637.5,24500.0,24619.0,4064,35
1599494400,24616.5,24659.5,24591.0,24638.5,3399,70
1599508800,24639.0,24689.0,24627.0,24673.0,381,70
1599537600,24700.0,24796.0,24315.0,24435.5,14400,70
1599552000,24440.0,24714.0,24437.0,24469.5,14106,70
1599566400,24469.5,24526.5,24276.0,24316.0,7264,70
1599580800,24318.0,24449.0,24271.0,24430.0,11252,70
1599595200,24429.0,24467.0,24345.0,24346.0,2593,70
1599624000,24272.0,24423.0,24175.0,24345.5,13111,70
1599638400,24343.0,24503.0,24291.0,24375.5,12666,70
1599652800,24374.5,24508.0,24340.0,24481.0,5359,70
1599667200,24482.0,24600.0,24475.0,24592.0,7371,70
1599681600,24593.0,24650.0,24592.0,24648.0,1806,70
1599710400,24582.0,24599.0,24382.0,24443.5,12132,70
1599724800,24452.0,24520.0,24238.0,24267.5,11527,70
1599739200,24268.5,24385.0,24240.5,24366.0,5466,70
1599753600,24365.0,24448.0,24267.0,24291.0,9130,70
1599768000,24290.0,24328.0,24180.0,24211.0,3392,70
1599796800,24327.5,24444.0,24252.5,24388.0,10745,70
1599811200,24393.5,24555.5,24371.5,24447.0,10760,70
1599825600,24449.0,24518.5,24438.0,24452.5,4878,70
1599840000,24451.5,24501.5,24349.5,24352.5,9590,70
1599854400,24351.5,24360.5,24273.5,24350.5,3987,70
1600056000,24587.5,24749.5,24502.5,24634.0,10261,70
1600070400,24630.5,24679.5,24530.0,24534.0,9783,70
1600084800,24534.0,24563.5,24492.5,24535.5,3877,70
1600099200,24534.5,24558.5,24503.5,24510.5,5924,70
1600113600,24510.5,24562.5,24496.5,24543.5,2182,70
1600142400,24467.5,24798.0,24444.0,24773.5,9560,70
1600156800,24767.0,24838.5,24656.0,24788.5,8906,70
1600171200,24787.5,24918.0,24787.5,24910.0,3401,70
1600185600,24909.0,24911.0,24823.0,24846.0,5297,70
1600200000,24847.0,24860.0,24824.0,24841.0,1583,70
1600228800,24758.5,24844.5,24627.0,24627.0,9131,70
1600243200,24633.5,24748.5,24603.5,24695.0,7988,70
1600257600,24696.0,24735.5,24654.5,24672.5,2807,70
1600272000,24671.5,24701.5,24605.5,24661.5,5397,70
1600286400,24662.5,24727.5,24627.5,24698.5,2447,70
1600315200,24541.5,24684.5,24203.5,24239.5,12963,70
1600329600,24254.5,24359.5,24211.5,24319.0,10860,70
1600344000,24319.0,24353.5,24283.5,24290.5,4208,70
1600358400,24291.5,24404.5,24253.5,24377.5,8442,70
1600372800,24379.5,24417.5,24349.5,24409.5,2445,70
1600401600,24342.0,24426.0,24251.0,24385.5,9240,70
1600416000,24383.0,24458.0,24350.0,24414.5,9029,70
1600430400,24413.5,24490.0,24367.0,24402.0,4166,70
1600444800,24402.0,24421.0,24330.0,24345.0,6691,70
1600459200,24344.0,24358.0,24273.0,24340.0,2526,70
1600660800,24436.5,24575.5,24114.5,24134.0,12330,70
1600675200,24146.5,24181.5,23814.0,23814.0,12320,70
1600689600,23765.5,23919.5,23711.5,23738.0,6897,70
1600704000,23737.5,23792.5,23614.5,23760.5,10726,70
1600718400,23762.5,23826.5,23739.5,23785.5,2859,70
1600747200,23846.0,23876.5,23664.5,23843.0,12612,70
1600761600,23842.0,23842.0,23598.0,23624.0,11442,70
1600776000,23624.0,23765.5,23612.0,23729.5,4599,70
1600790400,23728.5,23766.5,23534.5,23573.5,8154,70
1600804800,23574.5,23645.5,23573.5,23617.5,2174,70
1600833600,23655.0,23743.0,23505.0,23657.0,12824,70
1600848000,23690.5,23758.0,23608.0,23723.5,11731,70
1600862400,23723.5,23770.0,23631.0,23646.0,4393,70
1600876800,23646.5,23685.0,23524.0,23584.5,8984,70
1600891200,23587.0,23589.5,23490.0,23496.0,3146,70
1600920000,23471.0,23560.0,23196.0,23196.0,14569,70
1600934400,23196.0,23337.0,23162.0,23246.5,12577,70
1600948800,23245.5,23320.5,23171.0,23199.5,6350,70
1600963200,23198.5,23343.0,23163.5,23340.0,11723,70
1600977600,23338.0,23434.0,23338.0,23395.0,3026,70
1601006400,23426.0,23473.0,23225.0,23298.5,12443,70
1601020800,23281.5,23387.0,23114.0,23176.5,13109,70
1601035200,23178.5,23202.5,22977.0,23107.0,6968,70
1601049600,23108.0,23113.0,22963.0,23095.0,9890,70
1601064000,23095.0,23145.0,23086.0,23133.0,2107,70
1601265600,23230.0,23398.0,23213.0,23367.5,9488,70
1601280000,23385.0,23494.0,23368.5,23371.5,8349,70
1601294400,23371.5,23544.0,23370.5,23522.0,4263,70
1601308800,23522.0,23542.0,23480.0,23514.0,5748,70
1601323200,23514.0,23563.0,23506.0,23559.0,1291,70
1601352000,23562.0,23577.0,23312.0,23382.5,10786,70
1601366400,23382.5,23412.0,23192.0,23253.5,11246,70
1601380800,23252.5,23340.0,23244.5,23336.0,3569,70
1601395200,23336.0,23379.0,23318.0,23372.0,5899,70
1601409600,23372.0,23452.0,23346.0,23442.0,1386,70
1601438400,23446.0,23770.0,23409.0,23505.5,12819,70
1601452800,23526.0,23561.0,23321.0,23442.5,12486,70
1601467200,23442.5,23529.0,23380.0,23515.0,5169,70
1601481600,23516.0,23738.0,23505.0,23708.0,7511,70
1601496000,23709.0,23746.0,23670.0,23702.0,2403,70
1601870400,23865.0,23948.0,23627.0,23750.5,11193,70
1601884800,23760.0,23822.0,23661.0,23747.5,10261,70
1601899200,23748.5,23803.0,23735.5,23785.0,3781,70
1601913600,23785.0,23872.0,23765.0,23845.0,5073,70
1601928000,23845.0,23846.0,23797.5,23818.0,1234,70
1601956800,23865.5,23977.5,23787.5,23905.0,9338,70
1601971200,23912.5,23972.5,23868.5,23936.0,7265,70
1601985600,23935.0,24038.5,23924.0,24025.5,3726,70
1602000000,24026.5,24081.5,23979.5,24047.5,6219,70
1602014400,24048.5,24100.5,24035.5,24096.5,1511,70
1602043200,23918.0,24179.5,23876.0,24100.5,10279,70
1602057600,24112.0,24260.0,24099.0,24181.5,8393,70
1602072000,24182.5,24240.0,24162.5,24229.0,3874,70
1602086400,24229.0,24280.0,24161.0,24230.0,6144,70
1602100800,24229.0,24278.0,24223.0,24251.0,1798,70
1602129600,24173.0,24188.0,23945.5,24001.5,11096,70
1602144000,24029.0,24153.5,24008.5,24125.5,9127,70
1602158400,24125.5,24174.0,24092.0,24133.5,3871,70
1602172800,24135.0,24233.0,24123.5,24224.0,6175,70
1602187200,24223.5,24248.5,24210.0,24233.0,1135,70
1602216000,24239.5,24367.5,24077.5,24143.5,9544,70
1602230400,24143.5,24193.5,24012.0,24019.0,8838,70
1602244800,24019.0,24121.5,24017.0,24121.5,2668,70
1602259200,24120.5,24251.5,24086.0,24234.5,4638,70
1602273600,24235.5,24241.5,24197.5,24225.5,939,70
1602475200,24189.0,24652.0,24154.0,24645.0,10576,70
1602489600,24619.0,24709.0,24592.5,24593.5,9188,70
1602504000,24592.5,24677.0,24592.5,24668.0,3479,70
1602518400,24668.0,24741.0,24619.0,24724.0,5111,70
1602532800,24724.0,24735.0,24695.0,24710.0,1558,70
1602561600,24602.5,24612.5,24553.5,24595.5,2578,70
1602576000,24594.5,24670.0,24514.0,24670.0,5242,130
1602590400,24666.0,24679.0,24581.0,24601.0,4191,90
1602604800,24600.0,24652.0,24550.5,24645.5,7981,290
1602619200,24645.5,24656.5,24541.5,24584.5,3492,290
1602648000,24688.0,24733.0,24471.0,24535.5,10904,70
1602662400,24560.0,24640.0,24532.0,24571.5,8462,70
1602676800,24573.5,24643.0,24516.0,24614.0,4919,70
1602691200,24615.0,24637.0,24460.0,24504.0,6213,70
1602705600,24503.0,24543.0,24480.0,24482.0,2192,70
1602734400,24456.0,24557.0,24270.0,24306.5,11646,70
1602748800,24316.0,24400.0,23971.5,23994.5,10998,70
1602763200,23993.5,24107.5,23952.5,24044.5,7141,70
1602777600,24043.5,24121.5,24032.0,24111.5,8738,70
1602792000,24111.5,24151.5,24104.0,24135.5,2060,70
1602820800,24160.5,24380.5,24154.0,24263.0,10329,70
1602835200,24292.5,24427.5,24281.5,24351.0,9105,70
1602849600,24347.0,24401.5,24318.5,24399.5,4208,70
1602864000,24398.5,24422.5,24313.5,24412.5,5313,70
1602878400,24410.5,24435.5,24409.5,24413.5,1460,70
1603080000,24448.0,24756.0,24419.0,24520.5,11212,70
1603094400,24519.5,24584.0,24472.0,24548.5,8724,70
1603108800,24545.5,24558.0,24498.5,24513.0,2997,70
1603123200,24513.0,24578.0,24496.0,24518.0,6111,70
1603137600,24519.0,24527.0,24432.0,24432.0,2034,70
1603166400,24450.0,24573.0,24409.0,24456.5,10952,70
1603180800,24461.0,24547.0,24439.0,24483.5,8102,70
1603195200,24485.5,24531.0,24461.0,24496.0,3163,70
1603209600,24495.0,24593.0,24477.0,24572.0,6170,70
1603224000,24572.0,24638.0,24568.0,24590.0,2052,70
1603252800,24565.5,24884.0,24565.5,24699.5,10897,70
1603267200,24739.0,24850.0,24587.5,24587.5,9452,70
1603281600,24587.5,24696.0,24587.5,24681.0,4646,70
1603296000,24682.0,24807.0,24669.0,24687.0,7451,70
1603310400,24686.0,24719.0,24680.0,24709.0,2146,70
1603339200,24588.0,24712.5,24517.5,24633.0,10788,70
1603353600,24647.5,24864.5,24631.5,24812.0,9272,70
1603368000,24811.0,24870.5,24782.0,24825.0,4538,70
1603382400,24826.0,24847.0,24710.0,24811.0,6790,70
1603396800,24811.0,24844.0,24796.0,24834.0,1889,70
1603425600,24751.5,24961.0,24643.0,24913.5,10659,70
1603440000,24919.0,24953.0,24752.0,24875.5,9941,70
1603454400,24874.5,24933.0,24870.5,24928.0,3186,70
1603468800,24928.0,24930.0,24847.0,24903.0,6194,70
1603483200,24904.0,24948.0,24902.0,24944.0,1221,70
1604894400,26194.0,26210.0,25960.0,26135.0,13743,70
1604908800,26180.0,26194.0,25955.5,26055.0,15309,70
1604923200,26052.0,26695.5,26028.5,26676.0,11101,70
1604937600,26675.0,26864.0,26532.0,26536.0,13540,75
1604952000,26536.0,26596.0,26525.5,26542.5,3389,70
1604980800,26368.0,26439.0,26138.0,26172.0,16442,70
1604995200,26206.0,26368.5,26064.0,26287.0,17826,70
1605009600,26285.0,26452.0,26269.0,26312.0,9306,75
1605024000,26312.0,26398.0,26183.0,26283.0,10776,75
1605038400,26283.0,26387.0,26283.0,26335.0,3208,80
1605067200,26235.5,26443.5,26194.0,26288.0,15935,70
1605081600,26312.0,26409.0,26179.0,26313.0,16276,70
1605096000,26312.0,26379.0,26291.0,26326.0,6266,80
1605110400,26326.0,26392.0,26289.0,26369.0,7712,75
1605124800,26369.0,26440.0,26366.0,26412.0,1699,80
1605153600,26346.0,26493.0,26078.5,26103.5,13836,70
1605168000,26109.5,26261.5,26075.0,26181.5,13866,70
1605182400,26184.5,26363.5,26178.5,26206.5,6583,75
1605196800,26207.0,26302.5,26203.5,26243.5,7970,75
1605211200,26243.5,26272.5,26113.5,26159.5,2747,75
1605240000,26107.5,26141.0,25922.5,26046.5,13976,70
1605254400,26053.5,26196.0,26010.0,26159.5,11687,70
1605268800,26161.5,26282.5,26160.5,26204.5,5273,75
1605283200,26204.5,26240.5,26124.0,26196.5,6803,75
1605297600,26198.5,26266.5,26175.5,26259.5,1769,75
1605499200,26406.0,26468.5,26206.5,26291.0,13062,70
1605513600,26290.0,26394.5,26256.0,26327.0,11770,70
1605528000,26322.0,26502.0,26318.0,26469.0,5284,75
1605542400,26467.0,26573.0,26437.0,26524.0,6826,70
1605556800,26526.0,26531.0,26451.0,26466.0,1631,75
1605585600,26512.5,26522.0,26340.0,26391.5,10813,70
1605600000,26418.5,26438.5,26335.0,26365.5,8733,70
1605614400,26366.5,26439.5,26353.5,26369.5,3458,75
1605628800,26369.5,26415.5,26290.0,26406.5,6163,75
1605643200,26408.5,26459.5,26405.5,26437.5,1219,75
1605672000,26400.5,26644.0,26368.5,26566.5,11407,70
1605686400,26573.5,26576.0,26421.0,26544.5,9266,70
1605700800,26543.5,26633.5,26532.5,26622.5,4318,75
1605715200,26620.0,26624.5,26516.0,26582.0,5334,75
1605729600,26582.0,26596.5,26548.0,26563.5,1123,75
1605758400,26368.5,26443.0,26310.0,26408.0,10720,70
1605772800,26386.5,26439.0,26227.0,26253.5,9289,70
1605787200,26236.5,26340.5,26220.0,26324.5,4664,75
1605801600,26324.5,26430.5,26304.0,26400.5,5733,75
1605816000,26402.5,26441.5,26399.5,26417.5,1493,75
1605844800,26390.0,26566.0,26328.0,26463.5,12007,70
1605859200,26483.5,26499.5,26379.0,26439.5,10565,70
1605873600,26438.5,26521.0,26435.5,26490.0,3732,80
1605888000,26490.0,26525.0,26466.0,26511.0,4500,80
1605902400,26510.0,26541.0,26500.0,26541.0,945,80
1606104000,26608.0,26704.0,26371.5,26398.0,13380,70
1606118400,26404.0,26513.0,26390.0,26492.0,13112,70
1606132800,26491.0,26524.0,26461.5,26503.0,2720,85
1606147200,26502.0,26512.0,26348.0,26394.0,6378,70
1606161600,26389.0,26438.0,26384.0,26412.0,1251,85
1606190400,26522.0,26536.5,26410.5,26497.0,12369,70
1606204800,26498.0,26615.5,26470.5,26564.0,11886,70
1606219200,26564.0,26645.0,26557.0,26606.5,3596,70
1606233600,26605.5,26671.5,26534.5,26657.5,5659,70
1606248000,26659.5,26714.5,26643.5,26707.5,1300,85
1606276800,26758.0,27066.0,26739.5,26801.5,13941,70
1606291200,26810.5,26834.0,26591.0,26606.5,13372,70
1606305600,26605.5,26662.5,26562.5,26625.5,4589,85
1606320000,26626.5,26699.5,26587.5,26664.0,5484,85
1606334400,26665.5,26697.5,26655.5,26678.5,956,85
1606363200,26722.0,26735.0,26624.5,26658.5,11482,70
1606377600,26680.5,26828.5,26679.5,26759.5,11643,70
1606392000,26761.5,26801.5,26747.0,26764.5,2387,75
1606406400,26763.5,26785.5,26743.5,26758.5,2264,75
1606420800,26758.5,26758.5,26726.5,26735.5,479,80
1606449600,26750.0,26796.5,26719.5,26777.5,10321,70
1606464000,26784.5,27037.0,26763.5,26935.5,11543,70
1606478400,26936.5,26962.0,26884.5,26910.0,3300,75
1606492800,26912.0,26996.0,26893.0,26921.0,4412,70
1606507200,26922.0,26976.0,26913.0,26956.5,955,80
1606708800,26776.0,26949.5,26707.0,26710.0,11878,70
1606723200,26711.0,26755.0,26300.5,26423.0,14214,70
1606737600,26424.0,26504.0,26398.0,26474.0,4274,75
1606752000,26474.0,26502.0,26280.0,26298.0,7129,75
1606766400,26298.0,26337.0,26292.0,26334.0,1593,75
1606795200,26435.5,26632.0,26378.0,26566.0,10999,70
1606809600,26601.0,26654.0,26471.0,26609.0,11267,70
1606824000,26610.0,26630.0,26534.0,26563.0,3868,75
1606838400,26565.0,26656.0,26506.0,26639.0,5748,75
1606852800,26638.0,26682.0,26635.0,26682.0,1249,75
1606881600,26481.0,26612.0,26327.0,26492.5,13303,70
1606896000,26492.5,26602.0,26446.0,26545.5,12092,70
1606910400,26542.5,26583.5,26497.5,26518.5,3115,75
1606924800,26517.5,26630.5,26486.0,26622.0,5481,75
1606939200,26624.5,26633.5,26608.0,26616.5,1138,75
1606968000,26560.0,26801.5,26539.0,26647.0,11545,70
1606982400,26656.0,26763.0,26627.0,26673.0,9885,70
1606996800,26670.0,26717.0,26656.0,26703.0,3245,70
1607011200,26703.0,26816.0,26691.0,26766.0,4501,75
1607025600,26768.0,26779.0,26732.0,26754.0,1264,75
1607054400,26698.0,26799.5,26646.5,26703.0,10465,70
1607068800,26704.0,26886.5,26686.0,26838.0,9912,70
1607083200,26837.0,26923.0,26829.0,26832.0,2682,75
1607097600,26830.0,26866.0,26798.0,26824.0,5278,75
1607112000,26824.0,26834.0,26816.0,26822.0,653,75
1607313600,26822.5,26822.5,26250.0,26388.5,13845,70
1607328000,26398.0,26522.5,26345.0,26392.0,11828,70
1607342400,26386.0,26461.0,26366.0,26456.0,3442,75
1607356800,26456.0,26553.0,26444.0,26538.0,4037,75
1607371200,26538.0,26557.0,26498.0,26499.0,1041,75
1607400000,26490.0,26514.5,26320.0,26362.0,12245,70
1607414400,26362.0,26416.5,26263.0,26283.0,10577,70
1607428800,26285.0,26329.0,26272.0,26305.0,2923,75
1607443200,26305.0,26387.0,26296.0,26387.0,3807,75
1607457600,26386.0,26402.0,26367.0,26392.0,1055,75
1607486400,26431.5,26688.5,26419.5,26661.5,12243,70
1607500800,26670.5,26673.5,26469.5,26539.5,11562,70
1607515200,26542.5,26551.0,26496.5,26530.0,2208,75
1607529600,26529.0,26534.0,26311.5,26346.0,4968,75
1607544000,26345.5,26358.0,26241.0,26257.5,2347,75
1607572800,26266.5,26439.5,26245.5,26391.0,9577,70
1607587200,26390.0,26425.0,26318.0,26394.0,7480,70
1607601600,26394.0,26464.0,26387.0,26410.0,3442,75
1607616000,26408.0,26511.0,26310.0,26464.0,8142,75
1607630400,26462.0,26518.0,26460.0,26512.0,1722,75
1607659200,26536.0,26719.0,26437.0,26510.0,11830,70
1607673600,26518.0,26565.5,26332.0,26373.0,10795,70
1607688000,26368.0,26455.5,26310.0,26368.0,5356,75
1607702400,26367.0,26398.0,26313.0,26333.0,4642,75
1607716800,26333.5,26342.0,26297.0,26327.0,1519,75
1607918400,26493.5,26563.0,26420.5,26430.5,11074,70
1607932800,26429.5,26453.5,26292.0,26362.5,10257,70
1607947200,26358.5,26443.5,26353.5,26425.5,2934,75
1607961600,26426.0,26466.5,26371.5,26399.5,5987,75
1607976000,26398.0,26411.5,26355.5,26388.5,1555,75
1608004800,26360.0,26398.0,26092.0,26172.5,10893,70
1608019200,26172.5,26270.5,26120.0,26265.0,8735,70
1608033600,26266.0,26287.5,26245.5,26267.5,2697,75
1608048000,26268.5,26324.5,26257.5,26285.5,5307,70
1608062400,26285.5,26370.5,26285.5,26352.5,1181,75
1608091200,26330.0,26501.0,26298.0,26416.5,10623,70
1608105600,26417.5,26534.0,26393.5,26506.0,8772,70
1608120000,26505.0,26560.5,26488.0,26506.0,2925,75
1608134400,26507.5,26529.5,26449.5,26513.5,5296,70
1608148800,26513.5,26519.5,26471.5,26472.5,974,75
1608177600,26481.5,26580.0,26390.0,26508.5,10841,70
1608192000,26508.5,26700.5,26488.5,26645.5,8964,70
1608206400,26644.5,26687.5,26639.5,26664.0,2743,75
1608220800,26664.0,26679.5,26598.0,26624.0,5394,75
1608235200,26625.5,26635.5,26610.5,26610.5,918,70
1608264000,26568.5,26660.0,26452.0,26488.5,9157,70
1608278400,26491.5,26520.5,26336.5,26504.5,9209,70
1608292800,26506.5,26560.0,26468.5,26493.5,3503,75
1608307200,26493.5,26520.5,26425.5,26447.5,5558,75
1608321600,26446.0,26485.5,26424.0,26455.5,1200,75
1608523200,26390.0,26484.0,26256.0,26467.0,11506,70
1608537600,26463.0,26508.5,26252.5,26289.0,11063,70
1608552000,26288.0,26307.0,25949.0,26098.0,10208,70
1608566400,26100.0,26234.0,26033.0,26219.0,9393,75
1608580800,26218.0,26293.0,26218.0,26288.0,1609,75
1608609600,26215.5,26372.0,26179.5,26215.0,13079,70
1608624000,26212.0,26220.0,25984.0,26111.0,14092,70
1608638400,26110.0,26198.0,26109.0,26176.5,4764,70
1608652800,26177.5,26194.0,26057.0,26100.5,6562,75
1608667200,26101.0,26134.0,26089.0,26117.0,1482,80
1608696000,25994.0,26252.5,25986.0,26229.5,13850,70
1608710400,26197.5,26347.0,26189.5,26304.5,13510,70
1608724800,26299.5,26336.5,26285.5,26297.5,2837,75
1608739200,26298.5,26374.5,26282.5,26370.5,5321,75
1608753600,26370.5,26385.5,26352.5,26380.5,699,85
1608782400,26315.5,26462.5,26237.0,26423.5,13217,70
1609128000,26359.0,26536.0,26295.0,26400.5,14400,70
1609142400,26400.5,26419.0,26293.5,26362.5,13073,70
1609156800,26360.5,26434.5,26355.5,26426.5,2395,70
1609171200,26426.5,26441.5,26369.5,26422.5,4314,70
1609185600,26422.5,26434.5,26390.5,26400.5,714,75
1609214400,26472.0,26581.5,26429.5,26574.5,12383,70
1609228800,26585.5,26616.5,26516.5,26580.0,9324,70
1609243200,26579.0,26624.0,26575.0,26606.0,2255,70
1609257600,26606.0,26669.5,26600.0,26645.5,3502,70
1609272000,26645.5,26646.5,26590.5,26610.5,1020,85
1609300800,26585.0,27019.0,26581.0,26948.5,10185,70
1609315200,26946.0,27312.5,26921.0,27278.0,9478,70
1609329600,27279.0,27291.0,27207.0,27210.0,3181,70
1609344000,27211.0,27254.0,27169.0,27179.5,5538,70
1609358400,27178.0,27193.5,27172.5,27178.0,861,70
1609387200,27197.5,27381.5,27168.5,27265.5,9940,70
1609732800,27217.0,27493.0,27140.0,27436.5,12062,70
1609747200,27438.0,27517.0,27339.0,27471.0,10627,70
1609761600,27469.0,27561.0,27446.0,27467.0,3913,70
1609776000,27467.0,27497.0,27171.0,27172.0,9531,70
1609790400,27172.0,27215.0,27096.0,27158.0,3687,80
1609819200,27222.5,27468.5,27166.0,27337.0,12442,70
1609833600,27376.5,27691.5,27355.5,27514.0,12205,70
1609848000,27516.0,27610.5,27504.0,27526.5,5427,70
1609862400,27525.5,27654.5,27453.5,27623.5,9078,70
1609876800,27622.0,27760.5,27622.0,27735.5,1782,70
1609905600,27646.0,27727.0,27370.5,27403.5,13931,70
1609920000,27445.0,27763.0,27444.0,27582.5,13246,70
1609934400,27574.5,27737.0,27546.5,27666.0,7293,70
1609948800,27667.0,27770.5,27552.0,27714.5,9644,70
1609963200,27717.5,27832.0,27716.0,27826.0,2025,70
1609992000,27698.0,27740.0,27526.5,27542.5,11432,70
1610006400,27569.0,27662.0,27432.0,27501.5,11575,70
1610020800,27496.5,27548.0,27438.0,27472.0,6263,80
1610035200,27474.0,27516.0,27400.0,27450.0,7790,70
1610049600,27451.0,27511.0,27445.0,27507.0,1870,80
1610078400,27574.0,27914.0,27548.0,27881.5,12149,70
1610092800,27912.0,27950.0,27729.0,27762.5,12134,70
1610107200,27763.5,27824.0,27735.5,27794.0,4666,70
1610121600,27796.0,27971.0,27753.0,27952.0,11002,70
1610136000,27953.0,27984.0,27822.0,27831.0,3417,70
1610337600,27940.0,28170.5,27879.5,28060.0,15732,70
1610352000,28083.5,28112.0,27775.0,27953.0,14009,70
1610366400,27954.0,27976.0,27899.5,27914.0,4622,70
1610380800,27912.0,27925.5,27747.5,27811.5,10319,70
1610395200,27810.0,27854.5,27805.0,27823.5,1907,70
1610424000,27826.5,28128.0,27795.0,28035.0,13223,70
1610438400,28007.5,28276.0,27944.5,28257.0,12700,70
1610452800,28256.0,28315.5,28224.5,28257.5,4633,70
1610467200,28257.5,28303.5,28191.5,28288.5,7487,70
1610481600,28289.5,28296.5,28212.0,28253.5,2617,70
1610510400,28226.0,28397.0,28218.0,28265.0,13128,70
1610524800,28291.5,28320.5,28162.5,28220.0,11854,70
1610539200,28220.0,28253.5,28168.0,28178.5,4563,70
1610553600,28177.5,28237.5,28158.0,28221.5,6840,70
1610568000,28221.5,28251.5,28201.5,28237.5,1420,70
1610596800,28351.0,28413.0,28261.5,28374.5,12517,70
1610611200,28373.0,28494.0,28308.0,28461.5,11056,70
1610625600,28466.5,28517.5,28450.5,28490.5,3593,70
1610640000,28491.0,28594.0,28474.0,28576.0,6493,70
1610654400,28574.0,28596.0,28449.0,28467.0,2278,70
1610683200,28395.0,28663.0,28378.0,28509.5,12270,70
1610697600,28507.0,28624.0,28307.0,28569.5,12408,70
1610712000,28568.5,28616.0,28509.0,28516.0,4711,75
1610726400,28516.0,28551.0,28373.0,28440.0,8978,70
1610740800,28440.0,28483.0,28429.0,28471.0,2101,75
1610942400,28406.0,28757.5,28369.5,28657.0,12363,70
1610956800,28672.5,28848.0,28617.0,28830.0,11621,70
1610971200,28829.0,28907.5,28791.5,28860.0,3737,75
1610985600,28862.5,28943.5,28859.5,28934.5,2865,75
1611000000,28934.5,28940.5,28902.5,28938.5,555,80
1611028800,28952.0,29892.5,28952.0,29772.0,15388,70
1611043200,29800.5,29823.5,29348.5,29558.0,14204,70
1611057600,29558.0,29715.0,29554.0,29639.5,4585,70
1611072000,29639.5,29645.5,29482.0,29536.0,9521,70
1611086400,29534.0,29540.5,29489.5,29509.5,1551,70
1611115200,29526.5,29950.5,29524.0,29680.5,16662,70
1611129600,29729.5,29985.5,29676.5,29923.0,13877,70
1611144000,29920.0,29944.0,29837.5,29861.5,4211,70
1611158400,29863.5,29961.0,29796.5,29886.0,7747,70
1611172800,29888.0,29955.0,29886.0,29927.5,1366,70
1611201600,29970.0,30133.0,29806.5,30001.0,15286,70
1611216000,30045.5,30086.0,29770.5,29842.5,15219,70
1611230400,29842.5,29939.0,29837.5,29889.0,3623,70
1611244800,29889.0,29903.5,29770.0,29840.5,8026,70
1611259200,29839.5,29842.5,29791.5,29819.5,1448,70
1611288000,29785.5,29877.5,29441.5,29512.0,14290,70
1611302400,29498.0,29583.5,29392.0,29439.0,13169,70
1611316800,29444.0,29480.5,29321.5,29355.5,5055,70
1611331200,29352.5,29461.5,29314.5,29436.5,5370,70
1611345600,29436.5,29474.5,29423.5,29470.5,1057,70
1611547200,29558.0,30040.0,29558.0,30007.5,14856,70
1611561600,30004.0,30146.0,29919.0,30070.5,16211,70
1611576000,30072.5,30089.0,29955.0,29974.0,6024,70
1611590400,29972.0,30048.0,29784.0,29874.0,9628,70
1611604800,29875.0,29915.0,29818.0,29890.0,2248,70
1611633600,29888.5,29946.0,29388.0,29406.5,15786,70
1611648000,29381.0,29587.5,29339.0,29451.5,15575,70
1611662400,29454.5,29573.5,29454.5,29558.0,5741,70
1611676800,29559.0,29654.0,29543.0,29556.0,8341,70
1611691200,29556.0,29625.0,29555.0,29619.0,1779,70
1611720000,29576.0,29638.5,29222.0,29402.5,17278,70
1611734400,29411.0,29490.5,29232.0,29255.5,13705,70
1611748800,29254.5,29300.0,28995.0,28997.0,6348,70
1611763200,28995.0,29115.0,28926.0,29045.0,9719,70
1611777600,29044.0,29144.0,29030.0,29112.0,2051,80
1611806400,28882.0,29174.5,28616.0,28640.0,19629,70
1611820800,28689.0,28807.5,28415.5,28421.5,20081,70
1611835200,28415.0,28604.0,28325.0,28547.0,10912,70
1611849600,28548.0,28871.0,28503.0,28849.0,13172,70
1611864000,28850.0,28954.0,28850.0,28947.0,2683,70
1611892800,28823.5,28906.0,28503.0,28564.0,17209,70
1611907200,28556.0,28559.0,28041.0,28316.0,20796,70
1611921600,28314.0,28392.5,28216.0,28308.0,10467,70
1611936000,28306.0,28506.5,28231.0,28345.5,15788,70
1611950400,28343.5,28356.5,28144.5,28207.0,6127,70
1612152000,28215.0,28778.5,28215.0,28763.5,16131,70
1612166400,28801.0,28925.0,28715.5,28841.5,16256,70
1612180800,28840.5,28873.0,28722.0,28762.0,6340,70
1612195200,28764.5,28806.0,28680.0,28776.0,8900,70
1612209600,28778.0,28813.0,28761.0,28775.0,2165,70
1612238400,28973.5,29428.5,28967.0,29339.0,16584,70
1612252800,29354.5,29359.5,29124.5,29209.5,15400,70
1612267200,29209.5,29256.5,29118.5,29146.0,6198,70
1612281600,29146.0,29152.5,29019.5,29132.5,8325,70
1612296000,29133.5,29155.5,29112.5,29128.5,984,70
1612324800,29199.5,29239.5,28880.5,29035.0,15993,70
1612339200,29053.5,29293.5,29009.5,29163.0,15279,70
1612353600,29164.0,29170.5,29063.5,29101.5,5424,70
1612368000,29100.0,29146.0,29025.0,29124.0,9113,70
1612382400,29126.0,29134.0,29080.0,29134.0,1556,80
1612411200,29026.5,29065.0,28794.0,28817.0,4645,70
1612425600,28802.0,29141.0,28714.0,29088.5,13037,70
1612440000,29090.5,29106.0,29046.0,29082.0,4654,70
1612454400,29081.0,29109.5,29016.0,29100.0,7599,70
1612468800,29100.0,29149.0,29084.0,29133.0,1194,70
1612497600,29081.5,29439.5,29081.5,29205.0,14262,70
1612512000,29229.5,29323.5,29163.5,29299.0,11998,70
1612526400,29301.0,29353.5,29286.5,29313.5,3196,70
1612540800,29313.5,29372.5,29256.5,29320.5,5214,70
1612555200,29320.5,29390.5,29313.5,29386.5,818,70
1612756800,29489.5,29589.0,29356.0,29405.5,10007,70
1612771200,29414.0,29458.0,29140.5,29142.5,10892,70
1612785600,29141.5,29255.5,29140.5,29235.0,3886,70
1612800000,29235.0,29367.0,29226.0,29253.0,5439,70
1612814400,29253.0,29289.0,29242.0,29247.0,825,80
1612843200,29337.0,29430.0,29212.0,29373.5,11968,70
1612857600,29383.0,29467.0,29273.0,29380.5,10620,70
1612872000,29377.5,29446.5,29335.5,29393.5,3476,70
1612886400,29393.5,29588.5,29373.5,29561.5,6237,70
1612900800,29561.5,29612.5,29561.5,29572.5,1117,70
1612929600,29609.5,30000.5,29600.0,29889.0,12196,70
1612944000,29931.0,30051.0,29866.0,29955.5,10507,70
1612958400,29952.5,29999.5,29920.0,29936.5,2484,70
1612972800,29936.5,30040.5,29709.0,29829.5,9862,70
1612987200,29828.0,29853.5,29773.5,29846.0,2218,70
1613016000,29822.5,30090.0,29783.0,30079.0,9124,70
1613448000,30570.0,30738.0,30451.0,30694.0,11187,70
1613462400,30703.0,30771.0,30502.0,30704.5,10154,70
1613476800,30702.5,30805.0,30652.0,30745.0,4252,70
1613491200,30746.0,30747.0,30583.0,30604.0,8260,70
1613505600,30603.0,30630.0,30573.0,30587.0,1970,80
1613534400,30504.0,30886.0,30429.0,30832.5,10635,70
1613548800,30856.0,31087.0,30839.0,31013.0,11095,70
1613563200,31013.0,31018.0,30935.0,31007.0,4316,70
1613577600,31006.0,31014.0,30823.0,30852.0,12384,70
1613592000,30853.0,30937.5,30840.0,30931.0,2005,70
1613620800,31068.0,31117.5,30522.0,30598.5,15692,70
1613635200,30597.5,30750.0,30435.0,30525.5,14725,70
1613649600,30531.5,30557.0,30395.0,30473.0,5268,70
1613664000,30473.0,30484.0,30169.0,30212.0,10294,70
1613678400,30208.0,30315.0,30191.0,30300.0,2373,80
1613707200,30398.0,30427.0,30024.0,30274.5,15108,70
1613721600,30294.0,30621.0,30288.0,30543.5,13062,70
1613736000,30544.5,30694.0,30523.5,30679.0,5064,80
1613750400,30680.0,30855.0,30674.0,30818.0,7283,70
1613764800,30817.0,30824.0,30676.0,30731.0,2569,70
1613966400,30829.5,30989.5,30576.0,30671.0,16939,70
1613980800,30678.5,30690.5,30045.0,30080.0,18540,70
1613995200,30079.0,30193.5,30066.5,30142.5,6140,70
1614009600,30144.5,30271.5,30098.5,30244.5,11424,80
1614024000,30246.5,30261.5,30212.0,30255.5,2177,70
1614052800,30108.5,30761.0,30068.0,30753.0,15446,70
1614067200,30755.5,30931.5,30534.0,30553.0,13395,70
1614081600,30550.0,30550.0,30328.0,30463.0,11143,70
1614096000,30462.5,30500.5,30148.5,30357.5,15493,70
1614110400,30351.5,30452.5,30328.5,30412.5,4615,70
1614139200,30586.0,30802.5,29826.5,29930.5,16787,70
1614168000,29902.5,29917.5,29875.5,29878.5,579,70
1614182400,29879.5,29890.5,29586.0,29843.5,12013,70
1614196800,29843.5,29934.5,29843.5,29919.5,1611,70
1614225600,30107.0,30313.0,29828.5,30283.0,14771,70
1614240000,30330.5,30364.0,29957.0,29980.0,16802,70
1614254400,29978.0,30115.0,29936.5,29961.5,7229,70
1614268800,29961.0,30030.5,29756.0,29775.0,11990,70
1614283200,29775.0,29808.5,29529.5,29599.5,6437,70
1614312000,29379.0,29550.0,29154.0,29228.0,18161,70
1614326400,29260.0,29324.0,28910.0,29064.0,18993,70
1614340800,29066.0,29150.5,28828.5,28986.5,10532,70
1614355200,28987.0,29153.0,28880.0,29041.0,17687,70
1614369600,29041.0,29140.5,29014.5,29108.0,4486,70
1614571200,29358.0,29461.5,29150.0,29254.0,15078,70
1614585600,29301.5,29406.0,29245.5,29339.5,12764,70
1614600000,29338.5,29362.5,29221.0,29268.0,5405,70
1614614400,29268.0,29484.0,29264.0,29471.0,9014,70
1614628800,29471.0,29504.0,29412.0,29468.0,1434,75
1614657600,29597.0,29678.0,29029.0,29102.5,17810,70
1614672000,29104.5,29146.0,28868.0,28974.5,16547,70
1614686400,28974.5,29131.0,28930.5,29123.0,6666,70
1614700800,29121.0,29196.0,29046.0,29089.0,10408,70
1614715200,29088.0,29193.0,29073.0,29177.0,2098,80
1614744000,29165.0,29614.0,29094.0,29548.5,13491,70
1614758400,29556.0,29878.0,29521.0,29755.5,11783,70
1614772800,29753.5,29800.0,29686.0,29698.0,6207,70
1614787200,29696.0,29696.0,29436.0,29528.0,14412,70
1614801600,29528.0,29547.0,29484.0,29505.0,2575,80
1614830400,29374.0,29511.0,28932.5,29033.5,16847,70
1614844800,29066.0,29347.0,29034.0,29158.0,18728,70
1614859200,29158.0,29176.0,29031.5,29156.0,9928,70
1614873600,29154.0,29288.0,29056.0,29229.0,15254,70
1614888000,29230.0,29283.0,28961.0,28968.0,7672,70
1614916800,28652.0,29109.0,28452.0,29031.0,20159,70
1614931200,29029.0,29353.5,28891.5,29017.5,19396,70
1614945600,29012.5,29158.0,28952.0,29134.5,9300,70
1614960000,29134.0,29296.5,28858.0,28932.0,19601,70
1614974400,28928.0,29164.0,28914.0,29127.0,5882,70
1615176000,29383.5,29402.5,28530.0,28663.5,18233,70
1615190400,28642.0,28904.0,28401.0,28568.5,19347,70
1615204800,28569.5,28643.0,28448.0,28600.5,11243,70
1615219200,28600.0,28849.0,28576.0,28651.0,14018,70
1615233600,28651.0,28831.0,28650.0,28789.0,2136,70
1615262400,28665.0,29036.5,28347.5,28898.5,18164,70
1615276800,28941.5,29001.5,28485.0,28832.0,20189,70
1615291200,28831.0,28984.5,28828.0,28880.5,9813,70
1615305600,28880.5,29135.5,28834.0,29063.5,13797,70
1615320000,29064.5,29168.5,29054.0,29148.5,2606,70
1615348800,29126.5,29209.5,28702.5,28905.0,18367,70
1615363200,28908.5,28931.5,28699.5,28864.0,16744,70
1615377600,28864.0,28963.5,28837.5,28875.5,7734,70
1615392000,28875.5,29058.5,28851.5,28922.5,16165,70
1615406400,28922.5,28955.5,28828.5,28893.5,4076,75
1615435200,28805.0,29400.0,28805.0,29340.5,14468,70
1615449600,29343.0,29361.0,29040.0,29261.5,14293,70
1615464000,29263.5,29353.0,29212.0,29289.0,7287,70
1615478400,29289.0,29449.0,29205.0,29420.0,12302,70
1615492800,29420.0,29497.0,29404.0,29439.0,1790,70
1615521600,29504.0,29562.0,29123.0,29280.5,15141,70
1615536000,29289.0,29348.0,28610.5,28616.5,15959,70
1615550400,28608.5,28693.5,28562.0,28692.0,9038,70
1615564800,28691.5,28776.0,28559.0,28751.0,13114,70
1615579200,28752.0,28794.0,28708.0,28753.0,2068,80
1615780800,28874.5,29125.5,28680.5,28847.0,16281,70
1615795200,28895.5,28896.5,28599.5,28822.0,14754,70
1615809600,28821.0,28914.5,28759.5,28803.5,5475,80
1615824000,28801.0,28930.5,28749.5,28897.5,9272,75
1615838400,28898.5,28980.5,28888.5,28978.5,1071,80
1615867200,29030.0,29113.5,28836.5,28973.0,14487,70
1615881600,29011.5,29032.5,28833.5,28907.0,11376,70
1615896000,28906.0,29059.5,28898.0,28996.0,4239,70
1615910400,28996.0,29101.5,28992.5,29050.0,7281,70
1615924800,29050.0,29103.5,28983.5,28983.5,1983,70
1615953600,29011.0,29144.0,28733.5,28959.5,14444,70
1615968000,28968.5,29034.0,28854.0,28975.5,11885,70
1615982400,28974.5,29016.5,28887.5,28945.0,5213,70
1615996800,28945.0,28986.0,28884.0,28921.0,8845,70
1616011200,28921.0,29216.5,28918.0,29212.0,3406,70
1616040000,29274.0,29569.0,29261.0,29436.5,14993,70
1616054400,29445.0,29555.0,29278.5,29293.0,13124,70
1616068800,29291.0,29375.0,29236.0,29288.0,7800,70
1616083200,29288.0,29333.5,29204.0,29216.0,11757,70
1616097600,29216.5,29271.0,29121.0,29131.0,2360,70
1616126400,29100.0,29235.0,28865.0,28943.5,14972,70
1616140800,28953.0,28976.0,28701.0,28918.5,12101,70
1616155200,28917.5,28953.5,28841.0,28905.0,6804,70
1616169600,28904.0,29017.5,28752.0,29015.0,13982,70
1616184000,29016.0,29039.0,28996.0,29022.0,1707,70
1616385600,28923.0,29106.5,28717.5,28903.5,14123,70
1616400000,28927.5,28989.5,28797.0,28863.5,11064,70
1616414400,28862.5,28962.0,28828.0,28910.0,5769,70
1616428800,28908.0,28986.0,28843.0,28973.0,8884,70
1616443200,28973.0,28985.0,28950.5,28980.0,1086,70
1616472000,28999.0,29009.0,28362.5,28438.5,17257,70
1616486400,28426.0,28512.5,28301.0,28512.5,15161,70
1616500800,28512.5,28517.5,28379.0,28497.0,6934,70
1616515200,28499.0,28573.0,28440.0,28548.0,9718,70
1616529600,28548.0,28562.0,28466.5,28469.0,2154,70
1616558400,28347.5,28434.5,27890.5,27901.0,17435,70
1616572800,27909.5,27960.0,27767.5,27891.0,15972,70
1616587200,27894.0,27982.5,27891.0,27963.5,5689,70
1616601600,27963.5,27979.5,27829.5,27844.5,9964,70
1616616000,27842.5,27897.5,27771.5,27789.5,2255,70
1616644800,27668.0,27957.5,27496.5,27849.0,16498,70
1616659200,27880.0,27974.0,27804.0,27835.0,13676,70
1616673600,27835.0,27930.0,27750.0,27779.0,7354,70
1616688000,27778.0,27935.0,27707.0,27906.0,13337,70
1616702400,27904.0,27940.0,27856.0,27928.0,2966,70
1616731200,27910.0,28238.5,27910.0,28165.5,15449,70
1616745600,28203.5,28371.5,28184.0,28231.5,13491,70
1616760000,28235.5,28285.5,28176.5,28191.0,6348,70
1616774400,28190.5,28317.5,28129.5,28162.0,10260,70
1616788800,28153.0,28254.5,28133.5,28210.5,2486,70
1616990400,28250.0,28483.0,28079.0,28387.5,14158,70
1617004800,28394.0,28394.0,28127.0,28350.5,12600,70
1617019200,28350.5,28428.0,28340.5,28389.5,4087,70
1617033600,28390.0,28509.5,28360.0,28508.5,10770,70
1617048000,28507.5,28529.0,28432.5,28442.0,2762,70
1617076800,28442.5,28677.0,28356.0,28656.5,12434,70
1617091200,28666.0,28703.0,28497.0,28523.5,8460,70
1617105600,28522.5,28575.0,28452.0,28485.0,5055,70
1617120000,28485.0,28664.0,28448.0,28644.0,9770,70
1617134400,28644.0,28677.0,28622.0,28643.0,1738,70
1617163200,28741.5,28778.0,28360.0,28429.5,12167,70
1617177600,28437.0,28499.0,28294.0,28335.0,9769,70
1617192000,28336.0,28411.0,28332.0,28359.0,4185,70
1617206400,28359.0,28544.0,28348.0,28538.0,7193,80
1617220800,28539.0,28580.0,28537.0,28571.0,1803,80
1617249600,28559.0,28702.0,28467.0,28657.5,12833,70
1617264000,28653.0,28926.0,28578.0,28841.5,10734,70
1617278400,28842.5,28911.0,28810.0,28902.0,4016,70
1617292800,28903.0,29014.0,28899.0,28972.0,7340,70
1617307200,28975.0,28992.0,28941.0,28966.0,1391,80
1617768000,29140.0,29140.0,28639.0,28713.5,12917,70
1617782400,28704.0,28783.0,28526.0,28530.0,10350,70
1617796800,28531.0,28544.0,28518.0,28519.0,124,290
1617854400,28418.0,28947.0,28388.0,28888.5,12861,70
1617868800,28910.0,29071.0,28853.0,29009.5,11903,70
1617883200,29009.5,29110.0,28985.0,29068.0,4737,75
1617897600,29069.0,29082.0,28958.0,29036.0,8132,70
1617912000,29036.0,29055.0,29016.0,29030.0,1432,75
1617940800,29086.5,29124.5,28712.0,28764.0,13180,70
1617955200,28769.5,28799.5,28566.0,28675.0,10654,70
1617969600,28675.0,28724.5,28614.0,28641.5,4813,70
1617984000,28641.5,28701.5,28622.0,28670.5,7790,70
1617998400,28671.0,28714.0,28661.5,28674.5,1369,70
1618200000,28579.0,28810.0,28241.0,28349.5,11620,70
1618214400,28362.0,28489.0,28336.0,28447.5,10492,70
1618228800,28448.5,28515.0,28433.0,28479.5,3871,70
1618243200,28479.5,28517.0,28412.5,28478.5,8124,70
1618257600,28479.5,28481.0,28449.5,28479.0,1913,70
1618286400,28523.0,28857.0,28493.0,28679.0,11467,70
1618300800,28659.5,28678.0,28428.0,28506.5,11593,70
1618315200,28507.5,28564.0,28420.0,28542.0,5809,70
1618329600,28541.0,28625.5,28492.0,28593.0,7916,70
1618344000,28593.0,28669.5,28591.5,28619.0,1697,70
1618372800,28646.0,28982.5,28646.0,28871.5,13003,70
1618387200,28880.0,28942.0,28817.0,28932.5,10336,70
1618401600,28932.5,28960.0,28862.5,28879.0,4050,70
1618416000,28877.0,28908.0,28836.0,28898.0,8448,70
1618430400,28898.0,28901.0,28784.0,28837.0,2802,70
1618459200,28862.5,28900.5,28494.5,28597.0,13395,70
1618473600,28610.0,28834.5,28589.5,28801.0,10170,70
1618488000,28800.0,28894.5,28783.5,28857.5,4845,70
1618502400,28858.5,28899.5,28820.5,28887.5,7940,70
1618516800,28887.5,28928.5,28857.5,28921.5,1889,70
1618545600,28832.5,28908.5,28684.0,28804.0,13369,70
1618560000,28812.5,29081.5,28792.5,28985.0,11204,70
1618574400,28981.0,29062.5,28976.0,29049.5,4287,70
1618588800,29051.5,29054.5,28928.0,29024.5,8105,70
1618603200,29023.5,29057.5,29012.0,29040.5,1546,75
1618804800,28962.5,29334.5,28768.5,29233.5,14942,70
1618819200,29206.5,29246.5,29014.0,29030.0,11553,70
1618833600,29039.0,29043.0,28916.5,28948.5,4401,70
1618848000,28948.5,28958.5,28836.0,28860.5,10301,75
1618862400,28860.5,28901.5,28846.5,28875.5,2806,70
1618891200,28910.5,29149.5,28848.0,29087.0,14104,70
1618905600,29102.0,29225.5,29024.0,29033.0,11107,70
1618920000,29032.0,29061.5,28901.5,28907.5,7317,70
1618934400,28908.0,28958.5,28725.5,28779.5,8451,70
1618948800,28777.5,28792.0,28714.5,28723.5,1799,70
1618977600,28741.5,28760.5,28464.5,28626.0,13024,70
1618992000,28639.5,28660.5,28519.0,28554.0,10204,70
1619006400,28553.0,28598.5,28479.5,28550.5,4498,70
1619020800,28550.5,28717.5,28508.5,28688.5,6991,70
1619035200,28689.5,28747.5,28688.5,28714.5,1308,70
1619064000,28703.5,28757.5,28638.5,28712.0,7832,70
1619078400,28723.0,28769.0,28649.0,28710.0,10317,70
1619092800,28709.0,28746.0,28671.0,28728.5,4002,70
1619107200,28728.5,28808.0,28669.0,28799.0,7532,70
1619121600,28798.0,28805.5,28592.5,28690.5,5483,70
1619150400,28704.5,29057.5,28702.5,28981.0,11390,70
1619164800,28983.5,29086.5,28881.5,29041.0,8985,70
1619179200,29042.0,29070.5,29001.5,29007.5,4292,70
1619193600,29008.5,29131.5,28986.5,29111.5,7110,70
1619208000,29111.5,29155.5,29110.5,29146.5,1083,75
1619409600,29091.5,29240.5,28975.5,29084.0,13281,70
1619424000,29070.5,29117.5,28884.5,28912.5,8873,70
1619438400,28911.5,28920.5,28903.5,28919.5,104,290
1619452800,28891.0,28891.5,28837.0,28863.5,2126,70
1619467200,28864.5,28903.5,28857.0,28902.5,1157,70
1619496000,28849.0,29008.0,28794.0,28921.5,10382,70
1619510400,28954.0,29041.0,28846.5,28873.5,7588,70
1619524800,28872.5,28931.0,28832.5,28912.0,3671,75
1619539200,28911.5,29004.0,28890.0,28946.0,6702,70
1619553600,28946.0,28967.0,28929.0,28950.0,1550,70
1619582400,28904.0,29050.0,28842.0,28949.5,9484,70
1619596800,28958.0,29036.0,28935.0,29006.5,7722,70
1619611200,29005.5,29062.0,28997.5,29044.0,2883,70
1619625600,29043.0,29136.0,29030.0,29050.0,5456,70
1619640000,29051.0,29136.0,29002.0,29132.0,2186,70
1619668800,29181.0,29415.0,29180.0,29239.5,11586,70
1619683200,29212.0,29334.5,29159.0,29253.5,9125,70
1619697600,29253.5,29324.5,29222.5,29318.0,3043,75
1619712000,29317.0,29320.5,29059.5,29129.5,10189,70
1619726400,29129.5,29185.0,29099.0,29183.0,2292,70
1619755200,29155.0,29171.0,28793.0,28806.5,9729,70
1619769600,28815.0,28844.5,28615.0,28665.5,8232,70
1619784000,28666.5,28706.0,28619.5,28704.0,3790,75
1619798400,28704.0,28747.0,28628.5,28660.5,9118,70
1619812800,28661.0,28684.0,28601.0,28613.0,2370,75
1620014400,28660.5,28695.5,28193.5,28228.0,10303,70
1620028800,28237.5,28318.5,28198.5,28232.0,6485,70
1620043200,28232.0,28379.5,28213.0,28350.5,3714,70
1620057600,28350.5,28494.5,28328.0,28483.5,8046,70
1620072000,28484.5,28495.5,28455.5,28482.5,1690,75
1620100800,28411.5,28455.0,28256.5,28375.0,11350,70
1620115200,28411.5,28593.0,28396.5,28521.0,8947,70
1620129600,28520.0,28614.0,28399.0,28411.5,6647,70
1620144000,28408.0,28464.5,28158.5,28193.0,13817,70
1620158400,28192.5,28272.5,28184.5,28250.5,3041,70
1620187200,28358.5,28685.0,28324.5,28530.0,10084,70
1620201600,28532.5,28548.5,28301.5,28413.0,8303,70
1620216000,28414.0,28483.5,28410.0,28428.0,3968,75
1620230400,28428.5,28545.5,28382.5,28497.5,8199,70
1620244800,28498.0,28532.5,28471.5,28497.5,1956,75
1620273600,28535.5,28832.5,28352.5,28437.0,14164,70
1620288000,28445.5,28661.5,28436.5,28573.0,10302,70
1620302400,28572.0,28637.5,28548.5,28594.5,5778,70
1620316800,28594.0,28673.0,28537.5,28618.5,10399,75
1620331200,28617.5,28636.5,28528.5,28533.5,2795,70
1620360000,28683.5,28886.5,28667.5,28791.0,10944,70
1620374400,28799.5,28800.5,28567.5,28670.0,10596,70
1620388800,28671.0,28753.5,28627.5,28706.5,5279,75
1620403200,28708.5,28828.5,28655.5,28761.5,9007,70
1620417600,28761.5,28774.5,28732.5,28746.5,2099,70
1620619200,28813.5,28877.5,28470.5,28514.0,13025,70
1620633600,28516.0,28633.5,28476.5,28569.0,10123,70
1620648000,28567.0,28655.5,28563.0,28643.0,3551,75
1620662400,28644.5,28652.5,28433.5,28522.5,9303,70
1620676800,28523.5,28534.5,28422.0,28425.5,2771,75
1620705600,28227.0,28291.5,27875.5,27910.0,13635,70
1620720000,27924.5,28149.5,27887.5,27913.0,13379,70
1620734400,27910.0,27998.5,27774.5,27807.5,7301,75
1620748800,27807.5,28036.5,27754.0,27994.5,14608,70
1620763200,27994.5,28072.5,27982.5,28052.5,3376,75
1620792000,27958.5,28106.5,27816.0,27881.0,14999,70
1620806400,27892.5,28205.5,27877.5,28135.0,10773,70
1620820800,28136.0,28162.0,27998.5,28099.5,8881,70
1620835200,28100.5,28148.5,27869.0,27916.5,14194,70
1620849600,27913.5,27957.5,27848.0,27886.5,3699,70
1620878400,27851.5,28045.5,27787.5,27927.5,13269,70
1620892800,27935.5,27944.5,27574.0,27663.0,12932,70
1620907200,27667.0,27834.5,27623.5,27809.5,9165,70
1620921600,27809.5,27917.5,27778.0,27792.5,12744,70
1620936000,27792.5,27875.0,27686.5,27873.5,4697,70
1620964800,27917.5,27986.0,27698.5,27955.0,14906,70
1620979200,27951.5,28073.0,27910.5,28059.0,12877,70
1620993600,28061.0,28089.0,28010.5,28055.0,5310,70
1621008000,28054.0,28223.5,28046.5,28187.5,9024,70
1621022400,28187.5,28229.5,28175.5,28226.5,1347,75
1621224000,28161.5,28255.0,28035.5,28150.0,14405,70
1621238400,28125.5,28249.0,28114.0,28214.0,11032,70
1621252800,28216.0,28220.0,28088.5,28123.0,5181,75
1621267200,28122.5,28272.5,28114.5,28226.0,11069,70
1621281600,28223.5,28251.0,28197.5,28242.5,2280,80
1621310400,28361.5,28627.5,28344.0,28553.0,8591,70
1621324800,28554.0,28598.5,28512.5,28521.0,5006,70
1621339200,28523.0,28564.5,28482.5,28497.5,3945,70
1621353600,28496.5,28576.5,28462.5,28560.5,8724,70
1621368000,28561.0,28591.5,28509.5,28516.5,1985,75
1621483200,28338.0,28482.0,28247.0,28370.5,11392,70
1621497600,28374.0,28451.0,28312.0,28349.0,8567,70
1621512000,28346.0,28409.0,28261.0,28406.0,4940,70
1621526400,28409.0,28538.0,28402.0,28484.0,6595,70
1621540800,28484.0,28490.0,28457.0,28478.0,1475,80
1621569600,28582.5,28614.5,28263.5,28367.0,11831,70
1621584000,28360.5,28460.0,28354.5,28459.0,8048,70
1621598400,28461.0,28497.5,28433.5,28478.5,3776,70
1621612800,28478.5,28490.5,28297.5,28315.5,8170,70
1621627200,28313.5,28385.5,28310.5,28357.5,1759,80
1621828800,28383.0,28426.0,28160.0,28310.0,11844,70
1621843200,28319.0,28430.0,28297.0,28362.5,7966,70
1621857600,28362.5,28404.0,28350.0,28397.0,3437,75
1621872000,28394.0,28469.0,28362.0,28464.0,5514,70
1621886400,28465.0,28493.0,28456.0,28491.0,917,70
1621915200,28477.5,28803.5,28431.5,28764.0,10521,70
1621929600,28771.5,28964.5,28764.5,28964.5,6518,70
1621944000,28965.5,29004.5,28926.0,28979.5,3551,80
1621958400,28979.5,29011.5,28897.5,28964.5,8449,70
1621972800,28964.5,28991.5,28935.5,28957.5,1349,70
1622001600,29031.5,29199.5,28992.5,29121.0,9983,70
1622016000,29130.5,29312.5,29092.0,29179.0,8514,70
1622030400,29178.0,29236.5,29167.5,29188.0,4340,70
1622044800,29188.0,29226.5,29140.0,29222.0,6342,70
1622059200,29222.0,29242.5,29198.5,29238.5,1274,70
1622088000,29152.5,29188.5,28982.0,29115.0,10934,70
1622102400,29131.5,29214.5,29083.5,29174.0,8229,70
1622116800,29173.0,29197.5,29108.0,29154.0,4293,80
1622131200,29154.0,29226.5,29134.5,29161.5,7138,80
1622145600,29160.0,29200.0,29158.0,29188.5,1699,70
1622174400,29208.5,29351.5,29116.5,29289.0,9702,70
1622188800,29298.5,29363.5,29068.5,29142.0,9519,70
1622203200,29143.0,29173.5,29057.5,29067.5,4291,80
1622217600,29069.5,29197.5,29065.5,29185.5,6452,70
1622232000,29185.5,29194.5,29171.5,29174.5,1343,80
1622433600,29243.0,29251.0,28928.0,28974.0,10187,70
1622448000,28986.0,29144.0,28912.0,29050.5,7697,70
1622462400,29046.5,29075.5,29025.5,29050.0,1040,290
1622476800,29049.0,29050.0,29012.5,29021.5,947,290
1622491200,29022.5,29028.5,29020.5,29025.5,168,290
1622520000,29046.0,29337.0,29040.0,29294.0,11038,70
1622534400,29286.0,29515.0,29257.0,29481.5,9389,70
1622548800,29481.5,29510.0,29465.0,29486.0,3251,70
1622563200,29485.0,29510.0,29358.0,29368.0,7484,70
1622577600,29368.0,29417.0,29346.0,29414.0,1552,80
1622606400,29434.0,29510.0,29246.0,29291.5,10235,70
1622620800,29300.0,29342.0,29198.0,29235.5,8339,70
1622635200,29234.5,29312.0,29234.5,29284.0,3307,80
1622649600,29284.0,29345.0,29238.0,29302.0,5511,70
1622664000,29303.0,29313.0,29273.0,29297.0,1731,80
1622692800,29295.5,29373.5,29130.0,29146.5,11072,70
1622707200,29152.5,29176.5,28897.5,28938.0,9786,70
1622721600,28939.0,28986.5,28862.0,28914.5,6204,75
1622736000,28916.5,28986.5,28871.5,28936.0,9419,70
1622750400,28936.0,28961.5,28900.5,28917.5,2433,70
1622779200,28870.5,29016.5,28717.5,28983.0,10834,70
1622793600,28962.5,28978.5,28800.0,28865.0,10648,70
1622808000,28866.0,29007.5,28850.5,28998.5,5198,70
1622822400,28998.5,29067.5,28980.0,29056.5,5882,70
1622836800,29057.5,29068.5,29052.0,29060.5,886,75
1623038400,28964.0,29021.5,28614.5,28699.5,11939,70
1623052800,28735.0,28842.0,28711.5,28841.0,8498,70
1623067200,28842.0,28869.0,28802.0,28855.0,2993,70
1623081600,28856.0,28857.0,28758.0,28827.5,6568,70
1623096000,28828.0,28838.0,28807.0,28832.0,1230,75
1623124800,28829.0,28997.0,28635.0,28711.0,10644,70
1623139200,28689.0,28799.0,28652.0,28775.5,8527,70
1623153600,28776.5,28812.0,28712.0,28789.0,4092,70
1623168000,28788.0,28806.0,28691.0,28752.0,6540,70
1623182400,28751.0,28762.0,28741.0,28753.0,1215,80
1623211200,28810.0,28881.5,28706.0,28755.5,9964,70
1623225600,28737.0,28799.0,28692.0,28770.0,7599,70
1623240000,28773.0,28795.0,28723.0,28770.5,3314,75
1623254400,28770.5,28835.0,28722.0,28758.5,6161,70
1623268800,28759.0,28773.0,28755.0,28755.0,1207,75
1623297600,28734.0,28968.0,28727.0,28833.5,9416,70
1623312000,28837.0,28870.0,28655.0,28712.5,7778,70
1623326400,28714.5,28775.0,28659.0,28768.0,4814,70
1623340800,28768.0,28826.0,28708.0,28809.0,7552,70
1623355200,28809.0,28831.0,28799.0,28819.0,1245,80
1623384000,28813.0,28980.0,28726.0,28850.5,9476,70
1623398400,28847.0,28928.0,28824.0,28867.5,6872,70
1623412800,28870.5,28905.0,28831.0,28848.0,3036,70
1623427200,28847.0,28856.0,28748.0,28760.0,5334,70
1623441600,28761.0,28794.0,28756.0,28786.0,915,70
1623729600,28970.5,28972.0,28421.5,28570.0,10689,70
1623744000,28600.5,28676.5,28514.5,28582.5,7272,70
1623758400,28580.5,28623.5,28563.5,28589.5,2741,75
1623772800,28591.5,28610.5,28512.5,28522.5,5378,70
1623787200,28522.5,28546.5,28499.5,28526.5,1235,80
1623816000,28577.0,28640.0,28503.0,28537.5,9214,70
1623830400,28572.0,28583.0,28423.5,28453.5,7230,70
1623844800,28454.5,28484.0,28439.0,28471.0,2116,70
1623859200,28471.0,28530.0,28458.0,28464.0,3997,80
1623873600,28464.0,28471.0,28239.0,28241.0,3773,70
1623902400,28195.0,28520.0,28157.0,28485.0,9483,70
1623916800,28474.0,28533.0,28380.0,28470.5,8175,70
1623931200,28471.5,28520.0,28464.0,28493.0,3712,70
1623945600,28494.0,28600.0,28476.0,28510.0,8068,70
1623960000,28509.0,28593.0,28508.0,28570.0,2263,80
1623988800,28564.5,28808.5,28478.0,28683.0,9231,70
1624003200,28691.5,28845.0,28665.5,28823.5,7501,70
1624017600,28822.5,28832.5,28636.5,28692.5,5764,75
1624032000,28690.5,28694.5,28594.5,28637.5,10376,70
1624046400,28636.5,28653.5,28611.5,28611.5,2363,75
1624248000,28528.5,28564.5,28341.5,28394.0,12446,70
1624262400,28390.0,28513.0,28292.0,28507.0,12205,70
1624276800,28505.0,28541.0,28448.5,28472.5,5426,70
1624291200,28471.5,28577.5,28416.5,28556.5,7141,70
1624305600,28557.5,28590.5,28555.5,28585.5,1401,75
1624334400,28569.5,28578.5,28329.5,28463.0,10273,70
1624348800,28455.5,28463.0,28213.5,28246.0,11719,70
1624363200,28248.0,28335.5,28233.0,28280.5,5221,70
1624377600,28280.5,28372.5,28254.5,28355.5,7526,75
1624392000,28356.5,28363.5,28337.5,28351.5,1550,70
1624420800,28416.5,28751.5,28376.5,28667.5,12432,70
1624435200,28705.5,28905.5,28674.5,28763.0,10857,70
1624449600,28763.0,28790.5,28708.0,28764.5,4446,80
1624464000,28764.5,28851.5,28709.5,28731.5,6668,70
1624478400,28731.5,28758.5,28724.0,28749.5,1269,80
1624507200,28745.5,28987.5,28734.0,28826.0,11336,70
1624521600,28834.5,28911.5,28814.5,28879.0,9114,70
1624536000,28879.0,28916.5,28852.0,28872.0,3279,80
1624550400,28872.0,28951.5,28863.5,28938.0,5170,70
1624564800,28937.5,28958.5,28930.0,28954.5,1443,80
1624593600,28968.5,29230.5,28934.5,29184.0,10341,70
1624608000,29219.5,29298.5,29182.0,29246.0,8911,70
1624622400,29247.0,29308.5,29234.0,29274.5,3545,70
1624636800,29272.0,29305.0,29244.5,29276.5,6308,70
1624651200,29275.5,29283.5,29255.5,29279.5,1141,70
1624852800,29262.5,29301.0,29241.0,29247.0,981,290
1624867200,29249.0,29324.0,29202.0,29246.0,8839,70
1624881600,29245.0,29280.0,29233.0,29278.0,2939,70
1624896000,29278.0,29320.0,29244.5,29245.0,4845,70
1624910400,29245.0,29274.0,29218.0,29267.0,1112,70
1624939200,29243.5,29245.5,28973.5,28994.0,9089,70
1624953600,29002.5,29037.5,28864.5,28910.0,9162,70
1624968000,28913.0,28976.5,28905.0,28960.5,3904,70
1624982400,28960.5,29015.5,28937.5,29000.0,5091,70
1624996800,29000.0,29012.5,28990.0,28992.0,1139,70
1625025600,29015.5,29110.0,28851.5,28919.0,9613,70
1625040000,28957.5,28957.5,28645.5,28651.5,10618,70
1625054400,28650.5,28781.5,28613.0,28735.5,4718,70
1625068800,28735.5,28803.5,28716.0,28736.0,6380,70
1625083200,28737.5,28765.5,28731.5,28739.5,1134,70
1625198400,28749.5,28830.5,28244.5,28291.0,11204,70
1625212800,28289.5,28348.5,28170.5,28215.0,11250,70
1625227200,28213.0,28363.5,28207.0,28350.0,4666,70
1625241600,28351.5,28390.5,28307.5,28360.5,6000,70
1625256000,28361.5,28423.5,28358.0,28410.5,1085,70
1625457600,28266.0,28329.0,28126.0,28192.0,8042,70
1625472000,28174.0,28201.0,28074.0,28149.5,9287,70
1625486400,28148.5,28199.0,28133.5,28143.0,2751,70
1625500800,28142.0,28146.0,28092.0,28111.0,2494,70
1625515200,28115.0,28120.0,28108.0,28111.0,305,80
1625544000,28147.5,28180.5,27886.5,27979.0,11689,70
1625558400,27993.5,28119.5,27928.0,28022.0,11703,70
1625572800,28021.0,28037.5,27964.0,28004.0,3938,70
1625587200,28002.5,28012.5,27804.0,27833.0,8306,70
1625601600,27834.0,27889.0,27832.0,27879.0,1362,80
1625630400,27793.0,27902.0,27692.0,27812.5,10433,70
1625644800,27806.0,27959.0,27703.0,27859.5,10014,70
1625659200,27858.5,28007.0,27851.5,27959.0,4550,70
1625673600,27959.0,27973.0,27736.0,27874.0,8276,70
1625688000,27875.0,27914.0,27836.0,27877.0,2229,70
1625716800,27847.0,27876.0,27328.0,27367.5,11816,70
1625731200,27356.0,27369.0,27059.5,27126.5,13543,70
1625745600,27127.5,27132.5,26936.0,27044.0,9415,70
1625760000,27045.0,27234.0,27032.0,27211.0,11676,70
1625774400,27213.0,27225.0,27146.0,27166.0,2541,70
1625803200,27058.0,27321.5,26850.0,27272.5,15437,70
1625817600,27286.0,27405.5,27228.5,27279.0,12976,70
1625832000,27280.0,27458.0,27279.0,27439.0,6233,70
1625846400,27439.0,27612.0,27393.0,27598.0,5320,70
1625860800,27598.0,27697.0,27590.0,27690.0,1598,70
1626062400,27592.0,27652.0,27345.0,27472.5,11885,70
1626076800,27478.0,27560.5,27380.0,27552.5,11115,70
1626091200,27551.5,27553.5,27431.0,27539.0,4764,70
1626105600,27540.0,27623.0,27514.0,27616.0,5822,70
1626120000,27615.0,27623.0,27589.0,27597.0,1164,70
1626148800,27617.0,28006.0,27586.0,27952.5,10848,70
1626163200,27962.0,27980.0,27846.0,27867.5,10367,70
1626177600,27868.5,27905.0,27737.0,27742.0,4466,70
1626192000,27742.0,27914.0,27728.0,27905.0,6890,70
1626206400,27905.0,27909.0,27802.0,27822.0,3067,70
1626235200,27791.0,27880.0,27655.0,27705.5,10646,70
1626249600,27713.0,27827.0,27681.0,27750.5,9360,70
1626264000,27751.5,27920.0,27746.5,27908.0,3982,70
1626278400,27910.0,27915.0,27730.0,27801.0,7156,70
1626292800,27802.0,27813.0,27772.0,27784.0,2031,70
1626321600,27661.0,28172.0,27641.0,28077.5,10708,70
1626336000,28077.0,28165.0,27926.0,27982.0,9956,70
1626350400,27982.0,28016.0,27888.0,27899.0,6255,70
1626364800,27897.0,27971.0,27846.0,27874.0,9209,70
1626379200,27873.0,27875.0,27814.0,27846.0,2833,70
1626408000,27812.0,28123.5,27799.0,28054.5,11788,70
1626422400,28097.0,28206.0,27985.0,28030.5,11516,70
1626436800,28032.5,28067.0,27956.0,28010.0,4668,70
1626451200,28011.0,28040.0,27816.0,27844.0,8768,70
1626465600,27843.0,27868.0,27790.0,27791.0,2217,70
1626667200,27691.0,27742.0,27344.0,27453.5,12111,70
1626681600,27498.0,27547.5,27306.0,27343.0,12739,70
1626696000,27341.0,27423.0,27263.0,27334.0,8707,70
1626710400,27334.0,27361.0,27168.0,27214.0,13519,70
1626724800,27212.0,27254.0,27192.0,27222.0,4240,70
1626753600,27324.0,27523.0,27085.0,27176.0,14222,70
1626768000,27148.5,27311.5,27103.5,27160.5,13253,70
1626782400,27159.5,27231.0,27094.0,27116.0,7646,70
1626796800,27115.0,27265.0,27036.0,27263.0,8673,70
1626811200,27263.0,27275.0,27216.0,27270.0,1899,70
1626840000,27312.0,27385.5,26908.0,27057.0,13891,70
1626854400,27079.0,27232.5,27023.0,27194.5,11924,70
1626868800,27195.5,27245.0,27125.0,27191.0,5386,70
1626883200,27191.0,27364.0,27180.0,27355.0,6109,70
1626897600,27355.0,27383.0,27353.0,27380.0,1161,70
1626926400,27411.0,27757.5,27406.0,27647.5,11198,70
1626940800,27680.0,27713.5,27608.0,27686.0,9676,70
1626955200,27685.0,27696.0,27602.0,27620.0,3523,70
1626969600,27620.0,27660.0,27528.0,27588.0,7945,70
1626984000,27588.0,27626.0,27584.0,27617.0,1336,70
1627012800,27696.0,27699.0,27381.0,27453.0,11326,70
1627027200,27427.0,27430.5,27193.0,27267.5,7056,70
1627041600,27267.5,27316.0,27202.0,27209.0,3391,70
1627056000,27206.0,27206.0,26996.0,27028.0,7414,70
1627070400,27027.0,27066.0,27027.0,27037.0,1441,70
1627272000,26919.5,26919.5,26464.0,26534.5,4728,70
1627286400,26507.0,26533.0,26104.5,26147.0,16779,70
1627300800,26148.0,26283.0,26145.0,26235.0,5018,70
1627315200,26234.0,26361.0,26171.0,26213.0,8148,70
1627329600,26212.0,26216.0,26114.0,26115.0,1968,70
1627358400,26096.0,26325.0,25725.0,25942.5,15099,70
1627372800,25930.0,25941.0,24739.0,25082.5,20015,70
1627387200,25085.5,25295.0,25053.0,25261.0,5886,80
1627401600,25260.0,25308.0,24980.0,24991.0,13146,70
1627416000,24989.0,25142.0,24920.0,25141.0,3447,80
1627444800,25340.0,25569.0,24936.0,25025.0,16446,70
1627459200,25027.0,25469.0,24861.0,25371.5,16620,70
1627473600,25370.5,25636.0,25361.5,25543.0,5638,70
1627488000,25546.0,26130.0,25532.0,26086.0,9879,70
1627502400,26086.0,26211.0,25998.0,26205.0,2393,75
1627531200,26103.0,26192.0,25799.0,26100.5,15386,70
1627545600,26105.0,26306.0,26060.0,26267.5,13608,70
1627560000,26268.5,26339.0,26186.0,26260.0,5500,70
1627574400,26257.0,26278.0,26042.0,26094.0,8952,70
1627588800,26094.0,26141.0,26094.0,26125.0,2058,70
1627617600,25931.0,26140.5,25702.0,25725.0,16710,70
1627632000,25705.0,25976.0,25616.0,25902.5,17129,70
1627646400,25899.5,25953.0,25807.0,25820.0,5587,70
1627660800,25820.0,26044.0,25778.0,26021.0,8794,70
1627675200,26021.0,26024.0,25896.0,25896.0,2129,70
1627876800,26025.0,26296.5,25724.0,26196.5,16347,70
1627891200,26172.0,26294.5,26104.0,26170.5,14655,70
1627905600,26169.5,26229.0,26133.0,26136.0,4711,70
1627920000,26138.0,26283.0,26131.0,26216.0,8963,70
1627934400,26216.0,26241.0,26171.0,26177.0,2811,70
1627963200,26191.0,26225.5,25761.5,25959.5,16713,70
1627977600,25989.0,26247.5,25988.0,26109.5,14898,70
1627992000,26111.5,26205.0,26080.0,26106.0,4092,70
1628006400,26105.0,26128.5,25966.0,26114.5,9321,70
1628020800,26112.0,26134.0,26098.5,26124.0,1647,70
1628049600,26064.0,26628.5,25975.5,26571.5,14301,70
1628064000,26567.0,26582.0,26340.5,26396.5,12061,70
1628078400,26396.5,26438.0,26334.0,26357.0,3830,70
1628092800,26357.5,26480.0,26341.0,26417.0,7576,70
1628107200,26417.0,26465.0,26415.0,26448.0,1431,70
1628136000,26399.0,26524.0,26248.0,26346.0,12466,70
1628150400,26378.0,26413.0,26098.0,26167.5,12449,70
1628164800,26165.5,26214.0,26155.0,26174.0,3262,80
1628179200,26173.0,26312.0,26166.0,26278.0,5179,70
1628193600,26278.0,26293.0,26262.0,26265.0,934,80
1628222400,26259.5,26269.5,25950.5,26151.0,13966,70
1628236800,26176.0,26249.5,26085.5,26184.0,9745,70
1628251200,26185.0,26248.5,26152.0,26203.5,3359,80
1628265600,26203.5,26233.5,26005.5,26053.5,7187,70
1628280000,26052.0,26106.5,26050.0,26088.5,1202,80
1628481600,25938.5,26509.5,25854.0,26394.0,13954,70
1628496000,26377.5,26402.5,26199.5,26257.0,10390,70
1628510400,26258.0,26314.5,26239.0,26275.5,2926,80
1628524800,26274.5,26386.5,26261.5,26365.5,5080,70
1628539200,26365.5,26381.5,26340.5,26362.5,1005,80
1628568000,26427.5,26439.5,26065.5,26310.0,12791,70
1628582400,26298.5,26553.5,26285.5,26501.0,10739,70
1628596800,26501.0,26519.5,26454.5,26467.5,2247,80
1628611200,26467.5,26489.5,26388.5,26441.5,5583,70
1628625600,26439.5,26464.5,26426.5,26459.5,1410,80
1628654400,26408.5,26759.5,26337.5,26573.0,12501,70
1628668800,26542.5,26609.5,26508.5,26570.0,9174,70
1628683200,26571.0,26770.5,26554.5,26687.5,3447,70
1628697600,26687.5,26714.5,26511.5,26597.5,6611,70
1628712000,26597.5,26636.5,26539.5,26567.5,1484,80
1628740800,26565.5,26655.5,26461.5,26551.0,11814,70
1628755200,26560.5,26577.5,26336.5,26429.0,9271,70
1628769600,26429.0,26471.5,26353.5,26382.5,2859,80
1628784000,26382.5,26398.5,26253.5,26286.5,5751,75
1628798400,26284.5,26300.5,26267.5,26280.5,1030,80
1628827200,26232.5,26482.5,26121.5,26251.0,13382,70
1628841600,26289.5,26374.5,26162.5,26352.0,9997,70
1628856000,26351.0,26386.5,26326.0,26381.5,2821,70
1628870400,26379.5,26408.5,26296.5,26370.0,5946,70
1628884800,26370.0,26384.5,26355.5,26370.5,1117,70
1629086400,26388.5,26419.5,26073.5,26186.0,14466,70
1629100800,26197.5,26220.5,26033.5,26101.0,10286,70
1629115200,26102.0,26180.5,26100.0,26140.5,4090,75
1629129600,26140.0,26177.5,26042.5,26158.0,7809,70
1629144000,26158.5,26183.5,26144.5,26162.5,1532,75
1629172800,26137.5,26246.5,25959.0,26004.0,12365,70
1629187200,26015.5,26016.0,25599.5,25745.0,12763,70
1629201600,25744.0,25771.5,25658.5,25680.5,4050,70
1629216000,25686.5,25810.5,25605.5,25606.0,8735,70
1629230400,25604.5,25689.5,25600.5,25658.5,2761,70
1629259200,25727.5,25955.5,25699.5,25909.0,12350,70
1629273600,25914.0,26000.5,25782.0,25816.5,9752,70
1629288000,25815.5,25849.5,25764.5,25822.5,2898,70
1629302400,25822.0,25882.5,25784.0,25829.5,6854,70
1629316800,25829.0,25917.5,25804.5,25855.5,2435,70
1629345600,25761.0,25807.5,25335.0,25373.0,14670,70
1629360000,25375.5,25558.5,25169.5,25238.0,15820,70
1629374400,25236.0,25312.5,25148.0,25261.0,7887,70
1629388800,25262.0,25416.0,25262.0,25402.0,13863,70
1629403200,25403.0,25403.0,25248.0,25282.5,5046,70
1629432000,25361.5,25380.0,24578.5,24706.0,17228,70
1629446400,24707.5,24960.5,24602.5,24825.0,15874,70
1629460800,24823.0,24912.0,24798.0,24897.0,5276,70
1629475200,24897.0,25130.0,24894.5,25099.0,9775,70
1629489600,25099.0,25104.5,25043.5,25043.5,1961,70
1629691200,25082.5,25466.5,25076.5,25320.0,13917,70
1629705600,25348.0,25348.0,25046.5,25131.0,12496,70
1629720000,25132.0,25237.5,25119.0,25220.5,3808,75
1629734400,25220.5,25307.5,25180.5,25307.5,6915,70
1629748800,25307.5,25357.5,25297.5,25354.5,1726,75
1629777600,25392.5,25599.5,25333.5,25453.0,12096,70
1629792000,25479.5,25715.5,25460.5,25637.0,11715,70
1629806400,25638.0,25658.0,25576.5,25590.0,3812,75
1629820800,25590.0,25796.5,25589.0,25742.5,7770,70
1629835200,25739.5,25752.5,25688.0,25737.5,1463,75
1629864000,25724.5,25939.5,25520.5,25576.0,13498,70
1629878400,25586.0,25698.5,25523.5,25631.0,9359,70
1629892800,25629.0,25680.5,25590.5,25644.5,2632,70
1629907200,25645.5,25651.5,25557.0,25600.5,4814,70
1629921600,25600.5,25616.5,25583.5,25599.5,846,70
1629950400,25557.5,25667.5,25279.5,25295.0,13130,70
1629964800,25286.5,25424.0,25217.5,25368.0,10685,70
1629979200,25368.0,25438.5,25272.0,25410.5,2774,70
1629993600,25409.5,25459.5,25335.5,25432.5,6073,70
1630008000,25432.5,25434.5,25362.5,25389.5,1258,70
1630036800,25319.5,25634.5,25285.5,25516.0,12655,70
1630051200,25512.0,25516.5,25298.0,25345.0,11538,70
1630065600,25347.0,25419.5,25335.0,25409.5,2912,70
1630080000,25410.0,25504.5,25346.0,25448.5,6873,70
1630094400,25447.5,25454.5,25416.0,25420.5,830,70
1630296000,25394.5,25521.0,25175.0,25422.0,14287,70
1630310400,25436.5,25564.5,25338.5,25500.0,11785,70
1630324800,25500.0,25507.5,25391.5,25420.5,3262,70
1630339200,25420.5,25480.5,25350.5,25480.5,5556,70
1630353600,25480.5,25517.5,25465.5,25517.5,1041,75
1630382400,25474.5,25526.5,25093.5,25203.0,12520,70
1630396800,25228.5,25879.5,25225.5,25833.0,12925,70
1630411200,25832.0,25850.0,25691.5,25735.5,5427,75
1630425600,25735.5,25805.5,25698.5,25762.5,7324,70
1630440000,25762.5,25782.5,25735.5,25781.5,1309,80
1630468800,25758.5,26060.5,25662.5,25976.0,14316,70
1630483200,25993.5,26057.5,25929.5,25990.0,9886,70
1630497600,25990.0,26050.5,25947.5,26002.5,3490,80
1630512000,26002.5,26207.5,25979.5,26188.5,6903,70
1630526400,26188.5,26195.5,26155.5,26164.5,1117,80
1630555200,26097.5,26322.5,25976.5,26033.0,13895,70
1630569600,26039.5,26105.5,25951.5,26067.0,10037,70
1630584000,26068.0,26132.5,26042.5,26075.5,2889,80
1630598400,26075.5,26104.5,26002.5,26023.5,5882,70
1630612800,26023.5,26027.5,25947.5,25951.5,1866,80
1630641600,25950.5,26035.5,25780.5,25914.0,13923,70
1630656000,25917.5,25938.5,25800.5,25881.0,9329,70
1630670400,25882.0,25931.5,25810.5,25896.5,4083,80
1630684800,25897.5,25942.5,25833.5,25919.5,7746,70
1630699200,25918.5,25941.5,25912.5,25913.5,1383,70
1630900800,25869.5,26089.5,25755.5,25992.0,13041,70
1630915200,26016.5,26157.5,25979.5,26121.0,8502,70
1630929600,26120.0,26204.5,26112.0,26173.5,2535,70
1630944000,26172.5,26206.5,26170.5,26182.5,2074,80
1630958400,26182.5,26200.5,26181.5,26185.5,305,80
1630987200,26170.5,26410.5,26079.5,26290.0,12044,70
1631001600,26292.5,26440.5,26230.0,26241.0,9621,70
1631016000,26241.0,26276.5,26211.0,26264.5,3634,80
1631030400,26261.5,26348.5,26237.5,26327.5,6816,80
1631044800,26328.5,26363.5,26325.5,26355.5,1505,75
1631073600,26311.5,26519.5,26115.5,26156.0,12217,70
1631088000,26163.5,26289.5,26161.5,26261.5,10737,70
1631102400,26262.5,26353.5,26245.5,26318.5,5273,80
1631116800,26319.5,26335.5,26111.5,26135.5,9740,80
1631131200,26136.5,26160.5,26130.5,26154.5,2592,80
1631160000,25961.5,26084.5,25832.5,25860.5,12387,70
1631174400,25863.5,25863.5,25605.5,25636.0,12098,70
1631188800,25637.0,25780.5,25622.0,25760.5,5128,75
1631203200,25760.5,25882.5,25743.0,25847.5,7726,70
1631217600,25847.5,25862.5,25763.5,25785.5,3603,75
1631246400,25829.5,26159.0,25792.5,26147.0,12064,70
1631260800,26157.5,26200.5,26058.5,26200.5,9350,70
1631275200,26199.5,26210.5,26141.5,26154.5,2166,70
1631289600,26154.5,26177.5,25943.5,26024.5,6887,70
1631304000,26025.5,26035.5,25981.5,25996.5,1055,70
1631505600,25936.0,25936.0,25644.0,25656.0,13160,70
1631520000,25665.0,25819.0,25551.0,25767.5,9836,70
1631534400,25768.5,25848.0,25752.5,25827.0,3170,80
1631548800,25827.0,25908.0,25735.0,25897.0,9877,70
1631563200,25896.0,25904.0,25807.0,25836.0,2909,80
1631592000,25811.0,25893.0,25598.0,25744.0,12443,70
1631606400,25748.0,25775.0,25334.0,25447.5,11335,70
1631620800,25446.5,25485.0,25360.0,25439.0,4693,80
1631635200,25440.0,25486.0,25335.0,25402.0,7693,80
1631649600,25402.0,25413.0,25335.0,25338.0,2243,80
1631678400,25329.0,25416.0,25111.0,25270.5,12579,70
1631692800,25280.0,25289.0,24993.0,25037.5,11522,70
1631707200,25038.5,25063.0,24997.0,25029.0,3737,80
1631721600,25027.0,25051.0,24942.0,25003.0,8015,70
1631736000,25005.0,25061.0,24996.0,25054.0,1897,80
1631764800,25007.0,25063.0,24517.5,24554.0,13636,70
1631779200,24540.0,24681.0,24487.0,24611.0,11362,70
1631793600,24612.0,24669.0,24580.0,24646.0,4182,80
1631808000,24647.0,24700.0,24569.0,24678.0,7802,80
1631822400,24678.0,24723.0,24667.0,24720.0,1892,80
1631851200,24657.0,24828.0,24415.0,24745.0,13518,70
1631865600,24758.5,24932.0,24680.0,24866.5,10633,70
1631880000,24864.5,24905.0,24815.0,24893.0,4873,70
1631894400,24892.0,24919.0,24767.0,24828.0,8756,70
1631908800,24827.0,24829.0,24750.0,24788.0,2359,80
1632110400,24662.0,24722.0,23839.0,23871.5,13312,70
1632124800,23883.0,24158.0,23883.0,24069.5,13518,70
1632139200,24068.5,24072.5,23888.0,23955.0,6842,70
1632153600,23957.0,24084.0,23835.0,23840.0,13072,70
1632168000,23838.0,23860.0,23705.0,23724.0,4368,70
1632196800,23913.0,24188.0,23777.0,24009.0,12262,70
1632211200,24015.0,24265.0,23893.0,24140.5,11609,70
1632225600,24139.5,24203.0,24000.0,24049.0,5383,70
1632240000,24051.0,24175.0,24026.0,24130.5,13269,70
1632254400,24131.5,24141.0,24072.5,24091.0,4233,70
1632369600,24452.5,24796.0,24350.5,24376.0,15927,70
1632384000,24376.5,24530.5,24292.0,24519.5,13250,70
1632398400,24518.5,24654.0,24319.0,24357.0,7271,70
1632412800,24354.0,24461.0,24329.0,24428.0,7022,70
1632427200,24429.0,24495.0,24428.0,24465.0,1346,70
1632456000,24367.0,24602.0,24293.0,24453.5,15588,70
1632470400,24445.0,24511.5,24043.5,24203.5,15284,70
1632484800,24202.5,24202.5,23962.0,24003.0,6899,70
1632499200,24002.0,24062.5,23931.0,24007.0,8844,70
1632513600,24007.0,24017.0,23958.0,23967.0,1915,70
1632715200,24020.0,24496.0,24020.0,24254.5,14398,70
1632729600,24235.0,24363.0,24114.0,24148.5,11596,70
1632744000,24147.5,24215.0,24082.0,24124.0,5671,70
1632758400,24123.0,24246.0,24059.0,24230.0,8482,70
1632772800,24230.0,24305.0,24226.0,24295.0,2351,70
1632801600,24207.0,24636.0,24168.0,24528.5,12164,70
1632816000,24526.0,24668.0,24377.0,24457.5,11167,70
1632830400,24460.5,24460.5,24328.0,24358.0,4474,70
1632844800,24358.0,24402.5,24159.5,24170.5,7182,70
1632859200,24170.0,24242.5,24157.5,24239.5,1886,70
1632888000,24268.5,24410.5,23994.0,24344.0,15326,70
1632902400,24335.5,24664.5,24300.0,24557.0,15446,70
1632916800,24556.0,24570.0,24496.0,24510.0,4591,80
1632931200,24511.5,24530.5,24358.0,24378.5,10234,70
1632945600,24378.5,24434.5,24345.5,24431.5,2939,80
1632974400,24390.5,24549.5,24280.0,24415.0,14742,70
1632988800,24417.5,24619.5,24403.5,24517.0,12390,70
1633003200,24517.0,24544.5,24450.0,24514.0,4846,80
1633017600,24514.0,24623.5,24435.5,24465.5,12708,80
1633032000,24466.5,24553.5,24460.5,24544.5,3517,70
1633320000,24323.5,24400.5,23836.5,24018.0,13964,70
1633334400,23994.5,24077.5,23868.5,24003.0,12895,70
1633348800,24006.0,24095.5,23993.5,24087.5,6577,70
1633363200,24087.5,24088.5,23782.5,23893.5,13197,70
1633377600,23892.0,23968.5,23867.5,23967.5,4588,70
1633406400,23851.5,24125.5,23642.5,24033.0,15530,70
1633420800,24071.5,24172.5,23978.5,24088.0,10846,70
1633435200,24089.0,24108.0,24021.5,24094.5,5300,70
1633449600,24093.5,24249.0,24055.5,24237.5,9445,80
1633464000,24237.5,24277.5,24227.5,24270.5,2165,80
1633492800,24193.5,24193.5,23740.5,23875.0,14766,70
1633507200,23924.5,24083.5,23848.5,23871.0,11487,70
1633521600,23869.0,23977.5,23830.5,23935.5,6368,80
1633536000,23935.5,24070.5,23913.0,23986.0,11494,70
1633550400,23987.5,24126.5,23957.5,24120.5,3332,80
1633579200,24208.5,24553.5,24208.5,24466.0,12297,70
1633593600,24448.0,24705.5,24442.0,24616.0,10317,70
1633608000,24615.0,24691.5,24584.0,24637.5,4701,70
1633622400,24636.0,24868.5,24601.5,24836.0,8540,80
1633636800,24836.5,24839.5,24791.5,24798.5,1878,80
1633665600,24880.5,24983.5,24552.5,24575.5,15473,70
1633680000,24571.5,24823.5,24564.0,24782.0,11953,70
1633694400,24782.0,24997.5,24762.0,24937.5,5633,80
1633708800,24938.5,24982.5,24874.5,24973.5,9321,70
1633723200,24973.5,25030.5,24956.0,25014.5,2350,70
1633924800,24949.0,25343.0,24949.0,25330.0,13619,70
1633939200,25330.0,25375.5,25208.5,25271.5,13181,70
1633953600,25271.5,25303.0,25184.0,25228.0,5511,70
1633968000,25228.0,25261.5,25112.0,25129.5,7942,70
1633982400,25129.5,25129.5,24999.5,25031.5,3276,70
1634011200,24883.5,25132.5,24855.5,25019.0,15345,70
1634025600,25028.5,25043.5,24809.0,24926.0,13681,70
1634040000,24926.0,25017.5,24884.0,24935.0,3645,80
1634054400,24935.0,25012.5,24880.5,24899.5,6234,290
1634068800,24899.5,24931.0,24876.5,24901.0,1269,290
1634097600,24860.0,24936.5,24812.0,24929.5,2560,290
1634112000,24933.5,25065.5,24897.0,25046.5,5202,75
1634126400,25045.5,25051.5,24944.0,24961.0,3874,215
1634140800,24960.0,25062.0,24917.0,25041.0,5317,80
1634155200,25040.0,25103.0,25035.0,25071.0,1606,105
1634270400,25118.0,25200.5,24858.5,25116.0,12694,70
1634284800,25165.5,25328.5,25114.5,25303.0,8972,70
1634299200,25303.0,25306.0,25255.5,25256.5,3658,80
1634313600,25256.5,25468.5,25246.5,25420.5,6885,70
1634328000,25420.5,25456.5,25396.5,25441.5,1359,80
1634529600,25400.5,25429.5,25079.5,25154.0,11777,70
1634544000,25183.5,25457.5,25070.5,25390.5,9576,70
1634558400,25391.5,25457.5,25369.5,25394.5,4515,80
1634572800,25394.5,25571.5,25373.5,25550.5,6302,70
1634587200,25551.5,25552.5,25510.5,25517.5,1267,80
1634616000,25491.5,25789.5,25439.5,25676.0,10526,70
1634630400,25670.5,25795.5,25658.5,25746.0,7790,70
1634644800,25747.0,25842.5,25739.0,25757.5,3119,70
1634659200,25756.5,25947.5,25734.5,25946.5,6487,80
1634673600,25946.5,25968.5,25926.5,25958.5,1263,80
1634702400,25937.5,26174.5,25855.5,26077.0,11001,70
1634716800,26108.5,26173.5,25996.5,26150.0,8083,70
1634731200,26148.0,26199.5,26127.5,26182.5,3074,80
1634745600,26180.5,26206.5,26059.5,26138.5,6200,75
1634760000,26137.5,26141.5,26078.5,26127.5,1826,80
1634788800,26100.5,26213.5,25984.5,26014.5,12017,70
1634803200,26021.5,26027.5,25809.5,25956.0,10122,70
1634817600,25956.0,25979.5,25928.5,25951.5,3854,75
1634832000,25952.5,26038.5,25914.5,25985.5,6617,70
1634846400,25984.5,25990.5,25938.5,25986.5,1534,80
1634875200,26131.5,26160.5,25943.5,26065.0,11158,70
1634889600,26090.5,26131.5,25976.5,26102.0,8696,70
1634904000,26104.0,26129.5,26070.5,26084.5,2848,80
1634918400,26083.5,26216.5,25984.5,26040.5,8606,70
1634932800,26040.5,26045.5,25965.5,26040.5,2705,80
1635134400,25983.5,26182.5,25878.5,26154.5,11182,70
1635148800,26156.5,26172.5,26068.5,26114.0,7681,70
1635163200,26115.0,26125.5,26078.5,26095.5,2507,80
1635177600,26096.5,26145.5,26024.5,26140.5,5338,80
1635192000,26141.5,26157.5,26119.5,26138.5,906,80
1635220800,26220.5,26242.5,25981.5,26010.0,10293,70
1635235200,26015.5,26047.5,25885.5,26026.0,8161,70
1635249600,26025.0,26077.5,26010.0,26046.5,2544,80
1635264000,26047.5,26056.5,25793.5,25811.5,7149,70
1635278400,25810.5,25856.5,25799.5,25816.5,2739,80
1635307200,25782.5,25791.5,25543.5,25611.0,9605,70
1635321600,25637.5,25657.5,25539.0,25541.0,6346,70
1635336000,25540.0,25553.5,25471.5,25532.5,3139,70
1635350400,25532.5,25640.5,25517.5,25552.0,6049,80
1635364800,25552.0,25611.5,25552.0,25603.5,988,80
1635393600,25573.5,25713.5,25455.5,25543.0,10741,70
1635408000,25570.0,25625.5,25408.5,25455.5,10570,70
1635422400,25456.5,25471.0,25392.5,25464.0,4177,70
1635436800,25464.0,25507.0,25385.0,25478.0,8104,70
1635451200,25478.0,25518.0,25474.5,25500.5,1542,70
1635480000,25474.5,25481.5,25263.5,25374.0,12084,70
1635494400,25378.5,25445.5,25295.0,25334.0,10514,70
1635508800,25333.0,25353.0,25240.0,25323.0,5302,70
1635523200,25322.0,25355.0,25220.5,25234.0,7838,70
1635537600,25235.0,25257.0,25143.5,25183.5,2032,70
1635739200,25284.0,25302.5,24928.5,25046.0,12132,70
1635753600,25066.5,25151.5,25062.5,25126.0,9510,70
1635768000,25127.0,25156.5,25091.5,25141.5,3086,70
1635782400,25140.5,25471.5,25121.5,25466.5,7646,70
1635796800,25467.5,25485.5,25426.0,25476.5,1982,70
1635825600,25490.5,25617.5,25235.5,25275.5,11419,70
1635840000,25303.5,25306.5,24972.0,24973.0,10721,70
1635854400,24972.0,25079.5,24954.0,25063.5,3414,75
1635868800,25063.5,25073.5,24936.5,24947.5,6740,70
1635883200,24948.5,24977.5,24936.5,24967.5,1480,70
1635912000,24937.5,25160.5,24764.5,24817.0,11536,70
1635926400,24834.5,25037.5,24782.0,24987.0,10117,70
1635940800,24986.0,25034.0,24979.0,24994.5,3040,70
1635955200,24994.5,24994.5,24897.0,24951.0,6436,70
1635969600,24949.0,25017.0,24920.5,25009.5,2425,70
1635998400,25122.5,25198.5,24974.5,25050.0,11548,70
1636012800,25068.0,25239.5,24999.5,25173.0,9430,70
1636027200,25172.0,25219.0,25148.0,25160.0,2917,70
1636041600,25161.0,25173.0,24915.5,24940.0,6951,70
1636056000,24941.0,24955.0,24897.0,24933.5,1722,70
1636084800,24926.5,25025.5,24740.5,24960.0,11647,70
1636099200,24951.5,24978.5,24680.5,24852.0,10083,70
1636113600,24854.0,24952.0,24842.5,24929.0,4139,70
1636128000,24927.0,24984.0,24745.5,24756.0,8413,70
1636142400,24754.5,24785.0,24696.5,24733.5,2603,70
1636344000,24683.5,24834.5,24618.5,24710.0,11121,70
1636358400,24723.5,24795.5,24663.5,24748.0,8639,70
1636372800,24746.0,24874.5,24731.0,24849.5,2497,70
1636387200,24848.0,24896.5,24840.5,24862.5,3958,70
1636401600,24862.5,24894.5,24857.5,24876.5,1175,70
1636430400,24849.5,24973.5,24656.0,24709.0,10886,70
1636444800,24723.0,24829.5,24706.0,24780.0,8481,70
1636459200,24779.0,24828.5,24751.5,24753.5,2909,70
1636473600,24753.5,24863.5,24665.5,24696.5,9200,70
1636488000,24694.0,24742.5,24669.5,24699.5,3297,75
1636516800,24687.5,24825.5,24432.5,24472.0,12117,70
1636531200,24476.5,25033.5,24447.5,24959.0,11808,70
1636545600,24958.0,24974.0,24862.0,24887.5,4671,75
1636560000,24886.0,25015.5,24836.0,24969.5,9030,75
1636574400,24969.5,24976.5,24857.5,24858.5,3275,70
1636603200,24815.5,25114.5,24770.0,24896.0,10178,70
1636617600,24890.5,25314.5,24888.0,25177.0,9480,70
1636632000,25178.0,25242.5,25171.5,25183.5,3280,70
1636646400,25182.0,25383.5,25133.5,25381.5,7525,70
1636660800,25378.0,25394.5,25349.5,25392.5,1793,70
1636689600,25492.5,25515.5,25240.5,25271.0,10313,70
1636704000,25272.0,25347.5,25172.5,25311.0,9044,70
1636718400,25312.0,25315.0,25240.5,25251.5,3054,80
1636732800,25252.5,25378.5,25218.5,25371.5,6555,70
1636747200,25372.5,25378.5,25326.5,25337.5,1597,80
1636948800,25388.5,25438.5,25182.5,25248.0,10313,70
1636963200,25275.5,25404.5,25234.5,25381.0,7642,70
1636977600,25382.0,25426.5,25377.0,25418.5,2485,70
1636992000,25418.5,25473.5,25348.5,25371.5,5908,70
1637006400,25370.5,25378.5,25345.5,25361.5,1910,80
1637035200,25366.5,25657.5,25360.5,25605.0,9809,70
1637049600,25653.5,25742.5,25592.5,25607.0,8561,70
1637064000,25606.0,25675.5,25605.0,25656.5,2510,80
1637078400,25657.5,25670.5,25505.5,25586.5,6639,70
1637092800,25586.5,25626.5,25582.5,25592.5,1494,80
1637121600,25560.5,25631.5,25471.5,25550.0,9457,70
1637136000,25558.5,25639.5,25508.5,25614.0,6173,70
1637150400,25613.0,25615.0,25528.5,25600.5,2286,70
1637164800,25604.5,25613.5,25445.5,25482.5,5292,70
1637179200,25484.5,25489.5,25357.5,25386.5,2345,80
1637208000,25353.5,25373.5,25189.5,25265.0,9616,70
1637222400,25296.5,25329.5,25206.5,25307.0,7619,70
1637236800,25307.0,25341.5,25123.5,25164.5,3681,80
1637251200,25164.5,25167.5,24858.5,25019.5,8489,70
1637265600,25020.5,25068.5,24934.5,24943.5,2066,70
1637294400,24930.5,25059.5,24778.5,24829.0,10534,70
1637308800,24833.5,25041.5,24821.5,24953.0,9298,70
1637323200,24947.0,24988.5,24802.5,24884.5,7211,70
1637337600,24883.5,25050.5,24862.5,24961.5,9765,75
1637352000,24962.5,24979.5,24912.5,24926.5,1461,75
1637553600,24981.5,25085.5,24909.0,24945.0,10979,70
1637568000,24930.0,24968.5,24845.5,24892.0,9665,70
1637582400,24891.0,24911.0,24852.0,24871.0,3199,70
1637596800,24871.0,24906.0,24666.5,24698.0,8501,75
1637611200,24698.0,24791.0,24684.5,24765.5,3848,75
1637640000,24667.5,24793.0,24595.0,24690.0,11241,70
1637654400,24674.5,24711.5,24515.0,24576.5,11104,70
1637668800,24577.5,24630.0,24541.5,24610.0,5246,75
1637683200,24610.0,24694.0,24527.5,24573.0,10993,75
1637697600,24573.0,24604.0,24529.5,24530.5,4178,75
1637726400,24573.5,24703.5,24531.5,24587.0,9131,70
1637740800,24596.5,24847.5,24595.5,24664.0,10600,70
1637755200,24664.0,24710.0,24547.0,24599.0,6481,70
1637769600,24597.0,24658.0,24436.5,24583.5,11581,70
1637784000,24583.5,24611.0,24553.0,24572.5,2455,75
1637812800,24688.5,24722.5,24519.5,24676.5,6682,70
1637827200,24695.0,24753.5,24663.5,24736.0,6296,70
1637841600,24735.0,24737.0,24644.5,24680.0,2529,75
1637856000,24680.0,24700.0,24651.5,24696.0,2612,75
1637870400,24695.0,24706.5,24663.5,24663.5,393,75
1637899200,24479.5,24479.5,24122.0,24157.0,10420,70
1637913600,24196.0,24200.5,23926.0,24076.5,13492,70
1637928000,24078.5,24081.5,23935.5,24017.5,7252,75
1637942400,24017.5,24028.5,23623.0,23641.0,8196,70
1637956800,23636.0,23834.0,23636.0,23729.0,2611,365
1638158400,23883.5,24122.5,23828.0,23875.0,10460,70
1638172800,23884.5,23917.5,23663.0,23706.0,12492,70
1638187200,23705.0,23783.5,23666.5,23754.5,6477,80
1638201600,23754.5,23810.5,23629.5,23668.5,10610,70
1638216000,23669.5,23727.5,23668.5,23708.5,2903,80
1638244800,23820.5,23851.5,23468.5,23510.0,11240,70
1638259200,23522.5,23560.5,23102.5,23400.0,16071,70
1638273600,23400.0,23525.5,23319.5,23491.5,9108,80
1638288000,23492.5,23622.5,23253.5,23365.5,15260,70
1638302400,23364.5,23443.5,23314.5,23438.5,5315,70
1638331200,23495.5,23832.5,23435.5,23798.0,10596,70
1638345600,23847.5,23848.5,23532.0,23606.0,10777,70
1638360000,23605.0,23718.5,23597.0,23671.5,6064,70
1638374400,23670.5,23818.5,23603.5,23691.5,10713,70
1638388800,23690.5,23723.5,23578.5,23595.5,5064,70
1638417600,23486.5,23778.5,23440.5,23682.0,12105,70
1638432000,23671.5,23793.5,23627.5,23735.0,10451,70
1638446400,23734.0,23794.5,23623.5,23671.5,7840,70
1638460800,23671.5,23837.5,23611.5,23821.5,14603,70
1638475200,23821.5,23840.5,23596.5,23597.5,5433,80
1638504000,23629.5,23665.5,23396.5,23600.0,11904,70
1638518400,23606.5,23835.5,23563.5,23732.5,11014,70
1638532800,23731.5,23806.5,23706.5,23764.5,6649,70
1638547200,23764.0,23833.5,23311.5,23352.5,17844,70
1638561600,23352.5,23441.5,23336.5,23390.5,6646,75
1638763200,23388.0,23608.5,23339.5,23471.0,11978,70
1638777600,23459.5,23496.5,23288.0,23322.5,10558,70
1638792000,23322.5,23388.5,23234.5,23303.5,4704,70
1638806400,23303.5,23668.5,23285.5,23640.5,10328,70
1638820800,23642.5,23703.5,23633.5,23702.5,2409,70
1638849600,23694.5,23752.5,23493.5,23690.0,10985,70
1638864000,23699.5,24055.0,23680.5,24044.0,10648,70
1638878400,24045.0,24128.5,24018.5,24078.5,4192,80
1638892800,24078.5,24140.5,24015.5,24085.5,8765,80
1638907200,24085.5,24107.5,24041.5,24063.5,2287,80
1638936000,24075.5,24122.5,23893.5,23931.0,10970,70
1638950400,23952.5,24029.5,23916.5,23997.0,8877,70
1638964800,23999.0,24064.5,23931.5,24007.5,6103,80
1638979200,24008.5,24179.5,23945.5,24164.5,8828,75
1638993600,24162.5,24175.5,24134.5,24144.5,2402,80
1639022400,24165.5,24322.5,24146.5,24163.5,10116,70
1639036800,24164.5,24271.5,24096.5,24104.5,6947,70
1639051200,24104.5,24157.5,24028.5,24046.5,4568,70
1639065600,24045.5,24163.5,24006.5,24098.5,8178,70
1639080000,24097.5,24116.5,24073.5,24090.5,2379,80
1639108800,24001.5,24210.5,23961.5,24109.5,9168,70
1639123200,24103.5,24127.5,23900.5,23970.5,8603,70
1639137600,23970.5,24074.5,23950.5,24022.5,3229,75
1639152000,24022.5,24124.5,24003.5,24044.5,9518,75
1639166400,24045.5,24073.5,24032.5,24042.5,2422,80
1639368000,24198.5,24381.5,24141.5,24208.5,9999,70
1639382400,24221.5,24243.5,23922.5,24020.5,9977,70
1639396800,24023.5,24051.0,23952.5,23968.5,3771,70
1639411200,23967.5,23988.5,23688.5,23702.5,8978,70
1639425600,23701.5,23759.5,23676.5,23746.5,2921,80
1639454400,23727.5,23803.5,23613.5,23633.5,10241,70
1639468800,23634.5,23675.5,23545.5,23560.5,8756,70
1639483200,23561.5,23609.5,23447.5,23527.5,5380,70
1639497600,23528.5,23691.5,23436.5,23582.5,10787,70
1639512000,23581.5,23627.5,23565.5,23607.5,3321,70
1639540800,23693.5,23735.5,23543.5,23654.5,9902,70
1639555200,23653.5,23662.5,23318.5,23371.5,10740,70
1639569600,23372.5,23398.5,23341.5,23359.5,3422,70
1639584000,23359.5,23392.5,23060.5,23090.5,8631,70
1639598400,23089.5,23134.5,23081.5,23134.5,2734,70
1639627200,23271.5,23363.5,23132.0,23241.5,11433,70
1639641600,23260.5,23520.5,23249.5,23489.5,10672,70
1639656000,23490.5,23580.5,23455.5,23575.5,4424,75
1639670400,23575.0,23683.5,23464.5,23471.5,11897,75
1639684800,23472.5,23486.0,23420.5,23459.5,3729,75
1639713600,23454.5,23541.5,23137.5,23192.5,10888,70
1639728000,23210.5,23289.5,23060.0,23089.0,10692,70
1639742400,23088.0,23138.5,22979.5,23045.5,5516,70
1639756800,23046.5,23244.5,23002.5,23150.5,9105,75
1639771200,23149.5,23205.5,23103.5,23190.5,2876,75
1639972800,23100.5,23164.5,22845.5,22866.5,13479,70
1639987200,22847.5,22961.5,22654.5,22715.0,15117,70
1640001600,22711.0,22873.0,22665.5,22831.0,7028,75
1640016000,22832.0,22886.5,22716.5,22770.5,11427,70
1640030400,22770.5,22795.5,22738.5,22782.5,3491,80
1640059200,22825.5,22915.5,22735.5,22860.5,10544,70
1640073600,22881.5,23075.5,22844.5,22923.5,11108,70
1640088000,22921.5,22973.5,22894.0,22971.5,4509,80
1640102400,22971.5,23144.5,22924.0,23140.0,8689,70
1640116800,23139.5,23189.5,23119.5,23186.5,2522,80
1640145600,23193.5,23236.5,23012.5,23024.5,11244,70
1640160000,23031.5,23115.5,22970.0,23084.5,10005,70
1640174400,23083.5,23153.5,23065.5,23116.0,3185,75
1640188800,23117.5,23208.5,23020.5,23194.0,7960,80
1640203200,23194.0,23214.5,23169.5,23194.5,2182,80
1640232000,23177.5,23249.5,23017.5,23126.5,11199,70
1640246400,23136.5,23223.5,23111.5,23216.5,8721,70
1640260800,23212.5,23227.5,23176.0,23191.5,2284,80
1640275200,23191.5,23306.5,23153.5,23305.5,6609,70
1640289600,23305.5,23363.5,23292.0,23362.5,1452,80
1640664000,23278.0,23326.5,23090.5,23205.5,10370,70
1640678400,23205.5,23370.5,23186.5,23370.5,8275,70
1640692800,23370.5,23370.5,23326.5,23350.5,2321,80
1640707200,23350.5,23358.5,23224.5,23244.5,6244,80
1640721600,23244.5,23270.5,23231.5,23249.5,2373,80
1640750400,23271.5,23297.5,23051.5,23066.5,8852,70
1640764800,23078.0,23100.0,22989.5,23010.5,8380,70
1640779200,23011.5,23085.5,23000.5,23073.5,2642,80
1640793600,23074.5,23110.5,22919.5,23001.5,7904,70
1640808000,23002.0,23032.5,22994.5,23025.5,1685,75
1640836800,23072.5,23227.5,23031.5,23133.5,8247,70
1640851200,23124.5,23166.5,22962.5,23124.5,8663,70
1640865600,23123.5,23146.5,23089.5,23128.5,2563,80
1640880000,23128.5,23462.5,23098.5,23459.5,7661,70
1640894400,23458.5,23496.0,23454.5,23490.5,1991,70
1640923200,23465.5,23599.5,23368.5,23412.5,8692,70
1641182400,23445.0,23616.5,23210.5,23243.5,9373,70
1641196800,23242.5,23276.5,23168.5,23229.5,7140,70
1641211200,23228.5,23297.5,23211.5,23288.5,2201,70
1641225600,23287.5,23335.5,23127.5,23310.5,9105,70
1641240000,23310.5,23345.5,23297.5,23343.5,1922,80
1641268800,23372.5,23427.5,23135.5,23223.5,9971,70
1641283200,23219.5,23362.5,23170.5,23283.5,8823,70
1641297600,23283.5,23360.5,23282.5,23335.5,3426,80
1641312000,23335.5,23386.5,23233.5,23279.5,8388,70
1641326400,23278.5,23288.5,23236.5,23253.5,2234,80
1641355200,23240.5,23321.5,22996.5,23089.5,10440,70
1641369600,23088.5,23088.5,22858.5,22885.5,10024,70
1641384000,22888.5,22961.5,22881.5,22932.5,3331,70
1641398400,22932.5,23183.5,22907.5,23100.5,8492,70
1641412800,23100.5,23141.5,23041.5,23046.5,2526,70
1641441600,22874.5,23033.5,22706.5,22780.5,12101,70
1641456000,22781.5,23083.5,22739.5,23030.5,11201,70
1641470400,23032.5,23078.5,22983.0,23057.5,5239,75
1641484800,23056.5,23234.5,23021.5,23183.5,11415,70
1641499200,23185.5,23244.5,23170.5,23190.5,3525,70
1641528000,23273.5,23392.5,23136.5,23316.5,12095,70
1641542400,23342.5,23506.5,23320.5,23422.5,11624,70
1641556800,23421.5,23531.0,23410.5,23477.0,4665,70
1641571200,23477.0,23633.0,23433.5,23586.0,13459,70
1641585600,23585.0,23595.0,23522.5,23546.5,3702,75
1641787200,23497.5,23729.5,23391.5,23690.5,13951,70
1641801600,23685.0,23780.5,23565.5,23636.5,11844,70
1641816000,23634.5,23712.0,23588.0,23588.0,5464,75
1641830400,23587.0,23692.5,23443.5,23549.5,13161,75
1641844800,23549.5,23565.5,23488.0,23561.5,4751,75
1641873600,23608.5,23841.5,23513.0,23789.5,14002,70
1641888000,23812.5,23824.5,23551.5,23706.5,12773,70
1641902400,23707.5,23784.0,23702.5,23710.5,4848,75
1641916800,23710.5,23974.0,23650.5,23964.0,13240,75
1641931200,23964.0,23981.0,23932.5,23977.5,2963,70
1641960000,23983.5,24228.5,23941.5,24167.5,9698,70
1641974400,24214.5,24386.5,24198.5,24291.0,8835,70
1641988800,24290.0,24432.5,24286.0,24410.0,4719,75
1642003200,24411.5,24555.5,24350.0,24457.5,12919,70
1642017600,24457.5,24511.5,24444.0,24478.5,3737,75
1642046400,24514.5,24514.5,24362.0,24416.5,12697,70
1642060800,24437.5,24473.0,24286.0,24405.5,12372,70
1642075200,24407.5,24458.5,24392.5,24406.0,3543,80
1642089600,24405.5,24473.5,24290.0,24388.5,10905,70
1642104000,24387.5,24389.5,24283.5,24333.5,4565,75
1642132800,24216.5,24296.5,24136.0,24190.5,13532,70
1642147200,24209.5,24387.5,24169.0,24332.5,13031,70
1642161600,24330.5,24436.5,24296.5,24298.5,5980,70
1642176000,24299.5,24455.5,24279.5,24352.5,13418,70
1642190400,24352.5,24353.0,24292.5,24333.5,3645,70
1642392000,24400.5,24400.5,24164.0,24196.5,11796,70
1642406400,24207.0,24228.0,24078.5,24177.0,10447,70
1642420800,24176.0,24242.0,24159.0,24206.0,3839,70
1642435200,24206.0,24249.0,24196.0,24224.0,3309,75
1642449600,24225.0,24246.0,24219.5,24230.5,581,75
1642478400,24264.5,24371.5,24089.5,24130.0,10889,70
1642492800,24134.5,24145.5,24001.5,24036.5,9694,70
1642507200,24038.5,24042.5,23915.5,23976.0,7748,75
1642521600,23977.0,24138.0,23919.0,24130.0,12833,70
1642536000,24130.0,24135.0,24045.0,24071.5,4189,75
1642564800,24126.5,24262.5,24048.0,24051.0,13281,70
1642579200,24061.0,24120.5,23932.0,24114.5,13786,70
1642593600,24115.5,24292.5,24099.5,24292.5,5821,70
1642608000,24291.5,24390.5,24209.5,24321.5,11150,70
1642622400,24320.5,24355.5,24314.5,24338.5,3517,80
1642651200,24245.5,24693.5,24207.5,24671.5,12347,70
1642665600,24698.5,24999.5,24686.5,24969.5,11657,70
1642680000,24969.5,25107.5,24916.5,25059.5,6414,70
1642694400,25059.5,25231.5,25001.5,25176.5,10339,70
1642708800,25175.5,25226.5,25081.5,25088.5,3578,80
1642737600,24910.5,24968.5,24735.5,24761.5,14095,70
1642752000,24749.5,24946.5,24724.5,24927.5,12182,70
1642766400,24928.5,25020.5,24874.5,24934.5,6631,70
1642780800,24935.5,24963.5,24680.5,24727.5,14168,70
1642795200,24727.5,24764.5,24671.5,24693.5,5497,75
1642996800,24660.5,24748.5,24570.5,24676.5,11790,70
1643011200,24717.5,24779.5,24512.5,24515.5,11163,70
1643025600,24514.5,24595.5,24401.5,24412.5,9936,70
1643040000,24412.0,24412.5,24028.5,24108.5,18834,70
1643054400,24108.5,24177.5,23985.5,24129.5,8854,70
1643083200,24189.5,24346.5,24078.5,24283.0,15265,70
1643097600,24282.0,24358.5,23986.5,24294.5,15702,70
1643112000,24299.5,24344.5,24205.0,24221.0,10356,70
1643126400,24224.0,24389.0,24162.5,24241.0,19145,70
1643140800,24241.0,24342.0,24214.5,24339.5,7120,75
1643169600,24361.5,24452.5,24212.0,24252.5,12806,70
1643184000,24245.5,24341.5,24098.0,24265.0,13384,70
1643198400,24263.0,24446.5,24256.0,24426.5,6528,70
1643212800,24428.5,24482.5,24205.5,24261.5,11518,70
1643227200,24261.5,24299.5,24242.5,24264.5,3651,80
1643256000,24071.5,24071.5,23626.5,23685.5,14342,70
1643270400,23672.5,23865.5,23545.5,23862.5,14649,70
1643284800,23864.5,24008.5,23818.5,23917.5,9505,70
1643299200,23918.5,23993.5,23842.0,23956.5,14370,70
1643313600,23956.5,23957.5,23780.0,23812.5,5767,70
1643342400,23844.0,23860.5,23495.0,23511.0,14345,70
1643356800,23521.5,23633.5,23330.5,23399.5,14515,70
1643371200,23400.5,23458.5,23262.5,23303.5,9283,80
1643385600,23306.5,23543.5,23284.5,23535.5,15571,70
1643400000,23535.5,23554.5,23447.5,23479.5,5251,75
1643601600,23577.5,23948.5,23420.5,23804.5,8969,70
1643947200,24229.5,24457.5,24097.5,24426.5,9872,70
1643961600,24430.5,24594.5,24429.5,24494.0,9069,70
1643976000,24493.0,24555.5,24446.5,24488.5,7065,75
1643990400,24490.5,24595.5,24380.5,24523.5,13412,70
1644004800,24523.5,24580.5,24493.5,24569.5,3410,80
1644206400,24487.5,24574.5,24327.5,24474.0,12275,70
1644220800,24502.5,24537.5,24376.5,24497.5,11217,70
1644235200,24498.5,24534.5,24419.5,24516.5,6411,70
1644249600,24515.5,24553.5,24450.5,24497.5,10114,70
1644264000,24497.5,24553.5,24473.5,24545.5,3800,80
1644292800,24469.5,24560.5,24163.5,24178.5,11280,70
1644307200,24179.5,24392.5,24126.5,24289.5,11722,70
1644321600,24287.5,24473.5,24286.5,24399.5,6422,70
1644336000,24399.5,24718.5,24393.5,24711.5,10322,70
1644350400,24711.5,24753.5,24668.5,24674.5,2730,70
1644379200,24701.5,24837.5,24670.5,24807.5,10521,70
1644393600,24847.5,24898.5,24738.5,24876.5,10586,70
1644408000,24878.5,24903.5,24845.5,24863.5,3757,75
1644422400,24864.5,25081.5,24858.5,25023.0,9030,70
1644436800,25021.5,25045.5,24997.5,25011.5,3226,70
1644465600,25019.5,25042.5,24642.5,24702.5,10014,70
1644480000,24714.5,25002.5,24701.5,24937.5,9434,70
1644494400,24936.5,25015.5,24905.5,25009.5,3586,80
1644508800,25010.5,25143.5,24750.5,25094.5,13330,70
1644523200,25093.5,25095.5,24902.5,24936.5,4617,70
1644552000,24783.5,24929.5,24727.5,24841.5,10731,70
1644566400,24861.5,24895.5,24729.5,24779.5,11389,70
1644580800,24778.5,24948.5,24774.5,24907.5,5336,70
1644595200,24907.5,25002.5,24870.5,24939.5,11556,70
1644609600,24937.5,24963.5,24771.5,24771.5,4064,70
1644811200,24643.5,24731.5,24466.5,24574.5,11839,70
1644825600,24601.5,24637.5,24356.0,24363.0,11805,70
1644840000,24359.0,24627.5,24322.0,24562.5,9934,80
1644854400,24562.5,24612.5,24358.5,24422.5,14007,70
1644868800,24422.5,24479.5,24396.5,24400.5,4332,80
1644897600,24419.5,24557.5,24337.0,24350.0,10873,70
1644912000,24351.0,24545.5,24209.5,24486.0,11935,70
1644926400,24486.0,24556.5,24455.5,24536.5,7076,75
1644940800,24535.5,24650.5,24485.5,24643.5,9842,70
1644955200,24643.5,24649.5,24583.5,24637.5,3340,80
1644984000,24626.5,24725.5,24522.5,24669.5,9538,70
1644998400,24669.5,24739.5,24592.5,24681.5,9313,70
1645012800,24685.5,24720.5,24610.5,24638.5,5951,70
1645027200,24640.5,24725.5,24575.5,24716.5,9583,70
1645041600,24716.5,24723.5,24673.5,24711.5,2675,75
1645070400,24723.5,24863.5,24495.5,24521.0,11754,70
1645084800,24524.5,24804.5,24509.5,24701.5,12603,70
1645099200,24701.5,24756.5,24669.5,24751.5,5019,80
1645113600,24750.5,24800.5,24649.5,24698.5,11451,70
1645128000,24697.5,24723.5,24675.5,24681.5,3204,80
1645156800,24597.5,24758.5,24544.5,24675.5,10600,70
1645171200,24686.5,24729.5,24268.5,24305.5,13292,70
1645185600,24304.5,24382.5,24246.5,24371.5,4767,80
1645200000,24370.5,24375.5,24094.5,24106.5,12968,70
1645214400,24105.5,24152.5,24074.5,24135.5,4537,75
1645416000,24119.0,24222.5,24027.5,24176.0,11555,70
1645430400,24158.5,24194.5,23991.5,24098.5,12550,70
1645444800,24098.5,24138.5,23982.5,24025.5,6068,75
1645459200,24023.5,24086.5,23948.0,23996.5,7614,75
1645473600,23996.5,24026.5,23960.5,23971.5,1192,75
1645502400,23848.5,23848.5,23848.5,23848.5,1,230
1645588800,23573.5,23704.0,23512.5,23702.0,10925,70
1645603200,23698.5,23733.5,23619.5,23690.5,9340,70
1645617600,23692.5,23719.0,23572.5,23634.5,5593,75
1645632000,23634.0,23681.5,23367.5,23426.0,11608,70
1645646400,23426.0,23469.5,23362.0,23393.5,4010,80
1645675200,23247.5,23387.5,22835.5,22963.0,18198,70
1645689600,22958.5,22996.5,22783.5,22862.5,18971,70
1645704000,22861.5,22963.5,22550.5,22601.5,11758,80
1645718400,22602.5,22700.0,22461.5,22650.0,15134,70
1645732800,22649.0,22675.0,22552.0,22655.0,3948,80
1645761600,22971.0,23030.0,22721.0,22867.0,13863,70
1645776000,22866.0,22901.0,22668.5,22689.0,14047,70
1645790400,22692.0,22917.0,22646.0,22906.0,9817,80
1645804800,22903.0,22991.0,22763.0,22991.0,13471,70
1645819200,22992.0,23019.0,22942.0,23017.0,2973,80
1646020800,22736.0,22812.0,22403.0,22474.0,14000,70
1646035200,22447.0,22766.0,22417.0,22643.0,15676,70
1646049600,22641.0,22727.5,22521.0,22664.0,9281,70
1646064000,22660.0,22804.0,22596.0,22793.0,12903,70
1646078400,22793.0,22809.0,22637.0,22698.0,5109,70
1646107200,22819.0,22819.0,22612.0,22702.0,11083,70
1646121600,22695.0,22932.0,22506.0,22567.0,14526,70
1646136000,22565.0,22636.5,22462.5,22489.5,9394,75
1646150400,22487.0,22663.5,22438.5,22447.5,16090,70
1646164800,22447.5,22494.5,22397.0,22412.0,6534,75
1646193600,22498.0,22686.0,22457.0,22514.0,10275,70
1646208000,22541.0,22560.0,22280.0,22336.0,12258,70
1646222400,22338.0,22466.0,22285.0,22408.0,9450,70
1646236800,22408.0,22508.0,22294.0,22463.0,14219,75
1646251200,22460.5,22546.0,22425.0,22494.0,3111,75
1646280000,22401.0,22511.0,22354.0,22404.0,9195,70
1646294400,22430.0,22495.0,22325.5,22413.5,8280,70
1646308800,22415.5,22424.5,22319.0,22365.0,6599,70
1646323200,22365.0,22444.0,22078.0,22131.0,11843,70
1646337600,22131.0,22226.0,22106.0,22138.0,5236,70
1646366400,21820.0,22015.0,21789.0,21873.0,14196,70
1646380800,21866.0,22003.0,21784.0,21792.0,13230,70
1646395200,21791.0,21829.0,21696.0,21760.0,9300,80
1646409600,21760.0,21823.0,21518.0,21572.0,12949,70
1646424000,21572.0,21682.0,21564.0,21625.0,5022,80
1646625600,21441.0,21442.0,20796.0,21183.5,14627,70
1646640000,21167.0,21329.0,20838.0,21011.0,16308,70
1646654400,21014.0,21212.0,20986.0,21146.0,4186,80
1646668800,21152.0,21317.0,21026.0,21040.0,15162,70
1646683200,21039.0,21093.0,20994.0,21032.0,6482,70
1646712000,20981.0,21303.5,20889.0,20941.0,15733,70
1646726400,20926.0,21088.5,20626.5,20794.0,19866,70
1646740800,20797.0,21125.0,20782.0,20997.5,8736,75
1646755200,20995.5,21022.5,20680.0,20861.0,16989,70
1646769600,20860.0,21113.0,20850.0,20962.0,7404,70
1646798400,20939.0,20997.0,20242.0,20370.0,15548,70
1646812800,20344.0,20702.0,20094.0,20627.0,20252,70
1646827200,20629.0,20757.0,20591.0,20754.0,9553,70
1646841600,20753.0,20965.0,20719.0,20931.0,13470,70
1646856000,20932.0,20969.0,20870.0,20871.0,3769,80
1646884800,20996.0,21083.0,20733.0,20840.0,13758,70
1646899200,20845.0,20885.0,20683.0,20714.0,15566,70
1646913600,20716.0,20861.0,20554.0,20556.0,10299,70
1646928000,20556.0,20668.0,20238.0,20401.0,14832,70
1646942400,20400.0,20409.0,20312.0,20350.0,4044,80
1646971200,20332.0,20416.0,20057.0,20138.5,15053,70
1646985600,20179.0,20776.0,20093.0,20532.5,18227,70
1647000000,20529.5,20729.0,20371.0,20602.5,11419,70
1647014400,20600.5,20671.5,20105.0,20151.0,15470,70
1647028800,20152.0,20202.0,20093.0,20109.0,4378,80
1647230400,20020.0,20223.0,19707.0,19788.5,15397,70
1647244800,19784.0,19912.0,19420.0,19573.5,20882,70
1647259200,19573.5,19730.0,19516.0,19547.0,10727,70
1647273600,19546.0,19654.0,19237.0,19239.0,15554,70
1647288000,19243.0,19259.0,19039.0,19040.0,4932,70
1647316800,19088.0,19396.0,18570.0,18950.0,19749,70
1647331200,18964.0,18970.0,18202.5,18216.5,24925,70
1647345600,18213.5,18544.0,18128.0,18476.0,8895,70
1647360000,18478.0,19057.0,18417.0,18819.0,15292,70
1647374400,18819.0,18849.0,18714.0,18808.0,2317,70
1647403200,18948.0,19061.0,18563.0,18857.5,17642,70
1647417600,18907.0,20232.0,18882.0,20124.0,24172,70
1647432000,20122.0,20665.0,20096.0,20480.0,9844,70
1647446400,20480.0,20930.0,20291.0,20905.0,13412,70
1647460800,20905.0,20993.0,20703.0,20979.0,3889,70
1647489600,21202.0,21491.0,20753.0,21236.5,17170,70
1647504000,21282.0,21535.0,21040.0,21432.5,18860,70
1647518400,21434.5,21443.5,21214.0,21304.0,10068,70
1647532800,21303.0,21340.0,20865.0,21202.0,15635,70
1647547200,21202.0,21293.0,21148.0,21236.0,4040,80
1647576000,21144.0,21273.0,20910.0,21017.0,14681,70
1647590400,21003.0,21627.0,20969.0,21393.5,19264,70
1647604800,21394.5,21449.0,21267.0,21293.0,8844,70
1647619200,21291.0,22201.0,21173.0,22127.0,19250,70
1647633600,22129.0,22198.0,22051.0,22086.0,5051,70
1647835200,21962.0,21964.0,21947.0,21947.0,5,120
1647921600,21290.0,21483.0,21257.0,21412.5,13603,70
1647936000,21451.0,21954.0,21379.0,21873.0,16375,70
1647950400,21872.0,22001.0,21872.0,21993.0,5370,70
1647964800,21993.0,22250.0,21973.0,22080.0,13554,70
1647979200,22084.0,22121.0,22026.0,22027.0,3346,70
1648008000,22077.0,22390.0,21951.0,22231.0,14695,70
1648022400,22268.0,22291.0,22031.0,22095.0,14421,70
1648036800,22095.5,22105.0,22074.0,22076.0,260,70
1648051200,22048.0,22233.5,21972.0,22082.0,7324,70
1648065600,22083.0,22105.0,21901.0,21947.0,4980,80
1648094400,21905.0,22180.0,21869.0,22159.0,13978,70
1648108800,22204.0,22215.0,21862.0,21913.0,14552,70
1648123200,21916.0,21972.0,21832.0,21898.0,7396,70
1648137600,21895.0,21922.5,21676.0,21827.5,16459,70
1648152000,21827.5,21830.0,21748.5,21772.0,3969,70
1648180800,21742.0,21930.5,21492.0,21618.0,15083,70
1648195200,21626.0,21635.0,21275.0,21378.5,17186,70
1648209600,21378.5,21562.5,21342.5,21538.5,6561,70
1648224000,21536.0,21604.5,21410.5,21546.5,17992,70
1648238400,21546.5,21653.5,21539.0,21631.0,5457,70
1648440000,21491.0,21790.0,21195.0,21656.0,15792,70
1648454400,21667.0,21786.5,21516.0,21784.5,13733,70
1648468800,21783.5,21871.0,21732.0,21751.0,6573,70
1648483200,21755.0,21878.0,21624.0,21711.0,14049,70
1648497600,21711.0,21777.0,21708.0,21770.0,3765,70
1648526400,21774.0,21925.0,21699.0,21783.0,11749,70
1648540800,21783.0,21938.5,21753.0,21920.5,10722,70
1648555200,21921.5,22192.0,21915.5,22185.0,6920,70
1648569600,22186.0,22345.0,22102.0,22138.0,11442,70
1648584000,22138.0,22208.0,22110.0,22190.0,2341,80
1648612800,22167.0,22308.0,22030.0,22118.0,14066,70
1648627200,22156.0,22372.0,22128.0,22164.0,14613,70
1648641600,22165.0,22228.0,22127.0,22173.0,4863,80
1648656000,22173.0,22402.0,22134.0,22310.0,9920,80
1648670400,22310.0,22311.0,22175.0,22205.0,2752,70
1648699200,22247.0,22256.0,21904.0,22010.0,12165,70
1648713600,22018.0,22134.0,21921.0,21965.0,11963,70
1648728000,21966.0,22003.0,21876.0,21953.0,5113,70
1648742400,21954.0,21975.0,21730.0,21808.0,9524,70
1648785600,21690.0,21908.0,21534.0,21802.0,12824,70
1648800000,21784.0,22049.0,21739.0,22024.0,12664,70
1648814400,22025.0,22415.0,21986.0,22330.0,6303,70
1648828800,22329.0,22433.0,22136.0,22144.0,9086,70
1649044800,22214.0,22399.0,22110.0,22331.0,10900,70
1649059200,22333.0,22524.0,22305.0,22450.0,11084,70
1649073600,22447.0,22553.0,22411.0,22424.0,4435,70
1649088000,22424.0,22658.0,22396.0,22586.0,8637,70
1649217600,22199.0,22275.0,22004.0,22154.0,12560,70
1649232000,22175.0,22247.0,21995.0,22082.0,12653,70
1649246400,22082.0,22094.0,21940.0,21992.0,4959,70
1649260800,21989.0,22023.0,21803.0,21829.0,7771,70
1649304000,21858.0,22209.0,21751.0,21759.0,13300,70
1649318400,21795.0,21945.0,21738.0,21810.0,13295,70
1649332800,21812.0,21919.0,21769.0,21807.0,4501,80
1649347200,21810.0,21839.0,21559.0,21589.0,8304,70
1649390400,21703.0,21803.0,21562.0,21658.0,12629,70
1649404800,21667.0,21940.0,21648.0,21836.0,11106,70
1649419200,21834.0,21898.0,21816.0,21819.0,3386,80
1649433600,21817.0,21922.0,21749.0,21860.0,6814,70
1649649600,21758.0,21762.0,21227.0,21301.0,12609,70
1649664000,21321.0,21333.0,21100.0,21147.0,13993,70
1649678400,21148.0,21470.0,21123.0,21345.0,5993,80
1649692800,21345.0,21506.0,21282.0,21362.0,8758,70
1649736000,21281.0,21413.0,20987.0,21042.0,13541,70
1649750400,21051.0,21507.0,20955.0,21342.0,16011,70
1649764800,21346.0,21393.0,21306.0,21351.0,3724,80
1649779200,21400.0,21466.0,21313.0,21390.0,7625,70
1649822400,21269.0,21389.0,21116.0,21293.0,12183,70
1649836800,21302.0,21517.0,21250.0,21305.0,12655,70
1649851200,21307.0,21416.0,21252.0,21300.0,5064,80
1649865600,21297.0,21444.0,21219.0,21439.0,8110,70
1649908800,21389.0,21541.0,21343.0,21460.0,10860,70
1649923200,21450.0,21584.0,21402.0,21498.0,11735,70
1649937600,21497.0,21527.0,21424.0,21426.0,4391,70
1649952000,21427.0,21458.0,21329.0,21351.0,7325,70
1650340800,21092.0,21183.0,20849.0,21106.0,12657,70
1650355200,21120.0,21158.0,20912.0,20919.0,11733,70
1650369600,20918.0,20957.0,20862.0,20900.0,4612,80
1650384000,20899.0,20988.0,20782.0,20974.0,6820,70
1650427200,21001.0,21190.0,20900.0,21159.5,12829,70
1650441600,21169.0,21204.0,20861.0,20955.0,12554,70
1650456000,20956.0,21053.0,20948.0,21016.0,4496,70
1650470400,21015.0,21035.0,20822.5,20882.0,7860,70
1650513600,20786.0,20910.0,20566.0,20600.0,11451,70
1650528000,20581.0,20721.0,20477.0,20629.0,13298,70
1650542400,20630.0,20708.0,20599.0,20686.0,3275,80
1650556800,20685.0,20719.5,20402.0,20404.0,8565,70
1650600000,20194.0,20595.0,20159.0,20575.0,13296,70
1650614400,20574.0,20701.0,20520.0,20541.0,13846,70
1650628800,20539.0,20563.0,20449.0,20491.0,4467,70
1650643200,20491.0,20696.0,20442.0,20487.0,8443,70
1650859200,20221.0,20272.0,19989.0,20075.0,17075,70
1650873600,20066.0,20107.5,19704.5,19760.0,18190,70
1650888000,19759.0,19819.0,19644.0,19702.0,4671,70
1650902400,19715.0,19953.0,19715.0,19825.0,10439,70
1650945600,20025.0,20251.0,19918.0,20223.5,14085,70
1650960000,20233.0,20259.0,19854.0,19956.0,15177,70
1650974400,19959.0,19967.0,19843.0,19877.0,5035,80
1650988800,19878.0,19882.0,19613.0,19649.0,8741,70
1651032000,19612.0,19612.0,19611.0,19611.0,2,100
1651118400,20035.0,20262.0,19912.0,20162.0,14241,70
1651132800,20134.0,20286.0,20111.0,20286.0,6754,70
1651147200,20286.0,20294.0,20158.0,20172.0,6621,80
1651161600,20171.0,20198.0,19958.0,19964.0,10542,70
1651204800,20102.0,20871.5,20003.0,20631.5,15137,70
1651550400,20848.0,21170.0,20620.0,21089.0,13276,70
1651564800,21077.0,21293.0,20981.0,20996.5,12416,70
1651579200,20995.5,21058.0,20949.0,21053.0,6053,80
1651593600,21054.0,21128.0,20966.0,21015.0,9484,70
1651636800,21065.0,21065.0,20808.0,20814.0,10061,70
1651651200,20806.0,20895.0,20756.0,20798.0,9692,70
1651665600,20798.0,20829.0,20738.0,20810.0,4217,70
1651680000,20809.0,20829.0,20720.0,20740.0,7624,70
1651723200,21120.0,21281.0,20901.0,21006.0,12266,70
1651737600,21015.0,21032.0,20667.5,20691.5,13192,70
1651752000,20690.5,20779.5,20648.0,20667.5,5343,80
1651766400,20662.0,20663.5,20161.0,20242.0,12487,70
1651809600,20176.0,20296.0,19938.0,19992.0,13906,70
1651824000,20014.0,20089.0,19898.0,19966.0,15286,70
1651838400,19918.0,20129.0,19906.0,19967.0,7685,70
1651852800,19969.0,20037.0,19696.0,19854.0,14338,70
1652155200,19288.0,19344.0,19176.0,19218.0,301,70
1652241600,19444.0,19939.0,19416.0,19898.0,11305,70
1652256000,19899.0,20055.0,19728.0,19900.5,7674,70
1652270400,19901.5,19917.5,19819.0,19878.0,1573,70
1652284800,19832.5,19853.0,19711.0,19711.5,1982,70
1652328000,19665.0,19688.0,19467.0,19554.0,7269,70
1652342400,19599.0,19638.0,19232.0,19249.0,8542,70
1652356800,19252.0,19370.0,19183.0,19312.0,4984,70
1652371200,19312.0,19580.0,19167.0,19422.0,18076,70
1652385600,19422.5,19440.0,19208.0,19223.0,6179,80
1652673600,20140.0,20166.0,19738.0,19813.0,10534,70
1652688000,19814.0,20014.0,19794.0,20014.0,9247,70
1652702400,20015.0,20080.0,19980.0,20043.5,3045,85
1652716800,20043.5,20152.0,19982.0,20082.0,15077,70
1652731200,20080.0,20195.0,20062.0,20155.0,4952,70
1652760000,20138.0,20429.0,20131.0,20377.0,12006,70
1652774400,20405.5,20717.0,20372.0,20662.0,11680,70
1652788800,20664.0,20743.0,20609.0,20698.0,6680,70
1652803200,20703.0,20763.0,20488.0,20559.0,12138,70
1652817600,20558.0,20578.0,20447.0,20525.0,5053,70
1652846400,20573.0,20586.0,20378.0,20419.0,11726,70
1652860800,20456.0,20697.0,20439.0,20542.0,11719,70
1652875200,20541.0,20603.0,20475.0,20477.0,4646,70
1652889600,20478.0,20542.0,20247.0,20324.0,11893,70
1652904000,20324.0,20326.0,20179.0,20191.0,3751,80
1652932800,20148.0,20279.0,20134.0,20148.0,3231,70
1652947200,20171.0,20205.0,20024.0,20034.0,13220,70
1652961600,20032.0,20216.0,20008.0,20149.0,7898,80
1652976000,20151.0,20474.0,20150.0,20426.0,15711,70
1652990400,20426.0,20503.0,20380.0,20478.0,5815,80
1653019200,20484.0,20598.0,20384.0,20506.0,12205,70
1653033600,20512.0,20805.0,20494.0,20674.0,12698,70
1653048000,20674.0,20757.0,20643.0,20654.0,4790,70
1653062400,20654.0,20763.0,20315.0,20363.0,14592,70
1653076800,20364.0,20397.0,20276.0,20352.0,6014,70
1653278400,20702.0,20708.0,20277.0,20314.0,11514,70
1653292800,20302.0,20529.0,20280.0,20421.0,12766,70
1653307200,20422.0,20599.0,20400.0,20539.0,6554,70
1653321600,20540.0,20598.0,20410.0,20543.0,13527,70
1653336000,20543.0,20579.0,20486.0,20549.0,4094,80
1653364800,20505.0,20508.0,20127.0,20148.0,9357,70
1653379200,20155.0,20169.0,19974.0,20042.0,12347,70
1653393600,20041.0,20185.0,20039.0,20171.0,5465,80
1653408000,20172.0,20195.0,19926.0,20042.0,14412,75
1653422400,20042.0,20093.0,19984.0,20033.0,5261,80
1653451200,20041.0,20286.0,20035.0,20174.0,11506,70
1653465600,20221.0,20377.0,20073.0,20107.0,11912,70
1653480000,20106.0,20154.0,20021.0,20095.5,6981,70
1653494400,20093.5,20189.0,20041.0,20081.5,13589,80
1653508800,20081.5,20162.0,20038.0,20150.0,6206,85
1653537600,20198.0,20211.0,19865.0,20068.0,11384,70
1653552000,20089.0,20116.0,19929.0,20023.0,11238,70
1653566400,20022.0,20210.0,20007.0,20185.0,5940,80
1653580800,20185.0,20647.0,20166.0,20612.0,11757,70
1653595200,20613.0,20671.0,20611.0,20654.0,3189,80
1653624000,20629.0,20795.0,20575.0,20679.0,10683,70
1653638400,20667.0,20772.0,20499.0,20755.0,12023,70
1653652800,20755.0,20867.0,20715.0,20849.0,6484,70
1653667200,20849.0,20890.0,20704.0,20848.0,8354,70
1653681600,20848.0,20884.0,20825.0,20870.0,1572,80
1653883200,20914.0,21204.0,20904.0,21130.0,12539,70
1653897600,21128.0,21204.0,21076.0,21144.0,10909,70
1653912000,21143.0,21270.0,21131.0,21171.0,3994,70
1653926400,21171.0,21194.0,21119.0,21132.0,4305,70
1653940800,21134.0,21147.0,21123.0,21130.0,408,80
1653969600,21088.0,21281.0,21038.0,21231.0,13133,70
1653984000,21239.0,21600.0,21239.0,21538.0,14626,70
1653998400,21537.0,21593.0,21458.0,21471.0,7154,70
1654012800,21470.0,21536.0,21346.0,21421.0,13258,70
1654027200,21420.0,21426.0,21353.0,21353.0,4078,70
1654056000,21401.0,21440.0,21207.0,21278.0,11198,70
1654070400,21281.0,21378.0,21172.0,21251.0,11785,70
1654084800,21252.0,21365.0,21232.0,21330.0,4983,70
1654099200,21332.0,21397.0,20980.0,21027.0,13520,70
1654113600,21028.0,21165.0,21022.0,21164.0,4794,70
1654156800,21119.0,21139.0,21044.0,21059.0,4545,70
1654171200,21058.0,21223.0,21052.0,21159.0,5254,80
1654185600,21159.0,21457.0,21104.0,21434.0,13637,70
1654200000,21434.0,21455.0,21395.0,21447.0,3049,80
1654488000,21380.0,21423.0,21024.0,21355.0,12912,70
1654502400,21354.0,21774.0,21331.0,21750.0,13077,70
1654516800,21751.0,21757.0,21685.0,21735.0,3756,70
1654531200,21736.0,21892.0,21572.0,21650.0,12699,70
1654545600,21650.0,21702.0,21605.0,21630.0,3955,80
1654574400,21584.0,21755.0,21498.0,21613.0,11103,70
1654588800,21640.0,21640.0,21404.0,21515.0,13004,70
1654603200,21512.0,21560.0,21418.0,21502.0,5582,70
1654617600,21500.0,21747.0,21477.0,21687.0,11686,70
1654632000,21688.0,21760.0,21674.0,21736.0,2705,80
1654660800,21784.0,22017.0,21724.0,21873.0,13359,70
1654675200,21869.0,22066.0,21842.0,21987.0,13029,70
1654689600,21988.0,21993.0,21908.0,21944.0,4755,70
1654704000,21945.0,22133.0,21905.0,22047.0,12270,70
1654718400,22046.0,22145.0,21989.0,22140.0,4469,70
1654747200,22092.0,22133.0,21853.0,21954.0,11865,70
1654761600,21942.0,22013.0,21756.0,21952.0,13671,70
1654776000,21961.0,22115.0,21868.0,21909.0,5930,80
1654790400,21910.0,21931.0,21578.0,21680.0,14136,70
1654804800,21680.0,21732.0,21638.0,21646.0,3409,80
1654833600,21601.0,21909.0,21566.0,21788.0,11347,70
1654848000,21804.0,21936.0,21737.0,21746.0,14583,70
1654862400,21747.0,21866.0,21743.0,21849.0,5358,70
1655092800,21198.0,21307.0,21060.0,21144.0,15290,70
1655107200,21172.0,21186.0,20976.0,20978.5,17261,70
1655121600,20977.5,21078.0,20940.0,21034.0,8256,75
1655136000,21035.0,21059.0,20580.0,20734.0,16809,70
1655150400,20735.0,20801.0,20690.0,20757.0,5193,80
1655179200,20710.0,20952.0,20708.0,20891.0,15064,70
1655193600,20892.0,21159.0,20882.0,20946.0,16025,70
1655208000,20945.0,21043.0,20881.0,20946.0,9743,70
1655222400,20946.0,21117.0,20870.0,21051.0,16377,70
1655236800,21052.0,21145.0,21006.0,21043.0,5013,70
1655265600,21075.0,21378.0,21039.0,21303.0,14485,70
1655280000,21327.0,21421.0,21230.0,21265.0,15282,70
1655294400,21265.0,21309.0,21223.0,21288.0,7973,70
1655308800,21286.0,21338.0,21198.0,21257.0,12142,70
1655323200,21257.0,21463.0,21118.0,21442.0,6059,80
1655352000,21486.0,21529.0,21133.0,21147.0,13984,70
1655366400,21166.0,21166.0,20666.0,20722.0,18198,70
1655380800,20720.0,20836.0,20681.5,20790.0,9261,70
1655395200,20794.0,20832.0,20592.0,20806.0,13172,70
1655409600,20809.0,20833.0,20648.0,20671.0,4344,80
1655438400,20701.0,21094.0,20689.0,21047.0,15744,70
1655452800,21047.0,21144.0,20989.0,21071.0,15852,70
1655467200,21071.0,21404.0,21036.0,21309.0,8808,70
1655481600,21309.0,21353.0,20845.0,20998.0,16908,70
1655496000,20999.0,21084.0,20974.0,20998.0,4953,80
1655697600,20962.0,21182.0,20836.0,21071.0,15105,70
1655712000,21103.0,21216.0,21005.0,21202.0,13136,70
1655726400,21203.0,21240.0,21160.0,21224.0,4277,70
1655740800,21225.0,21301.0,21201.0,21261.0,4574,80
1655755200,21257.0,21272.0,21247.0,21272.0,420,75
1655784000,21267.0,21513.0,21158.0,21471.0,13345,70
1655798400,21480.0,21620.0,21367.0,21554.0,13827,70
1655812800,21555.0,21569.0,21473.0,21488.0,4602,75
1655827200,21488.0,21587.0,21428.0,21533.0,11636,70
1655841600,21533.0,21534.0,21482.0,21531.0,3730,80
1655870400,21486.0,21493.0,21261.0,21284.0,11982,70
1655884800,21295.0,21347.0,20970.0,21076.0,14602,70
1655899200,21078.0,21175.0,21063.0,21098.0,6430,70
1655913600,21098.0,21291.0,21088.0,21214.0,14617,70
1655928000,21216.0,21290.0,21193.0,21239.0,3569,75
1655956800,21193.0,21285.0,21004.0,21224.0,13160,70
1655971200,21237.0,21455.0,21230.0,21266.0,13927,70
1655985600,21267.0,21396.0,21264.0,21329.0,5638,80
1656000000,21328.0,21499.0,21191.0,21204.0,14577,70
1656014400,21203.0,21259.0,21158.0,21251.0,4173,80
1656302400,21886.0,22431.0,21882.0,22395.0,12566,70
1656316800,22385.0,22385.0,22134.0,22204.0,13971,70
1656331200,22205.0,22271.0,22183.0,22204.0,4649,70
1656345600,22204.0,22270.0,22054.0,22088.0,11107,70
1656360000,22088.0,22090.0,22037.0,22079.0,3402,80
1656388800,22106.0,22221.0,21968.0,22037.0,11621,70
1656403200,22053.0,22503.0,22028.0,22465.0,12782,70
1656417600,22465.0,22574.0,22429.0,22461.0,4286,70
1656432000,22463.0,22591.0,22244.0,22273.0,11095,70
1656446400,22272.0,22276.0,22170.0,22187.0,3127,80
1656475200,22159.0,22281.0,21994.0,22062.0,11650,70
1656489600,22071.0,22097.0,21834.0,21949.0,13985,70
1656504000,21948.0,22028.0,21888.0,22003.0,6066,80
1656518400,22002.0,22051.0,21931.0,22011.0,12604,70
1656532800,22011.0,22082.0,21990.0,22022.0,2941,70
1656561600,21981.0,22116.0,21902.0,21979.0,11630,70
1656576000,22026.0,22084.0,21700.0,21842.0,15576,70
1656590400,21841.0,21844.0,21735.0,21753.0,6234,70
1656604800,21752.0,21960.0,21636.0,21936.0,13701,70
1656619200,21936.0,21956.0,21871.0,21872.0,4084,70
1656691200,21876.0,21876.0,21876.0,21876.0,2,240
1656907200,21784.5,21807.0,21444.0,21720.0,37673,65
1656921600,21726.0,21891.0,21724.0,21846.5,34026,65
1656936000,21845.5,22010.0,21835.5,21982.5,6791,70
1656950400,21981.0,22015.0,21918.5,22004.0,5788,70
1656964800,22004.0,22010.0,21985.0,21992.0,357,80
1656993600,22041.0,22086.0,21810.0,21963.0,31535,65
1657008000,21972.0,22005.5,21681.5,21687.5,40215,60
1657022400,21686.5,21784.5,21536.5,21546.0,15062,65
1657036800,21546.0,21560.0,21391.5,21508.0,39480,65
1657051200,21508.0,21672.0,21506.0,21664.0,3336,70
1657080000,21710.0,21825.0,21466.0,21500.0,37948,50
1657094400,21531.0,21628.0,21271.0,21487.5,48982,70
1657108800,21486.5,21586.0,21466.5,21558.5,11246,70
1657123200,21558.5,21584.5,21356.0,21462.0,31258,65
1657137600,21462.0,21553.0,21415.0,21524.5,4960,80
1657166400,21477.0,21545.0,21415.0,21502.0,15663,65
1657180800,21500.0,21706.0,21500.0,21665.0,37680,30
1657195200,21666.0,21810.5,21638.0,21772.5,11895,70
1657209600,21773.5,21996.0,21767.0,21970.0,25913,65
1657224000,21970.0,21985.5,21934.0,21962.5,2484,80
1657252800,22008.0,22010.0,21647.0,21670.5,39194,65
1657267200,21670.0,21754.0,21615.0,21686.0,36574,65
1657281600,21687.0,21788.0,21570.0,21642.5,13595,65
1657296000,21643.0,21844.0,21624.0,21659.0,29270,65
1657310400,21660.0,21745.0,21628.0,21730.0,3171,80
1657512000,21581.0,21584.0,21568.0,21584.0,14,80
1657526400,21052.5,21161.0,21017.5,21140.0,19033,70
1657540800,21139.0,21180.0,21109.0,21125.0,9264,65
1657555200,21126.0,21139.0,20907.0,21029.0,28337,65
1657569600,21030.0,21076.0,20998.5,21007.5,3057,80
1657598400,20872.0,21084.0,20783.0,20831.0,39723,65
1657612800,20844.0,20939.0,20800.0,20834.0,42365,60
1657627200,20835.0,20956.0,20794.0,20878.5,12776,65
1657641600,20878.5,20973.0,20785.0,20951.0,30858,65
1657656000,20950.0,20965.0,20885.5,20890.5,3289,80
1657684800,20943.0,21049.0,20844.5,20983.0,36008,65
1657699200,20974.0,21012.0,20733.0,20856.0,41567,65
1657713600,20855.0,20932.0,20557.0,20591.5,14552,65
1657728000,20591.0,20898.0,20543.0,20811.0,39872,65
1657742400,20811.0,20865.5,20748.0,20865.5,4922,80
1657771200,20688.0,20888.0,20688.0,20832.0,34202,65
1657785600,20843.0,20868.5,20531.0,20644.0,44986,5
1657800000,20643.0,20715.0,20595.0,20609.5,15377,65
1657814400,20608.5,20621.0,20405.5,20454.0,35165,65
1657828800,20455.0,20530.0,20416.0,20511.0,4377,80
1657857600,20509.0,20660.5,20388.0,20482.0,36612,65
1657872000,20484.0,20495.0,20195.0,20269.0,48390,60
1657886400,20268.0,20335.5,20209.5,20306.5,12474,60
1657900800,20306.5,20339.0,20062.0,20312.0,29271,65
1657915200,20313.0,20333.0,20294.0,20319.0,2221,80
1658116800,20322.0,20864.0,20282.0,20815.5,41089,65
1658131200,20842.0,20885.0,20750.0,20846.0,35852,65
1658145600,20847.0,20853.0,20765.0,20814.5,6990,70
1658160000,20814.0,20965.0,20800.0,20849.0,20986,65
1658174400,20849.0,20869.0,20741.0,20748.5,2940,70
1658203200,20759.0,20759.0,20551.0,20587.0,32108,65
1658217600,20584.0,20767.0,20537.0,20694.5,36659,60
1658232000,20693.5,20795.0,20661.5,20781.5,9655,60
1658246400,20781.5,20901.0,20746.5,20881.0,20574,65
1658260800,20880.0,20928.0,20856.0,20901.5,1981,80
1658289600,20978.0,21126.0,20932.0,21033.0,25683,65
1658304000,21024.0,21033.5,20856.5,20880.0,34752,65
1658318400,20881.0,20907.0,20754.0,20789.5,11680,65
1658332800,20788.5,20866.0,20707.0,20750.0,22647,70
1658347200,20750.0,20765.0,20678.0,20739.0,4225,80
1658376000,20754.0,20836.0,20539.0,20592.0,30601,65
1658390400,20610.0,20788.0,20494.0,20597.0,40847,65
1658404800,20598.0,20695.5,20537.5,20667.5,11137,65
1658419200,20667.5,20748.5,20578.5,20709.0,25810,65
1658433600,20709.0,20714.0,20664.0,20709.5,2760,80
1658462400,20725.0,20800.5,20577.0,20602.0,30158,65
1658476800,20601.0,20648.0,20508.0,20622.5,36084,65
1658491200,20621.5,20651.0,20594.0,20627.5,7099,65
1658505600,20628.0,20686.5,20479.5,20481.0,22773,70
1658520000,20481.0,20481.0,20389.0,20420.5,3091,70
1658721600,20429.0,20580.0,20376.0,20452.0,31826,65
1658736000,20455.0,20607.5,20338.5,20562.0,36106,70
1658750400,20563.0,20670.5,20556.0,20635.5,7440,70
1658764800,20636.5,20672.0,20537.5,20662.0,22358,65
1658779200,20662.0,20674.0,20640.0,20644.0,2084,75
1658808000,20612.0,20910.0,20612.0,20857.0,32235,65
1658822400,20875.0,20970.5,20841.0,20873.5,32532,60
1658836800,20872.5,20898.5,20783.0,20813.5,7989,65
1658851200,20812.5,20869.0,20612.5,20646.0,21019,65
1658865600,20646.0,20658.5,20596.0,20606.5,2136,80
1658894400,20680.0,20771.5,20571.0,20621.0,26365,65
1658908800,20603.0,20707.5,20595.5,20663.5,29255,70
1658923200,20662.5,20752.0,20653.0,20727.5,6730,70
1658937600,20727.5,20731.0,20573.5,20650.0,12857,70
1658952000,20650.0,20795.5,20603.0,20751.0,2971,75
1658980800,20759.0,20792.5,20527.0,20589.0,32790,65
1658995200,20568.0,20678.0,20568.0,20608.0,29992,60
1659009600,20606.0,20664.5,20557.5,20629.5,10069,65
1659024000,20629.5,20689.5,20344.0,20478.0,26560,65
1659038400,20478.0,20599.0,20460.0,20595.5,1790,80
1659067200,20670.0,20696.0,20130.0,20142.0,38659,65
1659081600,20142.0,20226.0,20054.5,20103.0,43919,65
1659096000,20097.0,20160.5,20072.0,20088.5,8195,65
1659110400,20089.0,20132.5,19957.0,20071.0,22443,65
1659124800,20070.0,20078.0,20029.5,20059.5,1846,80
1659326400,19991.0,20155.0,19891.0,20143.0,36978,65
1659340800,20128.0,20270.5,20084.0,20123.0,34636,65
1659355200,20120.0,20209.0,20063.5,20066.5,7196,65
1659369600,20066.5,20109.0,19857.0,19998.0,26076,65
1659384000,19998.0,19998.0,19916.5,19928.0,3074,80
1659412800,19893.0,19945.0,19506.0,19584.0,38861,65
1659427200,19598.0,19778.0,19580.0,19613.0,42313,70
1659441600,19608.0,19645.0,19492.5,19553.0,9599,70
1659456000,19553.5,20017.0,19548.5,19958.0,33351,65
1659470400,19954.0,19961.0,19827.0,19845.0,4036,80
1659499200,19811.0,19935.0,19687.0,19790.0,35394,70
1659513600,19803.0,19893.5,19670.0,19768.0,38876,70
1659528000,19767.0,19834.0,19764.0,19821.5,6523,65
1659542400,19821.5,19992.0,19701.0,19970.0,20937,70
1659556800,19971.0,19988.0,19934.5,19960.0,2123,80
1659585600,19955.0,20240.0,19955.0,20046.0,32345,70
1659600000,20049.0,20200.0,20002.0,20152.0,35773,65
1659614400,20151.0,20372.0,20141.0,20318.0,11255,65
1659628800,20318.0,20389.5,20163.0,20223.0,26152,70
1659643200,20221.0,20269.0,20213.0,20236.0,2363,80
1659672000,20296.0,20349.0,20088.0,20192.0,30657,65
1659686400,20201.0,20289.0,20115.0,20138.0,33828,65
1659700800,20137.0,20176.5,19991.0,20016.5,9822,70
1659715200,20016.5,20123.0,19946.5,20068.0,22464,70
1659729600,20067.0,20094.0,20023.5,20044.5,2241,80
1659931200,20064.0,20204.0,19976.0,20064.5,30924,65
1659945600,20065.0,20126.0,19948.0,20030.0,32552,70
1659960000,20031.0,20105.0,19998.5,20099.0,6044,70
1659974400,20099.5,20135.5,20002.0,20032.0,20346,70
1659988800,20032.0,20060.0,19987.0,19994.5,3150,80
1660017600,20042.0,20271.5,19854.0,20234.0,36729,65
1660032000,20243.0,20243.0,19978.0,20022.0,31639,65
1660046400,20021.0,20071.0,19973.0,19989.0,7336,70
1660060800,19989.0,20068.5,19924.5,19943.0,21779,70
1660075200,19943.0,19954.0,19900.5,19931.5,2382,80
1660104000,19940.0,19967.0,19557.5,19591.0,33374,65
1660118400,19581.0,19623.0,19466.0,19614.0,34275,65
1660132800,19615.0,19833.5,19598.0,19757.5,11219,65
1660147200,19757.5,19867.0,19677.0,19851.5,23293,65
1660161600,19851.5,19881.0,19812.0,19818.5,2209,80
1660190400,19890.0,20021.5,19801.5,19953.0,31612,65
1660204800,19979.0,20114.0,19915.0,20066.0,37268,65
1660219200,20067.0,20127.5,20020.0,20099.5,8888,70
1660233600,20100.0,20372.0,20073.0,20169.0,28374,65
1660248000,20169.0,20196.0,20060.5,20069.5,2855,80
1660276800,20062.0,20184.0,20011.0,20138.0,28268,65
1660291200,20155.0,20234.0,20102.0,20104.0,29241,60
1660305600,20103.0,20115.0,19903.0,19961.0,12196,65
1660320000,19961.0,20143.0,19936.0,20131.0,17511,65
1660334400,20130.0,20190.0,20119.0,20150.0,1658,80
1660536000,20102.0,20288.5,19986.5,20125.0,30599,65
1660550400,20140.0,20206.0,20023.0,20051.0,28320,60
1660564800,20049.0,20061.0,19959.5,19972.5,6513,70
1660579200,19972.5,20112.0,19966.5,20105.0,16451,65
1660593600,20106.0,20114.0,20059.0,20081.0,1864,80
1660622400,20078.0,20187.0,20017.5,20061.0,27835,65
1660636800,20063.0,20069.0,19672.5,19835.0,42501,70
1660651200,19832.0,19923.0,19810.0,19846.5,8597,70
1660665600,19845.5,19986.5,19843.0,19960.0,12863,65
1660680000,19961.0,20005.0,19920.5,19945.5,2047,70
1660708800,20014.0,20044.0,19800.0,20013.0,21307,65
1660723200,20008.0,20090.0,19877.0,19917.0,21533,65
1660737600,19911.0,19945.0,19787.0,19866.5,7710,65
1660752000,19866.5,19959.0,19846.0,19945.0,14044,65
1660766400,19945.0,20017.0,19929.5,19972.5,3372,70
1660795200,19966.0,19991.0,19747.0,19770.0,19853,65
1660809600,19783.0,19874.5,19659.0,19755.0,19899,65
1660824000,19757.0,19804.0,19732.0,19762.5,5484,70
1660838400,19762.0,19782.5,19631.5,19640.0,13498,70
1660852800,19643.0,19707.0,19638.0,19707.0,2321,70
1660881600,19675.0,19899.0,19606.0,19833.0,19286,65
1660896000,19834.0,19863.0,19681.0,19725.0,19462,60
1660910400,19724.0,19728.5,19630.0,19643.5,6346,65
1660924800,19643.5,19699.5,19538.5,19585.0,9330,65
1660939200,19585.0,19591.0,19541.0,19545.0,1763,70
1661140800,19508.0,19822.0,19470.0,19774.0,12698,65
1661155200,19795.0,19798.0,19556.0,19581.0,18590,70
1661169600,19583.0,19662.0,19558.5,19592.5,6130,70
1661184000,19591.5,19683.0,19573.0,19652.0,12605,65
1661198400,19653.0,19660.0,19581.0,19594.5,1823,80
1661227200,19582.0,19682.0,19438.0,19514.0,19845,70
1661241600,19536.0,19590.0,19349.0,19458.0,16445,65
1661256000,19455.0,19536.0,19447.0,19473.5,6032,60
1661270400,19474.5,19545.0,19354.5,19526.0,13978,70
1661284800,19521.5,19532.0,19476.5,19488.5,2654,80
1661313600,19492.0,19531.0,19161.0,19220.0,21054,65
1661328000,19221.0,19309.0,19201.0,19263.0,17960,70
1661342400,19268.0,19279.0,19206.0,19248.0,5331,70
1661356800,19249.0,19390.0,19237.0,19284.0,4952,210
1661371200,19287.0,19307.0,19280.0,19292.0,789,280
1661414400,19408.0,19973.0,19408.0,19918.0,20543,65
1661428800,19917.0,19972.5,19873.0,19932.5,7003,65
1661443200,19931.5,20189.5,19869.0,20123.0,13443,65
1661457600,20123.0,20168.0,20111.0,20144.0,2438,70
1661486400,20185.0,20235.0,20057.0,20097.0,13068,65
1661500800,20082.5,20172.0,20055.0,20095.0,8625,65
1661515200,20096.0,20583.0,20085.0,20562.0,5677,65
1661529600,20562.0,20675.5,20173.5,20273.5,13525,5
1661544000,20272.0,20272.5,20132.5,20151.0,5015,90
1661745600,20006.0,20062.5,19865.0,20003.0,19810,65
1661760000,20004.0,20087.0,19973.0,19989.0,14663,55
1661774400,19990.0,20091.0,19976.0,20067.0,5845,70
1661788800,20065.5,20217.5,20017.0,20089.0,12785,65
1661803200,20089.5,20116.0,20052.0,20068.5,2454,80
1661832000,20027.0,20104.0,19610.0,19829.5,21106,65
1661846400,19864.0,19956.0,19789.0,19925.0,15976,65
1661860800,19924.0,19966.0,19838.5,19846.5,4989,70
1661875200,19846.5,19856.5,19518.0,19532.0,12972,70
1661889600,19532.0,19565.0,19502.5,19506.5,3389,80
1661918400,19586.0,19905.0,19505.0,19885.0,20544,65
1661932800,19874.0,20155.5,19830.0,19864.0,17455,65
1661947200,19856.0,19938.0,19830.0,19933.5,4862,65
1661961600,19934.0,20046.5,19851.0,19873.0,11273,10
1661976000,19872.0,19882.0,19817.0,19831.0,2968,80
1662004800,19691.0,19811.5,19572.0,19632.0,19817,65
1662019200,19624.0,19690.5,19514.5,19563.0,12161,60
1662033600,19564.0,19623.0,19546.5,19551.5,3839,70
1662048000,19552.5,19618.5,19422.0,19451.0,6921,65
1662062400,19451.0,19569.0,19448.0,19545.5,3840,80
1662091200,19579.0,19617.0,19372.0,19455.0,14174,65
1662105600,19456.0,19521.0,19308.5,19502.0,10844,65
1662120000,19501.0,19506.0,19384.0,19462.5,3438,65
1662134400,19462.5,19523.0,19337.0,19398.0,6151,65
1662148800,19397.0,19397.0,19307.0,19335.0,4421,70
1662350400,19350.0,19357.0,19034.5,19169.0,19880,65
1662364800,19194.0,19291.0,19115.5,19170.0,11309,65
1662379200,19169.0,19367.5,19136.0,19247.5,4191,65
1662393600,19247.5,19295.5,19247.5,19277.0,3841,65
1662408000,19277.5,19283.5,19273.0,19280.5,337,90
1662436800,19290.0,19342.0,19077.0,19108.0,19964,65
1662451200,19137.0,19274.5,19090.0,19168.0,12194,65
1662465600,19169.0,19182.5,19116.0,19128.5,3912,65
1662480000,19129.0,19138.0,18912.5,18992.0,8886,65
1662494400,18990.0,19000.0,18946.0,18958.0,3508,80
1662523200,18891.0,18977.0,18812.0,18867.0,13741,65
1662537600,18861.0,19070.0,18791.0,19016.5,13610,65
1662552000,19017.5,19022.0,18908.5,18924.5,4555,70
1662566400,18924.5,19015.0,18867.5,18991.0,8403,65
1662580800,18990.0,19124.0,18989.0,19105.0,3020,80
1662609600,19098.0,19104.0,18888.0,18949.0,13903,65
1662624000,18948.0,18979.5,18783.0,18879.5,13650,65
1662638400,18880.5,18909.5,18833.5,18839.5,4395,65
1662652800,18839.5,18926.5,18740.5,18875.0,8246,65
1662667200,18875.0,18917.0,18834.0,18869.5,6113,80
1662696000,18895.0,19336.0,18863.5,19330.0,16090,65
1662710400,19347.0,19403.5,19289.0,19360.0,12659,65
1662724800,19361.0,19364.0,19259.0,19285.0,4581,65
1662739200,19285.0,19342.5,19217.5,19267.5,11758,65
1662753600,19268.5,19283.5,19255.0,19266.5,3155,90
1663041600,19466.0,19502.0,19286.0,19420.0,8193,70
1663056000,19441.0,19461.5,19278.5,19303.0,7288,70
1663070400,19304.0,19399.5,19064.0,19070.0,5110,70
1663084800,19070.5,19152.5,19028.0,19038.5,8891,90
1663099200,19037.5,19050.0,18837.5,18858.5,4173,90
1663128000,18856.0,18971.5,18778.0,18804.0,9288,70
1663142400,18797.0,18891.5,18756.5,18832.0,8664,70
1663156800,18833.0,18843.0,18764.0,18814.0,5406,70
1663171200,18814.0,18855.5,18739.5,18844.0,9232,80
1663185600,18845.0,18859.0,18790.0,18796.0,3450,80
1663214400,18809.0,18982.0,18788.0,18905.0,7774,70
1663228800,18902.0,18950.5,18818.5,18862.0,6886,70
1663243200,18861.0,18872.0,18780.0,18839.0,4951,80
1663257600,18839.5,18941.5,18767.0,18846.0,8954,80
1663272000,18846.0,18900.0,18803.0,18811.5,3293,80
1663300800,18735.0,18898.0,18647.5,18827.0,9305,70
1663315200,18834.0,18844.5,18659.5,18708.0,7883,80
1663329600,18704.0,18783.5,18696.0,18706.5,4549,80
1663344000,18707.5,18759.0,18636.0,18660.0,9233,80
1663358400,18659.0,18672.0,18617.0,18667.0,2882,80
1663560000,18732.0,18751.0,18501.0,18577.0,8436,70
1663574400,18568.0,18597.5,18486.5,18519.0,7139,70
1663588800,18516.0,18620.0,18514.0,18586.5,7356,70
1663603200,18587.0,18687.0,18558.0,18681.0,14862,70
1663617600,18681.0,18696.0,18652.5,18689.5,2149,80
1663646400,18737.0,18859.0,18669.0,18802.0,18701,65
1663660800,18803.0,18827.0,18716.0,18733.0,18582,70
1663675200,18734.0,18736.0,18662.0,18679.0,7037,70
1663689600,18679.0,18722.0,18647.0,18656.0,14231,70
1663704000,18655.0,18660.0,18548.5,18595.5,3021,70
1663732800,18586.0,18609.0,18421.0,18454.0,18374,70
1663747200,18465.0,18615.5,18408.5,18421.0,23449,65
1663761600,18425.0,18483.0,18415.5,18442.5,6360,70
1663776000,18443.5,18466.5,18329.5,18332.0,12370,65
1663790400,18332.0,18473.0,18226.0,18421.0,6416,80
1663819200,18094.0,18168.5,17943.0,18046.0,21725,65
1663833600,18072.0,18157.0,18026.0,18106.0,22749,70
1663848000,18107.0,18185.5,18080.0,18171.0,9953,65
1663862400,18171.0,18212.0,18059.0,18083.0,18942,65
1663876800,18082.0,18106.0,18047.0,18087.0,3256,70
1663905600,18080.0,18145.0,17897.0,17936.0,20319,70
1663920000,17970.0,18091.0,17845.0,17849.0,25464,65
1663934400,17847.0,17905.5,17793.5,17803.5,10623,70
1663948800,17803.5,17859.0,17716.5,17782.0,18892,65
1663963200,17782.0,17798.0,17688.5,17696.0,3678,80
1664164800,17711.0,18077.0,17706.0,17940.0,24547,65
1664179200,17944.0,17950.0,17719.0,17851.0,28656,60
1664193600,17847.0,17871.5,17757.0,17857.5,10313,70
1664208000,17856.5,17961.5,17800.0,17839.0,18544,70
1664222400,17839.0,17844.5,17772.0,17840.5,4703,70
1664251200,17887.0,17904.0,17640.0,17658.0,19593,65
1664265600,17664.0,17877.5,17643.0,17782.0,21283,65
1664280000,17783.0,17809.0,17724.0,17773.5,8783,70
1664294400,17773.5,17873.5,17530.0,17572.0,19191,70
1664308800,17569.0,17609.5,17514.0,17605.0,5032,70
1664337600,17616.0,17669.0,17341.0,17413.5,21368,5
1664352000,17414.5,17430.5,17134.0,17224.5,24772,65
1664366400,17225.5,17314.5,17139.5,17293.0,10858,65
1664380800,17293.0,17562.5,17278.5,17529.5,15178,70
1664395200,17529.5,17622.5,17524.0,17622.0,2943,70
1664424000,17547.0,17601.0,17362.0,17431.0,21031,40
1664438400,17432.0,17457.0,16986.5,17118.0,29551,40
1664452800,17117.0,17254.0,17116.0,17155.5,11535,50
1664467200,17155.5,17212.5,17019.5,17127.0,23326,65
1664481600,17127.0,17155.0,17053.0,17101.5,4065,90
1664510400,17120.0,17318.0,17003.5,17138.0,28005,70
1664524800,17129.0,17304.5,17086.0,17186.0,28906,65
1664539200,17187.0,17222.0,17069.0,17160.5,6345,65
1664553600,17160.5,17286.0,17101.5,17209.0,10003,70
1664568000,17209.0,17211.5,17153.5,17156.5,1599,80
1664769600,16966.0,17241.0,16942.0,16989.0,19569,65
1664784000,17005.0,17145.5,16891.0,17046.0,25714,65
1664798400,17045.0,17180.0,17001.5,17155.5,9642,65
1664812800,17156.5,17281.0,17081.0,17262.0,18940,65
1664827200,17262.0,17315.5,17260.0,17312.5,1863,70
1664942400,17690.5,17993.0,17641.0,17942.0,21685,65
1664956800,17964.0,18163.5,17943.0,18035.0,26971,60
1664971200,18036.0,18069.5,17972.0,17981.0,8350,65
1664985600,17979.0,18036.0,17835.0,17956.0,15169,70
1665000000,17956.0,18010.0,17941.0,18009.0,3829,80
1665028800,18070.0,18100.5,17949.5,18001.5,18500,65
1665043200,18005.0,18130.0,17917.0,17926.0,22892,65
1665057600,17925.0,17962.5,17880.0,17944.5,7956,65
1665072000,17944.5,17978.5,17837.0,17895.0,21697,65
1665086400,17895.0,17914.0,17842.0,17868.0,3910,80
1665115200,17805.0,17872.0,17749.0,17751.0,16163,65
1665129600,17781.0,17798.0,17675.0,17714.0,19722,65
1665144000,17715.0,17757.5,17567.0,17630.0,10883,65
1665158400,17629.5,17727.5,17544.0,17557.0,21674,65
1665172800,17556.0,17581.0,17525.5,17525.5,3364,80
1665374400,17454.0,17454.0,17227.0,17296.0,22259,65
1665388800,17286.0,17304.0,17159.0,17191.0,24380,65
1665403200,17194.0,17294.0,17188.0,17292.0,7493,65
1665417600,17292.0,17295.5,17065.0,17071.0,19417,70
1665432000,17071.0,17157.0,17049.0,17100.0,4066,75
1665460800,17148.0,17226.0,16865.0,16896.0,26462,65
1665475200,16933.0,16972.0,16755.0,16762.0,29531,65
1665489600,16760.0,16905.5,16744.0,16845.0,11356,65
1665504000,16845.0,16875.0,16615.0,16839.0,24024,65
1665518400,16839.0,16843.0,16674.5,16677.0,5578,80
1665547200,16711.0,16769.0,16433.0,16499.0,25995,65
1665561600,16514.0,17027.5,16416.0,16671.0,40488,65
1665576000,16667.0,16747.0,16594.0,16631.5,11599,65
1665590400,16631.5,16703.5,16523.0,16596.5,22786,65
1665604800,16596.0,16654.5,16580.0,16621.0,6557,80
1665633600,16653.0,16710.0,16443.0,16484.0,23874,65
1665648000,16497.0,16634.0,16357.0,16395.0,27511,65
1665662400,16394.0,16544.5,16108.5,16179.5,13680,65
1665676800,16179.5,16653.5,16130.0,16560.5,33679,65
1665691200,16562.0,16687.0,16558.0,16661.5,5909,75
1665720000,16630.0,16953.5,16558.0,16885.0,24475,65
1665734400,16910.0,17017.0,16495.0,16528.0,33414,65
1665748800,16527.0,16738.5,16499.5,16700.0,13639,65
1665763200,16700.0,16726.0,16376.0,16403.0,28358,65
1665777600,16403.5,16438.0,16365.5,16378.0,4997,70
1665979200,16382.0,16592.0,16292.5,16384.0,24922,65
1665993600,16402.0,16736.0,16371.5,16547.0,31737,65
1666008000,16544.0,16680.0,16543.0,16666.5,8800,65
1666022400,16666.5,16890.0,16661.5,16856.0,19322,65
1666036800,16854.0,16881.0,16830.0,16854.5,3013,70
1666065600,16932.0,16937.0,16517.0,16763.0,25104,65
1666080000,16771.0,16927.0,16707.0,16786.0,28698,65
1666094400,16784.0,16941.5,16769.0,16939.5,10345,65
1666108800,16938.5,16958.5,16592.5,16679.0,23044,65
1666123200,16678.0,16730.5,16637.0,16676.5,5357,80
1666152000,16778.0,16918.0,16669.0,16696.0,22996,65
1666166400,16689.0,16715.0,16464.0,16494.0,30541,65
1666180800,16493.0,16538.5,16410.0,16440.5,11905,60
1666195200,16440.5,16474.5,16308.0,16314.0,21451,65
1666209600,16313.0,16321.0,16208.0,16208.0,4451,70
1666238400,16181.0,16236.0,15994.5,16220.0,28154,65
1666252800,16203.0,16454.0,16158.0,16219.0,35464,65
1666267200,16216.0,16410.5,16216.0,16293.0,12680,65
1666281600,16293.0,16585.0,16287.0,16369.5,24031,65
1666296000,16369.0,16373.0,16279.0,16326.0,4185,70
1666324800,16292.0,16354.0,16157.0,16241.0,25062,60
1666339200,16230.0,16293.0,16117.0,16160.0,27176,65
1666353600,16161.0,16172.0,16062.5,16136.5,11971,70
1666368000,16136.5,16344.5,16108.5,16331.0,35488,70
1666382400,16331.0,16374.5,16316.0,16361.5,3569,80
1666584000,16210.0,16210.0,15328.5,15410.0,35439,65
1666598400,15416.0,15453.0,15072.5,15131.0,44310,65
1666612800,15133.0,15251.0,15094.0,15243.5,13504,65
1666627200,15243.5,15243.5,14776.0,15040.0,30785,65
1666641600,15040.0,15102.5,15001.5,15096.0,4092,75
1666670400,15130.0,15427.5,14939.0,15295.0,39190,65
1666684800,15302.0,15308.0,15072.0,15131.0,34816,65
1666699200,15130.0,15240.5,15044.5,15108.5,8667,60
1666713600,15108.5,15274.5,15107.0,15150.0,17982,65
1666728000,15150.0,15202.0,15130.0,15179.0,3285,80
1666756800,15115.0,15575.0,15034.0,15480.0,28015,65
1666771200,15492.0,15511.5,15203.0,15305.0,29833,65
1666785600,15306.0,15306.0,15199.5,15233.5,9532,65
1666800000,15233.5,15722.0,15221.0,15595.0,25381,65
1666814400,15595.0,15683.5,15572.0,15647.5,5312,75
1666843200,15675.0,15834.0,15576.0,15596.0,26107,65
1666857600,15600.0,15665.0,15409.0,15459.0,29475,65
1666872000,15454.0,15492.5,15373.5,15480.5,8595,70
1666886400,15480.5,15593.5,15378.0,15494.0,21118,65
1666900800,15494.0,15525.0,15431.5,15434.0,2353,75
1666929600,15384.0,15453.0,15073.5,15083.0,29017,65
1666944000,15077.0,15079.0,14783.0,14877.0,34076,65
1666958400,14879.0,14956.0,14846.0,14899.5,12052,65
1666972800,14898.5,14941.5,14831.0,14930.5,21661,65
1666987200,14931.5,14993.5,14922.0,14993.5,2520,80
1667174400,14919.0,14919.0,14602.0,14897.0,4534,70
1667188800,14898.0,15117.5,14803.0,14889.5,27991,65
1667203200,14891.0,14912.0,14581.0,14639.5,22287,65
1667217600,14639.5,14751.5,14596.0,14745.5,13237,65
1667232000,14746.0,14816.5,14722.5,14769.0,19999,65
1667246400,14769.0,14790.0,14749.0,14762.0,1615,80
1667260800,14813.0,15044.0,14796.0,15036.0,4335,70
1667275200,15035.5,15339.5,14992.0,15278.0,29000,65
1667289600,15276.5,15627.0,15273.0,15442.5,34222,65
1667304000,15442.5,15533.5,15406.5,15442.5,12558,70
1667318400,15442.5,15449.5,15309.0,15403.0,23478,65
1667332800,15402.5,15413.5,15360.5,15389.0,1653,75
1667347200,15331.0,15439.0,15266.0,15416.0,4263,70
1667361600,15416.0,15869.0,15283.0,15810.0,29620,65
1667376000,15811.0,15811.0,15566.0,15602.0,4970,240
1667390400,15601.0,15664.0,15506.0,15626.0,4919,90
1667404800,15627.0,15694.5,15541.0,15679.0,3386,70
1667419200,15679.0,15906.5,15669.0,15808.5,2191,70
1667433600,15448.0,15614.5,15386.0,15440.0,4667,70
1667448000,15438.0,15518.0,15280.5,15414.5,23254,65
1667462400,15414.0,15416.5,15279.0,15332.5,20331,70
1667476800,15332.5,15339.0,15200.5,15275.5,14053,65
1667491200,15276.5,15565.5,15271.5,15504.0,22568,70
1667505600,15504.0,15549.0,15502.0,15529.0,1445,80
1667520000,15475.0,15875.0,15397.0,15866.0,4328,70
1667534400,15866.0,16519.5,15834.0,16257.5,34152,65
1667548800,16256.0,16426.5,16096.0,16260.5,27437,65
1667563200,16260.5,16526.5,16163.5,16316.5,15719,65
1667577600,16317.5,16435.5,16274.5,16345.0,17013,70
1667592000,16345.0,16464.0,16337.0,16456.5,1608,80
1667779200,16068.0,16549.0,15913.0,16473.0,5277,70
1667793600,16472.0,16825.0,16265.0,16567.0,30563,65
1667808000,16565.5,16707.0,16531.0,16632.5,22788,70
1667822400,16632.5,16760.0,16620.0,16707.5,8555,65
1667836800,16707.5,16749.5,16502.5,16547.0,17381,70
1667851200,16546.0,16565.5,16536.0,16563.5,1170,80
1667865600,16566.0,16719.0,16468.0,16575.0,4636,70
1667880000,16574.0,16627.0,16424.0,16464.0,21881,65
1667894400,16463.5,16607.0,16430.5,16600.5,17965,65
1667908800,16600.5,16605.5,16539.5,16566.0,6818,70
1667923200,16566.0,16685.5,16436.5,16674.0,16572,65
1667937600,16674.0,16690.0,16574.0,16585.0,2115,70
1667952000,16484.0,16719.0,16471.0,16504.0,4439,70
1667966400,16504.0,16601.0,16243.0,16315.0,24919,60
1667980800,16314.5,16402.0,16210.0,16299.5,19767,65
1667995200,16299.5,16321.0,16230.5,16245.0,8792,65
1668009600,16245.0,16290.5,16145.0,16166.0,17235,65
1668024000,16166.0,16176.0,16084.0,16107.5,1369,75
1668038400,16098.0,16152.0,15938.0,16038.0,4461,70
1668052800,16038.0,16101.5,15924.0,16007.0,22389,65
1668067200,16007.5,16111.5,15980.0,16090.5,18507,65
1668081600,16090.5,16556.5,16019.5,16524.5,13107,65
1668096000,16525.0,16861.0,16502.5,16769.0,17822,65
1668110400,16768.0,16824.0,16760.0,16814.5,1671,90
1668124800,16934.0,17186.0,16831.0,16834.0,5325,70
1668139200,16839.0,17317.5,16839.0,17274.5,27718,65
1668153600,17276.5,17472.5,17167.0,17458.0,28981,60
1668168000,17457.5,17509.0,17358.0,17485.5,9165,65
1668182400,17485.5,17603.0,17399.5,17552.0,20507,70
1668196800,17552.0,17584.0,17533.5,17533.5,1434,80
1668384000,17711.0,18175.0,17691.0,17738.0,5167,70
1668398400,17739.0,17933.0,17569.0,17571.5,28077,60
1668412800,17571.5,17677.0,17528.0,17597.5,21637,65
1668427200,17597.5,17797.5,17542.5,17751.5,7909,65
1668441600,17749.5,17798.5,17611.5,17719.0,16177,65
1668456000,17719.0,17774.5,17715.0,17771.5,1217,80
1668470400,17734.0,17988.0,17564.0,17928.0,4846,70
1668484800,17928.0,18366.0,17870.0,18176.5,32352,65
1668499200,18176.5,18366.0,18140.0,18237.5,23735,65
1668513600,18237.5,18429.5,18237.5,18393.0,10555,65
1668528000,18394.5,18478.5,18264.0,18408.0,22081,65
1668542400,18409.0,18426.0,18201.0,18251.5,3673,80
1668556800,18189.0,18361.0,18094.0,18193.0,5016,70
1668571200,18197.0,18422.0,18036.0,18152.5,28568,65
1668585600,18151.5,18298.5,18094.5,18265.5,22784,60
1668600000,18265.5,18305.5,18191.5,18217.5,10150,65
1668614400,18217.5,18228.5,18000.0,18089.0,18284,70
1668628800,18089.0,18102.0,18046.0,18052.5,1721,80
1668643200,18029.0,18134.0,17898.0,17910.0,4299,70
1668657600,17908.0,17998.5,17712.0,17854.5,24845,70
1668672000,17854.5,18230.5,17827.0,17948.5,25775,65
1668686400,17948.5,17981.5,17739.0,17739.0,12667,5
1668700800,17739.0,18354.0,17731.0,18350.0,22149,70
1668715200,18348.0,18391.0,18342.0,18364.5,1805,80
1668729600,18425.0,18444.0,18162.0,18263.0,4363,70
1668744000,18265.0,18384.0,18038.0,18088.5,25427,65
1668758400,18088.5,18117.0,17903.5,18013.5,21950,65
1668772800,18013.5,18092.0,17973.5,18051.5,7985,65
1668787200,18052.5,18057.5,17878.5,17918.0,16590,70
1668801600,17918.0,17964.0,17914.0,17917.5,1715,80
1668988800,17785.0,17785.0,17386.0,17449.0,4624,70
1669003200,17447.0,17761.0,17409.0,17758.5,22121,65
1669017600,17758.5,17760.0,17598.0,17642.5,19506,65
1669032000,17642.5,17689.0,17629.5,17662.5,5494,70
1669046400,17661.5,17756.0,17574.5,17604.0,16550,65
1669060800,17603.0,17658.0,17589.5,17590.5,1633,80
1669075200,17657.0,17771.0,17554.0,17625.0,4148,70
1669089600,17623.0,17706.0,17405.0,17417.5,25723,65
1669104000,17418.5,17580.0,17301.0,17562.5,24062,65
1669118400,17562.0,17565.0,17468.0,17470.0,6287,65
1669132800,17472.0,17580.5,17380.0,17522.0,15023,65
1669147200,17522.0,17542.0,17507.5,17512.5,1063,80
1669161600,17553.0,17556.0,17385.0,17470.0,4188,70
1669176000,17469.0,17656.0,17380.0,17575.5,25392,65
1669190400,17575.5,17633.5,17509.5,17580.0,16511,65
1669204800,17579.5,17683.5,17544.5,17626.5,6851,65
1669219200,17626.5,17725.5,17594.0,17608.0,13238,65
1669233600,17608.0,17652.0,17598.0,17633.0,1201,80
1669248000,17729.0,17766.0,17616.0,17643.0,3955,70
1669262400,17640.0,17692.0,17519.0,17639.5,20919,70
1669276800,17640.0,17704.5,17601.0,17675.5,15159,60
1669291200,17676.0,17700.0,17643.0,17696.0,3818,70
1669305600,17697.5,17729.0,17682.5,17718.0,3739,65
1669320000,17717.0,17733.0,17708.5,17710.5,254,80
1669334400,17716.0,17727.0,17425.0,17447.0,3914,70
1669348800,17448.0,17585.0,17406.0,17521.0,19631,65
1669363200,17521.5,17645.0,17494.0,17580.5,17164,65
1669377600,17580.5,17615.5,17525.5,17540.0,4559,65
1669392000,17539.5,17543.5,17454.5,17467.0,9980,65
1669406400,17467.0,17501.0,17449.0,17462.5,560,80
1669593600,17057.5,17057.5,16830.5,16979.5,6857,70
1669608000,16981.5,17287.0,16896.5,17182.0,22491,65
1669622400,17182.5,17358.5,17177.0,17316.5,17788,65
1669636800,17315.0,17393.0,17306.0,17371.0,5319,65
1669651200,17370.5,17678.5,17320.5,17552.0,12969,65
1669665600,17552.0,17571.0,17538.0,17539.0,860,70
1669680000,17521.0,17708.0,17506.0,17693.0,4431,70
1669694400,17694.0,18082.0,17676.0,18050.5,25723,65
1669708800,18050.5,18326.0,17901.5,18237.5,26319,65
1669723200,18237.5,18300.0,18204.0,18226.5,8806,65
1669737600,18223.5,18334.0,18192.0,18237.0,17594,65
1669752000,18237.0,18240.0,18181.0,18215.0,1459,80
1669766400,18209.0,18397.0,18064.0,18231.0,4456,70
1669780800,18229.0,18429.0,18124.0,18234.0,22641,65
1669795200,18233.5,18716.5,18201.0,18709.5,28552,65
1669809600,18709.5,18764.5,18671.0,18685.5,8437,65
1669824000,18685.0,18902.5,18677.0,18811.0,17287,65
1669838400,18811.0,18973.0,18810.0,18968.0,2847,75
1669852800,19049.0,19234.0,18906.0,18907.0,5406,70
1669867200,18907.0,18997.5,18791.5,18851.0,26749,65
1669881600,18852.0,18938.0,18684.5,18745.5,22208,65
1669896000,18745.5,18833.5,18699.5,18807.5,7396,70
1669910400,18806.5,18942.5,18726.5,18823.0,19552,65
1669924800,18825.0,18851.0,18788.0,18790.5,1906,80
1669939200,18703.0,18827.0,18659.0,18735.0,4050,70
1669953600,18734.0,18839.0,18537.0,18697.0,23088,65
1669968000,18698.0,18760.0,18658.0,18721.5,18805,65
1669982400,18721.5,18773.0,18462.5,18586.5,9181,65
1669996800,18586.5,19191.0,18549.0,19113.0,22617,65
1670011200,19114.0,19187.0,19072.0,19124.5,2786,80
1670198400,19206.5,19368.0,19032.0,19236.0,5254,70
1670212800,19234.0,19396.0,19218.0,19361.5,25004,65
1670227200,19361.5,19546.0,19294.5,19472.5,25078,65
1670241600,19472.5,19479.0,19332.5,19336.5,7767,65
1670256000,19336.5,19354.0,19080.5,19097.0,17896,65
1670270400,19098.0,19137.0,19030.5,19131.5,2824,80
1670284800,19143.0,19496.0,19130.0,19369.0,4743,70
1670299200,19372.0,19580.0,19252.0,19349.5,26179,65
1670313600,19350.0,19526.5,19226.0,19480.5,22199,60
1670328000,19480.0,19512.0,19424.5,19453.0,7235,65
1670342400,19453.5,19508.5,19284.5,19396.0,18535,65
1670356800,19393.0,19423.5,19307.0,19412.0,3208,70
1670371200,19402.0,19570.0,19334.0,19506.0,4360,70
1670385600,19506.5,19749.5,19388.5,19409.0,28994,65
1670400000,19408.5,19422.0,18693.0,18740.5,33824,60
1670414400,18740.5,18898.0,18732.5,18892.5,9547,65
1670428800,18891.5,19093.5,18852.0,19064.0,21636,65
1670443200,19065.0,19075.0,18989.0,19011.0,3198,80
1670457600,19004.5,19162.0,18914.0,19162.0,4914,70
1670472000,19160.0,19407.5,19074.0,19366.5,26185,65
1670486400,19366.5,19514.0,19283.5,19462.5,21549,70
1670500800,19458.5,19482.0,19376.5,19446.5,6649,70
1670515200,19446.5,19594.0,19363.5,19498.0,18351,65
1670529600,19498.5,19558.5,19481.5,19537.5,3217,70
1670544000,19548.0,19719.0,19421.0,19549.0,5043,70
1670558400,19551.0,19878.0,19394.0,19838.5,28560,65
1670572800,19838.5,19939.0,19761.0,19854.0,23931,60
1670587200,19854.5,19869.0,19718.5,19758.0,8756,65
1670601600,19757.0,19777.5,19644.0,19654.0,20023,65
1670616000,19654.0,19654.0,19522.5,19523.5,3979,90
1670803200,19566.5,19740.0,19534.0,19698.0,4638,70
1670817600,19698.0,19698.0,19448.0,19516.0,11199,70
1670832000,19516.0,19540.0,19366.0,19478.0,8235,70
1670846400,19477.0,19522.0,19450.0,19455.0,3293,70
1670860800,19456.0,19468.0,19228.0,19350.0,8949,25
1670875200,19349.0,19471.5,19293.5,19466.5,2638,70
1670889600,19451.5,19570.0,19369.0,19528.0,4952,70
1670904000,19529.0,19714.5,19476.0,19618.0,14723,70
1670918400,19622.0,19676.0,19389.0,19485.0,9560,70
1670932800,19485.0,19869.5,19427.0,19841.5,7577,75
1670947200,19842.0,20119.0,19623.0,19689.0,17410,70
1670961600,19690.0,19741.0,19600.5,19672.0,4151,80
1670976000,19711.0,19888.0,19683.0,19770.0,4726,70
1670990400,19775.0,19853.0,19535.0,19699.0,13433,70
1671004800,19693.5,19775.0,19652.0,19675.5,9579,70
1671019200,19676.0,19689.0,19607.5,19633.0,4529,70
1671033600,19633.0,19759.0,19560.0,19682.0,9913,70
1671048000,19682.0,19814.0,19560.5,19735.5,5742,80
1671062400,19693.5,19710.5,19234.5,19312.0,4732,70
1671076800,19311.0,19502.0,19258.0,19436.0,12411,70
1671091200,19437.0,19528.0,19291.0,19353.0,10032,70
1671105600,19353.0,19659.0,19308.0,19648.0,7044,70
1671120000,19649.0,19805.0,19244.0,19251.0,12340,70
1671134400,19251.0,19341.5,19222.0,19287.5,3200,80
1671148800,19292.0,19362.5,19125.0,19139.0,5097,70
1671163200,19139.5,19641.5,19131.0,19470.5,15878,70
1671177600,19471.0,19539.5,19245.0,19309.0,12005,70
1671192000,19308.0,19442.5,19276.0,19438.0,6287,75
1671206400,19438.0,19493.0,19300.0,19362.5,12190,70
1671220800,19362.5,19411.0,19292.5,19331.0,3334,80
1671408000,19388.5,19801.0,19378.5,19530.0,4811,70
1671422400,19531.0,19595.0,19285.0,19336.0,12463,70
1671436800,19335.0,19463.0,19266.0,19396.0,8790,70
1671451200,19397.0,19442.0,19390.0,19393.0,3881,80
1671465600,19392.0,19412.0,19198.0,19265.0,8706,70
1671480000,19264.0,19286.0,19190.0,19243.0,2830,70
1671494400,19269.5,19271.5,19013.0,19167.0,4392,70
1671508800,19169.0,19300.0,18893.0,19004.0,14691,70
1671523200,19001.0,19201.0,18993.0,19159.0,10330,70
1671537600,19155.0,19161.0,19054.0,19084.0,4491,70
1671552000,19084.0,19258.0,19053.0,19104.0,10246,70
1671566400,19104.0,19145.0,19101.0,19106.0,2966,80
1671580800,19187.0,19268.0,19130.0,19167.0,4274,70
1671595200,19167.0,19240.0,19061.5,19128.0,10371,70
1671609600,19127.0,19196.0,19058.0,19191.0,7127,70
1671624000,19192.0,19209.0,19141.5,19179.0,3486,80
1671638400,19178.0,19363.0,19135.0,19358.0,7538,80
1671652800,19359.0,19455.0,19349.5,19427.5,2599,80
1671667200,19405.0,19641.0,19377.0,19607.0,4635,70
1671681600,19607.0,19751.0,19605.0,19628.0,11021,70
1671696000,19625.0,19774.0,19560.0,19698.0,8290,70
1671710400,19698.0,19699.0,19567.0,19584.5,3997,75
1671724800,19584.5,19594.0,19295.0,19331.0,7770,70
1671739200,19331.5,19393.5,19237.5,19367.0,3266,75
1671753600,19365.5,19668.5,19295.0,19627.0,4912,70
1671768000,19628.0,19681.0,19494.5,19559.5,12333,70
1671782400,19560.0,19686.5,19508.0,19528.0,9511,70
1671796800,19526.0,19655.5,19524.0,19584.5,4967,75
1671811200,19584.5,19590.0,19370.0,19417.5,10703,70
1671825600,19418.0,19428.5,19392.5,19393.5,1652,75
1672185600,19902.5,20039.0,19762.0,20003.0,4402,70
1672200000,20009.0,20131.0,19824.0,19864.0,10268,70
1672214400,19866.0,20044.0,19833.0,19968.0,9184,70
1672228800,19968.0,20047.5,19968.0,19995.0,3237,70
1672243200,19995.0,20009.0,19621.5,19718.5,11201,70
1672257600,19718.5,19739.5,19629.0,19637.5,3253,70
1672272000,19656.5,19771.0,19534.0,19602.0,4295,70
1672286400,19601.0,19744.5,19568.0,19666.5,10900,70
1672300800,19664.0,19811.5,19658.0,19780.0,7175,70
1672315200,19781.5,19831.0,19766.0,19822.0,3201,75
1672329600,19822.0,20038.5,19782.0,19978.0,8597,70
1672344000,19978.0,19996.5,19940.5,19961.0,2357,80
1672358400,19960.5,20091.0,19893.0,19953.0,4442,70
1672372800,19951.0,19960.0,19796.0,19864.0,10888,70
1672387200,19861.0,19878.5,19759.0,19814.0,7258,70
1672401600,19815.0,19823.0,19697.0,19729.0,3938,70
1672416000,19728.0,19856.0,19627.0,19668.0,8904,70
1672430400,19670.0,19670.0,19615.0,19626.5,1568,80
1672704000,19572.0,19663.5,19263.5,19530.0,5131,70
1672718400,19528.0,20154.0,19512.0,20126.0,14930,70
1672732800,20126.5,20229.5,20085.0,20218.0,12314,70
1672747200,20219.5,20233.0,20084.0,20148.0,5232,70
1672761600,20148.0,20391.0,20123.0,20184.0,11089,70
1672776000,20184.0,20272.0,20171.0,20252.0,3510,80
1672790400,20250.0,20420.0,20229.5,20399.0,4658,70
1672804800,20400.0,20653.0,20379.0,20595.0,11445,70
1672819200,20596.0,20898.0,20590.0,20818.0,9394,70
1672833600,20819.0,20896.0,20795.0,20896.0,4158,70
1672848000,20897.0,21348.0,20843.0,21292.0,11028,70
1672862400,21293.0,21329.0,21178.5,21278.5,4431,75
1672876800,21234.5,21416.0,21183.0,21244.0,5025,70
1672891200,21243.0,21254.0,20972.0,21087.0,13337,70
1672905600,21085.0,21197.0,21013.0,21175.0,9072,70
1672920000,21175.0,21254.5,21085.0,21114.0,4991,70
1672934400,21114.0,21313.0,21071.0,21281.0,11533,75
1672948800,21280.0,21366.0,21273.0,21283.5,3737,80
1672963200,21272.0,21318.0,21068.0,21102.0,4568,70
1672977600,21101.0,21313.0,20884.0,20912.0,12556,70
1672992000,20911.0,21118.0,20911.0,21011.0,8975,70
1673006400,21013.0,21222.0,20963.5,21165.0,4894,70
1673020800,21164.0,21405.0,21011.0,21320.0,10575,70
1673035200,21319.0,21411.0,21317.5,21398.0,2590,80
1673222400,21353.5,21436.0,21229.0,21399.0,5516,70
1673236800,21398.0,21511.0,21279.0,21346.5,13234,70
1673251200,21347.0,21515.5,21337.5,21484.5,10036,70
1673265600,21485.5,21516.5,21421.5,21491.5,4815,70
1673280000,21504.0,21545.0,21352.5,21453.5,11498,70
1673294400,21453.5,21469.0,21353.0,21372.0,3548,80
1673308800,21369.5,21467.0,21249.5,21321.5,5043,70
1673323200,21327.5,21424.5,21204.5,21347.0,13125,70
1673337600,21350.0,21434.0,21267.0,21407.0,9027,70
1673352000,21407.0,21426.5,21337.0,21419.5,4600,70
1673366400,21419.5,21494.5,21305.0,21452.5,12157,70
1673380800,21466.0,21554.5,21448.5,21545.0,3228,70
1673395200,21550.5,21694.0,21412.5,21660.0,4921,70
1673409600,21663.0,21710.5,21532.5,21602.0,12957,70
1673424000,21606.0,21640.0,21354.5,21503.0,10921,70
1673438400,21503.0,21564.5,21483.5,21538.0,4126,70
1673452800,21538.0,21686.5,21512.0,21681.5,9759,70
1673467200,21681.5,21765.5,21674.5,21710.0,2863,80
1673481600,21712.5,21714.5,21545.5,21693.0,4670,70
1673496000,21691.5,21715.5,21249.5,21465.0,15284,70
1673510400,21464.5,21592.0,21321.5,21554.5,9891,70
1673524800,21554.5,21733.5,21433.0,21720.0,6437,80
1673539200,21720.0,21722.0,21457.0,21678.0,12332,70
1673553600,21678.0,21710.5,21619.0,21668.5,3522,80
1673568000,21654.0,21692.5,21505.0,21579.0,5199,70
1673582400,21577.5,21626.0,21480.5,21586.0,12570,70
1673596800,21586.5,21795.0,21582.5,21743.5,10249,70
1673611200,21744.0,21787.5,21640.5,21686.0,4981,70
1673625600,21686.5,21861.5,21662.0,21820.0,10423,70
1673640000,21820.5,21892.0,21804.0,21889.0,2455,80
1673827200,21858.0,21906.5,21738.0,21853.0,4547,70
1673841600,21855.0,21962.0,21665.0,21689.0,12413,70
1673856000,21693.0,21761.0,21600.0,21638.0,9953,70
1673870400,21638.0,21695.5,21629.0,21643.5,4457,90
1673884800,21644.0,21668.0,21599.5,21625.5,4198,90
1673899200,21625.5,21646.0,21601.0,21637.5,568,90
1673913600,21665.5,21803.0,21529.5,21540.0,6384,70
1673928000,21536.0,21705.0,21421.0,21467.0,16872,70
1673942400,21466.0,21640.0,21458.5,21620.0,10106,70
1673956800,21619.0,21659.5,21573.5,21597.0,3589,75
1673971200,21599.0,21675.0,21521.0,21565.0,9164,70
1673985600,21566.0,21608.0,21557.5,21583.5,2215,80
1674000000,21561.5,21597.0,21435.0,21567.0,3973,70
1674014400,21565.0,21712.0,21490.0,21625.0,11365,70
1674028800,21626.0,21749.0,21562.0,21678.0,7469,70
1674043200,21678.0,21735.5,21648.0,21730.0,4357,80
1674057600,21729.0,21804.0,21478.5,21502.0,9216,70
1674072000,21502.0,21545.5,21458.0,21465.0,2814,80
1674086400,21488.5,21626.0,21391.0,21442.0,4299,70
1674100800,21441.0,21773.0,21430.0,21696.0,10785,70
1674115200,21699.0,21699.0,21576.0,21613.0,7435,70
1674129600,21614.0,21640.0,21527.5,21638.0,4355,80
1674144000,21635.0,21805.5,21596.5,21779.5,9355,70
1674158400,21782.5,21853.0,21762.5,21795.0,3361,70
1674172800,21804.0,21935.0,21784.0,21841.0,4208,70
1674187200,21842.0,22028.0,21770.0,22002.0,10043,70
1674201600,22003.0,22105.0,21930.0,22003.0,8194,70
1674216000,21998.0,22041.0,21945.5,22005.0,3734,80
1674230400,22004.0,22175.0,21961.0,22165.0,7970,70
1674244800,22164.5,22262.5,22106.5,22252.5,1603,70
1674691200,22444.0,22552.0,22415.0,22441.0,3875,70
1674705600,22441.0,22561.0,22387.5,22542.0,8645,70
1674720000,22542.0,22656.5,22503.0,22577.0,6990,70
1674734400,22577.5,22659.0,22503.5,22647.0,4105,70
1674748800,22648.0,22737.5,22560.5,22674.5,10863,70
1674763200,22674.0,22779.0,22598.5,22776.0,2830,70
1674777600,22719.5,22745.0,22560.0,22574.0,3706,70
1674792000,22574.0,22696.0,22521.5,22670.0,8049,70
1674806400,22672.0,22753.0,22592.0,22716.0,6143,70
1674820800,22717.0,22749.0,22639.5,22720.0,3329,70
1674835200,22720.0,22760.0,22583.5,22707.0,5599,70
1674849600,22707.0,22827.5,22645.0,22719.0,1996,80
1675036800,22716.0,22773.0,22532.0,22576.0,4589,70
1675051200,22576.0,22637.0,22222.0,22252.0,12039,70
1675065600,22252.0,22278.0,22042.0,22172.0,11471,70
1675080000,22172.0,22209.0,22133.0,22184.0,4161,70
1675094400,22184.0,22251.0,22063.0,22170.0,9737,70
1675108800,22166.0,22210.0,22086.5,22092.0,2654,70
1675123200,22157.5,22327.0,22112.0,22119.0,4679,70
1675137600,22117.0,22218.0,21747.0,21752.0,12737,70
1675152000,21752.0,21924.0,21672.0,21856.0,8949,70
1675166400,21857.0,21903.0,21782.0,21894.0,4598,80
1675180800,21895.0,21971.0,21766.5,21902.5,8877,70
1675195200,21903.0,21962.5,21852.0,21962.0,2069,70
1675209600,21944.0,21999.5,21846.0,21947.0,4739,70
1675224000,21944.0,22013.5,21741.5,22011.5,13461,70
1675238400,22011.5,22106.5,21970.0,22018.5,9755,70
1675252800,22023.5,22097.5,21984.5,22069.5,4173,75
1675267200,22069.5,22184.5,21951.0,21995.0,8776,70
1675281600,21995.0,22344.5,21922.0,22251.5,4642,70
1675296000,22295.0,22342.0,22112.0,22256.0,4584,70
1675310400,22258.0,22281.0,22015.0,22039.0,11237,70
1675324800,22038.0,22129.0,21957.0,22015.0,8372,70
1675339200,22015.0,22022.0,21929.5,22001.0,4687,70
1675353600,22003.0,22048.0,21792.0,21841.5,9097,70
1675368000,21842.0,21905.5,21804.0,21893.5,3328,70
1675382400,21790.5,21862.0,21580.0,21624.0,4919,70
1675396800,21626.0,21671.0,21484.5,21610.5,12517,70
1675411200,21610.5,21732.5,21579.0,21717.5,9252,70
1675425600,21717.5,21778.5,21609.0,21630.5,5132,70
1675440000,21630.0,21737.0,21488.0,21530.5,10565,70
1675454400,21529.0,21536.0,21430.0,21478.5,3754,0
1675641600,21521.0,21527.0,21150.0,21338.0,4796,70
1675656000,21338.0,21367.0,21105.0,21298.0,10503,70
1675670400,21297.0,21303.0,21164.0,21195.0,7059,70
1675684800,21195.0,21199.5,21122.0,21145.0,3860,70
1675699200,21144.0,21262.0,21048.0,21208.0,8114,70
1675713600,21207.0,21271.5,21177.0,21247.5,2543,70
1675728000,21296.0,21465.5,21283.5,21446.5,4624,70
1675742400,21448.0,21530.5,21289.5,21329.5,12065,70
1675756800,21330.0,21384.5,21269.0,21343.0,8374,70
1675771200,21342.0,21352.0,21247.5,21267.5,3763,70
1675785600,21268.0,21344.5,21150.0,21311.5,10580,70
1675800000,21312.0,21383.0,21080.5,21378.0,6751,70
1675814400,21345.5,21476.0,21216.0,21309.0,4415,70
1675828800,21309.0,21424.0,21196.0,21345.0,11289,70
1675843200,21345.0,21359.0,21199.5,21235.0,7418,70
1675857600,21237.0,21263.0,21201.0,21242.0,4457,75
1675872000,21242.0,21277.0,21069.0,21134.0,11315,70
1675886400,21134.0,21175.0,21076.5,21095.5,3836,70
1675900800,21098.0,21430.0,21097.0,21377.0,4126,70
1675915200,21377.0,21563.0,21330.0,21532.0,10320,70
1675929600,21534.0,21716.0,21531.0,21711.0,9155,70
1675944000,21711.0,21718.0,21631.5,21684.0,4134,80
1675958400,21684.0,21728.0,21530.0,21584.0,12011,70
1675972800,21582.0,21599.5,21488.0,21549.5,4080,70
1675987200,21560.5,21600.0,21450.0,21482.0,4325,70
1676001600,21485.0,21502.0,21156.0,21265.0,11165,70
1676016000,21266.0,21270.0,21113.0,21120.0,8833,70
1676030400,21120.0,21172.0,21066.0,21151.0,5530,70
1676044800,21151.0,21197.0,21011.0,21084.5,12638,70
1676059200,21086.0,21112.5,20908.5,20966.5,3184,70
1676246400,20942.5,21059.0,20802.0,20992.0,5202,70
1676260800,20992.0,21190.0,20926.0,21116.0,12326,70
1676275200,21111.0,21239.0,21068.0,21186.5,8263,70
1676289600,21188.0,21249.0,21175.5,21211.0,3511,70
1676304000,21211.0,21319.5,21160.0,21296.5,10174,70
1676318400,21297.5,21339.5,21277.0,21299.0,2467,70
1676332800,21304.0,21304.5,21090.0,21117.0,4319,70
1676347200,21116.0,21251.0,21068.0,21155.5,10618,70
1676361600,21155.5,21170.5,21071.0,21127.0,7659,70
1676376000,21127.0,21284.0,21074.0,21154.0,6138,70
1676390400,21154.0,21219.0,20967.0,21097.0,14846,70
1676404800,21097.0,21178.0,21075.5,21133.0,4222,70
1676419200,21106.0,21152.0,20782.0,20790.0,4475,70
1676433600,20790.5,20915.0,20724.0,20796.0,10482,70
1676448000,20794.5,20861.0,20747.5,20840.0,7699,70
1676462400,20839.0,20850.0,20746.0,20765.0,4564,80
1676476800,20766.0,20870.0,20747.0,20810.0,10484,70
1676491200,20810.0,20902.5,20801.0,20902.5,2222,70
1676505600,20897.0,21113.0,20892.5,21047.5,4519,70
1676520000,21046.5,21324.5,21006.5,21209.5,11446,70
1676534400,21209.5,21210.0,20927.0,20951.0,10635,70
1676548800,20951.0,20964.0,20810.0,20849.5,4863,70
1676563200,20849.5,21045.0,20791.0,20999.0,11615,70
1676577600,21000.0,21074.0,20933.0,20938.0,3500,70
1676592000,20851.0,21077.0,20848.0,20943.0,4368,70
1676606400,20944.0,20967.0,20811.0,20845.0,10806,70
1676620800,20845.5,20871.0,20591.0,20657.5,9817,70
1676635200,20656.5,20659.5,20586.5,20636.5,4765,70
1676649600,20636.5,20655.5,20511.0,20516.0,10237,70
1676664000,20516.0,20612.5,20486.0,20612.5,2705,70
1676851200,20580.5,20791.0,20561.5,20685.0,4642,70
1676865600,20685.0,20913.0,20655.0,20887.5,12529,70
1676880000,20887.5,20988.5,20841.5,20863.0,8776,70
1676894400,20863.0,20918.5,20835.0,20907.5,3169,75
1676908800,20907.0,20913.0,20856.5,20888.0,3104,70
1676923200,20888.0,20904.0,20874.0,20890.0,327,70
1676937600,20890.5,20966.0,20749.0,20827.0,4105,70
1676952000,20825.0,20879.0,20532.0,20565.0,11937,70
1676966400,20565.0,20651.0,20422.0,20565.0,8340,70
1676980800,20565.0,20569.0,20513.0,20545.0,3590,75
1676995200,20545.0,20660.0,20484.0,20537.0,9412,70
1677009600,20536.0,20537.0,20444.0,20457.5,2422,70
1677024000,20473.0,20588.0,20394.0,20439.0,4491,70
1677038400,20439.0,20636.0,20355.0,20485.0,10895,70
1677052800,20486.0,20499.0,20238.5,20423.0,8290,70
1677067200,20424.0,20496.0,20413.0,20424.5,6645,90
1677081600,20424.0,20456.0,20283.0,20312.0,10696,70
1677096000,20313.0,20329.5,20224.0,20303.5,3573,70
1677110400,20385.5,20544.0,20331.0,20464.0,4156,70
1677124800,20463.0,20613.0,20328.0,20371.0,10366,70
1677139200,20372.0,20405.0,20296.5,20337.0,7733,70
1677153600,20336.0,20458.5,20300.0,20413.5,5639,70
1677168000,20413.5,20468.5,20066.5,20126.5,13328,70
1677182400,20126.5,20235.0,20067.0,20203.5,3321,70
1677196800,20215.5,20259.5,20095.0,20156.0,4435,70
1677211200,20157.0,20157.0,20013.0,20078.0,10812,70
1677225600,20075.0,20128.5,19912.5,19990.5,8363,70
1677240000,19990.5,20000.5,19814.0,19842.0,4122,70
1677254400,19843.0,19873.0,19667.5,19683.0,8894,70
1677268800,19683.5,19735.0,19650.5,19716.5,2322,70
1677456000,19764.5,20060.5,19721.0,19994.0,4520,70
1677470400,19992.0,20091.0,19844.0,19856.0,10299,70
1677484800,19853.5,20001.0,19843.0,19949.0,7570,70
1677499200,19950.0,20034.0,19943.0,20018.0,3772,70
1677513600,20020.0,20028.5,19923.5,19982.0,7165,70
1677528000,19983.0,20019.5,19953.0,19999.0,1972,70
1677542400,20011.0,20200.0,19998.0,20090.0,3870,70
1677556800,20090.0,20167.5,19806.0,19852.0,9353,70
1677571200,19852.0,19972.0,19730.0,19800.5,7511,70
1677585600,19800.0,19850.0,19800.0,19844.0,3322,70
1677600000,19844.0,19950.0,19800.0,19893.0,7204,70
1677614400,19893.0,19899.5,19834.5,19836.0,2102,70
1677628800,19796.5,20206.5,19784.0,20206.5,4844,70
1677643200,20207.5,20505.0,20166.5,20462.5,13408,70
1677657600,20463.0,20676.0,20463.0,20605.0,10211,70
1677672000,20606.0,20631.0,20566.0,20574.0,4538,70
1677686400,20573.0,20601.0,20444.0,20457.0,10512,70
1677700800,20457.0,20491.0,20434.0,20482.5,2489,70
1677715200,20459.0,20503.0,20306.0,20403.0,4867,70
1677729600,20406.0,20543.0,20391.0,20459.0,11067,70
1677744000,20459.0,20484.0,20396.0,20460.5,7855,70
1677758400,20459.5,20472.0,20383.0,20390.5,5422,75
1677772800,20391.0,20627.0,20379.0,20605.0,9638,70
1677787200,20606.0,20728.5,20600.0,20700.0,2875,70
1677801600,20659.0,20770.0,20556.0,20599.0,4134,70
1677816000,20600.0,20642.0,20486.0,20610.0,9576,70
1677830400,20610.0,20706.0,20527.0,20555.0,7178,70
1677844800,20556.0,20595.0,20529.5,20584.0,3227,80
1677859200,20584.0,20642.0,20556.0,20613.0,8674,70
1677873600,20613.0,20678.5,20607.0,20648.0,1835,70
1678060800,20557.0,20628.0,20334.0,20484.0,4874,70
1678075200,20482.0,20687.0,20404.0,20678.0,11098,70
1678089600,20677.0,20713.0,20555.0,20576.0,7202,70
1678104000,20574.0,20627.0,20566.5,20610.0,3605,75
1678118400,20609.0,20727.0,20550.0,20686.0,8484,70
1678132800,20687.5,20687.5,20575.0,20580.5,2428,70
1678147200,20591.0,20703.5,20531.0,20605.0,4261,70
1678161600,20607.5,21030.0,20547.0,20578.0,14447,70
1678176000,20577.5,20602.0,20349.0,20531.5,11309,70
1678190400,20531.0,20539.5,20497.5,20520.0,3371,80
1678204800,20520.5,20526.5,20284.0,20348.0,13348,70
1678219200,20347.5,20352.5,20236.5,20266.5,2595,70
1678233600,20268.5,20272.5,20014.0,20022.0,4819,70
1678248000,20018.0,20121.0,19954.0,19962.0,11613,70
1678262400,19963.0,20093.0,19948.0,20030.0,9028,70
1678276800,20031.0,20053.0,20009.0,20036.0,3695,80
1678291200,20036.0,20099.0,19994.0,20043.0,11130,70
1678305600,20043.5,20073.5,20001.5,20068.0,2403,70
1678320000,20081.0,20088.0,19934.0,20071.5,4934,70
1678334400,20073.5,20146.5,19969.5,20119.5,12088,70
1678348800,20119.5,20148.0,19857.0,19862.5,8842,70
1678363200,19862.5,19901.0,19821.0,19875.5,4856,70
1678377600,19876.0,19898.0,19663.5,19669.0,10703,70
1678392000,19669.0,19676.5,19444.5,19461.5,3669,70
1678406400,19503.0,19651.0,19411.0,19433.0,4953,70
1678420800,19434.0,19552.0,19372.0,19445.0,12135,70
1678435200,19446.0,19459.0,19191.0,19341.0,8862,70
1678449600,19342.0,19367.0,19261.0,19336.0,4579,70
1678464000,19337.0,19472.0,19247.0,19374.0,14647,70
1678478400,19374.0,19389.0,19259.0,19309.0,4512,70
1678665600,19405.0,19582.0,19336.0,19430.0,6927,70
1678680000,19429.0,19797.0,19419.0,19700.0,14541,70
1678694400,19698.0,19754.0,19411.0,19428.0,12662,70
1678708800,19426.0,19488.0,19300.0,19453.0,14155,70
1678723200,19454.0,19551.5,19389.0,19502.0,20936,70
1678737600,19501.5,19555.5,19433.5,19434.5,5156,75
1678752000,19490.5,19641.0,19451.5,19512.0,5247,70
1678766400,19514.0,19584.0,19183.0,19308.0,14027,70
1678780800,19313.0,19399.0,19109.5,19266.5,12020,70
1678795200,19264.5,19459.5,19198.0,19440.5,11042,70
1678809600,19444.0,19581.5,19424.5,19500.5,10699,70
1678824000,19500.5,19581.5,19465.5,19579.0,3156,75
1678838400,19536.5,19752.0,19509.0,19743.0,4968,70
1678852800,19743.5,19751.0,19416.0,19497.0,13112,70
1678867200,19497.0,19594.0,19363.0,19364.5,10475,70
1678881600,19365.5,19382.0,19084.0,19092.0,14519,70
1678896000,19092.0,19122.5,18997.0,19086.5,16815,70
1678910400,19086.0,19239.0,19048.5,19177.0,5404,70
1678924800,19179.5,19317.0,19120.0,19149.0,5251,70
1678939200,19145.0,19382.0,19087.0,19232.0,12092,70
1678953600,19236.0,19247.0,19057.5,19123.0,11115,70
1678968000,19123.5,19157.5,19029.5,19151.5,9433,70
1678982400,19151.0,19352.5,19047.5,19277.5,11184,70
1678996800,19278.0,19371.5,19271.5,19366.0,2327,80
1679011200,19360.5,19492.0,19294.5,19367.5,5383,70
1679025600,19368.0,19604.5,19368.0,19554.5,13993,70
1679040000,19555.0,19614.5,19402.5,19577.5,11378,70
1679054400,19577.0,19580.5,19300.0,19348.0,8201,70
1679068800,19354.5,19382.5,19160.0,19251.5,14541,85
1679083200,19252.5,19293.0,19195.5,19276.0,3236,90
1679270400,19397.0,19479.5,19134.0,19172.0,5302,70
1679284800,19171.0,19247.0,18924.0,18948.0,10939,70
1679299200,18949.0,19048.0,18830.0,19024.5,12554,80
1679313600,19025.5,19132.0,19004.5,19130.0,9604,70
1679328000,19130.0,19258.0,19110.5,19151.5,12288,80
1679342400,19151.0,19192.5,19137.0,19173.0,2490,90
1679356800,19196.5,19241.5,19069.0,19174.0,4770,70
1679371200,19171.0,19219.0,18993.0,19176.0,11020,70
1679385600,19176.0,19309.0,19140.0,19309.0,8373,70
1679400000,19309.0,19451.5,19296.0,19449.0,6491,90
1679414400,19451.5,19478.5,19291.5,19338.5,10673,90
1679428800,19339.5,19443.0,19337.0,19398.5,1632,90
1679443200,19432.5,19759.0,19404.0,19731.0,4693,70
1679457600,19727.0,19781.0,19561.0,19594.0,10001,70
1679472000,19592.0,19661.0,19544.0,19626.0,7341,70
1679486400,19624.5,19709.0,19616.0,19677.5,5930,85
1679500800,19676.0,19740.0,19634.5,19659.0,8044,80
1679515200,19658.5,19835.0,19582.5,19583.0,6696,85
1679529600,19552.0,19737.0,19536.0,19552.0,4936,70
1679544000,19553.0,19933.0,19510.0,19871.0,11572,70
1679558400,19874.0,20069.0,19860.0,19997.5,9347,70
1679572800,19998.0,20122.5,19942.5,20116.0,7213,85
1679587200,20117.0,20216.0,19969.0,19977.5,11085,70
1679601600,19978.5,19989.0,19799.5,19924.5,4368,90
1679616000,19918.0,19982.0,19837.0,19981.0,4582,70
1679630400,19981.0,20123.0,19885.0,19895.0,11050,70
1679644800,19898.0,19953.0,19715.0,19719.0,10133,70
1679659200,19717.5,19866.5,19651.0,19843.0,10756,85
1679673600,19843.0,19869.5,19756.5,19834.5,14443,85
1679688000,19835.5,19879.5,19830.5,19865.0,2821,90
1679875200,19937.0,19972.5,19913.5,19927.5,966,150
1679889600,19916.0,19945.0,19498.0,19815.0,13274,70
1679904000,19816.0,19839.0,19529.0,19598.0,11538,70
1679918400,19597.0,19672.0,19572.5,19639.5,4885,90
1679932800,19638.5,19680.0,19528.0,19582.5,10843,70
1679947200,19582.5,19644.0,19570.0,19626.0,3757,70
1679961600,19642.5,19681.5,19639.5,19667.0,525,155
1679976000,19624.0,19802.0,19553.0,19685.0,11147,70
1679990400,19677.0,19891.0,19663.0,19755.0,10552,70
1680004800,19754.0,20038.0,19754.0,19976.5,6572,90
1680019200,19976.5,20152.0,19974.5,20137.0,12747,70
1680033600,20137.5,20168.0,20092.0,20148.0,4407,90
1680048000,20163.0,20197.0,20162.0,20185.5,563,150
1680062400,20205.0,20536.5,20124.0,20165.0,11521,70
1680076800,20169.0,20262.0,20130.0,20235.0,9642,70
1680091200,20234.0,20280.0,20187.0,20210.5,4008,90
1680105600,20210.0,20344.5,20137.0,20302.0,8513,90
1680120000,20302.0,20327.0,20287.5,20309.0,3268,70
1680134400,20276.5,20326.0,20271.5,20323.0,533,155
1680148800,20290.0,20312.0,20011.0,20039.0,10605,70
1680163200,20077.0,20348.0,20069.0,20311.0,11129,70
1680177600,20318.0,20465.0,20275.0,20443.5,5288,70
1680192000,20444.0,20598.5,20419.5,20568.5,13241,70
1680206400,20567.5,20568.5,20482.5,20543.0,4092,70
1680220800,20510.0,20552.5,20500.0,20551.0,617,160
1680235200,20547.0,20750.0,20453.0,20498.0,11645,70
1680249600,20498.0,20526.0,20366.0,20438.0,9196,70
1680264000,20437.0,20521.5,20407.5,20429.5,4872,90
1680278400,20431.5,20506.5,20375.5,20412.0,9721,90
1680292800,20412.5,20419.0,20305.0,20354.5,3103,70
1680480000,20365.5,20366.5,20321.0,20356.0,813,155
1680494400,20338.0,20489.0,20250.0,20306.0,11529,70
1680508800,20299.0,20447.0,20218.0,20418.0,9882,70
1680523200,20419.0,20472.5,20416.0,20450.5,3856,90
1680537600,20451.5,20519.0,20388.5,20419.5,10719,70
1680552000,20419.5,20468.5,20389.0,20462.5,3324,90
1680566400,20433.5,20441.5,20417.0,20424.0,492,155
1680580800,20411.0,20436.0,20118.0,20268.0,10737,70
1680595200,20277.0,20360.0,20180.0,20271.0,9272,70
1680609600,20269.0,20312.0,20258.5,20289.5,3625,70
1680624000,20288.5,20375.5,20262.5,20299.0,12024,90
1680638400,20299.5,20413.0,20293.5,20369.5,3086,90
1680753600,20150.5,20352.0,20028.0,20252.0,11489,70
1680768000,20252.0,20339.0,20145.0,20300.0,9276,70
1680782400,20305.0,20329.5,20260.0,20282.5,3984,90
1680796800,20281.5,20523.5,20236.0,20494.5,10491,90
1680811200,20494.5,20552.5,20473.0,20522.0,2887,90
1681185600,20495.5,20780.0,20336.0,20344.0,12997,70
1681200000,20346.0,20536.0,20303.0,20519.0,9549,70
1681214400,20518.0,20568.0,20504.0,20536.0,3766,90
1681228800,20536.5,20592.0,20483.5,20508.5,10052,90
1681243200,20508.0,20523.5,20444.0,20472.0,2967,70
1681257600,20469.0,20491.0,20469.0,20487.0,930,280
1681272000,20486.0,20543.0,20297.5,20348.0,10557,70
1681286400,20367.0,20388.0,20248.0,20317.0,9218,70
1681300800,20317.0,20420.5,20300.0,20363.5,4408,70
1681315200,20364.5,20401.5,20086.0,20150.0,12383,70
1681329600,20150.0,20177.0,19987.0,20030.0,5560,90
1681344000,20028.0,20029.0,19835.0,19966.0,1204,280
1681358400,19997.0,20274.0,19869.0,20209.0,11298,70
1681372800,20214.0,20360.0,20136.0,20336.0,9276,70
1681387200,20331.0,20396.5,20305.0,20392.5,4599,70
1681401600,20394.0,20445.5,20348.0,20419.0,10443,70
1681416000,20419.0,20461.5,20412.0,20413.0,3213,90
1681430400,20413.0,20461.0,20409.0,20453.0,1149,280
1681444800,20453.0,20522.0,20292.0,20337.0,10441,70
1681459200,20343.0,20472.0,20300.0,20379.0,8203,70
1681473600,20383.0,20461.0,20356.0,20375.5,4676,70
1681488000,20375.0,20421.5,20220.5,20235.0,11768,70
1681502400,20233.5,20322.0,20233.5,20311.0,4421,90
1681689600,20336.0,20349.0,20299.0,20300.0,1076,280
1681704000,20300.0,20573.0,20265.0,20562.0,10295,70
1681718400,20550.0,20878.0,20513.0,20759.0,11163,70
1681732800,20762.0,20786.5,20670.5,20670.5,4460,70
1681747200,20669.5,20678.5,20555.5,20613.5,9814,70
1681761600,20613.0,20684.0,20604.5,20633.0,2896,70
1681776000,20604.0,20624.0,20573.0,20624.0,721,280
1681790400,20624.0,20752.0,20583.0,20608.0,10668,70
1681804800,20623.0,20668.0,20548.0,20645.0,8050,70
1681819200,20650.0,20757.0,20643.0,20731.0,3833,70
1681833600,20729.5,20734.5,20554.5,20578.5,9313,70
1681848000,20578.0,20606.0,20543.0,20593.0,3398,90
1681862400,20584.0,20590.0,20543.0,20550.0,678,280
1681876800,20549.0,20615.0,20381.0,20536.0,9433,70
1681891200,20529.0,20544.0,20285.0,20292.0,9017,70
1681905600,20291.0,20351.0,20273.0,20326.0,4581,70
1681920000,20328.0,20388.0,20285.5,20385.0,8290,70
1681934400,20384.5,20398.5,20361.0,20363.0,2652,90
1681948800,20351.0,20353.0,20319.0,20340.0,939,280
1681963200,20341.0,20470.0,20287.0,20372.0,10623,70
1681977600,20387.0,20467.0,20316.0,20365.0,8746,70
1681992000,20366.0,20400.5,20304.5,20388.5,4211,90
1682006400,20390.5,20467.5,20295.5,20312.0,8712,90
1682020800,20313.5,20322.0,20223.0,20277.0,3794,90
1682035200,20274.0,20297.0,20257.0,20297.0,951,280
1682049600,20298.0,20377.0,20189.0,20245.0,10480,70
1682064000,20237.0,20238.0,19964.0,20025.0,10372,70
1682078400,20030.0,20054.0,19985.0,20039.0,4366,90
1682092800,20040.0,20055.5,19904.0,20000.5,9945,70
1682107200,20000.0,20040.0,19976.0,19991.0,3164,90
1682294400,19984.0,20018.0,19970.0,19995.0,938,280
1682308800,19994.0,20144.0,19898.0,19947.0,11308,70
1682323200,19959.0,19972.0,19737.0,19896.0,10722,70
1682337600,19897.0,19962.5,19887.5,19910.5,3654,90
1682352000,19911.5,19920.0,19789.0,19820.5,9504,90
1682366400,19820.0,19841.5,19807.5,19816.0,2873,90
1682380800,19815.0,19831.0,19809.0,19824.0,815,280
1682395200,19824.0,19929.0,19605.0,19650.0,11067,70
1682409600,19627.0,19647.0,19531.0,19569.0,10970,70
1682424000,19571.0,19623.0,19557.5,19569.5,4088,90
1682438400,19567.0,19571.5,19432.5,19437.5,9769,70
1682452800,19438.0,19452.5,19366.0,19445.0,5100,90
1682467200,19455.0,19479.0,19434.0,19471.0,1516,280
1682481600,19470.0,19789.0,19463.0,19740.0,11251,70
1682496000,19736.0,19923.0,19701.0,19751.0,9651,70
1682510400,19752.0,19855.0,19677.0,19834.5,5559,90
1682524800,19835.5,19888.5,19718.5,19767.0,10245,70
1682539200,19766.5,19776.5,19686.0,19733.0,4577,90
1682553600,19734.0,19737.0,19713.0,19720.0,943,280
1682568000,19719.0,19813.0,19654.0,19756.0,9898,70
1682582400,19766.0,19893.0,19703.0,19823.0,9857,70
1682596800,19826.0,19836.5,19771.5,19800.0,4368,90
1682611200,19801.5,19944.0,19763.5,19925.5,8815,70
1682625600,19926.0,20017.0,19913.5,19970.0,3910,90
1682640000,19946.0,19962.0,19938.0,19962.0,1276,280
1682654400,19961.0,20186.0,19901.0,20006.0,9811,70
1682668800,19997.0,20050.0,19832.0,19840.0,9567,70
1682683200,19842.0,19944.0,19837.0,19939.5,4901,90
1682697600,19939.5,20067.0,19910.0,20062.5,9928,90
1682712000,20062.0,20073.0,20030.5,20049.0,3149,90
1683000000,19974.5,20318.5,19766.0,19927.0,10919,70
1683014400,19960.0,20048.0,19867.0,19886.0,8223,70
1683028800,19884.0,19924.5,19868.5,19879.5,3510,90
1683043200,19880.5,19893.5,19615.5,19689.0,11109,70
1683057600,19689.0,19713.0,19648.0,19673.0,4056,70
1683072000,19666.0,19717.0,19666.0,19708.0,832,280
1683086400,19709.0,19734.0,19527.0,19573.0,9156,70
1683100800,19573.0,19698.0,19550.0,19653.0,7296,70
1683115200,19653.0,19680.0,19605.5,19623.5,3734,70
1683129600,19624.5,19704.5,19605.5,19696.5,8553,90
1683144000,19696.5,19742.5,19559.0,19564.0,8649,90
1683158400,19555.0,19600.0,19495.0,19578.0,1702,280
1683172800,19578.0,19995.0,19574.0,19922.0,11195,70
1683187200,19923.0,20003.0,19843.0,19955.0,9475,70
1683201600,19956.0,20009.0,19887.0,19889.5,5253,90
1683216000,19887.5,20025.0,19879.5,19940.5,12963,70
1683230400,19942.0,19989.0,19920.5,19948.0,5607,90
1683244800,19958.0,20017.0,19953.0,20015.0,1183,280
1683259200,20015.0,20231.0,19975.0,20086.0,10643,70
1683273600,20085.0,20142.0,20007.0,20063.0,8429,70
1683288000,20062.0,20067.0,19959.0,19973.5,4380,90
1683302400,19973.5,20134.5,19962.0,20132.5,8693,70
1683316800,20133.0,20201.0,20103.0,20143.0,3268,90
1683504000,20163.0,20173.0,20107.0,20137.0,1414,280
1683518400,20138.0,20294.0,20085.0,20213.0,11363,70
1683532800,20213.0,20350.0,20196.5,20310.0,8336,70
1683547200,20310.0,20332.5,20283.0,20312.5,2543,90
1683561600,20312.0,20353.5,20235.0,20274.5,7174,90
1683576000,20275.5,20291.0,20246.5,20276.0,2932,90
1683590400,20274.0,20285.0,20269.0,20271.0,669,280
1683604800,20270.0,20327.0,20184.0,20213.0,9528,70
1683619200,20213.0,20262.0,19826.0,19843.0,11299,70
1683633600,19837.0,19878.5,19774.5,19791.5,3278,90
1683648000,19793.5,19912.5,19776.0,19894.5,7998,90
1683662400,19878.0,19940.5,19871.5,19916.0,2580,90
1683676800,19912.0,19944.0,19907.0,19932.0,806,280
1683691200,19933.0,19942.0,19700.0,19743.0,10438,70
1683705600,19743.0,19838.0,19729.0,19766.0,9227,70
1683720000,19761.0,19872.0,19733.0,19856.5,4521,90
1683734400,19857.5,19887.0,19736.5,19756.5,10573,70
1683748800,19755.5,19821.0,19680.0,19798.0,4156,70
1683763200,19747.0,19806.0,19745.0,19796.0,816,280
1683777600,19796.0,19919.0,19714.5,19732.0,10525,70
1683792000,19732.0,19777.0,19574.0,19749.0,10070,70
1683806400,19746.0,19837.0,19728.5,19746.0,4973,70
1683820800,19747.0,19827.0,19681.5,19821.0,10194,70
1683835200,19822.0,19898.0,19799.5,19872.0,4072,90
1683849600,19865.0,19903.0,19865.0,19889.0,939,280
1683864000,19890.0,19910.0,19634.0,19734.0,10797,70
1683878400,19734.0,19745.0,19589.5,19658.0,8549,70
1683892800,19659.0,19681.5,19604.0,19634.5,3245,80
1683907200,19636.5,19648.5,19449.0,19471.5,8808,70
1683921600,19471.0,19508.5,19432.5,19467.0,3483,70
1684108800,19467.0,19473.0,19408.0,19448.0,1103,280
1684123200,19447.0,19746.0,19447.0,19660.0,10761,70
1684137600,19660.0,20097.0,19650.0,19975.0,11668,70
1684152000,19979.0,20024.5,19973.0,19999.0,3114,85
1684166400,19999.0,20199.5,19934.5,20199.0,8621,70
1684180800,20199.0,20249.5,20177.5,20220.0,3433,85
1684195200,20212.0,20212.0,20181.0,20197.0,812,280
1684209600,20196.0,20244.0,20040.0,20062.0,8611,70
1684224000,20062.0,20062.0,19900.0,19955.0,7639,70
1684238400,19953.0,19993.0,19877.0,19893.5,3422,85
1684252800,19893.0,20001.5,19848.5,19939.5,9694,70
1684267200,19938.5,19950.5,19887.5,19923.0,3139,90
1684281600,19924.0,19937.0,19879.0,19901.0,867,280
1684296000,19900.0,20011.0,19817.0,19876.0,9204,70
1684310400,19876.0,19889.0,19516.0,19543.0,10262,70
1684324800,19544.0,19586.0,19496.5,19583.5,3888,70
1684339200,19563.5,19715.0,19563.0,19689.0,8405,80
1684353600,19690.5,19754.0,19678.0,19722.0,3059,70
1684368000,19718.0,19729.0,19701.0,19702.0,955,280
1684382400,19701.0,19907.0,19636.0,19777.0,10794,70
1684396800,19777.0,19800.0,19630.0,19683.0,9238,70
1684411200,19683.0,19782.5,19673.0,19705.5,4057,80
1684425600,19705.5,19720.5,19491.0,19537.5,11747,80
1684440000,19538.5,19584.0,19442.5,19582.0,4159,85
1684454400,19575.0,19622.0,19562.0,19567.0,1581,280
1684468800,19568.0,19621.0,19354.0,19532.0,10673,70
1684483200,19532.0,19541.0,19401.5,19444.0,8593,70
1684497600,19453.0,19507.0,19427.0,19490.0,3987,70
1684512000,19490.5,19513.5,19400.0,19463.0,10376,70
1684526400,19463.0,19471.5,19409.0,19440.0,3552,85
1684713600,19396.0,19440.0,19349.0,19423.0,1256,280
1684728000,19423.0,19818.0,19421.0,19710.0,11265,70
1684742400,19709.0,19832.0,19657.0,19721.0,9533,70
1684756800,19724.0,19784.5,19693.5,19725.5,3761,85
1684771200,19726.0,19869.5,19708.0,19778.5,8920,70
1684785600,19778.5,19793.0,19735.5,19745.0,2977,70
1684800000,19704.0,19771.0,19701.0,19761.0,1225,280
1684814400,19760.0,19786.0,19541.0,19548.0,10120,70
1684828800,19548.0,19601.0,19366.0,19426.0,9215,70
1684843200,19425.0,19433.5,19364.0,19390.5,3687,80
1684857600,19390.0,19449.0,19333.5,19350.5,8532,70
1684872000,19350.5,19369.0,19230.0,19248.0,3851,70
1684886400,19246.0,19295.0,19244.0,19290.0,958,280
1684900800,19291.0,19312.0,19144.5,19242.0,9846,70
1684915200,19242.0,19288.0,19034.0,19099.0,9936,70
1684929600,19105.0,19113.0,18980.0,19004.5,4647,70
1684944000,19003.5,19030.5,18839.0,18877.5,9032,70
1684958400,18877.5,18933.0,18827.0,18933.0,4312,85
1684972800,18956.0,18981.0,18885.0,18915.0,2265,280
1684987200,18916.0,18962.0,18688.5,18693.0,10133,70
1685001600,18694.0,18766.0,18616.5,18722.0,10581,70
1685016000,18730.0,18787.5,18702.5,18761.0,4550,80
1685030400,18759.5,18768.0,18525.0,18547.5,10851,80
1685044800,18548.0,18601.0,18516.0,18546.0,3463,80
1685332800,18774.5,18884.0,18653.0,18712.0,10017,70
1685347200,18706.0,18742.0,18509.0,18533.0,9340,70
1685419200,18624.5,18679.0,18398.0,18417.0,13725,70
1685433600,18426.0,18644.0,18405.0,18574.0,10192,70
1685448000,18573.0,18621.5,18528.0,18541.0,4054,85
1685462400,18542.5,18551.5,18301.5,18321.0,10090,70
1685476800,18320.5,18372.0,18263.5,18358.0,3826,85
1685491200,18358.0,18382.0,18350.0,18357.0,1034,280
1685505600,18358.0,18415.0,18138.0,18169.0,10909,70
1685520000,18169.0,18310.0,18050.0,18274.0,11206,70
1685534400,18269.0,18331.5,18241.0,18253.0,4661,80
1685548800,18254.5,18267.0,18031.0,18112.5,10214,80
1685563200,18113.0,18254.5,18111.5,18224.0,4443,85
1685577600,18212.0,18257.0,18210.0,18221.0,1251,280
1685592000,18222.0,18478.0,18165.0,18382.0,12483,70
1685606400,18385.0,18452.0,18187.0,18245.0,10687,70
1685620800,18246.0,18260.5,18158.5,18191.0,4083,85
1685635200,18190.0,18611.0,18173.0,18609.5,10632,75
1685649600,18609.5,18621.5,18505.0,18509.0,3404,85
1685664000,18503.0,18523.0,18500.0,18521.0,911,280
1685678400,18521.0,18899.0,18521.0,18849.0,9946,70
1685692800,18870.0,19028.0,18842.0,18949.0,10341,70
1685707200,18958.0,19089.0,18948.0,19033.5,5489,80
1685721600,19033.0,19212.0,19030.0,19206.0,11157,80
1685736000,19206.0,19229.5,19124.0,19135.0,3370,85
1685923200,19146.0,19173.0,19115.0,19136.0,1483,280
1685937600,19136.0,19144.0,18906.0,19058.0,10961,70
1685952000,19058.0,19142.0,18935.0,19102.0,8954,70
1685966400,19103.0,19137.5,19046.5,19099.5,3239,80
1685980800,19099.5,19129.5,19008.5,19122.5,9567,80
1685995200,19122.5,19199.0,19074.5,19142.0,4376,85
1686009600,19140.0,19161.0,19113.0,19128.0,1157,280
1686024000,19129.0,19400.0,19054.0,19223.5,11841,70
1686038400,19223.5,19285.0,19045.0,19064.0,11375,70
1686052800,19064.0,19116.0,19057.5,19106.5,3089,85
1686067200,19105.5,19447.0,19089.5,19395.5,11126,70
1686081600,19398.0,19470.5,19369.0,19424.0,3182,80
1686096000,19384.0,19384.0,19338.0,19345.0,1243,280
1686110400,19346.0,19422.0,19230.0,19299.0,10936,70
1686124800,19299.0,19399.0,19207.0,19280.0,9581,70
1686139200,19275.0,19343.5,19272.0,19319.5,3060,80
1686153600,19318.5,19446.5,19240.5,19258.0,9771,70
1686168000,19258.0,19264.0,19171.0,19207.0,4001,85
1686182400,19181.0,19222.0,19142.0,19151.0,1106,280
1686196800,19151.0,19292.5,19099.0,19131.0,12142,70
1686211200,19156.0,19365.0,19146.0,19278.0,10733,70
1686225600,19283.0,19320.0,19232.5,19300.5,3678,80
1686240000,19300.5,19441.5,19275.0,19438.0,8628,80
1686254400,19438.5,19461.5,19374.0,19386.0,3195,85
1686268800,19366.0,19390.0,19353.0,19378.0,1140,280
1686283200,19379.0,19412.0,19230.0,19333.0,10116,70
1686297600,19333.0,19488.0,19323.0,19399.0,9709,70
1686312000,19400.0,19425.5,19329.0,19420.0,3620,80
1686326400,19420.5,19480.0,19365.0,19402.0,10128,80
1686340800,19402.5,19438.0,19350.0,19357.0,3765,85
1686528000,19363.0,19418.0,19362.0,19410.0,1187,280
1686542400,19410.0,19448.0,19263.0,19284.0,10149,70
1686556800,19284.0,19463.0,19256.0,19427.0,10201,70
1686571200,19426.0,19482.5,19378.0,19411.5,3219,80
1686585600,19412.0,19415.0,19346.0,19377.5,8352,75
1686600000,19377.0,19423.0,19350.5,19422.0,3135,80
1686614400,19415.0,19433.0,19403.0,19404.0,1148,280
1686628800,19404.0,19541.0,19273.0,19487.0,10687,70
1686643200,19487.0,19600.0,19443.0,19531.0,9609,70
1686657600,19533.0,19615.0,19492.0,19598.5,4061,80
1686672000,19598.5,19678.0,19545.5,19601.5,10002,85
1686686400,19601.5,19604.5,19534.5,19565.0,3453,90
1686700800,19543.0,19582.0,19509.0,19534.0,1286,190
1686715200,19535.0,19659.0,19475.0,19530.0,9714,70
1686729600,19529.0,19534.0,19367.0,19433.0,8910,70
1686744000,19436.0,19490.0,19393.0,19486.5,3256,90
1686758400,19487.5,19722.5,19472.5,19703.5,9130,70
1686772800,19702.5,19750.0,19581.5,19721.0,7412,80
1686787200,19686.0,19736.0,19682.0,19696.0,1242,280
1686801600,19695.0,19710.0,19521.0,19563.0,10040,70
1686816000,19563.0,19861.0,19563.0,19794.0,10728,70
1686830400,19796.0,19873.5,19782.0,19872.5,4400,85
1686844800,19873.5,19979.5,19856.5,19970.5,10297,80
1686859200,19951.0,20004.0,19929.5,19977.0,3807,85
1686873600,19982.0,19982.0,19941.0,19948.0,1187,280
1686888000,19948.0,20015.0,19888.0,19986.0,9538,70
1686902400,19986.0,20198.0,19977.0,20129.0,10660,70
1686916800,20137.0,20218.5,20135.0,20205.5,3945,85
1686931200,20204.0,20207.0,19946.5,20037.5,12046,80
1686945600,20038.0,20040.0,19953.0,19964.0,4217,80
1687147200,19991.5,20026.0,19720.0,19729.0,13225,70
1687161600,19726.0,19973.0,19724.0,19898.0,13372,70
1687176000,19925.5,19974.0,19898.5,19913.0,3203,90
1687190400,19912.5,19946.0,19881.5,19936.0,3801,90
1687204800,19936.0,19950.0,19909.0,19917.0,628,90
1687219200,19912.0,19919.0,19897.0,19906.0,1204,280
1687233600,19906.0,19914.0,19604.5,19628.0,8725,70
1687248000,19628.0,19691.0,19528.0,19567.0,8821,70
1687262400,19569.0,19598.5,19534.5,19585.5,2908,70
1687276800,19585.5,19605.5,19294.5,19367.5,10389,70
1687291200,19368.0,19389.5,19319.0,19344.0,3594,85
1687305600,19319.0,19387.0,19319.0,19386.0,1130,280
1687320000,19386.0,19420.5,19213.0,19244.0,12498,70
1687334400,19244.0,19279.0,19177.5,19244.0,8860,70
1687348800,19239.0,19275.5,19178.5,19211.5,3231,90
1687363200,19188.0,19310.0,19156.0,19226.0,10789,80
1687377600,19225.0,19273.5,19193.0,19245.0,2911,85
1687492800,19158.0,19225.0,18795.0,18839.0,8720,70
1687507200,18819.0,19006.0,18795.5,18862.0,7641,70
1687521600,18864.0,18909.5,18816.5,18839.5,3105,85
1687536000,18838.5,18848.0,18683.5,18770.0,8473,85
1687550400,18770.5,18798.0,18731.5,18784.0,3223,80
1687737600,18778.0,18803.0,18753.0,18802.0,1604,280
1687752000,18801.0,19032.0,18752.0,18862.0,10868,70
1687766400,18862.0,18888.0,18775.0,18795.0,9548,70
1687780800,18789.0,18856.5,18778.5,18847.5,2977,70
1687795200,18847.5,18943.5,18807.5,18887.5,8340,80
1687809600,18888.5,18927.0,18853.0,18896.0,3427,85
1687824000,18897.0,18912.0,18879.0,18879.0,1025,280
1687838400,18880.0,19127.0,18830.0,19099.0,9980,70
1687852800,19108.0,19240.0,19056.0,19125.0,9012,70
1687867200,19122.0,19154.0,19083.5,19139.5,3117,80
1687881600,19140.5,19207.5,19111.0,19173.5,9327,80
1687896000,19173.5,19236.0,19164.0,19221.0,3132,90
1687910400,19228.0,19230.0,19173.0,19182.0,1248,280
1687924800,19181.0,19246.0,19039.0,19121.0,9224,70
1687939200,19121.0,19225.0,19093.0,19146.0,7914,70
1687953600,19149.0,19174.0,19078.5,19095.5,2522,75
1687968000,19096.5,19118.0,19018.0,19085.5,6625,80
1687982400,19085.5,19127.0,19081.0,19121.0,2941,85
1687996800,19138.0,19166.0,19136.0,19139.0,1055,280
1688011200,19138.0,19215.0,18870.0,18886.0,9045,70
1688025600,18891.0,18996.0,18851.0,18916.0,8165,70
1688040000,18917.0,18932.5,18825.5,18830.5,3116,80
1688054400,18831.5,18899.5,18813.0,18863.0,8915,70
1688068800,18862.0,18878.0,18843.5,18871.0,2880,85
1688083200,18876.0,18887.0,18848.0,18848.0,1291,280
1688097600,18849.0,19097.0,18833.0,18949.0,9651,70
1688112000,18950.0,19053.0,18882.0,18912.0,7988,70
1688126400,18917.0,19017.5,18917.0,19004.5,2777,80
1688140800,19003.5,19104.5,18984.5,19081.0,7266,70
1688155200,19082.0,19087.5,18939.0,18944.0,2598,90
1688342400,18960.0,18996.0,18960.0,18988.0,1246,280
1688356800,18988.0,19316.0,18986.0,19274.0,9402,70
1688371200,19274.0,19404.0,19237.0,19334.0,8180,70
1688385600,19337.0,19347.0,19305.5,19332.5,2927,75
1688400000,19331.5,19408.0,19256.5,19290.0,6933,85
1688414400,19290.0,19293.5,19272.0,19284.0,1042,90
1688428800,19277.0,19305.0,19273.0,19291.0,1045,280
1688443200,19292.0,19484.0,19263.0,19427.0,8829,70
1688457600,19418.0,19468.0,19283.0,19418.0,7628,70
1688472000,19417.0,19446.0,19393.5,19407.5,2108,70
1688486400,19407.5,19414.5,19366.0,19382.0,2813,85
1688500800,19381.5,19385.0,19355.0,19360.0,631,85
1688515200,19350.0,19388.0,19344.0,19379.0,1060,280
1688529600,19378.0,19400.0,19110.0,19136.0,8416,70
1688544000,19136.0,19198.0,19069.0,19093.0,7547,70
1688558400,19094.0,19097.0,19042.0,19067.5,2652,70
1688572800,19067.5,19104.0,19017.0,19028.5,6688,70
1688587200,19029.0,19056.5,19015.0,19030.0,2650,85
1688601600,18884.0,18894.0,18839.0,18846.0,1107,70
1688616000,18845.0,18968.0,18448.0,18475.5,11584,70
1688630400,18499.0,18558.0,18448.0,18494.0,9097,70
1688644800,18491.0,18545.5,18373.0,18393.5,3570,70
1688659200,18392.5,18459.0,18298.5,18355.5,8360,75
1688673600,18357.5,18379.0,18331.0,18333.0,2759,85
1688688000,18309.0,18358.0,18303.0,18351.0,1361,280
1688702400,18352.0,18424.0,18244.0,18289.0,10298,70
1688716800,18332.0,18511.5,18295.0,18316.0,10690,70
1688731200,18317.0,18473.5,18317.0,18395.5,3758,80
1688745600,18394.5,18717.5,18383.5,18707.0,9425,70
1688760000,18707.0,18747.0,18641.0,18644.0,3292,85
1688947200,18663.0,18684.0,18629.5,18650.0,1596,280
1688961600,18651.0,18775.0,18448.5,18495.0,10745,70
1688976000,18493.0,18505.5,18391.0,18497.0,8488,70
1688990400,18492.0,18516.5,18469.0,18478.0,2983,75
1689004800,18479.0,18674.5,18464.0,18632.5,9233,70
1689019200,18633.0,18651.0,18546.0,18597.0,2942,80
1689033600,18596.0,18633.0,18588.0,18632.0,1082,280
1689048000,18631.0,18805.5,18555.5,18739.0,10056,70
1689062400,18762.0,18797.5,18575.0,18600.0,8655,70
1689076800,18602.0,18677.0,18595.0,18667.0,3215,70
1689091200,18667.0,18732.0,18537.0,18681.5,8696,80
1689105600,18682.0,18731.0,18675.0,18722.0,3039,80
1689120000,18714.0,18738.0,18696.0,18705.0,1348,280
1689134400,18704.0,18931.5,18704.0,18860.5,10391,70
1689148800,18860.5,18902.5,18745.5,18805.0,8169,70
1689163200,18808.0,19065.0,18805.0,19030.0,4533,70
1689177600,19030.0,19171.0,19000.0,19165.0,10259,75
1689192000,19165.0,19198.0,19144.0,19156.0,3626,80
1689206400,19154.0,19183.0,19142.0,19182.0,1268,280
1689220800,19181.0,19376.5,19122.5,19327.0,10212,70
1689235200,19299.5,19374.5,19279.5,19343.0,8332,70
1689249600,19348.0,19398.0,19322.0,19354.0,3675,75
1689264000,19348.5,19514.0,19343.0,19511.0,8840,70
1689278400,19512.0,19585.0,19488.0,19554.0,2963,80
1689292800,19544.0,19570.0,19502.0,19506.0,1598,280
1689307200,19505.0,19530.5,19366.0,19371.0,9529,70
1689321600,19371.0,19458.5,19371.0,19398.0,7239,70
1689336000,19399.0,19407.0,19355.0,19378.0,3048,85
1689350400,19374.0,19383.0,19245.0,19289.0,9450,70
1689364800,19289.0,19299.5,19220.0,19239.0,3537,80
1689552000,19248.0,19254.0,19212.0,19234.0,1032,280
1689566400,19235.0,19252.5,19169.0,19198.0,720,280
1689580800,19198.0,19208.0,19161.5,19164.5,1518,280
1689595200,19165.5,19184.0,19131.0,19178.0,1493,280
1689609600,19179.0,19344.0,19163.0,19275.0,2491,200
1689624000,19274.0,19286.0,19249.0,19254.0,1325,280
1689638400,19248.0,19260.0,19235.0,19251.0,1041,280
1689652800,19250.0,19358.5,18955.0,18981.0,10864,70
1689667200,18983.0,19073.5,18977.0,18990.0,7338,70
1689681600,18984.0,19022.0,18933.0,18964.0,3404,80
1689696000,18964.5,19019.5,18841.0,18842.5,8840,70
1689710400,18842.0,18888.0,18786.5,18867.0,3137,80
1689724800,18878.0,18907.0,18874.0,18884.0,1009,280
1689739200,18883.0,18889.0,18687.0,18747.0,11820,70
1689753600,18747.0,19004.5,18747.0,18886.0,12297,70
1689768000,18887.0,19037.5,18884.0,19021.5,3891,70
1689782400,19021.5,19126.5,18923.0,18950.0,10075,75
1689796800,18950.0,18957.0,18916.0,18941.0,3559,85
1689811200,18926.0,18946.0,18888.0,18925.0,1439,280
1689825600,18925.0,19223.0,18897.0,18980.0,13620,70
1689840000,18986.0,19043.0,18880.0,18924.0,8755,70
1689854400,18923.0,18971.0,18855.5,18881.5,3136,85
1689868800,18881.5,18954.5,18831.5,18919.0,8473,80
1689883200,18919.5,18952.0,18880.0,18902.0,3437,80
1689897600,18901.0,18908.0,18873.0,18875.0,1156,280
1689912000,18874.0,19181.0,18872.0,19057.0,9950,70
1689926400,19067.0,19088.0,18924.0,19040.0,7890,70
1689940800,19036.0,19092.5,19028.0,19055.5,3134,80
1689955200,19055.0,19082.0,18957.0,18983.5,8425,80
1689969600,18982.0,18984.5,18900.0,18921.0,2752,80
1690156800,18928.0,18951.0,18910.0,18949.0,1238,280
1690171200,18950.0,18953.0,18653.0,18789.0,10888,70
1690185600,18790.0,18819.0,18536.0,18634.0,9538,70
1690200000,18633.0,18756.5,18633.0,18745.5,3757,75
1690214400,18743.0,19301.5,18693.5,19221.0,12465,75
1690228800,19221.5,19223.0,19146.0,19167.0,3048,85
1690243200,19164.0,19166.0,19130.0,19138.0,944,280
1690257600,19138.5,19349.0,19126.0,19277.0,11792,70
1690272000,19277.0,19497.0,19261.0,19466.0,9691,70
1690286400,19460.0,19536.5,19458.0,19524.5,3327,75
1690300800,19524.0,19598.0,19329.0,19351.5,9323,70
1690315200,19346.5,19401.5,19338.0,19376.0,3143,80
1690329600,19375.0,19385.0,19337.0,19344.0,1607,280
1690344000,19345.0,19424.0,19255.0,19295.0,9540,70
1690358400,19305.0,19415.0,19275.0,19341.0,8478,70
1690372800,19339.0,19361.5,19285.5,19295.5,3469,70
1690387200,19296.5,19548.0,19268.0,19546.0,10411,80
1690401600,19545.5,19579.0,19462.0,19497.0,6614,75
1690416000,19510.0,19569.0,19501.0,19565.0,1210,70
1690430400,19565.0,19716.5,19503.0,19661.0,10875,70
1690444800,19661.0,19707.5,19549.0,19664.0,7998,70
1690459200,19664.0,19682.5,19604.0,19614.0,3119,70
1690473600,19614.0,19620.0,19395.5,19517.5,7511,70
1690488000,19517.0,19535.5,19298.0,19351.0,4867,70
1690502400,19358.0,19359.0,19315.0,19348.0,1756,280
1690516800,19349.0,19843.0,19342.0,19760.0,13480,70
1690531200,19760.0,19947.0,19760.0,19905.0,10193,70
1690545600,19920.0,20025.0,19916.0,20007.5,4763,85
1690560000,20007.5,20147.0,19981.0,20062.0,10539,80
1690574400,20061.0,20139.0,20047.0,20113.0,3878,90
1690761600,20113.0,20169.0,20109.0,20128.0,1763,280
1690776000,20128.0,20373.0,20123.0,20201.0,13288,70
1690790400,20201.0,20263.0,20048.0,20155.0,10926,70
1690804800,20159.0,20232.5,20144.0,20207.5,3594,90
1690819200,20207.0,20266.5,20079.5,20221.0,10484,85
1690833600,20220.5,20309.5,20207.0,20292.0,3537,85
1690848000,20286.0,20291.0,20247.0,20276.0,967,280
1690862400,20276.0,20359.5,20079.0,20121.0,11952,70
1690876800,20128.0,20137.0,19923.5,19983.0,10472,70
1690891200,19974.0,20044.5,19912.5,19943.5,4332,85
1690905600,19945.5,19990.0,19809.0,19858.5,10891,85
1690920000,19858.5,19877.0,19826.5,19851.0,2983,90
1690934400,19782.0,19830.0,19769.0,19822.0,1925,280
1690948800,19823.0,19990.0,19560.0,19581.0,11805,70
1690963200,19581.0,19633.0,19443.0,19491.0,10366,70
1690977600,19490.0,19606.5,19478.0,19525.5,4316,70
1690992000,19527.5,19545.5,19308.0,19363.5,10951,70
1691006400,19364.0,19390.5,19314.0,19331.0,4323,90
1691020800,19337.0,19380.0,19336.0,19352.0,1656,280
1691035200,19351.0,19561.0,19344.0,19462.0,11535,70
1691049600,19461.0,19650.0,19352.0,19391.0,11803,70
1691064000,19389.0,19588.0,19388.0,19563.5,4928,85
1691078400,19564.5,19738.5,19549.5,19725.0,11643,85
1691092800,19724.5,19729.0,19631.0,19653.0,4776,90
1691107200,19667.0,19711.0,19665.0,19690.0,1895,280
1691121600,19691.0,19863.0,19499.0,19593.0,12243,70
1691136000,19593.0,19688.0,19451.0,19470.0,10193,70
1691150400,19471.0,19521.5,19400.0,19508.5,4734,70
1691164800,19506.5,19636.0,19402.0,19575.0,12208,85
1691179200,19575.5,19580.5,19375.0,19402.0,5155,90
1691366400,19405.0,19480.0,19405.0,19480.0,1505,280
1691380800,19479.0,19566.0,19336.0,19500.0,10202,70
1691395200,19516.0,19545.0,19443.0,19483.0,8188,70
1691409600,19484.0,19539.5,19454.0,19539.5,3522,70
1691424000,19540.5,19546.5,19274.0,19367.0,11085,70
1691438400,19367.0,19401.0,19342.0,19396.0,3374,85
1691452800,19399.0,19402.5,19374.0,19399.5,1125,225
1691467200,19398.5,19399.5,19113.0,19251.0,12835,50
1691481600,19257.0,19265.5,19081.5,19114.0,9989,40
1691496000,19112.0,19120.0,18956.5,18978.0,5412,30
1691510400,18977.5,19015.0,18869.0,18990.0,10937,40
1691524800,18990.0,19058.5,18987.5,19016.0,4266,50
1691539200,19002.0,19043.0,18992.5,19037.0,1171,225
1691553600,19038.0,19261.0,18989.0,19152.0,10957,40
1691568000,19148.0,19258.0,19093.0,19205.0,8300,40
1691582400,19204.0,19260.5,19188.0,19195.5,3258,50
1691596800,19193.5,19226.0,19000.0,19052.0,10944,50
1691611200,19051.5,19161.0,19047.0,19092.0,4336,50
1691625600,19074.0,19102.0,19061.0,19099.0,1227,225
1691640000,19099.0,19181.0,18994.0,19030.0,10400,50
1691654400,19031.0,19302.0,19009.0,19199.0,9319,50
1691668800,19197.0,19343.5,19182.0,19295.5,5245,50
1691683200,19294.5,19476.5,19233.5,19272.5,14314,50
1691697600,19274.0,19287.5,19174.5,19220.0,6804,50
1691712000,19241.0,19281.0,19234.0,19280.0,921,225
1691726400,19282.0,19320.0,19025.0,19090.0,10654,50
1691740800,19094.0,19165.0,18998.0,19032.0,9083,50
1691755200,19025.0,19034.0,18866.5,18871.5,5219,50
1691769600,18870.5,18904.5,18709.5,18737.5,11687,50
1691784000,18737.0,18821.5,18731.0,18791.5,4277,50
1691971200,18795.0,18843.0,18751.5,18759.5,1541,70
1691985600,18758.5,18762.0,18521.0,18566.0,13289,50
1692000000,18580.0,18800.0,18560.0,18712.0,12382,50
1692014400,18713.0,18717.0,18568.5,18598.5,4445,50
1692028800,18600.5,18722.0,18473.5,18630.0,11981,50
1692043200,18630.0,18666.0,18576.5,18665.0,4110,50
1692057600,18672.0,18679.0,18641.0,18659.0,1379,225
1692072000,18659.0,18717.0,18521.0,18578.0,10784,50
1692086400,18578.0,18651.0,18483.5,18512.5,10127,50
1692100800,18514.5,18570.0,18427.5,18494.5,5094,50
1692115200,18495.5,18548.5,18289.5,18307.5,12045,50
1692129600,18307.0,18324.5,18260.0,18284.0,3977,50
1692144000,18289.0,18299.0,18175.5,18273.0,1448,225
1692158400,18274.0,18418.5,18253.0,18285.0,10758,50
1692172800,18325.0,18334.0,18237.0,18245.5,10899,50
1692187200,18242.5,18247.5,18072.5,18078.5,5116,50
1692201600,18078.0,18146.0,18028.5,18043.5,10444,50
1692216000,18043.5,18078.5,17890.0,17975.0,5106,50
1692230400,18004.0,18009.0,17928.0,17948.0,1454,225
1692244800,17949.0,18289.0,17867.0,18254.0,12449,50
1692259200,18279.0,18372.0,18053.5,18236.0,13108,50
1692273600,18236.0,18386.5,18214.5,18330.5,5963,50
1692288000,18328.5,18343.5,18150.5,18227.0,11807,50
1692302400,18228.0,18230.0,18048.0,18064.0,4607,50
1692316800,18054.0,18092.5,17991.0,18088.0,1740,225
1692331200,18089.0,18305.0,18068.0,18082.0,10985,50
1692345600,18074.0,18082.0,17857.0,17888.0,10177,50
1692360000,17886.0,17896.0,17727.0,17747.5,5335,50
1692374400,17746.5,17831.0,17669.5,17763.5,12183,50
1692388800,17764.5,17810.0,17737.0,17778.0,4852,50
1692576000,17791.0,17863.0,17788.0,17851.0,1267,225
1692590400,17850.0,17853.5,17609.5,17679.0,13121,50
1692604800,17685.0,17777.0,17570.0,17608.0,12088,50
1692619200,17607.0,17683.5,17607.0,17624.0,4885,50
1692633600,17625.0,17675.0,17535.5,17629.5,11114,50
1692648000,17629.5,17676.5,17618.0,17622.0,3833,50
1692662400,17634.0,17659.0,17624.0,17635.0,1155,225
1692676800,17636.0,17780.0,17576.5,17618.0,11335,50
1692691200,17618.0,17953.0,17545.5,17732.0,12854,50
1692705600,17732.0,17836.5,17726.0,17758.0,3754,50
1692720000,17758.0,17785.5,17592.5,17599.0,10345,50
1692734400,17599.0,17661.0,17586.0,17630.0,4364,50
1692748800,17648.0,17693.0,17643.0,17691.0,826,225
1692763200,17692.0,17853.5,17659.0,17824.0,10792,50
1692777600,17823.0,17984.0,17759.5,17839.0,10376,50
1692792000,17835.0,17865.0,17778.5,17785.5,3506,50
1692806400,17784.5,18001.5,17784.5,17978.5,10116,50
1692820800,17976.5,18030.0,17944.0,18029.0,3952,50
1692835200,18004.0,18006.0,17951.0,17994.5,1401,225
1692849600,17993.5,18172.5,17916.5,18143.0,12874,50
1692864000,18143.0,18254.0,18143.0,18167.0,10583,50
1692878400,18172.0,18182.5,18106.5,18117.5,4297,50
1692892800,18116.5,18139.5,17958.5,18010.0,11696,50
1692907200,18010.5,18067.5,17971.0,17984.0,4316,50
1692921600,17989.0,18061.0,17985.0,18053.0,1377,225
1692936000,18058.0,18076.0,17954.0,17987.0,11716,50
1692950400,18000.0,18138.5,17922.0,17939.0,11667,50
1692964800,17943.0,18034.0,17921.5,18000.0,4352,50
1692979200,18000.5,18006.0,17788.0,17912.0,13829,50
1692993600,17913.0,17964.5,17871.0,17921.0,4672,50
1693180800,17950.0,18223.0,17950.0,18201.0,1787,225
1693195200,18202.0,18541.0,18201.0,18250.0,12581,50
1693209600,18257.0,18263.0,18105.0,18135.0,10228,50
1693224000,18146.0,18208.5,18120.0,18206.5,3330,50
1693238400,18204.5,18343.5,18164.0,18334.5,9748,50
1693252800,18334.5,18338.5,18282.0,18292.0,4028,50
1693267200,18284.0,18293.0,18270.0,18279.0,974,225
1693281600,18280.0,18549.0,18238.5,18485.5,10656,50
1693296000,18488.5,18595.0,18419.0,18420.0,9096,50
1693310400,18431.0,18628.5,18423.0,18539.5,4027,50
1693324800,18537.5,18709.0,18462.5,18657.0,7626,50
1693339200,18654.0,18684.5,18646.0,18665.0,2651,50
1693353600,18679.0,18721.0,18667.0,18689.0,1030,225
1693368000,18688.0,18749.0,18534.0,18559.0,12060,50
1693382400,18573.0,18596.0,18403.0,18407.0,10976,50
1693396800,18411.0,18541.0,18407.0,18537.5,5348,50
1693411200,18537.0,18628.0,18490.0,18592.0,9750,50
1693425600,18592.5,18596.5,18545.5,18588.0,2990,50
1693440000,18592.0,18608.0,18564.0,18597.0,720,225
1693454400,18597.0,18652.5,18373.5,18420.0,10224,50
1693468800,18424.0,18452.5,18305.5,18325.0,8761,50
1693483200,18331.0,18479.0,18256.5,18473.0,5229,50
1693497600,18474.5,18481.5,18322.0,18372.5,9891,50
1693512000,18373.5,18442.5,18368.5,18388.0,3071,50
1693800000,18555.5,18906.5,18526.5,18839.0,10768,50
1693814400,18848.0,18867.5,18789.5,18805.0,8151,50
1693828800,18801.0,18836.0,18762.0,18777.0,3240,50
1693843200,18776.5,18789.0,18713.0,18715.0,4449,50
1693857600,18716.0,18730.5,18714.0,18723.0,725,50
1693872000,18733.0,18758.0,18720.0,18729.0,1015,225
1693886400,18729.0,18738.0,18515.5,18548.0,9075,50
1693900800,18548.0,18613.5,18388.5,18446.0,9468,50
1693915200,18450.0,18534.0,18445.0,18527.0,3783,50
1693929600,18528.5,18541.0,18393.0,18434.0,9865,50
1693944000,18434.5,18464.0,18418.0,18435.0,2872,50
1693958400,18437.0,18454.0,18424.0,18451.5,881,225
1693972800,18452.5,18458.0,18226.5,18291.0,8191,50
1693987200,18291.0,18480.5,18286.5,18431.0,8942,50
1694001600,18436.0,18485.5,18425.0,18441.0,3615,50
1694016000,18441.5,18581.0,18401.0,18415.5,9669,50
1694030400,18415.0,18462.5,18407.0,18435.0,3445,50
1694044800,18419.0,18460.0,18414.0,18442.0,935,225
1694059200,18444.0,18453.0,18191.0,18208.0,8679,50
1694073600,18225.0,18248.5,18125.0,18160.5,8855,50
1694088000,18158.5,18171.5,18057.0,18086.5,3852,50
1694102400,18085.0,18089.0,17911.5,17977.5,9184,50
1694116800,17977.5,17993.5,17940.5,17978.0,3197,50
1694131200,17979.0,17987.0,17959.0,17978.0,297,280
1694404800,17897.0,18000.0,17825.5,17924.0,9885,50
1694419200,17924.0,18169.5,17924.0,18047.5,9861,50
1694433600,18043.5,18100.0,18033.0,18080.0,3236,50
1694448000,18079.0,18135.0,17995.0,18045.0,7739,50
1694462400,18044.5,18124.5,18018.5,18062.0,2503,50
1694476800,18039.0,18052.0,18003.0,18026.0,1057,225
1694491200,18026.0,18144.5,17861.0,18086.0,9359,50
1694505600,18086.0,18104.5,17996.0,18034.5,6992,50
1694520000,18033.5,18064.0,17999.5,18023.0,2894,50
1694534400,18022.0,18136.0,17986.5,18116.0,7534,50
1694548800,18116.5,18155.0,18099.0,18100.0,3283,50
1694563200,18100.0,18112.0,18092.0,18106.0,975,225
1694577600,18107.0,18199.5,17926.5,17981.0,9034,50
1694592000,17982.0,18044.5,17953.5,17997.5,8255,50
1694606400,17997.5,18091.0,17974.5,18062.0,4620,50
1694620800,18063.0,18094.0,17999.5,18047.5,8655,50
1694635200,18048.0,18055.0,17987.0,18042.0,3080,50
1694649600,18040.0,18061.5,18027.0,18060.0,1101,225
1694664000,18061.0,18176.0,17913.0,17951.0,8858,50
1694678400,17943.5,18139.0,17943.5,18043.0,8456,50
1694692800,18036.5,18156.0,18031.5,18106.0,4963,50
1694707200,18107.0,18196.0,18046.5,18171.0,9094,50
1694721600,18171.5,18173.0,18128.0,18147.0,2840,50
1694736000,18142.0,18182.5,18141.0,18182.5,1187,225
1694750400,18181.5,18381.5,18025.0,18349.0,10171,50
1694764800,18348.0,18387.5,18131.0,18155.0,8740,50
1694779200,18152.0,18165.0,18091.5,18101.0,3017,50
1694793600,18100.0,18149.0,18029.5,18062.5,6821,50
1694808000,18062.0,18062.0,18010.0,18011.0,2850,50
1694995200,18016.0,18043.0,17997.0,18018.0,946,225
1695009600,18018.0,18103.5,17855.5,17979.0,9870,50
1695024000,17978.0,18034.5,17876.5,17896.0,7876,50
1695038400,17902.0,17930.0,17870.5,17897.5,3037,50
1695052800,17898.0,17944.5,17829.5,17928.5,8588,50
1695067200,17930.0,17949.0,17914.5,17934.0,2572,50
1695081600,17934.0,17951.0,17913.5,17924.0,1083,225
1695096000,17915.5,17980.5,17813.5,17912.5,8655,50
1695110400,17911.5,18011.0,17867.5,17972.0,7279,50
1695124800,17972.0,18031.0,17964.5,17975.0,3077,50
1695139200,17974.0,18010.0,17900.5,17925.0,8098,50
1695153600,17924.5,17974.5,17909.5,17945.0,2986,50
1695168000,17947.0,17957.0,17920.0,17930.0,932,225
1695182400,17930.0,18005.0,17834.0,17850.0,8374,50
1695196800,17850.0,17992.0,17816.0,17908.0,7418,50
1695211200,17911.0,17950.0,17891.0,17945.0,2593,50
1695225600,17945.5,18047.5,17934.5,18022.0,7310,50
1695240000,18011.5,18024.0,17886.0,17893.0,5940,50
1695254400,17899.0,17907.0,17852.0,17859.0,1571,225
1695268800,17859.0,17859.0,17603.5,17619.0,8637,50
1695283200,17619.0,17682.5,17594.5,17619.5,6786,50
1695297600,17614.5,17630.5,17518.0,17559.0,4157,50
1695312000,17560.0,17615.0,17528.5,17545.0,8976,50
1695326400,17544.5,17580.5,17481.0,17525.0,3294,50
1695340800,17531.0,17540.0,17485.0,17512.0,1584,225
1695355200,17511.0,17883.5,17450.5,17848.0,10057,50
1695369600,17847.0,18097.0,17792.5,18065.5,10582,50
1695384000,18070.5,18151.0,18046.5,18144.0,4239,50
1695398400,18145.0,18153.0,17992.0,18015.0,8490,50
1695412800,18014.0,18050.0,17980.5,18005.0,3380,50
1695600000,18016.0,18033.0,17980.0,18028.0,1439,225
1695614400,18023.0,18064.0,17755.5,17821.0,7971,50
1695628800,17821.0,17844.0,17600.5,17636.5,7985,50
1695643200,17635.5,17696.0,17621.5,17637.0,3635,50
1695657600,17635.0,17738.5,17598.5,17721.0,8407,50
1695672000,17721.0,17782.0,17697.5,17771.0,3511,50
1695686400,17762.0,17763.0,17667.0,17680.0,1205,225
1695700800,17681.0,17698.5,17548.5,17576.0,10171,50
1695715200,17576.0,17601.0,17366.5,17485.0,9986,50
1695729600,17482.0,17536.0,17459.0,17509.0,4264,50
1695744000,17509.0,17591.5,17481.5,17497.0,8731,50
1695758400,17497.0,17502.5,17431.5,17468.0,3795,50
1695772800,17477.0,17506.0,17448.0,17480.0,1362,225
1695787200,17469.0,17673.0,17443.5,17598.0,9005,50
1695801600,17588.0,17606.0,17535.5,17560.0,7928,50
1695816000,17561.0,17588.5,17551.5,17575.5,2903,50
1695830400,17572.5,17604.5,17465.5,17486.0,7643,50
1695844800,17485.5,17542.0,17436.0,17529.0,4278,50
1695859200,17539.0,17560.0,17522.0,17549.0,1502,225
1695873600,17548.0,17582.5,17327.5,17350.0,9072,50
1695888000,17350.5,17424.0,17298.0,17321.0,7756,50
1695902400,17322.0,17410.0,17284.0,17351.0,5149,50
1695916800,17350.0,17491.0,17322.5,17465.0,10197,50
1695931200,17466.0,17499.0,17432.0,17497.0,4636,50
1695945600,17501.0,17516.0,17426.0,17428.0,1139,280
1695960000,17427.0,17839.0,17406.0,17787.5,8277,50
1695974400,17787.5,17907.5,17762.5,17779.0,6768,50
1695988800,17779.0,17834.0,17767.0,17812.0,4186,50
1696003200,17811.0,17822.0,17612.0,17652.0,11076,50
1696017600,17652.0,17674.0,17615.0,17674.0,3930,50
1696305600,17585.0,17606.5,17165.5,17185.0,8542,50
1696320000,17186.0,17310.0,17159.0,17256.0,6784,50
1696334400,17262.0,17285.5,17182.0,17183.5,5037,50
1696348800,17184.5,17274.5,17176.0,17259.5,12473,50
1696363200,17257.5,17268.0,17192.5,17226.0,4520,50
1696377600,17218.0,17262.0,17200.0,17210.0,1943,225
1696392000,17211.0,17281.0,16981.0,17110.0,8565,50
1696406400,17110.0,17182.0,17049.5,17162.0,6986,50
1696420800,17165.0,17290.5,17153.5,17253.5,5513,50
1696435200,17241.0,17255.5,17120.5,17192.5,10921,50
1696449600,17192.5,17194.0,17124.5,17153.0,4247,50
1696464000,17147.0,17168.0,17129.0,17155.0,1702,225
1696478400,17155.0,17296.0,17148.0,17259.0,7176,50
1696492800,17254.0,17278.0,17119.5,17130.5,5801,50
1696507200,17125.5,17192.5,17106.5,17175.5,4656,50
1696521600,17176.0,17234.5,17142.5,17227.5,11006,50
1696536000,17227.0,17287.0,17210.0,17241.0,4184,50
1696550400,17242.0,17255.0,17212.0,17254.0,1514,225
1696564800,17254.0,17590.0,17241.0,17482.0,7920,50
1696579200,17482.0,17505.0,17401.0,17442.0,6048,50
1696593600,17438.0,17493.5,17330.5,17346.5,5013,50
1696608000,17345.0,17667.5,17335.5,17610.0,12498,50
1696622400,17609.5,17677.0,17599.5,17613.0,3849,50
1696838400,17482.0,17605.0,17406.0,17535.0,7997,50
1696852800,17539.0,17561.0,17460.5,17471.5,3361,50
1696867200,17470.5,17511.5,17432.5,17478.0,8385,50
1696881600,17465.5,17611.0,17465.5,17596.0,3547,50
1696896000,17594.0,17660.0,17584.0,17655.0,1227,225
1696910400,17659.0,17912.0,17630.0,17712.0,9998,50
1696924800,17722.0,17823.0,17608.5,17797.0,9487,50
1696939200,17795.0,17826.0,17732.0,17794.5,4284,50
1696953600,17795.0,17943.5,17766.0,17917.0,8240,50
1696968000,17916.5,17998.0,17861.5,17918.0,4137,50
1696982400,17909.0,17939.0,17881.0,17918.0,1285,225
1696996800,17917.0,18004.5,17873.5,17901.0,9045,50
1697011200,17901.0,18017.5,17856.5,17906.0,7777,50
1697025600,17905.0,18108.0,17860.0,18079.0,4397,50
1697040000,18077.0,18165.0,18028.5,18036.0,9833,50
1697054400,18036.0,18117.0,18019.0,18113.0,3978,50
1697068800,18110.0,18160.5,18103.0,18137.0,1189,225
1697083200,18136.0,18336.0,18117.5,18218.0,9020,50
1697097600,18218.0,18288.0,18193.0,18234.0,6840,50
1697112000,18237.5,18254.5,18141.0,18165.5,3705,50
1697126400,18165.5,18165.5,17938.5,17943.5,8506,50
1697140800,17940.5,17945.5,17842.5,17879.0,4747,50
1697155200,17882.0,17941.0,17864.0,17910.5,1659,225
1697169600,17903.5,17994.0,17821.0,17828.0,8577,50
1697184000,17843.0,17854.0,17744.0,17754.0,7375,50
1697198400,17754.0,17758.5,17634.5,17752.5,4730,50
1697212800,17750.5,17817.5,17650.5,17695.0,10342,50
1697227200,17694.5,17700.0,17647.0,17647.0,5302,50
1697414400,17676.0,17755.0,17671.0,17720.0,2281,225
1697428800,17721.0,17841.0,17681.0,17709.0,9281,50
1697443200,17709.0,17727.0,17584.0,17636.0,8120,50
1697457600,17630.0,17684.0,17629.0,17681.5,3329,50
1697472000,17682.0,17852.5,17597.5,17852.5,8790,50
1697486400,17852.5,17871.5,17811.0,17833.0,3662,50
1697500800,17837.0,17863.5,17802.0,17843.0,1489,225
1697515200,17841.0,17845.0,17653.5,17746.0,8490,50
1697529600,17753.0,17783.0,17698.0,17709.0,7064,50
1697544000,17703.0,17762.5,17656.5,17658.0,4208,50
1697558400,17659.5,17830.0,17635.0,17785.5,10086,50
1697572800,17784.5,17792.5,17725.0,17760.0,4299,50
1697587200,17762.0,17764.0,17713.0,17716.0,1260,225
1697601600,17716.0,17826.5,17596.0,17742.0,9613,50
1697616000,17751.0,17786.0,17690.0,17723.0,7993,50
1697630400,17719.0,17722.5,17619.5,17624.5,4300,50
1697644800,17624.5,17661.0,17516.0,17533.0,9889,50
1697659200,17533.0,17570.0,17490.5,17517.0,5745,50
1697673600,17505.0,17568.5,17480.0,17566.5,1806,225
1697688000,17564.5,17572.5,17327.0,17355.5,15382,50
1697702400,17355.5,17367.0,17215.0,17244.0,14833,50
1697716800,17248.0,17296.5,17216.5,17294.5,5163,50
1697731200,17294.5,17399.0,17273.0,17355.5,12276,50
1697745600,17355.5,17395.5,17256.0,17258.5,4736,50
1697760000,17194.5,17195.5,17154.5,17169.0,1125,225
1697774400,17164.0,17279.5,17012.5,17196.0,10626,50
1697788800,17210.0,17216.5,17087.5,17115.0,8601,50
1697803200,17110.0,17127.0,17025.5,17038.0,3995,50
1697817600,17037.0,17112.0,16986.0,17024.0,10498,50
1697832000,17023.5,17038.0,16974.5,16994.0,4035,50
1698120000,17014.0,17122.5,16849.5,17043.0,11174,50
1698134400,17044.0,17095.5,16887.0,16949.0,9334,50
1698148800,16963.0,17140.0,16932.5,17135.0,4488,50
1698163200,17136.0,17432.5,17086.0,17396.5,11625,50
1698177600,17397.0,17472.5,17397.0,17423.0,3860,50
1698192000,17420.0,17452.0,17387.0,17424.5,2050,225
1698206400,17428.5,17526.5,17175.0,17240.5,9957,50
1698220800,17246.0,17292.0,16979.0,17090.5,8947,50
1698235200,17089.5,17150.0,17055.5,17085.5,4039,50
1698249600,17086.0,17207.0,17022.5,17116.0,11657,50
1698264000,17116.0,17135.0,17075.0,17088.0,5411,50
1698278400,17073.0,17111.0,17019.0,17038.0,2026,95
1698292800,17038.0,17154.0,16898.0,16943.5,9249,50
1698307200,16959.0,17070.0,16899.0,17019.0,8868,50
1698321600,17019.0,17072.5,16959.5,17037.5,4869,50
1698336000,17038.5,17156.5,17003.0,17019.5,12096,50
1698350400,17017.0,17139.0,17012.5,17095.0,6368,50
1698364800,17122.0,17153.5,17102.0,17125.5,1923,225
1698379200,17124.5,17329.0,17065.5,17200.0,9435,50
1698393600,17203.0,17486.0,17190.0,17399.0,8430,50
1698408000,17400.0,17421.5,17316.0,17368.5,3967,50
1698422400,17367.5,17394.0,17196.0,17215.5,9095,50
1698436800,17214.5,17231.5,17144.0,17165.0,5405,50
1698624000,17229.0,17381.5,17181.0,17351.0,6023,80
1698638400,17351.0,17397.0,17239.0,17321.0,10076,50
1698652800,17320.0,17559.0,17310.0,17537.5,7037,50
1698667200,17538.5,17555.0,17423.0,17427.0,5754,50
1698681600,17428.5,17439.0,17297.5,17347.0,10118,50
1698696000,17348.0,17381.0,17346.0,17355.5,2540,50
1698710400,17355.0,17374.0,17177.5,17206.0,5263,80
1698724800,17207.0,17273.0,17006.5,17088.0,9878,50
1698739200,17090.0,17169.0,17052.0,17144.5,5990,50
1698753600,17144.5,17217.5,17057.5,17080.5,6570,50
1698768000,17078.5,17123.5,16937.0,17020.5,10327,50
1698782400,17022.5,17113.5,16999.5,17092.5,2492,50
1698796800,17077.0,17174.0,16964.5,16997.5,5341,80
1698811200,16998.5,17124.0,16953.5,17052.0,8676,50
1698825600,17050.0,17126.0,17016.0,17027.0,5867,50
1698840000,17027.5,17106.5,17017.0,17052.0,5840,50
1698854400,17065.5,17159.5,17034.5,17099.0,8313,50
1698868800,17099.0,17140.0,17035.5,17120.0,5222,50
1698883200,17136.0,17445.5,17133.0,17355.0,5484,80
1698897600,17354.0,17361.0,17199.0,17200.0,7739,50
1698912000,17201.0,17330.5,17158.5,17319.5,6035,50
1698926400,17320.0,17436.0,17294.5,17400.5,5559,50
1698940800,17401.0,17413.0,17316.5,17393.0,7261,50
1698955200,17393.0,17421.0,17377.5,17404.0,2052,50
1698969600,17385.0,17482.0,17363.0,17434.0,4352,50
1698984000,17437.0,17655.0,17429.0,17641.0,8278,50
1698998400,17641.0,17717.0,17595.0,17623.0,6080,50
1699012800,17623.5,17822.0,17591.0,17807.5,5983,50
1699027200,17823.0,17851.5,17754.5,17826.5,8039,50
1699041600,17825.0,17845.5,17791.0,17802.0,1883,50
1699228800,17805.0,17974.0,17799.0,17951.0,4966,80
1699243200,17952.0,18036.0,17888.5,17915.0,8113,50
1699257600,17915.0,18002.0,17912.0,17989.0,5305,50
1699272000,17989.0,17999.5,17919.5,17934.5,3140,50
1699286400,17935.0,17952.5,17812.0,17855.5,7669,50
1699300800,17855.0,17855.5,17811.0,17829.0,2368,50
1699315200,17826.0,17886.5,17771.0,17808.0,4484,50
1699329600,17807.0,17808.0,17653.5,17711.0,7169,50
1699344000,17712.0,17761.5,17646.0,17667.5,5715,50
1699358400,17668.5,17704.5,17652.5,17695.5,3696,50
1699372800,17695.0,17760.5,17566.5,17686.5,9079,50
1699387200,17687.0,17721.0,17676.0,17702.0,2209,50
1699401600,17700.0,17733.0,17589.5,17709.0,4083,80
1699416000,17708.0,17756.5,17549.0,17580.0,8007,50
1699430400,17581.0,17614.5,17528.0,17555.5,6082,50
1699444800,17555.5,17603.0,17535.0,17574.5,3218,50
1699459200,17584.5,17696.5,17564.5,17595.5,9286,50
1699473600,17596.0,17621.5,17578.0,17587.0,2671,50
1699488000,17574.0,17609.0,17480.0,17519.0,4071,50
1699502400,17518.0,17545.0,17434.5,17500.0,7145,50
1699516800,17501.0,17542.5,17441.0,17470.5,5255,50
1699531200,17471.5,17522.5,17461.5,17500.5,3052,50
1699545600,17502.0,17577.0,17460.0,17481.0,8174,50
1699560000,17480.5,17484.5,17332.5,17405.0,4487,50
1699574400,17407.0,17414.5,17179.0,17214.0,4594,50
1699588800,17212.0,17277.5,17175.0,17221.0,6531,50
1699603200,17220.0,17267.5,17132.0,17174.5,5415,50
1699617600,17173.5,17227.5,17148.0,17218.5,3514,50
1699632000,17227.5,17254.0,17148.0,17245.0,8255,50
1699646400,17245.5,17292.5,17237.5,17250.0,2329,50
1699833600,17256.0,17327.0,17213.0,17267.0,4274,50
1699848000,17266.0,17272.0,17101.0,17224.0,7101,50
1699862400,17223.0,17508.0,17197.0,17488.0,6132,50
1699876800,17487.5,17490.5,17417.5,17450.5,3150,50
1699891200,17449.5,17616.5,17404.0,17548.0,7643,50
1699905600,17548.5,17579.5,17494.0,17508.0,2240,50
1699920000,17512.0,17569.0,17452.5,17480.0,4063,80
1699934400,17481.0,17495.0,17352.0,17406.0,7466,50
1699948800,17404.0,17529.0,17350.0,17474.5,5653,50
1699963200,17473.5,17691.0,17428.5,17680.5,4318,50
1699977600,17675.5,17865.5,17651.5,17816.5,9446,50
1699992000,17817.0,17858.5,17804.0,17835.0,2492,50
1700006400,17830.0,17902.0,17779.0,17801.0,4573,80
1700020800,17815.0,17964.0,17773.0,17933.0,8514,50
1700035200,17935.0,18161.5,17926.0,18094.5,7653,50
1700049600,18093.5,18254.5,18079.0,18161.5,5401,50
1700064000,18163.5,18397.5,18142.5,18302.5,12659,50
1700078400,18301.0,18307.5,18229.0,18236.0,3090,50
1700092800,18237.0,18302.0,17809.0,17833.5,5033,70
1700107200,17831.0,17917.0,17711.5,17904.5,8940,50
1700121600,17906.0,17927.5,17784.5,17789.5,6792,50
1700136000,17787.5,17821.5,17540.0,17688.5,6550,50
1700150400,17689.5,17782.5,17518.5,17579.5,12007,50
1700164800,17580.0,17635.0,17543.0,17632.0,2696,50
1700179200,17628.0,17628.0,17512.0,17527.0,4401,80
1700193600,17525.0,17548.0,17402.0,17448.0,7516,50
1700208000,17448.0,17521.0,17421.5,17504.5,5723,50
1700222400,17506.5,17618.5,17502.5,17593.5,5817,50
1700236800,17592.5,17685.5,17535.0,17626.0,10020,50
1700251200,17626.5,17646.0,17585.0,17600.0,1865,50
1700438400,17587.0,17697.5,17532.5,17571.0,4808,80
1700452800,17572.0,17790.0,17549.0,17748.0,9003,50
1700467200,17748.0,17820.0,17670.0,17814.5,6447,50
1700481600,17821.5,17823.5,17774.5,17814.5,3064,50
1700496000,17814.5,17970.5,17788.0,17908.5,7307,50
1700510400,17909.0,17952.5,17902.0,17913.0,2327,50
1700524800,17924.0,18074.0,17916.0,18035.5,4427,80
1700539200,18033.5,18071.0,17878.5,17891.0,8108,50
1700553600,17890.0,17903.5,17651.5,17668.5,7022,50
1700568000,17669.5,17747.0,17668.5,17671.5,3409,50
1700582400,17672.5,17786.5,17608.5,17691.5,8610,50
1700596800,17699.5,17699.5,17629.0,17677.0,2816,50
1700611200,17666.0,17784.0,17625.0,17751.0,4373,80
1700625600,17751.0,17806.0,17685.0,17715.0,7323,50
1700640000,17716.0,17767.0,17653.0,17729.5,5945,50
1700654400,17731.5,17792.5,17725.0,17751.5,3665,50
1700668800,17754.5,17770.0,17598.5,17678.5,9112,50
1700683200,17677.5,17704.5,17630.0,17661.0,2121,50
1700697600,17655.0,17716.0,17576.0,17643.0,3840,80
1700712000,17642.0,17734.5,17635.0,17732.0,8096,50
1700726400,17733.0,17953.5,17728.5,17933.5,7703,50
1700740800,17932.5,17952.0,17839.5,17845.5,2704,50
1700755200,17858.0,17897.5,17824.0,17844.0,3627,50
1700769600,17843.0,17858.0,17837.5,17840.0,254,50
1700784000,17840.0,17857.0,17672.0,17695.0,4102,80
1700798400,17692.0,17698.5,17594.5,17637.0,7340,50
1700812800,17637.0,17637.5,17532.0,17567.5,5624,50
1700827200,17567.5,17605.5,17563.0,17576.5,3086,50
1700841600,17576.5,17704.5,17554.0,17686.5,6922,50
1700856000,17699.5,17699.5,17652.0,17657.0,498,50
1701043200,17641.0,17703.5,17476.0,17494.0,4055,70
1701057600,17495.0,17512.5,17362.0,17465.0,7550,50
1701072000,17467.0,17584.5,17462.0,17517.5,5802,50
1701086400,17517.5,17564.0,17515.5,17519.5,3017,50
1701100800,17521.5,17524.5,17459.5,17497.5,7227,50
1701115200,17499.0,17526.5,17466.0,17474.0,1834,50
1701129600,17474.0,17564.0,17419.0,17499.0,4198,80
1701144000,17500.0,17524.0,17315.0,17338.0,7481,50
1701158400,17337.0,17427.5,17323.0,17379.5,5771,50
1701172800,17380.0,17416.5,17360.5,17392.5,3140,50
1701187200,17392.5,17410.5,17297.0,17328.0,7510,50
1701201600,17327.5,17366.0,17300.0,17364.0,2202,50
1701216000,17363.0,17409.0,17169.0,17211.0,4411,70
1701230400,17207.0,17230.0,16941.0,16973.0,8718,50
1701244800,16970.0,17035.5,16889.0,17022.0,6576,50
1701259200,17022.0,17041.5,16964.0,16969.5,3848,50
1701273600,16968.0,17092.0,16947.5,17015.5,8295,50
1701288000,17016.0,17039.5,16944.0,16964.0,2176,50
1701302400,16975.0,17075.0,16871.0,16932.0,4462,50
1701316800,16930.0,17074.0,16912.0,16966.0,8875,50
1701331200,16964.0,17073.5,16952.0,16975.5,6461,50
1701345600,16976.0,17035.5,16956.0,16998.5,3494,50
1701360000,16997.5,17065.5,16884.5,16986.5,9060,50
1701374400,16986.0,17041.0,16979.0,17016.0,2212,50
1701388800,17006.0,17059.0,16914.0,16963.0,4384,80
1701403200,16964.0,17041.0,16857.0,17015.0,10538,50
1701417600,17014.0,17017.0,16800.0,16856.0,7802,50
1701432000,16855.5,16874.5,16768.5,16789.0,3075,50
1701446400,16788.5,16886.5,16677.5,16868.0,10342,50
1701460800,16867.5,16883.5,16843.0,16871.0,2482,50
1701648000,16875.0,17031.0,16827.0,16924.0,5577,50
1701662400,16922.0,16922.0,16706.0,16755.0,9617,50
1701676800,16755.0,16781.0,16617.0,16687.5,7148,50
1701691200,16687.5,16710.5,16658.5,16659.5,3299,50
1701705600,16660.5,16730.5,16617.5,16673.5,9111,50
1701720000,16688.0,16688.5,16612.0,16622.0,2233,50
1701734400,16618.0,16677.0,16427.0,16486.0,4989,50
1701748800,16485.0,16505.0,16330.0,16372.0,9925,50
1701763200,16372.0,16378.0,16215.0,16310.5,8371,50
1701777600,16309.5,16330.5,16267.5,16304.0,3645,50
1701792000,16302.5,16354.0,16267.0,16338.5,10316,50
1701806400,16351.5,16376.0,16328.5,16367.0,2618,50
1701820800,16368.0,16446.0,16232.0,16371.0,4934,50
1701835200,16371.0,16596.5,16354.0,16502.0,9961,50
1701849600,16501.0,16521.0,16405.0,16443.5,7466,50
1701864000,16443.0,16464.5,16416.5,16445.5,3239,50
1701878400,16444.5,16528.0,16418.0,16418.5,8624,50
1701892800,16418.5,16441.5,16364.0,16374.0,2275,50
1701907200,16379.0,16413.0,16152.0,16193.0,4809,50
1701921600,16192.0,16311.0,16141.0,16272.0,9538,50
1701936000,16274.0,16358.5,16252.0,16346.5,7195,50
1701950400,16347.0,16397.5,16304.5,16377.5,3651,50
1701964800,16378.0,16412.0,16312.5,16397.5,8836,50
1701979200,16408.5,16431.0,16368.0,16403.0,2094,50
1701993600,16405.0,16459.0,16273.0,16273.0,3750,70
1702008000,16273.0,16421.0,16228.0,16365.0,9476,50
1702022400,16363.0,16373.0,16287.0,16340.5,6626,50
1702036800,16339.5,16380.0,16284.5,16304.5,4107,50
1702051200,16306.5,16339.5,16212.5,16234.0,8841,50
1702065600,16233.5,16289.0,16233.0,16255.0,2020,50
1702252800,16263.0,16296.0,15948.5,16131.0,5290,80
1702267200,16132.0,16146.0,15967.0,16064.0,8485,50
1702281600,16062.0,16278.0,16054.0,16173.5,8063,50
1702296000,16173.0,16241.5,16161.5,16233.5,2794,50
1702310400,16234.5,16334.5,16175.5,16302.5,6428,50
1702324800,16313.5,16342.0,16295.0,16308.0,1313,50
1702339200,16288.0,16327.0,16157.0,16272.0,3981,50
1702353600,16273.0,16369.5,16245.0,16311.0,8133,50
1702368000,16314.0,16428.5,16314.0,16401.5,6306,50
1702382400,16401.0,16428.0,16275.5,16284.5,4067,50
1702396800,16285.5,16316.5,16216.5,16272.0,6955,50
1702411200,16272.0,16375.5,16271.0,16360.0,2028,50
1702425600,16336.0,16360.0,16244.0,16276.0,4019,50
1702440000,16275.0,16295.0,16167.0,16216.0,7634,50
1702454400,16215.0,16280.5,16134.0,16257.0,5978,50
1702468800,16256.5,16284.5,16234.5,16273.5,2812,50
1702483200,16274.0,16293.5,16111.5,16119.0,6471,50
1702497600,16120.0,16338.0,16100.5,16283.0,3651,50
1702512000,16298.0,16588.0,16292.0,16491.0,5506,50
1702526400,16491.0,16496.0,16351.0,16387.0,9269,50
1702540800,16386.0,16451.5,16317.0,16442.5,7574,50
1702555200,16441.5,16511.5,16419.5,16498.0,4262,50
1702569600,16497.5,16712.0,16469.5,16675.5,9445,50
1702584000,16675.5,16676.0,16601.0,16630.0,2776,50
1702598400,16628.0,16745.0,16621.0,16717.0,4542,50
1702612800,16718.0,16980.0,16712.0,16762.0,10592,50
1702627200,16764.0,16829.0,16716.0,16793.5,6631,50
1702641600,16804.0,16832.5,16705.5,16753.5,3993,50
1702656000,16754.5,16842.5,16693.5,16731.5,8815,50
1702670400,16731.0,16749.5,16651.0,16684.0,2933,50
1702857600,16719.0,16742.0,16594.0,16637.0,4670,80
1702872000,16636.0,16717.0,16612.0,16616.0,8689,50
1702886400,16614.0,16695.5,16570.0,16652.5,6079,50
1702900800,16653.0,16664.5,16594.5,16620.5,2784,50
1702915200,16620.0,16631.5,16472.5,16544.5,6851,50
1702929600,16545.5,16558.5,16511.0,16532.0,1643,50
1702944000,16539.0,16572.0,16407.0,16459.0,4022,80
1702958400,16464.0,16591.0,16443.0,16486.0,8722,50
1702972800,16486.0,16566.5,16443.0,16534.5,5937,50
1702987200,16534.5,16606.0,16523.0,16597.5,2681,50
1703001600,16597.5,16753.5,16587.5,16732.5,6674,50
1703016000,16732.5,16752.5,16686.0,16707.0,1620,50
1703030400,16700.0,16753.0,16636.0,16722.0,4158,50
1703044800,16721.0,16724.0,16629.0,16662.0,8102,50
1703059200,16659.0,16686.0,16550.0,16562.0,6551,50
1703073600,16562.5,16581.5,16527.5,16549.0,2715,50
1703088000,16549.5,16584.0,16501.5,16527.5,5869,50
1703102400,16527.5,16545.5,16324.0,16371.0,3416,50
1703116800,16365.0,16519.0,16342.5,16476.0,4503,80
1703131200,16472.0,16643.0,16437.0,16600.0,8814,50
1703145600,16602.0,16649.5,16550.0,16565.0,5252,50
1703160000,16564.5,16660.0,16548.0,16645.5,3655,50
1703174400,16646.5,16700.0,16578.5,16641.5,9760,50
1703188800,16643.0,16737.0,16629.5,16724.0,3264,50
1703203200,16711.0,16767.0,16642.0,16665.0,3941,80
1703217600,16664.0,16855.0,16341.0,16424.0,12366,50
1703232000,16424.0,16449.0,16261.0,16350.5,8338,50
1703246400,16349.0,16419.0,16342.5,16419.0,3612,50
1703260800,16418.5,16581.5,16396.5,16570.0,8558,50
1703275200,16576.0,16576.0,16511.0,16511.0,931,50
1703635200,16591.0,16617.0,16442.0,16462.0,3100,80
1703649600,16462.0,16650.0,16447.0,16599.0,7560,50
1703664000,16598.0,16692.0,16582.0,16646.5,5157,50
1703678400,16646.5,16685.5,16645.5,16648.5,2292,50
1703692800,16651.5,16726.0,16628.5,16637.0,5423,50
1703707200,16637.5,16675.0,16614.0,16669.0,2220,50
1703721600,16657.0,16804.0,16641.0,16760.0,4232,50
1703736000,16759.0,17092.0,16759.0,17061.0,9286,50
1703750400,17061.0,17098.0,17020.5,17065.5,6265,50
1703764800,17066.0,17079.5,16972.5,16973.5,3513,50
1703779200,16974.0,17079.0,16958.0,17018.5,6602,50
1703793600,17023.5,17030.0,16973.0,17020.0,1989,50
1703808000,17022.0,17121.0,16968.0,17024.0,4203,50
1703822400,17027.0,17065.0,16942.5,17026.0,7490,50
1703836800,17027.0,17043.0,16976.5,16978.5,4901,50
1703851200,16977.0,17023.0,16976.0,16984.5,2528,50
1703865600,16985.0,17091.0,16963.0,17045.5,6475,50
1703880000,17046.0,17064.5,17033.5,17058.0,1124,50
1704153600,17092.0,17165.0,16829.0,16831.0,3553,50
1704168000,16831.0,16885.0,16728.0,16737.0,8109,50
1704182400,16737.0,16793.5,16704.0,16758.5,5989,50
1704196800,16761.5,16762.0,16594.0,16634.5,4681,50
1704211200,16635.0,16659.5,16544.5,16616.5,9785,50
1704225600,16617.0,16618.0,16494.5,16517.0,2802,50
1704240000,16529.0,16624.0,16506.0,16555.0,4378,80
1704254400,16557.0,16630.0,16535.0,16566.0,7854,50
1704268800,16566.0,16640.0,16535.5,16535.5,6245,50
1704283200,16537.5,16542.5,16472.5,16500.0,3847,50
1704297600,16499.0,16661.5,16484.5,16658.5,9333,50
1704312000,16657.5,16686.5,16624.0,16638.0,3395,50
1704326400,16644.0,16663.0,16565.0,16580.0,4272,50
1704340800,16582.0,16582.0,16477.0,16521.0,7584,50
1704355200,16520.0,16653.0,16503.5,16620.0,6086,50
1704369600,16620.5,16631.5,16549.5,16549.5,3686,50
1704384000,16549.0,16591.5,16507.5,16517.5,7722,50
1704398400,16517.5,16528.5,16484.0,16522.0,2440,50
1704412800,16527.0,16614.0,16414.0,16607.0,4484,50
1704427200,16607.0,16723.0,16510.0,16515.0,8264,50
1704441600,16514.0,16546.0,16442.0,16465.5,6525,50
1704456000,16465.5,16519.0,16420.5,16483.5,4955,50
1704470400,16486.5,16612.5,16473.5,16486.0,10861,50
1704484800,16486.0,16521.0,16462.5,16497.0,2630,50
1704672000,16507.0,16576.0,16312.0,16312.0,4265,50
1704686400,16308.0,16329.0,16121.0,16127.0,8789,50
1704700800,16127.0,16196.5,16108.0,16155.5,6869,50
1704715200,16155.5,16183.5,16119.0,16139.5,4058,50
1704729600,16139.5,16306.5,16134.5,16287.5,7889,50
1704744000,16287.5,16306.0,16251.0,16263.0,2015,50
1704758400,16277.0,16330.0,16195.0,16282.0,4353,50
1704772800,16280.0,16392.0,16201.0,16217.0,8768,50
1704787200,16217.0,16271.0,16098.0,16149.5,6704,50
1704801600,16149.0,16155.0,16062.5,16067.5,3541,50
1704816000,16066.5,16110.5,16046.5,16059.5,6627,50
1704830400,16059.5,16087.5,16038.0,16045.0,2676,50
1704844800,16054.0,16194.0,16011.0,16192.0,4417,80
1704859200,16193.0,16227.0,16041.0,16077.0,7782,50
1704873600,16078.0,16125.5,16002.0,16095.5,5857,50
1704888000,16104.5,16111.5,16050.5,16062.5,3093,50
1704902400,16062.5,16112.5,16029.0,16053.5,6394,50
1704916800,16054.0,16092.0,16044.5,16064.0,2702,50
1704931200,16046.0,16189.0,16035.0,16162.0,4373,50
1704945600,16162.0,16428.0,16157.0,16385.0,8891,50
1704960000,16386.0,16390.0,16236.0,16242.5,6295,50
1704974400,16242.5,16301.0,16152.0,16159.5,4314,50
1704988800,16160.5,16239.0,16072.5,16131.5,10887,50
1705003200,16131.0,16177.5,16127.0,16144.5,3098,50
1705017600,16136.0,16316.0,16122.0,16279.0,4754,50
1705032000,16278.0,16360.0,16214.0,16232.0,7982,50
1705046400,16232.0,16258.0,16153.0,16181.5,5700,50
1705060800,16181.0,16252.0,16155.0,16247.5,4210,50
1705075200,16248.5,16349.0,16236.5,16247.0,9416,50
1705089600,16247.0,16260.5,16184.0,16189.0,2328,50
1705276800,16196.0,16277.0,16067.0,16150.0,4936,50
1705291200,16150.0,16316.0,16144.0,16167.0,8871,50
1705305600,16169.0,16206.5,16134.0,16145.5,5624,50
1705320000,16152.5,16157.0,16067.5,16071.5,3168,50
1705334400,16071.5,16124.5,16045.5,16114.0,3299,50
1705348800,16115.0,16121.5,16086.0,16086.0,727,50
1705363200,16077.0,16169.0,15900.0,16151.0,5227,80
1705377600,16153.0,16172.0,15794.0,15806.0,10136,50
1705392000,15807.0,15885.0,15773.0,15815.5,8163,50
1705406400,15814.5,15887.5,15802.5,15838.5,4506,50
1705420800,15838.0,15864.0,15706.0,15723.5,9915,50
1705435200,15725.5,15748.0,15694.0,15731.0,2738,50
1705449600,15713.0,15732.0,15456.0,15498.5,4664,65
1705464000,15499.5,15511.0,15311.0,15315.0,8995,50
1705478400,15314.0,15316.0,15151.0,15231.5,8890,50
1705492800,15231.0,15268.5,15161.5,15165.5,3866,50
1705507200,15166.5,15260.5,15124.5,15189.5,8894,50
1705521600,15190.5,15288.0,15184.5,15232.0,2033,50
1705536000,15219.0,15373.0,15155.0,15373.0,5381,50
1705550400,15372.0,15376.0,15196.0,15303.0,11737,50
1705564800,15303.0,15430.0,15300.0,15366.0,8431,50
1705579200,15365.5,15408.5,15337.5,15354.0,3793,50
1705593600,15355.5,15422.0,15312.0,15341.0,7708,50
1705608000,15340.5,15394.0,15320.5,15366.0,2676,50
1705622400,15381.0,15508.0,15316.0,15507.0,5149,50
1705636800,15505.0,15507.0,15247.0,15252.0,10085,10
1705651200,15250.0,15305.0,15182.0,15291.5,7312,10
1705665600,15292.5,15349.5,15243.5,15256.5,3940,10
1705680000,15257.0,15472.5,15186.5,15439.0,9771,10
1705694400,15436.0,15439.5,15392.0,15394.0,2748,10
1705881600,15402.0,15445.5,15131.0,15144.0,5340,80
1705896000,15145.0,15146.0,14897.0,14920.0,10922,10
1705910400,14921.0,14993.5,14762.0,14962.0,8697,10
1705924800,14961.5,15010.5,14922.0,14993.5,3723,10
1705939200,14992.5,15137.5,14957.5,15122.5,7864,10
1705953600,15123.5,15131.5,15047.0,15067.0,2334,10
1705968000,15066.0,15231.0,14965.0,15228.0,5221,20
1705982400,15228.0,15454.0,15147.0,15428.0,13303,10
1705996800,15430.0,15498.0,15249.0,15291.5,7682,10
1706011200,15290.0,15520.5,15261.5,15509.5,4687,10
1706025600,15508.5,15660.5,15489.5,15588.0,10660,10
1706040000,15587.0,15640.0,15576.0,15614.0,2289,10
1706054400,15606.0,15701.0,15540.0,15560.0,5010,80
1706068800,15562.0,15601.0,15384.0,15545.0,11319,10
1706083200,15545.0,16104.0,15513.0,16054.5,11466,10
1706097600,16053.5,16220.5,16048.5,16194.0,5431,10
1706112000,16193.0,16222.5,16041.0,16102.5,10000,10
1706126400,16102.5,16109.5,16016.0,16080.0,3517,10
1706140800,16085.0,16100.0,15799.0,15945.0,5304,10
1706155200,15945.0,16209.0,15904.0,16152.0,12020,10
1706169600,16154.0,16231.0,16150.0,16194.0,7469,10
1706184000,16193.0,16232.5,16166.5,16192.5,4279,10
1706198400,16191.5,16284.0,16032.5,16060.5,10924,10
1706212800,16061.0,16126.0,16029.0,16102.0,3335,10
1706227200,16098.0,16207.0,16022.0,16133.0,5132,80
1706241600,16131.0,16228.0,16002.0,16127.0,10452,10
1706256000,16128.0,16128.0,15870.0,15973.5,9892,10
1706270400,15972.5,16037.5,15964.0,16015.5,3958,10
1706284800,16014.5,16116.5,15972.5,16070.5,7930,10
1706299200,16070.5,16090.5,16035.0,16041.0,2390,10
1706486400,16031.0,16240.0,16004.0,16205.0,9955,80
1706500800,16207.0,16269.0,16016.0,16061.0,20320,10
1706515200,16060.0,16120.0,16022.0,16022.5,11717,10
1706529600,16023.0,16104.5,16014.5,16045.5,3445,10
1706544000,16044.5,16073.5,15804.0,15805.5,10788,10
1706558400,15835.5,15897.0,15756.0,15870.0,3405,20
1706572800,15854.0,15922.0,15770.0,15801.0,9159,10
1706587200,15801.0,15847.0,15658.0,15753.0,20955,10
1706601600,15752.0,15789.0,15590.0,15603.5,13872,10
1706616000,15604.0,15668.0,15595.0,15624.5,4364,10
1706630400,15623.5,15702.0,15550.5,15640.0,11852,10
1706644800,15639.5,15671.0,15616.0,15618.0,3613,10
1706659200,15600.0,15739.0,15567.0,15578.0,9897,80
1706673600,15579.0,15629.0,15454.0,15493.0,23408,10
1706688000,15494.0,15533.0,15407.0,15434.5,14565,10
1706702400,15435.5,15517.0,15399.0,15487.5,5060,10
1706716800,15488.5,15687.5,15469.0,15588.5,16061,10
1706731200,15588.5,15619.0,15467.5,15529.0,8509,10
1706745600,15530.0,15584.0,15410.0,15452.0,10099,80
1706760000,15453.0,15800.0,15449.0,15568.0,25839,10
1706774400,15569.0,15623.0,15503.0,15601.5,13880,10
1706788800,15601.5,15629.5,15569.5,15589.5,4588,10
1706803200,15587.5,15661.5,15510.5,15621.5,16754,10
1706817600,15621.0,15682.0,15596.0,15643.0,6243,10
1706832000,15636.0,15900.0,15619.0,15863.0,10201,80
1706846400,15861.0,15907.0,15513.0,15514.0,24021,10
1706860800,15513.0,15632.0,15417.0,15474.5,18684,10
1706875200,15474.0,15515.5,15351.5,15360.5,6130,10
1706889600,15360.0,15396.5,15279.5,15334.5,16886,10
1706904000,15335.5,15391.5,15325.0,15325.0,4979,10
1707091200,15330.0,15492.0,15248.0,15445.0,12173,80
1707105600,15447.0,15675.0,15347.0,15632.0,33203,70
1707120000,15631.0,15657.0,15469.0,15483.5,16385,10
1707134400,15482.5,15545.0,15436.0,15447.5,4617,10
1707148800,15447.5,15625.0,15414.5,15584.5,14253,10
1707163200,15585.5,15635.0,15549.0,15564.0,3931,20
1707177600,15565.0,15754.0,15521.0,15716.0,10109,80
1707192000,15717.0,16104.0,15693.0,16078.0,31238,10
1707206400,16079.0,16173.5,16049.0,16098.5,15564,10
1707220800,16097.5,16128.5,16057.0,16073.5,4735,10
1707235200,16072.5,16276.5,16009.5,16234.5,17439,10
1707249600,16234.5,16280.0,16177.0,16277.0,4685,10
1707264000,16270.0,16407.0,16224.0,16401.0,10873,80
1707278400,16403.0,16408.0,16050.0,16094.0,26645,10
1707292800,16093.0,16126.5,16027.5,16085.5,12379,10
1707307200,16086.0,16239.0,16002.5,16010.5,7307,10
1707321600,16011.5,16120.0,15942.5,15963.0,18834,20
1707336000,15964.0,16000.5,15957.0,15982.5,4316,20
1707350400,15971.0,16062.0,15914.0,16049.0,9280,80
1707364800,16048.0,16083.0,15840.0,15882.0,22722,10
1707379200,15881.0,15910.0,15798.0,15859.5,10711,10
1707393600,15858.5,15888.0,15775.0,15790.5,4674,10
1707408000,15788.5,15835.0,15695.0,15697.5,12042,10
1707422400,15698.0,15739.5,15669.0,15669.0,3340,10
1707436800,15672.0,15688.0,15513.0,15534.0,7150,20
1707451200,15533.0,15746.0,15509.0,15715.0,10251,10
1707868800,15662.0,15662.0,15428.0,15569.0,7517,20
1707883200,15571.0,15837.0,15525.0,15816.0,14594,10
1707897600,15818.0,15984.0,15818.0,15942.0,10025,10
1707912000,15941.5,15963.0,15900.5,15900.5,4733,10
1707926400,15901.5,15933.0,15834.0,15905.0,14020,10
1707940800,15905.0,15958.0,15881.0,15931.0,3979,10
1707955200,15933.0,15934.0,15734.0,15771.0,7162,20
1707969600,15773.0,16034.0,15719.0,15927.0,12944,10
1707984000,15927.0,15986.5,15896.0,15950.5,7273,10
1707998400,15951.5,15995.0,15939.0,15963.5,4213,10
1708012800,15962.5,16051.5,15947.5,16002.5,13832,10
1708027200,16002.5,16032.0,15970.0,16002.0,3504,10
1708041600,16005.0,16077.0,15919.0,16064.0,7020,10
1708056000,16063.0,16383.0,15996.0,16351.0,15078,10
1708070400,16353.0,16400.0,16287.0,16330.0,9686,10
1708084800,16331.0,16386.5,16266.5,16299.5,5119,10
1708099200,16300.5,16388.5,16281.5,16350.5,15029,10
1708113600,16360.5,16360.5,16263.0,16271.5,4469,10
1708300800,16289.0,16418.0,16144.0,16167.0,9933,10
1708315200,16167.0,16243.0,16130.0,16166.0,18283,10
1708329600,16167.0,16226.0,16106.0,16155.5,8855,10
1708344000,16156.5,16194.0,16135.5,16185.5,2483,10
1708358400,16185.5,16208.0,16171.5,16187.0,3184,10
1708372800,16186.5,16202.0,16169.0,16174.0,659,10
1708387200,16175.0,16338.0,16046.0,16131.0,9739,10
1708401600,16130.0,16203.0,16059.0,16153.0,16592,10
1708416000,16155.0,16298.5,16144.0,16286.5,10348,10
1708430400,16286.5,16317.5,16260.5,16300.5,3989,10
1708444800,16300.0,16348.5,16127.5,16178.0,12603,10
1708459200,16178.5,16189.0,16157.0,16184.0,3735,10
1708473600,16188.0,16491.0,16132.0,16485.0,9153,80
1708488000,16485.0,16765.0,16447.0,16635.0,22658,10
1708502400,16635.0,16658.0,16428.5,16432.5,13034,10
1708516800,16432.0,16522.0,16432.0,16446.5,5225,10
1708531200,16447.0,16554.0,16431.0,16454.0,12287,10
1708545600,16453.5,16517.0,16398.0,16516.0,7314,10
1708560000,16517.0,16555.0,16445.0,16522.0,9260,20
1708574400,16522.0,16677.0,16411.0,16621.0,17009,10
1708588800,16620.0,16792.0,16571.0,16738.5,12623,10
1708603200,16737.5,16744.5,16666.0,16671.0,4220,10
1708617600,16670.5,16683.0,16550.5,16660.0,14035,10
1708632000,16659.5,16682.0,16641.0,16654.0,3594,10
1708646400,16661.0,16893.0,16602.0,16816.0,8420,10
1708660800,16814.0,16818.0,16665.0,16712.0,15521,10
1708675200,16711.0,16773.0,16683.5,16709.5,9320,10
1708689600,16710.0,16806.5,16706.5,16784.5,3857,10
1708704000,16785.5,16813.5,16653.5,16745.0,11378,10
1708718400,16746.5,16751.5,16679.0,16680.0,3320,10
1708905600,16702.0,16772.0,16620.0,16650.0,9270,10
1708920000,16651.0,16697.0,16575.0,16661.0,15393,10
1708934400,16660.0,16661.0,16594.5,16653.0,8843,10
1708948800,16652.5,16706.5,16649.5,16679.5,3214,10
1708963200,16680.0,16750.0,16648.0,16679.0,10470,10
1708977600,16678.5,16683.0,16604.0,16606.0,3507,10
1708992000,16610.0,16687.0,16547.0,16592.0,7660,80
1709006400,16594.0,16678.0,16445.0,16570.0,16551,10
1709020800,16569.0,16861.5,16542.0,16839.5,12032,10
1709035200,16839.5,16854.5,16796.0,16813.5,2931,10
1709049600,16812.5,16855.0,16791.0,16836.5,8668,10
1709064000,16836.0,16854.5,16824.0,16841.0,2548,10
1709078400,16844.0,16875.5,16729.0,16783.0,7684,70
1709092800,16784.0,16840.0,16611.0,16641.0,20385,70
1709107200,16640.0,16648.0,16408.5,16419.5,14236,10
1709121600,16418.5,16503.5,16418.5,16496.5,4238,10
1709136000,16497.5,16513.0,16375.5,16408.5,10700,10
1709150400,16408.0,16437.5,16376.0,16386.0,3691,10
1709164800,16393.0,16606.0,16364.0,16539.0,8212,10
1709179200,16540.0,16693.0,16472.0,16538.0,19968,10
1709193600,16536.0,16634.0,16406.0,16442.5,12524,10
1709208000,16441.5,16500.0,16407.5,16474.5,4291,10
1709222400,16473.5,16508.0,16344.0,16379.5,12767,10
1709236800,16378.0,16409.0,16369.5,16385.5,2959,10
1709251200,16394.0,16460.0,16139.5,16458.0,9562,70
1709265600,16459.0,16630.0,16424.0,16524.0,21314,10
1709280000,16525.0,16617.0,16521.0,16545.5,10929,10
1709294400,16544.5,16580.0,16502.5,16533.5,4308,10
1709308800,16534.0,16595.5,16476.5,16581.5,12024,10
1709323200,16580.5,16599.0,16557.0,16557.0,2933,10
1709510400,16569.0,16645.0,16477.0,16512.0,9278,10
1709524800,16512.0,16649.0,16451.0,16538.0,18974,10
1709539200,16537.0,16581.5,16476.0,16555.5,10032,10
1709553600,16556.0,16560.5,16524.5,16541.5,3013,10
1709568000,16541.5,16543.5,16357.5,16360.5,11278,10
1709582400,16360.0,16377.5,16344.0,16356.0,2938,10
1709596800,16371.0,16434.0,16250.0,16408.0,9202,80
1709611200,16408.0,16419.0,16072.0,16087.0,20798,80
1709625600,16086.0,16182.0,16055.0,16119.5,12316,10
1709640000,16120.0,16194.5,16110.0,16194.5,4131,10
1709654400,16195.5,16241.0,16116.0,16150.5,11704,10
1709668800,16151.0,16163.5,16076.5,16121.0,3804,10
1709683200,16120.0,16217.0,16107.0,16195.0,8310,80
1709697600,16196.0,16534.0,16168.0,16455.0,20863,10
1709712000,16456.0,16485.0,16337.0,16458.0,11740,10
1709726400,16462.0,16503.0,16433.5,16498.5,4416,10
1709740800,16499.5,16542.5,16453.5,16504.5,15059,10
1709755200,16504.5,16520.0,16411.0,16437.0,6094,10
1709769600,16376.0,16507.0,16341.0,16388.0,8763,80
1709784000,16388.0,16466.0,16249.0,16263.0,19513,10
1709798400,16265.0,16280.0,16103.0,16217.5,13080,10
1709812800,16218.0,16246.0,16187.5,16227.0,3933,10
1709827200,16226.5,16271.0,16173.5,16262.5,11649,10
1709841600,16262.0,16292.5,16225.0,16258.0,3713,10
1709856000,16264.0,16483.0,16240.0,16415.0,8628,80
1709870400,16416.0,16463.0,16274.0,16457.0,18339,10
1709884800,16456.0,16461.0,16286.0,16307.5,11114,10
1709899200,16306.5,16389.5,16269.5,16340.5,5871,10
1709913600,16339.5,16390.5,16272.5,16313.0,16581,10
1709928000,16313.0,16361.0,16304.5,16345.0,4695,10
1710115200,16351.0,16622.0,16284.0,16529.0,7266,70
1710129600,16528.0,16588.0,16431.0,16562.0,18649,10
1710144000,16562.0,16605.0,16540.0,16594.5,9050,10
1710158400,16595.0,16731.5,16556.5,16656.5,8136,10
1710172800,16655.5,16705.5,16628.5,16689.0,10357,10
1710187200,16689.5,16692.5,16633.0,16672.0,2434,10
1710201600,16678.0,16812.0,16605.0,16785.0,9240,80
1710216000,16784.0,17044.0,16669.0,17041.0,21220,10
1710230400,17040.0,17170.0,16982.0,17113.5,13034,10
1710244800,17113.0,17123.0,16960.0,17000.5,12481,10
1710259200,17000.0,17076.0,16993.0,17043.0,12999,10
1710273600,17043.5,17061.0,17021.0,17035.0,2650,10
1710288000,17033.0,17174.0,16999.0,17131.0,8982,80
1710302400,17131.0,17214.0,17046.0,17196.0,18082,10
1710316800,17196.0,17204.0,17058.0,17091.5,10681,10
1710331200,17095.5,17210.5,17081.0,17187.5,6700,10
1710345600,17187.5,17201.0,17109.5,17126.5,10471,10
1710360000,17125.5,17138.5,17069.0,17087.0,2524,10
1710374400,17075.0,17199.0,17059.0,17154.0,8758,10
1710388800,17155.0,17163.0,16888.0,16899.0,17522,10
1710403200,16898.0,16952.0,16861.0,16943.5,10110,10
1710417600,16944.5,16961.0,16785.5,16798.5,8052,10
1710432000,16797.5,16825.5,16738.5,16770.5,9784,10
1710446400,16771.0,16781.0,16709.0,16761.0,3180,10
1710460800,16766.0,16807.0,16685.0,16709.0,8636,10
1710475200,16707.0,16708.0,16523.0,16614.0,15877,10
1710489600,16613.0,16727.5,16593.0,16712.5,9810,10
1710504000,16713.5,16755.5,16674.5,16717.5,6130,10
1710518400,16719.0,16779.5,16684.0,16704.0,9073,10
1710532800,16704.5,16725.5,16686.0,16695.0,2494,10
1710720000,16717.0,16751.0,16618.0,16743.0,9036,80
1710734400,16745.0,16794.0,16629.0,16756.0,18079,10
1710748800,16755.0,16777.0,16710.5,16715.0,8358,10
1710763200,16715.5,16747.0,16619.5,16643.0,5537,10
1710777600,16643.5,16697.0,16622.0,16645.5,6396,10
1710792000,16646.5,16666.0,16628.0,16647.0,1681,10
1710806400,16648.0,16653.0,16456.0,16595.0,8275,10
1710820800,16595.0,16673.0,16494.0,16558.0,14745,10
1710835200,16559.0,16569.0,16495.0,16514.5,8895,10
1710849600,16517.0,16581.0,16494.0,16494.0,5361,10
1710864000,16494.0,16635.5,16481.0,16605.5,7330,10
1710878400,16606.0,16614.0,16575.0,16604.0,2212,10
1710892800,16610.0,16630.0,16405.0,16516.0,8137,85
1710907200,16515.0,16645.0,16495.0,16565.0,16203,10
1710921600,16566.0,16604.0,16517.0,16533.0,7621,10
1710936000,16533.5,16631.0,16531.0,16574.0,5661,10
1710950400,16574.5,16619.0,16540.5,16597.5,6139,10
1710964800,16597.0,16744.0,16590.5,16728.0,7727,10
1710979200,16719.0,16953.0,16623.5,16947.0,10130,60
1710993600,16947.0,16983.0,16793.0,16928.0,16691,10
1711008000,16930.0,16947.0,16772.5,16785.5,9995,10
1711022400,16785.0,16800.5,16725.0,16754.0,5839,10
1711036800,16754.5,16767.5,16704.0,16721.0,7359,10
1711051200,16721.5,16733.5,16704.5,16716.5,2217,10
1711065600,16718.5,16762.0,16538.5,16542.5,8444,85
1711080000,16541.5,16582.0,16317.0,16408.0,18971,20
1711094400,16407.0,16551.0,16386.0,16502.5,13358,10
1711108800,16502.0,16518.5,16415.0,16462.0,7543,10
1711123200,16461.5,16529.5,16439.5,16486.5,7235,10
1711137600,16485.5,16494.5,16454.0,16458.0,2196,10
1711324800,16470.0,16592.0,16439.0,16534.0,9447,85
1711339200,16535.0,16615.0,16486.0,16508.0,18342,10
1711353600,16507.0,16538.0,16417.0,16417.5,10454,10
1711368000,16417.0,16504.5,16385.5,16469.0,5263,10
1711382400,16469.5,16523.5,16445.5,16465.5,6284,10
1711396800,16465.5,16508.5,16439.0,16446.0,1423,10
1711411200,16448.0,16659.0,16445.0,16521.0,8826,70
1711425600,16522.0,16607.0,16449.0,16563.0,15611,10
1711440000,16561.0,16737.0,16552.0,16639.5,11378,10
1711454400,16639.0,16679.0,16527.0,16559.0,4528,10
1711468800,16558.5,16587.0,16505.5,16523.5,5034,10
1711483200,16558.0,16567.0,16504.0,16512.0,1471,10
1711497600,16528.0,16601.0,16355.0,16500.0,7534,10
1711512000,16498.0,16587.0,16396.0,16441.0,17963,10
1711526400,16441.0,16498.0,16309.0,16360.5,11265,10
1711540800,16361.5,16415.0,16310.5,16367.0,5590,10
1711555200,16367.5,16462.0,16351.5,16394.5,6764,10
1711569600,16395.0,16461.0,16392.5,16432.5,1846,10
1711584000,16431.0,16443.0,16314.0,16342.0,8446,70
1711598400,16342.0,16705.5,16338.0,16602.0,20801,10
1711612800,16603.0,16635.0,16451.0,16492.0,11047,10
1711627200,16530.0,16587.0,16483.5,16565.5,6191,10
1711641600,16566.5,16662.0,16545.0,16578.0,7449,10
1711656000,16577.5,16624.0,16567.5,16577.0,998,10
1712030400,16749.5,17026.5,16749.5,16912.0,17997,10
1712044800,16911.0,16964.5,16845.0,16879.0,13984,10
1712059200,16880.0,16974.5,16873.0,16958.5,4186,10
1712073600,16958.5,17027.5,16876.0,16959.5,11429,10
1712088000,16960.0,16994.5,16895.0,16920.0,3119,10
1712102400,16917.0,16920.0,16867.0,16871.0,1716,285
1712116800,16874.0,16918.0,16698.0,16779.0,18077,10
1712131200,16791.0,16791.0,16655.0,16686.5,12832,10
1712145600,16689.5,16756.5,16684.0,16699.5,4057,10
1712160000,16700.5,16825.5,16690.0,16783.5,11591,10
1712174400,16783.5,16851.5,16780.5,16797.0,2659,10
1712289600,16770.5,16817.0,16444.0,16564.0,17371,10
1712304000,16564.0,16772.5,16564.0,16659.0,13171,10
1712318400,16658.0,16745.5,16640.5,16660.5,4748,10
1712332800,16660.5,16766.5,16638.5,16747.0,11373,10
1712347200,16746.5,16780.5,16693.0,16702.0,5142,10
1712534400,16736.0,16748.0,16662.0,16704.0,1691,285
1712548800,16706.0,16888.0,16547.5,16656.0,21970,10
1712563200,16686.0,16786.0,16661.0,16705.0,15639,0
1712577600,16703.0,16805.0,16695.0,16778.5,4724,10
1712592000,16779.0,16872.0,16779.0,16795.5,12039,0
1712606400,16795.0,16823.0,16754.0,16768.5,4001,10
1712620800,16772.0,16781.0,16756.0,16758.0,1165,285
1712635200,16758.0,17011.0,16758.0,16816.0,19694,10
1712649600,16815.0,16882.0,16781.0,16790.0,13275,10
1712664000,16788.0,16894.0,16782.0,16854.0,4221,10
1712678400,16855.5,16942.0,16844.5,16878.0,14000,10
1712692800,16878.5,16924.0,16863.0,16914.0,4595,10
1712707200,16914.0,16915.0,16894.0,16904.0,994,285
1712721600,16903.0,17186.0,16890.0,17111.0,20212,10
1712736000,17156.0,17189.0,17036.0,17125.0,17633,10
1712750400,17128.0,17163.0,16901.5,16913.0,7708,10
1712764800,16914.0,16933.5,16828.0,16856.5,17479,10
1712779200,16882.0,16890.0,16810.0,16842.0,9649,10
1712793600,16835.0,16881.0,16817.0,16880.0,1966,285
1712808000,16878.0,16996.5,16750.0,16973.0,18923,10
1712822400,16974.0,17127.0,16974.0,17024.0,16183,10
1712836800,17020.0,17080.5,16977.0,17026.5,7789,10
1712851200,17027.0,17056.5,16874.5,16897.5,15398,10
1712865600,16898.0,16996.5,16887.0,16966.0,5495,10
1712880000,16956.0,16979.0,16944.0,16963.0,1703,280
1712894400,16966.0,17000.0,16738.0,16753.0,18001,10
1712908800,16755.0,16824.0,16677.0,16691.0,14502,10
1712923200,16689.0,16722.5,16622.5,16628.5,6128,10
1712937600,16627.5,16649.5,16452.5,16465.5,18566,10
1712952000,16466.0,16486.5,16348.0,16422.0,7656,10
1713139200,16448.0,16493.0,16398.0,16435.0,3484,280
1713153600,16438.0,16613.0,16326.0,16569.0,21325,10
1713168000,16576.0,16628.0,16547.0,16549.5,14728,10
1713182400,16550.5,16611.0,16531.0,16591.5,5946,10
1713196800,16592.0,16616.5,16448.0,16457.5,16647,10
1713211200,16478.0,16478.0,16327.0,16375.0,9692,10
1713225600,16379.0,16391.0,16351.0,16354.0,2195,280
1713240000,16353.0,16422.0,16231.0,16272.0,20123,10
1713254400,16257.0,16326.0,16177.0,16244.0,17892,10
1713268800,16244.0,16304.0,16225.5,16232.0,6760,10
1713283200,16231.5,16235.5,16127.0,16210.5,19163,10
1713297600,16211.0,16258.0,16157.0,16169.0,13135,0
1713312000,16176.0,16215.0,16153.0,16158.0,1921,280
1713326400,16157.0,16284.0,16135.0,16205.0,19922,10
1713340800,16204.0,16279.5,16126.0,16252.0,16150,10
1713355200,16251.0,16276.5,16201.5,16218.5,6154,10
1713369600,16219.5,16261.5,16131.0,16150.0,17483,10
1713384000,16149.5,16239.5,16147.0,16166.0,9467,10
1713398400,16167.0,16176.0,16147.0,16176.0,1772,280
1713412800,16177.0,16487.0,16153.0,16419.0,21519,10
1713427200,16420.0,16444.0,16325.0,16335.0,15385,10
1713441600,16337.0,16361.5,16288.5,16312.5,6250,10
1713456000,16313.5,16434.5,16299.5,16343.5,17851,10
1713470400,16343.0,16364.5,16312.5,16325.0,8343,10
1713484800,16332.0,16338.0,16244.0,16248.0,2480,280
1713499200,16243.0,16255.0,16006.0,16152.0,28166,10
1713513600,16154.0,16236.0,16086.0,16193.0,17984,10
1713528000,16192.0,16304.0,16192.0,16297.0,7389,10
1713542400,16296.5,16356.0,16261.0,16303.0,19515,10
1713556800,16302.5,16348.0,16290.0,16310.0,10533,10
1713744000,16358.0,16395.0,16325.0,16327.0,3020,280
1713758400,16324.0,16634.0,16309.0,16493.0,21499,10
1713772800,16494.0,16567.0,16482.0,16497.0,14215,10
1713787200,16496.0,16534.0,16496.0,16511.5,5668,10
1713801600,16510.5,16610.0,16441.0,16602.0,13921,10
1713816000,16601.0,16678.0,16598.5,16638.0,5838,10
1713830400,16646.0,16650.0,16613.0,16625.0,1772,280
1713844800,16626.0,16794.0,16591.0,16776.0,21318,10
1713859200,16777.0,16861.5,16743.0,16829.5,14576,10
1713873600,16828.5,16853.5,16800.0,16809.5,5188,10
1713888000,16809.5,16915.5,16775.5,16898.5,15753,10
1713902400,16898.0,16923.5,16881.0,16901.0,5096,10
1713916800,16924.0,16945.0,16911.0,16931.0,1705,280
1713931200,16932.0,17156.0,16919.0,17103.0,17618,10
1713945600,17105.0,17243.0,17103.0,17222.0,13497,10
1713960000,17221.0,17236.0,17166.5,17170.5,5315,10
1713974400,17170.0,17202.0,17106.5,17126.5,15461,10
1713988800,17127.0,17181.0,17101.0,17110.0,7498,10
1714003200,17086.0,17123.0,17073.0,17122.0,1713,280
1714017600,17123.0,17460.0,17088.0,17306.0,21183,10
1714032000,17312.0,17333.5,17204.5,17324.5,15219,10
1714046400,17326.5,17360.5,17164.0,17196.5,7312,10
1714060800,17197.5,17293.0,17135.0,17285.0,19862,10
1714075200,17286.0,17403.0,17282.5,17400.0,9257,10
1714089600,17406.0,17406.0,17321.0,17332.0,2469,280
1714104000,17333.0,17652.0,17313.0,17623.0,20230,10
1714118400,17638.0,17776.0,17609.0,17655.0,14526,10
1714132800,17656.0,17709.5,17625.5,17653.5,5754,10
1714147200,17655.0,17698.0,17566.0,17587.0,11199,10
1714161600,17586.5,17636.0,17583.5,17634.0,2979,10
1714348800,17665.0,17737.0,17656.0,17731.5,1582,280
1714363200,17735.5,18057.0,17670.0,17880.0,27783,20
1714377600,17892.0,17914.0,17724.0,17730.0,18738,10
1714392000,17732.0,17778.0,17682.5,17699.5,5199,10
1714406400,17700.5,17776.0,17657.5,17758.5,12105,10
1714420800,17763.0,17777.0,17746.5,17759.0,3308,10
1714435200,17769.0,17794.0,17762.0,17777.0,1470,280
1714449600,17776.0,17912.0,17761.0,17785.0,21123,10
1714464000,17789.0,17823.0,17698.0,17759.0,16136,10
1714478400,17757.0,17797.0,17648.0,17657.5,6450,10
1714492800,17658.5,17727.0,17582.5,17584.0,16513,10
1714507200,17582.5,17622.0,17582.0,17584.0,3927,10
1714622400,17738.0,18215.0,17727.0,18166.0,22438,10
1714636800,18175.0,18282.0,18141.0,18203.0,15112,10
1714651200,18202.0,18255.0,18194.5,18222.5,6037,10
1714665600,18223.5,18473.0,18178.0,18463.5,22388,10
1714680000,18464.0,18642.0,18464.0,18594.0,10219,10
1714694400,18593.0,18616.0,18556.0,18569.0,1812,280
1714708800,18568.0,18644.0,18369.0,18392.0,21717,70
1714723200,18393.0,18543.0,18393.0,18474.0,12905,10
1714737600,18473.0,18757.5,18469.0,18664.5,8795,10
1714752000,18665.5,18675.5,18480.5,18515.5,23230,90
1714766400,18516.5,18604.0,18507.0,18597.0,4600,70
1714953600,18622.0,18641.0,18593.0,18597.0,1485,280
1714968000,18600.0,18618.0,18408.0,18470.0,21656,10
1714982400,18469.0,18620.5,18447.0,18588.0,15543,10
1714996800,18589.0,18715.5,18586.0,18686.5,4727,10
1715011200,18687.5,18707.5,18565.0,18627.5,14025,10
1715025600,18627.0,18655.5,18581.0,18605.0,4021,10
1715040000,18617.0,18626.0,18590.0,18598.0,1340,260
1715054400,18596.0,18658.0,18432.0,18434.0,19084,10
1715068800,18435.0,18533.5,18424.0,18488.0,12286,10
1715083200,18486.0,18511.5,18445.0,18501.5,4785,10
1715097600,18501.5,18547.5,18465.5,18505.5,13191,10
1715112000,18505.0,18531.5,18467.0,18474.0,4428,10
1715126400,18476.0,18534.0,18468.0,18500.0,1428,280
1715140800,18499.0,18629.0,18409.0,18423.0,21182,20
1715155200,18440.0,18462.0,18293.0,18303.0,14112,10
1715169600,18304.0,18326.0,18227.0,18259.0,5183,10
1715184000,18258.5,18371.0,18237.5,18342.5,11836,10
1715198400,18342.0,18376.5,18328.0,18359.0,3563,10
1715212800,18298.0,18324.0,18297.0,18316.0,1271,280
1715227200,18317.0,18569.0,18288.0,18524.0,19060,10
1715241600,18523.0,18582.0,18496.0,18529.5,13486,10
1715256000,18530.5,18700.5,18519.0,18660.5,7151,10
1715270400,18659.5,18699.0,18585.5,18663.5,11989,10
1715284800,18662.5,18704.0,18655.0,18700.0,4171,10
1715299200,18703.0,18731.0,18700.0,18722.0,1328,280
1715313600,18723.0,18893.0,18633.0,18859.0,20568,10
1715328000,18870.0,19015.0,18856.0,18997.0,14287,10
1715342400,18996.0,19093.5,18991.5,19038.5,6350,10
1715356800,19039.5,19083.5,18931.5,18955.0,13850,10
1715371200,18955.0,18978.0,18925.0,18963.0,3279,10
1715558400,18976.0,18983.0,18927.0,18935.0,1298,280
1715572800,18928.0,19109.0,18822.0,19048.0,21121,10
1715587200,19049.0,19140.0,19042.0,19112.0,16107,10
1715601600,19111.0,19159.5,19091.5,19135.5,3643,10
1715616000,19134.5,19311.0,19128.5,19254.5,14491,10
1715630400,19254.0,19260.5,19220.0,19226.0,3472,10
1715644800,19226.0,19247.0,19224.0,19232.0,1216,280
1715659200,19233.0,19322.5,19091.0,19106.0,19635,10
1715673600,19107.0,19150.0,19054.0,19102.0,11518,0
1715688000,19103.0,19211.0,18970.5,19071.5,7663,10
1715702400,19072.5,19156.0,19050.5,19115.5,12836,10
1715716800,19115.5,19120.5,19081.0,19087.0,3060,10
1715832000,19331.0,19413.0,19125.0,19372.0,23253,10
1715846400,19371.0,19466.0,19321.0,19353.5,15831,10
1715860800,19352.5,19505.0,19351.5,19448.5,5613,10
1715875200,19447.5,19617.5,19365.5,19568.5,20690,10
1715889600,19569.0,19605.5,19562.0,19566.5,4736,10
1715904000,19566.0,19568.0,19531.0,19543.0,1316,280
1715918400,19544.0,19606.0,19359.0,19425.0,18499,10
1715932800,19431.0,19628.0,19403.0,19564.0,15989,10
1715947200,19566.0,19604.5,19525.0,19593.5,4285,10
1715961600,19592.5,19791.5,19548.5,19755.0,17245,10
1715976000,19753.0,19772.5,19693.5,19696.0,4382,10
1716163200,19712.0,19745.0,19706.0,19722.0,1589,250
1716177600,19723.0,19731.0,19598.0,19670.0,22480,10
1716192000,19687.0,19737.0,19608.0,19644.0,13526,10
1716206400,19645.0,19663.0,19500.5,19520.0,4898,10
1716220800,19520.5,19621.0,19511.5,19532.0,13449,10
1716235200,19532.5,19547.0,19506.0,19529.0,3630,10
1716249600,19543.0,19554.0,19534.0,19537.0,1097,280
1716264000,19538.0,19551.0,19215.0,19258.0,18831,10
1716278400,19260.0,19331.0,19201.0,19224.0,13628,10
1716292800,19223.0,19269.5,19198.5,19234.5,4255,10
1716307200,19233.5,19312.0,19163.5,19197.0,13958,10
1716321600,19196.5,19257.5,19176.5,19249.0,3990,10
1716336000,19242.0,19258.0,19231.0,19238.0,1097,280
1716350400,19239.0,19385.0,19176.0,19268.0,19380,10
1716364800,19286.0,19330.0,19173.0,19173.0,12516,10
1716379200,19173.0,19233.5,19149.5,19159.5,4392,10
1716393600,19159.0,19209.5,19073.5,19087.5,13681,10
1716408000,19088.0,19108.5,19013.0,19049.0,7507,10
1716422400,19067.0,19079.0,19052.0,19078.0,1783,280
1716436800,19079.0,19121.5,18799.0,18934.0,19455,10
1716451200,18935.0,18955.0,18846.0,18884.0,14673,10
1716465600,18882.0,18978.5,18877.0,18936.5,4556,10
1716480000,18937.0,18986.0,18736.5,18750.5,18026,10
1716494400,18751.0,18755.5,18631.0,18631.0,8368,10
1716508800,18639.0,18666.0,18624.0,18654.0,1580,280
1716523200,18655.0,18879.0,18581.0,18628.0,19840,10
1716537600,18647.0,18681.0,18541.0,18613.0,13261,10
1716552000,18610.0,18682.0,18608.0,18647.5,4185,10
1716566400,18648.5,18747.5,18602.5,18709.0,16166,10
1716580800,18707.5,18735.0,18667.0,18681.0,4389,10
1716768000,18708.0,18709.0,18661.0,18671.0,1282,280
1716782400,18670.0,18743.0,18523.0,18673.0,20340,10
1716796800,18678.0,18883.5,18678.0,18838.0,14738,10
1716868800,18817.0,19002.0,18759.0,18910.0,17990,10
1716883200,18922.0,18928.0,18776.0,18821.0,13610,10
1716897600,18820.0,18833.5,18728.5,18811.5,4652,0
1716912000,18810.5,18841.5,18694.0,18751.5,12859,10
1716926400,18752.0,18754.0,18691.0,18739.0,5417,0
1716940800,18700.0,18701.0,18646.0,18651.0,1308,280
1716955200,18652.0,18694.0,18506.0,18546.0,17257,10
1716969600,18545.0,18585.0,18449.0,18490.0,13212,10
1716984000,18491.0,18514.0,18400.0,18450.5,4633,10
1716998400,18425.0,18486.0,18379.0,18480.5,12771,10
1717012800,18480.5,18491.5,18395.5,18403.0,5727,10
1717027200,18384.0,18401.0,18331.0,18374.0,1828,280
1717041600,18373.0,18530.0,18243.0,18247.0,19433,10
1717056000,18246.0,18259.0,18167.0,18200.0,15017,10
1717070400,18199.0,18312.5,18199.0,18298.5,4975,10
1717084800,18299.0,18449.5,18266.0,18433.5,14423,10
1717099200,18434.0,18483.5,18401.0,18406.0,4759,10
1717113600,18403.0,18406.0,18354.0,18383.0,1019,70
1717128000,18381.0,18539.0,18360.0,18370.0,19302,15
1717142400,18369.0,18412.0,18034.0,18065.0,17145,15
1717156800,18063.0,18205.5,18022.0,18174.5,7306,15
1717171200,18174.0,18195.0,18063.5,18136.0,15406,15
1717185600,18136.5,18252.5,18121.5,18244.5,4862,15
1717372800,18257.0,18282.0,18218.0,18251.0,2427,280
1717387200,18254.0,18567.0,18253.0,18499.0,19843,15
1717401600,18500.0,18540.0,18361.0,18419.0,14352,15
1717416000,18420.0,18422.5,18381.5,18390.5,4531,15
1717430400,18391.5,18447.0,18199.5,18225.5,17751,15
1717444800,18225.0,18316.0,18200.0,18311.0,6621,15
1717459200,18305.0,18326.0,18295.0,18300.0,1396,280
1717473600,18302.0,18519.0,18254.0,18405.0,20183,80
1717488000,18404.0,18517.0,18363.0,18367.0,14115,15
1717502400,18363.0,18477.5,18303.0,18458.5,7444,15
1717516800,18458.5,18502.5,18331.0,18384.5,17911,15
1717531200,18384.5,18445.0,18364.0,18416.0,6613,15
1717545600,18406.0,18438.0,18399.0,18424.0,1521,280
1717560000,18425.0,18709.0,18411.0,18477.0,20058,15
1717574400,18473.0,18506.0,18348.0,18358.0,13377,15
1717588800,18359.0,18459.5,18358.0,18441.5,4468,15
1717603200,18442.5,18481.5,18372.5,18454.0,15140,15
1717617600,18453.5,18510.5,18423.5,18510.5,3676,15
1717632000,18474.0,18492.0,18462.0,18478.0,1444,280
1717646400,18477.0,18676.0,18449.0,18489.0,21177,15
1717660800,18488.0,18520.0,18352.0,18448.5,14243,15
1717675200,18450.5,18533.0,18447.5,18494.5,5568,15
1717689600,18495.5,18554.5,18423.5,18516.5,13954,15
1717704000,18511.0,18545.0,18496.5,18517.0,4697,15
1717718400,18500.0,18513.0,18499.0,18510.0,1223,280
1717732800,18512.0,18593.0,18310.0,18349.0,20941,15
1717747200,18350.0,18388.0,18253.0,18258.0,14483,15
1717761600,18259.0,18353.5,18159.5,18189.5,8195,15
1717776000,18188.5,18267.5,18131.0,18143.0,15611,15
1717790400,18143.5,18154.5,18097.5,18122.0,4913,15
1718078400,18108.0,18166.0,17952.0,18021.0,22491,15
1718092800,18017.0,18246.0,18011.0,18106.0,17118,15
1718107200,18105.0,18138.5,18061.5,18134.0,7193,15
1718121600,18133.5,18150.5,17972.0,18002.5,14846,15
1718136000,18002.0,18061.5,17995.0,18040.0,5115,15
1718150400,18008.0,18043.0,17997.0,18022.0,2289,280
1718164800,18023.0,18030.0,17804.0,17868.0,20364,15
1718179200,17867.0,17962.0,17861.0,17900.0,13965,15
1718193600,17899.0,18088.0,17876.0,18079.0,9132,15
1718208000,18080.0,18127.5,18016.5,18113.5,16337,15
1718222400,18114.5,18136.5,17981.0,18017.0,13784,15
1718236800,18010.0,18031.0,17981.0,18018.0,2403,200
1718251200,18019.0,18148.0,17925.5,17981.0,19621,15
1718265600,17980.0,18101.0,17948.0,18059.0,12750,15
1718280000,18057.0,18153.5,18020.0,18052.5,8061,15
1718294400,18055.0,18110.0,17888.0,17909.5,17384,15
1718308800,17908.5,17946.0,17904.0,17924.0,4899,15
1718323200,17922.0,17939.0,17910.0,17930.0,1405,280
1718337600,17931.0,18074.0,17881.0,17939.0,19585,15
1718352000,17939.0,18014.0,17853.0,17885.5,15530,15
1718366400,17883.5,17897.0,17776.5,17810.5,11019,15
1718380800,17812.0,17829.0,17734.5,17783.0,15713,15
1718395200,17783.0,17789.0,17746.5,17782.0,4499,15
1718582400,17795.0,17812.0,17772.0,17785.0,1587,280
1718596800,17782.0,18106.0,17679.0,17938.0,21067,15
1718611200,17946.0,17995.0,17895.0,17901.5,11858,15
1718625600,17902.5,17944.5,17880.5,17901.5,5461,15
1718640000,17901.0,17944.0,17863.5,17934.0,10783,15
1718654400,17933.5,18019.5,17933.0,17980.0,5164,15
1718668800,17979.0,18027.0,17976.5,18017.0,1439,280
1718683200,18018.0,18023.0,17831.0,17844.0,18413,15
1718697600,17845.0,17937.0,17824.0,17880.0,11463,15
1718712000,17882.0,17962.0,17877.0,17948.0,6547,15
1718726400,17948.0,18056.5,17911.5,18049.0,14048,15
1718740800,18049.5,18060.5,18001.0,18016.0,3774,15
1718755200,18025.0,18037.0,18001.0,18005.0,1080,280
1718769600,18004.0,18312.0,18001.0,18230.0,19185,15
1718784000,18231.0,18443.0,18226.0,18403.0,14122,15
1718798400,18402.0,18430.0,18387.5,18409.5,4818,15
1718812800,18409.0,18422.0,18380.0,18395.5,4657,15
1718827200,18396.0,18408.5,18364.0,18378.0,1065,15
1718841600,18377.0,18398.0,18368.0,18394.0,1110,190
1718856000,18393.0,18496.0,18306.0,18324.0,17611,15
1718870400,18326.0,18350.0,18245.0,18275.0,12585,15
1718884800,18276.0,18318.0,18239.5,18244.5,5926,15
1718899200,18244.0,18261.0,18128.5,18158.5,15551,15
1718913600,18157.5,18199.5,18127.0,18187.0,6771,15
1718928000,18190.0,18230.0,18183.0,18183.0,1324,280
1718942400,18184.0,18194.5,17943.0,17984.0,17671,15
1718956800,17982.0,18079.0,17960.0,17992.5,14456,15
1718971200,17989.5,18050.0,17964.0,18015.5,6132,15
1718985600,18016.0,18057.0,17939.0,17965.5,13016,15
1719000000,17966.0,17986.0,17938.0,17947.0,4320,15
1719187200,17963.0,17963.0,17945.0,17952.0,1360,250
1719201600,17951.0,17954.0,17775.0,17843.0,19981,15
1719216000,17844.0,18078.5,17825.0,18047.0,15840,15
1719230400,18044.0,18089.5,18012.0,18067.5,6899,15
1719244800,18068.0,18260.5,18068.0,18142.0,13802,15
1719259200,18141.5,18172.5,18101.0,18111.0,5710,15
1719273600,18101.0,18139.0,18101.0,18128.0,1267,280
1719288000,18129.0,18233.0,18048.0,18109.0,20111,15
1719302400,18107.0,18164.0,17952.0,18065.0,16268,15
1719316800,18064.0,18103.0,17997.0,18003.5,6270,15
1719331200,18004.0,18032.0,17911.5,17933.5,11517,15
1719345600,17934.0,17972.0,17925.0,17947.0,4067,15
1719360000,17955.0,17955.0,17925.0,17949.0,1195,280
1719374400,17948.0,18118.0,17895.0,18057.0,17795,15
1719388800,18063.0,18153.0,18035.0,18060.0,12986,15
1719403200,18058.0,18079.0,17969.0,17971.0,4575,15
1719417600,17971.5,17989.5,17914.5,17949.5,9610,15
1719432000,17948.0,17961.5,17922.0,17942.0,3459,15
1719446400,17918.0,17927.0,17882.0,17927.0,1767,280
1719460800,17875.0,17938.0,17692.0,17710.0,15736,15
1719475200,17710.0,17745.0,17658.0,17703.0,12572,15
1719489600,17702.0,17762.0,17697.5,17741.5,6162,15
1719504000,17742.5,17761.5,17619.5,17634.0,12350,15
1719518400,17633.5,17649.5,17585.0,17614.0,4427,15
1719532800,17625.0,17651.0,17608.0,17609.0,1221,280
1719547200,17608.0,17864.0,17526.0,17804.0,18088,15
1719561600,17806.0,17831.0,17686.0,17721.5,12654,15
1719576000,17720.5,17810.0,17719.5,17736.5,5811,15
1719590400,17736.0,17780.0,17641.5,17666.0,13647,15
1719604800,17665.5,17684.0,17646.5,17656.0,3275,15
1719892800,17686.0,17993.0,17585.0,17810.0,18863,15
1719907200,17811.0,17838.0,17718.0,17757.5,12511,15
1719921600,17758.5,17817.5,17751.5,17795.5,5881,15
1719936000,17795.0,17865.5,17766.5,17826.0,14193,15
1719950400,17825.5,17885.0,17825.0,17849.0,4008,15
1719964800,17848.0,17848.0,17811.0,17839.0,1213,280
1719979200,17838.0,18026.0,17793.0,17979.0,19598,15
1719993600,17980.0,18014.5,17907.0,17952.5,11615,15
1720008000,17951.5,18015.0,17948.0,18008.5,4641,15
1720022400,18009.0,18150.5,17992.5,18124.0,13960,15
1720036800,18124.5,18127.5,18079.0,18081.0,1650,15
1720051200,18014.0,18032.0,18000.0,18016.0,1249,280
1720065600,18015.0,18125.0,17949.0,17952.0,17715,15
1720080000,17966.0,18043.0,17919.0,18016.0,11636,15
1720094400,18015.0,18064.0,18013.5,18034.5,3765,15
1720108800,18044.0,18050.0,17973.5,18014.0,5438,15
1720123200,18013.0,18026.0,18003.0,18005.0,786,15
1720137600,18002.0,18023.0,18001.0,18023.0,1269,280
1720152000,18024.0,18085.0,17786.0,17805.0,17957,15
1720166400,17808.0,17877.0,17746.0,17757.5,13041,15
1720180800,17755.5,17785.5,17702.5,17725.5,7059,15
1720195200,17724.0,17747.5,17574.0,17663.5,14212,15
1720209600,17664.5,17706.5,17654.0,17681.0,3466,15
1720396800,17599.0,17620.0,17567.0,17608.0,1369,120
1720411200,17608.0,17704.0,17495.0,17516.0,17177,15
1720425600,17515.0,17535.0,17434.0,17504.5,11405,15
1720440000,17503.5,17522.0,17473.5,17489.5,4585,15
1720454400,17489.5,17504.5,17413.5,17454.5,10271,15
1720468800,17455.0,17486.5,17448.5,17464.0,3154,15
1720483200,17471.0,17510.0,17465.0,17465.0,1273,280
1720497600,17465.0,17507.0,17346.0,17416.0,18490,15
1720512000,17416.0,17604.0,17415.0,17472.0,13812,15
1720526400,17473.0,17498.0,17390.5,17413.5,4948,15
1720540800,17413.0,17576.0,17402.0,17574.0,14008,15
1720555200,17574.0,17606.0,17531.0,17542.0,5078,15
1720569600,17544.0,17567.0,17541.0,17567.0,992,280
1720584000,17567.0,17753.0,17525.0,17539.0,17111,15
1720598400,17539.0,17544.0,17422.0,17440.0,11076,15
1720612800,17442.0,17551.5,17440.0,17534.5,4572,15
1720627200,17546.5,17584.5,17496.0,17546.0,13089,15
1720641600,17557.5,17578.5,17530.5,17558.0,3794,15
1720656000,17561.0,17570.0,17539.0,17551.0,438,70
1720670400,17551.0,17782.0,17547.0,17701.0,16969,15
1720684800,17702.0,17849.0,17702.0,17795.0,11444,15
1720699200,17795.0,17921.0,17783.5,17883.5,7220,15
1720713600,17883.5,17987.5,17861.0,17917.5,20564,15
1720728000,17918.0,17966.5,17905.0,17923.0,6429,15
1720742400,17922.0,17950.5,17905.0,17908.0,2221,70
1720756800,17908.0,18213.0,17902.0,18159.0,17355,15
1720771200,18159.0,18325.0,18157.0,18310.0,12364,15
1720785600,18311.0,18334.5,18239.0,18289.0,7832,15
1720800000,18289.0,18370.5,18209.0,18223.0,17983,15
1720814400,18223.5,18238.0,18153.0,18196.0,4770,15
1721001600,18234.0,18234.0,18134.0,18187.0,1763,280
1721016000,18190.0,18219.0,17991.0,18008.0,15187,15
1721030400,18016.0,18068.0,17916.0,18013.0,9106,15
1721044800,18014.0,18025.0,17933.5,17950.5,6302,15
1721059200,17950.5,17967.5,17824.0,17830.5,16754,15
1721073600,17831.5,17842.5,17792.0,17828.5,7902,15
1721088000,17835.0,17855.0,17813.0,17820.0,1411,280
1721102400,17819.0,17870.0,17697.0,17720.0,17095,15
1721116800,17721.0,17787.0,17669.0,17703.0,12382,15
1721131200,17706.0,17733.0,17656.0,17676.0,9322,15
1721145600,17676.5,17765.5,17618.0,17753.5,17009,15
1721160000,17752.5,17814.5,17740.0,17769.0,5589,15
1721174400,17767.5,17776.0,17751.0,17754.0,1357,280
1721188800,17753.0,17784.0,17632.0,17706.0,18147,15
1721203200,17707.0,17802.0,17664.0,17703.0,13991,15
1721217600,17706.0,17783.0,17688.5,17689.5,9685,15
1721232000,17691.0,17753.5,17613.0,17645.5,18708,15
1721246400,17645.0,17664.0,17617.0,17632.0,7246,15
1721260800,17638.0,17693.0,17638.0,17687.0,2118,280
1721275200,17686.0,17795.0,17592.0,17747.0,18900,15
1721289600,17748.0,17854.5,17736.0,17781.0,13911,15
1721304000,17780.0,17780.0,17677.5,17693.5,9386,15
1721318400,17695.5,17749.0,17538.5,17583.5,21195,15
1721332800,17582.5,17604.0,17474.0,17580.0,9223,15
1721347200,17587.0,17592.0,17530.0,17551.0,1889,280
1721361600,17552.0,17599.0,17339.0,17352.0,16897,15
1721376000,17352.0,17434.0,17349.0,17396.0,13261,15
1721390400,17395.0,17440.0,17356.5,17423.0,9099,15
1721404800,17422.5,17464.0,17384.5,17430.5,17487,15
1721419200,17431.0,17435.0,17375.0,17390.0,6335,15
1721606400,17426.0,17434.0,17392.0,17430.0,2543,280
1721620800,17433.0,17563.0,17285.0,17536.0,19341,15
1721635200,17542.0,17682.0,17493.0,17625.0,13393,15
1721649600,17624.0,17708.5,17615.0,17683.5,5567,15
1721664000,17683.0,17736.0,17616.0,17696.5,16256,15
1721678400,17696.0,17726.5,17679.0,17685.0,5043,15
1721692800,17691.0,17708.0,17683.0,17693.0,1543,280
1721707200,17694.0,17711.0,17527.0,17592.0,15860,15
1721721600,17598.0,17606.0,17427.0,17471.0,13089,15
1721736000,17473.0,17505.0,17434.5,17435.5,5089,15
1721750400,17435.0,17481.0,17378.5,17445.5,13216,15
1721764800,17445.0,17468.0,17413.5,17443.0,5629,15
1721779200,17397.0,17447.0,17394.0,17428.0,2305,280
1721793600,17429.0,17502.0,17302.0,17321.0,19275,15
1721808000,17322.0,17366.0,17239.0,17335.0,13512,15
1721822400,17333.0,17368.5,17300.5,17339.5,5959,15
1721836800,17339.0,17402.0,17292.0,17294.0,14807,15
1721851200,17294.0,17308.0,17131.5,17172.0,6062,15
1721865600,17169.0,17219.0,17169.0,17204.0,2151,280
1721880000,17206.0,17288.0,16994.0,17041.0,18371,15
1721894400,17050.0,17057.0,16953.0,17012.5,17117,15
1721908800,17014.5,17063.5,16979.5,17055.5,10272,15
1721923200,17055.0,17140.0,17028.0,17116.5,20016,15
1721937600,17117.0,17145.0,16951.0,16988.0,9545,15
1721952000,16997.0,17056.0,16997.0,17035.0,2319,280
1721966400,17037.0,17211.0,16908.0,16996.0,20019,15
1721980800,17010.0,17059.0,16978.0,17006.0,15794,15
1721995200,17005.0,17018.5,16964.0,16998.5,6558,15
1722009600,16999.5,17145.5,16962.5,17144.5,15895,15
1722024000,17144.0,17151.0,17087.0,17104.0,7409,15
1722211200,17128.0,17158.0,17109.0,17143.0,2410,280
1722225600,17147.0,17353.0,17125.0,17311.0,18809,15
1722240000,17314.0,17352.0,17202.0,17212.0,13023,15
1722254400,17209.0,17269.5,17192.0,17193.0,6632,15
1722268800,17193.5,17216.0,17126.0,17160.0,18626,15
1722283200,17160.5,17196.0,17150.0,17178.0,6478,15
1722297600,17185.0,17193.0,17150.5,17169.0,1958,280
1722312000,17164.0,17185.0,16975.0,17018.0,16983,15
1722326400,17018.0,17052.0,16959.0,17000.0,13724,15
1722340800,16998.0,17057.5,16996.0,17033.5,5681,15
1722355200,17047.5,17063.5,16997.5,17012.0,19268,15
1722369600,17012.5,17044.5,16907.0,16972.0,9880,15
1722384000,16976.5,17036.0,16971.5,17019.0,3057,280
1722398400,17020.0,17371.0,17004.0,17332.0,22250,15
1722412800,17331.0,17408.0,17305.0,17317.0,16709,15
1722427200,17318.0,17408.0,17307.0,17374.5,7778,15
1722441600,17375.0,17417.5,17287.0,17314.5,18120,15
1722456000,17314.0,17348.0,17258.0,17310.0,13855,15
1722470400,17322.0,17354.0,17319.0,17335.0,2974,280
1722484800,17337.0,17394.0,17225.0,17290.0,18943,15
1722499200,17285.0,17403.0,17258.0,17265.0,14685,15
1722513600,17266.0,17335.0,17261.0,17291.0,8808,15
1722528000,17290.5,17302.5,17050.0,17063.0,23955,15
1722542400,17063.5,17089.0,17007.0,17070.0,13007,15
1722556800,17062.0,17078.0,16978.0,17018.0,5096,70
1722571200,17019.0,17055.0,16877.0,16916.0,19328,20
1722585600,16917.0,16956.0,16855.0,16946.0,18551,20
1722600000,16945.0,16991.5,16889.5,16918.0,14221,20
1722614400,16918.0,16952.5,16799.5,16875.5,31940,20
1722628800,16876.5,16900.5,16848.5,16857.0,12702,20
1722816000,16787.0,16855.0,16655.0,16704.0,7460,280
1722830400,16680.0,16936.0,16568.0,16868.0,26770,70
1722844800,16867.0,16891.0,16421.0,16667.5,32975,70
1722859200,16664.5,16701.5,16491.5,16538.5,28713,90
1722873600,16539.0,16826.0,16521.0,16780.5,44008,20
1722888000,16780.0,16815.0,16737.0,16813.0,17367,20
1722902400,16823.0,16997.0,16823.0,16977.0,5703,70
1722916800,16977.0,16982.0,16676.0,16752.0,22378,25
1722931200,16755.0,16760.0,16558.0,16558.0,21168,15
1722945600,16557.0,16611.5,16485.5,16486.0,18452,25
1722960000,16486.5,16702.0,16486.5,16679.5,30591,15
1722974400,16680.0,16725.0,16528.0,16539.0,12551,15
1722988800,16525.0,16642.0,16525.0,16620.0,5545,280
1723003200,16623.0,16894.0,16604.0,16845.0,22343,30
1723017600,16846.0,16986.0,16779.0,16908.0,17831,20
1723032000,16906.0,16990.5,16897.5,16967.5,12076,20
1723046400,16967.0,16984.5,16806.0,16813.5,24818,20
1723060800,16813.0,16816.5,16666.0,16674.0,14790,20
1723075200,16701.0,16724.0,16598.0,16720.0,6383,230
1723089600,16721.0,17019.0,16635.0,16977.0,25693,15
1723104000,16976.0,17011.0,16823.0,16924.0,20017,15
1723118400,16929.0,16953.5,16859.0,16914.0,13454,15
1723132800,16913.0,17123.5,16912.0,17083.0,22995,15
1723147200,17084.0,17153.5,17069.5,17127.0,9411,15
1723161600,17142.0,17170.0,17098.0,17119.0,4890,190
1723176000,17120.0,17251.0,17072.0,17159.0,21520,20
1723190400,17176.0,17176.0,17053.0,17076.5,14636,20
1723204800,17077.5,17116.0,16997.5,17021.5,10196,20
1723219200,17021.0,17045.0,16962.0,17017.5,20760,20
1723233600,17018.5,17089.0,17016.5,17033.0,9244,20
1723420800,17031.0,17065.0,16989.0,17050.0,2928,280
1723435200,17051.0,17160.0,16989.0,17077.0,19341,20
1723449600,17088.0,17141.0,17050.0,17067.0,12205,20
1723464000,17067.0,17118.0,17045.0,17092.0,5179,20
1723478400,17092.5,17176.0,17063.0,17145.0,18011,20
1723492800,17145.5,17186.0,17094.0,17098.0,7251,20
1723507200,17108.0,17150.0,17101.0,17128.0,2718,280
1723521600,17129.0,17251.0,17057.5,17119.0,18440,15
1723536000,17118.0,17204.5,17089.0,17152.0,11443,15
1723550400,17153.0,17219.5,17108.0,17192.0,8343,15
1723564800,17191.5,17266.5,17172.5,17251.5,14255,15
1723579200,17252.0,17293.5,17235.5,17258.0,5702,15
1723593600,17268.0,17285.0,17247.0,17268.0,2396,170
1723608000,17265.0,17277.0,17079.0,17121.0,16187,15
1723622400,17116.0,17139.0,17051.0,17120.0,11783,15
1723636800,17121.0,17189.0,17116.0,17157.5,7522,15
1723651200,17157.0,17187.0,16939.0,16967.5,19390,15
1723665600,16967.0,17004.0,16950.5,16995.5,7167,15
1723680000,16980.0,17018.5,16970.0,17003.0,1965,280
1723694400,17004.0,17291.0,16892.5,17166.0,21439,15
1723708800,17165.0,17183.0,17021.0,17088.0,12555,15
1723723200,17086.0,17184.5,17078.5,17169.0,9255,15
1723737600,17169.5,17312.0,17148.0,17275.0,19015,15
1723752000,17275.5,17307.0,17252.0,17264.0,4400,15
1723766400,17267.0,17296.0,17262.0,17275.0,2236,280
1723780800,17276.0,17436.0,17241.0,17398.0,17722,15
1723795200,17404.0,17477.0,17375.0,17391.0,12112,15
1723809600,17395.0,17439.5,17330.0,17371.0,6639,15
1723824000,17371.5,17566.5,17366.5,17541.5,16289,15
1723838400,17542.0,17588.5,17520.0,17533.0,5103,15
1724025600,17530.0,17568.0,17530.0,17541.0,2557,280
1724040000,17542.0,17699.0,17525.0,17585.0,18531,30
1724054400,17586.0,17622.0,17551.0,17585.0,10952,20
1724068800,17584.0,17643.0,17564.5,17618.5,4576,20
1724083200,17619.0,17772.0,17614.5,17723.0,13888,20
1724097600,17724.0,17746.0,17681.0,17691.0,3731,20
1724112000,17704.0,17709.0,17682.0,17698.0,1538,280
1724126400,17697.0,17725.0,17475.0,17493.0,14153,15
1724140800,17492.0,17534.0,17447.0,17508.0,11020,15
1724155200,17507.0,17516.0,17428.5,17496.5,5036,15
1724169600,17497.0,17520.0,17313.5,17315.0,14702,15
1724184000,17314.0,17378.0,17305.5,17321.0,4366,15
1724198400,17320.0,17365.0,17286.0,17352.0,1890,280
1724212800,17351.0,17421.0,17238.0,17321.0,17465,15
1724227200,17322.0,17406.5,17314.0,17350.0,9985,15
1724241600,17351.0,17421.5,17350.0,17402.5,4788,15
1724256000,17403.0,17520.5,17380.5,17486.5,17076,15
1724270400,17487.0,17527.5,17475.0,17498.0,6280,15
1724284800,17499.0,17513.0,17491.0,17503.0,1691,280
1724299200,17502.0,17531.0,17375.0,17443.0,16568,15
1724313600,17442.0,17670.0,17434.0,17629.0,12071,15
1724328000,17628.0,17654.0,17576.5,17601.0,5817,15
1724342400,17600.5,17633.0,17422.0,17448.0,17732,15
1724356800,17447.5,17493.0,17431.5,17471.0,7230,15
1724371200,17474.0,17520.5,17464.0,17469.0,1756,280
1724385600,17471.0,17603.0,17456.0,17559.0,17204,15
1724400000,17577.0,17656.0,17544.0,17606.0,10410,15
1724414400,17604.0,17676.0,17598.0,17610.0,4533,15
1724428800,17610.5,17769.5,17566.0,17724.5,23932,15
1724443200,17724.0,17761.0,17695.0,17715.0,6232,15
1724630400,17712.0,17745.0,17685.0,17724.0,2895,280
1724644800,17725.0,17824.0,17696.0,17754.5,14939,20
1724659200,17759.0,17843.0,17719.0,17784.0,8343,20
1724673600,17783.0,17816.0,17666.5,17676.5,6242,20
1724688000,17676.5,17731.5,17616.0,17679.5,17419,20
1724702400,17679.0,17706.0,17641.0,17642.0,5568,20
1724716800,17648.0,17658.0,17630.0,17635.0,1773,280
1724731200,17634.0,17794.0,17618.0,17745.0,14942,15
1724745600,17744.0,17917.5,17744.0,17884.0,11143,15
1724760000,17885.0,17933.5,17863.0,17863.0,5706,15
1724774400,17863.5,17901.5,17815.0,17825.0,13537,15
1724788800,17825.5,17879.5,17821.5,17846.0,4052,15
1724803200,17847.0,17849.0,17801.0,17844.0,2029,280
1724817600,17845.0,17885.0,17680.0,17692.0,14296,15
1724832000,17693.0,17728.0,17655.5,17706.0,9653,15
1724846400,17705.0,17796.5,17676.0,17706.5,4696,15
1724860800,17706.5,17757.0,17600.5,17618.5,13037,15
1724875200,17618.0,17656.0,17576.0,17593.0,5145,15
1724889600,17559.0,17588.0,17506.0,17580.0,3319,280
1724904000,17577.0,17655.0,17495.0,17588.0,16786,15
1724918400,17587.0,17796.0,17585.0,17763.0,14948,15
1724932800,17764.0,17844.0,17753.5,17782.5,7728,15
1724947200,17783.0,17811.0,17738.0,17787.5,13553,15
1724961600,17797.0,17832.0,17767.0,17801.0,7074,15
1724976000,17799.0,17802.0,17760.0,17773.0,1999,230
1724990400,17772.0,18167.0,17769.0,18093.5,18305,20
1725004800,18092.5,18212.0,17968.0,18003.0,15360,20
1725019200,18004.0,18020.0,17937.5,17968.0,6194,20
1725033600,17968.5,17969.5,17761.0,17785.5,15432,20
1725048000,17784.5,17866.0,17779.5,17856.0,4876,20
1725235200,17830.0,17846.0,17803.0,17807.0,1816,250
1725249600,17809.0,17835.0,17629.0,17657.0,16017,20
1725264000,17657.0,17708.0,17618.0,17661.0,10730,20
1725278400,17660.0,17689.0,17638.0,17668.5,3787,20
1725292800,17669.0,17699.0,17645.0,17693.0,4153,20
1725307200,17693.5,17718.0,17685.0,17685.0,813,20
1725321600,17680.0,17690.0,17638.0,17690.0,2069,280
1725336000,17693.0,17714.0,17560.0,17593.0,18344,15
1725350400,17600.0,17655.0,17572.0,17592.0,9408,15
1725364800,17591.0,17595.0,17502.0,17516.5,6389,15
1725379200,17516.0,17579.0,17477.0,17568.0,15330,15
1725393600,17567.5,17579.0,17445.5,17483.0,6867,15
1725408000,17475.0,17477.0,17398.0,17418.0,3439,130
1725422400,17419.0,17529.0,17305.0,17424.0,19431,15
1725436800,17425.0,17461.0,17370.0,17449.0,12857,15
1725451200,17452.0,17512.5,17442.0,17503.5,6463,15
1725465600,17503.0,17553.0,17461.0,17519.0,15165,15
1725480000,17518.5,17520.5,17452.0,17466.0,6465,15
1725494400,17466.0,17489.0,17428.0,17476.0,2945,130
1725508800,17477.0,17546.0,17331.0,17339.0,17439,15
1725523200,17338.0,17446.0,17312.0,17424.5,9955,15
1725537600,17424.5,17449.0,17402.0,17433.0,2736,15
1725854400,17246.0,17306.0,17076.0,17111.0,16374,20
1725868800,17111.0,17161.0,17053.0,17139.0,12157,20
1725883200,17140.0,17166.0,17085.5,17150.5,5158,20
1725897600,17151.0,17248.0,17125.0,17237.5,13550,20
1725912000,17238.0,17268.0,17196.0,17232.0,5900,20
1725926400,17237.0,17241.0,17189.0,17197.0,2272,280
1725940800,17196.0,17247.0,17109.0,17200.0,17738,15
1725955200,17199.0,17283.0,17150.0,17157.0,12729,15
1725969600,17156.0,17190.5,17124.0,17168.5,6355,15
1725984000,17170.0,17181.5,17006.0,17014.0,16027,15
1725998400,17013.5,17075.0,17010.0,17069.0,5151,15
1726012800,17051.0,17076.0,17011.0,17016.0,1929,280
1726027200,17017.0,17055.0,16932.0,16956.0,18718,15
1726041600,16954.0,17114.0,16949.0,17028.0,11770,15
1726056000,17029.0,17135.0,17029.0,17095.5,7274,15
1726070400,17095.0,17170.0,17002.0,17161.0,20417,15
1726084800,17159.5,17213.0,17158.5,17193.5,7384,15
1726099200,17176.0,17180.0,17140.0,17162.0,2038,280
1726113600,17161.0,17286.0,17099.0,17253.0,17455,15
1726128000,17254.0,17318.0,17194.0,17213.0,10853,15
1726142400,17215.0,17262.0,17209.5,17212.0,6616,15
1726156800,17212.5,17248.0,17127.0,17243.5,16058,15
1726171200,17244.0,17291.0,17235.0,17245.0,6432,15
1726185600,17246.0,17262.0,17233.0,17247.0,2003,280
1726200000,17246.0,17533.0,17217.0,17394.0,15276,20
1726214400,17400.0,17423.0,17313.0,17322.0,9936,20
1726228800,17321.0,17384.0,17273.5,17343.0,6327,20
1726243200,17342.5,17382.5,17284.5,17300.5,14626,20
1726257600,17299.5,17335.0,17287.0,17304.0,5094,20
1726444800,17288.0,17316.0,17260.0,17288.0,1528,280
1726459200,17286.0,17340.5,17152.0,17292.0,12644,15
1726473600,17307.0,17423.5,17304.0,17394.5,7453,15
1726488000,17393.5,17445.5,17374.0,17393.5,4957,15
1726502400,17393.0,17440.5,17371.0,17395.5,13736,15
1726516800,17395.0,17420.5,17373.0,17382.0,3766,15
1726531200,17390.0,17393.0,17372.0,17384.0,1830,280
1726545600,17385.0,17699.0,17360.0,17657.5,12350,15
1726560000,17658.5,17708.0,17604.0,17641.0,7571,15
1726574400,17640.0,17695.0,17623.5,17637.0,6668,15
1726588800,17637.5,17701.0,17605.0,17613.5,16429,15
1726603200,17611.5,17656.0,17601.5,17619.0,6704,15
1726718400,17685.5,17977.0,17569.0,17971.0,21226,15
1726732800,17976.0,18076.5,17952.0,18042.5,13100,15
1726747200,18043.5,18120.5,18012.5,18014.5,8122,15
1726761600,18015.5,18108.5,17926.5,18093.0,18208,15
1726776000,18108.5,18169.5,18085.5,18126.0,6517,15
1726790400,18147.0,18162.0,18127.0,18138.0,2040,280
1726804800,18139.0,18351.0,18023.0,18255.0,19852,25
1726819200,18254.0,18277.0,18154.0,18238.0,13305,15
1726833600,18240.0,18301.5,18228.0,18267.0,5440,15
1726848000,18266.0,18282.0,18138.0,18193.5,15018,15
1726862400,18194.0,18199.5,18141.0,18158.0,5631,15
1727049600,18171.0,18200.0,18143.0,18191.0,1769,280
1727064000,18193.0,18424.0,18190.0,18355.0,19728,15
1727078400,18358.0,18358.0,18200.0,18233.0,13198,15
1727092800,18232.0,18333.5,18225.0,18316.0,5538,15
1727107200,18315.5,18516.5,18294.5,18414.5,16649,15
1727121600,18414.0,18466.5,18400.0,18402.0,4054,15
1727136000,18416.0,18434.0,18394.0,18410.0,1704,70
1727150400,18411.0,18875.0,18395.0,18862.0,24195,70
1727164800,18861.0,19063.5,18844.0,19026.0,17127,15
1727179200,19028.0,19273.5,19020.0,19257.5,12275,15
1727193600,19256.5,19618.5,19255.5,19588.0,28883,15
1727208000,19588.5,19828.0,19582.5,19698.5,8664,15
1727222400,19725.0,19727.0,19650.0,19686.0,1693,280
1727236800,19680.0,19699.0,19282.0,19374.0,25121,15
1727251200,19383.0,19384.0,19073.0,19177.0,19040,15
1727265600,19175.0,19368.5,19129.0,19250.5,10376,15
1727280000,19250.0,19489.5,19227.0,19361.5,22669,15
1727294400,19362.0,19402.5,19285.0,19301.0,6715,15
1727308800,19313.0,19376.0,19297.0,19351.0,1512,70
1727323200,19354.0,19581.0,19160.0,19569.0,24923,25
1727337600,19575.0,20033.5,19528.0,20031.5,25017,70
1727352000,20038.5,20668.5,19991.0,20553.0,19332,15
1727366400,20553.0,20683.0,20229.0,20413.5,27025,25
1727380800,20412.5,20619.0,20403.0,20545.0,3738,15
1727395200,20553.0,20578.0,20514.0,20545.0,2491,280
1727409600,20555.0,20692.0,20254.0,20624.0,36864,70
1727424000,20625.0,20889.0,20285.0,20789.0,40031,70
1727438400,20788.0,20879.5,20507.5,20580.0,21743,15
1727452800,20581.0,20959.5,20528.5,20837.5,36278,15
1727467200,20838.0,20856.0,20738.0,20805.5,11874,25
1727654400,20787.0,20959.0,20783.0,20941.0,4075,280
1727668800,20940.0,21361.0,20813.0,21321.0,42063,70
1727683200,21332.0,21493.0,21020.0,21164.0,43149,70
1727697600,21160.0,21250.0,21007.5,21085.0,16062,40
1727712000,21085.0,21138.5,20609.5,20743.0,33402,50
1727726400,20742.0,20761.5,20617.5,20647.0,11997,30
1727841600,21146.5,22658.5,21116.0,22330.0,41243,15
1727856000,22335.0,22678.5,21956.0,22324.5,44448,70
1727870400,22317.5,22768.0,22306.5,22393.5,23614,65
1727884800,22402.0,22409.5,22020.5,22240.0,30644,65
1727899200,22239.5,22470.0,22139.0,22462.0,8616,35
1727913600,22458.0,22500.0,22404.0,22413.0,2987,280
1727928000,22412.0,22610.0,21439.0,21722.0,37192,15
1727942400,21736.0,22451.0,21730.0,22085.0,37551,70
1727956800,22085.0,22269.5,21690.0,21692.0,16317,35
1727971200,21693.0,22175.0,21580.5,22012.5,31580,25
1727985600,22011.0,22070.0,21942.0,21946.0,10153,15
1728000000,21960.0,22017.0,21952.0,21986.0,2684,280
1728014400,21977.0,22662.0,21803.0,22517.0,39038,75
1728028800,22534.5,22810.0,22416.0,22750.0,28828,45
1728043200,22752.0,22797.5,22608.5,22701.5,17113,35
1728057600,22701.0,22722.5,22444.0,22516.5,28968,25
1728072000,22516.0,22646.0,22493.0,22640.0,9281,25
1728259200,22650.0,22817.0,22648.0,22753.0,4816,280
1728273600,22778.0,23266.5,22716.5,23013.0,35665,70
1728288000,23007.0,23151.0,22949.0,23104.0,23667,70
1728302400,23106.0,23210.0,23052.0,23063.0,13287,30
1728316800,23063.5,23209.5,22852.5,23151.5,28803,40
1728331200,23152.5,23477.0,23098.0,23411.0,13734,30
1728345600,23460.0,23461.0,23303.0,23303.0,4241,280
1728360000,23292.0,23295.0,20753.0,21813.0,45814,70
1728374400,21814.0,22005.0,20597.5,20855.0,50302,70
1728388800,20881.0,21379.5,20775.5,21196.0,22339,65
1728403200,21197.5,21458.5,21102.0,21157.0,27552,45
1728417600,21155.5,21183.0,20766.0,21177.0,12905,45
1728432000,21202.0,21203.0,21040.0,21049.0,2070,280
1728446400,21046.0,21428.0,20196.0,20621.0,45343,70
1728460800,20620.0,21319.0,20488.0,20571.0,44184,35
1728475200,20556.0,20852.0,20548.0,20707.5,12309,35
1728489600,20707.5,21164.0,20630.0,21053.5,26177,45
1728504000,21053.0,21135.0,20958.0,20981.0,10404,45
1728518400,20987.0,21030.0,20980.0,21001.0,1792,280
1728532800,20999.0,21515.0,20972.0,21475.0,38809,70
1728547200,21475.0,21609.0,21143.0,21211.0,37112,70
1728561600,21206.0,21331.0,21167.0,21323.0,10436,40
1728576000,21323.5,21407.5,20958.0,21265.5,22801,60
1728590400,21266.0,21406.5,21226.0,21248.0,6264,40
1728878400,21125.0,21333.0,20705.0,21167.0,36569,60
1728892800,21166.0,21380.0,21053.0,21068.0,32248,40
1728907200,21071.0,21115.0,20918.5,21012.5,5955,40
1728921600,21012.0,21408.5,20876.0,21164.5,20345,40
1728936000,21165.0,21172.0,21032.0,21075.0,6111,50
1728950400,21101.0,21107.0,21071.0,21083.0,1783,280
1728964800,21098.0,21127.0,20757.0,20808.0,31715,45
1728979200,20813.0,20842.0,20168.0,20323.0,31479,45
1728993600,20320.0,20448.5,20239.5,20407.5,9498,35
1729008000,20409.0,20507.5,20124.5,20221.5,23297,45
1729022400,20222.0,20227.0,19912.0,19972.0,8260,35
1729036800,19999.0,20034.0,19972.0,20033.0,2297,280
1729051200,20039.0,20547.0,20039.0,20505.0,32654,70
1729065600,20519.0,20581.0,20236.0,20273.0,27162,35
1729080000,20273.0,20374.5,20218.5,20306.0,7484,35
1729094400,20305.0,20528.0,20257.5,20443.0,18493,35
1729108800,20443.0,20496.5,20397.5,20411.0,4749,35
1729123200,20410.0,20448.0,20386.0,20448.0,1958,280
1729137600,20452.0,20794.0,20354.0,20449.0,30184,35
1729152000,20450.0,20489.0,19992.0,20035.0,25331,45
1729166400,20034.0,20089.5,19948.0,20073.5,9387,35
1729180800,20074.0,20075.0,19853.5,20003.0,22148,35
1729195200,20004.0,20044.0,19919.0,19967.0,5905,35
1729209600,20004.0,20033.0,19974.0,20019.0,2345,280
1729224000,20023.0,20456.0,20005.0,20263.0,32185,35
1729238400,20264.0,20968.0,20259.0,20833.0,40789,35
1729252800,20835.0,20925.5,20751.0,20869.5,9930,35
1729267200,20866.5,20887.0,20662.0,20734.0,17942,45
1729281600,20735.0,20775.5,20698.0,20728.0,5485,45
1729468800,20755.0,20813.0,20749.0,20791.0,2363,280
1729483200,20804.0,20862.0,20586.0,20694.0,32943,45
1729497600,20693.0,20766.0,20435.0,20464.0,25307,35
1729512000,20470.0,20488.0,20322.5,20399.0,7348,35
1729526400,20372.0,20526.5,20277.5,20395.0,17259,35
1729540800,20394.0,20431.0,20325.0,20428.0,4881,35
1729555200,20427.0,20428.0,20337.0,20343.0,2347,280
1729569600,20342.0,20641.0,20285.0,20577.0,27769,70
1729584000,20576.0,20636.0,20384.0,20458.0,19102,40
1729598400,20460.0,20468.0,20364.5,20458.0,7803,40
1729612800,20456.0,20742.5,20421.5,20654.0,17271,40
1729627200,20653.0,20674.0,20594.5,20603.0,4909,40
1729641600,20611.0,20630.0,20587.0,20595.0,1784,280
1729656000,20594.0,20875.0,20454.0,20841.0,26878,35
1729670400,20856.0,20952.0,20686.0,20706.0,20260,35
1729684800,20707.0,20757.5,20634.0,20673.0,6562,35
1729699200,20672.5,20751.5,20503.0,20546.0,15987,35
1729713600,20545.5,20555.5,20451.0,20488.5,6727,35
1729728000,20557.0,20577.0,20515.0,20531.0,2446,280
1729742400,20533.0,20690.0,20458.0,20550.0,23468,35
1729756800,20546.0,20565.0,20447.0,20475.0,16604,35
1729771200,20474.0,20492.0,20378.0,20418.5,6132,35
1729785600,20417.5,20524.5,20281.5,20366.5,14322,35
1729800000,20366.5,20421.5,20354.0,20413.0,4677,35
1729814400,20412.0,20424.0,20397.0,20398.0,1855,280
1729828800,20397.0,20752.0,20396.0,20703.0,23599,50
1729843200,20702.0,20788.0,20558.0,20611.0,19732,40
1729857600,20610.0,20674.0,20539.0,20607.0,5575,40
1729872000,20608.0,20692.5,20490.0,20523.5,15553,40
1729886400,20524.0,20527.5,20465.0,20502.0,6815,40
1730073600,20316.0,20630.0,20316.0,20540.0,13480,80
1730088000,20541.0,20675.0,20518.0,20633.0,20338,35
1730102400,20634.0,20672.0,20537.5,20568.0,10817,35
1730116800,20565.5,20679.5,20538.5,20679.5,9138,35
1730131200,20681.0,20815.5,20658.0,20755.5,13469,35
1730145600,20756.0,20764.0,20724.5,20739.5,2766,35
1730160000,20743.0,20904.0,20678.0,20709.0,10410,80
1730174400,20708.0,20875.0,20560.0,20686.0,21199,80
1730188800,20686.0,21132.5,20641.0,21086.5,16220,35
1730203200,21086.5,21089.0,20755.0,20781.0,12390,35
1730217600,20779.5,20830.5,20682.0,20710.0,8230,35
1730232000,20710.5,20771.5,20669.0,20729.0,2302,45
1730246400,20742.0,20908.5,20502.0,20617.0,11430,45
1730260800,20619.0,20647.0,20281.0,20353.0,22030,35
1730275200,20353.0,20433.0,20311.0,20350.0,13727,35
1730289600,20348.5,20426.5,20249.0,20420.0,11836,35
1730304000,20420.0,20478.5,20389.0,20424.5,14501,35
1730318400,20425.0,20478.5,20407.0,20410.0,4894,35
1730332800,20395.0,20528.0,20375.0,20441.0,11811,35
1730347200,20442.0,20558.0,20321.0,20413.0,24707,35
1730361600,20411.0,20470.0,20270.5,20289.0,14630,35
1730376000,20288.5,20394.0,20196.0,20200.0,11096,35
1730390400,20199.5,20397.0,20189.0,20373.5,16961,35
1730404800,20374.0,20406.5,20339.0,20346.0,5822,35
1730419200,20358.0,20540.0,20327.0,20514.0,12350,35
1730433600,20515.0,20668.0,20378.0,20492.0,26310,45
1730448000,20493.0,20516.5,20451.0,20464.5,10739,35
1730462400,20455.0,20620.0,20426.0,20600.5,11617,35
1730476800,20599.5,20616.0,20428.0,20440.0,14234,35
1730491200,20439.0,20474.0,20410.0,20467.0,4074,35
1730678400,20445.0,20630.0,20425.0,20530.0,11323,70
1730692800,20532.0,20601.0,20457.0,20543.0,18658,35
1730707200,20544.0,20611.0,20473.5,20605.0,10187,35
1730721600,20605.5,20626.5,20548.0,20562.5,5985,35
1730736000,20562.5,20725.0,20511.0,20561.0,15394,35
1730750400,20561.5,20565.0,20513.0,20554.0,4109,45
1730764800,20563.0,20640.0,20346.0,20580.0,12729,80
1730779200,20579.5,20884.0,20568.0,20825.5,32995,70
1730793600,20825.0,21038.0,20778.5,20980.5,19603,45
1730808000,20971.5,20987.5,20889.5,20921.0,6367,45
1730822400,20918.5,20995.5,20841.5,20931.5,15408,45
1730836800,20932.0,20962.0,20897.5,20957.0,4678,45
1730851200,20965.0,20970.0,20689.0,20762.0,12459,80
1730865600,20763.0,20845.0,20323.0,20573.0,33159,70
1730880000,20572.0,20610.0,20380.0,20521.5,21527,35
1730894400,20522.5,20529.0,20315.0,20346.0,11650,45
1730908800,20345.0,20528.5,20193.0,20468.0,20935,45
1730923200,20468.5,20542.0,20424.0,20480.0,5086,35
1730937600,20459.0,20510.0,20311.0,20508.0,12213,80
1730952000,20509.0,20864.0,20508.0,20854.0,25526,40
1730966400,20853.0,21052.0,20785.0,21043.5,19586,60
1730980800,21043.0,21161.0,20949.5,21132.0,9695,40
1730995200,21131.0,21305.0,21096.5,21297.0,18993,40
1731009600,21297.5,21387.0,21228.0,21346.5,7778,40
1731024000,21334.0,21493.0,21086.0,21137.0,12355,80
1731038400,21137.0,21145.5,20679.0,20810.0,28954,40
1731052800,20809.0,20843.0,20351.5,20483.5,22993,40
1731067200,20483.5,20513.5,20350.0,20415.0,9853,50
1731081600,20414.0,20549.5,20145.0,20185.5,17672,50
1731096000,20186.5,20267.0,20154.5,20239.0,5244,50
1731283200,20242.0,20369.0,20177.0,20207.0,12286,80
1731297600,20204.0,20392.0,20124.0,20308.0,25976,80
1731312000,20309.0,20481.0,20279.0,20386.0,16516,35
1731326400,20385.5,20447.0,20310.0,20353.5,6355,35
1731340800,20355.0,20358.5,20231.5,20256.5,13595,35
1731355200,20255.0,20293.0,20221.5,20276.0,3502,35
1731369600,20271.0,20514.5,20248.0,20364.0,11038,50
1731384000,20365.0,20365.0,19799.0,19849.0,27029,60
1731398400,19848.0,19877.5,19741.0,19824.0,18661,50
1731412800,19824.0,19844.5,19697.0,19773.0,10247,40
1731427200,19773.5,19815.5,19536.0,19581.0,17522,50
1731441600,19581.0,19622.5,19577.0,19596.5,4460,40
1731456000,19592.0,19709.0,19551.0,19649.0,10830,80
1731470400,19650.0,19749.0,19591.0,19687.0,24265,40
1731484800,19685.0,19941.5,19666.0,19874.5,16871,40
1731499200,19876.5,19876.5,19720.5,19780.0,9266,40
1731513600,19780.5,19782.5,19559.0,19587.5,16770,40
1731528000,19588.5,19594.0,19493.5,19539.0,4382,40
1731542400,19544.0,19824.0,19542.0,19755.0,10319,70
1731556800,19754.0,19757.0,19479.0,19506.0,20464,35
1731571200,19505.0,19508.0,19355.0,19402.5,16199,35
1731585600,19402.0,19499.5,19374.5,19466.0,9080,35
1731600000,19465.5,19521.0,19324.5,19425.5,19103,35
1731614400,19425.0,19467.0,19405.0,19420.0,5584,35
1731628800,19412.0,19562.0,19308.0,19421.0,10719,80
1731643200,19423.0,19594.0,19412.0,19521.0,22394,35
1731657600,19522.0,19550.0,19374.0,19444.5,14828,35
1731672000,19444.0,19591.0,19425.0,19477.0,8928,35
1731686400,19475.5,19489.5,19372.0,19417.0,16294,35
1731700800,19416.5,19463.5,19408.5,19442.0,5450,35
1731888000,19437.0,19661.0,19412.0,19556.0,10959,70
1731902400,19557.0,19766.0,19503.0,19553.0,23264,35
1731916800,19554.0,19619.5,19486.0,19611.0,15512,35
1731931200,19611.5,19629.5,19558.5,19621.0,5968,35
1731945600,19621.5,19734.0,19596.0,19730.0,12773,35
1731960000,19729.0,19749.5,19691.0,19714.0,3861,35
1731974400,19701.0,19761.0,19638.0,19680.0,9430,70
1731988800,19681.0,19711.0,19500.0,19599.0,18032,35
1732003200,19597.0,19693.0,19382.5,19463.5,17523,35
1732017600,19463.0,19560.5,19455.5,19515.0,7720,35
1732032000,19514.0,19586.0,19491.5,19538.0,15271,35
1732046400,19538.5,19586.5,19528.0,19556.0,3963,35
1732060800,19547.0,19725.0,19545.0,19598.0,8265,35
1732075200,19596.0,19749.0,19575.0,19623.0,16843,35
1732089600,19624.0,19708.5,19596.0,19632.0,9722,35
1732104000,19631.5,19668.5,19600.0,19642.5,6284,35
1732118400,19649.5,19651.5,19555.5,19609.5,13829,35
1732132800,19610.0,19657.0,19564.0,19649.0,6140,35
1732147200,19645.0,19718.0,19565.0,19638.0,9219,35
1732161600,19635.0,19758.0,19610.0,19611.0,14391,35
1732176000,19610.0,19653.0,19464.0,19510.0,12529,35
1732190400,19511.0,19586.5,19484.0,19585.0,8146,35
1732204800,19585.5,19604.5,19517.0,19579.5,16490,35
1732219200,19578.5,19625.5,19547.0,19551.0,3874,35
1732233600,19551.0,19695.0,19541.0,19570.0,7999,35
1732248000,19572.0,19658.0,19233.0,19247.0,20721,70
1732262400,19245.0,19272.0,19012.5,19057.5,15921,35
1732276800,19057.0,19186.5,19036.0,19160.5,10161,35
1732291200,19171.5,19189.0,19115.0,19157.0,15901,35
1732305600,19156.5,19200.0,19140.0,19185.0,4405,35
1732492800,19240.0,19360.0,19215.0,19232.0,9251,45
1732507200,19233.0,19323.0,19098.0,19146.0,18296,35
1732521600,19147.0,19208.0,19087.0,19131.0,12721,35
1732536000,19129.5,19173.0,19093.5,19154.5,6676,35
1732550400,19154.0,19211.0,19111.5,19164.5,14414,35
1732564800,19163.5,19232.0,19158.0,19224.0,3646,35
1732579200,19226.0,19236.0,18900.0,19140.0,12583,50
1732593600,19135.0,19292.0,19128.0,19148.0,17149,40
1732608000,19147.0,19227.0,19107.0,19197.5,11212,40
1732622400,19198.0,19291.0,19198.0,19226.5,6587,40
1732636800,19227.0,19250.0,19046.5,19152.5,11207,40
1732651200,19149.5,19175.0,19110.0,19123.0,3073,40
1732665600,19125.0,19219.0,19117.0,19150.0,7828,80
1732680000,19149.0,19287.5,19050.0,19251.0,17168,35
1732694400,19252.0,19669.0,19249.0,19569.0,17148,35
1732708800,19569.5,19632.5,19500.5,19597.0,5587,35
1732723200,19596.5,19657.5,19512.0,19575.5,8836,35
1732737600,19575.0,19644.5,19558.5,19579.0,2105,35
1732752000,19579.0,19632.0,19405.0,19442.0,8540,40
1732766400,19442.0,19446.0,19287.0,19356.0,17158,40
1732780800,19354.0,19394.5,19297.5,19347.5,9829,40
1732795200,19348.5,19395.5,19326.0,19356.0,4474,40
1732809600,19356.5,19431.5,19352.5,19377.5,4726,40
1732824000,19378.0,19417.5,19364.0,19374.0,872,40
1732838400,19372.0,19466.0,19297.0,19354.0,8839,80
1732852800,19352.0,19650.0,19292.0,19432.0,22532,35
1732867200,19431.0,19493.0,19304.0,19432.0,13081,35
1732881600,19431.0,19522.0,19410.5,19465.5,5921,35
1732896000,19467.0,19629.0,19380.0,19584.5,14246,35
1732910400,19585.0,19624.0,19547.0,19548.0,1453,35
1733097600,19559.0,19685.0,19380.0,19668.0,10480,80
1733112000,19668.0,19682.0,19386.0,19482.0,18790,35
1733126400,19481.0,19613.5,19427.0,19577.0,12247,35
1733140800,19606.5,19666.5,19547.5,19586.5,7731,35
1733155200,19587.0,19612.5,19439.5,19542.0,11910,35
1733169600,19543.0,19600.0,19519.5,19591.0,3633,45
1733184000,19589.0,19616.0,19490.0,19505.5,8400,45
1733198400,19504.5,19645.5,19364.0,19600.0,17334,35
1733212800,19601.0,19773.5,19601.0,19730.0,14173,35
1733227200,19730.5,19797.5,19665.5,19695.0,6361,35
1733241600,19695.5,19769.5,19615.5,19735.0,14945,35
1733256000,19735.5,19771.5,19660.0,19681.0,3144,35
1733270400,19683.0,19723.0,19596.0,19623.0,8105,35
1733284800,19624.0,19822.0,19619.0,19800.0,16903,35
1733299200,19801.0,19807.0,19671.5,19715.0,12141,35
1733313600,19717.0,19758.0,19678.0,19707.0,6037,35
1733328000,19706.5,19735.0,19520.5,19601.5,13436,35
1733342400,19628.0,19630.0,19542.0,19572.0,2993,35
1733356800,19577.0,19621.0,19479.0,19511.0,7334,35
1733371200,19512.0,19573.0,19435.0,19520.0,13299,35
1733385600,19518.0,19625.0,19479.0,19571.0,9179,35
1733400000,19571.0,19614.0,19533.5,19577.5,5221,35
1733414400,19576.5,19661.0,19563.5,19594.0,10072,35
1733428800,19593.5,19623.0,19558.5,19575.0,3372,35
1733443200,19575.0,19689.0,19556.0,19602.0,7781,45
1733457600,19603.0,19928.0,19559.0,19886.0,20225,35
1733472000,19887.0,19943.0,19819.0,19888.0,10091,35
1733486400,19888.5,19948.5,19857.0,19909.5,6971,35
1733500800,19910.0,19934.5,19757.5,19764.5,11755,35
1733515200,19763.0,19804.5,19721.0,19723.0,2625,35
1733702400,19718.0,19793.0,19680.0,19771.0,8097,55
1733716800,19773.0,19939.0,19686.0,19727.0,16900,35
1733731200,19726.0,20831.0,19716.0,20775.0,26105,35
1733745600,20775.5,21038.0,20742.0,20970.5,10161,35
1733760000,20969.5,21351.0,20901.0,21302.5,21885,35
1733774400,21302.0,21322.0,21091.5,21106.5,5822,35
1733788800,21118.0,21204.0,20601.0,20610.0,13914,70
1733803200,20608.0,20817.0,20524.0,20560.0,26507,70
1733817600,20558.0,20564.0,20201.5,20287.0,18034,35
1733832000,20284.5,20458.5,20260.0,20386.5,7907,35
1733846400,20386.0,20464.5,20317.0,20362.0,16378,35
1733860800,20362.0,20436.5,20328.0,20357.0,3864,35
1733875200,20368.0,20511.0,20350.0,20433.0,9325,40
1733889600,20433.0,20508.0,20194.5,20231.0,19354,40
1733904000,20231.0,20232.5,20075.5,20141.0,14736,40
1733918400,20141.0,20274.5,20099.0,20232.0,8526,40
1733932800,20231.5,20235.5,20083.0,20152.5,15404,40
1733947200,20152.0,20197.5,20142.0,20157.0,2963,40
1733961600,20160.0,20255.0,20121.0,20180.0,9367,80
1733976000,20179.0,20547.0,20166.0,20450.0,24812,45
1733990400,20452.0,20556.0,20364.0,20470.5,13497,35
1734004800,20470.5,20506.0,20033.0,20179.0,12999,35
1734019200,20179.5,20287.5,20085.0,20172.0,12871,35
1734033600,20174.0,20205.0,20148.0,20148.0,3497,45
1734048000,20161.0,20236.0,20049.0,20060.0,9528,80
1734062400,20059.0,20124.0,19985.0,20082.0,19307,40
1734076800,20080.0,20115.0,19897.0,20013.5,13252,40
1734091200,20014.0,20044.0,19971.0,20009.5,6961,40
1734105600,20010.0,20027.0,19839.0,19896.0,14341,40
1734120000,19895.0,19951.0,19893.0,19910.0,4094,40
1734307200,19963.0,20068.0,19913.0,20002.0,9686,70
1734321600,19986.0,19990.0,19799.0,19830.0,16284,35
1734336000,19829.0,19832.0,19732.0,19750.0,11217,35
1734350400,19753.5,19765.0,19707.5,19717.5,6220,35
1734364800,19716.5,19795.5,19677.0,19722.0,14654,35
1734379200,19722.5,19734.5,19648.0,19653.0,2735,35
1734393600,19666.0,19776.0,19622.0,19767.0,8764,80
1734408000,19765.0,19957.0,19645.0,19775.0,20002,35
1734422400,19775.0,19809.0,19696.5,19715.5,11226,45
1734436800,19712.0,19780.0,19704.5,19746.5,4768,35
1734451200,19747.0,19929.0,19703.0,19929.0,11423,45
1734465600,19927.5,19928.5,19810.0,19823.0,3553,35
1734480000,19852.0,19950.0,19820.0,19900.0,8019,40
1734494400,19902.0,19983.0,19814.0,19875.0,15225,40
1734508800,19872.0,19940.0,19763.5,19816.5,10224,40
1734523200,19813.0,19860.0,19797.5,19818.5,3901,50
1734537600,19818.0,19888.0,19791.0,19815.5,9240,50
1734552000,19816.5,19851.5,19411.0,19476.0,9690,40
1734566400,19503.0,19725.0,19481.0,19685.0,11020,70
1734580800,19683.0,19763.0,19614.0,19715.0,16716,35
1734595200,19714.0,19864.5,19705.0,19770.5,13644,35
1734609600,19770.0,19781.5,19725.5,19740.0,6198,45
1734624000,19739.5,19801.5,19684.5,19693.5,16127,45
1734638400,19682.5,19735.0,19645.0,19674.0,5718,45
1734652800,19695.0,19837.0,19627.0,19756.0,9804,70
1734667200,19755.0,19878.0,19688.0,19752.0,15807,35
1734681600,19752.0,19808.0,19623.0,19681.0,11726,35
1734696000,19682.5,19737.0,19647.5,19678.5,8273,45
1734710400,19677.5,19910.0,19653.5,19895.0,17322,45
1734724800,19894.5,19896.0,19768.0,19792.5,6815,35
1734912000,19842.0,19927.0,19795.0,19806.0,10080,55
1734926400,19805.0,19958.0,19754.0,19865.0,15949,35
1734940800,19866.0,19955.5,19828.0,19919.5,10919,35
1734955200,19919.0,19930.0,19822.0,19833.0,5978,35
1734969600,19833.5,19897.5,19809.0,19893.5,11382,35
1734984000,19885.0,19945.5,19885.0,19936.5,4144,35
1734998400,19955.0,20040.0,19884.0,20028.0,7723,35
1735012800,20030.0,20154.0,20024.5,20123.0,11355,35
1735257600,20188.5,20197.5,20028.5,20032.5,6949,40
1735272000,20031.5,20174.5,19998.5,20103.5,14351,40
1735286400,20101.5,20109.5,20039.5,20062.0,8118,40
1735300800,20063.0,20107.5,20042.5,20066.5,3386,40
1735315200,20065.5,20112.0,20005.0,20092.0,9522,40
1735329600,20091.5,20113.5,20064.0,20092.0,3654,50
1735516800,20113.0,20206.5,20042.0,20106.0,9171,35
1735531200,20106.0,20113.0,19955.0,20065.5,14795,35
1735545600,20066.5,20128.0,19997.0,20011.0,9073,35
1735560000,20010.0,20070.0,19982.5,19985.5,5476,35
1735574400,19985.0,20026.0,19871.5,19946.5,12743,35
1735588800,19947.5,19977.0,19892.0,19899.0,5922,35
1735603200,19915.0,20122.0,19892.0,20080.0,7212,45
1735617600,20079.0,20175.0,20032.0,20084.0,9736,35
1735776000,19984.5,20009.0,19653.0,19670.0,8242,65
1735790400,19671.0,19821.0,19499.0,19652.0,20545,35
1735804800,19652.0,19653.0,19529.0,19576.0,14649,35
1735819200,19576.5,19589.0,19493.0,19586.5,7070,35
1735833600,19587.0,19656.5,19543.0,19570.5,19616,35
1735848000,19571.0,19584.0,19524.0,19565.0,7347,35
1735862400,19567.0,19694.0,19540.0,19627.0,8781,40
1735876800,19626.0,19879.0,19619.0,19690.0,19887,40
1735891200,19689.0,19741.0,19607.0,19687.0,12986,40
1735905600,19686.5,19731.5,19661.5,19728.0,5203,40
1735920000,19729.5,19773.0,19689.5,19760.5,12951,40
1735934400,19760.5,19782.0,19748.5,19762.0,3332,40
1736121600,19811.0,19868.0,19635.0,19651.0,10667,35
1736136000,19652.0,19809.0,19604.0,19629.0,17040,35
1736150400,19630.0,19719.5,19616.0,19708.0,9103,35
1736164800,19708.5,20127.0,19655.0,20092.5,13318,35
1736179200,20094.5,20125.0,19596.0,19605.5,18615,35
1736193600,19607.0,19635.5,19571.0,19610.0,5563,45
1736208000,19619.0,19648.0,19466.5,19572.0,9820,65
1736222400,19571.0,19648.0,19222.0,19298.0,18979,45
1736236800,19297.0,19463.0,19280.0,19450.5,10611,35
1736251200,19451.0,19508.0,19428.0,19488.5,5896,45
1736265600,19488.0,19525.5,19403.0,19414.0,17975,35
1736280000,19414.5,19427.5,19301.0,19344.0,4581,35
1736294400,19341.0,19469.0,19312.0,19312.0,8727,80
1736308800,19312.0,19361.0,19089.0,19257.0,19168,70
1736323200,19258.0,19325.0,19210.0,19295.0,12503,35
1736337600,19295.5,19301.0,19066.0,19150.5,10886,35
1736352000,19151.5,19248.0,19106.0,19213.5,15009,45
1736366400,19214.5,19252.0,19197.0,19225.0,5921,35
1736380800,19219.0,19341.0,19191.0,19304.0,8464,35
1736395200,19305.0,19386.0,19232.0,19233.0,14570,35
1736409600,19232.0,19288.0,19199.0,19275.0,9552,35
1736424000,19275.0,19356.5,19269.0,19312.0,5843,35
1736438400,19311.5,19323.5,19256.5,19266.5,4142,35
1736452800,19270.5,19272.5,19260.0,19261.0,743,35
1736467200,19250.0,19352.0,19154.0,19175.0,9746,80
1736481600,19175.0,19284.0,19076.0,19087.0,15814,35
1736496000,19087.0,19087.0,19006.0,19062.0,10516,35
1736510400,19067.5,19091.5,18948.0,18990.0,8587,35
1736524800,18990.5,19019.0,18857.5,18883.0,21672,35
1736539200,18881.5,18928.0,18803.0,18808.0,6416,35
1736726400,18799.0,18922.0,18640.0,18726.0,10932,70
1736740800,18727.0,18854.0,18655.0,18846.0,17388,35
1736755200,18846.0,18904.0,18776.5,18789.0,10911,35
1736769600,18789.0,18842.5,18785.5,18806.5,7260,35
1736784000,18805.5,18889.0,18760.5,18804.0,13955,35
1736798400,18804.5,18875.0,18793.5,18873.0,5173,35
1736812800,18900.0,19034.0,18877.0,18998.0,9270,45
1736827200,18999.0,19251.0,18945.0,19250.0,19302,35
1736841600,19251.0,19314.0,19171.0,19185.0,12796,35
1736856000,19185.5,19256.5,19157.5,19194.0,8432,35
1736870400,19194.5,19237.0,19120.5,19164.5,17389,35
1736884800,19163.5,19186.5,19099.0,19169.0,4983,35
1736899200,19174.0,19228.0,19125.0,19184.0,7583,35
1736913600,19183.0,19299.0,19133.0,19205.0,15297,35
1736928000,19204.0,19280.5,19192.0,19267.0,8437,35
1736942400,19267.0,19444.5,19236.0,19437.5,9574,35
1736956800,19437.0,19446.0,19312.0,19356.0,15921,35
1736971200,19357.5,19417.0,19356.5,19411.0,2954,35
1736985600,19418.0,19662.0,19379.0,19544.0,9273,70
1737000000,19545.0,19610.0,19321.0,19425.0,16839,40
1737014400,19426.0,19536.5,19421.0,19474.0,11220,40
1737028800,19474.5,19488.5,19414.5,19440.5,7740,40
1737043200,19438.5,19484.5,19398.5,19452.0,16416,40
1737057600,19451.0,19468.5,19405.0,19423.0,4659,40
1737072000,19423.5,19494.0,19392.0,19448.0,7338,50
1737086400,19450.0,19633.0,19449.0,19568.0,17721,40
1737100800,19567.0,19598.0,19530.5,19540.5,8706,40
1737115200,19539.0,19611.5,19496.0,19556.0,7978,40
1737129600,19556.5,19961.5,19510.5,19789.0,24275,40
1737144000,19788.5,19814.5,19765.0,19792.0,4226,40
1737331200,19784.0,19984.5,19755.0,19895.0,10322,35
1737345600,19895.0,20108.0,19862.0,20033.0,17826,35
1737360000,20032.0,20042.0,19886.0,19897.0,10645,35
1737374400,19897.5,20173.5,19853.5,20158.5,10155,35
1737388800,20157.0,20369.5,20102.0,20239.5,19282,55
1737403200,20240.0,20263.0,20231.5,20261.0,1244,35
1737417600,20288.0,20324.0,19915.0,19975.0,12876,80
1737432000,19975.0,20223.0,19975.0,20084.0,19928,80
1737446400,20085.0,20151.5,20025.0,20042.0,11343,40
1737460800,20042.5,20091.5,19970.0,20017.5,7523,40
1737475200,20018.5,20054.5,19863.0,19985.5,18363,40
1737489600,19984.5,20018.5,19973.0,20007.0,3641,40
1737504000,20076.0,20086.0,19797.0,19820.0,9074,80
1737518400,19819.0,19904.0,19739.0,19788.0,15377,40
1737532800,19787.0,19990.0,19731.0,19942.0,12097,40
1737547200,19942.5,19977.5,19861.5,19871.5,6563,40
1737561600,19872.0,19890.0,19763.5,19874.0,14139,40
1737576000,19873.5,19922.5,19846.0,19858.0,3054,40
1737590400,19863.0,20050.0,19835.0,19902.0,9475,80
1737604800,19903.0,19911.0,19677.0,19686.0,18079,35
1737619200,19686.0,19715.5,19632.0,19707.5,10343,35
1737633600,19707.5,19736.5,19679.5,19711.5,4340,35
1737648000,19712.5,19806.5,19664.0,19767.5,14316,35
1737662400,19767.5,19800.0,19749.5,19787.0,3052,35
1737676800,19779.0,19934.0,19755.0,19919.0,8409,80
1737691200,19920.0,20144.0,19866.0,20085.0,21117,35
1737705600,20086.0,20127.0,20001.0,20054.5,11229,35
1737720000,20054.5,20079.0,19999.0,20046.0,5228,35
1737734400,20044.0,20182.0,19959.0,20137.5,14051,35
1737748800,20136.0,20168.0,20085.5,20093.5,3255,35
1737936000,20042.0,20292.0,19994.0,20187.0,13014,80
1737950400,20187.0,20305.0,20131.0,20234.0,16143,35
1737964800,20232.0,20301.5,20144.0,20285.0,13495,35
1737979200,20282.5,20461.0,20282.5,20399.5,13969,35
1737993600,20398.0,20399.5,20221.5,20324.5,23382,35
1738008000,20323.5,20392.5,20308.0,20354.0,6296,35
1738022400,20388.0,20394.0,20176.0,20195.0,9131,70
1738036800,20196.0,20279.0,20159.0,20253.0,10039,40
1738540800,19958.0,20125.0,19765.0,19905.0,10069,50
1738555200,19904.0,20178.0,19728.0,20097.0,20898,40
1738569600,20098.0,20282.0,20076.0,20211.5,12881,40
1738584000,20212.5,20295.0,20207.0,20224.5,8424,40
1738598400,20241.0,20627.0,20168.0,20461.0,33051,40
1738612800,20460.0,20538.0,20403.0,20524.0,9258,60
1738627200,20575.0,20669.0,20411.0,20643.0,10338,70
1738641600,20642.0,20903.0,20278.0,20555.0,26875,70
1738656000,20554.0,20817.5,20554.0,20737.0,16348,40
1738670400,20736.5,20792.5,20707.0,20766.5,7442,40
1738684800,20765.0,21017.5,20734.5,20946.0,23745,40
1738699200,20945.5,20977.5,20846.0,20858.0,5868,40
1738713600,20843.0,20904.0,20471.0,20475.0,11956,70
1738728000,20475.0,20720.0,20404.0,20545.0,22443,35
1738742400,20545.0,20625.0,20463.0,20500.0,12493,35
1738756800,20500.0,20675.5,20492.5,20574.5,7663,35
1738771200,20594.0,20669.5,20554.0,20615.5,17843,35
1738785600,20615.0,20668.0,20601.0,20616.0,3805,35
1738800000,20622.0,20722.0,20555.0,20572.0,9158,65
1738814400,20573.0,20797.0,20525.0,20759.0,21416,45
1738828800,20759.0,20951.5,20717.0,20928.0,12771,35
1738843200,20929.0,20952.5,20824.0,20862.0,8065,35
1738857600,20859.5,20947.5,20833.5,20879.0,15725,35
1738872000,20879.5,20900.5,20813.0,20843.0,5550,35
1738886400,20835.0,21001.0,20799.0,20962.0,9054,80
1738900800,20963.0,21223.0,20960.0,21060.0,26151,70
1738915200,21061.0,21194.0,20926.0,21181.0,14852,35
1738929600,21180.5,21290.0,21135.0,21217.5,11267,35
1738944000,21217.0,21388.0,21085.0,21176.0,26467,35
1738958400,21178.0,21195.0,21120.0,21122.0,1943,35
1739145600,21049.0,21489.0,21032.0,21483.0,13338,65
1739160000,21485.0,21537.0,21360.0,21486.0,23915,70
1739174400,21486.0,21568.5,21454.0,21519.5,13793,35
1739188800,21522.5,21623.5,21512.0,21568.0,7278,45
1739203200,21569.0,21623.0,21442.0,21508.5,20432,35
1739217600,21507.5,21557.0,21493.5,21555.0,3821,35
1739232000,21547.0,21683.5,21457.5,21517.5,12752,80
1739246400,21518.0,21583.0,21298.5,21459.0,29918,70
1739260800,21459.5,21486.0,21277.5,21313.0,18022,55
1739275200,21314.5,21391.5,21270.0,21278.5,7096,45
1739289600,21278.5,21605.0,21275.5,21518.5,22094,35
1739304000,21517.5,21547.5,21488.0,21497.0,4317,55
1739318400,21504.0,21630.0,21421.0,21630.0,10263,80
1739332800,21631.0,21792.5,21578.0,21701.0,26387,35
1739347200,21703.0,21911.0,21683.0,21902.5,17313,35
1739361600,21903.0,21933.0,21732.5,21780.5,11341,55
1739376000,21782.0,22123.5,21718.0,22102.5,22282,65
1739390400,22105.5,22120.5,22006.5,22039.0,5983,65
1739404800,22030.0,22133.0,21922.0,22089.0,11085,70
1739419200,22088.0,22420.0,22040.0,22398.0,27981,70
1739433600,22397.0,22527.0,21703.5,21772.0,32125,70
1739448000,21781.5,21819.0,21686.0,21715.5,9364,70
1739462400,21715.0,21972.5,21628.0,21901.5,20352,70
1739476800,21897.5,21957.0,21818.5,21946.0,6591,90
1739491200,21942.0,22277.0,21870.0,22140.0,12156,70
1739505600,22141.0,22414.0,22100.0,22229.0,31626,70
1739520000,22227.0,22668.0,22226.0,22601.0,26757,70
1739534400,22595.0,22650.0,22482.5,22563.0,8567,70
1739548800,22563.5,22623.0,22398.5,22525.0,19877,70
1739563200,22525.5,22548.0,22473.0,22485.0,4488,90
1739750400,22527.0,22974.0,22495.0,22738.0,13765,70
1739764800,22738.0,22823.0,22334.0,22469.0,41012,70
1739779200,22468.0,22747.0,22454.0,22644.0,21414,70
1739793600,22641.5,22648.5,22583.0,22638.0,5125,90
1739808000,22638.5,22726.5,22627.0,22702.5,6480,90
1739822400,22702.0,22702.5,22660.0,22673.0,960,90
1739836800,22642.0,22845.0,22594.0,22812.0,11916,70
1739851200,22810.0,23151.0,22761.0,22825.0,35805,70
1739865600,22822.0,22986.0,22704.0,22901.5,22432,70
1739880000,22902.5,22903.0,22848.0,22866.5,7086,90
1739894400,22867.5,22886.5,22658.5,22717.5,19742,70
1739908800,22718.0,22763.5,22708.0,22749.0,4561,90
1739923200,22727.0,22857.0,22634.0,22828.0,11672,70
1739937600,22825.0,22973.0,22770.0,22839.0,28882,70
1739952000,22839.0,22950.0,22821.0,22908.0,14195,70
1739966400,22909.0,22918.0,22752.0,22798.5,8909,90
1739980800,22797.5,22868.5,22670.5,22729.5,19203,70
1739995200,22730.5,22761.0,22708.5,22713.0,4341,90
1740009600,22707.0,22844.0,22568.0,22580.0,11782,80
1740024000,22577.0,22777.0,22440.0,22713.0,29257,80
1740038400,22714.0,22733.0,22552.0,22587.0,15347,70
1740052800,22587.5,23040.5,22582.5,22995.5,17001,70
1740067200,22995.0,23309.0,22851.0,22994.0,33501,70
1740081600,22995.0,23055.0,22975.5,23035.0,5763,90
1740096000,23046.0,23105.0,22910.0,22950.0,11860,80
1740110400,22952.0,23350.0,22900.0,23228.0,31953,70
1740124800,23228.0,23483.0,23226.0,23423.0,20102,70
1740139200,23422.5,23517.5,23415.0,23467.5,9670,70
1740153600,23468.0,23703.5,23430.5,23501.0,27822,70
1740168000,23502.0,23506.5,23340.0,23379.0,10161,90
1740355200,23349.0,23677.0,23224.0,23538.0,14579,80
1740369600,23538.0,23615.0,23241.0,23343.0,34593,80
1740384000,23342.0,23542.0,23261.0,23325.5,20234,70
1740398400,23325.0,23329.0,23229.5,23248.0,9288,70
1740412800,23248.5,23251.0,22769.0,22834.5,30479,70
1740427200,22834.0,22868.5,22761.0,22797.0,6300,70
1740441600,22805.5,22996.0,22738.0,22960.0,12906,80
1740456000,22961.0,23239.0,22868.0,23112.0,31949,80
1740470400,23111.0,23154.0,22885.0,23076.0,21665,70
1740484800,23076.0,23201.5,23072.0,23144.5,9729,70
1740499200,23145.5,23173.0,22954.0,23133.5,24881,70
1740513600,23134.5,23166.5,23096.0,23138.0,8310,70
1740528000,23162.0,23532.0,23113.0,23532.0,11823,70
1740542400,23533.0,23802.0,23436.0,23766.0,31171,70
1740556800,23767.0,23989.0,23667.5,23714.5,22779,70
1740571200,23712.5,23799.5,23712.5,23724.5,8461,90
1740585600,23723.5,23878.5,23646.0,23744.5,20471,70
1740600000,23743.0,23813.0,23596.0,23781.0,10241,90
1740614400,23771.0,24053.0,23657.0,23827.0,14057,80
1740628800,23827.0,23882.0,23451.0,23724.0,38327,80
1740643200,23722.0,23895.0,23622.0,23767.5,26707,80
1740657600,23765.0,23912.5,23571.5,23577.5,14037,90
1740672000,23577.0,23694.5,23401.0,23676.0,29678,70
1740686400,23676.5,23734.0,23552.0,23572.0,9375,90
1740700800,23576.0,23626.0,23174.0,23174.0,14089,70
1740715200,23175.0,23409.0,23001.0,23101.0,31329,70
1740729600,23101.0,23101.0,22780.0,22928.0,25731,70
1740744000,22928.5,23042.0,22927.5,23010.5,10158,70
1740758400,23011.0,23087.0,22899.0,22953.0,25532,70
1740772800,22954.5,23090.0,22877.5,23058.5,12120,90
1740960000,23099.0,23321.0,23010.0,23275.0,15675,80
1740974400,23276.0,23386.0,22986.0,23045.0,32449,80
1740988800,23043.0,23057.0,22850.0,22969.5,23453,70
1741003200,22969.5,23114.5,22958.0,23085.5,11109,70
1741017600,23085.0,23125.5,22947.0,23025.5,22212,90
1741032000,23024.5,23025.5,22707.0,22806.0,13059,70
1741046400,22797.0,22857.0,22537.0,22602.0,14800,80
1741060800,22604.0,23028.0,22575.0,22974.0,32174,80
1741075200,22975.0,23013.0,22845.0,22892.5,18224,70
1741089600,22891.5,22956.5,22791.5,22800.5,12609,90
1741104000,22800.0,23018.0,22661.5,22909.0,31558,90
1741118400,22906.5,23138.0,22902.0,23086.0,16063,70
1741132800,23103.0,23514.0,23025.0,23348.0,14706,70
1741147200,23349.0,23463.0,23069.0,23463.0,27897,70
1741161600,23462.0,23654.5,23424.0,23629.0,19087,70
1741176000,23628.5,23645.0,23479.5,23518.5,13477,75
1741190400,23517.5,23936.0,23495.0,23903.5,31833,70
1741204800,23904.0,24035.0,23847.0,23984.0,12021,70
1741219200,23914.0,24127.0,23850.0,24121.0,13609,80
1741233600,24120.0,24286.0,24016.0,24243.0,26574,70
1741248000,24242.0,24455.5,24196.0,24337.0,22179,70
1741262400,24338.0,24377.0,24213.0,24260.0,14181,90
1741276800,24257.5,24342.0,24002.0,24064.5,35109,90
1741291200,24063.5,24150.0,23995.0,24117.0,13547,70
1741305600,24129.0,24242.0,24056.0,24111.0,13727,80
1741320000,24111.0,24650.0,24092.0,24418.0,33693,80
1741334400,24419.0,24427.0,24128.0,24179.5,23614,70
1741348800,24184.5,24205.5,24061.0,24062.0,12360,70
1741363200,24061.0,24284.0,23933.5,24005.5,34589,90
1741377600,24006.0,24135.0,23999.5,24087.0,13674,90
1741564800,24037.0,24286.0,23873.5,24035.0,17661,80
1741579200,24035.0,24076.0,23616.0,23692.0,27267,80
1741593600,23693.0,23883.0,23579.5,23686.0,21243,80
1741608000,23687.0,23724.0,23535.5,23557.0,17631,90
1741622400,23557.0,23561.0,23335.5,23336.0,30174,90
1741636800,23336.5,23386.5,23232.0,23282.0,11190,70
1741651200,23269.0,23559.0,23175.0,23526.0,19118,80
1741665600,23527.0,23711.0,23437.0,23551.0,30154,80
1741680000,23552.0,23906.5,23528.0,23844.0,23360,70
1741694400,23842.5,23922.0,23732.5,23752.5,20552,90
1741708800,23742.0,23804.5,23525.5,23584.5,40255,70
1741723200,23584.0,23759.5,23581.0,23647.0,14480,90
1741737600,23665.0,23929.0,23639.0,23792.0,15587,80
1741752000,23791.0,23817.0,23571.0,23730.0,26254,70
1741766400,23730.0,23738.0,23339.0,23630.0,22821,70
1741780800,23630.5,23781.5,23496.0,23540.0,19469,90
1741795200,23538.0,23612.5,23404.0,23491.0,32064,90
1741809600,23491.0,23606.0,23491.0,23529.0,8777,70
1741824000,23535.0,23665.0,23445.0,23466.0,12627,80
1741838400,23467.0,23700.0,23166.0,23278.0,29338,70
1741852800,23277.0,23522.5,23216.0,23521.0,20676,70
1741867200,23520.0,23552.0,23358.5,23496.0,19514,90
1741881600,23495.5,23708.5,23468.0,23625.5,30271,70
1741896000,23624.0,23767.0,23622.5,23705.5,7171,70
1741910400,23700.0,23788.0,23457.0,23665.0,14027,70
1741924800,23663.0,24101.0,23649.0,24053.0,31006,80
1741939200,24054.0,24158.0,23922.0,24134.5,18383,70
1741953600,24134.0,24213.5,24070.5,24169.5,18882,90
1741968000,24170.0,24239.5,24087.0,24164.0,24715,90
1741982400,24164.5,24210.0,24128.0,24144.0,6263,90
1742169600,24129.0,24298.0,24097.0,24115.0,15536,80
1742184000,24114.0,24348.0,24067.0,24194.0,23642,70
1742198400,24194.0,24218.0,24057.0,24172.5,14657,70
1742212800,24173.5,24537.0,24170.0,24508.0,15332,70
1742227200,24507.5,24673.5,24452.5,24653.0,25112,70
1742241600,24652.5,24695.0,24614.0,24619.5,5961,90
1742256000,24618.0,24734.0,24543.0,24559.0,12386,80
1742270400,24555.0,24699.0,24483.0,24641.0,23071,70
1742284800,24640.0,24835.0,24581.0,24801.5,17179,70
1742299200,24800.0,24819.5,24611.0,24619.0,18264,70
1742313600,24619.0,24758.0,24575.0,24684.0,26365,70
1742328000,24685.0,24706.0,24645.0,24654.0,6396,70
1742342400,24650.0,24791.0,24620.0,24656.0,11789,70
1742356800,24655.0,24879.0,24598.0,24713.0,24051,80
1742371200,24714.0,24855.5,24673.0,24809.0,15455,70
1742385600,24809.5,24896.5,24561.5,24631.0,15472,70
1742400000,24630.5,24686.0,24567.0,24590.5,17488,90
1742414400,24591.0,24720.0,24582.0,24683.0,9874,90
1742428800,24713.0,24753.0,24344.0,24394.0,11832,70
1742443200,24396.0,24597.5,24370.0,24403.0,23554,70
1742457600,24401.0,24404.0,24068.0,24113.5,18143,70
1742472000,24114.0,24123.0,23954.5,24081.5,20169,70
1742486400,24077.0,24129.5,23959.5,24011.0,22447,70
1742500800,24010.5,24054.5,24008.5,24034.0,5770,70
1742515200,24056.0,24175.0,24006.0,24148.0,11161,70
1742529600,24148.0,24225.0,23589.0,23640.0,27066,70
1742544000,23638.0,23814.0,23525.5,23566.0,18690,70
1742558400,23566.5,23669.5,23531.0,23566.0,16514,90
1742572800,23565.5,23676.5,23498.0,23663.0,20686,70
1742587200,23663.0,23670.5,23599.0,23637.0,5074,90
1742774400,23741.0,23779.0,23531.0,23599.0,12983,70
1742788800,23600.0,23756.0,23560.0,23675.0,23876,70
1742803200,23674.0,23958.0,23587.0,23792.5,19356,70
1742817600,23793.5,23829.5,23623.5,23652.5,13674,90
1742832000,23650.0,23739.0,23577.0,23604.5,15012,90
1742846400,23603.0,23618.0,23566.5,23595.0,4065,70
1742860800,23601.0,23743.0,23539.0,23548.0,10227,70
1742875200,23552.0,23554.0,23314.0,23431.0,21090,70
1742889600,23431.0,23468.0,23300.0,23429.0,13536,70
1742904000,23428.5,23628.5,23417.0,23596.5,12848,70
1742918400,23595.5,23648.5,23472.0,23500.0,14286,65
1742932800,23499.5,23502.5,23444.0,23471.0,3457,70
1742947200,23483.0,23596.0,23427.0,23566.0,9937,70
1742961600,23567.0,23574.0,23352.0,23410.0,19556,70
1742976000,23410.0,23531.0,23385.0,23403.0,12174,70
1742990400,23401.0,23518.0,23393.5,23396.5,10728,70
1743004800,23395.5,23600.5,23360.0,23410.0,19979,70
1743019200,23410.5,23438.0,23393.0,23424.0,4828,90
1743033600,23399.0,23637.0,23374.0,23585.0,12723,70
1743048000,23586.0,23885.0,23527.0,23646.0,26101,70
1743062400,23645.0,23705.0,23535.0,23614.0,14880,70
1743076800,23614.0,23693.5,23541.0,23674.5,11903,90
1743091200,23674.5,23809.5,23631.5,23707.5,15230,70
1743105600,23708.0,23773.0,23705.5,23742.0,3951,70
1743120000,23736.0,23766.0,23605.0,23651.0,11256,80
1743134400,23650.0,23715.0,23228.0,23333.0,25143,70
1743148800,23329.0,23460.0,23286.5,23296.0,15786,70
1743163200,23297.0,23398.5,23265.5,23299.5,15308,90
1743177600,23294.0,23307.5,23153.0,23193.0,22522,70
1743192000,23192.0,23246.5,23143.0,23144.0,5461,70
1743379200,23101.0,23145.0,22988.0,23100.0,5986,280
1743393600,23101.0,23369.0,22977.0,22993.0,28732,80
1743408000,22993.0,23220.0,22967.0,23067.0,23542,70
1743422400,23066.0,23093.5,22952.0,23008.0,11383,70
1743436800,23007.5,23174.0,22922.0,23122.0,23011,70
1743451200,23121.5,23233.0,23110.5,23188.0,9458,90
1743465600,23196.0,23205.0,23130.0,23165.0,4457,280
1743480000,23164.0,23438.0,23148.0,23337.0,25568,70
1743494400,23338.0,23342.0,23098.0,23213.0,21952,70
1743508800,23214.0,23255.0,23061.5,23131.0,11774,90
1743523200,23131.5,23258.0,23016.5,23166.5,24315,70
1743537600,23166.0,23178.5,23073.0,23129.0,9626,70
1743552000,23133.0,23203.0,23109.0,23116.0,4064,280
1743566400,23117.0,23350.0,22922.0,23187.0,25252,70
1743580800,23191.0,23214.0,23067.0,23145.0,16831,70
1743595200,23144.0,23221.5,23023.0,23131.5,11376,70
1743609600,23130.0,23172.5,23030.0,23115.5,22438,70
1743624000,23116.0,23154.0,22620.0,22627.0,18999,70
1743638400,22629.0,22629.0,22377.0,22541.0,10821,70
1743652800,22527.0,22928.0,22442.5,22767.0,30990,70
1743667200,22764.0,22816.0,22613.0,22769.0,23407,70
1743681600,22771.0,22777.0,22548.0,22611.0,19817,70
1743696000,22610.5,22775.0,22569.0,22727.5,35030,70
1743710400,22727.0,22762.5,22689.0,22712.0,9491,90
1743998400,21020.5,21037.5,20276.0,20346.0,56600,70
1744012800,20340.0,20607.0,19392.0,19690.0,56854,70
1744027200,19689.0,20245.0,19606.0,20147.5,40399,70
1744041600,20145.0,20646.5,19279.0,19300.5,61411,70
1744056000,19303.0,19801.0,19301.0,19700.0,33901,70
1744070400,19753.0,19867.0,19695.0,19767.0,8861,160
1744084800,19788.0,20403.0,19766.0,20090.0,44040,70
1744099200,20089.0,20187.0,19680.0,19962.0,44547,70
1744113600,19962.0,20073.0,19760.0,20027.0,26136,70
1744128000,20026.5,20260.5,19518.0,19518.5,45040,70
1744142400,19518.0,19561.5,19002.0,19134.0,29524,70
1744156800,19148.0,19149.0,18798.0,18933.0,12927,70
1744171200,18926.0,19943.0,18903.0,19673.0,48011,70
1744185600,19672.0,20402.0,19581.0,20247.0,51253,70
1744200000,20246.0,20251.0,19451.5,19582.5,38816,70
1744214400,19580.0,19993.0,19536.0,19872.0,50425,70
1744228800,19873.0,20504.0,19668.0,20497.0,37479,90
1744243200,20398.0,20587.0,20398.0,20563.0,8923,280
1744257600,20562.0,21184.0,20474.0,20588.0,41870,80
1744272000,20593.0,20903.0,20543.0,20603.0,41990,80
1744286400,20604.0,20756.5,20492.5,20569.5,23954,90
1744300800,20570.5,20644.5,20148.5,20384.0,47471,90
1744315200,20381.5,20651.5,20236.0,20492.0,32119,70
1744329600,20485.0,20559.0,20185.0,20308.0,10775,280
1744344000,20295.0,20810.0,20284.0,20773.0,37679,80
1744358400,20774.0,21118.0,20701.0,20778.0,42621,80
1744372800,20777.0,21088.5,20752.0,20881.5,25072,90
1744387200,20881.0,20954.0,20658.0,20943.5,42379,90
1744401600,20944.5,21121.0,20908.5,21102.0,19796,90
1744588800,21137.0,21338.0,21089.0,21242.0,8457,280
1744603200,21250.0,21512.0,21202.0,21404.0,27675,70
1744617600,21405.0,21444.0,21262.0,21365.0,18753,70
1744632000,21365.0,21458.5,21345.5,21444.0,10880,90
1744646400,21444.0,21663.5,21367.5,21435.5,36256,70
1744660800,21436.5,21587.0,21432.0,21508.0,16191,90
1744675200,21510.0,21519.0,21448.0,21515.0,4233,280
1744689600,21514.0,21600.0,21335.0,21429.0,23444,70
1744704000,21428.0,21488.0,21279.0,21474.0,17467,70
1744718400,21475.0,21552.5,21448.0,21470.0,10632,90
1744732800,21470.5,21516.5,21370.0,21432.5,25674,85
1744747200,21432.0,21459.5,21395.0,21400.0,11463,90
1744761600,21308.0,21356.0,21284.0,21347.0,4856,280
1744776000,21345.0,21373.0,20870.0,20894.0,22130,70
1744790400,20895.0,21302.0,20840.0,21191.0,23704,70
1744804800,21192.0,21345.5,21142.0,21229.0,13228,70
1744819200,21230.0,21282.5,21105.0,21212.5,25361,90
1744833600,21212.0,21223.5,20952.0,20990.0,17809,90
1744848000,21039.0,21090.0,20995.0,21089.0,5353,280
1744862400,21091.0,21415.0,21027.0,21391.0,23371,70
1744876800,21392.0,21445.0,21263.0,21391.0,16533,70
1744891200,21392.0,21479.5,21334.5,21410.5,11266,90
1744905600,21409.0,21410.0,21187.5,21237.5,30171,90
1744920000,21238.5,21324.0,21195.0,21277.0,10372,90
1745294400,21186.0,21453.0,21179.0,21364.0,24774,70
1745308800,21377.0,21592.0,21364.0,21583.0,17077,70
1745323200,21584.0,21613.5,21518.0,21604.0,9677,90
1745337600,21603.0,21857.5,21545.5,21780.5,23314,90
1745352000,21780.0,21812.5,21632.0,21710.0,14730,90
1745366400,21900.0,22155.0,21884.0,21992.0,7664,280
1745380800,22002.0,22175.0,21862.0,22081.0,22651,70
1745395200,22093.0,22173.0,21998.0,22153.0,15164,70
1745409600,22154.0,22189.0,22103.5,22156.5,8337,90
1745424000,22156.0,22386.0,22056.5,22101.0,31574,70
1745438400,22100.5,22105.5,22013.0,22058.0,12751,90
1745452800,22052.0,22052.0,21972.0,22037.0,4501,280
1745467200,22036.0,22080.0,21710.0,21785.0,20462,70
1745481600,21786.0,21908.0,21768.0,21893.0,13863,70
1745496000,21894.0,21999.0,21873.5,21986.0,10005,70
1745510400,21987.5,22173.5,21946.5,22147.0,20730,70
1745524800,22147.5,22184.0,22115.5,22154.0,8635,90
1745539200,22191.0,22239.0,22160.0,22212.0,3219,280
1745553600,22215.0,22275.0,22003.0,22186.0,21696,70
1745568000,22204.0,22236.0,21915.0,21989.0,17153,70
1745582400,21990.0,22057.5,21926.5,21988.5,11022,90
1745596800,21989.0,22096.5,21962.0,22065.0,18370,90
1745611200,22064.0,22110.5,21999.0,22083.5,9549,90
1745798400,22012.0,22051.0,22001.0,22031.0,3340,280
1745812800,22026.0,22132.0,21810.0,21996.0,18827,70
1745827200,21997.0,22062.0,21954.0,21973.5,14646,70
1745841600,21974.5,22043.5,21964.0,22006.5,6175,90
1745856000,22005.5,22088.0,21949.5,21976.5,15569,90
1745870400,21975.5,22063.0,21964.5,22018.0,5633,90
1745884800,22005.0,22060.0,21996.0,22033.0,2377,280
1745899200,22034.0,22231.0,21937.0,22022.0,18713,70
1745913600,22031.0,22071.0,21937.0,22012.0,12720,70
1745928000,22012.0,22042.0,21924.0,22040.0,8452,90
1745942400,22039.0,22078.5,21997.5,22013.0,17838,90
1745956800,22014.0,22079.5,22001.5,22019.5,7236,90
1745971200,21967.0,21978.0,21947.0,21978.0,2857,280
1745985600,21977.0,22072.0,21831.0,22044.0,20029,70
1746000000,22043.0,22152.0,22000.0,22119.0,13160,70
1746014400,22118.0,22154.0,22038.0,22042.5,9761,90
1746028800,22041.0,22042.0,21851.0,21903.0,21177,70
1746043200,21902.5,22051.5,21881.0,21986.0,7929,90
1746158400,22150.0,22519.0,22044.0,22494.0,22218,70
1746172800,22493.0,22541.0,22397.0,22447.0,12481,70
1746187200,22446.0,22641.0,22442.0,22633.0,10526,70
1746201600,22633.0,22693.0,22488.0,22635.0,20596,70
1746216000,22634.5,22682.5,22625.5,22652.0,5244,90
1746504000,22639.0,22700.0,22414.0,22637.0,24410,70
1746518400,22652.0,22745.0,22585.0,22608.0,13714,70
1746532800,22607.0,22867.0,22455.0,22862.0,15050,90
1746547200,22861.5,23010.0,22818.0,22907.0,18521,90
1746561600,22907.5,22949.0,22876.5,22903.0,8113,70
1746576000,22888.0,23157.0,22888.0,23127.0,6625,280
1746590400,23140.0,23249.0,22726.0,22770.0,27554,70
1746604800,22768.0,22860.0,22629.0,22662.0,15740,70
1746619200,22661.0,22693.5,22602.0,22655.0,8155,90
1746633600,22662.0,22662.0,22518.0,22595.0,17305,90
1746648000,22594.5,22609.5,22497.0,22548.0,13282,90
1746662400,22519.0,22609.0,22511.0,22591.0,3139,280
1746676800,22594.0,22966.0,22568.0,22924.0,23818,70
1746691200,22929.0,22930.0,22701.0,22804.5,13439,70
1746705600,22805.5,22828.0,22743.0,22769.5,7421,70
1746720000,22769.5,22860.0,22648.5,22852.0,19773,70
1746734400,22853.5,22853.5,22746.0,22767.5,7587,90
1746748800,22766.0,22838.0,22746.0,22836.0,2885,280
1746763200,22837.0,22876.0,22654.0,22739.0,19752,70
1746777600,22736.0,22876.0,22722.0,22824.0,10670,70
1746792000,22825.0,22972.5,22825.0,22946.5,8474,70
1746806400,22946.5,22983.0,22802.0,22803.0,16054,70
1746820800,22802.5,22853.5,22788.0,22811.0,6507,90
1747008000,23079.0,23152.0,23014.0,23149.0,6445,70
1747022400,23167.0,23271.0,22971.0,23055.0,22984,70
1747036800,23067.0,23703.0,23065.0,23483.0,27306,70
1747051200,23484.0,23581.5,23428.5,23480.0,13244,70
1747065600,23480.5,23573.0,23356.5,23491.0,23855,70
1747080000,23492.0,23522.0,23457.0,23507.0,6875,90
1747094400,23522.0,23532.0,23456.0,23473.0,3690,280
1747108800,23475.0,23483.0,23101.0,23114.0,19741,70
1747123200,23115.0,23226.5,23064.0,23070.0,11751,70
1747137600,23071.0,23245.5,23037.0,23187.0,10646,90
1747152000,23186.5,23405.5,23156.5,23388.5,19017,70
1747166400,23389.0,23399.5,23224.0,23235.0,6672,90
1747180800,23243.0,23338.0,23239.0,23301.0,2645,280
1747195200,23300.0,23459.5,23272.0,23433.5,21399,70
1747209600,23432.5,23641.0,23423.5,23572.0,19216,70
1747224000,23571.0,23700.0,23536.0,23652.0,9795,90
1747238400,23651.5,23716.5,23570.0,23627.0,19975,70
1747252800,23627.5,23640.5,23593.0,23612.0,7771,70
1747267200,23589.0,23589.0,23539.0,23570.0,2548,280
1747281600,23567.0,23705.0,23486.0,23579.0,18792,70
1747296000,23580.0,23580.0,23367.0,23399.0,13550,70
1747310400,23400.0,23485.0,23326.0,23404.0,11157,70
1747324800,23404.0,23415.0,23185.0,23274.5,20958,90
1747339200,23274.0,23302.0,23257.0,23291.0,7189,90
1747353600,23282.0,23298.5,23251.0,23252.0,1920,280
1747368000,23251.0,23326.0,23174.0,23275.0,18483,70
1747382400,23270.0,23375.0,23259.0,23291.0,11463,70
1747396800,23292.0,23349.5,23277.0,23284.5,5991,70
1747411200,23284.0,23313.5,23231.5,23274.0,15195,70
1747425600,23274.5,23321.5,23246.0,23261.0,5761,90
1747612800,23159.0,23251.0,23144.0,23231.0,3845,280
1747627200,23230.0,23273.0,23038.0,23206.0,19851,70
1747641600,23208.0,23402.0,23208.0,23293.0,11704,70
1747656000,23292.0,23323.0,23261.5,23280.5,6507,70
1747670400,23279.0,23431.5,23239.0,23416.0,14152,90
1747684800,23416.5,23447.0,23391.5,23439.0,4736,90
1747699200,23439.0,23480.0,23422.0,23454.0,1979,280
1747713600,23454.0,23664.0,23335.0,23627.0,17065,70
1747728000,23631.0,23708.0,23601.0,23658.0,10938,70
1747742400,23659.0,23722.5,23631.0,23700.0,6111,90
1747756800,23700.5,23727.0,23645.5,23720.5,13710,90
1747771200,23720.5,23763.5,23658.0,23702.0,6338,90
1747785600,23697.0,23714.0,23647.0,23695.0,2654,280
1747800000,23694.0,23885.0,23676.0,23772.0,18205,70
1747814400,23781.0,23923.0,23739.0,23787.0,12598,70
1747828800,23788.0,23882.0,23773.0,23880.5,7420,70
1747843200,23880.5,23909.0,23762.5,23822.0,15912,70
1747857600,23822.5,23843.0,23621.5,23628.5,13398,90
1747872000,23631.0,23688.0,23598.0,23685.0,2974,280
1747886400,23686.0,23771.0,23591.0,23669.0,17960,70
1747900800,23682.0,23682.0,23457.0,23520.0,12804,70
1747915200,23519.0,23524.5,23455.0,23508.5,7268,90
1747929600,23508.5,23547.5,23439.0,23494.5,15388,90
1747944000,23494.0,23551.5,23473.0,23503.0,6404,90
1747958400,23514.0,23519.0,23459.0,23515.0,2347,280
1747972800,23514.0,23739.0,23484.0,23669.0,17325,70
1747987200,23668.0,23743.0,23475.0,23547.0,15302,70
1748001600,23546.0,23604.0,23297.5,23400.0,15750,70
1748016000,23399.5,23531.0,23332.5,23483.5,18560,90
1748030400,23490.5,23540.0,23465.0,23477.0,6560,90
1748217600,23485.0,23650.0,23466.0,23607.0,6327,280
1748232000,23606.0,23621.0,23301.0,23352.0,20336,70
1748246400,23351.0,23368.0,23216.0,23225.0,13783,70
1748318400,23241.0,23354.0,23142.0,23217.0,18690,70
1748332800,23218.0,23409.0,23196.0,23311.0,13562,70
1748347200,23310.0,23409.0,23301.5,23388.5,8340,70
1748361600,23389.0,23417.0,23318.5,23366.5,13421,90
1748376000,23333.0,23399.0,23315.0,23397.0,4171,85
1748390400,23363.0,23371.0,23338.0,23339.0,1752,280
1748404800,23341.0,23471.0,23229.0,23249.0,16914,70
1748419200,23259.0,23308.0,23182.0,23248.0,13276,70
1748433600,23247.0,23283.0,23194.5,23209.5,6487,90
1748448000,23209.0,23222.0,23095.0,23123.5,12433,90
1748462400,23124.0,23169.0,23098.0,23158.0,6221,90
1748476800,23149.0,23305.0,23137.0,23227.0,7203,280
1748491200,23218.0,23468.0,23181.0,23431.0,22675,70
1748505600,23432.0,23619.0,23414.0,23497.0,17747,70
1748520000,23498.0,23530.5,23404.0,23448.0,8621,90
1748534400,23448.5,23486.5,23295.0,23360.0,17947,90
1748548800,23359.0,23381.5,23329.0,23347.0,7427,90
1748563200,23349.0,23365.0,23291.0,23331.0,3120,280
1748577600,23330.0,23368.0,23159.0,23221.0,17074,70
1748592000,23225.0,23336.0,23164.0,23306.0,12820,70
1748606400,23305.0,23361.0,23141.5,23164.5,9638,90
1748620800,23164.0,23173.0,22951.5,23009.0,18925,70
1748635200,23008.5,23097.0,22991.0,23040.0,10459,70
1748822400,22994.0,23018.0,22974.0,23001.0,2819,280
1748836800,23004.0,23078.0,22658.0,22764.0,18191,70
1748851200,22764.0,23194.0,22764.0,23138.0,16481,70
1748865600,23139.0,23220.0,23118.0,23207.0,8423,70
1748880000,23208.0,23268.0,23114.0,23231.5,16331,70
1748894400,23232.0,23334.0,23227.5,23320.0,5388,90
1748908800,23325.0,23325.0,23268.0,23301.0,2099,280
1748923200,23298.0,23545.0,23226.0,23406.0,20923,70
1748937600,23407.0,23557.0,23380.5,23522.0,13896,70
1748952000,23520.0,23543.0,23474.0,23531.5,7712,70
1748966400,23530.0,23553.0,23410.0,23514.5,14600,90
1748980800,23515.5,23549.0,23503.5,23512.0,5223,90
1748995200,23515.0,23538.0,23504.0,23515.0,2206,280
1749009600,23513.0,23729.0,23488.0,23685.0,19703,70
1749024000,23693.0,23740.5,23614.0,23663.0,13426,70
1749038400,23662.0,23695.0,23648.0,23695.0,7280,90
1749052800,23695.5,23835.5,23649.5,23790.5,17413,90
1749067200,23778.5,23817.5,23778.5,23783.0,5178,70
1749081600,23777.0,23816.0,23771.0,23801.0,1742,280
1749096000,23800.0,23944.0,23751.0,23765.0,20599,70
1749110400,23766.0,23935.0,23746.0,23909.0,13824,70
1749124800,23908.0,24061.5,23872.0,24002.5,8975,70
1749139200,24002.0,24098.0,23854.5,23951.0,23371,70
1749153600,23950.0,23996.5,23866.0,23906.0,10044,90
1749168000,23873.0,23944.0,23868.0,23924.0,2618,280
1749182400,23925.0,23970.0,23790.0,23872.0,17993,70
1749196800,23871.0,23901.0,23778.0,23821.0,13282,70
1749211200,23822.0,23838.0,23773.0,23821.5,9188,90
1749225600,23820.0,23851.5,23761.0,23806.0,15757,70
1749240000,23805.5,23936.5,23800.0,23915.0,5786,90
1749427200,23907.0,23925.0,23867.0,23904.0,2681,280
1749441600,23902.0,24196.0,23889.0,24048.0,22204,70
1749456000,24050.0,24210.0,24003.0,24163.0,14936,70
1749470400,24164.0,24189.5,24117.5,24124.5,5753,90
1749484800,24125.5,24214.0,24082.5,24193.5,13583,90
1749499200,24194.0,24236.5,24152.0,24165.0,4473,70
1749513600,24153.0,24213.0,24148.0,24213.0,2045,280
1749528000,24212.0,24315.0,24165.0,24255.0,18338,70
1749542400,24271.0,24301.0,24021.0,24161.0,19990,35
1749556800,24162.0,24240.5,24114.5,24211.0,6726,35
1749571200,24212.0,24267.5,24074.0,24150.0,13017,35
1749585600,24150.5,24230.0,24116.0,24205.0,5924,35
1749600000,24166.0,24226.0,24149.0,24165.0,3704,240
1749614400,24164.0,24440.0,24162.0,24394.0,19192,40
1749628800,24429.0,24464.0,24333.0,24389.0,13247,40
1749643200,24388.0,24456.0,24318.5,24384.5,10713,35
1749657600,24385.5,24418.0,24299.5,24347.5,15543,40
1749672000,24348.0,24371.5,24284.0,24314.0,8543,40
1749686400,24270.0,24301.0,24217.0,24264.0,3087,240
1749700800,24265.0,24302.0,24166.0,24249.0,16237,40
1749715200,24248.0,24261.0,24005.0,24094.0,14305,40
1749729600,24093.0,24191.0,24047.0,24172.5,9248,50
1749744000,24172.5,24209.0,24127.5,24202.5,13302,50
1749758400,24202.0,24222.5,24177.0,24183.0,4855,50
1749772800,24184.0,24185.0,23959.0,24008.0,7110,280
1749787200,23991.0,24104.0,23790.5,23847.0,21309,45
1749801600,23865.0,23911.0,23779.0,23854.0,16284,45
1749816000,23853.0,23888.5,23798.0,23838.0,8994,45
1749830400,23838.0,23910.5,23790.5,23878.5,13770,45
1749844800,23878.0,23881.0,23738.5,23806.0,9070,45
1750032000,23695.0,23897.0,23691.0,23862.0,6225,280
1750046400,23864.0,23930.0,23711.0,23860.0,19925,70
1750060800,23861.0,24130.0,23858.0,24082.0,15611,70
1750075200,24081.0,24129.5,24055.5,24121.5,5851,90
1750089600,24122.0,24278.5,24111.5,24187.0,14534,90
1750104000,24186.5,24210.5,24095.0,24126.0,5182,90
1750118400,24125.0,24133.0,24053.0,24133.0,5998,280
1750132800,24132.0,24144.0,23951.0,24026.0,19362,70
1750147200,24026.0,24039.0,23873.0,23984.0,14801,70
1750161600,23985.0,24009.0,23941.5,23963.5,7253,90
1750176000,23965.5,23990.0,23860.5,23864.5,13476,90
1750190400,23865.5,23871.5,23800.0,23821.0,7683,90
1750204800,23807.0,23850.0,23775.0,23839.0,3461,280
1750219200,23838.0,23907.5,23639.0,23701.0,16781,70
1750233600,23700.0,23720.0,23623.0,23657.0,12503,70
1750248000,23655.0,23697.0,23578.0,23621.0,7662,90
1750262400,23620.0,23667.0,23564.0,23606.5,13583,90
1750276800,23606.0,23658.0,23537.0,23538.0,10383,70
1750291200,23537.0,23586.0,23522.0,23543.0,2667,280
1750305600,23544.0,23644.0,23218.0,23252.5,18584,70
1750320000,23253.5,23307.0,23176.0,23235.0,16172,70
1750334400,23234.0,23255.5,23141.0,23155.0,6463,90
1750348800,23155.5,23202.5,23113.5,23130.5,7668,90
1750363200,23131.5,23199.0,23125.0,23184.0,1504,90
1750377600,23218.0,23310.0,23187.0,23223.0,3828,280
1750392000,23225.0,23514.0,23206.0,23490.0,15874,70
1750406400,23489.0,23570.0,23380.0,23492.5,12389,70
1750420800,23491.5,23633.5,23488.5,23584.0,8372,70
1750435200,23584.5,23600.0,23394.5,23446.5,16196,90
1750449600,23447.0,23460.5,23391.0,23413.0,6846,90
1750636800,23179.0,23394.0,23165.0,23342.0,5185,280
1750651200,23337.0,23601.0,23252.0,23502.0,19364,70
1750665600,23502.0,23716.0,23489.0,23657.0,16540,70
1750680000,23656.0,23666.0,23537.5,23614.5,8908,90
1750694400,23615.0,23683.5,23544.5,23598.0,17261,90
1750708800,23598.5,23761.5,23593.0,23737.0,8194,90
1750723200,23744.0,23834.0,23741.0,23790.0,4323,220
1750737600,23794.0,24202.0,23745.0,24145.0,18759,70
1750752000,24144.0,24238.0,24079.0,24151.0,13542,70
1750766400,24152.0,24221.0,24126.0,24164.5,7240,90
1750780800,24165.0,24358.0,24106.5,24355.5,13659,70
1750795200,24355.5,24483.0,24338.0,24435.0,4255,70
1750809600,24431.0,24452.0,24391.0,24397.0,1799,280
1750824000,24396.0,24439.0,24277.0,24376.0,18464,70
1750838400,24376.0,24541.0,24324.0,24492.0,16578,70
1750852800,24494.0,24498.5,24387.5,24457.0,6659,90
1750867200,24456.0,24479.5,24339.5,24390.5,13669,90
1750881600,24391.0,24396.5,24330.5,24353.0,5541,90
1750896000,24338.0,24379.0,24331.0,24346.0,1996,280
1750910400,24343.0,24393.0,24234.0,24341.5,17060,70
1750924800,24340.5,24394.0,24240.0,24388.5,13050,70
1750939200,24389.5,24416.5,24305.5,24325.5,6516,90
1750953600,24325.0,24476.0,24281.5,24438.5,13998,90
1750968000,24438.0,24451.5,24373.5,24393.0,3860,90
1750982400,24392.0,24438.0,24375.0,24375.0,2184,280
1750996800,24324.0,24489.0,24305.0,24318.0,21385,70
1751011200,24327.0,24348.0,24201.0,24281.0,14973,70
1751025600,24281.0,24308.5,24225.5,24274.5,6165,70
1751040000,24274.0,24327.5,24201.5,24283.0,12617,90
1751054400,24283.0,24284.0,24183.0,24260.0,7404,90
1751241600,24260.0,24311.0,24257.0,24280.0,2417,170
1751256000,24286.0,24316.0,24089.0,24158.0,19457,70
1751270400,24167.0,24255.0,24044.0,24088.0,15241,70
1751284800,24087.0,24132.0,24063.0,24080.5,5456,90
1751299200,24081.0,24181.5,24015.5,24179.5,12728,90
1751313600,24180.0,24193.5,24156.0,24187.0,4285,90
1751428800,24288.0,24398.0,24119.0,24218.0,19580,70
1751443200,24219.0,24298.0,24162.0,24175.0,14770,70
1751457600,24176.0,24255.5,24126.5,24157.0,7657,90
1751472000,24156.5,24182.0,24085.5,24162.0,13575,90
1751486400,24162.5,24202.5,24161.5,24190.0,3619,90
1751500800,24185.0,24185.0,24161.0,24175.0,477,70
1751544000,24011.0,24024.5,23931.5,23981.0,7462,90
1751558400,23980.5,24090.5,23973.0,24022.0,13422,90
1751572800,24022.0,24028.5,23961.0,23969.0,1413,90
1751587200,23977.0,23977.0,23927.0,23943.0,1549,280
1751601600,23940.0,23945.0,23940.0,23941.0,100,280
1751616000,23899.0,23922.0,23867.0,23871.0,3456,70
1751630400,23872.0,23906.5,23848.5,23870.5,4469,90
1751644800,23871.0,23919.0,23871.0,23892.0,4844,90
1751659200,23892.0,23897.5,23863.0,23867.0,1187,90
1751846400,23941.0,23983.0,23889.0,23894.0,2646,280
1751860800,23891.0,23891.0,23698.0,23774.0,19465,70
1751875200,23788.0,23901.0,23764.0,23844.0,13307,70
1751889600,23843.0,23897.5,23836.0,23846.5,4999,90
1751904000,23845.5,24008.0,23840.0,23852.0,16266,70
1751918400,23851.5,23930.5,23810.0,23817.0,8700,70
1751932800,23818.0,23900.0,23808.0,23890.0,2278,280
1751947200,23889.0,24137.0,23884.0,24046.0,20152,70
1751961600,24061.0,24153.0,24000.0,24080.0,13858,70
1751976000,24079.0,24106.5,24050.5,24061.5,5460,90
1751990400,24061.0,24121.5,23985.5,24117.0,14975,90
1752004800,24116.5,24124.0,24055.0,24072.0,5143,90
1752019200,24072.0,24082.0,24037.0,24052.0,1660,280
1752033600,24051.0,24079.0,23829.0,23947.0,16932,70
1752048000,23946.0,23992.0,23802.0,23843.0,13127,70
1752062400,23842.0,23933.0,23840.0,23924.5,5398,90
1752076800,23924.0,23939.0,23794.0,23844.5,14808,70
1752091200,23845.0,23858.5,23830.0,23837.0,4537,90
1752105600,23838.0,23859.0,23820.0,23830.0,1585,280
1752120000,23832.0,23954.0,23789.5,23892.0,19375,70
1752134400,23893.0,24069.0,23886.0,24006.0,15648,70
1752148800,24007.0,24031.5,23948.5,23972.0,5535,90
1752163200,23972.0,24008.5,23869.5,24005.5,12432,90
1752177600,24005.0,24044.0,24002.0,24005.0,3396,90
1752192000,24011.0,24037.0,23947.0,23963.0,2584,70
1752206400,23962.0,24495.5,23948.0,24468.0,21701,70
1752220800,24476.0,24517.0,24105.5,24138.0,20916,70
1752235200,24139.0,24165.5,24091.5,24117.5,6515,70
1752249600,24116.5,24157.0,24050.0,24088.5,12094,70
1752264000,24089.0,24096.5,24028.0,24032.0,4225,90
1752451200,23994.0,24029.0,23945.0,24019.0,3216,280
1752465600,24025.0,24193.0,24018.0,24138.0,18292,70
1752480000,24148.0,24257.0,24148.0,24181.0,12481,70
1752494400,24180.0,24228.5,24168.0,24176.0,4454,90
1752508800,24176.5,24271.5,24138.5,24246.5,11374,90
1752523200,24245.5,24274.0,24224.0,24232.0,2716,90
1752537600,24240.0,24251.0,24222.0,24236.0,1760,280
1752552000,24235.0,24559.0,24115.0,24225.0,23028,70
1752566400,24219.0,24588.0,24212.0,24504.0,19966,70
1752580800,24503.0,24564.0,24498.0,24540.0,6314,90
1752595200,24540.5,24585.0,24405.0,24549.0,19506,90
1752609600,24549.5,24632.5,24548.5,24577.0,4776,70
1752624000,24578.0,24601.0,24549.0,24596.0,2395,280
1752638400,24595.0,24868.0,24565.0,24648.0,23037,70
1752652800,24649.0,24690.0,24487.0,24538.0,16690,70
1752667200,24539.0,24540.0,24482.0,24495.5,5322,90
1752681600,24495.5,24543.5,24398.5,24519.0,21365,90
1752696000,24519.5,24577.0,24519.5,24545.0,4405,90
1752710400,24539.0,24559.0,24524.0,24557.0,2028,280
1752724800,24560.0,24657.5,24434.0,24519.0,19287,80
1752739200,24525.0,24584.0,24422.0,24431.0,15260,80
1752753600,24431.0,24480.0,24402.5,24413.5,4723,90
1752768000,24412.5,24661.5,24412.5,24654.5,13136,90
1752782400,24655.0,24679.0,24631.5,24646.0,4013,70
1752796800,24653.0,24719.0,24645.0,24705.0,1851,280
1752811200,24703.0,24827.0,24625.0,24667.0,21394,80
1752825600,24666.0,24858.0,24613.0,24831.0,13858,80
1752840000,24830.0,24980.0,24826.0,24967.5,6857,70
1752854400,24968.5,25074.0,24909.5,24950.5,17176,70
1752868800,24951.5,24960.0,24869.0,24898.5,4904,90
1753056000,24886.0,24965.0,24877.0,24900.0,1699,280
1753070400,24901.0,25018.0,24878.0,24901.0,21317,80
1753084800,24900.0,25017.0,24841.0,24966.0,12778,80
1753099200,24965.0,25041.5,24963.0,25000.0,3662,90
1753113600,24999.5,25130.5,24924.5,25053.0,12959,70
1753128000,25053.0,25073.0,25005.0,25016.0,3550,70
1753142400,25020.0,25049.0,25004.0,25018.0,1694,280
1753156800,25020.0,25126.0,24911.0,25039.0,18780,70
1753171200,25057.0,25162.0,25000.0,25117.0,17402,70
1753185600,25116.0,25192.5,25109.0,25187.0,5271,90
1753200000,25186.5,25355.0,25103.0,25330.5,14513,70
1753214400,25329.0,25341.5,25289.0,25308.0,4009,90
1753228800,25297.0,25377.0,25288.0,25340.0,3845,230
1753243200,25340.0,25435.0,25229.0,25434.0,22808,80
1753257600,25431.0,25576.0,25355.0,25567.0,23179,70
1753272000,25566.0,25581.0,25477.0,25491.0,5384,90
1753286400,25490.5,25537.0,25445.0,25502.0,14523,90
1753300800,25501.5,25564.0,25496.0,25563.0,4906,70
1753315200,25544.0,25575.0,25537.0,25552.0,2233,280
1753329600,25553.0,25747.5,25483.0,25687.0,21882,70
1753344000,25686.0,25744.0,25604.0,25682.0,16166,80
1753358400,25683.0,25697.0,25596.5,25607.5,5082,90
1753372800,25608.0,25650.0,25488.0,25497.0,12769,90
1753387200,25496.0,25557.0,25475.0,25509.0,3800,90
1753401600,25515.0,25537.0,25508.0,25536.0,1773,280
1753416000,25537.0,25587.0,25359.0,25363.0,19227,80
1753430400,25380.0,25484.0,25344.0,25358.0,15620,80
1753444800,25357.0,25398.5,25294.5,25313.5,5388,70
1753459200,25313.5,25371.5,25265.5,25357.5,12265,90
1753473600,25357.0,25415.5,25356.5,25391.0,2882,90
1753660800,25507.0,25554.0,25431.0,25458.0,2755,280
1753675200,25461.0,25662.0,25393.0,25484.0,21928,80
1753689600,25493.0,25597.0,25489.0,25516.0,15040,70
1753704000,25515.0,25545.5,25476.0,25520.5,5651,90
1753718400,25520.0,25523.0,25410.0,25439.5,12504,90
1753732800,25439.0,25441.5,25366.0,25391.5,3871,90
1753747200,25407.0,25410.0,25372.0,25397.0,1528,280
1753761600,25399.0,25458.0,25253.0,25310.5,16857,80
1753776000,25318.0,25546.0,25290.0,25491.5,14642,70
1753790400,25490.5,25561.5,25480.5,25547.5,5255,70
1753804800,25546.0,25558.0,25381.5,25399.0,14600,90
1753819200,25398.5,25424.5,25340.0,25359.0,2916,90
1753833600,25353.0,25393.0,25351.0,25390.0,1544,280
1753848000,25387.0,25493.0,25208.5,25414.0,21341,80
1753862400,25423.0,25466.0,25087.0,25180.5,22418,80
1753876800,25179.5,25219.0,25090.5,25096.5,7159,90
1753891200,25097.5,25144.0,25012.5,25036.0,12635,90
1753905600,25037.0,25067.0,24874.0,24993.0,11525,90
1753920000,25020.0,25020.0,24975.0,24996.0,2414,280
1753934400,24997.0,24998.0,24774.0,24893.0,20369,80
1753948800,24889.0,24953.0,24733.0,24737.0,19420,70
1753963200,24737.0,24776.5,24698.5,24699.5,6801,90
1753977600,24699.0,24818.0,24658.5,24787.5,15837,70
1753992000,24786.5,24791.5,24672.0,24691.0,9078,90
1754006400,24692.0,24708.0,24634.0,24691.0,4521,280
1754020800,24692.0,24835.0,24670.0,24698.0,21229,80
1754035200,24700.0,24711.0,24426.0,24451.0,20312,80
1754049600,24452.0,24483.5,24378.5,24464.5,11285,90
1754064000,24463.5,24478.5,24258.0,24310.0,25094,90
1754078400,24310.0,24323.5,24246.5,24286.5,9052,90
1754265600,24272.0,24324.0,24260.0,24301.0,4220,280
1754280000,24299.0,24617.0,24281.0,24601.0,20314,80
1754294400,24606.0,24736.0,24574.0,24735.0,16466,70
1754308800,24734.0,24754.5,24679.5,24745.5,5931,90
1754323200,24746.0,24765.0,24619.5,24707.5,14572,90
1754337600,24708.0,24763.0,24701.0,24761.0,4646,90
1754352000,24762.0,24793.0,24746.0,24751.0,2245,280
1754366400,24752.0,24828.0,24644.0,24753.0,17447,80
1754380800,24757.0,24887.0,24757.0,24840.0,15028,80
1754395200,24840.0,24870.0,24826.5,24854.0,5531,90
1754409600,24854.0,24914.0,24784.0,24826.5,16447,90
1754424000,24826.0,24859.0,24799.0,24805.0,5066,90
1754438400,24806.0,24821.0,24751.0,24799.0,2905,280
1754452800,24798.0,24959.0,24760.0,24893.0,17913,80
1754467200,24900.0,24932.0,24812.0,24813.0,13195,80
1754481600,24812.0,24865.0,24810.5,24850.0,5145,90
1754496000,24849.5,24881.0,24742.5,24846.5,14360,90
1754510400,24847.0,24928.0,24845.5,24920.0,4752,90
1754524800,24920.0,24943.0,24891.0,24926.0,2767,280
1754539200,24927.0,25045.0,24795.0,25013.0,18690,80
1754553600,25009.0,25090.0,24992.0,25022.0,14368,80
1754568000,25023.0,25061.0,25010.5,25018.5,7226,90
1754582400,25019.0,25049.5,24862.5,24884.5,15892,90
1754596800,24885.0,24912.0,24837.5,24908.0,7067,90
1754611200,24906.0,24978.0,24905.0,24945.0,2625,280
1754625600,24946.0,24966.0,24828.0,24863.0,16659,80
1754640000,24882.0,24886.0,24787.0,24825.0,12520,80
1754654400,24824.0,24847.5,24796.0,24823.5,4206,90
1754668800,24824.0,24916.5,24810.5,24893.0,11179,90
1754683200,24892.5,24949.0,24883.0,24947.0,3740,90
1754870400,24936.0,24979.0,24920.0,24937.0,1870,280
1754884800,24935.0,24951.0,24750.0,24869.0,20095,80
1754899200,24872.0,24921.0,24835.0,24891.0,12139,80
1754913600,24890.0,24918.5,24863.0,24875.0,4091,90
1754928000,24874.5,24945.0,24750.0,24750.5,12551,90
1754942400,24750.5,24806.5,24727.5,24761.0,5941,90
1754956800,24775.0,24787.0,24744.0,24763.0,2338,85
1754971200,24769.0,24925.0,24762.0,24899.0,17372,80
1754985600,24900.0,24999.0,24840.0,24910.0,14852,80
1755000000,24909.0,24998.0,24884.0,24982.0,6104,90
1755014400,24982.5,25165.5,24919.5,25150.5,15493,90
1755028800,25149.5,25194.5,25145.5,25163.0,3660,90
1755043200,25154.0,25199.0,25145.0,25151.0,2230,280
1755057600,25152.0,25452.0,25122.0,25431.0,18987,80
1755072000,25432.0,25651.0,25419.0,25633.0,16026,70
1755086400,25630.0,25780.5,25621.0,25745.5,6769,70
1755100800,25744.0,25858.5,25718.5,25783.0,15899,70
1755115200,25783.5,25805.5,25738.5,25762.0,4589,90
1755129600,25763.0,25780.0,25731.0,25759.0,2194,280
1755144000,25758.0,25791.0,25564.0,25595.0,21457,80
1755158400,25594.0,25617.0,25460.0,25528.0,17487,80
1755172800,25525.0,25580.0,25388.0,25406.5,7286,90
1755187200,25404.5,25405.5,25247.5,25266.0,18623,70
1755201600,25265.5,25342.0,25259.0,25323.0,4865,70
1755216000,25327.0,25336.0,25297.0,25310.0,1785,280
1755230400,25311.0,25342.5,25142.0,25198.0,18836,80
1755244800,25199.0,25282.0,25176.0,25183.0,16582,80
1755259200,25184.0,25268.5,25182.0,25233.5,4862,90
1755273600,25234.5,25299.0,25166.5,25193.5,13456,90
1755288000,25194.0,25221.5,25164.0,25165.0,4155,90
1755475200,25173.0,25272.0,25173.0,25239.5,2024,280
1755489600,25244.5,25426.0,25224.0,25400.0,22474,70
1755504000,25433.0,25465.0,25154.0,25207.0,19413,80
1755518400,25206.0,25239.5,25181.0,25227.0,4586,90
1755532800,25226.5,25289.0,25184.0,25216.5,11826,90
1755547200,25216.0,25253.0,25211.0,25230.0,3546,90
1755561600,25218.0,25251.0,25208.0,25225.0,2375,280
1755576000,25223.0,25251.0,25066.0,25205.0,19215,80
1755590400,25205.0,25256.0,25071.0,25116.0,16973,80
1755604800,25115.0,25186.5,25109.0,25164.0,4592,90
1755619200,25164.0,25190.5,24987.0,24987.5,14649,90
1755633600,24987.0,25012.0,24949.0,24977.0,5141,90
1755648000,24983.0,25004.0,24943.0,24983.0,3047,280
1755662400,24984.0,25074.0,24855.0,24962.0,20594,70
1755676800,24968.0,25205.0,24945.0,25140.0,18242,80
1755691200,25140.0,25169.5,25108.5,25167.5,4643,90
1755705600,25167.0,25211.5,25045.5,25133.5,18945,70
1755720000,25133.0,25183.0,25130.5,25179.0,6841,90
1755734400,25173.0,25186.0,25131.0,25134.0,2706,280
1755748800,25133.0,25196.0,25059.0,25102.0,20284,80
1755763200,25112.0,25125.0,24976.0,25064.0,16210,70
1755777600,25063.0,25105.0,25052.0,25078.5,5205,90
1755792000,25078.0,25191.5,25074.5,25154.0,16711,90
1755806400,25154.5,25196.0,25140.5,25172.0,4932,90
1755820800,25172.0,25198.0,25148.0,25178.0,2460,280
1755835200,25179.0,25269.0,25129.0,25155.0,22221,80
1755849600,25166.0,25350.0,25137.0,25347.0,18777,80
1755864000,25346.0,25401.0,25317.5,25375.5,4839,90
1755878400,25375.0,25716.5,25356.5,25679.0,23778,70
1755892800,25678.5,25741.5,25678.0,25705.0,5715,70
1756080000,25717.0,25724.0,25675.0,25703.0,2856,280
1756094400,25702.0,25939.0,25598.0,25861.0,23106,70
1756108800,25860.0,25930.0,25758.0,25841.0,18983,80
1756123200,25840.0,25840.0,25734.5,25735.0,5789,90
1756137600,25735.5,25856.5,25711.5,25734.0,18138,70
1756152000,25734.5,25742.5,25657.0,25679.0,4952,70
1756166400,25690.5,25702.0,25618.0,25661.0,3820,280
1756180800,25659.0,25827.0,25658.0,25772.0,20368,80
1756195200,25774.0,25827.0,25474.0,25560.0,19925,80
1756209600,25560.0,25692.0,25555.5,25678.0,6403,90
1756224000,25678.5,25708.0,25595.5,25598.5,15015,90
1756238400,25599.0,25632.0,25570.0,25632.0,4758,90
1756252800,25618.0,25626.0,25587.0,25610.0,1622,280
1756267200,25611.0,25671.0,25488.0,25537.0,21285,80
1756281600,25547.0,25563.0,25135.0,25144.5,23484,70
1756296000,25143.5,25148.5,24995.0,25037.5,4833,70
1756310400,25036.5,25041.0,24890.0,24949.0,8834,70
1756324800,24948.5,24999.5,24899.0,24936.0,4127,70
1756339200,24956.0,24958.0,24921.0,24949.0,2577,280
1756353600,24957.0,25080.0,24896.0,24980.0,23410,70
1756368000,24979.0,25064.0,24796.0,24939.0,22495,80
1756382400,24940.0,25001.0,24931.5,24983.0,5974,90
1756396800,24983.5,25183.5,24960.0,25162.0,14715,70
1756411200,25162.5,25174.0,25144.0,25153.0,4090,90
1756425600,25146.0,25148.0,25117.0,25129.0,1681,280
1756440000,25128.0,25260.0,25040.5,25127.0,23383,80
1756454400,25128.0,25271.0,25050.0,25051.0,21891,70
1756468800,25050.0,25249.0,24956.5,25248.5,10248,70
1756483200,25249.0,25408.0,25207.5,25403.0,26964,70
1756497600,25399.5,25416.0,25356.0,25364.0,8034,90
1756684800,25395.0,25396.0,25340.0,25349.0,2328,280
1756699200,25348.0,25638.0,25330.0,25501.0,24994,80
1756713600,25502.0,25636.0,25498.0,25559.0,16700,70
1756728000,25558.0,25593.5,25523.0,25545.5,5192,90
1756742400,25546.0,25546.0,25457.0,25487.5,4195,90
1756756800,25487.0,25501.0,25480.5,25495.0,438,90
1756771200,25475.0,25481.0,25430.0,25465.0,2067,280
1756785600,25466.0,25711.0,25425.0,25437.0,25166,80
1756800000,25447.0,25555.0,25397.0,25426.0,23337,80
1756814400,25427.0,25446.0,25218.0,25228.5,9844,70
1756828800,25229.5,25515.5,25213.0,25461.5,25517,70
1756843200,25461.0,25535.0,25420.0,25532.0,6807,90
1756857600,25525.0,25525.0,25458.0,25467.0,2075,280
1756872000,25466.0,25779.0,25325.0,25350.0,25727,80
1756886400,25349.0,25399.0,25237.0,25313.0,21284,80
1756900800,25314.0,25390.5,25301.0,25318.5,5655,90
1756915200,25319.0,25384.0,25259.5,25375.0,18173,90
1756929600,25375.5,25396.0,25336.0,25391.0,5841,90
1756944000,25381.0,25412.0,25358.0,25394.0,2057,280
1756958400,25393.0,25494.0,24986.0,24995.0,26161,80
1756972800,24993.0,25098.0,24939.0,24950.0,22606,70
1756987200,24951.0,25047.5,24948.0,25025.5,6278,90
1757001600,25026.0,25054.0,24897.5,25005.5,17531,70
1757016000,25006.0,25048.0,25005.5,25040.0,3931,90
1757030400,25015.5,25059.0,25012.5,25030.0,1692,280
1757044800,25034.0,25207.0,25034.0,25162.0,20187,80
1757059200,25181.0,25442.0,25171.0,25399.0,18320,70
1757073600,25400.0,25491.5,25371.5,25470.5,8304,90
1757088000,25471.5,25476.0,25256.5,25351.0,25697,70
1757102400,25350.5,25369.5,25324.5,25347.0,6813,90
1757289600,25428.0,25504.0,25349.0,25378.0,3086,280
1757304000,25384.0,25532.0,25369.0,25474.0,22548,80
1757318400,25473.0,25652.0,25471.0,25589.0,15546,70
1757332800,25590.0,25620.5,25566.0,25620.0,4309,90
1757347200,25619.5,25649.5,25537.5,25622.0,15723,70
1757361600,25622.0,25678.5,25600.0,25670.0,3805,90
1757376000,25654.0,25671.0,25639.0,25641.0,1404,280
1757390400,25640.0,26032.0,25627.0,25821.0,20013,70
1757404800,25831.0,25931.0,25734.0,25898.0,20428,70
1757419200,25897.0,25955.5,25880.0,25884.0,5320,70
1757433600,25884.5,26014.5,25866.0,25908.5,21839,70
1757448000,25908.5,25974.0,25904.5,25964.0,5211,90
1757462400,25953.0,25964.0,25926.0,25937.0,1608,280
1757476800,25938.0,26260.0,25931.0,26243.0,22355,70
1757491200,26251.0,26298.5,26135.0,26140.0,18322,70
1757505600,26142.0,26171.5,26059.5,26096.0,8860,90
1757520000,26096.5,26124.5,25966.5,25981.5,17886,70
1757534400,25982.0,25998.0,25935.0,25947.0,4828,90
1757548800,25937.0,25984.0,25936.0,25984.0,1569,280
1757563200,25985.0,26124.0,25863.0,26094.0,22086,70
1757577600,26095.0,26233.0,26034.0,26050.0,18928,70
1757592000,26049.0,26152.5,26044.5,26152.5,7676,70
1757606400,26149.5,26449.0,26127.0,26435.5,22896,70
1757620800,26435.0,26468.5,26407.5,26439.0,6038,70
1757635200,26437.0,26437.0,26417.0,26424.0,1790,280
1757649600,26422.0,26572.0,26350.0,26466.0,22708,70
1757664000,26484.0,26502.0,26329.0,26349.0,19051,70
1757678400,26348.0,26430.5,26303.0,26384.5,7409,70
1757692800,26384.0,26401.5,26260.5,26321.5,16359,70
1757707200,26322.0,26369.0,26302.0,26307.0,4654,90
1757894400,26311.0,26324.0,26282.0,26310.0,1229,280
1757908800,26313.0,26539.0,26286.0,26462.0,21787,70
1757923200,26474.0,26486.0,26279.0,26435.0,17870,70
1757937600,26435.0,26648.0,26410.0,26644.0,7895,70
1757952000,26643.5,26646.5,26441.5,26509.0,17693,70
1757966400,26508.0,26534.5,26467.0,26494.0,4988,90
1757980800,26489.0,26496.0,26464.0,26470.0,1377,280
1757995200,26471.0,26602.0,26325.0,26455.0,22046,70
1758009600,26461.0,26523.0,26401.0,26439.0,16819,70
1758024000,26438.0,26451.0,26378.0,26385.5,6788,90
1758038400,26384.5,26546.5,26335.5,26534.5,20791,90
1758052800,26534.5,26598.5,26521.0,26574.0,6448,90
1758067200,26582.0,26584.0,26552.5,26557.0,1321,280
1758081600,26562.0,26857.0,26529.0,26799.0,22451,70
1758096000,26817.0,26946.5,26788.0,26865.0,19792,70
1758110400,26866.0,26924.5,26841.0,26881.0,6652,90
1758124800,26881.5,26956.0,26816.5,26832.5,20989,90
1758139200,26833.0,26956.5,26702.0,26826.0,19646,90
1758153600,26834.0,26883.0,26809.0,26837.0,2200,280
1758168000,26833.0,27050.5,26797.0,26859.0,27127,70
1758182400,26861.0,26875.0,26334.0,26545.0,29987,70
1758196800,26544.0,26651.5,26527.0,26538.0,9102,70
1758211200,26539.0,26621.0,26443.0,26539.5,24104,70
1758225600,26538.5,26598.0,26535.0,26578.0,5383,90
1758240000,26570.0,26593.0,26540.0,26556.0,1708,280
1758254400,26558.0,26623.0,26398.0,26563.0,26604,70
1758268800,26562.0,26613.0,26404.0,26535.0,21852,70
1758283200,26534.0,26570.0,26490.0,26537.0,7227,90
1758297600,26537.5,26672.0,26474.0,26521.0,22474,90
1758312000,26521.5,26576.0,26463.0,26476.0,5516,90
1758499200,26465.0,26526.0,26452.0,26463.0,3522,280
1758513600,26464.0,26491.0,26234.0,26252.0,26643,70
1758528000,26281.0,26397.0,26202.0,26361.0,21572,70
1758542400,26362.0,26431.5,26352.0,26420.5,6924,90
1758556800,26421.0,26439.0,26316.5,26369.0,12129,90
1758571200,26369.5,26389.0,26348.5,26373.0,4146,90
1758585600,26373.0,26382.0,26359.0,26360.0,1054,280
1758600000,26358.0,26430.0,26073.0,26100.0,27354,70
1758614400,26114.0,26192.0,26023.0,26185.0,21282,70
1758628800,26185.0,26245.5,26149.0,26245.5,6003,70
1758643200,26245.5,26301.5,26193.0,26213.5,17628,70
1758657600,26214.0,26219.5,26127.0,26128.0,9034,90
1758672000,26135.0,26154.0,26108.0,26147.0,1594,280
1758686400,26149.0,26403.0,26047.0,26381.0,26550,70
1758700800,26395.0,26562.0,26347.0,26465.0,21321,70
1758715200,26464.0,26479.0,26377.5,26388.5,7011,90
1758729600,26390.0,26487.5,26347.5,26375.5,26220,90
1758744000,26375.0,26400.5,26341.0,26367.0,6374,90
1758758400,26374.0,26398.0,26362.0,26382.0,1480,280
1758772800,26381.0,26635.0,26366.0,26606.0,24235,70
1758787200,26605.0,26618.0,26396.0,26481.0,21440,70
1758801600,26485.0,26520.5,26318.0,26338.5,9966,90
1758816000,26338.0,26432.5,26285.5,26377.5,25302,90
1758830400,26376.5,26385.0,26280.5,26349.5,9154,90
1758844800,26363.0,26379.0,26341.0,26356.0,2063,280
1758859200,26357.0,26366.0,26163.0,26290.0,23585,70
1758873600,26305.0,26393.0,26050.5,26057.0,20894,70
1758888000,26058.0,26175.5,26050.0,26145.0,6385,90
1758902400,26145.5,26263.0,26081.5,26231.5,15694,90
1758916800,26231.5,26280.0,26228.5,26233.0,3599,90
1759104000,26227.0,26283.0,26224.0,26257.0,2377,280
1759118400,26253.0,26539.0,26235.0,26450.0,25648,70
1759132800,26457.0,26671.0,26443.0,26625.0,22912,70
1759147200,26622.0,26682.5,26561.5,26673.5,7057,90
1759161600,26673.0,26737.5,26603.0,26668.5,17067,70
1759176000,26668.0,26696.5,26628.0,26662.0,4879,70
1759190400,26661.0,26684.0,26639.0,26661.0,1694,280
1759204800,26660.0,26814.0,26540.0,26547.0,25768,80
1759219200,26546.0,26874.0,26545.0,26844.0,20368,70
1759233600,26844.0,26918.5,26825.0,26893.5,6439,70
1759248000,26892.0,26910.5,26742.0,26768.0,20608,90
1759262400,26767.5,26791.5,26752.5,26767.0,4636,90
1759377600,26843.0,27312.0,26831.0,27228.0,22271,70
1759392000,27230.0,27377.0,27230.0,27314.0,17852,70
1759406400,27313.0,27341.0,27266.5,27269.5,8268,90
1759420800,27271.0,27338.5,27169.0,27217.0,24519,90
1759435200,27216.5,27246.0,27168.0,27181.0,6623,90
1759449600,27194.0,27234.0,27181.0,27228.0,1649,280
1759464000,27224.0,27242.0,26998.0,27018.0,16025,70
1759478400,27018.0,27144.0,26938.0,27108.0,13253,70
1759492800,27107.0,27177.5,27080.0,27111.0,6153,70
1759507200,27111.5,27201.0,27072.0,27169.5,15914,70
1759521600,27169.0,27178.0,27013.0,27078.0,11063,90
1759708800,27408.0,27580.0,27081.0,27081.0,2758,120
1759723200,27081.0,27133.0,26861.0,26940.0,21080,70
1759737600,26941.0,26991.0,26846.5,26937.0,14091,70
1759752000,26938.0,26977.0,26919.0,26949.5,7270,90
1759766400,26950.0,27139.0,26945.0,27070.5,17949,70
1759780800,27071.0,27134.5,27065.0,27105.0,4299,90
1759896000,26867.0,26907.0,26479.0,26614.0,24732,70
1759910400,26616.0,26832.0,26601.0,26794.0,15489,70
1759924800,26795.0,26850.0,26762.5,26814.5,7040,90
1759939200,26814.0,26839.0,26687.5,26805.5,16581,70
1759953600,26828.0,26858.0,26790.5,26849.0,6271,90
1759968000,26844.0,26848.0,26821.0,26828.0,1985,70
1759982400,26831.0,26898.0,26450.0,26815.0,30120,70
1759996800,26815.0,26960.0,26677.0,26691.0,27436,70
1760011200,26690.0,26789.0,26677.5,26764.0,6210,90
1760025600,26763.5,26784.5,26356.0,26360.0,25406,70
1760040000,26361.0,26377.5,26289.0,26321.0,9174,90
1760054400,26311.0,26356.0,26295.0,26355.0,2294,145
1760068800,26365.0,26530.0,26326.0,26403.0,27447,70
1760083200,26402.0,26445.0,26213.0,26232.5,23582,70
1760097600,26234.5,26309.0,26135.5,26257.5,8500,70
1760112000,26265.5,26388.0,25153.0,25179.5,44948,70
1760126400,25179.0,25202.5,24751.0,24782.0,26482,70
1760313600,25285.0,25549.0,25231.0,25487.0,11036,70
1760328000,25565.5,25856.0,25302.0,25347.0,38810,70
1760342400,25359.0,25876.0,25333.0,25766.0,35690,70
1760356800,25765.0,25865.0,25666.5,25808.0,16975,70
1760371200,25809.0,25883.0,25675.5,25845.0,32815,70
1760385600,25845.5,25853.0,25727.5,25753.0,7979,90
1760400000,25764.0,25827.0,25726.0,25764.0,4947,70
1760414400,25767.0,26053.5,25637.0,25661.0,37955,80
1760428800,25660.0,25689.0,25293.0,25473.5,38995,70
1760443200,25474.5,25532.0,25289.0,25334.5,19596,70
1760457600,25335.0,25802.5,25334.5,25743.5,35144,70
1760472000,25744.0,25783.0,25595.0,25633.0,13851,70
1760486400,25634.0,25686.0,25610.0,25684.0,5795,280
1760500800,25686.0,25864.0,25575.5,25741.0,31357,70
1760515200,25742.0,25960.0,25726.0,25838.5,26606,70
1760529600,25837.5,25945.0,25832.0,25844.0,10367,90
1760544000,25843.0,25939.5,25775.0,25845.5,29999,90
1760558400,25846.0,25846.0,25634.5,25790.5,17748,90
1760572800,25806.0,25853.0,25760.0,25792.0,5574,280
1760587200,25790.0,26037.0,25720.0,25754.5,30159,70
1760601600,25755.0,25899.0,25668.0,25873.0,25710,70
1760616000,25874.0,25928.0,25856.0,25884.5,7175,90
1760630400,25885.0,25992.5,25784.5,25881.0,32871,70
1760644800,25881.5,25915.5,25748.0,25773.0,21070,90
1760659200,25769.0,25823.0,25710.0,25758.0,7670,280
1760673600,25756.0,25840.0,25402.0,25406.0,29456,70
1760688000,25425.0,25445.0,25109.0,25194.0,31139,70
1760702400,25193.0,25530.5,25164.0,25453.5,24406,70
1760716800,25452.5,25821.0,25450.5,25712.0,39065,90
1760731200,25712.5,25872.5,25688.0,25838.0,13329,90
1760918400,25874.0,25909.0,25785.0,25830.0,5815,160
1760932800,25831.0,25950.0,25712.0,25842.0,27270,70
1760947200,25841.0,25895.0,25741.0,25802.0,21102,70
1760961600,25807.0,25831.0,25762.5,25825.5,9559,70
1760976000,25826.0,26144.0,25812.5,26124.5,22376,90
1760990400,26123.5,26206.0,26122.5,26194.0,5876,70
1761004800,26183.0,26212.0,26156.0,26201.0,3107,160
1761019200,26201.0,26374.0,26101.0,26278.0,23437,70
1761033600,26279.0,26288.0,25959.0,25968.0,20143,70
1761048000,25973.0,26065.5,25970.5,25986.0,7816,70
1761062400,25985.0,25988.0,25837.0,25866.5,21434,70
1761076800,25865.0,25902.0,25808.0,25828.0,8244,90
1761091200,25880.0,25881.0,25805.0,25834.0,3890,280
1761105600,25833.0,25930.0,25621.0,25678.0,25031,70
1761120000,25679.0,25822.0,25672.0,25711.0,19150,70
1761134400,25710.0,25748.5,25640.5,25704.5,9481,90
1761148800,25704.5,25860.0,25496.0,25672.0,32226,70
1761163200,25672.5,25685.5,25526.0,25644.0,19237,90
1761177600,25639.0,25654.0,25585.0,25630.0,3612,170
1761192000,25629.0,25851.0,25573.0,25718.0,25432,70
1761206400,25719.0,26071.0,25663.0,25935.0,25227,70
1761220800,25934.0,25954.0,25877.5,25942.0,9837,90
1761235200,25941.5,26102.5,25927.0,26055.5,22975,70
1761249600,26054.5,26168.5,25996.0,26103.0,7783,70
1761264000,26083.0,26135.0,26083.0,26127.0,2576,280
1761278400,26128.0,26238.0,26047.0,26095.0,23083,70
1761292800,26096.0,26182.5,26040.0,26135.0,17918,70
1761307200,26134.0,26253.5,26101.5,26224.0,8198,70
1761321600,26225.0,26300.5,26199.5,26232.0,20024,70
1761336000,26232.5,26263.5,26204.0,26207.0,4644,90
1761523200,26550.0,26600.5,26326.5,26416.0,15089,80
1761537600,26420.0,26470.0,26323.0,26394.0,22114,70
1761552000,26392.0,26485.0,26373.0,26460.5,11365,70
1761566400,26458.5,26535.5,26443.0,26496.5,11635,90
1761580800,26496.0,26575.5,26481.0,26515.5,13244,90
1761595200,26515.0,26566.0,26501.5,26556.0,2736,90
1761609600,26553.0,26574.0,26333.0,26373.0,11359,80
1761624000,26372.0,26488.5,26289.5,26339.0,22467,70
1761638400,26335.0,26383.0,26239.0,26361.0,16211,70
1761652800,26361.5,26434.0,26358.5,26405.0,10553,70
1761667200,26404.5,26565.0,26358.0,26541.0,17782,70
1761681600,26569.0,26616.0,26562.0,26613.5,1367,90
1761782400,26631.0,26653.0,26403.0,26474.0,9856,70
1761796800,26473.0,26587.0,26106.0,26272.0,35834,80
1761811200,26272.0,26370.0,26113.0,26216.0,25116,70
1761825600,26216.5,26247.0,26055.5,26184.5,20480,70
1761840000,26184.0,26274.0,26121.0,26248.5,28292,70
1761854400,26248.0,26250.5,26155.0,26228.0,7855,90
1761868800,26215.0,26302.0,26117.0,26214.0,12380,80
1761883200,26211.0,26253.0,25963.0,25978.0,24548,70
1761897600,25977.0,26026.0,25829.0,25871.5,15331,70
1761912000,25872.0,25905.5,25743.0,25799.5,16111,90
1761926400,25799.5,25990.0,25760.5,25895.5,26443,90
1761940800,25895.0,25950.0,25894.5,25924.0,4669,90
1762128000,25954.0,26051.0,25917.0,25956.0,12132,80
1762142400,25958.0,26167.0,25896.0,26157.0,23410,70
1762156800,26158.0,26199.0,26091.0,26144.5,13446,70
1762171200,26145.0,26182.5,26077.0,26094.0,7048,90
1762185600,26093.5,26124.5,25954.0,26095.5,21913,70
1762200000,26115.5,26132.5,26061.0,26068.0,4126,70
1762214400,26058.0,26255.0,25982.0,26182.0,10236,80
1762228800,26180.0,26240.0,25980.0,26008.0,22949,70
1762243200,26007.0,26014.0,25704.5,25724.5,19049,70
1762257600,25724.0,25855.0,25713.0,25817.0,12046,70
1762272000,25816.5,25986.0,25754.0,25892.0,24497,90
1762286400,25890.5,25901.0,25822.0,25850.0,7523,90
1762300800,25835.0,25845.0,25443.5,25623.0,15291,80
1762315200,25625.0,25906.0,25555.5,25821.0,30507,80
1762329600,25822.0,25939.0,25792.0,25904.5,16899,70
1762344000,25903.5,25951.5,25827.5,25923.5,11091,90
1762358400,25922.5,26117.0,25894.0,26082.0,26364,90
1762372800,26081.0,26139.5,26049.0,26054.0,3711,90
1762387200,26071.0,26144.0,26002.0,26098.0,12480,70
1762401600,26099.0,26368.0,26082.0,26326.0,21294,70
1762416000,26325.0,26520.5,26316.0,26478.0,14422,70
1762430400,26478.5,26552.5,26454.5,26484.5,9016,90
1762444800,26484.0,26526.0,26235.5,26302.0,40723,70
1762459200,26301.5,26416.0,26246.5,26371.0,11580,90
1762473600,26372.0,26393.0,26239.0,26294.0,12465,70
1762488000,26294.0,26302.0,26117.0,26163.0,22200,70
1762502400,26162.0,26213.0,26085.0,26102.5,14735,70
1762516800,26101.5,26141.0,25968.5,26005.5,17492,70
1762531200,26003.5,26059.5,25910.5,26021.0,39352,90
1762545600,26021.5,26145.0,26021.5,26113.0,11931,90
1762732800,26131.0,26402.5,26107.0,26295.0,13518,80
1762747200,26296.0,26583.0,26265.0,26570.0,21086,70
1762761600,26570.0,26667.0,26537.0,26618.0,12671,70
1762776000,26618.5,26663.0,26562.5,26578.0,7689,90
1762790400,26577.5,26632.0,26461.5,26616.5,23551,90
1762804800,26616.5,26661.0,26571.0,26606.0,4262,90
1762819200,26613.0,26753.0,26580.0,26671.0,10425,70
1762833600,26672.0,26687.0,26474.0,26508.0,19738,70
1762848000,26509.0,26735.5,26496.0,26681.0,14028,70
1762862400,26680.5,26776.5,26672.0,26742.5,8204,70
1762876800,26743.0,26814.0,26687.5,26757.0,22787,75
1762891200,26756.5,26815.5,26744.0,26763.0,4972,70
1762905600,26764.0,26884.0,26721.0,26879.0,9656,70
1762920000,26880.0,26999.0,26741.0,26826.0,21886,70
1762934400,26825.0,26933.5,26802.0,26886.0,12904,70
1762948800,26885.0,26954.5,26838.5,26896.0,6945,70
1762963200,26894.5,26910.5,26736.5,26824.0,26179,70
1762977600,26824.5,26866.5,26801.0,26821.0,5567,70
1762992000,26825.0,26866.0,26714.0,26859.0,11759,80
1763006400,26857.0,26884.0,26702.0,26822.0,22273,70
1763020800,26823.0,27146.5,26804.0,27049.0,21815,70
1763035200,27052.0,27088.0,26995.5,27013.5,13644,70
1763049600,27014.0,27021.5,26693.5,26697.5,41656,90
1763064000,26697.0,26708.5,26584.0,26606.0,14196,70
1763078400,26642.0,26750.0,26563.0,26741.0,11084,80
1763092800,26739.0,26833.0,26581.0,26658.0,20162,80
1763107200,26659.0,26683.0,26498.0,26518.5,18923,70
1763121600,26519.0,26542.5,26350.0,26399.5,20104,90
1763136000,26398.5,26681.5,26351.0,26639.5,37446,90
1763150400,26639.0,26639.5,26333.5,26438.0,18004,90
1763337600,26449.0,26506.0,26318.0,26320.0,13529,80
1763352000,26320.0,26476.0,26239.0,26240.0,21673,80
1763366400,26238.0,26356.0,26215.0,26266.0,15676,70
1763380800,26264.5,26281.5,26163.0,26196.5,13614,70
1763395200,26198.0,26310.0,26146.5,26210.0,35040,70
1763409600,26210.5,26218.0,25996.0,26086.0,12119,90
1763424000,26085.0,26132.5,25958.0,25968.0,12504,80
1763438400,25966.0,26135.0,25855.0,25893.0,24602,70
1763452800,25894.0,25983.5,25779.0,25954.0,19149,80
1763467200,25951.5,25959.5,25830.0,25862.0,16750,70
1763481600,25862.5,26011.0,25814.5,25997.5,46109,90
1763496000,25998.5,26052.5,25934.0,25939.0,13523,90
1763510400,25949.0,25997.0,25841.0,25905.0,13629,80
1763524800,25905.0,26000.0,25701.0,25798.0,23894,80
1763539200,25798.0,25850.0,25727.5,25808.5,17337,70
1763553600,25808.0,25884.5,25795.5,25816.5,10429,90
1763568000,25815.5,25839.5,25639.5,25705.0,36307,80
1763582400,25704.5,25842.0,25679.0,25817.0,15573,90
1763596800,25886.0,26025.0,25867.0,25894.0,12708,80
1763611200,25896.0,25957.5,25716.0,25747.0,26737,70
1763625600,25748.0,25830.0,25644.0,25792.5,16875,70
1763640000,25793.5,25896.0,25756.5,25887.0,13392,90
1763654400,25887.5,25926.0,25401.0,25455.5,46803,70
1763668800,25455.0,25572.0,25388.0,25388.0,20034,90
1763683200,25394.0,25518.0,25249.5,25387.0,15561,80
1763697600,25388.0,25443.0,25154.0,25375.0,28859,70
1763712000,25374.0,25436.0,25124.0,25124.5,22805,70
1763726400,25121.0,25260.0,25006.5,25246.5,30421,70
1763740800,25246.5,25469.0,25122.0,25452.5,47562,75
1763755200,25453.0,25550.5,25393.0,25469.0,15735,90
1763942400,25553.0,25586.0,25396.0,25424.0,11954,80
1763956800,25422.0,25730.0,25343.0,25685.0,25823,70
1763971200,25684.0,25738.0,25568.5,25610.5,17534,70
1763985600,25611.5,25772.0,25591.5,25723.0,13828,90
1764000000,25722.5,25827.5,25693.0,25809.0,27724,90
1764014400,25809.0,25867.5,25806.0,25838.0,5048,70
1764028800,25846.0,25963.0,25810.0,25903.0,10210,80
1764043200,25902.0,26032.5,25801.5,25856.0,20004,70
1764057600,25855.0,25907.0,25727.0,25860.5,14006,70
1764072000,25860.0,26091.5,25779.0,26069.0,18826,70
1764086400,26068.0,26075.0,25851.5,25968.0,32960,90
1764100800,25969.0,26001.5,25928.0,25945.0,5549,90
1764115200,25947.0,26149.0,25938.0,26122.0,9386,70
1764129600,26120.0,26126.0,25938.0,25973.0,16975,70
1764144000,25972.0,26034.0,25832.0,25876.0,10040,70
1764158400,25876.5,25976.0,25836.0,25946.5,8896,90
1764172800,25946.0,26010.5,25871.0,25982.5,15165,70
1764187200,25992.0,26001.5,25732.0,25892.0,5721,70
1764201600,25895.0,26008.5,25815.0,26002.0,9179,70
1764216000,26004.0,26114.0,25858.0,26055.0,20773,70
1764230400,26057.0,26073.0,25882.0,25886.0,13343,70
1764244800,25887.0,25965.5,25883.0,25959.0,5706,90
1764259200,25960.5,25974.5,25918.5,25938.5,3537,90
1764273600,25944.0,25948.0,25922.0,25929.0,633,90
1764288000,25957.0,26011.0,25821.0,25825.0,8041,70
1764302400,25824.0,25971.0,25811.0,25879.0,15386,70
1764316800,25880.0,25915.5,25842.0,25914.0,7221,70
1764331200,25914.5,25968.5,25896.5,25963.5,3727,90
1764345600,25963.0,26078.5,25960.5,26051.5,13800,70
1764360000,26049.5,26060.0,26025.0,26025.0,1155,90
1764547200,26023.0,26198.0,25853.0,26175.0,13896,70
1764561600,26175.0,26187.0,25908.5,26024.0,21597,70
1764576000,26025.0,26102.5,25965.0,26010.5,12577,70
1764590400,26010.5,26115.5,26006.5,26088.0,9910,90
1764604800,26088.5,26188.0,26068.0,26178.5,19668,90
1764619200,26178.0,26240.5,26135.0,26146.0,4209,90
1764633600,26133.0,26251.0,26115.0,26219.0,8848,70
1764648000,26219.0,26268.0,25977.5,26017.0,17586,70
1764662400,26016.0,26120.0,25996.0,26071.0,10256,70
1764676800,26071.5,26096.5,26026.5,26056.5,5622,90
1764691200,26057.0,26073.5,25902.0,25930.5,20474,70
1764705600,25930.0,25998.0,25925.5,25981.0,5095,90
1764720000,25956.0,25984.0,25837.0,25854.0,8603,70
1764734400,25853.0,25939.0,25732.0,25733.0,16691,70
1764748800,25732.0,25779.0,25689.0,25714.0,10636,70
1764763200,25714.5,25778.0,25690.5,25755.5,5516,70
1764777600,25755.0,25824.5,25641.5,25766.5,22447,70
1764792000,25767.5,25831.5,25765.0,25810.0,3021,70
1764806400,25786.0,25819.0,25658.0,25663.0,7931,80
1764820800,25665.0,25870.5,25633.0,25757.0,19132,70
1764835200,25755.0,25984.0,25755.0,25886.0,14708,70
1764849600,25884.5,25915.5,25852.0,25875.0,6255,90
1764864000,25874.0,25915.5,25805.5,25847.5,17857,90
1764878400,25846.5,25872.5,25792.0,25843.0,4068,90
1764892800,25844.0,25887.0,25754.0,25812.0,8525,80
1764907200,25813.0,26016.0,25772.0,26014.0,20514,70
1764921600,26015.0,26130.0,25988.0,26079.0,12786,70
1764936000,26083.0,26090.0,26046.5,26066.0,5636,90
1764950400,26064.5,26142.5,26009.5,26067.5,19683,90
1764964800,26067.0,26095.0,26025.0,26042.0,4299,90
1765152000,26059.0,26155.0,25942.0,25955.0,9678,80
1765166400,25955.0,25976.0,25778.0,25784.0,19571,70
1765180800,25783.0,25840.0,25707.0,25754.5,10720,70
1765195200,25755.0,25784.0,25740.5,25778.5,5097,90
1765209600,25782.0,25801.5,25638.0,25745.5,17674,70
1765224000,25746.5,25754.5,25690.5,25751.0,5958,90
1765238400,25763.0,25803.0,25637.5,25658.0,8157,70
1765252800,25659.0,25667.0,25407.0,25414.0,17059,70
1765267200,25413.0,25459.0,25357.0,25376.5,12101,70
1765281600,25377.0,25389.0,25307.0,25331.0,8763,90
1765296000,25330.5,25403.5,25292.5,25332.5,19346,90
1765310400,25332.0,25359.0,25325.0,25334.0,3652,90
1765324800,25342.0,25410.0,25227.0,25324.0,8589,70
1765339200,25324.0,25391.5,25240.0,25333.0,21047,70
1765353600,25334.0,25504.0,25325.0,25458.0,14994,70
1765368000,25457.5,25522.5,25434.0,25516.5,7646,90
1765382400,25516.0,25612.5,25509.5,25581.5,19123,70
1765396800,25580.5,25683.0,25546.0,25657.0,8251,70
1765411200,25640.0,25783.0,25576.0,25681.0,9913,80
1765425600,25681.0,25695.0,25448.0,25483.0,21350,70
1765440000,25484.0,25587.0,25476.0,25586.0,13766,70
1765454400,25586.5,25625.5,25557.0,25603.5,7878,90
1765468800,25615.5,25751.0,25539.5,25732.5,22934,90
1765483200,25732.0,25786.0,25720.0,25776.0,4625,90
1765497600,25747.0,25839.0,25698.0,25798.0,9960,80
1765512000,25795.0,25969.0,25728.0,25956.0,21037,70
1765526400,25957.0,25999.0,25883.0,25909.5,13162,70
1765540800,25908.5,25940.5,25887.5,25912.5,6683,90
1765555200,25913.5,25965.0,25565.0,25667.5,32850,90
1765569600,25668.0,25731.5,25633.0,25668.0,7483,90
1765756800,25678.0,25764.0,25634.0,25748.0,9504,80
1765771200,25749.0,25802.0,25639.0,25672.0,17335,70
1765785600,25673.0,25682.5,25575.0,25650.5,10794,70
1765800000,25649.0,25690.0,25635.0,25670.5,5333,90
1765814400,25669.5,25703.5,25514.0,25523.0,26112,90
1765828800,25522.5,25544.0,25482.5,25516.0,6443,90
1765843200,25532.0,25549.0,25265.0,25276.5,9205,70
1765857600,25275.5,25276.5,25076.0,25101.0,18485,70
1765872000,25100.0,25245.0,25086.0,25201.5,12497,70
1765886400,25201.0,25297.5,25193.5,25250.5,8939,90
1765900800,25251.0,25311.5,25145.5,25176.5,27673,90
1765915200,25175.5,25266.0,25139.5,25238.0,7819,90
1765929600,25252.0,25303.0,25154.0,25227.0,10420,80
1765944000,25227.0,25402.5,25199.0,25400.5,19977,70
1765958400,25401.5,25498.5,25364.0,25475.5,14915,70
1765972800,25475.0,25556.0,25462.0,25537.0,6858,90
1765987200,25537.5,25564.5,25314.5,25330.5,29861,90
1766001600,25331.5,25360.0,25248.0,25269.0,7936,90
1766016000,25270.0,25404.0,25223.0,25385.0,9856,70
1766030400,25385.0,25497.0,25309.0,25329.0,18295,70
1766044800,25329.0,25523.5,25315.0,25505.5,13326,70
1766059200,25506.0,25619.5,25472.0,25572.0,9101,90
1766073600,25571.5,25699.5,25537.5,25623.5,25742,70
1766088000,25625.0,25684.5,25579.0,25582.0,6109,90
1766102400,25592.0,25660.0,25534.0,25568.0,9243,80
1766116800,25569.0,25735.0,25560.0,25665.0,20023,70
1766131200,25664.0,25758.0,25631.0,25711.5,12924,70
1766145600,25710.5,25712.5,25670.0,25695.5,6646,90
1766160000,25696.0,25880.0,25692.0,25870.5,15735,90
1766174400,25869.5,25885.0,25765.0,25793.0,3346,70
1766361600,25838.0,25879.0,25772.0,25776.0,8717,80
1766376000,25777.0,25803.0,25699.0,25711.0,14636,70
1766390400,25709.0,25811.0,25668.0,25780.5,9035,70
1766404800,25780.0,25840.5,25773.0,25820.0,4607,90
1766419200,25819.5,25914.5,25774.0,25907.5,13383,70
1766433600,25916.5,25916.5,25863.0,25876.0,2535,90
1766448000,25878.0,25924.5,25826.0,25843.0,6829,70
1766462400,25845.0,25933.0,25754.0,25763.0,14787,70
1766476800,25762.0,25788.0,25725.0,25771.5,9157,70
1766491200,25772.0,25790.0,25688.5,25689.5,4547,90
1766505600,25690.0,25767.5,25641.0,25741.5,11857,90
1766520000,25740.5,25796.5,25735.5,25786.0,2122,70
1766534400,25790.0,25858.0,25758.0,25821.0,6548,70
1766548800,25820.0,25883.0,25766.0,25797.0,9541,70
1766966400,25950.0,26086.0,25912.0,26006.0,6390,70
1766980800,26004.0,26044.0,25732.0,25732.0,14035,70
1766995200,25731.0,25736.0,25561.0,25569.0,9840,80
1767009600,25568.5,25630.5,25510.0,25533.5,4561,90
1767024000,25534.5,25629.5,25494.0,25563.0,11526,90
1767038400,25562.5,25611.5,25542.0,25573.0,1959,90
1767052800,25579.0,25680.0,25574.0,25674.0,7522,80
1767067200,25679.0,25879.0,25642.0,25861.0,18926,80
1767081600,25865.0,25914.5,25757.0,25878.5,11151,80
1767096000,25879.5,25915.5,25844.5,25858.5,5697,90
1767110400,25858.0,25880.5,25786.5,25822.0,11562,70
1767124800,25822.5,25855.0,25804.5,25810.0,2195,90
1767139200,25810.0,25815.0,25596.0,25600.0,6435,80
1767153600,25599.0,25670.0,25517.0,25553.0,10464,80
1767312000,25661.0,25992.0,25645.0,25987.0,6531,80
1767326400,25987.0,26304.0,25987.0,26302.0,14296,70
1767340800,26301.0,26402.0,26241.0,26349.5,11433,70
1767355200,26350.0,26364.5,26301.0,26340.0,6781,90
1767369600,26339.5,26487.0,26292.5,26440.0,30056,70
1767384000,26440.5,26461.0,26372.0,26451.0,6567,70
1767571200,26482.0,26520.0,26237.0,26406.0,12345,70
1767585600,26407.0,26431.0,26262.0,26338.0,23391,80
1767600000,26339.0,26381.0,26280.0,26285.0,13660,70
1767614400,26284.5,26294.0,26191.5,26234.5,7629,90
1767628800,26236.5,26514.0,26200.5,26506.5,21666,90
1767643200,26506.0,26517.0,26470.5,26506.0,3382,90
1767657600,26510.0,26660.0,26458.0,26644.0,9461,70
1767672000,26643.0,26867.0,26608.0,26765.0,22099,70
1767686400,26764.0,26792.0,26592.5,26608.5,14406,70
1767700800,26608.0,26688.5,26579.5,26681.0,6220,90
1767715200,26680.0,26783.0,26642.0,26670.5,18689,90
1767729600,26671.0,26690.0,26618.0,26636.0,2653,90
1767744000,26641.0,26662.0,26497.0,26500.0,8682,80
1767758400,26500.0,26513.0,26308.0,26323.0,19714,70
1767772800,26323.0,26450.5,26322.0,26398.0,12022,70
1767787200,26396.5,26411.5,26318.5,26341.0,5903,90
1767801600,26340.0,26352.0,26220.0,26273.0,16536,90
1767816000,26271.5,26293.0,26228.0,26250.0,3382,90
1767830400,26258.0,26301.0,26129.0,26182.0,8648,80
1767844800,26181.0,26189.0,26023.0,26043.0,18417,70
1767859200,26045.0,26194.0,25948.0,26088.5,14473,70
1767873600,26087.5,26131.5,26071.5,26080.5,6763,90
1767888000,26080.0,26307.5,26034.5,26305.5,23472,90
1767902400,26305.0,26324.0,26247.0,26309.0,3873,90
1767916800,26314.0,26317.0,26141.0,26246.0,8695,80
1767931200,26247.0,26278.0,26084.0,26161.0,21079,70
1767945600,26160.0,26227.0,26143.0,26187.5,12170,70
1767960000,26188.0,26327.0,26163.5,26277.5,7568,90
1767974400,26276.5,26364.5,26160.0,26334.5,23154,90
1767988800,26335.0,26392.0,26320.5,26328.0,3271,70
1768176000,26338.0,26418.0,26164.0,26273.5,11734,70
1768190400,26274.5,26527.0,26207.0,26526.0,24963,70
1768204800,26527.0,26600.0,26509.0,26561.5,13487,70
1768219200,26562.5,26631.5,26528.0,26585.0,6597,70
1768233600,26584.5,26936.5,26547.0,26915.0,22451,70
1768248000,26916.5,26972.0,26908.0,26939.0,3355,75
1768262400,26934.0,27090.0,26909.0,27012.0,10490,80
1768276800,27011.0,27142.0,26775.0,26868.0,26747,70
1768291200,26867.0,26870.0,26710.0,26799.0,14774,70
1768305600,26798.0,26977.5,26777.0,26900.0,8961,90
1768320000,26899.5,26993.0,26727.5,26869.5,27848,90
1768334400,26869.0,26910.0,26835.0,26860.0,6094,90
1768348800,26862.0,26981.0,26843.0,26890.0,9577,70
1768363200,26890.0,27100.0,26821.0,26822.0,27910,80
1768377600,26824.0,27004.5,26773.5,26967.0,18064,70
1768392000,26971.0,26971.0,26774.5,26784.0,11815,90
1768406400,26784.5,26927.5,26777.0,26798.0,26663,90
1768420800,26795.0,26904.0,26782.5,26881.0,7452,90
1768435200,26881.0,27214.0,26845.0,27178.0,11586,70
1768449600,27182.0,27187.0,26809.0,26870.0,28453,80
1768464000,26869.0,27024.5,26822.0,27013.5,18257,70
1768478400,27013.5,27053.0,26917.0,26939.5,9525,90
1768492800,26940.0,27125.5,26818.5,27104.0,24475,90
1768507200,27103.5,27156.5,27049.0,27061.0,5620,90
1768521600,27066.0,27228.0,26971.0,26987.0,9614,70
1768536000,26986.0,26993.0,26783.0,26803.0,24808,70
1768550400,26801.0,26836.0,26727.0,26760.0,13510,70
1768564800,26759.5,26843.5,26752.5,26758.5,7247,90
1768579200,26759.0,26776.5,26499.5,26567.0,21914,90
1768593600,26566.0,26619.0,26565.0,26584.0,3776,90
1768780800,26510.0,26642.0,26447.0,26604.0,15560,80
1768795200,26605.0,26699.0,26529.0,26544.0,23731,70
1768809600,26543.0,26585.0,26495.0,26531.5,15390,70
1768824000,26530.5,26655.5,26528.0,26620.5,8848,90
1768838400,26620.0,26658.5,26569.5,26635.0,10716,90
1768852800,26635.5,26648.5,26604.0,26609.0,430,90
1768867200,26588.0,26645.0,26508.0,26527.0,10473,80
1768881600,26528.0,26621.0,26351.0,26571.0,25444,70
1768896000,26568.0,26578.0,26287.5,26289.5,19217,70
1768910400,26290.5,26418.5,26272.5,26350.5,15855,90
1768924800,26351.0,26530.5,26333.5,26410.0,31113,70
1768939200,26410.0,26418.5,26276.0,26317.0,7764,90
1768953600,26321.0,26507.0,26291.0,26434.0,9959,80
1768968000,26433.0,26556.0,26396.0,26488.0,22393,70
1768982400,26487.0,26693.0,26411.0,26513.0,16786,70
1768996800,26512.5,26559.0,26459.0,26526.0,11729,90
1769011200,26526.5,26715.5,26470.5,26524.0,34783,90
1769025600,26525.0,26715.0,26472.5,26627.0,12731,90
1769040000,26650.0,26771.0,26579.0,26615.0,9609,70
1769054400,26613.0,26644.0,26480.0,26565.0,19680,70
1769068800,26566.0,26809.5,26508.0,26762.5,13626,70
1769083200,26763.0,26775.5,26679.0,26770.5,9054,90
1769097600,26770.0,26915.0,26760.5,26899.0,23008,90
1769112000,26898.5,26906.5,26826.0,26834.0,4469,90
1769126400,26841.0,26928.0,26790.0,26838.0,9547,80
1769140800,26837.0,26844.0,26676.0,26711.0,19710,70
1769155200,26710.0,26747.0,26668.5,26697.5,13264,70
1769169600,26696.0,26735.5,26630.0,26649.0,8809,90
1769184000,26648.5,26763.5,26609.5,26688.0,19029,90
1769198400,26688.5,26768.0,26686.5,26723.0,6105,90
1769385600,26521.0,26862.5,26468.0,26673.0,12246,70
1769400000,26672.0,26913.0,26648.0,26683.0,22708,80
1769414400,26684.0,26766.0,26658.5,26686.5,13768,70
1769428800,26687.5,26764.5,26670.5,26696.5,7840,90
1769443200,26697.0,26900.5,26691.0,26875.5,18016,90
1769457600,26875.0,26885.0,26800.0,26801.0,3751,90
1769472000,26807.0,27015.0,26802.0,26880.0,9095,70
1769486400,26879.0,27183.0,26840.0,27101.0,20512,70
1769500800,27102.0,27168.5,27030.0,27160.5,12880,70
1769515200,27160.0,27248.0,27144.0,27220.0,7211,90
1769529600,27220.5,27277.5,27171.5,27182.5,18430,90
1769544000,27183.0,27234.0,27160.0,27221.0,4176,90
1769558400,27228.0,27458.0,27217.0,27454.0,9796,75
1769572800,27456.0,27834.5,27384.0,27754.0,24497,70
1769587200,27759.0,27846.0,27718.0,27743.5,12880,70
1769601600,27743.0,27777.0,27680.5,27690.0,8099,90
1769616000,27690.5,27711.5,27505.0,27578.5,16972,90
1769630400,27579.0,27643.0,27536.0,27624.0,5899,90
1769644800,27623.0,27778.0,27532.0,27755.0,12851,80
1769659200,27756.0,28070.0,27722.0,27955.0,27719,70
1769673600,27954.0,28010.0,27870.0,27891.0,19586,70
1769688000,27890.0,28020.0,27846.0,27994.5,10670,70
1769702400,27996.0,28104.5,27478.5,27721.0,44600,70
1769716800,27720.5,27824.0,27705.5,27787.0,10410,90
1769731200,27800.0,27879.0,27631.0,27640.0,12150,80
1769745600,27644.0,27657.0,27429.0,27450.0,25716,80
1769760000,27447.0,27470.5,27261.5,27289.0,17614,70
1769774400,27288.0,27548.5,27288.0,27385.5,16425,90
1769788800,27385.5,27519.0,27179.0,27181.0,35330,90
1769803200,27179.5,27276.5,27015.5,27194.0,13955,70
1769990400,27154.0,27277.0,26875.0,26939.0,15431,70
1770004800,26939.0,27065.0,26485.0,26532.0,32065,70
1770019200,26533.0,26871.5,26487.0,26842.5,24165,70
1770033600,26839.5,26900.5,26795.5,26861.5,15095,70
1770048000,26859.5,27011.5,26839.0,26978.0,28578,70
1770062400,26977.5,26982.0,26854.0,26895.0,5411,70
1770076800,26899.0,27100.0,26890.0,27042.0,11480,80
1770091200,27043.0,27045.0,26403.0,26813.0,36373,80
1770105600,26815.0,26859.0,26659.5,26699.5,20183,70
1770120000,26700.5,26757.0,26646.0,26700.0,13307,70
1770134400,26701.0,26825.0,26595.0,26614.5,37984,70
1770148800,26612.5,26655.0,26502.0,26640.0,12394,90
1770163200,26639.0,26854.0,26602.0,26772.0,11919,70
1770177600,26772.0,26873.0,26571.0,26812.0,26957,80
1770192000,26811.0,26980.0,26687.0,26763.5,19069,70
1770206400,26764.0,26884.5,26738.0,26838.5,14095,90
1770220800,26838.0,26841.5,26424.5,26482.0,44894,70
1770235200,26483.0,26612.0,26428.0,26580.0,15477,70
1770249600,26565.0,26679.0,26466.0,26477.0,12276,80
1770264000,26478.0,26657.0,26360.0,26611.0,33663,80
1770278400,26613.0,26884.0,26574.0,26782.0,25878,70
1770292800,26781.0,26857.5,26642.0,26676.0,24692,70
1770307200,26674.5,26781.0,26451.5,26569.0,53304,70
1770321600,26570.0,26599.0,26378.0,26387.0,13919,90
1770336000,26385.0,26460.0,26236.5,26360.0,15947,80
1770350400,26357.0,26631.0,26338.0,26630.0,30569,70
1770364800,26630.0,26671.0,26463.0,26644.5,19901,70
1770379200,26644.0,26774.5,26620.5,26763.0,13619,70
1770393600,26764.0,27006.5,26758.5,26994.5,30343,90
1770408000,27004.5,27038.0,26984.0,27021.0,5372,90
1770595200,27062.0,27084.0,26864.0,26933.0,11282,80
1770609600,26934.0,27080.0,26871.0,27006.0,22665,70
1770624000,27007.0,27102.0,26896.0,26985.5,15294,70
1770638400,26987.0,27045.0,26876.5,27005.0,11029,90
1770652800,27005.5,27247.0,26975.5,27184.5,20919,70
1770667200,27185.5,27208.0,27129.5,27196.0,5336,70
1770681600,27196.0,27359.0,27121.0,27355.0,10277,70
1770696000,27356.0,27382.0,27125.0,27169.0,21652,70
1770710400,27171.0,27208.0,27079.0,27136.0,12755,70
1770724800,27135.5,27212.0,27116.5,27163.5,11691,70
1770739200,27164.5,27313.0,27093.0,27296.0,26736,90
1770753600,27296.5,27302.5,27192.0,27231.0,7015,75
1770768000,27233.0,27281.0,27108.0,27168.0,8601,70
1770782400,27167.0,27303.0,27153.0,27278.0,17882,70
1770796800,27279.0,27317.0,27117.0,27136.0,11943,70
1770811200,27135.5,27183.0,27008.0,27112.5,14055,70
1770825600,27111.5,27198.5,26972.0,27164.0,36599,70
1770840000,27161.5,27210.0,27135.0,27189.0,7338,90
1770854400,27197.0,27215.0,26991.0,27094.0,9976,70
1770868800,27093.0,27100.0,26905.0,27045.0,18599,70
1770883200,27045.0,27052.0,26926.0,27022.0,12296,70
1770897600,27022.5,27066.5,26984.0,27056.5,7998,70
1770912000,27057.5,27083.5,26587.0,26592.0,40771,70
1770926400,26590.5,26684.0,26571.0,26647.0,12118,70
1770940800,26666.0,26743.0,26555.0,26639.0,11444,80
1770955200,26638.0,26646.0,26415.0,26438.0,19000,70
1770969600,26440.0,26584.0,26432.0,26479.5,16655,70
1770984000,26477.5,26507.5,26210.5,26358.5,24915,90
1770998400,26359.5,26554.0,26311.5,26530.5,36978,90
1771012800,26530.0,26564.5,26426.0,26451.0,9157,90
1771200000,26474.0,26548.0,26363.0,26521.0,10386,70
1771214400,26522.0,26713.0,26432.0,26707.0,13498,70
1771545600,26828.5,26872.0,26328.0,26424.0,8803,70
1771560000,26425.0,26630.0,26368.0,26534.0,19771,70
1771574400,26535.0,26542.0,26333.0,26430.5,11698,70
1771588800,26431.0,26448.0,26347.0,26396.5,11956,70
1771603200,26398.5,26795.5,26363.0,26731.0,41020,70
1771617600,26733.0,26847.5,26710.0,26811.0,11727,70
1771804800,26801.0,27053.0,26668.0,27015.0,12016,70
1771819200,27016.0,27161.0,26923.0,27004.0,18977,70
1771833600,27005.0,27125.0,26995.0,27100.5,11858,70
1771848000,27099.5,27109.5,26976.5,27033.0,9342,70
1771862400,27033.0,27128.5,26821.5,26862.0,29621,90
1771876800,26862.5,26909.5,26814.0,26857.0,6486,70
1771891200,26856.0,26919.0,26541.0,26554.0,10918,70
1771905600,26554.0,26638.0,26446.0,26485.0,17590,70
1771920000,26486.0,26593.5,26471.0,26592.0,12271,70
1771934400,26591.5,26597.5,26512.0,26580.5,9477,90
1771948800,26580.5,26789.5,26558.5,26772.5,19419,90
1771963200,26771.0,26792.0,26711.0,26740.0,4712,90
1771977600,26746.0,26771.0,26625.0,26660.0,9114,80
1771992000,26663.0,26832.0,26611.0,26681.0,20842,70
1772006400,26678.0,26760.0,26639.0,26717.5,10489,70
1772020800,26717.0,26865.5,26693.0,26818.0,5681,70
1772035200,26817.5,26908.5,26713.5,26897.5,15662,70
1772049600,26898.0,26964.0,26887.0,26948.0,3923,70
1772064000,26925.0,27077.0,26685.0,26699.0,11947,70
1772078400,26698.0,26709.0,26514.0,26541.0,21479,70
1772092800,26540.0,26549.0,26328.0,26421.0,15344,70
1772107200,26421.5,26488.0,26385.5,26414.5,9136,70
1772121600,26413.0,26497.5,26227.5,26297.5,39537,70
1772150400,26421.0,26543.0,26333.0,26469.0,7957,80
1772164800,26468.0,26647.0,26388.0,26590.0,22322,70
1772179200,26590.0,26684.0,26578.0,26581.5,14867,70
1772193600,26580.5,26643.5,26461.0,26502.5,15607,70
1772208000,26503.0,26592.5,26433.5,26505.5,33352,70
1772222400,26505.0,26513.0,26443.0,26489.0,8434,90
1772409600,26303.0,26383.0,26030.0,26050.0,16418,70
1772424000,26049.0,26249.0,25851.0,26116.0,28508,70
1772438400,26114.0,26142.0,25896.0,25985.0,22917,70
1772452800,25985.0,26064.5,25839.0,25850.5,21675,90
1772467200,25851.5,26174.0,25822.5,26164.5,38938,70
1772481600,26165.0,26190.0,26105.0,26132.0,9236,90
1772496000,26135.0,26193.0,25916.0,25916.0,12146,80
1772510400,25917.0,26151.0,25773.0,25796.0,33744,80
1772524800,25795.0,25828.0,25437.5,25442.5,29553,80
1772539200,25444.0,25498.0,25283.0,25293.0,37142,90
1772553600,25292.5,25375.5,24969.5,25325.0,54528,70
1772568000,25325.0,25533.0,25325.0,25447.0,15492,90
1772582400,25445.0,25516.0,25147.0,25341.0,18187,80
1772596800,25342.0,25374.0,24924.0,25049.0,40744,80
1772611200,25050.0,25337.5,24972.0,25319.5,27680,80
1772625600,25319.0,25544.5,25296.5,25486.0,29062,90
1772640000,25484.0,25565.5,25321.0,25556.0,37509,90
1772654400,25556.5,25597.0,25516.5,25584.0,7461,90
1772668800,25585.0,25661.0,25468.0,25477.0,13996,80
1772683200,25475.0,25722.0,25330.0,25333.0,31397,70
1772697600,25334.0,25484.5,25212.0,25398.0,29138,80
1772712000,25397.5,25475.5,25242.0,25253.0,23229,90
1772726400,25252.0,25418.5,25070.0,25132.0,51327,90
1772740800,25131.5,25198.0,25055.5,25151.0,18437,90
1772755200,25161.0,25501.0,25152.0,25481.0,15090,80
1772769600,25480.0,25804.0,25435.0,25766.0,29187,70
1772784000,25763.0,25791.0,25450.5,25477.5,24588,80
1772798400,25477.5,25527.0,25107.0,25120.5,29426,50
1772812800,25122.5,25385.5,25064.5,25249.5,36014,50
1772827200,25249.5,25420.0,25245.5,25322.0,14477,50
1773014400,25064.0,25106.0,24757.5,24892.0,19717,50
1773028800,24891.5,25327.0,24852.0,25325.0,31199,50
1773043200,25325.0,25505.0,25185.5,25337.0,30815,50
1773057600,25337.0,25367.5,25166.5,25247.5,26124,50
1773072000,25246.5,25546.5,25169.5,25381.5,30108,50
1773086400,25380.5,25657.0,25354.5,25568.0,11722,50
1773100800,25584.0,25807.0,25407.5,25764.0,15756,50
1773115200,25764.0,25873.5,25573.0,25873.0,25522,50
1773129600,25873.5,26053.5,25820.0,25959.5,21078,50
1773144000,25960.0,25968.0,25755.5,25768.0,24928,50
1773158400,25768.5,26222.0,25743.0,26140.5,29491,50
1773172800,26141.0,26162.0,25895.0,25926.0,12718,50
1773187200,25936.0,26092.5,25885.0,25963.0,14270,50
1773201600,25963.0,26119.5,25855.5,25875.5,21975,50
1773216000,25875.5,25986.5,25739.0,25749.0,18809,50
1773230400,25749.0,25897.0,25709.0,25796.0,22135,50
1773244800,25796.0,25883.0,25677.0,25698.5,28481,50
1773259200,25699.0,25826.0,25671.0,25790.0,6410,50
1773273600,25744.0,25890.0,25567.5,25703.5,13793,50
1773288000,25704.5,25777.0,25475.5,25592.5,21917,50
1773302400,25592.5,25725.0,25542.0,25719.5,17606,50
1773316800,25719.5,25753.5,25452.5,25465.0,18917,50
1773331200,25464.0,25542.0,25373.0,25466.0,30381,50
1773345600,25466.0,25502.5,25434.5,25480.0,7610,50
1773360000,25470.0,25630.0,25410.0,25456.0,12391,50
1773374400,25454.0,25652.0,25452.0,25528.5,21049,50
1773388800,25528.5,25529.0,25326.0,25417.0,19581,50
1773403200,25417.5,25738.5,25412.5,25668.5,21172,50
1773417600,25668.5,25683.5,25390.5,25396.5,32016,50
1773432000,25396.5,25485.5,25383.5,25420.0,7763,50
1773619200,25426.0,25594.0,25281.0,25500.5,18130,50
1773633600,25499.0,25798.0,25430.0,25779.0,24132,50
1773648000,25779.0,25826.0,25649.5,25657.0,17436,50
1773662400,25657.0,25948.0,25648.5,25925.5,17936,50
1773676800,25925.5,25941.0,25786.0,25821.0,24936,50
1773691200,25821.5,25928.0,25821.5,25876.0,6423,50
1773705600,25890.0,26156.0,25837.0,26141.5,10388,50
1773720000,26142.5,26222.5,25867.5,25870.5,21149,50
1773734400,25869.5,25959.5,25828.0,25951.5,18658,50
1773748800,25951.0,26031.5,25878.0,25956.0,14397,50
1773763200,25956.0,25980.5,25803.5,25897.5,23053,50
1773777600,25897.5,25918.5,25846.5,25896.0,4460,50
1773792000,25897.0,26007.0,25800.0,25813.5,8948,50
1773806400,25813.5,26053.5,25778.5,26000.5,19715,50
1773820800,26000.5,26098.0,25949.5,26020.0,15079,50
1773835200,26019.5,26028.5,25636.5,25726.0,20440,50
1773849600,25727.0,25749.0,25519.5,25547.0,23579,50
1773864000,25546.0,25576.0,25399.0,25414.0,9734,50
1773878400,25448.0,25632.0,25382.0,25606.0,11863,50
1773892800,25605.0,25693.0,25405.5,25444.5,20067,50
1773907200,25445.0,25531.0,25346.5,25497.0,22736,50
1773921600,25498.0,25498.0,25077.5,25272.0,24784,50
1773936000,25272.0,25327.0,25156.5,25264.5,30778,50
1773950400,25265.0,25448.0,25216.5,25358.0,9855,50
1773964800,25381.0,25513.5,25298.5,25348.5,10266,50
1773979200,25349.5,25408.5,25259.0,25278.0,20511,50
1773993600,25277.5,25342.0,25096.5,25132.0,20049,50
1774008000,25131.5,25173.5,24952.5,24967.0,24321,50
1774022400,24966.5,25007.0,24735.0,24796.5,29934,50
1774036800,24796.5,24807.5,24641.0,24777.0,9924,50
1774224000,24638.0,24792.0,24512.0,24562.0,17919,50
1774238400,24563.0,24653.0,24277.5,24310.0,25269,50
1774252800,24310.0,24421.5,24162.0,24294.0,27930,50
1774267200,24294.0,25126.5,24208.5,25018.0,34386,50
1774281600,25018.5,25213.0,24819.0,24989.0,31303,50
1774296000,24989.0,25071.0,24920.5,24995.0,5434,50
1774310400,24970.0,25021.0,24530.0,24546.0,14900,50
1774324800,24546.0,24832.0,24520.5,24774.0,26370,50
1774339200,24774.5,25059.0,24761.5,24979.0,24606,50
1774353600,24978.5,24991.0,24759.0,24869.5,20810,50
1774368000,24869.5,25027.0,24859.0,24944.5,31343,50
1774382400,24944.0,25101.0,24904.0,25063.0,11657,50
1774396800,25083.0,25378.5,24951.5,25321.5,11179,50
1774411200,25323.5,25364.5,25003.5,25173.5,24638,50
1774425600,25173.5,25389.0,25109.5,25270.0,22387,50
1774440000,25268.5,25375.5,25183.5,25218.5,22696,50
1774454400,25219.0,25343.5,25120.0,25295.0,27236,50
1774468800,25297.0,25326.0,25227.5,25272.0,6002,50
1774483200,25278.0,25281.0,25066.0,25094.0,10512,50
1774497600,25095.0,25108.0,24787.0,24789.0,20417,50
1774512000,24789.0,24864.5,24693.0,24753.5,18722,50
1774526400,24753.5,24896.0,24649.5,24878.5,20617,50
1774540800,24880.5,24942.5,24699.0,24703.0,25996,50
1774555200,24702.0,24825.0,24671.0,24727.0,8619,50
1774569600,24742.0,24910.5,24640.5,24771.5,12769,50
1774584000,24771.5,25085.5,24760.0,24987.5,22481,50
1774598400,24987.5,25054.5,24729.5,24770.5,18469,50
1774612800,24770.5,24827.0,24644.0,24679.5,18118,50
1774627200,24679.5,24825.0,24643.5,24646.0,17224,50
1774641600,24645.0,24681.5,24582.0,24584.0,4804,50
1774828800,24541.0,24602.0,24492.0,24532.0,9531,280
1774843200,24531.0,24720.5,24321.0,24702.0,26504,50
1774857600,24690.5,24816.5,24598.5,24774.0,23888,50
1774872000,24773.0,24892.0,24706.0,24829.0,15721,50
1774886400,24829.0,24886.5,24686.5,24776.0,27062,50
1774900800,24776.0,24794.0,24653.0,24689.0,12725,50
1774915200,24675.0,24771.0,24601.0,24722.0,7402,280
1774929600,24721.0,25002.0,24588.0,24597.0,28497,50
1774944000,24596.0,24815.0,24558.5,24731.0,25494,50
1774958400,24730.0,24908.5,24681.5,24857.0,21342,50
1774972800,24857.0,25234.5,24821.0,25144.0,32519,50
1774987200,25144.0,25269.0,25123.0,25234.0,18159,50
1775001600,25230.0,25290.0,25227.0,25262.0,3646,280
1775016000,25261.0,25425.5,25210.0,25262.0,22201,50
1775030400,25261.0,25444.5,25235.5,25272.0,23290,50
1775044800,25273.0,25422.5,25220.5,25277.0,17465,50
1775059200,25277.0,25474.5,25250.0,25463.5,26339,50
1775073600,25463.0,25487.0,25282.0,25320.0,11766,50
1775088000,25326.0,25346.0,25286.0,25342.0,4718,280
1775102400,25341.0,25342.0,24959.0,24966.0,26082,50
1775116800,24966.0,25121.0,24902.0,25065.0,20624,50
1775131200,25066.0,25102.0,24934.0,24983.0,15205,50
1775145600,24983.0,25323.5,24931.0,25175.0,31765,50
1775160000,25175.0,25258.0,25161.0,25239.0,9447,50
1775620800,25884.0,26099.0,25691.5,25857.5,25981,50
1775635200,25860.0,25968.5,25825.5,25951.0,24576,50
1775649600,25982.0,26076.5,25905.5,26021.0,19143,50
1775664000,26021.0,26081.5,25811.5,25983.5,26753,50
1775678400,25983.5,25995.5,25842.0,25851.0,9680,50
1775707200,25783.5,25861.0,25661.0,25814.0,19411,50
1775721600,25804.0,25873.0,25702.0,25721.5,19415,50
1775736000,25718.5,25764.0,25671.0,25737.0,14321,50
1775750400,25737.0,25933.0,25647.0,25917.5,27342,50
1775764800,25918.0,25961.5,25863.5,25899.5,10031,50
1775793600,25947.0,26094.0,25863.5,25932.5,19137,50
1775808000,25923.5,26006.5,25866.5,25923.0,18083,50
1775822400,25909.5,26043.5,25898.0,26004.0,12589,50
1775836800,26004.0,26074.0,25894.0,25951.5,22480,50
1775851200,25951.5,25975.0,25921.5,25966.5,6422,50
1776052800,25728.0,25761.0,25526.5,25602.5,18553,50
1776067200,25612.0,25695.0,25574.5,25664.0,15830,50
1776081600,25640.5,25690.0,25575.5,25636.5,10739,50
1776096000,25636.5,25885.0,25627.0,25880.0,22833,50
1776110400,25880.0,25934.5,25869.5,25926.5,5368,50
1776139200,25971.5,26026.0,25771.0,25788.0,18254,50
1776153600,25794.0,25971.5,25689.5,25917.5,18681,50
1776168000,25933.0,26010.0,25889.0,25976.0,10631,50
1776182400,25976.0,26202.5,25969.0,26153.0,18594,50
1776196800,26153.0,26186.0,26129.0,26150.5,6023,50
1776211200,26181.0,26199.0,26152.0,26163.0,968,280
1776225600,26159.0,26242.5,26064.5,26076.0,18562,50
1776240000,26077.0,26113.5,25949.0,25964.0,16946,50
1776254400,25963.0,25997.5,25890.5,25982.0,13688,50
1776268800,25982.0,26142.0,25971.5,26077.0,19501,50
1776283200,26077.0,26133.0,26066.5,26086.0,6498,50
1776297600,26087.0,26132.0,26084.0,26124.0,1213,280
1776312000,26125.0,26335.0,26112.5,26291.0,19003,50
1776326400,26292.0,26425.0,26246.0,26333.0,17205,50
1776340800,26333.0,26350.5,26283.0,26312.0,9818,50
1776355200,26312.0,26355.0,26168.0,26256.0,24178,50
1776369600,26256.5,26257.5,26191.0,26223.0,9344,50
1776384000,26237.0,26252.0,26222.0,26235.0,1260,280
1776398400,26235.0,26297.0,26030.0,26039.0,15776,50
1776412800,26039.0,26193.5,26039.0,26180.0,13418,50
1776427200,26178.0,26455.0,26165.0,26451.5,10201,50
1776441600,26451.5,26656.0,26415.0,26583.5,23314,50
1776456000,26583.5,26585.5,26464.5,26477.0,8009,50
1776643200,26286.0,26305.0,26156.0,26261.0,3068,280
1776657600,26247.0,26434.5,26110.0,26360.0,21534,50
1776672000,26361.0,26435.5,26264.0,26383.0,19970,50
1776686400,26382.0,26445.0,26370.0,26414.5,11263,50
1776700800,26414.5,26519.5,26356.0,26448.5,23110,50
1776715200,26448.5,26502.0,26447.0,26473.0,6138,50
1776729600,26450.0,26486.0,26445.0,26462.0,1434,280
1776744000,26462.0,26496.0,26346.5,26389.0,16506,50
1776758400,26389.0,26533.5,26389.0,26471.0,15254,50
1776772800,26470.0,26500.5,26382.5,26405.0,11167,50
1776787200,26405.0,26448.0,26213.5,26214.0,26731,50
1776801600,26214.0,26265.0,26112.0,26216.0,15557,50
1776816000,26208.0,26337.0,26207.0,26292.0,1714,280
1776830400,26293.0,26311.0,26081.0,26105.0,15858,50
1776844800,26106.0,26208.0,26075.5,26136.0,15635,50
1776859200,26132.0,26212.5,26106.0,26133.0,13489,50
1776873600,26133.0,26257.5,26125.5,26157.5,23217,50
1776888000,26156.5,26213.5,26126.0,26151.0,7083,50
1776902400,26131.0,26168.0,25950.0,26136.0,3307,70
1776916800,26137.0,26184.0,25830.5,25891.0,20952,50
1776931200,25891.0,25981.5,25855.0,25857.0,17028,50
1776945600,25856.0,25987.5,25829.0,25958.5,17173,50
1776960000,25958.5,26005.5,25880.0,25922.0,22585,50
1776974400,25922.0,25929.0,25655.5,25778.0,18619,50
1776988800,25809.0,25856.0,25786.0,25795.0,1993,280
1777003200,25796.0,25852.5,25622.5,25830.0,21039,50
1777017600,25830.0,25992.5,25830.0,25908.0,17650,50
1777032000,25908.0,26087.0,25823.0,25956.0,18924,50
1777046400,25955.5,26066.0,25883.5,26031.5,27625,50
1777060800,26031.5,26068.5,26007.5,26046.0,9125,50
1777248000,25994.0,26025.0,25956.0,26019.0,2087,280
1777262400,26019.0,26078.5,25827.0,26014.0,21373,50
1777276800,26013.0,26035.5,25891.5,25917.0,18490,50
1777291200,25917.0,25970.5,25859.0,25866.0,10489,50
1777305600,25866.0,25944.5,25845.0,25855.0,22351,50
1777320000,25855.0,25885.0,25837.0,25841.0,6304,50
1777334400,25835.0,25883.0,25835.0,25855.0,1841,280
1777348800,25856.0,25917.0,25724.5,25749.0,19685,50
1777363200,25740.0,25788.5,25618.0,25640.0,17229,50
1777377600,25639.0,25708.0,25566.0,25663.0,17113,50
1777392000,25662.0,25807.0,25651.5,25777.5,24546,50
1777406400,25777.0,25794.5,25722.0,25724.0,3822,50
1777420800,25740.0,25796.0,25740.0,25776.0,975,280
1777435200,25776.0,26060.0,25727.0,25960.0,21575,50
1777449600,25960.0,26137.0,25960.0,26010.0,19179,50
1777464000,26008.0,26079.0,25980.0,25986.5,12317,50
1777478400,25986.5,26010.5,25804.5,25867.5,21987,50
1777492800,25867.5,25895.5,25749.0,25770.0,12452,50
1777507200,25800.0,25889.0,25780.0,25863.0,2712,280
1777521600,25864.0,26040.5,25681.0,25686.0,22968,50
1777536000,25687.0,25854.0,25687.0,25702.0,20242,50
1777550400,25702.0,25968.5,25693.0,25930.0,18882,50
1777564800,25930.0,26103.0,25881.5,26065.0,24564,50
1777579200,26065.0,26141.0,26060.0,26121.0,6290,50
1777867200,26124.0,26346.5,26097.5,26178.0,22069,50
1777881600,26178.0,26228.0,26064.0,26065.0,16123,50
1777896000,26066.0,26123.0,25867.5,26048.0,19748,50
1777910400,26047.0,26142.5,25927.5,25956.5,27654,50
1777924800,25956.0,26043.0,25946.0,25964.0,9888,50
1777939200,25980.0,25989.0,25937.0,25954.0,1401,280
1777953600,25953.0,26011.5,25676.5,25734.0,16503,50
1777968000,25741.0,25926.5,25718.0,25885.0,15079,50
1777982400,25885.0,25993.0,25885.0,25951.0,12614,50
1777996800,25951.0,25983.0,25866.0,25914.0,17780,50
1778011200,25914.0,25971.0,25890.0,25920.0,4926,50
1778025600,25910.0,25978.0,25906.0,25941.0,2619,280
1778040000,25941.0,26225.0,25878.0,26068.0,23614,50
1778054400,26068.0,26318.0,26068.0,26298.0,19905,50
1778068800,26297.0,26499.0,26250.0,26363.5,21062,50
1778083200,26363.5,26547.5,26293.5,26486.0,24925,50
1778097600,26487.0,26560.0,26479.0,26542.0,6575,50
1778112000,26531.0,26540.0,26494.0,26524.0,2187,280
1778126400,26523.0,26665.5,26498.0,26624.0,22367,50
1778140800,26623.0,26691.0,26561.5,26568.0,18886,50
1778155200,26569.0,26605.5,26518.0,26584.5,12357,50
1778169600,26584.5,26681.5,26380.5,26432.0,25328,50
1778184000,26432.0,26448.5,26308.0,26310.0,14547,50
1778198400,26290.0,26377.0,26284.0,26376.0,2418,280
1778212800,26376.0,26437.0,26262.0,26302.0,19782,50
1778227200,26303.0,26465.5,26301.0,26341.0,18700,50
1778241600,26342.0,26454.0,26332.0,26423.0,12339,50
1778256000,26423.0,26530.0,26294.0,26316.5,22316,50
1778270400,26317.0,26380.0,26311.0,26326.0,7010,50
1778457600,26267.0,26302.0,26238.0,26272.0,2256,280
1778472000,26268.0,26368.0,26221.5,26299.0,20010,50
1778486400,26300.0,26437.0,26300.0,26397.0,16920,50
1778500800,26396.0,26465.5,26385.0,26465.5,9948,50
1778515200,26465.5,26609.0,26462.5,26538.0,17729,50
1778529600,26538.0,26564.0,26475.0,26490.0,5801,50
1778544000,26491.0,26516.0,26462.0,26482.0,1437,280
1778558400,26478.0,26611.0,26423.0,26455.0,21773,50
1778572800,26455.0,26491.0,26321.0,26329.0,18186,50
1778587200,26328.0,26458.5,26312.0,26446.0,13399,50
1778601600,26446.0,26456.0,26219.0,26253.5,26225,50
1778616000,26253.5,26388.5,26251.5,26327.0,8270,50
1778630400,26336.0,26346.0,26286.0,26319.0,2242,270
1778644800,26318.0,26447.5,26227.0,26406.0,21003,50
1778659200,26407.0,26482.0,26300.5,26348.0,19384,50
1778673600,26345.0,26387.0,26152.5,26188.0,15185,50
1778688000,26188.0,26908.5,26188.0,26884.5,27593,50
1778702400,26885.0,26930.5,26854.5,26903.0,8586,50
1778716800,26891.0,26891.0,26847.0,26888.0,1870,280
1778731200,26888.0,26948.0,26444.0,26494.0,23757,50
1778745600,26495.0,26575.0,26355.5,26383.0,22307,50
1778760000,26383.0,26454.5,26320.0,26394.0,14031,50
1778774400,26394.0,26459.5,26235.5,26423.5,23433,50
1778788800,26423.5,26445.5,26380.0,26391.0,8917,50
1778803200,26359.0,26365.0,26305.0,26317.0,1953,280
1778817600,26316.0,26355.5,26054.5,26104.0,24221,50
1778832000,26104.0,26130.5,25828.0,25872.0,25919,50
1778846400,25873.0,25985.5,25813.5,25854.0,21044,50
1778860800,25856.0,25910.0,25702.5,25730.0,32034,90
1778875200,25729.5,25806.5,25643.5,25654.0,9702,90
1779062400,25628.0,25674.0,25555.0,25642.0,5822,280
1779076800,25642.0,25804.0,25491.0,25586.0,26183,80
1779091200,25586.0,25687.0,25540.0,25666.0,19994,70
1779105600,25662.0,25823.5,25579.0,25796.5,19313,90
1779120000,25795.0,25796.0,25632.5,25687.0,32808,90
1779134400,25687.0,25718.5,25593.0,25646.0,12757,90
1779148800,25646.0,25681.0,25600.0,25603.0,3315,280
1779163200,25601.0,25840.0,25574.0,25730.0,24726,80
1779177600,25730.0,25826.0,25670.0,25751.0,18936,70
1779192000,25744.0,25746.5,25644.0,25681.0,17144,70
1779206400,25679.5,25726.5,25582.5,25686.5,30351,90
1779220800,25686.0,25721.5,25613.0,25634.0,9395,90
1779235200,25649.0,25693.0,25599.0,25663.0,4110,280
1779249600,25664.0,25691.0,25521.0,25614.0,22621,70
1779264000,25614.0,25692.0,25560.0,25627.0,17990,70
1779278400,25627.0,25717.0,25601.0,25685.5,11183,90
1779292800,25685.0,25821.5,25534.0,25775.5,29541,90
1779307200,25775.5,25827.5,25753.5,25766.0,8197,90
1779321600,25778.0,25779.0,25710.0,25756.0,2827,280
1779336000,25756.0,25865.0,25612.0,25657.0,17833,70
1779350400,25657.0,25693.0,25334.0,25400.0,19506,80
1779364800,25399.0,25486.0,25289.5,25407.0,19563,70
1779379200,25406.0,25535.5,25353.0,25513.5,27307,90
1779393600,25514.0,25697.0,25510.5,25636.0,13147,90
1779408000,25594.0,25676.0,25594.0,25627.0,1765,280
1779422400,25628.0,25712.0,25482.0,25700.0,18972,70
1779436800,25700.0,25733.0,25509.0,25510.0,16944,70
1779451200,25511.0,25511.0,25156.5,25241.5,18540,70
1779465600,25241.0,25460.5,25220.0,25456.0,22425,70
1779480000,25456.5,25530.5,25442.5,25452.0,6731,90
1779768000,25664.0,25767.0,25414.5,25702.0,22521,70
1779782400,25702.0,25721.0,25520.0,25523.0,17073,70
1779796800,25524.0,25572.5,25477.0,25523.5,10158,90
1779811200,25523.0,25582.0,25468.5,25509.5,18933,90
1779825600,25509.5,25575.0,25494.5,25566.0,4758,90
1779840000,25558.0,25604.0,25544.0,25569.0,2181,280
1779854400,25570.0,25664.0,25335.0,25356.0,19833,70
1779868800,25356.0,25384.0,25247.0,25278.0,15976,70
1779883200,25278.0,25315.5,25151.5,25197.0,10134,70
1779897600,25197.0,25374.0,25181.5,25289.5,19111,90
1779912000,25289.5,25323.5,25247.5,25297.0,3666,90
1779926400,25268.0,25277.0,25192.0,25257.0,2566,280
1779940800,25257.0,25268.0,24685.0,24705.0,21537,70
1779955200,24704.0,24995.0,24695.0,24937.0,19296,70
1779969600,24937.0,24981.0,24841.5,24940.5,10319,90
1779984000,24939.5,25101.0,24857.5,25090.5,19281,90
1779998400,25091.0,25132.5,25066.5,25088.0,4410,90
1780012800,25089.0,25101.0,25054.0,25058.0,1637,280
1780027200,25057.0,25273.0,25025.0,25244.0,23496,80
1780041600,25244.0,25281.0,25050.0,25057.0,20157,70
1780056000,25056.0,25152.0,25032.0,25136.5,10770,70
1780070400,25136.5,25305.5,25065.0,25228.0,20994,90
1780084800,25228.5,25250.5,25144.0,25146.0,5784,90
1780272000,25136.0,25207.0,25125.0,25204.0,2139,280
1780286400,25205.0,25473.0,25080.0,25391.0,24534,70
1780300800,25380.0,25432.0,25312.0,25350.0,16040,70
1780315200,25346.0,25380.0,25314.5,25321.0,7604,90
1780329600,25321.0,25325.5,25139.0,25270.5,24137,70
1780344000,25270.5,25385.5,25249.5,25281.0,6348,90
1780358400,25268.0,25268.0,25156.0,25165.0,2441,70
1780372800,25162.0,25773.0,25151.0,25727.5,25703,70
1780387200,25728.5,26046.0,25727.0,26015.0,17594,80
1780401600,26014.0,26015.0,25918.0,25926.0,7427,90
1780416000,25926.5,26060.5,25845.0,25954.5,17604,70
1780430400,25953.5,25955.0,25886.5,25945.0,4719,90
1780444800,25942.0,25966.0,25868.0,25953.0,2808,280
1780459200,25953.0,25954.0,25544.0,25585.0,17474,70
1780473600,25585.0,25632.0,25536.0,25547.0,16765,70
1780488000,25544.0,25618.0,25470.5,25502.5,8864,90
1780502400,25502.5,25527.5,25365.0,25398.0,19729,90
1780516800,25398.0,25426.0,25306.0,25332.0,5273,90
1780531200,25317.0,25360.0,25298.0,25346.0,3899,280
1780545600,25346.0,25461.0,25192.0,25223.0,19404,70
1780560000,25223.0,25273.0,25124.0,25127.0,15278,70
1780574400,25126.0,25277.5,25051.0,25256.5,15128,70
1780588800,25256.5,25359.0,25178.0,25236.0,18303,90
1780603200,25236.0,25242.5,25163.0,25169.5,4111,90
1780617600,25139.0,25171.0,25098.0,25120.0,3117,280
1780632000,25115.0,25170.0,24981.0,25028.0,21992,70
1780646400,25028.0,25040.0,24899.0,24908.0,16632,70
1780660800,24908.0,25073.5,24908.0,24918.5,13311,70
1780675200,24918.5,24955.0,24578.5,24650.0,29544,70
1780689600,24650.5,24672.0,24423.0,24453.0,15613,90
1780876800,24391.0,24595.0,24357.0,24545.0,6105,280
1780891200,24545.0,24808.0,24422.0,24585.0,25505,70
1780905600,24585.0,24635.0,24460.0,24590.0,20729,70
1780920000,24590.0,24768.0,24569.0,24746.0,19831,70
1780934400,24746.0,24776.5,24619.0,24624.0,28460,70
1780948800,24624.0,24651.0,24548.0,24555.0,12950,90
1780963200,24550.0,24566.0,24466.0,24505.0,4710,280
1780977600,24503.0,24634.0,24418.0,24575.0,26330,70
1780992000,24575.0,24713.0,24532.0,24645.0,20289,70
1781006400,24644.0,24744.5,24581.5,24709.0,10402,90
1781020800,24709.0,24736.5,24234.0,24311.5,39712,70
1781035200,24312.5,24491.5,24312.5,24457.0,17977,90
1781049600,24399.0,24432.0,24350.0,24419.0,5499,280
1781064000,24419.0,24464.0,24169.0,24180.0,28260,80
1781078400,24179.0,24395.0,24170.0,24227.0,23059,80
1781092800,24228.0,24388.0,24189.0,24340.0,26554,90
1781107200,24340.0,24502.5,24329.0,24365.5,39724,90
1781121600,24365.5,24398.0,24224.0,24242.0,16326,90
1781136000,24242.0,24250.0,24135.0,24237.0,7080,280
1781150400,24242.0,24452.0,23956.0,24133.0,26466,70
1781164800,24133.0,24221.0,24057.0,24166.0,21083,70
1781179200,24163.0,24241.0,24022.0,24154.0,15488,90
1781193600,24153.0,24249.0,24112.0,24138.0,31695,90
1781208000,24138.5,24483.0,24103.5,24461.0,18448,70
1781222400,24460.0,24538.0,24460.0,24493.0,3874,280
1781236800,24494.0,24736.0,24373.0,24703.0,23407,70
1781251200,24704.0,24741.0,24554.0,24650.0,20932,70
1781265600,24650.0,24772.0,24623.5,24639.5,17328,70
1781280000,24640.0,24725.5,24596.0,24676.0,33181,90
1781294400,24677.0,24734.0,24666.5,24691.0,10161,90
1781481600,24853.0,24957.0,24840.0,24917.0,4309,70
1781496000,24967.0,25032.0,24782.0,24814.0,22450,70
1781510400,24814.0,24894.0,24786.0,24802.0,15224,70
1781524800,24803.0,24915.5,24801.0,24911.5,9344,90
1781539200,24911.0,24931.5,24841.0,24864.5,14219,90
1781553600,24864.5,24866.5,24785.0,24818.0,4482,70
1781568000,24808.0,24821.0,24769.0,24797.0,2495,160
1781582400,24796.0,24828.0,24466.0,24505.0,19091,70
1781596800,24505.0,24549.0,24375.0,24468.0,12830,70
1781611200,24467.0,24512.5,24445.5,24477.5,7436,70
1781625600,24477.5,24535.5,24419.0,24498.0,17974,70
1781640000,24498.0,24521.0,24462.0,24469.0,6128,70
1781654400,24489.0,24515.0,24473.0,24503.0,2269,280
1781668800,24499.0,24548.0,24256.0,24363.0,18045,70
1781683200,24363.0,24425.0,24233.0,24273.0,12911,70
1781697600,24250.0,24307.0,24214.5,24273.5,7188,90
1781712000,24273.5,24426.5,24252.5,24312.5,15146,70
1781726400,24312.0,24334.5,23973.0,24036.0,16974,70
1781740800,24040.0,24204.0,24019.0,24138.0,3429,280
1781755200,24137.0,24232.0,23810.0,23859.0,20408,70
1781769600,23860.0,23964.0,23741.0,23841.0,15333,70
1781784000,23837.0,23882.5,23761.5,23875.5,11235,90
1781798400,23875.0,23910.0,23806.0,23847.0,21108,90
1781812800,23847.0,23870.5,23835.0,23836.0,4582,90
1782100800,23897.0,23913.0,23433.5,23679.0,26308,70
1782115200,23683.0,23865.5,23626.0,23761.0,19551,70
1782129600,23762.0,23882.5,23750.0,23826.0,8517,70
1782144000,23827.0,23957.5,23756.0,23900.5,21753,90
1782158400,23897.5,23908.0,23810.0,23823.0,5782,90
1782172800,23847.0,23851.0,23767.0,23830.0,2829,280
1782187200,23830.0,23852.0,23401.0,23404.0,23038,80
1782201600,23405.0,23464.0,23255.0,23310.0,19601,70
1782216000,23311.0,23471.0,23302.0,23423.0,14215,90
1782230400,23423.5,23606.5,23406.5,23557.5,24222,90
1782244800,23557.5,23575.5,23480.0,23505.0,8508,90
1782259200,23515.0,23553.0,23460.0,23488.0,4472,280
1782273600,23494.0,23541.0,23249.0,23333.0,25537,70
1782288000,23333.0,23538.0,23282.0,23368.0,20124,70
1782302400,23369.0,23378.0,23271.0,23275.0,12875,70
1782316800,23275.0,23454.5,23257.5,23375.0,26106,90
1782331200,23374.5,23465.0,23284.5,23451.0,14418,90
1782345600,23445.0,23454.0,23379.0,23393.0,3727,280
1782360000,23412.0,23442.0,22982.0,23080.0,27498,70
1782374400,23081.0,23141.0,22960.0,23038.0,16574,70
1782388800,23039.0,23127.5,23012.0,23106.0,11615,90
1782403200,23106.0,23162.0,22888.5,22999.5,32839,90
1782417600,22999.5,23026.0,22940.0,22992.0,13176,90
1782432000,22958.0,23030.0,22930.0,22971.0,4779,280
1782446400,22972.0,22977.0,22480.0,22546.0,25241,70
1782460800,22546.0,22710.0,22521.0,22584.0,18542,70
1782475200,22584.0,22725.5,22558.0,22695.5,10200,70
1782489600,22695.5,23003.5,22647.5,22929.5,19330,70
1782504000,22929.5,22964.5,22867.0,22887.0,5676,90
1782691200,22971.0,23012.0,22889.0,22950.0,4776,280
1782705600,22950.0,23166.5,22736.0,23063.0,27479,70
1782720000,23063.0,23116.0,22951.0,22952.0,19669,70
1782734400,22951.0,23018.0,22918.0,22965.5,9648,90
1782748800,22966.0,23091.0,22955.0,23021.0,23969,90
1782763200,23021.0,23059.0,22966.0,22975.0,5296,90
1782777600,22962.0,22989.0,22922.0,22970.0,2919,280
1782792000,22963.0,23050.0,22637.5,22714.0,22825,70
1782806400,22714.0,22886.0,22650.0,22806.0,21131,70
1782820800,22805.0,22968.5,22800.0,22900.5,8136,70
1782835200,22900.0,23032.5,22819.5,22966.5,16218,90
1782849600,22966.5,23014.5,22944.5,22995.0,2670,90
1782964800,22999.0,23291.0,22803.0,23071.0,29336,70
1782979200,23071.0,23115.0,22906.0,23001.0,18392,70
1782993600,23000.0,23154.5,22928.5,23107.5,11920,90
1783008000,23107.5,23267.0,22978.0,22986.0,31204,70
1783022400,22986.5,23055.0,22905.5,23003.0,11452,70
1783036800,22997.0,23072.0,22997.0,23060.0,2812,280
1783051200,23056.0,23469.0,23023.0,23359.0,23690,70
1783065600,23359.0,23374.0,23196.0,23201.0,15412,70
1783080000,23200.0,23265.5,23184.5,23234.0,5482,90
1783094400,23234.5,23266.5,23183.5,23201.5,5284,90
1783108800,23200.5,23237.0,23190.0,23191.0,727,90
1783296000,23178.0,23257.0,23169.0,23235.0,3043,280
1783310400,23268.0,23629.0,23163.5,23488.0,29063,70
1783324800,23488.0,23532.0,23405.0,23473.0,16195,70
1783339200,23473.0,23508.5,23349.0,23354.5,6678,70
1783353600,23354.5,23552.5,23322.0,23492.5,13710,90
1783368000,23492.5,23558.0,23485.0,23511.0,4074,90
1783382400,23494.0,23498.0,23429.0,23440.0,2427,280
1783396800,23432.0,23755.0,23406.0,23433.0,26486,70
1783411200,23433.0,23491.0,23336.0,23387.0,15163,70
1783425600,23387.0,23473.0,23372.0,23441.5,8595,70
1783440000,23442.0,23616.0,23362.5,23417.5,21985,90
1783454400,23417.5,23508.5,23398.0,23422.0,6975,90
1783468800,23370.0,23461.0,23343.0,23454.0,3551,280
1783483200,23454.0,24042.0,23386.0,23961.0,26856,70
1783497600,23960.0,24254.0,23906.0,23907.0,24356,70
1783512000,23908.0,23976.5,23837.0,23912.5,19605,90
1783526400,23912.5,24034.0,23832.0,23929.5,29210,70
1783540800,23929.0,23987.5,23883.0,23892.0,9579,90
1783555200,23916.0,23975.0,23894.0,23942.0,2720,280
1783569600,23943.0,24286.0,23925.0,23953.0,26904,80
1783584000,23953.0,24033.0,23856.0,23896.0,18507,70
1783598400,23895.0,23935.5,23811.5,23881.5,9572,90
1783612800,23881.0,24046.5,23870.0,23981.5,17139,90
1783627200,23981.5,24073.5,23977.5,24013.0,3830,90
1783641600,24016.0,24059.0,24009.0,24037.0,2051,280
1783656000,24039.0,24473.0,23999.0,24406.0,23806,70
1783670400,24407.0,24427.0,24084.0,24094.0,16010,70
1783684800,24094.0,24218.5,24077.0,24159.5,8875,90
1783699200,24158.5,24248.5,24108.5,24200.0,18989,90
1783713600,24199.5,24233.5,24147.5,24198.0,3638,90
1783900800,24160.0,24176.0,24096.0,24111.0,3181,70
1783915200,24093.0,24404.0,24046.5,24072.0,30878,70
1783929600,24072.0,24231.0,24063.0,24168.0,21681,70
1783944000,24169.0,24220.5,24112.0,24171.0,8730,90
1783958400,24171.5,24273.0,24078.0,24113.5,20465,90
1783972800,24114.5,24176.5,24040.0,24047.0,7320,90
1783987200,24062.0,24080.0,23995.0,24075.0,4435,280
1784001600,24080.0,24213.5,23851.0,24127.0,28838,80
1784016000,24127.0,24402.0,24115.0,24279.0,21466,70
1784030400,24278.0,24628.0,24264.0,24460.5,15702,90
1784044800,24462.0,24533.0,24381.0,24399.5,26245,70
1784059200,24399.5,24412.5,24345.0,24382.0,5131,90
1784073600,24373.0,24423.0,24356.0,24402.0,2086,280
1784088000,24403.0,24732.0,24377.0,24641.0,27489,70
1784102400,24642.0,24725.0,24589.0,24633.0,17628,70
1784116800,24633.0,24712.5,24576.5,24672.0,10064,90
1784131200,24672.5,24920.0,24667.0,24785.5,24817,70
1784145600,24786.0,24879.5,24772.0,24780.0,6795,90
1784160000,24782.0,24829.0,24781.0,24787.0,2370,280
1784174400,24776.0,25162.0,24723.0,25096.0,26607,70
1784188800,25097.0,25203.0,24902.0,24966.0,19246,70
1784203200,24966.0,25003.5,24856.5,24867.5,12282,90
1784217600,24866.5,24997.0,24862.0,24927.5,23619,90
1784232000,24927.5,24928.5,24841.0,24876.0,8220,90
1784246400,24867.0,24875.0,24798.0,24856.0,3089,280
1784260800,24854.0,25125.0,24401.0,24453.0,27599,80
1784275200,24452.0,24552.0,24318.0,24416.0,23062,80
1784289600,24415.0,24530.0,24395.0,24504.5,12468,90
1784304000,24505.0,24599.5,24421.5,24579.5,25777,90
1784318400,24579.5,24604.0,24514.0,24529.0,8381,90
1784505600,24530.0,24602.0,24493.0,24552.0,3684,280
1784520000,24552.0,25137.0,24552.0,25067.0,31071,70
1784534400,25067.0,25129.0,24931.0,25098.0,25076,70
1784548800,25108.0,25219.0,25042.0,25047.0,14415,90
1784563200,25047.0,25212.0,25030.0,25161.0,23529,90
1784577600,25161.0,25173.5,25037.0,25049.0,8770,75
1784592000,25064.0,25089.0,25014.0,25074.0,3656,280
1784606400,25075.0,25233.0,24972.0,25108.0,29222,70
1784620800,25108.0,25199.0,25056.0,25108.0,15245,70
1784635200,25104.0,25154.5,24984.0,25021.5,9671,90
1784649600,25021.5,25047.0,24926.0,24969.5,16734,70
1784664000,24970.0,24984.5,24923.0,24935.0,3251,90
1784678400,24941.0,24944.0,24898.0,24910.0,2378,280
1784692800,24911.0,25053.0,24794.5,24900.0,25325,70
1784707200,24900.0,24919.0,24790.0,24891.0,15736,70
1784721600,24876.0,24971.0,24876.0,24933.0,12193,90
1784736000,24933.5,25020.0,24919.5,24991.5,15810,90
1784750400,24991.5,25005.5,24935.0,24954.0,6093,90
1784764800,24923.0,25010.0,24886.0,24993.0,2569,280
1784779200,24992.0,25248.0,24831.5,25204.0,22125,70
1784793600,25204.0,25262.0,25111.0,25173.0,13668,70
1784808000,25173.0,25215.5,25013.5,25036.0,13186,90
1784822400,25034.0,25040.5,24819.5,24885.5,26241,70
1784836800,24885.5,24908.0,24832.0,24891.0,8775,70
1784851200,24864.0,24909.0,24849.0,24908.0,3440,280
1784865600,24907.0,25009.0,24819.0,24896.0,21453,70
1784880000,24896.0,24947.0,24799.0,24937.0,13250,70
1784894400,24919.0,24988.0,24893.0,24897.5,10223,90
1784908800,24907.5,25091.0,24885.5,25030.5,21454,90
1784923200,25030.5,25046.5,24959.0,24968.0,8463,90
1785110400,25151.0,25191.0,25100.0,25101.0,3719,280
1785124800,25102.0,25189.0,24890.0,25179.0,22301,70
1785139200,25179.0,25263.0,25107.0,25193.0,11686,70
1785153600,25193.0,25221.5,25140.0,25194.0,8742,90
1785168000,25194.0,25337.5,25144.0,25282.0,24253,70
1785182400,25281.5,25289.5,25218.5,25275.0,9001,90
1785196800,25266.0,25282.0,25189.0,25195.0,3352,280
1785211200,25195.0,25413.0,25047.0,25114.0,22310,70
1785225600,25111.0,25332.0,25084.0,25304.0,14935,70
1785240000,25304.0,25370.5,25246.5,25331.0,12715,90
1785254400,25330.5,25541.5,25267.0,25506.5,21819,70
1785268800,25507.0,25545.5,25430.0,25486.0,7249,90
1785283200,25497.0,25564.0,25437.0,25494.0,4707,90
1785297600,25493.0,25728.0,25438.0,25630.0,24327,70
1785312000,25631.0,25796.0,25581.0,25746.0,15077,70
1785326400,25747.0,25747.0,25581.0,25624.5,6589,70
1785340800,25624.5,25699.5,25588.5,25669.5,12705,90
1785355200,25669.5,25919.0,25641.5,25668.0,9819,70
1785369600,25630.0,25804.0,25630.0,25755.0,5853,280
1785384000,25768.0,25959.0,25662.0,25701.0,25953,80
1785398400,25700.0,25901.5,25620.0,25846.0,20636,70
1785412800,25846.0,25944.5,25846.0,25857.5,11738,70
1785427200,25857.5,25999.0,25800.5,25979.0,24091,70
1785441600,25979.5,26177.0,25948.5,26129.0,6136,70
1785456000,26127.0,26169.0,26066.0,26100.0,2907,75
1785470400,26148.0,26193.0,25599.5,25858.0,27951,70
1785484800,25859.0,25929.0,25749.0,25906.0,17628,70
1785499200,25906.0,25933.5,25817.5,25839.5,11569,90
1785513600,25839.5,25935.5,25759.5,25864.5,28012,90
1785528000,25863.5,25937.0,25851.0,25855.0,8200,90
1785715200,26043.0,26043.0,25931.0,25935.0,4290,280
1785729600,25936.0,26122.5,25794.0,25873.0,24248,70
1785744000,25874.0,25995.5,25844.0,25983.0,13633,70
1785758400,25983.0,25983.0,25908.5,25934.0,8482,90
1785772800,25934.0,26005.0,25911.5,25948.0,14945,90
1785787200,25948.5,25966.5,25908.5,25940.0,3810,90
1785801600,25953.0,25986.0,25936.0,25945.0,2539,280
1785816000,25929.0,26176.0,25783.0,25857.0,22404,80
1785830400,25858.0,25882.0,25752.0,25773.0,13536,70
1785844800,25773.0,25804.0,25722.0,25732.0,10365,90
1785859200,25731.5,25891.5,25669.5,25878.5,14668,90
1785873600,25878.0,25917.0,25872.5,25907.0,5708,90
1785888000,25895.0,25935.0,25892.0,25920.0,2294,280
1785902400,25919.0,25959.5,25711.5,25844.0,20798,70
1785916800,25844.0,25955.0,25779.0,25858.0,13610,70
1785931200,25874.0,25875.5,25740.5,25848.5,7591,70
1785945600,25848.5,25859.0,25648.0,25648.5,17271,70
1785960000,25648.5,25684.0,25606.0,25623.0,4891,90
1785974400,25618.0,25667.0,25618.0,25642.0,2482,280
1785988800,25640.0,25700.0,25370.0,25443.0,19192,70
1786003200,25443.0,25528.0,25398.0,25527.0,12203,70
1786017600,25546.0,25567.0,25518.5,25552.5,7777,90
1786032000,25553.0,25589.5,25397.5,25492.5,16583,90
1786046400,25492.5,25541.5,25483.5,25500.0,5673,90
1786060800,25506.0,25537.0,25493.0,25513.0,2440,280
1786075200,25513.0,25561.0,25376.0,25550.0,18091,70
1786089600,25550.0,25688.0,25506.0,25679.0,9947,70
1786104000,25639.0,25805.5,25639.0,25778.5,6809,90
1786118400,25779.0,25850.0,25719.5,25820.5,15573,90
1786132800,25820.5,25834.5,25761.0,25799.0,3565,90
1786320000,25811.0,25815.0,25774.0,25779.0,2287,280
1786334400,25777.0,25883.0,25697.0,25805.0,19297,70
1786348800,25805.0,25943.0,25765.0,25914.0,10292,70
1786363200,25915.0,25930.0,25869.5,25873.5,5035,90
1786377600,25874.0,25996.5,25814.5,25971.5,12793,90
1786392000,25971.0,25980.5,25931.0,25940.0,3405,80
1786406400,25956.0,25969.0,25919.0,25963.0,1293,280
1786420800,25962.0,26034.0,25726.0,25732.0,16064,70
1786435200,25733.0,25765.0,25585.0,25597.0,8611,70
1786449600,25597.0,25677.5,25588.0,25616.0,6686,90
1786464000,25616.0,25630.0,25512.5,25546.5,11572,90
1786478400,25546.5,25553.5,25499.0,25533.0,3513,90
1786492800,25527.0,25529.0,25499.0,25523.0,1728,280
1786507200,25524.0,25538.0,25289.0,25318.0,14680,70
1786521600,25318.0,25403.5,25297.0,25387.0,8846,70
1786536000,25387.0,25466.0,25368.0,25439.5,7176,90
1786550400,25439.5,25442.0,25283.5,25312.5,12136,90
1786564800,25312.5,25329.5,25272.0,25276.0,2617,90
1786579200,25265.0,25289.0,25259.0,25285.0,1541,280
1786593600,25285.0,25434.5,25240.0,25402.0,14718,70
1786608000,25403.0,25487.5,25296.0,25337.0,10018,70
1786622400,25337.0,25377.5,25292.0,25322.5,5386,90
1786636800,25323.0,25346.0,25167.0,25192.5,11737,70
1786651200,25193.0,25201.0,25167.0,25180.0,2810,90
1786665600,25217.0,25224.0,25200.0,25204.0,1390,280
1786680000,25204.0,25279.0,25110.0,25111.0,15381,70
1786694400,25112.0,25171.0,25051.0,25081.0,9524,70
1786708800,25081.0,25217.0,25076.0,25180.0,4562,90
1786723200,25180.5,25286.0,25163.0,25233.5,10810,90
1786737600,25243.5,25272.0,25219.0,25230.0,2688,90
1786924800,25247.0,25280.0,25247.0,25249.0,1024,280
1786939200,25247.0,25468.0,25247.0,25452.0,7130,80
