time,open,high,low,close,tick_volume,spread
1063152000,102.69,102.77,101.59,101.72,262,0
1063238400,102.29,102.79,101.93,102.29,192,0
1063324800,102.07,102.65,101.42,102.45,147,0
1063584000,102.28,102.28,101.58,101.75,169,0
1063670400,101.95,103.27,101.95,103.11,161,0
1063756800,103.17,103.44,102.7,102.88,172,0
1063843200,103.08,104.35,102.9,104.23,173,0
1063929600,104.26,104.26,103.5,103.9,205,0
1064188800,102.87,102.95,102.07,102.56,291,0
1064275200,102.78,103.33,102.4,103.13,198,0
1064361600,103.2,103.24,101.19,101.21,267,0
1064448000,101.55,101.92,100.6,100.6,173,0
1064534400,100.49,100.71,99.94,100.05,242,0
1064793600,100.38,100.99,99.82,100.86,183,0
1064880000,100.55,100.57,99.33,99.99,204,0
1064966400,100.2,102.09,100.2,102.01,167,0
1065052800,101.98,102.54,101.81,102.31,212,0
1065139200,103.66,104.31,103.26,103.37,276,0
1065398400,103.51,104.0,103.29,103.78,143,0
1065484800,103.19,104.23,102.92,104.2,180,0
1065571200,104.38,104.38,103.47,103.72,234,0
1065657600,104.86,105.19,103.97,104.2,337,0
1065744000,104.36,104.49,104.0,104.25,182,0
1066003200,104.8,105.32,104.62,104.95,164,0
1066089600,104.89,105.33,104.48,105.33,246,0
1066176000,105.77,105.88,104.7,105.12,252,0
1066262400,104.92,105.67,104.79,105.38,172,0
1066348800,105.56,105.56,104.05,104.24,229,0
1066608000,104.56,104.83,103.99,104.81,185,0
1066694400,104.89,105.29,104.66,104.99,176,0
1066780800,103.98,104.2,103.2,103.5,307,0
1066867200,103.14,103.91,102.92,103.7,202,0
1066953600,102.94,103.3,102.24,103.3,216,0
1067212800,103.67,104.18,103.3,103.42,198,0
1067299200,103.84,105.05,103.8,105.05,187,0
1067385600,104.69,105.38,104.69,105.25,165,0
1067472000,105.82,105.82,104.85,105.08,241,0
1067558400,105.41,105.75,105.27,105.43,243,0
1067817600,105.92,106.67,105.8,106.39,224,0
1067904000,106.03,106.27,105.59,105.84,204,0
1067990400,105.58,105.97,104.99,105.7,209,0
1068076800,105.51,106.4,105.18,106.3,227,0
1068163200,106.71,106.74,105.71,105.88,239,0
1068422400,105.85,105.86,105.02,105.19,177,0
1068508800,105.05,105.36,104.87,105.1,185,0
1068595200,105.37,106.45,105.26,106.35,173,0
1068681600,106.1,106.57,105.85,106.41,227,0
1068768000,106.5,106.91,105.39,105.52,216,0
1069027200,104.91,105.15,104.1,104.9,381,0
1069113600,105.2,105.48,104.0,104.0,280,0
1069200000,104.16,105.03,104.0,104.89,288,0
1069286400,104.09,105.28,103.94,103.97,266,0
1069372800,104.38,104.38,103.74,104.11,188,0
1069632000,104.85,105.77,104.77,105.77,202,0
1069718400,105.71,106.43,105.55,106.16,236,0
1069804800,106.42,106.48,105.5,106.45,279,0
1069977600,106.38,106.7,106.3,106.34,183,0
1070236800,106.99,107.74,106.86,107.66,350,0
1070323200,107.45,107.78,107.2,107.29,324,0
1070409600,107.79,108.1,107.2,107.2,253,0
1070496000,107.2,107.74,107.04,107.73,246,0
1070582400,107.23,107.52,106.69,106.91,289,0
1070841600,106.71,107.66,106.71,107.57,235,0
1070928000,107.98,107.98,106.6,106.66,247,0
1071014400,106.88,106.98,106.05,106.52,232,0
1071100800,106.82,108.13,106.82,107.84,240,0
1071187200,108.08,108.25,107.5,108.19,225,0
1071446400,108.69,108.69,107.12,107.12,370,0
1071532800,107.17,107.85,107.08,107.75,284,0
1071619200,107.67,107.91,107.35,107.89,316,0
1071705600,108.12,109.23,107.93,109.18,323,0
1071792000,109.35,109.38,108.66,109.12,328,0
1072051200,109.0,109.52,108.85,109.52,364,0
1072137600,109.55,109.94,109.41,109.77,329,0
1072224000,109.59,109.88,109.46,109.65,185,0
1072396800,109.87,110.09,109.74,109.79,133,0
1072656000,110.25,111.18,110.15,111.15,550,0
1072742400,111.19,111.3,110.88,111.2,289,0
1072828800,111.24,111.58,110.9,111.31,310,0
1073001600,111.63,112.22,110.81,111.05,347,0
1073260800,111.83,112.46,111.66,112.43,405,0
1073347200,112.27,112.79,112.17,112.66,426,0
1073433600,112.57,112.91,111.98,112.87,347,0
1073520000,113.15,113.45,112.82,113.34,329,0
1073606400,112.9,113.49,112.36,112.58,381,0
1073865600,112.67,113.15,112.45,113.15,400,0
1073952000,113.24,113.27,111.82,112.5,377,0
1074038400,112.85,113.43,112.74,113.38,276,0
1074124800,113.62,114.1,112.81,113.57,375,0
1074211200,114.04,114.33,113.7,114.28,359,0
1074556800,114.61,115.0,113.88,114.25,547,0
1074643200,114.23,115.2,113.75,115.09,334,0
1074729600,115.23,115.4,114.64,114.76,423,0
1074816000,115.0,115.38,114.0,114.39,379,0
1075075200,114.51,115.95,114.37,115.89,358,0
1075161600,115.93,115.93,114.8,114.8,358,0
1075248000,115.05,115.32,113.0,113.27,446,0
1075334400,113.72,113.9,112.64,113.84,347,0
1075420800,113.57,113.72,113.16,113.51,281,0
1075680000,113.74,114.67,113.19,113.87,366,0
1075766400,113.79,114.14,113.56,114.03,325,0
1075852800,113.29,113.74,112.87,113.19,338,0
1075939200,113.25,113.56,112.87,113.33,278,0
1076025600,113.55,114.71,113.25,114.61,341,0
1076284800,114.67,114.9,114.35,114.42,315,0
1076371200,114.43,115.17,114.36,115.0,315,0
1076457600,114.94,116.42,114.75,116.14,407,0
1076544000,116.08,116.26,115.64,115.75,313,0
1076630400,115.95,116.2,114.91,115.17,292,0
1076976000,115.99,116.47,115.82,116.14,324,0
1077062400,116.3,116.3,115.44,115.74,337,0
1077148800,116.48,116.48,115.23,115.23,297,0
1077235200,115.46,115.55,114.42,115.0,319,0
1077494400,115.3,115.3,114.25,114.63,335,0
1077580800,114.39,115.04,113.95,114.48,432,0
1077667200,114.54,115.09,114.47,114.95,227,0
1077753600,114.78,115.36,114.41,115.06,230,0
1077840000,115.22,115.77,114.84,115.1,265,0
1078099200,115.49,116.38,115.33,116.2,406,0
1078185600,115.96,116.25,115.31,115.49,353,0
1078272000,115.42,115.89,115.04,115.75,308,0
1078358400,115.79,116.16,115.61,116.13,308,0
1078444800,115.43,117.0,115.41,116.4,294,0
1078704000,116.31,116.64,115.3,115.32,361,0
1078790400,115.15,115.19,114.29,114.74,306,0
1078876800,114.7,114.74,112.92,113.08,482,0
1078963200,112.3,113.29,111.18,111.23,463,0
1079049600,111.84,112.72,111.62,112.72,477,0
1079308800,112.24,112.3,110.97,111.12,499,0
1079395200,111.86,112.06,110.9,111.82,413,0
1079481600,112.23,113.32,112.23,113.04,401,0
1079568000,112.61,113.39,112.0,112.97,333,0
1079654400,112.89,112.94,111.67,111.69,319,0
1079913600,110.81,110.96,109.57,110.2,594,0
1080000000,110.55,110.8,109.83,110.14,566,0
1080086400,110.1,110.52,108.48,109.8,555,0
1080172800,110.45,111.7,110.25,111.51,427,0
1080259200,111.45,112.22,111.27,111.6,291,0
1080518400,111.81,112.7,111.73,112.61,411,0
1080604800,112.46,112.85,112.29,112.79,464,0
1080691200,113.2,113.44,112.45,113.36,264,0
1080777600,113.22,113.91,113.22,113.65,261,0
1080864000,114.5,114.87,114.0,114.13,375,0
1081123200,114.63,115.43,114.47,115.35,321,0
1081209600,114.75,115.2,114.72,115.15,277,0
1081296000,115.0,115.0,114.2,114.51,322,0
1081382400,115.45,115.45,113.78,114.32,359,0
1081728000,114.69,115.1,114.64,114.92,343,0
1081814400,115.24,115.24,113.12,113.36,337,0
1081900800,112.78,113.65,112.61,113.17,398,0
1081987200,113.3,113.82,112.47,113.27,394,0
1082073600,113.52,114.07,113.12,113.85,272,0
1082332800,113.55,114.01,113.37,113.89,293,0
1082419200,114.06,114.33,112.22,112.22,339,0
1082505600,112.31,112.95,111.91,112.89,272,0
1082592000,112.5,114.73,112.5,114.61,423,0
1082678400,114.45,114.58,113.91,114.44,305,0
1082937600,114.61,114.93,113.64,113.94,392,0
1083024000,114.32,115.14,114.07,114.3,479,0
1083110400,113.75,113.79,112.58,112.66,504,0
1083196800,112.76,113.34,111.21,111.88,600,0
1083283200,111.99,112.38,111.17,111.22,357,0
1083542400,111.46,112.29,111.46,112.14,388,0
1083628800,112.28,113.23,111.73,112.36,465,0
1083715200,112.36,112.93,112.24,112.58,312,0
1083801600,112.13,112.4,111.08,111.82,319,0
1083888000,111.33,112.2,110.29,110.37,382,0
1084147200,109.44,109.74,108.39,109.17,671,0
1084233600,109.46,110.06,109.35,110.06,401,0
1084320000,109.68,110.3,108.13,110.24,551,0
1084406400,109.89,110.81,109.65,110.19,364,0
1084492800,110.2,110.73,109.33,110.13,260,0
1084752000,108.84,109.5,108.5,108.98,436,0
1084838400,109.55,109.97,109.38,109.75,368,0
1084924800,110.6,111.21,109.41,109.45,351,0
1085011200,109.5,109.91,109.17,109.54,303,0
1085097600,110.05,110.57,109.55,109.98,320,0
1085356800,110.6,110.77,109.74,110.16,436,0
1085443200,109.91,112.01,109.62,111.95,422,0
1085529600,111.73,112.27,111.56,112.12,383,0
1085616000,112.64,113.0,112.14,112.63,343,0
1085702400,112.83,112.92,112.44,112.75,368,0
1086048000,112.56,113.42,111.95,112.71,326,0
1086134400,112.97,113.44,112.53,113.11,290,0
1086220800,112.9,113.15,112.37,112.37,390,0
1086307200,113.12,113.58,112.79,112.99,355,0
1086566400,113.46,114.72,113.46,114.65,324,0
1086652800,114.45,114.95,114.25,114.86,555,0
1086739200,114.58,114.66,113.8,113.8,393,0
1086825600,114.13,114.34,114.01,114.29,322,0
1087171200,113.89,113.89,112.91,113.18,426,0
1087257600,113.94,114.51,113.64,114.0,311,0
1087344000,114.12,114.27,113.79,114.05,265,0
1087430400,113.96,114.09,113.43,114.03,349,0
1087516800,113.79,114.7,113.7,114.18,268,0
1087776000,114.22,114.53,113.67,113.68,311,0
1087862400,113.63,114.25,113.14,114.22,318,0
1087948800,113.93,115.3,113.9,115.19,335,0
1088035200,115.03,115.36,114.67,114.86,390,0
1088121600,114.73,115.31,114.4,114.52,389,0
1088380800,114.52,114.65,113.5,113.69,406,0
1088467200,113.59,114.19,113.51,114.06,529,0
1088553600,114.05,114.8,113.7,114.54,517,0
1088640000,114.39,114.43,112.69,113.28,527,0
1088726400,113.22,113.3,112.7,112.89,372,0
1089072000,112.41,112.49,111.73,112.02,518,0
1089158400,111.92,112.6,111.85,112.23,318,0
1089244800,111.88,112.32,111.3,111.3,306,0
1089331200,111.8,112.0,111.48,111.7,363,0
1089590400,111.9,112.04,111.13,111.85,320,0
1089676800,111.84,112.0,111.7,111.92,316,0
1089763200,111.27,112.36,111.17,111.58,298,0
1089849600,111.79,111.89,111.09,111.09,456,0
1089936000,111.62,111.67,110.51,110.62,309,0
1090195200,110.72,110.99,110.06,110.46,399,0
1090281600,110.46,111.34,110.36,111.26,337,0
1090368000,111.9,112.07,109.81,109.81,451,0
1090454400,109.39,110.41,108.84,110.07,341,0
1090540800,109.56,109.71,108.8,109.02,377,0
1090800000,109.29,109.42,108.24,108.81,370,0
1090886400,109.14,110.11,109.04,109.95,278,0
1090972800,109.58,110.32,108.62,110.05,338,0
1091059200,110.48,110.84,110.04,110.52,277,0
1091145600,110.41,110.76,110.17,110.66,258,0
1091404800,110.23,111.36,110.23,111.11,237,0
1091491200,110.89,111.08,110.39,110.47,296,0
1091577600,109.93,110.77,109.76,110.31,318,0
1091664000,110.28,110.32,108.47,108.57,296,0
1091750400,107.67,107.93,106.69,106.87,515,0
1092009600,107.08,107.47,106.88,107.01,371,0
1092096000,107.32,108.39,107.32,108.39,408,0
1092182400,107.67,108.35,107.17,108.09,466,0
1092268800,107.55,107.97,106.88,106.88,354,0
1092355200,107.17,107.35,106.64,107.04,278,0
1092614400,107.23,108.64,107.16,108.49,303,0
1092700800,108.67,109.23,108.59,108.75,310,0
1092787200,108.5,110.13,108.5,110.08,306,0
1092873600,109.84,110.03,109.23,109.72,254,0
1092960000,109.7,110.68,109.57,110.49,271,0
1093219200,110.62,110.78,110.19,110.22,229,0
1093305600,110.74,110.77,109.9,110.23,241,0
1093392000,110.29,111.32,109.92,111.14,235,0
1093478400,110.98,111.34,110.92,111.15,297,0
1093564800,110.01,111.67,110.01,111.47,421,0
1093824000,111.15,111.35,110.63,110.63,311,0
1093910400,110.75,111.09,110.18,111.09,462,0
1093996800,111.04,111.66,110.53,111.28,348,0
1094083200,111.42,112.61,111.3,112.54,248,0
1094169600,112.46,112.81,112.09,112.15,267,0
1094515200,112.73,113.16,112.19,112.88,594,0
1094601600,112.65,113.08,112.34,112.34,345,0
1094688000,112.62,112.88,112.11,112.56,265,0
1094774400,112.49,113.29,112.18,113.17,384,0
1095033600,113.34,113.75,113.08,113.36,331,0
1095120000,113.5,113.75,113.27,113.64,456,0
1095206400,113.28,113.29,112.75,112.8,274,0
1095292800,113.05,113.4,113.0,113.13,260,0
1095379200,113.47,113.84,113.21,113.71,428,0
1095638400,113.1,113.49,112.79,113.01,328,0
1095724800,113.15,113.97,113.09,113.76,329,0
1095811200,112.96,112.96,112.0,112.16,405,0
1095897600,112.19,112.19,111.56,111.66,280,0
1095984000,111.7,112.22,111.64,111.85,248,0
1096243200,111.09,111.21,110.63,110.66,272,0
1096329600,110.98,111.57,110.5,111.42,274,0
1096416000,111.18,111.85,111.06,111.83,289,0
1096502400,111.58,111.95,111.33,111.8,284,0
1096588800,112.35,113.55,112.29,113.5,555,0
1096848000,114.13,114.45,113.85,113.9,343,0
1096934400,113.86,114.17,113.55,113.81,423,0
1097020800,113.78,114.59,113.72,114.59,270,0
1097107200,114.4,114.4,113.42,113.42,223,0
1097193600,113.25,113.72,112.4,112.58,345,0
1097452800,112.78,113.02,112.68,112.89,223,0
1097539200,112.33,112.86,111.99,112.62,244,0
1097625600,113.07,113.1,111.42,111.73,474,0
1097712000,111.77,111.93,110.61,110.78,403,0
1097798400,111.05,111.75,110.65,111.26,298,0
1098057600,111.02,111.89,110.81,111.82,273,0
1098144000,112.0,112.26,110.71,110.76,363,0
1098230400,110.4,110.85,109.81,110.8,429,0
1098316800,110.74,111.34,110.28,111.04,315,0
1098403200,111.24,111.24,110.0,110.0,370,0
1098662400,109.83,110.15,109.41,109.92,454,0
1098748800,110.17,111.45,109.97,111.45,447,0
1098835200,111.42,113.1,111.22,112.94,469,0
1098921600,112.79,113.6,112.55,113.15,459,0
1099008000,113.18,113.66,112.97,113.46,483,0
1099267200,113.58,113.87,113.26,113.55,585,0
1099353600,113.74,114.57,113.27,113.57,627,0
1099440000,115.16,115.39,114.31,114.8,631,0
1099526400,114.89,116.72,114.75,116.65,642,0
1099612800,117.01,117.63,116.58,117.12,820,0
1099872000,117.1,117.27,116.8,117.04,492,0
1099958400,117.19,117.53,116.88,117.05,374,0
1100044800,117.14,117.55,116.84,116.98,430,0
1100131200,117.28,118.11,117.15,118.05,595,0
1100217600,118.08,119.01,117.76,119.01,460,0
1100476800,118.89,119.12,118.65,119.06,431,0
1100563200,118.76,118.78,118.15,118.15,476,0
1100649600,118.87,119.52,118.55,118.86,477,0
1100736000,118.96,119.18,118.65,119.11,523,0
1100822400,119.1,119.12,117.61,117.71,647,0
1101081600,117.69,118.52,117.47,118.42,772,0
1101168000,118.36,118.64,117.79,118.39,534,0
1101254400,118.66,118.98,118.52,118.92,305,0
1101427200,118.92,119.38,118.78,118.78,161,0
1101686400,119.19,119.41,117.89,118.54,616,0
1101772800,118.49,118.61,118.09,118.11,574,0
1101859200,118.55,119.87,118.5,119.82,450,0
1101945600,119.55,120.26,119.49,119.8,427,0
1102032000,119.78,120.53,119.51,119.86,492,0
1102291200,119.66,120.04,119.26,119.74,427,0
1102377600,119.81,119.96,118.5,118.5,461,0
1102464000,118.72,119.2,118.47,119.03,409,0
1102550400,118.68,119.85,118.17,119.72,472,0
1102636800,119.39,119.97,119.29,119.58,600,0
1102896000,120.23,120.73,119.8,120.69,747,0
1102982400,120.62,121.39,120.62,121.14,501,0
1103068800,121.14,121.53,120.74,121.46,491,0
1103155200,121.26,121.66,120.65,121.18,373,0
1103241600,120.42,120.94,120.19,120.45,650,0
1103500800,120.95,121.24,120.22,120.33,517,0
1103587200,120.73,121.47,120.5,121.39,424,0
1103673600,121.41,122.01,121.35,121.93,528,0
1103760000,121.88,122.26,121.86,122.0,546,0
1104105600,121.43,121.52,120.61,120.61,440,0
1104192000,120.78,121.44,120.78,121.38,484,0
1104278400,121.25,121.51,121.15,121.4,519,0
1104364800,121.49,121.76,120.85,121.43,439,0
1104451200,121.51,121.81,121.18,121.18,827,0
1104710400,121.7,121.9,120.03,120.21,575,0
1104796800,120.67,120.67,118.56,118.85,621,0
1104883200,119.0,119.38,118.43,118.49,517,0
1104969600,118.57,119.26,118.45,118.81,592,0
1105056000,119.08,119.34,118.33,118.7,510,0
1105315200,118.65,119.6,118.54,119.08,504,0
1105401600,118.69,118.86,118.16,118.4,431,0
1105488000,118.54,118.99,117.68,118.93,533,0
1105574400,118.77,118.89,117.69,117.87,518,0
1105660800,118.13,118.67,117.94,118.54,513,0
1106006400,118.23,119.72,118.12,119.7,490,0
1106092800,119.56,119.63,118.53,118.53,540,0
1106179200,118.05,118.34,117.48,117.71,560,0
1106265600,117.9,118.11,116.94,116.94,626,0
1106524800,117.19,117.46,116.53,116.58,586,0
1106611200,117.07,117.59,116.88,117.03,517,0
1106697600,117.47,117.74,117.16,117.52,631,0
1106784000,117.27,117.88,117.15,117.6,595,0
1106870400,117.63,117.69,116.76,117.26,644,0
1107129600,118.09,118.41,117.86,118.22,664,0
1107216000,118.45,119.2,118.21,119.08,629,0
1107302400,119.12,119.72,119.05,119.51,546,0
1107388800,119.21,119.32,118.8,119.2,535,0
1107475200,119.14,120.57,119.14,120.51,558,0
1107734400,120.39,120.65,120.2,120.4,690,0
1107820800,120.32,120.79,120.23,120.48,769,0
1107907200,120.58,120.61,119.39,119.47,774,0
1107993600,119.83,120.15,119.43,120.03,586,0
1108080000,119.89,121.19,119.64,120.86,608,0
1108339200,120.85,121.04,120.68,120.92,445,0
1108425600,121.01,121.58,120.88,121.38,591,0
1108512000,121.09,121.6,120.92,121.37,572,0
1108598400,121.35,121.48,120.45,120.45,537,0
1108684800,120.36,120.67,120.09,120.52,421,0
1109030400,120.02,120.6,118.79,118.79,754,0
1109116800,119.08,119.69,118.83,119.49,680,0
1109203200,119.43,120.47,119.18,120.46,479,0
1109289600,120.41,121.65,120.35,121.54,422,0
1109548800,121.24,121.48,120.26,120.71,590,0
1109635200,121.03,121.65,121.03,121.44,447,0
1109721600,120.95,122.03,120.81,121.48,354,0
1109808000,121.78,122.01,120.9,121.48,374,0
1109894400,122.14,122.93,121.98,122.67,461,0
1110153600,122.79,123.36,122.74,122.95,607,0
1110240000,122.81,123.03,122.3,122.38,395,0
1110326400,122.2,122.43,121.16,121.22,462,0
1110412800,121.45,121.63,120.65,121.39,508,0
1110499200,121.43,121.93,120.37,120.66,529,0
1110758400,120.8,121.2,120.5,121.2,384,0
1110844800,121.55,121.61,120.3,120.35,455,0
1110931200,119.97,120.01,119.08,119.34,461,0
1111017600,119.49,119.86,119.14,119.55,641,0
1111104000,119.73,119.73,118.77,119.38,436,0
1111363200,119.31,119.36,118.36,118.89,555,0
1111449600,118.93,119.47,117.69,117.77,606,0
1111536000,117.62,118.16,117.4,117.69,756,0
1111622400,118.03,118.56,117.75,117.75,468,0
1111968000,117.23,117.79,117.23,117.79,400,0
1112054400,116.96,117.8,116.47,116.76,616,0
1112140800,116.64,117.78,116.61,117.6,491,0
1112227200,117.94,118.31,117.75,118.18,2150,0
1112313600,118.6,118.85,116.81,116.85,902,0
1112572800,117.3,117.71,116.62,117.45,496,0
1112659200,117.6,118.23,117.6,117.97,463,0
1112745600,118.32,118.85,118.08,118.26,485,0
1112832000,118.35,119.08,118.25,118.97,341,0
1112918400,119.07,119.07,118.02,118.02,432,0
1113177600,118.24,118.31,117.79,118.04,686,0
1113264000,117.76,118.92,117.0,118.63,883,0
1113350400,118.39,118.56,117.01,117.32,520,0
1113436800,117.25,117.38,116.07,116.2,575,0
1113523200,115.65,116.04,114.05,114.21,750,0
1113782400,114.14,114.82,113.9,114.48,1062,0
1113868800,114.96,115.42,114.74,115.23,670,0
1113955200,115.33,115.46,113.53,113.72,751,0
1114041600,114.81,116.0,114.28,115.84,797,0
1114128000,115.65,115.84,114.19,115.14,985,0
1114387200,115.85,116.35,115.62,116.14,659,0
1114473600,115.87,116.49,115.09,115.09,1041,0
1114560000,114.83,115.95,114.37,115.62,710,0
1114646400,115.3,115.58,114.27,114.27,443,0
1114732800,114.92,115.63,113.9,115.6,591,0
1114992000,115.96,116.31,115.41,116.23,806,0
1115078400,115.99,116.7,115.59,116.02,771,0
1115164800,116.45,117.59,116.17,117.5,505,0
1115251200,117.53,117.89,116.71,117.27,457,0
1115337600,117.77,117.8,117.04,117.04,396,0
1115596800,117.12,117.91,116.95,117.91,486,0
1115683200,117.26,117.33,116.27,116.6,571,0
1115769600,116.9,117.25,115.78,117.05,521,0
1115856000,117.23,117.41,115.88,116.05,493,0
1115942400,116.16,116.5,114.7,115.53,485,0
1116201600,115.58,116.72,115.58,116.66,469,0
1116288000,116.32,117.56,116.11,117.46,480,0
1116374400,117.96,118.91,117.88,118.7,802,0
1116460800,118.85,119.28,118.61,119.28,664,0
1116547200,119.24,119.24,118.66,119.03,468,0
1116806400,119.12,119.91,119.07,119.55,607,0
1116892800,119.31,119.71,119.11,119.62,591,0
1116979200,119.25,119.33,118.72,119.18,763,0
1117065600,119.58,120.09,119.52,119.92,535,0
1117152000,119.91,120.14,119.75,120.02,344,0
1117497600,119.98,119.98,119.36,119.37,529,0
1117584000,119.42,120.81,119.4,120.46,537,0
1117670400,120.2,120.7,120.04,120.58,461,0
1117756800,120.4,120.73,119.67,119.87,438,0
1118016000,119.87,120.08,119.5,119.98,653,0
1118102400,120.21,121.13,119.96,119.99,567,0
1118188800,120.3,120.46,119.59,119.76,356,0
1118275200,119.58,120.44,119.38,120.37,411,0
1118361600,120.4,120.5,119.52,120.05,605,0
1118620800,119.84,120.95,119.74,120.37,472,0
1118707200,120.4,121.03,120.26,120.76,484,0
1118793600,121.05,121.22,120.14,120.99,498,0
1118880000,120.95,121.54,120.85,121.4,688,0
1118966400,121.96,122.25,121.61,122.02,827,0
1119225600,121.56,122.21,121.36,121.87,654,0
1119312000,121.39,121.62,121.09,121.3,679,0
1119398400,121.63,121.84,121.06,121.32,518,0
1119484800,121.31,121.56,119.96,119.96,1037,0
1119571200,119.8,119.93,119.07,119.07,1107,0
1119830400,118.85,119.37,118.8,119.08,610,0
1119916800,119.48,120.21,119.39,120.14,687,0
1120003200,120.34,120.36,119.84,119.95,669,0
1120089600,120.12,120.32,119.03,119.05,873,0
1120176000,119.5,119.81,119.25,119.56,794,0
1120521600,119.28,120.65,119.22,120.48,992,0
1120608000,120.43,120.64,119.43,119.49,962,0
1120694400,118.32,119.88,118.3,119.82,1063,0
1120780800,119.79,121.31,119.76,121.19,961,0
1121040000,121.34,122.05,121.31,121.98,1033,0
1121126400,121.92,122.56,121.66,122.16,1375,0
1121212800,122.28,122.45,121.98,122.33,1208,0
1121299200,122.96,123.39,122.5,122.68,1339,0
1121385600,122.84,123.01,122.38,122.76,726,0
1121644800,122.56,122.62,122.2,122.2,938,0
1121731200,122.71,123.08,122.5,122.97,1802,0
1121817600,122.63,123.73,122.31,123.5,1700,0
1121904000,123.59,123.63,122.52,122.71,2859,0
1121990400,122.81,123.5,122.62,123.41,1415,0
1122249600,123.54,123.95,122.86,122.96,2211,0
1122336000,123.31,123.53,122.96,123.27,1112,0
1122422400,123.5,123.86,123.06,123.78,1483,0
1122508800,124.02,124.63,123.66,124.49,1471,0
1122595200,124.4,124.63,123.51,123.55,1561,0
1122854400,123.85,124.04,123.46,123.61,1286,0
1122940800,123.85,124.59,123.8,124.46,1615,0
1123027200,124.25,124.73,124.16,124.65,2191,0
1123113600,124.25,124.31,123.62,123.65,2573,0
1123200000,123.48,123.5,122.68,122.84,1726,0
1123459200,123.19,123.4,122.41,122.47,2430,0
1123545600,123.05,123.57,122.91,123.34,1588,0
1123632000,123.89,124.5,122.85,123.13,2239,0
1123718400,123.31,123.99,123.05,123.96,1982,0
1123804800,123.58,123.65,122.78,123.22,1381,0
1124064000,123.12,123.85,122.46,123.59,1392,0
1124150400,123.4,123.5,122.15,122.15,1578,0
1124236800,122.24,122.83,122.04,122.31,2426,0
1124323200,121.98,122.5,121.84,122.12,1358,0
1124409600,122.61,122.8,122.25,122.29,1231,0
1124668800,122.55,123.18,121.9,122.45,5504,0
1124755200,122.5,122.57,121.68,122.07,2567,0
1124841600,121.85,122.7,121.21,121.21,2718,0
1124928000,121.36,121.65,121.19,121.51,2252,0
1125014400,121.46,121.47,120.69,120.8,2573,0
1125273600,120.44,121.72,120.44,121.58,1292,0
1125360000,121.25,121.25,120.37,121.12,3183,0
1125446400,121.09,122.39,120.78,122.39,4160,0
1125532800,122.48,123.14,121.97,122.52,3479,0
1125619200,122.69,122.75,122.14,122.16,2235,0
1125964800,122.69,123.75,122.68,123.75,2373,0
1126051200,123.68,124.08,123.47,123.98,1981,0
1126137600,123.68,123.97,123.34,123.59,2137,0
1126224000,123.87,124.71,123.82,124.47,1738,0
1126483200,124.49,124.64,124.3,124.46,2316,0
1126569600,124.25,124.38,123.55,123.59,2028,0
1126656000,123.79,123.92,123.04,123.19,1976,0
1126742400,123.56,123.64,122.9,123.2,2660,0
1126828800,123.77,124.27,123.41,124.24,3091,0
1127088000,123.96,124.03,123.18,123.51,2429,0
1127174400,123.7,124.11,122.43,122.62,2344,0
1127260800,122.38,122.38,121.4,121.4,2801,0
1127347200,121.37,122.13,120.98,121.98,1846,0
1127433600,121.76,122.34,121.44,122.01,2178,0
1127692800,122.14,122.22,121.14,121.58,1935,0
1127779200,121.6,121.97,121.05,121.53,2163,0
1127865600,121.95,122.1,121.25,121.7,1895,0
1127952000,121.6,122.89,121.1,122.82,1855,0
1128038400,122.6,122.93,122.48,122.8,2240,0
1128297600,122.96,123.32,122.45,122.69,2468,0
1128384000,122.86,123.01,121.35,121.42,2322,0
1128470400,121.3,121.3,119.62,119.63,3877,0
1128556800,119.79,120.22,118.18,119.13,3462,0
1128643200,119.6,120.0,119.15,119.69,2589,0
1128902400,119.67,119.69,118.61,118.8,1364,0
1128988800,118.95,119.37,118.36,118.47,1419,0
1129075200,118.37,119.1,117.43,117.83,2514,0
1129161600,117.49,118.05,116.88,117.77,2134,0
1129248000,118.1,118.8,117.61,118.75,1953,0
1129507200,118.8,119.24,118.48,119.05,1172,0
1129593600,118.9,118.94,117.89,117.89,1197,0
1129680000,117.59,119.63,117.15,119.63,2333,0
1129766400,119.51,119.78,117.34,117.74,1427,0
1129852800,118.36,118.76,117.57,118.01,1611,0
1130112000,118.63,120.04,118.52,120.04,1456,0
1130198400,119.75,120.21,118.97,119.75,1418,0
1130284800,119.48,120.54,119.22,119.28,1920,0
1130371200,119.25,119.32,118.0,118.0,1349,0
1130457600,118.64,119.95,118.2,119.93,1353,0
1130716800,120.3,121.3,120.3,120.7,989,0
1130803200,120.6,120.91,120.27,120.35,830,0
1130889600,120.22,121.65,120.18,121.59,1061,0
1130976000,122.21,122.65,121.78,122.16,1212,0
1131062400,122.37,122.44,121.58,122.15,733,0
1131321600,122.42,122.59,121.9,122.45,1091,0
1131408000,121.98,122.39,121.84,122.05,1410,0
1131494400,122.06,122.92,121.85,122.26,1484,0
1131580800,122.38,123.51,121.76,123.4,997,0
1131667200,123.41,123.85,123.33,123.7,1189,0
1131926400,123.7,124.02,123.43,123.65,797,0
1132012800,123.65,124.13,122.94,123.18,1080,0
1132099200,123.52,123.56,123.0,123.47,1097,0
1132185600,123.74,124.62,123.62,124.55,1146,0
1132272000,125.03,125.28,124.38,125.11,1291,0
1132531200,125.21,125.93,125.03,125.75,794,0
1132617600,125.57,126.53,125.46,126.44,1165,0
1132704000,126.33,127.43,126.3,126.89,1233,0
1132876800,127.2,127.23,126.9,127.12,487,0
1133136000,127.3,127.3,126.1,126.15,1004,0
1133222400,126.67,126.98,126.15,126.16,1191,0
1133308800,126.19,126.53,125.33,125.33,919,0
1133395200,126.07,127.03,126.07,126.91,476,0
1133481600,126.79,127.09,126.55,126.96,819,0
1133740800,126.72,126.8,126.21,126.75,1313,0
1133827200,127.13,127.75,126.7,126.73,1030,0
1133913600,126.85,126.9,125.73,126.2,1061,0
1134000000,126.27,126.8,125.55,126.0,1237,0
1134086400,126.15,126.79,125.85,126.38,944,0
1134345600,126.81,126.86,125.95,126.49,1029,0
1134432000,126.46,127.69,126.24,127.21,1088,0
1134518400,127.23,128.11,127.23,127.79,967,0
1134604800,127.76,127.99,127.22,127.53,1291,0
1134691200,127.91,128.0,127.2,127.32,836,0
1134950400,127.46,127.53,126.4,126.46,839,0
1135036800,126.57,126.88,126.21,126.46,900,0
1135123200,126.91,127.47,126.51,126.81,909,0
1135209600,127.05,127.38,126.81,127.37,794,0
1135296000,127.03,127.06,126.62,126.98,605,0
1135641600,127.18,127.23,125.66,125.72,1222,0
1135728000,125.92,126.14,125.69,125.85,771,0
1135814400,125.94,126.17,125.46,125.54,887,0
1135900800,124.98,125.27,124.69,124.83,1013,0
1136246400,125.41,127.15,124.62,126.93,1973,0
1136332800,127.01,127.66,126.88,127.39,1097,0
1136419200,127.43,127.76,127.1,127.41,995,0
1136505600,128.24,128.74,127.65,128.59,1430,0
1136764800,128.62,129.21,128.56,129.09,1329,0
1136851200,128.59,129.11,128.48,129.03,830,0
1136937600,129.21,129.63,128.91,129.54,1218,0
1137024000,129.32,129.44,128.62,128.78,928,0
1137110400,128.76,129.08,128.4,128.84,846,0
1137456000,128.42,128.57,128.0,128.43,1446,0
1137542400,127.74,128.39,127.34,127.96,1214,0
1137628800,128.27,128.96,128.03,128.63,1467,0
1137715200,128.53,128.53,126.25,126.29,1291,0
1137974400,126.44,127.0,126.34,126.54,1332,0
1138060800,126.85,127.35,126.62,126.85,1431,0
1138147200,127.2,127.38,126.03,126.64,958,0
1138233600,127.52,127.83,126.98,127.62,1173,0
1138320000,127.85,128.82,127.65,128.49,903,0
1138579200,128.75,128.96,128.54,128.69,678,0
1138665600,128.5,128.69,127.82,128.17,948,0
1138752000,127.95,128.54,127.93,128.43,1061,0
1138838400,128.33,128.35,127.03,127.37,968,0
1138924800,126.87,127.29,126.35,126.64,760,0
1139184000,126.67,126.94,126.4,126.75,749,0
1139270400,126.57,126.78,125.58,125.7,894,0
1139356800,126.02,126.93,125.79,126.8,809,0
1139443200,127.06,127.7,126.57,126.72,598,0
1139529600,126.62,127.27,125.75,127.0,784,0
1139788800,126.72,126.91,126.11,126.61,666,0
1139875200,126.63,128.15,126.4,127.85,684,0
1139961600,127.7,128.47,127.45,128.35,1056,0
1140048000,128.48,129.28,128.36,129.26,720,0
1140134400,129.31,129.32,128.8,129.08,668,0
1140480000,129.35,129.57,128.53,128.67,825,0
1140566400,128.99,129.83,128.88,129.63,923,0
1140652800,129.41,129.82,128.94,129.23,1083,0
1140739200,129.31,129.67,129.0,129.43,696,0
1140998400,129.61,130.21,129.52,129.87,802,0
1141084800,129.34,129.45,128.33,128.45,1245,0
1141171200,128.8,129.68,128.71,129.57,879,0
1141257600,129.04,129.6,128.81,129.46,1137,0
1141344000,128.95,130.23,128.84,129.17,796,0
1141603200,129.35,129.37,128.05,128.33,751,0
1141689600,128.05,128.23,127.6,128.06,1147,0
1141776000,127.86,128.62,127.37,128.36,1167,0
1141862400,128.57,128.84,127.76,127.78,776,0
1141948800,127.92,128.98,127.62,128.72,917,0
1142208000,129.05,129.33,128.73,128.97,872,0
1142294400,128.9,130.45,128.82,130.29,797,0
1142380800,130.32,131.07,130.08,130.92,667,0
1142467200,131.21,131.67,131.07,131.19,616,0
1142553600,131.46,131.6,131.13,131.34,820,0
1142812800,131.45,131.65,130.98,131.12,705,0
1142899200,131.08,131.7,130.19,130.34,771,0
1142985600,130.24,131.2,130.18,131.13,739,0
1143072000,131.07,131.07,130.39,130.77,851,0
1143158400,130.72,131.27,130.42,130.83,894,0
1143417600,130.51,130.51,129.97,130.43,369,0
1143504000,130.2,130.68,129.59,129.71,607,0
1143590400,129.62,130.65,129.48,130.46,755,0
1143676800,130.32,131.13,129.81,130.04,660,0
1143763200,130.29,130.42,129.56,129.88,822,0
1144022400,130.25,131.04,129.76,129.84,932,0
1144108800,129.89,130.88,129.56,130.68,1062,0
1144195200,130.81,131.4,130.6,131.26,730,0
1144281600,131.06,131.39,130.4,131.03,1463,0
1144368000,131.3,131.59,129.56,129.72,1209,0
1144627200,129.88,130.27,129.49,129.86,1387,0
1144713600,130.04,130.26,128.53,128.85,1029,0
1144800000,128.94,129.3,128.84,129.07,1061,0
1144886400,128.83,129.41,128.5,129.08,866,0
1145232000,128.96,129.41,128.21,128.73,910,0
1145318400,129.09,131.1,129.09,130.91,1058,0
1145404800,130.94,131.25,130.43,131.19,1065,0
1145491200,131.17,132.06,130.83,131.35,922,0
1145577600,131.93,131.99,130.82,131.28,1176,0
1145836800,131.1,131.24,130.58,131.02,646,0
1145923200,131.19,131.28,130.12,130.47,1149,0
1146009600,130.69,131.34,130.52,130.73,845,0
1146096000,130.08,131.81,129.78,131.27,1194,0
1146182400,131.05,131.93,130.92,131.35,941,0
1146441600,131.75,131.98,130.62,130.79,810,0
1146528000,131.24,131.63,130.97,131.57,804,0
1146614400,131.44,131.51,130.67,131.11,803,0
1146700800,131.29,131.84,131.23,131.54,1232,0
1146787200,132.24,133.0,132.09,132.93,1347,0
1147046400,132.72,132.98,132.6,132.78,1024,0
1147132800,132.68,132.99,132.57,132.76,1632,0
1147219200,132.66,132.95,132.12,132.65,1598,0
1147305600,132.78,132.78,130.73,130.95,1494,0
1147392000,130.69,130.9,129.42,129.47,1156,0
1147651200,128.94,129.88,128.83,129.82,1654,0
1147737600,129.93,130.19,129.24,129.6,942,0
1147824000,128.88,129.22,127.08,127.43,2055,0
1147910400,127.59,127.9,126.61,126.61,1712,0
1147996800,127.03,127.68,126.0,127.15,2070,0
1148256000,126.48,127.33,125.72,126.68,1452,0
1148342400,127.33,127.8,126.05,126.13,1208,0
1148428800,125.92,126.92,124.99,126.32,1475,0
1148515200,127.06,127.84,126.63,127.84,1077,0
1148601600,128.23,128.57,127.75,128.51,643,0
1148947200,128.2,128.2,126.42,126.5,1277,0
1149033600,126.8,127.58,126.63,127.56,861,0
1149120000,127.52,129.13,127.48,129.04,988,0
1149206400,129.45,129.56,128.53,129.33,1153,0
1149465600,129.1,129.1,127.0,127.09,1092,0
1149552000,127.43,127.58,125.98,126.9,1266,0
1149638400,127.13,127.82,126.1,126.1,922,0
1149724800,125.72,126.58,124.05,126.31,1899,0
1149811200,126.49,126.86,125.55,125.77,1130,0
1150070400,126.0,126.1,124.2,124.2,1897,0
1150156800,123.89,124.97,122.84,122.92,1259,0
1150243200,122.95,123.8,122.55,123.64,1746,0
1150329600,124.1,126.57,124.07,126.17,1693,0
1150416000,126.0,126.29,125.26,125.75,1247,0
1150675200,126.15,126.25,124.32,124.6,1270,0
1150761600,124.79,125.54,124.5,124.58,1034,0
1150848000,124.8,126.46,124.79,125.81,1295,0
1150934400,125.61,125.76,124.82,125.2,997,0
1151020800,124.55,125.46,124.27,124.6,1025,0
1151280000,124.7,125.24,124.5,125.24,956,0
1151366400,125.27,125.46,124.0,124.08,913,0
1151452800,124.38,124.84,123.92,124.79,752,0
1151539200,125.5,127.47,125.44,127.43,1436,0
1151625600,127.75,127.82,127.16,127.33,959,0
1151884800,127.62,128.23,127.54,128.1,350,0
1152057600,127.48,127.64,126.74,127.25,1303,0
1152144000,127.45,128.04,127.32,127.6,796,0
1152230400,127.44,127.78,126.56,126.8,892,0
1152489600,127.05,127.62,126.67,126.96,784,0
1152576000,126.84,127.62,126.22,127.49,827,0
1152662400,127.49,127.62,125.98,126.18,948,0
1152748800,125.55,125.89,124.37,124.5,1303,0
1152835200,124.32,124.5,123.09,123.83,1109,0
1153094400,123.62,124.27,123.38,123.62,1865,0
1153180800,124.02,124.23,122.71,123.91,1296,0
1153267200,124.41,126.48,124.41,126.25,1283,0
1153353600,126.41,126.51,125.19,125.2,979,0
1153440000,125.43,125.43,124.09,124.32,810,0
1153699200,124.94,126.59,124.89,126.35,760,0
1153785600,126.2,127.52,125.96,127.17,705,0
1153872000,126.85,127.69,126.41,127.22,1236,0
1153958400,127.65,127.92,126.48,126.64,1042,0
1154044800,127.25,128.38,127.13,128.08,753,0
1154304000,127.85,128.18,127.72,127.9,871,0
1154390400,127.65,127.65,126.88,127.42,891,0
1154476800,127.7,128.68,127.7,128.17,547,0
1154563200,127.56,128.76,127.39,128.32,716,0
1154649600,129.35,129.65,127.74,128.31,720,0
1154908800,128.05,128.26,127.63,127.96,1031,0
1154995200,128.35,128.67,127.2,127.47,1022,0
1155081600,128.5,128.8,126.84,127.02,999,0
1155168000,126.75,127.72,126.56,127.51,868,0
1155254400,127.4,127.41,126.67,127.11,857,0
1155513600,127.96,128.38,127.16,127.26,687,0
1155600000,128.43,129.11,128.16,128.97,1168,0
1155686400,129.55,130.16,129.34,130.02,852,0
1155772800,129.85,130.61,129.73,130.28,766,0
1155859200,130.35,130.7,129.83,130.69,631,0
1156118400,130.35,130.49,130.07,130.34,611,0
1156204800,130.22,130.72,129.94,130.37,625,0
1156291200,130.39,130.66,129.48,129.81,908,0
1156377600,130.32,130.34,129.68,130.15,775,0
1156464000,129.98,130.45,129.81,130.07,444,0
1156723200,129.9,131.05,129.9,130.76,842,0
1156809600,130.73,131.08,130.09,131.03,655,0
1156896000,131.13,131.28,130.81,131.09,718,0
1156982400,131.04,131.19,130.84,130.92,558,0
1157068800,131.43,131.82,131.14,131.7,486,0
1157414400,131.8,132.07,131.48,131.97,791,0
1157500800,131.3,131.38,130.59,130.66,599,0
1157587200,130.3,130.8,129.87,130.06,889,0
1157673600,130.3,130.69,130.08,130.51,809,0
1157932800,130.15,130.91,129.75,130.57,534,0
1158019200,130.82,132.07,130.81,131.91,823,0
1158105600,131.9,132.68,131.8,132.43,937,0
1158192000,132.14,132.45,132.0,132.34,916,0
1158278400,133.11,133.19,132.5,132.6,823,0
1158537600,132.67,133.19,132.49,132.78,577,0
1158624000,132.94,133.0,131.89,132.55,764,0
1158710400,133.13,133.56,132.9,133.26,646,0
1158796800,133.41,133.56,132.25,132.53,868,0
1158883200,132.47,132.5,131.82,132.23,2029,0
1159142400,132.58,133.69,131.91,133.41,808,0
1159228800,133.36,134.46,133.25,134.42,1765,0
1159315200,133.71,134.16,133.52,133.83,1161,0
1159401600,134.0,134.22,133.51,134.0,971,0
1159488000,134.1,134.14,133.67,133.67,1534,0
1159747200,133.78,134.05,133.17,133.32,627,0
1159833600,133.05,134.01,132.86,133.59,990,0
1159920000,133.49,135.23,133.29,135.21,1554,0
1160006400,135.2,135.63,135.0,135.54,1085,0
1160092800,135.28,135.3,134.66,135.2,1361,0
1160352000,135.1,135.52,134.89,135.3,1257,0
1160438400,135.39,135.67,135.1,135.53,874,0
1160524800,135.12,135.63,134.55,135.17,816,0
1160611200,135.75,136.61,135.64,136.52,939,0
1160697600,136.45,136.91,136.26,136.77,811,0
1160956800,136.8,137.27,136.64,137.14,520,0
1161043200,136.75,136.91,135.89,136.65,1001,0
1161129600,137.35,137.56,136.35,136.79,1001,0
1161216000,136.7,137.07,136.47,136.92,773,0
1161302400,136.92,137.13,136.58,137.06,846,0
1161561600,136.85,138.0,136.59,137.87,1063,0
1161648000,137.6,138.03,137.46,137.98,1328,0
1161734400,137.96,138.61,137.83,138.42,1179,0
1161820800,138.95,139.2,138.18,139.11,1059,0
1161907200,138.76,138.93,137.85,138.07,766,0
1162166400,137.85,138.41,137.63,138.04,868,0
1162252800,138.26,138.43,137.5,137.97,972,0
1162339200,138.44,138.49,136.87,137.08,1350,0
1162425600,136.74,137.15,136.58,136.96,1145,0
1162512000,137.41,137.57,136.43,136.76,981,0
1162771200,137.25,138.51,137.16,138.3,969,0
1162857600,138.4,139.17,138.22,138.64,823,0
1162944000,138.24,139.23,138.0,138.95,1167,0
1163030400,139.28,139.32,138.12,138.29,1216,0
1163116800,138.38,138.52,137.95,138.46,597,0
1163376000,138.39,139.2,138.29,138.89,734,0
1163462400,139.16,139.94,138.34,139.75,1071,0
1163548800,139.76,140.65,139.76,140.23,1248,0
1163635200,140.64,140.88,140.34,140.51,1780,0
1163721600,140.18,140.65,139.97,140.65,1095,0
1163980800,140.55,140.96,140.32,140.55,960,0
1164067200,140.73,140.86,140.54,140.8,945,0
1164153600,140.96,141.37,140.73,141.15,1052,0
1164326400,140.52,141.06,140.41,140.55,416,0
1164585600,140.4,140.56,138.65,138.75,1195,0
1164672000,138.4,139.33,138.34,139.19,1421,0
1164758400,139.59,140.72,139.59,140.52,1253,0
1164844800,140.67,141.23,139.98,140.68,1641,0
1164931200,140.71,140.84,139.2,140.24,2301,0
1165190400,140.5,141.77,140.5,141.53,1714,0
1165276800,141.79,142.18,141.52,142.12,1281,0
1165363200,142.11,142.27,141.76,141.95,1449,0
1165449600,142.3,142.53,141.34,141.39,1848,0
1165536000,141.32,142.1,141.04,141.62,855,0
1165795200,141.65,142.29,141.55,141.99,1101,0
1165881600,141.95,142.08,141.15,141.83,1353,0
1165968000,142.55,142.55,141.82,142.09,1118,0
1166054400,142.19,143.39,142.1,143.17,1857,0
1166140800,143.75,143.86,143.26,143.45,1121,0
1166400000,143.55,143.87,142.75,142.99,1527,0
1166486400,142.51,143.54,142.19,143.27,1512,0
1166572800,143.31,143.63,143.07,143.07,1148,0
1166659200,142.59,142.69,141.63,141.94,2152,0
1166745600,141.93,141.94,141.07,141.17,1815,0
1167091200,141.12,141.89,141.12,141.87,784,0
1167177600,142.16,142.88,142.16,142.85,1740,0
1167264000,142.78,142.88,142.31,142.63,1299,0
1167350400,142.43,142.83,141.75,141.8,1152,0
1167782400,142.53,143.13,140.86,141.8,3564,0
1167868800,141.68,142.32,140.95,141.91,3278,0
1167955200,141.6,141.6,140.66,141.07,2794,0
1168214400,141.07,141.66,140.55,141.43,2771,0
1168300800,141.66,141.77,140.67,141.32,3158,0
1168387200,140.81,141.81,140.59,141.7,3111,0
1168473600,141.88,142.91,141.78,142.57,1289,0
1168560000,142.48,143.33,142.46,143.24,1559,0
1168905600,143.45,143.59,143.03,143.35,1949,0
1168992000,143.15,143.74,143.03,143.29,2510,0
1169078400,143.35,143.55,142.6,142.74,2586,0
1169164800,142.85,143.37,142.77,143.25,1953,0
1169424000,143.45,143.45,142.23,142.47,1611,0
1169510400,142.62,143.35,142.37,142.99,2212,0
1169596800,143.22,144.22,143.2,144.22,1611,0
1169683200,144.14,144.23,142.41,142.63,3014,0
1169769600,142.9,143.01,141.9,142.5,2498,0
1170028800,142.52,142.91,142.06,142.32,2185,0
1170115200,142.7,143.1,142.4,143.08,2151,0
1170201600,142.93,144.42,142.7,144.06,2772,0
1170288000,144.5,144.96,144.22,144.9,2647,0
1170374400,144.95,145.21,144.71,145.14,2362,0
1170633600,145.05,145.24,144.64,144.97,2027,0
1170720000,145.3,145.31,144.63,145.03,1421,0
1170806400,145.45,145.64,144.98,145.34,1429,0
1170892800,145.08,145.4,144.64,145.12,1253,0
1170979200,145.4,145.62,143.69,144.21,2568,0
1171238400,144.28,144.3,143.47,143.71,765,0
1171324800,144.05,144.83,144.0,144.79,1117,0
1171411200,145.13,146.18,145.04,145.9,1378,0
1171497600,145.0,146.26,145.0,146.11,1430,0
1171584000,146.07,146.07,145.59,146.01,1483,0
1171929600,145.87,146.53,145.34,146.41,2049,0
1172016000,145.89,146.36,145.68,146.2,1591,0
1172102400,146.34,146.78,145.0,146.09,2271,0
1172188800,146.08,146.08,145.32,145.68,2506,0
1172448000,146.23,146.23,145.08,145.47,2373,0
1172534400,144.2,144.21,139.46,140.27,4437,0
1172620800,140.86,142.25,140.17,141.21,7990,0
1172707200,139.5,141.51,138.4,140.85,6624,0
1172793600,140.35,140.91,139.16,139.23,5335,0
1173052800,138.19,139.74,137.93,137.93,4180,0
1173139200,139.06,140.36,138.74,140.08,4188,0
1173225600,139.88,140.71,139.66,139.73,4243,0
1173312000,140.95,141.42,140.38,140.76,3564,0
1173398400,141.64,142.28,140.34,140.93,4540,0
1173657600,140.79,141.6,140.54,141.32,2440,0
1173744000,140.91,141.03,138.3,138.57,4090,0
1173830400,138.53,139.64,137.03,139.64,4332,0
1173916800,140.02,140.26,139.37,139.75,2063,0
1174003200,140.31,140.32,139.03,139.33,2174,0
1174262400,140.26,141.05,140.19,141.03,2797,0
1174348800,141.06,141.83,140.98,141.8,2061,0
1174435200,141.88,144.47,141.66,144.12,3640,0
1174521600,143.97,144.49,143.69,144.12,3399,0
1174608000,144.26,144.6,144.07,144.32,2694,0
1174867200,143.76,143.82,140.98,143.72,5194,0
1174953600,143.4,143.4,142.6,142.93,3597,0
1175040000,142.45,142.66,141.49,141.74,5538,0
1175126400,142.79,142.79,141.41,142.36,4165,0
1175212800,142.4,143.04,140.95,142.19,3276,0
1175472000,142.45,142.69,141.73,142.55,3421,0
1175558400,143.22,144.2,143.15,143.86,2893,0
1175644800,143.9,144.16,143.63,144.05,2609,0
1175731200,143.9,144.67,143.83,144.54,2498,0
1176076800,144.84,145.01,144.48,144.65,2268,0
1176163200,144.6,145.06,144.52,145.01,2126,0
1176249600,145.05,145.08,143.78,144.12,3924,0
1176336000,144.1,145.02,143.58,144.99,1887,0
1176422400,145.15,145.49,144.58,145.42,2772,0
1176681600,146.1,147.05,146.07,146.95,1918,0
1176768000,147.0,147.61,146.89,147.27,2197,0
1176854400,146.92,147.85,146.81,147.4,2302,0
1176940800,146.74,147.61,146.5,147.25,2362,0
1177027200,148.45,148.8,147.94,148.66,2956,0
1177286400,148.6,148.94,148.2,148.33,2899,0
1177372800,148.45,148.6,147.55,148.23,2933,0
1177459200,149.0,149.88,148.38,149.7,2864,0
1177545600,149.81,150.02,149.33,149.67,2169,0
1177632000,149.25,149.94,149.09,149.69,2904,0
1177891200,149.79,149.95,148.41,148.48,3104,0
1177977600,148.75,148.93,147.87,148.73,2734,0
1178064000,149.1,150.15,149.0,149.86,2827,0
1178150400,150.22,150.62,149.95,150.47,2256,0
1178236800,150.96,151.32,150.46,150.84,3724,0
1178496000,151.04,151.39,151.0,151.16,1805,0
1178582400,150.7,151.13,150.33,151.03,3192,0
1178668800,150.79,151.71,150.66,151.59,2805,0
1178755200,150.89,151.22,149.54,149.54,3596,0
1178841600,149.99,151.06,149.95,151.06,2514,0
1179100800,151.12,151.49,150.17,150.74,2557,0
1179187200,150.9,151.86,150.42,150.56,3819,0
1179273600,150.97,151.86,150.62,151.8,3456,0
1179360000,151.7,152.17,151.35,151.71,4205,0
1179446400,152.0,152.73,152.0,152.7,4866,0
1179705600,152.79,153.44,152.73,152.93,2996,0
1179792000,152.93,153.38,152.63,152.82,3374,0
1179878400,153.16,153.7,152.61,152.7,4835,0
1179964800,152.78,153.43,150.95,151.17,7307,0
1180051200,151.75,152.21,151.41,152.04,2687,0
1180396800,152.2,152.64,151.67,152.3,2691,0
1180483200,151.69,153.56,151.56,153.55,3962,0
1180569600,153.95,154.09,153.35,153.6,3687,0
1180656000,154.28,154.58,153.73,154.17,3461,0
1180915200,153.77,154.6,153.75,154.42,2380,0
1181001600,154.05,154.18,153.11,153.66,4783,0
1181088000,153.15,153.18,151.98,152.38,4120,0
1181174400,151.86,152.28,149.57,149.57,6610,0
1181260800,149.65,151.41,149.31,151.3,5768,0
1181520000,151.25,152.17,150.93,151.48,4079,0
1181606400,150.9,151.72,149.9,149.92,5330,0
1181692800,150.63,152.19,150.4,152.19,7244,0
1181779200,152.3,153.34,152.25,152.91,4774,0
1181865600,154.13,154.53,153.82,153.9,4970,0
1182124800,154.18,154.34,153.56,153.74,4519,0
1182211200,153.6,154.26,153.24,154.05,5629,0
1182297600,154.57,154.57,151.87,151.87,10619,0
1182384000,151.9,152.96,151.11,152.83,11530,0
1182470400,152.32,152.6,150.73,151.08,6830,0
1182729600,151.16,152.12,149.89,150.49,7886,0
1182816000,151.05,151.32,149.7,150.0,8158,0
1182902400,149.09,151.4,148.9,151.37,6514,0
1182988800,151.26,152.25,151.19,151.32,7303,0
1183075200,151.14,151.83,149.41,150.18,8307,0
1183334400,151.21,152.02,150.95,152.01,4865,0
1183420800,152.4,152.7,152.24,152.64,3447,0
1183593600,152.64,152.78,151.87,152.62,5341,0
1183680000,152.62,153.38,152.16,153.15,4009,0
1183939200,153.41,153.57,152.82,153.31,5694,0
1184025600,152.52,152.79,151.13,151.13,8076,0
1184112000,151.02,152.09,150.74,152.06,8000,0
1184198400,152.58,155.02,152.58,155.0,4550,0
1184284800,154.8,155.68,154.66,155.38,5534,0
1184544000,155.24,155.74,154.79,155.12,4416,0
1184630400,155.2,155.67,154.91,155.1,3776,0
1184716800,154.4,154.97,153.52,154.78,7286,0
1184803200,155.55,155.75,154.98,155.37,7546,0
1184889600,155.1,155.2,153.04,153.52,8056,0
1185148800,154.56,154.92,154.07,154.3,3426,0
1185235200,153.3,153.72,151.06,151.42,6265,0
1185321600,152.25,152.65,150.51,151.96,11341,0
1185408000,150.46,150.93,146.69,148.81,10925,0
1185494400,148.44,149.11,146.04,146.04,11059,0
1185753600,146.27,148.01,145.62,147.47,9408,0
1185840000,148.66,149.1,145.69,145.76,9808,0
1185926400,145.44,147.15,144.19,146.9,11460,0
1186012800,147.01,147.96,146.28,147.47,9143,0
1186099200,147.48,147.64,143.2,143.48,12252,0
1186358400,144.55,147.0,142.95,146.96,10749,0
1186444800,145.93,149.12,145.8,147.88,8323,0
1186531200,148.59,150.77,148.12,150.08,8835,0
1186617600,147.54,149.08,145.89,145.89,13594,0
1186704000,144.47,146.65,143.36,145.68,18353,0
1186963200,146.79,147.09,145.5,145.74,5703,0
1187049600,145.78,146.1,142.96,142.96,7922,0
1187136000,142.9,144.6,140.81,141.04,12351,0
1187222400,139.96,142.42,137.47,141.92,25650,0
1187308800,145.7,146.01,142.55,144.97,16826,0
1187568000,145.37,145.62,143.47,144.92,10553,0
1187654400,144.82,145.99,144.35,145.12,10067,0
1187740800,146.41,146.99,145.51,146.85,7317,0
1187827200,147.54,147.8,145.78,146.76,11255,0
1187913600,146.75,148.44,146.48,148.37,5700,0
1188172800,148.05,148.11,147.01,147.1,5383,0
1188259200,146.35,146.5,143.65,143.89,10666,0
1188345600,144.63,146.94,144.15,146.92,6473,0
1188432000,145.66,147.39,145.51,146.33,5834,0
1188518400,147.9,148.7,147.03,147.63,7429,0
1188864000,147.69,150.18,147.6,149.42,8611,0
1188950400,148.42,148.56,147.18,147.76,6580,0
1189036800,148.19,148.82,147.34,148.46,6900,0
1189123200,146.76,147.08,145.44,145.93,10857,0
1189382400,146.66,146.9,144.53,145.8,7345,0
1189468800,146.46,147.9,146.3,147.77,7501,0
1189555200,147.45,148.62,147.18,147.85,5453,0
1189641600,148.78,149.66,148.42,149.02,4735,0
1189728000,148.13,149.26,147.96,149.09,5253,0
1189987200,148.41,148.85,147.83,148.36,3872,0
1190073600,149.2,152.71,148.61,152.53,8266,0
1190160000,153.67,154.58,152.92,153.59,7250,0
1190246400,153.53,153.63,152.35,152.55,5149,0
1190332800,153.57,153.83,153.11,153.2,2461,0
1190592000,153.35,153.76,152.33,152.47,7618,0
1190678400,151.75,152.58,151.43,152.56,6962,0
1190764800,152.47,153.04,151.95,152.6,8916,0
1190851200,153.13,153.35,152.63,153.25,8983,0
1190937600,153.16,153.45,152.27,152.76,5855,0
1191196800,152.89,155.0,152.89,154.78,5917,0
1191283200,154.79,154.92,154.09,154.66,8619,0
1191369600,154.09,154.67,153.72,154.03,6597,0
1191456000,154.38,154.5,153.86,154.36,4361,0
1191542400,155.4,156.38,154.91,155.82,7136,0
1191801600,155.67,155.75,155.04,155.43,4302,0
1191888000,155.86,156.66,155.29,156.63,7001,0
1191974400,156.28,156.7,155.69,156.27,6534,0
1192060800,157.26,157.79,154.79,155.68,17240,0
1192147200,155.81,156.5,155.45,156.31,6377,0
1192406400,156.52,156.61,154.21,155.06,6625,0
1192492800,154.5,154.79,153.77,154.09,7537,0
1192579200,155.26,155.36,152.76,154.31,11022,0
1192665600,153.73,154.44,153.37,154.09,6564,0
1192752000,153.4,153.5,150.2,150.2,13140,0
1193011200,148.97,151.03,148.95,150.87,11584,0
1193097600,151.6,152.19,150.54,152.19,8416,0
1193184000,151.51,151.98,149.11,151.76,13924,0
1193270400,151.94,152.61,150.16,151.61,12428,0
1193356800,153.38,153.76,152.19,153.72,8897,0
1193616000,154.19,154.58,153.82,154.4,5322,0
1193702400,153.68,154.04,153.14,153.22,4674,0
1193788800,154.12,155.54,152.47,155.12,6854,0
1193875200,152.61,153.36,150.86,151.3,8584,0
1193961600,150.51,151.56,149.49,151.44,6366,0
1194220800,149.96,151.41,149.26,150.47,10557,0
1194307200,151.2,152.35,150.2,152.35,6927,0
1194393600,150.6,151.4,147.88,147.88,8496,0
1194480000,148.33,148.64,145.35,147.74,16989,0
1194566400,145.91,147.78,145.16,145.57,11314,0
1194825600,145.46,146.86,144.18,144.23,12651,0
1194912000,145.47,148.55,145.46,148.44,8704,0
1194998400,149.47,149.65,147.11,147.4,7723,0
1195084800,147.09,147.74,144.74,145.58,13293,0
1195171200,146.42,146.68,144.82,146.26,12953,0
1195430400,145.51,145.6,143.47,143.81,11312,0
1195516800,143.91,145.79,142.4,144.5,10913,0
1195603200,143.31,144.14,142.02,142.07,9579,0
1195776000,143.28,144.6,142.96,144.37,4050,0
1196035200,144.64,145.14,141.01,141.01,9006,0
1196121600,142.0,143.49,141.22,143.43,6506,0
1196208000,144.44,147.76,144.44,147.51,8370,0
1196294400,146.8,147.99,146.36,147.54,6067,0
1196380800,149.35,149.55,147.65,148.79,8108,0
1196640000,148.49,148.68,147.56,147.82,5621,0
1196726400,146.95,147.58,146.62,146.82,7816,0
1196812800,148.19,149.28,148.12,149.15,8714,0
1196899200,148.91,151.48,148.85,151.4,6520,0
1196985600,151.73,151.75,150.89,151.08,8307,0
1197244800,151.52,152.51,151.15,152.32,5960,0
1197331200,152.45,153.15,148.25,148.49,10231,0
1197417600,151.82,152.02,147.45,149.41,11379,0
1197504000,148.6,149.66,147.59,149.64,11776,0
1197590400,148.35,149.38,147.47,147.48,6048,0
1197849600,146.8,147.12,145.23,145.31,6796,0
1197936000,146.42,146.73,144.28,146.11,9969,0
1198022400,146.24,147.15,145.22,145.96,12814,0
1198108800,147.11,147.15,145.45,146.82,10603,0
1198195200,148.47,149.34,148.15,149.3,8567,0
1198454400,149.74,150.54,149.59,150.5,2816,0
1198627200,149.9,150.66,149.59,150.51,5159,0
1198713600,149.25,149.35,144.75,147.75,8664,0
1198800000,148.76,148.9,147.18,147.78,10753,0
1199059200,147.36,147.61,146.53,146.72,13685,0
1199232000,146.84,147.25,144.21,144.82,12174,0
1199318400,145.2,145.76,144.43,144.74,7303,0
1199404800,143.55,143.7,141.2,141.22,8258,0
1199664000,142.04,142.49,140.39,141.72,14353,0
1199750400,142.37,143.15,138.93,139.04,10282,0
1199836800,139.34,141.04,137.97,141.04,9900,0
1199923200,139.99,143.07,139.64,142.06,14105,0
1200009600,141.03,141.8,139.56,140.27,14224,0
1200268800,141.45,141.94,140.67,141.78,8200,0
1200355200,139.99,140.36,138.18,138.18,8140,0
1200441600,137.63,139.37,136.53,137.41,15843,0
1200528000,137.82,137.96,133.19,133.53,16111,0
1200614400,134.41,135.27,131.38,132.76,12738,0
1200960000,126.52,132.41,126.25,131.29,22927,0
1201046400,127.48,134.14,127.11,134.03,18193,0
1201132800,134.52,135.7,133.61,135.22,11859,0
1201219200,136.76,137.03,132.86,133.28,15584,0
1201478400,133.56,135.57,132.33,135.55,12114,0
1201564800,136.36,136.67,135.13,136.34,7592,0
1201651200,135.87,138.76,135.39,135.6,11585,0
1201737600,133.63,138.79,133.45,137.77,11170,0
1201824000,138.19,139.85,137.79,139.68,8756,0
1202083200,139.45,139.58,138.14,138.28,5495,0
1202169600,136.14,136.51,133.95,133.95,14814,0
1202256000,134.78,135.5,132.7,132.92,9358,0
1202342400,132.38,135.04,131.97,133.98,11043,0
1202428800,133.49,134.47,132.38,133.39,7466,0
1202688000,133.39,134.48,132.29,134.24,9249,0
1202774400,135.17,136.56,134.25,135.24,10774,0
1202860800,136.34,137.29,135.42,137.05,7847,0
1202947200,137.24,137.24,135.07,135.23,8420,0
1203033600,134.75,135.4,134.18,135.36,7226,0
1203379200,137.59,137.59,134.88,135.24,12333,0
1203465600,134.29,136.82,134.04,136.36,16540,0
1203552000,136.9,137.26,134.35,134.74,9114,0
1203638400,135.28,135.99,133.14,135.99,9645,0
1203897600,135.84,137.9,135.07,137.64,8863,0
1203984000,137.0,139.23,136.8,138.6,8963,0
1204070400,137.85,139.4,137.68,138.48,8778,0
1204156800,137.56,138.2,136.83,137.28,11566,0
1204243200,135.86,135.9,133.02,133.62,7122,0
1204502400,133.4,134.06,132.5,133.69,19344,0
1204588800,132.48,133.65,131.23,133.19,13874,0
1204675200,133.68,135.01,132.59,133.97,11530,0
1204761600,133.25,133.48,130.89,131.08,10137,0
1204848000,129.97,131.98,128.81,129.96,18013,0
1205107200,129.52,129.97,127.82,128.21,10926,0
1205193600,130.58,132.98,129.2,132.98,9160,0
1205280000,132.58,134.01,131.4,131.58,8471,0
1205366400,129.36,132.85,128.85,131.98,12618,0
1205452800,130.13,130.71,128.08,129.92,8289,0
1205712000,128.41,129.46,126.33,128.53,9764,0
1205798400,131.03,133.84,130.22,133.84,8299,0
1205884800,133.87,134.45,130.46,130.54,10966,0
1205971200,131.55,133.77,131.24,132.96,6671,0
1206316800,135.59,136.71,135.48,135.76,7489,0
1206403200,134.38,135.77,134.2,135.08,9364,0
1206489600,134.33,134.8,133.45,133.45,6318,0
1206576000,133.33,134.66,132.6,132.78,8808,0
1206662400,133.24,133.51,131.32,131.73,8593,0
1206921600,131.48,132.95,131.32,132.18,7766,0
1207008000,133.88,137.04,133.76,137.04,12313,0
1207094400,137.32,137.88,136.23,136.84,11125,0
1207180800,136.14,137.65,135.95,137.05,11012,0
1207267200,137.14,138.18,136.36,137.13,10152,0
1207526400,138.14,138.77,136.96,137.36,6918,0
1207612800,136.43,137.16,136.2,136.66,9086,0
1207699200,136.81,137.03,135.12,135.61,9308,0
1207785600,135.63,136.88,135.13,136.18,8680,0
1207872000,134.71,135.2,133.23,133.5,7908,0
1208131200,133.38,133.76,132.77,133.01,7635,0
1208217600,133.76,133.9,132.56,133.72,6965,0
1208304000,134.77,136.73,134.75,136.47,9844,0
1208390400,136.22,137.05,135.89,136.72,7114,0
1208476800,139.17,139.79,138.53,139.19,9160,0
1208736000,138.45,139.19,138.08,138.96,6432,0
1208822400,138.37,138.5,137.13,137.86,10724,0
1208908800,138.3,138.98,137.34,138.18,6088,0
1208995200,138.32,139.94,137.28,139.07,7025,0
1209081600,139.67,140.11,138.15,140.01,6591,0
1209340800,140.13,140.47,139.6,139.78,5800,0
1209427200,139.64,139.9,138.83,139.28,7865,0
1209513600,139.53,140.76,138.56,138.61,12117,0
1209600000,138.59,141.24,138.5,141.09,12102,0
1209686400,142.61,142.61,140.79,141.49,12763,0
1209945600,141.31,141.76,140.64,140.95,8131,0
1210032000,140.21,142.41,139.91,142.1,9621,0
1210118400,142.13,142.25,139.35,139.53,10908,0
1210204800,140.01,140.54,139.22,140.09,12683,0
1210291200,138.79,139.61,138.68,139.15,10741,0
1210550400,139.46,140.74,138.95,140.67,10115,0
1210636800,141.07,141.11,139.95,140.71,9673,0
1210723200,141.29,142.42,141.1,141.17,10318,0
1210809600,141.27,142.84,141.04,142.77,8763,0
1210896000,143.07,143.1,141.84,142.88,10373,0
1211155200,143.04,144.44,142.56,143.07,9015,0
1211241600,142.51,142.56,141.29,141.86,12994,0
1211328000,142.02,142.33,139.27,139.53,13046,0
1211414400,139.66,140.38,139.48,139.82,9492,0
1211500800,139.31,139.42,137.8,138.03,9880,0
1211846400,138.05,139.21,137.75,138.97,10632,0
1211932800,139.39,139.6,138.25,139.58,11636,0
1212019200,139.32,141.14,139.32,140.28,10288,0
1212105600,140.69,140.95,140.3,140.38,8827,0
1212364800,140.02,140.08,138.27,139.05,9170,0
1212451200,139.54,139.84,137.44,138.28,11262,0
1212537600,137.95,139.38,137.7,138.33,12665,0
1212624000,138.8,141.04,138.55,140.88,11907,0
1212710400,139.84,140.03,136.56,136.58,16998,0
1212969600,137.13,137.72,135.65,136.83,11133,0
1213056000,135.85,137.29,135.74,136.35,13302,0
1213142400,136.19,136.28,134.13,134.13,13277,0
1213228800,134.79,135.97,133.74,134.64,12450,0
1213315200,135.43,136.62,134.82,136.6,14694,0
1213574400,135.72,137.13,135.66,136.57,9815,0
1213660800,137.31,137.32,135.66,135.71,8205,0
1213747200,134.97,135.26,133.95,134.51,11209,0
1213833600,134.35,135.43,133.7,134.93,11215,0
1213920000,133.75,133.94,132.08,132.43,12294,0
1214179200,132.96,133.07,132.19,132.52,11635,0
1214265600,131.3,132.64,130.43,131.5,15223,0
1214352000,131.9,133.62,131.84,132.23,17402,0
1214438400,130.79,130.96,128.41,128.42,16308,0
1214524800,128.55,129.06,127.27,128.04,17223,0
1214784000,128.11,129.14,127.51,128.06,10604,0
1214870400,126.77,128.69,126.16,128.62,13968,0
1214956800,129.02,129.37,126.27,126.28,9247,0
1215043200,127.33,127.33,125.25,126.45,14748,0
1215388800,126.99,127.56,124.16,125.27,16991,0
1215475200,125.2,127.62,124.43,127.53,15906,0
1215561600,127.75,127.97,124.64,124.64,11976,0
1215648000,124.69,125.96,123.83,125.6,15499,0
1215734400,124.18,125.97,122.72,124.28,15670,0
1215993600,125.58,125.69,122.62,123.01,12417,0
1216080000,122.0,123.67,120.25,121.7,27196,0
1216166400,121.72,124.8,121.33,124.8,12327,0
1216252800,125.39,126.48,124.33,126.13,17465,0
1216339200,126.41,126.5,125.39,126.16,15222,0
1216598400,126.76,127.01,125.77,126.19,12640,0
1216684800,125.36,128.02,125.11,127.89,12125,0
1216771200,128.15,129.37,127.81,128.44,19638,0
1216857600,128.54,128.65,125.39,125.63,14048,0
1216944000,126.1,126.52,125.38,125.94,11353,0
1217203200,125.65,126.26,123.66,123.75,9217,0
1217289600,124.2,126.52,124.05,126.48,12922,0
1217376000,127.27,128.68,126.74,128.65,12470,0
1217462400,127.62,128.78,126.86,127.04,11689,0
1217548800,127.38,127.49,125.67,126.29,8740,0
1217808000,126.22,126.34,124.99,125.15,7030,0
1217894400,126.28,128.65,126.12,128.65,7252,0
1217980800,128.29,129.53,127.9,129.3,7589,0
1218067200,128.2,128.65,126.78,127.07,6566,0
1218153600,126.76,130.16,126.62,129.87,6398,0
1218412800,129.73,131.72,129.47,130.9,8075,0
1218499200,130.5,130.58,128.94,129.46,5918,0
1218585600,128.98,129.83,127.91,129.03,7261,0
1218672000,128.09,130.49,127.99,129.75,6750,0
1218758400,130.13,130.71,129.52,130.26,8221,0
1219017600,130.73,130.73,127.87,128.45,7292,0
1219104000,127.62,127.9,126.75,127.24,7121,0
1219190400,127.58,128.15,126.57,127.95,6752,0
1219276800,126.98,128.65,126.85,128.25,6046,0
1219363200,128.94,129.88,128.8,129.75,5156,0
1219622400,128.97,129.06,126.98,127.29,5660,0
1219708800,127.32,128.08,126.81,127.66,4457,0
1219795200,127.8,129.05,127.52,128.68,4987,0
1219881600,129.45,130.56,129.37,130.53,6504,0
1219968000,129.93,130.36,128.83,128.92,4370,0
1220313600,130.31,130.92,127.76,128.35,7909,0
1220400000,128.1,128.7,127.17,128.19,6722,0
1220486400,127.15,127.42,124.22,124.27,8647,0
1220572800,123.47,125.13,122.32,124.88,8228,0
1220832000,128.3,128.46,125.32,127.47,12712,0
1220918400,127.29,127.53,123.14,123.17,12908,0
1221004800,124.09,125.1,122.82,123.8,8708,0
1221091200,122.36,125.74,121.81,125.7,11743,0
1221177600,124.53,126.21,124.07,125.93,10016,0
1221436800,121.97,124.47,120.33,120.39,24656,0
1221523200,117.4,122.24,117.34,122.08,31979,0
1221609600,119.8,120.56,116.2,116.31,21109,0
1221696000,118.14,122.0,114.01,120.82,35628,0
1221782400,138.35,281.8,124.25,125.95,17574,0
1222041600,125.37,125.63,121.24,121.5,13946,0
1222128000,121.75,122.9,119.43,119.54,16725,0
1222214400,120.03,120.55,118.69,119.7,10920,0
1222300800,119.8,122.11,119.29,121.21,15394,0
1222387200,119.14,121.63,118.68,121.53,13942,0
1222646400,119.33,119.5,111.07,113.23,36740,0
1222732800,113.76,117.01,112.96,116.96,25813,0
1222819200,115.36,116.89,114.16,116.22,27292,0
1222905600,115.18,115.35,111.27,111.51,22133,0
1222992000,113.1,115.66,109.89,110.22,32863,0
1223251200,107.33,107.81,100.81,106.5,41505,0
1223337600,106.99,107.52,99.6,100.02,36980,0
1223424000,97.75,102.36,97.03,98.47,40464,0
1223510400,99.85,100.81,91.1,91.92,43922,0
1223596800,86.99,94.13,83.78,91.06,49121,0
1223856000,94.09,101.01,93.34,101.01,17099,0
1223942400,104.91,106.26,97.35,99.99,40759,0
1224028800,97.73,97.94,90.69,90.91,24977,0
1224115200,91.46,94.93,86.73,94.67,46869,0
1224201600,92.19,98.77,91.84,94.24,30927,0
1224460800,95.65,98.78,94.58,98.72,24137,0
1224547200,97.26,98.82,95.44,95.72,30404,0
1224633600,93.4,93.68,87.74,90.4,30431,0
1224720000,90.47,92.61,86.0,91.16,49977,0
1224806400,84.13,90.05,84.12,87.69,51312,0
1225065600,87.15,89.67,83.75,87.52,23153,0
1225152000,86.65,94.33,84.72,93.3,28189,0
1225238400,94.43,97.39,92.28,93.77,27549,0
1225324800,95.0,96.43,93.08,96.12,23832,0
1225411200,95.9,98.75,95.15,97.1,19281,0
1225670400,97.0,97.89,96.16,96.92,16308,0
1225756800,99.22,101.07,98.44,100.66,18360,0
1225843200,99.41,100.4,95.26,95.61,25063,0
1225929600,94.74,95.59,90.29,90.9,36581,0
1226016000,91.8,93.61,91.06,93.47,28290,0
1226275200,95.38,95.7,91.1,92.43,19542,0
1226361600,90.89,92.19,88.84,90.18,27177,0
1226448000,88.4,89.12,85.42,85.78,29605,0
1226534400,86.29,91.82,82.26,91.74,48580,0
1226620800,89.57,92.25,87.4,87.69,29019,0
1226880000,86.46,88.7,85.32,85.49,36379,0
1226966400,85.33,87.16,83.09,86.35,29908,0
1227052800,86.07,87.01,81.08,81.29,32305,0
1227139200,80.28,82.64,75.21,75.96,59527,0
1227225600,77.56,80.66,74.5,80.48,52000,0
1227484800,82.12,87.17,81.34,85.18,50595,0
1227571200,87.49,87.66,83.97,86.16,61582,0
1227657600,84.46,89.33,84.4,89.2,45107,0
1227830400,88.81,90.29,88.67,90.2,14715,0
1228089600,87.66,87.71,82.11,82.24,52438,0
1228176000,83.66,85.65,82.4,85.6,63980,0
1228262400,83.56,87.99,83.29,87.7,45768,0
1228348800,86.22,88.23,83.89,85.22,50243,0
1228435200,83.81,88.63,82.4,88.41,56610,0
1228694400,90.58,92.59,90.0,91.43,29273,0
1228780800,90.55,92.32,89.16,89.54,28473,0
1228867200,90.57,91.55,89.18,90.54,20000,0
1228953600,89.7,91.19,87.54,88.08,19639,0
1229040000,85.77,89.06,85.34,88.67,20814,0
1229299200,89.14,89.34,86.44,87.63,16897,0
1229385600,88.58,92.21,88.39,91.9,21169,0
1229472000,91.03,92.62,90.25,91.17,17310,0
1229558400,91.58,91.87,88.38,89.27,20507,0
1229644800,89.92,91.29,89.0,89.31,14751,0
1229904000,89.44,89.57,86.36,87.88,12924,0
1229990400,88.5,88.82,86.69,87.05,12222,0
1230076800,86.67,87.09,86.24,86.85,4368,0
1230249600,87.48,87.5,86.73,87.35,4256,0
1230508800,87.47,87.52,85.81,87.12,9802,0
1230595200,87.78,89.28,87.32,89.09,16920,0
1230681600,89.35,91.21,89.1,90.49,22594,0
1230854400,90.68,93.66,90.1,93.15,15114,0
1231113600,92.83,93.84,92.08,93.01,19492,0
1231200000,93.92,94.65,92.9,93.62,23493,0
1231286400,92.11,92.47,90.42,90.93,18780,0
1231372800,90.34,91.26,89.88,91.26,16158,0
1231459200,91.39,91.5,89.02,89.22,14022,0
1231718400,89.05,89.12,86.63,87.18,15063,0
1231804800,86.92,87.95,86.42,87.3,20289,0
1231891200,85.77,85.93,83.9,84.54,21400,0
1231977600,84.31,85.44,81.93,84.69,23919,0
1232064000,86.07,86.15,83.25,85.11,22377,0
1232409600,84.43,84.69,80.66,80.75,26915,0
1232496000,82.2,84.43,80.68,84.22,25792,0
1232582400,82.62,84.22,81.36,82.98,35178,0
1232668800,81.07,84.18,80.76,83.31,32368,0
1232928000,83.78,85.55,83.0,83.9,26086,0
1233014400,84.3,85.32,83.76,84.75,22315,0
1233100800,86.66,88.14,86.26,87.61,24655,0
1233187200,86.35,86.56,84.67,84.75,23633,0
1233273600,85.18,85.45,82.39,82.89,25498,0
1233532800,81.72,83.37,81.51,82.78,18937,0
1233619200,83.28,84.56,82.42,84.0,17585,0
1233705600,84.45,85.54,83.25,83.5,20088,0
1233792000,82.87,85.48,82.3,84.86,23671,0
1233878400,85.05,87.53,84.87,87.16,21506,0
1234137600,87.16,87.94,86.54,87.37,16775,0
1234224000,86.47,87.21,82.63,83.17,33035,0
1234310400,83.62,84.26,82.61,83.84,25546,0
1234396800,82.35,84.03,81.22,83.91,33310,0
1234483200,83.78,84.41,82.94,83.0,27964,0
1234828800,80.34,80.78,79.36,79.42,32639,0
1234915200,79.96,80.13,78.48,79.24,29318,0
1235001600,80.03,80.32,78.2,78.47,24723,0
1235088000,76.9,78.5,75.93,77.58,45755,0
1235347200,78.4,78.41,74.75,74.87,35945,0
1235433600,75.44,78.12,75.02,77.74,34009,0
1235520000,77.35,78.59,75.8,77.0,42275,0
1235606400,78.02,78.53,75.69,75.8,35041,0
1235692800,74.17,75.71,73.98,74.14,42730,0
1235952000,72.63,73.05,70.52,70.75,44707,0
1236038400,71.75,71.83,69.77,70.18,31636,0
1236124800,71.37,73.01,70.56,71.89,34494,0
1236211200,70.25,71.0,68.3,68.94,46395,0
1236297600,69.54,70.58,67.22,68.99,34195,0
1236556800,69.62,69.8,67.85,68.21,24854,0
1236643200,71.05,72.75,70.92,72.4,41431,0
1236729600,73.68,73.75,72.0,72.72,34865,0
1236816000,73.52,75.92,73.35,75.78,46919,0
1236902400,75.86,76.48,74.9,76.28,35019,0
1237161600,76.87,78.15,75.94,76.3,41306,0
1237248000,76.12,78.7,76.01,78.58,34193,0
1237334400,77.54,81.1,77.25,80.27,46882,0
1237420800,79.95,80.48,78.88,79.13,37683,0
1237507200,79.28,79.31,77.25,77.25,35118,0
1237766400,80.32,83.17,80.25,83.13,40743,0
1237852800,81.93,83.12,81.27,81.45,38982,0
1237939200,82.28,82.92,79.28,81.55,35592,0
1238025600,81.78,83.5,81.7,83.31,42733,0
1238112000,82.14,82.7,81.52,82.15,33020,0
1238371200,79.97,80.08,78.13,78.95,33837,0
1238457600,79.78,81.27,79.26,79.66,42184,0
1238544000,78.71,81.62,78.55,81.24,39547,0
1238630400,83.28,84.83,82.95,83.6,48227,0
1238716800,83.7,84.47,82.88,84.47,40376,0
1238976000,83.57,84.01,82.51,83.71,28567,0
1239062400,82.41,82.85,81.72,81.78,27155,0
1239148800,82.26,83.15,81.76,82.73,26696,0
1239235200,84.9,86.01,84.56,86.01,23210,0
1239580800,85.14,86.76,84.8,86.06,25152,0
1239667200,85.26,85.98,84.3,84.51,23815,0
1239753600,84.05,85.64,83.8,85.5,20074,0
1239840000,86.15,87.36,85.0,86.76,18594,0
1239926400,87.04,87.87,86.36,87.3,16010,0
1240185600,85.79,85.89,83.55,83.62,11897,0
1240272000,83.03,85.35,82.97,85.28,22802,0
1240358400,84.52,86.56,84.29,84.76,32326,0
1240444800,84.93,85.66,83.85,85.58,20867,0
1240531200,86.28,87.53,85.95,86.86,20906,0
1240790400,85.91,87.23,85.76,86.07,25805,0
1240876800,85.21,86.82,85.0,85.81,23430,0
1240963200,86.74,88.58,86.55,87.67,20175,0
1241049600,88.78,89.25,87.19,87.63,26217,0
1241136000,87.7,88.44,86.95,88.11,16757,0
1241395200,88.82,91.17,88.63,91.15,17075,0
1241481600,90.83,91.16,90.1,90.76,25216,0
1241568000,91.95,92.45,90.86,92.37,22114,0
1241654400,93.27,93.39,90.54,91.04,22604,0
1241740800,92.31,93.47,91.68,93.26,17575,0
1242000000,91.96,92.32,91.29,91.43,18181,0
1242086400,91.88,92.06,90.1,91.27,16707,0
1242172800,89.95,90.25,88.73,88.92,19739,0
1242259200,89.02,90.36,88.76,89.69,16259,0
1242345600,89.64,90.25,88.37,88.89,18678,0
1242604800,89.77,91.55,89.62,91.48,15499,0
1242691200,91.45,92.22,91.08,91.38,18880,0
1242777600,92.22,93.05,90.66,90.81,24368,0
1242864000,89.71,90.05,88.51,89.44,20803,0
1242950400,89.69,90.25,88.94,89.32,17366,0
1243296000,88.59,91.79,88.56,91.6,21336,0
1243382400,91.7,91.99,89.78,89.91,23447,0
1243468800,90.72,91.56,89.33,91.23,17840,0
1243555200,91.67,92.97,90.94,92.82,15824,0
1243814400,93.95,95.43,93.69,95.01,16494,0
1243900800,94.72,95.64,94.44,95.1,21563,0
1243987200,94.33,94.4,93.02,93.9,18503,0
1244073600,94.24,94.93,93.57,94.83,14873,0
1244160000,95.81,95.94,94.06,94.75,17191,0
1244419200,94.1,95.36,93.32,94.59,13967,0
1244505600,94.95,95.41,94.3,94.93,12951,0
1244592000,95.74,95.78,93.47,94.64,14285,0
1244678400,94.93,96.39,94.87,95.16,11156,0
1244764800,94.64,95.38,94.27,95.37,10014,0
1245024000,94.21,94.26,92.68,93.16,10343,0
1245110400,93.45,93.55,91.82,91.91,11530,0
1245196800,91.91,92.57,91.09,91.8,15157,0
1245283200,91.96,92.93,91.54,92.46,12258,0
1245369600,93.35,93.49,92.31,92.76,10271,0
1245628800,91.91,91.94,90.02,90.03,16717,0
1245715200,89.78,90.16,89.12,89.71,17182,0
1245801600,90.45,91.36,89.88,90.38,14225,0
1245888000,89.97,92.44,89.85,92.32,19927,0
1245974400,92.06,92.53,91.57,92.11,21750,0
1246233600,92.38,93.1,91.89,93.01,13500,0
1246320000,93.01,93.33,91.55,92.24,17739,0
1246406400,92.61,93.52,92.52,92.62,17943,0
1246492800,91.42,91.45,90.05,90.07,10224,0
1246838400,89.22,90.21,88.96,90.21,17618,0
1246924800,89.95,90.11,88.3,88.41,15326,0
1247011200,88.79,89.08,87.3,88.29,22510,0
1247097600,88.86,89.18,88.2,88.51,15478,0
1247184000,87.98,88.75,87.63,88.21,16049,0
1247443200,88.55,90.44,87.89,90.37,11962,0
1247529600,90.62,90.98,90.02,90.97,12459,0
1247616000,92.12,93.8,91.99,93.62,11740,0
1247702400,93.3,94.8,93.12,94.45,10681,0
1247788800,94.36,94.61,93.85,94.44,11023,0
1248048000,94.99,95.59,94.48,95.41,11794,0
1248134400,96.2,96.21,94.72,95.85,11666,0
1248220800,95.29,96.42,95.2,95.83,15103,0
1248307200,95.93,98.39,95.85,98.0,11354,0
1248393600,97.49,98.44,97.0,98.35,15171,0
1248652800,98.24,98.73,97.66,98.67,19073,0
1248739200,97.99,98.68,97.38,98.41,12817,0
1248825600,97.74,98.24,97.29,97.98,12103,0
1248912000,99.12,100.14,98.91,99.07,12545,0
1248998400,99.01,99.76,98.71,99.16,11419,0
1249257600,100.15,100.85,99.64,100.71,13749,0
1249344000,100.3,101.16,100.11,100.98,13460,0
1249430400,101.11,101.17,99.91,100.73,14307,0
1249516800,101.18,101.32,99.75,100.22,12964,0
1249603200,101.28,102.35,100.71,101.51,8461,0
1249862400,101.08,101.54,100.61,101.3,11399,0
1249948800,100.88,100.93,99.78,99.97,10805,0
1250035200,99.85,101.88,99.85,101.12,11053,0
1250121600,101.55,101.93,100.58,101.87,15577,0
1250208000,101.89,101.92,100.01,101.02,16424,0
1250467200,99.15,99.25,98.43,98.58,14093,0
1250553600,98.88,99.76,98.67,99.52,16275,0
1250640000,98.66,100.62,98.59,100.31,26293,0
1250726400,100.38,101.54,100.21,101.35,8971,0
1250812800,102.17,103.46,101.95,103.25,7215,0
1251072000,103.72,104.28,102.93,103.27,8221,0
1251158400,103.73,104.49,103.27,103.42,10483,0
1251244800,103.16,103.95,102.82,103.53,10190,0
1251331200,103.37,104.05,102.28,103.8,7038,0
1251417600,104.56,104.67,103.0,103.62,10067,0
1251676800,102.67,102.89,102.15,102.82,7688,0
1251763200,102.28,103.66,100.3,100.44,11098,0
1251849600,100.08,100.76,99.89,100.14,9710,0
1251936000,100.7,101.09,99.94,101.0,5483,0
1252022400,101.2,102.43,100.87,102.36,6928,0
1252368000,103.33,103.38,102.74,103.25,5647,0
1252454400,103.44,104.42,103.15,104.09,7455,0
1252540800,104.1,105.2,103.57,105.16,8007,0
1252627200,105.31,105.65,104.64,105.11,6560,0
1252886400,104.21,105.81,104.21,105.71,8138,0
1252972800,105.79,106.46,105.12,106.06,12013,0
1253059200,106.46,107.7,106.1,107.69,9255,0
1253145600,107.53,108.42,106.95,107.5,10355,0
1253232000,108.02,108.04,107.25,107.61,10419,0
1253491200,106.8,107.58,106.55,107.31,8863,0
1253577600,107.98,108.24,107.48,107.98,6899,0
1253664000,107.7,108.37,106.36,106.43,9747,0
1253750400,106.76,106.98,104.91,105.39,9950,0
1253836800,105.11,105.7,104.43,104.81,14379,0
1254096000,105.23,106.88,105.18,106.64,6972,0
1254182400,106.85,107.35,106.13,106.36,11118,0
1254268800,106.7,106.79,104.97,105.86,12688,0
1254355200,105.67,106.6,103.28,103.3,14491,0
1254441600,102.38,103.42,102.33,102.89,12920,0
1254700800,103.21,104.65,102.95,104.38,8422,0
1254787200,105.12,106.47,105.06,105.86,9639,0
1254873600,105.61,106.25,105.44,106.16,10429,0
1254960000,106.86,107.52,106.52,106.94,6992,0
1255046400,106.94,107.59,106.71,107.58,5258,0
1255305600,108.13,108.43,107.63,108.05,4926,0
1255392000,107.79,108.01,107.13,107.84,14981,0
1255478400,109.09,109.77,108.62,109.7,11702,0
1255564800,109.17,110.05,109.08,110.0,7936,0
1255651200,109.12,109.62,108.58,109.24,6675,0
1255910400,109.46,110.48,109.1,110.2,6898,0
1255996800,110.3,110.34,109.04,109.57,9899,0
1256083200,109.4,110.66,108.52,108.59,9745,0
1256169600,108.54,110.01,107.85,109.69,12357,0
1256256000,110.06,110.75,108.0,108.44,13218,0
1256515200,109.47,109.56,106.97,107.35,12450,0
1256601600,107.41,107.74,106.53,106.82,10754,0
1256688000,106.08,106.27,104.69,104.73,9116,0
1256774400,105.93,107.19,105.74,106.97,8225,0
1256860800,106.29,106.4,103.77,104.1,17366,0
1257120000,104.44,105.74,103.42,104.68,13511,0
1257206400,104.06,105.12,103.89,105.0,10855,0
1257292800,105.84,106.66,104.98,105.17,15246,0
1257379200,106.0,107.2,105.79,107.19,7141,0
1257465600,106.59,107.74,106.4,107.49,10995,0
1257724800,108.34,109.96,108.23,109.95,8522,0
1257811200,109.66,110.28,109.33,109.9,11017,0
1257897600,110.69,111.17,109.97,110.48,19408,0
1257984000,110.35,110.94,109.1,109.37,19451,0
1258070400,109.67,110.44,109.12,110.0,16607,0
1258329600,110.75,112.05,110.68,111.59,15167,0
1258416000,111.29,111.74,110.87,111.67,12971,0
1258502400,111.64,111.8,110.94,111.63,14547,0
1258588800,110.88,110.9,109.5,110.16,14475,0
1258675200,109.6,110.11,109.36,109.89,10941,0
1258934400,111.09,112.12,110.97,111.28,11935,0
1259020800,111.39,111.5,110.46,111.31,17388,0
1259107200,111.52,111.86,111.2,111.73,8439,0
1259280000,108.74,110.67,108.62,109.88,11079,0
1259539200,109.85,110.5,109.37,110.34,14758,0
1259625600,111.26,112.02,111.1,111.64,13280,0
1259712000,111.66,112.38,111.28,111.68,12437,0
1259798400,111.91,112.55,110.65,110.81,12825,0
1259884800,112.23,112.74,110.39,111.36,20266,0
1260144000,111.3,112.65,110.85,111.14,10989,0
1260230400,110.44,110.6,109.45,110.01,13113,0
1260316800,109.93,110.53,109.37,110.38,11352,0
1260403200,111.06,111.48,110.83,111.02,15775,0
1260489600,111.47,111.73,110.98,111.55,14637,0
1260748800,112.25,112.36,111.73,112.26,11593,0
1260835200,111.85,112.29,111.37,111.67,10236,0
1260921600,112.18,112.49,111.65,111.87,11286,0
1261008000,111.09,111.27,110.44,110.51,13965,0
1261094400,111.14,111.25,110.22,111.21,13590,0
1261353600,111.7,112.65,111.69,112.28,8583,0
1261440000,112.53,113.0,112.38,112.67,7332,0
1261526400,113.03,113.06,112.47,112.94,6613,0
1261612800,112.6,112.98,112.56,112.9,2755,0
1261958400,113.28,113.34,112.68,113.11,6797,0
1262044800,113.43,113.43,112.92,112.93,5041,0
1262131200,112.61,113.0,112.53,112.9,9585,0
1262217600,113.1,113.14,111.8,111.81,6745,0
1262563200,112.77,113.74,112.73,113.66,9787,0
1262649600,113.62,114.03,113.25,113.97,11459,0
1262736000,113.89,114.34,113.79,114.09,12993,0
1262822400,113.88,114.67,113.55,114.56,11037,0
1262908800,114.23,114.97,114.01,114.91,11146,0
1263168000,115.4,115.49,114.59,115.11,10234,0
1263254400,114.32,114.57,113.58,114.03,11653,0
1263340800,114.33,115.3,113.72,114.99,12571,0
1263427200,114.84,115.48,114.37,115.28,8801,0
1263513600,114.99,115.2,113.56,114.01,15847,0
1263859200,113.96,115.49,113.95,115.41,10551,0
1263945600,114.62,114.65,113.34,114.25,22689,0
1264032000,114.29,114.62,111.9,112.05,29630,0
1264118400,111.58,111.98,109.46,109.59,25396,0
1264377600,110.57,110.76,109.78,110.1,11106,0
1264464000,109.69,110.81,109.39,109.66,13276,0
1264550400,109.52,110.42,108.68,110.22,12917,0
1264636800,110.55,110.58,108.25,108.92,15498,0
1264723200,109.38,110.12,107.56,107.77,15058,0
1264982400,108.55,109.4,108.42,109.36,9561,0
1265068800,109.62,110.94,109.23,110.73,8468,0
1265155200,110.24,110.78,109.88,110.22,11281,0
1265241600,109.32,109.36,106.77,106.81,17182,0
1265328000,106.91,107.22,104.9,107.09,15869,0
1265587200,107.07,107.65,106.12,106.18,7984,0
1265673600,107.49,108.48,106.61,107.61,13568,0
1265760000,107.37,107.95,106.46,107.35,7868,0
1265846400,107.23,108.59,106.6,108.42,9225,0
1265932800,107.3,108.4,106.86,108.37,13728,0
1266278400,109.25,110.21,108.79,110.1,8276,0
1266364800,110.62,110.76,110.1,110.6,10768,0
1266451200,110.43,111.5,110.4,111.28,14943,0
1266537600,110.96,111.94,110.73,111.57,17181,0
1266796800,111.89,112.02,111.2,111.5,11810,0
1266883200,111.25,111.57,109.87,110.16,17620,0
1266969600,110.47,111.36,110.22,111.18,15186,0
1267056000,109.57,111.09,109.3,111.05,19482,0
1267142400,111.11,111.47,110.47,111.13,10746,0
1267401600,111.6,112.37,111.56,112.24,9040,0
1267488000,112.75,113.1,112.36,112.52,15310,0
1267574400,112.88,113.33,112.4,112.64,13898,0
1267660800,112.8,113.18,112.39,112.99,8342,0
1267747200,113.79,114.72,113.48,114.64,11134,0
1268006400,114.66,114.9,114.47,114.65,7472,0
1268092800,114.3,115.36,114.24,114.83,10517,0
1268179200,114.9,115.65,114.8,115.36,11120,0
1268265600,115.09,115.85,114.73,115.83,6166,0
1268352000,116.32,116.37,115.55,115.84,8155,0
1268611200,115.64,115.96,114.98,115.81,5531,0
1268697600,116.19,116.9,116.14,116.78,10775,0
1268784000,117.25,117.87,117.13,117.5,8166,0
1268870400,117.38,117.57,116.98,117.46,8631,0
1268956800,117.01,117.06,116.39,116.91,8048,0
1269216000,117.18,117.68,117.11,117.45,7611,0
1269302400,117.75,118.39,117.25,118.27,6961,0
1269388800,118.03,118.2,117.48,117.72,9867,0
1269475200,117.85,118.49,116.9,117.01,10964,0
1269561600,117.72,117.81,116.52,117.04,10360,0
1269820800,117.56,117.92,117.36,117.72,9444,0
1269907200,117.83,118.19,117.29,117.76,11818,0
1269993600,117.31,117.9,117.0,117.35,8619,0
1270080000,118.18,118.64,117.49,118.21,14209,0
1270425600,118.63,119.22,118.3,119.18,6450,0
1270512000,118.84,119.64,118.68,119.38,6468,0
1270598400,119.19,119.46,118.2,118.76,11186,0
1270684800,118.35,119.36,117.98,119.14,10522,0
1270771200,119.4,119.98,119.19,119.92,6196,0
1271030400,120.1,120.41,119.95,120.14,4731,0
1271116800,119.99,120.41,119.38,120.26,4760,0
1271203200,120.67,121.58,120.47,121.55,6902,0
1271289600,121.36,121.91,121.34,121.72,7332,0
1271376000,121.27,121.46,119.15,119.74,18548,0
1271635200,119.39,120.32,118.87,120.22,11829,0
1271721600,120.94,121.37,120.56,121.27,7435,0
1271808000,121.34,121.61,120.4,121.03,6994,0
1271894400,120.24,121.56,119.52,121.38,10957,0
1271980800,121.33,122.25,121.03,122.19,7652,0
1272240000,122.26,122.5,121.64,121.72,7907,0
1272326400,121.04,121.66,118.64,118.86,18377,0
1272412800,119.43,120.05,118.67,119.7,17084,0
1272499200,120.51,121.5,120.47,121.24,9203,0
1272585600,121.26,121.39,119.16,119.21,14516,0
1272844800,119.75,121.07,119.59,120.76,7512,0
1272931200,119.41,119.41,117.31,117.9,13501,0
1273017600,116.92,118.17,116.36,117.16,16141,0
1273104000,116.64,117.49,88.87,113.35,29717,0
1273190400,113.01,114.12,109.95,111.61,34240,0
1273449600,116.19,117.0,115.27,116.53,14245,0
1273536000,115.46,117.73,115.28,116.19,16934,0
1273622400,116.65,117.97,116.46,117.82,13382,0
1273708800,117.51,118.05,116.26,116.37,12247,0
1273795200,115.51,115.69,113.23,114.27,23186,0
1274054400,114.56,114.87,112.12,114.34,18186,0
1274140800,115.23,115.58,112.39,112.78,20070,0
1274227200,112.14,113.12,110.73,112.14,16398,0
1274313600,109.77,110.22,107.81,107.86,20002,0
1274400000,106.26,109.71,105.97,109.45,21111,0
1274659200,108.82,109.72,107.97,108.06,12514,0
1274745600,105.44,108.2,104.74,108.13,15775,0
1274832000,108.78,109.81,107.18,107.48,14944,0
1274918400,109.57,111.15,109.16,111.12,14110,0
1275004800,110.99,111.02,109.21,109.7,14675,0
1275350400,108.71,110.28,107.7,107.83,18802,0
1275436800,108.43,110.69,107.96,110.67,13873,0
1275523200,111.03,111.39,109.95,111.06,12370,0
1275609600,108.95,109.65,106.8,107.32,18067,0
1275868800,107.53,107.92,105.72,105.8,9212,0
1275955200,105.9,107.16,104.97,106.9,18759,0
1276041600,107.58,108.59,106.0,106.36,11914,0
1276128000,108.21,109.63,108.03,109.54,12371,0
1276214400,108.52,110.11,108.47,110.03,6612,0
1276473600,110.89,111.48,109.75,109.89,10004,0
1276560000,110.67,112.46,110.46,112.35,10844,0
1276646400,111.78,112.79,111.58,112.32,14858,0
1276732800,112.69,112.69,111.44,112.49,11960,0
1276819200,112.71,113.02,112.28,112.63,12196,0
1277078400,114.03,114.11,111.69,112.25,15616,0
1277164800,112.31,112.79,110.3,110.44,10230,0
1277251200,110.06,110.42,108.88,109.62,11615,0
1277337600,109.06,109.2,107.52,107.82,11738,0
1277424000,108.11,108.78,107.15,108.27,14681,0
1277683200,108.39,108.69,107.52,107.87,8035,0
1277769600,106.4,106.44,103.93,104.6,19561,0
1277856000,104.3,105.25,103.25,103.46,20230,0
1277942400,103.54,103.84,101.5,103.18,30084,0
1278028800,103.48,103.77,101.98,102.59,14695,0
1278374400,104.0,104.74,102.25,103.24,16974,0
1278460800,103.48,106.61,103.39,106.5,15596,0
1278547200,107.36,107.65,106.31,107.52,13991,0
1278633600,107.5,108.34,107.31,108.28,8742,0
1278892800,107.98,108.61,107.56,108.42,14770,0
1278979200,109.53,110.48,109.33,110.05,10762,0
1279065600,109.68,110.45,109.24,110.04,11558,0
1279152000,109.99,110.44,108.56,110.11,8988,0
1279238400,109.49,109.56,106.83,107.04,12142,0
1279497600,107.44,108.01,106.61,107.7,6394,0
1279584000,106.25,108.94,106.2,108.86,9247,0
1279670400,109.41,109.47,107.0,107.48,12882,0
1279756800,108.73,110.32,108.69,109.85,10298,0
1279843200,109.64,110.95,109.32,110.77,9063,0
1280102400,110.97,112.06,110.65,112.0,6672,0
1280188800,112.62,112.66,111.5,111.9,12299,0
1280275200,111.7,112.02,110.86,111.18,6688,0
1280361600,111.89,112.2,109.8,110.7,9801,0
1280448000,109.54,111.23,109.36,110.69,9153,0
1280707200,112.37,113.33,111.94,113.16,12269,0
1280793600,112.87,113.16,112.25,112.6,8362,0
1280880000,112.93,113.5,112.56,113.33,6868,0
1280966400,112.65,113.29,112.48,113.22,7588,0
1281052800,112.12,112.96,111.32,112.77,12056,0
1281312000,113.33,113.58,112.72,113.39,5678,0
1281398400,112.43,113.35,111.77,112.8,10383,0
1281484800,111.06,111.06,109.51,109.69,9267,0
1281571200,108.01,109.39,107.99,109.01,10148,0
1281657600,108.66,109.33,108.57,108.68,12693,0
1281916800,107.98,108.97,107.57,108.65,11025,0
1282003200,109.54,110.76,109.26,109.99,7334,0
1282089600,109.91,110.75,109.3,110.17,8988,0
1282176000,109.58,109.87,107.81,108.32,10842,0
1282262400,107.92,108.07,107.13,107.89,9136,0
1282521600,108.4,108.95,107.46,107.5,9741,0
1282608000,106.27,106.76,105.36,105.94,15016,0
1282694400,105.32,106.7,104.63,106.3,11131,0
1282780800,106.79,106.94,105.25,105.56,12373,0
1282867200,106.24,107.34,104.64,107.22,14649,0
1283126400,106.94,107.27,105.67,105.68,8478,0
1283212800,105.27,106.35,104.86,105.77,13402,0
1283299200,107.12,108.98,107.05,108.84,11266,0
1283385600,109.09,109.88,108.87,109.85,10261,0
1283472000,110.93,111.37,110.34,111.3,11964,0
1283817600,110.74,110.88,109.94,110.07,9686,0
1283904000,110.24,111.23,110.21,110.78,7541,0
1283990400,112.06,112.07,111.02,111.32,5447,0
1284076800,111.53,112.0,111.26,111.9,5100,0
1284336000,112.98,113.35,112.55,113.13,6116,0
1284422400,112.94,113.71,112.48,113.03,7884,0
1284508800,112.71,113.6,112.39,113.48,7195,0
1284595200,113.12,113.52,112.76,113.47,7965,0
1284681600,114.03,114.15,113.19,113.49,7107,0
1284940800,113.88,115.48,113.62,115.24,12916,0
1285027200,115.35,115.86,114.53,114.98,16448,0
1285113600,114.84,115.45,114.13,114.45,12742,0
1285200000,113.48,114.68,113.19,113.49,9420,0
1285286400,114.15,115.27,114.03,115.18,9053,0
1285545600,115.24,115.36,114.55,114.67,8422,0
1285632000,114.83,115.42,113.57,115.13,13629,0
1285718400,114.81,115.3,114.41,114.82,7981,0
1285804800,115.48,116.17,113.98,114.49,15412,0
1285891200,115.37,115.49,114.31,115.0,10167,0
1286150400,114.8,115.25,113.57,114.11,14641,0
1286236800,115.19,116.69,115.05,116.41,8434,0
1286323200,116.42,116.71,115.95,116.42,8248,0
1286409600,116.88,116.91,115.59,116.26,8246,0
1286496000,116.43,117.25,116.01,116.94,7014,0
1286755200,117.12,117.36,116.65,117.04,4920,0
1286841600,116.67,117.75,116.04,117.43,10032,0
1286928000,118.04,118.94,117.78,118.32,7832,0
1287014400,118.2,118.4,117.12,117.9,9424,0
1287100800,118.7,118.74,117.17,118.09,8862,0
1287360000,118.14,119.05,117.92,118.95,6582,0
1287446400,117.57,118.23,116.44,117.1,15819,0
1287532800,117.32,118.83,117.27,118.26,7236,0
1287619200,118.8,119.48,117.6,118.53,9499,0
1287705600,118.72,118.92,118.41,118.78,5572,0
1287964800,119.56,120.14,119.0,119.07,9778,0
1288051200,118.49,119.24,118.27,119.09,7062,0
1288137600,118.27,118.91,117.66,118.77,8722,0
1288224000,119.44,119.5,118.23,118.87,7547,0
1288310400,118.68,119.11,118.48,118.87,5704,0
1288569600,119.93,119.96,118.25,119.08,6155,0
1288656000,119.69,120.14,119.52,120.1,2807,0
1288742400,120.01,120.61,118.85,120.56,8588,0
1288828800,122.01,122.73,121.89,122.68,7726,0
1288915200,123.12,123.32,122.62,123.18,7568,0
1289174400,122.76,123.08,122.36,122.92,7496,0
1289260800,123.24,123.35,121.53,122.02,12115,0
1289347200,122.0,122.56,121.08,122.5,10021,0
1289433600,121.47,122.22,121.09,122.06,9128,0
1289520000,121.23,121.75,120.05,120.61,12091,0
1289779200,121.0,121.44,120.4,120.45,9835,0
1289865600,119.7,119.89,118.0,118.55,13395,0
1289952000,118.62,119.09,118.26,118.61,5381,0
1290038400,119.77,120.79,119.76,120.38,10030,0
1290124800,120.26,120.74,119.65,120.67,7248,0
1290384000,120.1,120.63,119.18,120.54,8192,0
1290470400,119.21,119.41,118.39,118.84,9274,0
1290556800,119.59,120.64,119.59,120.59,8559,0
1290729600,119.58,120.21,119.24,119.24,3871,0
1290988800,118.9,119.88,118.15,119.58,7282,0
1291075200,118.41,119.57,118.21,118.89,10037,0
1291161600,120.63,121.63,120.62,121.43,8160,0
1291248000,121.59,123.05,121.57,122.97,6664,0
1291334400,122.58,123.43,122.53,123.29,8282,0
1291593600,123.02,123.45,122.92,123.15,4632,0
1291680000,124.38,124.48,123.18,123.21,7310,0
1291766400,123.37,123.79,122.84,123.68,5970,0
1291852800,124.4,124.43,123.6,124.21,5656,0
1291939200,124.55,125.02,124.17,124.93,6920,0
1292198400,125.46,125.63,124.95,124.98,6121,0
1292284800,125.17,125.65,124.73,125.11,6569,0
1292371200,124.88,125.35,124.32,124.52,11019,0
1292457600,124.62,125.33,124.19,125.22,9516,0
1292544000,125.14,125.53,124.91,125.41,9777,0
1292803200,125.71,125.98,125.07,125.67,7102,0
1292889600,126.05,126.56,125.98,126.43,8173,0
1292976000,126.58,126.92,126.51,126.86,5692,0
1293062400,126.13,126.26,125.78,126.08,7091,0
1293408000,125.61,126.24,125.53,126.15,3922,0
1293494400,126.38,126.41,126.0,126.28,5026,0
1293580800,126.47,126.69,126.38,126.4,8156,0
1293667200,126.26,126.54,126.02,126.23,6090,0
1293753600,126.0,126.34,125.82,126.27,4799,0
1294012800,127.19,128.07,127.14,127.52,10491,0
1294099200,127.81,127.86,126.68,127.44,15627,0
1294185600,127.06,128.2,126.95,128.1,11412,0
1294272000,128.17,128.3,127.5,127.87,10136,0
1294358400,128.05,128.24,126.64,127.62,8659,0
1294617600,127.07,127.65,126.7,127.44,9251,0
1294704000,127.94,128.23,127.43,127.92,12153,0
1294790400,128.7,129.2,128.46,129.07,10258,0
1294876800,129.07,129.17,128.54,128.88,11387,0
1294963200,128.65,129.82,128.59,129.77,10218,0
1295308800,129.64,130.11,129.52,130.01,15026,0
1295395200,129.91,129.98,128.39,128.73,9749,0
1295481600,128.45,128.86,127.63,128.58,11534,0
1295568000,129.36,129.65,128.72,128.88,9399,0
1295827200,128.76,129.74,128.76,129.61,10474,0
1295913600,129.25,129.8,128.6,129.65,16569,0
1296000000,129.95,130.55,129.71,130.16,9469,0
1296086400,130.22,130.69,129.97,130.49,11470,0
1296172800,130.65,130.83,128.0,128.16,14013,0
1296432000,128.56,129.27,128.24,129.16,15344,0
1296518400,129.94,131.46,129.89,131.23,11987,0
1296604800,130.9,131.32,130.81,130.97,10945,0
1296691200,130.74,131.46,130.06,131.26,8793,0
1296777600,131.33,131.69,130.72,131.62,6360,0
1297036800,131.95,132.89,131.94,132.47,7591,0
1297123200,132.57,133.14,132.24,133.07,7404,0
1297209600,132.64,133.12,132.11,132.77,9019,0
1297296000,132.09,132.94,131.8,132.83,6471,0
1297382400,132.32,133.78,132.26,133.63,9620,0
1297641600,133.57,134.02,133.39,133.93,4602,0
1297728000,133.52,133.84,133.16,133.5,6033,0
1297814400,133.98,134.51,133.69,134.32,9213,0
1297900800,133.96,134.91,133.84,134.74,8172,0
1297987200,134.87,135.18,134.55,135.05,6623,0
1298332800,133.57,134.35,131.97,132.3,10515,0
1298419200,132.25,132.55,130.7,131.51,13652,0
1298505600,131.35,131.92,130.19,131.4,13248,0
1298592000,132.01,132.91,131.89,132.83,8295,0
1298851200,133.33,133.8,132.89,133.63,7378,0
1298937600,134.15,134.16,131.42,131.42,13472,0
1299024000,131.25,132.3,131.1,131.69,7302,0
1299110400,132.9,134.11,132.89,133.96,7258,0
1299196800,133.91,133.96,132.1,132.94,7616,0
1299456000,133.37,133.65,131.24,131.91,9292,0
1299542400,132.14,133.49,131.56,133.06,6098,0
1299628800,132.8,133.27,132.1,132.9,5498,0
1299715200,131.5,131.52,130.29,130.4,9242,0
1299801600,129.99,131.78,129.88,131.33,8578,0
1300060800,130.6,130.76,129.55,130.55,6778,0
1300147200,128.25,129.81,127.93,128.92,10348,0
1300233600,128.8,129.02,125.75,126.76,14584,0
1300320000,128.76,128.83,127.57,128.28,15542,0
1300406400,129.22,129.73,128.54,128.71,9463,0
1300665600,130.97,131.03,130.47,130.65,7109,0
1300752000,130.82,130.84,130.21,130.36,6558,0
1300838400,129.63,131.04,129.4,130.72,6786,0
1300924800,131.09,132.13,131.09,131.99,6703,0
1301011200,131.74,132.31,131.71,131.75,6040,0
1301270400,132.06,132.36,131.39,131.44,6525,0
1301356800,131.34,132.33,130.88,132.29,6387,0
1301443200,133.01,133.6,132.82,133.21,10299,0
1301529600,133.07,133.42,132.9,133.03,6259,0
1301616000,133.91,134.22,133.3,133.62,10256,0
1301875200,133.9,134.12,133.34,133.72,6735,0
1301961600,133.43,134.27,133.4,133.68,11229,0
1302048000,134.33,134.43,133.57,134.07,9663,0
1302134400,133.86,134.39,133.13,133.82,10109,0
1302220800,134.35,134.46,132.77,133.31,8040,0
1302480000,133.45,133.89,132.6,132.93,13270,0
1302566400,132.16,132.42,131.43,131.93,11929,0
1302652800,132.52,132.62,131.42,131.91,11363,0
1302739200,131.16,132.2,130.72,132.0,10033,0
1302825600,132.25,132.81,131.85,132.5,10463,0
1303084800,130.98,131.26,129.95,131.01,12629,0
1303171200,131.23,131.79,130.89,131.74,9693,0
1303257600,133.35,133.85,133.25,133.57,8653,0
1303344000,134.23,134.28,133.76,134.19,9251,0
1303689600,134.14,134.32,133.66,134.08,5744,0
1303776000,134.53,135.51,134.36,135.23,8127,0
1303862400,135.51,136.33,134.97,136.09,10870,0
1303948800,135.89,136.75,135.87,136.57,13379,0
1304035200,136.61,137.03,136.45,136.91,7587,0
1304294400,137.57,137.64,136.41,136.7,9852,0
1304380800,136.4,136.66,135.5,136.18,14024,0
1304467200,136.11,136.18,134.7,135.31,14609,0
1304553600,134.51,135.41,133.47,134.08,13850,0
1304640000,135.43,136.08,134.13,134.63,17988,0
1304899200,134.67,135.57,134.44,135.2,6847,0
1304985600,135.62,136.57,135.48,136.34,9051,0
1305072000,136.13,136.15,134.28,134.88,11102,0
1305158400,134.56,135.8,133.84,135.56,9742,0
1305244800,135.61,135.77,134.03,134.46,9341,0
1305504000,133.97,135.06,133.42,133.66,10490,0
1305590400,133.12,133.79,132.58,133.62,11762,0
1305676800,133.66,134.94,133.4,134.81,11232,0
1305763200,135.26,135.49,134.4,135.11,9838,0
1305849600,134.8,134.96,133.83,134.09,10554,0
1306108800,132.45,132.92,132.04,132.49,11081,0
1306195200,132.86,133.17,132.13,132.42,17724,0
1306281600,131.85,133.38,131.84,132.83,11572,0
1306368000,132.5,133.68,132.23,133.43,12258,0
1306454400,133.83,134.31,133.65,133.95,13342,0
1306800000,135.24,135.36,134.3,135.33,10729,0
1306886400,135.0,135.05,132.22,132.31,16421,0
1306972800,132.37,132.68,131.41,132.16,14555,0
1307059200,130.58,131.86,130.53,130.88,16755,0
1307318400,130.54,130.79,129.3,129.47,13832,0
1307404800,130.1,130.49,129.3,129.37,12749,0
1307491200,129.19,129.6,128.6,128.84,16158,0
1307577600,129.18,130.35,128.89,129.8,8435,0
1307664000,129.24,129.34,127.69,127.96,13083,0
1307923200,128.26,128.65,127.47,128.11,10693,0
1308009600,129.26,130.19,129.25,129.76,9006,0
1308096000,128.67,129.06,127.11,127.45,16412,0
1308182400,127.51,128.39,126.75,127.72,18074,0
1308268800,128.95,128.97,127.68,128.09,10220,0
1308528000,127.63,129.02,127.63,128.77,8289,0
1308614400,129.39,130.76,129.26,130.5,11216,0
1308700800,130.11,130.86,129.64,129.72,14606,0
1308787200,127.61,128.82,126.64,128.78,18190,0
1308873600,128.73,128.82,127.08,127.29,17714,0
1309132800,127.34,128.89,127.11,128.4,9848,0
1309219200,128.89,130.07,128.72,130.04,16718,0
1309305600,130.61,131.37,130.18,131.19,11052,0
1309392000,131.58,132.63,131.45,132.42,11628,0
1309478400,132.44,134.55,132.23,134.39,14785,0
1309824000,134.24,134.55,133.86,134.25,16285,0
1309910400,133.97,134.6,133.59,134.44,10481,0
1309996800,135.64,136.17,135.37,135.87,9274,0
1310083200,134.32,134.9,133.85,134.88,12654,0
1310342400,133.22,133.63,132.13,132.45,12087,0
1310428800,132.14,133.24,131.82,131.86,12380,0
1310515200,132.59,133.67,132.0,132.3,11345,0
1310601600,132.62,133.23,131.16,131.4,13317,0
1310688000,132.11,132.31,131.23,132.16,10483,0
1310947200,131.51,131.72,130.1,131.05,11245,0
1311033600,131.76,133.34,131.76,133.18,8956,0
1311120000,133.53,133.62,132.89,133.13,7423,0
1311206400,133.86,135.28,133.61,134.97,13030,0
1311292800,135.02,135.19,134.24,135.07,9819,0
1311552000,133.76,134.95,133.64,134.31,9399,0
1311638400,134.2,134.42,133.5,133.81,11900,0
1311724800,133.05,133.08,130.9,131.07,15224,0
1311811200,131.05,132.22,130.48,130.68,13416,0
1311897600,129.38,131.0,128.83,129.8,17779,0
1312156800,131.31,131.46,128.0,129.23,19472,0
1312243200,128.3,128.95,125.94,125.97,18421,0
1312329600,126.1,126.73,123.96,126.63,25090,0
1312416000,124.86,125.03,120.49,120.64,34592,0
1312502400,122.2,122.5,117.29,120.46,33877,0
1312761600,117.31,118.74,112.46,112.66,38205,0
1312848000,114.47,117.91,110.66,117.85,31812,0
1312934400,115.65,116.66,112.36,112.65,36862,0
1313020800,113.63,119.31,113.26,117.74,24344,0
1313107200,118.82,119.61,117.72,118.57,18970,0
1313366400,119.61,121.15,119.42,121.09,19750,0
1313452800,119.91,121.1,118.73,119.99,22768,0
1313539200,120.65,121.62,119.14,120.1,14721,0
1313625600,116.94,117.05,113.8,114.97,25329,0
1313712000,113.34,116.27,112.9,113.11,20801,0
1313971200,115.61,115.63,112.83,113.17,16732,0
1314057600,113.56,116.94,112.98,116.89,20820,0
1314144000,116.58,118.65,116.33,118.49,15382,0
1314230400,119.15,119.8,116.27,116.7,18304,0
1314316800,116.09,118.91,114.27,118.38,22108,0
1314576000,119.98,121.85,119.89,121.78,13765,0
1314662400,121.28,122.86,120.37,122.07,13572,0
1314748800,122.89,123.95,121.75,122.7,16980,0
1314835200,122.71,123.82,121.21,121.34,12426,0
1314921600,118.86,119.48,117.84,118.24,10472,0
1315267200,114.78,117.55,114.78,117.41,16779,0
1315353600,119.18,120.76,118.79,120.67,10742,0
1315440000,119.99,121.36,119.18,119.46,14673,0
1315526400,118.1,118.49,115.68,116.3,14396,0
1315785600,114.85,117.15,114.45,117.08,19214,0
1315872000,117.43,118.58,116.6,118.14,13467,0
1315958400,118.72,121.19,117.12,119.78,14071,0
1316044800,121.04,121.88,120.0,121.86,13682,0
1316131200,122.33,123.0,121.37,122.57,9779,0
1316390400,120.55,121.98,119.77,121.37,18125,0
1316476800,121.88,123.04,121.05,121.2,10504,0
1316563200,121.28,121.64,117.51,117.51,19160,0
1316649600,114.24,115.21,112.3,113.92,28554,0
1316736000,113.15,115.14,113.02,114.47,18408,0
1316995200,115.0,116.77,113.35,116.59,18365,0
1317081600,118.91,119.93,117.24,117.93,16755,0
1317168000,118.18,118.86,115.37,115.52,7894,0
1317254400,117.46,118.01,114.32,116.37,15679,0
1317340800,114.85,115.82,113.45,113.51,15349,0
1317600000,112.87,114.32,110.2,110.28,15676,0
1317686400,108.7,112.97,107.8,112.7,20656,0
1317772800,112.96,115.09,111.97,114.81,16555,0
1317859200,114.72,117.03,113.93,116.9,11059,0
1317945600,117.54,117.64,115.48,116.07,11737,0
1318204800,118.05,119.98,118.05,119.98,7533,0
1318291200,119.25,120.41,119.17,120.05,6273,0
1318377600,120.98,122.53,120.75,121.13,8193,0
1318464000,120.47,121.27,119.51,120.85,7387,0
1318550400,122.29,123.0,121.65,122.99,9870,0
1318809600,122.39,122.47,120.34,120.59,6530,0
1318896000,120.52,123.93,119.63,122.99,13451,0
1318982400,122.81,123.48,121.12,121.49,6950,0
1319068800,121.85,122.49,120.24,122.01,6810,0
1319155200,123.52,124.52,123.15,124.36,7510,0
1319414400,124.55,126.22,124.47,125.94,15137,0
1319500800,125.31,125.35,123.21,123.48,23225,0
1319587200,124.79,125.19,122.63,124.71,15272,0
1319673600,128.07,129.85,127.04,129.02,18209,0
1319760000,128.42,129.27,127.84,129.05,10977,0
1320019200,127.33,127.69,125.34,125.34,13717,0
1320105600,123.54,123.92,122.05,122.36,22341,0
1320192000,124.19,124.82,123.21,124.44,11376,0
1320278400,124.79,126.92,124.71,126.57,8031,0
1320364800,124.85,126.11,124.44,125.98,8130,0
1320624000,125.84,126.81,124.64,126.71,8729,0
1320710400,127.34,128.44,126.15,128.3,9921,0
1320796800,125.34,125.89,123.31,123.61,14707,0
1320883200,125.2,125.36,123.45,124.66,12691,0
1320969600,126.26,127.43,126.23,127.1,6435,0
1321228800,126.64,126.78,125.35,125.91,9035,0
1321315200,125.63,127.17,125.15,126.55,8723,0
1321401600,125.26,126.75,124.31,124.52,17550,0
1321488000,124.27,124.57,121.66,122.53,16201,0
1321574400,122.88,123.12,121.87,122.4,8666,0
1321833600,120.57,120.73,119.08,120.06,12908,0
1321920000,119.79,120.48,118.92,119.56,10152,0
1322006400,118.46,118.58,116.94,116.99,10918,0
1322179200,116.74,118.06,115.91,116.37,4268,0
1322438400,119.9,120.56,119.22,120.1,12061,0
1322524800,120.43,121.25,120.02,120.41,11287,0
1322611200,123.89,125.63,123.64,125.48,13170,0
1322697600,125.28,126.06,124.85,125.36,11932,0
1322784000,126.55,126.93,125.19,125.28,15249,0
1323043200,127.29,127.61,125.89,126.64,13751,0
1323129600,126.63,127.54,126.2,126.74,10832,0
1323216000,126.27,127.68,125.41,127.08,11354,0
1323302400,126.29,126.6,124.08,124.41,12580,0
1323388800,124.93,126.79,124.83,126.44,9754,0
1323648000,125.37,125.4,123.6,124.61,9934,0
1323734400,125.32,125.99,122.88,123.49,13588,0
1323820800,123.02,123.43,121.88,122.14,11873,0
1323907200,123.48,123.6,122.4,122.6,15351,0
1323993600,123.39,124.12,122.48,122.85,15312,0
1324252800,123.23,123.5,121.2,121.51,12851,0
1324339200,123.34,125.31,123.34,125.12,17331,0
1324425600,125.05,125.56,123.92,125.39,12747,0
1324512000,125.01,125.81,124.78,125.74,6766,0
1324598400,126.14,126.86,125.86,126.82,5026,0
1324944000,126.62,127.25,126.49,126.88,6636,0
1325030400,126.93,126.97,125.17,125.41,6139,0
1325116800,125.68,128.05,125.62,126.59,5515,0
1325203200,126.45,126.76,126.03,126.03,6030,0
1325548800,128.23,128.82,127.87,128.01,11624,0
1325635200,127.66,128.26,127.15,128.13,9038,0
1325721600,127.47,128.68,126.88,128.51,10855,0
1325808000,128.62,128.65,127.74,128.24,6173,0
1326067200,128.45,128.64,127.85,128.43,7143,0
1326153600,129.85,130.1,129.41,129.61,18840,0
1326240000,129.18,129.83,128.98,129.69,11985,0
1326326400,130.02,130.15,128.99,129.97,14391,0
1326412800,129.07,129.39,128.17,129.39,16663,0
1326758400,130.53,130.76,129.51,129.78,10937,0
1326844800,129.76,131.28,129.54,131.22,12047,0
1326931200,131.64,132.03,131.27,131.94,11801,0
1327017600,131.68,132.0,131.36,131.98,10704,0
1327276800,131.97,132.7,131.44,132.04,15495,0
1327363200,131.28,131.95,131.06,131.91,10184,0
1327449600,131.71,133.33,131.21,133.01,17230,0
1327536000,133.63,133.85,131.82,132.33,15882,0
1327622400,131.72,132.49,131.63,132.16,12321,0
1327881600,130.97,131.9,130.51,131.81,18085,0
1327968000,132.5,132.64,131.13,131.71,14515,0
1328054400,132.77,133.58,132.6,132.9,16666,0
1328140800,133.17,133.49,132.67,133.1,14593,0
1328227200,134.47,135.09,134.24,135.02,17999,0
1328486400,134.45,134.96,134.3,134.92,11563,0
1328572800,134.66,135.48,134.12,135.25,12803,0
1328659200,135.35,135.69,134.77,135.61,13787,0
1328745600,135.9,136.05,135.04,135.83,16897,0
1328832000,134.63,134.94,134.32,134.83,12511,0
1329091200,135.78,135.99,135.21,135.81,11241,0
1329177600,135.47,135.73,134.73,135.72,16827,0
1329264000,136.11,136.44,134.77,135.04,29459,0
1329350400,135.07,136.64,134.81,136.52,19056,0
1329436800,137.0,137.06,136.44,136.87,12373,0
1329782400,137.21,137.53,136.52,136.96,15014,0
1329868800,136.72,137.02,136.27,136.5,15677,0
1329955200,136.44,137.21,135.97,137.1,19599,0
1330041600,137.39,137.68,137.12,137.36,12544,0
1330300800,136.51,138.0,136.27,137.59,19509,0
1330387200,137.7,138.14,137.41,138.04,16340,0
1330473600,138.24,138.67,137.22,137.36,21821,0
1330560000,137.77,138.48,137.61,138.21,23554,0
1330646400,138.17,138.3,137.49,137.8,13555,0
1330905600,137.53,137.68,136.78,137.27,15020,0
1330992000,135.83,135.89,134.83,135.19,21535,0
1331078400,135.56,136.39,135.4,136.19,14191,0
1331164800,137.01,137.8,136.72,137.51,10841,0
1331251200,137.8,138.41,137.63,138.04,12585,0
1331510400,137.85,138.2,137.58,138.2,9454,0
1331596800,138.77,140.62,138.76,140.3,14555,0
1331683200,140.78,140.83,139.98,140.4,11679,0
1331769600,140.74,141.27,140.52,141.15,11280,0
1331856000,141.27,141.59,141.22,141.4,8126,0
1332115200,141.57,142.41,141.53,142.03,10289,0
1332201600,141.1,141.74,141.07,141.59,10610,0
1332288000,141.44,141.75,141.05,141.34,9439,0
1332374400,140.39,140.51,139.87,140.5,20038,0
1332460800,139.91,140.92,139.89,140.82,11486,0
1332720000,141.13,142.05,141.11,142.05,10475,0
1332806400,142.23,142.33,141.59,141.65,11264,0
1332892800,141.61,141.82,140.13,140.98,14450,0
1332979200,140.11,140.91,139.59,140.71,14488,0
1333065600,141.43,141.56,140.55,141.23,10555,0
1333324800,141.12,142.71,140.88,142.31,13870,0
1333411200,142.13,142.37,140.93,141.77,16138,0
1333497600,140.68,140.83,139.85,140.37,18153,0
1333584000,139.91,140.69,139.76,140.3,10031,0
1333929600,138.54,139.27,138.33,138.74,11278,0
1334016000,138.44,138.83,136.25,136.35,25345,0
1334102400,137.8,138.04,137.25,137.43,18423,0
1334188800,137.63,139.39,137.53,139.33,16518,0
1334275200,138.95,138.96,137.5,137.61,12778,0
1334534400,138.34,138.51,137.06,137.48,16907,0
1334620800,138.32,139.84,138.2,139.57,9534,0
1334707200,138.98,139.56,138.88,139.1,8628,0
1334793600,139.11,139.64,137.56,138.25,17500,0
1334880000,138.82,139.33,138.38,138.41,8684,0
1335139200,137.04,137.39,136.43,137.25,12375,0
1335225600,137.42,138.14,137.32,137.8,9968,0
1335312000,139.14,139.73,139.04,139.67,11814,0
1335398400,139.4,140.82,139.31,140.63,10560,0
1335484800,141.11,141.29,140.32,140.91,10671,0
1335744000,140.62,140.72,140.0,140.32,13630,0
1335830400,140.26,142.17,140.14,141.23,11887,0
1335916800,140.38,140.96,139.95,140.84,7503,0
1336003200,140.85,140.94,139.49,139.79,8671,0
1336089600,139.03,139.15,137.42,137.51,7886,0
1336348800,136.99,138.04,136.92,137.62,6872,0
1336435200,136.75,137.25,135.4,137.01,12440,0
1336521600,135.58,137.08,134.96,136.22,11367,0
1336608000,137.15,137.31,136.21,136.51,7859,0
1336694400,135.65,137.35,135.6,136.03,13418,0
1336953600,134.79,135.49,134.36,134.6,11781,0
1337040000,134.48,135.27,133.6,133.83,15070,0
1337126400,134.39,135.0,133.27,133.32,10687,0
1337212800,133.31,133.47,131.26,131.29,12763,0
1337299200,131.83,132.05,130.0,130.28,13724,0
1337558400,130.58,132.47,130.39,132.42,12671,0
1337644800,132.79,133.68,131.78,132.54,10059,0
1337731200,131.71,132.9,130.46,132.71,11232,0
1337817600,133.11,133.27,131.87,132.95,10936,0
1337904000,132.94,133.29,132.25,132.6,7659,0
1338249600,133.65,134.38,133.22,134.15,7009,0
1338336000,133.02,133.06,131.94,132.25,6929,0
1338422400,132.15,132.89,130.8,131.95,13678,0
1338508800,129.88,130.29,128.62,128.67,23999,0
1338768000,128.83,129.17,127.57,128.63,12410,0
1338854400,128.28,129.68,128.21,129.43,10611,0
1338940800,130.41,132.49,130.38,132.45,15196,0
1339027200,133.93,133.98,132.23,132.46,8733,0
1339113600,132.16,133.58,131.74,133.53,8052,0
1339372800,134.68,134.72,131.75,131.91,11472,0
1339459200,132.23,133.44,131.62,133.4,13542,0
1339545600,132.97,133.81,132.1,132.55,6725,0
1339632000,132.82,134.47,132.45,133.96,9881,0
1339718400,134.55,135.41,134.27,135.25,9112,0
1339977600,134.76,135.89,134.46,135.58,10450,0
1340064000,135.62,136.78,135.46,136.23,8817,0
1340150400,136.29,136.64,135.0,136.03,13017,0
1340236800,136.19,136.32,132.87,133.0,13738,0
1340323200,133.68,134.24,133.16,134.0,11105,0
1340582400,132.58,132.63,131.38,131.82,9722,0
1340668800,132.2,132.9,131.47,132.49,8153,0
1340755200,132.94,133.94,132.85,133.69,9187,0
1340841600,132.79,133.51,131.82,133.33,12475,0
1340928000,135.78,136.76,135.39,136.76,14446,0
1341187200,137.01,137.19,136.08,136.98,12678,0
1341273600,137.05,138.05,136.9,137.97,5883,0
1341446400,137.48,137.95,136.85,137.35,9675,0
1341532800,136.01,136.31,135.4,136.05,10064,0
1341792000,135.95,136.1,135.25,135.84,6935,0
1341878400,136.56,136.76,134.22,134.71,5911,0
1341964800,134.75,135.14,133.93,134.71,15945,0
1342051200,133.88,134.64,133.13,134.11,6784,0
1342137600,134.38,136.43,134.36,136.23,10157,0
1342396800,135.93,136.37,135.48,135.98,11004,0
1342483200,136.54,137.19,135.1,136.95,17828,0
1342569600,136.6,138.18,136.52,137.91,13341,0
1342656000,138.19,138.74,137.77,138.28,11520,0
1342742400,137.5,137.72,136.88,137.02,8145,0
1343001600,135.0,136.0,134.39,135.68,8915,0
1343088000,135.72,135.79,133.58,134.53,9561,0
1343174400,134.75,135.1,133.79,134.49,11720,0
1343260800,136.43,136.99,135.81,136.66,18466,0
1343347200,137.42,139.62,137.21,139.25,21058,0
1343606400,139.07,139.88,138.82,139.22,8869,0
1343692800,139.04,139.43,138.54,138.54,9570,0
1343779200,139.25,139.29,137.97,138.19,8624,0
1343865600,137.15,138.1,136.15,137.21,7592,0
1343952000,139.13,140.19,137.24,139.88,17542,0
1344211200,140.28,140.73,140.12,140.18,13791,0
1344297600,140.77,141.48,140.73,140.86,7478,0
1344384000,140.39,141.22,140.37,141.04,7144,0
1344470400,140.84,141.44,140.72,141.15,5208,0
1344556800,140.64,141.47,140.38,141.41,9211,0
1344816000,141.2,141.41,140.61,141.33,8160,0
1344902400,141.87,141.96,140.95,141.34,5832,0
1344988800,141.22,141.75,141.14,141.49,5351,0
1345075200,141.71,142.74,141.39,142.56,7828,0
1345161600,142.82,142.89,142.44,142.75,5477,0
1345420800,142.59,142.8,142.18,142.78,8783,0
1345507200,143.12,143.67,142.03,142.35,9146,0
1345593600,141.99,142.62,141.66,142.37,10038,0
1345680000,142.04,142.06,141.04,141.27,8263,0
1345766400,140.87,142.39,140.79,142.11,7262,0
1346025600,142.49,142.66,141.92,142.08,5672,0
1346112000,141.77,142.42,141.5,141.99,5749,0
1346198400,142.13,142.48,141.72,142.09,5534,0
1346284800,141.48,141.51,140.77,141.05,7726,0
1346371200,141.86,142.4,140.93,141.7,14074,0
1346716800,141.63,142.03,140.71,141.52,15925,0
1346803200,141.67,142.02,141.2,141.47,8682,0
1346889600,142.36,144.37,142.33,144.33,9006,0
1346976000,144.61,144.95,144.49,144.94,8965,0
1347235200,144.77,145.03,144.07,144.13,5368,0
1347321600,144.21,144.96,144.16,144.47,6534,0
1347408000,145.0,145.15,144.5,144.94,5895,0
1347494400,144.98,147.66,144.76,147.27,12955,0
1347580800,147.48,148.74,147.39,147.85,11671,0
1347840000,147.57,147.82,147.0,147.4,5794,0
1347926400,147.13,147.43,146.88,147.27,12265,0
1348012800,147.42,147.81,147.06,147.34,12380,0
1348099200,146.63,147.43,146.26,147.34,9314,0
1348185600,148.07,148.08,147.22,147.26,6314,0
1348444800,146.58,147.38,146.46,147.02,6891,0
1348531200,146.58,146.84,144.67,144.75,10594,0
1348617600,144.67,144.7,143.54,143.91,7241,0
1348704000,144.49,145.57,144.1,145.28,7807,0
1348790400,144.69,145.15,144.06,144.49,9338,0
1349049600,145.11,146.29,144.61,144.93,22380,0
1349136000,145.5,145.73,144.43,145.08,7234,0
1349222400,145.51,146.02,144.72,145.69,7617,0
1349308800,146.21,146.92,146.05,146.79,9354,0
1349395200,147.52,147.76,146.31,146.73,5082,0
1349654400,146.18,146.48,145.92,146.22,3083,0
1349740800,146.12,146.24,144.75,144.78,9149,0
1349827200,144.78,144.89,143.68,143.92,8043,0
1349913600,144.86,145.08,143.95,143.98,9801,0
1350000000,144.04,144.53,143.18,143.48,7240,0
1350259200,143.82,144.81,143.37,144.67,5884,0
1350345600,145.36,146.24,145.25,146.15,8630,0
1350432000,146.26,146.93,146.01,146.79,6679,0
1350518400,146.45,147.13,145.94,146.46,13273,0
1350604800,146.16,146.16,143.64,143.93,8233,0
1350864000,143.76,144.25,142.86,144.02,8757,0
1350950400,142.48,142.63,141.42,141.99,7217,0
1351036800,142.49,142.68,141.38,141.61,4508,0
1351123200,142.62,142.85,141.17,142.0,5602,0
1351209600,141.88,142.41,140.97,141.88,6589,0
1351641600,142.22,142.22,141.25,141.91,6554,0
1351728000,143.15,143.67,143.0,143.67,8436,0
1351814400,143.27,143.51,141.75,142.1,9038,0
1352073600,141.93,142.73,141.5,142.44,5779,0
1352160000,142.87,144.09,142.73,143.53,5220,0
1352246400,142.26,142.26,139.64,140.29,14343,0
1352332800,140.28,140.97,138.58,138.62,19388,0
1352419200,138.19,140.02,138.11,138.78,10578,0
1352678400,139.15,139.38,138.53,138.83,5722,0
1352764800,138.08,139.81,137.93,138.37,7928,0
1352851200,138.8,138.97,136.17,136.48,8536,0
1352937600,136.52,137.04,135.71,136.22,9484,0
1353024000,136.4,137.18,135.25,136.91,14030,0
1353283200,138.47,139.68,138.39,139.68,10459,0
1353369600,139.49,139.98,138.66,139.79,6401,0
1353456000,139.86,140.13,139.62,140.09,12911,0
1353628800,140.73,141.96,140.61,141.83,3675,0
1353888000,141.24,141.71,140.78,141.7,7991,0
1353974400,141.5,141.97,140.81,141.0,6820,0
1354060800,140.33,142.13,139.58,142.04,9895,0
1354147200,142.6,143.11,141.97,142.72,11343,0
1354233600,142.75,143.01,142.25,142.63,8239,0
1354492800,143.41,143.54,141.93,142.04,12269,0
1354579200,142.04,142.45,141.46,141.8,10711,0
1354665600,141.98,142.74,140.96,142.08,14587,0
1354752000,141.99,142.63,141.76,142.56,14718,0
1354838400,143.14,143.27,142.28,143.0,12828,0
1355097600,142.83,143.42,142.75,143.11,14581,0
1355184000,143.69,144.72,143.61,144.04,22056,0
1355270400,144.63,145.16,143.95,144.13,11980,0
1355356800,144.05,144.45,142.89,143.3,14649,0
1355443200,142.94,143.19,142.48,142.72,11529,0
1355702400,143.1,144.44,143.05,144.4,15455,0
1355788800,144.61,146.14,144.41,146.0,16359,0
1355875200,145.25,145.27,143.96,143.99,14252,0
1355961600,144.06,144.82,143.69,144.78,13846,0
1356048000,142.87,143.8,142.65,143.51,16024,0
1356307200,143.23,143.27,142.91,142.94,4765,0
1356480000,143.35,143.41,142.07,142.42,9078,0
1356566400,142.52,142.78,140.62,142.28,13187,0
1356652800,141.37,142.12,140.62,140.65,14956,0
1356912000,140.4,143.26,140.24,143.17,18455,0
1357084800,145.84,146.82,145.46,146.81,13784,0
1357171200,146.7,147.1,146.07,146.48,21434,0
1357257600,146.69,147.34,146.41,147.16,11993,0
1357516800,146.59,146.84,146.16,146.69,7522,0
1357603200,146.44,146.63,145.72,146.25,16124,0
1357689600,146.6,147.05,146.38,146.68,13160,0
1357776000,147.5,147.82,146.7,147.8,12857,0
1357862400,147.79,147.87,147.34,147.85,5937,0
1358121600,147.63,147.8,147.16,147.7,15117,0
1358208000,147.04,147.93,146.93,147.77,15933,0
1358294400,147.52,148.02,147.35,147.79,17906,0
1358380800,148.42,149.16,147.48,148.69,17091,0
1358467200,148.72,149.23,148.18,149.06,10417,0
1358812800,149.1,149.88,148.72,149.86,11827,0
1358899200,149.9,150.24,149.61,150.13,11184,0
1358985600,149.91,150.89,149.76,150.14,13325,0
1359072000,150.67,150.99,150.21,150.95,11879,0
1359331200,151.06,151.09,150.28,150.77,11370,0
1359417600,150.5,151.61,150.44,151.43,9101,0
1359504000,151.39,151.7,150.69,150.86,10471,0
1359590400,150.68,151.13,150.37,150.56,9918,0
1359676800,151.36,152.18,151.15,152.0,12367,0
1359936000,151.11,151.34,150.2,150.32,13437,0
1360022400,151.12,152.24,151.06,151.82,13215,0
1360108800,151.28,152.02,151.18,151.93,12499,0
1360195200,151.97,152.1,150.62,151.74,11645,0
1360281600,152.02,152.65,151.97,152.54,8328,0
1360540800,152.54,152.65,152.16,152.52,6448,0
1360627200,152.55,153.07,152.38,152.78,5807,0
1360713600,153.11,153.38,152.49,152.93,8590,0
1360800000,152.42,153.24,152.28,153.07,7738,0
1360886400,153.22,153.36,152.32,152.91,14904,0
1361232000,153.13,154.07,153.13,154.02,9402,0
1361318400,153.94,153.97,152.09,152.09,12281,0
1361404800,151.73,151.73,150.7,151.18,14888,0
1361491200,151.94,152.6,151.54,152.6,10544,0
1361750400,153.42,153.62,149.76,149.76,25710,0
1361836800,150.47,150.95,149.49,150.76,27926,0
1361923200,150.67,153.1,150.51,152.67,16999,0
1362009600,152.68,153.65,152.37,152.39,20114,0
1362096000,151.84,153.12,151.17,152.91,40112,0
1362355200,152.54,153.64,152.31,153.63,10945,0
1362441600,154.43,155.5,154.43,155.08,13406,0
1362528000,155.66,155.72,154.96,155.3,11312,0
1362614400,155.5,155.78,155.33,155.6,7383,0
1362700800,156.25,156.44,155.47,156.24,11154,0
1362960000,156.03,156.88,156.02,156.88,6520,0
1363046400,156.87,156.88,156.01,156.45,11662,0
1363132800,156.3,156.93,156.23,156.71,8801,0
1363219200,157.19,157.61,157.14,157.42,8500,0
1363305600,157.1,157.56,156.98,157.37,12069,0
1363564800,156.58,157.14,156.28,156.67,15532,0
1363651200,156.51,156.67,155.09,156.04,11905,0
1363737600,157.01,157.46,156.76,156.87,9285,0
1363824000,156.26,156.8,155.6,155.86,14346,0
1363910400,156.79,157.16,155.95,157.16,7870,0
1364169600,156.62,156.68,155.13,155.9,9904,0
1364256000,156.67,157.01,156.19,156.95,8739,0
1364342400,156.2,157.01,156.19,156.96,11201,0
1364428800,157.04,157.62,157.02,157.47,10182,0
1364774400,157.38,157.69,156.44,156.81,7079,0
1364860800,157.4,157.98,157.15,157.57,7741,0
1364947200,157.69,157.81,155.58,156.01,10943,0
1365033600,156.19,156.92,155.87,156.62,8696,0
1365120000,154.7,156.11,154.53,155.94,14761,0
1365379200,156.01,157.0,155.52,156.97,6897,0
1365465600,157.26,158.09,156.74,157.5,14055,0
1365552000,157.94,159.63,157.9,159.47,12007,0
1365638400,159.48,160.5,159.32,160.01,10956,0
1365724800,159.46,159.81,158.71,159.6,9313,0
1365984000,158.79,158.91,155.87,155.89,17938,0
1366070400,157.08,158.26,156.68,158.17,10685,0
1366156800,157.07,157.09,155.05,155.82,14825,0
1366243200,156.12,156.16,154.31,154.92,11740,0
1366329600,155.23,156.31,154.89,156.2,7538,0
1366588800,156.55,157.3,155.51,156.96,10244,0
1366675200,157.73,158.71,156.95,158.59,15028,0
1366761600,158.62,159.07,158.33,158.66,11703,0
1366848000,159.09,160.05,158.9,159.33,11787,0
1366934400,159.1,159.37,158.52,159.03,10558,0
1367193600,159.44,160.44,159.21,160.11,7833,0
1367280000,160.07,160.51,159.4,160.5,14135,0
1367366400,160.13,160.21,158.89,159.1,16689,0
1367452800,159.47,160.68,159.34,160.51,8055,0
1367539200,161.94,162.7,161.84,162.17,8215,0
1367798400,162.31,162.82,162.23,162.6,9844,0
1367884800,162.95,163.47,162.49,163.41,18181,0
1367971200,163.25,164.2,163.16,164.15,10393,0
1368057600,164.09,164.52,163.29,163.65,11610,0
1368144000,163.83,164.31,163.33,164.28,12237,0
1368403200,164.02,164.62,163.66,164.37,8686,0
1368489600,164.5,166.18,164.49,166.12,15076,0
1368576000,165.81,167.28,165.75,166.94,14650,0
1368662400,166.62,167.2,165.93,166.15,20436,0
1368748800,166.8,167.88,166.56,167.83,20195,0
1369008000,167.65,168.43,167.46,167.78,19954,0
1369094400,167.94,168.65,167.34,168.03,19626,0
1369180800,168.2,169.93,166.03,166.7,39905,0
1369267200,165.0,166.75,164.78,166.26,37650,0
1369353600,165.31,166.16,164.82,166.16,15137,0
1369699200,167.94,168.62,166.66,167.15,26819,0
1369785600,166.27,166.63,165.17,166.07,18093,0
1369872000,166.22,167.44,166.07,166.67,12744,0
1369958400,166.19,167.13,164.24,164.27,13005,0
1370217600,164.66,165.27,163.47,165.21,22443,0
1370304000,165.29,165.93,163.56,164.33,18055,0
1370390400,163.91,164.22,161.93,162.09,22440,0
1370476800,162.03,163.54,161.06,163.52,14954,0
1370563200,164.69,165.78,163.99,165.62,15923,0
1370822400,166.14,166.23,165.19,165.6,14292,0
1370908800,164.1,165.38,163.58,163.95,19629,0
1370995200,165.07,165.21,162.41,162.59,19767,0
1371081600,162.45,165.33,162.12,165.03,12446,0
1371168000,164.85,165.5,163.73,164.02,16567,0
1371427200,165.14,166.06,164.38,165.29,20641,0
1371513600,165.36,166.84,165.36,166.6,11714,0
1371600000,166.44,166.91,164.21,164.3,17672,0
1371686400,162.69,162.91,159.77,160.19,31914,0
1371772800,161.26,161.42,159.12,160.71,25388,0
1372032000,159.02,160.06,157.35,158.64,25200,0
1372118400,160.14,160.79,159.05,160.22,22442,0
1372204800,160.72,161.33,160.09,161.0,29179,0
1372291200,161.96,162.66,161.8,161.96,18788,0
1372377600,161.48,162.25,160.71,161.03,21374,0
1372636800,162.12,163.32,161.88,162.16,43281,0
1372723200,161.94,163.13,161.32,161.98,18184,0
1372809600,161.3,162.59,161.07,162.23,8082,0
1372982400,163.32,163.93,162.14,163.86,20486,0
1373241600,164.73,165.26,164.44,164.78,15370,0
1373328000,165.83,166.22,165.14,165.97,14600,0
1373414400,165.84,166.63,164.5,166.05,23550,0
1373500800,167.98,168.49,167.43,168.31,17329,0
1373587200,168.3,168.75,168.03,168.59,14343,0
1373846400,168.85,169.29,168.58,169.09,13651,0
1373932800,169.16,169.26,167.98,168.43,17331,0
1374019200,169.07,169.36,168.63,168.84,12190,0
1374105600,169.19,170.17,169.1,169.83,17058,0
1374192000,169.43,170.09,169.2,170.08,13972,0
1374451200,170.35,170.66,169.93,170.41,10259,0
1374537600,170.75,170.76,169.96,170.13,20384,0
1374624000,170.71,170.76,169.09,169.44,19085,0
1374710400,169.13,169.97,168.84,169.91,22589,0
1374796800,169.12,170.07,168.41,170.03,17618,0
1375056000,169.6,169.96,169.01,169.48,14005,0
1375142400,170.02,170.18,169.09,169.5,15353,0
1375228800,169.86,170.75,169.4,169.53,19128,0
1375315200,170.88,171.72,170.81,171.54,12646,0
1375401600,171.19,171.88,170.97,171.85,12930,0
1375660800,171.49,171.87,171.26,171.62,8181,0
1375747200,171.3,171.65,170.27,170.67,8764,0
1375833600,170.11,170.33,169.44,170.1,14628,0
1375920000,170.91,171.07,169.83,170.7,10268,0
1376006400,170.48,170.99,169.63,170.22,11282,0
1376265600,169.35,170.21,169.28,170.02,9341,0
1376352000,170.28,170.8,169.3,170.52,9009,0
1376438400,170.4,170.68,169.6,169.63,11537,0
1376524800,168.26,168.26,166.96,167.22,13430,0
1376611200,166.93,167.5,166.37,166.74,12448,0
1376870400,166.53,167.07,165.64,165.64,7297,0
1376956800,165.92,167.05,165.73,166.44,13714,0
1377043200,165.98,166.89,165.06,165.45,18846,0
1377129600,165.75,168.59,165.75,166.86,15334,0
1377216000,167.41,167.71,166.65,167.47,12646,0
1377475200,167.69,168.19,166.8,166.87,8421,0
1377561600,165.23,165.84,164.06,164.17,23554,0
1377648000,164.12,165.34,163.9,164.76,22120,0
1377734400,164.37,165.89,164.26,165.01,17720,0
1377820800,165.38,165.38,164.02,164.42,12213,0
1378166400,166.08,166.44,164.56,165.23,10166,0
1378252800,165.29,166.89,165.0,166.62,11679,0
1378339200,166.73,167.26,166.61,166.78,11723,0
1378425600,167.39,167.85,165.35,166.84,14801,0
1378684800,167.35,168.61,167.32,168.51,12801,0
1378771200,169.52,169.8,169.16,169.78,13782,0
1378857600,169.54,170.31,169.24,170.3,11656,0
1378944000,170.25,170.46,169.64,169.86,14393,0
1379030400,170.05,170.36,169.65,170.25,17297,0
1379289600,172.08,172.16,170.96,171.23,14842,0
1379376000,171.39,172.03,171.39,171.97,11127,0
1379462400,171.94,174.47,171.51,174.03,21314,0
1379548800,174.48,174.55,173.53,173.75,14077,0
1379635200,174.1,174.11,172.37,172.48,12049,0
1379894400,172.27,172.4,171.16,171.71,18450,0
1379980800,170.82,171.46,170.14,170.46,15781,0
1380067200,170.57,170.84,169.82,170.0,38193,0
1380153600,170.25,171.09,169.98,170.58,15683,0
1380240000,169.75,170.05,169.39,169.88,12103,0
1380499200,168.37,169.47,168.06,168.94,27294,0
1380585600,169.05,170.42,168.93,170.23,21185,0
1380672000,169.25,170.13,168.76,170.07,21358,0
1380758400,169.7,169.85,167.76,168.59,31339,0
1380844800,168.63,169.97,168.46,169.78,16466,0
1381104000,168.34,169.37,168.17,168.36,13601,0
1381190400,168.33,168.52,166.27,166.38,26798,0
1381276800,166.71,167.11,165.44,166.48,33659,0
1381363200,168.2,170.17,168.15,170.08,20402,0
1381449600,169.85,171.25,169.71,171.18,14220,0
1381708800,170.19,172.02,169.99,171.89,16498,0
1381795200,171.43,172.07,170.41,170.63,17364,0
1381881600,171.65,173.1,171.58,173.02,11986,0
1381968000,172.3,174.25,172.29,174.15,15178,0
1382054400,174.83,175.47,174.47,175.33,13826,0
1382313600,175.41,175.71,174.97,175.36,15698,0
1382400000,175.88,176.89,175.64,176.4,17886,0
1382486400,175.79,175.85,174.94,175.58,17488,0
1382572800,175.88,176.34,175.48,176.12,9132,0
1382659200,176.47,176.93,176.15,176.93,12302,0
1382918400,177.08,177.46,176.68,177.24,12996,0
1383004800,177.65,178.24,177.42,178.24,9419,0
1383091200,178.19,178.3,176.63,177.43,21071,0
1383177600,176.76,177.86,176.5,176.63,15860,0
1383264000,176.88,177.39,176.22,176.9,28023,0
1383523200,177.69,177.87,177.12,177.8,12666,0
1383609600,177.12,177.73,176.54,177.28,11409,0
1383696000,178.04,178.48,177.52,178.14,10586,0
1383782400,178.5,178.63,175.74,175.91,33876,0
1383868800,175.89,178.24,175.83,178.2,18603,0
1384128000,178.16,178.51,177.9,178.28,7005,0
1384214400,177.96,178.34,177.35,177.95,8996,0
1384300800,177.07,179.39,177.07,179.35,8966,0
1384387200,179.54,180.42,179.25,180.31,9636,0
1384473600,180.57,181.08,180.35,181.05,7107,0
1384732800,181.37,181.5,180.03,180.47,8522,0
1384819200,180.33,180.87,179.73,180.04,6493,0
1384905600,180.39,180.91,178.99,179.45,9865,0
1384992000,180.02,181.05,179.86,180.89,7206,0
1385078400,180.99,181.83,180.78,181.76,9292,0
1385337600,182.14,182.17,181.39,181.66,8323,0
1385424000,181.75,182.23,181.41,181.7,6748,0
1385510400,181.9,182.25,181.67,182.15,9157,0
1385683200,182.32,182.77,181.82,182.05,5374,0
1385942400,182.11,182.43,181.26,181.53,8061,0
1386028800,180.98,181.39,180.18,180.88,10349,0
1386115200,180.09,181.48,179.34,180.7,9997,0
1386201600,180.4,180.73,179.79,179.99,8514,0
1386288000,181.69,182.12,181.17,181.96,18548,0
1386547200,182.5,182.69,182.19,182.4,13431,0
1386633600,182.02,182.38,181.66,181.8,9690,0
1386720000,181.82,181.88,179.51,179.69,15041,0
1386806400,179.65,179.85,178.75,179.16,17081,0
1386892800,179.5,179.65,178.78,179.09,9652,0
1387152000,179.97,180.81,179.92,180.21,11186,0
1387238400,180.36,180.41,179.24,179.63,12077,0
1387324800,179.94,182.75,178.22,182.73,24844,0
1387411200,182.21,182.72,181.74,182.54,15417,0
1387497600,182.67,184.02,182.66,183.58,21293,0
1387756800,183.55,183.73,182.53,183.55,25416,0
1387843200,183.64,184.2,183.59,184.2,9215,0
1388016000,184.44,185.04,184.41,184.97,15153,0
1388102400,185.25,185.29,184.74,184.92,15204,0
1388361600,184.95,185.08,184.66,184.88,10951,0
1388448000,185.21,185.74,185.02,185.62,13405,0
1388620800,185.04,185.65,183.56,184.02,22680,0
1388707200,184.3,184.68,183.7,183.87,18088,0
1388966400,184.54,184.63,183.15,183.45,15398,0
1389052800,184.19,184.86,184.04,184.53,11963,0
1389139200,184.53,184.9,183.97,184.61,23771,0
1389225600,185.19,185.21,183.88,184.72,13442,0
1389312000,185.05,185.3,184.09,185.15,14842,0
1389571200,184.76,185.26,182.42,182.78,17902,0
1389657600,183.34,184.85,183.02,184.75,16951,0
1389744000,185.16,186.02,185.09,185.76,14745,0
1389830400,185.39,185.57,184.91,185.49,21953,0
1389916800,185.2,185.53,184.4,184.7,16839,0
1390262400,185.78,185.85,184.13,185.27,12784,0
1390348800,185.6,185.65,184.99,185.42,17503,0
1390435200,184.47,184.47,182.89,183.85,18589,0
1390521600,182.65,182.72,179.91,179.92,41134,0
1390780800,180.13,180.56,178.16,179.04,28024,0
1390867200,179.2,180.33,179.16,180.12,19091,0
1390953600,178.64,179.59,177.9,178.35,30240,0
1391040000,179.88,180.85,179.31,180.37,14996,0
1391126400,178.05,180.34,177.97,179.12,19430,0
1391385600,178.97,179.39,174.84,175.16,96182,0
1391472000,175.96,176.86,175.35,176.41,25532,0
1391558400,175.79,176.59,174.72,176.15,20559,0
1391644800,176.61,178.51,176.61,178.44,22321,0
1391731200,179.37,180.93,178.78,180.75,17868,0
1391990400,180.75,181.13,180.27,181.05,15078,0
1392076800,181.25,183.51,181.1,183.03,21620,0
1392163200,183.31,183.9,182.79,183.17,17640,0
1392249600,181.91,184.28,181.91,184.14,14228,0
1392336000,183.93,185.45,183.77,185.09,12234,0
1392681600,185.27,185.59,184.76,185.36,10878,0
1392768000,184.86,186.06,183.96,184.13,14462,0
1392854400,184.36,185.63,183.71,185.26,16072,0
1392940800,185.59,185.99,184.9,184.99,10666,0
1393200000,185.4,187.26,185.31,186.09,12539,0
1393286400,186.14,186.7,185.35,185.91,17030,0
1393372800,186.24,186.7,185.44,185.93,26090,0
1393459200,185.69,186.94,185.48,186.94,10898,0
1393545600,186.91,188.28,186.17,187.42,23183,0
1393804800,185.79,186.56,184.85,186.02,26768,0
1393891200,187.89,189.13,187.89,188.83,35575,0
1393977600,188.88,189.19,188.6,188.86,21189,0
1394064000,189.36,189.75,189.04,189.3,18110,0
1394150400,190.03,190.1,188.58,189.34,16215,0
1394409600,188.66,189.39,188.21,189.39,7147,0
1394496000,189.4,189.85,187.93,188.31,17094,0
1394582400,187.69,188.47,187.54,188.45,8030,0
1394668800,188.65,188.74,185.78,186.27,19746,0
1394755200,186.53,186.84,185.55,186.54,15916,0
1395014400,187.44,187.77,186.93,187.49,9101,0
1395100800,188.77,189.05,188.31,188.69,11258,0
1395187200,188.98,189.03,186.62,187.72,21573,0
1395273600,188.23,189.02,187.87,188.8,11937,0
1395360000,189.39,189.99,188.0,188.3,11990,0
1395619200,187.53,187.91,186.57,187.38,15354,0
1395705600,187.59,187.68,186.4,187.47,12800,0
1395792000,187.91,188.1,185.88,185.94,16879,0
1395878400,186.32,186.42,185.16,185.88,13598,0
1395964800,187.17,187.55,186.13,186.57,12783,0
1396224000,187.75,188.43,187.59,188.15,19986,0
1396310400,188.74,189.5,188.59,189.4,12382,0
1396396800,189.65,190.26,189.28,190.01,11372,0
1396483200,190.4,190.41,189.2,189.77,9005,0
1396569600,190.78,190.85,187.24,187.52,15362,0
1396828800,187.05,187.4,185.08,185.45,24556,0
1396915200,185.36,186.52,184.72,186.23,16897,0
1397001600,186.74,188.28,186.2,188.25,12662,0
1397088000,188.23,188.3,184.05,184.26,21781,0
1397174400,183.25,184.52,182.41,182.57,15589,0
1397433600,184.03,184.47,182.55,184.05,12711,0
1397520000,184.4,185.43,182.61,185.33,16803,0
1397606400,186.58,187.27,185.78,187.24,7664,0
1397692800,187.0,188.02,186.71,187.5,8128,0
1398038400,187.56,188.23,187.36,188.19,8547,0
1398124800,188.38,189.55,188.29,188.98,12135,0
1398211200,188.96,189.05,188.45,188.59,8825,0
1398297600,189.54,189.55,188.07,188.97,9474,0
1398384000,188.36,188.44,187.01,187.44,9370,0
1398643200,188.2,188.81,186.08,188.01,12238,0
1398729600,188.59,189.17,188.21,188.89,7499,0
1398816000,188.58,189.64,188.33,189.53,9804,0
1398902400,189.38,189.99,188.88,189.48,5737,0
1398988800,189.44,190.28,188.94,189.24,8872,0
1399248000,188.26,189.69,187.78,189.58,6467,0
1399334400,189.15,189.28,187.88,187.97,6081,0
1399420800,188.57,189.11,187.15,189.02,9166,0
1399507200,188.82,190.18,188.24,188.86,9603,0
1399593600,188.84,189.18,187.98,189.18,7794,0
1399852800,189.92,191.03,189.92,190.93,12938,0
1399939200,191.19,191.59,190.93,191.1,8467,0
1400025600,190.98,191.01,189.95,190.21,8156,0
1400112000,189.84,189.88,187.61,188.52,15459,0
1400198400,188.64,189.26,187.87,189.22,9493,0
1400457600,188.83,190.06,188.66,189.9,6410,0
1400544000,189.79,189.82,188.19,188.67,21405,0
1400630400,189.25,190.37,189.2,190.25,8475,0
1400716800,190.32,191.14,190.02,190.75,8404,0
1400803200,190.91,191.65,190.83,191.55,9049,0
1401148800,192.26,192.76,192.13,192.72,9096,0
1401235200,192.72,193.01,192.26,192.53,10856,0
1401321600,193.02,193.58,192.52,193.55,9822,0
1401408000,193.39,194.0,193.22,193.85,10604,0
1401667200,194.16,194.19,193.16,194.09,7603,0
1401753600,193.63,194.1,193.46,193.99,5938,0
1401840000,193.66,194.5,193.47,194.36,8721,0
1401926400,194.61,195.86,193.93,195.65,10906,0
1402012800,196.1,196.65,196.01,196.59,9053,0
1402272000,196.59,197.3,196.41,196.83,10702,0
1402358400,196.57,196.83,196.15,196.82,8633,0
1402444800,196.1,196.34,195.71,196.17,6801,0
1402531200,195.89,196.04,194.32,194.75,10118,0
1402617600,195.13,195.52,194.51,195.34,8813,0
1402876800,195.12,195.92,194.87,195.52,4827,0
1402963200,195.22,196.19,195.04,196.02,6778,0
1403049600,196.06,197.6,195.62,197.51,10795,0
1403136000,197.69,197.84,197.03,197.72,6735,0
1403222400,198.21,198.25,197.89,198.13,10746,0
1403481600,198.16,198.23,197.7,198.08,8055,0
1403568000,196.82,197.77,195.74,195.97,13692,0
1403654400,195.53,197.03,195.52,196.81,16506,0
1403740800,196.87,196.9,195.39,196.69,6473,0
1403827200,196.21,197.15,196.15,197.07,7273,0
1404086400,197.01,197.43,196.8,196.98,6896,0
1404172800,197.48,198.91,197.41,198.33,19309,0
1404259200,198.29,198.73,198.22,198.52,7720,0
1404345600,199.07,199.57,198.92,199.54,5153,0
1404691200,199.12,199.26,198.51,198.85,10416,0
1404777600,198.4,198.49,197.03,197.54,15915,0
1404864000,198.01,198.56,197.6,198.41,13332,0
1404950400,196.51,198.14,196.34,197.58,9545,0
1405036800,197.51,198.01,197.06,197.87,8260,0
1405296000,198.9,199.14,198.72,198.87,5083,0
1405382400,199.01,199.39,197.64,198.5,11660,0
1405468800,199.37,199.52,198.7,199.26,10788,0
1405555200,198.66,199.38,196.7,196.99,11931,0
1405641600,197.6,199.19,197.51,199.0,8848,0
1405900800,198.38,198.78,197.71,198.57,7506,0
1405987200,199.32,199.83,199.15,199.48,7890,0
1406073600,199.76,200.13,199.41,199.93,9739,0
1406160000,200.14,200.35,199.76,199.91,8772,0
1406246400,199.4,199.53,198.6,199.0,10936,0
1406505600,199.04,199.37,197.89,199.06,8454,0
1406592000,199.46,199.7,198.22,198.22,9506,0
1406678400,198.92,199.18,197.43,198.27,8888,0
1406764800,196.86,197.03,194.27,194.28,14115,0
1406851200,193.82,194.98,192.81,193.75,25596,0
1407110400,194.11,195.53,193.28,195.13,6014,0
1407196800,194.34,194.84,192.55,193.21,13688,0
1407283200,192.35,194.12,192.3,193.27,8512,0
1407369600,194.16,194.34,191.78,192.24,12098,0
1407456000,192.68,194.6,192.17,194.47,13769,0
1407715200,195.23,195.93,194.96,195.03,14019,0
1407801600,194.83,195.38,194.2,194.78,12449,0
1407888000,195.5,196.3,195.23,196.14,8084,0
1407974400,196.4,197.0,196.24,196.96,7228,0
1408060800,197.75,197.93,195.58,196.97,14635,0
1408320000,198.1,198.73,197.98,198.62,14799,0
1408406400,199.09,199.83,198.93,199.69,13513,0
1408492800,199.39,200.45,199.39,200.21,8268,0
1408579200,200.37,201.08,200.25,200.8,11906,0
1408665600,200.67,200.97,200.05,200.46,6743,0
1408924800,201.4,201.83,201.18,201.48,9316,0
1409011200,201.64,202.13,201.57,201.66,8791,0
1409097600,201.72,201.88,201.26,201.59,5768,0
1409184000,200.89,201.57,200.69,201.44,9921,0
1409270400,201.8,202.04,201.13,201.99,6907,0
1409616000,202.32,202.32,201.17,201.89,16277,0
1409702400,202.69,202.73,201.53,201.82,6352,0
1409788800,202.18,202.9,200.96,201.51,9598,0
1409875200,201.44,202.5,200.73,202.47,13275,0
1410134400,202.23,202.51,201.31,201.9,9870,0
1410220800,201.74,201.86,200.22,200.64,10184,0
1410307200,200.71,201.51,200.06,201.4,6407,0
1410393600,200.58,201.65,200.42,201.6,9663,0
1410480000,201.44,201.44,199.86,200.44,11973,0
1410739200,200.47,200.62,199.66,200.28,9046,0
1410825600,199.92,202.15,199.8,201.82,15648,0
1410912000,202.13,202.99,201.07,202.05,18497,0
1410998400,202.7,203.19,202.46,203.1,12712,0
1411084800,203.78,204.0,202.57,203.01,15114,0
1411344000,202.57,202.65,200.98,201.38,10368,0
1411430400,200.67,201.5,200.19,200.26,12289,0
1411516800,199.32,200.98,198.83,200.88,14040,0
1411603200,200.33,200.37,197.61,197.62,12384,0
1411689600,197.97,199.7,197.73,199.26,13253,0
1411948800,197.5,199.2,197.36,198.85,13660,0
1412035200,199.03,199.61,197.92,198.29,17469,0
1412121600,198.04,198.05,195.21,195.62,35573,0
1412208000,195.48,196.34,193.63,195.66,27255,0
1412294400,196.97,198.23,196.38,197.82,21325,0
1412553600,198.66,198.9,196.89,197.57,18638,0
1412640000,196.55,197.01,194.54,194.55,19857,0
1412726400,194.63,198.2,193.63,197.93,23465,0
1412812800,197.67,197.89,193.86,193.95,30605,0
1412899200,193.97,194.93,191.77,191.77,28715,0
1413158400,191.69,192.4,188.52,188.61,21681,0
1413244800,189.61,191.05,188.28,188.95,35868,0
1413331200,186.39,188.11,183.13,187.5,82189,0
1413417600,184.25,188.8,184.1,187.43,35553,0
1413504000,189.63,191.0,188.87,189.75,25978,0
1413763200,189.38,191.69,189.35,191.57,13466,0
1413849600,192.96,195.47,192.74,195.3,21104,0
1413936000,195.73,196.19,193.88,193.97,20141,0
1414022400,195.87,197.45,195.59,196.24,28068,0
1414108800,196.54,197.79,195.8,197.66,17810,0
1414368000,196.95,197.74,196.72,197.7,6674,0
1414454400,198.26,199.84,198.21,199.84,9002,0
1414540800,199.86,200.13,198.11,199.12,16218,0
1414627200,199.44,201.27,199.15,200.75,7878,0
1414713600,202.8,203.12,202.36,202.99,14680,0
1414972800,203.22,203.79,202.66,203.09,19267,0
1415059200,202.58,202.93,201.39,202.45,21270,0
1415145600,203.91,203.95,202.8,203.72,21289,0
1415232000,203.72,204.62,202.98,204.53,13000,0
1415318400,204.5,204.95,203.97,204.73,13736,0
1415577600,204.72,205.4,204.48,205.32,11835,0
1415664000,205.41,205.67,205.01,205.52,8004,0
1415750400,204.73,205.6,204.67,205.35,12184,0
1415836800,205.55,206.21,204.59,205.53,10252,0
1415923200,205.49,205.84,205.09,205.6,7037,0
1416182400,205.16,205.95,205.02,205.75,9027,0
1416268800,205.79,207.3,205.79,206.92,15291,0
1416355200,206.66,206.93,205.68,206.58,12959,0
1416441600,205.6,207.08,205.54,206.96,13502,0
1416528000,209.05,209.11,207.37,208.08,26442,0
1416787200,208.61,208.8,208.32,208.68,8832,0
1416873600,208.97,209.2,208.21,208.58,12815,0
1416960000,208.67,209.15,208.43,209.06,7243,0
1417132800,208.88,209.27,208.3,208.43,5368,0
1417392000,207.81,207.9,206.75,207.18,14383,0
1417478400,207.18,208.73,207.16,208.48,9240,0
1417564800,208.67,209.54,208.5,209.3,9317,0
1417651200,208.94,209.66,208.09,209.07,14633,0
1417737600,209.28,209.88,208.95,209.41,8229,0
1417996800,208.95,209.51,207.31,208.01,14962,0
1418083200,205.76,207.99,205.27,207.86,15639,0
1418169600,207.29,207.35,204.28,204.51,24222,0
1418256000,205.27,207.56,205.06,205.52,20194,0
1418342400,204.03,205.18,202.19,202.21,31107,0
1418601600,203.36,203.88,200.1,200.8,28670,0
1418688000,199.9,203.71,199.16,199.23,40100,0
1418774400,199.78,203.67,199.6,203.26,26012,0
1418860800,206.14,208.17,205.29,208.17,33770,0
1418947200,208.96,209.88,208.18,209.04,19100,0
1419206400,209.29,210.0,209.01,210.0,20083,0
1419292800,210.76,210.81,210.07,210.32,16850,0
1419379200,209.51,209.8,209.18,209.55,8764,0
1419552000,209.75,210.31,209.72,209.85,8200,0
1419811200,209.64,210.42,209.63,210.18,9890,0
1419897600,209.69,209.82,208.97,209.09,11417,0
1419984000,209.46,209.66,206.84,206.96,15019,0
1420156800,207.82,208.32,205.64,206.85,14739,0
1420416000,205.62,205.79,202.76,203.25,30559,0
1420502400,203.51,204.12,200.25,201.28,36140,0
1420588800,202.84,204.14,202.3,203.75,17342,0
1420675200,205.45,207.59,205.43,207.37,16922,0
1420761600,207.84,207.85,204.94,205.61,17292,0
1421020800,205.85,206.03,203.35,204.03,16133,0
1421107200,205.55,206.91,201.95,203.5,32251,0
1421193600,201.05,202.49,199.97,202.31,30665,0
1421280000,203.03,203.42,200.28,200.42,33321,0
1421366400,200.18,203.23,199.95,203.01,16408,0
1421712000,203.79,204.12,201.59,203.46,14389,0
1421798400,202.92,205.07,202.37,204.49,20834,0
1421884800,205.44,207.71,203.76,207.54,15486,0
1421971200,207.2,207.54,206.24,206.39,17831,0
1422230400,206.18,207.01,205.29,206.9,16622,0
1422316800,204.44,205.55,203.15,204.17,25586,0
1422403200,205.63,205.72,201.33,201.46,22208,0
1422489600,201.73,203.72,200.08,203.41,31358,0
1422576000,201.99,203.58,200.54,200.84,32752,0
1422835200,201.48,203.43,199.27,203.31,16401,0
1422921600,204.43,206.29,204.0,206.23,10890,0
1423008000,205.39,206.82,204.96,205.5,21428,0
1423094400,206.3,207.74,206.23,207.65,29688,0
1423180800,208.02,208.72,206.4,206.98,13807,0
1423440000,206.21,207.09,205.58,206.03,21417,0
1423526400,207.33,208.57,206.26,208.27,13080,0
1423612800,208.07,208.89,207.27,208.38,25407,0
1423699200,209.38,210.45,209.15,210.36,16799,0
1423785600,210.51,211.31,210.24,211.28,10933,0
1424131200,210.89,211.8,210.59,211.64,10226,0
1424217600,211.13,211.7,210.82,211.63,7028,0
1424304000,210.92,211.9,210.72,211.49,8599,0
1424390400,210.94,212.8,210.23,212.74,10557,0
1424649600,212.44,212.71,211.97,212.7,8779,0
1424736000,212.62,213.55,212.27,213.33,8324,0
1424822400,213.16,213.74,212.73,213.11,7674,0
1424908800,213.06,213.19,212.16,212.9,12173,0
1424995200,212.77,213.08,212.15,212.18,10909,0
1425254400,212.27,213.54,212.25,213.52,19180,0
1425340800,212.97,213.07,211.57,212.64,10514,0
1425427200,211.91,211.97,210.55,211.71,18403,0
1425513600,212.11,212.28,211.35,211.94,7822,0
1425600000,210.9,211.42,208.56,208.95,14202,0
1425859200,209.39,210.24,209.31,209.88,8447,0
1425945600,207.51,208.1,206.14,206.25,10271,0
1426032000,206.65,206.78,205.83,205.92,8652,0
1426118400,207.64,208.63,207.43,208.47,17241,0
1426204800,207.35,207.68,206.01,206.96,11208,0
1426464000,209.14,210.15,209.04,210.1,8776,0
1426550400,209.2,209.89,208.45,209.4,9495,0
1426636800,208.93,212.76,208.08,211.99,17814,0
1426723200,211.52,211.52,210.52,210.93,10684,0
1426809600,212.29,213.45,212.28,212.73,8158,0
1427068800,213.32,213.42,212.32,212.4,6738,0
1427155200,212.45,212.82,211.15,211.32,11426,0
1427241600,210.17,210.26,207.11,210.18,10707,0
1427328000,206.12,207.74,205.97,206.6,8730,0
1427414400,206.81,207.33,206.47,207.05,6995,0
1427673600,208.35,209.99,208.35,209.65,9841,0
1427760000,208.65,209.49,207.76,207.81,11749,0
1427846400,207.77,207.78,205.88,207.13,22593,0
1427932800,207.0,208.35,206.76,207.76,9570,0
1428278400,206.76,209.85,206.59,209.22,9413,0
1428364800,209.23,210.15,208.65,208.65,9068,0
1428451200,208.99,209.89,208.46,209.39,11539,0
1428537600,209.2,210.57,208.6,210.34,8766,0
1428624000,210.6,211.49,210.37,211.45,6990,0
1428883200,211.31,212.03,210.46,210.48,4719,0
1428969600,210.27,211.11,209.49,210.89,7677,0
1429056000,211.48,212.45,211.35,211.87,8215,0
1429142400,211.45,212.38,211.21,211.78,10198,0
1429228800,210.34,210.62,208.4,209.31,19841,0
1429488000,210.48,211.65,210.38,211.26,9687,0
1429574400,212.1,212.26,210.66,211.03,11209,0
1429660800,211.44,212.26,210.32,212.03,9503,0
1429747200,211.58,213.37,211.45,212.58,15045,0
1429833600,213.07,213.39,212.52,213.07,7903,0
1430092800,213.77,213.88,211.95,212.19,6860,0
1430179200,212.16,212.92,210.75,212.83,12371,0
1430265600,211.75,212.71,211.03,211.96,12492,0
1430352000,211.3,211.76,209.02,209.85,11789,0
1430438400,210.81,212.19,210.7,212.09,9158,0
1430697600,212.65,213.42,212.53,212.77,6644,0
1430784000,212.43,212.85,210.13,210.3,10119,0
1430870400,210.94,211.33,208.15,209.44,14601,0
1430956800,209.31,210.76,208.92,210.29,18014,0
1431043200,212.28,213.28,212.22,213.06,19220,0
1431302400,213.0,213.3,211.94,212.02,14886,0
1431388800,211.0,212.04,210.02,211.38,14255,0
1431475200,211.92,212.64,211.14,211.44,9761,0
1431561600,212.7,213.75,212.34,213.64,7964,0
1431648000,213.89,214.03,213.3,213.9,8697,0
1431907200,213.68,214.86,213.62,214.53,10765,0
1431993600,214.7,215.01,214.12,214.45,6002,0
1432080000,214.59,215.23,213.95,214.3,7145,0
1432166400,214.17,215.18,213.95,214.89,4230,0
1432252800,214.47,214.98,214.35,214.42,6211,0
1432598400,213.84,213.94,211.63,212.15,13222,0
1432684800,212.7,214.42,212.28,214.12,8827,0
1432771200,213.77,214.03,213.05,213.92,8784,0
1432857600,213.8,213.86,212.25,212.53,11527,0
1433116800,213.35,213.77,212.05,212.99,8025,0
1433203200,212.45,213.6,211.68,212.77,12663,0
1433289600,213.39,214.1,212.76,213.36,16314,0
1433376000,212.49,213.19,211.16,211.63,11582,0
1433462400,211.3,211.98,210.38,211.2,9299,0
1433721600,211.05,211.2,209.78,209.84,9570,0
1433808000,209.91,210.47,209.1,209.84,8060,0
1433894400,210.94,212.82,210.66,212.34,11068,0
1433980800,212.93,213.5,212.52,213.01,10466,0
1434067200,212.08,212.9,211.1,211.41,16606,0
1434326400,209.97,210.85,209.19,210.5,11800,0
1434412800,210.32,211.75,210.13,211.68,7756,0
1434499200,212.01,212.72,210.77,212.03,9037,0
1434585600,212.71,214.76,212.56,214.18,9590,0
1434672000,213.97,214.02,212.91,212.91,9893,0
1434931200,214.4,215.07,214.12,214.37,8886,0
1435017600,214.63,214.91,214.05,214.5,10034,0
1435104000,212.97,213.45,211.78,211.78,7269,0
1435190400,212.42,212.53,211.06,211.09,10516,0
1435276800,211.58,211.84,210.45,211.14,10039,0
1435536000,209.31,210.08,206.59,206.71,15489,0
1435622400,208.5,208.51,206.55,207.18,14350,0
1435708800,209.08,209.32,207.86,208.8,11646,0
1435795200,209.34,209.57,208.1,208.58,8528,0
1436140800,207.02,208.94,206.81,207.99,10912,0
1436227200,208.24,209.46,205.37,209.3,17315,0
1436313600,207.7,208.05,205.52,205.75,14551,0
1436400000,208.36,208.64,206.14,206.15,16981,0
1436486400,208.6,209.25,207.77,208.73,14595,0
1436745600,210.28,211.2,210.25,211.06,12612,0
1436832000,210.98,212.34,210.96,211.98,8863,0
1436918400,212.04,212.58,211.09,211.94,10996,0
1437004800,213.19,213.61,212.9,213.56,12835,0
1437091200,213.6,213.85,213.12,213.76,7030,0
1437350400,214.03,214.46,213.54,213.87,5808,0
1437436800,213.69,214.0,212.69,213.04,10774,0
1437523200,212.2,213.05,212.18,212.61,12624,0
1437609600,212.83,212.91,211.04,211.43,11928,0
1437696000,211.56,211.64,208.86,209.23,12697,0
1437955200,208.18,208.8,207.51,208.0,16687,0
1438041600,209.06,210.76,208.07,210.54,8817,0
1438128000,210.77,212.31,210.57,212.01,10731,0
1438214400,211.43,212.29,210.7,212.05,7428,0
1438300800,212.74,212.74,211.44,211.75,11292,0
1438560000,211.7,211.8,209.93,211.02,15672,0
1438646400,211.0,211.5,210.07,210.62,10153,0
1438732800,211.73,212.58,211.0,211.35,8136,0
1438819200,211.52,211.69,208.9,209.73,8809,0
1438905600,209.43,209.57,208.14,209.18,13936,0
1439164800,210.56,211.93,210.56,211.85,6402,0
1439251200,210.23,210.71,209.02,209.89,8397,0
1439337600,208.35,210.39,206.63,210.14,11600,0
1439424000,210.0,210.81,209.28,209.88,6368,0
1439510400,209.7,210.76,209.52,210.65,8063,0
1439769600,209.94,211.85,209.4,211.85,7211,0
1439856000,211.56,211.94,210.97,211.22,5901,0
1439942400,210.38,211.28,208.6,209.56,18911,0
1440028800,207.79,208.39,205.13,205.13,22826,0
1440115200,203.0,204.12,198.7,198.71,47540,0
1440374400,188.51,196.96,147.21,190.59,43925,0
1440460800,196.51,196.94,188.15,188.32,32898,0
1440547200,193.24,195.88,189.47,195.69,55170,0
1440633600,198.25,200.56,196.34,200.46,40096,0
1440720000,199.66,200.99,199.09,200.46,22159,0
1440979200,199.35,200.29,198.18,198.74,29408,0
1441065600,194.28,195.88,191.83,192.7,37665,0
1441152000,195.78,196.59,193.53,196.59,26285,0
1441238400,197.4,199.21,196.08,196.64,24782,0
1441324800,194.01,194.95,192.71,193.67,19749,0
1441670400,197.06,198.75,196.31,198.66,20827,0
1441756800,200.44,200.63,195.46,195.9,27476,0
1441843200,195.69,198.37,195.38,196.99,15741,0
1441929600,196.44,197.89,195.66,197.89,11928,0
1442188800,198.06,198.15,196.56,197.13,9258,0
1442275200,197.83,200.15,197.23,199.62,15468,0
1442361600,199.92,201.59,199.6,201.38,18018,0
1442448000,201.15,204.05,200.49,200.95,26663,0
1442534400,198.0,199.75,197.15,197.61,18610,0
1442793600,198.62,199.87,197.4,198.63,15351,0
1442880000,196.08,196.64,194.74,196.04,18463,0
1442966400,196.26,196.83,195.08,195.73,17658,0
1443052800,194.32,195.59,192.69,195.09,21091,0
1443139200,195.8,196.09,192.88,193.88,18389,0
1443398400,192.85,192.95,188.71,188.95,33988,0
1443484800,189.3,190.77,187.97,189.07,28747,0
1443571200,191.49,192.88,190.49,192.73,28931,0
1443657600,193.14,193.53,190.88,193.22,25288,0
1443744000,190.8,196.04,190.19,196.04,18294,0
1444003200,197.54,199.84,197.43,199.61,19405,0
1444089600,199.42,200.08,198.09,198.91,18196,0
1444176000,200.05,200.93,198.59,200.56,17146,0
1444262400,199.98,202.67,199.7,202.33,19678,0
1444348800,202.63,203.03,201.72,202.48,11712,0
1444608000,202.55,202.87,202.04,202.68,5730,0
1444694400,201.76,203.28,201.18,201.35,16493,0
1444780800,201.32,202.0,200.07,200.38,8812,0
1444867200,201.27,203.47,200.76,203.46,12009,0
1444953600,203.95,204.41,203.05,204.28,12433,0
1445212800,203.66,204.51,203.28,204.47,12565,0
1445299200,204.0,204.98,203.7,204.2,10093,0
1445385600,204.8,205.02,202.78,202.96,18314,0
1445472000,204.15,206.65,203.96,206.37,13661,0
1445558400,208.47,209.11,207.47,208.69,13436,0
1445817600,208.1,208.53,207.91,208.1,10767,0
1445904000,207.33,208.17,206.95,207.69,10557,0
1445990400,208.5,210.14,207.39,210.11,16808,0
1446076800,209.61,210.44,209.39,209.7,10645,0
1446163200,209.68,210.61,208.83,209.05,11636,0
1446422400,209.52,211.81,209.37,211.55,15419,0
1446508800,211.14,212.87,210.91,212.15,11458,0
1446595200,212.51,212.69,210.94,211.54,12040,0
1446681600,211.65,212.2,210.28,211.31,8982,0
1446768000,210.93,211.51,209.66,211.21,12253,0
1447027200,210.48,210.62,208.13,209.22,11968,0
1447113600,208.69,209.78,208.36,209.67,12119,0
1447200000,210.08,210.11,208.84,208.89,7662,0
1447286400,207.65,208.22,205.97,206.02,14591,0
1447372800,205.49,205.82,203.57,203.69,22878,0
1447632000,203.41,206.79,203.31,206.76,19114,0
1447718400,207.14,208.2,206.04,206.52,21736,0
1447804800,207.2,210.09,207.17,209.9,14882,0
1447891200,209.79,210.24,209.4,209.72,16407,0
1447977600,210.66,211.32,210.06,210.55,18995,0
1448236800,210.48,211.17,209.71,210.25,8825,0
1448323200,208.96,211.01,208.61,210.6,9820,0
1448409600,210.73,210.93,210.25,210.51,8293,0
1448582400,210.57,210.99,210.06,210.76,4348,0
1448841600,211.0,211.08,209.75,209.86,17502,0
1448928000,210.64,212.03,210.31,211.93,13822,0
1449014400,211.84,212.2,209.41,209.7,12958,0
1449100800,210.03,210.34,205.91,206.75,19220,0
1449187200,207.25,211.17,207.09,210.81,28996,0
1449446400,210.4,210.45,208.37,209.48,19337,0
1449532800,207.67,209.2,206.94,208.14,19284,0
1449619200,207.38,209.85,205.36,206.48,21879,0
1449705600,206.61,208.58,206.3,206.98,23942,0
1449792000,204.59,205.27,202.63,202.97,33201,0
1450051200,203.22,204.17,201.1,204.12,33447,0
1450137600,205.87,207.25,205.68,206.23,18759,0
1450224000,207.62,209.58,205.92,209.15,22391,0
1450310400,209.59,209.68,206.0,206.06,29221,0
1450396800,205.13,205.23,202.29,202.29,29589,0
1450656000,203.83,204.23,202.43,203.99,14446,0
1450742400,205.04,206.23,203.91,205.86,14667,0
1450828800,207.08,208.46,206.94,208.39,18080,0
1450915200,206.98,207.54,206.65,206.83,11437,0
1451260800,206.09,207.21,205.15,206.39,19576,0
1451347200,207.56,208.8,207.5,208.44,16067,0
1451433600,208.13,208.21,206.78,206.95,18752,0
1451520000,206.2,206.9,204.88,204.93,20931,0
1451865600,201.47,202.01,199.59,201.98,29196,0
1451952000,202.31,202.88,201.03,202.41,25630,0
1452038400,199.36,201.02,198.57,199.79,18674,0
1452124800,196.3,198.4,194.57,194.96,32786,0
1452211200,196.14,196.81,192.52,192.82,26781,0
1452470400,193.95,194.33,190.78,192.98,30935,0
1452556800,194.85,195.5,192.08,194.58,23560,0
1452643200,195.35,195.81,189.3,189.74,28595,0
1452729600,190.48,194.2,188.57,192.85,26308,0
1452816000,187.64,193.39,186.46,188.72,32166,0
1453161600,190.8,191.01,187.12,188.92,36075,0
1453248000,185.93,188.41,181.9,186.71,36570,0
1453334400,187.11,189.79,185.58,187.59,31301,0
1453420800,190.71,191.67,189.82,191.42,15042,0
1453680000,190.86,191.08,188.34,188.58,14218,0
1453766400,189.36,191.45,188.94,191.1,17227,0
1453852800,190.61,192.5,187.98,189.03,20930,0
1453939200,190.9,191.1,188.08,190.06,20086,0
1454025600,190.94,194.69,190.82,194.65,30164,0
1454284800,193.47,195.53,192.79,194.65,26006,0
1454371200,192.94,192.94,190.47,191.05,23216,0
1454457600,192.39,192.72,188.05,192.15,33936,0
1454544000,191.71,193.69,190.93,192.5,17880,0
1454630400,191.96,192.02,188.14,188.9,22997,0
1454889600,186.68,187.0,183.72,186.29,28248,0
1454976000,184.21,187.87,184.11,186.27,22675,0
1455062400,187.3,206.34,186.04,186.18,13758,0
1455148800,183.18,184.96,182.02,183.94,21794,0
1455235200,185.84,187.58,184.87,187.58,11612,0
1455580800,189.76,190.74,187.11,190.72,12750,0
1455667200,192.12,194.28,191.97,193.84,11766,0
1455753600,194.2,194.25,192.69,193.0,10054,0
1455840000,192.15,193.14,191.42,192.99,7846,0
1456099200,194.85,195.93,194.79,195.77,9838,0
1456185600,195.02,195.28,193.16,193.33,10297,0
1456272000,191.59,194.5,190.27,194.2,12989,0
1456358400,194.71,196.54,193.82,196.54,10811,0
1456444800,197.58,197.68,195.89,196.13,14041,0
1456704000,196.14,197.25,194.42,194.48,15168,0
1456790400,196.02,199.2,195.47,199.19,19985,0
1456876800,198.72,200.09,198.28,200.04,15480,0
1456963200,199.79,200.83,199.14,200.8,11573,0
1457049600,201.08,202.4,200.1,201.43,12170,0
1457308800,200.41,202.12,200.29,201.63,12894,0
1457395200,200.36,200.96,199.25,199.41,15984,0
1457481600,200.39,200.8,199.45,200.46,10605,0
1457568000,201.0,202.11,198.46,200.56,13744,0
1457654400,202.32,203.88,202.2,203.8,9418,0
1457913600,203.13,204.13,203.09,203.56,18259,0
1458000000,202.73,203.28,202.42,203.26,14932,0
1458086400,203.24,204.9,202.59,204.29,15407,0
1458172800,204.35,206.33,204.3,205.81,19319,0
1458259200,206.39,206.94,205.96,206.44,18149,0
1458518400,206.23,207.11,205.96,206.95,10871,0
1458604800,206.57,207.4,206.45,206.89,11812,0
1458691200,205.05,205.36,204.05,204.45,10085,0
1458777600,203.01,204.41,203.01,204.41,9629,0
1459123200,204.67,204.88,203.75,204.29,11296,0
1459209600,203.81,206.25,203.43,206.2,11492,0
1459296000,207.33,207.91,203.81,207.12,11854,0
1459382400,206.96,207.45,206.38,206.6,14532,0
1459468800,205.41,208.2,205.05,207.94,15407,0
1459728000,207.92,208.13,206.95,207.32,12109,0
1459814400,205.75,206.27,204.93,205.24,14297,0
1459900800,205.34,207.54,205.02,207.46,12828,0
1459987200,206.22,206.59,204.13,204.98,25811,0
1460073600,206.38,206.88,204.92,205.56,9802,0
1460332800,206.3,207.11,204.95,205.02,12105,0
1460419200,205.27,207.32,204.75,206.99,9859,0
1460505600,208.05,209.16,207.91,209.08,13165,0
1460592000,209.14,209.66,208.68,209.09,11136,0
1460678400,209.12,209.17,208.48,208.87,8821,0
1460937600,208.2,210.35,208.07,210.34,16276,0
1461024000,210.81,211.28,210.02,210.95,10641,0
1461110400,211.03,212.0,210.48,211.14,8025,0
1461196800,211.21,211.33,209.73,210.03,12456,0
1461283200,209.64,210.35,209.0,210.05,13101,0
1461542400,209.37,209.69,208.61,209.68,11342,0
1461628800,210.13,210.6,209.18,210.05,9391,0
1461715200,209.51,210.9,209.14,210.42,12707,0
1461801600,209.55,210.85,208.03,208.55,12507,0
1461888000,207.81,208.19,206.1,207.39,14802,0
1462147200,208.01,209.26,207.48,209.05,14939,0
1462233600,207.55,207.85,206.36,207.21,13963,0
1462320000,206.05,208.9,205.48,206.05,10256,0
1462406400,206.59,207.01,205.51,206.04,9529,0
1462492800,205.13,206.81,204.94,206.76,9655,0
1462752000,206.61,207.43,206.43,206.94,13113,0
1462838400,207.79,209.54,207.72,209.5,12377,0
1462924800,208.98,209.4,207.57,207.62,15068,0
1463011200,208.36,208.55,206.44,207.63,15407,0
1463097600,207.25,207.91,205.44,205.81,20827,0
1463356800,206.0,208.41,205.95,207.86,13252,0
1463443200,207.52,207.87,205.29,205.94,19243,0
1463529600,205.48,207.35,204.69,206.01,20508,0
1463616000,205.08,205.58,203.8,205.26,19002,0
1463702400,205.99,207.16,205.9,206.52,12762,0
1463961600,206.55,206.9,206.04,206.2,7049,0
1464048000,207.25,209.32,207.2,208.93,13530,0
1464134400,209.75,210.85,209.71,210.33,11619,0
1464220800,210.56,210.81,210.05,210.41,10342,0
1464307200,210.61,211.31,210.56,211.31,9613,0
1464652800,211.66,211.8,210.27,210.99,16511,0
1464739200,210.25,211.58,209.99,211.39,13302,0
1464825600,210.91,212.03,210.33,212.02,16750,0
1464912000,211.34,211.8,209.98,211.4,16222,0
1465171200,211.82,212.88,211.62,212.47,13382,0
1465257600,212.66,213.46,212.62,212.79,12512,0
1465344000,212.97,213.64,212.81,213.47,7502,0
1465430400,212.62,213.35,212.32,213.14,9252,0
1465516800,211.58,211.97,210.54,211.18,15132,0
1465776000,210.47,211.48,209.44,209.55,17191,0
1465862400,209.12,209.83,208.0,209.17,21070,0
1465948800,209.63,210.44,208.6,208.82,13876,0
1466035200,207.81,209.66,206.65,209.52,16961,0
1466121600,209.32,209.38,207.9,208.74,15818,0
1466380800,210.98,211.79,209.91,210.03,18959,0
1466467200,209.47,210.07,208.96,209.55,11611,0
1466553600,209.82,210.69,209.11,209.23,16356,0
1466640000,210.99,212.02,210.46,212.01,12238,0
1466726400,204.91,208.06,203.88,204.38,95718,0
1466985600,202.72,202.77,199.79,200.72,41380,0
1467072000,202.64,204.34,202.26,204.31,31086,0
1467158400,206.01,208.1,205.89,207.84,32701,0
1467244800,208.41,210.72,207.74,210.69,22928,0
1467331200,210.55,211.69,210.54,211.01,22927,0
1467676800,210.14,210.27,208.9,209.64,27989,0
1467763200,209.02,210.99,208.25,210.94,25319,0
1467849600,211.07,211.84,209.84,210.71,14169,0
1467936000,212.24,214.15,212.0,213.86,14479,0
1468195200,214.41,215.28,214.18,214.63,12952,0
1468281600,215.77,216.53,215.49,216.16,22915,0
1468368000,216.67,216.7,215.59,216.15,20210,0
1468454400,217.63,217.91,216.9,217.3,25546,0
1468540800,218.02,218.05,216.54,217.06,16326,0
1468800000,217.17,217.86,216.9,217.65,18048,0
1468886400,217.18,217.46,216.88,217.4,6883,0
1468972800,217.99,218.6,217.47,218.34,8247,0
1469059200,218.19,218.47,216.99,217.5,9979,0
1469145600,217.65,218.56,217.35,218.49,18198,0
1469404800,218.24,218.31,217.22,217.91,8404,0
1469491200,217.82,218.42,217.0,217.97,17886,0
1469577600,218.42,218.51,216.88,217.79,20938,0
1469664000,217.52,218.37,217.0,218.03,9007,0
1469750400,217.72,218.79,217.38,218.38,11833,0
1470009600,218.47,218.9,217.65,218.12,16373,0
1470096000,217.91,218.07,215.81,216.79,24472,0
1470182400,216.73,217.48,216.39,217.44,12208,0
1470268800,217.54,218.02,217.07,217.65,8123,0
1470355200,218.51,219.48,218.33,219.43,12643,0
1470614400,219.66,219.78,219.0,219.28,6924,0
1470700800,219.42,220.01,219.06,219.43,6619,0
1470787200,219.58,219.67,218.47,218.89,13619,0
1470873600,219.54,220.2,219.21,219.91,5771,0
1470960000,219.56,219.97,219.26,219.71,6168,0
1471219200,220.15,220.76,220.15,220.41,5768,0
1471305600,219.86,219.93,219.23,219.24,12241,0
1471392000,219.27,219.79,218.28,219.62,13285,0
1471478400,219.6,220.16,219.48,220.15,9280,0
1471564800,219.59,220.01,219.0,219.84,7852,0
1471824000,219.55,220.06,219.09,219.77,5406,0
1471910400,220.52,220.88,220.17,220.21,8034,0
1471996800,220.06,220.17,218.64,219.14,7078,0
1472083200,218.66,219.45,218.48,218.88,17521,0
1472169600,219.16,220.39,217.5,218.5,21292,0
1472428800,218.71,219.91,218.64,219.62,7721,0
1472515200,219.55,219.82,218.61,219.23,6788,0
1472601600,218.89,219.01,217.73,218.64,11123,0
1472688000,218.64,218.99,217.28,218.65,13104,0
1472774400,219.7,220.14,218.98,219.63,9633,0
1473120000,219.95,220.36,219.12,220.34,11703,0
1473206400,220.12,220.48,219.58,220.33,12148,0
1473292800,219.89,220.22,219.43,219.8,10876,0
1473379200,218.27,218.28,214.48,214.51,30083,0
1473638400,213.59,218.06,213.54,217.59,23159,0
1473724800,216.07,216.37,213.75,214.45,21979,0
1473811200,214.53,215.93,213.71,214.35,19608,0
1473897600,214.14,216.97,213.96,216.54,15043,0
1473984000,215.78,216.0,214.87,215.64,20938,0
1474243200,216.49,217.21,215.34,215.71,10467,0
1474329600,216.71,216.91,215.69,215.74,9541,0
1474416000,216.55,218.36,215.76,218.14,23341,0
1474502400,219.36,219.88,219.06,219.51,20162,0
1474588800,219.06,219.21,218.23,218.32,11391,0
1474848000,216.25,216.46,215.24,215.44,16943,0
1474934400,215.26,216.9,214.84,216.78,17793,0
1475020800,217.07,218.03,215.95,217.91,11286,0
1475107200,217.64,218.1,215.28,215.91,23251,0
1475193600,216.88,218.35,216.6,217.57,18424,0
1475452800,217.03,217.27,216.26,216.91,17555,0
1475539200,217.16,217.4,215.23,215.93,17846,0
1475625600,216.61,217.35,216.56,216.88,13598,0
1475712000,216.6,217.26,215.96,217.05,8814,0
1475798400,217.33,217.58,215.4,216.28,35884,0
1476057600,217.37,217.93,217.22,217.33,10802,0
1476144000,216.88,216.95,213.79,214.68,19636,0
1476230400,214.81,215.54,214.23,214.93,12452,0
1476316800,213.35,214.81,212.42,214.25,19765,0
1476403200,215.39,215.91,214.25,214.3,16905,0
1476662400,214.29,214.6,213.39,213.61,14970,0
1476748800,215.45,215.5,214.49,214.89,7497,0
1476835200,215.2,215.85,214.82,215.45,9567,0
1476921600,215.1,215.75,214.33,215.1,10286,0
1477008000,214.19,215.3,213.99,215.15,9734,0
1477267200,216.2,216.52,215.7,216.1,4940,0
1477353600,215.92,216.2,215.21,215.41,5487,0
1477440000,214.42,215.64,214.16,214.97,6580,0
1477526400,215.81,215.83,214.3,214.39,6145,0
1477612800,214.35,215.14,212.93,213.72,9197,0
1477872000,214.09,214.39,213.57,214.0,6860,0
1477958400,213.3,213.45,210.8,212.21,12665,0
1478044800,211.81,211.87,210.41,210.87,7213,0
1478131200,211.21,211.37,209.64,209.99,5699,0
1478217600,210.25,211.07,209.58,209.67,7244,0
1478476800,212.62,214.39,212.49,214.3,19976,0
1478563200,213.9,215.99,213.62,215.3,18060,0
1478649600,213.57,218.34,213.48,217.62,19741,0
1478736000,218.53,219.54,216.45,218.1,16880,0
1478822400,217.32,217.92,216.56,217.7,16574,0
1479081600,218.27,218.48,216.95,217.79,9427,0
1479168000,218.28,219.51,218.02,219.48,14775,0
1479254400,218.81,219.38,218.67,219.19,12362,0
1479340800,219.28,220.31,219.17,220.21,12859,0
1479427200,220.33,220.53,219.53,219.75,7435,0
1479686400,220.42,221.44,220.26,221.37,8656,0
1479772800,221.79,222.04,220.99,221.8,7743,0
1479859200,221.25,222.03,221.01,221.99,8962,0
1480032000,222.38,222.81,222.29,222.81,4319,0
1480291200,222.43,222.75,221.63,221.81,10800,0
1480377600,221.81,222.71,221.43,222.16,10253,0
1480464000,222.91,223.09,221.58,221.59,13857,0
1480550400,221.96,221.97,220.42,220.8,8469,0
1480636800,220.93,221.51,220.52,220.93,10379,0
1480896000,221.92,222.67,221.7,222.2,6509,0
1480982400,222.5,223.02,221.93,222.95,7081,0
1481068800,222.79,225.97,222.66,225.87,9849,0
1481155200,225.87,227.01,225.56,226.43,10242,0
1481241600,226.71,227.83,222.19,227.78,10781,0
1481500800,227.73,228.29,227.09,227.57,10006,0
1481587200,228.38,229.69,228.34,229.07,13629,0
1481673600,228.74,229.59,226.69,227.26,17725,0
1481760000,227.5,229.16,227.34,228.1,12533,0
1481846400,228.7,228.73,227.33,227.74,13485,0
1482105600,227.91,228.68,227.76,228.17,8337,0
1482192000,228.83,229.24,228.56,229.04,9526,0
1482278400,227.65,227.83,227.14,227.18,8079,0
1482364800,226.97,227.1,226.29,226.79,6259,0
1482451200,226.82,227.09,226.58,227.07,6538,0
1482796800,227.35,228.09,227.35,227.62,7077,0
1482883200,227.92,227.95,225.65,225.78,9094,0
1482969600,225.85,226.25,225.21,225.73,7615,0
1483056000,226.13,226.2,224.09,224.92,13492,0
1483401600,226.42,227.2,225.24,226.54,13743,0
1483488000,226.96,228.11,226.95,227.9,9584,0
1483574400,227.63,227.96,226.85,227.74,7395,0
1483660800,227.88,229.13,227.28,228.65,5506,0
1483920000,228.27,228.46,227.81,227.86,6657,0
1484006400,227.84,228.82,227.38,227.8,7333,0
1484092800,227.76,228.42,226.96,228.41,10049,0
1484179200,227.9,228.14,226.32,227.96,9903,0
1484265600,228.13,228.78,228.07,228.4,7665,0
1484611200,227.68,228.16,227.19,227.67,8268,0
1484697600,227.91,228.17,227.29,228.12,5876,0
1484784000,228.23,228.4,226.79,227.34,6790,0
1484870400,228.1,228.69,227.44,228.08,5374,0
1485129600,227.72,228.18,226.66,227.56,9617,0
1485216000,227.77,229.47,227.66,228.96,5626,0
1485302400,230.08,230.96,229.89,230.88,6115,0
1485388800,230.77,231.1,230.4,230.69,6339,0
1485475200,230.84,230.96,230.17,230.4,4973,0
1485734400,229.54,229.59,227.8,229.01,7697,0
1485820800,228.35,228.97,227.72,228.95,8312,0
1485907200,229.71,229.97,228.34,229.03,8899,0
1485993600,228.61,229.48,228.22,229.13,8128,0
1486080000,230.23,230.93,229.86,230.78,4645,0
1486339200,230.29,230.72,229.95,230.36,4054,0
1486425600,230.77,231.06,230.11,230.37,6145,0
1486512000,230.0,230.79,229.72,230.65,4424,0
1486598400,230.97,232.36,230.93,231.98,9178,0
1486684800,232.44,233.19,232.3,232.89,7122,0
1486944000,233.5,234.5,233.5,234.16,6369,0
1487030400,234.0,235.15,233.6,235.15,5171,0
1487116800,234.9,236.6,234.85,236.32,8413,0
1487203200,236.4,236.6,235.33,236.2,8892,0
1487289600,235.42,236.51,235.39,236.5,5828,0
1487635200,236.99,238.15,236.99,237.91,6538,0
1487721600,237.48,238.02,237.3,237.76,5819,0
1487808000,238.38,238.38,237.03,237.92,6272,0
1487894400,236.93,238.25,236.89,238.24,6333,0
1488153600,238.13,238.78,237.83,238.62,5087,0
1488240000,238.14,238.43,237.5,237.97,6549,0
1488326400,239.88,241.81,239.86,241.21,13388,0
1488412800,241.05,241.05,239.7,239.82,8067,0
1488499200,239.67,240.1,239.22,239.99,7675,0
1488758400,238.97,239.6,238.5,239.26,7243,0
1488844800,238.84,239.25,238.26,238.52,5063,0
1488931200,238.83,239.09,237.88,238.08,10234,0
1489017600,238.18,238.71,237.23,238.31,6514,0
1489104000,239.44,239.51,238.07,239.13,7449,0
1489363200,239.04,239.34,238.73,239.29,4809,0
1489449600,237.83,238.55,237.68,238.5,5597,0
1489536000,239.21,240.92,238.97,240.4,7548,0
1489622400,240.25,240.37,239.61,240.09,8141,0
1489708800,240.06,240.49,239.59,239.85,5658,0
1489968000,239.79,239.87,238.85,239.24,5558,0
1490054400,238.57,238.72,236.07,237.16,12766,0
1490140800,235.81,237.1,235.56,236.51,7062,0
1490227200,236.8,237.84,236.1,236.34,16054,0
1490313600,236.12,236.5,234.44,235.51,7821,0
1490572800,233.38,235.38,233.1,235.04,8418,0
1490659200,234.73,237.28,234.63,236.75,8758,0
1490745600,236.48,237.29,236.21,237.07,7451,0
1490832000,236.95,238.01,236.76,237.74,6362,0
1490918400,237.36,238.0,237.17,237.18,10996,0
1491177600,237.32,237.52,235.4,236.86,15194,0
1491264000,236.46,237.06,236.07,236.99,8535,0
1491350400,237.75,238.87,236.05,236.26,14064,0
1491436800,236.46,237.5,235.92,236.86,5297,0
1491523200,236.63,237.48,236.13,236.64,5839,0
1491782400,236.84,237.73,236.24,236.8,4519,0
1491868800,236.37,236.65,234.85,236.53,7562,0
1491955200,236.23,236.42,235.25,235.59,9153,0
1492041600,235.09,235.95,234.03,234.04,7482,0
1492387200,234.58,236.04,234.36,236.04,4660,0
1492473600,235.2,235.96,234.56,235.33,6172,0
1492560000,236.02,236.44,234.65,234.96,5325,0
1492646400,235.62,237.33,235.26,236.78,9781,0
1492732800,236.74,236.78,235.61,236.08,6948,0
1492992000,238.73,238.92,238.12,238.61,14747,0
1493078400,239.41,240.47,239.31,240.04,10728,0
1493164800,240.05,241.04,239.86,239.95,7463,0
1493251200,240.22,240.46,239.48,240.13,7932,0
1493337600,240.4,240.45,239.45,239.61,5414,0
1493596800,240.16,240.68,239.7,240.16,5134,0
1493683200,240.42,240.49,239.83,240.3,8083,0
1493769600,239.83,240.26,239.23,240.03,10127,0
1493856000,240.34,240.44,239.29,240.26,7899,0
1493942400,240.69,241.23,240.21,241.22,4306,0
1494201600,241.3,241.45,240.7,241.2,5302,0
1494288000,241.48,241.7,240.55,240.99,5692,0
1494374400,240.87,241.4,240.66,241.37,3748,0
1494460800,240.88,241.06,239.64,240.93,5523,0
1494547200,240.62,240.7,240.19,240.53,4584,0
1494806400,241.0,241.95,240.97,241.75,4339,0
1494892800,242.18,242.2,241.15,241.62,6195,0
1494979200,239.59,240.13,237.24,237.34,9499,0
1495065600,237.19,239.22,236.91,238.18,7469,0
1495152000,238.81,240.59,238.78,239.79,5116,0
1495411200,240.37,241.21,240.34,241.02,4334,0
1495497600,241.46,241.75,241.04,241.53,4299,0
1495584000,241.85,242.25,241.48,242.11,4104,0
1495670400,242.71,243.61,242.49,243.2,5296,0
1495756800,243.08,243.42,242.97,243.27,4504,0
1496102400,242.86,243.32,242.71,243.06,5504,0
1496188800,243.38,243.43,242.18,242.95,5239,0
1496275200,243.5,244.88,243.18,244.87,6355,0
1496361600,244.97,245.9,244.63,245.61,6616,0
1496620800,245.57,245.84,245.33,245.52,3771,0
1496707200,244.82,245.51,244.67,244.82,5762,0
1496793600,245.18,245.48,244.39,245.21,3453,0
1496880000,245.33,245.88,244.75,245.34,6400,0
1496966400,245.67,246.57,243.48,244.99,8419,0
1497225600,244.69,244.98,243.94,244.91,9384,0
1497312000,245.58,246.19,245.15,246.1,7837,0
1497398400,246.44,246.49,244.89,245.83,9767,0
1497484800,244.25,245.46,243.92,245.37,9017,0
1497571200,245.53,245.53,244.39,245.36,11742,0
1497830400,246.34,247.48,246.22,247.36,5333,0
1497916800,247.0,247.0,245.74,245.8,6105,0
1498003200,246.14,246.33,245.16,245.7,5565,0
1498089600,245.71,246.29,245.38,245.59,4490,0
1498176000,245.69,246.27,245.27,245.9,4976,0
1498435200,246.7,247.14,245.8,246.0,6817,0
1498521600,244.67,245.01,242.95,242.98,8970,0
1498608000,244.16,245.34,243.86,245.09,8053,0
1498694400,245.32,245.33,241.6,243.02,9128,0
1498780800,243.92,244.33,243.2,243.41,12495,0
1499040000,244.51,245.02,243.58,243.58,4756,0
1499212800,244.25,244.62,243.33,244.39,8958,0
1499299200,243.51,243.65,241.96,242.19,7907,0
1499385600,242.81,243.92,242.64,243.72,5588,0
1499644800,243.58,244.42,243.4,243.97,5469,0
1499731200,243.79,244.17,242.48,243.8,6684,0
1499817600,245.0,245.84,244.99,245.62,8042,0
1499904000,245.68,246.2,245.42,246.07,7969,0
1499990400,246.12,247.62,245.97,247.19,4944,0
1500249600,247.13,247.58,246.99,247.16,4109,0
1500336000,246.72,247.38,246.32,247.34,6364,0
1500422400,247.7,248.67,247.68,248.66,4857,0
1500508800,248.95,249.1,248.15,248.74,8760,0
1500595200,248.11,248.57,247.84,248.55,5631,0
1500854400,248.48,248.65,247.95,248.5,8540,0
1500940800,249.4,249.48,248.84,249.06,13855,0
1501027200,249.43,249.48,248.8,249.13,9898,0
1501113600,249.66,249.69,247.34,248.9,8080,0
1501200000,248.32,248.73,247.8,248.54,5644,0
1501459200,249.03,249.14,248.2,248.43,5842,0
1501545600,249.14,249.18,248.48,248.98,5284,0
1501632000,249.16,249.28,248.05,249.12,6639,0
1501718400,249.01,249.01,248.32,248.65,4549,0
1501804800,249.21,249.47,248.65,249.07,5147,0
1502064000,249.17,249.55,249.04,249.52,4249,0
1502150400,249.19,250.61,248.51,248.96,5110,0
1502236800,248.12,248.99,247.73,248.91,6428,0
1502323200,247.96,248.1,245.35,245.44,11407,0
1502409600,245.68,246.43,245.39,245.73,7944,0
1502668800,247.24,248.45,247.24,248.16,5158,0
1502755200,248.64,248.65,247.83,248.17,4732,0
1502841600,248.77,249.24,248.13,248.6,6154,0
1502928000,247.92,248.26,244.75,244.77,13030,0
1503014400,244.54,245.8,243.83,244.25,9446,0
1503273600,244.25,244.82,243.45,244.56,8075,0
1503360000,245.2,247.28,245.19,247.05,6581,0
1503446400,245.98,246.69,245.81,246.18,5619,0
1503532800,246.66,246.83,245.39,245.67,5562,0
1503619200,246.57,247.27,246.05,246.19,7688,0
1503878400,246.79,246.85,245.75,246.25,5592,0
1503964800,244.74,246.81,244.57,246.51,6753,0
1504051200,246.48,247.99,246.29,247.71,4154,0
1504137600,248.43,249.46,248.3,249.1,8226,0
1504224000,249.63,250.03,249.38,249.55,11192,0
1504569600,248.91,249.19,246.63,247.79,9751,0
1504656000,248.55,248.98,247.91,248.6,7317,0
1504742400,248.95,248.96,248.09,248.6,9781,0
1504828800,248.2,248.79,247.99,248.22,8868,0
1505088000,249.74,251.01,249.73,250.9,7035,0
1505174400,251.35,251.8,251.15,251.8,5821,0
1505260800,251.44,251.95,251.32,251.93,5815,0
1505347200,251.52,252.03,251.33,251.82,5386,0
1505433600,251.69,252.24,251.54,252.19,4284,0
1505692800,252.58,253.07,252.24,252.67,3799,0
1505779200,252.94,253.05,252.59,252.94,5345,0
1505865600,253.02,253.16,251.92,253.07,8810,0
1505952000,252.87,252.94,252.16,252.36,6743,0
1506038400,251.99,252.59,251.99,252.38,3557,0
1506297600,252.1,252.52,251.05,251.89,7784,0
1506384000,251.09,251.37,250.49,250.74,7288,0
1506470400,251.6,252.17,250.57,251.72,6399,0
1506556800,251.42,252.13,251.32,251.99,4587,0
1506643200,252.0,253.01,251.84,252.9,7753,0
1506902400,253.19,253.99,253.11,253.96,6972,0
1506988800,254.14,254.59,253.95,254.55,4625,0
1507075200,254.4,255.15,254.29,254.9,5945,0
1507161600,255.25,256.42,255.15,256.38,8306,0
1507248000,255.87,256.19,255.6,256.13,11037,0
1507507200,256.36,256.42,255.38,255.69,2799,0
1507593600,256.33,256.77,255.72,256.32,5011,0
1507680000,256.23,256.74,256.05,256.72,7000,0
1507766400,256.36,256.78,256.1,256.34,5491,0
1507852800,256.89,257.01,256.49,256.65,4560,0
1508112000,256.96,257.23,256.54,257.02,5384,0
1508198400,256.95,257.25,256.73,257.21,4450,0
1508284800,257.65,257.69,257.25,257.43,3985,0
1508371200,256.53,257.55,256.08,257.54,3381,0
1508457600,258.45,258.88,254.9,258.83,3625,0
1508716800,259.2,259.2,257.75,257.86,5776,0
1508803200,258.32,258.56,257.89,258.27,5325,0
1508889600,257.92,258.03,255.72,257.03,7713,0
1508976000,257.75,258.03,257.29,257.4,8776,0
1509062400,258.24,259.64,257.9,259.41,4381,0
1509321600,259.21,259.35,258.17,258.41,6476,0
1509408000,258.8,259.19,258.72,258.88,5083,0
1509494400,259.77,259.91,258.82,259.17,4617,0
1509580800,258.39,259.49,258.35,259.37,5455,0
1509667200,259.28,260.25,259.15,259.96,5067,0
1509926400,260.03,260.77,259.99,260.56,4760,0
1510012800,260.76,261.12,259.87,260.48,8042,0
1510099200,260.24,261.0,259.94,260.9,6802,0
1510185600,259.49,260.16,258.12,259.95,6386,0
1510272000,259.51,259.97,259.13,259.83,5315,0
1510531200,259.06,260.36,259.02,260.11,5992,0
1510617600,259.16,259.61,258.28,259.52,7792,0
1510704000,258.43,258.98,257.39,258.19,4468,0
1510790400,259.26,260.82,259.26,260.37,5506,0
1510876800,259.97,260.19,259.54,259.64,4272,0
1511136000,259.89,260.28,259.61,260.06,3383,0
1511222400,260.98,261.97,260.88,261.73,4128,0
1511308800,261.8,261.91,261.34,261.53,7430,0
1511481600,262.06,262.27,261.95,261.97,2145,0
1511740800,262.18,262.54,261.8,262.03,4804,0
1511827200,262.56,264.7,262.45,264.63,5501,0
1511913600,264.84,265.44,264.0,264.53,5335,0
1512000000,265.57,267.86,265.5,266.72,8096,0
1512086400,266.62,267.14,262.57,266.22,13764,0
1512345600,268.15,268.63,265.96,265.96,8447,0
1512432000,266.25,266.97,264.84,265.03,6205,0
1512518400,264.67,265.55,264.53,265.05,4417,0
1512604800,264.9,266.24,264.77,265.86,11338,0
1512691200,266.85,267.36,266.58,267.32,5891,0
1512950400,267.4,268.23,267.33,268.17,5930,0
1513036800,268.44,269.18,268.19,268.63,7678,0
1513123200,268.91,269.41,268.51,268.57,7684,0
1513209600,268.95,269.06,267.45,267.52,8331,0
1513296000,268.67,270.24,268.62,269.74,6807,0
1513555200,271.3,271.84,271.23,271.42,9402,0
1513641600,270.46,270.47,269.06,269.15,10224,0
1513728000,270.23,270.31,268.67,269.0,5201,0
1513814400,269.72,270.34,269.27,269.52,8186,0
1513900800,269.56,269.6,268.86,269.46,7483,0
1514246400,269.0,269.33,268.85,269.1,5247,0
1514332800,269.33,269.67,268.97,269.28,7021,0
1514419200,269.87,269.88,269.41,269.8,5940,0
1514505600,270.48,270.48,268.59,268.83,8026,0
1514851200,269.85,270.81,269.37,270.79,15632,0
1514937600,270.96,272.62,270.96,272.43,6603,0
1515024000,273.19,274.17,273.11,273.6,5983,0
1515110400,274.55,275.56,273.99,275.41,8578,0
1515369600,275.29,276.11,274.99,275.91,6049,0
1515456000,276.42,277.25,276.12,276.5,6312,0
1515542400,275.72,276.43,274.94,276.11,8136,0
1515628800,276.77,278.12,276.59,278.12,6121,0
1515715200,278.48,280.14,278.34,279.96,8296,0
1516060800,281.4,282.15,278.2,279.04,12617,0
1516147200,280.07,282.1,279.24,281.66,9738,0
1516233600,281.54,282.01,280.64,281.25,7640,0
1516320000,281.88,282.47,281.21,282.47,8787,0
1516579200,282.25,284.76,282.19,284.76,10226,0
1516665600,284.81,285.69,281.72,285.36,7539,0
1516752000,286.13,286.81,283.93,285.26,11133,0
1516838400,286.24,286.35,284.5,285.38,8286,0
1516924800,286.37,288.69,286.07,288.69,7060,0
1517184000,288.07,288.55,286.63,286.77,12158,0
1517270400,284.65,285.38,283.31,283.77,15821,0
1517356800,284.81,285.4,282.76,283.98,12774,0
1517443200,283.15,285.16,282.77,283.7,9099,0
1517529600,282.09,282.29,277.45,277.55,13506,0
1517788800,275.44,277.86,265.17,266.21,25852,0
1517875200,261.88,271.64,260.57,271.12,35157,0
1517961600,270.44,274.36,269.61,269.64,17359,0
1518048000,269.99,270.12,259.46,259.59,21932,0
1518134400,262.73,265.54,254.77,263.59,37182,0
1518393600,265.73,268.93,263.82,267.21,14327,0
1518480000,265.9,268.56,265.28,267.99,9020,0
1518566400,266.22,271.99,266.22,271.65,10458,0
1518652800,273.58,275.03,270.78,275.02,9877,0
1518739200,274.33,277.36,274.33,275.1,8710,0
1519084800,274.04,275.69,272.52,273.43,12887,0
1519171200,273.9,276.73,272.0,272.0,12190,0
1519257600,273.13,275.07,271.63,272.31,8251,0
1519344000,273.84,276.75,273.29,276.75,8403,0
1519603200,277.95,280.06,277.33,279.96,6901,0
1519689600,280.2,281.03,276.43,276.43,13879,0
1519776000,277.87,278.23,273.34,273.34,9210,0
1519862400,273.53,275.17,267.95,269.67,11612,0
1519948800,267.78,271.7,266.77,271.11,8894,0
1520208000,269.71,274.89,269.62,274.19,6151,0
1520294400,275.29,275.4,273.23,274.95,6180,0
1520380800,272.43,275.19,272.23,274.82,6613,0
1520467200,275.57,276.26,274.45,276.08,7135,0
1520553600,277.74,280.92,277.39,280.88,7977,0
1520812800,281.45,281.48,280.16,280.59,4358,0
1520899200,281.86,281.86,278.11,280.36,7275,0
1520985600,278.84,279.15,276.76,277.4,5506,0
1521072000,277.73,278.66,276.48,277.41,5423,0
1521158400,278.27,278.51,277.3,277.46,5532,0
1521417600,275.64,275.77,271.72,272.31,6502,0
1521504000,274.44,274.75,273.3,274.42,5345,0
1521590400,273.92,276.36,273.3,273.88,6020,0
1521676800,269.81,270.1,265.21,269.8,7730,0
1521763200,265.88,266.5,259.61,260.75,7185,0
1522022400,263.99,267.24,261.19,266.97,12223,0
1522108800,268.0,268.59,260.64,262.31,10672,0
1522195200,262.59,264.42,260.36,261.52,7595,0
1522281600,262.88,267.05,262.07,265.29,10267,0
1522627200,264.33,264.93,256.43,259.28,8078,0
1522713600,260.62,263.03,258.6,262.55,9755,0
1522800000,258.45,266.17,258.35,265.62,5916,0
1522886400,267.24,268.41,266.24,267.46,4234,0
1522972800,265.2,266.94,259.77,261.55,8430,0
1523232000,263.23,266.64,262.32,262.64,4719,0
1523318400,266.17,276.48,264.79,266.95,6314,0
1523404800,265.27,267.43,265.21,265.52,4835,0
1523491200,267.09,268.81,266.87,267.71,5117,0
1523577600,269.24,269.36,265.82,266.97,5224,0
1523836800,268.81,270.03,267.9,269.18,4926,0
1523923200,271.2,272.72,270.58,272.0,5181,0
1524009600,272.56,273.14,271.78,272.2,6739,0
1524096000,271.48,271.71,269.55,270.72,4905,0
1524182400,270.76,270.89,267.45,268.46,5695,0
1524441600,269.1,269.71,267.19,268.42,5180,0
1524528000,269.59,269.8,263.05,264.84,10093,0
1524614400,264.75,265.92,262.67,265.38,8471,0
1524700800,266.65,269.05,266.1,268.13,5330,0
1524787200,268.84,269.18,267.3,268.38,4824,0
1525046400,269.05,269.69,266.21,266.24,5826,0
1525132800,265.71,266.92,263.96,266.8,4899,0
1525219200,266.62,268.44,264.54,264.99,4356,0
1525305600,264.0,265.13,260.81,264.4,6254,0
1525392000,263.31,268.6,262.94,267.83,4543,0
1525651200,268.74,269.84,267.95,268.74,4464,0
1525737600,268.28,269.13,266.97,268.7,7324,0
1525824000,269.52,271.72,268.95,271.36,5299,0
1525910400,272.22,274.26,272.07,273.93,6307,0
1525996800,274.01,275.04,273.48,274.5,4184,0
1526256000,275.25,275.94,274.28,274.8,4047,0
1526342400,273.45,273.48,271.92,272.88,4825,0
1526428800,273.03,274.62,273.03,274.09,5016,0
1526515200,273.84,275.13,272.98,273.9,4127,0
1526601600,273.5,273.92,272.82,273.24,3633,0
1526860800,274.88,275.86,274.46,275.23,4096,0
1526947200,275.88,276.17,274.13,274.46,4247,0
1527033600,273.07,275.3,272.91,275.26,5115,0
1527120000,274.79,275.12,272.7,274.72,5677,0
1527206400,274.17,274.76,273.46,274.07,4525,0
1527552000,272.17,273.03,269.62,270.96,6805,0
1527638400,272.45,274.98,272.3,274.45,6866,0
1527724800,274.05,274.31,272.14,272.65,8781,0
1527811200,274.32,275.82,274.29,275.55,7512,0
1528070400,276.4,277.1,276.19,276.82,5582,0
1528156800,276.93,277.45,276.1,277.12,3845,0
1528243200,277.71,279.42,277.01,279.4,4873,0
1528329600,279.9,280.24,278.27,279.28,6435,0
1528416000,278.78,280.17,278.61,280.12,7115,0
1528675200,280.34,281.32,280.25,280.53,4295,0
1528761600,280.98,281.28,280.16,280.97,4560,0
1528848000,281.15,281.44,279.77,279.88,5256,0
1528934400,280.91,281.28,280.03,280.76,5432,0
1529020800,279.82,280.7,278.55,280.37,7500,0
1529280000,278.68,279.91,278.14,279.77,5694,0
1529366400,277.15,278.93,276.69,278.67,8042,0
1529452800,279.47,279.9,278.78,279.19,5516,0
1529539200,279.15,279.15,276.84,277.4,6042,0
1529625600,278.96,278.96,277.68,277.86,4697,0
1529884800,276.58,276.75,272.23,274.06,10478,0
1529971200,273.5,274.4,272.64,273.4,5842,0
1530057600,274.1,275.71,271.05,271.14,9702,0
1530144000,271.12,273.61,270.33,272.81,8790,0
1530230400,273.99,275.54,273.06,273.06,12043,0
1530489600,271.36,273.94,271.1,273.81,7524,0
1530576000,274.75,274.86,272.19,272.19,2915,0
1530748800,274.06,275.07,272.83,274.98,4865,0
1530835200,274.98,277.74,274.63,277.24,4999,0
1531094400,278.48,279.85,278.42,279.85,7685,0
1531180800,280.31,280.93,280.01,280.76,4363,0
1531267200,279.07,279.97,278.45,278.8,9331,0
1531353600,280.29,281.36,279.56,281.23,6842,0
1531440000,281.12,281.89,280.62,281.5,4738,0
1531699200,281.6,281.73,280.8,281.3,4143,0
1531785600,280.4,282.86,280.36,282.47,4818,0
1531872000,282.56,283.15,282.01,283.03,7278,0
1531958400,282.24,282.69,281.42,281.98,5457,0
1532044800,281.71,282.43,281.45,281.62,8379,0
1532304000,281.4,282.35,280.98,282.21,3789,0
1532390400,283.73,284.53,282.61,283.51,4924,0
1532476800,283.29,286.36,283.29,286.13,6114,0
1532563200,285.18,286.11,285.08,285.28,5494,0
1532649600,285.72,285.79,282.37,283.44,5222,0
1532908800,283.51,283.64,281.31,281.85,5871,0
1532995200,282.79,283.99,282.35,283.17,5611,0
1533081600,283.5,284.1,282.11,282.88,6821,0
1533168000,281.3,284.56,281.15,284.29,5212,0
1533254400,284.65,285.65,284.32,285.62,4659,0
1533513600,285.52,286.97,285.2,286.66,5166,0
1533600000,287.41,288.02,287.25,287.57,9458,0
1533686400,287.37,287.93,286.97,287.43,7388,0
1533772800,287.52,288.0,286.94,287.08,4766,0
1533859200,285.42,286.04,284.36,285.09,8137,0
1534118400,285.48,286.17,283.77,284.04,6019,0
1534204800,284.95,286.16,284.5,285.88,7171,0
1534291200,284.35,284.47,282.16,283.74,7402,0
1534377600,285.36,287.06,285.36,286.1,6522,0
1534464000,285.85,287.59,285.4,287.04,6016,0
1534723200,287.57,288.0,287.07,287.74,3433,0
1534809600,288.29,289.36,288.13,288.29,6706,0
1534896000,287.9,288.79,287.6,288.23,4880,0
1534982400,288.01,288.96,287.47,287.79,5986,0
1535068800,288.53,289.71,288.42,289.56,4745,0
1535328000,290.91,291.97,290.73,291.77,7416,0
1535414400,292.4,292.49,291.47,291.93,6202,0
1535500800,292.23,293.83,291.96,293.59,4909,0
1535587200,293.03,293.45,291.7,292.31,8802,0
1535673600,291.95,292.9,291.38,292.3,6585,0
1536019200,291.93,292.29,290.76,291.96,6530,0
1536105600,291.5,291.7,289.95,291.16,12852,0
1536192000,291.17,291.57,289.06,290.32,7886,0
1536278400,289.07,290.76,288.78,289.61,9040,0
1536537600,290.8,291.11,289.94,290.19,6014,0
1536624000,289.42,291.61,289.03,291.22,6682,0
1536710400,291.15,291.85,290.33,291.24,5432,0
1536796800,292.41,293.12,292.12,292.92,4403,0
1536883200,293.15,293.35,292.1,292.98,5534,0
1537142400,292.86,292.95,291.12,291.44,5138,0
1537228800,291.69,293.68,291.68,293.05,5489,0
1537315200,293.07,293.79,292.95,293.34,4297,0
1537401600,294.73,296.07,294.63,295.7,7794,0
1537488000,296.58,296.68,295.26,295.43,6047,0
1537747200,294.77,294.94,293.82,294.48,5854,0
1537833600,295.0,295.07,293.92,294.16,6874,0
1537920000,293.07,294.41,291.58,292.0,6344,0
1538006400,292.61,294.08,292.26,292.82,7970,0
1538092800,292.14,293.42,292.11,292.74,9163,0
1538352000,294.29,295.1,293.16,293.86,8372,0
1538438400,293.74,294.53,293.32,293.71,5574,0
1538524800,294.91,295.4,293.52,293.96,6784,0
1538611200,293.39,293.42,289.84,291.66,12414,0
1538697600,291.87,292.44,288.36,290.02,10468,0
1538956800,289.17,290.36,287.61,289.95,13949,0
1539043200,289.5,291.01,288.93,289.58,13247,0
1539129600,288.99,288.99,279.94,280.28,18922,0
1539216000,279.18,280.97,272.4,274.3,23857,0
1539302400,278.83,279.11,274.4,278.03,18247,0
1539561600,277.59,279.09,276.37,276.51,7814,0
1539648000,278.65,282.88,278.16,282.38,10237,0
1539734400,282.54,283.23,279.63,282.5,10888,0
1539820800,281.47,282.13,277.02,278.53,9002,0
1539907200,279.26,281.37,277.59,278.23,6047,0
1540166400,279.05,279.41,276.45,277.11,10700,0
1540252800,272.99,276.89,270.61,275.55,10752,0
1540339200,275.3,275.79,266.64,267.16,9310,0
1540425600,269.37,273.82,268.2,272.16,9153,0
1540512000,267.87,270.73,264.24,267.26,12494,0
1540771200,271.87,271.9,261.85,265.61,7801,0
1540857600,267.86,270.34,265.56,270.34,14210,0
1540944000,274.05,275.24,272.38,272.76,10921,0
1541030400,273.97,275.76,273.77,274.52,5704,0
1541116800,275.02,275.22,271.61,273.98,5012,0
1541376000,274.54,276.03,273.4,275.48,9928,0
1541462400,275.36,277.32,275.32,277.17,5017,0
1541548800,279.63,283.23,279.18,283.02,10125,0
1541635200,282.28,283.33,281.36,282.52,8291,0
1541721600,281.13,281.33,278.25,279.94,8501,0
1541980800,279.31,279.51,274.01,274.49,6476,0
1542067200,275.08,277.37,273.26,274.08,8355,0
1542153600,276.26,276.65,270.43,272.14,8391,0
1542240000,270.81,275.57,268.96,275.07,11359,0
1542326400,273.83,276.71,273.29,275.73,6252,0
1542585600,275.09,275.35,270.08,271.13,5580,0
1542672000,267.31,268.96,265.11,266.11,10100,0
1542758400,267.8,269.09,266.97,267.05,7258,0
1542931200,265.12,266.76,265.04,265.09,3274,0
1543190400,267.76,269.53,267.31,269.43,7337,0
1543276800,268.3,270.35,267.62,270.32,7055,0
1543363200,271.61,276.58,270.54,276.58,8211,0
1543449600,275.78,277.63,274.49,276.02,6295,0
1543536000,275.88,278.38,275.51,277.86,12862,0
1543795200,282.43,282.58,279.6,281.35,9311,0
1543881600,280.49,280.93,271.94,272.56,8624,0
1544054400,267.9,271.97,264.36,271.94,13176,0
1544140800,271.42,273.27,264.59,265.6,10822,0
1544400000,265.34,267.12,260.51,266.0,10196,0
1544486400,269.61,269.8,264.45,266.06,7369,0
1544572800,269.45,270.94,267.39,267.49,7097,0
1544659200,268.53,269.46,266.07,267.35,9054,0
1544745600,264.9,265.89,261.75,262.43,8975,0
1545004800,259.86,261.11,253.96,255.74,11167,0
1545091200,257.63,258.35,253.71,255.54,12464,0
1545177600,255.59,259.83,249.76,251.55,18305,0
1545264000,250.22,251.92,244.98,247.54,20216,0
1545350400,248.54,251.39,241.72,242.41,23982,0
1545609600,240.8,242.0,234.91,234.91,10802,0
1545782400,237.72,247.75,235.46,247.72,26955,0
1545868800,244.38,250.0,240.67,249.99,18152,0
1545955200,251.08,252.89,247.94,249.3,15273,0
1546214400,251.15,251.63,248.99,251.59,15891,0
1546387200,247.54,252.7,247.42,251.74,9996,0
1546473600,249.8,250.03,245.08,245.58,10172,0
1546560000,249.06,254.59,248.64,253.96,9524,0
1546819200,254.26,257.45,253.21,255.81,10693,0
1546905600,258.37,258.82,255.53,258.23,13626,0
1546992000,259.13,260.44,257.72,259.4,7864,0
1547078400,257.83,260.7,257.1,260.49,7565,0
1547164800,259.24,260.52,258.58,260.44,7657,0
1547424000,258.43,259.81,257.95,259.01,6344,0
1547510400,259.41,262.2,259.39,261.91,7012,0
1547596800,262.36,263.52,262.16,262.42,8128,0
1547683200,261.58,265.45,261.52,264.58,7077,0
1547769600,266.55,268.55,265.72,268.03,13556,0
1548115200,266.39,266.59,262.64,264.51,10931,0
1548201600,265.61,266.34,262.26,264.84,11480,0
1548288000,264.79,265.77,263.68,265.17,6817,0
1548374400,267.19,268.27,266.71,267.4,6587,0
1548633600,265.0,265.39,263.35,265.36,8639,0
1548720000,265.47,266.09,264.08,265.02,7934,0
1548806400,266.67,270.12,265.85,269.23,9005,0
1548892800,269.12,272.03,268.92,271.52,12045,0
1548979200,271.76,272.83,270.86,271.71,7042,0
1549238400,271.75,273.66,270.98,273.66,6740,0
1549324800,274.1,275.07,273.54,274.8,7112,0
1549411200,274.43,274.98,273.62,274.43,6800,0
1549497600,272.57,273.18,269.93,271.87,14337,0
1549584000,270.36,272.14,269.47,272.13,6884,0
1549843200,272.85,273.15,271.7,272.27,7221,0
1549929600,274.06,276.2,274.0,275.75,8560,0
1550016000,276.71,277.62,276.26,276.65,6563,0
1550102400,275.43,277.31,274.55,276.03,13279,0
1550188800,278.05,279.11,277.83,279.11,9248,0
1550534400,278.27,280.3,278.26,279.56,7546,0
1550620800,279.55,280.63,279.0,280.13,9550,0
1550707200,279.45,279.79,278.05,279.17,6827,0
1550793600,279.88,281.07,279.54,280.87,7628,0
1551052800,282.45,283.06,281.16,281.27,8187,0
1551139200,280.84,282.02,280.66,281.0,9535,0
1551225600,280.28,281.31,279.2,280.93,6601,0
1551312000,280.63,281.17,280.06,280.29,6263,0
1551398400,282.2,282.62,280.56,282.23,10208,0
1551657600,283.37,283.55,278.55,281.17,10876,0
1551744000,281.28,281.49,280.14,280.8,5719,0
1551830400,280.85,280.85,278.71,278.99,6892,0
1551916800,278.53,278.65,275.74,276.76,8089,0
1552003200,274.59,276.33,274.1,276.2,11735,0
1552262400,278.48,280.56,278.32,280.56,5388,0
1552348800,281.36,281.8,280.74,281.08,3758,0
1552435200,282.68,284.12,282.64,283.43,5015,0
1552521600,282.8,283.6,282.64,283.02,4767,0
1552608000,283.83,285.21,283.4,284.5,6421,0
1552867200,285.37,285.65,284.33,285.65,7168,0
1552953600,286.31,287.39,284.45,285.23,11401,0
1553040000,283.36,285.38,282.19,282.79,7232,0
1553126400,284.52,287.07,284.39,286.69,5776,0
1553212800,284.08,284.52,281.07,281.12,12082,0
1553472000,280.2,282.08,279.55,281.48,8771,0
1553558400,283.58,284.09,281.45,282.79,8443,0
1553644800,283.2,283.33,279.83,281.62,5817,0
1553731200,282.84,283.1,280.96,282.1,4539,0
1553817600,284.04,284.74,283.05,284.67,6980,0
1554076800,286.64,288.09,286.35,287.84,6961,0
1554163200,287.99,288.16,287.06,287.91,6818,0
1554249600,289.28,289.7,287.67,288.44,8425,0
1554336000,288.74,289.39,287.95,289.13,9622,0
1554422400,289.86,290.56,289.54,290.46,5335,0
1554681600,290.01,290.83,289.32,290.78,8165,0
1554768000,289.68,290.02,288.66,289.25,8242,0
1554854400,289.73,290.34,289.27,290.22,6040,0
1554940800,290.77,290.78,289.53,290.2,5275,0
1555027200,291.98,292.43,291.23,292.16,4676,0
1555286400,292.28,292.31,291.04,291.94,6339,0
1555372800,292.93,292.98,291.47,292.14,7232,0
1555459200,293.38,293.38,290.94,291.42,10394,0
1555545600,292.01,292.28,290.63,291.96,7723,0
1555891200,291.16,292.39,291.04,292.29,6783,0
1555977600,292.62,295.11,292.4,294.83,12359,0
1556064000,294.75,295.14,294.06,294.21,6020,0
1556150400,294.11,294.76,292.71,294.04,4252,0
1556236800,294.11,295.5,293.21,295.46,5416,0
1556496000,295.52,296.46,295.41,295.79,5182,0
1556582400,295.49,296.31,293.91,295.94,8063,0
1556668800,296.72,296.93,293.77,293.8,5868,0
1556755200,293.6,294.68,291.49,293.26,6747,0
1556841600,294.81,296.32,294.57,296.01,5733,0
1557100800,291.24,295.29,290.88,294.86,6170,0
1557187200,292.11,292.79,287.75,289.98,11351,0
1557273600,289.61,291.36,288.82,289.54,12178,0
1557360000,287.18,289.24,285.23,288.73,9028,0
1557446400,287.6,290.9,284.21,290.0,9348,0
1557705600,284.31,285.4,281.84,282.86,14676,0
1557792000,283.89,287.03,283.78,285.24,6533,0
1557878400,283.5,287.7,283.25,287.0,6475,0
1557964800,287.77,291.17,287.71,289.56,7770,0
1558051200,287.08,290.51,287.08,287.85,6656,0
1558310400,286.01,287.36,285.06,285.93,4865,0
1558396800,287.76,288.86,287.5,288.45,4873,0
1558483200,287.36,288.6,287.06,287.59,6990,0
1558569600,285.11,285.11,282.47,284.17,10329,0
1558656000,285.69,286.12,284.01,284.72,4125,0
1559001600,284.99,286.08,282.09,282.09,4487,0
1559088000,280.81,281.2,278.56,280.21,12422,0
1559174400,280.96,281.9,279.68,280.9,9089,0
1559260800,278.05,278.95,277.11,277.23,8111,0
1559520000,277.16,278.38,274.9,276.4,10176,0
1559606400,278.96,282.58,278.47,282.45,7055,0
1559692800,284.25,284.9,282.21,284.83,7369,0
1559779200,285.21,287.5,284.49,286.71,9245,0
1559865600,287.91,290.82,287.71,289.63,6230,0
1560124800,291.36,292.81,290.87,290.94,7765,0
1560211200,293.03,293.4,290.19,290.91,6442,0
1560297600,290.63,291.25,289.83,290.33,4549,0
1560384000,291.4,291.97,290.63,291.66,3497,0
1560470400,291.26,291.91,290.4,291.22,3907,0
1560729600,289.78,290.45,289.43,289.68,4478,0
1560816000,291.63,293.77,291.25,292.5,6662,0
1560902400,292.78,293.89,291.8,293.3,9017,0
1560988800,296.29,296.56,293.88,296.09,6846,0
1561075200,295.83,297.19,295.47,295.77,6203,0
1561334400,295.9,296.27,295.16,295.31,7064,0
1561420800,295.36,295.41,292.3,292.45,4585,0
1561507200,293.46,293.99,292.02,292.12,6401,0
1561593600,293.02,293.73,292.61,293.27,5262,0
1561680000,294.28,295.21,293.72,294.74,9390,0
1561939200,298.37,298.62,296.03,297.28,7670,0
1562025600,297.29,298.17,296.39,298.17,8407,0
1562112000,298.89,300.52,298.75,300.47,3308,0
1562284800,299.17,300.36,297.74,300.08,4695,0
1562544000,298.72,299.05,297.92,298.55,5330,0
1562630400,297.23,299.25,297.19,299.0,3071,0
1562716800,300.14,301.39,299.5,300.34,4371,0
1562803200,301.04,301.32,299.93,301.03,6832,0
1562889600,301.59,302.49,301.26,302.42,8760,0
1563148800,302.89,302.89,301.97,302.47,10412,0
1563235200,302.41,302.6,301.19,301.44,3657,0
1563321600,301.46,301.62,299.48,299.48,4563,0
1563408000,298.92,300.96,298.43,300.58,7519,0
1563494400,301.78,301.82,298.7,298.84,6457,0
1563753600,299.34,300.21,298.77,299.62,5795,0
1563840000,300.92,301.74,299.96,301.73,3930,0
1563926400,300.84,303.14,300.84,303.14,4506,0
1564012800,302.73,302.74,300.83,301.72,5391,0
1564099200,302.5,303.98,302.4,303.77,4391,0
1564358400,303.61,303.68,302.58,303.22,5419,0
1564444800,301.65,302.89,301.22,302.54,8687,0
1564531200,302.75,302.95,296.93,299.12,13453,0
1564617600,299.31,302.6,295.66,296.53,21172,0
1564704000,295.52,295.81,292.59,294.48,16044,0
1564963200,289.75,289.84,283.34,285.7,10444,0
1565049600,287.54,289.69,285.94,289.43,9998,0
1565136000,286.02,290.45,283.67,289.68,11404,0
1565222400,291.25,295.27,290.73,295.27,8422,0
1565308800,294.25,294.95,291.32,293.31,6085,0
1565568000,291.62,292.2,288.69,289.7,4787,0
1565654400,289.27,295.84,289.0,294.15,7336,0
1565740800,289.7,290.41,285.4,285.55,11707,0
1565827200,286.52,287.24,284.02,286.32,10348,0
1565913600,288.11,291.01,288.11,290.57,5698,0
1566172800,293.96,294.77,293.14,294.04,5165,0
1566259200,293.46,294.01,291.63,291.75,5984,0
1566345600,294.15,294.57,293.45,294.17,5043,0
1566432000,294.94,295.63,292.1,294.06,6499,0
1566518400,292.62,294.45,285.1,286.43,10002,0
1566777600,288.92,289.66,287.24,289.66,5536,0
1566864000,291.24,291.61,287.7,288.51,7041,0
1566950400,287.78,290.7,286.93,290.51,8355,0
1567036800,293.41,294.84,292.3,294.28,7474,0
1567123200,295.96,295.96,293.12,294.23,8217,0
1567468800,292.26,293.29,290.95,292.53,8135,0
1567555200,294.86,295.75,294.05,295.72,4403,0
1567641600,298.54,300.6,298.41,299.6,6415,0
1567728000,300.02,300.51,299.2,299.82,5292,0
1567987200,300.93,300.98,298.91,299.93,3898,0
1568073600,299.09,299.95,297.71,299.95,4645,0
1568160000,300.2,302.09,299.54,302.05,4121,0
1568246400,303.03,304.23,302.22,303.06,6619,0
1568332800,303.65,303.95,302.44,302.85,13057,0
1568592000,301.59,302.4,301.2,301.94,4872,0
1568678400,301.68,302.78,301.54,302.73,8105,0
1568764800,302.29,303.0,300.01,302.9,6173,0
1568851200,303.31,304.4,302.49,302.82,12291,0
1568937600,303.55,303.84,300.6,301.26,10966,0
1569196800,300.69,302.12,300.44,301.41,12881,0
1569283200,301.07,301.53,296.48,297.47,10477,0
1569369600,297.57,299.75,295.97,299.24,7756,0
1569456000,299.28,299.49,297.1,298.63,6641,0
1569542400,299.41,299.6,295.34,297.01,7028,0
1569801600,297.61,299.18,297.59,298.5,6565,0
1569888000,299.38,300.11,294.63,294.89,8132,0
1569974400,293.08,293.13,288.24,289.66,11738,0
1570060800,289.39,292.04,286.42,292.01,9110,0
1570147200,292.79,296.26,292.78,296.02,7212,0
1570406400,295.11,296.88,294.42,294.71,4069,0
1570492800,292.66,293.45,290.12,290.17,6868,0
1570579200,292.4,293.91,291.71,292.87,5855,0
1570665600,292.81,295.85,292.62,294.91,5913,0
1570752000,297.97,300.37,297.81,297.93,6236,0
1571011200,297.6,298.27,297.26,297.69,3222,0
1571097600,298.77,301.37,298.66,300.6,6558,0
1571184000,300.05,300.82,299.59,300.09,4535,0
1571270400,301.35,301.92,300.22,300.91,4186,0
1571356800,300.38,301.05,298.67,299.64,4305,0
1571616000,301.09,301.87,300.68,301.72,3066,0
1571702400,302.32,302.56,300.57,300.7,5709,0
1571788800,300.4,301.63,300.19,301.56,4339,0
1571875200,302.59,302.75,301.15,302.08,2955,0
1571961600,301.42,303.86,301.42,303.31,4378,0
1572220800,305.31,305.55,304.77,304.96,4549,0
1572307200,305.26,305.91,304.62,305.05,5694,0
1572393600,304.58,306.75,303.91,306.75,6321,0
1572480000,304.01,305.18,303.45,305.0,4800,0
1572566400,307.35,307.95,306.79,307.86,3928,0
1572825600,309.62,309.76,308.71,309.1,4715,0
1572912000,309.39,309.63,308.44,308.74,7909,0
1572998400,308.77,309.11,307.79,308.89,5204,0
1573084800,310.32,311.18,309.42,309.97,4326,0
1573171200,309.56,310.67,308.78,310.67,5371,0
1573430400,309.21,310.27,309.0,310.13,3938,0
1573516800,310.5,311.75,309.9,310.68,5416,0
1573603200,309.65,311.29,309.4,310.86,4407,0
1573689600,310.53,311.38,309.84,311.3,4049,0
1573776000,312.77,313.6,312.02,313.6,4587,0
1574035200,313.32,314.06,312.82,313.76,3987,0
1574121600,314.38,314.47,312.98,313.67,5149,0
1574208000,313.07,313.59,310.8,312.54,7692,0
1574294400,312.72,312.74,311.18,312.07,4516,0
1574380800,312.87,312.97,311.65,312.73,4191,0
1574640000,313.8,315.14,313.76,315.12,8421,0
1574726400,315.22,316.04,314.86,315.79,6090,0
1574812800,316.46,317.28,316.16,317.25,3415,0
1574985600,316.64,316.92,315.85,315.91,3214,0
1575244800,316.36,316.44,312.95,313.39,5681,0
1575331200,310.37,311.41,308.88,311.24,5049,0
1575417600,312.47,313.88,312.11,313.23,4854,0
1575504000,313.91,313.97,312.35,313.85,5216,0
1575590400,315.94,317.15,315.89,316.57,5730,0
1575849600,316.25,317.0,315.62,315.69,5186,0
1575936000,315.62,316.29,314.62,315.37,5939,0
1576022400,315.84,316.48,315.41,316.19,6482,0
1576108800,316.21,319.8,315.97,318.96,7636,0
1576195200,318.7,320.49,317.84,319.08,7769,0
1576454400,319.0,319.98,319.0,319.35,7762,0
1576540800,319.81,320.07,319.3,319.35,4728,0
1576627200,319.79,320.06,319.37,319.37,5602,0
1576713600,319.57,320.81,319.57,320.71,6476,0
1576800000,321.89,322.83,321.81,322.36,8716,0
1577059200,322.98,323.04,322.45,322.62,6205,0
1577145600,322.89,322.93,322.3,322.64,2838,0
1577318400,323.04,324.33,323.02,324.33,3832,0
1577404800,325.18,325.19,323.71,324.26,9127,0
1577664000,324.38,324.49,321.98,322.53,7137,0
1577750400,321.93,323.53,321.57,323.25,4662,0
1577923200,324.97,326.27,323.95,326.26,6896,0
1578009600,322.53,325.05,322.51,323.83,6063,0
1578268800,321.89,325.14,321.78,325.09,5883,0
1578355200,324.44,324.97,323.68,324.2,5732,0
1578441600,324.38,327.21,324.11,325.84,8883,0
1578528000,327.6,328.17,326.94,328.08,6111,0
1578614400,328.71,328.9,326.62,327.14,4708,0
1578873600,327.84,329.43,327.37,329.4,5356,0
1578960000,328.95,330.07,328.32,328.92,6937,0
1579046400,328.88,330.49,328.71,329.66,6733,0
1579132800,331.19,332.39,330.92,332.38,7295,0
1579219200,333.19,333.65,332.55,333.52,6695,0
1579564800,332.37,333.65,332.31,332.82,9263,0
1579651200,333.73,334.44,332.68,332.87,7025,0
1579737600,332.12,333.38,330.87,333.26,16047,0
1579824000,333.93,334.01,328.84,330.21,10878,0
1580083200,324.51,326.56,324.09,324.94,11890,0
1580169600,326.56,329.3,326.0,328.4,9327,0
1580256000,329.86,330.08,327.92,328.12,6819,0
1580342400,325.8,329.35,324.96,329.09,7535,0
1580428800,328.48,328.62,322.18,323.2,12201,0
1580688000,324.81,327.62,324.73,325.59,6298,0
1580774400,329.56,331.49,329.22,330.6,6376,0
1580860800,333.74,334.56,332.2,334.31,7849,0
1580947200,335.42,335.69,334.29,335.42,9568,0
1581033600,334.34,335.12,333.12,333.72,10740,0
1581292800,332.73,336.22,332.73,336.22,5338,0
1581379200,337.72,338.53,336.26,336.83,6516,0
1581465600,338.31,339.18,337.98,338.99,9104,0
1581552000,337.42,339.65,337.1,338.6,5963,0
1581638400,339.06,339.24,337.75,339.12,6058,0
1581984000,338.06,338.7,336.75,338.23,4500,0
1582070400,339.44,340.63,339.02,339.89,4465,0
1582156800,339.34,340.2,335.23,338.48,6696,0
1582243200,337.0,337.32,334.1,335.01,6165,0
1582502400,324.58,327.28,322.7,323.84,14946,0
1582588800,325.38,326.06,313.09,314.11,16624,0
1582675200,315.52,319.49,312.08,312.92,18648,0
1582761600,306.76,311.03,298.76,298.77,18699,0
1582848000,290.01,297.59,286.7,297.59,29300,0
1583107200,299.51,310.48,295.65,310.41,19727,0
1583193600,310.83,315.15,298.88,301.5,17495,0
1583280000,307.45,314.48,304.71,314.34,12648,0
1583366400,306.32,309.81,301.32,303.8,11187,0
1583452800,294.35,299.99,291.42,298.6,19078,0
1583712000,281.74,285.29,274.0,276.0,19935,0
1583798400,283.48,289.74,274.61,289.17,15418,0
1583884800,279.87,281.86,271.99,275.6,13663,0
1583971200,257.11,267.79,246.66,246.94,28744,0
1584057600,260.26,272.15,250.52,268.37,30880,0
1584316800,246.78,257.81,239.54,242.99,25156,0
1584403200,244.71,256.93,243.0,251.38,20330,0
1584489600,244.86,245.74,228.78,242.86,27156,0
1584576000,242.65,248.21,237.48,237.67,18776,0
1584662400,244.29,246.7,228.68,228.7,19180,0
1584921600,228.51,231.46,220.28,224.32,20826,0
1585008000,240.62,247.15,237.26,247.15,17870,0
1585094400,243.36,257.2,242.92,247.51,17559,0
1585180800,256.33,263.63,254.72,262.95,26734,0
1585267200,253.82,261.63,252.73,253.4,17440,0
1585526400,256.45,263.19,254.41,262.45,19343,0
1585612800,261.39,264.1,257.0,258.42,18287,0
1585699200,248.76,252.22,244.62,246.91,14835,0
1585785600,245.96,253.45,245.44,252.64,13480,0
1585872000,251.49,254.02,246.0,248.95,13056,0
1586131200,258.65,267.81,257.56,265.85,14022,0
1586217600,275.08,275.94,265.7,265.82,20350,0
1586304000,268.75,276.24,266.4,275.09,10771,0
1586390400,278.44,282.07,276.35,279.07,18915,0
1586736000,278.0,278.31,272.29,276.36,13184,0
1586822400,281.92,285.55,280.82,284.86,14165,0
1586908800,278.47,280.46,276.31,278.54,9738,0
1586995200,280.02,280.9,276.63,280.06,9943,0
1587081600,286.29,288.22,283.31,287.58,13542,0
1587340800,283.55,287.21,282.32,282.42,10326,0
1587427200,277.61,278.9,272.92,273.79,13095,0
1587513600,279.21,281.93,277.81,280.09,14847,0
1587600000,281.42,284.81,279.69,279.91,13152,0
1587686400,281.75,284.56,279.4,283.96,8830,0
1587945600,286.01,289.2,285.57,288.07,10826,0
1588032000,291.99,292.36,286.35,286.73,15282,0
1588118400,292.48,295.84,291.38,294.13,11809,0
1588204800,292.66,293.18,289.54,291.23,14238,0
1588291200,286.17,286.93,282.48,283.64,10674,0
1588550400,281.62,284.86,280.12,284.64,9287,0
1588636800,287.53,290.16,286.7,287.08,8166,0
1588723200,289.03,289.38,285.07,285.2,6870,0
1588809600,288.83,290.69,288.1,288.6,7144,0
1588896000,292.06,293.87,290.8,293.45,7244,0
1589155200,291.25,294.99,290.89,293.46,8063,0
1589241600,294.76,295.14,287.46,287.46,6489,0
1589328000,287.0,288.12,279.87,282.51,15990,0
1589414400,279.84,285.99,277.28,285.98,12420,0
1589500800,283.32,287.23,282.28,287.2,9080,0
1589760000,294.01,297.6,293.7,295.96,14704,0
1589846400,295.33,297.17,292.92,292.97,12134,0
1589932800,296.81,298.85,296.6,297.99,7792,0
1590019200,297.67,298.66,294.7,295.74,7442,0
1590105600,295.6,296.62,294.21,296.39,7106,0
1590451200,302.97,303.2,299.71,300.18,14544,0
1590537600,303.16,304.61,297.91,304.61,12848,0
1590624000,305.86,307.91,303.32,303.98,8984,0
1590710400,303.47,306.0,300.67,305.22,10982,0
1590969600,304.64,307.25,304.1,306.64,10562,0
1591056000,307.62,309.22,306.17,309.21,5903,0
1591142400,311.33,314.32,311.04,313.34,8095,0
1591228800,312.18,314.12,310.17,312.37,8930,0
1591315200,318.38,322.45,318.33,320.41,10732,0
1591574400,321.41,324.55,320.81,324.45,6579,0
1591660800,321.5,323.54,320.53,322.02,7211,0
1591747200,322.63,323.56,319.4,320.1,14143,0
1591833600,312.56,313.1,301.08,301.63,16760,0
1591920000,309.35,310.14,299.63,305.26,15377,0
1592179200,297.81,308.05,296.49,306.91,8829,0
1592265600,315.35,315.48,307.61,312.73,9475,0
1592352000,313.94,314.2,310.74,311.37,6195,0
1592438400,309.8,312.09,309.47,311.59,6842,0
1592524800,315.4,315.6,308.38,309.76,6602,0
1592784000,309.13,312.24,308.0,311.9,10579,0
1592870400,314.72,315.71,312.86,313.21,7393,0
1592956800,311.03,311.73,303.36,305.32,12301,0
1593043200,304.66,308.83,302.47,308.49,12687,0
1593129600,307.36,307.56,300.62,301.25,11326,0
1593388800,302.65,305.63,300.11,305.63,8112,0
1593475200,305.18,311.41,305.05,309.69,9793,0
1593561600,310.73,313.08,310.25,311.78,5575,0
1593648000,315.51,316.82,312.72,313.47,6424,0
1593993600,317.67,318.65,316.8,318.24,10203,0
1594080000,316.63,318.75,314.6,314.96,6842,0
1594166400,315.88,317.53,313.95,317.35,6371,0
1594252800,318.16,318.33,311.89,315.63,6054,0
1594339200,315.48,319.14,314.0,318.88,6212,0
1594598400,321.43,323.97,315.39,316.05,8957,0
1594684800,314.54,320.59,313.25,320.18,9923,0
1594771200,323.71,324.32,320.58,323.16,8787,0
1594857600,321.07,322.5,320.38,322.09,4445,0
1594944000,323.15,323.83,321.05,322.96,3701,0
1595203200,322.69,326.36,321.9,325.61,4456,0
1595289600,327.75,328.22,325.28,326.3,4827,0
1595376000,326.0,328.45,325.82,328.14,5073,0
1595462400,327.74,328.51,322.75,324.21,6579,0
1595548800,322.2,323.27,320.55,322.13,6955,0
1595808000,322.9,324.7,322.06,324.49,4387,0
1595894400,323.71,324.93,322.14,322.51,4841,0
1595980800,323.4,327.02,323.36,326.38,3704,0
1596067200,323.18,325.68,320.9,325.26,6961,0
1596153600,327.21,327.86,322.63,327.84,8684,0
1596412800,329.66,330.93,329.06,330.11,5608,0
1596499200,329.19,331.36,329.19,331.34,6733,0
1596585600,332.81,333.7,332.52,333.41,4228,0
1596672000,332.83,335.82,332.48,335.7,5826,0
1596758400,334.63,336.14,333.65,335.94,5975,0
1597017600,336.42,337.11,334.41,336.94,3734,0
1597104000,338.28,338.88,333.38,334.12,7598,0
1597190400,336.8,339.64,336.79,338.78,6571,0
1597276800,337.98,339.61,337.18,338.09,3961,0
1597363200,337.76,338.78,337.05,338.23,3723,0
1597622400,339.28,339.72,338.87,339.26,3303,0
1597708800,339.71,340.46,338.01,339.99,3332,0
1597795200,340.45,341.0,338.04,338.6,3664,0
1597881600,336.73,340.15,336.59,339.65,3572,0
1597968000,339.34,341.06,338.96,340.84,3862,0
1598227200,343.48,344.41,342.48,344.34,4090,0
1598313600,344.95,345.6,343.71,345.5,7693,0
1598400000,346.15,349.27,345.6,348.98,7281,0
1598486400,349.93,351.32,347.98,349.76,6729,0
1598572800,350.87,352.19,349.66,352.02,6746,0
1598832000,351.81,352.76,350.54,350.76,7054,0
1598918400,351.62,354.17,350.7,354.08,6701,0
1599004800,356.18,360.26,354.94,359.22,7948,0
1599091200,357.38,357.88,344.03,346.78,14860,0
1599177600,347.57,349.29,336.26,343.97,12865,0
1599523200,338.04,339.41,334.23,334.58,11943,0
1599609600,338.93,343.89,338.01,341.18,11695,0
1599696000,343.22,343.89,334.21,335.2,8062,0
1599782400,337.12,338.25,332.35,335.37,8246,0
1600041600,338.88,341.66,338.32,339.84,5551,0
1600128000,342.55,343.42,340.41,341.55,4461,0
1600214400,342.95,344.44,339.96,340.21,6345,0
1600300800,334.91,339.01,334.34,337.29,6020,0
1600387200,338.05,338.19,330.65,333.34,7437,0
1600646400,328.34,329.73,324.35,329.67,15237,0
1600732800,331.23,333.57,328.5,333.0,7980,0
1600819200,332.08,332.38,323.23,323.76,9118,0
1600905600,322.32,327.89,320.92,324.62,10210,0
1600992000,323.72,330.7,322.75,329.87,8675,0
1601251200,334.38,336.09,333.32,335.37,6412,0
1601337600,335.11,335.9,332.8,333.52,6753,0
1601424000,334.3,339.47,334.15,336.06,7043,0
1601510400,338.88,339.87,336.21,338.25,6300,0
1601596800,332.74,337.09,332.38,335.07,10879,0
1601856000,337.2,341.12,337.2,340.88,7398,0
1601942400,341.11,343.32,335.56,336.05,8792,0
1602028800,339.28,342.81,339.28,341.9,7411,0
1602115200,344.04,345.03,343.17,344.94,6800,0
1602201600,346.78,348.54,346.09,348.01,5817,0
1602460800,350.8,355.25,350.28,353.66,4526,0
1602547200,353.54,353.54,350.35,351.37,5559,0
1602633600,351.89,353.08,348.38,349.17,5091,0
1602720000,344.77,349.24,344.31,348.75,5227,0
1602806400,350.21,351.95,348.44,348.46,4522,0
1603065600,349.92,350.52,342.3,343.23,6414,0
1603152000,344.65,348.05,343.89,344.57,7154,0
1603238400,344.56,346.79,343.64,343.91,6432,0
1603324800,344.19,346.45,341.88,345.85,6084,0
1603411200,347.16,347.19,344.36,346.96,3873,0
1603670400,342.76,342.76,336.81,340.74,6900,0
1603756800,339.59,341.27,338.18,338.18,8770,0
1603843200,329.88,331.5,327.31,328.96,10642,0
1603929600,330.41,334.54,328.46,328.92,6639,0
1604016000,326.39,329.18,323.73,328.99,10514,0
1604275200,331.33,333.53,328.38,331.39,9843,0
1604361600,334.89,339.42,334.37,337.17,7903,0
1604448000,342.21,349.15,340.82,344.73,12596,0
1604534400,350.48,353.45,350.13,351.46,11234,0
1604620800,351.17,352.72,348.95,351.47,5384,0
1604880000,365.29,365.63,355.35,355.83,17632,0
1604966400,354.78,356.42,351.87,355.4,10466,0
1605052800,357.74,358.86,356.43,357.93,4954,0
1605139200,356.92,357.68,352.55,354.52,5438,0
1605225600,356.52,360.19,356.0,359.39,4967,0
1605484800,362.38,363.76,360.93,363.76,5934,0
1605571200,361.27,363.25,359.7,361.97,6615,0
1605657600,362.21,362.82,357.58,357.59,6179,0
1605744000,356.86,359.5,355.5,359.05,8152,0
1605830400,358.74,359.01,356.53,356.63,4319,0
1606089600,358.6,360.0,356.17,358.76,5511,0
1606176000,361.52,365.1,360.6,364.58,8115,0
1606262400,364.44,364.48,362.8,363.96,7060,0
1606435200,365.22,365.8,364.01,365.8,2054,0
1606694400,364.12,364.39,360.53,363.34,5339,0
1606780800,366.91,368.98,366.27,367.15,6992,0
1606867200,366.14,368.27,365.57,368.09,8558,0
1606953600,368.02,369.53,366.88,368.03,5810,0
1607040000,368.68,371.2,368.62,371.2,8273,0
1607299200,370.42,371.0,369.12,370.51,6266,0
1607385600,369.07,372.16,369.06,371.54,5446,0
1607472000,372.26,372.42,367.32,368.27,6242,0
1607558400,366.81,369.21,365.81,368.08,6357,0
1607644800,366.28,367.93,364.62,367.64,12159,0
1607904000,368.4,369.57,364.24,364.33,8026,0
1607990400,367.14,369.32,365.69,369.3,6371,0
1608076800,369.61,370.91,368.62,369.91,9780,0
1608163200,371.68,372.2,370.82,371.96,5430,0
1608249600,372.3,372.47,368.36,370.46,10882,0
1608508800,366.3,370.09,363.4,369.25,8134,0
1608595200,369.54,369.67,367.45,368.4,5856,0
1608681600,369.63,370.96,368.73,368.88,8017,0
1608768000,369.4,370.36,368.81,369.69,3434,0
1609113600,373.09,373.94,372.44,373.53,4147,0
1609200000,375.15,375.37,372.2,372.83,7514,0
1609286400,373.7,374.43,372.95,373.36,5154,0
1609372800,373.17,376.04,372.61,375.21,7083,0
1609718400,376.69,376.8,366.2,370.3,10722,0
1609804800,369.44,373.74,369.44,372.67,5567,0
1609891200,370.98,378.33,370.53,374.93,6499,0
1609977600,377.47,381.26,377.28,380.48,9051,0
1610064000,382.01,382.86,378.51,382.68,7433,0
1610323200,379.25,381.92,379.12,380.14,6803,0
1610409600,380.2,381.23,377.77,380.15,7902,0
1610496000,380.11,382.24,379.24,381.14,7654,0
1610582400,381.98,382.53,379.47,379.85,8308,0
1610668800,378.09,378.88,375.08,377.1,6842,0
1611014400,379.73,380.61,378.18,380.04,11145,0
1611100800,382.52,386.19,382.11,385.26,7272,0
1611187200,385.89,386.38,384.67,385.6,5177,0
1611273600,383.68,385.5,383.26,384.27,5617,0
1611532800,385.12,386.15,379.88,385.83,6654,0
1611619200,386.81,387.2,385.0,385.24,4338,0
1611705600,381.63,381.69,373.43,375.87,8925,0
1611792000,377.76,383.34,377.34,379.02,7962,0
1611878400,377.06,378.0,369.65,371.5,7661,0
1612137600,375.14,378.75,372.8,377.58,6820,0
1612224000,381.02,384.64,381.0,382.94,5460,0
1612310400,383.92,385.11,381.98,383.25,5831,0
1612396800,384.42,387.62,384.2,387.49,3832,0
1612483200,389.67,389.87,387.95,389.13,5277,0
1612742400,390.75,392.04,389.86,392.04,4789,0
1612828800,391.1,392.35,390.65,391.68,6361,0
1612915200,393.6,393.73,388.99,391.56,4281,0
1613001600,392.84,393.15,389.58,392.2,6514,0
1613088000,391.29,394.35,391.24,394.19,3607,0
1613433600,395.46,395.65,393.03,393.82,4322,0
1613520000,391.9,394.09,390.9,393.87,4595,0
1613606400,391.01,392.99,389.21,392.23,5394,0
1613692800,393.67,393.84,391.03,391.44,4897,0
1613952000,388.5,391.08,388.22,388.55,5391,0
1614038400,386.08,390.36,381.62,388.94,10884,0
1614124800,387.73,393.67,386.74,393.21,7493,0
1614211200,391.87,393.33,382.2,383.8,13588,0
1614297600,385.79,387.01,379.61,381.76,11135,0
1614556800,387.07,392.38,387.07,391.0,8128,0
1614643200,391.34,391.51,387.79,388.02,10738,0
1614729600,387.21,388.25,382.75,382.81,9134,0
1614816000,382.62,385.38,373.26,378.13,13787,0
1614902400,381.88,386.21,374.05,385.06,9869,0
1615161600,386.17,389.13,382.83,383.05,9234,0
1615248000,387.29,391.37,386.79,388.57,7799,0
1615334400,391.17,392.82,389.64,390.99,6125,0
1615420800,393.73,397.15,393.23,394.97,5248,0
1615507200,393.59,395.72,392.67,395.58,5795,0
1615766400,395.1,398.22,393.55,397.93,4131,0
1615852800,399.14,399.36,396.58,398.05,5265,0
1615939200,396.23,399.64,394.83,396.89,6633,0
1616025600,396.52,398.24,392.36,393.42,6183,0
1616112000,391.63,394.32,390.56,392.12,7085,0
1616371200,394.28,396.83,394.12,395.62,5275,0
1616457600,395.46,396.24,391.49,392.63,6679,0
1616544000,393.76,395.54,390.21,390.42,7769,0
1616630400,387.51,391.99,385.34,391.72,8218,0
1616716800,393.56,397.87,391.76,397.45,5633,0
1616976000,395.86,398.2,394.27,397.19,7494,0
1617062400,395.95,396.9,394.5,396.41,7952,0
1617148800,396.84,399.48,396.84,397.82,9241,0
1617235200,399.88,402.2,399.67,402.07,8749,0
1617580800,405.02,408.47,404.91,407.79,9141,0
1617667200,407.31,408.74,406.96,407.58,6461,0
1617753600,407.47,408.48,406.99,408.11,5263,0
1617840000,409.44,410.11,408.47,410.01,8519,0
1617926400,409.91,413.2,409.81,412.99,6502,0
1618185600,412.36,413.47,411.76,413.18,5656,0
1618272000,413.07,415.08,412.67,414.37,6365,0
1618358400,414.36,415.51,412.42,413.03,7424,0
1618444800,415.34,417.71,415.26,417.39,6479,0
1618531200,418.82,419.48,417.33,418.89,5647,0
1618790400,417.82,418.32,415.36,416.95,8277,0
1618876800,415.46,416.23,412.19,413.71,12480,0
1618963200,413.08,417.82,412.95,417.6,6311,0
1619049600,417.44,418.34,412.71,413.87,7710,0
1619136000,414.42,419.84,414.39,418.31,5989,0
1619395200,419.02,419.81,418.6,419.27,4293,0
1619481600,419.53,419.72,417.95,419.08,5690,0
1619568000,419.44,420.6,418.6,418.95,5334,0
1619654400,422.0,422.28,418.01,421.58,6560,0
1619740800,419.23,420.13,417.93,418.89,9014,0
1620000000,421.03,421.43,419.28,419.79,8779,0
1620086400,417.58,418.17,413.26,417.24,10550,0
1620172800,418.93,419.21,416.54,417.29,6711,0
1620259200,417.46,420.77,415.27,420.69,10462,0
1620345600,421.52,424.42,420.79,423.69,7197,0
1620604800,424.14,424.34,419.43,419.6,6411,0
1620691200,414.66,416.83,411.61,415.81,13273,0
1620777600,412.79,414.1,406.34,407.01,13420,0
1620864000,408.63,413.9,408.61,411.78,12267,0
1620950400,414.76,419.07,414.76,418.14,6525,0
1621209600,416.98,417.93,415.01,417.17,6212,0
1621296000,417.4,417.63,413.36,413.57,6269,0
1621382400,408.46,412.6,406.89,412.5,8193,0
1621468800,413.37,418.18,413.27,416.63,7072,0
1621555200,418.56,419.8,416.04,416.58,5954,0
1621814400,418.98,421.94,418.69,420.76,4582,0
1621900800,421.96,422.34,419.22,419.9,7767,0
1621987200,420.52,421.21,419.39,420.65,5864,0
1622073600,421.78,422.32,420.78,420.84,7955,0
1622160000,422.61,422.89,421.47,421.65,6465,0
1622505600,424.23,424.36,420.82,421.27,7110,0
1622592000,421.98,422.85,420.94,422.03,5396,0
1622678400,419.51,421.63,417.94,420.43,5035,0
1622764800,422.37,424.56,422.33,424.24,4249,0
1623024000,424.28,424.41,422.88,423.87,5727,0
1623110400,424.8,424.86,421.99,423.9,4951,0
1623196800,424.86,424.91,423.05,423.24,5836,0
1623283200,423.42,425.03,421.99,424.03,5194,0
1623369600,424.65,424.83,423.29,424.74,3751,0
1623628800,424.85,425.77,423.55,425.77,3950,0
1623715200,425.9,425.9,424.0,425.02,6680,0
1623801600,425.12,425.27,420.35,422.59,8610,0
1623888000,422.07,423.42,419.77,422.45,7578,0
1623974400,418.96,419.61,416.48,416.77,9766,0
1624233600,418.62,422.86,417.73,422.66,6054,0
1624320000,422.67,425.79,421.89,424.86,5664,0
1624406400,424.99,425.85,424.34,424.41,4084,0
1624492800,426.71,427.38,426.44,426.9,7401,0
1624579200,427.84,428.91,427.43,428.39,6425,0
1624838400,429.04,429.49,427.72,429.36,6455,0
1624924800,429.76,430.38,428.99,429.52,5649,0
1625011200,429.05,430.62,429.05,429.92,7285,0
1625097600,430.75,432.45,430.67,432.36,6512,0
1625184000,433.51,435.97,433.22,435.65,7301,0
1625529600,435.67,435.83,431.87,434.75,7205,0
1625616000,435.56,436.62,433.41,436.31,6812,0
1625702400,430.65,433.59,429.39,432.82,9744,0
1625788800,434.42,437.66,434.19,437.36,6936,0
1626048000,437.31,439.27,436.88,439.03,6380,0
1626134400,438.15,439.74,437.17,437.5,7608,0
1626220800,439.3,439.81,436.8,438.1,6970,0
1626307200,436.74,437.41,434.6,436.6,6679,0
1626393600,437.87,437.94,432.8,433.27,8410,0
1626652800,428.05,428.54,423.82,426.82,16926,0
1626739200,427.57,434.27,426.71,432.93,13292,0
1626825600,434.21,436.59,434.04,436.47,7120,0
1626912000,436.62,437.61,435.59,437.42,5248,0
1626998400,439.42,442.18,438.71,441.79,4782,0
1627257600,441.23,442.92,441.18,442.92,5594,0
1627344000,441.83,441.83,437.91,440.9,6855,0
1627430400,441.57,442.19,439.23,440.68,6102,0
1627516800,441.76,443.72,441.76,442.62,5360,0
1627603200,439.82,441.98,439.71,440.44,4471,0
1627862400,442.21,442.86,439.22,439.51,6457,0
1627948800,440.39,443.15,438.01,443.03,5225,0
1628035200,441.69,442.31,440.64,440.9,5135,0
1628121600,442.17,443.78,441.85,443.7,4435,0
1628208000,444.08,444.87,443.78,444.47,5544,0
1628467200,444.37,444.72,443.24,444.12,3441,0
1628553600,444.55,445.39,443.87,444.6,3960,0
1628640000,445.78,445.84,444.57,445.68,5704,0
1628726400,445.6,447.18,444.64,446.99,8095,0
1628812800,447.51,447.85,447.04,447.83,4497,0
1629072000,446.5,449.06,444.85,449.01,5594,0
1629158400,446.15,446.91,442.78,446.0,11683,0
1629244800,444.87,446.56,440.87,441.14,8026,0
1629331200,438.19,443.05,438.03,441.86,7552,0
1629417600,442.14,445.67,441.66,445.3,6062,0
1629676800,447.12,450.21,447.11,449.22,3968,0
1629763200,449.91,450.51,449.43,449.96,5810,0
1629849600,450.17,451.44,449.75,450.9,6256,0
1629936000,450.64,450.85,448.15,448.26,6044,0
1630022400,449.08,452.65,449.07,452.19,8103,0
1630281600,453.09,455.08,452.72,454.21,4834,0
1630368000,454.12,454.51,452.95,453.65,4837,0
1630454400,454.55,455.14,453.58,453.86,5851,0
1630540800,455.35,456.08,453.96,455.25,4699,0
1630627200,454.0,455.65,453.6,455.13,3636,0
1630972800,454.7,454.82,452.77,453.56,3974,0
1631059200,452.9,453.68,450.88,453.01,6279,0
1631145600,452.69,454.57,450.73,450.96,6894,0
1631232000,453.06,453.5,447.3,447.5,5366,0
1631491200,450.68,450.87,446.1,448.57,6079,0
1631577600,450.24,450.31,445.21,446.17,6753,0
1631664000,446.57,450.39,445.45,449.88,7069,0
1631750400,449.32,450.33,446.01,449.12,4263,0
1631836800,448.33,448.78,444.43,444.79,8260,0
1632096000,438.26,439.89,432.19,437.42,16981,0
1632182400,439.86,441.24,436.41,437.01,9876,0
1632268800,439.4,443.4,438.42,441.23,8465,0
1632355200,443.25,448.29,443.02,446.55,6401,0
1632441600,443.15,446.4,442.93,445.68,4920,0
1632700800,444.54,445.75,443.61,444.4,4883,0
1632787200,441.33,441.74,434.65,435.45,10351,0
1632873600,436.89,438.72,435.56,436.15,6744,0
1632960000,437.7,438.45,430.62,430.77,10664,0
1633046400,432.7,437.73,428.93,435.91,11124,0
1633305600,434.69,435.6,428.0,430.38,10983,0
1633392000,431.9,437.16,431.1,434.76,6356,0
1633478400,430.93,436.82,429.23,436.64,7436,0
1633564800,440.13,443.36,439.9,440.33,6236,0
1633651200,441.19,441.57,438.95,439.51,4435,0
1633910400,438.83,441.93,436.31,436.32,4633,0
1633996800,437.39,437.76,434.48,435.3,5859,0
1634083200,436.37,437.71,433.24,436.85,6657,0
1634169600,440.83,444.39,440.34,444.21,4703,0
1634256000,446.53,448.0,445.84,447.6,4513,0
1634515200,445.72,449.28,445.0,449.08,4146,0
1634601600,450.78,452.49,450.06,452.48,4559,0
1634688000,452.87,454.52,452.78,454.17,4634,0
1634774400,453.55,455.64,453.11,455.42,7220,0
1634860800,454.95,456.46,452.83,454.91,5174,0
1635120000,456.03,457.7,454.17,457.28,3405,0
1635206400,458.98,460.29,457.39,457.78,4404,0
1635292800,458.21,458.93,455.68,455.71,3651,0
1635379200,457.39,460.2,457.39,460.09,3207,0
1635465600,457.66,461.39,457.38,461.03,6379,0
1635724800,460.82,462.06,460.04,461.85,3638,0
1635811200,463.05,464.04,462.92,463.76,4935,0
1635897600,463.08,466.97,462.73,466.33,4270,0
1635984000,468.54,468.85,467.03,468.71,6019,0
1636070400,471.9,472.22,468.8,469.87,6773,0
1636329600,471.57,472.08,470.1,470.86,5252,0
1636416000,471.37,471.44,467.75,469.25,6402,0
1636502400,467.45,469.25,463.91,465.51,6652,0
1636588800,467.11,467.12,465.61,465.71,5856,0
1636675200,466.96,469.71,465.97,469.14,5432,0
1636934400,470.58,470.66,468.12,469.31,4260,0
1637020800,469.01,472.37,468.97,471.14,6273,0
1637107200,470.9,471.09,469.34,470.03,5648,0
1637193600,471.16,471.9,468.29,471.59,4990,0
1637280000,471.48,472.81,470.41,470.8,5211,0
1637539200,472.73,475.46,469.28,469.41,6408,0
1637625600,469.07,470.94,466.33,470.12,9517,0
1637712000,468.0,471.47,467.05,471.28,8097,0
1637884800,464.23,465.72,459.43,460.99,10802,0
1638144000,465.9,468.42,463.6,466.31,9223,0
1638230400,463.91,465.79,457.13,457.77,15021,0
1638316800,463.47,466.48,452.08,452.31,12292,0
1638403200,452.52,460.88,452.13,459.23,13392,0
1638489600,460.96,462.07,450.74,455.2,13983,0
1638748800,457.95,462.61,455.38,460.63,11295,0
1638835200,466.3,470.75,466.26,470.16,11600,0
1638921600,470.6,471.9,468.77,471.45,7212,0
1639008000,470.05,470.97,468.08,468.22,6789,0
1639094400,471.14,472.81,468.43,472.65,7547,0
1639353600,470.65,470.94,466.73,467.06,9524,0
1639440000,463.48,466.05,460.61,463.84,9621,0
1639526400,463.83,471.28,461.14,471.0,10860,0
1639612800,472.96,473.28,465.19,466.76,11071,0
1639699200,463.51,466.73,460.06,461.91,15167,0
1639958400,456.46,457.4,453.11,456.98,12947,0
1640044800,460.64,465.23,458.32,465.13,12129,0
1640131200,464.8,469.87,464.67,469.66,8931,0
1640217600,470.77,474.23,470.71,472.62,6882,0
1640563200,474.08,479.39,474.08,479.38,7585,0
1640649600,479.84,480.87,478.12,479.02,8479,0
1640736000,479.08,480.62,478.0,479.54,6722,0
1640822400,480.04,481.09,477.77,478.25,5973,0
1640908800,477.66,478.92,476.75,476.97,7865,0
1641168000,478.37,479.88,475.91,479.84,10289,0
1641254400,481.35,482.07,477.66,479.6,9013,0
1641340800,479.27,480.03,470.3,470.39,12016,0
1641427200,469.95,472.81,467.48,470.0,11052,0
1641513600,470.02,471.25,466.67,468.06,10220,0
1641772800,464.69,467.77,458.59,467.52,14757,0
1641859200,467.26,471.9,464.06,471.85,13232,0
1641945600,473.65,475.25,470.97,473.11,12323,0
1642032000,474.22,474.9,465.5,466.57,10608,0
1642118400,463.14,467.06,461.9,466.72,18753,0
1642464000,461.7,461.94,457.33,458.53,16363,0
1642550400,460.14,461.6,453.45,453.92,13172,0
1642636800,455.72,460.75,448.22,448.68,17507,0
1642723200,447.54,450.01,439.89,439.91,26183,0
1642982400,433.93,442.32,422.56,441.79,36408,0
1643068800,434.94,441.63,429.01,436.43,29343,0
1643155200,442.69,445.93,430.76,435.42,31573,0
1643241600,440.19,443.45,431.34,433.15,30176,0
1643328000,434.64,443.88,429.68,443.81,25644,0
1643587200,443.11,452.24,441.78,451.77,13953,0
1643673600,452.69,455.59,448.91,454.89,15528,0
1643760000,457.5,460.14,455.04,459.22,12504,0
1643846400,452.93,454.94,447.68,448.62,15115,0
1643932800,448.31,454.77,445.8,450.72,14393,0
1644192000,451.51,452.96,447.83,449.23,12653,0
1644278400,448.73,453.87,447.18,452.83,10195,0
1644364800,457.26,459.8,457.03,459.5,12080,0
1644451200,453.39,459.72,449.21,451.37,14613,0
1644537600,451.34,453.57,440.88,442.3,18661,0
1644796800,441.85,443.51,437.26,440.95,16414,0
1644883200,445.67,448.24,445.12,448.01,12985,0
1644969600,445.93,450.02,443.89,448.57,12421,0
1645056000,445.34,445.71,438.37,439.07,10575,0
1645142400,439.34,440.59,433.72,436.14,13921,0
1645488000,433.75,437.4,427.71,431.51,17454,0
1645574400,434.47,435.13,423.17,423.81,21023,0
1645660800,412.75,430.61,412.4,430.15,31778,0
1645747200,431.5,439.77,429.75,439.77,17103,0
1646006400,433.98,440.11,432.6,438.6,22231,0
1646092800,437.0,439.08,429.1,431.87,24322,0
1646179200,434.31,441.4,433.51,439.71,15359,0
1646265600,442.44,443.03,435.76,437.67,17347,0
1646352000,433.75,435.26,429.74,434.1,13782,0
1646611200,433.44,433.69,421.2,421.26,14261,0
1646697600,421.5,428.96,416.94,418.06,17416,0
1646784000,427.0,431.3,424.72,429.27,12823,0
1646870400,424.38,428.26,422.27,427.34,12197,0
1646956800,430.04,430.6,421.37,421.92,13196,0
1647216000,424.47,426.36,417.63,419.31,9139,0
1647302400,423.57,428.68,423.2,427.5,11998,0
1647388800,435.39,438.83,426.7,438.68,10853,0
1647475200,438.33,443.07,435.9,440.96,8019,0
1647561600,443.08,449.05,441.78,449.02,7165,0
1647820800,446.41,449.18,444.02,448.35,7780,0
1647907200,451.99,453.96,451.17,453.07,6197,0
1647993600,451.02,451.87,447.1,447.43,5635,0
1648080000,447.38,452.65,447.17,452.62,5787,0
1648166400,453.8,454.9,450.38,454.56,6501,0
1648425600,454.02,457.85,452.0,457.74,8562,0
1648512000,462.01,464.04,459.19,463.64,10821,0
1648598400,462.3,463.17,458.45,460.73,9865,0
1648684800,459.87,460.72,453.47,453.65,9285,0
1648771200,455.26,455.42,451.08,454.84,10033,0
1649030400,455.05,458.8,454.24,458.77,5931,0
1649116800,457.18,459.78,451.92,453.03,6571,0
1649203200,448.79,450.87,445.47,448.59,9391,0
1649289600,447.53,452.62,445.45,450.76,8783,0
1649376000,450.03,452.53,447.91,449.58,7299,0
1649635200,446.02,446.85,441.3,441.86,7461,0
1649721600,445.06,447.62,438.59,440.11,8875,0
1649808000,439.88,445.98,439.76,445.28,6595,0
1649894400,445.48,446.63,439.57,439.73,6908,0
1650240000,438.71,441.63,437.53,439.9,7324,0
1650326400,439.77,447.73,439.59,446.81,6106,0
1650412800,448.87,449.48,445.43,446.57,6235,0
1650499200,450.58,451.95,439.02,439.95,8112,0
1650585600,438.78,439.1,427.3,427.88,13059,0
1650844800,425.46,430.53,420.64,430.39,13145,0
1650931200,427.7,427.84,417.86,417.95,15054,0
1651017600,418.98,424.73,416.84,419.1,17333,0
1651104000,424.12,431.47,419.43,429.66,10635,0
1651190400,425.48,427.67,412.98,413.81,12008,0
1651449600,413.82,417.65,406.8,416.27,16763,0
1651536000,416.77,420.72,415.15,418.16,15391,0
1651622400,418.88,431.5,415.48,430.81,16643,0
1651708800,426.35,426.43,411.2,415.68,18400,0
1651795200,412.87,416.55,407.5,413.28,11927,0
1652054400,406.86,408.09,398.28,399.94,11329,0
1652140800,406.21,407.73,396.53,400.76,12703,0
1652227200,399.78,405.68,393.63,394.41,11460,0
1652313600,391.03,397.45,386.81,394.0,11791,0
1652400000,398.38,404.87,397.35,403.39,9591,0
1652659200,401.71,405.74,399.33,401.89,8730,0
1652745600,408.27,410.27,404.33,409.97,8409,0
1652832000,405.23,405.49,392.25,393.62,12625,0
1652918400,390.23,395.67,388.74,391.11,13466,0
1653004800,394.91,395.49,382.17,391.28,14931,0
1653264000,394.58,399.43,392.08,398.68,11719,0
1653350400,394.27,396.79,388.65,395.56,12090,0
1653436800,393.9,401.16,393.74,399.29,12398,0
1653523200,400.42,408.8,400.2,407.07,7475,0
1653609600,409.65,417.23,409.49,417.2,7060,0
1653955200,415.41,418.3,411.86,414.78,10630,0
1654041600,416.96,418.03,408.75,411.45,14109,0
1654128000,411.25,419.29,408.86,419.25,8586,0
1654214400,414.25,415.84,411.32,412.38,6517,0
1654473600,416.65,418.41,412.38,413.56,7382,0
1654560000,409.86,418.04,409.4,417.52,6104,0
1654646400,415.69,417.61,412.2,413.07,6097,0
1654732800,409.79,412.14,401.91,401.96,6531,0
1654819200,395.31,396.08,390.09,390.15,13525,0
1655078400,380.2,382.16,373.65,375.32,24803,0
1655164800,377.13,378.23,370.89,374.15,20226,0
1655251200,377.67,384.23,372.44,379.54,14273,0
1655337600,370.79,371.23,364.36,367.34,16377,0
1655424000,367.42,371.27,364.03,367.66,17895,0
1655769600,373.79,378.45,373.7,376.99,11340,0
1655856000,372.54,380.66,372.14,376.27,8571,0
1655942400,378.55,380.76,374.8,380.07,11823,0
1656028800,383.52,392.04,383.35,392.04,8161,0
1656288000,393.05,393.36,389.41,390.62,10309,0
1656374400,392.17,395.14,382.51,382.68,10391,0
1656460800,383.15,384.22,380.4,382.41,8001,0
1656547200,378.19,382.58,374.54,379.21,10587,0
1656633600,378.51,383.63,375.78,383.14,8299,0
1656979200,377.87,383.96,374.83,383.96,8167,0
1657065600,384.1,387.86,381.61,385.31,8531,0
1657152000,387.12,391.84,387.11,390.97,8230,0
1657238400,389.27,392.64,387.68,390.68,7489,0
1657497600,387.85,388.84,385.5,386.26,5673,0
1657584000,385.61,388.15,380.96,382.85,6662,0
1657670400,377.01,383.79,376.68,380.8,7566,0
1657756800,375.55,380.49,372.97,379.92,8700,0
1657843200,384.64,387.22,382.57,387.08,5150,0
1658102400,390.36,391.0,382.65,383.99,6075,0
1658188800,388.07,394.88,387.4,394.28,7643,0
1658275200,394.45,398.31,393.11,396.81,7723,0
1658361600,396.32,400.9,393.71,400.88,9047,0
1658448000,401.04,402.24,394.8,397.2,9826,0
1658707200,397.82,398.55,395.32,397.64,6568,0
1658793600,395.86,396.08,391.98,392.93,6938,0
1658880000,396.41,404.98,396.18,403.1,7994,0
1658966400,403.97,408.9,400.27,408.17,7628,0
1659052800,409.77,415.15,408.93,414.23,7775,0
1659312000,411.29,415.58,410.58,412.87,6405,0
1659398400,411.24,415.15,408.95,410.29,8438,0
1659484800,412.55,417.88,412.24,416.64,7013,0
1659571200,416.57,417.24,414.65,416.33,7186,0
1659657600,411.83,416.35,411.82,415.59,6287,0
1659916800,417.5,419.84,414.0,415.22,6767,0
1660003200,414.41,414.86,412.39,413.54,4820,0
1660089600,420.99,422.36,418.97,422.18,5190,0
1660176000,425.26,427.2,421.47,422.3,6504,0
1660262400,424.32,429.48,423.29,429.33,7200,0
1660521600,427.12,431.62,427.02,431.17,5095,0
1660608000,430.04,434.03,429.24,432.02,5898,0
1660694400,428.2,431.82,426.81,428.94,6009,0
1660780800,429.16,430.89,427.78,430.12,4692,0
1660867200,427.26,427.54,423.47,424.4,4854,0
1661126400,419.28,419.36,414.58,415.61,8084,0
1661212800,415.06,417.6,413.95,414.51,5785,0
1661299200,414.33,417.32,413.59,415.82,4222,0
1661385600,417.45,421.77,416.35,421.73,4130,0
1661472000,421.68,422.16,407.4,407.49,7780,0
1661731200,404.34,407.96,403.31,404.76,8064,0
1661817600,405.99,406.21,398.1,400.22,9459,0
1661904000,402.07,403.3,397.13,397.2,8547,0
1661990400,394.88,398.82,392.06,398.46,10073,0
1662076800,402.42,403.66,392.33,394.32,7990,0
1662422400,395.21,396.26,390.47,392.8,10620,0
1662508800,392.42,400.67,392.28,399.89,9210,0
1662595200,397.39,402.94,396.22,402.48,7018,0
1662681600,404.87,409.66,404.66,408.74,4797,0
1662940800,410.93,413.93,410.67,413.23,6708,0
1663027200,403.94,405.21,394.01,395.09,9393,0
1663113600,396.52,398.12,393.14,396.64,8855,0
1663200000,394.97,397.96,390.85,392.18,9128,0
1663286400,387.74,389.86,385.7,389.19,8665,0
1663545600,385.81,392.17,385.76,392.16,7385,0
1663632000,388.66,389.65,384.77,387.71,7337,0
1663718400,389.75,392.93,380.91,380.94,13650,0
1663804800,380.11,381.1,376.92,377.66,10241,0
1663891200,373.98,374.02,366.69,371.58,11244,0
1664150400,367.98,371.72,364.51,365.83,12414,0
1664236800,369.53,371.93,362.4,364.97,17361,0
1664323200,365.84,373.8,364.12,372.01,13186,0
1664409600,368.34,368.56,361.18,364.42,11629,0
1664496000,363.39,367.34,358.56,358.66,11434,0
1664755200,362.55,370.07,360.67,368.14,10764,0
1664841600,373.91,379.52,373.9,379.5,8452,0
1664928000,374.87,381.0,372.47,378.71,10763,0
1665014400,377.14,380.2,374.27,374.81,8416,0
1665100800,370.53,370.78,362.42,364.27,9187,0
1665360000,365.47,365.68,359.18,361.57,6448,0
1665446400,359.7,364.49,357.18,359.2,10378,0
1665532800,359.68,361.25,357.77,358.11,7676,0
1665619200,350.58,369.02,349.53,367.49,13027,0
1665705600,370.07,371.7,358.43,359.11,9193,0
1665964800,365.5,369.44,365.49,368.34,8278,0
1666051200,376.69,376.96,369.08,372.64,11372,0
1666137600,370.48,373.34,367.05,370.03,9467,0
1666224000,369.52,374.17,366.13,366.94,9719,0
1666310400,366.61,376.35,365.1,375.76,8774,0
1666569600,377.45,381.62,374.65,380.43,9706,0
1666656000,380.32,386.86,380.32,386.52,11032,0
1666742400,383.21,389.19,382.97,383.63,9831,0
1666828800,384.68,386.56,380.91,381.56,7686,0
1666915200,381.41,391.15,381.28,390.57,7583,0
1667174400,387.33,390.01,386.98,388.15,8721,0
1667260800,388.01,388.23,384.95,385.38,5783,0
1667347200,383.83,390.15,376.02,376.8,9842,0
1667433600,374.2,375.67,372.46,372.53,5526,0
1667520000,379.33,380.4,371.55,377.01,7500,0
1667779200,379.29,382.14,377.08,381.54,8388,0
1667865600,382.68,386.68,379.27,383.62,7587,0
1667952000,381.44,382.71,375.18,375.69,5622,0
1668038400,389.62,396.7,387.28,396.33,8990,0
1668124800,397.33,401.06,395.11,400.03,8120,0
1668384000,398.36,401.9,396.61,396.88,7905,0
1668470400,402.9,404.02,396.24,400.22,11161,0
1668556800,398.33,399.4,396.49,397.22,6889,0
1668643200,392.18,396.62,391.81,395.95,4791,0
1668729600,399.44,399.47,394.73,397.8,5260,0
1668988800,396.48,397.44,394.44,396.26,4169,0
1669075200,398.35,401.81,396.88,401.63,5442,0
1669161600,401.29,404.69,401.11,404.2,4754,0
1669334400,403.61,404.69,403.33,404.1,2410,0
1669593600,400.83,402.55,396.82,397.66,4937,0
1669680000,397.74,398.96,395.0,397.04,5243,0
1669766400,397.17,409.3,395.21,409.27,9586,0
1669852800,410.57,411.83,406.54,409.16,12368,0
1669939200,403.98,409.61,403.97,408.69,5695,0
1670198400,405.76,406.72,399.93,401.35,7056,0
1670284800,401.14,401.65,393.31,395.64,8806,0
1670371200,394.47,397.32,393.62,394.84,7579,0
1670457600,396.82,398.97,395.15,397.93,5928,0
1670544000,396.64,399.33,394.86,395.0,8121,0
1670803200,395.87,400.66,395.12,400.65,8506,0
1670889600,410.37,410.38,399.13,402.01,9760,0
1670976000,401.64,405.47,396.37,399.49,10421,0
1671062400,394.37,395.25,387.88,389.66,12116,0
1671148800,386.93,388.24,382.79,385.01,9029,0
1671408000,385.26,385.56,380.04,381.71,8717,0
1671494400,380.97,383.91,379.61,382.23,9791,0
1671580800,385.05,389.16,384.45,387.96,7717,0
1671667200,384.77,385.08,376.49,382.54,9972,0
1671753600,381.44,384.76,379.77,384.65,6800,0
1672099200,384.55,384.87,381.42,383.14,7380,0
1672185600,383.05,385.06,378.17,378.41,8369,0
1672272000,381.37,386.05,380.95,385.08,7544,0
1672358400,382.42,384.27,380.2,384.2,8691,0
1672704000,386.12,388.11,379.68,382.58,10584,0
1672790400,384.93,387.6,381.81,385.49,6260,0
1672876800,383.46,383.54,380.53,381.14,7416,0
1672963200,384.35,391.02,381.23,389.82,7847,0
1673222400,392.17,395.49,389.43,389.63,6414,0
1673308800,388.97,392.45,388.04,392.4,4429,0
1673395200,394.07,397.4,393.22,397.27,7808,0
1673481600,398.47,400.3,394.33,398.8,5794,0
1673568000,395.41,400.92,395.17,400.35,6109,0
1673913600,400.36,402.07,398.92,399.62,6458,0
1674000000,400.97,401.94,393.15,393.37,6935,0
1674086400,390.99,392.87,389.08,390.52,5483,0
1674172800,391.86,397.86,390.24,397.68,5599,0
1674432000,398.55,404.52,397.6,402.43,8417,0
1674518400,400.76,403.04,399.52,402.03,7595,0
1674604800,397.75,402.57,395.42,402.26,9136,0
1674691200,405.03,406.8,401.92,406.62,5871,0
1674777600,405.55,410.06,405.4,407.62,8327,0
1675036800,404.66,407.02,402.2,402.52,7497,0
1675123200,402.99,408.36,402.67,408.35,8877,0
1675209600,407.12,415.56,404.23,412.7,8892,0
1675296000,416.8,420.25,414.84,418.72,8419,0
1675382400,413.5,418.94,413.04,414.33,8081,0
1675641600,411.74,413.24,410.05,411.87,5499,0
1675728000,410.79,418.41,409.53,417.13,8696,0
1675814400,415.05,416.46,411.88,412.67,4915,0
1675900800,416.42,416.51,407.78,409.1,5347,0
1675987200,407.83,410.33,406.93,409.91,5350,0
1676246400,410.67,414.84,410.21,414.78,6061,0
1676332800,413.17,417.0,410.45,414.59,5823,0
1676419200,412.3,415.93,411.48,415.93,6013,0
1676505600,410.74,414.82,410.09,410.27,5390,0
1676592000,407.98,409.39,405.96,409.18,4079,0
1676937600,404.94,406.0,400.68,401.05,7203,0
1677024000,401.38,402.96,398.86,400.41,5621,0
1677110400,403.46,404.05,398.1,402.47,8925,0
1677196800,397.21,399.07,395.56,398.2,7049,0
1677456000,401.73,403.14,398.61,399.54,7997,0
1677542400,399.13,401.11,397.97,397.97,6371,0
1677628800,397.21,398.5,395.2,396.61,8859,0
1677715200,394.5,400.53,394.2,399.67,5763,0
1677801600,401.63,406.33,400.92,405.98,5862,0
1678060800,407.06,409.38,405.96,406.41,12290,0
1678147200,406.34,406.58,399.49,400.14,7612,0
1678233600,400.29,401.59,398.44,400.79,6943,0
1678320000,401.63,403.3,392.32,393.33,7357,0
1678406400,392.8,394.95,386.13,387.7,10843,0
1678665600,385.75,392.05,385.73,387.83,11157,0
1678752000,394.12,395.26,388.84,392.98,8717,0
1678838400,387.51,391.23,385.47,391.03,10842,0
1678924800,389.62,398.28,389.4,398.03,9758,0
1679011200,394.52,395.08,391.88,393.17,8939,0
1679270400,395.68,397.49,394.06,396.97,6609,0
1679356800,399.8,402.82,398.95,402.41,7360,0
1679443200,403.21,405.86,395.37,396.02,7398,0
1679529600,398.44,400.99,392.08,395.99,6732,0
1679616000,394.17,398.26,391.61,398.26,6121,0
1679875200,399.88,400.6,397.3,398.17,9115,0
1679961600,397.47,398.21,395.4,397.39,4608,0
1680048000,401.66,403.37,400.46,403.12,8780,0
1680134400,405.84,406.1,403.48,405.41,8478,0
1680220800,406.53,411.42,406.38,411.08,7614,0
1680480000,410.63,413.16,410.21,412.67,6721,0
1680566400,413.42,413.69,409.0,410.44,7116,0
1680652800,409.67,410.48,407.65,409.43,7046,0
1680739200,408.51,411.24,407.44,411.01,7386,0
1681084800,408.37,411.39,407.76,411.39,6085,0
1681171200,412.01,412.97,410.69,411.46,5007,0
1681257600,413.74,413.94,409.22,409.85,7219,0
1681344000,411.01,415.62,410.5,415.26,6668,0
1681430400,414.63,416.89,411.85,414.27,6269,0
1681689600,414.18,415.79,412.89,415.79,5209,0
1681776000,417.44,417.51,414.6,416.01,5038,0
1681862400,414.02,416.86,413.99,416.01,5613,0
1681948800,412.96,415.5,412.07,413.69,6319,0
1682035200,413.99,414.46,412.0,413.93,7297,0
1682294400,413.75,414.85,412.39,414.43,4059,0
1682380800,412.34,412.89,407.81,407.85,5407,0
1682467200,408.47,409.59,405.54,406.15,7984,0
1682553600,408.74,414.49,408.55,414.23,7732,0
1682640000,413.26,417.73,413.25,417.7,7391,0
1682899200,417.23,419.39,417.1,417.36,5701,0
1682985600,416.59,416.64,409.6,412.61,8542,0
1683072000,413.15,415.64,409.56,409.73,8836,0
1683158400,408.69,409.03,405.54,406.92,9390,0
1683244800,410.56,415.52,410.44,414.38,6067,0
1683504000,414.78,415.06,413.1,414.56,5557,0
1683590400,412.92,413.88,412.48,412.78,4307,0
1683676800,415.7,416.34,410.67,414.55,7180,0
1683763200,413.74,414.19,411.75,413.88,5401,0
1683849600,415.23,415.37,410.89,413.44,4461,0
1684108800,414.03,415.22,412.05,414.83,4212,0
1684195200,413.67,414.62,412.02,412.02,5997,0
1684281600,414.2,417.67,412.43,417.03,6906,0
1684368000,416.73,421.52,416.5,421.08,6872,0
1684454400,422.04,422.59,419.21,420.45,6795,0
1684713600,420.51,422.26,419.21,420.59,6740,0
1684800000,418.93,419.88,415.51,415.92,6399,0
1684886400,414.24,414.59,411.69,412.87,7009,0
1684972800,416.55,417.97,414.21,416.48,6601,0
1685059200,417.18,422.62,417.1,421.9,8914,0
1685404800,423.92,424.43,420.62,421.99,6427,0
1685491200,420.1,421.07,418.08,419.66,8087,0
1685577600,419.96,424.8,418.71,423.71,5830,0
1685664000,426.37,430.67,425.89,429.87,8413,0
1685923200,430.18,431.57,428.3,429.02,9140,0
1686009600,428.59,430.5,427.92,429.98,8762,0
1686096000,429.03,430.21,426.7,427.17,7392,0
1686182400,427.21,430.17,426.46,429.68,6545,0
1686268800,430.56,432.6,429.48,430.53,6392,0
1686528000,431.51,434.49,430.77,434.43,7502,0
1686614400,435.98,437.97,435.26,437.37,6876,0
1686700800,437.65,439.68,434.28,437.8,9245,0
1686787200,437.01,444.57,436.87,443.25,8070,0
1686873600,445.39,445.48,441.26,441.72,8872,0
1687219200,439.72,440.64,437.3,439.54,6284,0
1687305600,438.44,439.27,436.64,437.21,5345,0
1687392000,436.25,438.9,435.88,438.83,4580,0
1687478400,435.15,437.33,434.76,435.49,4612,0
1687737600,434.85,436.83,433.44,433.66,5717,0
1687824000,434.58,439.08,434.17,438.43,6261,0
1687910400,437.35,439.75,436.7,438.68,5687,0
1687996800,438.23,440.57,437.88,440.41,5240,0
1688083200,443.75,446.62,443.45,445.59,7529,0
1688342400,445.22,446.43,444.96,446.17,3224,0
1688515200,444.21,446.21,444.21,445.49,6892,0
1688601600,441.72,442.4,439.35,441.97,6001,0
1688688000,440.96,444.96,440.59,440.82,4998,0
1688947200,440.49,442.14,439.89,441.96,4400,0
1689033600,442.78,445.29,441.74,444.86,8067,0
1689120000,448.81,449.83,447.28,448.31,8507,0
1689206400,450.25,452.78,449.84,451.99,7188,0
1689292800,452.89,453.75,450.97,451.72,7054,0
1689552000,451.47,454.32,451.45,453.28,6799,0
1689638400,452.9,457.29,452.48,456.59,7686,0
1689724800,457.55,458.8,456.8,457.5,5608,0
1689811200,456.53,457.49,453.86,454.58,9200,0
1689897600,456.33,456.58,454.59,454.62,6361,0
1690156800,455.78,457.43,455.16,456.62,5596,0
1690243200,456.32,459.16,456.29,457.83,5714,0
1690329600,456.9,459.36,455.8,457.87,7179,0
1690416000,461.49,461.84,453.95,454.95,6984,0
1690502400,458.24,460.2,457.5,459.29,7079,0
1690761600,459.85,460.56,458.5,460.19,5184,0
1690848000,458.75,459.62,457.93,458.88,5839,0
1690934400,455.65,455.92,451.74,452.52,6318,0
1691020800,450.42,453.11,449.78,451.22,4965,0
1691107200,453.13,455.28,448.66,449.14,6188,0
1691366400,451.1,453.22,450.4,453.08,3874,0
1691452800,450.43,451.58,447.65,451.13,4898,0
1691539200,451.44,451.56,447.33,448.11,4544,0
1691625600,450.56,454.1,447.07,448.29,7086,0
1691712000,446.33,449.04,445.7,448.0,6420,0
1691971200,447.06,450.52,446.76,450.48,5604,0
1692057600,448.64,448.98,444.65,445.39,5917,0
1692144000,444.82,446.53,441.89,441.98,6141,0
1692230400,443.49,443.76,438.07,438.57,7151,0
1692316800,435.63,439.86,435.29,438.74,6693,0
1692576000,439.84,442.43,437.62,441.64,6136,0
1692662400,443.53,443.54,439.89,440.44,9156,0
1692748800,441.55,446.01,441.43,445.3,5796,0
1692835200,447.01,447.55,439.17,439.25,7293,0
1692921600,441.04,443.64,437.37,442.38,8892,0
1693180800,444.64,445.81,443.25,445.09,5714,0
1693267200,445.08,451.84,444.9,451.58,7052,0
1693353600,452.01,454.12,451.23,453.49,5664,0
1693440000,454.09,455.3,452.66,452.75,6344,0
1693526400,455.69,456.14,452.2,453.67,5487,0
1693872000,453.21,453.55,451.62,451.71,4957,0
1693958400,450.87,450.94,446.23,448.57,13955,0
1694044800,445.47,447.97,445.16,447.27,4849,0
1694131200,447.29,449.5,446.96,447.95,4288,0
1694390400,450.69,451.21,448.92,450.96,5652,0
1694476800,449.42,450.95,447.84,448.45,5211,0
1694563200,448.65,450.16,447.53,448.92,4816,0
1694649600,451.56,453.55,450.22,452.84,5506,0
1694736000,451.21,451.47,446.99,447.28,6555,0
1694995200,447.05,448.97,446.62,447.68,6948,0
1695081600,446.71,447.28,443.94,446.69,6655,0
1695168000,448.01,448.46,442.4,442.58,7393,0
1695254400,439.64,439.9,435.14,435.3,9400,0
1695340800,436.41,437.99,433.9,434.14,12648,0
1695600000,433.07,436.18,432.62,436.16,7480,0
1695686400,430.98,431.71,426.91,427.73,9210,0
1695772800,428.98,429.54,424.16,427.91,11127,0
1695859200,427.33,432.13,426.74,430.41,9903,0
1695945600,433.58,433.72,427.84,429.33,11290,0
1696204800,428.48,430.47,426.4,429.25,8241,0
1696291200,426.92,428.54,422.03,423.51,10191,0
1696377600,423.9,427.31,422.46,426.59,7525,0
1696464000,426.28,427.21,423.04,426.35,5849,0
1696550400,423.87,433.01,422.47,431.49,8277,0
1696809600,429.45,434.79,428.93,434.23,5364,0
1696896000,434.87,439.16,434.5,436.44,9185,0
1696982400,437.63,438.49,435.1,438.26,7319,0
1697068800,438.87,439.26,433.17,435.66,8368,0
1697155200,437.14,438.38,431.8,433.46,9094,0
1697414400,435.74,439.08,435.53,437.93,8129,0
1697500800,434.69,440.04,434.43,438.05,9146,0
1697587200,436.12,437.1,430.98,432.17,13858,0
1697673600,432.82,434.75,427.65,428.33,14419,0
1697760000,427.87,428.34,422.96,423.08,11317,0
1698019200,421.4,426.31,419.68,422.32,11638,0
1698105600,424.51,426.64,422.66,425.53,9243,0
1698192000,423.77,423.77,418.86,419.45,9099,0
1698278400,418.3,419.15,413.42,414.37,10964,0
1698364800,416.02,416.4,411.03,412.5,11801,0
1698624000,414.74,418.51,414.04,417.09,5791,0
1698710400,417.66,420.35,416.64,419.14,8973,0
1698796800,423.07,425.37,420.99,424.68,8201,0
1698883200,430.17,432.84,430.1,432.1,5712,0
1698969600,435.75,438.24,435.17,437.0,8142,0
1699228800,437.39,438.04,435.63,437.62,6135,0
1699315200,437.66,439.54,436.51,438.84,5924,0
1699401600,439.49,440.04,436.84,439.16,6386,0
1699488000,440.42,440.44,435.37,435.82,6307,0
1699574400,437.97,442.92,436.4,442.69,5662,0
1699833600,441.21,443.32,440.41,442.19,5626,0
1699920000,448.36,452.1,448.11,450.74,7779,0
1700006400,452.24,453.42,450.86,451.74,7089,0
1700092800,451.3,452.55,450.19,452.31,7430,0
1700179200,452.34,453.44,451.39,452.8,7656,0
1700438400,452.59,457.21,452.59,456.35,8692,0
1700524800,455.29,455.72,454.06,455.33,6616,0
1700611200,457.08,458.48,455.97,457.09,6790,0
1700784000,457.15,457.55,456.83,457.4,2871,0
1701043200,456.77,457.57,456.18,456.58,6116,0
1701129600,456.17,458.37,455.59,456.99,5050,0
1701216000,459.26,460.38,456.29,456.7,7161,0
1701302400,457.57,458.83,455.41,458.37,6708,0
1701388800,457.86,461.72,457.3,461.15,7963,0
1701648000,457.71,459.04,456.46,458.78,8843,0
1701734400,457.35,459.69,456.99,458.71,8872,0
1701820800,460.95,460.96,456.45,456.91,8749,0
1701907200,459.0,461.0,458.48,460.35,7908,0
1701993600,459.61,462.87,459.35,462.31,8093,0
1702252800,461.82,464.34,461.62,464.14,8682,0
1702339200,463.79,466.4,462.75,466.37,7525,0
1702425600,466.64,472.95,466.31,472.7,8121,0
1702512000,474.74,475.95,471.48,474.27,9856,0
1702598400,473.59,474.75,472.57,473.53,6982,0
1702857600,475.13,477.14,474.99,476.22,6490,0
1702944000,476.74,479.07,476.64,478.95,7012,0
1703030400,476.19,478.16,470.06,470.18,8754,0
1703116800,473.54,475.2,471.05,474.9,9380,0
1703203200,476.13,477.63,473.94,475.9,7001,0
1703548800,476.32,478.81,476.25,477.87,4221,0
1703635200,477.77,478.89,477.16,478.71,5925,0
1703721600,479.15,479.79,478.52,478.97,5652,0
1703808000,478.73,479.26,475.57,477.57,7001,0
1704153600,474.4,475.88,472.7,474.87,8690,0
1704240000,472.63,473.37,470.38,470.95,7597,0
1704326400,470.51,473.18,469.27,469.58,7728,0
1704412800,469.7,472.65,468.66,470.15,12581,0
1704672000,470.62,476.98,470.55,476.77,9700,0
1704758400,474.17,477.17,473.61,476.09,7668,0
1704844800,476.4,479.69,476.17,478.78,6162,0
1704931200,479.82,480.34,474.54,478.59,7635,0
1705017600,480.15,480.85,477.5,478.92,5673,0
1705363200,477.51,478.84,475.33,477.19,9065,0
1705449600,474.06,475.04,472.11,474.56,20014,0
1705536000,476.22,479.3,474.73,478.7,6886,0
1705622400,479.93,485.02,479.26,484.74,7773,0
1705881600,486.34,487.54,485.14,485.78,7907,0
1705968000,486.29,487.41,485.19,487.19,5712,0
1706054400,490.13,491.1,487.34,487.7,7912,0
1706140800,489.94,490.61,487.73,490.33,7828,0
1706227200,489.95,491.45,488.88,489.8,7006,0
1706486400,490.05,493.78,489.5,493.64,7683,0
1706572800,492.88,493.98,492.46,493.27,8542,0
1706659200,490.94,491.44,485.2,485.2,12126,0
1706745600,486.9,491.55,486.16,491.47,10085,0
1706832000,492.02,498.43,491.66,496.69,9700,0
1707091200,496.06,496.53,492.59,494.95,11565,0
1707177600,495.88,496.68,494.42,496.32,7204,0
1707264000,498.71,500.94,497.81,500.43,7750,0
1707350400,500.52,501.09,499.65,500.8,7431,0
1707436800,501.29,504.07,500.98,503.62,5439,0
1707696000,503.61,505.9,502.73,503.44,5514,0
1707782400,496.8,498.22,493.08,496.52,10219,0
1707868800,499.23,501.49,496.81,501.03,9223,0
1707955200,501.78,504.63,501.21,504.39,7370,0
1708041600,504.14,505.28,501.22,501.9,8510,0
1708387200,500.12,500.85,496.86,499.12,9013,0
1708473600,497.81,499.78,495.94,499.66,8218,0
1708560000,506.43,510.94,505.47,510.0,7894,0
1708646400,511.78,512.61,509.58,510.34,7915,0
1708905600,510.8,511.22,508.35,508.51,5620,0
1708992000,509.15,509.62,507.25,509.37,7503,0
1709078400,507.8,509.29,507.44,508.67,7019,0
1709164800,510.54,512.21,507.83,510.49,8269,0
1709251200,511.5,515.8,511.08,515.39,9139,0
1709510400,514.52,516.72,514.51,514.76,7398,0
1709596800,512.75,513.17,507.36,509.59,8948,0
1709683200,513.08,514.58,510.93,512.31,8386,0
1709769600,515.72,518.43,514.74,517.42,7355,0
1709856000,517.98,520.78,513.66,514.29,9714,0
1710115200,511.49,514.36,511.47,514.26,6591,0
1710201600,517.66,519.92,516.09,519.57,7726,0
1710288000,518.97,519.84,517.09,518.45,4876,0
1710374400,517.71,518.13,514.32,517.33,13243,0
1710460800,514.48,515.78,512.43,513.81,7527,0
1710720000,519.35,519.41,516.54,517.02,8057,0
1710806400,515.59,520.13,515.5,519.83,6277,0
1710892800,520.53,525.44,519.24,525.34,6319,0
1710979200,526.33,526.64,524.47,524.67,6603,0
1711065600,524.32,525.17,523.5,523.5,4471,0
1711324800,523.02,523.48,522.22,522.48,6192,0
1711411200,523.6,524.0,520.94,521.88,6215,0
1711497600,522.48,525.99,522.03,525.57,5585,0
1711584000,525.72,527.16,525.31,525.54,9299,0
1711929600,526.35,526.96,523.54,524.8,7227,0
1712016000,520.77,521.52,519.04,521.44,9160,0
1712102400,520.26,523.51,520.21,521.94,9659,0
1712188800,526.09,526.42,515.29,515.57,11113,0
1712275200,516.99,523.0,516.55,520.97,8722,0
1712534400,521.71,522.72,520.43,521.19,10674,0
1712620800,523.04,523.28,516.88,521.9,9486,0
1712707200,515.97,518.67,514.62,516.7,7605,0
1712793600,518.12,522.02,514.65,520.6,6457,0
1712880000,516.93,518.35,511.62,513.33,9687,0
1713139200,517.69,517.8,506.05,507.0,10269,0
1713225600,507.37,508.97,504.69,505.97,10207,0
1713312000,508.55,508.66,501.59,502.96,10223,0
1713398400,504.43,506.52,501.0,501.98,5855,0
1713484800,501.84,502.89,496.3,497.53,9080,0
1713744000,500.3,504.83,497.86,502.11,7664,0
1713830400,504.23,508.55,503.68,508.13,6055,0
1713916800,509.03,509.85,505.65,507.94,6630,0
1714003200,501.59,506.75,499.95,505.9,6362,0
1714089600,508.85,512.39,508.21,510.76,6900,0
1714348800,512.64,513.27,509.76,512.68,5855,0
1714435200,511.06,512.06,504.49,504.49,7112,0
1714521600,503.76,510.68,502.35,502.73,7654,0
1714608000,506.69,508.37,502.04,507.58,5460,0
1714694400,513.77,515.03,511.07,513.8,4794,0
1714953600,516.31,519.16,515.85,519.16,10419,0
1715040000,520.12,521.12,519.01,519.78,7885,0
1715126400,517.8,520.28,517.75,519.77,5339,0
1715212800,519.99,522.79,519.31,522.72,5077,0
1715299200,524.38,525.25,522.19,523.41,4309,0
1715558400,525.2,525.27,522.38,523.53,4670,0
1715644800,523.7,526.43,523.17,525.92,4801,0
1715731200,528.47,532.74,527.82,532.45,6820,0
1715817600,532.53,534.17,531.19,531.47,6642,0
1715904000,531.45,532.15,529.95,532.15,5691,0
1716163200,532.22,534.24,531.9,532.7,3873,0
1716249600,531.92,534.19,531.78,534.02,4677,0
1716336000,533.3,534.02,530.36,532.34,3926,0
1716422400,535.65,535.74,527.37,528.59,5194,0
1716508800,530.58,532.92,529.54,532.16,3848,0
1716854400,532.94,533.15,529.8,532.55,5342,0
1716940800,528.33,529.95,528.02,528.75,6395,0
1717027200,527.16,527.83,523.93,525.27,5903,0
1717113600,526.18,530.16,520.96,530.08,5511,0
1717372800,531.8,531.8,525.25,530.42,5002,0
1717459200,529.17,531.81,527.61,531.03,4094,0
1717545600,533.45,537.38,531.47,537.33,4948,0
1717632000,537.72,538.1,535.38,537.36,6240,0
1717718400,536.32,539.57,535.24,536.7,5716,0
1717977600,535.93,538.69,535.29,538.38,3792,0
1718064000,535.2,538.14,533.11,538.07,5278,0
1718150400,542.78,545.11,541.6,542.5,6688,0
1718236800,544.29,544.47,540.75,543.6,5881,0
1718323200,542.06,543.95,541.01,543.88,5757,0
1718582400,543.24,549.57,542.78,548.25,6294,0
1718668800,548.36,549.75,547.94,549.66,5548,0
1718841600,550.64,551.29,546.41,547.99,7938,0
1718928000,547.28,548.57,546.01,547.03,5116,0
1719187200,547.27,549.86,545.57,545.68,4233,0
1719273600,546.94,548.14,545.45,547.71,5067,0
1719360000,546.63,549.17,546.01,548.49,5109,0
1719446400,548.39,549.86,547.58,549.3,4640,0
1719532800,550.14,553.25,545.87,547.08,5401,0
1719792000,548.58,548.83,545.57,548.33,5139,0
1719878400,546.72,551.94,546.6,551.92,4914,0
1719964800,551.61,555.0,551.61,553.8,3806,0
1720137600,554.74,558.06,554.2,557.74,3506,0
1720396800,558.46,559.26,557.2,558.38,4529,0
1720483200,559.28,560.12,558.55,558.87,4166,0
1720569600,560.06,564.68,559.79,564.31,4003,0
1720656000,564.49,565.36,558.83,559.43,5761,0
1720742400,560.63,566.71,560.33,562.97,5045,0
1721001600,565.13,567.86,562.69,564.58,8249,0
1721088000,566.05,568.24,565.17,567.9,4264,0
1721174400,561.81,563.51,559.66,559.99,4642,0
1721260800,561.53,562.56,553.52,555.63,5884,0
1721347200,555.37,557.01,550.92,551.98,4484,0
1721606400,556.04,558.27,554.06,557.61,3954,0
1721692800,557.56,559.66,556.28,556.72,3405,0
1721779200,551.83,552.14,543.27,544.16,7266,0
1721865600,544.32,550.43,540.38,541.29,6258,0
1721952000,545.2,550.14,544.44,547.3,5455,0
1722211200,548.96,550.02,545.69,547.73,4601,0
1722297600,549.23,550.27,541.46,544.83,4657,0
1722384000,551.96,556.4,550.56,553.38,5465,0
1722470400,555.57,557.82,542.4,545.99,8023,0
1722556800,538.67,539.74,531.49,535.87,10471,0
1722816000,514.37,526.39,513.02,520.54,16546,0
1722902400,522.17,532.58,520.76,525.02,9356,0
1722988800,531.34,534.46,520.86,521.46,10207,0
1723075200,526.69,534.14,524.82,533.53,5153,0
1723161600,532.71,537.35,531.44,535.82,4284,0
1723420800,537.13,538.62,533.95,536.13,4461,0
1723507200,539.6,545.25,539.31,544.98,7120,0
1723593600,545.85,547.93,543.16,546.75,5807,0
1723680000,552.56,556.39,551.92,556.14,5945,0
1723766400,554.53,558.05,554.28,557.3,5885,0
1724025600,557.79,562.61,557.04,562.61,6844,0
1724112000,562.22,563.93,560.4,561.7,4701,0
1724198400,562.77,565.18,561.06,563.79,5329,0
1724284800,565.66,566.29,558.05,559.21,5137,0
1724371200,562.64,566.18,560.36,565.21,4590,0
1724630400,566.3,567.0,562.15,563.82,8415,0
1724716800,562.52,565.14,561.47,564.63,4038,0
1724803200,564.28,564.74,558.08,561.34,3494,0
1724889600,563.43,566.74,560.33,561.39,4048,0
1724976000,563.92,567.32,560.24,566.71,3816,0
1725321600,563.53,563.85,552.55,555.24,7514,1
1725408000,553.11,557.42,552.49,553.84,4763,1
1725494400,553.96,556.77,550.11,552.52,5717,1
1725580800,553.08,554.55,542.42,543.38,5206,1
1725840000,547.65,550.68,545.68,549.32,4719,1
1725926400,551.39,552.14,546.45,551.76,5002,1
1726012800,551.64,558.41,542.91,557.61,5597,1
1726099200,558.05,562.44,555.85,562.06,4707,1
1726185600,562.78,566.16,562.56,565.07,4746,1
1726444800,564.88,566.25,563.03,566.06,3697,1
1726531200,568.3,569.69,563.97,566.24,6486,1
1726617600,566.87,571.77,563.95,564.49,7024,1
1726704000,574.23,576.1,571.32,574.12,4437,1
1726790400,572.83,574.19,570.16,572.99,3898,1
1727049600,574.0,575.23,573.1,574.58,3979,1
1727136000,575.45,576.34,572.61,576.26,4457,1
1727222400,574.0,574.65,571.72,572.7,3997,1
1727308800,577.2,577.45,572.64,575.01,5034,1
1727395200,576.16,576.91,573.15,574.21,5303,1
1727654400,573.25,577.11,570.88,576.67,4374,1
1727740800,576.14,576.21,568.77,571.43,6092,1
1727827200,570.21,572.61,567.97,571.65,3865,1
1727913600,570.17,572.5,568.23,570.47,3651,1
1728000000,575.12,576.12,570.92,575.64,3696,1
1728259200,574.09,574.55,569.35,570.57,3086,1
1728345600,573.18,576.5,572.3,575.82,2950,1
1728432000,575.95,580.43,575.33,579.89,2968,1
1728518400,578.52,580.33,577.28,578.91,3045,1
1728604800,578.83,583.08,578.79,582.29,3376,1
1728864000,584.08,587.97,583.68,587.14,2483,1
1728950400,587.43,587.65,581.4,582.58,3947,1
1729036800,582.59,585.63,581.77,585.02,3630,1
1729123200,588.78,588.93,584.98,585.08,3793,1
1729209600,586.89,588.22,585.45,587.39,3686,1
1729468800,586.68,587.68,583.44,586.64,5699,1
1729555200,583.8,587.28,583.29,586.12,3876,1
1729641600,584.1,584.48,577.23,580.75,5744,1
1729728000,582.79,582.8,579.41,582.05,4496,1
1729814400,584.38,587.24,580.94,581.81,3296,1
1730073600,585.41,585.44,583.37,583.7,4917,1
1730160000,582.69,585.71,581.29,584.56,6468,1
1730246400,584.11,586.12,582.16,582.68,4576,1
1730332800,578.32,578.33,571.18,571.25,6389,1
1730419200,574.04,578.31,573.4,573.73,3475,1
1730678400,573.94,575.25,570.71,572.63,3778,1
1730764800,573.56,579.53,573.44,579.45,2958,1
1730851200,592.08,594.79,588.3,593.93,5322,239
1730937600,596.0,599.53,596.0,598.43,4861,239
1731024000,599.16,602.54,599.16,601.13,4495,239
1731283200,602.86,603.09,599.94,601.67,4411,1
1731369600,601.62,602.22,597.35,599.82,4779,1
1731456000,600.36,602.16,597.96,600.06,4192,1
1731542400,600.3,600.74,595.65,596.33,3680,1
1731628800,592.59,593.05,586.75,588.63,7314,1
1731888000,589.09,592.36,588.28,591.07,5122,1
1731974400,587.63,593.95,587.07,593.25,4254,1
1732060800,593.4,593.66,587.5,593.46,4333,1
1732147200,596.35,598.02,590.32,596.51,5456,1
1732233600,596.63,599.06,596.15,598.47,3100,1
1732492800,601.98,603.77,598.15,600.35,6690,1
1732579200,601.74,604.27,601.03,603.73,4311,1
1732665600,603.45,603.78,600.26,601.75,4162,1
1732838400,602.65,606.31,602.38,605.5,2406,1
1733097600,606.05,607.29,605.48,606.69,4538,1
1733184000,606.46,607.19,605.39,606.88,5167,1
1733270400,608.69,610.92,608.0,610.68,5811,1
1733356800,610.77,611.54,609.41,609.67,4216,1
1733443200,610.47,612.07,610.06,610.88,4404,1
1733702400,610.75,610.85,607.09,607.68,4071,1
1733788800,608.39,608.69,605.16,605.94,5615,1
1733875200,608.74,611.48,608.5,610.56,5224,1
1733961600,609.67,610.17,607.38,607.38,3991,1
1734048000,609.42,610.13,605.82,607.3,4839,1
1734307200,609.01,610.84,608.3,609.81,4522,1
1734393600,605.07,606.05,603.76,605.04,9478,1
1734480000,604.86,607.3,586.7,587.12,11379,1
1734566400,592.21,593.74,586.74,587.0,9727,1
1734652800,584.53,598.56,583.7,593.6,11292,1
1734912000,593.68,598.14,590.48,597.54,7465,1
1734998400,598.9,604.19,598.35,604.08,3185,1
1735171200,602.39,605.33,601.13,604.17,4736,1
1735257600,600.37,600.55,593.61,597.81,6775,1
1735516800,590.68,594.53,587.27,591.07,4904,1
1735603200,592.75,593.41,587.25,588.8,7250,1
1735776000,591.97,593.92,583.42,587.44,9388,0
1735862400,590.34,595.43,589.27,594.71,5540,0
1736121600,599.09,602.56,596.46,598.27,5977,0
1736208000,600.38,600.57,589.59,591.54,5839,0
1736294400,591.48,593.37,587.98,592.22,6071,0
1736467200,588.69,588.69,581.33,583.43,11616,0
1736726400,578.56,584.51,578.26,584.23,5645,0
1736812800,587.3,587.73,581.17,584.89,6287,0
1736899200,593.12,596.78,592.01,595.57,7530,0
1736985600,597.01,597.2,593.82,594.53,5436,0
1737072000,599.8,602.23,598.51,600.39,4872,0
1737417600,603.61,605.96,601.63,605.88,6312,0
1737504000,608.84,610.74,608.36,609.26,6205,0
1737590400,608.69,612.65,608.45,612.55,4777,0
1737676800,612.73,613.79,609.77,610.75,5088,0
1737936000,597.67,602.53,597.52,602.36,8324,0
1738022400,603.66,608.29,600.15,607.39,5976,0
1738108800,606.61,607.03,602.16,604.74,7173,0
1738195200,606.92,609.51,603.64,607.89,5713,0
1738281600,610.43,612.9,603.96,604.64,6234,0
1738540800,595.55,603.14,593.34,600.63,8189,0
1738627200,600.69,605.18,600.19,604.61,4936,0
1738713600,603.55,607.29,601.52,607.11,6197,0
1738800000,608.9,609.38,605.61,609.3,5789,0
1738886400,609.84,611.09,602.99,603.73,7578,0
1739145600,606.97,608.41,605.72,607.7,4270,0
1739232000,605.47,608.77,605.38,608.18,4652,0
1739318400,602.11,607.46,601.51,606.2,4786,0
1739404800,607.42,612.91,606.15,612.69,4547,0
1739491200,612.9,613.93,612.06,612.69,4656,0
1739836800,613.86,614.47,611.36,614.42,3636,1
1739923200,612.96,616.2,612.55,615.84,3314,1
1740009600,614.53,614.62,609.97,613.42,3673,1
1740355200,603.25,604.74,599.42,600.06,4308,1
1740441600,594.31,599.46,592.44,597.18,3505,1
1740528000,598.8,602.42,594.79,597.51,4287,1
1740614400,599.75,600.87,587.44,587.9,6778,1
1740700800,588.25,597.61,585.3,596.84,8091,1
1740960000,599.06,600.18,582.69,586.67,8550,1
1741046400,582.34,588.08,574.93,579.43,8870,1
1741132800,579.29,587.65,575.86,585.83,8047,1
1741219200,578.25,582.88,572.87,575.59,8896,1
1741305600,573.63,580.12,568.4,578.56,11141,1
1741564800,570.24,572.22,558.25,563.36,9400,1
1741651200,562.03,565.43,554.64,558.57,12528,1
1741737600,564.83,565.75,556.3,561.42,9985,1
1741824000,561.09,561.64,552.28,554.04,8970,1
1741910400,558.78,566.53,558.16,565.45,6066,1
1742169600,565.34,572.41,565.11,569.76,6955,1
1742256000,565.78,565.93,559.96,561.97,6996,1
1742342400,563.73,571.82,562.56,568.05,5778,1
1742428800,564.19,571.47,563.66,566.69,6827,1
1742515200,561.86,567.5,560.64,566.58,4392,1
1742774400,573.44,577.8,572.9,576.69,7449,1
1742860800,577.98,579.07,576.39,578.06,5020,1
1742947200,577.91,578.86,569.85,571.32,4706,1
1743033600,569.83,573.53,567.65,569.67,4330,1
1743120000,567.95,568.87,557.69,558.36,5563,1
1743379200,552.34,563.28,549.42,561.91,6907,1
1743465600,560.02,565.49,556.27,563.69,6645,1
1743552000,557.67,570.04,557.42,567.2,4437,1
1743638400,547.66,550.46,539.42,540.04,10794,1
1743984000,491.37,525.56,484.0,506.86,39312,1
1744070400,524.33,527.39,491.5,498.71,17547,1
1744156800,495.71,548.83,495.34,545.5,25542,1
1744243200,534.71,535.93,511.93,526.76,13938,1
1744329600,525.74,538.92,522.72,536.19,10454,1
1744588800,546.84,546.84,536.44,541.66,6886,1
1744675200,542.19,545.69,539.31,540.23,5793,1
1744761600,534.14,537.5,522.73,528.18,8338,1
1744848000,530.03,533.6,526.35,528.81,5854,1
1745193600,523.65,524.06,510.89,516.38,7566,1
1745280000,522.58,531.76,521.59,529.51,5874,1
1745366400,543.02,547.84,536.43,537.97,5162,1
1745452800,539.18,549.89,538.12,549.27,4954,1
1745539200,549.5,553.62,546.34,553.17,4867,1
1745798400,554.03,556.01,547.67,553.49,3957,1
1745884800,551.63,558.02,551.18,556.99,3778,1
1745971200,549.8,559.07,544.1,557.19,5602,1
1746057600,563.02,566.66,560.53,561.03,4995,1
1746144000,567.37,571.05,565.29,569.32,6947,1
1746403200,565.28,569.31,564.47,566.25,3982,1
1746489600,560.52,565.87,559.39,561.49,4125,1
1746576000,562.81,566.46,558.69,563.92,4549,1
1746662400,568.01,573.02,564.44,567.69,4178,1
1746748800,569.19,570.1,565.48,566.93,4176,1
1747008000,584.26,585.78,579.82,585.68,5618,1
1747094400,586.25,591.88,585.68,589.71,7811,1
1747180800,590.67,591.75,588.45,590.35,8284,1
1747267200,588.41,593.79,587.94,593.15,5545,1
1747353600,594.11,597.35,592.14,597.06,5110,1
1747612800,591.0,598.41,590.99,597.75,5340,1
1747699200,595.97,596.87,592.44,595.62,10791,1
1747785600,591.23,595.42,584.6,585.75,7220,1
1747872000,585.37,589.42,584.18,585.87,7261,1
1747958400,578.43,584.56,578.31,581.91,6789,1
1748304000,588.88,594.08,587.18,593.21,5512,1
1748390400,594.46,595.63,589.83,590.46,5523,1
1748476800,595.9,595.99,588.91,592.85,5862,1
1748563200,591.74,593.97,586.14,592.21,7532,1
1748822400,590.67,595.64,587.88,595.52,5694,1
1748908800,595.35,599.97,594.76,599.02,6468,1
1748995200,599.88,600.83,598.4,598.71,5491,1
1749081600,600.55,601.88,593.93,595.92,6102,1
1749168000,601.5,603.73,599.87,602.04,5011,1
1749427200,602.62,604.16,601.43,602.46,5220,1
1749513600,603.15,606.42,601.99,605.95,4825,1
1749600000,607.13,608.0,602.23,604.26,5796,1
1749686400,602.98,606.66,602.47,606.6,5178,1
1749772800,601.46,604.77,598.4,599.83,5650,1
1750032000,601.46,605.56,601.38,603.83,4608,1
1750118400,601.24,602.78,597.86,598.71,4757,1
1750204800,599.51,602.31,597.72,598.51,4423,1
1750377600,601.23,602.27,595.72,597.04,5580,1
1750636800,597.76,603.38,594.74,602.92,4919,1
1750723200,607.19,610.7,606.35,609.62,4895,1
1750809600,610.81,611.34,608.45,610.0,4019,1
1750896000,611.95,615.21,611.28,614.8,4183,1
1750982400,615.66,619.31,613.81,617.47,5406,1
1751241600,620.33,622.11,618.04,620.82,4897,1
1751328000,619.3,621.68,618.49,620.57,5351,1
1751414400,620.19,623.62,619.58,623.39,4252,1
1751500800,625.4,629.25,625.4,628.3,4869,1
1751846400,626.34,626.95,620.85,623.67,6322,1
1751932800,624.29,625.07,622.52,623.37,5414,1
1752019200,625.68,627.71,623.89,627.02,3755,1
1752105600,627.21,629.86,626.02,628.79,3605,1
1752192000,625.75,627.81,624.51,626.49,3537,1
1752451200,626.15,628.14,624.75,627.77,2999,1
1752537600,630.52,630.86,625.06,625.06,3426,1
1752624000,626.76,627.71,621.04,627.22,5781,1
1752710400,627.39,631.42,627.29,630.99,4446,1
1752796800,632.29,632.38,629.49,630.66,3726,1
1753056000,631.76,634.56,631.36,631.71,3701,1
1753142400,632.02,632.66,629.25,631.81,4327,1
1753228800,634.64,637.28,632.76,637.28,4798,1
1753315200,637.63,639.14,637.05,637.54,4394,1
1753401600,638.18,640.63,637.96,640.06,3541,1
1753660800,640.52,641.1,638.64,639.96,3816,1
1753747200,641.45,641.7,637.42,638.33,4187,1
1753833600,639.07,640.73,634.59,637.41,4856,1
1753920000,642.64,642.89,633.82,635.04,6963,1
1754006400,629.32,629.32,622.31,624.8,7015,1
1755043200,648.05,649.28,645.86,648.07,4820,1
1755129600,645.98,648.76,645.56,647.97,3994,1
1755216000,649.19,649.27,645.73,646.64,3705,1
1755475200,646.15,647.05,645.33,646.42,3682,1
1755561600,646.29,647.25,641.73,642.93,4468,1
1755648000,642.54,642.72,636.04,641.22,5828,1
1755734400,639.4,641.09,636.96,638.64,3791,1
1755820800,640.89,649.62,640.41,648.51,5125,1
1756080000,647.22,648.46,645.56,645.66,3263,1
1756166400,645.34,648.69,644.76,648.16,3803,1
1756252800,647.72,650.57,647.66,649.78,4229,1
1756339200,650.41,652.69,648.56,652.11,3974,1
1756425600,650.69,651.06,646.35,648.32,4559,1
1756771200,640.64,643.61,638.06,643.48,6591,1
1756857600,645.88,647.39,643.66,646.85,6254,1
1756944000,647.78,652.36,646.7,652.24,4829,1
1757030400,654.78,655.44,646.58,650.45,4605,1
1757289600,651.85,653.06,650.45,652.09,4908,1
1757376000,652.2,654.08,650.46,653.63,5698,1
1757462400,656.85,657.82,653.89,655.48,6017,1
1757548800,657.5,661.62,656.86,660.92,5846,1
1757635200,660.9,662.43,660.28,660.72,5293,1
1757894400,662.97,664.37,662.7,664.12,6340,1
1757980800,662.82,663.12,660.56,661.28,12296,1
1758067200,661.38,663.05,655.7,660.6,7030,1
1758153600,663.27,666.24,661.64,663.72,6726,1
1758240000,665.51,667.71,663.56,666.8,5471,1
1758499200,666.57,670.51,666.44,669.98,4306,1
1758585600,669.94,670.53,665.25,666.48,5271,1
1758672000,667.69,667.82,662.87,664.28,4516,1
1758758400,661.1,662.45,657.57,661.15,6311,1
1758844800,662.66,665.54,661.09,664.94,6537,1
1759104000,667.57,668.37,665.1,666.8,5549,1
1759190400,666.13,669.86,664.86,669.41,5581,1
1759276800,666.36,672.62,666.28,671.75,8294,1
1759363200,673.78,673.79,670.02,672.49,5385,1
1759449600,673.26,675.93,671.45,672.49,5326,1
1759708800,674.87,675.77,672.71,674.87,3876,1
1759795200,675.87,676.24,670.94,672.44,5257,1
1759881600,673.5,676.46,672.7,676.36,5251,1
1759968000,676.81,677.18,672.52,674.41,3860,1
1760054400,675.4,677.2,656.03,656.35,10524,1
1760313600,663.85,667.8,662.99,666.29,10078,1
1760400000,660.41,669.06,656.36,665.39,5682,1
1760486400,670.0,673.37,662.21,668.36,6146,1
1760572800,670.09,671.89,660.44,663.92,6387,1
1760659200,662.71,668.94,661.39,667.71,7693,1
1760918400,670.58,675.49,670.54,674.59,8179,1
1761004800,674.67,676.27,673.27,674.58,11845,1
1761091200,675.26,675.26,666.63,671.15,6487,1
1761177600,671.38,675.99,671.08,674.87,4469,1
1761264000,679.72,681.8,678.98,680.46,11484,1
1761523200,686.1,688.9,685.45,688.58,12219,1
1761609600,690.42,692.19,688.2,690.41,8328,1
1761696000,692.09,693.07,686.26,690.65,13680,1
1761782400,687.1,689.2,683.2,683.2,6905,1
1761868800,688.41,688.42,682.58,685.22,10230,1
1762128000,689.03,689.16,683.28,686.71,17105,1
1762214400,679.4,683.25,677.88,678.68,16112,1
1762300800,678.29,684.21,677.49,680.81,15057,1
1762387200,679.8,680.67,672.01,673.54,11872,1
1762473600,671.11,674.44,664.46,674.25,18725,1
1762732800,680.6,685.54,678.38,684.81,20593,1
1762819200,683.31,686.92,682.09,686.26,26857,1
1762905600,688.23,688.32,684.3,686.77,13860,1
1762992000,683.86,684.19,673.84,675.35,22245,1
1763078400,668.67,678.98,666.53,675.21,17048,1
1763337600,672.92,677.01,665.44,668.99,20785,1
1763424000,665.32,668.36,659.12,663.47,27821,1
1763510400,664.01,670.63,662.0,665.98,25911,1
1763596800,676.26,678.9,655.12,655.76,26563,1
1763683200,658.21,667.8,654.04,662.27,22017,1
1763942400,665.94,673.34,664.92,671.91,11715,1
1764028800,671.95,679.55,667.79,678.31,15708,1
1764115200,680.99,685.08,680.12,683.06,9630,1
1764288000,684.18,687.08,683.96,686.79,6441,1
1764547200,682.21,686.4,682.14,683.68,12258,1
1764633600,685.3,687.23,682.73,684.85,10400,1
1764720000,683.96,688.32,683.09,687.28,14944,1
1764806400,688.7,688.74,684.82,687.87,11002,1
1764892800,688.92,691.81,688.04,689.06,10612,1
1765152000,689.94,690.06,684.99,687.05,10779,1
1765238400,686.55,688.81,686.02,686.47,11358,1
1765324800,685.95,692.39,684.74,690.98,12533,1
1765411200,688.54,692.71,685.6,692.61,14824,1
1765497600,691.65,692.32,682.65,685.18,16964,1
1765756800,689.19,689.19,682.66,684.11,18124,1
1765843200,680.19,682.0,675.97,679.79,24589,1
1765929600,680.88,681.35,672.17,672.36,23516,1
1766016000,678.57,681.75,675.88,677.4,23084,1
1766102400,679.56,684.47,679.43,683.42,12624,1
1766361600,686.94,688.38,685.69,687.72,12756,1
1766448000,686.88,691.21,686.86,690.97,11371,1
1766534400,690.89,693.86,690.86,693.37,6132,1
1766707200,693.7,694.69,692.36,693.31,7445,1
1766966400,690.59,692.19,689.1,690.86,10675,1
1767052800,690.46,691.56,689.59,689.97,9702,1
1767139200,690.17,690.38,684.77,684.95,10101,1
1767312000,688.74,689.9,682.88,686.2,18861,1
1767571200,689.59,692.47,689.43,690.76,14011,1
1767657600,690.98,695.35,690.83,694.84,12197,1
1767744000,695.26,697.01,692.36,692.67,14899,1
1767830400,691.82,693.62,690.5,692.54,11323,1
1767916800,693.64,698.36,692.27,697.13,10678,1
1768176000,693.72,699.16,693.72,698.26,14282,1
1768262400,698.57,699.15,694.45,696.94,15775,1
1768348800,694.07,694.75,689.18,693.52,26756,1
1768435200,697.65,698.53,694.28,695.24,16477,1
1768521600,696.73,697.34,693.19,694.75,15925,1
1768867200,684.51,687.79,679.58,680.55,25099,1
1768953600,682.66,691.79,681.18,688.42,18486,1
1769040000,692.93,694.16,690.0,691.93,14820,1
1769126400,691.19,694.03,690.31,692.22,16956,1
1769385600,693.59,697.22,693.03,695.88,12992,1
1769472000,697.32,699.63,696.68,698.67,12912,1
1769558400,700.14,700.97,697.13,698.79,15977,1
1769644800,699.46,700.12,687.89,697.2,16653,1
1769731200,694.87,697.28,690.22,695.1,24226,1
1769990400,692.65,700.04,692.53,698.54,18962,1
1770076800,699.31,700.07,687.1,692.51,22061,1
1770163200,693.45,694.52,684.79,689.28,25239,1
1770249600,683.93,686.71,678.81,680.5,23122,1
1770336000,684.48,695.4,683.93,693.83,19965,1
1770595200,692.49,698.98,691.4,697.07,14216,1
1770681600,698.02,699.66,694.76,695.1,21035,1
1770768000,699.54,700.26,692.28,694.99,26080,1
1770854400,697.25,698.46,683.44,684.33,27671,1
1770940800,684.73,689.34,680.54,684.66,22094,1
1771286400,683.25,687.97,678.81,685.86,21326,1
1771372800,687.09,692.22,685.95,689.4,21093,1
1771459200,686.93,689.26,684.62,687.67,18471,1
1771545600,685.32,693.07,684.9,692.52,22732,1
1771804800,690.94,693.08,683.43,685.48,19594,1
1771891200,684.96,691.44,683.07,690.55,17693,1
1771977600,693.27,696.82,693.27,696.22,17797,1
1772064000,696.36,696.38,687.46,692.58,20314,1
1772150400,686.04,689.93,684.74,689.17,21453,1
1772409600,681.86,691.73,681.09,689.42,21221,1
1772496000,677.99,685.67,672.67,683.31,32322,1
1772582400,684.7,690.19,682.71,688.3,20963,1
1772668800,685.15,688.62,678.64,684.46,21381,1
1772755200,676.46,679.12,672.8,675.32,21076,1
1773014400,669.32,682.99,665.35,681.23,34975,1
1773100800,680.97,686.44,677.84,680.08,25984,1
1773187200,680.61,683.14,676.38,679.33,20790,1
1773273600,674.12,674.58,668.84,669.23,27184,1
1773360000,672.26,675.25,664.34,665.29,20273,1
1773619200,671.34,675.05,670.14,671.91,18433,1
1773705600,673.55,675.67,671.33,671.96,16705,1
1773792000,669.58,670.89,662.47,662.78,22582,1
1773878400,658.07,664.05,656.39,660.96,24273,1
1773964800,659.49,659.64,647.7,651.42,35625,1
1774224000,660.76,665.61,656.94,658.23,31107,1
1774310400,654.25,660.0,652.84,656.23,29757,1
1774396800,661.64,663.87,657.2,659.86,12626,1
1774483200,654.98,657.8,647.74,648.08,25567,1
1774569600,645.41,645.54,636.0,637.04,24642,1
1774828800,643.01,643.19,632.15,634.88,38685,1
1774915200,641.88,654.44,640.9,653.25,35175,1
1775001600,656.84,661.52,656.0,658.18,26158,1
1775088000,649.34,660.9,648.12,658.99,19915,1
1775433600,658.85,662.67,658.57,662.0,10649,1
1775520000,659.77,662.55,654.06,662.14,12586,1
1775606400,679.67,680.19,674.59,679.18,20187,1
1775692800,677.93,684.26,676.9,683.08,12389,1
1775779200,684.41,685.17,681.57,682.61,10426,1
1776038400,680.52,689.83,679.77,689.27,19893,1
1776124800,690.86,697.77,690.86,697.65,10242,1
1776211200,698.47,703.53,697.5,703.18,9920,1
1776297600,704.32,706.0,701.77,704.84,13121,1
1776384000,709.39,715.66,709.04,713.44,14429,1
1776643200,712.18,713.17,709.39,712.01,11186,1
1776729600,713.52,714.55,705.9,707.34,14402,1
1776816000,712.37,714.8,711.5,714.5,9378,1
1776902400,712.74,715.64,705.57,711.66,12263,1
1776988800,714.06,717.77,712.32,717.31,11292,1
1777248000,716.52,718.92,715.61,718.54,9005,1
1777334400,715.1,716.17,712.59,714.97,11450,1
1777420800,714.24,715.48,711.66,714.9,9677,1
1777507200,717.95,723.05,713.76,722.04,13677,1
1777593600,724.63,728.25,723.8,723.93,10910,1
1777852800,723.38,725.44,718.34,721.44,11729,1
1777939200,725.13,728.39,724.93,727.02,10600,1
1778025600,731.49,738.02,731.19,737.53,11944,1
1778112000,738.54,739.54,733.15,734.99,11927,1
1778198400,738.37,741.5,738.04,741.0,8747,1
1778457600,739.96,744.22,739.96,742.73,10808,1
1778544000,740.3,742.29,735.24,741.59,12970,1
1778630400,741.89,747.35,738.93,745.83,8096,1
1778716800,747.14,753.0,747.07,751.62,10412,1
1778803200,745.31,746.95,741.4,742.47,12427,1
1779062400,743.32,744.88,736.8,742.09,11906,1
1779148800,738.44,741.06,734.97,737.18,11499,1
1779235200,739.02,745.26,737.34,744.75,11864,1
1779321600,742.08,748.3,740.65,746.18,10852,1
1779408000,749.59,752.49,747.95,749.17,8138,1
1779753600,753.59,755.68,751.89,754.08,8892,1
1779840000,754.41,754.87,751.79,754.09,11320,1
1779926400,753.77,758.72,752.78,758.18,23799,1
1780012800,759.46,761.65,758.3,760.04,15818,1
1780272000,759.1,763.9,758.35,762.12,12907,1
1780358400,760.59,764.0,760.36,763.1,8223,1
1780444800,761.74,762.36,757.17,757.64,19908,1
1780531200,755.61,761.91,755.02,760.72,8486,1
1780617600,755.82,756.38,738.99,740.86,18941,1
1780876800,746.8,748.84,741.69,742.71,11276,1
1780963200,747.09,750.42,725.97,740.64,23787,1
1781049600,736.89,741.83,728.81,728.82,19075,1
1781136000,732.16,743.43,727.88,741.23,16025,1
1781222400,744.25,747.95,738.62,745.21,15993,1
1781481600,753.35,758.27,753.33,756.3,11762,1
1781568000,756.15,757.0,751.48,751.98,13877,1
1781654400,752.86,753.66,740.78,742.71,12524,1
1781740800,751.13,751.71,747.27,750.17,10770,1
1782086400,751.16,753.59,746.62,747.83,11369,1
1782172800,737.13,743.0,735.75,737.16,16014,1
1782259200,738.45,743.4,734.26,736.69,10478,1
1782345600,742.3,742.69,733.13,736.94,10001,1
1782432000,732.29,739.97,728.74,732.65,8536,1
1782691200,740.01,744.97,735.63,744.34,9842,1
1782777600,744.82,751.49,744.39,749.61,33076,1
1782864000,748.41,752.92,745.93,749.16,10462,1
1782950400,750.85,754.74,743.5,748.28,12200,1
1783296000,752.05,755.89,750.98,754.8,9684,1
1783382400,753.74,754.44,748.76,751.11,8119,1
1783468800,746.74,749.64,743.12,748.87,7862,1
1783555200,750.8,755.49,749.08,755.13,7286,1
1783641600,755.67,758.93,751.66,758.39,7598,1
1783900800,756.0,757.42,751.55,752.57,7398,1
1783987200,754.44,756.74,752.23,755.34,8868,1
1784073600,757.84,759.09,753.75,758.36,8356,1
1784160000,756.65,758.05,751.45,754.23,7991,1
1784246400,745.59,750.79,744.29,746.72,9028,1
1784505600,750.58,752.16,745.05,745.67,7770,1
1784592000,749.83,752.54,747.74,751.85,7323,1
1784678400,750.26,753.56,749.91,750.98,6385,1
1784764800,742.79,745.94,738.73,741.84,8152,1
1784851200,742.0,747.18,740.79,742.37,6485,1
1785110400,748.42,749.01,739.32,742.57,8992,1
1785196800,742.48,746.27,739.45,744.32,8567,1
1785283200,743.36,746.15,732.5,733.06,9369,1
1785369600,739.5,745.95,738.08,745.06,14739,1
1785456000,748.17,752.39,741.18,750.46,8811,1
1785715200,753.11,762.21,752.74,761.22,10238,1
1785801600,764.24,777.05,764.12,775.04,11192,1
1785888000,779.5,780.62,773.13,773.42,13014,1
1785974400,773.79,775.46,771.11,772.18,9164,1
1786060800,774.75,778.2,773.29,776.73,9025,1
1786320000,776.39,778.72,775.52,776.72,7206,1
1786406400,778.19,778.2,773.03,774.33,7724,1
1786492800,778.44,778.56,775.0,776.18,7524,1
1786579200,778.48,783.09,777.82,781.47,7241,1
1786665600,782.21,782.51,779.15,780.04,5472,1
