time,open,high,low,close,tick_volume
1257206400,25.0,25.0,24.24,24.57,376
1257292800,27.0,27.0,24.5,24.6,362
1257379200,24.92,25.09,24.73,25.08,289
1257465600,25.1,25.2,24.92,25.15,382
1257724800,25.59,25.72,25.33,25.72,296
1257811200,25.66,25.79,25.56,25.66,276
1257897600,25.89,26.0,25.72,25.84,587
1257984000,25.83,25.91,25.48,25.53,330
1258070400,25.64,25.78,25.5,25.68,403
1258329600,25.92,26.19,25.85,26.06,446
1258416000,26.05,26.12,25.91,26.11,338
1258502400,26.15,26.15,25.95,26.09,234
1258588800,25.93,25.93,25.55,25.72,285
1258675200,25.6,25.68,25.52,25.62,253
1258934400,25.95,26.12,25.9,25.94,234
1259020800,25.99,25.99,25.76,25.94,259
1259107200,26.02,26.07,25.96,26.05,287
1259280000,25.42,25.8,25.28,25.62,395
1259539200,25.61,25.73,25.49,25.72,312
1259625600,25.98,26.1,25.91,26.02,304
1259712000,26.04,26.21,25.98,26.08,228
1259798400,26.15,26.27,25.84,25.84,382
1259884800,26.27,26.32,25.77,26.04,474
1260144000,26.11,26.15,25.94,25.99,418
1260230400,25.8,25.87,25.64,25.73,539
1260316800,25.7,25.84,25.58,25.81,419
1260403200,26.0,26.04,25.88,25.92,328
1260489600,26.05,26.08,25.94,26.04,282
1260748800,26.3,26.3,26.14,26.29,426
1260835200,26.24,26.28,26.12,26.14,370
1260921600,26.3,26.35,26.18,26.24,403
1261008000,26.09,26.09,25.9,25.94,268
1261094400,26.09,26.09,25.85,26.08,305
1261353600,26.27,26.42,26.22,26.37,342
1261440000,26.48,26.51,26.39,26.46,547
1261526400,26.55,26.55,26.38,26.53,342
1261612800,26.56,26.64,26.53,26.63,215
1261958400,26.71,26.75,26.56,26.65,349
1262044800,26.73,26.73,26.62,26.64,263
1262131200,26.55,26.63,26.51,26.63,188
1262217600,26.71,26.71,26.36,26.36,423
1262563200,26.65,26.83,26.6,26.8,539
1262649600,26.86,26.89,26.74,26.89,473
1262736000,26.91,26.95,26.85,26.91,316
1262822400,26.89,27.03,26.76,27.0,344
1262908800,26.96,27.11,26.87,27.08,215
1263168000,27.25,27.26,27.05,27.15,527
1263254400,26.97,27.0,26.77,26.85,424
1263340800,26.95,27.15,26.81,27.11,644
1263427200,27.08,27.2,27.06,27.17,287
1263513600,27.16,27.16,26.75,26.88,771
1263859200,26.9,27.21,26.89,27.21,654
1263945600,27.02,27.02,26.7,26.95,681
1264032000,27.0,27.05,26.45,26.47,863
1264118400,26.39,26.43,25.85,25.87,835
1264377600,26.13,26.14,25.92,25.99,704
1264464000,25.91,26.14,25.85,25.88,259
1264550400,25.88,26.05,25.65,26.02,279
1264636800,26.12,26.12,25.54,25.72,365
1264723200,25.8,26.0,25.4,25.47,506
1264982400,25.61,25.82,25.59,25.82,297
1265068800,25.89,26.17,25.8,26.16,518
1265155200,26.05,26.14,25.9,26.03,313
1265241600,25.83,25.83,25.17,25.2,735
1265328000,25.23,25.28,24.74,25.28,597
1265587200,25.26,25.38,25.06,25.06,278
1265673600,25.34,25.58,25.13,25.36,318
1265760000,25.39,25.46,25.1,25.35,333
1265846400,25.31,25.62,25.19,25.62,156
1265932800,25.4,25.62,25.25,25.62,273
1266278400,25.85,26.07,25.75,26.03,294
1266364800,26.18,26.2,26.07,26.17,334
1266451200,26.19,26.36,26.15,26.34,256
1266537600,26.28,26.48,26.2,26.41,188
1266796800,26.56,26.56,26.33,26.37,318
1266883200,26.35,26.39,26.02,26.04,194
1266969600,26.16,26.33,26.08,26.29,175
1267056000,25.95,26.28,25.88,26.28,348
1267142400,26.34,26.36,26.15,26.31,191
1267401600,26.43,26.62,26.43,26.62,315
1267488000,26.75,26.81,26.66,26.7,400
1267574400,26.8,26.88,26.69,26.73,196
1267660800,26.78,26.83,26.68,26.82,330
1267747200,26.99,27.2,26.91,27.19,325
1268006400,27.25,27.26,27.15,27.2,351
1268092800,27.15,27.38,27.1,27.25,320
1268179200,27.29,27.44,27.27,27.4,319
1268265600,27.29,27.5,27.21,27.5,334
1268352000,27.64,27.64,27.44,27.51,379
1268611200,27.45,27.51,27.3,27.49,264
1268697600,27.58,27.75,27.55,27.74,159
1268784000,27.85,28.0,27.81,27.9,291
1268870400,27.89,27.92,27.78,27.83,235
1268956800,27.71,27.75,27.59,27.67,279
1269216000,27.66,27.81,27.66,27.76,204
1269302400,27.84,27.98,27.72,27.95,220
1269388800,27.9,27.93,27.77,27.82,192
1269475200,27.95,28.11,27.72,27.72,236
1269561600,27.92,27.93,27.65,27.75,216
1269820800,27.9,27.96,27.83,27.92,257
1269907200,28.02,28.03,27.81,27.93,472
1269993600,27.82,27.98,27.75,27.83,241
1270080000,27.98,28.11,27.87,28.02,307
1270425600,28.17,28.3,28.08,28.3,602
1270512000,28.25,28.44,28.2,28.38,467
1270598400,28.37,28.37,28.1,28.21,672
1270684800,28.12,28.35,28.04,28.31,548
1270771200,28.39,28.48,28.31,28.47,536
1271030400,28.53,28.6,28.49,28.54,304
1271116800,28.54,28.59,28.36,28.55,280
1271203200,28.69,28.91,28.65,28.91,523
1271289600,28.89,28.98,28.86,28.92,622
1271376000,28.82,28.86,28.33,28.48,520
1271635200,28.36,28.57,28.21,28.54,442
1271721600,28.74,28.84,28.64,28.82,417
1271808000,28.89,28.89,28.64,28.8,340
1271894400,28.61,28.94,28.43,28.92,392
1271980800,28.92,29.14,28.84,29.12,312
1272240000,29.15,29.21,29.0,29.02,373
1272326400,28.89,29.0,28.27,28.34,768
1272412800,28.49,28.56,28.25,28.49,607
1272499200,28.71,28.92,28.65,28.87,316
1272585600,28.91,28.91,28.35,28.38,543
1272844800,28.52,28.8,28.49,28.74,328
1272931200,28.45,28.45,27.91,28.06,880
1273017600,27.79,28.09,27.65,27.88,596
1273104000,27.75,36.0,22.2,26.97,1166
1273190400,26.95,27.09,26.09,26.48,1047
1273449600,27.61,27.9,27.35,27.67,987
1273536000,27.43,27.97,27.36,27.62,310
1273622400,27.75,28.08,27.73,28.06,291
1273708800,28.03,28.12,27.7,27.75,377
1273795200,27.56,27.56,26.97,27.19,569
1274054400,27.25,27.37,26.68,27.25,315
1274140800,27.49,27.53,26.75,26.85,315
1274227200,26.73,26.93,26.35,26.68,469
1274313600,26.12,26.2,25.64,25.64,1078
1274400000,25.22,26.07,25.15,26.0,986
1274659200,25.92,26.08,25.66,25.66,312
1274745600,25.0,25.71,24.86,25.66,767
1274832000,25.82,26.13,25.5,25.6,423
1274918400,26.13,26.46,26.0,26.46,331
1275004800,26.5,26.5,26.03,26.14,441
1275350400,25.93,26.25,25.63,25.65,257
1275436800,25.81,26.31,25.7,26.31,384
1275523200,26.47,26.53,26.18,26.47,341
1275609600,25.98,26.11,25.43,25.52,662
1275868800,25.61,25.69,25.14,25.14,405
1275955200,25.2,25.41,24.94,25.39,421
1276041600,25.57,25.81,25.2,25.29,297
1276128000,25.73,26.05,25.66,26.02,322
1276214400,25.82,26.19,25.78,26.16,246
1276473600,26.44,26.57,26.15,26.17,406
1276560000,26.39,26.8,26.33,26.76,306
1276646400,26.67,26.88,26.6,26.74,413
1276732800,26.88,26.88,26.54,26.79,278
1276819200,26.83,26.9,26.72,26.78,196
1277078400,27.06,27.07,26.47,26.6,384
1277164800,26.6,26.73,26.12,26.15,337
1277251200,26.14,26.25,25.87,26.05,485
1277337600,25.97,25.97,25.59,25.62,341
1277424000,25.73,25.88,25.5,25.78,183
1277683200,25.86,25.88,25.61,25.69,247
1277769600,25.35,25.35,24.74,24.88,985
1277856000,24.8,25.06,24.55,24.64,574
1277942400,24.6,24.68,24.12,24.52,565
1278028800,24.65,24.67,24.23,24.4,350
1278374400,24.76,24.89,24.26,24.46,312
1278460800,24.55,25.26,24.55,25.26,190
1278547200,25.49,25.56,25.25,25.52,280
1278633600,25.53,25.73,25.5,25.71,253
1278892800,25.71,25.79,25.52,25.7,217
1278979200,26.03,26.23,25.95,26.13,386
1279065600,26.09,26.25,25.95,26.13,284
1279152000,26.16,26.21,25.8,26.14,291
1279238400,26.02,26.02,25.35,25.39,351
1279497600,25.53,25.61,25.25,25.52,277
1279584000,25.21,25.85,25.17,25.84,187
1279670400,26.02,26.02,25.4,25.49,167
1279756800,25.84,26.17,25.82,26.08,270
1279843200,26.08,26.38,25.97,26.35,273
1280102400,26.4,26.69,26.31,26.66,257
1280188800,26.77,26.86,26.53,26.65,354
1280275200,26.58,26.62,26.34,26.42,138
1280361600,26.64,26.64,26.09,26.33,423
1280448000,26.06,26.44,26.0,26.33,220
1280707200,26.7,26.92,26.64,26.9,485
1280793600,26.8,26.88,26.65,26.75,194
1280880000,26.85,26.96,26.75,26.94,217
1280966400,26.78,26.92,26.73,26.89,505
1281052800,26.67,26.82,26.44,26.78,303
1281312000,26.88,26.99,26.78,26.96,389
1281398400,26.77,26.89,26.58,26.76,253
1281484800,26.37,26.37,25.95,26.0,569
1281571200,25.62,25.93,25.55,25.85,269
1281657600,25.79,25.92,25.73,25.76,184
1281916800,25.6,25.84,25.51,25.74,468
1282003200,26.03,26.28,25.91,26.09,254
1282089600,26.11,26.29,25.94,26.14,162
1282176000,26.05,26.05,25.6,25.69,306
1282262400,25.64,25.65,25.4,25.6,370
1282521600,25.71,25.83,25.49,25.5,224
1282608000,25.23,25.32,24.97,25.1,314
1282694400,24.94,25.3,24.81,25.22,352
1282780800,25.4,25.4,25.0,25.03,321
1282867200,25.24,25.5,24.88,25.49,563
1283126400,25.44,25.5,25.12,25.12,154
1283212800,25.03,25.27,24.91,25.1,568
1283299200,25.47,25.88,25.43,25.85,268
1283385600,25.89,26.13,25.88,26.11,227
1283472000,26.41,26.49,26.24,26.46,249
1283817600,26.34,26.36,26.14,26.16,164
1283904000,26.23,26.43,26.22,26.33,474
1283990400,26.6,26.63,26.37,26.43,212
1284076800,26.5,26.59,26.44,26.55,327
1284336000,26.86,26.94,26.76,26.9,490
1284422400,26.87,27.04,26.75,26.89,249
1284508800,26.83,27.02,26.71,26.98,272
1284595200,26.93,26.98,26.84,26.98,137
1284681600,27.11,27.14,26.9,26.99,313
1284940800,27.0,27.34,26.9,27.3,235
1285027200,27.35,27.44,27.06,27.21,322
1285113600,27.22,27.33,27.0,27.08,770
1285200000,26.89,27.16,26.81,26.85,278
1285286400,27.19,27.44,27.17,27.43,368
1285545600,27.42,27.49,27.29,27.31,293
1285632000,27.39,27.5,27.05,27.45,264
1285718400,27.4,27.5,27.29,27.41,343
1285804800,27.59,27.71,27.2,27.35,259
1285891200,27.57,27.57,27.32,27.46,309
1286150400,27.46,27.51,27.1,27.24,313
1286236800,27.51,27.84,27.44,27.77,382
1286323200,27.81,27.84,27.64,27.75,218
1286409600,27.86,27.87,27.57,27.71,210
1286496000,27.8,27.97,27.68,27.91,214
1286755200,27.98,28.01,27.87,27.93,203
1286841600,27.88,28.1,27.69,28.04,243
1286928000,28.23,28.4,28.16,28.27,338
1287014400,28.26,28.29,27.98,28.15,330
1287100800,28.38,28.38,28.0,28.19,258
1287360000,28.25,28.4,28.17,28.39,271
1287446400,28.09,28.22,27.76,27.91,534
1287532800,28.07,28.34,27.99,28.23,308
1287619200,28.37,28.5,28.04,28.26,306
1287705600,28.34,28.36,28.26,28.33,210
1287964800,28.56,28.68,28.42,28.44,394
1288051200,28.32,28.47,28.24,28.43,292
1288137600,28.28,28.39,28.11,28.39,325
1288224000,28.55,28.56,28.25,28.39,256
1288310400,28.36,28.45,28.32,28.41,411
1288569600,28.67,28.67,28.26,28.41,243
1288656000,28.59,28.71,28.54,28.66,202
1288742400,28.71,28.82,28.41,28.82,317
1288828800,29.16,29.33,29.15,29.33,281
1288915200,29.44,29.5,29.33,29.46,224
1289174400,29.39,29.45,29.29,29.41,417
1289260800,29.5,29.52,29.08,29.19,401
1289347200,29.2,29.33,28.95,29.33,343
1289433600,29.09,29.26,29.01,29.23,250
1289520000,29.05,29.15,28.75,28.87,370
1289779200,28.98,29.07,28.83,28.84,355
1289865600,28.68,28.69,28.24,28.38,649
1289952000,28.41,28.53,28.3,28.42,1832
1290038400,28.72,28.93,28.68,28.83,464
1290124800,28.83,28.93,28.66,28.93,293
1290384000,28.82,28.94,28.59,28.91,299
1290470400,28.61,28.65,28.42,28.53,626
1290556800,28.72,28.97,28.71,28.97,353
1290729600,28.75,28.89,28.69,28.69,179
1290988800,28.59,28.79,28.39,28.73,462
1291075200,28.48,28.71,28.4,28.57,357
1291161600,28.99,29.21,28.98,29.16,748
1291248000,29.23,29.56,29.22,29.54,664
1291334400,29.43,29.68,29.4,29.65,459
1291593600,29.61,29.7,29.56,29.64,441
1291680000,29.95,29.98,29.64,29.65,748
1291766400,29.72,29.78,29.57,29.74,596
1291852800,29.95,29.95,29.7,29.84,549
1291939200,29.93,30.05,29.85,30.04,686
1292198400,30.22,30.22,30.01,30.03,720
1292284800,30.08,30.18,29.98,30.05,323
1292371200,30.03,30.14,29.88,29.92,422
1292457600,29.95,30.12,29.8,30.09,506
1292544000,30.1,30.19,30.03,30.16,506
1292803200,30.15,30.18,29.96,30.1,1097
1292889600,30.22,30.33,30.19,30.31,543
1292976000,30.36,30.44,30.33,30.41,611
1293062400,30.4,30.41,30.3,30.35,632
1293408000,30.29,30.39,30.21,30.37,283
1293494400,30.43,30.43,30.32,30.39,416
1293580800,30.46,30.5,30.42,30.44,434
1293667200,30.43,30.47,30.36,30.41,371
1293753600,30.35,30.42,30.32,30.38,429
1294012800,30.67,30.83,30.61,30.72,600
1294099200,30.8,30.83,30.45,30.62,586
1294185600,30.58,30.83,30.53,30.81,522
1294272000,30.89,30.89,30.69,30.76,417
1294358400,30.83,30.86,30.44,30.7,630
1294617600,30.6,30.73,30.46,30.68,537
1294704000,30.82,30.87,30.68,30.8,461
1294790400,31.0,31.11,30.95,31.08,594
1294876800,31.11,31.11,30.96,31.03,555
1294963200,31.0,31.26,30.98,31.26,479
1295308800,31.26,31.34,31.19,31.33,670
1295395200,31.32,31.32,30.89,30.95,931
1295481600,30.87,30.93,30.65,30.86,478
1295568000,31.08,31.13,30.9,30.92,663
1295827200,30.93,31.13,30.9,31.09,482
1295913600,31.08,31.12,30.87,31.12,432
1296000000,31.24,31.37,31.14,31.3,820
1296086400,31.33,31.43,31.25,31.39,838
1296172800,31.44,31.46,30.79,30.82,987
1296432000,30.9,31.08,30.84,31.07,749
1296518400,31.27,31.61,31.25,31.55,591
1296604800,31.5,31.59,31.47,31.49,486
1296691200,31.48,31.62,31.27,31.58,393
1296777600,31.61,31.68,31.47,31.66,925
1297036800,31.76,31.98,31.74,31.89,1086
1297123200,31.94,32.04,31.84,32.03,798
1297209600,31.98,32.03,31.8,31.93,829
1297296000,31.8,32.01,31.72,31.97,493
1297382400,31.91,32.23,31.88,32.18,548
1297641600,32.23,32.3,32.17,32.29,477
1297728000,32.22,32.24,32.11,32.16,719
1297814400,32.31,32.44,32.26,32.4,711
1297900800,32.3,32.55,32.29,32.51,542
1297987200,32.56,32.61,32.44,32.54,636
1298332800,32.25,32.37,31.79,31.85,1299
1298419200,31.88,31.93,31.38,31.64,918
1298505600,31.57,31.75,31.3,31.6,1091
1298592000,31.76,32.01,31.74,32.01,616
1298851200,32.17,32.24,32.0,32.17,742
1298937600,32.33,32.33,31.65,31.65,830
1299024000,31.62,31.86,31.58,31.71,511
1299110400,32.02,32.31,32.02,32.26,664
1299196800,32.31,32.31,31.86,32.05,868
1299456000,32.19,32.21,31.6,31.78,771
1299542400,31.85,32.16,31.69,32.07,586
1299628800,32.03,32.1,31.82,32.02,731
1299715200,31.73,31.73,31.38,31.39,1089
1299801600,31.26,31.71,31.25,31.61,909
1300060800,31.44,31.46,31.19,31.43,572
1300147200,30.87,31.27,30.81,31.08,1019
1300233600,31.05,31.11,30.36,30.54,1300
1300320000,31.02,31.03,30.74,30.88,348
1300406400,31.12,31.24,30.98,31.04,448
1300665600,31.42,31.44,31.34,31.39,961
1300752000,31.41,31.41,31.24,31.24,306
1300838400,31.12,31.44,31.04,31.36,381
1300924800,31.44,31.7,31.43,31.66,460
1301011200,31.8,31.94,31.79,31.81,529
1301270400,31.9,31.95,31.71,31.72,698
1301356800,31.72,31.95,31.6,31.95,431
1301443200,32.09,32.27,32.08,32.19,873
1301529600,32.16,32.24,32.12,32.17,544
1301616000,32.34,32.45,32.23,32.31,612
1301875200,32.41,32.44,32.26,32.33,593
1301961600,32.32,32.5,32.27,32.37,436
1302048000,32.53,32.55,32.33,32.43,450
1302134400,32.4,32.52,32.2,32.36,455
1302220800,32.5,32.52,32.09,32.22,391
1302480000,32.28,32.34,32.0,32.09,344
1302566400,31.94,31.96,31.72,31.83,490
1302652800,31.99,32.02,31.74,31.85,260
1302739200,31.72,31.92,31.56,31.88,272
1302825600,31.96,32.08,31.85,32.04,328
1303084800,31.64,31.72,31.39,31.67,689
1303171200,31.73,31.84,31.63,31.84,272
1303257600,32.23,32.33,32.17,32.28,383
1303344000,32.46,32.47,32.3,32.46,352
1303689600,32.47,32.47,32.31,32.42,305
1303776000,32.5,32.77,32.5,32.73,660
1303862400,32.81,32.97,32.65,32.93,464
1303948800,32.92,33.06,32.86,33.04,308
1304035200,33.08,33.16,33.0,33.14,325
1304294400,33.33,33.33,32.98,33.04,451
1304380800,33.01,33.04,32.69,32.87,423
1304467200,32.88,32.88,32.5,32.66,451
1304553600,32.44,32.69,32.25,32.39,422
1304640000,32.71,32.87,32.4,32.52,462
1304899200,32.56,32.77,32.48,32.69,366
1304985600,32.81,33.04,32.78,32.99,970
1305072000,32.98,32.98,32.48,32.63,546
1305158400,32.59,32.84,32.36,32.78,764
1305244800,32.84,32.84,32.41,32.52,322
1305504000,32.38,32.65,32.24,32.3,425
1305590400,32.2,32.29,31.99,32.23,648
1305676800,32.25,32.61,32.23,32.59,332
1305763200,32.71,32.74,32.48,32.66,374
1305849600,32.59,32.61,32.34,32.42,248
1306108800,32.03,32.11,31.92,32.01,523
1306195200,32.11,32.17,31.91,31.98,227
1306281600,31.86,32.23,31.85,32.11,412
1306368000,32.0,32.32,31.98,32.29,399
1306454400,32.4,32.51,32.36,32.44,655
1306800000,32.76,32.78,32.5,32.77,352
1306886400,32.66,32.69,32.0,32.03,435
1306972800,32.08,32.11,31.81,31.98,298
1307059200,31.64,31.9,31.57,31.65,423
1307318400,31.61,31.63,31.25,31.28,856
1307404800,31.4,31.53,31.27,31.27,349
1307491200,31.21,31.29,31.06,31.12,372
1307577600,31.18,31.46,31.11,31.34,317
1307664000,31.2,31.2,30.82,30.9,653
1307923200,30.94,31.05,30.73,30.88,352
1308009600,31.19,31.43,31.17,31.29,322
1308096000,31.04,31.14,30.68,30.77,501
1308182400,30.77,30.95,30.56,30.77,372
1308268800,31.11,31.11,30.78,30.88,433
1308528000,30.66,30.96,30.63,30.91,291
1308614400,31.07,31.42,31.05,31.37,295
1308700800,31.28,31.47,31.17,31.19,306
1308787200,30.83,31.14,30.61,31.13,389
1308873600,31.15,31.15,30.75,30.78,300
1309132800,30.78,31.15,30.72,31.04,400
1309219200,31.16,31.47,31.13,31.47,316
1309305600,31.62,31.79,31.48,31.74,500
1309392000,31.85,32.09,31.81,32.03,524
1309478400,32.07,32.54,32.0,32.49,447
1309824000,32.48,32.57,32.4,32.49,323
1309910400,32.45,32.59,32.33,32.54,260
1309996800,32.85,32.99,32.8,32.92,763
1310083200,32.55,32.69,32.43,32.69,437
1310342400,32.36,32.39,31.98,32.05,410
1310428800,31.96,32.22,31.89,31.92,252
1310515200,32.1,32.38,31.97,32.03,312
1310601600,32.14,32.25,31.73,31.78,207
1310688000,31.98,32.01,31.76,31.97,213
1310947200,31.87,31.88,31.44,31.66,400
1311033600,31.86,32.24,31.86,32.2,372
1311120000,32.32,32.33,32.13,32.19,375
1311206400,32.38,32.66,32.3,32.59,426
1311292800,32.59,32.67,32.45,32.63,310
1311552000,32.31,32.61,32.29,32.43,407
1311638400,32.44,32.45,32.22,32.29,517
1311724800,32.12,32.12,31.55,31.58,1177
1311811200,31.6,31.88,31.43,31.49,498
1311897600,31.2,31.56,31.0,31.31,667
1312156800,31.7,31.84,30.89,31.19,1725
1312243200,30.99,31.14,30.35,30.35,826
1312329600,30.42,30.55,29.85,30.53,1307
1312416000,30.14,30.14,28.96,29.01,2499
1312502400,29.3,29.44,28.09,28.89,1693
1312761600,28.08,28.38,26.88,26.92,2526
1312848000,27.37,28.25,26.5,28.25,1670
1312934400,27.75,28.0,27.0,27.07,1724
1313020800,27.25,28.66,27.18,28.28,761
1313107200,28.62,28.74,28.28,28.5,1285
1313366400,28.74,29.13,28.73,29.13,717
1313452800,28.86,29.11,28.53,28.84,499
1313539200,29.0,29.21,28.59,28.82,860
1313625600,28.13,28.13,27.25,27.5,1346
1313712000,27.13,27.83,27.01,27.05,815
1313971200,27.66,27.71,26.98,27.04,553
1314057600,27.17,28.0,27.03,27.98,534
1314144000,27.91,28.39,27.84,28.35,2078
1314230400,28.49,28.66,27.82,27.89,498
1314316800,27.74,28.46,27.33,28.36,679
1314576000,28.74,29.26,28.74,29.25,768
1314662400,29.16,29.52,28.89,29.34,622
1314748800,29.55,29.79,29.24,29.48,1132
1314835200,29.47,29.76,29.09,29.11,347
1314921600,28.52,28.66,28.24,28.32,1218
1315267200,27.5,28.15,27.47,28.12,771
1315353600,28.57,28.97,28.48,28.97,367
1315440000,28.81,29.1,28.6,28.65,438
1315526400,28.36,28.44,27.73,27.9,753
1315785600,27.53,28.09,27.46,28.07,704
1315872000,28.16,28.45,28.0,28.36,405
1315958400,28.54,29.1,28.12,28.78,486
1316044800,29.06,29.25,28.81,29.23,1404
1316131200,29.37,29.49,29.11,29.38,570
1316390400,28.71,29.09,28.55,28.96,678
1316476800,29.09,29.33,28.83,28.84,435
1316563200,28.83,28.93,27.98,27.98,563
1316649600,27.2,27.42,26.71,27.1,2129
1316736000,26.93,27.39,26.91,27.26,813
1316995200,27.55,27.92,27.08,27.89,1326
1317081600,28.47,28.72,28.07,28.22,1282
1317168000,28.31,28.38,27.55,27.59,582
1317254400,28.08,28.18,27.28,27.79,678
1317340800,27.42,27.66,27.09,27.09,574
1317600000,26.98,27.25,26.23,26.23,1175
1317686400,25.91,26.92,25.67,26.88,1571
1317772800,26.97,27.47,26.7,27.4,705
1317859200,27.4,27.95,27.19,27.92,568
1317945600,28.12,28.12,27.56,27.65,480
1318204800,28.18,28.66,28.18,28.66,1235
1318291200,28.48,28.76,28.45,28.65,287
1318377600,28.91,29.27,28.85,28.96,618
1318464000,28.8,29.0,28.55,28.89,404
1318550400,29.28,29.42,29.08,29.42,572
1318809600,29.35,29.35,28.74,28.8,606
1318896000,28.75,29.58,28.54,29.39,548
1318982400,29.37,29.49,28.92,29.01,484
1319068800,29.07,29.21,28.69,29.16,292
1319155200,29.46,29.73,29.42,29.71,462
1319414400,29.77,30.25,29.77,30.19,980
1319500800,30.11,30.11,29.51,29.57,491
1319587200,29.96,29.99,29.36,29.89,528
1319673600,30.87,31.15,30.46,30.96,1230
1319760000,30.83,31.0,30.78,30.95,436
1320019200,30.59,30.63,30.08,30.08,472
1320105600,29.63,29.69,29.25,29.37,933
1320192000,29.77,29.95,29.55,29.83,348
1320278400,29.95,30.46,29.93,30.43,533
1320364800,29.94,30.31,29.9,30.26,232
1320624000,30.22,30.44,29.93,30.43,424
1320710400,30.54,30.84,30.26,30.78,1014
1320796800,30.06,30.2,29.58,29.61,699
1320883200,30.0,30.04,29.6,29.88,364
1320969600,30.25,30.52,30.23,30.44,520
1321228800,30.36,30.38,30.02,30.17,254
1321315200,30.06,30.48,29.98,30.34,233
1321401600,30.0,30.4,29.83,29.84,380
1321488000,29.83,29.87,29.18,29.39,900
1321574400,29.49,29.51,29.2,29.32,624
1321833600,28.87,28.94,28.53,28.81,726
1321920000,28.77,28.88,28.52,28.68,347
1322006400,28.43,28.43,28.01,28.01,763
1322179200,28.0,28.26,27.87,27.87,440
1322438400,28.74,28.87,28.56,28.76,727
1322524800,28.88,29.02,28.73,28.82,480
1322611200,29.7,30.1,29.62,30.08,718
1322697600,30.01,30.21,29.95,30.03,434
1322784000,30.36,30.43,30.0,30.06,565
1323043200,30.5,30.6,30.19,30.37,522
1323129600,30.4,30.57,30.25,30.38,432
1323216000,30.3,30.57,30.02,30.41,454
1323302400,30.24,30.3,29.7,29.77,1666
1323388800,29.9,30.39,29.85,30.31,952
1323648000,30.06,30.06,29.62,29.86,718
1323734400,30.0,30.19,29.41,29.53,678
1323820800,29.4,29.5,29.15,29.21,618
1323907200,29.53,29.55,29.28,29.32,478
1323993600,29.55,29.71,29.33,29.43,373
1324252800,29.34,29.46,28.86,28.93,450
1324339200,29.34,29.85,29.34,29.81,712
1324425600,29.77,29.92,29.53,29.9,849
1324512000,30.0,30.18,29.95,30.15,676
1324598400,30.25,30.39,30.18,30.39,611
1324944000,30.38,30.5,30.31,30.43,517
1325030400,30.44,30.46,29.98,30.04,527
1325116800,30.07,30.36,30.07,30.35,454
1325203200,30.29,30.37,30.21,30.22,560
1325548800,30.78,30.88,30.6,30.64,683
1325635200,30.55,30.7,30.44,30.66,527
1325721600,30.51,30.82,30.36,30.79,645
1325808000,30.82,30.82,30.6,30.73,382
1326067200,30.79,30.82,30.64,30.77,406
1326153600,31.1,31.16,31.01,31.1,956
1326240000,30.98,31.16,30.94,31.13,747
1326326400,31.2,31.24,30.96,31.21,464
1326412800,31.03,31.1,30.77,31.02,651
1326758400,31.31,31.37,31.09,31.15,1095
1326844800,31.13,31.52,31.09,31.52,588
1326931200,31.64,31.73,31.54,31.69,785
1327017600,31.65,31.7,31.57,31.68,440
1327276800,31.69,31.86,31.54,31.7,524
1327363200,31.54,31.69,31.46,31.67,754
1327449600,31.65,32.04,31.53,31.97,837
1327536000,32.12,32.18,31.7,31.82,825
1327622400,31.7,31.9,31.66,31.82,645
1327881600,31.6,31.75,31.43,31.7,830
1327968000,31.9,31.93,31.56,31.69,716
1328054400,31.91,32.18,31.91,32.06,625
1328140800,32.13,32.2,32.0,32.1,569
1328227200,32.38,32.61,32.38,32.6,872
1328486400,32.47,32.58,32.43,32.57,679
1328572800,32.55,32.69,32.38,32.64,580
1328659200,32.64,32.76,32.52,32.71,1094
1328745600,32.8,32.83,32.57,32.77,455
1328832000,32.49,32.55,32.39,32.51,505
1329091200,32.75,32.8,32.61,32.75,430
1329177600,32.7,32.73,32.51,32.71,461
1329264000,32.84,32.88,32.5,32.58,635
1329350400,32.58,32.98,32.56,32.94,474
1329436800,33.08,33.11,32.93,32.99,515
1329782400,33.12,33.15,32.9,33.0,708
1329868800,32.93,33.01,32.84,32.87,328
1329955200,32.87,33.1,32.77,33.07,488
1330041600,33.15,33.2,33.07,33.12,403
1330300800,32.91,33.25,32.84,33.19,411
1330387200,33.2,33.29,33.12,33.24,339
1330473600,33.3,33.41,33.03,33.05,493
1330560000,33.16,33.35,33.12,33.28,467
1330646400,33.28,33.31,33.07,33.13,502
1330905600,33.1,33.1,32.89,33.02,413
1330992000,32.63,32.69,32.39,32.49,1026
1331078400,32.59,32.75,32.53,32.7,892
1331164800,32.93,33.11,32.81,33.05,639
1331251200,33.15,33.3,33.09,33.21,543
1331510400,33.16,33.24,33.12,33.22,218
1331596800,33.4,33.84,33.4,33.83,400
1331683200,33.85,33.86,33.66,33.74,318
1331769600,33.85,33.99,33.79,33.97,442
1331856000,33.97,34.04,33.95,33.99,215
1332115200,33.88,34.1,33.87,33.99,373
1332201600,33.78,33.9,33.74,33.87,346
1332288000,33.83,33.93,33.76,33.84,283
1332374400,33.55,33.59,33.43,33.54,402
1332460800,33.46,33.7,33.46,33.69,341
1332720000,33.93,34.15,33.88,34.15,559
1332806400,34.22,34.22,34.04,34.06,396
1332892800,34.02,34.07,33.68,33.88,513
1332979200,33.69,33.87,33.52,33.83,346
1333065600,34.01,34.01,33.76,33.92,314
1333324800,33.91,34.28,33.81,34.19,455
1333411200,34.12,34.2,33.88,34.08,393
1333497600,33.82,33.83,33.58,33.72,696
1333584000,33.61,33.79,33.58,33.69,301
1333929600,33.28,33.4,33.15,33.31,518
1334016000,33.23,33.3,32.63,32.67,932
1334102400,33.03,33.07,32.89,32.93,546
1334188800,32.94,33.45,32.94,33.44,600
1334275200,33.4,33.4,33.02,33.02,691
1334534400,33.25,33.26,32.9,33.02,398
1334620800,33.23,33.57,33.18,33.51,350
1334707200,33.35,33.49,33.32,33.39,257
1334793600,33.4,33.53,33.06,33.2,281
1334880000,33.37,33.45,33.24,33.25,192
1335139200,32.93,32.98,32.75,32.96,515
1335225600,32.99,33.16,32.95,33.08,280
1335312000,33.38,33.55,33.38,33.55,320
1335398400,33.51,33.82,33.5,33.75,337
1335484800,33.9,33.94,33.69,33.86,270
1335744000,33.83,33.83,33.63,33.71,256
1335830400,33.73,34.14,33.7,33.89,373
1335916800,33.74,33.85,33.61,33.84,346
1336003200,33.81,33.83,33.46,33.52,784
1336089600,33.37,33.38,32.96,32.99,590
1336348800,32.89,33.11,32.85,32.98,368
1336435200,32.81,32.89,32.44,32.84,846
1336521600,32.55,32.87,32.36,32.65,553
1336608000,32.94,32.95,32.71,32.78,340
1336694400,32.6,32.98,32.52,32.7,338
1336953600,32.4,32.53,32.28,32.29,475
1337040000,32.29,32.47,32.06,32.11,491
1337126400,32.27,32.4,31.99,32.01,465
1337212800,32.01,32.04,31.42,31.42,618
1337299200,31.52,31.6,31.08,31.16,624
1337558400,31.24,31.73,31.18,31.7,640
1337644800,31.84,32.03,31.59,31.77,825
1337731200,31.6,31.83,31.25,31.79,529
1337817600,31.93,31.93,31.6,31.87,302
1337904000,31.92,31.94,31.73,31.8,386
1338249600,32.08,32.24,31.93,32.16,398
1338336000,31.91,31.92,31.64,31.71,354
1338422400,31.72,31.82,31.32,31.61,491
1338508800,31.17,31.19,30.78,30.79,992
1338768000,30.79,30.9,30.48,30.75,490
1338854400,30.7,31.03,30.69,30.98,269
1338940800,31.22,31.72,31.22,31.72,435
1339027200,32.07,32.1,31.65,31.7,935
1339113600,31.59,31.95,31.5,31.93,328
1339372800,32.22,32.24,31.49,31.52,376
1339459200,31.59,31.88,31.43,31.88,241
1339545600,31.78,31.95,31.55,31.63,277
1339632000,31.66,32.05,31.65,31.92,245
1339718400,32.06,32.28,32.02,32.26,290
1339977600,32.04,32.29,31.92,32.22,413
1340064000,32.39,32.67,32.32,32.57,617
1340150400,32.58,32.64,32.28,32.52,313
1340236800,32.52,32.57,31.74,31.77,336
1340323200,31.91,32.06,31.81,32.0,173
1340582400,31.69,31.7,31.37,31.48,349
1340668800,31.56,31.73,31.4,31.63,163
1340755200,31.73,31.98,31.72,31.94,178
1340841600,31.69,31.9,31.5,31.9,310
1340928000,32.48,32.68,32.37,32.68,483
1341187200,32.81,32.85,32.54,32.78,419
1341273600,32.83,33.07,32.76,33.04,426
1341446400,32.94,33.05,32.8,32.9,575
1341532800,32.64,32.65,32.45,32.62,380
1341792000,32.56,32.6,32.42,32.55,260
1341878400,32.73,32.75,32.14,32.26,378
1341964800,32.26,32.35,32.07,32.23,282
1342051200,32.07,32.2,31.84,32.09,451
1342137600,32.14,32.62,32.14,32.59,358
1342396800,32.54,32.61,32.38,32.51,253
1342483200,32.61,32.78,32.32,32.72,387
1342569600,32.63,33.02,32.62,32.94,545
1342656000,33.05,33.12,32.91,33.03,305
1342742400,32.83,32.87,32.7,32.71,368
1343001600,32.28,32.48,32.1,32.4,401
1343088000,32.41,32.43,31.9,32.09,540
1343174400,32.18,32.24,31.96,32.06,251
1343260800,32.58,32.64,32.37,32.56,407
1343347200,32.72,33.27,32.69,33.18,786
1343606400,33.22,33.32,33.08,33.17,520
1343692800,33.11,33.24,33.05,33.05,388
1343779200,33.2,33.21,32.86,32.89,481
1343865600,32.68,32.84,32.43,32.65,559
1343952000,33.18,33.36,33.11,33.25,881
1344211200,33.36,33.51,33.34,33.37,407
1344297600,33.5,33.73,33.5,33.58,592
1344384000,33.46,33.68,33.46,33.61,301
1344470400,33.56,33.73,33.56,33.67,326
1344556800,33.56,33.74,33.5,33.72,270
1344816000,33.67,33.72,33.5,33.69,314
1344902400,33.83,33.85,33.62,33.69,587
1344988800,33.67,33.8,33.66,33.76,531
1345075200,33.8,34.07,33.73,34.02,579
1345161600,34.11,34.11,34.0,34.1,491
1345420800,34.08,34.08,33.93,34.08,316
1345507200,34.17,34.3,33.93,33.96,653
1345593600,33.94,34.04,33.8,33.96,415
1345680000,33.91,33.91,33.67,33.73,786
1345766400,33.63,33.97,33.6,33.9,307
1346025600,34.0,34.04,33.86,33.91,399
1346112000,33.83,33.99,33.8,33.91,252
1346198400,33.97,34.03,33.85,33.95,333
1346284800,33.82,33.83,33.61,33.7,424
1346371200,33.91,34.0,33.66,33.85,388
1346716800,33.86,33.97,33.62,33.89,545
1346803200,33.93,33.97,33.8,33.86,395
1346889600,34.02,34.53,34.02,34.52,1087
1346976000,34.64,34.69,34.57,34.69,415
1347235200,34.69,34.7,34.49,34.51,371
1347321600,34.57,34.7,34.52,34.6,491
1347408000,34.73,34.75,34.6,34.7,445
1347494400,34.7,35.32,34.65,35.2,1790
1347580800,35.3,35.6,35.3,35.42,1331
1347840000,35.23,35.25,35.02,35.11,1010
1347926400,35.08,35.08,34.96,35.06,380
1348012800,35.1,35.17,35.01,35.08,365
1348099200,34.94,35.06,34.79,35.02,451
1348185600,35.22,35.22,35.02,35.04,330
1348444800,34.9,35.03,34.85,34.96,373
1348531200,35.09,35.14,34.55,34.56,923
1348617600,34.53,34.54,34.27,34.37,843
1348704000,34.53,34.76,34.41,34.68,433
1348790400,34.58,34.68,34.41,34.54,550
1349049600,34.69,34.93,34.55,34.62,438
1349136000,34.76,34.8,34.52,34.65,353
1349222400,34.76,34.86,34.59,34.76,1218
1349308800,34.91,35.06,34.86,35.05,766
1349395200,35.21,35.3,34.96,35.05,1180
1349654400,34.98,34.98,34.85,34.91,566
1349740800,34.91,34.91,34.57,34.58,526
1349827200,34.58,34.6,34.31,34.32,1056
1349913600,34.57,34.67,34.41,34.42,1074
1350000000,34.45,34.52,34.22,34.29,795
1350259200,34.35,34.57,34.24,34.55,1120
1350345600,34.7,34.9,34.66,34.9,672
1350432000,34.94,35.1,34.87,35.08,653
1350518400,35.0,35.15,34.88,34.99,658
1350604800,34.94,34.94,34.34,34.42,1195
1350864000,34.38,34.47,34.16,34.41,715
1350950400,34.06,34.09,33.8,33.99,1153
1351036800,34.11,34.12,33.83,33.88,635
1351123200,34.13,34.16,33.75,33.96,657
1351209600,33.94,34.02,33.7,33.92,485
1351641600,34.0,34.01,33.79,33.97,679
1351728000,34.27,34.37,34.27,34.36,675
1351814400,34.31,34.34,34.03,34.04,945
1352073600,34.0,34.2,33.9,34.13,923
1352160000,34.22,34.51,34.2,34.4,875
1352246400,34.13,34.13,33.46,33.63,2647
1352332800,33.66,33.76,33.19,33.21,1230
1352419200,33.09,33.52,33.07,33.24,1246
1352678400,33.33,33.37,33.18,33.25,659
1352764800,33.09,33.44,33.03,33.14,792
1352851200,33.22,33.26,32.58,32.66,1030
1352937600,32.68,32.78,32.42,32.57,1657
1353024000,32.65,32.81,32.33,32.77,1045
1353283200,33.19,33.43,33.09,33.43,1035
1353369600,33.4,33.5,33.21,33.46,524
1353456000,33.51,33.56,33.43,33.55,654
1353628800,33.7,33.96,33.68,33.96,525
1353888000,33.87,33.91,33.73,33.9,1718
1353974400,33.89,34.0,33.75,33.78,575
1354060800,33.59,34.03,33.44,34.02,866
1354147200,34.16,34.28,34.04,34.21,703
1354233600,34.24,34.28,34.12,34.2,589
1354492800,34.38,34.4,34.05,34.07,617
1354579200,34.06,34.15,33.93,34.03,316
1354665600,34.07,34.23,33.84,34.07,400
1354752000,34.06,34.21,34.02,34.19,546
1354838400,34.3,34.36,34.13,34.31,518
1355097600,34.27,34.4,34.25,34.35,1119
1355184000,34.48,34.69,34.45,34.57,1060
1355270400,34.73,34.8,34.52,34.57,1127
1355356800,34.56,34.64,34.27,34.36,767
1355443200,34.27,34.34,34.18,34.24,678
1355702400,34.35,34.63,34.33,34.63,1359
1355788800,34.72,35.05,34.65,35.03,1504
1355875200,35.1,35.12,34.81,34.81,1212
1355961600,34.88,35.01,34.75,35.01,957
1356048000,34.52,34.78,34.47,34.7,1374
1356307200,34.4,34.4,34.29,34.34,360
1356480000,34.42,34.42,34.11,34.19,993
1356566400,34.2,34.24,33.76,34.14,993
1356652800,33.95,34.1,33.77,33.81,1238
1356912000,33.69,34.39,33.68,34.38,2848
1357084800,35.09,35.24,34.95,35.24,3372
1357171200,35.27,35.37,35.12,35.17,2126
1357257600,35.24,35.43,35.2,35.38,1413
1357516800,35.3,35.3,35.16,35.26,1230
1357603200,35.2,35.27,35.06,35.17,860
1357689600,35.27,35.38,35.23,35.3,576
1357776000,35.46,35.55,35.29,35.51,1022
1357862400,35.51,35.56,35.44,35.54,814
1358121600,35.54,35.56,35.4,35.52,2281
1358208000,35.4,35.61,35.36,35.59,868
1358294400,35.52,35.62,35.47,35.57,650
1358380800,35.7,35.89,35.66,35.81,1369
1358467200,35.82,35.9,35.69,35.89,933
1358812800,35.9,36.08,35.82,36.07,1195
1358899200,36.11,36.18,36.03,36.13,856
1358985600,36.12,36.34,36.07,36.16,967
1359072000,36.29,36.39,36.19,36.37,1264
1359331200,36.43,36.44,36.23,36.33,1072
1359417600,36.29,36.49,36.25,36.47,772
1359504000,36.45,36.52,36.27,36.31,740
1359590400,36.28,36.37,36.21,36.28,888
1359676800,36.49,36.66,36.43,36.6,812
1359936000,36.45,36.46,36.17,36.2,1628
1360022400,36.39,36.65,36.38,36.54,1175
1360108800,36.43,36.63,36.41,36.6,1246
1360195200,36.65,36.66,36.3,36.54,1068
1360281600,36.65,36.78,36.62,36.76,598
1360540800,36.75,36.77,36.68,36.75,684
1360627200,36.75,36.9,36.73,36.82,871
1360713600,36.92,36.98,36.77,36.87,789
1360800000,36.79,36.97,36.74,36.92,582
1360886400,36.95,36.99,36.76,36.86,1036
1361232000,36.94,37.15,36.92,37.14,1000
1361318400,37.13,37.14,36.65,36.65,1365
1361404800,36.55,36.55,36.26,36.36,2739
1361491200,36.54,36.7,36.47,36.7,897
1361750400,36.89,36.94,36.06,36.06,1308
1361836800,36.23,36.3,35.96,36.24,1966
1361923200,36.24,36.82,36.24,36.72,847
1362009600,36.71,36.96,36.7,36.7,1228
1362096000,36.59,36.83,36.38,36.79,1401
1362355200,36.73,36.97,36.65,36.97,1179
1362441600,37.11,37.41,37.11,37.31,1420
1362528000,37.46,37.49,37.31,37.4,1326
1362614400,37.45,37.51,37.41,37.48,1458
1362700800,37.64,37.7,37.45,37.66,1569
1362960000,37.6,37.79,37.6,37.77,746
1363046400,37.79,37.79,37.6,37.69,663
1363132800,37.67,37.83,37.66,37.78,803
1363219200,37.9,37.99,37.88,37.97,902
1363305600,37.88,37.99,37.85,37.92,702
1363564800,37.59,37.73,37.53,37.58,669
1363651200,37.57,37.61,37.24,37.46,1670
1363737600,37.7,37.81,37.65,37.75,1358
1363824000,37.54,37.67,37.38,37.46,1514
1363910400,37.63,37.69,37.58,37.69,749
1364169600,37.78,37.79,37.42,37.56,1333
1364256000,37.8,37.85,37.67,37.85,533
1364342400,37.66,37.87,37.66,37.85,669
1364428800,37.89,38.03,37.87,37.96,867
1364774400,37.98,38.03,37.69,37.77,1565
1364860800,37.89,38.03,37.82,37.93,1076
1364947200,37.94,37.96,37.39,37.51,1319
1365033600,37.55,37.71,37.47,37.65,1149
1365120000,37.22,37.54,37.1,37.52,1094
1365379200,37.53,37.78,37.41,37.78,749
1365465600,37.83,38.03,37.71,37.89,834
1365552000,37.99,38.4,37.99,38.37,850
1365638400,38.39,38.61,38.35,38.49,1000
1365724800,38.35,38.46,38.2,38.39,811
1365984000,38.21,38.22,37.43,37.43,1409
1366070400,37.72,38.0,37.63,38.0,1148
1366156800,37.76,37.76,37.23,37.44,1124
1366243200,37.51,37.53,37.07,37.19,834
1366329600,37.31,37.56,37.2,37.54,620
1366588800,37.63,37.78,37.34,37.72,595
1366675200,37.9,38.14,37.75,38.12,902
1366761600,38.14,38.26,38.06,38.15,820
1366848000,38.29,38.51,38.25,38.34,1061
1366934400,38.31,38.37,38.15,38.24,595
1367193600,38.37,38.6,38.3,38.51,660
1367280000,38.52,38.64,38.36,38.62,1104
1367366400,38.57,38.58,38.21,38.24,847
1367452800,38.35,38.64,38.35,38.61,663
1367539200,38.97,39.15,38.93,39.01,911
1367798400,39.08,39.19,39.03,39.14,818
1367884800,39.23,39.36,39.12,39.32,1536
1367971200,39.31,39.54,39.28,39.53,1151
1368057600,39.55,39.61,39.33,39.38,1104
1368144000,39.39,39.58,39.34,39.58,1198
1368403200,39.54,39.66,39.44,39.6,1275
1368489600,39.63,40.02,39.63,40.01,1076
1368576000,39.92,40.29,39.91,40.21,1206
1368662400,40.15,40.27,39.97,40.03,1038
1368748800,40.15,40.44,40.14,40.43,789
1369008000,40.39,40.57,40.35,40.39,897
1369094400,40.46,40.6,40.32,40.49,724
1369180800,40.53,40.9,39.93,40.09,1476
1369267200,39.65,40.09,39.54,40.0,1169
1369353600,39.82,39.95,39.64,39.95,927
1369699200,40.39,40.56,40.09,40.23,1366
1369785600,40.05,40.07,39.71,39.95,1650
1369872000,40.01,40.28,39.95,40.13,823
1369958400,40.02,40.23,39.57,39.57,1016
1370217600,39.67,39.75,39.32,39.74,1128
1370304000,39.79,39.91,39.34,39.53,1141
1370390400,39.44,39.49,38.97,38.99,1379
1370476800,38.97,39.33,38.75,39.33,1032
1370563200,39.64,39.88,39.43,39.84,1049
1370822400,39.98,40.02,39.75,39.83,1093
1370908800,39.55,39.77,39.36,39.45,1152
1370995200,39.71,39.76,39.06,39.11,866
1371081600,39.09,39.75,39.0,39.71,967
1371168000,39.68,39.82,39.42,39.49,996
1371427200,39.8,39.95,39.56,39.76,1075
1371513600,39.81,40.14,39.81,40.07,1184
1371600000,40.07,40.09,39.55,39.55,2169
1371686400,39.2,39.24,38.46,38.56,3152
1371772800,38.86,38.87,38.25,38.61,2461
1372032000,38.13,38.31,37.65,37.99,2884
1372118400,38.31,38.49,38.09,38.39,1444
1372204800,38.71,38.83,38.55,38.74,1780
1372291200,38.96,39.17,38.96,39.02,1520
1372377600,38.97,39.11,38.75,38.89,1423
1372636800,39.09,39.44,39.07,39.14,1188
1372723200,39.16,39.39,38.93,39.12,1023
1372809600,38.96,39.24,38.91,39.15,571
1372982400,39.36,39.57,39.12,39.57,808
1373241600,39.78,39.9,39.71,39.77,1080
1373328000,39.99,40.11,39.85,40.05,1282
1373414400,40.07,40.19,39.95,40.08,1827
1373500800,40.56,40.68,40.41,40.64,1433
1373587200,40.62,40.75,40.59,40.74,749
1373846400,40.8,40.89,40.7,40.84,1084
1373932800,40.86,40.88,40.57,40.68,1080
1374019200,40.84,40.9,40.73,40.78,788
1374105600,40.89,41.11,40.87,41.03,1099
1374192000,40.94,41.09,40.88,41.08,835
1374451200,41.16,41.21,41.04,41.16,1049
1374537600,41.27,41.27,41.04,41.09,933
1374624000,41.27,41.27,40.84,40.92,1062
1374710400,40.81,41.05,40.78,41.03,610
1374796800,40.88,41.06,40.7,41.06,1071
1375056000,40.99,41.07,40.81,40.92,785
1375142400,41.02,41.09,40.85,40.98,680
1375228800,41.05,41.28,40.96,41.02,649
1375315200,41.32,41.56,41.32,41.52,1499
1375401600,41.49,41.58,41.37,41.56,970
1375660800,41.54,41.59,41.44,41.55,879
1375747200,41.48,41.49,41.18,41.28,716
1375833600,41.12,41.15,40.95,41.1,1050
1375920000,41.3,41.4,41.06,41.28,628
1376006400,41.2,41.33,41.02,41.15,644
1376265600,41.0,41.19,40.89,41.14,636
1376352000,41.24,41.29,40.95,41.24,559
1376438400,41.22,41.27,41.01,41.03,658
1376524800,40.75,40.79,40.36,40.43,1433
1376611200,40.37,40.5,40.22,40.3,781
1376870400,40.22,40.38,40.03,40.03,865
1376956800,40.07,40.4,40.04,40.27,796
1377043200,40.22,40.37,39.92,40.05,1178
1377129600,40.11,40.47,40.11,40.4,812
1377216000,40.53,40.59,40.33,40.55,761
1377475200,40.62,40.73,40.4,40.44,1095
1377561600,40.02,40.18,39.73,39.77,1396
1377648000,39.78,40.02,39.68,39.88,616
1377734400,39.8,40.18,39.8,39.99,437
1377820800,40.03,40.07,39.68,39.78,693
1378166400,40.2,40.26,39.78,39.94,735
1378252800,39.98,40.35,39.89,40.29,583
1378339200,40.34,40.45,40.33,40.36,693
1378425600,40.5,40.62,40.09,40.38,749
1378684800,40.51,40.85,40.51,40.83,959
1378771200,41.09,41.16,40.99,41.15,1251
1378857600,41.13,41.25,41.02,41.25,955
1378944000,41.25,41.31,41.1,41.13,407
1379030400,41.14,41.26,41.08,41.24,415
1379289600,41.69,41.77,41.4,41.46,896
1379376000,41.52,41.67,41.52,41.66,756
1379462400,41.62,42.25,41.51,42.13,1263
1379548800,42.33,42.33,42.04,42.09,871
1379635200,42.18,42.18,41.77,41.81,857
1379894400,41.51,41.55,41.26,41.42,1318
1379980800,41.44,41.6,41.26,41.36,528
1380067200,41.36,41.49,41.25,41.31,835
1380153600,41.38,41.56,41.31,41.46,805
1380240000,41.28,41.34,41.16,41.28,837
1380499200,40.91,41.2,40.81,41.07,1038
1380585600,41.1,41.48,41.1,41.43,801
1380672000,41.21,41.42,41.1,41.4,546
1380758400,41.3,41.44,40.83,41.06,1004
1380844800,41.08,41.38,41.02,41.34,645
1381104000,41.0,41.19,40.93,40.98,679
1381190400,40.99,41.0,40.41,40.41,1451
1381276800,40.56,40.57,40.15,40.41,1083
1381363200,40.98,41.3,40.8,41.27,2003
1381449600,41.24,41.62,41.21,41.58,903
1381708800,41.33,41.8,41.3,41.78,954
1381795200,41.71,41.8,41.41,41.47,880
1381881600,41.7,42.05,41.67,42.05,1109
1381968000,41.87,42.36,41.87,42.33,1759
1382054400,42.54,42.66,42.4,42.65,1429
1382313600,42.71,42.74,42.55,42.64,1142
1382400000,42.73,43.0,42.7,42.87,1441
1382486400,42.75,42.75,42.49,42.65,1255
1382572800,42.78,42.86,42.64,42.81,654
1382659200,42.91,42.98,42.8,42.98,796
1382918400,43.0,43.08,42.9,43.01,720
1383004800,43.12,43.22,43.06,43.21,770
1383091200,43.2,43.25,42.83,42.99,854
1383177600,42.85,43.12,42.79,42.87,985
1383264000,42.89,42.98,42.7,42.94,901
1383523200,43.06,43.12,42.94,43.1,765
1383609600,43.01,43.09,42.81,42.99,941
1383696000,43.2,43.26,43.01,43.12,866
1383782400,43.25,43.25,42.49,42.54,1338
1383868800,42.57,43.11,42.54,43.11,926
1384128000,43.15,43.2,43.03,43.15,648
1384214400,43.11,43.14,42.92,43.06,518
1384300800,42.9,43.44,42.87,43.43,700
1384387200,43.51,43.68,43.4,43.65,1190
1384473600,43.77,43.84,43.67,43.84,1156
1384732800,43.95,43.97,43.53,43.63,2450
1384819200,43.65,43.73,43.42,43.49,885
1384905600,43.58,43.71,43.25,43.36,757
1384992000,43.5,43.79,43.48,43.76,700
1385078400,43.82,43.98,43.74,43.96,1281
1385337600,44.08,44.1,43.86,43.92,1608
1385424000,43.97,44.09,43.88,43.98,732
1385510400,44.07,44.11,43.98,44.09,807
1385683200,44.18,44.91,44.03,44.91,1228
1385942400,44.12,44.17,43.88,43.93,793
1386028800,43.75,43.9,43.59,43.76,926
1386115200,43.62,43.91,43.38,43.75,909
1386201600,43.7,43.72,43.55,43.58,753
1386288000,43.96,44.09,43.87,44.05,716
1386547200,44.15,44.21,44.08,44.13,838
1386633600,44.03,44.17,43.97,43.99,737
1386720000,44.0,44.04,43.4,43.45,1146
1386806400,43.46,43.49,43.22,43.32,1278
1386892800,43.47,43.48,43.27,43.37,968
1387152000,43.6,43.78,43.6,43.65,896
1387238400,43.7,43.71,43.43,43.56,1010
1387324800,43.6,44.24,43.26,44.24,1596
1387411200,44.18,44.22,44.0,44.17,1510
1387497600,44.22,44.57,44.22,44.49,1946
1387756800,44.55,44.56,44.44,44.52,1557
1387843200,44.59,44.66,44.56,44.64,639
1388016000,44.77,44.88,44.75,44.84,1071
1388102400,44.97,45.0,44.78,44.81,1118
1388361600,44.88,44.88,44.76,44.82,958
1388448000,44.88,45.04,44.88,45.0,1592
1388620800,44.94,44.94,44.49,44.62,1988
1388707200,44.71,44.77,44.55,44.6,1204
1388966400,44.75,44.77,44.42,44.48,1388
1389052800,44.6,44.83,44.58,44.76,1406
1389139200,44.77,44.83,44.61,44.77,2072
1389225600,44.94,44.94,44.61,44.8,1148
1389312000,44.9,44.95,44.71,44.95,929
1389571200,44.86,44.97,44.29,44.39,1943
1389657600,44.54,44.89,44.43,44.88,967
1389744000,44.99,45.17,44.98,45.09,1783
1389830400,45.02,45.07,44.93,45.07,1087
1389916800,45.03,45.08,44.8,44.87,1625
1390262400,45.17,45.17,44.76,45.03,1052
1390348800,45.11,45.14,44.98,45.11,716
1390435200,44.92,44.92,44.51,44.72,1348
1390521600,44.43,44.43,43.75,43.75,2461
1390780800,43.82,43.88,43.24,43.47,1984
1390867200,43.55,43.81,43.55,43.78,1382
1390953600,43.49,43.65,43.25,43.35,2006
1391040000,43.71,43.98,43.59,43.85,1095
1391126400,43.33,43.86,43.26,43.57,1494
1391385600,43.58,43.63,42.47,42.55,3406
1391472000,42.71,42.95,42.58,42.85,1492
1391558400,42.75,42.87,42.39,42.77,1101
1391644800,42.9,43.33,42.9,43.3,966
1391731200,43.53,43.89,43.4,43.86,998
1391990400,43.88,43.96,43.73,43.93,1066
1392076800,44.03,44.52,43.99,44.4,1722
1392163200,44.52,44.64,44.39,44.47,1922
1392249600,44.24,44.79,44.2,44.75,811
1392336000,44.74,45.03,44.66,44.96,619
1392681600,45.06,45.14,44.9,45.08,1008
1392768000,45.03,45.25,44.74,44.8,1197
1392854400,44.83,45.16,44.71,45.1,603
1392940800,45.2,45.27,45.03,45.06,715
1393200000,45.16,45.61,45.13,45.33,1025
1393286400,45.37,45.49,45.16,45.28,798
1393372800,45.41,45.53,45.22,45.34,927
1393459200,45.33,45.56,45.24,45.56,970
1393545600,45.56,45.88,45.35,45.64,914
1393804800,45.32,45.43,45.02,45.31,2108
1393891200,45.82,46.12,45.8,46.03,1187
1393977600,46.03,46.13,45.99,46.05,873
1394064000,46.19,46.25,46.08,46.13,687
1394150400,46.33,46.34,45.93,46.11,970
1394409600,45.94,46.1,45.83,46.09,633
1394496000,46.14,46.23,45.73,45.83,702
1394582400,45.71,45.88,45.65,45.86,650
1394668800,45.93,45.93,45.21,45.34,1396
1394755200,45.41,45.48,45.21,45.25,778
1395014400,45.68,45.72,45.53,45.63,576
1395100800,45.99,46.07,45.88,46.04,598
1395187200,46.05,46.06,45.48,45.76,954
1395273600,45.9,46.03,45.78,46.01,349
1395360000,46.1,46.27,45.79,45.85,716
1395619200,45.41,45.5,45.15,45.38,1033
1395705600,45.6,45.6,45.29,45.53,555
1395792000,45.6,45.67,45.15,45.15,724
1395878400,45.21,45.23,44.9,45.06,685
1395964800,45.42,45.52,45.14,45.26,832
1396224000,45.55,45.75,45.52,45.71,862
1396310400,45.87,46.07,45.82,46.07,815
1396396800,46.15,46.25,46.05,46.2,847
1396483200,46.25,46.27,45.96,46.1,542
1396569600,46.3,46.34,45.4,45.49,1515
1396828800,45.38,45.43,44.79,44.92,1470
1396915200,44.87,45.2,44.73,45.11,1189
1397001600,45.29,45.65,45.14,45.65,758
1397088000,45.67,45.67,44.59,44.66,1568
1397174400,44.41,44.71,44.16,44.23,1554
1397433600,44.56,44.68,44.17,44.52,1118
1397520000,44.64,44.86,44.12,44.8,1468
1397606400,45.16,45.31,44.93,45.31,896
1397692800,45.27,45.5,45.16,45.4,718
1398038400,45.42,45.56,45.33,45.56,700
1398124800,45.66,45.93,45.6,45.8,719
1398211200,45.78,45.82,45.65,45.7,896
1398297600,45.94,45.94,45.5,45.73,877
1398384000,45.6,45.62,45.21,45.31,1195
1398643200,45.5,45.61,44.89,45.39,811
1398729600,45.5,45.67,45.41,45.61,695
1398816000,45.54,45.8,45.43,45.76,759
1398902400,45.78,45.93,45.61,45.79,552
1398988800,45.8,46.02,45.71,45.76,621
1399248000,45.59,45.87,45.38,45.84,614
1399334400,45.76,45.76,45.4,45.4,1019
1399420800,45.51,45.67,45.17,45.66,741
1399507200,45.62,45.94,45.4,45.56,668
1399593600,45.48,45.65,45.32,45.62,591
1399852800,45.85,46.15,45.84,46.13,788
1399939200,46.19,46.28,46.09,46.12,1116
1400025600,46.11,46.11,45.8,45.88,471
1400112000,45.83,45.83,45.21,45.47,1217
1400198400,45.48,45.65,45.3,45.63,649
1400457600,45.52,45.89,45.52,45.85,601
1400544000,45.8,45.82,45.4,45.53,691
1400630400,45.67,45.91,45.66,45.87,707
1400716800,45.85,46.11,45.83,46.02,398
1400803200,46.09,46.26,46.05,46.23,518
1401148800,46.44,46.56,46.4,46.54,657
1401235200,46.59,46.6,46.41,46.5,597
1401321600,46.63,46.73,46.48,46.73,891
1401408000,46.66,46.8,46.62,46.78,687
1401667200,46.86,46.86,46.57,46.82,650
1401753600,46.71,46.84,46.66,46.81,525
1401840000,46.73,46.96,46.68,46.94,462
1401926400,47.02,47.32,46.81,47.27,608
1402012800,47.4,47.55,47.38,47.52,690
1402272000,47.52,47.73,47.49,47.61,1213
1402358400,47.55,47.58,47.42,47.58,740
1402444800,47.43,47.46,47.3,47.41,823
1402531200,47.34,47.39,46.97,47.07,728
1402617600,47.14,47.28,47.0,47.23,603
1402876800,47.19,47.37,47.09,47.27,1020
1402963200,47.23,47.48,47.18,47.44,467
1403049600,47.46,47.79,47.34,47.78,1233
1403136000,47.84,47.87,47.67,47.84,534
1403222400,47.97,47.97,47.86,47.95,528
1403481600,47.77,47.77,47.64,47.72,761
1403568000,47.64,47.87,47.36,47.4,559
1403654400,47.3,47.67,47.29,47.63,473
1403740800,47.65,47.65,47.28,47.6,1148
1403827200,47.5,47.73,47.49,47.72,751
1404086400,47.72,47.8,47.65,47.72,859
1404172800,47.87,48.21,47.87,48.07,662
1404259200,48.12,48.13,48.02,48.05,560
1404345600,48.23,48.31,48.16,48.3,568
1404691200,48.23,48.23,47.99,48.06,901
1404777600,47.99,48.02,47.57,47.73,1452
1404864000,47.83,47.95,47.72,47.91,682
1404950400,47.46,47.84,47.39,47.72,532
1405036800,47.7,47.78,47.57,47.76,373
1405296000,48.01,48.07,47.96,47.98,503
1405382400,48.07,48.11,47.64,47.86,783
1405468800,48.09,48.11,47.89,48.01,413
1405555200,47.86,48.05,47.38,47.44,875
1405641600,47.58,48.0,47.54,47.94,429
1405900800,47.8,47.9,47.65,47.84,384
1405987200,48.02,48.17,48.0,48.08,546
1406073600,48.18,48.24,48.06,48.19,463
1406160000,48.27,48.31,48.15,48.2,706
1406246400,48.07,48.08,47.86,47.94,774
1406505600,47.97,48.01,47.65,47.94,727
1406592000,48.05,48.1,47.75,47.76,441
1406678400,47.91,47.98,47.6,47.78,428
1406764800,47.48,47.48,46.83,46.83,1171
1406851200,46.72,46.98,46.45,46.68,1046
1407110400,46.76,47.11,46.56,47.04,536
1407196800,46.84,46.97,46.43,46.61,779
1407283200,46.38,46.82,46.36,46.62,461
1407369600,46.79,46.84,46.26,46.39,554
1407456000,46.46,46.9,46.37,46.88,531
1407715200,47.1,47.26,47.03,47.07,475
1407801600,47.0,47.15,46.85,46.98,279
1407888000,47.12,47.34,47.1,47.3,328
1407974400,47.37,47.51,47.33,47.51,388
1408060800,47.72,47.73,47.19,47.5,458
1408320000,47.8,47.96,47.75,47.95,974
1408406400,48.05,48.21,48.03,48.19,647
1408492800,48.11,48.34,48.11,48.28,815
1408579200,48.33,48.47,48.26,48.42,386
1408665600,48.39,48.45,48.24,48.33,436
1408924800,48.59,48.68,48.51,48.58,568
1409011200,48.65,48.77,48.63,48.66,347
1409097600,48.68,48.72,48.56,48.66,388
1409184000,48.49,48.63,48.41,48.59,460
1409270400,48.68,48.76,48.51,48.75,418
1409616000,48.84,48.85,48.59,48.75,569
1409702400,48.94,48.95,48.66,48.71,439
1409788800,48.79,48.96,48.51,48.62,402
1409875200,48.61,48.84,48.44,48.84,394
1410134400,48.8,48.87,48.59,48.74,342
1410220800,48.68,48.69,48.32,48.4,400
1410307200,48.43,48.61,48.25,48.59,349
1410393600,48.39,48.67,48.37,48.65,391
1410480000,48.64,48.64,48.22,48.36,520
1410739200,48.38,48.38,48.13,48.23,449
1410825600,48.16,48.66,48.12,48.59,480
1410912000,48.67,48.87,48.44,48.63,505
1410998400,48.8,48.9,48.74,48.89,408
1411084800,49.03,49.08,48.7,48.8,419
1411344000,48.53,48.53,48.05,48.15,609
1411430400,48.0,48.17,47.84,47.84,590
1411516800,47.87,48.24,47.74,48.2,557
1411603200,48.08,48.09,47.46,47.46,1759
1411689600,47.57,47.94,47.48,47.85,729
1411948800,47.44,47.8,47.39,47.74,916
1412035200,47.81,47.89,47.49,47.55,781
1412121600,47.48,47.5,46.79,46.91,3214
1412208000,46.89,47.08,46.41,46.95,1571
1412294400,47.28,47.53,47.12,47.45,860
1412553600,47.66,47.7,47.21,47.36,1077
1412640000,47.13,47.21,46.63,46.64,1025
1412726400,46.66,47.45,46.38,47.42,1368
1412812800,47.29,47.37,46.44,46.45,1258
1412899200,46.4,46.65,45.84,45.86,2774
1413158400,45.84,46.0,45.09,45.13,2982
1413244800,45.41,45.76,45.09,45.23,1958
1413331200,44.79,45.16,43.95,45.01,6399
1413417600,44.26,45.37,44.14,45.07,1444
1413504000,45.62,45.9,45.38,45.59,1144
1413763200,45.53,46.05,45.52,46.05,1409
1413849600,46.39,46.99,46.34,46.95,1587
1413936000,47.08,47.17,46.57,46.59,1673
1414022400,47.07,47.44,46.96,47.16,1391
1414108800,47.23,47.5,47.07,47.5,926
1414368000,47.28,47.46,47.24,47.41,1037
1414454400,47.65,48.04,47.65,48.0,1314
1414540800,48.03,48.09,47.63,47.97,954
1414627200,47.94,48.37,47.86,48.26,1110
1414713600,48.77,48.83,48.66,48.82,867
1414972800,48.9,49.02,48.72,48.84,1122
1415059200,48.75,48.8,48.42,48.67,809
1415145600,49.05,49.05,48.74,48.92,1088
1415232000,48.96,49.16,48.77,49.15,1061
1415318400,49.15,49.24,49.0,49.18,819
1415577600,49.22,49.35,49.16,49.34,730
1415664000,49.38,49.41,49.25,49.38,633
1415750400,49.21,49.44,49.16,49.39,1411
1415836800,49.46,49.57,49.18,49.37,987
1415923200,49.35,49.44,49.28,49.38,965
1416182400,49.28,49.44,49.24,49.38,811
1416268800,49.42,49.75,49.42,49.64,685
1416355200,49.61,49.65,49.34,49.54,803
1416441600,49.26,49.69,49.26,49.68,608
1416528000,50.17,50.2,49.81,49.94,727
1416787200,50.12,50.14,50.02,50.14,701
1416873600,50.24,50.27,50.01,50.1,755
1416960000,50.17,50.25,50.08,50.24,557
1417132800,50.2,50.25,50.01,50.05,372
1417392000,49.95,49.95,49.58,49.64,927
1417478400,49.69,50.0,49.69,49.94,597
1417564800,50.02,50.25,49.96,50.17,834
1417651200,50.09,50.25,49.9,50.12,933
1417737600,50.19,50.32,50.1,50.22,884
1417996800,50.14,50.26,49.68,49.84,885
1418083200,49.35,49.92,49.22,49.9,1352
1418169600,49.77,49.78,49.02,49.07,1341
1418256000,49.27,49.76,49.18,49.28,699
1418342400,48.95,49.17,48.54,48.54,1452
1418601600,48.82,48.9,48.0,48.18,1741
1418688000,48.0,48.83,47.82,47.84,1929
1418774400,47.97,48.9,47.91,48.83,1521
1418860800,49.6,49.91,49.3,49.91,1446
1418947200,50.04,50.33,49.94,50.18,1261
1419206400,50.03,50.17,49.94,50.17,930
1419292800,50.33,50.41,50.18,50.26,713
1419379200,50.36,50.4,50.29,50.29,567
1419552000,50.36,50.55,50.36,50.45,475
1419811200,50.42,50.6,50.42,50.54,819
1419897600,50.44,50.48,50.26,50.3,983
1419984000,50.35,50.44,49.79,49.8,1012
1420156800,49.99,50.19,49.46,49.76,997
1420416000,49.53,49.54,48.8,48.9,3095
1420502400,49.01,49.09,48.17,48.43,2207
1420588800,48.84,49.06,48.68,49.0,1225
1420675200,49.45,49.91,49.36,49.85,1214
1420761600,49.94,49.94,49.3,49.46,1147
1421020800,49.54,49.58,48.93,49.09,1020
1421107200,49.5,49.8,48.59,48.98,1363
1421193600,48.42,48.76,48.17,48.72,1775
1421280000,48.89,48.98,48.21,48.24,1198
1421366400,48.16,48.9,48.13,48.86,687
1421712000,49.01,49.12,48.49,48.93,908
1421798400,48.83,49.3,48.68,49.16,703
1421884800,49.43,49.95,49.0,49.91,994
1421971200,49.87,49.94,49.66,49.69,860
1422230400,49.61,49.9,49.44,49.88,1070
1422316800,49.32,49.61,49.04,49.31,1762
1422403200,49.64,49.64,48.59,48.66,2647
1422489600,48.71,49.14,48.33,49.06,1120
1422576000,48.74,49.08,48.38,48.43,2005
1422835200,48.62,49.02,48.06,48.99,2655
1422921600,49.27,49.74,49.2,49.72,1601
1423008000,49.51,49.85,49.45,49.55,1881
1423094400,49.78,50.11,49.75,50.08,1332
1423180800,50.2,50.35,49.8,49.92,1771
1423440000,49.79,49.95,49.6,49.71,1851
1423526400,50.02,50.27,49.74,50.21,1105
1423612800,50.17,50.36,49.96,50.23,1543
1423699200,50.43,50.74,50.4,50.73,1098
1423785600,50.78,50.97,50.71,50.97,1784
1424131200,50.92,51.09,50.81,51.03,1124
1424217600,50.95,51.08,50.86,51.05,896
1424304000,50.95,51.14,50.88,51.05,719
1424390400,50.97,51.36,50.75,51.34,1357
1424649600,51.3,51.33,51.16,51.32,967
1424736000,51.36,51.5,51.25,51.46,957
1424822400,51.45,51.59,51.35,51.44,940
1424908800,51.44,51.47,51.23,51.42,865
1424995200,51.34,51.43,51.22,51.22,974
1425254400,51.26,51.55,51.24,51.54,948
1425340800,51.43,51.43,51.12,51.34,1191
1425427200,51.19,51.2,50.88,51.13,991
1425513600,51.24,51.28,51.05,51.19,990
1425600000,50.99,51.07,50.41,50.49,1654
1425859200,50.57,50.77,50.56,50.67,739
1425945600,50.11,50.26,49.9,49.9,1531
1426032000,49.96,50.01,49.8,49.87,1519
1426118400,50.26,50.5,50.21,50.49,866
1426204800,50.2,50.33,49.88,50.33,1028
1426464000,50.63,50.85,50.59,50.82,735
1426550400,50.65,50.82,50.48,50.73,1457
1426636800,50.63,51.5,50.45,51.31,1907
1426723200,51.24,51.24,51.02,51.13,587
1426809600,51.43,51.68,51.43,51.57,1026
1427068800,51.45,51.48,51.27,51.28,527
1427155200,51.26,51.34,50.98,50.99,646
1427241600,50.95,50.96,50.2,50.22,1103
1427328000,49.96,50.35,49.92,50.09,1039
1427414400,50.13,50.29,50.09,50.24,695
1427673600,50.56,50.93,50.56,50.88,1438
1427760000,50.59,50.83,50.44,50.49,1013
1427846400,50.46,50.46,50.01,50.31,1832
1427932800,50.32,50.62,50.29,50.48,770
1428278400,50.26,50.95,50.2,50.8,944
1428364800,50.86,51.01,50.66,50.66,582
1428451200,50.77,50.94,50.63,50.84,728
1428537600,50.83,51.07,50.62,51.02,907
1428624000,51.16,51.28,51.07,51.28,692
1428883200,51.24,51.42,51.07,51.08,906
1428969600,51.04,51.2,50.83,51.14,1345
1429056000,51.34,51.53,51.28,51.41,966
1429142400,51.33,51.52,51.24,51.39,970
1429228800,51.01,51.09,50.57,50.78,1922
1429488000,51.09,51.3,51.06,51.21,946
1429574400,51.38,51.45,51.11,51.17,1142
1429660800,51.24,51.45,51.0,51.4,929
1429747200,51.32,51.73,51.31,51.57,997
1429833600,51.64,51.7,51.53,51.63,652
1430092800,51.75,51.84,51.31,51.38,961
1430179200,51.37,51.54,51.0,51.5,685
1430265600,51.28,51.45,51.06,51.3,978
1430352000,51.09,51.22,50.54,50.74,1480
1430438400,50.96,51.24,50.9,51.23,1023
1430697600,51.37,51.56,51.35,51.39,700
1430784000,51.33,51.39,50.72,50.78,834
1430870400,50.96,51.02,50.3,50.61,1149
1430956800,50.54,50.93,50.48,50.82,821
1431043200,51.27,51.5,51.25,51.42,808
1431302400,51.43,51.51,51.2,51.24,512
1431388800,51.0,51.22,50.73,51.09,858
1431475200,51.2,51.37,51.03,51.09,484
1431561600,51.34,51.63,51.29,51.6,676
1431648000,51.65,51.68,51.51,51.66,713
1431907200,51.64,51.94,51.61,51.87,593
1431993600,51.92,51.97,51.76,51.85,516
1432080000,51.91,52.03,51.72,51.83,680
1432166400,51.77,52.01,51.75,51.94,443
1432252800,51.88,51.96,51.81,51.84,596
1432598400,51.72,51.73,51.19,51.32,1267
1432684800,51.45,51.83,51.33,51.77,826
1432771200,51.71,51.74,51.52,51.71,769
1432857600,51.66,51.66,51.32,51.41,729
1433116800,51.55,51.68,51.27,51.51,1051
1433203200,51.39,51.67,51.22,51.49,662
1433289600,51.7,51.81,51.48,51.64,805
1433376000,51.48,51.6,51.12,51.2,1089
1433462400,51.21,51.32,50.93,51.19,1091
1433721600,51.17,51.19,50.85,50.87,1117
1433808000,50.89,50.98,50.65,50.84,951
1433894400,51.03,51.53,51.03,51.44,1182
1433980800,51.59,51.7,51.5,51.59,735
1434067200,51.4,51.41,51.17,51.26,774
1434326400,50.99,51.11,50.71,51.03,1143
1434412800,50.96,51.34,50.95,51.31,543
1434499200,51.45,51.54,51.15,51.39,547
1434585600,51.48,52.04,51.48,51.91,1087
1434672000,51.83,51.88,51.65,51.65,808
1434931200,51.74,51.86,51.64,51.71,769
1435017600,51.77,51.81,51.63,51.75,528
1435104000,51.65,51.73,51.36,51.37,753
1435190400,51.53,51.53,51.16,51.21,729
1435276800,51.29,51.36,51.03,51.2,1444
1435536000,50.78,50.94,50.1,50.13,4489
1435622400,50.59,50.63,50.09,50.23,2827
1435708800,50.73,50.73,50.38,50.57,1468
1435795200,50.69,50.75,50.4,50.53,1040
1436140800,50.1,50.6,50.07,50.36,1239
1436227200,50.42,50.69,49.73,50.66,1681
1436313600,50.29,50.36,49.74,49.82,2085
1436400000,50.45,50.48,49.91,49.91,1289
1436486400,50.89,50.89,50.29,50.53,964
1436745600,50.85,51.12,50.85,51.09,1164
1436832000,51.09,51.39,51.08,51.33,1039
1436918400,51.34,51.43,51.13,51.25,1081
1437004800,51.58,51.63,51.47,51.63,782
1437091200,51.67,51.67,51.49,51.62,703
1437350400,51.7,51.74,51.54,51.63,692
1437436800,51.58,51.65,51.33,51.42,858
1437523200,51.21,51.42,51.21,51.33,997
1437609600,51.41,51.42,50.94,51.03,820
1437696000,51.1,51.1,50.43,50.5,1088
1437955200,50.28,50.36,50.06,50.16,1594
1438041600,50.43,50.81,50.15,50.75,1124
1438128000,50.82,51.17,50.75,51.13,1323
1438214400,51.01,51.21,50.81,51.19,984
1438300800,51.29,51.34,51.05,51.11,540
1438560000,51.16,51.16,50.67,50.94,1250
1438646400,50.96,51.06,50.72,50.83,1063
1438732800,51.1,51.35,50.95,51.02,1084
1438819200,51.05,51.11,50.38,50.62,1320
1438905600,50.55,50.57,50.2,50.45,1785
1439164800,50.76,51.12,50.76,51.08,818
1439251200,50.74,50.83,50.44,50.65,1678
1439337600,50.27,50.74,49.84,50.67,2473
1439424000,50.68,50.83,50.47,50.63,864
1439510400,50.59,50.85,50.51,50.82,688
1439769600,50.68,51.14,50.53,51.13,1302
1439856000,51.05,51.13,50.91,50.99,850
1439942400,50.77,50.94,50.31,50.57,1539
1440028800,50.2,50.25,49.46,49.47,4306
1440115200,49.0,49.21,48.0,48.02,6440
1440374400,45.08,47.57,39.5,46.16,8373
1440460800,47.64,47.68,45.51,45.54,3623
1440547200,46.73,47.23,45.74,47.17,4396
1440633600,47.79,48.38,46.49,48.32,4502
1440720000,48.19,48.51,46.7,48.39,1631
1440979200,48.16,48.37,47.88,48.01,3027
1441065600,46.94,47.34,46.39,46.6,2501
1441152000,47.29,47.44,46.75,47.44,1761
1441238400,47.59,48.08,47.37,47.52,1435
1441324800,46.93,47.14,46.61,46.85,1830
1441670400,47.63,48.02,47.46,47.99,2721
1441756800,48.46,48.49,47.29,47.37,1593
1441843200,47.3,47.92,47.27,47.6,1316
1441929600,47.44,47.82,47.28,47.82,1362
1442188800,47.84,47.88,46.94,47.64,1756
1442275200,47.8,48.34,47.67,48.23,980
1442361600,48.33,48.7,48.22,48.63,1089
1442448000,48.62,49.3,48.48,48.59,2006
1442534400,47.97,48.32,47.71,47.81,1907
1442793600,47.84,48.12,47.5,47.75,2397
1442880000,47.2,47.3,46.82,47.13,2715
1442966400,47.2,47.3,46.88,47.04,915
1443052800,46.68,46.96,46.32,46.85,3404
1443139200,47.3,47.31,46.56,46.77,1365
1443398400,46.56,46.56,45.48,45.55,7297
1443484800,45.63,45.96,45.28,45.54,3235
1443571200,46.08,46.42,45.85,46.38,2441
1443657600,46.5,46.54,45.92,46.45,1836
1443744000,45.92,47.14,45.76,47.14,1677
1444003200,47.49,48.07,47.49,48.02,1973
1444089600,48.02,48.13,47.63,47.84,1672
1444176000,48.1,48.31,47.77,48.25,871
1444262400,48.15,48.78,48.1,48.68,1181
1444348800,48.74,48.86,48.57,48.76,1160
1444608000,48.76,48.83,48.61,48.78,679
1444694400,48.52,48.92,48.38,48.42,1028
1444780800,48.42,48.59,48.1,48.2,1021
1444867200,48.32,48.91,48.22,48.91,1129
1444953600,49.0,49.1,48.79,49.09,680
1445212800,48.91,49.16,48.85,49.13,866
1445299200,49.04,49.26,48.94,49.06,1389
1445385600,49.21,49.24,48.67,48.71,1327
1445472000,48.93,49.52,48.9,49.43,1192
1445558400,49.9,50.04,49.67,49.94,1400
1445817600,49.83,49.94,49.78,49.84,636
1445904000,49.59,49.78,49.48,49.66,726
1445990400,49.91,50.33,49.64,50.32,1285
1446076800,50.21,50.34,50.14,50.26,845
1446163200,50.19,50.4,50.03,50.03,1001
1446422400,50.2,50.75,50.12,50.68,1461
1446508800,50.64,51.0,50.54,50.84,1407
1446595200,50.95,50.98,50.55,50.7,945
1446681600,50.72,50.82,50.38,50.66,953
1446768000,50.54,50.7,50.25,50.66,1372
1447027200,50.5,50.51,49.91,50.17,1637
1447113600,50.03,50.29,49.95,50.27,1350
1447200000,50.38,50.38,50.06,50.06,687
1447286400,49.8,49.89,49.34,49.35,1428
1447372800,49.19,49.28,48.8,48.83,1806
1447632000,48.74,49.51,48.74,49.5,1332
1447718400,49.63,49.85,49.34,49.44,936
1447804800,49.62,50.28,48.88,50.24,1103
1447891200,50.22,50.32,50.11,50.18,916
1447977600,50.41,50.56,50.28,50.37,896
1448236800,50.36,50.56,50.23,50.37,1043
1448323200,50.06,50.57,49.97,50.45,1035
1448409600,50.49,50.58,50.39,50.5,977
1448582400,50.53,50.62,50.37,50.54,336
1448841600,50.63,50.64,50.34,50.35,1274
1448928000,50.5,50.85,50.46,50.81,1407
1449014400,50.87,50.88,50.22,50.31,2511
1449100800,50.41,50.43,49.37,49.56,2682
1449187200,49.63,50.53,49.63,50.45,1817
1449446400,50.36,50.38,49.85,50.07,1783
1449532800,49.63,50.0,49.48,49.79,1737
1449619200,49.6,50.15,49.11,49.37,2144
1449705600,49.4,49.83,49.3,49.48,1215
1449792000,48.95,49.06,48.43,48.54,3159
1450051200,48.53,48.73,48.03,48.67,2404
1450137600,49.12,49.41,49.07,49.19,1778
1450224000,49.49,49.99,49.2,49.9,2039
1450310400,50.0,50.03,49.2,49.21,2582
1450396800,49.0,49.0,48.37,48.37,3143
1450656000,48.43,48.53,48.1,48.46,1868
1450742400,48.71,49.0,48.45,48.9,1408
1450828800,49.21,49.54,49.17,49.53,1517
1450915200,49.48,49.63,49.39,49.46,699
1451260800,49.31,49.34,49.03,49.34,1362
1451347200,49.63,49.94,49.63,49.86,1944
1451433600,49.79,50.22,49.46,49.51,1665
1451520000,49.34,49.51,49.03,49.03,2254
1451865600,48.21,48.31,47.75,48.31,4558
1451952000,48.4,48.5,48.08,48.35,2553
1452038400,47.71,48.04,47.47,47.74,2918
1452124800,46.98,47.38,46.49,46.58,4874
1452211200,46.97,46.99,45.96,46.05,3906
1452470400,46.31,46.38,45.51,46.02,5911
1452556800,46.44,46.6,45.75,46.34,3395
1452643200,46.56,46.6,45.03,45.15,4106
1452729600,45.3,46.17,44.81,45.84,4594
1452816000,44.66,45.08,44.31,44.9,6519
1453161600,45.36,45.41,44.43,44.83,4084
1453248000,44.17,44.79,43.15,44.4,6397
1453334400,44.53,45.1,44.13,44.58,2266
1453420800,45.28,45.55,45.1,45.5,2021
1453680000,45.37,45.42,44.73,44.78,2500
1453766400,44.95,45.5,44.88,45.45,1654
1453852800,45.3,45.75,44.69,44.95,2146
1453939200,45.36,45.4,44.68,45.11,1712
1454025600,45.31,46.24,45.28,46.22,2728
1454284800,45.99,46.45,45.79,46.25,1762
1454371200,45.85,45.85,45.23,45.37,2505
1454457600,45.64,45.72,44.62,45.59,3063
1454544000,45.49,46.03,45.38,45.7,1914
1454630400,45.55,45.63,44.65,44.79,2338
1454889600,44.29,44.39,43.48,44.1,6204
1454976000,43.61,44.39,43.61,44.0,2403
1455062400,44.29,44.77,44.02,44.03,2782
1455148800,43.42,43.75,43.06,43.5,4945
1455235200,43.93,44.38,43.74,44.35,2100
1455580800,44.86,45.17,44.63,45.15,3006
1455667200,45.5,46.03,45.48,45.91,2148
1455753600,46.04,46.04,45.66,45.73,2450
1455840000,45.54,45.79,45.35,45.74,1306
1456099200,46.15,46.45,46.15,46.4,1790
1456185600,46.25,46.3,45.83,45.85,1521
1456272000,45.46,46.14,45.13,46.09,1858
1456358400,46.21,46.62,46.0,46.62,2155
1456444800,46.88,46.9,46.53,46.58,1612
1456704000,46.59,46.87,46.25,46.25,1608
1456790400,46.6,47.34,46.5,47.34,1515
1456876800,47.26,47.6,47.15,47.6,3787
1456963200,47.56,47.84,47.43,47.83,2322
1457049600,47.88,48.23,47.68,47.99,2783
1457308800,47.77,48.21,47.73,48.08,2789
1457395200,47.81,47.87,47.45,47.5,2532
1457481600,47.71,47.8,47.49,47.72,2181
1457568000,47.86,48.09,47.21,47.7,4567
1457654400,48.11,48.53,48.1,48.51,1381
1457913600,48.36,48.58,48.33,48.39,3099
1458000000,48.21,48.3,48.1,48.27,1586
1458086400,48.31,48.69,48.17,48.58,1551
1458172800,48.58,49.08,48.58,48.95,2420
1458259200,49.13,49.26,49.03,49.18,1180
1458518400,48.85,49.04,48.79,48.98,1057
1458604800,48.93,49.13,48.87,48.87,942
1458691200,48.78,48.85,48.54,48.57,824
1458777600,48.25,48.56,48.25,48.56,1127
1459123200,48.67,48.73,48.45,48.6,943
1459209600,48.51,49.15,48.39,49.14,1835
1459296000,49.36,49.54,49.23,49.3,1218
1459382400,49.31,49.46,49.21,49.28,994
1459468800,49.02,49.61,48.87,49.58,1109
1459728000,49.58,49.6,49.31,49.37,922
1459814400,49.04,49.34,48.82,48.89,1410
1459900800,48.9,49.44,48.84,49.41,1129
1459987200,49.16,49.21,48.63,48.83,1124
1460073600,49.14,49.29,48.83,48.97,724
1460332800,49.15,49.37,48.84,48.85,1231
1460419200,48.88,49.38,48.75,49.29,1736
1460505600,49.53,49.89,49.53,49.87,1327
1460592000,49.88,50.0,49.77,49.88,667
1460678400,49.85,49.89,49.75,49.84,1011
1460937600,49.65,50.17,49.61,50.16,1170
1461024000,50.26,50.46,50.09,50.3,1144
1461110400,50.33,50.57,50.19,50.36,1847
1461196800,50.41,50.42,50.03,50.11,985
1461283200,50.03,50.22,49.91,50.16,3516
1461542400,50.02,50.06,49.82,50.04,876
1461628800,50.18,50.27,50.0,50.18,852
1461715200,50.06,50.4,49.98,50.3,1018
1461801600,50.11,50.39,49.73,49.83,1079
1461888000,49.66,49.76,49.23,49.56,1181
1462147200,49.66,49.98,49.55,49.94,1074
1462233600,49.64,49.64,49.25,49.47,1044
1462320000,49.23,49.4,49.02,49.17,959
1462406400,49.27,49.4,49.02,49.13,955
1462492800,48.96,49.32,48.87,49.3,1803
1462752000,49.31,49.49,49.24,49.38,882
1462838400,49.55,49.97,49.55,49.97,1146
1462924800,49.87,49.95,49.5,49.51,735
1463011200,49.74,49.74,49.21,49.45,1028
1463097600,49.42,49.55,48.97,49.06,1097
1463356800,49.14,49.68,49.13,49.54,996
1463443200,49.51,49.53,48.95,49.09,1000
1463529600,49.0,49.43,48.8,49.1,1087
1463616000,48.94,49.02,48.58,48.91,1887
1463702400,49.12,49.4,49.11,49.3,1315
1463961600,49.3,49.38,49.17,49.2,2426
1464048000,49.43,49.97,49.43,49.89,1343
1464134400,50.03,50.34,50.02,50.23,1355
1464220800,50.23,50.33,50.14,50.24,2560
1464307200,50.23,50.46,50.23,50.46,1014
1464652800,50.58,50.6,50.25,50.45,1600
1464739200,50.28,50.59,50.18,50.54,1136
1464825600,50.44,50.72,50.31,50.72,1325
1464912000,50.59,50.66,50.24,50.58,1192
1465171200,50.67,50.96,50.64,50.86,1370
1465257600,50.94,51.1,50.9,50.95,964
1465344000,51.01,51.17,50.96,51.13,757
1465430400,50.9,51.07,50.83,51.03,745
1465516800,50.61,50.71,50.36,50.51,1216
1465776000,50.31,50.57,50.06,50.1,848
1465862400,50.0,50.14,49.7,49.98,1624
1465948800,50.09,50.29,49.89,49.93,1011
1466035200,49.66,50.09,49.38,50.06,1486
1466121600,50.06,50.06,49.73,49.9,775
1466380800,50.21,50.41,49.98,50.0,1147
1466467200,50.13,50.22,49.96,50.11,1092
1466553600,50.17,50.36,49.99,50.01,1239
1466640000,50.43,50.71,50.32,50.71,1229
1466726400,48.95,49.74,48.75,48.87,6242
1466985600,48.51,48.51,47.67,47.89,7385
1467072000,48.32,48.75,48.2,48.75,3482
1467158400,49.16,49.67,49.03,49.6,2185
1467244800,49.77,50.31,49.58,50.31,1840
1467331200,50.25,50.56,48.9,50.43,1638
1467676800,50.2,50.3,49.84,50.03,5609
1467763200,49.88,50.35,49.71,50.32,1381
1467849600,50.37,50.59,50.11,50.31,1026
1467936000,50.66,51.16,50.64,51.1,1441
1468195200,51.25,51.46,51.2,51.33,2505
1468281600,51.55,51.82,51.53,51.72,1572
1468368000,51.71,51.84,51.56,51.7,1742
1468454400,52.0,52.2,51.85,51.94,1939
1468540800,52.11,52.11,51.78,51.91,1048
1468800000,51.97,52.07,51.86,52.03,623
1468886400,51.94,51.98,51.83,51.93,1876
1468972800,52.08,52.26,51.96,52.2,909
1469059200,52.17,52.25,51.88,52.01,1772
1469145600,52.04,52.28,51.96,52.26,846
1469404800,52.22,52.22,51.98,52.12,1067
1469491200,52.1,52.26,51.94,52.18,1100
1469577600,52.3,52.3,51.92,52.11,777
1469664000,52.09,52.28,51.94,52.21,803
1469750400,52.13,52.39,51.73,52.29,614
1470009600,52.27,52.42,52.11,52.22,687
1470096000,52.19,52.21,51.63,51.83,1006
1470182400,51.79,52.05,51.75,52.05,438
1470268800,52.04,52.19,51.97,52.09,909
1470355200,52.25,52.54,52.25,52.52,796
1470614400,52.58,52.63,52.43,52.5,701
1470700800,52.54,52.66,49.43,52.51,767
1470787200,52.56,52.57,52.28,52.38,738
1470873600,52.5,52.68,52.43,52.6,593
1470960000,52.57,52.64,52.46,52.56,513
1471219200,52.7,52.87,52.66,52.78,766
1471305600,52.66,52.67,52.47,52.48,516
1471392000,52.46,52.56,52.21,52.54,702
1471478400,52.52,52.7,52.52,52.7,548
1471564800,52.58,52.66,52.44,52.63,521
1471824000,52.59,52.68,52.45,52.64,676
1471910400,52.79,52.92,52.76,52.76,694
1471996800,52.74,52.77,52.37,52.48,751
1472083200,52.4,52.59,52.35,52.44,963
1472169600,52.56,52.81,52.12,52.35,1753
1472428800,52.39,52.71,52.38,52.62,605
1472515200,52.58,52.69,52.4,52.54,636
1472601600,52.48,52.5,52.19,52.42,1391
1472688000,52.43,52.51,52.08,52.42,785
1472774400,52.61,52.8,52.54,52.7,2155
1473120000,52.77,52.84,52.56,52.84,704
1473206400,52.82,52.9,52.7,52.89,449
1473292800,52.78,52.87,52.69,52.77,734
1473379200,52.44,52.44,51.46,51.47,1978
1473638400,51.2,52.79,51.17,52.17,2827
1473724800,51.84,51.86,51.22,51.41,2274
1473811200,51.43,51.74,51.23,51.37,1718
1473897600,51.36,51.98,51.29,51.89,993
1473984000,51.75,51.76,51.51,51.7,861
1474243200,51.76,51.93,51.47,51.57,2879
1474329600,51.78,51.84,51.55,51.58,791
1474416000,51.75,52.2,51.56,52.14,1008
1474502400,52.4,52.6,52.4,52.54,754
1474588800,52.42,52.47,52.23,52.26,798
1474848000,52.03,52.07,51.79,51.82,1728
1474934400,51.79,52.14,51.69,52.1,1404
1475020800,52.16,52.44,51.92,52.4,918
1475107200,52.34,52.44,51.77,51.92,1253
1475193600,52.12,52.49,52.05,52.31,1430
1475452800,52.21,52.25,52.0,52.14,1384
1475539200,52.24,52.27,51.74,51.91,1532
1475625600,52.07,52.26,52.07,52.15,775
1475712000,52.08,52.19,51.89,52.14,699
1475798400,52.18,52.24,51.73,51.95,1042
1476057600,52.19,52.37,52.19,52.22,716
1476144000,52.12,52.16,51.36,51.56,1687
1476230400,51.59,51.75,51.44,51.59,1232
1476316800,51.31,51.56,50.99,51.43,1982
1476403200,51.69,51.83,51.4,51.4,1191
1476662400,51.41,51.47,51.2,51.24,2011
1476748800,51.66,51.72,51.46,51.59,887
1476835200,51.67,51.81,51.52,51.72,1069
1476921600,51.66,51.79,51.43,51.63,1125
1477008000,51.44,51.66,51.34,51.62,888
1477267200,51.87,51.97,51.78,51.87,520
1477353600,51.84,51.88,51.61,51.65,778
1477440000,51.43,51.69,51.37,51.52,916
1477526400,51.68,51.68,51.27,51.3,3731
1477612800,51.3,51.51,50.99,51.15,4674
1477872000,51.26,51.33,51.14,51.2,966
1477958400,51.1,51.14,50.5,50.83,1682
1478044800,50.7,50.74,50.37,50.46,1532
1478131200,50.56,50.58,50.18,50.24,1240
1478217600,50.33,50.55,50.2,50.23,868
1478476800,50.91,51.33,50.9,51.32,1954
1478563200,51.22,51.71,51.12,51.5,1334
1478649600,51.0,52.34,50.88,52.17,2928
1478736000,52.5,52.7,51.94,52.32,2340
1478822400,52.12,52.42,52.04,52.37,2676
1479081600,52.55,52.66,52.28,52.52,1494
1479168000,52.58,52.92,52.54,52.9,2419
1479254400,52.75,52.9,52.7,52.82,950
1479340800,52.82,53.14,52.82,53.09,884
1479427200,53.11,53.21,52.97,53.01,1134
1479686400,53.16,53.4,53.15,53.39,2216
1479772800,53.46,53.59,53.32,53.56,1328
1479859200,53.47,53.63,53.35,53.63,2027
1480032000,53.71,53.82,53.67,53.81,1094
1480291200,53.75,53.78,53.49,53.53,1260
1480377600,53.48,53.75,53.43,53.59,1113
1480464000,53.79,53.85,53.48,53.48,2007
1480550400,53.6,53.6,53.13,53.24,2005
1480636800,53.24,53.42,53.18,53.27,1337
1480896000,53.5,53.74,53.48,53.65,1489
1480982400,53.72,53.92,53.59,53.9,1854
1481068800,53.9,54.6,53.82,54.55,1870
1481155200,54.55,54.91,54.52,54.78,1914
1481241600,54.9,55.06,54.84,55.03,1691
1481500800,55.04,55.15,54.8,54.89,2068
1481587200,55.04,55.37,55.04,55.25,2052
1481673600,55.17,55.33,54.65,54.76,2030
1481760000,54.79,55.24,54.75,54.97,2360
1481846400,55.11,55.15,54.79,54.88,1032
1482105600,54.63,54.78,54.55,54.68,1805
1482192000,54.79,54.95,54.79,54.9,2163
1482278400,54.89,54.94,54.76,54.76,1605
1482364800,54.68,54.68,54.48,54.61,1128
1482451200,54.64,54.7,54.58,54.69,845
1482796800,54.8,54.97,54.77,54.83,1659
1482883200,54.95,54.95,54.35,54.39,1188
1482969600,54.46,54.52,54.24,54.39,1678
1483056000,54.45,54.45,54.01,54.17,1687
1483401600,54.58,54.76,54.27,54.56,2281
1483488000,54.81,55.05,54.77,55.0,1637
1483574400,54.93,55.0,54.7,54.91,1709
1483660800,54.95,55.21,54.79,55.09,1404
1483920000,55.09,55.1,54.87,54.87,1228
1484006400,54.9,55.14,54.8,54.92,1580
1484092800,54.94,55.08,54.73,55.08,1569
1484179200,54.96,54.97,54.53,54.94,1728
1484265600,55.0,55.18,55.0,55.06,1962
1484611200,54.88,55.01,54.74,54.84,1184
1484697600,54.9,54.99,54.75,54.97,1693
1484784000,55.06,55.07,54.63,54.77,1155
1484870400,54.97,55.1,54.8,54.96,1443
1485129600,54.85,54.96,54.61,54.82,873
1485216000,54.88,55.34,54.88,55.23,1333
1485302400,55.55,55.73,55.49,55.69,1753
1485388800,55.77,55.77,55.59,55.63,1080
1485475200,55.7,55.72,55.48,55.55,850
1485734400,55.38,55.38,54.84,55.19,1293
1485820800,55.03,55.21,54.88,55.18,937
1485907200,55.4,55.51,55.05,55.21,791
1485993600,55.22,55.33,55.02,55.24,569
1486080000,55.47,55.71,55.43,55.67,684
1486339200,55.58,55.68,55.45,55.53,852
1486425600,55.64,55.72,55.45,55.52,745
1486512000,55.42,55.61,55.32,55.57,735
1486598400,55.65,56.04,55.65,55.95,1048
1486684800,56.06,56.27,56.05,56.19,972
1486944000,56.41,56.56,56.31,56.46,1093
1487030400,56.44,56.71,56.34,56.69,1317
1487116800,56.67,57.04,56.61,56.97,1025
1487203200,57.0,57.07,56.7,56.91,1211
1487289600,56.72,56.99,56.69,56.99,762
1487635200,57.15,57.4,57.1,57.37,1062
1487721600,57.36,57.37,57.21,57.28,879
1487808000,57.4,57.49,57.05,57.23,2128
1487894400,57.0,57.32,56.99,57.32,935
1488153600,57.32,57.53,57.22,57.47,952
1488240000,57.39,57.4,57.15,57.23,1123
1488326400,57.75,58.17,57.73,58.04,1888
1488412800,57.99,57.99,57.63,57.67,2792
1488499200,57.67,57.74,57.51,57.69,2144
1488758400,57.51,57.57,57.31,57.49,1718
1488844800,57.41,57.48,57.23,57.29,914
1488931200,57.32,57.43,57.1,57.13,1063
1489017600,57.15,57.3,56.9,57.13,1507
1489104000,57.43,57.45,57.1,57.34,1153
1489363200,57.39,57.43,57.29,57.41,830
1489449600,57.02,57.23,56.99,57.21,1038
1489536000,57.43,57.85,57.37,57.71,803
1489622400,57.71,57.74,57.55,57.66,1035
1489708800,57.66,57.77,57.57,57.61,1149
1489968000,57.37,57.39,57.14,57.25,539
1490054400,57.01,57.07,56.38,57.0,2544
1490140800,56.3,56.62,56.25,56.47,2112
1490227200,56.59,56.84,56.43,56.52,1020
1490313600,56.7,56.77,56.3,56.5,1326
1490572800,55.88,56.52,55.87,56.43,2402
1490659200,56.4,56.96,56.35,56.85,1735
1490745600,56.8,57.0,56.72,56.95,1005
1490832000,56.93,57.19,56.91,57.15,839
1490918400,57.07,57.24,57.03,57.06,842
1491177600,57.12,57.14,56.58,56.92,1597
1491264000,56.81,56.94,56.72,56.92,1063
1491350400,57.09,57.36,56.64,56.71,1840
1491436800,56.75,57.02,56.61,56.89,871
1491523200,56.84,57.01,56.71,56.86,941
1491782400,56.9,57.13,56.75,56.9,975
1491868800,56.82,56.9,56.45,56.89,1121
1491955200,56.84,56.87,56.54,56.61,978
1492041600,56.5,56.69,56.22,56.22,978
1492387200,56.36,56.72,56.29,56.72,914
1492473600,56.51,56.69,56.37,56.61,1091
1492560000,56.78,56.85,56.46,56.53,934
1492646400,56.74,57.09,56.61,56.99,1146
1492732800,56.98,56.99,56.72,56.82,743
1492992000,57.35,57.5,57.31,57.43,871
1493078400,57.66,57.9,57.62,57.79,976
1493164800,57.81,58.05,57.78,57.81,902
1493251200,57.91,57.93,57.7,57.85,717
1493337600,57.87,57.87,57.63,57.63,896
1493596800,57.8,57.91,57.65,57.79,705
1493683200,57.89,57.9,57.69,57.78,670
1493769600,57.65,57.72,57.5,57.66,761
1493856000,57.73,57.75,57.44,57.7,643
1493942400,57.8,57.96,57.69,57.96,685
1494201600,57.97,58.02,57.79,57.9,825
1494288000,57.98,58.04,57.77,57.88,973
1494374400,57.8,58.0,57.8,58.0,559
1494460800,57.87,57.9,57.53,57.85,620
1494547200,57.76,57.78,57.65,57.74,457
1494806400,57.87,58.11,57.87,58.05,740
1494892800,58.13,58.13,57.87,58.02,817
1494979200,57.55,57.63,56.93,56.96,2042
1495065600,56.83,57.38,56.83,57.17,1808
1495152000,57.34,57.74,57.3,57.53,731
1495411200,57.7,57.9,57.65,57.85,560
1495497600,57.98,58.03,57.84,57.96,606
1495584000,58.04,58.14,57.95,58.11,477
1495670400,58.29,58.43,58.2,58.34,606
1495756800,58.3,58.38,58.27,58.36,668
1496102400,58.31,58.34,58.18,58.25,603
1496188800,58.36,58.37,57.99,58.26,1291
1496275200,58.39,58.76,58.3,58.76,883
1496361600,58.8,59.06,58.73,58.96,512
1496620800,58.95,59.02,58.88,58.91,562
1496707200,58.75,58.91,58.67,58.74,634
1496793600,58.85,58.89,58.63,58.81,406
1496880000,58.86,59.02,58.75,58.93,536
1496966400,58.98,59.25,58.52,58.88,775
1497225600,58.78,58.88,58.61,58.84,706
1497312000,58.98,59.17,58.9,59.14,1847
1497398400,59.19,59.19,58.82,59.05,608
1497484800,58.66,58.93,58.59,58.89,656
1497571200,58.9,58.91,58.65,58.91,799
1497830400,58.89,59.13,58.86,59.11,512
1497916800,59.03,59.03,58.69,58.71,820
1498003200,58.8,58.86,58.56,58.68,1235
1498089600,58.67,58.81,58.59,58.67,644
1498176000,58.69,58.85,58.58,58.8,679
1498435200,58.97,59.1,58.73,58.83,1802
1498521600,58.82,58.87,58.36,58.36,824
1498608000,58.61,58.96,58.57,58.9,506
1498694400,58.98,58.98,58.06,58.43,1361
1498780800,58.65,58.72,58.44,58.5,882
1499040000,58.78,58.9,58.66,58.66,340
1499212800,58.74,58.77,58.48,58.72,595
1499299200,58.5,58.54,58.11,58.18,1378
1499385600,58.35,58.59,58.26,58.56,671
1499644800,58.5,58.69,58.44,58.59,722
1499731200,58.57,58.65,58.26,58.58,559
1499817600,58.87,59.05,58.86,59.0,577
1499904000,59.01,59.14,58.93,59.11,775
1499990400,59.13,59.47,59.08,59.37,1060
1500249600,59.35,59.48,59.31,59.39,522
1500336000,59.3,59.41,59.15,59.4,631
1500422400,59.55,59.76,59.47,59.74,780
1500508800,59.86,59.86,59.64,59.77,802
1500595200,59.74,59.74,59.56,59.7,632
1500854400,59.7,59.75,59.57,59.71,585
1500940800,59.98,59.98,59.81,59.91,651
1501027200,59.98,59.98,59.8,59.86,537
1501113600,59.96,59.98,59.41,59.76,651
1501200000,59.7,59.71,59.53,59.67,542
1501459200,59.82,59.82,59.56,59.64,572
1501545600,59.79,59.83,59.63,59.76,875
1501632000,59.8,59.82,59.46,59.73,827
1501718400,59.73,59.74,59.53,59.59,649
1501804800,59.7,59.77,59.6,59.72,521
1502064000,59.78,59.83,59.68,59.82,756
1502150400,59.76,60.09,59.57,59.69,790
1502236800,59.5,59.61,59.37,59.61,1098
1502323200,59.35,59.39,58.73,58.75,2103
1502409600,58.77,58.97,58.73,58.83,1530
1502668800,59.33,59.5,59.18,59.43,1723
1502755200,59.5,59.51,59.34,59.4,692
1502841600,59.54,59.65,59.38,59.48,1061
1502928000,59.31,59.42,58.58,58.59,1620
1503014400,58.5,58.78,58.32,58.45,1973
1503273600,58.45,58.57,58.24,58.51,1729
1503360000,58.67,59.15,58.67,59.09,1087
1503446400,58.85,59.05,58.81,58.91,1031
1503532800,59.05,59.09,58.78,58.83,874
1503619200,58.97,59.18,58.92,58.95,504
1503878400,59.06,59.09,58.85,58.96,681
1503964800,58.6,59.09,58.58,59.02,514
1504051200,59.04,59.39,58.98,59.3,558
1504137600,59.5,59.79,59.5,59.72,675
1504224000,59.78,59.95,59.78,59.86,826
1504569600,59.69,59.77,59.14,59.41,1147
1504656000,59.55,59.67,59.41,59.57,593
1504742400,59.63,59.63,59.42,59.54,617
1504828800,59.41,59.6,59.4,59.47,522
1505088000,59.81,60.14,59.81,60.11,975
1505174400,60.21,60.35,60.2,60.34,537
1505260800,60.27,60.39,60.27,60.39,462
1505347200,60.32,60.42,60.25,60.35,660
1505433600,60.34,60.48,60.3,60.47,523
1505692800,60.34,60.44,60.26,60.36,647
1505779200,60.44,60.44,60.34,60.42,602
1505865600,60.45,60.49,60.22,60.47,578
1505952000,60.46,60.48,60.27,60.31,643
1506038400,60.07,60.39,60.07,60.36,925
1506297600,60.3,60.41,60.06,60.26,1055
1506384000,60.35,60.42,60.24,60.28,729
1506470400,60.48,60.71,60.28,60.59,677
1506556800,60.57,60.71,60.49,60.7,567
1506643200,60.7,60.91,60.67,60.9,563
1506902400,60.95,61.19,60.92,61.18,638
1506988800,61.26,61.34,61.17,61.34,418
1507075200,61.31,61.47,61.26,61.39,666
1507161600,61.48,61.74,61.46,61.72,706
1507248000,61.69,61.71,61.54,61.67,643
1507507200,61.71,61.75,61.47,61.54,518
1507593600,61.71,61.82,61.56,61.68,544
1507680000,61.72,61.78,61.63,61.78,653
1507766400,61.7,61.8,61.64,61.68,663
1507852800,61.75,61.86,61.71,61.74,620
1508112000,61.87,61.9,61.71,61.82,777
1508198400,61.83,61.86,61.76,61.83,624
1508284800,61.95,61.98,61.86,61.91,550
1508371200,61.69,61.92,61.55,61.91,718
1508457600,62.16,62.25,62.09,62.22,567
1508716800,62.29,62.31,61.96,61.99,782
1508803200,62.1,62.16,62.0,62.07,714
1508889600,62.03,62.03,61.45,61.76,1310
1508976000,61.95,62.02,61.82,61.88,1115
1509062400,62.08,62.37,61.96,62.33,822
1509321600,62.28,62.32,62.03,62.1,577
1509408000,62.18,62.31,62.17,62.23,544
1509494400,62.44,62.45,62.15,62.26,606
1509580800,62.09,62.33,62.09,62.28,549
1509667200,62.26,62.49,62.25,62.46,439
1509926400,62.48,62.64,62.45,62.58,664
1510012800,62.65,62.69,62.34,62.46,712
1510099200,62.44,62.59,62.34,62.57,712
1510185600,62.24,62.41,61.89,62.35,1406
1510272000,62.25,62.37,62.18,62.3,500
1510531200,62.12,62.44,62.1,62.37,556
1510617600,62.2,62.27,61.99,62.23,630
1510704000,61.95,62.11,61.68,61.94,920
1510790400,62.21,62.58,62.21,62.48,941
1510876800,62.41,62.5,62.35,62.4,719
1511136000,62.45,62.56,62.4,62.53,712
1511222400,62.73,62.96,62.73,62.95,709
1511308800,62.98,63.01,62.88,62.91,678
1511481600,63.02,63.07,63.0,63.03,329
1511740800,63.06,63.12,62.94,62.98,720
1511827200,63.11,63.63,63.07,63.6,719
1511913600,63.68,63.87,63.5,63.62,919
1512000000,63.89,64.34,63.84,64.11,1015
1512086400,64.14,64.18,63.03,64.0,1433
1512345600,64.45,64.58,63.89,63.89,1296
1512432000,63.98,64.1,63.59,63.64,815
1512518400,63.51,63.7,63.48,63.61,892
1512604800,63.59,63.92,63.55,63.81,980
1512691200,64.06,64.18,63.98,64.15,660
1512950400,64.21,64.33,64.17,64.33,665
1513036800,64.4,64.53,64.34,64.4,523
1513123200,64.51,64.62,64.39,64.41,826
1513209600,64.48,64.54,64.1,64.11,944
1513296000,64.38,64.81,64.32,64.67,997
1513555200,64.73,64.88,64.73,64.79,1332
1513641600,64.87,64.89,64.54,64.55,934
1513728000,64.8,64.8,64.45,64.53,988
1513814400,64.67,64.85,64.61,64.69,1114
1513900800,64.68,64.7,64.54,64.67,990
1514246400,64.57,64.68,64.56,64.61,1527
1514332800,64.66,64.74,64.57,64.64,978
1514419200,64.75,64.81,64.67,64.8,729
1514505600,64.9,64.96,64.49,64.51,1214
1514851200,64.8,64.99,64.66,64.99,1210
1514937600,65.08,65.4,65.06,65.36,1375
1515024000,65.54,65.73,65.53,65.61,2234
1515110400,65.84,66.05,65.69,66.04,1144
1515369600,66.0,66.2,65.88,66.17,1202
1515456000,66.33,66.46,66.2,66.25,1350
1515542400,66.09,66.24,65.89,66.17,1221
1515628800,66.32,66.72,66.31,66.72,898
1515715200,66.81,67.17,66.79,67.14,1282
1516060800,67.47,67.62,66.68,66.83,2195
1516147200,67.11,67.56,66.9,67.45,1049
1516233600,67.42,67.52,67.21,67.32,1041
1516320000,67.48,67.69,67.37,67.68,945
1516579200,67.66,68.22,67.65,68.22,1357
1516665600,68.25,68.45,68.15,68.4,1396
1516752000,68.41,68.71,68.02,68.34,1481
1516838400,68.57,68.59,68.14,68.36,1285
1516924800,68.56,69.05,68.49,69.05,1246
1517184000,68.95,69.03,68.57,68.62,1454
1517270400,68.12,68.24,67.78,67.9,2354
1517356800,68.14,68.3,67.63,67.89,2108
1517443200,67.69,68.18,67.66,67.88,1147
1517529600,67.48,67.53,66.41,66.43,4103
1517788800,66.04,66.5,63.59,63.82,6931
1517875200,62.61,65.02,62.36,64.87,9167
1517961600,64.7,65.61,64.61,64.61,4286
1518048000,64.66,64.68,62.24,62.27,3772
1518134400,62.9,63.58,61.07,63.09,7367
1518393600,63.62,64.36,63.13,63.96,3061
1518480000,63.65,64.29,63.55,64.18,1910
1518566400,63.79,65.17,63.79,65.08,2059
1518652800,65.54,65.87,64.89,65.87,3075
1518739200,65.68,66.42,65.68,65.89,2301
1519084800,65.73,66.05,65.29,65.55,2149
1519171200,65.59,66.29,65.19,65.19,1646
1519257600,65.48,65.88,65.08,65.23,1256
1519344000,65.57,66.25,65.46,66.25,1252
1519603200,66.5,66.98,66.34,66.95,1195
1519689600,66.96,67.2,66.11,66.11,1370
1519776000,66.41,66.5,65.37,65.37,1416
1519862400,65.4,65.8,64.15,64.58,1822
1519948800,64.18,65.14,63.89,65.01,2494
1520208000,64.67,65.91,64.67,65.74,1632
1520294400,65.93,66.04,65.54,65.99,1420
1520380800,65.38,66.11,65.29,66.01,1027
1520467200,66.17,66.3,65.89,66.26,1061
1520553600,66.64,67.4,66.58,67.38,976
1520812800,67.5,67.54,67.23,67.35,991
1520899200,67.65,67.65,66.79,66.99,1060
1520985600,66.93,67.0,66.49,66.6,1016
1521072000,66.66,66.86,66.38,66.5,572
1521158400,66.49,66.59,66.33,66.38,549
1521417600,65.92,65.96,65.05,65.5,1480
1521504000,65.7,65.74,65.42,65.6,1005
1521590400,65.59,66.13,65.47,65.55,912
1521676800,65.02,65.03,63.89,63.94,2236
1521763200,64.0,64.15,62.54,62.6,2701
1522022400,63.51,64.29,62.92,64.22,2465
1522108800,64.43,64.54,62.75,63.11,2551
1522195200,63.13,63.56,62.67,62.95,2258
1522281600,63.29,64.22,63.09,63.83,2402
1522627200,63.6,63.75,61.74,62.31,4371
1522713600,62.68,63.27,62.23,63.16,2020
1522800000,62.22,64.0,62.16,63.86,2212
1522886400,64.36,64.54,64.02,64.33,1314
1522972800,63.79,64.21,62.52,62.95,2539
1523232000,63.38,64.09,63.1,63.14,1426
1523318400,63.94,64.42,63.7,64.2,1441
1523404800,63.75,64.37,63.71,63.91,952
1523491200,64.29,64.66,64.22,64.42,1157
1523577600,64.69,64.82,63.99,64.23,1276
1523836800,64.58,64.97,64.41,64.74,1265
1523923200,65.36,65.62,65.08,65.46,1380
1524009600,65.54,65.76,65.41,65.54,1166
1524096000,65.49,65.5,64.91,65.18,1105
1524182400,65.17,65.17,64.43,64.64,1325
1524441600,64.74,64.95,64.34,64.61,925
1524528000,64.9,64.97,63.41,63.84,2073
1524614400,63.79,64.06,63.3,63.91,1875
1524700800,64.04,64.72,64.04,64.53,933
1524787200,64.72,64.75,64.31,64.55,814
1525046400,64.64,64.87,64.04,64.04,1145
1525132800,63.89,64.23,63.52,64.21,1348
1525219200,64.08,64.4,63.74,63.83,972
1525305600,63.56,63.85,62.85,63.68,2884
1525392000,63.4,64.68,63.34,64.49,1863
1525651200,64.64,65.03,64.6,64.77,1189
1525737600,64.65,64.89,64.41,64.8,907
1525824000,64.97,65.48,64.83,65.4,908
1525910400,65.61,66.07,65.58,65.98,1041
1525996800,66.0,66.24,65.86,66.08,841
1526256000,66.29,66.44,66.02,66.13,1022
1526342400,65.77,65.82,65.51,65.73,1394
1526428800,65.73,66.16,65.73,66.02,766
1526515200,66.01,66.32,65.85,66.04,820
1526601600,65.99,66.06,65.82,65.94,896
1526860800,66.31,66.53,66.22,66.38,862
1526947200,66.52,66.59,66.08,66.15,917
1527033600,65.88,66.33,65.81,66.33,1139
1527120000,66.23,66.3,65.74,66.22,958
1527206400,66.08,66.24,65.95,66.11,1089
1527552000,65.7,65.88,65.11,65.44,2003
1527638400,65.83,66.42,65.79,66.3,1483
1527724800,66.21,66.26,65.72,65.82,2070
1527811200,66.26,66.58,66.22,66.51,1411
1528070400,66.7,66.88,66.62,66.84,1114
1528156800,66.88,67.0,66.69,66.94,1155
1528243200,67.08,67.49,66.93,67.48,945
1528329600,67.6,67.68,67.18,67.43,1363
1528416000,67.29,67.66,67.28,67.65,1062
1528675200,67.7,67.91,67.69,67.72,1209
1528761600,67.87,67.98,67.7,67.88,880
1528848000,67.93,68.0,67.6,67.6,992
1528934400,67.84,67.95,67.64,67.82,1117
1529020800,67.55,67.83,67.31,67.75,1046
1529280000,67.53,67.7,67.22,67.67,989
1529366400,67.01,67.48,66.92,67.43,1302
1529452800,67.68,67.77,67.48,67.6,1629
1529539200,67.55,67.61,67.02,67.13,835
1529625600,67.43,67.48,67.2,67.23,721
1529884800,66.8,66.96,65.87,66.28,3073
1529971200,66.17,66.38,65.94,66.18,1240
1530057600,66.27,66.67,65.53,65.53,1594
1530144000,65.57,66.11,65.32,65.95,2136
1530230400,66.25,66.56,66.0,66.01,1341
1530489600,65.59,66.18,65.54,66.17,2274
1530576000,66.39,66.44,65.9,65.95,734
1530748800,66.33,66.54,66.02,66.52,1263
1530835200,66.5,67.18,66.46,67.1,1071
1531094400,67.4,67.7,67.37,67.7,1306
1531180800,67.85,67.94,67.67,67.91,916
1531267200,67.45,67.71,67.32,67.4,1271
1531353600,67.75,67.96,67.55,67.94,1195
1531440000,67.9,68.11,67.78,67.99,1219
1531699200,68.0,68.06,67.77,67.88,868
1531785600,67.63,68.28,67.63,68.18,944
1531872000,68.2,68.37,68.06,68.31,881
1531958400,68.13,68.31,67.97,68.16,1242
1532044800,68.09,68.25,68.02,68.05,1063
1532304000,68.01,68.19,67.87,68.13,794
1532390400,68.48,68.64,68.08,68.29,1604
1532476800,68.28,68.92,68.26,68.86,952
1532563200,68.68,68.94,68.66,68.77,1048
1532649600,68.89,68.89,67.98,68.22,940
1532908800,68.26,68.3,67.7,67.8,1255
1532995200,68.07,68.39,67.94,68.21,822
1533081600,68.27,68.4,67.93,68.13,1121
1533168000,67.79,68.58,67.75,68.53,801
1533254400,68.61,68.78,68.53,68.76,808
1533513600,68.79,69.13,68.7,69.05,869
1533600000,69.25,69.39,69.23,69.29,965
1533686400,69.25,69.35,69.1,69.23,1781
1533772800,69.28,69.41,69.15,69.2,816
1533859200,68.8,68.98,68.61,68.76,1233
1534118400,68.81,68.98,68.39,68.47,1311
1534204800,68.71,69.01,68.61,68.93,1295
1534291200,68.6,68.61,68.0,68.39,1635
1534377600,68.77,69.17,68.73,68.93,1228
1534464000,68.86,69.3,68.78,69.16,1181
1534723200,69.3,69.43,69.19,69.36,912
1534809600,69.45,69.81,69.45,69.58,1352
1534896000,69.5,69.7,69.43,69.6,808
1534982400,69.54,69.74,69.38,69.44,867
1535068800,69.6,69.93,69.6,69.89,828
1535328000,70.19,70.45,70.13,70.38,972
1535414400,70.51,70.57,70.28,70.4,905
1535500800,70.49,70.85,70.42,70.79,934
1535587200,70.66,70.78,70.37,70.5,1177
1535673600,70.41,70.62,70.31,70.54,1064
1536019200,70.43,70.53,70.14,70.44,1237
1536105600,70.28,70.34,69.9,70.21,1597
1536192000,70.24,70.34,69.72,69.97,1456
1536278400,69.5,70.11,69.5,69.81,1135
1536537600,70.15,70.16,69.91,69.97,831
1536624000,69.81,70.31,69.7,70.2,1065
1536710400,70.17,70.32,69.93,70.2,1147
1536796800,70.65,70.65,70.4,70.57,1020
1536883200,70.62,70.72,70.4,70.63,1104
1537142400,70.57,70.62,70.12,70.19,948
1537228800,70.25,70.7,70.25,70.56,1117
1537315200,70.56,70.71,70.51,70.58,991
1537401600,70.9,71.2,70.87,71.11,1649
1537488000,71.32,71.36,71.0,71.07,1293
1537747200,70.85,70.92,70.64,70.8,1200
1537833600,70.64,70.64,70.41,70.46,689
1537920000,70.49,70.77,70.09,70.15,1126
1538006400,70.36,70.65,70.24,70.36,998
1538092800,70.24,70.53,70.21,70.38,995
1538352000,70.73,70.86,70.34,70.48,1470
1538438400,70.47,70.59,70.28,70.4,806
1538524800,70.62,70.77,70.39,70.48,811
1538611200,70.35,70.36,69.46,69.84,1680
1538697600,69.88,70.04,69.01,69.41,2097
1538956800,69.19,69.49,68.83,69.36,1502
1539043200,69.26,69.6,69.15,69.24,1185
1539129600,69.04,69.04,66.98,67.05,4657
1539216000,66.76,67.22,65.26,65.64,10776
1539302400,66.78,66.93,65.6,66.47,5446
1539561600,66.36,66.77,66.07,66.21,4148
1539648000,66.64,67.75,66.53,67.67,2039
1539734400,67.66,67.79,66.95,67.63,1997
1539820800,67.37,67.51,66.28,66.61,3124
1539907200,66.83,67.29,66.32,66.47,1970
1540166400,66.73,66.74,66.05,66.22,1783
1540252800,65.21,66.16,64.64,65.84,4369
1540339200,65.81,65.87,63.67,63.77,3372
1540425600,64.26,65.35,64.03,64.95,2751
1540512000,63.96,64.66,63.08,63.85,6169
1540771200,64.98,64.98,62.57,63.45,3640
1540857600,63.99,64.53,63.5,64.48,3055
1540944000,65.5,65.76,65.04,65.04,2027
1541030400,65.49,66.01,65.48,65.72,1819
1541116800,65.87,65.91,65.08,65.52,2364
1541376000,65.78,66.07,65.44,65.91,1811
1541462400,65.89,66.35,65.89,66.35,1670
1541548800,66.89,67.71,66.79,67.69,2123
1541635200,67.53,67.73,67.25,67.51,1718
1541721600,67.13,67.19,66.44,66.85,1810
1541980800,66.67,66.67,65.44,65.53,2535
1542067200,65.73,66.25,65.27,65.46,3031
1542153600,65.99,66.09,64.6,64.98,3917
1542240000,64.66,65.82,64.29,65.71,5693
1542326400,65.39,66.06,65.28,65.87,2477
1542585600,65.72,65.78,64.48,64.69,3443
1542672000,63.74,64.21,63.28,63.55,6419
1542758400,63.96,64.34,63.81,63.84,2491
1542931200,63.42,63.87,63.42,63.55,833
1543190400,64.15,64.52,63.99,64.49,4211
1543276800,64.23,64.59,64.06,64.56,2569
1543363200,64.92,66.07,64.6,66.06,2448
1543449600,65.92,66.36,65.57,65.97,2966
1543536000,65.95,66.5,65.86,66.39,2212
1543795200,67.38,67.52,66.76,67.22,3808
1543881600,67.08,67.12,64.93,65.03,2985
1544054400,63.96,64.92,63.16,64.92,5798
1544140800,64.9,65.26,63.17,63.43,5046
1544400000,63.34,63.73,62.26,63.5,7030
1544486400,64.33,64.39,63.09,63.47,3459
1544572800,63.88,64.31,63.5,63.51,2695
1544659200,63.74,63.9,63.08,63.37,3230
1544745600,62.77,63.09,62.05,62.21,6346
1545004800,61.94,62.25,60.54,60.9,9355
1545091200,61.35,61.58,60.51,60.9,7461
1545177600,60.91,61.82,59.53,59.92,7711
1545264000,59.59,60.0,58.35,58.97,16359
1545350400,59.18,59.83,57.58,57.74,12138
1545609600,57.29,57.57,56.23,56.3,10559
1545782400,56.58,59.04,56.12,59.03,14823
1545868800,58.18,59.51,57.36,59.51,11129
1545955200,59.84,60.22,59.06,59.38,6130
1546214400,59.8,59.94,59.28,59.92,5976
1546387200,59.01,60.17,58.93,59.95,3316
1546473600,59.5,59.56,58.49,58.52,3744
1546560000,59.34,60.74,59.29,60.58,3302
1546819200,60.63,61.5,60.48,61.1,2701
1546905600,61.72,61.83,61.07,61.74,2509
1546992000,62.0,62.3,61.7,62.09,2067
1547078400,61.74,62.4,61.53,62.38,1635
1547164800,62.11,62.38,61.92,62.36,1627
1547424000,61.79,62.21,61.76,61.99,2603
1547510400,62.12,62.71,62.12,62.67,1982
1547596800,62.82,63.07,62.75,62.85,1441
1547683200,62.64,63.59,62.64,63.34,2017
1547769600,63.96,64.3,63.62,64.17,2998
1548115200,63.82,63.82,62.87,63.28,4328
1548201600,63.53,63.75,62.76,63.35,2398
1548288000,63.3,63.61,63.14,63.52,1492
1548374400,63.95,64.24,63.88,64.07,1586
1548633600,63.44,63.64,63.16,63.64,3522
1548720000,63.67,63.79,63.33,63.54,2282
1548806400,63.94,64.71,63.69,64.47,2015
1548892800,64.53,65.16,64.45,65.06,2172
1548979200,65.07,65.36,64.93,65.15,1586
1549238400,65.15,65.61,64.99,65.61,1738
1549324800,65.75,65.97,65.6,65.9,3272
1549411200,65.81,65.93,65.61,65.78,1028
1549497600,65.34,65.52,64.75,65.19,1983
1549584000,64.88,65.3,64.66,65.3,1903
1549843200,65.5,65.53,65.23,65.38,1254
1549929600,65.81,66.29,65.79,66.21,1477
1550016000,66.44,66.62,66.29,66.4,1737
1550102400,66.2,66.59,65.93,66.3,2282
1550188800,66.79,67.06,66.72,67.06,1144
1550534400,66.87,67.33,66.85,67.17,1345
1550620800,67.17,67.39,67.04,67.27,1135
1550707200,67.19,67.2,66.81,67.05,1067
1550793600,67.25,67.54,67.17,67.51,1731
1551052800,67.88,68.03,67.57,67.59,1640
1551139200,67.5,67.72,67.43,67.49,1277
1551225600,67.32,67.58,67.12,67.5,1034
1551312000,67.45,67.58,67.29,67.31,1088
1551398400,67.78,67.9,67.38,67.81,1081
1551657600,68.07,68.13,66.88,67.49,2087
1551744000,67.5,67.55,67.26,67.37,1346
1551830400,67.37,67.4,66.79,66.85,1004
1551916800,66.73,66.77,66.11,66.32,2000
1552003200,65.83,66.21,65.72,66.21,1562
1552262400,66.72,67.19,66.69,67.17,745
1552348800,67.42,67.54,67.28,67.39,1097
1552435200,67.76,68.07,67.76,67.82,1182
1552521600,67.73,67.92,67.71,67.78,866
1552608000,68.01,68.3,67.9,68.08,1116
1552867200,68.36,68.44,68.06,68.35,1175
1552953600,68.53,68.76,68.08,68.32,1404
1553040000,67.78,68.27,67.47,67.78,1680
1553126400,68.09,68.67,68.06,68.53,1815
1553212800,67.9,68.0,67.13,67.14,2260
1553472000,66.89,67.39,66.78,67.09,1866
1553558400,67.74,67.88,67.26,67.61,1953
1553644800,67.65,67.69,66.85,67.31,1424
1553731200,67.65,67.69,67.17,67.61,1065
1553817600,67.95,68.08,67.72,68.04,1487
1554076800,68.44,69.4,68.44,68.82,1951
1554163200,68.83,68.88,68.59,68.82,1587
1554249600,69.15,69.28,68.81,69.01,1295
1554336000,69.05,69.2,68.83,69.14,1453
1554422400,69.33,69.52,69.24,69.52,1042
1554681600,69.36,69.57,69.19,69.55,1230
1554768000,69.34,69.37,69.0,69.11,1185
1554854400,69.23,69.47,69.17,69.45,882
1554940800,69.53,69.57,69.31,69.46,1013
1555027200,69.9,69.97,69.68,69.91,1057
1555286400,69.97,69.97,69.64,69.86,1099
1555372800,70.06,70.11,69.73,69.89,991
1555459200,70.15,70.15,69.5,69.64,841
1555545600,69.75,69.81,69.39,69.74,963
1555891200,69.47,69.81,69.47,69.78,1142
1555977600,69.86,70.52,69.84,70.45,995
1556064000,70.44,70.57,70.31,70.35,927
1556150400,70.3,70.41,69.92,70.25,1027
1556236800,70.25,70.61,70.07,70.61,956
1556496000,70.65,70.88,70.6,70.72,1558
1556582400,70.6,70.79,70.24,70.73,1080
1556668800,70.88,70.94,70.2,70.2,1638
1556755200,70.12,70.41,69.63,70.1,1801
1556841600,70.48,70.87,70.42,70.83,1049
1557100800,69.68,70.69,69.54,70.57,1619
1557187200,70.01,70.09,68.87,69.38,2651
1557273600,69.28,69.72,69.13,69.25,1604
1557360000,68.72,69.2,68.21,69.1,2772
1557446400,68.83,69.56,68.01,69.35,2384
1557705600,68.05,68.25,67.36,67.61,3521
1557792000,67.82,68.6,67.79,68.2,1491
1557878400,67.8,68.76,67.7,68.6,1997
1557964800,68.78,69.6,68.78,69.21,1558
1558051200,68.71,69.42,68.64,68.74,1095
1558310400,68.3,68.59,68.05,68.26,1133
1558396800,68.67,69.0,68.67,68.89,937
1558483200,68.65,68.9,68.54,68.67,887
1558569600,68.06,68.06,67.39,67.8,1662
1558656000,68.16,68.28,67.78,67.94,909
1559001600,68.12,68.29,67.36,67.36,1316
1559088000,67.01,67.13,66.5,66.9,2984
1559174400,67.1,67.31,66.72,67.03,1179
1559260800,66.35,66.58,66.09,66.17,5646
1559520000,66.16,66.47,65.65,66.01,2968
1559606400,66.62,67.52,66.53,67.51,1967
1559692800,67.92,68.03,67.37,68.02,1678
1559779200,68.04,68.57,67.88,68.37,988
1559865600,68.67,69.34,68.67,69.06,1665
1560124800,69.49,69.86,69.39,69.41,1209
1560211200,69.96,69.99,69.18,69.35,1168
1560297600,69.42,69.43,69.1,69.24,823
1560384000,69.5,69.65,69.34,69.6,1099
1560470400,69.52,69.6,69.26,69.41,1005
1560729600,69.5,69.69,69.45,69.51,920
1560816000,69.93,70.54,69.91,70.23,1489
1560902400,70.27,70.55,70.03,70.42,1085
1560988800,71.12,71.17,70.56,71.08,1293
1561075200,70.96,71.25,70.82,70.89,1006
1561334400,70.99,70.99,70.68,70.71,857
1561420800,70.74,70.74,70.01,70.04,1337
1561507200,69.96,70.12,69.64,69.65,1063
1561593600,69.87,70.12,69.82,70.03,832
1561680000,70.34,70.57,70.17,70.5,1295
1561939200,71.29,71.41,70.74,71.03,1779
1562025600,71.06,71.19,70.83,71.19,1650
1562112000,71.39,71.75,71.34,71.75,778
1562284800,71.46,71.75,71.1,71.68,864
1562544000,71.35,71.46,71.14,71.29,680
1562630400,70.97,71.46,70.96,71.42,577
1562716800,71.71,71.95,71.49,71.72,851
1562803200,71.86,71.92,71.56,71.81,1270
1562889600,71.94,72.2,71.9,72.18,1022
1563148800,72.26,72.27,72.05,72.18,691
1563235200,72.13,72.22,71.89,71.95,675
1563321600,71.96,71.97,71.5,71.51,1218
1563408000,71.38,71.85,71.26,71.75,1195
1563494400,72.01,72.05,71.33,71.34,1069
1563753600,71.45,71.65,71.35,71.5,929
1563840000,71.78,72.02,71.61,72.02,809
1563926400,71.83,72.45,71.82,72.45,2047
1564012800,72.35,72.35,71.89,72.05,1107
1564099200,72.27,72.63,72.24,72.56,1295
1564358400,72.55,72.58,72.24,72.39,1303
1564444800,72.0,72.4,71.92,72.34,873
1564531200,72.37,72.45,71.04,71.54,1958
1564617600,71.63,72.33,70.64,70.86,2607
1564704000,70.58,70.65,69.85,70.29,2504
1564963200,69.15,69.15,67.65,68.21,4069
1565049600,68.61,69.15,68.27,69.1,2981
1565136000,68.3,69.36,67.78,69.16,2705
1565222400,69.61,70.52,69.45,70.49,1735
1565308800,70.25,70.4,69.6,70.02,1495
1565568000,69.6,69.7,68.91,69.13,1187
1565654400,69.01,70.54,68.97,70.14,1607
1565740800,69.06,69.19,68.06,68.09,2229
1565827200,68.32,68.47,67.72,68.22,2430
1565913600,68.7,69.38,68.7,69.26,1452
1566172800,70.12,70.27,69.89,70.07,1393
1566259200,69.98,70.08,69.54,69.57,1136
1566345600,70.12,70.22,69.97,70.11,1103
1566432000,70.3,70.46,69.64,70.1,1037
1566518400,69.73,70.18,68.0,68.29,2247
1566777600,68.89,69.0,68.48,69.0,2342
1566864000,69.38,69.49,68.5,68.76,1781
1566950400,68.53,69.22,68.31,69.17,1105
1567036800,69.86,70.22,69.63,70.07,1327
1567123200,70.43,70.45,69.8,70.08,1577
1567468800,69.62,69.82,69.28,69.6,1940
1567555200,70.19,70.36,69.98,70.36,948
1567641600,70.9,71.53,70.9,71.27,1162
1567728000,71.4,71.51,71.2,71.33,1000
1567987200,71.55,71.56,71.1,71.39,1135
1568073600,71.14,71.43,70.85,71.43,1333
1568160000,71.4,72.03,71.35,72.03,1120
1568246400,72.18,72.49,72.0,72.23,1719
1568332800,72.37,72.46,72.09,72.18,1216
1568592000,71.87,72.13,71.85,72.03,1555
1568678400,71.94,72.22,71.92,72.21,803
1568764800,72.17,72.21,71.54,72.18,936
1568851200,72.4,72.56,72.08,72.15,1309
1568937600,72.33,72.39,71.61,71.82,1026
1569196800,71.65,72.02,71.6,71.83,1089
1569283200,72.09,72.19,70.95,71.19,1604
1569369600,70.89,71.41,70.48,71.32,1033
1569456000,71.27,71.29,70.75,71.09,2610
1569542400,71.28,71.29,70.27,70.65,1101
1569801600,70.83,71.17,70.8,71.0,1067
1569888000,71.19,71.41,70.05,70.08,2502
1569974400,69.66,69.67,68.57,68.92,2756
1570060800,68.82,69.48,68.14,69.48,2323
1570147200,69.68,70.43,69.65,70.38,1762
1570406400,70.22,70.6,70.01,70.1,1369
1570492800,69.58,69.75,68.98,69.0,2515
1570579200,69.48,69.85,69.34,69.61,1374
1570665600,69.59,70.3,69.57,70.06,1599
1570752000,70.78,71.41,70.78,70.83,3412
1571011200,70.75,70.88,70.68,70.74,1337
1571097600,71.0,71.64,70.99,71.46,1212
1571184000,71.33,71.5,71.2,71.32,977
1571270400,71.58,71.77,71.4,71.56,1062
1571356800,71.48,71.57,70.99,71.26,860
1571616000,71.62,71.79,71.52,71.77,920
1571702400,71.9,71.95,71.5,71.51,884
1571788800,71.47,71.7,71.38,71.69,683
1571875200,71.97,71.97,71.63,71.85,666
1571961600,71.65,72.32,71.65,72.17,863
1572220800,72.68,72.71,72.55,72.59,792
1572307200,72.66,72.81,72.52,72.58,669
1572393600,72.46,72.84,72.34,72.79,752
1572480000,72.26,72.53,72.17,72.51,905
1572566400,73.12,73.31,73.0,73.31,953
1572825600,73.67,73.72,73.45,73.53,867
1572912000,73.6,73.72,73.41,73.48,978
1572998400,73.48,73.51,73.22,73.47,652
1573084800,73.79,74.0,73.57,73.7,1190
1573171200,73.63,73.89,73.44,73.89,777
1573430400,73.53,73.82,73.5,73.77,773
1573516800,73.82,74.16,73.75,73.9,885
1573603200,73.62,74.03,73.58,73.91,762
1573689600,73.79,74.04,73.72,74.01,678
1573776000,74.34,74.57,74.22,74.57,672
1574035200,74.45,74.66,74.39,74.61,943
1574121600,74.73,74.76,74.44,74.63,829
1574208000,74.45,74.66,73.97,74.36,935
1574294400,74.41,74.42,74.05,74.25,929
1574380800,74.31,74.45,74.14,74.41,661
1574640000,74.7,75.07,74.67,75.07,1140
1574726400,75.07,75.28,75.01,75.24,835
1574812800,75.34,75.59,75.33,75.57,762
1574985600,75.48,75.51,75.23,75.3,390
1575244800,75.35,75.39,74.52,74.62,1497
1575331200,73.87,74.16,73.57,74.14,1702
1575417600,74.36,74.76,74.35,74.59,923
1575504000,74.7,74.74,74.39,74.7,670
1575590400,75.2,75.51,75.2,75.38,1116
1575849600,75.29,75.44,75.12,75.12,902
1575936000,75.1,75.29,74.92,75.07,703
1576022400,75.13,75.3,75.04,75.26,1791
1576108800,75.0,75.61,74.73,75.42,1822
1576195200,75.35,75.76,75.12,75.41,1311
1576454400,75.84,76.14,75.84,75.97,1042
1576540800,76.02,76.11,75.94,75.98,981
1576627200,76.08,76.15,75.98,76.02,1754
1576713600,76.06,76.36,76.06,76.34,1150
1576800000,76.61,76.81,76.59,76.72,980
1577059200,76.86,76.89,76.75,76.78,1234
1577145600,76.8,76.85,76.71,76.8,604
1577318400,76.9,77.14,76.9,77.14,767
1577404800,77.35,77.35,76.99,77.12,2545
1577664000,77.18,77.2,76.56,76.68,1847
1577750400,76.55,76.96,76.47,76.9,1118
1577923200,77.25,77.49,77.0,77.49,1598
1578009600,76.63,77.3,76.63,77.04,2203
1578268800,76.58,77.31,76.5,77.29,1625
1578355200,77.16,77.29,76.97,77.12,1003
1578441600,77.16,77.8,77.1,77.45,2435
1578528000,77.87,77.99,77.72,77.96,1369
1578614400,78.11,78.14,77.63,77.72,1647
1578873600,77.89,78.3,77.8,78.29,1216
1578960000,78.21,78.53,78.09,78.25,1289
1579046400,78.22,78.65,78.19,78.4,1281
1579132800,78.75,79.12,78.75,79.12,1008
1579219200,79.3,79.33,79.11,79.29,997
1579564800,79.09,79.32,79.03,79.1,1500
1579651200,79.32,79.54,79.1,79.14,1001
1579737600,78.94,79.28,78.64,79.21,1361
1579824000,79.42,79.42,78.14,78.5,1612
1580083200,77.25,77.65,77.01,77.31,3093
1580169600,77.62,78.29,77.55,78.08,1614
1580256000,78.38,78.45,77.94,77.97,1204
1580342400,77.44,78.28,77.28,78.24,1757
1580428800,78.05,78.09,76.59,76.83,2521
1580688000,77.3,77.9,77.14,77.49,1431
1580774400,78.46,78.92,78.36,78.68,1541
1580860800,79.42,79.55,79.02,79.49,1626
1580947200,79.7,79.77,79.49,79.69,1111
1581033600,79.45,79.56,79.1,79.26,1130
1581292800,79.05,79.82,79.05,79.82,945
1581379200,80.2,80.43,79.9,80.04,1735
1581465600,80.38,80.58,80.3,80.55,894
1581552000,80.12,80.72,80.11,80.49,701
1581638400,80.58,80.68,80.33,80.63,992
1581984000,80.39,80.57,80.09,80.45,1168
1582070400,80.69,81.04,80.69,80.87,987
1582156800,80.71,80.98,79.8,80.6,1821
1582243200,80.25,80.3,79.56,79.76,1848
1582502400,77.25,77.9,76.84,77.16,5475
1582588800,77.6,77.65,74.56,74.79,6563
1582675200,75.08,76.01,74.22,74.38,5976
1582761600,72.89,73.96,71.11,71.11,9552
1582848000,69.0,70.7,68.25,70.63,14508
1583107200,71.1,73.65,70.26,73.65,5305
1583193600,73.74,74.76,70.96,71.61,6534
1583280000,73.0,74.55,72.35,74.51,2229
1583366400,72.61,73.43,71.43,72.05,3354
1583452800,69.75,71.06,69.11,70.77,7644
1583712000,66.66,67.42,64.87,65.5,8721
1583798400,66.92,68.28,64.79,68.26,6079
1583884800,65.93,66.36,64.02,64.84,5530
1583971200,60.25,62.66,58.44,58.5,9842
1584057600,61.07,63.89,58.65,63.89,8305
1584316800,57.88,60.17,56.0,57.0,7674
1584403200,56.95,59.77,56.49,58.9,6589
1584489600,56.76,56.95,53.01,55.3,6717
1584576000,56.3,57.65,55.4,56.5,4537
1584662400,56.96,57.63,53.79,53.9,4134
1584921600,53.37,53.98,51.38,52.45,5989
1585008000,56.18,57.58,55.5,57.44,4968
1585094400,57.05,60.26,56.89,58.06,5211
1585180800,60.16,61.76,59.8,61.51,5009
1585267200,59.46,61.25,59.19,59.55,5393
1585526400,60.0,61.54,59.47,61.4,5381
1585612800,61.26,61.76,60.11,60.49,4635
1585699200,58.31,58.94,57.13,57.72,3868
1585785600,57.4,59.13,57.31,58.87,2934
1585872000,58.55,59.14,57.25,57.91,1865
1586131200,60.17,62.33,60.0,61.95,3983
1586217600,64.25,64.34,61.79,61.97,5814
1586304000,62.77,64.49,62.17,64.2,12026
1586390400,65.06,66.06,64.7,65.35,4022
1586736000,65.08,65.19,63.67,64.62,4164
1586822400,65.91,66.76,65.68,66.57,2194
1586908800,65.09,65.46,64.5,65.01,2380
1586995200,65.39,65.48,64.48,65.31,2152
1587081600,66.84,67.28,66.18,67.18,3286
1587340800,66.11,67.11,65.92,66.05,4433
1587427200,64.95,65.2,63.76,64.09,3738
1587513600,65.29,65.8,64.91,65.43,1704
1587600000,65.74,66.61,65.39,65.47,2974
1587686400,65.99,66.58,65.34,66.35,2467
1587945600,67.0,67.85,66.87,67.6,3349
1588032000,68.71,68.71,67.27,67.37,2156
1588118400,68.8,69.68,68.54,69.31,2939
1588204800,68.75,68.96,68.1,68.43,1737
1588291200,67.17,67.34,66.22,66.51,3117
1588550400,66.03,66.83,65.67,66.81,6113
1588636800,67.57,68.18,67.3,67.44,2523
1588723200,67.9,67.97,67.01,67.07,1567
1588809600,67.95,68.37,67.73,67.88,3003
1588896000,68.75,69.24,68.49,69.15,2303
1589155200,68.6,69.53,68.53,69.16,1840
1589241600,69.5,69.54,67.64,67.64,1875
1589328000,67.59,67.68,65.68,66.35,3094
1589414400,65.52,67.1,64.94,67.1,2704
1589500800,66.52,67.46,66.24,67.46,2202
1589760000,69.19,70.05,69.18,69.7,2198
1589846400,69.46,70.03,68.99,68.99,1691
1589932800,69.89,70.44,69.88,70.23,1167
1590019200,70.22,70.41,69.44,69.78,1189
1590105600,69.74,70.02,69.41,69.99,1053
1590451200,71.57,71.62,70.87,70.96,1737
1590537600,71.74,72.1,70.4,72.1,1866
1590624000,72.44,72.8,71.65,71.82,1695
1590710400,71.54,72.27,71.04,72.11,1931
1590969600,71.96,72.74,71.91,72.54,1568
1591056000,72.71,73.15,72.44,73.15,1359
1591142400,73.71,74.46,73.69,74.27,1275
1591228800,74.14,74.42,73.49,74.02,1330
1591315200,75.45,76.5,75.39,75.98,2895
1591574400,76.29,77.02,76.15,77.02,2900
1591660800,76.28,76.7,75.95,76.31,1562
1591747200,76.41,76.6,75.54,75.75,1564
1591833600,73.64,73.96,71.13,71.24,3749
1591920000,73.16,73.4,70.78,72.2,2177
1592179200,70.71,73.27,70.37,72.97,2578
1592265600,75.03,75.07,73.21,74.4,2629
1592352000,74.59,74.7,73.89,74.06,1160
1592438400,73.53,74.23,73.52,74.12,1254
1592524800,74.91,74.94,73.31,73.68,2067
1592784000,73.53,74.24,73.19,74.17,1188
1592870400,74.96,75.01,74.37,74.47,1787
1592956800,73.64,73.74,71.67,72.18,3220
1593043200,71.97,73.07,71.53,72.99,2805
1593129600,72.69,72.75,71.2,71.31,3112
1593388800,71.69,72.38,71.1,72.38,1694
1593475200,72.34,73.76,72.34,73.46,2560
1593561600,73.72,74.14,73.48,73.86,1376
1593648000,74.79,75.11,74.06,74.19,1728
1593993600,75.25,75.49,75.02,75.36,2058
1594080000,74.83,75.48,74.48,74.53,1454
1594166400,74.7,75.2,74.33,75.15,1337
1594252800,75.36,75.38,73.8,74.71,2170
1594339200,74.6,75.54,74.33,75.53,1280
1594598400,76.06,76.74,74.59,74.69,2165
1594684800,74.33,75.77,74.05,75.71,1428
1594771200,76.59,76.79,75.9,76.62,1845
1594857600,76.05,76.42,75.9,76.3,963
1594944000,76.47,76.76,76.1,76.58,851
1595203200,76.54,77.34,76.36,77.22,2375
1595289600,77.66,77.85,77.15,77.35,1396
1595376000,77.3,77.86,77.24,77.8,1108
1595462400,77.7,77.99,76.54,76.93,1905
1595548800,76.33,76.69,75.99,76.36,827
1595808000,76.47,77.03,76.37,77.0,1197
1595894400,76.88,77.08,76.41,76.47,1365
1595980800,76.8,77.65,76.8,77.5,994
1596067200,76.65,77.35,76.22,77.27,1449
1596153600,77.77,77.78,76.49,77.69,2857
1596412800,78.11,78.52,77.99,78.35,1379
1596499200,78.26,78.61,78.16,78.61,1282
1596585600,79.03,79.27,78.97,79.23,1200
1596672000,79.19,79.69,78.98,79.63,1033
1596758400,79.42,79.76,79.15,79.72,1213
1597017600,79.9,80.0,79.4,79.93,932
1597104000,80.26,80.45,79.13,79.32,1076
1597190400,80.04,80.54,80.01,80.36,1279
1597276800,80.26,80.64,80.07,80.26,860
1597363200,80.16,80.42,80.0,80.25,653
1597622400,80.48,80.69,80.45,80.6,679
1597708800,80.7,80.86,80.28,80.7,1042
1597795200,80.85,80.96,80.25,80.37,1344
1597881600,79.95,80.74,79.87,80.63,1296
1597968000,80.51,80.88,80.48,80.83,1244
1598227200,81.5,81.63,81.19,81.63,1433
1598313600,81.77,81.89,81.43,81.89,1331
1598400000,81.99,82.71,81.92,82.62,1082
1598486400,82.84,83.24,82.42,82.86,1203
1598572800,83.18,83.41,82.87,83.4,1074
1598832000,83.4,83.64,83.09,83.24,3324
1598918400,83.22,83.97,83.15,83.97,883
1599004800,84.38,85.24,84.0,85.07,1619
1599091200,84.51,84.62,81.45,82.09,2171
1599177600,82.2,82.67,79.47,81.4,2423
1599523200,79.75,80.26,79.02,79.02,1823
1599609600,80.12,81.22,79.93,80.64,1354
1599696000,81.11,81.39,79.1,79.34,1335
1599782400,79.9,80.01,78.59,79.32,1652
1600041600,80.22,80.86,80.01,80.55,803
1600128000,81.27,81.45,80.73,80.99,1012
1600214400,81.29,81.78,80.73,80.73,1072
1600300800,79.5,80.43,79.36,80.02,931
1600387200,80.21,80.24,78.54,79.24,1042
1600646400,78.0,78.33,77.0,78.31,2656
1600732800,78.68,79.19,78.01,79.06,800
1600819200,78.7,78.78,76.59,76.68,897
1600905600,76.39,77.62,75.89,76.78,1106
1600992000,76.73,78.33,76.51,78.14,975
1601251200,79.2,79.65,79.02,79.48,954
1601337600,79.45,79.63,78.93,79.13,1805
1601424000,79.21,80.41,79.19,79.65,882
1601510400,80.33,80.54,79.84,80.32,670
1601596800,78.76,80.13,78.76,79.67,1048
1601856000,80.33,81.17,80.33,81.16,823
1601942400,81.32,81.84,80.01,80.15,1320
1602028800,80.94,81.71,80.94,81.56,748
1602115200,82.08,82.28,81.85,82.26,862
1602201600,82.72,83.1,82.56,82.99,748
1602460800,83.59,84.52,83.48,84.2,885
1602547200,84.11,84.11,83.48,83.77,1123
1602633600,83.95,84.18,83.07,83.21,987
1602720000,82.02,83.3,82.02,83.19,854
1602806400,83.57,83.9,83.13,83.13,660
1603065600,83.46,83.6,81.7,81.86,943
1603152000,82.32,82.99,81.98,82.14,911
1603238400,82.26,82.65,81.89,81.9,721
1603324800,82.08,82.59,81.44,82.43,775
1603411200,82.65,82.72,82.09,82.69,742
1603670400,81.69,81.72,80.29,81.18,1445
1603756800,81.04,81.34,80.87,81.0,776
1603843200,78.68,79.07,78.13,78.21,1976
1603929600,78.83,79.75,78.54,79.01,924
1604016000,77.77,78.14,77.2,78.14,1818
1604275200,78.86,79.41,78.18,78.95,1647
1604361600,79.82,80.9,79.65,80.45,1085
1604448000,81.46,83.14,81.28,82.19,936
1604534400,83.64,84.25,83.43,83.9,1526
1604620800,83.86,84.13,83.37,83.82,733
1604880000,87.12,87.13,84.72,84.73,1588
1604966400,84.65,84.95,83.83,84.72,1122
1605052800,85.38,85.55,84.99,85.43,1791
1605139200,85.14,85.36,84.14,84.56,1578
1605225600,85.0,85.93,84.96,85.74,804
1605484800,86.47,86.84,86.16,86.83,1303
1605571200,86.16,86.9,85.96,86.61,1132
1605657600,86.65,86.91,85.71,85.72,1089
1605744000,85.55,86.25,85.31,86.21,967
1605830400,86.07,86.21,85.7,85.73,637
1606089600,86.27,86.64,85.8,86.42,818
1606176000,87.1,87.88,86.84,87.75,1266
1606262400,87.64,87.81,87.29,87.68,862
1606435200,87.97,88.11,87.79,87.79,436
1606694400,87.88,88.0,86.8,87.6,1110
1606780800,88.47,88.8,88.27,88.4,1015
1606867200,88.0,88.57,87.89,88.52,860
1606953600,88.63,89.03,88.43,88.64,1256
1607040000,88.88,89.55,88.88,89.54,969
1607299200,89.51,89.61,89.18,89.48,1082
1607385600,89.24,90.0,89.16,89.89,995
1607472000,90.03,90.15,88.68,89.07,1206
1607558400,88.21,88.95,87.98,88.83,945
1607644800,88.4,88.71,87.89,88.6,758
1607904000,89.27,89.54,88.35,88.35,1201
1607990400,89.0,89.6,88.74,89.6,1142
1608076800,89.69,89.92,89.41,89.7,1181
1608163200,90.21,90.37,90.02,90.37,929
1608249600,90.54,90.54,89.55,90.09,1062
1608508800,89.0,90.07,88.44,89.88,1104
1608595200,89.94,90.15,89.59,89.92,808
1608681600,90.23,90.49,90.02,90.02,610
1608768000,90.23,90.51,89.94,90.36,338
1609113600,90.87,90.97,90.68,90.75,1046
1609200000,91.11,91.21,90.23,90.41,920
1609286400,90.72,90.93,90.56,90.59,765
1609372800,90.69,91.14,90.4,91.01,749
1609718400,91.36,91.36,88.78,89.76,2501
1609804800,89.62,90.73,89.62,90.52,1761
1609891200,90.3,92.09,90.11,91.3,1747
1609977600,91.91,92.9,91.91,92.76,1053
1610064000,93.11,93.28,92.16,93.18,1288
1610323200,92.23,93.1,92.23,92.68,1013
1610409600,92.73,93.07,92.31,92.92,1263
1610496000,92.95,93.33,92.6,93.04,810
1610582400,93.27,93.53,92.84,92.94,845
1610668800,92.54,92.73,91.66,92.17,1319
1611014400,92.8,93.06,92.53,92.97,1102
1611100800,93.36,94.34,93.36,94.15,1102
1611187200,94.34,94.34,93.89,94.07,982
1611273600,93.56,94.14,93.52,93.93,783
1611532800,94.2,94.42,92.8,94.16,1101
1611619200,94.44,94.6,93.84,93.87,820
1611705600,92.84,92.97,91.01,91.53,2133
1611792000,92.02,93.38,92.02,92.38,1275
1611878400,92.01,92.24,90.18,90.63,1998
1612137600,91.69,92.45,90.95,92.21,1495
1612224000,93.17,93.95,93.14,93.58,1163
1612310400,93.94,94.09,93.31,93.68,753
1612396800,94.12,94.86,94.01,94.86,921
1612483200,95.25,95.47,94.98,95.35,863
1612742400,95.83,96.23,95.7,96.23,1056
1612828800,96.06,96.45,95.95,96.26,1021
1612915200,96.85,96.85,95.58,96.22,1018
1613001600,96.5,96.73,95.76,96.43,596
1613088000,96.26,96.95,96.21,96.93,686
1613433600,97.27,97.35,96.53,96.74,1485
1613520000,96.28,96.66,95.83,96.6,869
1613606400,95.88,96.29,95.33,96.03,1068
1613692800,96.47,96.73,96.1,96.2,772
1613952000,95.52,96.05,95.3,95.33,1035
1614038400,94.71,95.64,93.23,95.3,1439
1614124800,95.17,96.49,94.79,96.4,965
1614211200,96.0,96.47,93.5,93.89,1892
1614297600,94.29,94.75,92.8,93.54,1286
1614556800,94.94,96.22,94.94,95.95,988
1614643200,96.04,96.04,95.0,95.02,745
1614729600,95.09,95.13,93.63,93.63,1291
1614816000,93.59,94.09,90.95,92.2,1911
1614902400,93.11,94.06,90.75,93.92,2232
1615161600,94.18,94.84,93.33,93.37,1098
1615248000,94.53,95.52,94.35,94.83,891
1615334400,95.59,95.97,95.18,95.47,1482
1615420800,96.29,97.12,96.12,96.72,903
1615507200,96.29,96.95,96.11,96.91,1050
1615766400,96.89,97.64,96.48,97.61,757
1615852800,97.75,97.81,96.96,97.26,665
1615939200,96.81,97.83,96.49,97.57,679
1616025600,96.97,97.44,95.77,95.87,986
1616112000,95.68,96.35,95.38,95.96,602
1616371200,96.18,96.88,96.18,96.49,872
1616457600,96.35,96.49,95.22,95.22,945
1616544000,95.4,95.94,94.38,94.5,738
1616630400,93.93,95.23,93.35,95.02,1092
1616716800,95.78,96.62,95.09,96.58,1010
1616976000,96.16,96.52,95.55,96.14,1096
1617062400,95.89,96.28,95.56,96.14,1228
1617148800,96.34,97.09,96.34,96.66,1276
1617235200,97.18,97.83,97.18,97.81,1459
1617580800,98.66,99.12,98.56,99.04,1241
1617667200,99.05,99.38,98.91,99.07,820
1617753600,99.11,99.21,98.75,98.99,807
1617840000,99.37,99.54,99.06,99.52,601
1617926400,99.55,100.2,99.45,100.16,766
1618185600,100.07,100.28,99.81,100.19,1110
1618272000,100.27,100.71,100.14,100.55,1155
1618358400,100.55,100.98,100.15,100.28,1030
1618444800,100.97,101.39,100.81,101.34,1058
1618531200,101.73,101.77,101.25,101.61,947
1618790400,101.38,101.5,100.62,100.92,976
1618876800,100.75,100.87,99.67,100.1,921
1618963200,99.96,101.24,99.88,101.19,612
1619049600,101.24,101.58,100.14,100.44,971
1619136000,100.66,101.94,100.63,101.61,642
1619395200,101.83,102.13,101.75,101.95,714
1619481600,102.11,102.11,101.72,102.03,825
1619568000,101.99,102.26,101.84,101.88,653
1619654400,102.72,102.72,101.5,102.36,1015
1619740800,101.76,102.04,101.39,101.61,847
1620000000,102.18,102.2,101.67,101.76,819
1620086400,101.25,101.31,100.03,101.0,2051
1620172800,101.52,101.52,100.74,100.87,1130
1620259200,100.94,101.5,100.17,101.5,1233
1620345600,101.69,102.47,101.61,102.33,732
1620604800,102.48,102.48,101.1,101.13,1314
1620691200,99.99,100.58,99.22,100.37,2596
1620777600,99.75,99.92,97.95,98.07,1714
1620864000,98.5,99.67,98.48,99.21,1345
1620950400,100.0,101.09,99.98,100.86,957
1621209600,100.57,100.8,100.07,100.63,849
1621296000,100.66,100.91,99.84,99.84,757
1621382400,98.56,99.54,98.2,99.54,1490
1621468800,99.87,100.92,99.87,100.62,708
1621555200,101.18,101.41,100.51,100.62,874
1621814400,101.23,101.89,101.14,101.58,811
1621900800,101.84,101.99,101.2,101.33,679
1621987200,101.52,101.81,101.32,101.68,584
1622073600,101.93,102.13,101.85,101.87,716
1622160000,102.29,102.34,102.0,102.02,713
1622505600,102.66,102.68,101.91,102.08,1005
1622592000,102.19,102.38,102.0,102.19,642
1622678400,101.63,102.0,101.12,101.73,751
1622764800,102.25,102.69,102.25,102.59,778
1623024000,102.63,102.76,102.48,102.74,682
1623110400,102.9,103.03,102.33,102.86,789
1623196800,103.08,103.08,102.62,102.62,608
1623283200,103.02,103.32,102.54,103.08,511
1623369600,103.28,103.37,102.98,103.36,549
1623628800,103.47,103.49,103.08,103.49,652
1623715200,103.57,103.57,103.02,103.23,721
1623801600,103.27,103.29,102.17,102.75,889
1623888000,102.76,102.93,101.96,102.66,651
1623974400,101.92,102.06,101.3,101.34,945
1624233600,101.77,102.82,101.55,102.77,876
1624320000,102.74,103.56,102.57,103.35,721
1624406400,103.15,103.33,102.99,102.99,696
1624492800,103.54,103.79,103.53,103.67,680
1624579200,103.92,104.17,103.83,104.07,852
1624838400,104.37,104.37,103.79,104.22,824
1624924800,104.38,104.51,104.1,104.26,719
1625011200,104.13,104.4,104.08,104.28,697
1625097600,104.48,104.83,104.39,104.81,800
1625184000,105.1,105.46,104.98,105.38,768
1625529600,105.5,105.5,104.44,105.14,742
1625616000,105.29,105.46,104.63,105.3,643
1625702400,103.84,104.67,103.48,104.37,1232
1625788800,104.86,105.73,104.85,105.68,635
1626048000,105.71,106.04,105.51,106.0,786
1626134400,105.87,105.99,105.35,105.41,853
1626220800,105.82,106.0,105.06,105.28,552
1626307200,105.01,105.21,104.38,104.92,778
1626393600,105.3,105.32,104.03,104.11,601
1626652800,102.8,102.89,101.97,102.63,2202
1626739200,102.92,104.69,102.73,104.37,1222
1626825600,104.72,105.31,104.72,105.31,564
1626912000,105.29,105.45,104.93,105.34,542
1626998400,105.9,106.5,105.7,106.41,538
1627257600,106.45,106.63,106.28,106.63,741
1627344000,106.39,106.39,105.3,106.06,795
1627430400,106.28,106.59,105.97,106.24,761
1627516800,106.62,107.04,106.62,106.72,796
1627603200,106.2,106.65,105.99,106.13,755
1627862400,106.6,106.76,105.86,105.92,660
1627948800,106.19,106.69,105.46,106.67,925
1628035200,106.4,106.56,106.14,106.18,789
1628121600,106.46,106.98,106.38,106.95,501
1628208000,107.12,107.29,106.91,107.08,592
1628467200,107.06,107.17,106.72,106.98,569
1628553600,107.1,107.3,106.94,107.06,753
1628640000,107.33,107.33,106.93,107.3,565
1628726400,107.24,107.66,107.06,107.61,686
1628812800,107.71,107.74,107.53,107.7,518
1629072000,107.39,107.77,106.86,107.76,636
1629158400,107.02,107.22,106.2,106.95,1140
1629244800,106.71,107.09,105.82,105.89,635
1629331200,105.1,106.18,105.01,105.85,1272
1629417600,105.83,106.84,105.82,106.79,744
1629676800,107.3,108.02,107.3,107.8,797
1629763200,108.07,108.31,108.01,108.16,595
1629849600,108.18,108.6,108.13,108.49,598
1629936000,108.23,108.48,107.74,107.8,1009
1630022400,108.14,109.03,108.11,108.94,796
1630281600,109.1,109.53,108.96,109.31,725
1630368000,109.26,109.34,109.0,109.15,1091
1630454400,109.41,109.61,109.19,109.28,863
1630540800,109.54,109.81,109.36,109.64,671
1630627200,109.41,109.74,109.34,109.6,433
1630972800,109.57,109.57,109.03,109.17,824
1631059200,109.0,109.14,108.41,108.87,954
1631145600,108.87,109.33,108.47,108.47,1447
1631232000,108.99,109.12,107.6,107.61,965
1631491200,108.39,108.39,107.33,107.88,1322
1631577600,108.14,108.26,106.99,107.16,1029
1631664000,107.42,108.26,107.04,108.14,1139
1631750400,108.08,108.32,107.3,108.03,747
1631836800,107.78,107.97,106.97,107.15,862
1632096000,105.08,105.88,103.99,105.27,2758
1632182400,105.72,106.2,105.03,105.24,1400
1632268800,105.43,106.54,105.32,105.99,1080
1632355200,106.52,107.7,106.51,107.34,719
1632441600,106.86,107.58,106.86,107.41,786
1632700800,107.23,107.53,106.96,107.2,964
1632787200,106.43,106.52,104.81,104.92,2862
1632873600,105.31,105.69,104.92,104.98,1229
1632960000,105.44,105.58,103.82,103.85,1524
1633046400,104.34,105.53,103.38,105.03,3017
1633305600,104.95,104.95,103.16,103.7,1464
1633392000,104.03,105.23,103.9,104.68,905
1633478400,103.75,105.15,103.35,105.08,1271
1633564800,105.95,106.8,105.94,106.11,830
1633651200,106.29,106.41,105.74,105.82,552
1633910400,105.76,106.42,105.1,105.1,821
1633996800,105.37,105.55,104.83,105.06,817
1634083200,105.32,105.64,104.59,105.5,649
1634169600,106.51,107.29,106.4,107.26,646
1634256000,107.91,108.1,107.68,107.92,703
1634515200,107.51,108.34,107.35,108.3,839
1634601600,108.72,109.1,108.54,109.04,904
1634688000,109.15,109.58,109.15,109.48,650
1634774400,109.33,109.87,109.3,109.83,750
1634860800,109.71,110.07,109.13,109.66,1152
1635120000,109.91,110.37,109.49,110.2,790
1635206400,110.68,110.96,110.15,110.27,704
1635292800,110.34,110.43,109.48,109.48,803
1635379200,109.95,110.68,109.93,110.65,729
1635465600,110.23,110.94,110.18,110.85,611
1635724800,111.03,111.37,110.86,111.37,597
1635811200,111.56,111.76,111.49,111.71,1101
1635897600,111.72,112.6,111.59,112.49,627
1635984000,113.04,113.09,112.53,112.89,712
1636070400,113.7,113.76,112.98,113.38,583
1636329600,113.58,113.83,113.42,113.57,675
1636416000,113.7,113.73,112.85,113.19,754
1636502400,112.71,113.18,111.68,112.11,741
1636588800,112.48,112.55,112.23,112.25,1007
1636675200,112.61,113.19,112.36,113.1,635
1636934400,113.5,113.5,112.83,113.08,743
1637020800,113.02,113.81,113.0,113.55,587
1637107200,113.43,113.43,112.96,113.09,698
1637193600,113.36,113.41,112.53,113.29,675
1637280000,113.18,113.51,112.92,113.02,607
1637539200,113.43,113.98,112.44,112.44,837
1637625600,112.39,112.81,111.48,112.51,2068
1637712000,111.88,112.87,111.69,112.84,661
1637884800,111.02,111.42,109.95,110.58,1437
1638144000,111.46,111.97,110.73,111.43,2066
1638230400,110.88,111.26,109.16,109.25,1793
1638316800,110.68,111.3,107.63,107.68,1706
1638403200,107.77,109.87,107.74,109.47,1580
1638489600,109.99,110.03,107.21,108.29,1607
1638748800,108.96,110.07,108.14,109.57,884
1638835200,111.12,112.21,111.08,111.93,1383
1638921600,111.51,112.1,111.29,111.98,541
1639008000,111.63,111.84,110.88,110.89,768
1639094400,111.53,111.82,110.81,111.74,802
1639353600,111.65,111.65,110.6,110.64,879
1639440000,109.71,110.42,109.17,109.86,1783
1639526400,109.83,111.61,109.1,111.55,1495
1639612800,112.01,112.05,109.92,110.36,1071
1639699200,109.51,110.59,108.86,109.54,1255
1639958400,108.18,108.38,107.31,108.28,2196
1640044800,109.0,110.47,108.79,110.42,954
1640131200,110.31,111.5,110.31,111.47,753
1640217600,111.71,112.57,111.71,112.2,843
1640563200,112.49,113.67,112.49,113.66,1058
1640649600,113.68,114.1,113.34,113.44,991
1640736000,113.53,113.81,113.15,113.62,942
1640822400,113.7,114.04,113.27,113.34,1046
1640908800,113.29,113.54,113.0,113.02,842
1641168000,113.25,113.68,112.74,113.66,2269
1641254400,114.13,114.19,112.97,113.52,1218
1641340800,113.4,113.56,111.04,111.05,1774
1641427200,110.9,111.75,110.27,111.03,2523
1641513600,111.05,111.44,110.18,110.48,1490
1641772800,109.76,110.4,108.14,110.34,3079
1641859200,110.2,111.46,109.61,111.46,1193
1641945600,112.13,112.25,111.13,111.63,1016
1642032000,111.89,112.05,109.79,110.04,970
1642118400,109.38,110.08,108.8,110.04,1208
1642464000,108.85,108.85,107.68,107.93,1835
1642550400,108.29,108.66,106.7,106.77,1419
1642636800,107.23,108.54,105.4,105.49,2182
1642723200,105.05,105.84,103.4,103.42,3793
1642982400,101.91,104.17,99.34,104.05,5007
1643068800,102.4,103.93,100.97,102.56,2773
1643155200,104.11,104.93,101.17,102.26,2678
1643241600,103.35,104.07,101.07,101.47,2029
1643328000,101.81,104.0,100.64,103.99,1847
1643587200,103.8,106.27,103.59,106.2,1485
1643673600,106.46,107.16,105.49,107.08,1241
1643760000,107.51,107.91,106.78,107.73,1240
1643846400,106.13,106.73,104.97,105.1,1155
1643932800,105.2,106.74,104.58,105.82,1172
1644192000,106.06,106.44,105.26,105.57,1087
1644278400,105.47,106.77,105.11,106.55,1236
1644364800,107.53,108.3,107.51,108.25,1441
1644451200,106.63,108.53,105.9,106.39,1258
1644537600,106.5,106.96,103.96,104.32,1680
1644796800,104.22,104.64,103.15,103.9,1660
1644883200,105.08,105.88,105.08,105.81,1320
1644969600,105.33,106.21,104.82,105.87,1049
1645056000,105.15,105.17,103.37,103.51,1179
1645142400,103.55,103.92,102.2,102.66,2293
1645488000,102.03,103.04,100.74,101.58,3268
1645574400,102.33,102.41,99.54,99.66,4699
1645660800,96.99,101.51,96.89,101.4,5229
1645747200,101.66,103.7,101.24,103.7,3040
1646006400,102.5,103.98,102.24,103.55,2266
1646092800,103.31,103.72,101.31,101.97,1493
1646179200,102.52,104.24,102.28,103.85,1725
1646265600,104.33,104.45,102.65,103.06,2345
1646352000,102.29,102.39,101.06,102.04,2549
1646611200,101.89,101.98,98.9,98.91,5486
1646697600,98.98,100.86,98.0,98.39,2836
1646784000,100.4,101.56,100.02,101.07,1749
1646870400,100.0,100.83,99.4,100.65,1273
1646956800,50.68,50.69,49.58,49.61,2752
1647216000,49.9,50.05,49.0,49.19,3085
1647302400,49.72,50.27,49.62,50.18,1984
1647388800,51.18,51.43,50.12,51.43,2666
1647475200,51.56,52.13,51.29,52.13,1756
1647561600,52.21,52.79,52.02,52.72,1643
1647820800,52.5,52.88,52.24,52.68,1895
1647907200,53.24,53.41,53.1,53.24,872
1647993600,52.87,53.06,52.47,52.5,1501
1648080000,52.6,53.22,52.58,53.22,1144
1648166400,53.34,53.47,52.92,53.45,1311
1648425600,53.4,53.8,53.08,53.8,3206
1648512000,54.25,54.68,54.01,54.61,2612
1648598400,54.45,54.53,53.9,54.14,1472
1648684800,54.09,54.19,53.33,53.39,1662
1648771200,53.57,53.6,53.1,53.54,1841
1649030400,53.58,54.0,53.52,53.98,1622
1649116800,53.89,54.07,53.09,53.21,1365
1649203200,52.67,52.9,52.24,52.62,3369
1649289600,52.52,53.04,52.15,52.8,2024
1649376000,52.74,53.02,52.45,52.62,1883
1649635200,52.32,52.35,51.76,51.82,2788
1649721600,52.24,52.53,51.47,51.65,2055
1649808000,51.66,52.41,51.62,52.33,2174
1649894400,52.4,52.5,51.67,51.7,1486
1650240000,51.55,51.83,51.34,51.61,3524
1650326400,51.67,52.61,51.62,52.51,1388
1650412800,52.74,52.85,52.35,52.44,1260
1650499200,52.88,53.08,51.47,51.59,1428
1650585600,51.43,51.45,50.16,50.2,5571
1650844800,49.9,50.54,49.4,50.53,7389
1650931200,50.27,50.27,49.03,49.03,6775
1651017600,49.07,49.75,48.85,49.11,6674
1651104000,49.7,50.54,49.06,50.31,4513
1651190400,49.9,50.21,48.43,48.54,4955
1651449600,48.52,49.01,47.72,48.84,8988
1651536000,48.86,49.34,48.7,49.07,4216
1651622400,49.13,50.58,48.68,50.52,2707
1651708800,50.01,50.01,48.14,48.69,4669
1651795200,48.37,48.71,47.6,48.25,4767
1652054400,47.47,47.66,46.38,46.59,9366
1652140800,47.3,47.52,46.09,46.65,7828
1652227200,46.53,47.27,45.75,45.84,6085
1652313600,45.5,46.32,45.05,45.9,5513
1652400000,46.47,47.3,46.39,47.11,2610
1652659200,46.92,47.31,46.63,46.87,2979
1652745600,47.57,47.88,47.17,47.86,2318
1652832000,47.28,47.34,45.82,45.99,3162
1652918400,45.61,46.32,45.45,45.78,3804
1653004800,46.26,46.28,44.7,45.8,5973
1653264000,46.12,46.67,45.83,46.56,5552
1653350400,46.08,46.26,45.33,46.11,4314
1653436800,45.95,46.85,45.9,46.62,2981
1653523200,46.76,47.76,46.75,47.58,2734
1653609600,47.86,48.77,47.86,48.77,2284
1653955200,48.58,48.84,48.1,48.43,2806
1654041600,48.74,48.83,47.7,48.05,2236
1654128000,48.03,49.06,47.85,49.06,3036
1654214400,48.44,48.67,48.12,48.25,1812
1654473600,48.75,48.95,48.27,48.42,1933
1654560000,48.0,48.96,47.92,48.9,1936
1654646400,48.7,48.91,48.27,48.38,1180
1654732800,48.16,48.37,47.22,47.22,3061
1654819200,46.41,46.47,45.79,45.8,8983
1655078400,44.54,44.82,43.77,43.96,12820
1655164800,44.13,44.3,43.43,43.83,10932
1655251200,44.26,45.04,43.66,44.47,7709
1655337600,43.45,43.51,42.6,42.96,8269
1655424000,42.96,43.46,42.62,43.07,7763
1655769600,43.79,44.32,43.76,44.08,6574
1655856000,43.35,44.35,43.34,43.84,4151
1655942400,44.11,44.41,43.7,44.33,2863
1656028800,44.69,45.74,44.69,45.74,3500
1656288000,45.9,45.91,45.44,45.6,2706
1656374400,45.88,46.13,44.67,44.69,3385
1656460800,44.71,44.81,44.36,44.58,1776
1656547200,44.12,44.6,43.63,44.22,3014
1656633600,44.19,44.72,43.8,44.67,2521
1656979200,44.1,44.83,43.68,44.83,3012
1657065600,44.81,45.21,44.48,44.9,2141
1657152000,45.2,45.73,45.19,45.63,1614
1657238400,45.41,45.83,45.24,45.59,1801
1657497600,45.25,45.37,44.93,45.03,2785
1657584000,44.95,45.27,44.43,44.65,1623
1657670400,44.0,44.74,43.95,44.43,2203
1657756800,43.89,44.32,43.47,44.23,5149
1657843200,44.83,45.13,44.54,45.11,3535
1658102400,45.48,45.61,44.65,44.78,8156
1658188800,45.29,46.08,45.22,46.03,5072
1658275200,46.01,46.56,45.91,46.42,1585
1658361600,46.31,46.86,46.02,46.85,1614
1658448000,46.91,47.02,46.1,46.37,2077
1658707200,46.43,46.53,46.15,46.42,2801
1658793600,46.22,46.22,45.76,45.86,1258
1658880000,46.3,47.27,46.24,47.05,2449
1658966400,47.14,47.72,46.72,47.67,1654
1659052800,47.83,48.43,47.72,48.33,2010
1659312000,48.0,48.51,47.87,48.22,5453
1659398400,48.0,48.51,47.78,47.94,1687
1659484800,48.24,48.84,48.2,48.69,1486
1659571200,48.69,48.77,48.45,48.66,1265
1659657600,48.1,48.71,48.1,48.63,3224
1659916800,48.83,49.2,48.52,48.65,2242
1660003200,48.52,48.58,48.23,48.38,938
1660089600,49.25,49.5,49.06,49.46,1600
1660176000,49.86,50.1,49.39,49.48,1884
1660262400,49.72,50.33,49.62,50.32,1358
1660521600,50.02,50.58,50.01,50.5,3489
1660608000,50.36,50.85,50.26,50.62,1155
1660694400,50.12,50.51,49.94,50.17,1535
1660780800,50.16,50.42,50.04,50.31,973
1660867200,49.96,49.98,49.48,49.6,1183
1661126400,48.96,49.01,48.43,48.56,2304
1661212800,48.54,48.84,48.4,48.44,1273
1661299200,48.41,48.82,48.35,48.61,1267
1661385600,48.83,49.36,48.75,49.35,1051
1661472000,49.36,49.39,47.7,47.71,2118
1661731200,47.29,47.76,47.21,47.35,3851
1661817600,47.47,47.58,46.58,46.83,3379
1661904000,47.04,47.19,46.49,46.5,1704
1661990400,46.19,46.56,45.78,46.54,4295
1662076800,47.03,47.14,45.85,46.07,2040
1662422400,46.17,46.28,45.58,45.88,2856
1662508800,45.82,46.81,45.82,46.71,1440
1662595200,46.36,47.1,46.3,47.06,1992
1662681600,47.44,47.94,47.37,47.84,1787
1662940800,48.09,48.45,48.06,48.37,1765
1663027200,47.18,47.4,46.16,46.29,2395
1663113600,46.41,46.62,46.05,46.46,1781
1663200000,46.24,46.65,45.8,45.97,1695
1663286400,45.51,45.61,45.14,45.54,6728
1663545600,45.15,45.9,45.12,45.89,1779
1663632000,45.51,45.58,45.01,45.33,2433
1663718400,45.39,45.78,44.38,44.38,3307
1663804800,44.31,44.39,43.82,43.89,8765
1663891200,43.41,43.45,42.56,43.13,9343
1664150400,42.95,43.41,42.51,42.62,9195
1664236800,43.11,43.4,42.29,42.59,14058
1664323200,42.69,43.69,42.54,43.48,9649
1664409600,43.04,43.05,42.21,42.57,9096
1664496000,42.45,43.0,41.96,41.99,8805
1664755200,42.45,43.3,42.19,43.07,6141
1664841600,43.83,44.49,43.81,44.48,2865
1664928000,43.95,44.63,43.63,44.37,1754
1665014400,44.16,44.6,43.89,43.96,2476
1665100800,43.45,43.47,42.48,42.69,3279
1665360000,42.83,42.84,42.07,42.35,3125
1665446400,42.15,42.7,41.79,42.08,4000
1665532800,42.07,42.29,41.9,41.95,2742
1665619200,41.07,43.2,40.92,43.0,5129
1665705600,43.31,43.53,41.92,42.02,3065
1665964800,42.81,43.25,42.78,43.12,3331
1666051200,44.04,44.16,43.24,43.65,3100
1666137600,43.34,43.69,42.91,43.27,1806
1666224000,43.14,43.75,42.79,42.89,3185
1666310400,42.8,43.96,42.68,43.9,2875
1666569600,44.04,44.51,43.69,44.38,4115
1666656000,44.37,45.21,44.36,45.19,2206
1666742400,44.81,45.56,44.8,44.88,2683
1666828800,45.07,45.28,44.61,44.69,6604
1666915200,44.67,45.76,44.63,45.7,1973
1667174400,45.35,45.67,45.29,45.4,2488
1667260800,45.48,45.51,45.14,45.27,1791
1667347200,44.97,45.71,44.08,44.08,3137
1667433600,43.81,44.02,43.63,43.66,3947
1667520000,44.4,44.54,43.48,44.22,3256
1667779200,44.4,44.7,44.12,44.62,2969
1667865600,44.75,45.24,44.34,44.86,1887
1667952000,44.53,44.7,43.82,43.89,1583
1668038400,45.5,46.43,45.34,46.38,3111
1668124800,46.5,47.0,46.33,46.88,2738
1668384000,46.65,47.05,46.43,46.44,3660
1668470400,47.17,47.33,46.46,46.9,3303
1668556800,46.63,46.76,46.37,46.44,1743
1668643200,45.85,46.34,45.76,46.26,3406
1668729600,46.69,46.69,46.11,46.47,2461
1668988800,46.28,46.41,46.05,46.26,2084
1669075200,46.5,46.9,46.31,46.9,1180
1669161600,46.84,47.25,46.82,47.15,1245
1669334400,47.14,47.26,47.1,47.18,459
1669593600,46.75,47.02,46.32,46.42,1943
1669680000,46.47,46.6,46.16,46.36,1363
1669766400,46.41,47.79,46.14,47.79,2148
1669852800,47.9,48.09,47.5,47.8,1474
1669939200,47.28,47.88,47.22,47.75,1127
1670198400,47.42,47.5,46.67,46.82,2014
1670284800,46.8,46.85,45.87,46.15,2073
1670371200,45.78,46.15,45.71,45.85,1741
1670457600,46.09,46.37,45.9,46.2,1337
1670544000,46.08,46.35,45.83,45.85,1890
1670803200,45.9,46.51,45.86,46.51,2014
1670889600,47.75,47.86,46.54,46.86,4396
1670976000,46.88,47.26,46.23,46.59,1948
1671062400,45.91,46.08,45.25,45.44,3561
1671148800,45.13,45.26,44.62,44.92,6105
1671408000,44.95,44.96,44.29,44.48,3125
1671494400,44.37,44.75,44.22,44.56,2178
1671580800,44.86,45.36,44.82,45.23,1726
1671667200,44.81,44.91,43.89,44.58,2781
1671753600,44.52,44.84,44.27,44.81,1869
1672099200,44.8,44.85,44.45,44.64,2208
1672185600,44.65,44.83,44.05,44.08,2049
1672272000,44.41,45.0,44.35,44.89,1889
1672358400,44.53,44.82,44.33,44.81,3058
1672704000,45.04,45.29,44.26,44.59,2579
1672790400,44.85,45.2,44.54,44.99,1848
1672876800,44.83,44.83,44.38,44.46,2507
1672963200,44.79,45.59,44.45,45.46,1207
1673222400,45.69,46.13,45.45,45.48,1641
1673308800,45.48,45.84,45.29,45.83,1327
1673395200,46.0,46.43,45.96,46.43,1123
1673481600,46.6,46.8,46.06,46.68,1486
1673568000,46.28,46.92,46.27,46.88,1169
1673913600,46.85,47.05,46.7,46.78,1885
1674000000,46.93,47.1,46.05,46.08,1216
1674086400,45.79,45.96,45.52,45.69,1413
1674172800,45.83,46.57,45.66,46.55,1475
1674432000,46.66,47.37,46.57,47.17,1364
1674518400,47.0,47.19,46.81,47.09,1021
1674604800,46.52,47.14,46.28,47.09,1482
1674691200,47.42,47.62,47.06,47.62,1042
1674777600,47.52,48.05,47.49,47.79,1158
1675036800,47.4,47.7,47.13,47.15,1618
1675123200,47.2,47.91,47.2,47.91,1228
1675209600,47.77,48.8,47.46,48.47,1875
1675296000,48.96,49.42,48.78,49.22,1758
1675382400,48.7,49.25,48.54,48.68,1726
1675641600,48.37,48.52,48.16,48.35,1211
1675728000,48.21,49.1,48.06,48.94,1391
1675814400,48.73,48.9,48.33,48.42,1187
1675900800,48.8,48.87,47.83,47.95,970
1675987200,47.83,48.06,47.68,48.02,923
1676246400,48.09,48.61,48.04,48.58,1225
1676332800,48.32,48.89,48.13,48.6,1153
1676419200,48.38,48.85,48.3,48.83,909
1676505600,48.29,48.75,48.17,48.23,1204
1676592000,47.92,48.09,47.69,48.07,881
1676937600,47.6,47.68,47.02,47.05,1542
1677024000,47.1,47.31,46.86,47.02,1372
1677110400,47.4,47.44,46.73,47.26,1398
1677196800,46.67,46.85,46.43,46.76,3852
1677456000,47.15,47.34,46.81,46.9,1199
1677542400,46.85,47.12,46.78,46.78,1030
1677628800,46.7,46.84,46.45,46.6,959
1677715200,46.3,47.06,46.3,46.93,1353
1677801600,47.18,47.74,47.12,47.7,924
1678060800,47.76,48.04,47.59,47.65,989
1678147200,47.65,47.68,46.87,46.94,1264
1678233600,46.96,47.11,46.74,47.0,927
1678320000,47.1,47.24,45.96,46.08,1266
1678406400,45.97,46.18,45.07,45.29,4706
1678665600,44.95,45.74,44.94,45.14,3106
1678752000,46.01,46.16,45.38,46.16,1626
1678838400,45.15,45.56,44.9,45.53,3563
1678924800,45.35,46.38,45.32,46.33,1874
1679011200,45.88,45.94,45.57,45.76,1611
1679270400,46.07,46.27,45.84,46.14,1395
1679356800,46.55,46.9,46.48,46.82,1109
1679443200,46.74,47.04,45.8,45.81,1684
1679529600,46.34,46.64,45.56,45.89,1401
1679616000,45.79,46.17,45.47,46.15,1306
1679875200,46.47,46.56,46.18,46.28,1499
1679961600,46.2,46.35,45.99,46.22,1578
1680048000,46.69,46.91,46.57,46.89,1377
1680134400,47.21,47.27,46.93,47.14,1212
1680220800,47.23,47.89,47.23,47.87,1244
1680480000,47.82,48.06,47.68,47.99,1448
1680566400,48.06,48.08,47.49,47.66,1141
1680652800,47.57,47.62,47.27,47.48,1181
1680739200,47.37,47.67,47.23,47.64,956
1681084800,47.4,47.75,47.29,47.74,1226
1681171200,47.81,47.98,47.69,47.81,1032
1681257600,48.1,48.12,47.53,47.59,1090
1681344000,47.72,48.25,47.69,48.19,998
1681430400,48.16,48.41,47.79,48.08,1048
1681689600,48.04,48.28,47.94,48.28,1095
1681776000,48.46,48.48,48.15,48.32,1266
1681862400,48.04,48.39,48.04,48.31,1079
1681948800,47.94,48.23,47.85,48.01,1135
1682035200,48.07,48.12,47.82,48.07,927
1682294400,48.02,48.16,47.85,48.08,875
1682380800,47.85,47.88,47.26,47.28,1063
1682467200,47.35,47.48,46.99,47.07,1121
1682553600,47.35,47.99,47.32,47.94,1137
1682640000,47.87,48.35,47.82,48.35,1188
1682899200,48.3,48.58,48.3,48.34,1100
1682985600,48.19,48.21,47.38,47.73,1252
1683072000,47.82,48.16,47.43,47.45,1451
1683158400,47.29,47.35,46.92,47.09,1633
1683244800,47.56,48.11,47.56,47.97,936
1683504000,48.05,48.07,47.86,48.0,849
1683590400,47.79,47.97,47.78,47.84,708
1683676800,48.2,48.27,47.59,48.03,895
1683763200,47.86,47.96,47.7,47.94,1113
1683849600,48.05,48.11,47.57,47.85,922
1684108800,47.92,48.14,47.75,48.05,896
1684195200,47.95,48.0,47.7,47.7,958
1684281600,47.93,48.39,47.75,48.32,938
1684368000,48.28,48.85,48.25,48.8,1285
1684454400,48.92,48.96,48.55,48.68,1036
1684713600,48.69,48.95,48.58,48.79,1398
1684800000,48.57,48.75,48.21,48.28,886
1684886400,48.03,48.08,47.75,47.88,1054
1684972800,48.23,48.37,47.96,48.2,979
1685059200,48.34,48.94,48.29,48.84,1049
1685404800,49.13,49.17,48.71,48.87,1357
1685491200,48.62,48.75,48.37,48.58,1051
1685577600,48.61,49.2,48.47,49.05,1281
1685664000,49.46,49.95,49.4,49.85,1464
1685923200,49.88,50.03,49.66,49.74,1324
1686009600,49.66,50.02,49.63,49.97,919
1686096000,50.02,50.2,49.8,49.87,951
1686182400,49.83,50.17,49.73,50.12,1083
1686268800,50.23,50.43,50.05,50.15,1021
1686528000,50.29,50.62,50.19,50.61,1252
1686614400,50.81,51.07,50.76,51.0,1193
1686700800,51.05,51.25,50.59,50.98,1352
1686787200,50.89,51.76,50.88,51.62,1138
1686873600,51.82,51.85,51.39,51.41,1320
1687219200,51.17,51.27,50.89,51.17,1397
1687305600,50.84,50.94,50.63,50.71,1517
1687392000,50.54,50.84,50.5,50.82,932
1687478400,50.4,50.63,50.34,50.4,1624
1687737600,50.35,50.61,50.23,50.24,1187
1687824000,50.35,50.92,50.32,50.85,1087
1687910400,50.69,51.02,50.65,50.89,1159
1687996800,50.85,51.15,50.83,51.14,1068
1688083200,51.55,51.81,51.48,51.69,1009
1688342400,51.62,51.82,51.61,51.61,798
1688515200,51.57,51.74,51.56,51.67,941
1688601600,51.2,51.24,50.87,51.21,1205
1688688000,51.09,51.62,51.09,51.16,864
1688947200,51.1,51.37,51.1,51.37,846
1689033600,51.47,51.82,51.37,51.78,954
1689120000,52.29,52.33,52.05,52.14,1187
1689206400,52.4,52.7,52.35,52.62,1165
1689292800,52.7,52.75,52.44,52.49,995
1689552000,52.5,52.87,52.5,52.73,1383
1689638400,52.69,53.23,52.68,53.18,1240
1689724800,53.3,53.43,53.19,53.28,1216
1689811200,53.16,53.25,52.81,52.91,1365
1689897600,53.07,53.12,52.88,52.89,851
1690156800,53.01,53.19,52.93,53.08,1189
1690243200,53.05,53.4,53.03,53.21,1025
1690329600,53.13,53.44,53.03,53.27,1427
1690416000,53.64,53.72,52.76,52.87,1601
1690502400,53.27,53.5,53.21,53.44,1093
1690761600,53.52,53.62,53.38,53.56,1384
1690848000,53.36,53.48,53.26,53.42,1483
1690934400,53.0,53.03,52.56,52.65,1474
1691020800,52.42,52.72,52.29,52.49,1295
1691107200,52.68,52.97,52.22,52.25,1533
1691366400,52.5,52.7,52.36,52.68,1060
1691452800,52.31,52.47,51.99,52.43,1267
1691539200,52.44,52.46,51.96,52.04,1033
1691625600,52.31,52.73,51.92,52.06,1313
1691712000,51.86,52.15,51.79,52.01,969
1691971200,51.91,52.28,51.83,52.28,1328
1692057600,52.08,52.08,51.61,51.68,1237
1692144000,51.6,51.81,51.26,51.27,1140
1692230400,51.44,51.47,50.79,50.86,1250
1692316800,50.48,51.01,50.45,50.88,1450
1692576000,50.99,51.28,50.74,51.18,1746
1692662400,51.37,51.38,50.99,51.05,1887
1692748800,51.15,51.69,51.15,51.62,1553
1692835200,51.81,51.86,50.92,50.93,1788
1692921600,51.12,51.41,50.68,51.23,1579
1693180800,51.52,51.66,51.38,51.59,1199
1693267200,51.57,52.37,51.55,52.36,1197
1693353600,52.38,52.66,52.32,52.57,1228
1693440000,52.69,52.83,52.53,52.56,1012
1693526400,52.86,52.95,52.53,52.67,950
1693872000,52.58,52.63,52.39,52.39,1224
1693958400,52.27,52.34,51.79,52.08,1397
1694044800,51.65,51.95,51.62,51.87,1894
1694131200,51.91,52.1,51.84,51.94,1039
1694390400,52.25,52.31,52.06,52.27,1189
1694476800,52.06,52.29,51.94,52.01,1314
1694563200,52.0,52.14,51.86,51.98,1165
1694649600,52.32,52.54,52.14,52.47,856
1694736000,52.28,52.28,51.78,51.84,1299
1694995200,51.8,52.0,51.73,51.83,1452
1695081600,51.75,51.79,51.41,51.71,1116
1695168000,51.66,51.75,51.05,51.05,1227
1695254400,50.71,50.72,50.19,50.2,1855
1695340800,50.32,50.49,50.06,50.12,1478
1695600000,49.91,50.3,49.89,50.27,2081
1695686400,49.95,50.05,49.49,49.57,3915
1695772800,49.71,49.83,49.22,49.64,1478
1695859200,49.57,50.17,49.55,49.96,1219
1695945600,50.34,50.35,49.69,49.85,1713
1696204800,49.76,49.93,49.44,49.75,1500
1696291200,49.52,49.63,48.87,49.03,1677
1696377600,49.09,49.47,48.89,49.41,1515
1696464000,49.3,49.45,48.99,49.34,1163
1696550400,49.07,50.14,48.93,49.95,1520
1696809600,49.68,50.34,49.67,50.28,1287
1696896000,50.36,50.89,50.33,50.59,1031
1696982400,50.73,50.82,50.4,50.78,1147
1697068800,50.79,50.82,50.09,50.38,2041
1697155200,50.54,50.67,49.9,50.08,1401
1697414400,50.32,50.76,50.32,50.63,1541
1697500800,50.31,50.96,50.3,50.71,1349
1697587200,50.49,50.56,49.86,49.96,1719
1697673600,50.05,50.25,49.41,49.51,1709
1697760000,49.45,49.48,48.87,48.89,2387
1698019200,48.66,49.22,48.47,48.78,1681
1698105600,49.02,49.28,48.8,49.14,1506
1698192000,48.9,48.9,48.32,48.37,2143
1698278400,48.26,48.38,47.74,47.87,2086
1698364800,48.06,48.08,47.46,47.62,2075
1698624000,47.84,48.28,47.77,48.16,1182
1698710400,48.21,48.52,48.11,48.24,1328
1698796800,48.79,49.49,48.53,49.49,2376
1698883200,49.64,49.95,49.63,49.94,1504
1698969600,50.38,50.7,50.32,50.5,1317
1699228800,50.59,50.64,50.29,50.51,1625
1699315200,50.51,50.75,50.39,50.67,1237
1699401600,50.74,50.81,50.41,50.67,1592
1699488000,50.81,50.81,50.2,50.23,1594
1699574400,50.45,51.03,50.28,50.99,1273
1699833600,50.82,51.08,50.74,50.96,2075
1699920000,51.66,52.24,51.66,52.11,1844
1700006400,52.28,52.49,52.13,52.2,1867
1700092800,52.12,52.27,51.97,52.21,1724
1700179200,52.3,52.4,52.16,52.33,1294
1700438400,52.32,52.83,52.31,52.74,1724
1700524800,52.59,52.63,52.44,52.58,1235
1700611200,52.81,52.94,52.66,52.81,1484
1700784000,52.82,52.88,52.79,52.86,646
1701043200,52.8,52.89,52.72,52.78,1415
1701129600,52.73,52.99,52.64,52.82,1596
1701216000,53.08,53.28,52.81,52.86,2447
1701302400,52.95,53.11,52.73,53.05,1579
1701388800,52.96,53.55,52.94,53.51,1625
1701648000,53.1,53.35,53.02,53.3,1238
1701734400,53.09,53.34,53.05,53.21,1378
1701820800,53.25,53.28,52.75,52.79,1297
1701907200,53.01,53.25,52.95,53.2,1291
1701993600,53.11,53.51,53.08,53.44,1599
1702252800,53.39,53.69,53.37,53.66,1552
1702339200,53.62,53.9,53.47,53.87,1488
1702425600,53.89,54.75,53.84,54.71,1579
1702512000,54.96,55.25,54.73,55.03,1831
1702598400,54.98,55.12,54.81,54.94,1726
1702857600,55.09,55.31,55.09,55.21,1949
1702944000,55.3,55.61,55.29,55.61,1443
1703030400,55.5,55.75,54.75,54.75,1656
1703116800,55.17,55.4,54.91,55.36,1397
1703203200,55.49,55.7,55.28,55.51,1762
1703548800,55.55,55.88,55.55,55.77,2076
1703635200,55.78,55.92,55.7,55.88,1899
1703721600,55.9,56.0,55.85,55.89,1679
1703808000,55.86,55.93,55.47,55.7,2280
1704153600,55.3,55.49,55.07,55.28,1867
1704240000,55.01,55.05,54.68,54.72,1706
1704326400,54.68,55.0,54.56,54.58,1322
1704412800,54.57,54.96,54.51,54.66,1609
1704672000,54.72,55.48,54.7,55.46,1395
1704758400,55.14,55.48,55.06,55.35,1206
1704844800,55.42,55.75,55.31,55.65,1417
1704931200,55.73,55.78,55.1,55.59,1539
1705017600,55.8,55.9,55.46,55.59,1294
1705363200,55.41,55.56,55.16,55.37,1634
1705449600,54.99,55.09,54.74,55.03,2325
1705536000,55.27,55.56,55.03,55.51,1469
1705622400,55.67,56.22,55.55,56.19,1733
1705881600,56.44,56.62,56.31,56.42,1733
1705968000,56.5,56.57,56.32,56.54,1461
1706054400,56.9,56.97,56.51,56.53,1683
1706140800,56.79,56.9,56.55,56.84,1451
1706227200,56.81,57.0,56.71,56.81,1281
1706486400,56.84,57.32,56.8,57.32,1437
1706572800,57.22,57.31,57.14,57.24,1304
1706659200,56.92,57.07,56.27,56.27,2130
1706745600,56.49,56.99,56.32,56.99,1100
1706832000,57.0,57.71,56.93,57.52,1657
1707091200,57.41,57.43,56.95,57.27,1482
1707177600,57.36,57.47,57.22,57.45,1344
1707264000,57.68,57.97,57.57,57.89,1113
1707350400,57.89,58.05,57.85,58.04,1070
1707436800,58.08,58.45,58.06,58.4,1273
1707696000,58.4,58.74,58.37,58.44,1332
1707782400,57.53,57.78,57.13,57.52,1686
1707868800,57.97,58.19,57.63,58.19,1478
1707955200,58.19,58.63,58.19,58.6,1329
1708041600,58.55,58.7,58.25,58.29,1347
1708387200,58.0,58.11,57.65,57.9,1512
1708473600,57.7,57.94,57.51,57.93,1309
1708560000,58.68,59.17,58.57,59.06,1466
1708646400,59.26,59.35,59.01,59.15,1158
1708905600,59.15,59.23,58.95,58.97,1440
1708992000,59.06,59.15,58.89,59.14,1292
1709078400,58.91,59.12,58.88,59.02,1169
1709164800,59.26,59.43,58.92,59.27,1074
1709251200,59.4,59.85,59.29,59.82,1623
1709510400,59.77,59.99,59.73,59.77,1131
1709596800,59.5,59.57,58.88,59.14,1447
1709683200,59.58,59.72,59.29,59.48,1394
1709769600,59.89,60.17,59.79,60.06,1390
1709856000,60.13,60.49,59.62,59.73,1493
1710115200,59.37,59.68,59.37,59.61,1033
1710201600,60.04,60.26,59.83,60.2,1265
1710288000,60.22,60.29,59.97,60.0,952
1710374400,59.95,60.01,59.53,59.91,1173
1710460800,59.61,59.76,59.38,59.54,1275
1710720000,60.1,60.37,59.81,60.37,1314
1710806400,59.66,60.2,59.66,60.18,856
1710892800,60.09,60.63,59.94,60.59,1322
1710979200,61.04,61.07,60.85,60.85,1313
1711065600,60.76,60.86,60.66,60.69,1033
1711324800,60.64,60.7,60.54,60.54,1272
1711411200,60.7,60.75,60.42,60.43,979
1711497600,60.62,60.99,60.58,60.99,1201
1711584000,61.05,61.19,61.01,61.03,1089
1711929600,61.12,61.14,60.73,60.88,1638
1712016000,60.39,60.42,60.15,60.41,1747
1712102400,60.28,60.68,60.26,60.5,1456
1712188800,60.97,61.04,59.74,59.78,1696
1712275200,59.9,60.62,59.88,60.39,1253
1712534400,60.52,60.61,60.37,60.45,1219
1712620800,60.63,60.68,59.96,60.54,1250
1712707200,59.81,60.12,59.62,59.87,2058
1712793600,60.03,60.44,59.62,60.29,1387
1712880000,59.91,60.02,59.2,59.4,1712
1713139200,59.85,59.92,58.53,58.64,2543
1713225600,58.62,58.85,58.34,58.53,2021
1713312000,58.75,58.8,57.99,58.13,1885
1713398400,58.26,58.58,57.91,58.02,2196
1713484800,57.93,58.15,57.41,57.57,1997
1713744000,57.89,58.43,57.61,58.1,1494
1713830400,58.37,58.91,58.31,58.84,1154
1713916800,58.93,59.06,58.54,58.84,1934
1714003200,58.09,58.67,57.86,58.59,1078
1714089600,58.89,59.31,58.82,59.12,1044
1714348800,59.32,59.43,59.03,59.33,1053
1714435200,59.15,59.25,58.39,58.41,1368
1714521600,58.3,59.16,58.14,58.22,1796
1714608000,58.73,58.91,58.16,58.82,1271
1714694400,59.59,59.68,59.24,59.52,1323
1714953600,59.81,60.17,59.81,60.16,1192
1715040000,60.27,60.39,60.15,60.23,1244
1715126400,59.93,60.24,59.93,60.19,1080
1715212800,60.23,60.55,60.13,60.52,956
1715299200,60.71,60.81,60.46,60.59,898
1715558400,60.81,60.81,60.5,60.6,1236
1715644800,60.65,60.98,60.6,60.93,1117
1715731200,61.24,61.71,61.16,61.65,1593
1715817600,61.67,61.83,61.5,61.52,1371
1715904000,61.6,61.61,61.35,61.59,1024
1716163200,61.6,61.84,61.56,61.67,915
1716249600,61.56,61.8,61.54,61.78,1071
1716336000,61.71,61.78,61.33,61.57,1059
1716422400,61.97,61.97,60.92,61.08,1086
1716508800,61.31,61.59,61.18,61.5,967
1716854400,61.6,61.63,61.19,61.49,1096
1716940800,60.98,61.17,60.95,61.02,1112
1717027200,60.88,60.98,60.54,60.7,1077
1717113600,60.84,61.2,60.2,61.19,1114
1717372800,61.45,61.45,60.63,61.19,1267
1717459200,61.02,61.29,60.82,61.17,1017
1717545600,61.5,61.93,61.25,61.91,1009
1717632000,61.92,62.0,61.7,61.88,764
1717718400,61.68,62.07,61.61,61.77,910
1717977600,61.67,62.02,61.59,61.97,842
1718064000,61.78,62.08,61.51,62.08,980
1718150400,62.71,62.99,62.52,62.65,1080
1718236800,62.79,62.8,62.36,62.68,907
1718323200,62.46,62.64,62.29,62.64,722
1718582400,62.54,63.26,62.49,63.11,1120
1718668800,63.14,63.3,63.1,63.27,1035
1718841600,63.32,63.46,62.9,63.1,1228
1718928000,63.0,63.13,62.82,63.02,936
1719187200,63.04,63.36,62.9,62.91,970
1719273600,63.05,63.12,62.83,63.1,801
1719360000,62.75,63.01,62.67,62.94,812
1719446400,62.92,63.1,62.86,63.05,854
1719532800,63.17,63.52,62.73,62.87,1293
1719792000,63.08,63.08,62.66,62.95,1337
1719878400,62.84,63.34,62.8,63.33,1025
1719964800,63.35,63.8,63.35,63.8,593
1720137600,63.64,63.96,63.53,63.9,915
1720396800,64.05,64.11,63.88,64.0,1104
1720483200,64.13,64.19,63.99,64.02,1012
1720569600,64.19,64.68,64.11,64.65,971
1720656000,64.78,64.9,64.25,64.34,1156
1720742400,64.44,65.16,64.44,64.7,1323
1721001600,64.98,65.37,64.8,64.99,1232
1721088000,65.19,65.58,65.16,65.54,1194
1721174400,64.86,65.12,64.6,64.64,1444
1721260800,64.8,64.94,63.82,64.06,1362
1721347200,64.03,64.19,63.54,63.65,970
1721606400,64.13,64.39,63.87,64.34,1409
1721692800,64.33,64.61,64.24,64.3,1044
1721779200,63.7,63.77,62.73,62.8,1565
1721865600,62.83,63.64,62.46,62.59,1306
1721952000,63.03,63.63,63.01,63.35,1120
1722211200,63.58,63.65,63.12,63.32,1026
1722297600,63.49,63.65,62.66,63.05,882
1722384000,63.8,64.4,63.66,63.97,1247
1722470400,64.19,64.47,62.6,63.03,1423
1722556800,62.03,62.17,61.21,61.75,1969
1722816000,59.1,60.66,59.0,59.95,3492
1722902400,60.23,61.38,60.0,60.53,2151
1722988800,61.22,61.58,60.01,60.07,1778
1723075200,60.72,61.55,60.49,61.47,1243
1723161600,61.39,61.9,61.23,61.74,1046
1723420800,61.9,61.99,61.47,61.71,1146
1723507200,62.01,62.75,62.01,62.72,946
1723593600,62.88,63.05,62.5,62.93,896
1723680000,63.6,64.06,63.54,64.0,1679
1723766400,63.85,64.23,63.78,64.16,1175
1724025600,64.22,64.77,64.14,64.76,1363
1724112000,64.73,64.88,64.45,64.6,950
1724198400,64.74,65.02,64.57,64.93,1006
1724284800,65.11,65.18,64.26,64.39,1185
1724371200,64.79,65.25,64.67,65.21,1294
1724630400,65.3,65.4,64.87,65.03,1030
1724716800,64.84,65.14,64.72,65.1,978
1724803200,65.01,65.07,64.33,64.71,969
1724889600,64.95,65.34,64.64,64.75,1569
1724976000,65.05,65.4,64.59,65.36,896
1725321600,65.0,65.0,63.66,63.92,1171
1725408000,63.73,64.2,63.62,63.79,1187
1725494400,63.85,64.09,63.36,63.61,1027
1725580800,63.7,63.84,62.45,62.56,1451
1725840000,63.0,63.39,62.82,63.22,1058
1725926400,63.43,63.49,62.82,63.45,1064
1726012800,63.35,64.18,62.43,64.07,1011
1726099200,64.12,64.68,63.92,64.62,885
1726185600,64.79,65.17,64.71,65.07,913
1726444800,65.07,65.23,64.86,65.2,797
1726531200,65.44,65.66,65.03,65.28,983
1726617600,65.35,65.99,65.05,65.09,1507
1726704000,66.24,66.44,65.88,66.24,965
1726790400,66.12,66.2,65.76,66.07,900
1727049600,66.29,66.29,66.07,66.24,772
1727136000,66.31,66.42,66.01,66.42,895
1727222400,66.23,66.27,65.9,65.97,703
1727308800,66.51,66.58,66.04,66.31,1457
1727395200,66.44,66.54,66.11,66.23,1120
1727654400,66.11,66.54,65.84,66.5,1070
1727740800,66.43,66.43,65.55,65.86,1572
1727827200,65.73,66.0,65.47,65.89,992
1727913600,65.71,65.97,65.49,65.76,1028
1728000000,66.39,66.42,65.84,66.39,1037
1728259200,66.2,66.24,65.64,65.78,920
1728345600,66.03,66.42,65.96,66.35,951
1728432000,66.36,66.87,66.29,66.82,687
1728518400,66.6,66.84,66.46,66.7,675
1728604800,22.24,22.42,22.23,22.39,1147
1728864000,22.45,22.6,22.44,22.57,1659
1728950400,22.61,22.61,22.38,22.41,1717
1729036800,22.43,22.55,22.4,22.53,1410
1729123200,22.65,22.65,22.52,22.53,1235
1729209600,22.58,22.64,22.54,22.61,1194
1729468800,22.59,22.6,22.43,22.55,1959
1729555200,22.46,22.56,22.42,22.53,1456
1729641600,22.46,22.46,22.18,22.32,1833
1729728000,22.4,22.4,22.27,22.37,1352
1729814400,22.48,22.57,22.33,22.35,1279
1730073600,22.49,22.51,22.44,22.45,1557
1730160000,22.4,22.52,22.35,22.47,1568
1730246400,22.47,22.56,22.4,22.42,1198
1730332800,22.27,22.27,22.0,22.0,1763
1730419200,22.11,22.27,22.08,22.1,1660
1730678400,22.09,22.16,21.99,22.05,2000
1730764800,22.07,22.33,22.07,22.33,1612
1730851200,22.85,22.99,22.72,22.97,2974
1730937600,23.05,23.17,23.03,23.13,2173
1731024000,23.15,23.29,23.14,23.23,2336
1731283200,23.32,23.34,23.23,23.3,1725
1731369600,23.28,23.31,23.11,23.2,1721
1731456000,23.25,23.3,23.15,23.2,1862
1731542400,23.21,23.22,23.0,23.04,1630
1731628800,22.9,22.91,22.66,22.73,2236
1731888000,22.75,22.89,22.72,22.83,1979
1731974400,22.68,22.95,22.68,22.93,1860
1732060800,22.94,22.96,22.73,22.95,1577
1732147200,23.07,23.17,22.87,23.11,1845
1732233600,23.13,23.25,23.12,23.23,1510
1732492800,23.38,23.45,23.25,23.33,1741
1732579200,23.37,23.44,23.32,23.42,1496
1732665600,23.43,23.45,23.29,23.35,1378
1732838400,23.39,23.52,23.38,23.48,829
1733097600,23.55,23.55,23.47,23.52,2038
1733184000,23.53,23.54,23.47,23.52,1411
1733270400,23.6,23.7,23.59,23.68,1758
1733356800,23.69,23.71,23.61,23.62,1531
1733443200,23.67,23.72,23.65,23.69,1324
1733702400,23.68,23.69,23.52,23.54,1795
1733788800,23.57,23.57,23.42,23.45,1756
1733875200,23.48,23.59,23.48,23.55,1515
1733961600,23.51,23.53,23.42,23.42,1657
1734048000,23.49,23.52,23.34,23.4,1928
1734307200,23.47,23.55,23.44,23.5,1776
1734393600,23.4,23.42,23.33,23.38,1809
1734480000,23.38,23.46,22.63,22.64,2229
1734566400,22.86,22.92,22.63,22.63,5140
1734652800,22.53,23.07,22.51,22.9,2258
1734912000,22.89,23.03,22.75,23.01,2220
1734998400,23.06,23.27,23.04,23.26,1059
1735171200,23.22,23.32,23.14,23.27,1832
1735257600,23.13,23.14,22.86,23.02,2076
1735516800,22.76,22.9,22.61,22.77,2616
1735603200,22.83,22.87,22.63,22.69,2431
1735776000,22.84,22.9,22.49,22.65,4806
1735862400,22.75,22.98,22.72,22.95,3091
1736121600,23.1,23.26,23.02,23.08,3460
1736208000,23.18,23.18,22.73,22.83,2993
1736294400,22.82,22.89,22.68,22.84,3546
1736467200,22.68,22.71,22.41,22.49,5214
1736726400,22.29,22.55,22.29,22.53,2680
1736812800,22.65,22.69,22.43,22.58,2874
1736899200,22.94,23.05,22.88,23.0,2108
1736985600,23.05,23.08,22.93,22.97,2147
1737072000,23.2,23.27,23.14,23.2,2328
1737417600,23.31,23.43,23.25,23.42,8020
1737504000,23.53,23.6,23.51,23.54,2583
1737590400,23.5,23.67,23.49,23.67,2574
1737676800,23.67,23.7,23.55,23.59,2096
1737936000,23.1,23.3,23.09,23.26,4439
1738022400,23.28,23.5,23.18,23.47,2522
1738108800,23.44,23.46,23.25,23.36,2754
1738195200,23.47,23.57,23.34,23.5,2945
1738281600,23.58,23.69,23.34,23.38,3367
1738540800,22.98,23.3,22.91,23.19,4723
1738627200,23.2,23.38,23.19,23.35,2746
1738713600,23.34,23.48,23.25,23.48,2250
1738800000,23.55,23.55,23.4,23.54,2395
1738886400,23.55,23.61,23.3,23.32,3764
1739145600,23.44,23.5,23.4,23.47,2721
1739232000,23.41,23.49,23.37,23.45,1749
1739318400,23.24,23.44,23.2,23.38,2549
1739404800,23.43,23.65,23.4,23.63,2558
1739491200,23.67,23.69,23.61,23.64,2362
1739836800,23.67,23.7,23.59,23.7,1568
1739923200,23.65,23.76,23.62,23.75,1402
1740009600,23.68,23.7,23.48,23.61,1506
1740355200,23.17,23.23,23.01,23.06,1825
1740441600,22.82,23.03,22.75,22.93,1676
1740528000,23.02,23.15,22.85,22.95,1497
1740614400,23.06,23.08,22.57,22.58,1470
1740700800,22.61,22.95,22.49,22.92,1712
1740960000,23.01,23.07,22.37,22.52,2970
1741046400,22.31,22.58,22.03,22.24,4089
1741132800,22.24,22.55,22.1,22.49,2906
1741219200,22.18,22.37,21.96,22.06,2865
1741305600,22.03,22.24,21.77,22.18,3382
1741564800,21.89,21.93,21.37,21.56,3694
1741651200,21.54,21.68,21.25,21.42,2919
1741737600,21.7,21.7,21.33,21.54,2573
1741824000,21.5,21.52,21.15,21.22,3572
1741910400,21.4,21.71,21.4,21.68,2383
1742169600,21.69,21.96,21.66,21.85,2480
1742256000,21.75,21.76,21.55,21.62,2106
1742342400,21.68,22.02,21.65,21.87,1885
1742428800,21.71,22.01,21.7,21.81,1711
1742515200,21.63,21.84,21.58,21.84,2085
1742774400,22.08,22.26,22.07,22.23,2354
1742860800,22.28,22.31,22.2,22.26,1839
1742947200,22.21,22.24,21.88,21.94,2091
1743033600,21.92,22.01,21.78,21.85,2218
1743120000,21.79,21.82,21.38,21.41,2882
1743379200,21.18,21.58,21.05,21.5,3043
1743465600,21.44,21.67,21.3,21.6,2752
1743552000,21.37,21.86,21.35,21.77,2430
1743638400,20.97,21.09,20.65,20.66,5067
1743984000,18.78,20.13,18.52,19.38,9384
1744070400,20.08,20.18,18.8,19.1,5743
1744156800,18.94,21.0,18.93,20.88,7213
1744243200,20.48,20.49,19.58,20.16,5130
1744329600,20.13,20.57,19.96,20.5,3013
1744588800,20.89,20.89,20.48,20.69,3219
1744675200,20.66,20.86,20.61,20.65,2812
1744761600,20.44,20.56,20.0,20.21,2635
1744848000,20.32,20.42,20.15,20.26,1846
1745193600,20.08,20.1,19.57,19.79,3253
1745280000,20.01,20.37,19.98,20.28,2256
1745366400,20.83,21.0,20.56,20.61,1682
1745452800,20.66,21.08,20.62,21.06,1742
1745539200,21.05,21.21,20.94,21.2,1796
1745798400,21.22,21.32,20.99,21.22,2088
1745884800,21.15,21.4,21.15,21.34,1490
1745971200,21.05,21.41,20.84,21.33,1882
1746057600,21.59,21.71,21.47,21.47,1827
1746144000,21.75,21.89,21.66,21.83,2023
1746403200,21.66,21.84,21.64,21.71,1878
1746489600,21.5,21.7,21.45,21.53,1438
1746576000,21.6,21.71,21.43,21.64,1638
1746662400,21.79,22.0,21.66,21.78,1696
1746748800,21.87,21.89,21.71,21.77,1602
1747008000,22.45,22.49,22.27,22.49,2266
1747094400,22.53,22.75,22.51,22.66,2385
1747180800,22.72,22.73,22.6,22.67,2121
1747267200,22.6,22.78,22.57,22.76,1784
1747353600,22.81,22.93,22.74,22.93,1914
1747612800,22.68,22.96,22.68,22.95,1780
1747699200,22.87,22.91,22.74,22.86,1709
1747785600,22.7,22.84,22.41,22.46,2489
1747872000,22.45,22.6,22.4,22.46,2885
1747958400,22.19,22.42,22.17,22.32,1909
1748304000,22.59,22.79,22.52,22.76,1567
1748390400,22.8,22.84,22.62,22.65,1881
1748476800,22.88,22.88,22.59,22.73,1810
1748563200,22.71,22.77,22.48,22.72,2023
1748822400,22.66,22.82,22.53,22.82,1813
1748908800,22.83,23.02,22.8,22.99,1900
1748995200,23.02,23.06,22.96,22.99,1523
1749081600,23.05,23.11,22.8,22.87,2250
1749168000,23.09,23.18,23.04,23.11,1468
1749427200,23.15,23.22,23.1,23.14,1491
1749513600,23.19,23.28,23.13,23.26,1724
1749600000,23.31,23.35,23.13,23.2,1737
1749686400,23.14,23.28,23.12,23.26,1594
1749772800,23.07,23.2,22.94,22.99,1993
1750032000,23.14,23.3,23.14,23.21,1559
1750118400,23.13,23.19,23.0,23.02,1661
1750204800,23.04,23.19,23.0,23.04,1566
1750377600,23.15,23.18,22.93,22.99,1838
1750636800,23.0,23.22,22.88,23.21,1972
1750723200,23.38,23.51,23.35,23.48,2150
1750809600,23.46,23.47,23.35,23.39,1866
1750896000,23.48,23.61,23.45,23.59,1269
1750982400,23.64,23.77,23.55,23.7,2177
1751241600,23.8,23.87,23.72,23.82,1888
1751328000,23.75,23.87,23.73,23.81,1531
1751414400,23.8,23.95,23.79,23.94,1472
1751500800,24.02,24.17,24.02,24.14,1009
1751846400,24.06,24.08,23.84,23.96,2996
1751932800,23.98,24.02,23.92,23.95,2129
1752019200,24.04,24.11,23.97,24.09,1571
1752105600,24.11,24.22,24.05,24.16,1393
1752192000,24.05,24.11,24.0,24.06,1579
1752451200,24.04,24.13,24.0,24.12,1567
1752537600,24.22,24.23,23.99,23.99,1736
1752624000,24.06,24.1,23.83,24.08,1933
1752710400,24.1,24.27,24.09,24.24,1299
1752796800,24.29,24.3,24.18,24.23,1364
1753056000,24.28,24.38,24.24,24.25,1497
1753142400,24.27,24.31,24.15,24.28,2839
1753228800,24.37,24.47,24.32,24.47,2661
1753315200,24.49,24.54,24.47,24.47,2526
1753401600,24.51,24.61,24.48,24.58,2146
1753660800,24.62,24.62,24.52,24.57,2798
1753747200,24.62,24.65,24.47,24.5,3755
1753833600,24.53,24.61,24.36,24.46,3078
1753920000,24.65,24.67,24.33,24.39,2331
1754006400,24.14,24.14,23.85,23.96,3240
1755043200,24.88,24.91,24.8,24.89,3667
1755129600,24.8,24.89,24.76,24.87,3760
1755216000,24.92,24.92,24.76,24.8,3267
1755475200,24.78,24.83,24.76,24.81,3106
1755561600,24.8,24.84,24.61,24.66,4732
1755648000,24.65,24.65,24.39,24.59,5479
1755734400,24.52,24.59,24.44,24.51,2193
1755820800,24.61,24.99,24.58,24.93,2502
1756080000,24.88,24.92,24.82,24.82,2883
1756166400,24.8,24.93,24.79,24.92,2290
1756252800,24.9,25.02,24.9,24.99,2343
1756339200,25.02,25.1,24.96,25.08,3003
1756425600,25.04,25.04,24.86,24.93,4419
1756771200,24.65,24.76,24.55,24.75,5263
1756857600,24.85,24.89,24.75,24.84,5236
1756944000,24.9,25.08,24.86,25.08,2940
1757030400,25.18,25.23,24.87,25.03,6815
1757289600,25.1,25.14,25.04,25.1,4152
1757376000,25.11,25.16,25.02,25.15,3175
1757462400,25.26,25.31,25.14,25.21,3790
1757548800,25.28,25.46,25.27,25.43,3605
1757635200,25.43,25.47,25.38,25.4,2635
1757894400,25.48,25.55,25.47,25.52,3554
1757980800,25.56,25.56,25.45,25.49,2522
1758067200,25.51,25.6,25.28,25.46,3491
1758153600,25.57,25.71,25.53,25.64,3938
1758240000,25.69,25.75,25.6,25.73,2929
1758499200,25.71,25.86,25.7,25.84,1943
1758585600,25.83,25.87,25.66,25.7,2823
1758672000,25.68,25.68,25.48,25.52,2536
1758758400,25.38,25.45,25.25,25.39,3071
1758844800,25.46,25.57,25.4,25.55,2683
1759104000,25.66,25.68,25.56,25.61,2295
1759190400,25.6,25.72,25.52,25.7,2910
1759276800,25.6,25.82,25.59,25.79,2010
1759363200,25.86,25.87,25.72,25.83,2328
1759449600,25.87,25.98,25.8,25.83,2624
1759708800,25.96,25.98,25.85,25.93,1910
1759795200,25.99,25.99,25.75,25.81,2745
1759881600,25.88,25.99,25.83,25.98,1953
1759968000,26.0,26.01,25.82,25.89,2704
1760054400,25.96,26.0,25.18,25.19,4097
1760313600,25.5,25.65,25.46,25.6,2345
1760400000,25.33,25.72,25.22,25.6,3633
1760486400,25.79,25.91,25.47,25.7,3608
1760572800,25.8,25.84,25.37,25.51,4201
1760659200,25.46,25.68,25.39,25.63,3769
1760918400,25.75,25.95,25.75,25.9,2190
1761004800,25.91,25.98,25.85,25.92,2031
1761091200,25.93,25.93,25.57,25.74,3402
1761177600,25.75,25.97,25.75,25.92,1726
1761264000,26.12,26.2,26.09,26.13,1825
1761523200,26.36,26.45,26.33,26.43,1854
1761609600,26.5,26.53,26.4,26.47,1956
1761696000,26.52,26.56,26.3,26.43,2856
1761782400,26.32,26.41,26.17,26.18,2657
1761868800,26.36,26.37,26.15,26.28,2721
1762128000,26.4,26.4,26.16,26.29,2523
1762214400,26.01,26.17,25.95,25.97,3236
1762300800,25.98,26.21,25.95,26.09,2186
1762387200,26.03,26.08,25.73,25.77,3773
1762473600,25.67,25.85,25.44,25.84,3611
1762732800,26.1,26.26,26.0,26.22,2653
1762819200,26.16,26.31,26.13,26.27,2357
1762905600,26.35,26.37,26.21,26.29,2508
1762992000,26.2,26.2,25.77,25.82,3358
1763078400,25.56,25.97,25.48,25.82,3159
1763337600,25.72,25.88,25.42,25.55,2955
1763424000,25.39,25.55,25.19,25.38,4012
1763510400,25.39,25.63,25.3,25.45,3070
1763596800,25.85,25.95,25.03,25.05,3387
1763683200,25.14,25.54,24.98,25.32,3309
1763942400,25.48,25.75,25.42,25.71,2621
1764028800,25.71,26.02,25.57,25.99,3067
1764115200,26.09,26.25,26.05,26.17,2385
1764288000,26.21,26.32,26.2,26.31,960
1764547200,26.15,26.3,26.12,26.17,2571
1764633600,26.27,26.32,26.15,26.23,2679
1764720000,26.2,26.38,26.17,26.34,2457
1764806400,26.39,26.4,26.27,26.37,2362
1764892800,26.42,26.53,26.38,26.42,2456
1765152000,26.47,26.47,26.27,26.34,2866
1765238400,26.32,26.43,26.31,26.32,2191
1765324800,26.23,26.49,26.18,26.42,2365
1765411200,26.38,26.52,26.26,26.51,2570
1765497600,26.48,26.51,26.13,26.21,3408
1765756800,26.37,26.37,26.11,26.16,2831
1765843200,26.1,26.17,25.93,26.08,3729
1765929600,26.12,26.15,25.79,25.8,3281
1766016000,26.05,26.16,25.93,26.0,3206
1766102400,26.08,26.26,26.06,26.23,2579
1766361600,26.35,26.44,26.33,26.41,2308
1766448000,26.38,26.51,26.37,26.5,2288
1766534400,26.5,26.61,26.5,26.59,891
1766707200,26.61,26.63,26.54,26.58,1602
1766966400,26.45,26.54,26.41,26.48,2216
1767052800,26.49,26.51,26.43,26.43,1966
1767139200,26.43,26.44,26.22,26.23,2227
1767312000,26.38,26.43,26.18,26.31,3531
1767571200,26.45,26.57,26.44,26.5,2967
1767657600,26.52,26.71,26.51,26.69,2451
1767744000,26.72,26.76,26.59,26.6,2683
1767830400,26.58,26.65,26.53,26.61,2259
1767916800,26.68,26.83,26.6,26.78,2413
1768176000,26.65,26.87,26.65,26.83,2342
1768262400,26.86,26.87,26.69,26.78,3033
1768348800,26.69,26.71,26.51,26.67,3273
1768435200,26.84,26.88,26.73,26.74,3116
1768521600,26.8,26.83,26.67,26.74,2439
1768867200,26.35,26.48,26.17,26.2,4308
1768953600,26.32,26.64,26.23,26.51,4120
1769040000,26.69,26.75,26.59,26.65,2706
1769126400,26.64,26.71,26.57,26.63,2700
1769385600,26.67,26.8,26.65,26.75,2183
1769472000,26.8,26.89,26.77,26.85,2096
1769558400,26.93,26.93,26.77,26.82,3117
1769644800,26.87,26.89,26.41,26.77,3553
1769731200,26.65,26.75,26.47,26.63,3688
1769990400,26.55,26.85,26.55,26.78,2648
1770076800,26.83,26.84,26.34,26.58,4120
1770163200,26.62,26.65,26.26,26.45,4523
1770249600,26.24,26.36,26.05,26.11,4869
1770336000,26.28,26.72,26.27,26.68,3253
1770595200,26.6,26.87,26.58,26.8,3052
1770681600,26.83,26.9,26.71,26.73,3923
1770768000,26.91,26.92,26.58,26.71,3949
1770854400,26.82,26.85,26.25,26.27,5038
1770940800,26.31,26.5,26.14,26.33,4720
1771286400,26.28,26.45,26.08,26.37,4595
1771372800,26.41,26.63,26.37,26.5,3517
1771459200,26.41,26.5,26.32,26.45,3557
1771545600,26.36,26.64,26.35,26.61,4061
1771804800,26.55,26.62,26.23,26.31,3900
1771891200,26.3,26.56,26.24,26.52,2970
1771977600,26.65,26.76,26.62,26.73,2147
1772064000,26.75,26.77,26.43,26.46,2437
1772150400,26.37,26.5,26.31,26.49,3846
1772409600,26.19,26.59,26.18,26.52,3993
1772496000,26.05,26.35,25.82,26.25,6023
1772582400,26.33,26.52,26.22,26.45,3556
1772668800,26.32,26.46,26.05,26.28,4665
1772755200,25.96,26.05,25.8,25.91,4408
1773014400,25.66,26.2,25.5,26.14,4784
1773100800,26.13,26.34,26.0,26.08,4313
1773187200,26.11,26.19,25.94,26.05,3646
1773273600,25.84,25.87,25.63,25.64,3594
1773360000,25.78,25.88,25.46,25.49,4203
1773619200,25.74,25.88,25.69,25.76,3384
1773705600,25.9,25.99,25.82,25.85,3311
1773792000,25.77,25.8,25.49,25.49,3309
1773878400,25.3,25.57,25.25,25.45,3986
1773964800,25.4,25.4,24.91,25.04,4134
1774224000,25.42,25.64,25.29,25.35,5118
1774310400,25.18,25.43,25.13,25.28,3479
1774396800,25.46,25.52,25.25,25.35,3211
1774483200,25.19,25.3,24.91,24.93,5077
1774569600,24.82,24.82,24.45,24.49,5932
1774828800,24.7,24.72,24.28,24.39,5837
1774915200,24.69,25.15,24.62,25.11,5025
1775001600,25.26,25.44,25.22,25.29,4746
1775088000,24.95,25.42,24.9,25.33,3789
1775433600,25.35,25.47,25.32,25.44,3677
1775520000,25.4,25.47,25.15,25.47,2849
1775606400,26.15,26.18,25.95,26.11,3047
1775692800,26.08,26.3,26.01,26.25,2613
1775779200,26.3,26.32,26.18,26.22,2495
1776038400,26.14,26.51,26.12,26.5,2727
1776124800,26.6,26.83,26.58,26.82,2941
1776211200,26.85,27.03,26.82,27.02,3079
1776297600,27.07,27.14,26.96,27.08,2596
1776384000,27.29,27.53,27.26,27.44,3358
1776643200,27.39,27.43,27.3,27.4,3000
1776729600,27.48,27.53,27.17,27.23,3278
1776816000,27.45,27.49,27.39,27.49,2297
1776902400,27.43,27.52,27.12,27.38,3161
1776988800,27.48,27.58,27.37,27.56,2562
1777248000,27.54,27.63,27.5,27.6,2116
1777334400,27.5,27.52,27.36,27.45,2668
1777420800,27.48,27.48,27.31,27.43,2593
1777507200,27.56,27.77,27.41,27.73,2702
1777593600,27.85,27.96,27.82,27.82,3261
1777852800,27.8,27.88,27.6,27.71,3355
1777939200,27.87,28.0,27.85,27.95,2150
1778025600,28.15,28.37,28.11,28.34,2549
1778112000,28.39,28.4,28.14,28.21,2803
1778198400,28.35,28.44,28.31,28.42,2170
1778457600,28.41,28.55,28.38,28.47,2303
1778544000,28.4,28.43,28.16,28.42,3447
1778630400,28.45,28.62,28.3,28.56,2742
1778716800,28.64,28.85,28.62,28.78,3121
1778803200,28.51,28.58,28.37,28.41,3398
1779062400,28.45,28.51,28.19,28.38,4590
1779148800,28.25,28.35,28.1,28.2,4792
1779235200,28.29,28.54,28.22,28.52,4732
1779321600,28.44,28.67,28.36,28.59,4889
1779408000,28.75,28.84,28.67,28.71,3597
1779753600,28.94,29.0,28.85,28.93,4426
1779840000,28.97,28.98,28.85,28.93,4540
1779926400,28.95,29.13,28.87,29.1,3024
1780012800,29.13,29.22,29.08,29.18,4101
1780272000,29.11,29.31,29.08,29.24,4707
1780358400,29.2,29.34,29.2,29.32,3301
1780444800,29.29,29.29,29.07,29.1,4105
1780531200,29.02,29.29,29.0,29.24,3766
1780617600,29.05,29.06,28.38,28.45,4885
1780876800,28.73,28.78,28.5,28.54,4235
1780963200,28.72,28.87,27.89,28.48,4359
1781049600,28.39,28.55,28.03,28.03,3865
1781136000,28.2,28.62,28.01,28.54,3358
1781222400,28.66,28.82,28.45,28.7,3011
1781481600,29.1,29.26,29.08,29.18,3758
1781568000,29.2,29.22,28.98,28.99,3141
1781654400,29.05,29.08,28.58,28.65,4033
1781740800,29.0,29.02,28.84,28.97,3177
1782086400,29.01,29.1,28.83,28.88,4298
1782172800,28.47,28.7,28.42,28.48,3351
1782259200,28.46,28.66,28.31,28.4,2825
1782345600,28.62,28.64,28.29,28.41,2770
1782432000,28.26,28.56,28.19,28.33,3254
1782691200,28.6,28.76,28.39,28.75,2837
1782777600,28.76,29.01,28.73,28.95,2739
1782864000,28.91,29.08,28.8,28.91,3763
1782950400,28.98,29.13,28.66,28.87,4481
1783296000,29.01,29.15,28.97,29.1,3185
1783382400,29.06,29.09,28.84,28.93,3043
1783468800,28.79,28.86,28.6,28.83,2602
1783555200,28.92,29.11,28.87,29.08,2088
1783641600,29.12,29.2,28.93,29.18,2501
1783900800,29.1,29.15,28.9,28.95,3776
1783987200,29.05,29.13,28.96,29.06,3099
1784073600,29.13,29.21,28.99,29.16,2630
1784160000,29.08,29.17,28.91,29.02,2869
1784246400,28.69,28.89,28.63,28.73,3554
1784505600,28.89,28.94,28.66,28.67,3977
1784592000,28.86,28.96,28.76,28.93,2621
1784678400,28.85,28.99,28.85,28.89,2995
1784764800,28.59,28.71,28.42,28.55,4185
1784851200,28.57,28.75,28.5,28.56,3485
1785110400,28.82,28.83,28.46,28.58,4854
1785196800,28.59,28.73,28.46,28.64,2746
1785283200,28.62,28.71,28.19,28.22,3465
1785369600,28.47,28.7,28.39,28.67,3108
1785456000,28.78,28.92,28.49,28.83,3131
1785715200,28.93,29.3,28.88,29.26,3300
1785801600,29.37,29.89,29.37,29.8,3578
1785888000,29.98,30.01,29.72,29.73,3883
1785974400,29.77,29.83,29.64,29.69,3048
1786060800,29.76,29.92,29.75,29.9,2675
1786320000,29.86,29.96,29.83,29.87,2751
1786406400,29.95,29.96,29.76,29.8,3141
1786492800,29.97,29.98,29.84,29.9,2387
1786579200,29.95,30.15,29.95,30.08,2381
1786665600,30.14,30.14,30.01,30.04,2514
1786924800,30.05,30.07,29.9,29.91,2764
1787011200,29.77,29.78,29.66,29.67,2314
