time,open,high,low,close,tick_volume
1252454400,99.91,100.24,98.76,98.98,206
1252540800,98.95,99.85,98.78,99.59,256
1252627200,100.89,101.15,100.17,100.6,245
1252886400,100.11,100.33,99.7,99.87,279
1252972800,99.68,101.02,99.51,100.77,325
1253059200,101.97,101.97,101.44,101.85,334
1253145600,101.58,102.0,101.07,101.4,276
1253232000,101.74,101.76,100.66,100.66,268
1253491200,99.93,100.5,99.7,100.32,157
1253577600,101.8,101.8,101.36,101.55,148
1253664000,101.09,101.84,100.61,100.75,177
1253750400,101.34,101.36,99.05,99.41,300
1253836800,99.0,99.35,98.67,98.95,249
1254096000,99.41,99.71,98.95,98.97,222
1254182400,99.08,99.59,98.9,99.29,122
1254268800,100.25,100.94,99.47,100.77,199
1254355200,100.78,100.78,99.79,99.84,126
1254441600,99.71,100.72,99.68,100.22,208
1254700800,100.42,101.75,100.3,101.69,175
1254787200,103.3,104.36,103.17,104.19,263
1254873600,104.27,104.46,103.8,104.34,244
1254960000,104.62,106.1,104.27,105.66,270
1255046400,105.05,105.21,104.46,104.85,337
1255305600,105.37,105.9,105.34,105.57,117
1255392000,105.75,106.48,105.48,106.23,215
1255478400,106.31,106.56,105.92,106.16,119
1255564800,105.27,105.93,104.57,104.84,165
1255651200,104.71,105.63,104.55,105.21,145
1255910400,105.19,106.26,104.85,106.25,152
1255996800,106.36,106.36,105.2,105.44,180
1256083200,105.38,106.41,105.34,105.73,120
1256169600,105.46,106.07,105.12,105.93,114
1256256000,106.54,106.56,105.0,105.47,177
1256515200,105.58,105.58,103.76,103.88,125
1256601600,103.7,103.95,103.5,103.85,69
1256688000,103.59,103.59,102.67,102.72,97
1256774400,103.75,104.73,103.51,104.68,152
1256860800,104.0,104.66,103.51,104.55,96
1257120000,105.53,106.28,105.37,105.96,119
1257206400,105.79,108.76,105.78,108.55,562
1257292800,109.23,109.7,108.65,109.16,424
1257379200,108.92,109.29,108.71,109.08,243
1257465600,109.5,110.04,109.17,109.7,246
1257724800,110.85,110.85,110.06,110.3,273
1257811200,110.16,110.88,109.83,110.52,350
1257897600,111.64,111.84,111.19,111.75,228
1257984000,111.3,111.65,110.24,110.38,591
1258070400,110.45,111.92,110.28,111.9,240
1258329600,112.88,114.33,112.84,113.85,480
1258416000,113.24,114.17,113.06,114.16,280
1258502400,114.91,115.26,114.07,114.49,250
1258588800,114.07,114.51,112.99,114.49,226
1258675200,113.96,115.1,113.75,115.06,261
1258934400,116.93,117.3,116.29,116.5,295
1259020800,116.98,117.03,116.17,116.98,255
1259107200,117.96,119.13,117.83,118.94,370
1259280000,115.34,118.03,115.27,117.35,488
1259539200,116.78,118.17,116.57,117.92,347
1259625600,119.63,120.12,119.14,119.71,426
1259712000,121.2,121.59,120.69,121.48,733
1259798400,120.99,121.86,120.46,121.1,995
1259884800,119.51,119.51,114.51,115.94,1443
1260144000,113.83,116.46,113.59,115.43,1264
1260230400,115.15,115.25,112.36,112.98,810
1260316800,113.7,114.65,111.52,112.98,1227
1260403200,112.92,113.21,112.17,113.04,1029
1260489600,112.76,112.95,110.88,111.44,815
1260748800,112.1,112.61,111.65,112.33,472
1260835200,112.12,112.68,111.53,112.35,478
1260921600,113.02,114.05,112.8,113.73,520
1261008000,111.6,112.03,109.41,109.48,818
1261094400,110.17,111.6,109.61,111.16,394
1261353600,111.38,111.4,108.91,109.02,480
1261440000,108.83,109.16,107.41,108.23,607
1261526400,108.74,109.46,108.39,108.64,539
1261612800,110.01,110.47,109.87,110.45,190
1261958400,110.79,110.87,110.08,110.72,380
1262044800,110.57,110.57,109.56,109.56,576
1262131200,108.7,109.53,108.53,109.06,417
1262217600,110.04,110.11,109.38,109.39,134
1262563200,112.02,112.25,111.48,111.93,374
1262649600,112.03,112.46,111.43,111.84,294
1262736000,112.83,113.94,112.63,113.72,933
1262822400,113.25,113.44,112.82,113.02,443
1262908800,113.69,113.72,112.45,113.53,466
1263168000,115.49,115.73,114.75,115.03,355
1263254400,114.59,115.19,112.45,112.62,448
1263340800,113.09,113.72,111.76,113.69,305
1263427200,113.68,114.47,112.96,114.21,279
1263513600,113.44,113.44,112.54,113.0,194
1263859200,113.14,113.88,112.98,113.77,156
1263945600,112.08,112.11,110.53,110.97,472
1264032000,110.56,110.82,108.7,109.41,623
1264118400,109.02,109.73,108.1,109.24,447
1264377600,109.46,109.77,109.16,109.55,249
1264464000,108.96,110.1,108.87,109.56,274
1264550400,109.62,109.79,108.23,108.64,376
1264636800,109.23,109.25,107.27,108.52,344
1264723200,107.9,108.3,107.32,108.03,485
1264982400,108.69,110.55,108.45,110.47,324
1265068800,111.28,111.67,110.79,111.25,223
1265155200,111.27,111.55,110.53,110.76,157
1265241600,108.88,108.88,105.77,106.4,643
1265328000,105.71,106.67,104.32,106.66,480
1265587200,106.43,107.1,106.02,106.11,284
1265673600,107.26,108.15,106.98,107.51,349
1265760000,107.19,107.48,106.17,107.13,394
1265846400,107.66,109.61,107.36,109.24,323
1265932800,108.16,109.18,107.63,109.07,325
1266278400,111.61,111.94,111.29,111.72,124
1266364800,111.83,112.14,110.97,111.35,252
1266451200,111.75,112.22,111.33,112.09,253
1266537600,110.6,112.43,110.6,111.58,196
1266796800,112.03,112.04,110.83,111.18,140
1266883200,110.97,110.98,109.77,109.99,192
1266969600,109.44,110.15,109.24,109.47,158
1267056000,108.74,110.71,108.74,110.4,269
1267142400,111.02,111.73,110.6,111.53,198
1267401600,111.62,111.99,111.11,111.56,260
1267488000,112.03,113.6,112.02,113.18,316
1267574400,113.65,114.3,113.38,113.81,246
1267660800,113.42,113.51,112.47,113.02,246
1267747200,113.31,113.87,112.97,112.97,153
1268006400,113.4,113.4,111.7,111.99,180
1268092800,111.28,112.24,111.19,111.83,193
1268179200,112.08,112.46,110.19,110.57,228
1268265600,110.28,110.76,110.0,110.71,161
1268352000,110.65,110.86,109.59,110.09,302
1268611200,110.47,110.52,109.94,110.45,63
1268697600,112.34,112.68,112.04,112.53,131
1268784000,112.33,112.33,111.69,111.71,65
1268870400,112.14,112.73,111.65,112.46,141
1268956800,110.75,110.77,109.95,110.41,297
1269216000,109.42,110.06,109.26,109.85,105
1269302400,110.19,110.55,109.94,110.37,80
1269388800,108.86,109.07,108.33,108.44,118
1269475200,108.64,109.26,108.61,108.87,121
1269561600,109.24,110.7,109.23,110.7,132
1269820800,110.99,111.23,110.53,110.84,101
1269907200,110.7,110.7,110.0,110.09,124
1269993600,111.47,111.55,111.0,111.09,121
1270080000,112.06,112.58,112.06,112.37,143
1270425600,112.72,113.11,112.48,112.8,139
1270512000,113.08,113.68,113.02,113.27,90
1270598400,114.04,115.08,113.97,114.64,203
1270684800,114.64,115.14,114.51,114.84,187
1270771200,115.31,116.25,114.93,115.94,198
1271030400,115.88,116.27,115.19,115.23,126
1271116800,115.29,115.33,114.28,114.89,159
1271203200,115.42,115.83,114.99,115.25,148
1271289600,115.03,115.91,115.03,115.89,140
1271376000,114.69,115.23,112.76,113.39,373
1271635200,113.04,113.51,112.83,113.3,139
1271721600,113.89,114.36,113.55,113.62,128
1271808000,114.02,114.8,113.67,114.51,153
1271894400,113.97,114.12,112.98,113.94,201
1271980800,113.44,115.51,113.29,115.37,207
1272240000,115.07,115.38,114.84,114.99,145
1272326400,114.58,117.0,114.58,116.83,330
1272412800,116.25,117.17,115.91,116.52,417
1272499200,116.08,116.71,116.08,116.52,160
1272585600,117.56,117.93,117.5,117.6,195
1272844800,118.17,118.5,117.86,117.99,232
1272931200,118.64,118.64,116.43,117.12,341
1273017600,115.75,117.42,115.55,117.37,338
1273104000,117.92,120.83,117.92,120.74,707
1273190400,119.91,121.15,119.03,120.56,753
1273449600,119.76,120.13,119.16,119.88,852
1273536000,121.81,123.19,121.31,123.05,748
1273622400,123.65,124.61,123.13,123.8,551
1273708800,123.69,124.06,122.5,122.98,504
1273795200,124.29,124.36,121.5,122.82,894
1274054400,122.9,123.44,121.64,121.65,567
1274140800,121.19,122.62,120.82,121.8,619
1274227200,120.49,120.6,118.4,118.91,720
1274313600,118.43,119.21,117.51,118.05,830
1274400000,117.31,118.46,116.78,117.44,702
1274659200,118.62,119.39,118.32,119.11,544
1274745600,119.44,119.76,119.1,119.59,380
1274832000,120.9,121.38,120.68,120.8,416
1274918400,120.48,121.31,120.47,121.0,288
1275004800,120.76,121.17,119.96,121.1,188
1275350400,122.21,122.51,121.97,122.22,329
1275436800,121.7,122.17,121.05,122.03,604
1275523200,121.49,121.68,119.79,120.24,329
1275609600,120.25,121.68,119.47,121.41,509
1275868800,121.02,124.13,120.96,123.75,438
1275955200,123.95,124.79,123.06,123.36,483
1276041600,122.8,123.3,121.9,122.94,397
1276128000,121.67,122.33,121.17,121.32,331
1276214400,122.22,122.72,121.67,122.38,259
1276473600,121.96,122.42,121.3,121.95,240
1276560000,122.04,123.33,121.86,123.29,170
1276646400,123.0,123.14,122.37,122.74,240
1276732800,123.94,124.77,123.87,124.21,382
1276819200,125.45,125.87,125.2,125.2,524
1277078400,125.46,125.46,122.7,122.8,633
1277164800,123.47,123.88,123.25,123.78,247
1277251200,123.17,123.35,122.11,123.31,333
1277337600,123.05,124.49,122.97,123.59,654
1277424000,125.11,125.4,124.86,125.06,400
1277683200,125.16,125.9,123.18,123.45,459
1277769600,123.41,124.15,122.42,123.56,523
1277856000,123.41,124.42,123.26,123.97,285
1277942400,123.27,123.27,119.22,119.34,1268
1278028800,120.54,120.77,119.74,120.73,359
1278374400,119.96,119.98,118.54,118.81,797
1278460800,118.85,120.02,118.77,120.02,260
1278547200,119.65,119.65,118.34,119.47,333
1278633600,120.43,120.98,120.43,120.61,188
1278892800,120.12,120.42,119.3,119.62,265
1278979200,121.29,121.35,120.66,120.66,239
1279065600,120.48,121.4,119.88,120.55,373
1279152000,120.93,120.96,120.06,120.53,304
1279238400,118.96,119.02,118.24,118.89,666
1279497600,117.81,118.01,117.36,118.01,491
1279584000,117.95,119.0,117.8,118.79,220
1279670400,119.04,119.24,117.97,118.11,249
1279756800,118.29,119.72,118.29,119.09,173
1279843200,119.41,119.7,118.04,118.32,167
1280102400,118.61,118.7,117.54,117.74,438
1280188800,117.11,117.18,115.41,115.69,670
1280275200,115.66,116.1,115.28,115.94,897
1280361600,115.75,116.51,115.6,116.48,284
1280448000,116.57,117.9,116.32,117.7,568
1280707200,118.37,118.58,117.47,117.77,211
1280793600,118.13,118.6,118.13,118.28,144
1280880000,119.72,119.89,118.91,118.95,244
1280966400,119.23,119.36,118.63,119.25,253
1281052800,120.28,120.68,119.89,120.11,305
1281312000,120.09,120.09,119.55,119.73,85
1281398400,118.86,120.36,118.7,120.02,299
1281484800,119.97,120.22,118.83,119.6,1312
1281571200,120.88,121.13,120.74,121.0,1535
1281657600,121.13,121.14,120.66,121.09,809
1281916800,122.01,122.13,121.77,122.0,707
1282003200,122.08,122.27,121.91,122.05,416
1282089600,121.56,122.83,121.33,122.56,844
1282176000,122.98,123.29,122.48,122.72,328
1282262400,122.24,122.39,121.77,122.32,281
1282521600,122.24,122.38,121.77,122.12,216
1282608000,121.01,123.11,121.0,122.69,529
1282694400,123.43,123.7,123.02,123.7,559
1282780800,123.45,123.56,122.95,123.31,350
1282867200,123.57,123.79,122.75,123.36,411
1283126400,123.23,123.39,122.95,123.28,274
1283212800,124.1,124.53,123.83,124.48,580
1283299200,124.54,124.54,123.84,124.07,325
1283385600,124.79,124.83,124.29,124.67,359
1283472000,123.77,124.58,123.53,124.26,326
1283817600,125.38,125.43,125.04,125.05,816
1283904000,125.25,125.69,125.0,125.15,744
1283990400,124.81,125.2,123.8,123.95,629
1284076800,123.81,124.65,123.81,124.11,813
1284336000,124.0,124.4,123.8,123.98,461
1284422400,125.29,126.98,125.27,126.37,834
1284508800,126.41,126.68,125.91,126.31,414
1284595200,126.98,127.18,126.62,127.04,600
1284681600,127.46,127.46,126.7,126.97,378
1284940800,127.56,127.88,127.24,127.28,1023
1285027200,127.21,128.59,126.66,128.42,435
1285113600,129.01,129.07,128.16,128.62,303
1285200000,128.65,129.06,128.32,128.75,387
1285286400,129.34,129.43,128.78,129.13,167
1285545600,129.37,129.37,129.0,129.2,163
1285632000,128.93,130.48,128.56,130.37,544
1285718400,130.38,130.66,130.04,130.45,283
1285804800,130.65,130.71,129.1,130.35,396
1285891200,131.21,131.57,130.99,131.42,259
1286150400,131.02,131.11,130.76,130.98,186
1286236800,132.68,133.65,132.43,133.55,618
1286323200,134.05,134.37,133.91,134.35,279
1286409600,135.21,135.21,132.05,132.89,983
1286496000,133.36,134.4,133.01,134.16,392
1286755200,133.84,134.85,133.6,134.85,436
1286841600,134.58,134.77,133.93,134.5,264
1286928000,135.33,136.8,135.26,136.69,490
1287014400,136.68,137.45,136.53,137.4,358
1287100800,136.87,137.05,135.67,136.29,403
1287360000,136.02,136.92,135.76,136.92,152
1287446400,133.01,134.09,132.25,132.65,794
1287532800,132.91,134.19,132.87,133.89,284
1287619200,133.57,134.13,131.25,131.95,608
1287705600,131.93,132.25,131.49,132.23,226
1287964800,133.75,133.89,132.78,133.42,300
1288051200,132.51,133.67,132.33,133.43,172
1288137600,132.45,132.48,131.31,131.98,252
1288224000,132.87,133.98,132.38,133.78,426
1288310400,134.05,135.32,133.65,135.19,390
1288569600,134.76,134.93,134.35,134.47,179
1288656000,134.84,135.13,134.5,135.03,103
1288742400,134.93,135.06,132.0,134.19,1267
1288828800,137.27,138.69,137.16,138.58,369
1288915200,138.79,139.21,138.15,138.67,299
1289174400,138.57,140.4,138.16,140.4,931
1289260800,141.42,141.83,137.67,138.31,1419
1289347200,139.71,139.94,137.84,139.89,643
1289433600,140.3,140.39,139.27,140.3,268
1289520000,138.56,138.92,135.4,136.27,1003
1289779200,136.48,137.06,134.95,134.97,312
1289865600,134.81,134.91,132.36,133.51,612
1289952000,133.27,133.88,132.66,132.91,329
1290038400,134.41,135.35,134.12,134.65,597
1290124800,134.03,134.85,133.57,134.75,264
1290384000,134.71,136.17,134.39,136.05,299
1290470400,136.22,137.67,136.07,136.99,397
1290556800,136.99,137.29,136.41,136.8,154
1290729600,134.98,135.44,134.56,135.42,112
1290988800,135.78,136.35,135.04,136.13,510
1291075200,137.81,138.37,137.49,137.97,434
1291161600,138.37,138.71,137.64,138.09,373
1291248000,138.29,139.17,137.81,137.81,232
1291334400,139.24,140.78,139.22,140.77,325
1291593600,140.85,142.13,140.42,141.85,453
1291680000,142.18,142.23,139.13,139.13,707
1291766400,138.59,138.92,136.52,137.41,784
1291852800,138.31,138.78,137.56,138.01,574
1291939200,137.55,138.04,136.61,138.01,703
1292198400,138.85,139.22,138.53,138.71,257
1292284800,138.87,139.84,138.49,138.8,396
1292371200,137.94,138.52,137.31,137.48,240
1292457600,136.78,136.83,135.54,136.4,673
1292544000,136.58,137.2,135.81,136.81,214
1292803200,137.73,138.03,136.99,137.69,217
1292889600,137.82,138.19,137.4,137.86,192
1292976000,138.22,138.28,137.61,137.64,256
1293062400,136.85,137.45,136.55,137.24,297
1293408000,137.59,137.65,137.18,137.63,119
1293494400,139.49,139.97,139.28,139.89,242
1293580800,140.05,140.66,139.89,140.35,222
1293667200,140.26,140.33,139.59,139.72,146
1293753600,140.47,141.44,140.42,141.39,272
1294012800,141.38,141.64,140.59,140.63,421
1294099200,138.84,138.9,136.76,137.35,642
1294185600,136.11,137.19,135.68,136.98,440
1294272000,136.6,136.95,135.77,136.45,363
1294358400,135.94,137.18,135.74,136.19,340
1294617600,136.47,136.79,135.81,136.78,248
1294704000,137.38,137.76,136.58,137.47,373
1294790400,137.39,138.15,136.99,138.07,231
1294876800,138.32,138.32,136.26,136.57,530
1294963200,135.71,136.17,134.8,135.27,451
1295308800,136.25,136.57,135.82,135.99,233
1295395200,136.96,137.0,135.98,136.26,261
1295481600,134.29,134.59,133.64,133.68,646
1295568000,133.27,133.95,133.05,133.51,429
1295827200,133.51,134.12,132.65,132.82,660
1295913600,132.11,132.72,131.62,132.59,400
1296000000,132.32,133.67,131.8,133.66,732
1296086400,132.82,132.93,130.3,130.4,1964
1296172800,130.42,133.95,130.42,132.71,1079
1296432000,131.8,132.98,131.79,132.36,360
1296518400,133.04,133.57,131.83,133.26,611
1296604800,132.89,133.03,131.98,132.94,236
1296691200,132.59,134.85,131.8,134.75,932
1296777600,134.4,135.27,133.79,134.15,1154
1297036800,134.24,134.47,133.84,134.2,189
1297123200,135.5,136.05,135.4,135.71,1725
1297209600,135.79,135.95,135.07,135.67,587
1297296000,134.67,135.86,134.58,135.5,743
1297382400,135.64,136.01,134.73,134.89,358
1297641600,135.54,135.98,135.35,135.46,260
1297728000,136.48,136.76,136.28,136.57,224
1297814400,136.88,137.42,136.09,136.72,594
1297900800,137.39,137.77,137.11,137.67,505
1297987200,137.79,138.43,137.54,138.0,414
1298332800,139.53,139.88,138.86,138.97,557
1298419200,139.65,140.86,139.6,140.24,414
1298505600,140.71,140.85,138.5,139.11,436
1298592000,139.94,140.36,139.49,140.08,248
1298851200,140.34,140.78,139.77,140.46,282
1298937600,141.22,142.72,141.22,142.72,495
1299024000,142.97,143.25,142.21,142.62,376
1299110400,141.51,141.85,140.29,140.81,399
1299196800,141.36,142.45,141.36,142.08,375
1299456000,143.01,144.75,142.1,142.43,407
1299542400,142.33,142.35,141.56,142.02,245
1299628800,142.63,142.63,141.65,142.11,236
1299715200,141.21,141.21,139.5,140.48,585
1299801600,139.98,141.58,139.87,140.88,428
1300060800,142.03,142.03,141.31,141.39,1181
1300147200,139.01,139.55,138.38,138.92,312
1300233600,139.6,139.83,138.44,138.92,292
1300320000,139.4,139.69,139.24,139.56,137
1300406400,141.5,141.5,140.47,141.03,371
1300665600,142.29,142.61,141.77,141.86,269
1300752000,141.97,142.03,141.45,141.8,153
1300838400,143.06,143.27,142.93,143.05,332
1300924800,143.22,144.0,141.62,141.92,609
1301011200,142.88,142.91,141.39,142.04,354
1301270400,140.47,141.5,140.45,141.23,448
1301356800,140.9,141.5,140.65,140.96,288
1301443200,141.82,141.87,140.39,141.36,447
1301529600,142.79,143.1,142.55,142.59,459
1301616000,141.39,142.19,140.43,141.89,519
1301875200,142.88,142.96,142.25,142.53,420
1301961600,142.3,144.82,142.3,144.74,938
1302048000,145.18,145.36,144.54,145.18,436
1302134400,145.01,145.59,144.65,145.24,423
1302220800,146.16,146.63,145.77,146.46,578
1302480000,146.05,146.26,145.14,145.43,588
1302566400,145.53,145.53,143.52,144.42,639
1302652800,145.13,145.23,144.26,144.68,543
1302739200,145.12,146.59,145.01,146.58,695
1302825600,146.66,147.91,146.4,147.83,681
1303084800,148.0,148.85,147.45,148.74,804
1303171200,148.57,149.04,148.0,148.8,887
1303257600,149.22,149.65,148.65,149.32,619
1303344000,149.43,149.9,149.2,149.6,526
1303689600,150.44,150.44,149.27,149.74,1052
1303776000,149.33,149.43,148.3,149.17,908
1303862400,150.28,152.07,149.35,152.07,866
1303948800,152.22,152.88,151.5,152.71,890
1304035200,152.77,155.96,152.66,155.32,1411
1304294400,154.35,156.51,153.31,153.34,1223
1304380800,153.35,153.89,151.77,152.77,1040
1304467200,152.8,153.25,149.67,150.65,2085
1304553600,149.61,150.42,145.35,146.18,3383
1304640000,148.01,148.89,147.24,148.17,2556
1304899200,149.54,150.43,149.19,150.29,792
1304985600,150.04,151.05,149.91,150.75,609
1305072000,150.03,150.22,148.65,149.45,1077
1305158400,148.7,149.97,147.79,149.42,1053
1305244800,149.56,150.05,147.32,148.4,1178
1305504000,148.72,149.47,148.03,148.22,624
1305590400,147.03,147.58,146.25,147.53,699
1305676800,148.43,149.02,147.95,148.41,627
1305763200,147.94,148.65,147.73,148.49,443
1305849600,148.6,150.63,147.72,150.34,1669
1306108800,149.84,150.79,149.8,150.71,758
1306195200,151.38,151.86,151.18,151.47,871
1306281600,151.59,152.25,151.45,151.52,512
1306368000,151.32,151.5,150.5,151.15,517
1306454400,151.94,152.83,151.9,152.65,495
1306800000,152.82,153.05,152.31,152.55,430
1306886400,152.59,154.04,152.39,152.78,650
1306972800,153.08,153.3,150.98,152.34,616
1307059200,153.23,153.55,152.57,153.14,515
1307318400,153.7,154.33,153.15,153.39,773
1307404800,153.57,153.76,152.63,153.3,593
1307491200,152.95,153.26,152.24,152.73,269
1307577600,152.93,153.95,152.71,153.46,523
1307664000,151.9,152.67,151.62,152.13,215
1307923200,151.57,151.86,150.09,150.63,562
1308009600,150.61,151.6,150.44,151.57,335
1308096000,151.07,152.38,150.86,152.07,342
1308182400,151.73,152.28,151.17,151.88,239
1308268800,151.8,153.12,151.76,152.86,390
1308528000,153.04,153.56,152.53,152.9,389
1308614400,153.14,153.75,153.11,153.68,364
1308700800,153.96,154.79,153.52,153.95,480
1308787200,151.56,151.71,150.15,151.25,930
1308873600,150.68,150.84,148.82,149.03,626
1309132800,148.77,149.23,148.01,148.49,260
1309219200,148.95,149.59,148.54,149.09,244
1309305600,149.62,150.25,149.3,150.07,408
1309392000,150.01,150.26,148.91,148.91,627
1309478400,147.75,147.9,146.83,147.76,463
1309824000,149.83,150.68,149.73,150.47,552
1309910400,151.6,152.38,151.51,151.83,703
1309996800,151.92,152.23,151.17,152.1,543
1310083200,153.2,153.41,152.93,153.15,354
1310342400,154.29,154.61,153.18,154.51,625
1310428800,154.19,156.23,153.7,155.77,646
1310515200,156.75,157.7,156.57,157.1,870
1310601600,157.83,158.25,156.96,157.57,441
1310688000,157.34,158.25,157.25,158.24,349
1310947200,158.8,159.58,158.7,159.54,589
1311033600,159.34,159.34,157.11,157.72,1118
1311120000,157.19,159.0,157.1,159.0,461
1311206400,158.93,159.0,157.42,157.81,344
1311292800,159.04,159.58,158.75,159.1,440
1311552000,160.61,160.83,159.81,160.38,396
1311638400,159.99,160.82,159.66,160.82,424
1311724800,161.58,161.71,159.75,160.18,437
1311811200,160.6,160.62,159.14,160.36,336
1311897600,161.53,162.25,160.91,161.36,678
1312156800,160.56,162.01,159.8,160.75,408
1312243200,162.45,164.77,162.1,164.65,646
1312329600,165.55,166.02,164.5,164.58,1085
1312416000,166.79,167.03,162.81,163.8,1326
1312502400,164.84,165.5,163.62,164.93,809
1312761600,168.78,170.82,167.95,170.38,1500
1312848000,173.12,176.44,170.81,172.03,1821
1312934400,175.88,178.54,175.0,177.99,2150
1313020800,175.57,175.7,171.97,174.11,1703
1313107200,172.9,173.34,171.06,173.3,1116
1313366400,172.61,175.22,172.25,175.16,668
1313452800,175.95,177.43,175.89,177.29,687
1313539200,177.3,178.06,176.62,177.84,617
1313625600,180.64,181.53,179.85,181.15,1029
1313712000,185.17,185.17,182.45,183.44,1147
1313971200,185.53,188.37,185.14,188.16,1200
1314057600,185.82,187.3,180.96,181.09,2311
1314144000,181.25,181.74,173.56,174.89,3581
1314230400,170.13,176.09,169.1,175.63,2930
1314316800,176.94,180.92,175.11,180.86,2513
1314576000,179.36,179.36,176.22,177.22,1495
1314662400,181.22,182.65,180.07,182.49,1728
1314748800,181.16,182.54,179.79,181.06,1105
1314835200,180.79,181.67,179.93,181.3,994
1314921600,186.45,187.0,185.65,186.75,1170
1315267200,188.16,189.38,184.77,186.45,1533
1315353600,179.61,181.5,177.84,180.5,1866
1315440000,184.95,185.61,183.35,185.32,1180
1315526400,183.24,185.42,182.67,184.2,1577
1315785600,182.22,182.27,178.71,180.12,1050
1315872000,180.99,182.96,179.77,182.0,663
1315958400,181.04,181.21,179.48,180.63,741
1316044800,177.97,178.16,175.89,177.68,780
1316131200,177.04,180.8,177.04,179.38,699
1316390400,180.05,180.1,175.45,176.63,930
1316476800,176.49,179.69,176.25,179.14,485
1316563200,178.15,180.16,176.5,176.89,497
1316649600,172.56,173.51,170.77,172.34,1472
1316736000,167.7,168.83,161.62,162.96,2926
1316995200,160.16,161.77,157.22,160.58,2026
1317081600,164.7,165.4,163.01,163.73,1703
1317168000,163.84,164.38,158.63,159.27,1323
1317254400,161.16,161.23,159.23,160.68,910
1317340800,160.38,161.76,159.39,161.06,673
1317600000,164.21,164.59,163.07,164.04,675
1317686400,164.0,164.11,158.3,160.74,1233
1317772800,161.09,163.41,159.58,162.47,701
1317859200,163.11,164.03,161.93,163.7,476
1317945600,164.18,164.34,161.33,162.39,462
1318204800,165.26,166.47,164.31,166.39,399
1318291200,165.36,165.57,164.4,165.33,259
1318377600,166.88,167.07,165.91,166.39,265
1318464000,165.43,165.58,163.95,165.36,294
1318550400,166.45,166.98,165.45,166.59,313
1318809600,167.19,167.33,165.12,165.72,371
1318896000,163.06,165.11,161.39,165.05,414
1318982400,164.24,164.51,162.64,162.88,329
1319068800,160.56,161.42,159.06,160.75,739
1319155200,163.03,163.49,162.15,162.67,338
1319414400,163.68,164.35,163.34,164.04,420
1319500800,164.39,169.55,163.64,168.83,858
1319587200,170.3,171.27,169.69,170.64,627
1319673600,170.91,173.59,169.99,172.83,803
1319760000,172.94,173.21,172.06,172.96,317
1320019200,171.06,171.3,170.43,170.47,162
1320105600,169.61,170.64,167.88,170.64,506
1320192000,172.6,172.99,170.62,172.32,764
1320278400,174.6,175.33,174.16,175.03,701
1320364800,173.83,174.46,173.48,174.2,265
1320624000,176.2,178.41,176.13,178.37,554
1320710400,177.73,178.78,176.37,176.91,653
1320796800,177.65,178.11,174.96,175.45,587
1320883200,175.88,175.88,172.0,174.54,486
1320969600,175.48,177.41,175.4,177.37,443
1321228800,177.15,177.29,176.03,176.61,261
1321315200,176.73,177.13,175.42,176.83,370
1321401600,174.87,176.27,173.9,174.81,411
1321488000,173.35,173.58,169.63,170.26,745
1321574400,170.48,171.87,169.85,170.89,481
1321833600,169.77,169.88,165.39,166.83,703
1321920000,167.95,169.1,167.9,168.51,421
1322006400,167.8,168.51,166.32,168.02,493
1322179200,166.54,168.38,166.53,166.58,542
1322438400,170.15,170.36,169.3,169.83,462
1322524800,169.6,170.57,169.35,170.22,328
1322611200,173.03,173.53,172.48,173.38,494
1322697600,173.16,173.81,171.96,172.94,265
1322784000,173.99,174.06,172.75,173.11,449
1323043200,172.44,173.21,170.37,170.63,649
1323129600,169.48,171.8,168.74,171.48,343
1323216000,172.12,172.81,171.08,172.56,378
1323302400,170.22,170.78,169.0,169.17,271
1323388800,169.65,170.57,169.41,169.61,246
1323648000,165.51,165.53,164.35,165.19,724
1323734400,165.03,166.33,160.89,161.72,1156
1323820800,159.89,160.33,155.0,155.78,1691
1323907200,157.74,157.77,154.72,155.28,920
1323993600,157.32,158.35,156.94,158.3,428
1324252800,158.47,158.84,157.43,157.83,561
1324339200,159.89,160.43,159.61,160.0,504
1324425600,160.04,160.49,159.26,160.24,243
1324512000,159.3,159.73,158.37,158.99,387
1324598400,159.3,159.48,158.84,159.34,230
1324944000,158.01,158.52,157.56,157.88,267
1325030400,156.98,157.22,153.65,153.96,600
1325116800,151.89,153.59,151.28,153.19,999
1325203200,155.08,156.61,154.79,154.93,390
1325548800,157.74,159.18,157.59,159.02,450
1325635200,158.37,160.33,158.36,159.68,318
1325721600,158.3,161.02,158.25,160.81,406
1325808000,161.63,161.63,159.45,160.21,412
1326067200,160.44,160.57,159.25,159.49,246
1326153600,161.97,162.41,161.53,161.69,359
1326240000,162.38,163.1,162.0,162.74,298
1326326400,164.12,164.69,162.89,163.47,458
1326412800,162.38,162.65,161.21,162.37,305
1326758400,164.31,164.68,163.51,163.62,353
1326844800,163.09,164.73,162.89,164.7,214
1326931200,164.03,164.5,163.5,164.33,265
1327017600,163.66,165.21,163.66,165.21,268
1327276800,165.51,166.52,165.5,166.33,251
1327363200,164.97,165.5,164.72,165.14,204
1327449600,164.2,169.73,163.46,169.66,679
1327536000,171.29,171.61,170.31,170.54,311
1327622400,170.67,172.27,170.66,172.26,376
1327881600,171.48,171.8,171.0,171.34,298
1327968000,173.1,173.12,171.06,172.57,409
1328054400,172.99,173.4,172.4,172.85,357
1328140800,173.26,174.52,173.05,174.38,446
1328227200,173.23,173.45,170.82,170.93,798
1328486400,170.2,170.93,169.88,170.45,279
1328572800,170.65,173.32,170.43,172.95,231
1328659200,172.54,173.23,170.86,171.75,324
1328745600,173.34,173.66,171.0,171.23,319
1328832000,169.72,170.85,169.62,170.37,230
1329091200,170.58,171.01,170.0,170.78,142
1329177600,170.91,171.17,169.7,170.38,321
1329264000,171.9,171.99,170.6,171.38,501
1329350400,169.52,171.39,169.41,171.25,205
1329436800,171.57,171.57,170.21,170.63,293
1329782400,172.96,174.36,172.93,174.33,233
1329868800,173.7,176.42,173.55,176.3,546
1329955200,176.0,177.13,175.67,176.35,354
1330041600,175.97,176.29,175.32,175.59,373
1330300800,175.52,176.23,174.92,175.04,250
1330387200,176.22,177.34,176.1,176.88,441
1330473600,176.51,176.94,167.31,167.5,2726
1330560000,169.37,170.96,169.02,169.87,744
1330646400,169.49,170.03,168.87,169.59,425
1330905600,168.97,169.04,167.75,168.94,308
1330992000,165.31,165.89,164.93,165.86,852
1331078400,165.89,167.15,165.76,166.87,284
1331164800,167.96,168.71,167.31,168.44,277
1331251200,166.81,169.73,166.44,169.6,747
1331510400,167.92,168.77,167.92,168.22,160
1331596800,167.45,168.48,164.63,165.37,761
1331683200,163.55,163.58,161.9,162.69,687
1331769600,163.22,165.08,163.09,164.23,289
1331856000,164.17,164.59,163.73,164.41,334
1332115200,164.22,165.28,164.07,164.66,588
1332201600,163.44,164.06,162.88,163.19,319
1332288000,163.83,163.93,163.28,163.3,91
1332374400,161.79,162.74,161.79,162.64,172
1332460800,164.42,164.99,164.28,164.62,146
1332720000,166.36,167.72,166.19,167.59,316
1332806400,167.67,167.86,166.3,166.39,271
1332892800,165.84,165.98,163.89,164.56,464
1332979200,164.29,164.53,162.94,164.43,165
1333065600,164.85,165.39,164.41,165.23,221
1333324800,165.03,166.68,165.0,166.06,218
1333411200,166.32,166.32,162.27,162.92,585
1333497600,160.77,161.02,159.66,160.2,453
1333584000,160.95,161.63,160.86,161.44,240
1333929600,162.75,163.0,162.1,162.48,193
1334016000,162.78,164.62,161.56,164.21,407
1334102400,164.23,164.55,163.85,164.14,120
1334188800,163.8,166.16,163.8,165.87,217
1334275200,165.59,165.6,163.26,163.93,536
1334534400,163.57,164.14,162.75,163.44,403
1334620800,163.61,164.0,161.83,163.33,435
1334707200,162.62,162.96,162.17,162.3,97
1334793600,163.05,163.73,162.21,162.46,698
1334880000,162.3,162.88,162.3,162.55,224
1335139200,161.26,162.2,160.93,162.14,443
1335225600,162.74,163.19,162.35,162.37,204
1335312000,162.57,162.97,160.86,162.71,644
1335398400,163.59,164.44,163.27,164.12,338
1335484800,164.85,164.99,164.36,164.5,210
1335744000,163.59,164.92,163.53,164.92,356
1335830400,165.22,165.29,164.03,164.44,313
1335916800,163.79,163.84,162.91,163.69,246
1336003200,162.27,162.49,161.48,162.07,269
1336089600,161.85,163.0,161.75,162.56,580
1336348800,162.38,162.38,161.51,162.14,360
1336435200,159.63,159.69,157.95,159.02,843
1336521600,157.08,157.85,156.56,157.51,712
1336608000,158.1,158.42,157.66,157.76,244
1336694400,156.37,157.42,156.24,156.54,377
1336953600,154.54,154.92,153.97,154.24,801
1337040000,154.04,154.33,152.53,152.6,451
1337126400,152.35,153.61,151.51,152.4,1924
1337212800,153.78,156.35,153.37,155.79,870
1337299200,157.48,158.16,157.03,157.58,497
1337558400,157.14,157.88,156.9,157.68,214
1337644800,156.55,157.4,154.59,155.08,945
1337731200,154.45,154.69,151.79,154.42,1113
1337817600,155.74,155.86,153.6,154.33,334
1337904000,154.84,155.73,154.61,155.66,293
1338249600,156.49,156.53,153.25,153.97,506
1338336000,152.63,155.32,151.53,154.89,560
1338422400,155.04,155.67,153.6,154.59,484
1338508800,158.42,161.38,158.0,160.51,1049
1338768000,160.33,160.44,159.26,160.37,483
1338854400,160.0,160.31,159.63,160.23,397
1338940800,161.97,162.24,159.65,160.29,1224
1339027200,160.9,160.91,156.24,157.51,1211
1339113600,155.99,157.83,155.96,157.83,436
1339372800,157.9,158.36,156.61,158.23,215
1339459200,158.53,160.1,158.51,159.48,309
1339545600,160.69,160.69,159.61,160.21,280
1339632000,160.75,160.85,159.35,160.76,293
1339718400,160.81,161.45,160.5,160.93,326
1339977600,160.56,161.19,159.52,160.96,172
1340064000,161.07,161.17,160.06,160.23,228
1340150400,159.06,160.48,157.37,159.0,716
1340236800,156.75,157.19,154.81,154.96,478
1340323200,154.99,155.65,154.16,155.65,219
1340582400,155.53,157.12,155.25,156.71,229
1340668800,156.02,156.22,155.17,155.64,234
1340755200,156.34,156.38,155.35,155.8,55
1340841600,154.85,155.1,153.15,153.96,251
1340928000,158.15,158.96,157.63,158.18,302
1341187200,157.62,158.5,157.43,158.11,239
1341273600,159.99,160.73,159.84,160.41,336
1341446400,158.45,159.37,158.16,158.7,154
1341532800,157.22,157.47,155.91,156.66,485
1341792000,156.6,157.53,156.4,157.02,133
1341878400,158.15,158.15,154.77,155.13,225
1341964800,155.55,156.23,155.0,155.88,415
1342051200,154.22,155.84,153.86,155.5,217
1342137600,156.38,157.84,156.38,157.11,166
1342396800,157.45,157.7,156.98,157.19,184
1342483200,157.13,157.43,155.41,156.41,249
1342569600,155.64,156.55,155.5,156.0,203
1342656000,156.72,157.07,156.14,156.39,62
1342742400,155.96,156.96,155.86,156.68,124
1343001600,155.41,156.23,155.19,155.98,285
1343088000,156.65,156.67,155.2,156.49,615
1343174400,158.35,159.27,158.11,158.67,464
1343260800,159.72,160.29,159.14,159.8,269
1343347200,160.68,160.94,159.7,160.58,237
1343606400,159.87,160.69,159.76,160.44,171
1343692800,160.63,160.69,159.3,159.59,200
1343779200,158.18,158.77,157.75,158.2,258
1343865600,157.67,158.04,156.64,157.14,226
1343952000,157.69,158.9,157.47,158.54,201
1344211200,158.93,159.66,158.78,159.27,293
1344297600,159.35,159.61,159.0,159.29,537
1344384000,159.48,159.81,159.29,159.45,946
1344470400,159.36,159.96,159.28,159.94,354
1344556800,160.0,160.77,159.99,160.2,63
1344816000,160.07,160.42,158.95,158.99,95
1344902400,158.04,158.53,157.85,158.11,83
1344988800,158.27,158.73,158.27,158.58,113
1345075200,158.85,160.07,158.5,159.53,117
1345161600,160.08,160.08,159.3,159.79,111
1345420800,159.53,160.38,159.53,160.28,107
1345507200,161.85,162.25,161.77,161.89,267
1345593600,162.29,163.7,161.57,163.62,365
1345680000,164.54,165.55,164.42,165.04,446
1345766400,165.02,165.35,164.69,165.1,187
1346025600,164.9,165.42,164.48,164.5,414
1346112000,164.76,165.32,164.5,164.82,134
1346198400,164.74,164.74,163.19,163.72,129
1346284800,164.4,164.4,163.19,163.61,310
1346371200,164.25,167.32,162.04,167.32,379
1346716800,167.28,168.01,166.91,167.7,321
1346803200,167.33,167.54,167.04,167.46,142
1346889600,168.36,168.98,168.06,168.1,235
1346976000,171.03,172.29,170.65,171.74,340
1347235200,171.1,171.42,170.49,170.58,358
1347321600,171.47,171.77,171.11,171.19,146
1347408000,172.17,172.17,170.46,171.19,443
1347494400,171.15,175.11,169.72,174.6,647
1347580800,175.19,175.51,174.67,175.18,757
1347840000,175.1,175.25,173.42,173.75,310
1347926400,174.13,175.12,174.08,175.05,304
1348012800,175.21,175.3,174.59,175.05,230
1348099200,174.36,174.93,173.71,174.78,255
1348185600,176.25,176.44,174.93,175.29,220
1348444800,173.96,174.56,173.9,174.37,203
1348531200,175.11,175.41,173.87,174.03,143
1348617600,172.76,173.31,171.7,173.08,978
1348704000,174.4,175.84,174.18,175.7,132
1348790400,175.4,175.54,174.76,175.29,191
1349049600,176.18,176.82,175.14,175.67,218
1349136000,175.78,175.96,174.97,175.41,242
1349222400,175.86,175.86,175.3,175.78,103
1349308800,176.61,177.44,176.32,176.95,466
1349395200,176.19,176.68,175.35,176.0,281
1349654400,175.03,175.57,175.0,175.37,116
1349740800,175.15,175.47,174.0,174.28,412
1349827200,173.83,174.54,173.79,174.18,408
1349913600,174.62,175.25,174.51,174.64,95
1350000000,174.47,174.65,173.0,173.37,146
1350259200,172.3,172.37,170.61,171.59,452
1350345600,172.13,172.67,171.91,172.65,120
1350432000,172.51,173.16,172.19,172.78,130
1350518400,172.09,172.53,171.89,171.96,84
1350604800,171.7,171.7,168.91,170.15,352
1350864000,170.24,170.76,170.24,170.76,136
1350950400,169.2,169.23,168.39,168.62,108
1351036800,168.93,169.34,167.81,167.99,224
1351123200,169.51,169.65,169.0,169.16,68
1351209600,169.45,170.05,169.0,169.11,80
1351641600,169.82,170.36,169.76,170.04,41
1351728000,169.76,169.84,169.28,169.28,63
1351814400,166.48,166.67,165.46,165.75,209
1352073600,166.21,166.44,166.0,166.37,102
1352160000,167.07,169.95,166.85,169.51,153
1352246400,170.1,170.35,168.26,169.71,262
1352332800,169.35,171.34,169.35,171.2,239
1352419200,171.51,171.72,170.93,171.03,237
1352678400,171.33,171.51,170.55,170.69,172
1352764800,169.93,171.12,169.86,170.38,211
1352851200,170.74,171.23,170.06,170.41,229
1352937600,170.22,170.29,168.4,169.28,322
1353024000,168.94,169.55,168.71,169.13,85
1353283200,171.04,171.34,170.8,171.11,256
1353369600,171.02,171.24,170.31,170.69,198
1353456000,170.45,170.96,170.25,170.81,179
1353628800,171.26,173.26,171.09,172.9,538
1353888000,172.82,173.0,172.6,172.73,306
1353974400,172.43,172.63,171.94,172.0,188
1354060800,168.66,169.99,168.61,169.91,242
1354147200,170.36,170.72,170.2,170.41,234
1354233600,170.19,170.48,168.8,169.22,133
1354492800,169.34,170.0,169.28,169.4,135
1354579200,167.25,167.93,167.03,167.64,430
1354665600,167.43,167.56,166.49,167.27,255
1354752000,166.88,168.08,166.74,167.72,181
1354838400,168.12,168.36,167.86,168.36,166
1355097600,169.34,169.38,169.0,169.03,220
1355184000,168.68,168.87,168.42,168.84,139
1355270400,169.46,170.0,168.66,168.96,174
1355356800,167.07,168.07,166.97,167.59,246
1355443200,167.35,167.57,167.34,167.35,125
1355702400,167.38,168.11,167.38,167.68,123
1355788800,167.59,167.61,164.0,165.18,574
1355875200,164.44,165.29,164.33,164.83,593
1355961600,163.0,163.2,161.51,162.83,601
1356048000,162.92,163.85,162.92,163.39,400
1356307200,164.03,164.06,163.59,163.74,203
1356480000,164.5,164.55,163.79,163.97,117
1356566400,163.33,164.41,163.25,164.36,124
1356652800,164.09,164.09,163.25,163.61,259
1356912000,164.04,165.85,163.91,165.17,495
1357084800,166.67,167.26,166.33,166.36,135
1357171200,165.65,165.96,164.0,164.37,180
1357257600,162.63,163.64,162.0,163.58,259
1357516800,162.41,163.0,162.24,162.55,306
1357603200,163.54,164.06,163.2,163.7,239
1357689600,163.88,163.92,163.03,163.6,236
1357776000,164.75,165.65,164.75,165.14,227
1357862400,164.96,165.01,163.27,164.16,215
1358121600,165.03,165.11,164.3,164.69,256
1358208000,165.97,166.29,165.52,165.73,242
1358294400,165.57,166.04,165.37,165.79,169
1358380800,165.08,167.59,164.96,166.51,306
1358467200,167.12,167.13,166.21,166.23,183
1358812800,166.67,167.39,166.56,166.86,255
1358899200,167.12,167.13,166.18,166.38,276
1358985600,165.09,165.26,164.44,164.55,143
1359072000,163.62,164.08,163.55,163.82,233
1359331200,163.36,163.8,163.17,163.33,266
1359417600,164.08,164.36,163.83,164.09,165
1359504000,165.82,166.17,165.27,165.32,167
1359590400,164.75,164.92,163.54,164.29,152
1359676800,165.76,165.89,164.07,164.62,341
1359936000,164.33,165.5,164.25,165.12,148
1360022400,165.92,165.94,164.5,165.09,154
1360108800,165.24,165.73,165.12,165.54,183
1360195200,164.38,166.06,164.3,164.98,188
1360281600,164.58,165.11,164.39,164.64,100
1360540800,162.88,163.01,162.35,162.79,576
1360627200,162.38,163.1,161.96,162.95,149
1360713600,162.64,162.69,161.86,162.1,185
1360800000,162.43,162.7,161.14,161.38,159
1360886400,159.46,159.6,157.68,158.82,781
1361232000,158.76,158.84,157.97,158.34,385
1361318400,156.9,156.91,153.79,154.4,980
1361404800,154.94,156.36,154.88,155.57,403
1361491200,155.22,155.93,154.99,155.91,265
1361750400,156.55,157.58,156.36,157.44,271
1361836800,157.45,159.89,156.36,159.25,437
1361923200,158.52,158.54,157.18,157.62,266
1362009600,157.08,157.12,155.42,156.0,366
1362096000,156.2,156.59,155.18,155.48,301
1362355200,155.44,155.62,154.88,155.28,272
1362441600,156.08,156.37,155.21,155.55,219
1362528000,155.19,156.27,154.65,156.22,283
1362614400,156.07,156.18,155.4,155.65,189
1362700800,154.61,156.18,154.39,155.68,284
1362960000,155.73,155.96,155.69,155.96,155
1363046400,157.64,157.64,156.99,157.18,215
1363132800,157.01,157.01,156.47,156.66,138
1363219200,156.61,157.15,156.37,156.7,315
1363305600,157.51,157.52,157.01,157.01,106
1363564800,158.45,158.68,158.07,158.39,122
1363651200,158.81,159.37,158.74,159.11,220
1363737600,158.68,158.79,158.0,158.45,142
1363824000,159.41,159.43,159.11,159.26,87
1363910400,158.75,158.75,158.45,158.57,84
1364169600,157.56,158.52,157.46,158.28,144
1364256000,157.53,157.92,157.41,157.77,180
1364342400,158.45,158.57,158.05,158.34,212
1364428800,157.46,157.72,157.25,157.43,187
1364774400,157.55,157.89,157.34,157.69,391
1364860800,156.04,156.23,155.23,155.41,326
1364947200,155.03,155.49,152.91,153.65,620
1365033600,152.57,153.48,152.4,153.19,298
1365120000,154.52,155.95,154.0,155.79,650
1365379200,155.42,155.56,154.61,155.18,121
1365465600,155.3,156.82,155.29,156.36,229
1365552000,155.67,155.68,153.55,153.72,389
1365638400,153.69,154.63,153.6,153.96,200
1365724800,151.55,151.71,146.33,146.67,1868
1365984000,138.59,139.34,133.04,133.84,2360
1366070400,137.48,137.73,134.4,135.4,843
1366156800,136.39,137.51,134.9,135.44,741
1366243200,136.7,137.88,136.24,136.95,459
1366329600,138.61,138.65,137.32,138.13,327
1366588800,140.85,140.93,139.92,140.53,313
1366675200,139.85,139.85,138.57,139.55,462
1366761600,140.81,141.2,140.16,141.05,283
1366848000,142.76,144.74,142.55,144.37,464
1366934400,145.01,146.18,142.8,143.66,643
1367193600,144.88,145.4,144.29,145.02,249
1367280000,145.0,145.55,144.33,145.49,318
1367366400,143.32,144.25,142.12,143.85,499
1367452800,144.75,145.1,144.4,144.61,305
1367539200,144.44,145.28,144.21,144.84,256
1367798400,145.06,145.21,144.41,144.86,257
1367884800,143.06,143.32,142.12,143.1,497
1367971200,144.48,145.52,144.28,145.22,275
1368057600,144.14,145.06,143.26,143.59,179
1368144000,140.85,142.4,139.96,142.33,350
1368403200,141.11,141.63,140.95,141.08,429
1368489600,140.6,141.8,140.44,140.52,220
1368576000,139.26,139.62,136.89,137.29,611
1368662400,135.7,137.04,135.65,136.7,705
1368748800,135.73,135.93,133.62,133.62,978
1369008000,133.42,137.92,133.42,137.8,1001
1369094400,134.69,136.22,134.02,135.5,663
1369180800,136.75,139.45,133.51,134.54,982
1369267200,137.16,137.32,135.82,137.25,225
1369353600,136.71,137.09,136.24,136.37,1112
1369699200,136.25,138.15,135.41,136.08,1112
1369785600,136.67,137.47,136.26,137.44,2788
1369872000,139.4,139.71,138.94,139.27,1305
1369958400,138.19,138.54,136.45,136.51,484
1370217600,137.39,139.6,137.03,139.08,278
1370304000,137.75,138.0,136.9,137.82,177
1370390400,138.04,138.92,137.65,138.2,123
1370476800,138.0,140.3,137.68,139.14,287
1370563200,136.64,137.16,135.76,135.87,286
1370822400,135.95,136.77,135.57,136.51,132
1370908800,134.87,136.05,134.83,135.85,164
1370995200,135.5,137.36,135.5,136.77,148
1371081600,135.83,136.71,135.39,136.29,220
1371168000,136.55,137.13,136.55,136.99,119
1371427200,136.53,136.59,136.14,136.4,98
1371513600,135.26,135.52,134.14,134.74,351
1371600000,135.08,135.46,132.91,133.17,318
1371686400,127.7,128.74,125.73,126.0,1330
1371772800,127.54,127.98,126.92,127.49,266
1372032000,126.7,127.03,125.76,126.35,332
1372118400,126.12,126.31,125.34,125.8,297
1372204800,122.13,122.18,120.4,120.55,528
1372291200,121.39,121.6,118.0,118.17,475
1372377600,117.38,121.53,116.99,121.43,510
1372636800,122.24,124.26,121.83,123.43,240
1372723200,123.66,123.8,122.13,122.42,223
1372809600,123.0,124.07,122.87,123.05,151
1372982400,120.31,120.47,119.03,120.43,436
1373241600,121.35,121.95,121.28,121.79,124
1373328000,123.24,125.0,122.48,122.95,490
1373414400,123.6,124.68,122.96,123.25,333
1373500800,126.63,126.79,125.92,126.62,131
1373587200,125.9,126.63,125.74,126.49,111
1373846400,126.42,126.7,126.3,126.56,73
1373932800,127.16,127.52,126.81,127.33,68
1374019200,127.52,128.14,125.14,125.73,237
1374105600,126.48,126.88,126.21,126.4,132
1374192000,127.31,127.64,127.31,127.48,71
1374451200,130.11,131.85,130.11,131.39,302
1374537600,131.15,132.56,130.9,132.38,340
1374624000,131.77,131.92,129.51,130.11,164
1374710400,130.23,131.25,130.23,131.14,124
1374796800,130.65,131.46,129.5,131.33,156
1375056000,131.02,131.23,130.83,131.06,109
1375142400,130.48,130.73,129.77,130.63,53
1375228800,130.24,131.27,128.68,130.39,233
1375315200,130.41,130.41,128.85,129.07,156
1375401600,129.2,129.59,128.78,128.78,116
1375660800,128.98,129.14,127.91,128.15,79
1375747200,126.82,126.93,126.0,126.42,197
1375833600,126.42,126.94,126.3,126.57,200
1375920000,127.25,129.4,127.25,129.33,160
1376006400,128.98,129.71,128.76,129.31,105
1376265600,132.08,132.17,131.41,131.67,200
1376352000,131.02,131.08,129.92,130.24,114
1376438400,130.17,131.53,130.1,131.44,167
1376524800,130.55,134.87,130.45,134.26,484
1376611200,135.04,135.83,134.0,135.19,371
1376870400,134.96,135.03,134.13,134.53,229
1376956800,134.82,135.63,134.82,135.11,85
1377043200,134.34,135.75,134.13,134.69,360
1377129600,135.22,135.9,134.99,135.37,131
1377216000,135.09,137.81,135.08,137.53,740
1377475200,137.57,138.15,136.86,138.15,157
1377561600,139.63,140.19,139.25,139.36,222
1377648000,139.92,140.1,139.36,139.41,278
1377734400,138.69,139.18,137.77,138.59,194
1377820800,137.29,138.21,137.1,137.26,133
1378166400,138.12,139.39,137.72,139.04,126
1378252800,137.26,137.39,136.47,137.25,120
1378339200,136.73,136.87,134.43,134.73,204
1378425600,135.96,136.91,135.96,136.77,166
1378684800,136.71,136.87,136.35,136.54,113
1378771200,134.43,134.5,133.71,134.28,150
1378857600,134.14,134.33,133.85,134.24,86
1378944000,131.18,131.25,130.14,130.14,308
1379030400,129.68,130.4,128.73,130.27,200
1379289600,130.01,130.22,128.84,128.9,113
1379376000,129.26,129.38,128.57,129.0,110
1379462400,127.82,134.6,127.67,134.57,307
1379548800,134.53,135.28,134.0,134.43,195
1379635200,133.2,133.4,130.44,130.47,248
1379894400,130.0,130.89,129.82,129.98,417
1379980800,128.9,130.51,128.85,130.22,183
1380067200,129.99,131.7,129.99,131.27,122
1380153600,131.07,131.33,129.86,130.24,134
1380240000,131.53,132.19,131.42,131.58,89
1380499200,130.38,131.58,130.38,130.72,72
1380585600,127.72,127.72,126.25,126.98,329
1380672000,127.77,130.18,127.77,129.53,221
1380758400,129.25,130.14,128.76,129.72,103
1380844800,129.55,129.56,128.47,128.94,83
1381104000,129.72,130.7,129.62,130.15,114
1381190400,130.24,130.94,129.72,129.84,217
1381276800,128.71,129.12,127.53,128.56,193
1381363200,127.81,128.19,126.5,126.72,144
1381449600,124.86,125.16,124.3,124.96,297
1381708800,126.27,126.61,125.25,125.25,169
1381795200,124.61,126.65,124.61,126.11,274
1381881600,125.87,126.28,124.91,125.99,245
1381968000,129.44,130.3,129.36,129.9,204
1382054400,129.38,129.69,129.08,129.37,130
1382313600,129.59,129.75,129.35,129.45,97
1382400000,130.73,132.31,130.69,131.87,178
1382486400,131.08,131.5,130.89,131.19,284
1382572800,131.98,133.0,131.98,132.45,150
1382659200,132.38,133.49,132.32,132.99,165
1382918400,133.31,133.97,132.96,133.12,82
1383004800,132.92,132.95,132.17,132.3,88
1383091200,133.28,133.35,131.38,132.12,226
1383177600,130.38,130.41,129.92,130.23,110
1383264000,128.92,129.48,128.64,129.46,63
1383523200,129.68,129.98,129.24,129.27,72
1383609600,129.22,129.3,128.47,128.99,95
1383696000,129.57,129.92,129.54,129.64,99
1383782400,128.68,129.27,128.39,128.59,112
1383868800,126.82,126.82,126.15,126.73,135
1384128000,126.36,126.36,126.09,126.28,84
1384214400,125.97,126.09,124.26,124.83,156
1384300800,125.33,125.59,124.8,125.29,54
1384387200,126.31,127.3,126.31,126.72,104
1384473600,126.66,126.87,126.56,126.71,112
1384732800,126.15,126.17,124.95,125.31,54
1384819200,125.32,125.73,125.25,125.31,73
1384905600,124.0,124.56,122.18,122.48,257
1384992000,122.1,122.66,121.71,122.15,120
1385078400,122.54,122.67,122.23,122.25,103
1385337600,121.52,123.36,121.48,122.79,1057
1385424000,122.3,122.6,121.99,122.25,99
1385510400,122.83,122.83,121.61,121.8,127
1385683200,123.01,123.4,123.0,123.04,28
1385942400,121.5,121.62,119.8,120.0,226
1386028800,119.9,120.6,119.65,120.23,123
1386115200,120.59,123.04,120.07,122.41,303
1386201600,120.44,121.53,119.7,120.66,255
1386288000,121.12,121.55,120.37,120.82,137
1386547200,121.21,122.26,121.16,122.04,175
1386633600,124.49,124.65,123.87,124.12,135
1386720000,123.88,123.92,122.98,123.36,137
1386806400,120.96,121.04,120.37,120.6,144
1386892800,121.19,121.77,121.19,121.69,112
1387152000,121.46,123.06,121.2,121.93,401
1387238400,121.25,122.12,120.77,121.01,313
1387324800,121.29,122.38,119.51,119.99,437
1387411200,118.24,118.29,116.87,117.12,381
1387497600,117.6,118.61,117.35,118.22,226
1387756800,117.83,118.35,117.71,117.86,194
1387843200,118.02,118.5,118.02,118.34,56
1388016000,119.55,119.55,118.95,118.99,203
1388102400,119.63,119.69,119.18,119.37,199
1388361600,118.61,118.66,117.43,117.7,373
1388448000,116.85,119.26,116.72,118.33,388
1388620800,120.2,121.0,120.1,120.26,118
1388707200,120.99,121.93,120.88,121.66,133
1388966400,122.04,122.69,119.67,121.73,317
1389052800,120.86,121.16,120.54,121.16,80
1389139200,120.24,122.0,119.91,120.45,186
1389225600,120.38,120.82,120.38,120.77,180
1389312000,122.0,122.68,122.0,122.56,76
1389571200,122.6,123.4,122.59,123.36,45
1389657600,122.91,123.33,122.11,122.23,97
1389744000,121.49,122.11,121.46,121.99,114
1389830400,122.14,122.23,121.92,122.1,69
1389916800,122.74,123.38,122.56,123.29,73
1390262400,121.61,122.29,121.59,122.08,211
1390348800,122.04,122.04,121.54,121.54,55
1390435200,123.34,124.35,123.34,124.15,99
1390521600,124.49,124.85,123.97,124.66,102
1390780800,124.07,124.32,123.13,123.33,99
1390867200,123.77,123.77,122.0,123.25,94
1390953600,124.53,124.84,123.4,124.84,83
1391040000,122.03,122.48,121.98,122.15,83
1391126400,122.97,123.09,121.87,122.41,45
1391385600,122.9,124.46,122.71,123.71,351
1391472000,122.73,123.43,122.73,123.38,73
1391558400,124.21,124.21,123.14,123.69,100
1391644800,123.79,123.85,123.31,123.61,53
1391731200,123.61,124.59,123.61,124.58,84
1391990400,125.22,125.64,125.21,125.31,133
1392076800,125.88,127.14,125.83,126.83,191
1392163200,126.9,127.33,126.65,126.85,71
1392249600,127.16,128.03,127.16,128.01,136
1392336000,129.51,129.81,129.22,129.58,136
1392681600,129.92,130.22,129.64,129.87,355
1392768000,129.8,129.93,128.65,128.73,201
1392854400,129.3,130.22,128.94,130.06,107
1392940800,130.02,130.56,129.71,130.13,80
1393200000,131.0,131.58,131.0,131.4,128
1393286400,131.08,132.1,131.08,131.76,162
1393372800,131.01,131.22,129.9,130.57,158
1393459200,130.91,131.17,130.52,130.83,66
1393545600,130.83,130.83,129.71,130.1,80
1393804800,132.54,133.18,132.41,132.91,311
1393891200,131.03,131.8,130.89,131.18,201
1393977600,131.3,131.78,131.13,131.42,68
1394064000,132.23,132.99,132.05,132.75,77
1394150400,130.73,131.78,130.73,131.68,79
1394409600,132.01,132.11,131.59,131.67,60
1394496000,132.41,132.57,131.55,132.39,134
1394582400,134.1,134.65,134.0,134.37,149
1394668800,134.27,135.09,134.26,134.82,153
1394755200,136.04,136.17,134.96,135.73,162
1395014400,135.49,135.88,134.0,134.26,93
1395100800,133.27,133.68,133.11,133.2,74
1395187200,131.56,131.94,130.26,130.61,216
1395273600,130.61,130.85,130.35,130.38,67
1395360000,131.09,131.35,130.96,131.0,62
1395619200,129.38,129.38,128.55,128.74,73
1395705600,129.12,129.24,128.77,128.88,128
1395792000,128.7,128.7,127.62,127.92,88
1395878400,127.31,127.4,126.82,127.07,77
1395964800,127.17,127.39,126.75,127.03,28
1396224000,126.91,127.13,126.01,126.07,84
1396310400,126.1,126.25,125.5,125.78,152
1396396800,126.8,127.08,126.66,126.69,78
1396483200,126.07,126.61,126.07,126.36,33
1396569600,127.62,128.29,127.38,128.03,130
1396828800,127.52,127.88,127.34,127.38,44
1396915200,128.63,128.73,128.45,128.55,98
1397001600,127.98,129.11,127.8,128.76,43
1397088000,129.45,129.79,129.44,129.52,43
1397174400,129.56,129.76,129.21,129.46,85
1397433600,130.35,130.57,130.13,130.31,104
1397520000,127.23,128.13,127.01,127.99,68
1397606400,127.7,128.0,127.49,127.89,32
1397692800,127.82,127.9,127.06,127.2,130
1398038400,126.52,126.67,126.25,126.67,75
1398124800,126.61,126.61,125.36,126.26,141
1398211200,126.15,126.24,125.87,126.13,52
1398297600,125.21,127.51,125.21,126.98,200
1398384000,127.59,128.13,127.58,127.87,59
1398643200,127.73,127.73,126.95,127.31,50
1398729600,127.67,127.72,127.11,127.27,46
1398816000,126.67,127.41,126.3,126.68,88
1398902400,125.54,126.21,125.5,126.21,84
1398988800,126.13,128.08,125.77,127.46,139
1399248000,128.96,128.97,128.5,128.7,68
1399334400,128.48,128.49,128.19,128.44,38
1399420800,127.92,127.97,126.39,126.59,122
1399507200,126.55,126.76,126.37,126.58,46
1399593600,126.77,126.8,126.29,126.57,56
1399852800,127.81,127.84,127.17,127.25,53
1399939200,127.24,127.38,126.92,127.06,35
1400025600,128.31,128.35,128.0,128.22,55
1400112000,127.18,127.75,127.0,127.44,100
1400198400,126.79,127.07,126.76,126.87,45
1400457600,127.72,127.87,126.92,127.03,57
1400544000,126.5,127.24,126.5,127.12,56
1400630400,126.62,126.82,126.0,126.82,77
1400716800,127.56,127.67,127.0,127.06,33
1400803200,126.98,127.0,126.7,126.92,103
1401148800,125.34,125.39,124.16,124.27,167
1401235200,123.89,124.05,123.36,123.54,124
1401321600,123.12,123.78,123.12,123.3,68
1401408000,123.07,123.47,121.96,122.77,90
1401667200,122.1,122.63,122.01,122.08,102
1401753600,122.11,122.44,121.74,122.35,76
1401840000,122.43,122.47,122.02,122.09,84
1401926400,122.92,123.17,122.86,123.0,55
1402012800,123.02,123.07,122.31,122.98,61
1402272000,123.12,123.16,122.97,123.05,30
1402358400,123.69,123.8,123.61,123.8,35
1402444800,123.89,123.92,123.65,123.77,45
1402531200,124.27,125.05,124.22,124.97,101
1402617600,124.94,125.37,124.94,125.35,44
1402876800,125.35,125.41,124.72,124.72,65
1402963200,124.29,124.74,124.19,124.74,54
1403049600,124.57,125.11,124.55,125.09,96
1403136000,126.72,129.62,126.72,129.41,183
1403222400,128.75,129.51,128.7,128.99,134
1403481600,129.09,129.37,128.87,129.27,72
1403568000,129.74,129.78,129.26,129.46,99
1403654400,129.31,130.0,129.14,129.46,117
1403740800,129.14,129.25,128.69,129.16,204
1403827200,129.43,129.64,129.21,129.38,128
1404086400,129.03,130.39,128.88,130.2,319
1404172800,130.5,130.5,130.11,130.23,181
1404259200,130.23,130.66,130.17,130.23,174
1404345600,129.31,129.65,129.31,129.51,34
1404691200,128.9,129.46,128.72,129.46,131
1404777600,129.71,130.0,128.97,129.5,57
1404864000,130.06,130.72,129.76,130.35,43
1404950400,131.62,131.72,131.02,131.08,123
1405036800,130.94,131.34,130.94,131.29,91
1405296000,127.99,128.48,127.89,128.16,100
1405382400,128.41,128.77,126.91,126.98,201
1405468800,127.43,127.89,127.3,127.35,63
1405555200,127.95,130.22,127.82,129.57,254
1405641600,128.29,128.66,128.18,128.6,45
1405900800,129.0,129.0,128.7,128.82,42
1405987200,128.82,128.9,127.92,128.19,149
1406073600,128.16,128.41,127.97,128.06,45
1406160000,127.28,127.28,126.34,126.79,130
1406246400,126.91,128.37,126.91,128.29,146
1406505600,127.93,128.14,127.86,128.08,31
1406592000,128.26,128.32,127.2,127.6,100
1406678400,127.37,127.37,126.87,127.23,255
1406764800,126.32,126.62,125.71,125.94,214
1406851200,126.9,127.22,126.76,126.82,150
1407110400,126.83,126.83,126.19,126.4,87
1407196800,126.14,126.91,125.87,126.37,78
1407283200,128.2,128.44,128.0,128.15,91
1407369600,127.95,128.97,127.95,128.72,131
1407456000,128.56,128.77,128.41,128.69,63
1407715200,128.34,128.47,128.11,128.41,246
1407801600,128.87,129.22,128.33,128.42,132
1407888000,128.72,128.93,128.41,128.68,238
1407974400,128.68,128.98,128.61,128.77,169
1408060800,126.98,128.49,126.84,127.95,150
1408320000,127.23,127.5,127.18,127.39,44
1408406400,127.4,127.41,126.92,127.1,65
1408492800,127.16,127.22,126.37,126.64,53
1408579200,125.15,125.59,124.97,125.26,121
1408665600,125.43,125.69,125.0,125.56,56
1408924800,125.28,125.4,125.12,125.13,79
1409011200,126.32,126.32,125.74,125.76,133
1409097600,125.98,126.15,125.73,125.81,145
1409184000,126.55,126.71,126.32,126.44,118
1409270400,126.23,126.49,126.11,126.3,35
1409616000,124.36,124.49,123.74,124.11,627
1409702400,124.16,124.59,124.08,124.51,109
1409788800,124.86,125.01,123.61,123.86,91
1409875200,124.25,124.41,124.05,124.4,79
1410134400,123.99,123.99,122.81,123.15,101
1410220800,122.92,123.26,122.36,123.21,113
1410307200,122.46,122.8,121.97,122.61,95
1410393600,121.97,122.05,121.2,121.84,75
1410480000,120.97,121.16,120.43,120.71,98
1410739200,121.07,121.14,120.78,121.0,65
1410825600,121.17,121.59,120.8,121.13,40
1410912000,121.24,121.39,119.8,119.8,105
1410998400,119.7,120.3,119.65,120.13,61
1411084800,119.8,119.87,119.04,119.35,231
1411344000,118.97,119.6,118.91,119.12,262
1411430400,120.25,120.31,119.68,119.92,76
1411516800,119.44,119.73,119.26,119.32,82
1411603200,118.61,120.02,118.55,119.77,77
1411689600,119.37,119.37,118.9,119.35,116
1411948800,119.56,119.68,119.23,119.28,130
1412035200,118.78,119.56,118.24,118.48,102
1412121600,118.96,119.5,118.96,119.17,107
1412208000,119.17,119.36,118.75,118.99,155
1412294400,117.41,117.68,116.71,116.83,209
1412553600,117.38,118.48,117.22,118.3,112
1412640000,118.66,118.93,118.5,118.69,56
1412726400,119.31,119.97,118.24,119.78,101
1412812800,120.16,120.52,119.86,119.97,70
1412899200,119.96,120.0,119.56,119.94,220
1413158400,120.52,120.99,120.3,120.82,108
1413244800,120.88,121.1,120.7,120.92,67
1413331200,121.54,122.35,121.22,121.3,135
1413417600,121.39,121.97,121.31,121.53,78
1413504000,121.34,121.53,120.85,121.35,62
1413763200,121.98,122.19,121.94,122.18,30
1413849600,122.59,122.85,122.24,122.37,189
1413936000,122.0,122.09,121.62,121.67,103
1414022400,121.0,121.0,120.23,120.78,112
1414108800,120.89,120.92,120.45,120.65,95
1414368000,120.49,120.54,120.39,120.49,132
1414454400,120.58,120.63,120.39,120.4,34
1414540800,120.01,120.15,118.66,118.73,95
1414627200,117.85,117.89,117.28,117.46,90
1414713600,114.39,115.11,113.86,114.84,169
1414972800,114.61,114.84,114.23,114.3,180
1415059200,114.3,114.89,114.3,114.37,84
1415145600,112.1,112.95,111.81,111.93,285
1415232000,112.1,112.43,111.91,112.05,335
1415318400,112.93,115.31,112.91,115.2,190
1415577600,114.35,114.35,112.43,112.58,89
1415664000,113.21,114.81,113.08,114.23,117
1415750400,114.23,114.31,113.43,113.65,79
1415836800,114.07,114.46,113.54,113.85,90
1415923200,112.89,116.89,112.89,116.7,287
1416182400,116.15,116.49,115.92,116.23,80
1416268800,117.08,117.37,116.87,117.31,171
1416355200,117.21,117.59,115.21,115.98,380
1416441600,116.8,117.23,116.47,117.1,55
1416528000,117.83,118.19,116.97,117.61,159
1416787200,117.44,117.59,117.06,117.36,123
1416873600,117.27,117.65,117.17,117.57,153
1416960000,117.46,117.54,117.24,117.38,85
1417132800,115.64,115.95,114.3,114.47,91
1417392000,116.0,119.43,116.0,118.87,286
1417478400,117.34,117.76,117.05,117.42,181
1417564800,117.99,119.01,117.89,118.59,105
1417651200,118.33,118.57,118.01,118.18,44
1417737600,117.4,117.4,116.51,116.66,107
1417996800,117.19,118.33,116.83,118.04,121
1418083200,119.3,121.04,119.3,120.46,197
1418169600,120.43,120.72,120.15,120.29,155
1418256000,119.27,120.5,119.17,120.0,117
1418342400,119.66,119.91,119.0,119.67,85
1418601600,118.49,119.13,116.65,116.65,216
1418688000,118.57,118.77,116.64,117.23,194
1418774400,117.3,117.72,115.91,116.48,430
1418860800,117.84,118.06,116.87,117.4,186
1418947200,117.22,117.4,117.08,117.08,101
1419206400,117.16,117.2,114.57,114.77,598
1419292800,115.02,115.49,114.82,114.97,653
1419379200,115.09,115.09,114.93,114.98,33
1419552000,117.24,117.25,116.81,117.12,76
1419811200,116.91,116.91,115.5,115.93,277
1419897600,117.2,118.53,117.17,117.43,638
1419984000,117.1,117.17,115.62,115.85,163
1420156800,114.71,116.83,114.69,116.32,157
1420416000,117.05,118.27,117.0,118.1,99
1420502400,118.54,119.75,118.21,119.39,153
1420588800,118.8,119.1,118.5,118.69,127
1420675200,118.78,119.12,118.16,118.2,135
1420761600,118.8,119.55,118.8,119.54,93
1421020800,119.73,120.91,119.73,120.84,119
1421107200,121.26,121.44,120.26,120.49,109
1421193600,121.36,121.53,120.21,120.37,190
1421280000,122.71,124.0,122.69,123.32,325
1421366400,124.03,125.49,124.03,124.95,330
1421712000,126.09,127.04,125.99,126.57,272
1421798400,127.58,127.74,125.8,126.71,160
1421884800,127.48,128.03,126.76,127.69,165
1421971200,126.88,126.9,125.85,126.73,117
1422230400,125.69,125.78,124.99,125.37,278
1422316800,126.09,127.04,125.97,126.88,1006
1422403200,125.99,126.31,125.36,125.9,367
1422489600,124.5,124.61,122.67,123.14,328
1422576000,123.87,125.86,123.35,125.84,314
1422835200,124.36,125.56,124.24,124.81,308
1422921600,124.2,124.2,123.0,123.5,137
1423008000,124.01,124.27,123.39,124.08,182
1423094400,123.4,124.21,123.02,124.21,182
1423180800,121.51,121.86,120.45,120.98,285
1423440000,121.27,121.72,121.27,121.56,42
1423526400,121.03,121.28,120.59,120.86,72
1423612800,120.88,120.88,119.4,119.4,172
1423699200,120.08,120.1,119.51,119.73,60
1423785600,120.4,120.91,120.2,120.32,44
1424131200,118.75,118.87,117.93,118.31,128
1424217600,118.28,118.86,117.33,118.65,160
1424304000,118.68,118.7,118.08,118.29,58
1424390400,118.38,119.0,117.37,117.67,108
1424649600,117.69,118.51,117.36,117.68,148
1424736000,117.22,117.64,116.66,117.49,138
1424822400,118.13,118.13,117.61,117.98,108
1424908800,118.78,118.82,118.09,118.19,359
1424995200,119.07,119.26,118.58,118.59,46
1425254400,118.77,118.86,117.93,117.97,185
1425340800,118.37,118.85,117.67,117.78,120
1425427200,117.95,118.0,117.34,117.37,41
1425513600,117.66,118.24,117.15,117.31,77
1425600000,115.46,115.46,113.98,114.06,231
1425859200,114.72,114.76,114.18,114.18,37
1425945600,114.1,114.42,113.4,113.59,626
1426032000,112.61,113.0,112.42,112.92,54
1426118400,113.0,113.06,112.5,112.89,59
1426204800,112.96,113.16,112.74,113.11,110
1426464000,112.9,113.08,112.66,113.08,64
1426550400,113.28,113.28,112.34,112.37,42
1426636800,112.43,115.08,112.38,114.25,152
1426723200,114.23,114.73,114.15,114.64,56
1426809600,115.76,116.26,115.63,115.85,96
1427068800,116.19,116.61,116.01,116.55,128
1427155200,116.49,116.9,116.34,116.88,57
1427241600,117.31,117.33,116.99,117.02,39
1427328000,118.03,118.08,117.66,117.83,142
1427414400,117.55,117.55,117.19,117.35,109
1427673600,116.22,116.24,115.94,116.06,32
1427760000,116.06,116.4,115.65,115.84,40
1427846400,116.79,118.21,116.79,117.83,42
1427932800,117.85,117.85,117.16,117.54,35
1428278400,119.65,119.72,118.87,119.01,103
1428364800,118.62,118.75,118.26,118.44,34
1428451200,118.26,118.28,117.29,117.57,31
1428537600,117.05,117.05,116.81,116.98,35
1428624000,118.28,118.38,117.84,118.26,34
1428883200,117.62,117.68,117.22,117.48,38
1428969600,116.94,117.16,116.67,116.72,48
1429056000,117.13,117.84,116.81,117.7,132
1429142400,117.83,117.95,116.95,117.32,76
1429228800,117.65,118.03,117.65,117.84,43
1429488000,117.13,117.21,116.71,116.99,27
1429574400,117.0,117.75,116.96,117.54,22
1429660800,117.14,117.14,116.1,116.15,54
1429747200,116.36,117.21,116.35,116.88,46
1429833600,116.25,116.25,115.05,115.27,119
1430092800,116.1,118.05,116.0,117.65,101
1430179200,117.68,118.85,117.68,118.59,96
1430265600,118.31,118.59,117.61,117.81,86
1430352000,116.14,116.14,115.18,115.74,112
1430438400,114.6,115.39,114.6,115.32,113
1430697600,116.4,116.67,116.17,116.36,134
1430784000,117.22,117.34,116.7,116.77,265
1430870400,116.86,117.01,116.42,116.57,33
1430956800,116.14,116.14,115.64,115.79,19
1431043200,116.68,116.68,115.93,116.26,65
1431302400,116.31,116.41,115.42,115.83,62
1431388800,116.43,116.88,116.37,116.76,44
1431475200,118.07,119.2,118.02,118.84,93
1431561600,119.58,120.05,119.46,119.51,77
1431648000,119.05,119.9,119.05,119.82,125
1431907200,120.1,120.19,119.63,119.84,104
1431993600,118.92,118.92,118.05,118.11,76
1432080000,118.31,118.62,118.13,118.35,125
1432166400,117.9,118.15,117.74,117.96,58
1432252800,117.85,118.01,117.7,117.92,44
1432598400,115.95,116.4,115.95,116.14,84
1432684800,116.0,116.2,115.97,116.13,34
1432771200,116.16,116.35,115.45,116.29,78
1432857600,116.37,116.59,116.25,116.35,51
1433116800,117.34,117.78,116.2,116.29,76
1433203200,116.61,116.91,116.52,116.69,97
1433289600,116.43,116.49,115.37,115.94,65
1433376000,115.26,115.26,114.71,115.03,200
1433462400,113.85,114.56,113.8,114.47,236
1433721600,114.54,114.86,114.46,114.76,80
1433808000,115.42,115.46,115.04,115.07,37
1433894400,116.4,116.4,116.01,116.02,66
1433980800,115.57,115.64,115.27,115.58,23
1434067200,115.27,115.64,115.26,115.49,21
1434326400,115.56,116.41,115.52,116.05,112
1434412800,115.39,115.69,115.15,115.6,65
1434499200,115.26,116.27,114.91,115.96,42
1434585600,117.64,117.85,117.26,117.56,78
1434672000,117.73,117.73,117.34,117.4,50
1434931200,116.24,116.24,115.65,115.87,81
1435017600,115.23,115.37,115.05,115.14,32
1435104000,114.63,114.9,114.58,114.84,136
1435190400,114.62,114.84,114.59,114.71,202
1435276800,114.47,114.9,114.46,114.9,13
1435536000,115.08,115.4,114.81,115.26,169
1435622400,114.48,115.2,114.08,114.62,118
1435708800,114.34,114.59,114.17,114.25,83
1435795200,113.92,113.98,113.65,113.98,94
1436140800,113.97,114.73,113.91,114.25,139
1436227200,113.24,113.32,112.24,112.91,182
1436313600,113.61,113.8,113.29,113.32,89
1436400000,114.13,114.13,113.39,113.54,78
1436486400,113.28,113.82,113.25,113.66,90
1436745600,112.74,113.32,112.58,113.16,41
1436832000,113.28,113.28,112.8,112.9,106
1436918400,112.25,112.35,111.78,112.35,45
1437004800,111.89,112.03,111.83,111.9,65
1437091200,111.27,111.27,110.53,110.93,96
1437350400,108.71,108.8,107.68,107.77,270
1437436800,108.0,108.29,107.38,107.48,100
1437523200,106.44,107.07,106.33,106.92,96
1437609600,107.12,107.39,106.35,106.35,75
1437696000,105.66,107.56,105.66,107.42,89
1437955200,106.98,107.49,106.77,106.97,109
1438041600,107.26,107.26,106.97,107.11,28
1438128000,107.04,107.46,106.63,107.23,52
1438214400,106.21,107.02,105.95,106.35,75
1438300800,107.56,107.77,106.96,107.03,59
1438560000,106.62,106.84,106.11,106.17,86
1438646400,106.68,106.81,106.09,106.34,73
1438732800,106.44,106.5,105.88,105.95,49
1438819200,106.22,106.8,106.22,106.48,78
1438905600,106.67,107.38,106.67,106.78,74
1439164800,107.08,108.35,107.03,107.73,72
1439251200,108.78,108.78,107.92,108.35,69
1439337600,109.11,110.0,109.11,109.85,117
1439424000,109.15,109.18,108.85,108.97,61
1439510400,109.04,109.49,108.68,109.0,49
1439769600,109.66,109.66,109.13,109.2,47
1439856000,108.86,109.29,108.43,109.22,132
1439942400,109.83,110.78,109.81,110.66,135
1440028800,112.15,112.76,111.93,112.57,100
1440115200,113.2,113.5,112.38,113.32,174
1440374400,113.95,114.23,111.73,112.73,418
1440460800,112.22,112.22,110.9,111.31,119
1440547200,109.89,110.12,109.25,109.7,115
1440633600,109.51,110.07,109.33,109.9,210
1440720000,110.29,111.46,110.29,110.88,184
1440979200,110.44,111.04,110.23,110.95,57
1441065600,111.98,111.98,111.19,111.37,86
1441152000,111.29,111.5,110.68,110.79,52
1441238400,109.93,110.27,109.73,109.96,51
1441324800,109.18,109.69,109.18,109.67,70
1441670400,109.65,110.05,109.55,109.69,97
1441756800,108.77,108.77,107.65,108.22,63
1441843200,108.72,108.75,108.36,108.47,81
1441929600,107.82,108.2,107.46,108.18,41
1442188800,107.79,108.4,107.79,108.35,49
1442275200,107.96,108.11,107.84,107.91,13
1442361600,108.66,109.74,108.66,109.4,66
1442448000,109.0,110.68,109.0,110.5,81
1442534400,111.14,111.52,111.03,111.37,106
1442793600,110.63,110.74,110.56,110.68,27
1442880000,109.62,110.0,109.6,109.9,36
1442966400,110.67,110.67,110.36,110.36,58
1443052800,111.83,112.88,111.83,112.64,80
1443139200,112.06,112.15,111.73,112.02,87
1443398400,110.45,110.95,110.41,110.5,262
1443484800,110.42,110.8,110.1,110.1,180
1443571200,109.0,109.13,108.62,108.95,129
1443657600,109.06,109.32,108.76,108.87,41
1443744000,110.65,111.4,110.65,111.18,95
1444003200,111.26,111.51,110.7,110.9,139
1444089600,111.97,112.35,111.84,112.03,156
1444176000,111.73,112.14,111.73,111.93,120
1444262400,111.39,112.34,111.3,111.5,41
1444348800,112.54,113.27,112.54,113.12,75
1444608000,113.96,113.96,113.32,113.5,215
1444694400,113.56,114.08,113.56,114.08,52
1444780800,115.0,116.14,114.63,116.03,131
1444867200,115.53,116.07,115.22,115.57,210
1444953600,115.45,115.74,114.85,114.85,82
1445212800,114.89,114.97,114.2,114.27,186
1445299200,114.69,115.34,114.67,114.95,145
1445385600,114.69,114.69,113.79,114.04,40
1445472000,113.82,114.36,113.7,113.94,52
1445558400,114.1,114.1,113.31,113.71,54
1445817600,114.03,114.03,113.6,113.69,48
1445904000,113.96,114.0,113.82,113.9,56
1445990400,115.31,115.31,112.55,113.01,121
1446076800,112.57,112.57,111.9,111.9,41
1446163200,111.57,111.58,111.32,111.42,32
1446422400,110.8,111.01,110.68,110.73,37
1446508800,110.0,110.0,108.86,109.14,96
1446595200,109.14,109.14,108.06,108.1,54
1446681600,108.0,108.12,107.75,107.77,35
1446768000,106.32,106.49,106.1,106.19,122
1447027200,106.4,106.61,106.29,106.56,53
1447113600,106.09,106.71,105.93,106.22,53
1447200000,106.15,106.3,105.88,105.89,34
1447286400,105.17,106.27,105.04,105.94,124
1447372800,105.55,105.73,105.55,105.64,64
1447632000,105.97,106.04,105.6,105.77,95
1447718400,105.47,105.47,104.18,104.38,163
1447804800,104.39,104.82,104.24,104.45,170
1447891200,105.08,106.12,105.08,105.65,81
1447977600,105.65,105.65,105.06,105.19,80
1448236800,104.44,104.75,104.2,104.31,44
1448323200,105.16,105.16,104.87,104.98,19
1448409600,104.51,104.69,104.33,104.48,116
1448582400,103.2,103.42,102.99,103.27,212
1448841600,103.62,104.08,103.62,103.95,23
1448928000,104.29,104.4,103.87,104.34,103
1449014400,103.29,103.33,102.59,102.69,82
1449100800,103.21,104.0,102.98,103.74,95
1449187200,104.85,106.27,104.72,106.05,139
1449446400,105.37,105.37,104.59,104.69,192
1449532800,105.17,105.17,104.68,104.86,91
1449619200,105.59,105.59,104.47,104.85,103
1449705600,104.43,104.83,104.43,104.58,74
1449792000,103.96,105.33,103.96,105.12,54
1450051200,104.78,104.78,103.76,103.98,77
1450137600,103.63,103.94,103.44,103.5,124
1450224000,104.58,105.18,103.83,104.74,221
1450310400,102.8,102.94,102.26,102.49,137
1450396800,103.17,104.24,103.17,104.0,119
1450656000,104.78,105.5,104.78,105.17,109
1450742400,105.14,105.2,104.6,104.6,163
1450828800,104.4,104.55,104.28,104.33,70
1450915200,104.87,105.05,104.83,105.05,51
1451260800,104.48,104.56,104.11,104.25,126
1451347200,104.53,104.53,104.17,104.18,153
1451433600,103.56,103.62,103.35,103.42,104
1451520000,103.48,103.7,103.35,103.49,112
1451865600,105.08,105.69,104.54,104.88,151
1451952000,105.2,105.54,105.06,105.22,58
1452038400,106.39,106.82,106.07,106.77,135
1452124800,107.88,108.35,107.46,108.25,258
1452211200,107.59,107.81,107.15,107.71,139
1452470400,107.7,107.7,106.82,106.82,73
1452556800,106.12,106.58,105.8,106.36,37
1452643200,105.9,106.82,105.9,106.76,130
1452729600,105.76,106.21,104.52,105.06,39
1452816000,106.95,106.95,106.16,106.16,63
1453161600,106.21,106.45,105.84,106.05,66
1453248000,107.04,108.18,107.04,107.44,103
1453334400,107.11,107.49,106.66,107.46,41
1453420800,107.05,107.51,106.93,107.06,75
1453680000,107.88,108.2,107.76,108.17,268
1453766400,108.41,109.7,108.4,109.48,133
1453852800,109.02,110.15,108.91,109.88,95
1453939200,108.71,108.98,108.63,108.69,57
1454025600,108.75,109.08,108.54,109.07,33
1454284800,109.65,110.18,109.65,110.13,39
1454371200,110.16,110.24,109.62,110.24,71
1454457600,110.03,111.87,110.03,111.46,437
1454544000,112.63,112.88,112.16,112.77,242
1454630400,112.07,114.57,111.81,114.55,237
1454889600,115.89,117.06,115.74,116.11,226
1454976000,116.77,116.96,115.88,115.88,195
1455062400,116.31,116.76,115.68,116.74,68
1455148800,121.04,122.94,120.22,121.44,387
1455235200,120.52,121.08,120.32,120.72,682
1455580800,118.36,118.52,117.07,117.07,145
1455667200,117.8,118.21,117.35,117.92,53
1455753600,117.55,120.79,117.55,120.6,190
1455840000,119.74,120.22,119.44,119.9,102
1456099200,117.63,118.4,117.63,117.82,68
1456185600,119.09,119.72,118.99,119.49,102
1456272000,121.13,122.21,119.72,119.91,275
1456358400,119.97,121.24,119.97,120.25,177
1456444800,119.74,119.98,118.19,119.4,241
1456704000,120.06,121.0,119.94,120.97,215
1456790400,121.31,121.31,119.85,120.3,272
1456876800,120.89,121.26,120.56,121.09,153
1456963200,121.99,123.65,121.36,123.13,332
1457049600,123.68,124.77,122.83,123.05,160
1457308800,123.69,124.0,122.83,123.57,178
1457395200,124.41,124.41,122.91,123.02,67
1457481600,122.0,122.59,121.38,121.92,67
1457568000,122.91,124.19,122.87,123.95,167
1457654400,123.69,123.69,121.81,121.81,115
1457913600,121.77,122.16,119.91,120.27,167
1458000000,120.13,120.4,119.95,120.32,49
1458086400,120.19,123.05,119.78,122.97,199
1458172800,123.14,123.49,122.43,122.49,70
1458259200,122.17,122.65,121.92,122.19,66
1458518400,121.6,121.66,121.09,121.34,152
1458604800,122.23,122.23,121.41,121.71,61
1458691200,118.68,119.43,118.68,118.94,83
1458777600,119.21,119.21,118.64,118.65,59
1459123200,119.14,119.18,118.62,118.94,98
1459209600,119.88,121.1,119.19,121.07,138
1459296000,120.3,120.54,119.39,119.47,132
1459382400,120.52,120.7,120.07,120.07,89
1459468800,118.48,119.28,117.96,119.22,153
1459728000,119.05,119.05,118.42,118.44,69
1459814400,120.09,120.19,119.61,119.97,201
1459900800,119.08,119.59,118.79,119.23,68
1459987200,120.98,121.18,120.49,121.0,57
1460073600,120.45,121.1,120.35,120.9,116
1460332800,121.77,122.65,121.77,122.42,71
1460419200,122.58,122.73,122.13,122.48,126
1460505600,121.74,121.84,120.95,121.16,61
1460592000,120.39,120.46,119.33,119.42,166
1460678400,119.71,120.4,119.71,120.29,79
1460937600,120.87,120.9,120.02,120.09,164
1461024000,122.42,122.43,121.83,121.95,93
1461110400,122.08,122.36,121.09,121.31,107
1461196800,122.86,122.91,121.51,121.81,80
1461283200,121.09,121.32,119.6,120.26,123
1461542400,120.45,121.01,120.45,120.63,103
1461628800,121.11,121.18,120.83,121.11,78
1461715200,121.47,121.87,120.81,121.33,79
1461801600,122.25,123.72,122.11,123.63,111
1461888000,124.77,126.27,124.77,126.01,106
1462147200,126.3,126.43,125.52,125.83,142
1462233600,126.26,126.26,125.0,125.45,186
1462320000,125.35,125.59,124.03,124.75,87
1462406400,125.14,125.14,123.73,124.48,102
1462492800,125.31,126.2,125.31,125.62,112
1462752000,123.69,123.69,122.99,123.04,188
1462838400,123.16,123.68,122.5,123.43,51
1462924800,124.47,124.56,123.89,124.54,46
1463011200,124.47,124.74,123.44,123.56,55
1463097600,123.53,124.12,123.23,124.08,42
1463356800,125.39,125.39,123.94,124.23,68
1463443200,124.0,124.91,124.0,124.69,68
1463529600,123.57,124.11,122.29,122.51,146
1463616000,121.5,122.29,121.35,122.23,67
1463702400,122.66,122.66,121.71,122.02,98
1463961600,121.25,121.94,121.15,121.72,73
1464048000,120.39,120.57,119.63,119.66,96
1464134400,118.83,119.36,118.7,119.31,73
1464220800,120.05,120.05,118.8,118.86,66
1464307200,118.48,118.62,117.65,117.95,91
1464652800,117.95,118.68,117.95,118.38,119
1464739200,118.18,118.4,117.5,118.22,189
1464825600,118.2,118.26,117.94,118.01,64
1464912000,120.68,121.18,120.59,121.18,101
1465171200,121.28,121.47,120.88,121.33,78
1465257600,120.91,121.34,120.79,121.15,113
1465344000,122.72,123.04,122.64,122.94,75
1465430400,123.11,123.8,123.01,123.68,112
1465516800,124.0,124.37,123.62,124.19,79
1465776000,125.36,125.36,124.47,125.1,209
1465862400,125.41,125.45,124.8,125.23,154
1465948800,124.86,126.27,124.86,126.02,122
1466035200,127.76,128.01,124.63,124.8,308
1466121600,125.81,126.54,125.25,126.47,123
1466380800,124.84,125.61,124.59,125.55,67
1466467200,124.12,124.22,123.24,123.27,78
1466553600,123.32,123.64,123.12,123.38,65
1466640000,122.9,123.4,122.5,122.5,114
1466726400,129.4,129.4,127.55,128.46,288
1466985600,129.14,129.55,128.4,129.2,214
1467072000,127.99,129.05,127.57,127.83,147
1467158400,128.44,129.29,128.25,128.25,111
1467244800,128.42,128.93,128.09,128.92,159
1467331200,130.12,130.97,130.0,130.95,180
1467676800,131.47,132.17,130.75,132.0,133
1467763200,133.21,133.68,132.43,132.85,305
1467849600,132.31,132.67,131.65,132.35,173
1467936000,132.51,133.09,131.6,133.09,70
1468195200,132.16,132.43,131.82,131.88,65
1468281600,131.14,131.14,129.09,129.72,148
1468368000,130.58,131.0,130.38,130.86,43
1468454400,128.93,129.92,128.52,129.92,71
1468540800,129.05,129.66,128.87,129.25,66
1468800000,129.44,130.0,129.22,129.58,76
1468886400,129.51,129.81,129.38,129.75,47
1468972800,127.99,128.54,127.85,127.92,101
1469059200,128.29,129.9,128.18,129.9,75
1469145600,128.96,129.09,128.52,128.9,157
1469404800,128.12,128.69,127.76,127.94,63
1469491200,128.71,128.71,128.35,128.55,69
1469577600,129.31,130.64,128.7,130.64,126
1469664000,130.63,130.71,129.81,130.24,98
1469750400,130.92,131.91,130.42,131.61,68
1470009600,131.29,131.87,131.23,131.79,217
1470096000,132.67,133.1,132.56,132.96,271
1470182400,132.75,132.75,131.95,132.24,135
1470268800,132.63,132.79,132.48,132.56,136
1470355200,131.1,131.1,129.83,130.13,128
1470614400,129.99,130.26,129.87,130.03,117
1470700800,130.55,130.62,130.37,130.52,40
1470787200,131.97,131.97,130.81,131.1,67
1470873600,131.14,131.69,130.07,130.15,100
1470960000,131.73,131.8,129.77,129.92,427
1471219200,130.0,130.75,130.0,130.46,48
1471305600,130.65,131.57,130.65,131.11,69
1471392000,130.84,131.49,130.21,131.05,161
1471478400,131.58,131.73,131.26,131.71,54
1471564800,130.75,131.19,130.43,130.48,65
1471824000,130.26,130.39,130.0,130.13,66
1471910400,130.6,130.69,130.27,130.33,66
1471996800,129.4,129.44,128.87,128.89,85
1472083200,128.59,128.8,128.52,128.69,67
1472169600,129.52,130.54,128.49,128.62,164
1472428800,128.52,128.97,128.5,128.74,60
1472515200,128.33,128.43,127.46,127.47,84
1472601600,127.37,127.59,127.17,127.37,74
1472688000,127.28,127.97,127.19,127.8,116
1472774400,128.71,129.03,128.09,129.02,110
1473120000,130.01,131.51,129.82,131.29,171
1473206400,131.24,131.39,130.7,130.94,117
1473292800,130.84,131.06,129.98,130.15,185
1473379200,129.74,129.87,129.3,129.34,67
1473638400,128.97,129.38,128.5,129.16,71
1473724800,129.11,129.11,128.14,128.29,98
1473811200,128.51,128.99,128.51,128.71,44
1473897600,128.2,128.52,127.5,127.96,74
1473984000,127.41,127.69,127.22,127.56,132
1474243200,128.13,128.13,127.73,127.77,67
1474329600,128.04,128.06,127.73,127.87,26
1474416000,128.97,129.85,128.53,129.81,182
1474502400,130.2,130.74,130.01,130.12,206
1474588800,130.1,130.39,130.03,130.15,138
1474848000,130.45,130.56,130.0,130.05,141
1474934400,129.45,129.45,128.92,129.13,73
1475020800,128.89,128.89,128.32,128.77,83
1475107200,128.34,128.8,128.18,128.61,88
1475193600,129.35,129.35,127.81,128.18,209
1475452800,128.09,128.09,127.45,127.82,334
1475539200,125.83,125.83,123.32,123.4,343
1475625600,124.05,124.05,122.86,123.26,186
1475712000,122.14,122.33,121.66,121.99,262
1475798400,122.84,122.97,120.84,122.16,192
1476057600,122.88,122.88,122.39,122.57,50
1476144000,122.36,122.46,121.94,121.94,39
1476230400,122.2,122.2,121.66,122.08,56
1476316800,122.35,122.75,122.2,122.45,41
1476403200,121.73,122.49,121.68,121.76,82
1476662400,122.11,122.22,122.01,122.08,94
1476748800,122.52,123.02,122.29,122.87,168
1476835200,123.63,123.85,123.4,123.49,91
1476921600,123.86,123.96,123.08,123.19,103
1477008000,123.44,123.44,122.99,123.24,69
1477267200,123.7,123.71,122.68,123.02,34
1477353600,123.47,124.12,123.47,123.97,59
1477440000,123.75,123.75,123.08,123.23,71
1477526400,123.45,123.58,123.2,123.48,38
1477612800,123.72,124.61,123.28,124.03,111
1477872000,123.81,124.34,123.67,124.34,108
1477958400,125.18,125.62,125.18,125.18,89
1478044800,126.82,127.16,126.08,126.1,211
1478131200,126.08,126.85,126.06,126.72,129
1478217600,126.9,126.96,126.6,126.92,50
1478476800,125.11,125.17,124.39,124.61,152
1478563200,124.93,124.93,123.95,124.17,43
1478649600,126.83,126.83,123.6,123.99,159
1478736000,123.91,123.93,121.9,122.2,240
1478822400,122.01,122.03,118.79,119.4,331
1479081600,118.4,119.44,117.85,118.47,213
1479168000,118.76,119.47,118.76,119.4,88
1479254400,119.46,119.55,119.0,119.16,40
1479340800,119.28,119.48,117.86,118.49,178
1479427200,117.73,118.06,117.28,117.49,188
1479686400,118.0,118.17,117.61,117.85,87
1479772800,117.79,118.03,117.43,117.86,73
1479859200,116.09,116.12,115.0,115.55,149
1480032000,115.62,115.7,114.65,114.85,71
1480291200,115.47,116.03,115.02,116.03,181
1480377600,115.01,115.68,115.0,115.57,92
1480464000,114.99,114.99,113.87,113.94,172
1480550400,113.41,114.17,112.96,113.78,175
1480636800,114.09,114.41,114.03,114.32,63
1480896000,113.33,114.22,112.5,113.64,113
1480982400,113.99,114.1,113.5,113.61,47
1481068800,114.49,114.61,114.0,114.0,40
1481155200,113.9,114.0,113.69,113.78,51
1481241600,113.41,113.41,112.47,112.57,130
1481500800,112.8,113.26,112.47,112.97,89
1481587200,112.9,112.91,112.28,112.61,106
1481673600,113.12,113.15,110.69,111.04,269
1481760000,109.96,110.01,109.18,109.51,210
1481846400,110.05,110.73,109.68,110.17,118
1482105600,110.57,110.94,110.5,110.73,112
1482192000,109.55,110.11,109.45,109.93,98
1482278400,110.46,110.46,109.9,109.97,41
1482364800,109.85,110.18,109.62,109.68,122
1482451200,109.99,110.35,109.97,110.04,87
1482796800,110.78,110.78,110.43,110.71,84
1482883200,110.57,111.06,110.51,110.99,47
1482969600,111.33,112.71,111.33,112.41,144
1483056000,112.75,112.75,111.76,111.86,86
1483401600,111.92,113.19,111.63,112.61,101
1483488000,113.09,113.31,112.82,113.04,47
1483574400,114.41,115.08,114.41,114.76,58
1483660800,114.16,114.53,113.85,113.99,39
1483920000,114.72,115.15,114.49,114.88,58
1484006400,115.38,115.69,114.9,115.34,38
1484092800,114.8,116.4,114.47,115.69,26
1484179200,116.98,117.13,116.05,116.22,76
1484265600,115.71,116.51,115.53,116.42,67
1484611200,118.19,118.2,117.79,118.11,111
1484697600,118.02,118.2,116.92,117.11,139
1484784000,116.51,117.19,116.21,117.11,47
1484870400,116.78,117.79,116.73,117.33,49
1485129600,117.81,118.32,117.58,118.07,67
1485216000,118.01,118.28,117.25,117.48,84
1485302400,116.11,116.63,115.98,116.59,49
1485388800,115.34,115.69,115.21,115.55,93
1485475200,115.15,115.79,115.15,115.72,39
1485734400,116.0,116.46,115.93,116.21,49
1485820800,117.64,118.02,117.51,117.69,85
1485907200,116.92,117.65,116.5,117.48,53
1485993600,118.82,118.86,118.0,118.13,72
1486080000,118.19,118.58,118.04,118.4,41
1486339200,119.37,120.05,119.08,119.97,81
1486425600,119.65,119.99,119.57,119.77,43
1486512000,120.54,120.81,120.17,120.51,87
1486598400,120.67,120.77,119.55,119.6,42
1486684800,119.29,120.2,119.29,119.8,74
1486944000,118.82,119.21,118.48,119.13,65
1487030400,119.66,119.66,118.89,119.28,51
1487116800,118.66,119.8,118.51,119.76,88
1487203200,120.25,120.65,120.23,120.42,79
1487289600,120.59,120.71,120.0,120.03,69
1487635200,119.31,120.32,119.14,120.09,120
1487721600,120.19,120.31,119.61,120.31,56
1487808000,121.11,121.49,121.1,121.31,119
1487894400,122.12,122.27,121.7,122.11,109
1488153600,122.04,122.73,121.54,121.54,75
1488240000,122.06,122.21,121.32,121.6,78
1488326400,120.34,121.43,120.31,121.41,84
1488412800,120.23,120.63,119.6,119.98,80
1488499200,119.26,119.98,118.82,119.9,124
1488758400,119.5,119.53,119.01,119.08,157
1488844800,118.44,118.45,117.96,118.09,62
1488931200,117.42,117.6,117.3,117.49,50
1489017600,117.2,117.2,116.71,116.73,53
1489104000,116.73,116.98,116.49,116.98,43
1489363200,116.92,117.1,116.88,116.98,53
1489449600,117.24,117.24,116.31,116.46,41
1489536000,116.61,118.5,116.44,118.5,68
1489622400,119.33,119.49,119.05,119.09,51
1489708800,119.54,119.54,119.28,119.35,71
1489968000,119.71,119.92,119.71,119.9,28
1490054400,120.58,121.12,120.43,120.91,35
1490140800,121.21,121.49,121.12,121.16,33
1490227200,121.12,121.27,120.73,121.11,25
1490313600,121.1,121.53,121.1,121.22,28
1490572800,122.38,122.41,121.71,121.92,52
1490659200,122.01,122.14,121.22,121.36,64
1490745600,121.7,121.71,121.48,121.69,39
1490832000,121.13,121.43,120.75,120.84,94
1490918400,120.94,121.39,120.94,121.13,42
1491177600,121.1,121.71,121.08,121.63,55
1491264000,121.97,122.05,121.82,121.96,52
1491350400,120.97,121.99,120.79,121.99,55
1491436800,121.77,121.77,121.43,121.58,87
1491523200,122.69,123.04,121.53,121.81,97
1491782400,121.41,122.01,121.35,121.82,50
1491868800,122.83,123.73,122.71,123.56,53
1491955200,123.85,124.6,123.62,124.45,56
1492041600,124.6,125.02,124.46,124.99,80
1492387200,125.01,125.44,124.43,124.59,63
1492473600,124.84,125.45,124.29,125.24,82
1492560000,124.6,124.6,123.67,124.16,105
1492646400,124.23,124.53,124.21,124.43,48
1492732800,124.48,125.0,124.38,124.76,109
1492992000,123.17,123.91,123.17,123.91,125
1493078400,122.96,123.18,122.5,122.69,145
1493164800,122.59,123.32,122.38,123.32,40
1493251200,122.68,122.9,122.58,122.72,73
1493337600,122.87,123.15,122.87,123.13,53
1493596800,122.61,123.09,121.79,122.0,100
1493683200,121.86,122.01,121.78,121.99,28
1493769600,121.5,121.5,120.33,120.33,72
1493856000,119.15,119.55,119.0,119.19,105
1493942400,119.27,119.39,119.11,119.34,51
1494201600,119.36,119.36,119.06,119.1,42
1494288000,118.49,118.51,117.89,118.4,58
1494374400,118.76,118.78,118.17,118.35,58
1494460800,118.52,119.08,118.52,118.81,30
1494547200,119.42,119.46,119.08,119.19,27
1494806400,119.76,119.81,119.41,119.46,75
1494892800,119.75,120.21,119.75,120.0,40
1494979200,121.73,122.37,121.71,122.25,55
1495065600,122.18,122.18,121.0,121.26,32
1495152000,121.42,121.85,121.42,121.79,21
1495411200,122.04,122.5,122.04,122.31,74
1495497600,122.5,122.5,121.41,121.47,49
1495584000,121.52,122.04,121.34,122.01,30
1495670400,121.92,122.0,121.78,121.9,16
1495756800,122.87,123.15,122.8,122.97,40
1496102400,122.66,122.66,122.45,122.52,29
1496188800,122.73,123.6,122.73,123.07,51
1496275200,122.55,123.14,122.53,123.11,123
1496361600,123.23,124.1,123.23,124.0,76
1496620800,124.28,124.36,124.06,124.2,47
1496707200,125.52,125.71,125.31,125.53,99
1496793600,125.2,125.57,124.51,124.85,55
1496880000,124.19,124.2,123.4,124.07,88
1496966400,122.84,123.29,122.84,122.97,63
1497225600,122.75,123.06,122.75,122.85,13
1497312000,122.35,123.1,122.35,122.91,38
1497398400,123.95,123.98,122.0,122.28,65
1497484800,121.6,121.84,121.51,121.71,54
1497571200,121.75,121.76,121.64,121.66,19
1497830400,121.16,121.2,120.71,120.79,63
1497916800,120.79,120.79,120.51,120.61,28
1498003200,120.59,120.99,120.54,120.92,20
1498089600,121.55,121.56,121.05,121.28,49
1498176000,121.94,121.94,121.74,121.83,36
1498435200,120.73,120.88,120.55,120.72,51
1498521600,121.27,121.49,120.95,121.25,64
1498608000,121.27,121.31,121.16,121.31,29
1498694400,120.41,120.97,120.37,120.7,79
1498780800,120.44,120.77,120.36,120.43,74
1499040000,118.85,119.11,118.41,118.41,102
1499212800,118.2,118.97,118.2,118.85,80
1499299200,118.83,118.89,118.59,118.81,63
1499385600,118.02,118.11,117.19,117.61,85
1499644800,117.22,117.95,117.2,117.76,49
1499731200,117.57,118.03,117.24,117.97,26
1499817600,118.56,118.63,118.27,118.38,289
1499904000,118.03,118.22,118.03,118.14,75
1499990400,119.35,119.55,119.07,119.13,90
1500249600,119.76,119.8,119.62,119.62,70
1500336000,120.28,120.63,120.27,120.44,78
1500422400,120.5,120.5,120.24,120.42,47
1500508800,120.34,120.94,120.08,120.6,40
1500595200,121.24,121.76,121.23,121.63,25
1500854400,121.77,121.96,121.66,121.68,26
1500940800,121.6,121.6,121.19,121.28,31
1501027200,121.02,122.46,120.98,122.28,72
1501113600,122.39,122.39,121.76,122.2,21
1501200000,122.65,123.19,122.64,123.07,44
1501459200,122.91,123.17,122.86,123.17,41
1501545600,122.86,123.45,122.83,123.05,114
1501632000,122.94,123.38,122.77,122.78,31
1501718400,122.84,123.13,122.84,123.03,33
1501804800,122.36,122.44,121.84,122.06,41
1502064000,121.85,122.17,121.85,121.9,22
1502150400,122.5,122.5,121.49,122.31,55
1502236800,123.46,123.95,123.21,123.68,56
1502323200,124.55,124.88,124.48,124.64,154
1502409600,124.65,125.24,124.56,125.22,88
1502668800,124.42,124.62,124.15,124.24,43
1502755200,123.0,123.6,123.0,123.4,37
1502841600,123.12,124.37,123.09,124.3,66
1502928000,124.66,125.01,124.33,124.96,51
1503014400,125.84,126.0,124.56,124.73,94
1503273600,125.03,125.35,125.0,125.16,47
1503360000,124.97,124.98,124.32,124.57,61
1503446400,124.95,125.13,124.81,125.1,43
1503532800,124.9,125.0,124.63,124.69,60
1503619200,125.23,125.33,123.78,125.19,122
1503878400,125.86,127.2,125.85,127.17,81
1503964800,128.32,128.35,126.65,126.86,113
1504051200,126.8,127.1,126.72,126.82,54
1504137600,127.17,128.3,127.14,128.3,48
1504224000,128.49,128.59,127.81,128.59,183
1504569600,129.16,130.32,129.1,130.01,147
1504656000,129.86,129.91,129.0,129.32,101
1504742400,130.12,130.83,130.07,130.79,66
1504828800,130.66,130.74,130.24,130.54,45
1505088000,129.25,129.4,128.59,128.71,73
1505174400,128.55,129.06,128.5,129.06,41
1505260800,128.95,128.97,128.01,128.12,81
1505347200,128.22,128.93,128.22,128.67,63
1505433600,128.44,128.44,127.95,128.04,27
1505692800,127.14,127.25,126.5,126.87,73
1505779200,126.9,127.09,126.56,127.07,45
1505865600,127.22,127.41,125.7,126.11,73
1505952000,125.02,125.51,124.96,125.13,161
1506038400,125.43,125.72,125.42,125.69,87
1506297600,125.24,127.05,125.2,127.03,117
1506384000,126.06,126.24,125.44,125.62,71
1506470400,124.5,124.95,124.31,124.43,122
1506556800,124.46,124.85,124.28,124.64,39
1506643200,124.5,124.67,124.01,124.03,81
1506902400,123.6,123.71,123.2,123.21,146
1506988800,123.16,123.55,123.16,123.27,48
1507075200,123.59,123.68,123.0,123.6,81
1507161600,123.58,123.6,122.98,122.98,27
1507248000,122.59,123.53,122.19,123.52,45
1507507200,124.01,124.53,124.01,124.5,30
1507593600,125.07,125.35,124.84,124.88,32
1507680000,125.01,125.32,124.52,125.32,46
1507766400,125.32,125.46,125.17,125.32,23
1507852800,126.1,126.3,125.88,126.29,43
1508112000,126.35,126.4,125.14,125.28,38
1508198400,124.46,124.66,124.25,124.53,45
1508284800,124.32,124.32,124.03,124.11,40
1508371200,124.6,124.98,124.6,124.92,36
1508457600,124.14,124.31,123.89,124.08,30
1508716800,123.4,124.29,123.4,123.98,58
1508803200,123.77,124.06,123.54,123.71,23
1508889600,123.69,123.95,123.6,123.81,31
1508976000,123.55,123.55,122.71,122.77,62
1509062400,122.81,123.41,122.73,123.32,45
1509321600,123.35,123.88,123.29,123.55,55
1509408000,123.02,123.14,122.96,123.14,34
1509494400,123.96,123.97,123.43,123.59,39
1509580800,124.2,124.2,123.55,123.64,19
1509667200,123.5,123.5,122.73,123.09,37
1509926400,123.15,124.17,123.11,124.1,44
1510012800,123.89,123.89,123.39,123.64,25
1510099200,124.42,124.65,124.08,124.11,19
1510185600,124.48,124.83,124.27,124.6,27
1510272000,124.47,124.47,123.45,123.6,32
1510531200,123.82,123.96,123.75,123.75,19
1510617600,123.26,124.24,123.26,124.0,29
1510704000,124.61,124.61,123.72,123.83,27
1510790400,124.06,124.1,123.84,123.84,21
1510876800,124.49,125.57,124.49,125.29,80
1511136000,124.64,124.64,123.52,123.73,72
1511222400,124.11,124.31,123.99,124.03,34
1511308800,124.8,125.35,124.77,125.11,43
1511481600,124.79,125.07,124.72,124.75,24
1511740800,125.5,125.6,125.28,125.31,31
1511827200,125.51,125.55,125.03,125.21,79
1511913600,124.53,124.7,124.23,124.47,59
1512000000,123.84,124.06,123.06,123.47,88
1512086400,123.32,124.78,123.21,124.0,181
1512345600,123.54,123.6,123.31,123.6,65
1512432000,122.85,123.12,122.24,122.7,88
1512518400,122.4,123.0,122.29,122.46,81
1512604800,121.4,121.53,120.49,120.85,120
1512691200,121.02,121.24,120.73,120.85,63
1512950400,120.84,120.87,120.23,120.34,55
1513036800,120.14,120.49,119.76,120.49,80
1513123200,120.48,121.64,120.37,121.55,76
1513209600,121.26,121.68,121.15,121.33,60
1513296000,121.85,121.85,121.4,121.6,48
1513555200,122.03,122.38,122.03,122.14,74
1513641600,122.07,122.26,121.95,122.21,80
1513728000,122.34,122.73,122.29,122.49,72
1513814400,122.49,122.86,122.4,122.71,47
1513900800,123.1,123.5,123.02,123.32,54
1514246400,123.99,124.24,123.94,124.17,40
1514332800,124.5,124.8,124.44,124.69,51
1514419200,125.3,125.37,125.06,125.3,65
1514505600,126.14,126.55,125.97,126.11,134
1514851200,127.34,127.62,126.92,127.62,80
1514937600,127.53,127.56,126.55,127.29,172
1515024000,127.35,128.32,127.27,127.93,117
1515110400,127.37,127.96,127.33,127.79,73
1515369600,127.77,127.78,127.46,127.78,89
1515456000,126.94,127.26,126.8,127.18,117
1515542400,127.63,127.8,127.44,127.53,104
1515628800,127.88,128.12,127.87,127.96,60
1515715200,128.51,129.64,128.38,129.51,95
1516060800,129.13,129.74,128.93,129.68,141
1516147200,129.3,129.75,128.44,128.59,86
1516233600,128.8,128.99,128.34,128.4,94
1516320000,129.0,129.23,128.98,128.98,94
1516579200,129.07,129.26,128.88,129.19,108
1516665600,128.99,129.89,128.99,129.81,71
1516752000,131.03,131.87,130.84,131.4,198
1516838400,131.32,132.1,130.03,130.51,207
1516924800,130.88,131.06,130.51,130.61,168
1517184000,130.15,130.18,129.51,129.87,186
1517270400,130.32,130.37,129.32,129.38,107
1517356800,130.06,130.42,129.06,130.28,148
1517443200,129.7,130.76,129.65,130.63,166
1517529600,129.32,129.41,128.52,128.93,163
1517788800,129.28,129.69,129.06,129.32,114
1517875200,129.12,129.12,127.8,127.96,186
1517961600,127.95,128.27,127.0,127.3,151
1518048000,127.39,127.75,127.09,127.52,92
1518134400,127.15,127.64,126.94,127.25,144
1518393600,127.75,128.33,127.75,127.92,133
1518480000,128.22,128.69,128.13,128.61,98
1518566400,129.04,131.14,129.03,130.85,159
1518652800,130.96,131.16,130.53,130.97,201
1518739200,130.88,131.25,130.19,130.53,116
1519084800,129.85,129.85,128.58,128.73,129
1519171200,128.78,129.23,128.0,128.1,74
1519257600,128.48,128.88,128.43,128.83,54
1519344000,128.56,128.74,128.4,128.64,91
1519603200,128.99,129.1,128.76,129.04,128
1519689600,128.59,128.64,127.28,127.61,86
1519776000,127.97,127.97,127.48,127.52,36
1519862400,126.62,127.72,126.24,127.24,120
1519948800,128.03,128.07,127.65,127.91,76
1520208000,127.77,127.95,127.53,127.64,40
1520294400,128.8,129.48,128.8,129.05,64
1520380800,128.76,128.86,128.01,128.22,43
1520467200,127.93,127.94,127.69,127.93,28
1520553600,127.44,128.2,127.33,127.9,29
1520812800,127.42,128.08,127.42,128.07,45
1520899200,127.95,128.45,127.95,128.27,26
1520985600,128.02,128.24,128.02,128.2,30
1521072000,127.6,127.6,127.3,127.36,30
1521158400,126.97,127.13,126.83,127.04,21
1521417600,126.95,127.64,126.94,127.43,69
1521504000,126.63,127.0,126.62,126.79,37
1521590400,127.7,129.22,127.68,129.02,45
1521676800,128.8,128.8,128.29,128.51,21
1521763200,130.31,130.6,130.21,130.25,73
1522022400,130.71,131.15,130.71,130.87,178
1522108800,129.67,130.17,129.67,130.05,79
1522195200,129.04,129.05,128.06,128.24,103
1522281600,128.02,128.31,127.89,128.31,73
1522627200,129.19,130.05,129.05,129.86,126
1522713600,129.04,129.11,128.59,128.73,65
1522800000,129.97,129.97,128.91,128.96,58
1522886400,127.98,128.47,127.98,128.3,78
1522972800,128.97,129.04,128.76,128.97,62
1523232000,129.0,129.63,128.79,129.29,50
1523318400,129.59,129.81,129.3,129.7,55
1523404800,130.66,131.97,130.43,130.67,131
1523491200,129.79,129.86,129.07,129.08,146
1523577600,129.6,130.23,129.58,130.05,132
1523836800,130.35,130.6,130.15,130.15,45
1523923200,129.62,130.34,129.62,130.29,51
1524009600,130.97,130.99,130.4,130.42,59
1524096000,130.39,130.39,129.72,130.19,59
1524182400,129.28,129.5,129.15,129.19,56
1524441600,128.14,128.25,127.92,128.13,88
1524528000,128.22,128.86,128.22,128.77,59
1524614400,127.68,127.99,127.64,127.91,51
1524700800,128.04,128.04,127.24,127.43,65
1524787200,127.71,128.13,127.68,127.96,56
1525046400,126.89,127.64,126.74,127.19,110
1525132800,126.4,126.42,125.92,126.17,102
1525219200,126.37,126.99,126.13,126.15,80
1525305600,127.11,127.33,126.79,126.85,48
1525392000,126.57,127.14,126.57,127.08,48
1525651200,126.85,127.1,126.85,127.05,16
1525737600,126.38,127.44,126.3,127.06,46
1525824000,126.93,127.22,126.77,126.82,50
1525910400,127.76,127.82,127.32,127.66,39
1525996800,128.1,128.1,127.5,127.51,54
1526256000,127.67,127.68,126.97,126.99,39
1526342400,125.09,125.23,124.75,124.95,86
1526428800,124.83,125.02,124.54,124.77,40
1526515200,124.7,124.86,124.56,124.8,41
1526601600,124.55,125.09,124.55,124.89,40
1526860800,124.62,124.97,124.45,124.96,61
1526947200,125.14,125.14,124.84,124.9,44
1527033600,124.6,125.17,124.58,125.03,32
1527120000,125.89,126.35,125.89,126.11,115
1527206400,126.11,126.11,125.71,125.71,43
1527552000,125.22,126.1,125.17,125.85,47
1527638400,125.73,126.01,125.71,125.9,33
1527724800,125.91,126.15,125.6,125.6,80
1527811200,125.06,125.47,124.89,124.97,739
1528070400,125.3,125.36,124.84,124.84,173
1528156800,125.02,125.68,124.75,125.35,62
1528243200,125.57,125.78,125.15,125.35,75
1528329600,125.5,125.51,125.28,125.41,36
1528416000,125.54,125.57,125.42,125.45,324
1528675200,125.65,125.84,125.55,125.67,32
1528761600,125.46,125.56,125.09,125.23,305
1528848000,125.31,125.73,124.99,125.64,110
1528934400,126.07,126.24,125.8,125.86,853
1529020800,124.61,124.67,123.15,123.76,256
1529280000,123.78,123.85,123.5,123.57,128
1529366400,123.22,123.44,123.04,123.27,86
1529452800,123.23,123.23,122.6,122.69,108
1529539200,122.35,122.72,122.25,122.46,69
1529625600,122.61,122.79,122.58,122.73,70
1529884800,122.46,122.61,122.27,122.29,64
1529971200,121.72,121.9,121.5,121.66,66
1530057600,121.23,121.35,120.88,120.95,566
1530144000,120.92,121.03,120.42,120.62,83
1530230400,120.83,121.23,120.74,120.98,103
1530489600,120.56,120.56,119.79,119.81,90
1530576000,120.84,121.44,120.84,121.14,26
1530748800,121.27,121.68,121.24,121.47,59
1530835200,121.35,121.37,121.17,121.27,36
1531094400,122.02,122.12,121.56,121.56,37
1531180800,121.14,121.4,121.14,121.28,39
1531267200,120.81,120.86,120.0,120.0,60
1531353600,120.33,120.62,120.33,120.48,45
1531440000,119.94,120.05,119.85,119.96,38
1531699200,119.93,119.93,119.59,119.92,30
1531785600,119.05,119.19,118.48,118.59,118
1531872000,118.31,118.67,118.16,118.6,59
1531958400,117.66,118.64,117.5,118.12,86
1532044800,118.8,118.91,118.58,118.85,46
1532304000,118.52,118.52,118.2,118.33,53
1532390400,118.57,118.76,118.28,118.32,41
1532476800,119.14,119.15,118.69,119.01,26
1532563200,118.56,118.74,118.08,118.13,63
1532649600,118.26,118.48,118.14,118.17,35
1532908800,118.13,118.29,117.97,117.97,49
1532995200,117.84,118.56,117.81,118.31,75
1533081600,117.92,117.92,117.46,117.46,96
1533168000,117.49,117.51,116.74,116.76,65
1533254400,117.36,117.76,117.16,117.22,138
1533513600,116.81,116.99,116.59,116.59,91
1533600000,117.11,117.15,116.71,116.86,158
1533686400,116.96,117.23,116.73,117.2,65
1533772800,117.3,117.42,117.0,117.05,51
1533859200,117.18,117.51,116.92,116.98,61
1534118400,116.06,116.09,115.11,115.28,69
1534204800,115.53,115.73,115.23,115.34,50
1534291200,114.41,114.41,113.32,113.4,119
1534377600,113.71,114.11,113.35,113.37,61
1534464000,113.93,114.36,113.65,114.34,191
1534723200,114.63,114.96,114.45,114.92,93
1534809600,115.05,115.39,114.72,115.25,68
1534896000,115.69,115.74,115.36,115.56,55
1534982400,114.94,115.15,114.35,114.52,44
1535068800,115.54,116.69,115.52,116.38,63
1535328000,116.56,117.07,116.54,116.88,57
1535414400,117.11,117.14,115.93,116.02,69
1535500800,116.49,116.5,116.15,116.49,72
1535587200,116.18,116.18,115.65,115.94,49
1535673600,116.04,116.32,115.79,115.79,38
1536019200,115.02,115.28,114.96,115.17,175
1536105600,115.64,115.72,115.39,115.57,50
1536192000,116.24,116.52,115.59,115.85,94
1536278400,115.6,115.8,115.38,115.51,111
1536537600,115.5,115.65,115.33,115.42,30
1536624000,114.7,115.63,114.7,115.5,185
1536710400,115.4,116.67,115.33,116.4,154
1536796800,117.0,117.04,116.0,116.04,74
1536883200,116.04,116.12,115.28,115.28,86
1537142400,115.88,116.29,115.84,115.88,80
1537228800,116.1,116.1,115.16,115.69,49
1537315200,116.23,116.4,116.07,116.14,59
1537401600,116.48,116.58,116.16,116.55,152
1537488000,115.2,115.91,115.1,115.76,60
1537747200,116.15,116.43,115.54,115.74,135
1537833600,116.02,116.13,115.87,115.96,54
1537920000,115.36,115.76,114.99,115.35,137
1538006400,114.27,114.58,114.16,114.34,60
1538092800,114.4,115.2,114.35,115.06,61
1538352000,114.69,114.89,114.5,114.83,83
1538438400,116.03,116.57,115.93,116.16,95
1538524800,116.23,116.45,115.55,115.7,67
1538611200,116.17,116.47,115.56,115.79,54
1538697600,116.11,116.37,115.93,116.13,62
1538956800,114.52,114.75,114.2,114.68,97
1539043200,114.51,114.96,114.21,114.9,53
1539129600,114.68,115.21,114.56,115.21,44
1539216000,116.5,118.32,116.4,118.0,238
1539302400,117.92,118.04,117.41,117.54,196
1539561600,118.48,118.79,118.19,118.27,113
1539648000,118.85,118.85,118.2,118.22,34
1539734400,118.35,118.67,118.03,118.06,45
1539820800,118.14,118.68,118.06,118.25,29
1539907200,118.5,118.53,117.92,118.38,64
1540166400,117.98,118.01,117.82,118.01,40
1540252800,119.58,119.58,118.74,118.76,42
1540339200,118.88,119.1,118.5,118.99,46
1540425600,119.04,119.04,118.59,118.7,58
1540512000,119.22,119.95,118.92,119.07,122
1540771200,118.84,118.85,118.36,118.61,88
1540857600,118.22,118.28,118.01,118.09,32
1540944000,117.14,117.44,117.14,117.44,32
1541030400,118.99,119.4,118.75,119.05,50
1541116800,119.09,119.11,118.8,118.99,45
1541376000,118.71,119.03,118.67,118.73,43
1541462400,118.68,118.72,118.17,118.37,92
1541548800,118.62,118.67,118.28,118.33,52
1541635200,118.25,118.3,117.84,118.1,66
1541721600,116.86,117.04,116.54,116.76,135
1541980800,116.26,116.33,115.87,115.93,81
1542067200,115.91,116.47,115.75,115.97,68
1542153600,115.84,117.31,115.83,116.97,82
1542240000,117.2,117.31,116.94,117.05,96
1542326400,118.19,118.21,117.79,117.92,53
1542585600,117.84,118.15,117.73,118.04,53
1542672000,118.16,118.23,117.78,117.9,36
1542758400,118.4,118.67,118.25,118.25,37
1542931200,118.19,118.19,117.94,118.04,20
1543190400,118.17,118.17,117.88,117.95,25
1543276800,117.88,117.88,117.0,117.19,56
1543363200,116.89,118.38,116.88,117.77,39
1543449600,118.38,118.49,117.91,118.14,174
1543536000,117.67,117.91,117.41,117.86,87
1543795200,118.96,119.12,118.65,118.73,59
1543881600,119.75,119.75,119.32,119.44,67
1544054400,119.96,119.99,119.35,119.36,39
1544140800,119.96,120.6,119.96,120.46,52
1544400000,120.13,120.3,119.75,120.02,86
1544486400,120.02,120.24,119.77,119.87,20
1544572800,120.06,120.24,120.04,120.16,34
1544659200,119.66,119.96,119.66,119.87,29
1544745600,118.97,119.63,118.97,119.45,88
1545004800,119.82,120.36,119.75,120.21,38
1545091200,120.25,120.55,120.24,120.46,102
1545177600,120.77,121.33,119.77,119.77,72
1545264000,121.4,122.16,121.21,121.6,98
1545350400,121.6,121.6,121.02,121.11,48
1545609600,122.0,122.46,121.98,122.42,64
1545782400,122.98,123.4,122.06,122.09,147
1545868800,123.04,123.35,122.7,122.94,106
1545955200,123.18,123.54,123.18,123.51,107
1546214400,123.42,123.7,123.36,123.68,118
1546387200,123.8,124.26,123.36,123.78,138
1546473600,124.35,124.92,124.24,124.87,158
1546560000,123.96,124.12,123.3,123.99,141
1546819200,124.77,124.77,124.17,124.37,80
1546905600,123.63,124.16,123.55,123.95,108
1546992000,123.97,124.8,123.97,124.77,113
1547078400,124.61,124.62,124.08,124.08,63
1547164800,124.27,124.48,124.17,124.27,30
1547424000,124.59,124.66,124.35,124.57,46
1547510400,124.79,124.86,124.16,124.31,56
1547596800,124.61,124.9,124.61,124.71,94
1547683200,124.56,124.69,124.31,124.59,108
1547769600,123.72,123.96,123.52,123.52,110
1548115200,123.69,123.98,123.39,123.89,126
1548201600,123.43,123.99,123.37,123.74,162
1548288000,123.64,123.76,123.41,123.51,58
1548374400,124.64,125.33,124.64,125.32,157
1548633600,125.25,125.79,125.25,125.73,272
1548720000,126.18,126.51,126.0,126.51,127
1548806400,126.5,127.58,126.28,127.17,161
1548892800,127.71,127.82,127.2,127.21,358
1548979200,127.5,127.6,126.91,127.07,239
1549238400,126.7,126.8,126.44,126.51,189
1549324800,126.83,126.93,126.61,126.83,89
1549411200,126.71,126.71,125.87,125.98,108
1549497600,126.33,126.49,125.99,126.31,131
1549584000,126.56,126.95,126.53,126.75,80
1549843200,125.76,126.33,125.76,126.2,59
1549929600,126.49,126.49,126.19,126.42,82
1550016000,126.42,127.08,125.88,125.9,122
1550102400,126.39,126.72,126.13,126.55,196
1550188800,127.17,127.52,126.73,127.39,93
1550534400,128.56,129.35,128.51,129.25,180
1550620800,129.56,129.77,129.0,129.12,112
1550707200,128.71,128.77,127.47,127.62,150
1550793600,128.15,128.56,127.94,128.09,82
1551052800,128.46,128.46,127.86,127.98,67
1551139200,127.94,128.15,127.74,128.15,112
1551225600,127.64,127.66,127.02,127.27,151
1551312000,127.24,127.24,126.56,126.56,91
1551398400,125.99,126.38,124.37,124.39,283
1551657600,124.01,124.27,123.69,124.06,120
1551744000,123.89,124.31,123.69,124.31,111
1551830400,123.99,124.17,123.77,124.14,98
1551916800,123.82,124.08,123.7,123.99,114
1552003200,125.16,125.38,124.92,125.31,190
1552262400,124.62,124.68,124.44,124.68,62
1552348800,125.09,125.51,124.96,125.51,85
1552435200,126.08,126.43,125.97,126.38,67
1552521600,124.92,125.04,124.73,124.98,103
1552608000,125.8,125.8,125.46,125.49,78
1552867200,125.66,125.86,125.45,125.61,38
1552953600,126.05,126.05,125.91,125.94,44
1553040000,125.85,126.86,125.27,126.67,47
1553126400,126.4,126.4,125.78,126.23,63
1553212800,126.54,126.62,126.33,126.55,123
1553472000,127.42,127.66,127.25,127.49,83
1553558400,126.72,126.95,126.66,126.83,69
1553644800,126.41,126.56,126.13,126.18,54
1553731200,124.74,124.84,124.23,124.41,131
1553817600,124.83,124.92,124.54,124.54,70
1554076800,124.73,124.95,124.03,124.06,188
1554163200,124.32,124.52,124.24,124.5,72
1554249600,124.31,124.51,124.21,124.33,137
1554336000,123.67,124.76,123.46,124.63,90
1554422400,124.4,124.61,124.19,124.52,51
1554681600,125.56,125.56,125.05,125.08,64
1554768000,125.8,125.89,125.59,125.7,107
1554854400,125.92,126.31,125.85,126.08,67
1554940800,125.13,125.24,124.35,124.48,133
1555027200,124.47,124.88,124.36,124.36,86
1555286400,123.62,124.33,123.62,124.17,126
1555372800,122.9,123.06,122.75,123.03,114
1555459200,122.93,122.98,122.74,122.83,33
1555545600,122.74,123.03,122.68,122.87,60
1555891200,122.98,123.01,122.82,122.89,134
1555977600,122.13,122.7,122.05,122.61,87
1556064000,122.57,123.18,122.57,122.98,85
1556150400,123.24,123.63,123.06,123.13,218
1556236800,123.8,124.24,123.8,123.95,79
1556496000,123.39,123.42,123.21,123.37,128
1556582400,123.56,123.87,123.51,123.76,125
1556668800,123.43,124.09,122.75,122.94,153
1556755200,122.11,122.62,122.11,122.52,113
1556841600,123.26,123.54,123.18,123.24,62
1557100800,123.22,123.62,123.13,123.4,79
1557187200,123.53,123.89,123.44,123.81,76
1557273600,124.0,124.0,123.31,123.46,94
1557360000,123.52,124.09,123.43,123.75,65
1557446400,123.81,124.29,123.81,123.96,90
1557705600,125.2,125.41,124.93,125.25,162
1557792000,125.16,125.24,124.71,124.99,137
1557878400,125.29,125.34,124.8,124.94,146
1557964800,124.63,124.63,123.79,124.04,127
1558051200,123.59,123.59,122.89,123.23,85
1558310400,123.06,123.3,123.0,123.2,119
1558396800,122.61,122.92,122.36,122.88,66
1558483200,122.94,122.98,122.68,122.72,45
1558569600,123.49,124.11,123.49,123.7,44
1558656000,123.46,123.84,123.46,123.84,33
1559001600,123.08,123.43,123.01,123.31,31
1559088000,123.78,123.78,123.34,123.41,63
1559174400,123.32,124.25,123.31,124.15,57
1559260800,125.1,125.94,124.77,125.94,74
1559520000,126.71,128.98,126.57,127.79,523
1559606400,127.5,128.05,127.22,127.89,240
1559692800,128.93,129.1,127.93,128.14,181
1559779200,128.68,129.13,128.44,128.77,74
1559865600,129.52,129.9,128.98,129.3,131
1560124800,128.15,128.27,127.81,128.04,100
1560211200,127.7,128.11,127.63,127.94,39
1560297600,128.33,128.86,128.33,128.39,56
1560384000,128.7,129.51,128.7,129.23,110
1560470400,129.98,130.32,129.01,129.26,116
1560729600,129.3,129.35,128.85,129.14,46
1560816000,130.38,130.44,129.13,129.75,114
1560902400,129.52,130.62,129.51,130.6,107
1560988800,133.07,134.22,132.97,133.91,197
1561075200,134.66,134.97,133.91,134.89,118
1561334400,135.61,136.84,135.51,136.81,104
1561420800,137.81,138.4,136.15,137.08,231
1561507200,135.81,136.37,135.51,135.82,106
1561593600,135.25,135.73,135.15,135.71,59
1561680000,135.85,136.2,135.6,135.95,72
1561939200,134.38,134.48,133.22,133.38,402
1562025600,134.17,136.38,133.99,136.21,423
1562112000,136.33,136.93,136.15,136.53,121
1562284800,134.15,135.15,133.7,135.0,296
1562544000,135.07,135.14,134.15,134.15,145
1562630400,134.15,134.86,134.01,134.56,147
1562716800,135.88,136.7,135.25,136.7,241
1562803200,136.54,136.54,135.27,135.56,145
1562889600,135.86,136.51,135.45,136.39,169
1563148800,136.1,136.38,135.67,136.38,116
1563235200,136.04,136.15,135.05,135.26,99
1563321600,135.92,137.45,135.89,137.45,133
1563408000,136.59,139.55,136.52,139.38,322
1563494400,138.34,138.92,136.86,137.43,298
1563753600,137.46,137.67,137.21,137.33,129
1563840000,137.39,137.56,136.49,136.56,102
1563926400,137.54,137.76,136.94,137.29,49
1564012800,137.04,137.04,136.02,136.29,124
1564099200,137.14,137.14,136.5,136.54,60
1564358400,136.98,137.6,136.57,137.39,186
1564444800,137.67,138.06,137.32,137.87,185
1564531200,137.84,138.04,136.06,136.06,325
1564617600,135.26,139.36,135.17,139.32,537
1564704000,138.26,139.53,138.26,138.82,167
1564963200,141.0,141.71,140.03,140.81,473
1565049600,141.09,141.96,140.94,141.9,144
1565136000,144.37,145.52,143.97,144.03,347
1565222400,143.76,145.43,143.76,144.88,203
1565308800,144.26,145.1,144.05,144.34,95
1565568000,144.68,146.36,144.68,145.69,341
1565654400,146.35,146.35,142.59,144.84,584
1565740800,146.0,146.85,145.13,145.85,539
1565827200,145.93,147.05,145.79,146.74,497
1565913600,145.8,146.06,144.97,145.82,242
1566172800,144.32,144.84,143.9,144.11,262
1566259200,145.01,145.28,144.73,145.28,136
1566345600,144.84,145.23,144.66,144.78,151
1566432000,144.51,144.97,144.29,144.41,116
1566518400,144.92,147.38,144.79,147.25,357
1566777600,147.32,148.09,147.07,147.32,287
1566864000,147.48,148.83,147.44,148.63,248
1566950400,148.56,148.82,147.86,148.28,172
1567036800,148.61,148.65,146.48,147.31,244
1567123200,147.35,147.68,146.25,146.91,230
1567468800,148.15,149.31,147.86,148.92,344
1567555200,148.82,150.0,148.82,149.84,163
1567641600,148.08,148.18,145.31,146.28,326
1567728000,146.8,147.03,144.94,145.0,157
1567987200,145.46,145.58,144.31,144.56,115
1568073600,144.31,144.47,143.25,143.25,136
1568160000,143.37,144.33,143.37,144.1,88
1568246400,145.81,146.15,144.25,144.37,123
1568332800,144.87,145.07,143.11,143.22,71
1568592000,144.59,145.1,144.15,144.45,97
1568678400,144.77,145.17,144.56,144.69,234
1568764800,145.02,145.58,142.91,143.73,391
1568851200,144.7,144.78,144.19,144.36,185
1568937600,144.78,146.1,144.57,146.09,98
1569196800,146.38,147.0,146.33,146.85,138
1569283200,146.39,147.82,146.15,147.62,115
1569369600,147.17,147.42,144.61,144.9,152
1569456000,145.44,145.65,144.79,144.9,90
1569542400,143.42,144.78,143.25,144.16,301
1569801600,142.77,143.21,141.09,141.93,161
1569888000,141.14,143.14,140.85,142.74,189
1569974400,143.92,144.95,143.55,144.37,371
1570060800,144.5,146.26,144.5,145.0,339
1570147200,144.5,145.51,144.33,144.95,178
1570406400,144.34,144.79,143.47,143.82,183
1570492800,145.17,145.33,144.3,145.07,180
1570579200,145.29,145.62,145.01,145.18,181
1570665600,144.64,144.64,143.75,143.86,147
1570752000,142.99,143.15,142.0,143.12,330
1571011200,143.46,143.91,143.46,143.75,63
1571097600,143.28,143.33,142.3,142.67,148
1571184000,143.21,143.6,142.8,143.5,204
1571270400,143.53,144.2,143.53,143.66,87
1571356800,143.58,143.94,143.42,143.58,69
1571616000,143.81,143.85,142.7,142.94,101
1571702400,143.21,143.38,142.83,143.35,102
1571788800,143.81,144.09,143.57,143.68,78
1571875200,144.1,144.88,144.1,144.72,100
1571961600,145.79,145.79,144.59,145.05,53
1572220800,143.71,143.85,143.37,143.77,83
1572307200,143.08,143.77,143.05,143.33,166
1572393600,143.76,144.26,142.67,144.08,164
1572480000,145.76,145.78,145.3,145.52,124
1572566400,145.65,145.78,145.2,145.69,96
1572825600,14.51,14.64,14.47,14.53,594
1572912000,14.38,14.43,14.26,14.31,922
1572998400,14.36,14.39,14.32,14.36,755
1573084800,14.32,14.34,14.07,14.14,1491
1573171200,14.08,14.14,14.05,14.05,451
1573430400,14.07,14.08,13.94,14.01,777
1573516800,14.01,14.08,13.92,14.05,978
1573603200,14.08,14.13,14.06,14.1,761
1573689600,14.15,14.2,14.11,14.17,785
1573776000,14.11,14.15,14.1,14.13,314
1574035200,14.15,14.19,13.86,14.18,397
1574121600,14.12,14.22,14.12,14.18,596
1574208000,14.16,14.21,14.12,14.18,654
1574294400,14.15,14.16,14.09,14.11,469
1574380800,14.14,14.15,14.08,14.08,507
1574640000,14.03,14.07,14.0,14.01,384
1574726400,14.01,14.09,13.96,14.09,222
1574812800,14.01,14.03,13.99,14.01,340
1574985600,14.02,14.16,14.01,14.16,176
1575244800,14.05,14.11,14.04,14.09,815
1575331200,14.22,14.27,14.21,14.23,951
1575417600,14.22,14.23,14.17,14.2,421
1575504000,14.23,14.26,14.19,14.21,509
1575590400,14.08,14.1,14.05,14.07,727
1575849600,14.09,14.09,14.06,14.07,382
1575936000,14.14,14.14,14.08,14.11,460
1576022400,14.13,14.24,14.12,14.2,638
1576108800,14.29,14.3,14.1,14.15,943
1576195200,14.18,14.24,14.11,14.22,454
1576454400,14.24,14.25,14.19,14.22,317
1576540800,14.22,14.23,14.2,14.21,250
1576627200,14.2,14.24,14.18,14.22,478
1576713600,14.22,14.28,14.2,14.24,348
1576800000,14.25,14.26,14.21,14.22,344
1577059200,14.28,14.32,14.27,14.3,333
1577145600,14.37,14.45,14.36,14.44,468
1577318400,14.53,14.57,14.51,14.56,476
1577404800,14.54,14.59,14.54,14.56,450
1577664000,14.58,14.61,14.57,14.59,414
1577750400,14.66,14.68,14.61,14.61,709
1577923200,14.72,14.75,14.67,14.71,1132
1578009600,14.9,14.95,14.87,14.92,1105
1578268800,15.18,15.18,15.03,15.07,1418
1578355200,15.09,15.16,15.08,15.14,725
1578441600,15.19,15.19,14.94,15.02,1133
1578528000,14.93,14.97,14.87,14.92,572
1578614400,14.95,15.04,14.95,15.03,661
1578873600,14.97,14.98,14.91,14.91,521
1578960000,14.85,14.9,14.83,14.9,494
1579046400,14.95,15.0,14.91,14.99,389
1579132800,14.96,14.98,14.9,14.96,483
1579219200,14.99,15.04,14.96,15.0,667
1579564800,14.91,15.02,14.88,15.01,532
1579651200,15.0,15.02,14.97,15.0,503
1579737600,15.0,15.1,15.0,15.04,555
1579824000,15.02,15.17,15.02,15.15,762
1580083200,15.27,15.27,15.18,15.23,1009
1580169600,15.17,15.2,15.09,15.1,501
1580256000,15.1,15.19,15.09,15.18,678
1580342400,15.21,15.27,15.14,15.19,962
1580428800,15.23,15.3,15.22,15.27,893
1580688000,15.2,15.22,15.12,15.18,926
1580774400,15.02,15.04,14.92,14.99,732
1580860800,14.97,15.02,14.95,15.0,832
1580947200,15.07,15.1,15.04,15.08,551
1581033600,15.12,15.15,15.06,15.11,866
1581292800,15.16,15.19,15.13,15.16,1053
1581379200,15.14,15.16,15.04,15.1,778
1581465600,15.07,15.13,15.06,15.09,417
1581552000,15.16,15.2,15.14,15.19,534
1581638400,15.22,15.25,15.21,15.24,493
1581984000,15.33,15.45,15.29,15.43,580
1582070400,15.44,15.53,15.43,15.53,655
1582156800,15.55,15.63,15.54,15.59,988
1582243200,15.79,15.88,15.77,15.83,1601
1582502400,16.19,16.22,15.9,15.96,2304
1582588800,15.86,15.96,15.64,15.68,1645
1582675200,15.74,15.89,15.65,15.76,1243
1582761600,15.92,15.99,15.74,15.75,2474
1582848000,15.63,15.64,15.05,15.19,2810
1583107200,15.37,15.43,15.25,15.27,1201
1583193600,15.43,15.87,15.42,15.75,1325
1583280000,15.79,15.84,15.74,15.77,1323
1583366400,15.96,16.12,15.93,16.1,1896
1583452800,16.21,16.29,15.85,16.12,2778
1583712000,16.08,16.19,16.0,16.15,1432
1583798400,15.92,15.99,15.82,15.89,1368
1583884800,15.98,15.98,15.72,15.76,1117
1583971200,15.23,15.5,15.03,15.1,2365
1584057600,15.13,15.17,14.48,14.69,2641
1584316800,14.24,14.62,14.02,14.03,1500
1584403200,14.56,14.96,14.51,14.72,1668
1584489600,14.55,14.56,14.18,14.4,2155
1584576000,14.31,14.35,14.11,14.11,2140
1584662400,14.41,14.44,14.23,14.4,1118
1584921600,14.69,15.04,14.68,14.95,1837
1585008000,15.61,15.83,15.44,15.68,2043
1585094400,15.5,15.58,15.45,15.48,1680
1585180800,15.76,15.83,15.56,15.72,1356
1585267200,15.58,15.71,15.57,15.58,1129
1585526400,15.61,15.67,15.49,15.63,1815
1585612800,15.49,15.54,15.16,15.16,1058
1585699200,15.18,15.36,15.14,15.29,1366
1585785600,15.52,15.6,15.43,15.55,1096
1585872000,15.57,15.66,15.5,15.63,1055
1586131200,15.77,16.08,15.75,16.06,1826
1586217600,15.91,15.97,15.81,15.96,1248
1586304000,15.93,15.95,15.81,15.82,1721
1586390400,16.19,16.28,16.08,16.21,2915
1586736000,16.3,16.61,16.23,16.54,2297
1586822400,16.66,16.83,16.56,16.65,1890
1586908800,16.53,16.62,16.45,16.59,1154
1586995200,16.59,16.7,16.45,16.54,928
1587081600,16.41,16.48,16.17,16.22,1704
1587340800,16.24,16.39,16.19,16.33,1364
1587427200,16.1,16.27,16.07,16.22,1287
1587513600,16.43,16.55,16.41,16.55,1409
1587600000,16.6,16.74,16.56,16.69,1612
1587686400,16.73,16.76,16.47,16.64,1312
1587945600,16.48,16.65,16.42,16.54,1487
1588032000,16.47,16.47,16.3,16.46,1668
1588118400,16.38,16.54,16.35,16.52,1227
1588204800,16.36,16.44,16.18,16.25,1927
1588291200,16.15,16.42,16.15,16.37,2274
1588550400,16.43,16.47,16.36,16.42,2009
1588636800,16.4,16.49,16.31,16.47,1027
1588723200,16.27,16.36,16.19,16.27,2288
1588809600,16.33,16.58,16.31,16.53,1375
1588896000,16.49,16.57,16.38,16.43,1088
1589155200,16.41,16.45,16.28,16.33,1058
1589241600,16.4,16.47,16.34,16.39,1382
1589328000,16.45,16.55,16.43,16.53,1851
1589414400,16.52,16.72,16.52,16.69,2651
1589500800,16.77,16.86,16.69,16.79,1410
1589760000,16.84,16.85,16.63,16.66,1202
1589846400,16.75,16.83,16.69,16.81,958
1589932800,16.85,16.88,16.77,16.84,931
1590019200,16.74,16.74,16.53,16.6,1048
1590105600,16.67,16.73,16.66,16.71,919
1590451200,16.69,16.69,16.45,16.47,1721
1590537600,16.31,16.52,16.3,16.51,1619
1590624000,16.58,16.63,16.47,16.54,1272
1590710400,16.65,16.73,16.61,16.67,1022
1590969600,16.72,16.77,16.63,16.75,1018
1591056000,16.79,16.8,16.59,16.65,804
1591142400,16.41,16.48,16.26,16.34,1667
1591228800,16.5,16.56,16.37,16.51,571
1591315200,16.24,16.25,16.08,16.18,1237
1591574400,16.25,16.38,16.23,16.34,1210
1591660800,16.45,16.57,16.45,16.51,956
1591747200,16.6,16.75,16.45,16.75,975
1591833600,16.73,16.8,16.58,16.63,1296
1591920000,16.73,16.77,16.64,16.66,1148
1592179200,16.43,16.65,16.4,16.62,950
1592265600,16.56,16.66,16.51,16.61,818
1592352000,16.59,16.65,16.56,16.64,791
1592438400,16.61,16.62,16.53,16.6,765
1592524800,16.67,16.8,16.67,16.79,1144
1592784000,16.86,16.98,16.84,16.91,1385
1592870400,16.97,17.05,16.95,17.05,1046
1592956800,17.0,17.1,16.94,16.99,1151
1593043200,16.98,16.99,16.91,16.97,816
1593129600,16.71,17.06,16.71,17.06,1439
1593388800,17.05,17.08,17.01,17.06,925
1593475200,17.03,17.19,17.02,17.14,1403
1593561600,17.09,17.11,16.93,17.06,1497
1593648000,17.0,17.13,17.0,17.1,999
1593993600,17.17,17.21,17.12,17.2,956
1594080000,17.15,17.3,17.14,17.3,1024
1594166400,17.44,17.48,17.38,17.42,1299
1594252800,17.46,17.48,17.29,17.37,1349
1594339200,17.42,17.42,17.26,17.32,977
1594598400,17.43,17.45,17.32,17.34,1034
1594684800,17.3,17.43,17.29,17.43,917
1594771200,17.38,17.46,17.34,17.44,1089
1594857600,17.39,17.42,17.27,17.28,1348
1594944000,17.4,17.44,17.37,17.43,892
1595203200,17.49,17.53,17.44,17.53,1005
1595289600,17.67,17.75,17.65,17.72,2142
1595376000,17.82,18.0,17.79,17.98,1499
1595462400,18.08,18.27,17.99,18.16,2317
1595548800,18.35,18.35,18.26,18.33,1565
1595808000,18.62,18.72,18.59,18.66,3107
1595894400,18.64,18.88,18.58,18.82,2160
1595980800,18.86,19.06,18.67,18.95,1865
1596067200,18.78,18.88,18.65,18.82,1428
1596153600,18.91,19.02,18.86,18.99,1380
1596412800,18.95,19.03,18.85,19.02,1829
1596499200,19.0,19.42,18.97,19.42,1844
1596585600,19.63,19.78,19.52,19.6,4419
1596672000,19.84,19.91,19.72,19.86,5310
1596758400,19.73,19.76,19.39,19.54,2245
1597017600,19.59,19.73,19.43,19.48,2336
1597104000,18.81,18.83,18.37,18.43,4741
1597190400,18.71,18.75,18.34,18.35,2836
1597276800,18.6,18.91,18.58,18.78,1583
1597363200,18.8,18.81,18.59,18.7,1259
1597622400,18.91,19.15,18.91,19.09,1484
1597708800,19.38,19.39,19.02,19.28,1476
1597795200,19.17,19.2,18.61,18.67,1629
1597881600,18.56,18.81,18.53,18.8,1502
1597968000,18.65,18.71,18.49,18.64,1261
1598227200,18.72,18.72,18.5,18.54,1257
1598313600,18.54,18.57,18.41,18.56,1280
1598400000,18.46,18.8,18.45,18.78,1587
1598486400,18.96,18.96,18.37,18.57,1735
1598572800,18.83,18.98,18.78,18.88,1080
1598832000,18.93,19.0,18.88,18.94,1202
1598918400,19.14,19.15,18.89,18.95,1407
1599004800,18.82,18.83,18.59,18.71,2755
1599091200,18.66,18.72,18.48,18.55,2591
1599177600,18.54,18.64,18.44,18.61,965
1599523200,18.38,18.66,18.34,18.56,1175
1599609600,18.68,18.76,18.66,18.75,1058
1599696000,18.85,18.92,18.67,18.69,881
1599782400,18.76,18.8,18.65,18.69,755
1600041600,18.81,18.88,18.79,18.83,672
1600128000,18.9,18.92,18.73,18.8,788
1600214400,18.95,18.95,18.78,18.83,801
1600300800,18.63,18.75,18.59,18.74,661
1600387200,18.75,18.85,18.71,18.76,604
1600646400,18.42,18.47,18.1,18.38,1802
1600732800,18.39,18.44,18.25,18.3,967
1600819200,18.12,18.16,17.84,17.9,1863
1600905600,17.87,18.05,17.8,17.97,1192
1600992000,17.86,17.96,17.82,17.91,824
1601251200,18.01,18.11,17.94,18.09,632
1601337600,18.15,18.26,18.13,18.25,646
1601424000,18.19,18.29,18.09,18.14,863
1601510400,18.31,18.39,18.24,18.32,1577
1601596800,18.31,18.35,18.25,18.28,2189
1601856000,18.33,18.45,18.33,18.38,869
1601942400,18.45,18.48,18.14,18.15,1338
1602028800,18.14,18.18,18.07,18.15,1320
1602115200,18.25,18.28,18.1,18.22,790
1602201600,18.45,18.57,18.43,18.55,717
1602460800,18.5,18.52,18.46,18.49,547
1602547200,18.3,18.3,18.15,18.2,1027
1602633600,18.35,18.4,18.26,18.26,1015
1602720000,18.2,18.35,18.2,18.33,527
1602806400,18.33,18.36,18.25,18.27,536
1603065600,18.38,18.38,18.27,18.27,695
1603152000,18.3,18.4,18.24,18.36,545
1603238400,18.48,18.57,18.46,18.51,750
1603324800,18.32,18.33,18.21,18.33,650
1603411200,18.35,18.36,18.21,18.3,653
1603670400,18.3,18.34,18.26,18.29,431
1603756800,18.33,18.38,18.32,18.34,664
1603843200,18.02,18.12,17.98,18.04,805
1603929600,18.01,18.04,17.94,17.95,521
1604016000,18.09,18.13,18.02,18.06,674
1604275200,18.18,18.24,18.15,18.22,768
1604361600,18.34,18.37,18.27,18.34,558
1604448000,18.33,18.36,18.2,18.33,952
1604534400,18.54,18.78,18.54,18.73,994
1604620800,18.79,18.8,18.66,18.77,717
1604880000,18.07,18.08,17.79,17.95,2059
1604966400,18.1,18.14,18.0,18.0,1018
1605052800,17.9,17.97,17.88,17.93,790
1605139200,18.05,18.11,18.02,18.03,1192
1605225600,18.21,18.22,18.12,18.15,659
1605484800,18.15,18.23,18.12,18.15,602
1605571200,18.15,18.18,18.05,18.08,619
1605657600,18.06,18.12,17.97,17.98,623
1605744000,17.85,17.96,17.84,17.94,639
1605830400,18.05,18.07,17.99,18.01,522
1606089600,17.95,17.96,17.6,17.64,1391
1606176000,17.35,17.38,17.3,17.38,1881
1606262400,17.41,17.47,17.35,17.37,955
1606435200,17.1,17.2,17.05,17.11,803
1606694400,17.08,17.15,17.01,17.08,1517
1606780800,17.4,17.47,17.35,17.44,1533
1606867200,17.48,17.6,17.44,17.57,658
1606953600,17.68,17.71,17.53,17.71,596
1607040000,17.71,17.75,17.58,17.66,794
1607299200,17.69,17.96,17.69,17.92,1075
1607385600,17.99,18.03,17.9,17.99,854
1607472000,17.82,17.83,17.55,17.68,943
1607558400,17.71,17.79,17.59,17.64,738
1607644800,17.66,17.76,17.65,17.68,633
1607904000,17.65,17.68,17.52,17.57,527
1607990400,17.78,17.83,17.74,17.82,3480
1608076800,17.85,17.94,17.74,17.92,472
1608163200,18.15,18.23,18.1,18.12,542
1608249600,18.11,18.14,18.05,18.1,672
1608508800,18.06,18.13,18.02,18.02,727
1608595200,18.06,18.08,17.86,17.9,917
1608681600,17.95,18.05,17.95,18.01,599
1608768000,18.0,18.08,17.99,18.07,566
1609113600,18.16,18.23,18.0,18.01,756
1609200000,18.07,18.13,18.0,18.07,980
1609286400,18.08,18.21,18.08,18.21,897
1609372800,18.24,18.29,18.17,18.29,825
1609718400,18.64,18.7,18.55,18.69,1282
1609804800,18.74,18.78,18.65,18.74,869
1609891200,18.61,18.61,18.28,18.44,1433
1609977600,18.41,18.44,18.33,18.4,971
1610064000,18.13,18.14,17.59,17.76,1664
1610323200,17.65,17.8,17.64,17.73,888
1610409600,17.74,17.85,17.66,17.84,910
1610496000,17.81,17.89,17.75,17.77,825
1610582400,17.77,17.85,17.7,17.76,801
1610668800,17.71,17.74,17.52,17.54,821
1611014400,17.69,17.72,17.62,17.68,833
1611100800,17.88,17.99,17.82,17.97,686
1611187200,17.95,17.99,17.89,17.97,602
1611273600,17.71,17.86,17.67,17.82,988
1611532800,17.92,17.94,17.76,17.84,1113
1611619200,17.84,17.86,17.78,17.8,717
1611705600,17.73,17.78,17.61,17.68,1731
1611792000,17.86,17.91,17.64,17.69,807
1611878400,17.93,17.95,17.7,17.7,827
1612137600,17.95,17.96,17.85,17.86,754
1612224000,17.68,17.69,17.58,17.65,773
1612310400,17.67,17.69,17.59,17.61,605
1612396800,17.25,17.27,17.16,17.24,1146
1612483200,17.32,17.45,17.29,17.41,911
1612742400,17.63,17.68,17.59,17.59,1045
1612828800,17.69,17.73,17.6,17.64,1076
1612915200,17.75,17.76,17.63,17.71,1073
1613001600,17.72,17.73,17.5,17.54,728
1613088000,17.45,17.59,17.42,17.5,651
1613433600,17.23,17.44,17.19,17.25,1034
1613520000,17.11,17.16,17.0,17.05,1433
1613606400,17.11,17.15,16.99,17.06,1251
1613692800,17.09,17.22,17.08,17.11,1102
1613952000,17.28,17.42,17.26,17.37,1062
1614038400,17.37,17.4,17.26,17.34,652
1614124800,17.18,17.34,17.13,17.32,757
1614211200,17.12,17.18,16.96,17.01,1108
1614297600,16.91,16.93,16.5,16.59,2092
1614556800,16.72,16.75,16.52,16.56,1463
1614643200,16.6,16.7,16.53,16.64,1193
1614729600,16.47,16.58,16.35,16.46,2198
1614816000,16.46,16.55,16.24,16.3,1727
1614902400,16.36,16.39,16.26,16.31,1064
1615161600,16.26,16.28,16.11,16.14,771
1615248000,16.48,16.54,16.45,16.48,1022
1615334400,16.52,16.59,16.47,16.58,954
1615420800,16.56,16.61,16.52,16.55,660
1615507200,16.35,16.58,16.34,16.56,664
1615766400,16.6,16.64,16.55,16.64,471
1615852800,16.73,16.73,16.6,16.65,440
1615939200,16.67,16.83,16.58,16.77,689
1616025600,16.57,16.7,16.57,16.67,513
1616112000,16.67,16.76,16.66,16.74,1638
1616371200,16.68,16.74,16.66,16.71,692
1616457600,16.61,16.64,16.57,16.6,623
1616544000,16.64,16.7,16.61,16.66,871
1616630400,16.7,16.7,16.55,16.6,420
1616716800,16.62,16.69,16.6,16.63,463
1616976000,16.56,16.56,16.39,16.44,787
1617062400,16.2,16.22,16.15,16.16,660
1617148800,16.21,16.48,16.21,16.41,860
1617235200,16.57,16.63,16.54,16.61,610
1617580800,16.58,16.65,16.55,16.6,957
1617667200,16.69,16.77,16.69,16.74,877
1617753600,16.7,16.75,16.67,16.69,528
1617840000,16.83,16.9,16.83,16.88,553
1617926400,16.69,16.79,16.66,16.75,431
1618185600,16.69,16.7,16.59,16.65,481
1618272000,16.74,16.8,16.72,16.76,442
1618358400,16.69,16.72,16.64,16.69,752
1618444800,16.83,17.0,16.82,16.96,596
1618531200,17.04,17.11,17.02,17.06,497
1618790400,17.02,17.07,17.0,17.01,605
1618876800,17.01,17.11,16.99,17.08,518
1618963200,17.14,17.26,17.14,17.24,652
1619049600,17.14,17.18,17.07,17.13,576
1619136000,17.17,17.18,17.0,17.06,1676
1619395200,17.09,17.12,17.03,17.11,359
1619481600,17.11,17.15,17.05,17.06,892
1619568000,16.99,17.12,16.98,17.12,549
1619654400,16.98,17.05,16.88,17.04,460
1619740800,16.99,17.02,16.95,16.98,445
1620000000,17.19,17.28,17.18,17.22,584
1620086400,17.2,17.29,17.01,17.08,615
1620172800,17.09,17.16,17.09,17.15,412
1620259200,17.22,17.46,17.22,17.44,866
1620345600,17.6,17.69,17.54,17.6,547
1620604800,17.72,17.73,17.62,17.65,629
1620691200,17.5,17.66,17.47,17.66,632
1620777600,17.59,17.63,17.47,17.49,714
1620864000,17.48,17.57,17.47,17.56,594
1620950400,17.65,17.73,17.63,17.73,598
1621209600,17.78,17.96,17.77,17.92,649
1621296000,17.96,17.98,17.9,17.96,472
1621382400,17.96,18.16,17.89,17.97,841
1621468800,17.99,18.11,17.97,18.05,481
1621555200,18.11,18.14,17.97,18.06,733
1621814400,18.05,18.12,18.04,18.1,487
1621900800,18.07,18.26,18.07,18.25,539
1621987200,18.3,18.32,18.17,18.21,420
1622073600,18.19,18.25,18.15,18.24,394
1622160000,18.22,18.3,18.19,18.29,518
1622505600,18.34,18.35,18.18,18.25,830
1622592000,18.3,18.34,18.26,18.33,327
1622678400,18.03,18.04,17.92,17.97,617
1622764800,18.12,18.21,18.12,18.17,394
1623024000,18.14,18.26,18.12,18.25,1302
1623110400,18.18,18.21,18.1,18.19,310
1623196800,18.2,18.24,18.14,18.15,412
1623283200,18.12,18.25,18.11,18.24,484
1623369600,18.09,18.11,18.0,18.03,457
1623628800,17.76,17.95,17.75,17.92,517
1623715200,17.93,17.95,17.78,17.87,618
1623801600,17.85,17.9,17.55,17.56,608
1623888000,17.13,17.2,16.98,17.02,1102
1623974400,17.04,17.09,16.92,16.92,629
1624233600,17.09,17.16,17.03,17.12,475
1624320000,17.08,17.13,17.04,17.06,543
1624406400,17.14,17.24,17.04,17.06,473
1624492800,17.13,17.15,17.03,17.05,387
1624579200,17.19,17.19,17.06,17.09,298
1624838400,17.1,17.12,17.07,17.08,482
1624924800,16.86,16.96,16.83,16.92,417
1625011200,16.89,17.04,16.85,16.99,408
1625097600,17.1,17.11,16.98,17.06,430
1625184000,17.18,17.21,17.09,17.17,441
1625529600,17.38,17.41,17.2,17.25,448
1625616000,17.32,17.36,17.27,17.31,634
1625702400,17.42,17.42,17.24,17.32,569
1625788800,17.33,17.41,17.31,17.36,293
1626048000,17.32,17.36,17.21,17.35,390
1626134400,17.4,17.43,17.34,17.38,441
1626220800,17.53,17.55,17.47,17.55,329
1626307200,17.52,17.58,17.48,17.56,397
1626393600,17.5,17.54,17.38,17.38,545
1626652800,17.39,17.44,17.33,17.4,506
1626739200,17.49,17.53,17.34,17.37,491
1626825600,17.28,17.34,17.26,17.32,563
1626912000,17.29,17.36,17.25,17.35,403
1626998400,17.29,17.33,17.24,17.3,473
1627257600,17.31,17.33,17.25,17.25,592
1627344000,17.31,17.33,17.24,17.3,676
1627430400,17.26,17.38,17.2,17.37,522
1627516800,17.52,17.61,17.52,17.57,352
1627603200,17.52,17.55,17.38,17.42,317
1627862400,17.39,17.47,17.35,17.42,587
1627948800,17.38,17.43,17.37,17.4,343
1628035200,17.58,17.59,17.35,17.4,463
1628121600,17.38,17.38,17.26,17.33,419
1628208000,17.01,17.03,16.89,16.9,520
1628467200,16.74,16.76,16.55,16.59,909
1628553600,16.58,16.64,16.5,16.6,704
1628640000,16.75,16.84,16.7,16.84,486
1628726400,16.79,16.85,16.73,16.84,273
1628812800,16.94,17.09,16.92,17.08,366
1629072000,17.11,17.19,17.1,17.17,493
1629158400,17.19,17.21,17.1,17.15,431
1629244800,17.16,17.19,17.07,17.15,695
1629331200,17.17,17.17,17.06,17.09,386
1629417600,17.13,17.16,17.07,17.13,416
1629676800,17.33,17.34,17.25,17.32,498
1629763200,17.35,17.37,17.3,17.31,544
1629849600,17.23,17.23,17.13,17.2,421
1629936000,17.17,17.27,17.13,17.22,325
1630022400,17.2,17.48,17.11,17.48,696
1630281600,17.43,17.43,17.35,17.39,502
1630368000,17.38,17.44,17.32,17.42,393
1630454400,17.45,17.45,17.37,17.41,411
1630540800,17.4,17.41,17.33,17.39,426
1630627200,17.51,17.61,17.48,17.56,422
1630972800,17.4,17.43,17.21,17.21,734
1631059200,17.25,17.26,17.12,17.18,701
1631145600,17.26,17.28,17.13,17.25,714
1631232000,17.22,17.26,17.16,17.16,646
1631491200,17.2,17.27,17.19,17.22,478
1631577600,17.27,17.37,17.2,17.33,669
1631664000,17.26,17.28,17.19,17.22,490
1631750400,16.88,16.88,16.76,16.84,810
1631836800,16.82,16.88,16.78,16.83,954
1632096000,16.86,16.97,16.84,16.94,1130
1632182400,17.02,17.11,16.98,17.05,538
1632268800,17.04,17.16,16.94,16.98,1450
1632355200,16.85,16.86,16.76,16.78,690
1632441600,16.74,16.84,16.71,16.77,378
1632700800,16.82,16.87,16.78,16.81,332
1632787200,16.71,16.72,16.6,16.64,531
1632873600,16.66,16.7,16.53,16.56,553
1632960000,16.7,16.93,16.68,16.86,575
1633046400,16.87,16.94,16.84,16.9,461
1633305600,16.82,17.0,16.78,16.98,931
1633392000,16.82,16.94,16.79,16.91,458
1633478400,16.87,16.95,16.86,16.93,574
1633564800,16.85,16.92,16.84,16.86,321
1633651200,17.08,17.09,16.85,16.86,433
1633910400,16.85,16.9,16.83,16.84,253
1633996800,16.9,16.98,16.87,16.91,350
1634083200,16.98,17.24,16.98,17.2,398
1634169600,17.27,17.27,17.22,17.25,363
1634256000,16.98,17.05,16.95,16.99,536
1634515200,16.98,17.0,16.92,16.94,415
1634601600,17.08,17.09,16.96,16.99,479
1634688000,17.07,17.16,17.03,17.13,574
1634774400,17.12,17.14,17.07,17.13,829
1634860800,17.31,17.41,17.11,17.23,1011
1635120000,17.31,17.38,17.3,17.34,1508
1635206400,17.24,17.24,17.12,17.23,1130
1635292800,17.22,17.27,17.14,17.26,478
1635379200,17.35,17.37,17.21,17.26,494
1635465600,17.08,17.12,17.01,17.12,435
1635724800,17.23,17.24,17.18,17.21,255
1635811200,17.17,17.21,17.15,17.17,282
1635897600,16.92,17.05,16.88,17.0,489
1635984000,17.26,17.26,17.19,17.2,279
1636070400,17.28,17.45,17.26,17.45,623
1636329600,17.5,17.54,17.47,17.51,881
1636416000,17.54,17.59,17.48,17.58,560
1636502400,17.83,17.93,17.68,17.78,756
1636588800,17.87,17.9,17.85,17.87,541
1636675200,17.82,17.94,17.81,17.91,502
1636934400,17.88,17.93,17.83,17.88,991
1637020800,17.89,17.92,17.75,17.76,857
1637107200,17.89,17.94,17.86,17.92,761
1637193600,17.87,17.9,17.82,17.87,908
1637280000,17.84,17.88,17.69,17.73,1566
1637539200,17.44,17.5,17.3,17.33,1224
1637625600,17.17,17.22,17.1,17.19,1054
1637712000,17.12,17.2,17.08,17.17,1225
1637884800,17.32,17.32,17.09,17.15,1020
1638144000,17.14,17.18,17.09,17.11,846
1638230400,17.23,17.36,16.98,17.0,917
1638316800,17.14,17.19,17.05,17.07,1136
1638403200,17.05,17.05,16.91,16.96,684
1638489600,17.01,17.15,16.95,17.11,764
1638748800,17.06,17.13,17.05,17.08,548
1638835200,17.07,17.16,17.07,17.13,691
1638921600,17.1,17.15,17.08,17.14,471
1639008000,17.11,17.11,17.02,17.04,521
1639094400,17.12,17.14,17.08,17.11,420
1639353600,17.14,17.18,17.12,17.16,787
1639440000,16.98,17.07,16.97,17.0,563
1639526400,16.97,17.09,16.84,17.07,1389
1639612800,17.15,17.27,17.15,17.27,624
1639699200,17.33,17.36,17.24,17.24,604
1639958400,17.25,17.25,17.16,17.16,448
1640044800,17.23,17.24,17.13,17.15,1051
1640131200,17.21,17.33,17.16,17.33,568
1640217600,17.33,17.38,17.27,17.35,704
1640563200,17.35,17.41,17.34,17.39,499
1640649600,17.39,17.43,17.32,17.33,546
1640736000,17.2,17.33,17.2,17.32,478
1640822400,17.3,17.45,17.3,17.44,423
1640908800,17.52,17.57,17.47,17.55,618
1641168000,17.34,17.36,17.26,17.29,1805
1641254400,17.35,17.43,17.34,17.41,409
1641340800,17.53,17.56,17.35,17.36,744
1641427200,17.18,17.23,17.14,17.15,1412
1641513600,17.2,17.27,17.15,17.23,552
1641772800,17.19,17.3,17.18,17.28,765
1641859200,17.3,17.51,17.3,17.49,460
1641945600,17.49,17.55,17.46,17.53,351
1642032000,17.47,17.5,17.4,17.48,426
1642118400,17.48,17.52,17.41,17.43,531
1642464000,17.43,17.47,17.37,17.41,524
1642550400,17.51,17.69,17.49,17.69,806
1642636800,17.7,17.73,17.63,17.63,532
1642723200,17.68,17.68,17.54,17.58,1163
1642982400,17.64,17.69,17.55,17.67,938
1643068800,17.66,17.79,17.64,17.73,1113
1643155200,17.61,17.65,17.42,17.44,1599
1643241600,17.26,17.37,17.19,17.22,975
1643328000,17.12,17.2,17.09,17.17,620
1643587200,17.24,17.27,17.21,17.27,1103
1643673600,17.31,17.35,17.26,17.29,859
1643760000,17.3,17.38,17.28,17.34,2168
1643846400,17.29,17.35,17.17,17.32,1303
1643932800,17.27,17.37,17.27,17.36,873
1644192000,17.42,17.5,17.38,17.47,594
1644278400,17.49,17.55,17.46,17.53,605
1644364800,17.54,17.62,17.53,17.58,673
1644451200,17.53,17.67,17.52,17.52,717
1644537600,17.55,17.9,17.54,17.86,1223
1644796800,17.86,17.98,17.85,17.96,1227
1644883200,17.78,17.81,17.71,17.77,825
1644969600,17.83,17.97,17.83,17.96,660
1645056000,18.16,18.25,18.12,18.21,1364
1645142400,18.19,18.22,18.13,18.2,1029
1645488000,18.25,18.31,18.17,18.23,1479
1645574400,18.22,18.33,18.22,18.33,1786
1645660800,18.76,18.76,18.01,18.22,2810
1645747200,18.13,18.16,18.07,18.14,1885
1646006400,18.38,18.39,18.14,18.32,1834
1646092800,18.41,18.68,18.4,18.68,3174
1646179200,18.51,18.58,18.37,18.46,3518
1646265600,18.5,18.63,18.45,18.58,3042
1646352000,18.72,18.91,18.65,18.87,2344
1646611200,18.95,19.19,18.93,19.16,3613
1646697600,19.35,19.86,19.35,19.69,7537
1646784000,19.12,19.24,19.0,19.11,3978
1646870400,19.21,19.26,19.02,19.16,1968
1646956800,18.88,19.1,18.85,19.02,2956
1647216000,18.79,18.83,18.71,18.73,1918
1647302400,18.34,18.54,18.29,18.38,1208
1647388800,18.31,18.51,18.18,18.51,1265
1647475200,18.68,18.7,18.57,18.59,650
1647561600,18.54,18.6,18.4,18.41,668
1647820800,18.57,18.63,18.48,18.57,1321
1647907200,18.36,18.47,18.33,18.44,1230
1647993600,18.52,18.7,18.48,18.68,829
1648080000,18.81,18.86,18.8,18.83,545
1648166400,18.72,18.81,18.71,18.74,602
1648425600,18.53,18.64,18.38,18.41,1335
1648512000,18.19,18.43,18.17,18.43,1184
1648598400,18.48,18.6,18.48,18.56,1318
1648684800,18.59,18.69,18.56,18.59,1057
1648771200,18.45,18.55,18.4,18.45,2089
1649030400,18.54,18.59,18.47,18.54,963
1649116800,18.6,18.66,18.39,18.43,2451
1649203200,18.48,18.53,18.38,18.46,2181
1649289600,18.49,18.59,18.49,18.55,1151
1649376000,18.56,18.69,18.56,18.64,950
1649635200,18.83,18.84,18.62,18.75,1506
1649721600,18.92,18.99,18.81,18.89,1876
1649808000,18.97,19.01,18.93,18.98,1234
1649894400,18.94,18.95,18.8,18.92,1193
1650240000,19.11,19.14,18.95,18.98,1537
1650326400,18.83,18.88,18.65,18.69,1848
1650412800,18.68,18.78,18.64,18.78,1931
1650499200,18.67,18.75,18.59,18.71,1314
1650585600,18.57,18.66,18.48,18.55,1330
1650844800,18.21,18.25,18.14,18.21,2178
1650931200,18.3,18.33,18.19,18.23,1503
1651017600,18.13,18.15,18.04,18.09,1996
1651104000,18.08,18.19,18.06,18.19,1315
1651190400,18.31,18.36,18.17,18.18,1254
1651449600,17.84,17.96,17.79,17.86,2014
1651536000,17.88,18.01,17.87,17.91,1543
1651622400,17.93,18.14,17.85,18.09,1716
1651708800,18.26,18.26,17.96,18.01,1804
1651795200,18.03,18.15,17.98,18.03,1523
1652054400,17.91,17.92,17.76,17.77,1496
1652140800,17.87,17.88,17.61,17.61,2500
1652227200,17.73,17.82,17.7,17.77,1543
1652313600,17.69,17.72,17.46,17.49,1600
1652400000,17.31,17.44,17.28,17.36,1344
1652659200,17.32,17.52,17.31,17.51,1881
1652745600,17.52,17.53,17.39,17.4,1128
1652832000,17.38,17.5,17.35,17.41,982
1652918400,17.63,17.73,17.57,17.68,942
1653004800,17.65,17.71,17.57,17.69,814
1653264000,17.81,17.82,17.72,17.78,705
1653350400,17.83,17.94,17.83,17.9,1065
1653436800,17.76,17.8,17.66,17.8,957
1653523200,17.69,17.78,17.66,17.77,880
1653609600,17.84,17.84,17.76,17.77,504
1653955200,17.76,17.79,17.59,17.61,1104
1654041600,17.7,17.75,17.62,17.72,1249
1654128000,17.86,17.94,17.85,17.94,821
1654214400,17.84,17.89,17.71,17.76,746
1654473600,17.77,17.78,17.65,17.67,628
1654560000,17.7,17.8,17.69,17.79,583
1654646400,17.78,17.84,17.75,17.78,407
1654732800,17.74,17.75,17.64,17.72,674
1654819200,17.58,17.99,17.53,17.95,1560
1655078400,17.6,17.62,17.44,17.48,2771
1655164800,17.44,17.46,17.31,17.34,1721
1655251200,17.52,17.66,17.39,17.56,2062
1655337600,17.54,17.77,17.5,17.76,1526
1655424000,17.7,17.72,17.58,17.63,1182
1655769600,17.6,17.68,17.53,17.56,1062
1655856000,17.65,17.72,17.6,17.63,1191
1655942400,17.62,17.7,17.47,17.5,1260
1656028800,17.51,17.56,17.47,17.49,997
1656288000,17.54,17.56,17.46,17.47,856
1656374400,17.49,17.51,17.43,17.45,683
1656460800,17.55,17.56,17.41,17.44,1009
1656547200,17.43,17.47,17.3,17.32,1138
1656633600,17.2,17.35,17.18,17.3,1466
1656979200,17.2,17.21,16.91,16.94,1778
1657065600,16.91,16.93,16.6,16.68,2272
1657152000,16.71,16.77,16.67,16.69,1031
1657238400,16.7,16.8,16.65,16.71,883
1657497600,16.66,16.7,16.59,16.61,1056
1657584000,16.58,16.62,16.53,16.54,1407
1657670400,16.46,16.73,16.46,16.62,1493
1657756800,16.36,16.43,16.27,16.38,1345
1657843200,16.36,16.39,16.29,16.35,1116
1658102400,16.47,16.5,16.36,16.37,970
1658188800,16.41,16.45,16.39,16.41,690
1658275200,16.43,16.44,16.25,16.27,804
1658361600,16.29,16.49,16.29,16.49,1132
1658448000,16.51,16.67,16.49,16.53,912
1658707200,16.53,16.53,16.43,16.5,665
1658793600,16.49,16.51,16.44,16.48,577
1658880000,16.47,16.69,16.41,16.63,944
1658966400,16.81,16.84,16.76,16.83,829
1659052800,16.86,16.94,16.8,16.88,1909
1659312000,16.97,17.01,16.91,16.97,1683
1659398400,17.04,17.12,16.88,16.88,1308
1659484800,16.94,16.96,16.82,16.93,692
1659571200,17.02,17.21,17.01,17.19,830
1659657600,16.97,17.06,16.96,17.0,1204
1659916800,17.07,17.16,17.06,17.15,1027
1660003200,17.22,17.26,17.16,17.2,788
1660089600,17.22,17.28,17.14,17.17,1466
1660176000,17.2,17.24,17.11,17.12,772
1660262400,17.2,17.28,17.17,17.27,819
1660521600,17.08,17.1,17.02,17.05,694
1660608000,17.01,17.05,17.0,17.04,620
1660694400,16.99,16.99,16.86,16.92,989
1660780800,16.94,16.96,16.83,16.86,703
1660867200,16.84,16.84,16.73,16.75,1556
1661126400,16.63,16.68,16.6,16.63,954
1661212800,16.66,16.81,16.66,16.74,974
1661299200,16.71,16.84,16.7,16.79,1239
1661385600,16.86,16.87,16.79,16.85,761
1661472000,16.77,16.83,16.62,16.66,837
1661731200,16.65,16.73,16.64,16.67,698
1661817600,16.6,16.6,16.5,16.51,890
1661904000,16.42,16.51,16.38,16.39,876
1661990400,16.27,16.29,16.18,16.24,1261
1662076800,16.39,16.47,16.37,16.4,1229
1662422400,16.38,16.39,16.29,16.3,1149
1662508800,16.26,16.48,16.26,16.46,1323
1662595200,16.42,16.43,16.33,16.35,882
1662681600,16.45,16.5,16.41,16.44,1158
1662940800,16.58,16.63,16.52,16.52,1736
1663027200,16.3,16.39,16.3,16.33,2252
1663113600,16.33,16.36,16.23,16.26,1839
1663200000,16.14,16.2,15.91,15.96,3037
1663286400,15.91,16.11,15.88,16.04,2987
1663545600,15.94,16.06,15.93,16.05,2816
1663632000,15.95,15.97,15.91,15.95,2649
1663718400,16.05,16.18,15.85,16.04,2954
1663804800,16.08,16.1,15.98,16.02,2928
1663891200,15.83,15.84,15.71,15.74,1650
1664150400,15.77,15.8,15.54,15.57,2350
1664236800,15.67,15.71,15.59,15.59,2950
1664323200,15.77,15.94,15.74,15.91,2723
1664409600,15.86,15.96,15.76,15.91,2961
1664496000,15.95,16.05,15.91,15.92,725
1664755200,16.0,16.32,15.97,16.3,1979
1664841600,16.39,16.57,16.36,16.53,1617
1664928000,16.39,16.48,16.3,16.44,1271
1665014400,16.4,16.44,16.36,16.44,686
1665100800,16.31,16.36,16.23,16.25,821
1665360000,16.04,16.08,15.96,16.0,1018
1665446400,15.98,16.14,15.95,15.98,1346
1665532800,16.0,16.08,15.98,16.07,1080
1665619200,15.79,16.03,15.74,15.95,1950
1665705600,15.85,15.87,15.72,15.75,1103
1665964800,15.94,15.98,15.78,15.79,832
1666051200,15.86,15.86,15.78,15.82,818
1666137600,15.65,15.69,15.59,15.62,874
1666224000,15.64,15.78,15.57,15.59,857
1666310400,15.63,15.89,15.63,15.87,1501
1666569600,15.79,15.85,15.76,15.81,982
1666656000,15.83,15.92,15.83,15.85,1102
1666742400,15.93,16.03,15.93,15.95,1363
1666828800,15.92,15.96,15.88,15.94,613
1666915200,15.74,15.8,15.7,15.77,891
1667174400,15.72,15.74,15.63,15.64,659
1667260800,15.76,15.82,15.74,15.78,1130
1667347200,15.81,15.99,15.67,15.69,2001
1667433600,15.58,15.65,15.55,15.64,887
1667520000,16.02,16.12,15.98,16.11,1621
1667779200,16.09,16.12,16.04,16.04,757
1667865600,16.05,16.45,16.05,16.4,1608
1667952000,16.4,16.5,16.31,16.34,1076
1668038400,16.68,16.84,16.64,16.83,948
1668124800,16.88,16.95,16.82,16.93,724
1668384000,16.9,17.01,16.9,16.98,793
1668470400,17.01,17.1,16.94,17.04,1491
1668556800,17.03,17.06,16.96,17.0,801
1668643200,16.86,16.89,16.82,16.87,944
1668729600,16.82,16.84,16.74,16.75,664
1668988800,16.71,16.72,16.61,16.67,635
1669075200,16.71,16.74,16.64,16.67,365
1669161600,16.64,16.8,16.63,16.78,722
1669334400,16.76,16.82,16.75,16.79,270
1669593600,16.77,16.78,16.66,16.67,862
1669680000,16.75,16.85,16.74,16.75,562
1669766400,16.85,16.97,16.72,16.95,1332
1669852800,17.24,17.29,17.19,17.28,898
1669939200,17.11,17.25,17.06,17.22,794
1670198400,17.15,17.16,16.92,16.93,624
1670284800,17.01,17.04,16.93,16.97,702
1670371200,17.04,17.16,17.02,17.14,817
1670457600,17.16,17.2,17.1,17.15,704
1670544000,17.22,17.31,17.15,17.2,1336
1670803200,17.14,17.15,17.03,17.05,1854
1670889600,17.43,17.48,17.3,17.35,1441
1670976000,17.34,17.38,17.06,17.32,1652
1671062400,17.08,17.11,17.0,17.03,1811
1671148800,17.09,17.2,17.08,17.17,2593
1671408000,17.16,17.21,17.09,17.13,1564
1671494400,17.31,17.45,17.3,17.41,1875
1671580800,17.41,17.47,17.37,17.39,1370
1671667200,17.26,17.26,17.1,17.18,1215
1671753600,17.19,17.28,17.15,17.22,1491
1672099200,17.29,17.57,17.28,17.36,1473
1672185600,17.31,17.33,17.21,17.28,2158
1672272000,17.36,17.44,17.35,17.38,2629
1672358400,17.44,17.5,17.38,17.47,2628
1672704000,17.63,17.72,17.51,17.61,2241
1672790400,17.81,17.83,17.7,17.79,2713
1672876800,17.59,17.61,17.48,17.56,2700
1672963200,17.68,17.92,17.63,17.89,2773
1673222400,17.98,18.02,17.9,17.93,2683
1673308800,17.99,18.02,17.93,18.0,2314
1673395200,18.0,18.0,17.88,17.98,2327
1673481600,18.13,18.2,18.01,18.19,2635
1673568000,18.22,18.42,18.22,18.42,2396
1673913600,18.34,18.36,18.23,18.3,2160
1674000000,18.43,18.45,18.21,18.23,2752
1674086400,18.37,18.55,18.35,18.53,2474
1674172800,18.44,18.5,18.4,18.47,1314
1674432000,18.36,18.51,18.3,18.5,2447
1674518400,18.49,18.57,18.37,18.56,1573
1674604800,18.47,18.66,18.47,18.65,1880
1674691200,18.55,18.57,18.37,18.47,2005
1674777600,18.46,18.51,18.36,18.46,3422
1675036800,18.46,18.48,18.39,18.41,1633
1675123200,18.41,18.49,18.38,18.47,2117
1675209600,18.5,18.72,18.4,18.71,2580
1675296000,18.65,18.65,18.3,18.32,1631
1675382400,18.02,18.07,17.83,17.86,3052
1675641600,17.93,17.96,17.84,17.9,3491
1675728000,17.88,18.05,17.86,17.92,2093
1675814400,18.01,18.01,17.91,17.96,1691
1675900800,18.07,18.08,17.8,17.82,3730
1675987200,17.87,17.88,17.78,17.86,2467
1676246400,17.78,17.8,17.72,17.76,2616
1676332800,17.71,17.87,17.66,17.77,4215
1676419200,17.56,17.62,17.53,17.6,3672
1676505600,17.55,17.68,17.5,17.59,5142
1676592000,17.49,17.67,17.46,17.65,1643
1676937600,17.63,17.66,17.54,17.57,977
1677024000,17.6,17.6,17.47,17.47,994
1677110400,17.5,17.51,17.42,17.47,1124
1677196800,17.34,17.39,17.32,17.34,1034
1677456000,17.39,17.43,17.36,17.4,942
1677542400,17.38,17.54,17.37,17.49,1277
1677628800,17.6,17.68,17.56,17.6,1386
1677715200,17.56,17.61,17.55,17.6,1088
1677801600,17.66,17.78,17.62,17.77,1504
1678060800,17.74,17.76,17.67,17.69,1009
1678147200,17.55,17.56,17.36,17.37,1356
1678233600,17.4,17.47,17.36,17.37,766
1678320000,17.49,17.58,17.48,17.53,1214
1678406400,17.71,17.91,17.71,17.91,1531
1678665600,18.25,18.34,18.23,18.32,1639
1678752000,18.21,18.3,18.21,18.21,1418
1678838400,18.37,18.56,18.28,18.36,1588
1678924800,18.45,18.51,18.33,18.38,1253
1679011200,18.72,19.04,18.72,19.01,2132
1679270400,18.84,19.0,18.84,18.94,1131
1679356800,18.71,18.72,18.53,18.57,1866
1679443200,18.62,18.95,18.6,18.85,2020
1679529600,19.0,19.19,18.94,19.11,1493
1679616000,19.1,19.13,18.91,18.92,1227
1679875200,18.67,18.77,18.61,18.74,2003
1679961600,18.77,18.92,18.76,18.9,1178
1680048000,18.8,18.88,18.78,18.8,1231
1680134400,18.83,19.0,18.81,18.98,1459
1680220800,18.96,19.0,18.84,18.86,991
1680480000,18.95,19.06,18.89,19.01,2582
1680566400,19.03,19.39,19.02,19.36,2434
1680652800,19.41,19.45,19.25,19.34,2673
1680739200,19.26,19.3,19.16,19.22,1784
1681084800,19.07,19.1,18.98,19.07,1832
1681171200,19.15,19.22,19.13,19.18,1629
1681257600,19.33,19.33,19.17,19.29,1828
1681344000,19.54,19.62,19.47,19.54,1938
1681430400,19.37,19.42,19.08,19.2,1693
1681689600,19.16,19.16,18.97,19.11,1710
1681776000,19.09,19.27,19.07,19.19,1233
1681862400,19.0,19.12,18.99,19.09,2074
1681948800,19.18,19.27,19.14,19.19,1923
1682035200,19.05,19.13,18.88,18.99,1937
1682294400,18.96,19.07,18.9,19.04,1671
1682380800,19.04,19.18,18.99,19.15,1733
1682467200,19.22,19.22,18.99,19.04,1224
1682553600,18.95,19.06,18.9,19.03,1087
1682640000,19.03,19.1,18.98,19.04,3493
1682899200,19.18,19.19,18.95,18.96,1423
1682985600,19.03,19.34,19.02,19.33,1634
1683072000,19.33,19.5,19.26,19.49,1616
1683158400,19.46,19.72,19.46,19.62,2474
1683244800,19.24,19.33,19.15,19.32,1736
1683504000,19.35,19.44,19.32,19.34,1300
1683590400,19.38,19.51,19.38,19.47,1353
1683676800,19.47,19.54,19.36,19.46,1953
1683763200,19.41,19.46,19.26,19.28,1855
1683849600,19.31,19.36,19.23,19.25,1459
1684108800,19.3,19.36,19.27,19.3,963
1684195200,19.23,19.25,19.01,19.05,1718
1684281600,18.99,19.01,18.91,19.0,1460
1684368000,18.76,18.79,18.69,18.75,1540
1684454400,18.77,19.0,18.73,18.91,1530
1684713600,18.89,18.95,18.85,18.89,978
1684800000,18.84,18.94,18.81,18.9,995
1684886400,18.92,18.92,18.73,18.76,1107
1684972800,18.67,18.69,18.56,18.58,974
1685059200,18.65,18.68,18.56,18.64,1098
1685404800,18.72,18.79,18.67,18.76,788
1685491200,18.8,18.91,18.77,18.8,1117
1685577600,18.84,18.98,18.83,18.93,1019
1685664000,18.91,18.93,18.65,18.66,1152
1685923200,18.63,18.8,18.6,18.77,1271
1686009600,18.8,18.82,18.71,18.79,1042
1686096000,18.76,18.86,18.57,18.57,1647
1686182400,18.76,18.86,18.75,18.8,1068
1686268800,18.8,18.84,18.73,18.77,983
1686528000,18.74,18.76,18.66,18.76,943
1686614400,18.77,18.81,18.57,18.61,1395
1686700800,18.73,18.76,18.58,18.62,939
1686787200,18.59,18.77,18.58,18.76,1151
1686873600,18.75,18.81,18.7,18.72,1622
1687219200,18.56,18.56,18.47,18.53,1741
1687305600,18.46,18.55,18.37,18.5,2013
1687392000,18.38,18.44,18.3,18.31,1727
1687478400,18.51,18.54,18.35,18.36,1453
1687737600,18.46,18.46,18.39,18.41,984
1687824000,18.47,18.48,18.29,18.33,1121
1687910400,18.28,18.32,18.21,18.27,1028
1687996800,18.12,18.31,18.11,18.27,1448
1688083200,18.31,18.4,18.28,18.37,1721
1688342400,18.4,18.49,18.39,18.4,1033
1688515200,18.49,18.5,18.33,18.33,1361
1688601600,18.3,18.32,18.21,18.28,1857
1688688000,18.38,18.51,18.38,18.42,1095
1688947200,18.39,18.44,18.38,18.43,934
1689033600,18.5,18.52,18.46,18.5,1098
1689120000,18.67,18.76,18.67,18.75,1401
1689206400,18.75,18.78,18.71,18.76,1405
1689292800,18.72,18.78,18.67,18.72,1279
1689552000,18.65,18.73,18.62,18.71,1005
1689638400,18.84,18.99,18.8,18.92,1764
1689724800,18.91,18.94,18.85,18.93,1278
1689811200,18.94,18.95,18.81,18.84,1352
1689897600,18.78,18.81,18.74,18.78,1811
1690156800,18.79,18.81,18.69,18.71,1537
1690243200,18.74,18.81,18.69,18.8,1136
1690329600,18.83,18.93,18.8,18.89,1572
1690416000,18.72,18.72,18.59,18.6,1517
1690502400,18.71,18.79,18.69,18.75,1278
1690761600,18.81,18.88,18.79,18.79,1308
1690848000,18.65,18.7,18.57,18.6,1375
1690934400,18.61,18.63,18.49,18.51,1711
1691020800,18.5,18.55,18.46,18.51,1245
1691107200,18.58,18.63,18.54,18.58,1401
1691366400,18.57,18.57,18.49,18.53,1041
1691452800,18.42,18.48,18.4,18.42,1494
1691539200,18.42,18.45,18.33,18.33,1415
1691625600,18.37,18.43,18.3,18.31,1196
1691712000,18.32,18.38,18.3,18.3,849
1691971200,18.24,18.31,18.2,18.25,1149
1692057600,18.22,18.3,18.18,18.22,1472
1692144000,18.21,18.24,18.1,18.11,1732
1692230400,18.2,18.2,18.03,18.08,1413
1692316800,18.12,18.15,18.05,18.07,974
1692576000,18.13,18.14,18.04,18.14,1164
1692662400,18.12,18.17,18.07,18.16,799
1692748800,18.28,18.38,18.26,18.34,1096
1692835200,18.32,18.4,18.29,18.34,940
1692921600,18.31,18.39,18.21,18.32,1629
1693180800,18.32,18.43,18.3,18.37,1157
1693267200,18.36,18.56,18.35,18.55,1822
1693353600,18.63,18.65,18.59,18.59,1294
1693440000,18.6,18.61,18.55,18.57,789
1693526400,18.64,18.68,18.51,18.57,2909
1693872000,18.5,18.51,18.42,18.43,1111
1693958400,18.38,18.46,18.32,18.34,921
1694044800,18.39,18.4,18.34,18.36,733
1694131200,18.39,18.47,18.34,18.37,730
1694390400,18.46,18.47,18.38,18.4,1147
1694476800,18.26,18.33,18.25,18.3,837
1694563200,18.3,18.33,18.26,18.26,1104
1694649600,18.21,18.29,18.18,18.28,1099
1694736000,18.41,18.47,18.39,18.39,2832
1694995200,18.45,18.5,18.4,18.5,930
1695081600,18.51,18.53,18.46,18.48,858
1695168000,18.5,18.63,18.49,18.49,1058
1695254400,18.34,18.41,18.33,18.37,1063
1695340800,18.43,18.46,18.41,18.42,1110
1695600000,18.4,18.43,18.32,18.33,1280
1695686400,18.24,18.27,18.16,18.19,1254
1695772800,18.07,18.08,17.91,17.96,1364
1695859200,17.93,17.96,17.78,17.87,1030
1695945600,17.94,17.95,17.66,17.69,1391
1696204800,17.55,17.58,17.48,17.5,1652
1696291200,17.44,17.54,17.41,17.46,1342
1696377600,17.45,17.46,17.38,17.44,1424
1696464000,17.4,17.43,17.35,17.41,1186
1696550400,17.45,17.56,17.38,17.5,1360
1696809600,17.65,17.84,17.65,17.83,1071
1696896000,17.76,17.82,17.73,17.8,1690
1696982400,17.91,17.96,17.87,17.93,1005
1697068800,17.96,17.97,17.87,17.88,848
1697155200,18.26,18.47,18.23,18.44,1404
1697414400,18.34,18.4,18.31,18.35,857
1697500800,18.4,18.47,18.36,18.4,862
1697587200,18.66,18.78,18.54,18.65,1696
1697673600,18.68,18.92,18.65,18.9,1197
1697760000,18.92,19.11,18.89,18.95,2621
1698019200,18.92,18.94,18.85,18.88,1389
1698105600,18.78,18.92,18.74,18.87,1780
1698192000,18.92,19.01,18.78,18.95,1817
1698278400,18.92,19.03,18.87,18.98,1481
1698364800,18.96,19.23,18.93,19.21,1375
1698624000,19.12,19.14,19.05,19.09,871
1698710400,19.17,19.18,18.93,18.98,1311
1698796800,19.05,19.06,18.85,18.91,1065
1698883200,18.97,19.01,18.93,18.99,725
1698969600,19.03,19.1,19.02,19.07,806
1699228800,18.99,19.0,18.91,18.91,643
1699315200,18.8,18.85,18.75,18.83,745
1699401600,18.78,18.78,18.63,18.65,1175
1699488000,18.67,18.8,18.66,18.73,1425
1699574400,18.63,18.64,18.49,18.53,1066
1699833600,18.5,18.65,18.48,18.61,1237
1699920000,18.74,18.85,18.74,18.78,1105
1700006400,18.78,18.8,18.71,18.74,1432
1700092800,18.86,19.02,18.86,18.95,1107
1700179200,18.98,18.99,18.92,18.95,1367
1700438400,18.81,18.93,18.8,18.92,1168
1700524800,19.15,19.2,19.09,19.12,2276
1700611200,19.13,19.17,19.01,19.04,907
1700784000,19.14,19.16,19.1,19.14,567
1701043200,19.24,19.28,19.19,19.28,1244
1701129600,19.4,19.54,19.35,19.54,1606
1701216000,19.52,19.6,19.5,19.55,1878
1701302400,19.49,19.53,19.43,19.48,1332
1701388800,19.47,19.84,19.47,19.81,2019
1701648000,19.56,19.64,19.33,19.38,2267
1701734400,19.35,19.38,19.23,19.31,1026
1701820800,19.43,19.45,19.35,19.37,1106
1701907200,19.45,19.46,19.32,19.4,1051
1701993600,19.18,19.27,19.08,19.16,1208
1702252800,19.03,19.04,18.9,18.94,1241
1702339200,18.97,18.99,18.91,18.93,857
1702425600,18.96,19.36,18.92,19.36,1361
1702512000,19.48,19.59,19.4,19.47,1327
1702598400,19.45,19.5,19.27,19.3,1646
1702857600,19.34,19.45,19.32,19.38,1411
1702944000,19.41,19.58,19.41,19.52,934
1703030400,19.46,19.5,19.41,19.41,1240
1703116800,19.53,19.57,19.47,19.56,1009
1703203200,19.77,19.8,19.61,19.64,1116
1703548800,19.7,19.79,19.65,19.78,869
1703635200,19.79,19.94,19.77,19.87,1108
1703721600,19.84,19.9,19.75,19.77,1692
1703808000,19.7,19.78,19.69,19.74,1450
1704153600,19.76,19.8,19.67,19.68,2254
1704240000,19.48,19.59,19.42,19.51,3142
1704326400,19.51,19.58,19.47,19.54,2243
1704412800,19.57,19.73,19.51,19.54,2183
1704672000,19.32,19.48,19.3,19.38,1693
1704758400,19.47,19.48,19.37,19.39,1552
1704844800,19.41,19.45,19.32,19.35,1164
1704931200,19.4,19.46,19.25,19.39,1796
1705017600,19.67,19.73,19.52,19.57,1702
1705363200,19.51,19.53,19.35,19.4,1734
1705449600,19.33,19.34,19.14,19.18,1729
1705536000,19.23,19.35,19.23,19.33,1467
1705622400,19.43,19.43,19.35,19.39,1593
1705881600,19.32,19.38,19.28,19.33,1634
1705968000,19.35,19.42,19.33,19.39,1330
1706054400,19.43,19.43,19.23,19.25,1326
1706140800,19.34,19.37,19.25,19.32,1338
1706227200,19.33,19.33,19.27,19.31,1603
1706486400,19.44,19.46,19.32,19.44,1211
1706572800,19.58,19.6,19.41,19.48,1264
1706659200,19.55,19.66,19.42,19.45,1914
1706745600,19.58,19.75,19.52,19.65,2083
1706832000,19.42,19.5,19.39,19.47,2693
1707091200,19.29,19.39,19.27,19.37,1443
1707177600,19.4,19.5,19.38,19.47,1708
1707264000,19.45,19.55,19.44,19.47,1716
1707350400,19.4,19.46,19.39,19.44,1523
1707436800,19.35,19.38,19.31,19.36,1237
1707696000,19.27,19.33,19.23,19.31,1637
1707782400,19.13,19.13,19.02,19.05,1744
1707868800,19.02,19.09,18.97,19.04,1766
1707955200,19.16,19.2,19.1,19.16,1452
1708041600,19.1,19.28,19.08,19.24,1324
1708387200,19.39,19.41,19.34,19.35,1128
1708473600,19.39,19.41,19.32,19.36,1552
1708560000,19.35,19.37,19.31,19.36,1099
1708646400,19.37,19.52,19.35,19.46,1302
1708905600,19.37,19.45,19.36,19.43,1103
1708992000,19.46,19.47,19.4,19.41,941
1709078400,19.44,19.46,19.41,19.44,953
1709164800,19.58,19.61,19.53,19.53,1214
1709251200,19.64,19.97,19.55,19.93,1141
1709510400,20.04,20.27,20.01,20.23,1551
1709596800,20.38,20.46,20.3,20.35,1960
1709683200,20.45,20.58,20.39,20.52,2008
1709769600,20.61,20.66,20.53,20.65,1603
1709856000,20.74,20.99,20.69,20.82,1566
1710115200,20.86,20.9,20.81,20.86,1634
1710201600,20.66,20.72,20.56,20.64,2193
1710288000,20.72,20.84,20.71,20.78,1237
1710374400,20.67,20.7,20.58,20.67,2004
1710460800,20.66,20.71,20.6,20.63,1291
1710720000,20.65,20.67,20.6,20.65,1259
1710806400,20.57,20.63,20.56,20.63,1133
1710892800,20.65,20.93,20.59,20.89,2837
1710979200,20.81,20.88,20.71,20.86,2320
1711065600,20.78,20.8,20.62,20.69,2129
1711324800,20.81,20.83,20.75,20.76,892
1711411200,20.86,20.87,20.76,20.82,1425
1711497600,20.96,20.98,20.92,20.97,1337
1711584000,21.1,21.27,21.1,21.22,1505
1711929600,21.55,21.55,21.3,21.47,2967
1712016000,21.59,21.79,21.52,21.77,3023
1712102400,21.74,21.98,21.72,21.97,2912
1712188800,21.89,22.04,21.8,21.84,4937
1712275200,21.92,22.28,21.91,22.21,3176
1712534400,22.3,22.39,22.16,22.36,3064
1712620800,22.5,22.6,22.35,22.48,3246
1712707200,22.23,22.49,22.17,22.27,4130
1712793600,22.39,22.7,22.29,22.68,3100
1712880000,22.91,23.24,22.31,22.39,6452
1713139200,22.51,22.83,22.22,22.81,5469
1713225600,22.73,22.92,22.59,22.85,4468
1713312000,22.84,22.9,22.57,22.68,4087
1713398400,22.85,22.87,22.65,22.75,4773
1713484800,22.77,22.96,22.73,22.82,4186
1713744000,22.33,22.4,22.22,22.27,3769
1713830400,22.09,22.29,22.08,22.19,3449
1713916800,22.18,22.33,22.14,22.16,2370
1714003200,22.15,22.42,22.13,22.3,3316
1714089600,22.39,22.41,22.26,22.36,1834
1714348800,22.3,22.43,22.23,22.33,2531
1714435200,22.03,22.11,21.87,21.89,3698
1714521600,21.99,22.25,21.95,22.07,4208
1714608000,21.89,22.07,21.84,22.01,2420
1714694400,21.98,22.02,21.76,21.98,3952
1714953600,22.21,22.29,22.16,22.22,2401
1715040000,22.15,22.2,22.09,22.13,2300
1715126400,22.06,22.19,22.05,22.05,2131
1715212800,22.15,22.41,22.14,22.4,3071
1715299200,22.64,22.68,22.52,22.59,3263
1715558400,22.42,22.45,22.29,22.33,1812
1715644800,22.45,22.55,22.42,22.52,2410
1715731200,22.62,22.85,22.48,22.81,2971
1715817600,22.75,22.78,22.66,22.73,1895
1715904000,22.96,23.12,22.9,23.09,3451
1716163200,23.11,23.3,23.04,23.19,3644
1716249600,23.2,23.26,23.1,23.16,3195
1716336000,23.04,23.05,22.69,22.73,4441
1716422400,22.59,22.64,22.27,22.28,3968
1716508800,22.41,22.43,22.28,22.3,2234
1716854400,22.56,22.58,22.44,22.53,2423
1716940800,22.41,22.43,22.32,22.33,2869
1717027200,22.38,22.47,22.35,22.37,2878
1717113600,22.5,22.5,22.18,22.24,3046
1717372800,22.3,22.5,22.27,22.44,2451
1717459200,22.32,22.33,22.12,22.23,3239
1717545600,22.38,22.53,22.31,22.49,2944
1717632000,22.56,22.72,22.53,22.67,2717
1717718400,22.22,22.23,21.85,21.85,3954
1717977600,22.02,22.11,21.98,22.06,2053
1718064000,22.09,22.14,22.03,22.13,1592
1718150400,22.36,22.36,22.12,22.18,2858
1718236800,22.15,22.2,21.92,22.01,3033
1718323200,22.24,22.32,22.2,22.28,2635
1718582400,22.2,22.24,22.07,22.17,1934
1718668800,22.15,22.3,22.12,22.27,2484
1718841600,22.35,22.6,22.33,22.53,3155
1718928000,22.49,22.51,22.13,22.18,3448
1719187200,22.28,22.31,22.23,22.28,2068
1719273600,22.21,22.24,22.12,22.17,2291
1719360000,21.94,22.02,21.92,21.97,2416
1719446400,22.18,22.26,22.16,22.22,1796
1719532800,22.28,22.3,22.19,22.22,2190
1719792000,22.25,22.3,22.16,22.27,1892
1719878400,22.25,22.32,22.17,22.27,1834
1719964800,22.46,22.6,22.46,22.46,2114
1720137600,22.69,22.86,22.69,22.83,3421
1720396800,22.68,22.73,22.46,22.53,3288
1720483200,22.58,22.65,22.45,22.58,3450
1720569600,22.75,22.8,22.64,22.66,3111
1720656000,23.0,23.16,22.89,23.06,3974
1720742400,22.96,23.11,22.92,23.04,2738
1721001600,23.08,23.31,23.04,23.13,3114
1721088000,23.3,23.6,23.28,23.59,3227
1721174400,23.64,23.73,23.42,23.49,2538
1721260800,23.53,23.59,23.31,23.33,2373
1721347200,22.89,23.01,22.88,22.91,2727
1721606400,22.9,22.94,22.77,22.92,2632
1721692800,22.97,23.02,22.92,23.0,1744
1721779200,23.1,23.24,22.91,22.92,2331
1721865600,22.63,22.64,22.47,22.56,2461
1721952000,22.73,22.84,22.71,22.8,2172
1722211200,22.87,22.88,22.65,22.77,3015
1722297600,22.88,23.03,22.77,22.99,3179
1722384000,23.12,23.42,23.11,23.42,3712
1722470400,23.43,23.51,23.25,23.32,3938
1722556800,23.57,23.64,23.03,23.28,3044
1722816000,22.78,23.06,22.75,23.0,4432
1722902400,22.89,22.95,22.74,22.8,2147
1722988800,22.94,22.97,22.78,22.8,3629
1723075200,23.01,23.17,22.99,23.15,2644
1723161600,23.24,23.27,23.13,23.2,3078
1723420800,23.36,23.62,23.36,23.61,2434
1723507200,23.57,23.66,23.52,23.57,1971
1723593600,23.4,23.51,23.29,23.37,2814
1723680000,23.4,23.51,23.27,23.45,3300
1723766400,23.76,23.97,23.66,23.95,2464
1724025600,23.79,23.95,23.74,23.93,2665
1724112000,24.16,24.18,23.88,24.02,2788
1724198400,23.94,24.07,23.83,23.99,2770
1724284800,23.8,23.8,23.58,23.71,2460
1724371200,23.88,24.05,23.82,23.98,3239
1724630400,24.11,24.13,23.98,24.06,2309
1724716800,23.95,24.14,23.94,24.11,2064
1724803200,23.98,23.98,23.85,23.95,2120
1724889600,23.97,24.15,23.97,24.07,2269
1724976000,24.02,24.07,23.83,23.9,2787
1725321600,23.8,23.82,23.62,23.81,2486
1725408000,23.75,23.87,23.7,23.81,2183
1725494400,24.05,24.06,23.9,24.0,1513
1725580800,23.97,24.04,23.73,23.83,2482
1725840000,23.9,23.93,23.81,23.93,1070
1725926400,24.01,24.05,23.88,24.04,1125
1726012800,23.92,24.06,23.88,24.0,1193
1726099200,24.25,24.43,24.23,24.42,1375
1726185600,24.61,24.69,24.58,24.67,2059
1726444800,24.68,24.73,24.6,24.66,1548
1726531200,24.6,24.66,24.45,24.53,2335
1726617600,24.62,24.83,24.32,24.34,2193
1726704000,24.62,24.76,24.53,24.71,2293
1726790400,24.93,25.07,24.85,25.03,2213
1727049600,25.11,25.17,25.07,25.07,1868
1727136000,25.15,25.44,25.13,25.43,1867
1727222400,25.44,25.47,25.3,25.4,2713
1727308800,25.48,25.56,25.34,25.53,2790
1727395200,25.45,25.5,25.24,25.32,2521
1727654400,25.21,25.22,25.06,25.12,2098
1727740800,25.34,25.52,25.33,25.38,2902
1727827200,25.39,25.41,25.22,25.39,1879
1727913600,25.3,25.42,25.19,25.37,2440
1728000000,25.31,25.49,25.22,25.32,3623
1728259200,25.27,25.3,25.2,25.23,1576
1728345600,25.2,25.22,24.88,25.04,2719
1728432000,24.93,24.99,24.87,24.91,1965
1728518400,24.99,25.11,24.97,25.09,2253
1728604800,25.28,25.42,25.27,25.36,2120
1728864000,25.33,25.41,25.24,25.33,1515
1728950400,25.32,25.48,25.28,25.41,1827
1729036800,25.6,25.65,25.46,25.54,2031
1729123200,25.61,25.74,25.6,25.7,2659
1729209600,25.84,25.99,25.83,25.96,2325
1729468800,26.13,26.17,25.91,25.97,3773
1729555200,26.16,26.25,26.1,26.24,2760
1729641600,26.15,26.16,25.86,25.93,2690
1729728000,26.18,26.19,25.99,26.12,2811
1729814400,26.06,26.2,26.03,26.18,1542
1730073600,26.15,26.22,26.15,26.18,1899
1730160000,26.29,26.49,26.29,26.47,2552
1730246400,26.53,26.64,26.45,26.62,2344
1730332800,26.42,26.42,26.08,26.21,2503
1730419200,26.29,26.34,26.1,26.1,2786
1730678400,26.18,26.21,26.08,26.14,1841
1730764800,26.23,26.25,26.09,26.19,1515
1730851200,25.39,25.57,25.32,25.4,3238
1730937600,25.65,25.86,25.65,25.81,2674
1731024000,25.74,25.77,25.61,25.64,2221
1731283200,25.09,25.09,24.92,25.04,2879
1731369600,24.94,24.97,24.75,24.82,2742
1731456000,24.94,24.96,24.57,24.57,5196
1731542400,24.46,24.59,24.41,24.51,2522
1731628800,24.57,24.59,24.43,24.46,2015
1731888000,24.86,24.96,24.86,24.92,1320
1731974400,25.1,25.15,25.02,25.14,1670
1732060800,25.19,25.34,25.18,25.29,2402
1732147200,25.46,25.52,25.4,25.5,2262
1732233600,25.65,25.88,25.63,25.83,2398
1732492800,25.23,25.26,24.97,25.07,3955
1732579200,25.09,25.13,24.98,25.12,2588
1732665600,25.32,25.34,25.14,25.17,2560
1732838400,25.35,25.41,25.3,25.39,1397
1733097600,25.27,25.29,25.14,25.17,3482
1733184000,25.33,25.34,25.16,25.22,2933
1733270400,25.32,25.36,25.27,25.3,2485
1733356800,25.25,25.27,25.04,25.11,3143
1733443200,25.1,25.21,25.07,25.12,2909
1733702400,25.46,25.55,25.36,25.37,2208
1733788800,25.63,25.73,25.62,25.69,2083
1733875200,25.78,25.98,25.74,25.94,2885
1733961600,25.62,25.67,25.53,25.57,3247
1734048000,25.4,25.43,25.26,25.27,3234
1734307200,25.37,25.39,25.28,25.32,1647
1734393600,25.2,25.28,25.15,25.23,2246
1734480000,25.18,25.2,24.7,24.75,2908
1734566400,24.78,24.82,24.69,24.78,2606
1734652800,24.96,25.11,24.94,25.04,2408
1734912000,24.99,24.99,24.89,24.91,2015
1734998400,24.96,24.99,24.9,24.97,858
1735171200,25.06,25.19,25.05,25.14,2325
1735257600,24.95,25.02,24.93,24.96,1977
1735516800,24.92,24.92,24.78,24.89,2042
1735603200,24.93,25.08,24.93,25.03,2332
1735776000,25.26,25.4,25.24,25.38,3689
1735862400,25.3,25.31,25.17,25.19,2627
1736121600,25.07,25.22,25.03,25.14,3351
1736208000,25.4,25.42,25.22,25.3,3276
1736294400,25.42,25.49,25.29,25.42,3253
1736467200,25.67,25.76,25.61,25.69,4234
1736726400,25.47,25.52,25.35,25.41,3356
1736812800,25.41,25.55,25.39,25.55,2596
1736899200,25.68,25.74,25.55,25.73,3013
1736985600,25.88,26.0,25.87,25.91,2549
1737072000,25.84,25.94,25.77,25.78,2150
1737417600,26.06,26.22,26.05,26.17,2965
1737504000,26.29,26.34,26.25,26.31,2654
1737590400,26.19,26.33,26.15,26.28,2557
1737676800,26.48,26.59,26.44,26.45,2814
1737936000,26.25,26.29,26.06,26.16,2991
1738022400,26.28,26.41,26.25,26.39,1824
1738108800,26.31,26.36,26.2,26.3,3498
1738195200,26.59,26.73,26.52,26.69,3037
1738281600,26.77,26.89,26.67,26.74,3874
1738540800,26.86,27.05,26.85,26.88,4041
1738627200,27.08,27.17,27.04,27.16,3225
1738713600,27.36,27.52,27.3,27.31,4256
1738800000,27.26,27.28,27.05,27.27,3123
1738886400,27.44,27.56,27.24,27.3,4864
1739145600,27.73,27.8,27.64,27.75,3384
1739232000,27.69,27.76,27.59,27.65,3825
1739318400,27.64,27.76,27.55,27.69,3331
1739404800,27.77,27.96,27.76,27.95,3555
1739491200,27.93,27.95,27.45,27.54,4333
1739836800,27.88,28.03,27.88,27.99,1483
1739923200,28.02,28.07,27.85,28.02,3058
1740009600,27.95,28.11,27.95,28.02,2485
1740355200,28.08,28.17,27.97,28.16,2334
1740441600,27.71,27.8,27.57,27.79,1976
1740528000,27.62,27.84,27.6,27.83,2394
1740614400,27.56,27.58,27.35,27.42,2805
1740700800,27.16,27.25,27.02,27.25,3289
1740960000,27.42,27.61,27.42,27.59,4011
1741046400,27.83,27.87,27.68,27.84,2808
1741132800,27.72,27.96,27.72,27.89,2905
1741219200,27.75,27.88,27.75,27.75,3108
1741305600,27.84,27.96,27.7,27.76,2632
1741564800,27.69,27.77,27.48,27.52,3402
1741651200,27.78,27.89,27.77,27.85,1492
1741737600,27.77,28.07,27.77,27.97,3001
1741824000,28.09,28.48,28.09,28.46,2761
1741910400,28.58,28.59,28.42,28.47,2325
1742169600,28.51,28.64,28.5,28.63,2973
1742256000,28.96,29.0,28.86,28.96,2937
1742342400,28.96,29.12,28.87,29.08,2939
1742428800,28.91,29.07,28.91,29.05,2497
1742515200,28.9,28.9,28.62,28.81,2272
1742774400,28.86,28.87,28.65,28.68,2140
1742860800,28.85,28.97,28.8,28.81,2215
1742947200,28.86,28.86,28.75,28.78,1449
1743033600,29.02,29.18,28.94,29.17,2854
1743120000,29.38,29.45,29.27,29.39,2645
1743379200,29.75,29.84,29.58,29.81,2769
1743465600,29.9,29.92,29.58,29.75,2292
1743552000,29.83,29.9,29.74,29.81,2703
1743638400,29.24,29.91,29.23,29.64,3777
1743984000,28.84,28.98,28.22,28.4,3974
1744070400,28.75,28.79,28.38,28.47,3025
1744156800,29.19,29.57,29.09,29.51,4736
1744243200,29.88,30.3,29.72,30.25,3248
1744329600,30.82,30.96,30.72,30.83,3642
1744588800,30.56,30.69,30.48,30.66,2732
1744675200,30.73,30.84,30.64,30.82,1637
1744761600,31.51,31.88,31.44,31.82,3379
1744848000,31.7,31.78,31.32,31.67,3037
1745193600,32.59,32.73,32.49,32.67,3268
1745280000,32.85,32.86,32.12,32.19,3416
1745366400,31.48,31.53,31.1,31.42,2545
1745452800,31.78,31.92,31.54,31.88,2269
1745539200,31.23,31.59,31.15,31.52,3320
1745798400,31.47,31.99,31.36,31.98,2302
1745884800,31.64,31.76,31.48,31.68,2241
1745971200,31.53,31.67,31.41,31.44,2247
1746057600,30.77,30.81,30.57,30.79,2407
1746144000,31.07,31.13,30.74,30.83,2362
1746403200,31.66,31.83,31.53,31.76,2455
1746489600,32.4,32.66,32.23,32.65,3423
1746576000,32.3,32.41,32.1,32.16,1910
1746662400,32.05,32.13,31.37,31.53,1573
1746748800,31.86,31.93,31.67,31.75,2226
1747008000,30.87,30.99,30.72,30.86,3115
1747094400,30.95,31.08,30.77,30.99,2849
1747180800,30.39,30.5,30.22,30.35,4022
1747267200,30.44,30.82,30.39,30.82,3490
1747353600,30.3,30.48,30.2,30.45,2559
1747612800,30.81,30.9,30.69,30.85,2277
1747699200,30.89,31.42,30.88,31.42,3581
1747785600,31.52,31.71,31.43,31.65,4045
1747872000,31.57,31.59,31.28,31.37,2349
1747958400,31.97,32.11,31.83,32.07,3210
1748304000,31.44,31.55,31.34,31.54,2529
1748390400,31.53,31.56,31.37,31.45,2953
1748476800,31.64,31.76,31.51,31.64,2446
1748563200,31.42,31.46,31.22,31.43,2878
1748822400,32.0,32.27,31.96,32.26,3319
1748908800,32.04,32.04,31.79,31.97,2501
1748995200,32.03,32.28,31.96,32.18,2766
1749081600,32.23,32.31,31.84,32.02,2580
1749168000,31.99,32.0,31.58,31.59,2578
1749427200,31.61,31.85,31.58,31.74,2381
1749513600,31.91,31.95,31.66,31.74,2409
1749600000,31.82,31.94,31.66,31.92,2300
1749686400,32.26,32.41,32.21,32.31,2275
1749772800,32.83,32.87,32.61,32.74,2393
1750032000,32.58,32.59,32.26,32.27,1714
1750118400,32.36,32.39,32.11,32.28,2780
1750204800,32.39,32.39,32.08,32.11,2240
1750377600,32.02,32.19,32.02,32.1,1749
1750636800,32.13,32.37,32.13,32.21,1970
1750723200,31.58,31.72,31.43,31.69,2228
1750809600,31.6,31.81,31.59,31.8,2017
1750896000,31.65,31.81,31.56,31.76,1339
1750982400,31.07,31.31,31.05,31.19,2464
1751241600,31.31,31.55,31.27,31.54,2172
1751328000,31.93,31.98,31.82,31.83,2987
1751414400,31.88,32.02,31.78,32.02,1830
1751500800,31.78,31.84,31.69,31.79,977
1751846400,31.59,31.86,31.54,31.82,1746
1751932800,31.71,31.73,31.35,31.49,3196
1752019200,31.43,31.64,31.4,31.62,1767
1752105600,31.69,31.73,31.57,31.7,1840
1752192000,31.96,32.12,31.94,32.0,2383
1752451200,32.0,32.03,31.86,31.89,1707
1752537600,31.86,31.96,31.66,31.75,2054
1752624000,31.79,32.21,31.65,31.92,3120
1752710400,31.63,31.86,31.59,31.84,1713
1752796800,32.02,32.03,31.92,31.92,1684
1753056000,32.3,32.44,32.27,32.41,1871
1753142400,32.56,32.74,32.47,32.73,2030
1753228800,32.51,32.61,32.24,32.32,2846
1753315200,32.02,32.19,32.0,32.13,1348
1753401600,31.87,31.92,31.71,31.83,1881
1753660800,31.74,31.74,31.48,31.63,1683
1753747200,31.66,31.79,31.58,31.7,1480
1753833600,31.51,31.54,31.16,31.17,1531
1753920000,31.54,31.54,31.36,31.37,1800
1754006400,31.95,32.05,31.84,32.01,2386
1755043200,32.01,32.13,31.94,32.02,1840
1755129600,31.89,31.93,31.74,31.82,1938
1755216000,31.84,31.89,31.78,31.84,1596
1755475200,31.87,31.87,31.76,31.79,1264
1755561600,31.76,31.83,31.61,31.61,1684
1755648000,31.85,31.95,31.84,31.93,1916
1755734400,31.89,31.91,31.8,31.82,1903
1755820800,31.74,32.21,31.74,32.15,1870
1756080000,32.08,32.18,32.08,32.09,1329
1756166400,32.17,32.34,32.14,32.32,2036
1756252800,32.25,32.4,32.19,32.38,2434
1756339200,32.45,32.63,32.43,32.62,2347
1756425600,32.59,32.93,32.59,32.93,3051
1756771200,33.23,33.75,33.17,33.72,3132
1756857600,33.97,34.11,33.84,33.98,2593
1756944000,33.87,33.92,33.7,33.84,3466
1757030400,34.14,34.32,34.08,34.28,2712
1757289600,34.57,34.76,34.52,34.67,2365
1757376000,34.9,35.03,34.58,34.6,3224
1757462400,34.77,34.86,34.66,34.72,2163
1757548800,34.53,34.71,34.49,34.67,3675
1757635200,34.78,34.83,34.72,34.74,2837
1757894400,34.83,35.13,34.82,35.09,2437
1757980800,35.22,35.3,35.07,35.17,2097
1758067200,35.06,35.34,34.76,34.91,4487
1758153600,34.83,34.83,34.59,34.76,2339
1758240000,34.86,35.14,34.84,35.13,3112
1758499200,35.46,35.75,35.44,35.73,3354
1758585600,36.08,36.12,35.77,35.89,4195
1758672000,35.91,35.92,35.44,35.56,3221
1758758400,35.67,35.81,35.48,35.7,2845
1758844800,35.83,36.07,35.77,35.9,3140
1759104000,36.43,36.54,36.39,36.5,2657
1759190400,36.37,36.82,36.35,36.8,2645
1759276800,36.92,36.98,36.75,36.88,2542
1759363200,37.11,37.14,36.4,36.75,2998
1759449600,37.0,37.09,36.87,37.04,2631
1759708800,37.5,37.83,37.44,37.75,2607
1759795200,37.97,38.04,37.76,37.94,3382
1759881600,38.5,38.7,38.39,38.56,5254
1759968000,38.65,38.66,37.59,37.85,4162
1760054400,38.05,38.34,37.87,38.25,2916
1760313600,39.01,39.24,38.91,39.17,3294
1760400000,39.18,39.6,39.15,39.48,3108
1760486400,39.99,40.16,39.86,40.13,3071
1760572800,40.52,41.1,40.45,41.06,3700
1760659200,41.15,41.16,39.91,40.27,9594
1760918400,41.18,41.77,40.93,41.73,3758
1761004800,40.05,40.28,38.92,39.16,6564
1761091200,38.61,39.2,38.22,39.1,6739
1761177600,39.5,39.59,39.22,39.24,2449
1761264000,39.21,39.45,39.06,39.11,2678
1761523200,38.44,38.48,37.86,38.03,3728
1761609600,37.48,37.84,37.31,37.74,4390
1761696000,38.3,38.33,37.45,37.6,4452
1761782400,37.82,38.37,37.78,38.35,2460
1761868800,38.39,38.39,37.87,38.13,2710
1762128000,38.2,38.41,38.08,38.22,2645
1762214400,37.66,37.89,37.45,37.54,1878
1762300800,37.96,38.03,37.79,37.98,2070
1762387200,38.04,38.15,37.8,37.94,1927
1762473600,38.11,38.38,37.97,38.16,2502
1762732800,38.95,39.23,38.85,39.19,2278
1762819200,39.36,39.41,39.06,39.36,2369
1762905600,39.39,40.15,39.32,40.0,2107
1762992000,40.12,40.21,39.51,39.67,2427
1763078400,38.61,39.17,38.44,38.95,2700
1763337600,38.75,38.9,38.18,38.5,4912
1763424000,38.83,38.91,38.52,38.79,2516
1763510400,39.12,39.38,38.65,38.85,4226
1763596800,38.88,39.13,38.53,38.85,3426
1763683200,38.75,39.08,38.65,38.77,3154
1763942400,38.83,39.4,38.78,39.39,3098
1764028800,39.42,39.63,39.18,39.38,2886
1764115200,39.48,39.76,39.43,39.7,3539
1764288000,39.98,40.18,39.9,40.18,1843
1764547200,40.48,40.48,40.22,40.38,5102
1764633600,40.28,40.3,39.69,40.12,3813
1764720000,40.26,40.42,39.98,40.09,3305
1764806400,40.1,40.21,39.95,40.12,2188
1764892800,40.32,40.6,40.02,40.04,3300
1765152000,40.12,40.13,39.8,39.94,3142
1765238400,39.96,40.23,39.94,40.14,2949
1765324800,39.99,40.39,39.85,40.32,4915
1765411200,40.32,40.83,40.27,40.74,4101
1765497600,41.37,41.48,40.58,40.98,5039
1765756800,41.22,41.31,40.84,41.02,2997
1765843200,41.23,41.32,40.9,41.02,3625
1765929600,41.26,41.45,41.18,41.38,3760
1766016000,41.27,41.68,41.04,41.3,3902
1766102400,41.24,41.51,41.16,41.35,3540
1766361600,42.18,42.32,42.05,42.3,3202
1766448000,42.5,42.86,42.2,42.85,3751
1766534400,42.72,42.76,42.37,42.68,2237
1766707200,43.17,43.36,42.99,43.19,2835
1766966400,41.82,41.82,41.01,41.31,4897
1767052800,41.84,41.84,41.33,41.37,4435
1767139200,41.31,41.47,40.99,41.07,3911
1767312000,41.63,41.63,41.07,41.27,4362
1767571200,42.12,42.45,42.09,42.35,4369
1767657600,42.55,42.85,42.53,42.82,3387
1767744000,42.34,42.57,42.16,42.42,2711
1767830400,42.18,42.66,42.12,42.66,2724
1767916800,42.82,43.03,42.69,42.95,2840
1768176000,43.69,44.12,43.69,43.77,3014
1768262400,44.02,44.16,43.55,43.7,3748
1768348800,44.16,44.23,43.84,44.15,3756
1768435200,43.85,44.06,43.82,43.87,3083
1768521600,43.82,44.02,43.25,43.66,3608
1768867200,45.26,45.41,45.0,45.33,3666
1768953600,46.3,46.42,45.33,45.99,6145
1769040000,46.0,46.95,45.98,46.85,4028
1769126400,47.06,47.55,47.01,47.47,2892
1769385600,48.38,48.64,47.72,48.16,6522
1769472000,48.23,49.38,48.1,49.34,5306
1769558400,50.11,51.38,49.89,51.24,9979
1769644800,52.82,52.84,48.55,51.4,31743
1769731200,48.33,48.71,44.65,46.27,33315
1769990400,44.98,45.69,43.81,44.34,16112
1770076800,46.92,47.58,46.51,47.08,12262
1770163200,47.96,47.99,46.23,47.05,13910
1770249600,45.98,46.74,45.66,45.83,10269
1770336000,46.66,47.35,46.65,47.19,5735
1770595200,47.83,48.46,47.77,48.39,3424
1770681600,48.3,48.37,47.63,47.93,3475
1770768000,48.3,48.58,47.99,48.46,4400
1770854400,48.19,48.33,46.47,46.8,9689
1770940800,47.66,48.08,47.3,47.95,5114
1771286400,46.64,46.79,46.2,46.48,5361
1771372800,47.26,47.73,47.25,47.49,2060
1771459200,47.39,47.84,47.28,47.64,1688
1771545600,47.99,48.58,47.51,48.57,4484
1771804800,49.22,49.9,49.22,49.9,3118
1771891200,48.73,49.29,48.7,49.2,2597
1771977600,49.33,49.7,49.03,49.08,2528
1772064000,49.23,49.46,48.87,49.31,2193
1772150400,49.83,50.16,49.68,50.15,2738
1772409600,50.81,51.02,50.11,50.8,6289
1772496000,48.98,49.05,47.58,48.53,14351
1772582400,49.2,49.38,48.67,48.91,4449
1772668800,48.77,48.8,48.11,48.35,5264
1772755200,48.63,49.29,48.43,49.09,3994
1773014400,48.52,49.0,48.2,48.98,2695
1773100800,49.74,49.9,49.25,49.52,2493
1773187200,49.37,49.49,49.06,49.38,2049
1773273600,49.24,49.24,48.38,48.43,3454
1773360000,48.64,48.73,47.72,47.79,4947
1773619200,47.8,47.98,47.38,47.75,3711
1773705600,47.74,47.92,47.38,47.63,2631
1773792000,46.31,46.66,46.09,46.13,4562
1773878400,43.57,44.4,43.23,44.22,11797
1773964800,44.38,44.43,42.65,42.88,10864
1774224000,41.95,42.98,41.44,41.89,12729
1774310400,41.49,42.23,41.43,41.91,6112
1774396800,43.52,43.61,42.75,43.16,3734
1774483200,42.35,42.66,41.52,41.56,5836
1774569600,42.12,43.39,42.05,42.99,3596
1774828800,43.51,43.56,42.8,42.99,2696
1774915200,43.56,44.63,43.53,44.62,4171
1775001600,45.1,45.64,44.99,45.38,3351
1775088000,43.79,44.75,43.68,44.51,5315
1775433600,44.52,44.73,44.26,44.34,1603
1775520000,44.37,44.94,43.89,44.77,3073
1775606400,45.63,45.67,44.75,45.07,3105
1775692800,45.26,45.72,45.22,45.42,2305
1775779200,45.49,45.67,45.21,45.33,1923
1776038400,45.09,45.23,44.77,45.15,1981
1776124800,45.55,46.17,45.53,46.15,1922
1776211200,45.92,46.01,45.6,45.69,1351
1776297600,45.85,45.93,45.44,45.64,1432
1776384000,46.21,46.52,46.19,46.24,2125
1776643200,45.95,45.97,45.65,45.84,1386
1776729600,45.47,45.66,44.47,44.54,3013
1776816000,45.24,45.33,44.99,45.14,1654
1776902400,45.01,45.14,44.42,44.72,2254
1776988800,44.74,45.14,44.67,44.93,1425
1777248000,44.76,44.78,44.45,44.57,1447
1777334400,43.63,43.82,43.41,43.76,1444
1777420800,43.21,43.46,42.96,43.3,2201
1777507200,44.1,44.12,43.86,43.96,1628
1777593600,43.69,44.37,43.67,43.91,1895
1777852800,43.43,43.64,42.87,43.02,2164
1777939200,43.58,43.68,43.35,43.38,1293
1778025600,44.61,44.92,44.57,44.7,1847
1778112000,45.17,45.35,44.65,44.77,1517
1778198400,45.01,45.23,44.79,44.99,1271
1778457600,45.03,45.22,44.84,45.08,1523
1778544000,44.66,44.91,44.18,44.91,1435
1778630400,44.65,44.85,44.47,44.65,955
1778716800,44.63,44.75,44.3,44.31,1242
1778803200,43.32,43.48,42.96,43.29,1891
1779062400,43.54,43.65,43.16,43.4,2920
1779148800,42.78,42.98,42.52,42.69,1552
1779235200,42.75,43.35,42.55,43.29,1750
1779321600,42.85,43.39,42.74,43.25,1456
1779408000,43.06,43.1,42.76,42.93,1403
1779753600,43.06,43.14,42.69,42.92,1100
1779840000,41.94,42.44,41.94,42.38,1189
1779926400,42.17,42.98,42.07,42.82,1263
1780012800,43.12,43.75,43.07,43.29,1098
1780272000,42.54,42.8,42.36,42.66,1819
1780358400,42.95,42.98,42.65,42.73,791
1780444800,42.36,42.45,42.16,42.31,1017
1780531200,42.89,42.97,42.44,42.65,1034
1780617600,41.94,41.98,41.08,41.12,1934
1780876800,41.24,41.38,41.08,41.2,1081
1780963200,41.24,41.53,40.33,40.55,2155
1781049600,39.5,39.85,38.86,38.87,2774
1781136000,38.8,40.17,38.57,40.06,3442
1781222400,40.01,40.33,39.77,40.11,2876
1781481600,41.45,41.59,41.1,41.14,1531
1781568000,41.27,41.38,41.08,41.27,895
1781654400,41.27,41.71,40.16,40.32,4822
1781740800,40.61,40.72,40.01,40.15,1424
1782086400,39.86,40.06,39.7,39.91,783
1782172800,39.19,39.44,39.14,39.15,1079
1782259200,37.84,38.48,37.72,37.97,1920
1782345600,38.28,38.49,38.07,38.34,1444
1782432000,38.62,39.0,38.52,38.77,1023
1782691200,38.44,38.51,38.08,38.23,934
1782777600,38.32,38.67,38.21,38.24,1287
1782864000,38.51,39.18,38.41,38.45,1886
1782950400,39.15,39.45,39.05,39.24,1196
1783296000,39.45,39.68,39.31,39.64,1052
1783382400,39.67,39.79,38.97,39.17,1094
1783468800,38.72,38.95,38.29,38.84,1470
1783555200,39.27,39.38,39.17,39.24,710
1783641600,38.91,39.17,38.78,39.11,915
1783900800,38.68,38.68,37.96,38.09,1712
1783987200,38.87,39.04,38.5,38.62,1261
1784073600,38.61,38.84,38.35,38.61,1157
1784160000,38.13,38.22,37.79,37.87,1266
1784246400,37.78,38.3,37.74,38.22,1219
1784505600,38.16,38.26,38.07,38.16,840
1784592000,38.58,38.91,38.52,38.89,938
1784678400,39.35,39.65,39.31,39.33,1243
1784764800,38.64,38.71,38.46,38.55,1376
1784851200,38.53,38.86,38.51,38.59,1393
1785110400,38.8,38.97,38.7,38.87,1224
1785196800,38.36,38.52,38.19,38.33,1338
1785283200,38.21,39.18,38.04,38.5,2120
1785369600,38.84,39.21,38.79,39.13,1796
1785456000,38.48,38.6,38.28,38.56,1703
1785715200,38.4,38.6,38.26,38.57,1087
1785801600,38.86,39.08,38.79,38.82,1161
1785888000,39.95,40.62,39.89,40.44,2798
1785974400,40.44,40.69,40.2,40.44,1686
1786060800,41.47,41.58,41.21,41.35,1570
1786320000,41.28,41.84,41.1,41.79,1790
1786406400,41.88,41.93,41.51,41.6,1129
1786492800,42.06,42.26,41.85,42.02,1149
1786579200,41.74,41.77,41.35,41.41,1190
1786665600,41.74,41.85,41.62,41.65,1132
1786924800,41.75,42.15,41.75,42.08,979
1787011200,41.78,41.96,41.3,41.36,1169
