time,open,high,low,close,tick_volume,spread
1344211200,795.7,797.1,795.6,796.1,260,0
1344297600,791.6,806.6,791.0,800.0,5161,0
1344384000,799.9,802.8,796.0,799.6,4766,0
1344470400,799.1,804.8,796.6,802.9,4867,0
1344556800,802.6,802.6,800.1,800.6,4755,0
1344816000,799.8,801.0,790.1,800.0,4918,0
1344902400,799.2,806.2,794.1,797.5,5587,0
1344988800,797.3,806.1,793.1,806.0,5046,0
1345075200,805.6,813.5,799.6,811.1,5501,0
1345161600,810.2,811.1,809.8,810.3,4697,0
1345420800,818.2,820.2,811.1,817.2,4993,0
1345507200,816.7,827.6,812.5,815.1,4561,0
1345593600,814.4,815.6,808.5,811.2,5358,0
1345680000,811.9,818.0,803.4,806.9,6437,0
1345766400,806.8,807.5,806.1,807.0,5114,0
1346025600,810.7,816.2,807.2,811.3,4622,0
1346112000,811.4,816.6,808.1,815.1,5273,0
1346198400,815.2,820.2,812.0,815.0,4240,0
1346284800,813.6,813.6,806.6,807.1,4335,0
1346371200,806.8,808.5,806.8,807.5,6220,0
1346630400,811.3,817.6,806.6,817.0,2058,0
1346716800,815.5,825.0,806.5,822.4,5916,0
1346803200,822.0,826.1,818.1,822.8,6075,0
1346889600,822.1,840.0,821.8,837.8,6113,0
1346976000,837.3,837.9,836.6,837.6,6052,0
1347235200,842.5,845.1,836.4,837.5,4633,0
1347321600,837.2,845.9,835.0,839.9,4814,0
1347408000,839.5,846.7,838.7,846.4,6304,0
1347494400,846.0,861.6,841.9,856.4,6008,0
1347580800,856.6,858.3,856.6,858.0,5332,0
1347840000,863.8,863.8,855.7,859.9,4320,0
1347926400,859.8,862.2,853.7,858.9,4629,0
1348012800,859.2,861.3,854.3,855.2,4542,0
1348099200,856.5,856.5,846.3,854.7,5536,0
1348185600,854.6,856.9,854.6,856.3,5820,0
1348444800,856.2,856.7,848.3,853.2,5891,0
1348531200,852.9,858.1,838.3,841.3,6252,0
1348617600,841.0,843.5,830.2,833.1,6389,0
1348704000,833.0,845.8,832.5,843.9,6147,0
1348790400,844.5,844.7,842.8,843.8,6554,0
1349049600,835.3,848.0,833.4,839.7,7385,0
1349136000,839.9,845.7,836.0,840.1,6512,0
1349222400,839.6,844.6,833.8,839.3,6288,0
1349308800,839.0,846.0,834.3,844.3,6184,0
1349395200,844.8,845.9,844.7,845.5,6026,0
1349654400,839.9,840.8,835.4,838.3,5340,0
1349740800,839.4,841.7,826.3,827.5,7024,0
1349827200,825.8,830.1,823.7,824.3,6573,0
1349913600,824.4,836.0,824.1,830.4,5400,0
1350000000,830.9,832.7,820.6,821.7,6387,0
1350259200,819.3,829.2,818.8,829.2,5457,0
1350345600,830.0,836.6,828.2,835.8,5951,0
1350432000,835.7,844.0,833.2,843.2,5566,0
1350518400,842.6,843.9,834.0,834.9,6524,0
1350604800,835.7,836.6,834.8,835.0,6525,0
1350864000,816.8,824.0,814.3,823.9,5940,0
1350950400,824.5,824.5,806.1,817.1,6709,0
1351036800,817.0,820.8,811.5,816.2,5871,0
1351123200,815.7,823.7,811.0,816.2,6658,0
1351209600,816.6,817.3,814.6,814.7,7188,0
1351468800,810.7,812.0,803.8,806.5,1321,0
1351555200,804.6,810.4,801.0,810.4,1952,0
1351641600,810.3,817.9,809.1,813.6,5900,0
1351728000,814.3,828.8,812.2,826.8,5756,0
1351814400,826.9,827.1,825.9,826.1,5874,0
1352073600,810.8,820.3,810.4,818.4,4668,0
1352160000,818.0,827.3,818.0,824.8,5073,0
1352246400,822.3,828.6,800.5,803.3,9293,0
1352332800,804.6,807.1,792.6,793.8,7424,0
1352419200,793.9,797.0,793.9,796.1,7045,0
1352678400,795.1,798.8,792.1,793.9,4544,0
1352764800,791.7,796.5,787.3,790.2,6736,0
1352851200,789.8,794.3,772.4,775.0,7011,0
1352937600,774.5,776.5,764.1,768.9,7497,0
1353024000,767.6,768.6,767.5,768.5,7429,0
1353283200,780.6,794.8,779.0,791.8,5247,0
1353369600,792.4,796.3,787.8,795.6,6136,0
1353456000,796.1,798.8,790.1,798.3,5493,0
1353542400,798.8,801.1,798.0,799.1,988,0
1353628800,799.0,799.0,798.4,798.4,3106,0
1353888000,805.7,810.0,801.5,809.6,5068,0
1353974400,810.3,813.0,806.5,807.0,5696,0
1354060800,806.0,813.8,796.6,813.3,6653,0
1354147200,813.0,824.8,812.7,820.7,7160,0
1354233600,820.6,823.8,820.5,823.4,5452,0
1354492800,821.8,829.2,817.9,819.7,5998,0
1354579200,818.6,823.4,815.1,820.0,6679,0
1354665600,820.3,827.5,814.9,819.6,7718,0
1354752000,819.8,823.4,816.6,821.5,6715,0
1354838400,822.0,822.1,821.3,821.7,7099,0
1355097600,823.9,827.3,822.1,825.9,5683,0
1355184000,825.4,836.7,824.6,835.9,5774,0
1355270400,835.0,838.2,827.7,828.2,6661,0
1355356800,828.9,832.0,821.0,822.0,5731,0
1355443200,822.4,825.8,822.4,825.7,8696,0
1355702400,826.5,836.3,824.9,836.3,9028,0
1355788800,836.4,847.4,834.6,847.3,9198,0
1355875200,847.2,852.2,844.5,846.4,8827,0
1355961600,846.0,854.7,844.8,854.4,11502,0
1356048000,854.7,855.3,854.7,855.1,15793,0
1356307200,847.9,849.6,841.5,843.6,5078,0
1356480000,844.9,846.8,836.3,836.6,6042,0
1356566400,836.2,839.9,825.8,836.5,13194,0
1356652800,836.6,836.6,836.1,836.5,9940,0
1356912000,826.9,847.1,825.0,846.6,11332,0
1357084800,858.5,874.9,858.5,874.4,12076,0
1357171200,874.3,878.6,870.9,873.9,11390,0
1357257600,874.0,874.2,873.6,873.9,11258,0
1357516800,876.6,877.0,872.7,876.6,9637,0
1357603200,876.8,877.1,871.3,875.5,9586,0
1357689600,875.6,880.9,875.6,880.6,9621,0
1357776000,880.7,884.8,876.1,881.9,11232,0
1357862400,882.0,882.5,881.7,882.2,10228,0
1358121600,880.3,883.4,877.5,879.7,9993,0
1358208000,879.6,884.5,873.4,884.2,10437,0
1358294400,884.3,884.7,878.5,881.3,9220,0
1358380800,881.2,891.5,879.0,889.1,10509,0
1358467200,889.2,889.9,889.1,889.2,9812,0
1358726400,892.8,895.7,892.1,894.8,2204,0
1358812800,894.4,900.4,890.2,900.3,10680,0
1358899200,900.7,901.2,894.6,894.6,8290,0
1358985600,894.2,904.2,893.1,899.0,12046,0
1359072000,898.8,899.2,898.6,899.1,11354,0
1359331200,904.9,907.9,900.0,905.3,9308,0
1359417600,905.4,908.1,902.7,907.5,9252,0
1359504000,907.7,908.2,893.7,893.7,11430,0
1359590400,893.8,904.2,892.6,904.1,9576,0
1359676800,904.0,904.4,903.7,904.1,10582,0
1359936000,910.6,910.6,898.0,899.4,11309,0
1360022400,899.5,908.3,899.1,907.3,9404,0
1360108800,907.5,911.6,900.5,911.3,10733,0
1360195200,911.1,912.6,902.1,908.4,11876,0
1360281600,908.3,908.4,907.9,908.0,9607,0
1360540800,913.7,914.4,909.4,913.9,8150,0
1360627200,913.8,918.2,910.9,917.0,9288,0
1360713600,917.1,921.8,916.1,921.1,8843,0
1360800000,921.0,924.5,916.7,922.6,8911,0
1360886400,922.7,923.1,922.6,922.8,9159,0
1361145600,923.7,925.2,922.6,923.2,2196,0
1361232000,922.5,933.0,922.1,932.5,7606,0
1361318400,932.6,933.5,912.6,913.3,10181,0
1361404800,913.4,914.8,899.5,906.8,13425,0
1361491200,906.3,907.0,906.3,906.6,10650,0
1361750400,916.0,921.2,894.2,895.1,16767,0
1361836800,895.0,903.5,894.0,897.6,17075,0
1361923200,897.3,913.8,895.9,909.7,13763,0
1362009600,909.6,915.8,906.8,906.8,11721,0
1362096000,906.9,908.8,906.8,908.8,14937,0
1362355200,914.3,918.2,907.6,917.9,11589,0
1362441600,917.8,928.9,916.5,927.2,10284,0
1362528000,927.4,931.4,926.3,928.5,9898,0
1362614400,928.6,935.9,927.1,935.7,9984,0
1362700800,935.5,935.8,934.6,934.9,9305,0
1362960000,938.3,943.0,938.3,942.4,6684,0
1363046400,942.3,943.2,937.7,941.6,7415,0
1363132800,941.7,945.4,937.8,944.7,8379,0
1363219200,944.8,953.3,943.7,953.1,6052,0
1363305600,952.8,953.1,952.6,952.8,7524,0
1363564800,947.1,950.6,937.0,948.1,13535,0
1363651200,948.0,951.3,935.6,942.1,13134,0
1363737600,942.2,952.1,940.3,948.8,11733,0
1363824000,949.0,949.4,940.0,943.6,11606,0
1363910400,943.5,943.6,942.5,943.0,9582,0
1364169600,946.1,954.7,940.1,947.9,13097,0
1364256000,947.3,951.6,944.4,950.3,10743,0
1364342400,950.4,951.0,939.2,950.6,11046,0
1364428800,950.5,952.7,945.7,950.4,9796,0
1364515200,950.5,950.7,950.5,950.5,14,0
1364774400,950.3,951.5,933.6,937.3,7938,0
1364860800,937.5,945.9,933.6,935.1,10284,0
1364947200,935.3,938.8,916.1,919.8,13361,0
1365033600,920.2,926.2,916.5,924.5,12892,0
1365120000,924.7,925.3,924.6,925.2,11526,0
1365379200,922.3,934.9,919.6,934.9,10414,0
1365465600,934.7,936.5,928.1,929.1,11178,0
1365552000,929.4,947.1,927.6,946.6,9645,0
1365638400,946.5,951.0,944.5,948.6,10047,0
1365724800,948.9,949.0,948.6,948.8,11794,0
1365984000,941.4,942.7,898.6,901.7,17985,0
1366070400,901.8,924.5,901.2,923.6,15103,0
1366156800,923.7,924.8,900.5,908.0,18325,0
1366243200,907.2,912.7,897.4,903.3,18264,0
1366329600,903.4,903.4,902.7,902.8,14740,0
1366588800,910.6,917.4,897.9,915.8,14878,0
1366675200,915.9,930.8,909.6,930.6,14037,0
1366761600,930.7,934.9,925.7,933.4,12595,0
1366848000,933.3,945.1,931.8,940.3,11232,0
1366934400,940.4,941.1,931.2,935.6,12351,0
1367193600,935.0,943.8,933.2,942.3,4635,0
1367280000,942.1,949.5,937.9,949.3,4908,0
1367366400,949.4,950.3,923.4,924.9,6054,0
1367452800,925.0,941.3,924.9,939.3,5972,0
1367539200,939.5,960.5,937.6,953.3,5115,0
1367798400,952.7,960.7,952.7,960.1,3732,0
1367884800,960.0,967.7,957.2,966.7,4366,0
1367971200,966.6,970.8,962.4,970.4,4410,0
1368057600,970.3,971.1,963.7,968.7,5185,0
1368144000,968.8,975.2,966.7,975.0,5588,0
1368403200,972.2,977.0,969.7,974.0,5447,0
1368489600,974.1,985.9,971.0,985.0,5346,0
1368576000,984.9,991.8,982.0,987.2,5722,0
1368662400,987.6,990.9,982.8,986.3,5952,0
1368748800,986.2,996.6,985.8,996.0,5801,0
1369008000,994.1,1001.6,991.0,997.4,5535,0
1369094400,997.3,1001.2,994.1,998.0,5493,0
1369180800,998.1,1009.2,976.3,985.8,9381,0
1369267200,985.6,986.4,969.0,985.7,10753,0
1369353600,985.8,988.0,972.1,985.0,7942,0
1369612800,984.9,988.9,981.0,986.5,2256,0
1369699200,986.7,1006.0,986.7,995.1,7662,0
1369785600,995.3,995.3,979.0,987.6,8934,0
1369872000,987.7,996.6,984.5,993.8,8350,0
1369958400,993.9,995.4,981.2,981.2,8637,0
1370217600,983.8,993.2,975.0,990.1,10932,0
1370304000,990.2,996.5,973.7,982.5,9837,0
1370390400,982.1,983.4,966.6,968.8,11425,0
1370476800,969.0,981.4,962.4,981.1,11648,0
1370563200,981.0,989.7,978.1,985.1,10328,0
1370822400,982.9,992.9,981.5,992.1,9259,0
1370908800,992.2,992.3,973.0,982.6,10079,0
1370995200,982.4,989.1,969.4,970.6,10420,0
1371081600,970.3,991.5,961.5,989.6,9729,0
1371168000,989.7,990.7,978.5,980.2,7989,0
1371427200,980.9,993.0,980.4,989.7,6887,0
1371513600,989.5,1001.9,988.2,1000.2,5784,0
1371600000,1000.3,1001.9,983.3,983.9,8914,0
1371686400,983.8,984.6,957.1,959.5,12577,0
1371772800,959.4,965.8,950.6,960.9,11760,0
1372032000,961.3,962.5,942.0,951.9,12922,0
1372118400,951.6,962.9,946.1,961.5,10641,0
1372204800,960.8,970.4,955.9,964.3,8750,0
1372291200,964.2,980.8,963.3,979.4,7635,0
1372377600,979.5,985.0,967.4,973.5,8744,0
1372636800,976.7,994.6,973.3,988.8,8544,0
1372723200,988.9,996.1,981.9,988.6,8995,0
1372809600,988.7,994.5,980.2,992.8,7426,0
1372896000,992.3,1005.5,992.2,1004.1,2972,0
1372982400,1003.1,1006.9,990.8,1006.1,8747,0
1373241600,1005.8,1012.3,1005.0,1009.2,7306,0
1373328000,1009.0,1019.4,1008.3,1018.1,6583,0
1373414400,1018.2,1023.4,1014.7,1023.2,8066,0
1373500800,1025.1,1033.4,1024.3,1031.3,5658,0
1373587200,1031.2,1038.7,1029.0,1034.5,4992,0
1373846400,1033.8,1044.0,1033.5,1043.4,3951,0
1373932800,1043.3,1044.7,1035.4,1039.2,4077,0
1374019200,1039.4,1046.5,1035.8,1042.4,5413,0
1374105600,1042.3,1053.2,1039.9,1046.8,4403,0
1374192000,1046.9,1051.0,1043.5,1050.5,4801,0
1374451200,1051.0,1054.9,1048.0,1054.4,3702,0
1374537600,1054.3,1058.2,1050.2,1054.2,3874,0
1374624000,1054.0,1058.2,1042.2,1046.4,4375,0
1374710400,1046.3,1054.5,1037.7,1053.9,4949,0
1374796800,1053.8,1056.2,1040.9,1048.8,4600,0
1375056000,1048.3,1049.9,1037.4,1040.8,4888,0
1375142400,1040.9,1046.0,1038.9,1045.2,4487,0
1375228800,1045.3,1053.7,1043.1,1045.7,5637,0
1375315200,1045.9,1060.4,1044.9,1058.2,4998,0
1375401600,1058.4,1059.6,1052.7,1058.2,4467,0
1375660800,1057.4,1063.1,1055.9,1062.0,3692,0
1375747200,1062.3,1062.7,1048.4,1051.9,3766,0
1375833600,1051.8,1052.2,1042.4,1046.9,4742,0
1375920000,1046.7,1053.5,1043.2,1049.3,4350,0
1376006400,1049.1,1052.8,1042.5,1047.4,4803,0
1376265600,1046.9,1054.3,1037.6,1054.1,4674,0
1376352000,1054.3,1058.3,1045.8,1051.9,4896,0
1376438400,1052.2,1054.6,1047.2,1048.0,4915,0
1376524800,1047.2,1047.9,1025.2,1025.4,6250,0
1376611200,1025.5,1030.7,1021.3,1021.4,6154,0
1376870400,1022.1,1025.5,1012.7,1013.0,7318,0
1376956800,1013.1,1029.5,1009.7,1027.0,6067,0
1377043200,1027.2,1031.5,1016.8,1018.3,7792,0
1377129600,1017.8,1036.5,1014.9,1035.2,5525,0
1377216000,1035.4,1039.4,1030.5,1039.4,4977,0
1377475200,1038.9,1044.9,1034.4,1038.7,4424,0
1377561600,1038.9,1038.9,1012.0,1014.0,8621,0
1377648000,1013.9,1020.3,1011.5,1014.5,7710,0
1377734400,1014.7,1030.2,1013.5,1025.8,6922,0
1377820800,1025.9,1030.2,1009.2,1013.1,8658,0
1378080000,1018.5,1026.7,1017.5,1026.0,2656,0
1378166400,1024.1,1030.5,1007.2,1017.4,10177,0
1378252800,1017.3,1026.9,1013.5,1026.8,6872,0
1378339200,1026.7,1032.0,1024.8,1028.5,5282,0
1378425600,1028.2,1035.0,1013.9,1029.5,6981,0
1378684800,1028.0,1046.3,1028.0,1045.1,4981,0
1378771200,1044.9,1055.7,1044.4,1055.0,5210,0
1378857600,1055.1,1057.7,1051.2,1056.8,5052,0
1378944000,1056.7,1057.0,1048.3,1050.9,4442,0
1379030400,1051.1,1054.7,1047.1,1054.6,3525,0
1379289600,1064.0,1069.6,1054.4,1055.4,4845,0
1379376000,1054.7,1068.7,1053.4,1068.7,3440,0
1379462400,1068.4,1081.8,1058.0,1077.0,5127,0
1379548800,1077.2,1082.5,1072.9,1077.9,4753,0
1379635200,1078.4,1079.9,1071.5,1073.3,4372,0
1379894400,1074.7,1076.5,1063.2,1070.9,5143,0
1379980800,1071.0,1082.7,1066.2,1075.0,4230,0
1380067200,1075.2,1082.5,1071.5,1072.4,5420,0
1380153600,1072.5,1082.2,1070.7,1079.2,4588,0
1380240000,1079.4,1079.9,1069.4,1074.0,4863,0
1380499200,1066.8,1076.0,1059.9,1074.6,6700,0
1380585600,1074.5,1088.7,1072.0,1087.3,5865,0
1380672000,1087.8,1088.2,1075.7,1079.0,5498,0
1380758400,1078.9,1081.4,1064.5,1069.4,7115,0
1380844800,1069.3,1081.2,1068.8,1077.8,5094,0
1381104000,1072.9,1074.7,1064.4,1065.2,5663,0
1381190400,1065.0,1068.4,1046.5,1047.4,7317,0
1381276800,1046.7,1054.4,1037.2,1043.4,7877,0
1381363200,1043.3,1070.0,1043.0,1066.9,6496,0
1381449600,1066.8,1085.4,1065.2,1085.3,5892,0
1381708800,1075.3,1090.7,1073.2,1089.9,6397,0
1381795200,1090.3,1091.9,1076.5,1082.5,7591,0
1381881600,1082.4,1093.4,1082.2,1090.9,6789,0
1381968000,1091.0,1103.2,1084.7,1102.4,5565,0
1382054400,1102.7,1115.0,1102.3,1114.4,5283,0
1382313600,1114.2,1117.9,1109.7,1110.9,4836,0
1382400000,1111.0,1121.7,1109.5,1113.9,5545,0
1382486400,1113.7,1113.9,1104.5,1111.4,6379,0
1382572800,1111.5,1119.5,1110.2,1118.5,5754,0
1382659200,1118.4,1121.4,1113.2,1117.2,5060,0
1382918400,1117.0,1123.0,1111.7,1118.4,4781,0
1383004800,1118.5,1123.7,1113.8,1121.8,4687,0
1383091200,1121.7,1125.9,1103.3,1108.7,6113,0
1383177600,1108.5,1110.2,1097.2,1101.4,6054,0
1383264000,1101.5,1103.5,1086.5,1093.1,5871,0
1383523200,1092.8,1109.0,1092.1,1106.7,4648,0
1383609600,1106.5,1107.4,1095.9,1102.9,5398,0
1383696000,1102.7,1110.7,1095.7,1098.4,5413,0
1383782400,1098.5,1106.3,1078.7,1080.4,7591,0
1383868800,1080.5,1101.0,1076.5,1097.5,7399,0
1384128000,1098.4,1103.4,1092.7,1100.5,5136,0
1384214400,1100.7,1102.3,1093.9,1101.7,6160,0
1384300800,1101.5,1114.0,1092.7,1112.9,6017,0
1384387200,1112.8,1115.7,1104.4,1111.0,6039,0
1384473600,1111.2,1117.0,1108.7,1116.2,4759,0
1384732800,1116.0,1121.2,1104.7,1108.4,5173,0
1384819200,1108.5,1113.2,1096.0,1101.0,6584,0
1384905600,1100.9,1108.7,1095.4,1100.0,7327,0
1384992000,1100.2,1119.7,1098.2,1119.2,5805,0
1385078400,1119.0,1125.9,1116.8,1124.4,5036,0
1385337600,1124.7,1129.3,1122.4,1126.0,4695,0
1385424000,1126.1,1136.0,1125.1,1133.9,3852,0
1385510400,1134.0,1141.2,1132.4,1140.1,3776,0
1385596800,1140.2,1144.9,1140.1,1144.1,1289,0
1385683200,1143.6,1147.1,1139.0,1139.5,2530,0
1385942400,1141.3,1142.8,1126.4,1130.0,5409,0
1386028800,1130.2,1132.0,1118.7,1122.8,5506,0
1386115200,1122.9,1130.0,1109.4,1121.4,6842,0
1386201600,1121.5,1125.9,1117.2,1120.9,7098,0
1386288000,1120.7,1136.9,1120.7,1130.2,6427,0
1386547200,1130.0,1134.7,1124.7,1131.2,5167,0
1386633600,1130.7,1133.5,1118.2,1120.9,4788,0
1386720000,1120.8,1124.0,1099.4,1102.8,6202,0
1386806400,1102.9,1107.5,1098.7,1101.2,6604,0
1386892800,1100.9,1110.9,1099.7,1106.0,5865,0
1387152000,1105.9,1121.2,1095.9,1119.2,6198,0
1387238400,1119.4,1121.7,1111.9,1117.4,5345,0
1387324800,1117.5,1135.4,1113.2,1134.9,6392,0
1387411200,1134.8,1136.2,1123.5,1124.2,5724,0
1387497600,1123.9,1147.5,1123.9,1147.2,4619,0
1387756800,1147.0,1157.4,1147.0,1156.2,3953,0
1387843200,1156.0,1164.0,1154.6,1164.0,1673,0
1388016000,1163.4,1168.8,1159.9,1161.8,2167,0
1388102400,1161.4,1165.9,1157.2,1160.7,3145,0
1388361600,1159.9,1163.7,1158.3,1159.7,2902,0
1388448000,1159.6,1166.5,1159.0,1163.2,1547,0
1388620800,1162.2,1162.2,1146.4,1153.2,4892,0
1388707200,1153.3,1157.9,1149.2,1155.2,4283,0
1388966400,1155.3,1161.5,1146.2,1146.2,5581,0
1389052800,1146.0,1161.0,1145.4,1155.2,4400,0
1389139200,1155.4,1159.9,1149.9,1158.2,5115,0
1389225600,1158.0,1163.5,1150.7,1157.2,5384,0
1389312000,1157.3,1164.5,1152.7,1164.5,5708,0
1389571200,1164.2,1164.7,1142.0,1150.3,5807,0
1389657600,1150.7,1164.4,1149.0,1162.4,5563,0
1389744000,1162.5,1171.5,1161.4,1170.7,4687,0
1389830400,1170.5,1173.7,1167.0,1172.2,4706,0
1389916800,1172.4,1176.0,1166.7,1169.7,4820,0
1390176000,1169.5,1170.7,1166.9,1170.5,1381,0
1390262400,1172.0,1178.5,1167.0,1174.5,4820,0
1390348800,1174.7,1183.4,1172.2,1182.5,4768,0
1390435200,1182.4,1184.7,1166.0,1175.7,6334,0
1390521600,1175.5,1177.7,1140.9,1141.4,8076,0
1390780800,1141.5,1151.0,1120.4,1126.7,10264,0
1390867200,1126.8,1141.0,1124.7,1140.8,7344,0
1390953600,1146.4,1148.9,1119.2,1122.7,10631,0
1391040000,1122.8,1145.9,1121.5,1135.3,8846,0
1391126400,1135.8,1139.0,1119.0,1129.7,9859,0
1391385600,1130.7,1135.2,1090.0,1095.4,17792,0
1391472000,1095.3,1108.2,1092.7,1099.4,15762,0
1391558400,1098.9,1100.0,1081.5,1093.7,15586,0
1391644800,1094.0,1108.4,1092.5,1101.4,13317,0
1391731200,1101.5,1117.0,1092.8,1115.9,15162,0
1391990400,1116.2,1119.5,1108.0,1119.0,10799,0
1392076800,1119.2,1132.2,1117.2,1127.9,11725,0
1392163200,1127.6,1138.7,1126.6,1133.3,10590,0
1392249600,1133.1,1149.1,1122.3,1147.2,11151,0
1392336000,1147.1,1150.7,1139.6,1148.4,10015,0
1392595200,1148.3,1152.4,1146.4,1149.7,3120,0
1392681600,1150.3,1163.2,1146.0,1161.0,9005,0
1392768000,1160.9,1165.0,1148.2,1149.5,11496,0
1392854400,1149.7,1163.9,1143.4,1161.0,12652,0
1392940800,1160.9,1169.5,1160.9,1165.7,10355,0
1393200000,1165.8,1181.4,1162.0,1173.4,10357,0
1393286400,1173.3,1181.0,1170.2,1176.9,10735,0
1393372800,1177.0,1189.4,1172.9,1181.8,11659,0
1393459200,1181.9,1189.7,1173.1,1189.5,12748,0
1393545600,1189.4,1195.5,1176.3,1184.3,12298,0
1393804800,1172.9,1181.0,1164.0,1177.7,17469,0
1393891200,1177.9,1213.9,1177.3,1207.0,13870,0
1393977600,1207.2,1208.9,1202.3,1206.1,9740,0
1394064000,1205.7,1209.9,1201.9,1205.8,9635,0
1394150400,1205.9,1213.9,1197.9,1204.3,12171,0
1394409600,1204.4,1204.4,1192.4,1201.9,11244,0
1394496000,1200.4,1205.4,1182.2,1185.9,12061,0
1394582400,1185.4,1192.5,1176.0,1192.4,12131,0
1394668800,1192.5,1196.7,1170.9,1176.5,14758,0
1394755200,1176.7,1186.2,1170.2,1179.8,12271,0
1395014400,1179.2,1197.5,1172.9,1186.7,12220,0
1395100800,1186.8,1206.2,1181.5,1203.9,10408,0
1395187200,1204.0,1206.2,1187.5,1193.9,11495,0
1395273600,1194.4,1201.9,1188.2,1199.4,11559,0
1395360000,1199.3,1209.2,1190.9,1192.3,11687,0
1395619200,1192.2,1198.2,1167.4,1178.9,13584,0
1395705600,1179.2,1192.2,1170.2,1177.8,13410,0
1395792000,1177.9,1188.4,1153.4,1156.4,15228,0
1395878400,1156.7,1162.4,1145.2,1152.2,16343,0
1395964800,1152.4,1168.0,1147.4,1150.0,12131,0
1396224000,1155.4,1175.5,1153.7,1170.7,10891,0
1396310400,1170.5,1190.5,1169.2,1189.7,8700,0
1396396800,1189.4,1194.2,1185.5,1193.5,9485,0
1396483200,1193.4,1194.9,1175.8,1183.2,10703,0
1396569600,1183.3,1190.2,1149.2,1156.0,17364,0
1396828800,1155.7,1155.8,1129.7,1137.5,16614,0
1396915200,1137.7,1150.4,1130.7,1143.3,15423,0
1397001600,1143.4,1161.4,1142.4,1160.3,12049,0
1397088000,1160.2,1161.9,1122.5,1129.2,16791,0
1397174400,1129.4,1130.7,1107.2,1112.0,20013,0
1397433600,1108.5,1127.9,1105.1,1115.6,16123,0
1397520000,1115.7,1125.4,1094.9,1124.1,19890,0
1397606400,1124.4,1132.6,1120.6,1127.2,16849,0
1397692800,1127.3,1141.9,1123.9,1138.0,13116,0
1397779200,1137.8,1137.9,1137.0,1137.4,77,0
1398038400,1138.3,1143.0,1130.7,1142.4,6880,0
1398124800,1142.5,1158.4,1139.4,1153.9,9248,0
1398211200,1153.8,1155.9,1145.4,1153.7,11234,0
1398297600,1153.9,1156.4,1134.2,1145.3,14695,0
1398384000,1144.7,1145.5,1119.2,1123.3,14631,0
1398643200,1123.2,1132.7,1101.4,1119.2,17889,0
1398729600,1119.3,1128.4,1117.5,1118.5,14149,0
1398816000,1118.5,1130.0,1107.0,1127.9,13674,0
1398902400,1128.0,1135.4,1113.2,1126.9,8751,0
1398988800,1126.7,1138.9,1124.4,1127.9,13678,0
1399248000,1128.5,1130.7,1112.9,1124.7,11075,0
1399334400,1124.8,1127.5,1108.0,1108.9,13377,0
1399420800,1109.2,1113.9,1092.4,1110.7,16091,0
1399507200,1110.5,1120.7,1094.5,1096.7,16721,0
1399593600,1096.5,1108.5,1090.7,1108.2,14486,0
1399852800,1107.9,1136.9,1107.9,1131.9,9875,0
1399939200,1132.0,1135.4,1119.9,1120.7,12120,0
1400025600,1120.5,1122.4,1100.5,1103.3,11996,0
1400112000,1103.4,1105.7,1080.7,1094.9,16309,0
1400198400,1095.0,1103.0,1087.7,1102.7,13676,0
1400457600,1103.7,1117.0,1096.0,1114.9,10409,0
1400544000,1114.8,1116.0,1090.5,1096.2,13667,0
1400630400,1096.3,1107.9,1092.0,1102.7,11948,0
1400716800,1102.4,1116.7,1102.2,1112.9,9301,0
1400803200,1112.4,1126.5,1111.2,1126.2,7065,0
1401062400,1126.7,1134.0,1126.7,1133.0,1110,0
1401148800,1131.5,1144.4,1131.2,1142.5,7281,0
1401235200,1142.4,1145.9,1131.2,1136.4,9191,0
1401321600,1136.5,1141.9,1133.4,1140.8,7916,0
1401408000,1140.7,1140.9,1129.9,1133.5,8474,0
1401667200,1135.5,1137.9,1120.0,1127.5,8064,0
1401753600,1127.7,1130.0,1117.4,1125.5,7616,0
1401840000,1125.7,1132.2,1118.0,1131.7,7237,0
1401926400,1131.8,1154.0,1127.4,1152.7,10776,0
1402012800,1152.8,1167.7,1152.7,1166.7,8412,0
1402272000,1166.4,1180.2,1162.0,1173.5,6778,0
1402358400,1173.4,1174.5,1165.9,1174.2,7753,0
1402444800,1174.3,1174.7,1160.5,1166.9,7608,0
1402531200,1167.4,1170.0,1155.5,1161.9,9522,0
1402617600,1161.8,1165.9,1153.0,1163.4,6732,0
1402876800,1163.6,1168.1,1155.7,1167.7,8488,0
1402963200,1167.5,1179.2,1163.7,1173.7,9863,0
1403049600,1173.8,1185.4,1170.9,1185.3,9956,0
1403136000,1185.4,1188.5,1176.4,1183.3,8073,0
1403222400,1183.4,1189.4,1181.4,1189.4,7194,0
1403481600,1188.3,1193.9,1182.7,1184.2,7372,0
1403568000,1184.0,1194.4,1171.5,1172.0,8713,0
1403654400,1171.9,1183.0,1161.3,1181.5,10534,0
1403740800,1181.6,1183.3,1170.3,1182.0,9725,0
1403827200,1182.3,1190.4,1175.4,1186.0,8390,0
1404086400,1186.3,1194.2,1181.8,1193.8,8171,0
1404172800,1193.9,1214.0,1193.7,1204.7,7679,0
1404259200,1204.9,1208.3,1197.4,1200.5,7802,0
1404345600,1200.7,1207.9,1197.9,1206.8,6066,0
1404432000,1205.9,1207.0,1203.9,1205.2,942,0
1404691200,1205.9,1206.3,1185.9,1186.4,8919,0
1404777600,1186.5,1186.5,1166.4,1175.4,11057,0
1404864000,1175.5,1180.4,1169.4,1174.4,10321,0
1404950400,1174.8,1175.0,1144.5,1159.9,13986,0
1405036800,1160.0,1169.0,1154.4,1160.0,9422,0
1405296000,1159.9,1174.7,1159.8,1165.8,7627,0
1405382400,1166.0,1168.8,1147.2,1155.9,11667,0
1405468800,1156.2,1161.9,1147.4,1150.2,10067,0
1405555200,1150.0,1151.5,1127.7,1127.9,15174,0
1405641600,1127.8,1153.4,1127.7,1150.2,11109,0
1405900800,1148.9,1149.5,1138.7,1145.7,11752,0
1405987200,1145.6,1161.6,1144.9,1152.2,9311,0
1406073600,1153.5,1163.4,1153.2,1157.2,8605,0
1406160000,1156.9,1164.9,1151.4,1152.0,10019,0
1406246400,1152.2,1152.9,1139.4,1144.4,9794,0
1406505600,1144.7,1148.7,1131.0,1138.5,11051,0
1406592000,1138.7,1149.8,1134.0,1143.3,10833,0
1406678400,1143.2,1152.8,1141.2,1147.0,13864,0
1406764800,1147.1,1147.1,1118.4,1118.7,14057,0
1406851200,1118.9,1125.7,1106.5,1115.2,14125,0
1407110400,1115.9,1126.2,1106.9,1123.2,10177,0
1407196800,1123.3,1130.2,1113.4,1121.0,13584,0
1407283200,1121.2,1132.7,1110.5,1124.5,11661,0
1407369600,1124.7,1133.0,1114.9,1118.2,14266,0
1407456000,1117.8,1131.5,1107.5,1128.2,12506,0
1407715200,1128.7,1149.9,1128.0,1140.4,7988,0
1407801600,1140.7,1142.9,1127.9,1133.7,9671,0
1407888000,1133.5,1143.7,1132.7,1142.7,7391,0
1407974400,1142.8,1145.5,1137.9,1145.2,6859,0
1408060800,1145.3,1154.1,1129.6,1142.8,10572,0
1408320000,1142.7,1158.7,1142.7,1156.5,5610,0
1408406400,1156.6,1164.7,1155.0,1161.4,5567,0
1408492800,1161.6,1161.6,1151.7,1156.1,6788,0
1408579200,1156.6,1162.0,1146.2,1159.4,6446,0
1408665600,1159.5,1164.4,1153.7,1161.7,8423,0
1408924800,1162.0,1171.9,1160.2,1164.4,5757,0
1409011200,1164.5,1176.4,1161.9,1176.0,5866,0
1409097600,1176.1,1178.7,1170.7,1173.0,4528,0
1409184000,1172.9,1173.5,1162.7,1169.7,6418,0
1409270400,1169.8,1175.4,1164.3,1173.4,5658,0
1409529600,1173.2,1176.0,1172.2,1175.7,1422,0
1409616000,1175.2,1182.0,1171.9,1178.9,6157,0
1409702400,1179.2,1188.8,1169.5,1171.2,7398,0
1409788800,1171.4,1181.2,1163.5,1167.8,7820,0
1409875200,1168.0,1171.9,1157.8,1171.5,9014,0
1410134400,1171.4,1174.4,1164.7,1173.2,6386,0
1410220800,1173.0,1174.9,1156.7,1158.9,9920,0
1410307200,1158.8,1166.2,1153.9,1165.4,7403,0
1410393600,1165.2,1175.5,1157.0,1175.2,8284,0
1410480000,1175.4,1175.9,1156.3,1160.9,6845,0
1410739200,1151.9,1161.4,1143.7,1147.8,8419,0
1410825600,1148.0,1154.2,1140.7,1150.4,8293,0
1410912000,1150.5,1160.7,1147.4,1155.5,8500,0
1410998400,1155.7,1162.9,1153.5,1161.0,6441,0
1411084800,1160.8,1166.9,1141.7,1144.0,8334,0
1411344000,1144.4,1145.7,1126.4,1126.4,9481,0
1411430400,1126.6,1131.9,1115.5,1115.5,10017,0
1411516800,1115.4,1129.7,1114.8,1129.2,7871,0
1411603200,1129.3,1129.9,1105.6,1112.7,11717,0
1411689600,1112.2,1120.6,1110.2,1119.1,9528,0
1411948800,1118.1,1121.4,1105.2,1116.9,10947,0
1412035200,1116.8,1122.4,1099.7,1100.4,10830,0
1412121600,1100.2,1103.7,1082.0,1087.4,12913,0
1412208000,1086.7,1100.7,1076.9,1095.3,13869,0
1412294400,1095.4,1111.0,1095.2,1104.4,7894,0
1412553600,1104.5,1111.4,1092.2,1093.0,11721,0
1412640000,1092.9,1095.2,1073.9,1074.4,13211,0
1412726400,1073.8,1098.4,1064.8,1098.4,14525,0
1412812800,1098.2,1105.5,1064.2,1065.5,18412,0
1412899200,1065.7,1076.2,1050.7,1051.0,19887,0
1413158400,1049.7,1067.9,1042.6,1048.5,20710,0
1413244800,1048.3,1076.2,1048.2,1064.0,21850,0
1413331200,1064.7,1077.4,1041.8,1067.7,30383,0
1413417600,1068.2,1093.2,1050.7,1084.4,30354,0
1413504000,1084.9,1098.7,1076.9,1081.8,19805,0
1413763200,1084.3,1097.4,1073.4,1097.3,16255,0
1413849600,1096.9,1114.7,1089.7,1114.3,15255,0
1413936000,1114.4,1118.0,1095.9,1097.7,16573,0
1414022400,1097.8,1123.4,1095.5,1116.9,15168,0
1414108800,1116.7,1120.7,1108.3,1119.9,14739,0
1414368000,1120.0,1122.7,1102.5,1119.9,12675,0
1414454400,1120.0,1150.7,1119.0,1146.9,10650,0
1414540800,1147.0,1155.4,1136.7,1142.9,13994,0
1414627200,1143.2,1160.1,1134.0,1156.8,13370,0
1414713600,1157.0,1177.9,1155.3,1170.5,13019,0
1414972800,1172.1,1180.2,1166.1,1168.7,10185,0
1415059200,1168.9,1172.1,1160.1,1164.9,11105,0
1415145600,1165.3,1174.7,1162.0,1167.3,11296,0
1415232000,1167.5,1173.6,1162.1,1173.5,11361,0
1415318400,1173.6,1177.4,1163.6,1171.3,9348,0
1415577600,1170.2,1180.1,1170.2,1178.9,8257,0
1415664000,1179.0,1183.4,1175.4,1180.7,6833,0
1415750400,1180.8,1187.5,1170.7,1185.9,8022,0
1415836800,1185.5,1191.9,1172.7,1174.7,9138,0
1415923200,1174.5,1178.5,1170.2,1174.2,8838,0
1416182400,1174.0,1175.9,1163.4,1165.9,9758,0
1416268800,1165.7,1177.4,1164.8,1168.5,7519,0
1416355200,1168.7,1168.8,1150.7,1160.5,8705,0
1416441600,1160.2,1171.7,1151.7,1171.4,7172,0
1416528000,1171.3,1190.3,1168.0,1172.0,9900,0
1416787200,1171.8,1187.2,1170.2,1186.5,5853,0
1416873600,1186.4,1194.3,1181.6,1187.2,7659,0
1416960000,1187.4,1193.4,1184.7,1192.4,5892,0
1417046400,1192.6,1196.1,1190.1,1195.6,1393,0
1417132800,1194.6,1195.1,1171.4,1173.2,5316,0
1417392000,1171.9,1172.3,1153.3,1154.2,12249,0
1417478400,1154.3,1173.0,1154.2,1168.9,9992,0
1417564800,1169.0,1183.4,1166.2,1179.8,8547,0
1417651200,1179.9,1182.4,1168.2,1174.7,9765,0
1417737600,1175.0,1184.9,1172.7,1183.4,7272,0
1417996800,1183.0,1188.8,1163.7,1167.8,9732,0
1418083200,1167.9,1188.8,1152.7,1185.4,12664,0
1418169600,1185.0,1187.3,1161.4,1162.0,14960,0
1418256000,1161.5,1182.4,1157.6,1159.9,14407,0
1418342400,1160.0,1165.1,1146.6,1148.4,14305,0
1418601600,1148.3,1162.4,1136.9,1141.2,19747,0
1418688000,1142.0,1158.7,1133.4,1137.2,14935,0
1418774400,1137.4,1175.5,1136.9,1174.2,11722,0
1418860800,1174.7,1195.2,1173.2,1195.0,9393,0
1418947200,1195.2,1201.0,1186.5,1196.4,13414,0
1419206400,1196.3,1202.7,1192.2,1200.5,9626,0
1419292800,1200.7,1210.3,1197.9,1203.4,8672,0
1419379200,1202.9,1209.2,1201.2,1207.7,2856,0
1419552000,1209.4,1217.4,1208.2,1216.0,2594,0
1419811200,1215.9,1222.4,1211.9,1220.2,6829,0
1419897600,1220.3,1221.2,1210.5,1212.9,6664,0
1419984000,1212.2,1222.7,1202.2,1202.4,6550,0
1420156800,1207.5,1214.3,1185.7,1196.0,14091,0
1420416000,1196.2,1197.3,1175.9,1184.7,17005,0
1420502400,1184.9,1186.2,1151.7,1161.4,19898,0
1420588800,1161.2,1177.2,1160.4,1176.5,16911,0
1420675200,1176.4,1196.9,1176.0,1194.7,11671,0
1420761600,1195.0,1198.4,1181.2,1183.7,15827,0
1421020800,1184.7,1190.2,1170.2,1181.5,15190,0
1421107200,1181.7,1202.7,1165.5,1182.0,17814,0
1421193600,1181.9,1184.0,1163.0,1178.8,23360,0
1421280000,1178.7,1189.5,1149.8,1149.8,24491,0
1421366400,1150.1,1177.3,1142.6,1175.2,17538,0
1421625600,1175.0,1181.0,1166.8,1168.9,5377,0
1421712000,1170.7,1181.7,1159.2,1169.0,16146,0
1421798400,1169.2,1176.3,1160.8,1166.0,15826,0
1421884800,1165.8,1191.7,1158.8,1191.5,16038,0
1421971200,1191.4,1197.0,1183.3,1187.0,13475,0
1422230400,1181.6,1202.3,1176.3,1202.0,13313,0
1422316800,1202.2,1203.7,1184.2,1202.0,16182,0
1422403200,1201.8,1208.7,1171.4,1172.9,19290,0
1422489600,1173.4,1193.9,1168.9,1193.5,18813,0
1422576000,1193.4,1194.5,1163.7,1165.4,20595,0
1422835200,1165.5,1178.0,1151.9,1175.5,21149,0
1422921600,1175.7,1197.6,1171.5,1196.1,17537,0
1423008000,1195.4,1200.2,1184.0,1185.9,18500,0
1423094400,1186.0,1210.1,1182.2,1205.4,14623,0
1423180800,1205.1,1215.2,1200.4,1205.6,15421,0
1423440000,1201.9,1209.2,1193.5,1196.3,14462,0
1423526400,1196.2,1207.0,1187.4,1203.4,12498,0
1423612800,1203.3,1211.7,1194.2,1208.8,12029,0
1423699200,1209.4,1216.4,1199.9,1213.4,12497,0
1423785600,1213.2,1224.0,1212.5,1222.6,8871,0
1424044800,1222.7,1227.5,1220.5,1222.8,2215,0
1424131200,1220.2,1228.0,1219.2,1225.5,9995,0
1424217600,1225.4,1228.1,1218.9,1227.9,8359,0
1424304000,1227.7,1231.0,1222.9,1229.0,8678,0
1424390400,1228.8,1232.7,1216.0,1230.4,11134,0
1424649600,1230.2,1235.0,1219.9,1233.7,6765,0
1424736000,1233.5,1239.0,1230.4,1234.7,7299,0
1424822400,1234.4,1238.1,1230.1,1235.8,7311,0
1424908800,1235.6,1240.2,1229.2,1239.0,8357,0
1424995200,1239.2,1240.7,1232.4,1235.4,7169,0
1425254400,1233.7,1244.9,1231.3,1239.9,6586,0
1425340800,1239.7,1239.8,1228.5,1233.5,7481,0
1425427200,1233.4,1233.5,1222.7,1230.4,8812,0
1425513600,1230.3,1236.7,1225.9,1234.4,7937,0
1425600000,1234.3,1236.2,1215.5,1220.5,11436,0
1425859200,1220.4,1225.5,1217.2,1222.9,8962,0
1425945600,1223.0,1223.4,1203.9,1210.0,11399,0
1426032000,1209.9,1219.9,1205.5,1219.1,10468,0
1426118400,1218.9,1238.0,1216.7,1238.0,8761,0
1426204800,1238.4,1240.3,1217.5,1232.0,9426,0
1426464000,1232.2,1241.6,1228.3,1238.0,6988,0
1426550400,1237.8,1244.0,1233.5,1242.9,8826,0
1426636800,1243.4,1257.0,1234.2,1252.5,10941,0
1426723200,1252.7,1256.7,1246.9,1256.0,9073,0
1426809600,1255.7,1267.2,1255.4,1265.3,7622,0
1427068800,1265.2,1268.9,1261.2,1264.5,6400,0
1427155200,1264.1,1268.3,1261.8,1264.8,6643,0
1427241600,1265.0,1266.2,1232.0,1235.2,9288,0
1427328000,1235.3,1238.7,1223.7,1232.4,12957,0
1427414400,1232.0,1241.4,1227.4,1239.0,8897,0
1427673600,1239.9,1258.7,1236.9,1254.4,7517,0
1427760000,1254.2,1255.4,1247.2,1250.9,9362,0
1427846400,1250.7,1254.7,1234.9,1252.6,13195,0
1427932800,1252.7,1261.4,1247.1,1254.8,8139,0
1428019200,1254.2,1257.5,1238.2,1239.2,1487,0
1428278400,1239.4,1262.7,1239.2,1258.5,5296,0
1428364800,1258.4,1263.7,1250.0,1251.0,6829,0
1428451200,1250.8,1265.2,1248.3,1263.1,9694,0
1428537600,1263.2,1265.9,1246.7,1260.9,8872,0
1428624000,1261.2,1267.2,1260.7,1265.4,6112,0
1428883200,1264.9,1272.1,1261.4,1265.4,6490,0
1428969600,1265.5,1269.1,1255.9,1265.6,7360,0
1429056000,1265.9,1279.7,1263.3,1274.9,6586,0
1429142400,1274.6,1278.2,1270.0,1272.6,7163,0
1429228800,1272.9,1272.9,1247.4,1252.9,11131,0
1429488000,1256.8,1269.0,1255.8,1264.0,6606,0
1429574400,1263.5,1272.2,1262.0,1262.8,7834,0
1429660800,1263.0,1267.0,1251.6,1264.3,9031,0
1429747200,1264.2,1273.2,1256.7,1269.8,8527,0
1429833600,1270.2,1273.2,1264.9,1266.2,7402,0
1430092800,1266.5,1277.2,1248.0,1252.5,5719,0
1430179200,1252.9,1262.2,1240.3,1261.8,9568,0
1430265600,1261.7,1262.7,1241.4,1241.5,12993,0
1430352000,1241.6,1243.4,1214.0,1223.3,14070,0
1430438400,1223.5,1229.0,1216.5,1227.5,8340,0
1430697600,1227.6,1241.1,1223.5,1230.3,10000,0
1430784000,1230.4,1233.6,1210.1,1217.5,12918,0
1430870400,1217.4,1222.5,1210.2,1220.7,13082,0
1430956800,1220.5,1230.4,1210.7,1227.6,13658,0
1431043200,1227.8,1240.6,1227.3,1232.4,9163,0
1431302400,1233.5,1244.1,1230.7,1233.9,8747,0
1431388800,1234.0,1238.1,1215.8,1235.6,13571,0
1431475200,1235.7,1241.6,1228.4,1233.7,10447,0
1431561600,1233.5,1245.5,1230.5,1243.8,7840,0
1431648000,1243.7,1248.7,1236.3,1243.4,7691,0
1431907200,1243.2,1259.4,1238.6,1258.9,6788,0
1431993600,1258.7,1262.7,1251.2,1257.9,6823,0
1432080000,1257.7,1261.2,1251.5,1257.9,8061,0
1432166400,1258.0,1261.7,1251.5,1255.2,6323,0
1432252800,1255.3,1259.2,1246.5,1250.9,6210,0
1432512000,1250.8,1255.7,1248.4,1253.7,1224,0
1432598400,1252.9,1254.4,1232.5,1241.0,10120,0
1432684800,1241.4,1256.2,1235.3,1254.7,7631,0
1432771200,1254.8,1255.9,1244.8,1254.6,8805,0
1432857600,1254.4,1256.4,1239.7,1247.1,10235,0
1433116800,1247.5,1256.7,1237.4,1251.1,11031,0
1433203200,1250.9,1259.4,1237.6,1251.0,11634,0
1433289600,1251.2,1265.5,1250.4,1264.7,10383,0
1433376000,1264.8,1265.5,1246.0,1251.5,13419,0
1433462400,1251.6,1262.1,1238.3,1261.1,11882,0
1433721600,1261.3,1263.1,1252.4,1254.6,10943,0
1433808000,1254.5,1256.6,1241.8,1253.3,10916,0
1433894400,1253.1,1272.0,1252.8,1266.8,8305,0
1433980800,1266.9,1271.4,1264.4,1268.2,8586,0
1434067200,1268.4,1269.1,1260.1,1265.7,8775,0
1434326400,1259.8,1264.2,1244.8,1260.9,10419,0
1434412800,1260.8,1271.7,1251.2,1271.0,9165,0
1434499200,1271.2,1275.2,1265.7,1266.7,8888,0
1434585600,1266.5,1287.7,1263.4,1285.4,8994,0
1434672000,1286.0,1287.9,1280.9,1282.0,7011,0
1434931200,1285.7,1293.5,1284.8,1293.0,8478,0
1435017600,1293.2,1296.7,1289.4,1295.9,6342,0
1435104000,1295.7,1296.7,1282.7,1285.7,7658,0
1435190400,1285.9,1292.2,1277.8,1284.9,8590,0
1435276800,1284.5,1288.4,1273.2,1281.7,11276,0
1435536000,1274.4,1275.9,1245.0,1250.2,16929,0
1435622400,1249.9,1258.0,1246.9,1254.9,16794,0
1435708800,1255.4,1267.7,1249.5,1256.1,12266,0
1435795200,1256.2,1259.7,1243.3,1249.3,9948,0
1435881600,1249.1,1251.0,1242.5,1245.8,3458,0
1436140800,1232.0,1254.3,1227.8,1250.9,14433,0
1436227200,1251.1,1257.0,1224.7,1247.9,16449,0
1436313600,1248.4,1248.4,1222.3,1230.4,20437,0
1436400000,1230.6,1245.8,1229.1,1231.5,14868,0
1436486400,1231.3,1252.6,1230.7,1247.8,11406,0
1436745600,1238.2,1265.9,1237.1,1265.2,11996,0
1436832000,1265.4,1274.8,1263.1,1272.4,6713,0
1436918400,1272.3,1275.2,1262.5,1266.8,8822,0
1437004800,1267.0,1277.2,1266.5,1273.7,7313,0
1437091200,1273.3,1275.3,1262.7,1265.7,6704,0
1437350400,1265.5,1269.2,1256.5,1261.9,6409,0
1437436800,1262.1,1268.4,1251.3,1252.2,8156,0
1437523200,1251.7,1261.7,1248.5,1261.7,8653,0
1437609600,1261.4,1264.2,1242.9,1247.5,10586,0
1437696000,1247.7,1249.5,1224.5,1228.2,11272,0
1437955200,1227.7,1229.2,1212.0,1215.8,12737,0
1438041600,1215.5,1227.2,1202.3,1225.7,12797,0
1438128000,1225.5,1232.5,1218.7,1227.0,11301,0
1438214400,1227.1,1233.7,1219.3,1232.1,10533,0
1438300800,1231.7,1246.2,1227.7,1239.2,10236,0
1438560000,1237.6,1240.6,1223.8,1233.3,12206,0
1438646400,1233.1,1238.8,1224.5,1226.8,11728,0
1438732800,1226.6,1243.5,1225.5,1231.5,10185,0
1438819200,1231.4,1234.7,1206.4,1215.4,12661,0
1438905600,1215.0,1216.7,1199.2,1205.7,14170,0
1439164800,1205.9,1224.0,1205.2,1221.5,9983,0
1439251200,1221.2,1222.4,1207.0,1213.9,14743,0
1439337600,1213.7,1216.7,1190.0,1208.7,18703,0
1439424000,1208.2,1215.3,1202.4,1203.8,13873,0
1439510400,1203.7,1213.4,1198.6,1212.9,11124,0
1439769600,1213.1,1225.7,1204.4,1224.9,9793,0
1439856000,1224.7,1227.2,1213.6,1214.0,10047,0
1439942400,1214.1,1216.4,1195.9,1200.9,16899,0
1440028800,1200.7,1203.1,1166.7,1169.9,19895,0
1440115200,1169.7,1175.1,1151.9,1157.5,29134,0
1440374400,1157.6,1157.6,1073.9,1101.7,50055,0
1440460800,1101.4,1155.4,1099.5,1107.2,48904,0
1440547200,1108.2,1135.0,1100.2,1131.0,47806,0
1440633600,1131.4,1158.7,1128.9,1155.9,32568,0
1440720000,1156.0,1166.8,1145.0,1165.5,25853,0
1440979200,1164.2,1167.8,1152.2,1158.6,23374,0
1441065600,1159.1,1159.1,1123.4,1130.7,33849,0
1441152000,1130.9,1148.4,1128.2,1147.5,29689,0
1441238400,1147.9,1159.2,1143.2,1145.2,24762,0
1441324800,1145.3,1146.2,1127.7,1136.5,27305,0
1441584000,1134.0,1148.4,1133.2,1143.5,7421,0
1441670400,1147.4,1162.5,1144.0,1160.0,16803,0
1441756800,1160.3,1172.6,1146.3,1148.6,19057,0
1441843200,1148.3,1159.8,1140.5,1152.5,24087,0
1441929600,1152.2,1162.0,1143.0,1161.8,15271,0
1442188800,1161.7,1168.1,1150.5,1152.7,15468,0
1442275200,1152.8,1168.2,1148.0,1167.8,13314,0
1442361600,1167.6,1176.9,1163.7,1175.5,12155,0
1442448000,1175.4,1194.8,1172.4,1177.6,18397,0
1442534400,1177.8,1181.3,1159.7,1166.0,22180,0
1442793600,1165.8,1178.4,1155.9,1165.4,17920,0
1442880000,1165.2,1165.5,1136.2,1144.2,20576,0
1442966400,1144.3,1151.5,1135.0,1140.7,17485,0
1443052800,1140.8,1143.3,1124.3,1137.8,22987,0
1443139200,1136.5,1154.1,1118.1,1118.8,22566,0
1443398400,1118.7,1125.2,1086.6,1090.3,23828,0
1443484800,1090.8,1098.7,1077.9,1082.5,25902,0
1443571200,1082.7,1102.1,1081.2,1098.9,19560,0
1443657600,1099.4,1113.1,1082.1,1100.6,24132,0
1443744000,1100.1,1118.6,1079.0,1117.4,24063,0
1444003200,1115.7,1142.4,1114.6,1138.9,16019,0
1444089600,1138.7,1144.6,1125.6,1128.1,18157,0
1444176000,1128.3,1154.4,1125.8,1154.4,19831,0
1444262400,1154.5,1165.5,1145.4,1162.9,19646,0
1444348800,1163.0,1169.4,1160.4,1164.7,14500,0
1444608000,1163.5,1168.0,1158.7,1166.1,10210,0
1444694400,1166.2,1171.1,1145.8,1146.4,13252,0
1444780800,1146.6,1155.6,1133.7,1134.9,16389,0
1444867200,1135.0,1165.4,1133.9,1165.3,15947,0
1444953600,1165.6,1166.9,1151.8,1159.6,13105,0
1445212800,1158.3,1169.7,1153.7,1164.0,14267,0
1445299200,1164.1,1170.3,1157.5,1159.0,13086,0
1445385600,1159.3,1168.1,1143.2,1145.0,16656,0
1445472000,1145.2,1161.7,1144.1,1160.5,16647,0
1445558400,1161.0,1169.0,1154.2,1164.2,17294,0
1445817600,1164.7,1165.8,1156.2,1157.6,12681,0
1445904000,1157.9,1160.9,1138.0,1146.8,13917,0
1445990400,1147.1,1178.7,1144.5,1175.7,17047,0
1446076800,1175.9,1178.0,1162.7,1164.8,13985,0
1446163200,1164.6,1171.1,1158.7,1161.7,14038,0
1446422400,1161.4,1188.8,1155.7,1183.3,11171,0
1446508800,1182.8,1198.4,1181.6,1190.7,11888,0
1446595200,1190.9,1197.2,1184.2,1190.0,14981,0
1446681600,1190.4,1193.8,1178.2,1190.4,15543,0
1446768000,1190.2,1202.3,1179.9,1202.0,16476,0
1447027200,1200.8,1204.1,1179.8,1182.5,15968,0
1447113600,1182.7,1190.4,1176.5,1189.8,14339,0
1447200000,1189.7,1194.7,1176.6,1176.9,12213,0
1447286400,1176.8,1181.0,1153.6,1156.1,15952,0
1447372800,1155.5,1159.6,1142.7,1142.8,17872,0
1447632000,1143.0,1157.0,1133.7,1154.7,17325,0
1447718400,1154.6,1167.3,1150.5,1153.0,15305,0
1447804800,1152.7,1172.6,1149.0,1171.4,14231,0
1447891200,1171.1,1176.0,1163.9,1165.9,11964,0
1447977600,1165.8,1180.4,1163.9,1175.3,10790,0
1448236800,1175.4,1185.9,1170.8,1180.4,10637,0
1448323200,1180.5,1190.4,1170.5,1187.7,13323,0
1448409600,1188.4,1199.4,1187.1,1199.1,9299,0
1448496000,1198.7,1206.4,1198.4,1205.1,2647,0
1448582400,1204.2,1205.4,1195.1,1204.1,7420,0
1448841600,1203.7,1209.6,1195.7,1200.3,11264,0
1448928000,1200.2,1205.2,1194.4,1204.3,10677,0
1449014400,1203.9,1207.4,1190.1,1195.3,11967,0
1449100800,1195.1,1201.3,1166.6,1173.1,20288,0
1449187200,1173.3,1184.2,1167.5,1184.2,17238,0
1449446400,1186.0,1187.5,1159.7,1166.6,17525,0
1449532800,1166.8,1166.8,1149.2,1157.7,18784,0
1449619200,1157.3,1166.4,1140.5,1143.9,22338,0
1449705600,1143.8,1155.7,1140.8,1148.6,18128,0
1449792000,1148.8,1151.8,1120.0,1123.1,18732,0
1450051200,1124.6,1131.0,1107.6,1114.1,13656,0
1450137600,1114.0,1134.5,1113.0,1134.1,8968,0
1450224000,1134.0,1151.6,1132.8,1148.9,11039,0
1450310400,1148.3,1155.9,1130.3,1130.6,9821,0
1450396800,1130.3,1134.6,1118.1,1119.2,12439,0
1450656000,1120.5,1130.7,1119.1,1129.8,9591,0
1450742400,1129.7,1142.1,1122.4,1139.1,9220,0
1450828800,1138.8,1154.6,1137.4,1150.6,6301,0
1450915200,1150.4,1161.3,1149.8,1151.2,3125,0
1451260800,1151.0,1152.7,1139.0,1149.8,6627,0
1451347200,1149.6,1163.6,1148.0,1162.7,5772,0
1451433600,1163.1,1163.4,1146.6,1146.9,5854,0
1451520000,1147.4,1148.5,1132.6,1134.8,6118,0
1451865600,1136.6,1140.5,1099.9,1112.0,12396,0
1451952000,1111.9,1117.0,1103.8,1112.3,10517,0
1452038400,1112.0,1113.3,1087.8,1095.9,12370,0
1452124800,1095.4,1096.8,1061.3,1062.2,15562,0
1452211200,1062.4,1077.5,1044.7,1046.1,16335,0
1452470400,1046.5,1056.0,1030.4,1040.4,16884,0
1452556800,1040.0,1057.4,1027.1,1040.8,15502,0
1452643200,1040.4,1051.9,1004.1,1012.0,17119,0
1452729600,1012.2,1034.5,999.8,1023.9,20803,0
1452816000,1023.6,1024.8,982.1,1011.2,23278,0
1453075200,1006.2,1015.7,1001.0,1009.4,13142,0
1453161600,1014.0,1025.3,984.3,993.5,19940,0
1453248000,993.4,1010.4,957.0,997.7,23945,0
1453334400,997.9,1016.4,988.6,995.0,25788,0
1453420800,995.3,1023.3,992.4,1017.8,19761,0
1453680000,1018.1,1020.9,995.6,998.5,18147,0
1453766400,998.3,1021.1,986.8,1012.4,17756,0
1453852800,1012.5,1022.9,997.7,1004.7,19229,0
1453939200,1004.8,1016.5,999.4,1001.6,21080,0
1454025600,1001.4,1036.4,998.7,1036.4,18434,0
1454284800,1035.5,1037.5,1018.8,1028.0,14614,0
1454371200,1028.2,1028.2,1004.8,1010.9,15224,0
1454457600,1011.3,1019.9,988.4,1010.6,19959,0
1454544000,1010.8,1026.3,1000.6,1011.4,20337,0
1454630400,1011.2,1016.9,986.1,988.6,19613,0
1454889600,989.7,994.1,955.7,971.8,20077,0
1454976000,971.7,977.4,956.0,962.0,21493,0
1455062400,961.9,985.3,957.7,960.6,20517,0
1455148800,960.5,962.0,938.7,953.5,22650,0
1455235200,953.4,973.9,952.5,971.4,18729,0
1455494400,973.6,988.6,973.6,984.7,8487,0
1455580800,987.5,997.4,978.2,993.3,14644,0
1455667200,993.4,1017.5,989.2,1014.6,13349,0
1455753600,1015.0,1019.0,1001.5,1007.7,13649,0
1455840000,1007.8,1011.4,997.3,1010.5,13187,0
1456099200,1010.6,1026.0,1007.3,1016.8,11073,0
1456185600,1016.5,1020.7,1009.9,1010.2,11936,0
1456272000,1010.3,1025.1,995.5,1024.8,13952,0
1456358400,1025.0,1032.0,1018.1,1031.0,12119,0
1456444800,1031.5,1042.0,1030.8,1036.6,9226,0
1456704000,1035.6,1045.6,1027.5,1034.0,10574,0
1456790400,1033.7,1056.1,1029.7,1055.6,9052,0
1456876800,1055.9,1066.5,1051.1,1065.4,8533,0
1456963200,1065.7,1076.8,1064.9,1075.6,7514,0
1457049600,1075.3,1089.0,1072.3,1081.8,8742,0
1457308800,1082.0,1095.9,1076.5,1095.6,8456,0
1457395200,1095.3,1095.8,1066.4,1069.5,9525,0
1457481600,1070.0,1077.1,1065.8,1075.2,13018,0
1457568000,1075.3,1085.6,1053.2,1064.0,19714,0
1457654400,1063.8,1088.1,1062.9,1087.2,12566,0
1457913600,1086.2,1087.5,1078.4,1082.6,9211,0
1458000000,1082.7,1084.1,1064.4,1067.1,9912,0
1458086400,1067.0,1077.8,1059.9,1072.9,11546,0
1458172800,1072.8,1096.0,1065.5,1090.9,12409,0
1458259200,1091.0,1104.6,1088.4,1101.5,11648,0
1458518400,1101.0,1105.2,1095.5,1099.5,10804,0
1458604800,1099.4,1100.9,1089.4,1096.8,11438,0
1458691200,1096.7,1097.4,1074.9,1077.0,11889,0
1458777600,1077.5,1080.2,1064.4,1080.1,11546,0
1459123200,1083.1,1087.0,1072.6,1079.5,7322,0
1459209600,1079.3,1112.3,1074.4,1111.7,11990,0
1459296000,1111.8,1118.6,1107.6,1111.2,10635,0
1459382400,1111.1,1118.3,1106.0,1112.0,9114,0
1459468800,1112.2,1118.6,1100.9,1117.1,11947,0
1459728000,1115.0,1120.4,1107.1,1108.3,9310,0
1459814400,1108.4,1108.5,1094.4,1097.6,12038,0
1459900800,1097.7,1108.9,1091.8,1106.6,11461,0
1459987200,1106.5,1109.2,1087.1,1093.7,11816,0
1460073600,1093.8,1107.0,1091.1,1097.5,11197,0
1460332800,1098.5,1111.9,1089.9,1090.4,12653,0
1460419200,1090.3,1107.4,1089.6,1105.4,12445,0
1460505600,1105.2,1130.9,1104.4,1130.5,10989,0
1460592000,1130.6,1132.9,1124.8,1127.8,9784,0
1460678400,1127.7,1132.1,1123.7,1130.7,7858,0
1460937600,1124.2,1139.9,1120.4,1139.2,9615,0
1461024000,1139.1,1147.5,1134.4,1140.4,10030,0
1461110400,1140.3,1148.3,1135.2,1141.8,9759,0
1461196800,1141.7,1145.3,1132.6,1134.8,11834,0
1461283200,1134.9,1148.1,1133.0,1147.7,11202,0
1461542400,1149.9,1150.3,1134.1,1139.3,10089,0
1461628800,1139.2,1152.8,1137.7,1151.4,9879,0
1461715200,1151.3,1156.8,1145.1,1156.5,11408,0
1461801600,1156.4,1157.2,1137.8,1143.7,11934,0
1461888000,1143.6,1144.9,1122.9,1132.7,13815,0
1462147200,1132.8,1140.5,1127.7,1140.0,11696,0
1462233600,1139.9,1140.9,1115.8,1121.9,12067,0
1462320000,1121.8,1126.5,1110.1,1114.3,13034,0
1462406400,1114.4,1122.3,1106.5,1106.9,11257,0
1462492800,1107.0,1116.6,1100.6,1116.2,13180,0
1462752000,1116.9,1124.5,1111.5,1117.2,10776,0
1462838400,1117.1,1129.6,1115.3,1128.3,8682,0
1462924800,1128.2,1128.9,1112.5,1113.0,8999,0
1463011200,1113.1,1120.3,1100.2,1107.4,10988,0
1463097600,1107.3,1114.9,1099.0,1102.5,12960,0
1463356800,1102.1,1120.9,1098.4,1115.1,9054,0
1463443200,1115.0,1120.9,1092.9,1099.1,12698,0
1463529600,1099.2,1112.2,1091.2,1103.8,16397,0
1463616000,1104.2,1104.8,1085.1,1095.8,16298,0
1463702400,1095.6,1114.4,1095.2,1114.3,10601,0
1463961600,1116.6,1119.5,1110.1,1110.6,11611,0
1464048000,1110.7,1138.1,1108.5,1136.2,9013,0
1464134400,1136.4,1144.8,1136.2,1141.9,9406,0
1464220800,1141.8,1145.9,1138.2,1142.1,8564,0
1464307200,1142.2,1152.9,1139.9,1152.3,7007,0
1464566400,1153.7,1156.1,1152.7,1155.7,1470,0
1464652800,1155.1,1161.3,1150.7,1155.8,7990,0
1464739200,1156.0,1163.6,1149.9,1161.2,8842,0
1464825600,1161.3,1172.2,1157.5,1171.7,9171,0
1464912000,1171.6,1173.0,1153.8,1162.3,10725,0
1465171200,1161.7,1179.5,1159.8,1176.3,7720,0
1465257600,1176.4,1183.6,1173.3,1179.6,6134,0
1465344000,1179.7,1190.4,1176.6,1187.6,6387,0
1465430400,1187.4,1188.2,1176.8,1179.1,7467,0
1465516800,1179.2,1179.2,1160.6,1164.6,8970,0
1465776000,1161.1,1165.3,1146.8,1147.1,12753,0
1465862400,1147.2,1153.9,1139.6,1147.2,12324,0
1465948800,1147.3,1183.4,1145.0,1147.5,11620,0
1466035200,1147.4,1150.4,1131.8,1149.3,14477,0
1466121600,1149.4,1153.0,1139.5,1143.1,13235,0
1466380800,1151.1,1168.5,1150.9,1161.0,10042,0
1466467200,1161.1,1162.6,1146.8,1153.1,12974,0
1466553600,1153.2,1162.5,1147.7,1148.4,14361,0
1466640000,1149.7,1179.3,1149.6,1179.3,17773,0
1466726400,1178.9,1183.1,1085.9,1121.4,49261,0
1466985600,1118.9,1119.5,1082.0,1082.4,29990,0
1467072000,1082.5,1111.7,1082.1,1110.4,19040,0
1467158400,1110.3,1136.2,1106.9,1136.2,15935,0
1467244800,1136.1,1153.1,1125.0,1152.1,19094,0
1467331200,1152.0,1162.0,1148.1,1157.9,14782,0
1467590400,1158.4,1163.2,1155.2,1160.7,4688,0
1467676800,1156.7,1157.7,1132.6,1140.1,14582,0
1467763200,1140.0,1148.4,1129.3,1146.8,21329,0
1467849600,1146.9,1158.3,1142.2,1150.5,16812,0
1467936000,1150.4,1179.6,1148.1,1176.9,13870,0
1468195200,1175.5,1192.1,1174.9,1190.7,12708,0
1468281600,1190.6,1212.3,1189.1,1204.8,12380,0
1468368000,1204.9,1211.8,1197.4,1201.9,13769,0
1468454400,1202.0,1215.0,1199.0,1202.6,14214,0
1468540800,1202.5,1208.4,1198.1,1204.7,13331,0
1468800000,1205.7,1211.6,1201.4,1208.0,10662,0
1468886400,1207.9,1208.2,1197.5,1202.1,10244,0
1468972800,1202.2,1212.7,1197.7,1211.4,18539,0
1469059200,1211.3,1214.3,1200.2,1202.4,11035,0
1469145600,1202.6,1214.2,1200.4,1211.9,9863,0
1469404800,1212.1,1215.4,1205.1,1211.2,10918,0
1469491200,1211.3,1218.6,1206.9,1218.6,12070,0
1469577600,1218.5,1222.6,1211.3,1218.8,13169,0
1469664000,1218.7,1222.1,1213.1,1216.2,11970,0
1469750400,1216.3,1225.4,1208.2,1221.3,13356,0
1470009600,1222.9,1226.6,1211.9,1220.3,12557,0
1470096000,1220.4,1223.5,1198.1,1202.3,16017,0
1470182400,1202.2,1213.3,1197.7,1212.9,14427,0
1470268800,1213.0,1219.5,1209.5,1212.7,14093,0
1470355200,1212.6,1233.0,1211.8,1229.2,10628,0
1470614400,1229.1,1235.3,1228.0,1230.7,9050,0
1470700800,1230.6,1234.1,1229.0,1231.5,8574,0
1470787200,1231.7,1233.9,1219.1,1223.3,10413,0
1470873600,1223.2,1231.7,1221.5,1228.5,9731,0
1470960000,1228.6,1232.3,1223.7,1228.8,9507,0
1471219200,1228.9,1244.7,1228.7,1241.5,7571,0
1471305600,1241.4,1242.4,1230.1,1232.9,10601,0
1471392000,1233.0,1234.7,1220.5,1228.6,12121,0
1471478400,1228.5,1237.6,1225.4,1237.1,10317,0
1471564800,1237.0,1238.2,1230.2,1236.2,10404,0
1471824000,1235.5,1241.1,1230.7,1239.2,12086,0
1471910400,1239.1,1252.4,1238.2,1248.4,10044,0
1471996800,1248.3,1249.4,1234.5,1237.0,11153,0
1472083200,1237.1,1244.0,1232.8,1240.7,12948,0
1472169600,1240.8,1251.3,1229.9,1239.2,16364,0
1472428800,1238.7,1248.8,1235.6,1246.3,9470,0
1472515200,1246.4,1248.6,1240.4,1246.5,10285,0
1472601600,1246.4,1247.5,1232.1,1239.9,12372,0
1472688000,1239.8,1246.4,1226.6,1238.4,13836,0
1472774400,1238.3,1252.9,1237.7,1252.0,15865,0
1473033600,1251.8,1254.9,1249.0,1251.1,3555,0
1473120000,1250.5,1256.6,1246.5,1254.1,11154,0
1473206400,1254.0,1261.8,1251.6,1261.4,9865,0
1473292800,1261.5,1263.9,1254.2,1256.6,13624,0
1473379200,1256.7,1257.5,1214.7,1215.3,14092,0
1473638400,1214.6,1237.4,1203.8,1236.4,23965,0
1473724800,1236.3,1236.5,1204.9,1215.3,23055,0
1473811200,1215.4,1220.8,1208.5,1210.8,21550,0
1473897600,1210.7,1228.4,1205.8,1224.9,19017,0
1473984000,1225.0,1226.0,1217.0,1225.4,17950,0
1474243200,1224.1,1242.2,1223.7,1233.8,14590,0
1474329600,1233.7,1238.9,1225.1,1225.8,15128,0
1474416000,1225.9,1247.1,1222.5,1246.4,17934,0
1474502400,1246.3,1263.5,1244.7,1261.9,12326,0
1474588800,1262.0,1264.4,1253.1,1253.6,12351,0
1474848000,1250.6,1252.0,1239.6,1240.6,11568,0
1474934400,1240.7,1250.8,1236.0,1246.3,13092,0
1475020800,1245.6,1256.6,1239.3,1255.4,13202,0
1475107200,1255.5,1258.1,1235.5,1238.7,16872,0
1475193600,1238.8,1256.5,1230.5,1248.8,13660,0
1475452800,1248.7,1252.3,1238.9,1247.0,13415,0
1475539200,1247.1,1251.1,1234.1,1239.8,19433,0
1475625600,1239.9,1254.9,1237.7,1247.4,13240,0
1475712000,1247.5,1248.7,1236.1,1246.8,14766,0
1475798400,1246.9,1251.4,1230.1,1234.6,19729,0
1476057600,1238.4,1256.1,1235.9,1252.6,11548,0
1476144000,1252.7,1252.9,1220.2,1228.0,16104,0
1476230400,1227.9,1233.4,1222.3,1222.6,16385,0
1476316800,1222.7,1224.6,1208.1,1216.8,19117,0
1476403200,1216.9,1225.9,1209.9,1212.9,18710,0
1476662400,1211.9,1215.9,1206.0,1211.8,17254,0
1476748800,1211.9,1223.3,1211.6,1215.2,12522,0
1476835200,1215.3,1227.0,1211.9,1221.1,10480,0
1476921600,1221.0,1225.8,1211.1,1220.3,10999,0
1477008000,1220.2,1221.1,1208.1,1218.5,12342,0
1477267200,1219.2,1233.5,1218.4,1226.3,10966,0
1477353600,1226.2,1229.0,1212.9,1216.2,11529,0
1477440000,1216.3,1217.0,1201.3,1204.0,12119,0
1477526400,1204.1,1210.1,1185.6,1188.7,12467,0
1477612800,1188.6,1196.8,1180.3,1188.0,15148,0
1477872000,1184.2,1193.8,1181.7,1193.5,9748,0
1477958400,1193.6,1197.5,1169.0,1174.6,12255,0
1478044800,1174.9,1176.5,1160.3,1161.0,16105,0
1478131200,1161.1,1169.4,1155.3,1157.1,13096,0
1478217600,1157.0,1175.4,1154.4,1164.1,13117,0
1478476800,1178.4,1194.9,1178.4,1194.0,9914,0
1478563200,1193.9,1201.3,1183.5,1193.9,12848,0
1478649600,1194.0,1234.9,1125.5,1231.0,55449,0
1478736000,1230.9,1260.4,1228.8,1253.9,27100,0
1478822400,1253.8,1283.5,1250.8,1283.4,21588,0
1479081600,1284.3,1308.4,1281.7,1298.3,19255,0
1479168000,1298.4,1304.6,1288.7,1300.3,14156,0
1479254400,1300.2,1305.8,1293.8,1302.2,11518,0
1479340800,1302.3,1314.1,1302.3,1310.3,12512,0
1479427200,1310.2,1316.7,1306.0,1315.4,9913,0
1479686400,1314.8,1325.9,1311.8,1323.0,9934,0
1479772800,1323.1,1335.9,1322.6,1335.0,9823,0
1479859200,1335.1,1342.8,1326.8,1341.6,12844,0
1479945600,1341.5,1348.0,1339.3,1345.9,3016,0
1480032000,1345.8,1348.1,1341.3,1347.9,7027,0
1480291200,1345.8,1345.8,1327.0,1330.0,13789,0
1480377600,1329.9,1336.4,1326.0,1327.6,14112,0
1480464000,1327.7,1335.5,1321.0,1324.8,17181,0
1480550400,1324.7,1331.4,1309.1,1316.6,21611,0
1480636800,1316.7,1320.9,1311.1,1314.2,17037,0
1480896000,1309.9,1341.7,1308.3,1341.1,16186,0
1480982400,1341.0,1355.5,1333.6,1350.2,13709,0
1481068800,1350.1,1366.8,1348.1,1364.1,15766,0
1481155200,1364.2,1388.8,1360.8,1388.0,19283,0
1481241600,1387.9,1393.5,1382.7,1387.3,12773,0
1481500800,1387.8,1395.9,1370.4,1374.7,17297,0
1481587200,1374.6,1385.7,1367.5,1375.4,16958,0
1481673600,1375.3,1378.5,1352.7,1359.0,23715,0
1481760000,1359.1,1376.8,1354.3,1370.4,25182,0
1481846400,1370.5,1380.6,1361.1,1366.4,17702,0
1482105600,1365.1,1376.9,1363.9,1373.5,14386,0
1482192000,1373.6,1387.0,1372.7,1383.2,11158,0
1482278400,1383.3,1386.5,1372.4,1373.2,10775,0
1482364800,1373.3,1377.2,1357.5,1363.7,12564,0
1482451200,1363.8,1371.6,1361.7,1370.6,8995,0
1482796800,1368.2,1383.0,1367.5,1373.9,7378,0
1482883200,1374.0,1378.8,1357.0,1360.8,12187,0
1482969600,1361.1,1371.5,1355.7,1362.6,13659,0
1483056000,1362.5,1368.5,1352.8,1356.9,14768,0
1483401600,1361.6,1377.6,1353.2,1366.2,18904,0
1483488000,1366.4,1388.8,1365.7,1386.6,14554,0
1483574400,1386.3,1386.7,1363.6,1372.9,15568,0
1483660800,1373.0,1377.4,1366.2,1366.5,14880,0
1483920000,1364.4,1368.5,1354.7,1356.3,14550,0
1484006400,1356.4,1373.6,1353.0,1369.1,15674,0
1484092800,1369.2,1376.8,1362.9,1375.4,22599,0
1484179200,1375.3,1375.7,1344.1,1359.0,19529,0
1484265600,1358.9,1378.8,1358.6,1374.0,15586,0
1484524800,1371.9,1372.9,1368.0,1370.4,3693,0
1484611200,1370.4,1371.8,1349.1,1352.6,16898,0
1484697600,1352.4,1358.5,1347.4,1357.6,15203,0
1484784000,1357.5,1363.7,1340.4,1346.3,15886,0
1484870400,1346.2,1357.8,1345.8,1353.4,17877,0
1485129600,1352.6,1355.7,1340.3,1348.2,17054,0
1485216000,1348.1,1372.5,1346.8,1368.7,14820,0
1485302400,1368.6,1384.9,1368.2,1383.0,14995,0
1485388800,1382.9,1387.1,1373.6,1377.3,16143,0
1485475200,1377.2,1379.8,1365.5,1368.5,13833,0
1485734400,1363.0,1365.0,1341.0,1351.2,17154,0
1485820800,1351.1,1364.8,1343.6,1363.1,19897,0
1485907200,1363.0,1378.1,1355.5,1360.1,20659,0
1485993600,1360.0,1365.4,1352.0,1353.6,20009,0
1486080000,1353.5,1378.4,1350.9,1378.2,16884,0
1486339200,1378.9,1380.0,1362.1,1365.4,17230,0
1486425600,1365.3,1373.6,1356.3,1359.2,16206,0
1486512000,1359.1,1363.8,1347.5,1358.2,18731,0
1486598400,1358.3,1381.2,1355.7,1377.6,14574,0
1486684800,1377.5,1392.5,1376.8,1389.2,15043,0
1486944000,1389.8,1400.7,1389.4,1391.6,15064,0
1487030400,1391.5,1399.6,1384.7,1398.3,16488,0
1487116800,1398.4,1407.2,1387.4,1406.0,17060,0
1487203200,1405.9,1406.5,1390.3,1398.0,20856,0
1487289600,1397.9,1400.4,1386.2,1397.9,20153,0
1487548800,1397.1,1405.6,1396.6,1402.1,5215,0
1487635200,1401.1,1411.3,1397.5,1408.2,15354,0
1487721600,1408.4,1411.0,1400.7,1404.9,16038,0
1487808000,1404.6,1408.8,1385.5,1395.4,18282,0
1487894400,1395.3,1395.6,1381.4,1395.2,18654,0
1488153600,1393.5,1408.3,1390.4,1404.4,17451,0
1488240000,1404.3,1407.2,1382.9,1385.3,16166,0
1488326400,1385.4,1417.3,1384.9,1411.5,20225,0
1488412800,1411.4,1413.1,1392.0,1392.9,17866,0
1488499200,1392.7,1400.9,1385.5,1390.9,20075,0
1488758400,1389.8,1389.8,1376.2,1380.2,17656,0
1488844800,1380.3,1385.3,1373.3,1373.8,16414,0
1488931200,1373.9,1383.2,1364.4,1364.8,20289,0
1489017600,1364.9,1372.1,1356.1,1361.2,20981,0
1489104000,1361.3,1372.4,1354.7,1363.5,21496,0
1489363200,1361.6,1374.0,1359.0,1369.3,16237,0
1489449600,1369.4,1369.7,1351.3,1362.4,18927,0
1489536000,1362.5,1384.9,1362.3,1380.3,19268,0
1489622400,1380.2,1390.1,1379.8,1386.3,19068,0
1489708800,1386.2,1395.1,1377.7,1392.1,16040,0
1489968000,1390.6,1391.4,1380.0,1383.8,15058,0
1490054400,1383.9,1392.4,1345.1,1345.8,30310,0
1490140800,1346.3,1348.8,1333.5,1343.5,28540,0
1490227200,1343.6,1363.1,1342.2,1353.2,23862,0
1490313600,1353.3,1364.8,1348.5,1356.5,24739,0
1490572800,1350.9,1361.1,1333.9,1360.6,26187,0
1490659200,1360.5,1369.2,1351.2,1366.4,21233,0
1490745600,1366.2,1373.9,1362.0,1371.8,16404,0
1490832000,1371.9,1382.2,1368.3,1381.5,15187,0
1490918400,1381.4,1390.4,1375.4,1384.2,14969,0
1491177600,1383.2,1389.5,1364.2,1367.8,22184,0
1491264000,1367.7,1373.6,1360.9,1370.0,19920,0
1491350400,1370.1,1382.4,1345.5,1346.0,24620,0
1491436800,1345.9,1366.5,1339.4,1366.5,27009,0
1491523200,1366.4,1369.3,1350.6,1362.7,25545,0
1491782400,1362.2,1377.5,1360.0,1366.5,19184,0
1491868800,1366.3,1379.5,1359.2,1379.1,25639,0
1491955200,1379.0,1382.8,1355.4,1355.6,23154,0
1492041600,1355.7,1361.5,1342.1,1345.1,24366,0
1492387200,1343.7,1363.1,1341.2,1362.1,13998,0
1492473600,1362.2,1364.0,1349.0,1359.7,23923,0
1492560000,1359.8,1377.2,1359.2,1364.2,19375,0
1492646400,1364.1,1384.2,1363.5,1381.2,20443,0
1492732800,1381.0,1384.6,1374.4,1380.2,18014,0
1492992000,1397.4,1403.6,1392.7,1397.0,19291,0
1493078400,1396.7,1416.9,1396.1,1410.2,13284,0
1493164800,1410.3,1426.4,1407.7,1416.9,21706,0
1493251200,1417.0,1426.1,1413.0,1420.6,18361,0
1493337600,1420.5,1421.1,1398.2,1398.7,16868,0
1493596800,1399.4,1410.7,1395.4,1409.2,12802,0
1493683200,1409.0,1411.2,1394.4,1397.7,14929,0
1493769600,1397.8,1398.1,1385.9,1390.6,15258,0
1493856000,1390.7,1398.8,1380.0,1391.6,18814,0
1493942400,1391.7,1398.2,1384.1,1397.9,16597,0
1494201600,1402.9,1403.6,1385.0,1391.9,17096,0
1494288000,1392.1,1396.3,1385.5,1389.8,14698,0
1494374400,1390.0,1401.2,1384.1,1398.6,15755,0
1494460800,1398.4,1399.2,1377.1,1387.8,17840,0
1494547200,1388.0,1388.5,1379.0,1382.5,15580,0
1494806400,1385.4,1400.8,1383.9,1396.1,13874,0
1494892800,1395.9,1398.5,1384.1,1395.0,14914,0
1494979200,1395.2,1395.2,1353.7,1354.6,28300,0
1495065600,1354.7,1365.9,1345.0,1359.0,32958,0
1495152000,1359.1,1374.5,1356.8,1366.6,18861,0
1495411200,1366.5,1379.7,1363.4,1377.9,16969,0
1495497600,1377.8,1383.9,1370.8,1380.8,16529,0
1495584000,1380.9,1387.2,1374.4,1381.2,16039,0
1495670400,1381.1,1392.4,1378.4,1381.2,18474,0
1495756800,1381.4,1384.1,1373.9,1380.1,16325,0
1496016000,1381.6,1383.1,1378.5,1378.8,2917,0
1496102400,1379.2,1380.4,1368.0,1371.1,16165,0
1496188800,1371.0,1376.5,1351.8,1371.9,21243,0
1496275200,1371.8,1399.0,1367.5,1397.7,19484,0
1496361600,1397.6,1415.4,1397.0,1405.8,22440,0
1496620800,1402.9,1405.9,1392.7,1393.4,13942,0
1496707200,1393.5,1402.9,1383.8,1394.2,19201,0
1496793600,1394.1,1401.7,1390.5,1394.8,19813,0
1496880000,1394.7,1420.8,1393.4,1415.7,19264,0
1496966400,1415.6,1435.4,1409.3,1422.5,34366,0
1497225600,1421.6,1427.8,1415.4,1421.7,28822,0
1497312000,1421.6,1429.0,1420.4,1427.8,20102,0
1497398400,1427.7,1429.9,1409.9,1415.5,26983,0
1497484800,1415.7,1415.7,1399.9,1412.4,25870,0
1497571200,1412.3,1416.8,1397.3,1409.2,19467,0
1497830400,1410.5,1421.2,1409.4,1416.7,17346,0
1497916800,1416.6,1419.4,1401.9,1403.2,17025,0
1498003200,1403.4,1413.3,1396.0,1398.9,21969,0
1498089600,1399.0,1409.9,1394.0,1405.7,17460,0
1498176000,1405.5,1416.1,1400.9,1412.3,16096,0
1498435200,1411.6,1420.0,1406.8,1414.1,19531,0
1498521600,1414.2,1421.1,1402.4,1403.8,23717,0
1498608000,1403.9,1430.3,1400.5,1430.1,22463,0
1498694400,1430.0,1431.6,1400.4,1417.9,30601,0
1498780800,1418.0,1420.7,1410.9,1412.0,22580,0
1499040000,1412.5,1429.6,1411.9,1422.9,14853,0
1499126400,1425.0,1426.7,1412.2,1414.1,7460,0
1499212800,1413.4,1422.6,1411.4,1419.2,24293,0
1499299200,1419.1,1420.0,1398.5,1400.4,24007,0
1499385600,1400.3,1417.4,1399.8,1414.3,19563,0
1499644800,1413.4,1419.8,1403.9,1409.0,16981,0
1499731200,1408.9,1414.4,1400.3,1413.9,18133,0
1499817600,1414.0,1432.9,1411.6,1422.2,17037,0
1499904000,1422.0,1426.9,1413.6,1426.8,15750,0
1499990400,1426.9,1434.3,1421.7,1429.5,12646,0
1500249600,1428.9,1435.4,1423.3,1432.7,13081,0
1500336000,1432.8,1432.9,1421.0,1428.3,15952,0
1500422400,1428.4,1442.9,1426.2,1441.4,12657,0
1500508800,1441.5,1445.4,1438.3,1443.2,15468,0
1500595200,1443.1,1444.8,1433.0,1436.0,13559,0
1500854400,1435.6,1438.8,1428.6,1436.7,13344,0
1500940800,1436.6,1453.1,1436.3,1451.3,14707,0
1501027200,1451.4,1453.0,1440.2,1442.7,15084,0
1501113600,1442.8,1447.5,1425.0,1433.1,23564,0
1501200000,1433.0,1433.3,1424.3,1430.8,18467,0
1501459200,1430.4,1433.7,1419.3,1424.5,15086,0
1501545600,1424.6,1432.4,1419.4,1428.0,15268,0
1501632000,1427.9,1429.8,1406.4,1412.5,18080,0
1501718400,1412.4,1414.6,1400.6,1404.8,15157,0
1501804800,1404.7,1413.2,1403.1,1412.5,14309,0
1502064000,1413.2,1418.7,1407.1,1414.8,11692,0
1502150400,1414.7,1427.9,1406.8,1411.2,17130,0
1502236800,1411.1,1412.4,1392.2,1399.6,21827,0
1502323200,1399.4,1400.1,1367.2,1368.2,27058,0
1502409600,1368.1,1376.5,1364.8,1372.8,23578,0
1502668800,1374.9,1395.0,1374.7,1394.8,15958,0
1502755200,1394.7,1400.7,1381.5,1382.4,15927,0
1502841600,1382.3,1392.2,1380.2,1381.8,18353,0
1502928000,1381.7,1385.1,1351.6,1354.1,28610,0
1503014400,1354.2,1362.2,1348.8,1357.2,26200,0
1503273600,1359.7,1361.2,1349.1,1356.1,18734,0
1503360000,1356.0,1372.2,1355.1,1371.2,14410,0
1503446400,1371.1,1373.5,1359.6,1366.8,17427,0
1503532800,1366.9,1377.6,1364.3,1374.3,18697,0
1503619200,1374.2,1381.2,1370.3,1376.2,16426,0
1503878400,1375.4,1384.3,1373.1,1383.6,14918,0
1503964800,1383.5,1386.7,1368.4,1382.4,22909,0
1504051200,1382.3,1393.0,1378.9,1389.7,15544,0
1504137600,1389.8,1406.6,1389.8,1404.4,15580,0
1504224000,1404.5,1414.5,1404.1,1411.6,14077,0
1504483200,1403.5,1420.1,1402.9,1417.2,6219,0
1504569600,1417.5,1419.5,1393.6,1400.8,24693,0
1504656000,1400.9,1407.9,1398.0,1400.9,19778,0
1504742400,1401.0,1404.4,1393.2,1398.3,20133,0
1504828800,1398.2,1405.0,1392.9,1402.2,16427,0
1505088000,1408.6,1416.6,1407.5,1416.0,15235,0
1505174400,1415.9,1424.2,1414.4,1423.4,15538,0
1505260800,1423.5,1429.5,1420.0,1426.2,12309,0
1505347200,1426.3,1428.7,1421.3,1426.7,12938,0
1505433600,1426.4,1434.0,1421.7,1432.5,13693,0
1505692800,1432.7,1445.2,1431.9,1441.9,13428,0
1505779200,1441.8,1444.7,1437.8,1440.6,12085,0
1505865600,1440.7,1448.0,1439.6,1447.0,14971,0
1505952000,1446.9,1450.2,1441.9,1444.0,14085,0
1506038400,1444.1,1453.0,1438.0,1450.4,14392,0
1506297600,1449.5,1456.0,1443.4,1454.0,19558,0
1506384000,1453.8,1461.1,1450.7,1457.5,14835,0
1506470400,1457.4,1488.9,1456.4,1486.1,19442,0
1506556800,1486.0,1490.8,1477.4,1490.2,17406,0
1506643200,1490.0,1494.3,1486.6,1492.1,12982,0
1506902400,1491.7,1512.3,1490.6,1511.6,17748,0
1506988800,1511.7,1514.9,1503.1,1514.9,11193,0
1507075200,1514.8,1516.1,1503.8,1508.5,13688,0
1507161600,1508.4,1516.3,1508.3,1513.0,12261,0
1507248000,1512.9,1513.6,1505.6,1510.5,15105,0
1507507200,1509.4,1517.0,1501.0,1505.7,11455,0
1507593600,1505.8,1512.1,1502.9,1507.4,12936,0
1507680000,1507.1,1510.9,1503.4,1506.3,10154,0
1507766400,1506.4,1509.5,1499.3,1505.9,10213,0
1507852800,1505.8,1510.0,1501.1,1504.2,10676,0
1508112000,1504.6,1512.5,1499.2,1502.9,11095,0
1508198400,1502.6,1506.6,1493.7,1497.4,10561,0
1508284800,1497.5,1508.2,1497.1,1504.7,10801,0
1508371200,1504.9,1505.6,1489.9,1502.6,17308,0
1508457600,1502.7,1512.8,1501.3,1509.1,13136,0
1508716800,1507.8,1511.7,1495.9,1498.1,11308,0
1508803200,1498.2,1507.6,1496.7,1498.4,13695,0
1508889600,1498.6,1499.4,1480.8,1496.9,20808,0
1508976000,1496.8,1502.3,1493.6,1498.8,17243,0
1509062400,1498.7,1507.7,1492.2,1507.0,17440,0
1509321600,1505.3,1507.3,1481.6,1489.9,17836,0
1509408000,1490.2,1506.3,1488.7,1501.6,12487,0
1509494400,1501.4,1514.7,1481.9,1487.9,20582,0
1509580800,1488.0,1500.9,1480.8,1495.0,21386,0
1509667200,1495.1,1498.5,1488.8,1494.5,13720,0
1509926400,1492.8,1503.1,1489.0,1497.4,14711,0
1510012800,1497.5,1500.7,1475.7,1478.0,17660,0
1510099200,1477.9,1483.4,1467.4,1482.7,16127,0
1510185600,1482.8,1485.7,1461.9,1477.6,32576,0
1510272000,1477.5,1480.3,1470.7,1474.8,20459,0
1510531200,1474.9,1478.0,1463.4,1472.9,16611,0
1510617600,1473.0,1474.8,1464.6,1470.6,17252,0
1510704000,1470.4,1471.0,1453.4,1463.3,22007,0
1510790400,1463.2,1492.9,1463.2,1486.1,17903,0
1510876800,1486.2,1499.1,1480.5,1492.2,17018,0
1511136000,1492.1,1503.6,1485.4,1503.0,16287,0
1511222400,1503.1,1520.1,1501.0,1517.6,15073,0
1511308800,1517.4,1525.2,1513.1,1513.3,13924,0
1511395200,1513.5,1520.3,1494.4,1519.8,5419,0
1511481600,1518.4,1523.3,1515.0,1517.1,10439,0
1511740800,1516.7,1523.4,1511.6,1513.9,15838,0
1511827200,1513.8,1536.9,1509.9,1535.4,19800,0
1511913600,1535.3,1549.4,1533.3,1539.6,26102,0
1512000000,1539.3,1552.3,1537.1,1541.6,27490,0
1512086400,1541.7,1544.3,1493.5,1537.7,42872,0
1512345600,1549.8,1561.8,1528.9,1531.5,33707,0
1512432000,1531.6,1539.2,1515.7,1516.9,28415,0
1512518400,1517.0,1520.0,1507.1,1509.9,29900,0
1512604800,1509.8,1526.0,1507.3,1521.1,24441,0
1512691200,1521.0,1529.9,1520.3,1521.4,15455,0
1512950400,1523.0,1528.7,1517.5,1524.0,13324,0
1513036800,1524.4,1526.8,1515.4,1517.6,14195,0
1513123200,1517.5,1533.2,1510.1,1523.8,17120,0
1513209600,1523.7,1527.6,1500.9,1505.3,20040,0
1513296000,1505.4,1538.3,1505.0,1532.6,20415,0
1513555200,1531.9,1552.6,1531.6,1548.9,18044,0
1513641600,1548.8,1553.2,1533.0,1535.7,17310,0
1513728000,1535.8,1545.1,1534.1,1536.5,17903,0
1513814400,1536.4,1552.1,1535.5,1546.6,15275,0
1513900800,1546.7,1550.3,1539.5,1540.5,12632,0
1514246400,1540.9,1546.7,1539.8,1544.2,9768,0
1514332800,1544.4,1550.8,1537.8,1544.0,10162,0
1514419200,1543.9,1548.9,1540.6,1547.6,6922,0
1514505600,1547.7,1555.4,1528.1,1532.9,11060,0
1514851200,1541.3,1551.4,1531.9,1547.4,14465,0
1514937600,1547.5,1556.1,1546.4,1552.2,12115,0
1515024000,1552.4,1562.2,1551.1,1556.1,13137,0
1515110400,1556.0,1561.5,1551.1,1561.1,12089,0
1515369600,1560.4,1565.1,1546.2,1561.9,13199,0
1515456000,1562.0,1566.5,1557.8,1558.4,12255,0
1515542400,1557.9,1578.6,1547.4,1560.2,17608,0
1515628800,1560.3,1587.4,1558.0,1584.1,14120,0
1515715200,1584.0,1599.1,1582.4,1592.6,15461,0
1515974400,1592.9,1598.4,1586.8,1589.6,5670,0
1516060800,1591.6,1604.2,1569.3,1577.1,22013,0
1516147200,1576.9,1590.7,1574.5,1585.7,19225,0
1516233600,1585.8,1588.3,1572.6,1574.6,19932,0
1516320000,1574.7,1598.1,1570.8,1595.5,18130,0
1516579200,1588.8,1605.5,1587.8,1603.3,13874,0
1516665600,1603.2,1613.8,1596.4,1609.1,17408,0
1516752000,1609.0,1616.7,1594.1,1599.1,22702,0
1516838400,1598.8,1609.9,1592.2,1603.3,20699,0
1516924800,1603.4,1608.7,1598.8,1607.7,15236,0
1517184000,1607.1,1611.1,1595.2,1596.8,18833,0
1517270400,1596.9,1597.7,1576.9,1583.2,29047,0
1517356800,1583.1,1594.2,1569.2,1575.7,22105,0
1517443200,1575.6,1584.2,1564.8,1581.1,25960,0
1517529600,1581.2,1582.5,1541.9,1542.9,35868,0
1517788800,1543.9,1547.3,1447.9,1467.6,51112,0
1517875200,1467.3,1513.5,1411.0,1502.4,68300,0
1517961600,1504.1,1517.8,1487.6,1496.7,53482,0
1518048000,1496.6,1511.9,1463.1,1466.6,50336,0
1518134400,1466.4,1488.9,1435.0,1476.1,64759,0
1518393600,1480.6,1499.6,1463.5,1488.7,41780,0
1518480000,1488.5,1498.5,1476.2,1497.4,31761,0
1518566400,1497.5,1524.7,1471.0,1522.0,39197,0
1518652800,1522.1,1542.7,1514.9,1540.9,31211,0
1518739200,1541.2,1551.6,1534.2,1543.4,30113,0
1519257600,1525.9,1548.9,1515.9,1537.4,32138,0
1519344000,1537.3,1550.8,1529.7,1549.9,28811,0
1519603200,1551.4,1562.3,1542.6,1559.6,22900,0
1519689600,1559.7,1567.0,1534.4,1537.1,37090,0
1519776000,1537.0,1544.0,1507.4,1512.3,36758,0
1519862400,1512.2,1523.2,1491.0,1505.6,56726,0
1519948800,1504.7,1535.1,1489.7,1530.3,53139,0
1520208000,1525.1,1550.1,1514.0,1542.6,44331,0
1520294400,1543.1,1561.8,1535.2,1557.2,42247,0
1520380800,1556.9,1577.3,1537.5,1572.5,48495,0
1520467200,1570.4,1582.2,1562.4,1573.0,35145,0
1520553600,1572.4,1597.7,1569.4,1596.4,21749,0
1520812800,1596.6,1605.9,1592.6,1601.1,21525,0
1520899200,1597.4,1611.1,1589.3,1594.2,28997,0
1520985600,1592.9,1604.1,1581.8,1584.7,25052,30
1521072000,1585.3,1589.2,1571.1,1581.1,23135,30
1521158400,1581.1,1591.6,1575.4,1586.1,20163,30
1521417600,1584.8,1585.6,1549.8,1572.4,39460,30
1521504000,1572.4,1577.0,1563.4,1570.8,31641,30
1521590400,1570.8,1589.9,1565.7,1579.9,32673,30
1521676800,1579.9,1585.7,1538.7,1542.8,51128,30
1521763200,1542.8,1550.9,1509.4,1513.9,65035,30
1522022400,1514.7,1544.0,1512.5,1543.5,45831,30
1522108800,1542.1,1554.6,1506.5,1514.3,47450,30
1522195200,1514.3,1523.2,1502.6,1517.2,65752,30
1522281600,1516.9,1539.9,1512.0,1525.1,41763,30
1522627200,1524.5,1529.9,1479.8,1493.4,44532,30
1522713600,1493.4,1514.8,1490.2,1512.2,46677,30
1522800000,1512.2,1535.4,1481.6,1530.8,45826,30
1522886400,1530.8,1545.7,1530.4,1543.7,35827,30
1522972800,1543.7,1544.4,1500.5,1512.9,49865,30
1523059200,1512.9,1512.9,1512.9,1512.9,1,30
1523232000,1512.9,1534.8,1511.5,1517.6,36525,30
1523318400,1517.6,1548.2,1512.4,1542.5,45444,30
1523404800,1542.4,1552.7,1527.7,1547.3,35935,30
1523491200,1547.5,1563.3,1546.9,1556.8,29820,30
1523577600,1556.8,1562.2,1544.0,1550.3,30417,30
1523836800,1550.3,1567.9,1550.3,1562.8,25590,30
1523923200,1562.8,1583.8,1562.1,1579.9,24105,30
1524009600,1580.0,1592.7,1579.0,1585.3,21463,30
1524096000,1585.0,1587.7,1566.9,1571.9,30426,30
1524182400,1571.0,1575.4,1559.3,1563.6,29868,30
1524441600,1569.2,1572.1,1554.5,1562.9,26687,30
1524528000,1562.9,1575.6,1541.4,1555.9,41201,30
1524614400,1555.9,1558.0,1538.9,1553.9,41053,30
1524700800,1553.9,1563.1,1547.6,1560.1,29103,30
1524787200,1558.6,1562.1,1547.2,1557.4,27439,30
1525046400,1556.6,1566.1,1540.7,1541.5,27544,30
1525132800,1541.4,1553.8,1526.2,1552.6,28279,30
1525219200,1552.6,1567.1,1545.5,1551.3,29971,30
1525305600,1550.9,1557.1,1530.0,1549.8,39063,30
1525392000,1549.8,1574.1,1536.5,1566.0,30287,30
1525651200,1566.0,1586.8,1565.1,1579.6,24091,30
1525737600,1579.6,1588.3,1574.0,1588.1,30159,30
1525824000,1588.1,1600.2,1582.6,1596.9,23819,30
1525910400,1596.9,1609.7,1594.5,1603.4,21661,30
1525996800,1603.4,1609.6,1598.2,1607.9,20654,30
1526256000,1607.4,1614.6,1598.0,1603.0,18729,30
1526342400,1602.9,1605.0,1590.5,1601.5,28301,30
1526428800,1601.5,1621.8,1598.1,1618.1,21242,30
1526515200,1617.9,1628.6,1615.4,1625.7,22194,30
1526601600,1624.4,1631.6,1622.7,1626.1,20032,30
1526860800,1633.9,1640.7,1630.0,1638.7,18325,30
1526947200,1638.4,1642.1,1624.3,1624.8,18978,30
1527033600,1624.9,1630.3,1616.9,1628.4,27998,30
1527120000,1628.4,1632.6,1614.9,1630.1,25912,30
1527206400,1630.4,1636.5,1622.6,1624.4,22226,30
1527465600,1630.9,1631.9,1622.4,1623.7,7390,30
1527552000,1623.7,1630.3,1606.5,1625.2,38394,30
1527638400,1625.2,1651.7,1620.5,1647.8,28446,30
1527724800,1647.7,1653.0,1630.5,1636.9,29257,30
1527811200,1637.7,1651.1,1636.4,1649.0,22448,30
1528070400,1649.0,1655.0,1640.1,1654.3,18250,30
1528156800,1653.1,1666.9,1650.8,1665.0,17536,30
1528243200,1665.0,1678.6,1663.1,1677.7,16970,30
1528329600,1677.1,1681.7,1659.4,1670.5,23212,30
1528416000,1669.8,1674.1,1660.4,1671.6,11987,30
1528675200,1668.2,1679.0,1667.1,1675.2,14167,30
1528761600,1675.1,1687.3,1672.6,1683.5,16555,30
1528848000,1683.6,1685.9,1673.0,1675.6,16559,30
1528934400,1675.0,1686.2,1670.0,1685.7,18018,30
1529020800,1685.7,1685.9,1670.8,1685.3,25477,30
1529280000,1685.3,1694.0,1671.5,1693.0,14255,30
1529366400,1693.1,1694.0,1669.9,1693.5,33378,30
1529452800,1693.3,1708.1,1689.2,1706.5,21845,30
1529539200,1706.4,1714.7,1683.8,1687.8,31668,30
1529625600,1687.7,1697.3,1679.4,1687.3,24122,30
1529884800,1687.3,1687.3,1648.2,1660.0,39289,30
1529971200,1660.0,1673.8,1653.5,1668.1,30364,30
1530057600,1668.1,1671.9,1639.7,1640.8,42371,30
1530144000,1641.2,1647.9,1628.3,1646.7,40366,30
1530230400,1646.7,1656.3,1641.8,1644.1,29091,30
1530489600,1644.1,1656.2,1628.9,1655.5,29920,30
1530576000,1654.5,1668.5,1650.9,1662.9,22077,30
1530662400,1662.9,1669.2,1660.4,1666.5,7836,30
1530748800,1665.4,1680.1,1659.4,1678.5,26318,30
1530835200,1678.6,1696.1,1673.5,1695.5,24186,30
1531094400,1695.5,1706.3,1694.8,1705.9,11919,30
1531180800,1705.9,1710.3,1686.8,1690.1,18652,30
1531267200,1690.0,1698.5,1680.1,1684.3,28253,30
1531353600,1684.4,1694.1,1677.3,1688.1,20293,30
1531440000,1688.1,1698.3,1685.1,1687.1,17721,30
1531699200,1687.1,1691.9,1670.3,1679.2,16646,30
1531785600,1679.2,1692.4,1677.5,1687.4,16464,30
1531872000,1687.2,1692.4,1678.3,1690.7,14039,30
1531958400,1690.8,1703.5,1683.9,1701.4,19057,30
1532044800,1701.4,1704.1,1694.3,1695.7,21452,30
1532304000,1695.7,1703.0,1688.9,1699.5,15391,30
1532390400,1699.6,1709.0,1673.3,1678.3,20570,30
1532476800,1678.3,1688.1,1672.3,1687.4,18586,30
1532563200,1687.5,1704.9,1685.2,1694.2,20181,30
1532649600,1694.4,1700.3,1658.2,1658.9,23151,30
1532908800,1658.9,1671.2,1651.2,1654.4,23403,30
1532995200,1653.2,1677.2,1651.2,1675.9,22276,30
1533081600,1674.9,1675.9,1656.2,1668.7,21158,30
1533168000,1668.7,1684.1,1655.4,1683.7,22942,30
1533254400,1683.7,1687.9,1665.7,1673.0,19865,30
1533513600,1673.0,1685.4,1668.6,1684.4,16889,30
1533600000,1684.4,1694.9,1683.8,1690.7,15047,30
1533686400,1690.7,1690.7,1675.0,1683.4,14331,30
1533772800,1683.5,1697.4,1682.9,1690.3,13655,30
1533859200,1690.5,1696.6,1679.0,1685.8,24447,30
1534118400,1682.9,1690.3,1668.1,1676.0,26411,30
1534204800,1674.3,1695.6,1674.3,1695.2,20907,30
1534291200,1695.2,1695.5,1661.7,1673.7,29150,30
1534377600,1673.7,1689.9,1669.9,1687.4,21987,30
1534464000,1687.3,1695.5,1679.1,1695.4,23752,30
1534723200,1695.4,1702.2,1688.1,1697.7,18327,30
1534809600,1697.4,1723.5,1695.2,1712.1,18710,30
1534896000,1712.2,1724.4,1707.1,1722.2,18584,30
1534982400,1721.7,1725.1,1710.9,1717.9,17992,30
1535068800,1717.2,1727.2,1716.6,1725.6,15645,30
1535328000,1726.6,1738.9,1725.6,1729.4,14617,30
1535414400,1729.9,1734.3,1720.4,1729.1,14898,30
1535500800,1729.1,1737.5,1724.2,1736.5,14652,30
1535587200,1736.7,1741.8,1727.5,1732.5,20571,30
1535673600,1732.4,1742.9,1726.6,1741.5,20589,30
1535932800,1741.2,1744.3,1738.8,1742.9,7156,30
1536019200,1742.7,1745.3,1720.3,1734.0,26427,30
1536105600,1734.0,1735.4,1712.1,1728.8,27091,30
1536192000,1729.0,1733.2,1713.3,1715.0,31175,30
1536278400,1714.9,1722.5,1705.3,1715.1,33509,30
1536537600,1715.1,1725.57,1712.64,1719.07,25693,23
1536624000,1718.73,1724.88,1708.68,1721.1,23813,23
1536710400,1721.1,1721.81,1701.97,1715.59,28101,23
1536796800,1715.09,1724.38,1711.11,1715.35,23804,23
1536883200,1715.35,1727.75,1712.47,1722.37,15864,23
1537142400,1722.37,1723.66,1701.72,1704.03,20828,23
1537228800,1703.48,1715.19,1697.55,1713.32,24184,23
1537315200,1712.78,1718.79,1698.22,1706.51,20206,23
1537401600,1705.57,1723.83,1704.12,1723.68,22109,23
1537488000,1722.18,1725.79,1709.82,1712.04,24647,23
1537747200,1710.39,1712.6,1695.33,1705.1,24132,23
1537833600,1705.1,1712.79,1703.76,1710.18,20190,23
1537920000,1710.18,1714.23,1688.48,1691.97,22265,23
1538006400,1691.97,1698.44,1688.66,1693.93,24173,23
1538092800,1693.43,1701.14,1682.21,1699.15,24809,23
1538352000,1699.15,1706.94,1668.93,1675.77,22941,23
1538438400,1675.32,1676.46,1652.94,1657.92,24733,23
1538524800,1656.62,1677.95,1655.03,1671.17,24710,23
1538611200,1670.67,1670.67,1641.68,1650.4,32010,23
1538697600,1649.75,1653.4,1617.45,1636.64,35421,23
1538956800,1637.88,1638.58,1615.97,1630.09,34502,23
1539043200,1629.84,1637.68,1620.12,1623.92,34223,23
1539129600,1623.22,1625.73,1563.0,1563.2,40983,23
1539216000,1564.94,1582.91,1542.3,1552.73,54802,23
1539302400,1552.69,1573.07,1529.07,1550.94,47030,23
1539561600,1550.94,1563.23,1533.81,1547.77,41647,23
1539648000,1547.77,1598.8,1546.52,1596.2,35244,23
1539734400,1595.6,1599.02,1568.48,1591.72,35395,23
1539820800,1591.03,1591.03,1553.61,1562.79,38125,23
1539907200,1562.74,1573.55,1537.3,1541.2,38812,23
1540166400,1536.71,1554.18,1530.71,1539.62,39819,23
1540252800,1539.12,1540.02,1496.99,1527.78,45986,23
1540339200,1528.48,1531.6,1466.18,1475.67,45595,23
1540425600,1476.37,1507.23,1468.08,1489.96,45750,23
1540512000,1485.92,1503.12,1455.96,1485.35,56341,23
1540771200,1488.01,1515.18,1459.53,1476.65,49554,23
1540857600,1475.61,1512.02,1473.32,1511.97,52129,23
1540944000,1510.27,1527.53,1506.33,1510.02,44828,23
1541030400,1509.02,1547.0,1509.02,1540.14,41517,23
1541116800,1536.59,1558.34,1533.89,1548.56,48296,23
1541376000,1547.84,1556.24,1533.01,1549.88,37794,23
1541462400,1549.28,1561.16,1542.69,1556.81,36088,23
1541548800,1555.92,1584.19,1548.87,1582.79,43375,23
1541635200,1582.14,1587.56,1572.0,1579.01,35652,23
1541721600,1578.26,1580.91,1538.19,1549.98,40084,23
1541980800,1549.87,1560.52,1517.01,1521.21,42478,23
1542067200,1521.26,1539.26,1511.41,1517.83,48612,23
1542153600,1518.58,1533.33,1493.19,1500.41,50255,23
1542240000,1500.56,1527.14,1489.35,1526.64,51375,23
1542326400,1525.19,1531.39,1508.43,1529.3,43150,23
1542585600,1524.5,1532.17,1491.6,1501.07,42718,23
1542672000,1501.07,1501.07,1463.61,1464.82,50503,23
1542758400,1465.37,1501.15,1462.87,1486.64,39806,23
1542844800,1487.24,1491.64,1474.74,1476.64,18700,23
1542931200,1477.59,1500.44,1471.89,1484.94,26933,23
1543190400,1487.29,1511.54,1485.19,1498.49,35078,23
1543276800,1497.89,1510.04,1490.04,1494.14,41096,23
1543363200,1493.74,1531.49,1483.94,1525.64,37471,23
1543449600,1524.09,1534.64,1511.54,1525.69,35762,23
1543536000,1525.44,1535.94,1517.39,1534.74,31756,23
1543795200,1534.63,1561.29,1526.99,1546.14,40828,23
1543881600,1546.23,1548.29,1477.64,1483.74,48142,23
1543968000,1481.59,1495.74,1481.44,1495.1,14423,23
1544054400,1495.1,1495.1,1441.29,1477.89,58110,23
1544140800,1477.98,1489.23,1439.39,1450.5,49915,23
1544400000,1450.69,1456.7,1420.16,1445.99,50005,23
1544486400,1446.03,1468.04,1429.99,1438.74,46972,23
1544572800,1438.58,1473.54,1437.7,1453.17,46349,23
1544659200,1453.21,1463.88,1430.81,1434.16,42906,23
1544745600,1434.05,1437.51,1405.84,1410.78,32038,23
1545004800,1410.52,1418.91,1371.16,1386.7,40531,23
1545091200,1386.69,1401.52,1366.61,1369.1,42698,23
1545177600,1369.54,1395.69,1339.78,1343.87,42373,23
1545264000,1344.01,1358.98,1310.9,1337.38,56342,23
1545350400,1337.47,1339.13,1288.53,1299.01,49359,23
1545609600,1289.89,1301.9,1261.01,1261.36,33228,23
1545782400,1261.46,1330.41,1249.71,1326.67,48812,23
1545868800,1326.91,1335.24,1287.08,1331.95,49496,23
1545955200,1331.54,1357.93,1324.5,1338.78,47402,23
1546214400,1347.02,1351.02,1326.34,1335.17,25310,23
1546387200,1351.58,1360.13,1321.86,1345.64,45951,23
1546473600,1345.38,1355.08,1324.7,1331.04,48430,23
1546560000,1331.03,1384.56,1323.15,1378.62,48058,23
1546819200,1381.39,1412.21,1372.94,1404.69,43596,23
1546905600,1404.58,1426.84,1402.34,1421.45,40067,23
1546992000,1421.24,1442.89,1420.26,1434.31,38490,23
1547078400,1434.35,1446.58,1422.35,1444.49,39703,23
1547164800,1444.48,1449.03,1435.53,1446.0,33410,23
1547424000,1446.04,1446.04,1429.88,1433.41,29336,23
1547510400,1433.25,1445.71,1430.2,1440.62,34132,23
1547596800,1440.91,1461.46,1438.63,1452.68,31306,23
1547683200,1452.52,1472.23,1443.22,1468.58,31698,0
1547769600,1468.57,1488.0,1464.84,1484.41,33091,23
1548028800,1481.11,1481.96,1471.38,1474.89,13106,23
1548115200,1474.89,1477.49,1449.56,1459.34,33690,23
1548201600,1459.08,1470.78,1443.54,1453.85,37309,23
1548288000,1453.59,1466.47,1448.95,1462.25,35082,23
1548374400,1462.14,1485.27,1459.8,1482.59,30590,23
1548633600,1482.88,1482.88,1462.43,1473.4,33060,23
1548720000,1473.34,1478.07,1466.11,1474.9,30579,23
1548806400,1474.89,1492.06,1465.46,1487.39,33039,23
1548892800,1487.33,1503.44,1483.16,1503.09,32028,23
1548979200,1503.08,1505.31,1494.24,1502.22,33080,23
1549238400,1502.21,1518.32,1497.19,1516.97,23914,23
1549324800,1516.96,1524.48,1511.16,1517.33,23389,23
1549411200,1517.32,1522.48,1509.8,1517.05,22928,23
1549497600,1516.99,1517.05,1492.39,1503.81,33059,23
1549584000,1503.85,1509.16,1493.49,1509.16,31131,23
1549843200,1509.1,1519.68,1503.79,1519.03,27306,23
1549929600,1518.92,1540.22,1517.23,1537.44,24154,23
1550016000,1537.63,1545.75,1534.84,1540.98,23943,23
1550102400,1540.87,1551.96,1531.67,1543.61,29947,23
1550188800,1543.6,1572.14,1536.46,1571.24,29682,23
1550448000,1570.88,1571.78,1566.14,1569.2,10599,23
1550534400,1569.2,1578.78,1561.89,1574.22,22043,23
1550620800,1574.16,1583.57,1570.25,1582.68,32829,23
1550707200,1582.77,1589.39,1568.33,1576.42,29322,23
1550793600,1576.19,1591.34,1574.13,1591.34,22828,23
1551052800,1591.34,1602.6,1588.69,1588.94,23211,23
1551139200,1589.01,1589.76,1574.81,1574.81,26939,23
1551225600,1574.76,1583.13,1568.92,1582.44,22527,23
1551312000,1582.43,1582.47,1570.98,1576.74,24169,23
1551398400,1576.69,1590.64,1574.24,1590.04,22851,23
1551657600,1593.67,1597.27,1563.0,1574.12,30301,23
1551744000,1574.0,1578.81,1566.82,1567.73,28017,23
1551830400,1567.66,1569.23,1536.16,1538.0,29159,23
1551916800,1537.83,1542.26,1520.7,1525.12,31212,23
1552003200,1524.84,1526.63,1513.16,1526.08,26552,23
1552262400,1526.11,1550.01,1519.05,1548.66,22861,23
1552348800,1548.58,1555.72,1543.89,1549.4,23542,23
1552435200,1549.28,1563.14,1542.57,1558.91,23719,23
1552521600,1558.88,1560.39,1546.73,1548.42,25031,23
1552608000,1548.29,1564.62,1547.78,1555.18,24004,23
1552867200,1555.06,1570.31,1550.28,1565.12,23014,23
1552953600,1565.05,1572.55,1551.64,1554.94,24020,23
1553040000,1554.82,1564.08,1533.89,1539.61,31632,23
1553126400,1539.59,1570.28,1533.91,1561.68,31036,23
1553212800,1561.71,1564.54,1504.97,1505.1,38833,23
1553472000,1505.03,1523.08,1494.0,1516.26,41920,23
1553558400,1516.18,1537.9,1514.22,1527.71,34576,23
1553644800,1527.64,1532.11,1504.14,1519.88,39032,23
1553731200,1519.81,1538.48,1513.01,1535.93,35740,23
1553817600,1535.81,1548.63,1530.11,1540.91,30223,23
1554076800,1540.49,1558.06,1540.49,1555.23,30006,23
1554163200,1555.41,1558.2,1543.61,1549.09,25133,23
1554249600,1549.07,1570.47,1548.14,1561.98,29230,23
1554336000,1561.96,1568.83,1556.7,1566.44,27832,23
1554422400,1566.27,1582.92,1564.75,1582.52,25023,23
1554681600,1582.31,1582.86,1568.54,1579.7,23469,23
1554768000,1579.52,1579.71,1557.3,1559.75,22036,23
1554854400,1559.63,1582.31,1557.52,1581.81,22203,23
1554940800,1581.79,1584.97,1576.5,1577.59,22751,23
1555027200,1577.57,1589.72,1576.3,1584.97,22816,23
1555286400,1584.74,1589.25,1573.43,1579.65,19218,23
1555372800,1579.48,1587.41,1578.18,1583.07,21760,23
1555459200,1582.85,1589.51,1559.91,1567.05,22813,23
1555545600,1566.66,1572.3,1554.85,1565.5,25234,23
1555891200,1565.33,1568.06,1553.45,1560.6,18657,23
1555977600,1560.58,1588.49,1557.36,1585.95,21179,23
1556064000,1585.78,1594.8,1580.3,1584.12,22524,23
1556150400,1584.05,1586.68,1562.35,1573.92,24611,23
1556236800,1573.85,1592.78,1569.1,1589.19,25501,23
1556496000,1589.12,1603.88,1589.12,1598.89,20750,23
1556582400,1599.32,1601.49,1577.24,1593.34,25056,23
1556668800,1593.31,1597.06,1570.34,1570.59,23237,23
1556755200,1570.52,1589.16,1564.57,1584.75,34122,23
1556841600,1584.63,1615.48,1582.06,1615.48,26771,23
1557100800,1615.41,1618.93,1574.64,1600.78,41320,23
1557187200,1600.31,1612.43,1570.48,1587.03,42635,23
1557273600,1587.01,1591.59,1574.19,1577.5,39195,23
1557360000,1577.33,1577.37,1544.86,1570.31,42604,23
1557446400,1570.43,1580.29,1544.15,1577.4,48224,23
1557705600,1577.03,1577.03,1517.8,1520.55,44439,23
1557792000,1520.33,1548.91,1515.31,1544.56,33360,23
1557878400,1544.49,1551.08,1527.67,1548.83,34363,23
1557964800,1548.71,1568.33,1540.55,1557.82,32197,23
1558051200,1557.7,1559.53,1533.24,1535.31,39180,23
1558310400,1535.49,1545.34,1520.68,1527.11,38616,23
1558396800,1527.09,1546.89,1525.63,1543.49,33411,23
1558483200,1543.37,1546.05,1526.69,1531.25,33027,23
1558569600,1531.18,1532.15,1492.41,1501.97,42463,23
1558656000,1501.95,1517.58,1500.67,1516.23,32920,23
1558915200,1515.14,1520.5,1513.49,1516.19,14328,23
1559001600,1516.19,1523.03,1502.05,1504.85,35504,23
1559088000,1504.83,1505.1,1479.92,1488.71,42500,23
1559174400,1488.59,1501.73,1476.48,1485.44,34579,23
1559260800,1485.36,1485.8,1459.24,1466.1,40950,23
1559520000,1465.43,1477.88,1453.82,1475.44,45845,23
1559606400,1475.41,1508.49,1470.49,1506.09,39099,23
1559692800,1505.91,1515.66,1491.86,1505.71,37793,23
1559779200,1505.54,1512.76,1488.83,1499.09,37780,23
1559865600,1499.02,1520.81,1497.54,1513.93,31872,23
1560124800,1513.86,1536.87,1513.86,1524.71,32638,23
1560211200,1524.79,1537.96,1511.49,1518.09,32080,23
1560297600,1518.17,1523.31,1511.7,1521.96,31048,23
1560384000,1521.89,1536.65,1514.11,1535.32,35317,23
1560470400,1535.1,1538.68,1521.94,1524.49,24682,23
1560729600,1524.52,1539.06,1523.51,1534.0,22509,23
1560816000,1533.99,1561.54,1529.12,1549.92,29020,23
1560902400,1550.14,1556.91,1544.62,1554.62,26705,23
1560988800,1554.45,1571.6,1553.18,1562.07,31757,23
1561075200,1562.0,1562.77,1545.76,1547.6,31844,23
1561334400,1547.63,1555.07,1530.23,1533.08,26448,23
1561420800,1532.94,1536.58,1519.69,1520.74,30752,23
1561507200,1520.82,1531.84,1516.54,1516.94,29893,23
1561593600,1516.87,1547.05,1515.95,1546.95,26143,23
1561680000,1546.97,1570.71,1543.55,1570.16,24536,23
1561939200,1569.55,1589.02,1561.12,1571.13,28074,23
1562025600,1571.01,1573.1,1551.8,1562.86,24840,23
1562112000,1562.89,1575.61,1559.23,1575.54,17781,23
1562198400,1575.54,1578.24,1571.49,1575.73,7698,23
1562284800,1575.73,1576.76,1557.56,1576.61,24430,23
1562544000,1576.59,1577.7,1557.91,1560.91,25194,23
1562630400,1560.59,1563.3,1552.14,1561.51,24167,23
1562716800,1561.39,1574.57,1556.45,1564.26,28484,23
1562803200,1564.33,1569.51,1550.68,1556.94,26345,23
1562889600,1556.76,1575.31,1556.09,1568.96,23664,23
1563148800,1568.85,1575.82,1557.2,1562.1,21103,23
1563235200,1561.83,1570.77,1555.63,1561.91,22203,23
1563321600,1561.7,1565.3,1545.73,1547.19,22996,23
1563408000,1546.92,1559.53,1543.73,1558.58,29013,23
1563494400,1558.41,1562.61,1542.74,1543.44,31206,23
1563753600,1543.52,1555.53,1542.5,1545.58,25687,23
1563840000,1545.51,1555.52,1543.59,1553.42,23548,23
1563926400,1553.3,1582.77,1547.89,1580.46,23989,23
1564012800,1580.44,1585.8,1559.33,1560.02,29952,23
1564099200,1559.9,1582.57,1559.62,1578.38,22790,23
1564358400,1578.11,1582.02,1564.18,1570.69,21605,23
1564444800,1570.72,1587.02,1555.36,1584.42,26410,23
1564531200,1584.35,1600.8,1568.83,1571.36,30819,23
1564617600,1571.29,1589.36,1543.81,1547.18,45268,23
1564704000,1547.06,1550.07,1520.47,1535.24,52950,23
1564963200,1535.47,1535.47,1470.04,1477.38,55183,23
1565049600,1476.86,1505.06,1449.94,1499.04,61436,23
1565136000,1498.77,1507.75,1474.65,1498.25,55756,23
1565222400,1498.42,1534.49,1492.46,1532.64,42617,23
1565308800,1532.91,1532.91,1507.9,1516.17,44158,23
1565568000,1513.13,1520.52,1490.88,1493.96,40534,23
1565654400,1493.56,1524.41,1484.06,1513.14,41632,23
1565740800,1511.84,1514.64,1464.17,1466.2,47040,0
1565827200,1466.2,1484.47,1454.7,1464.44,57531,23
1565913600,1463.89,1495.3,1463.44,1493.1,38345,23
1566172800,1492.41,1515.5,1492.41,1505.93,30326,23
1566259200,1505.34,1511.8,1494.74,1495.59,33056,23
1566345600,1493.69,1514.65,1493.69,1513.96,29144,23
1566432000,1513.11,1517.26,1497.77,1505.4,34437,23
1566518400,1504.5,1513.41,1456.27,1463.12,47075,23
1566777600,1448.62,1484.42,1440.66,1480.43,51970,23
1566864000,1479.98,1487.55,1453.02,1456.02,41927,23
1566950400,1454.97,1480.2,1448.26,1469.66,37837,23
1567036800,1456.51,1498.74,1456.51,1496.05,31078,23
1567123200,1495.4,1507.31,1486.15,1492.99,29325,23
1567382400,1476.32,1495.61,1471.44,1475.99,15142,23
1567468800,1475.99,1489.54,1466.38,1470.09,39016,23
1567555200,1468.64,1489.58,1468.19,1483.47,27200,23
1567641600,1483.42,1523.25,1482.37,1506.38,31759,23
1567728000,1506.43,1517.5,1504.06,1505.93,28219,23
1567987200,1504.39,1526.75,1504.19,1521.34,26924,23
1568073600,1520.9,1545.53,1513.76,1544.58,33528,23
1568160000,1543.79,1577.59,1540.46,1576.94,32877,23
1568246400,1577.15,1584.7,1560.56,1575.75,36751,23
1568332800,1577.27,1593.67,1575.48,1579.08,27400,23
1568592000,1571.08,1591.11,1564.62,1585.53,31335,23
1568678400,1585.08,1586.78,1569.13,1580.53,27600,23
1568764800,1580.29,1580.33,1555.21,1568.97,24854,23
1568851200,1569.37,1581.65,1559.87,1561.4,31125,23
1568937600,1560.51,1570.52,1549.3,1559.38,29849,23
1569196800,1562.23,1568.42,1549.72,1561.18,27772,23
1569283200,1561.18,1567.28,1529.46,1535.2,35217,23
1569369600,1534.7,1553.06,1527.61,1550.1,34839,23
1569456000,1549.6,1555.2,1529.96,1534.73,30531,23
1569542400,1534.88,1542.42,1514.74,1523.77,34197,23
1569801600,1527.77,1530.94,1517.0,1526.22,29817,23
1569888000,1525.97,1542.13,1490.59,1493.74,33776,23
1569974400,1493.49,1498.13,1468.01,1477.26,38133,23
1570060800,1476.36,1487.91,1459.18,1486.36,38518,23
1570147200,1486.56,1500.85,1478.71,1498.85,32055,23
1570406400,1488.69,1508.85,1486.2,1496.83,32075,23
1570492800,1495.79,1503.82,1470.17,1473.42,40616,23
1570579200,1473.47,1489.46,1470.67,1481.08,32900,23
1570665600,1480.08,1494.55,1460.8,1492.4,40565,23
1570752000,1492.0,1526.44,1487.63,1511.58,34052,23
1571011200,1508.59,1517.58,1498.72,1504.99,25125,23
1571097600,1504.99,1528.88,1504.84,1523.35,23798,23
1571184000,1522.75,1530.49,1515.37,1524.03,26225,23
1571270400,1523.98,1542.97,1519.84,1541.55,26564,23
1571356800,1541.3,1542.75,1522.67,1535.76,26711,23
1571616000,1532.42,1558.31,1532.17,1550.32,22807,23
1571702400,1549.67,1558.43,1545.83,1549.15,24921,23
1571788800,1549.55,1555.24,1544.05,1554.89,24809,23
1571875200,1554.59,1558.87,1543.29,1550.16,25279,23
1571961600,1549.96,1562.74,1546.55,1557.75,20242,23
1572220800,1558.74,1577.22,1557.9,1572.83,19860,23
1572307200,1572.78,1581.22,1566.15,1577.01,19287,23
1572393600,1576.96,1577.7,1561.59,1573.82,22744,23
1572480000,1573.12,1574.09,1551.57,1562.63,27805,23
1572566400,1563.13,1589.77,1560.78,1588.37,21822,23
1572825600,1588.37,1604.72,1588.37,1596.03,21777,23
1572912000,1596.03,1611.91,1594.33,1597.71,26648,23
1572998400,1597.41,1601.44,1586.63,1592.17,25265,23
1573084800,1591.82,1609.26,1588.1,1593.73,26739,23
1573171200,1593.33,1599.65,1587.14,1599.65,24585,23
1573430400,1598.84,1598.89,1586.22,1596.75,21184,23
1573516800,1596.1,1605.1,1592.43,1593.9,26254,23
1573603200,1594.05,1594.35,1578.81,1592.48,27774,23
1573689600,1592.13,1595.45,1585.01,1588.4,29409,23
1573776000,1588.45,1599.66,1587.45,1597.26,22736,23
1574035200,1596.8,1599.99,1586.88,1591.62,24078,23
1574121600,1591.33,1603.78,1587.88,1596.97,24776,23
1574208000,1596.92,1602.93,1580.96,1594.97,32895,23
1574294400,1587.92,1598.59,1580.09,1582.95,35371,23
1574380800,1582.7,1591.71,1580.22,1591.06,25592,23
1574640000,1594.79,1624.28,1593.55,1621.58,18488,23
1574726400,1621.63,1630.55,1618.52,1626.87,24160,23
1574812800,1626.12,1635.18,1625.03,1634.93,19754,23
1574899200,1634.78,1635.13,1626.69,1629.19,9385,23
1574985600,1629.54,1633.89,1622.39,1623.64,17010,23
1575244800,1624.49,1634.29,1605.78,1608.16,31261,23
1575331200,1608.46,1614.01,1587.54,1603.86,38027,23
1575417600,1603.71,1618.2,1598.51,1614.21,31760,23
1575504000,1613.61,1622.42,1610.22,1616.81,30923,23
1575590400,1616.31,1639.03,1615.71,1635.79,22925,23
1575849600,1635.81,1636.81,1627.9,1628.8,19392,23
1575936000,1628.65,1634.64,1617.94,1633.22,26593,23
1576022400,1632.53,1636.41,1624.79,1633.84,23832,23
1576108800,1633.49,1654.7,1627.3,1645.92,30922,23
1576195200,1645.92,1655.83,1631.38,1640.1,29173,23
1576454400,1641.58,1658.86,1640.63,1650.92,20215,23
1576540800,1650.47,1657.63,1645.92,1656.29,20494,23
1576627200,1655.14,1663.8,1654.57,1663.19,17737,23
1576713600,1662.59,1669.26,1659.89,1668.66,18778,23
1576800000,1668.21,1674.48,1666.2,1669.18,18929,23
1577059200,1670.4,1675.58,1664.65,1675.2,14992,23
1577145600,1674.7,1678.79,1671.94,1678.09,9670,23
1577318400,1678.09,1682.04,1674.72,1677.92,11421,23
1577404800,1677.92,1684.25,1665.98,1666.3,19108,23
1577664000,1667.26,1673.25,1656.43,1664.25,24281,23
1577750400,1663.66,1672.65,1656.96,1671.86,18016,23
1577923200,1671.09,1682.01,1651.96,1669.43,26439,23
1578009600,1668.78,1670.87,1636.33,1659.55,41711,23
1578268800,1650.81,1664.98,1644.25,1660.56,36113,23
1578355200,1660.71,1666.71,1651.43,1654.73,34923,23
1578441600,1654.53,1669.52,1625.46,1665.89,49936,23
1578528000,1666.04,1673.39,1662.49,1665.01,30441,23
1578614400,1664.71,1669.61,1652.43,1655.99,25795,23
1578873600,1655.1,1669.91,1650.01,1668.01,24286,23
1578960000,1667.66,1684.78,1658.59,1676.99,32755,23
1579046400,1676.69,1688.86,1669.5,1684.31,30902,23
1579132800,1683.86,1706.95,1683.86,1704.48,25185,23
1579219200,1703.83,1712.66,1696.8,1697.3,23782,23
1579478400,1697.1,1701.29,1694.01,1700.64,10725,23
1579564800,1700.14,1701.39,1682.96,1685.16,31116,23
1579651200,1685.56,1696.16,1681.08,1681.68,28004,23
1579737600,1681.88,1688.21,1664.22,1683.57,35525,23
1579824000,1682.97,1692.08,1652.59,1662.06,35734,23
1580083200,1650.29,1653.05,1633.57,1643.96,48760,23
1580169600,1643.36,1662.81,1642.67,1660.46,40476,23
1580256000,1659.81,1664.88,1646.35,1649.05,36553,23
1580342400,1648.4,1651.75,1629.21,1649.14,48012,23
1580428800,1648.04,1651.45,1610.16,1617.41,49541,23
1580688000,1613.48,1638.18,1613.48,1631.39,44138,23
1580774400,1631.24,1661.83,1627.04,1660.93,35387,23
1580860800,1660.53,1684.44,1654.08,1683.05,42276,23
1580947200,1683.35,1693.6,1676.6,1681.0,38437,23
1581033600,1681.05,1681.5,1653.65,1656.97,40923,23
1581292800,1656.4,1669.61,1646.2,1668.66,35267,23
1581379200,1667.91,1687.37,1667.26,1679.21,33120,23
1581465600,1679.26,1691.81,1676.86,1689.48,30085,23
1581552000,1689.53,1696.84,1672.15,1696.06,40880,23
1581638400,1695.61,1702.01,1682.33,1687.35,32243,23
1581897600,1687.72,1693.82,1687.37,1689.89,15543,23
1581984000,1689.89,1689.89,1673.46,1683.95,36254,23
1582070400,1684.2,1699.22,1684.0,1693.5,27862,23
1582156800,1693.8,1699.1,1674.87,1693.34,44020,23
1582243200,1692.69,1693.84,1672.25,1678.41,50018,23
1582502400,1664.54,1665.84,1619.48,1628.26,62360,23
1582588800,1626.36,1646.26,1567.73,1576.92,71557,23
1582675200,1576.17,1592.46,1546.39,1547.29,82773,23
1582761600,1547.44,1555.55,1481.95,1484.81,86590,23
1582848000,1483.85,1501.27,1446.69,1496.88,104732,23
1583107200,1456.73,1520.48,1448.42,1506.58,95787,23
1583193600,1509.08,1547.98,1470.95,1477.25,91241,23
1583280000,1476.0,1530.87,1471.39,1523.64,75925,23
1583366400,1523.03,1523.88,1462.63,1481.59,72192,23
1583452800,1481.64,1487.18,1417.31,1445.46,82614,23
1583712000,1413.85,1413.85,1305.33,1306.78,39024,23
1583798400,1304.17,1375.37,1287.66,1345.84,87918,23
1583884800,1338.66,1343.12,1247.79,1264.9,85576,23
1583971200,1263.34,1277.66,1098.04,1099.14,78094,23
1584057600,1090.34,1213.59,1072.39,1194.74,65700,23
1584316800,1175.69,1188.29,974.59,1035.59,30579,23
1584403200,1035.49,1109.19,1007.64,1076.99,36800,23
1584489600,1073.39,1078.99,966.29,1015.09,46996,23
1584576000,1013.24,1073.84,955.44,1032.49,86769,23
1584662400,1029.39,1098.29,1002.09,1004.24,79094,23
1584921600,983.44,1071.54,966.24,1003.59,65044,23
1585008000,1009.59,1107.54,1008.19,1098.49,73817,23
1585094400,1098.44,1147.29,1065.74,1098.99,85483,23
1585180800,1101.19,1182.64,1070.84,1174.19,82954,23
1585267200,1178.04,1178.04,1114.29,1122.14,64684,23
1585526400,1094.59,1159.84,1091.49,1155.24,65006,23
1585612800,1155.09,1169.19,1126.59,1138.24,60554,23
1585699200,1137.99,1138.44,1061.69,1072.84,48905,23
1585785600,1071.89,1110.44,1052.29,1081.29,62374,23
1585872000,1081.29,1086.74,1032.14,1052.64,58248,23
1586131200,1051.59,1140.34,1051.59,1128.09,53845,23
1586217600,1128.34,1192.74,1113.19,1125.24,68739,23
1586304000,1127.29,1198.54,1119.44,1186.49,63341,23
1586390400,1186.49,1253.29,1170.14,1251.24,63103,0
1586736000,1267.29,1267.59,1197.59,1219.04,50038,23
1586822400,1218.19,1256.09,1215.59,1238.94,47937,23
1586908800,1238.39,1239.04,1172.54,1181.44,49731,23
1586995200,1180.49,1209.44,1150.89,1209.14,58348,23
1587081600,1233.09,1234.59,1207.14,1225.24,30104,23
1587340800,1224.69,1234.97,1193.19,1213.62,57134,23
1587427200,1215.32,1225.33,1167.59,1184.47,66830,23
1587513600,1185.57,1215.8,1175.81,1198.41,54284,23
1587600000,1198.01,1234.48,1187.58,1208.9,59864,23
1587686400,1206.39,1239.04,1191.97,1226.78,54358,23
1587945600,1228.46,1290.07,1219.64,1278.21,52299,23
1588032000,1279.21,1322.81,1266.53,1300.24,56586,23
1588118400,1301.94,1374.38,1296.13,1369.76,59250,23
1588204800,1370.16,1371.64,1300.2,1304.66,62352,23
1588291200,1299.25,1299.25,1240.5,1256.35,52267,23
1588550400,1238.39,1265.17,1222.45,1259.46,58164,23
1588636800,1258.75,1304.52,1257.35,1272.17,51151,23
1588723200,1271.26,1289.99,1256.24,1258.49,54558,23
1588809600,1256.13,1292.2,1248.66,1287.47,47220,23
1588896000,1287.12,1332.56,1285.46,1332.36,40781,23
1589155200,1328.55,1343.07,1300.9,1316.67,50242,23
1589241600,1317.62,1335.02,1258.21,1258.36,52559,23
1589328000,1260.06,1282.31,1211.42,1236.69,64033,23
1589414400,1236.89,1243.1,1178.17,1238.29,66847,23
1589500800,1235.93,1260.66,1215.14,1254.49,62522,23
1589760000,1256.05,1338.42,1249.29,1331.71,49186,23
1589846400,1331.46,1351.0,1306.22,1307.32,55723,23
1589932800,1305.46,1353.78,1299.65,1347.81,52402,23
1590019200,1348.11,1355.72,1328.22,1342.67,46905,23
1590105600,1343.17,1358.67,1317.31,1356.87,48569,23
1590364800,1353.77,1383.29,1351.62,1381.34,16984,23
1590451200,1381.34,1411.09,1375.49,1396.13,45471,23
1590537600,1395.82,1442.04,1379.22,1438.84,52103,23
1590624000,1437.84,1453.14,1395.71,1407.81,54831,23
1590710400,1406.51,1410.01,1370.83,1407.57,57668,23
1590969600,1389.48,1421.28,1372.97,1405.35,45888,23
1591056000,1405.0,1422.85,1389.14,1418.6,43044,23
1591142400,1417.64,1464.0,1415.94,1451.3,43801,23
1591228800,1450.95,1461.2,1427.52,1456.38,52052,23
1591315200,1455.47,1526.62,1449.96,1502.31,52334,23
1591574400,1506.15,1540.3,1500.99,1539.95,49082,23
1591660800,1539.7,1541.04,1495.6,1507.46,51183,23
1591747200,1505.76,1525.06,1461.11,1463.21,54257,23
1591833600,1462.31,1465.41,1353.74,1362.01,75092,23
1591920000,1362.0,1416.65,1347.59,1381.67,66454,23
1592179200,1358.39,1428.3,1318.89,1423.82,58388,23
1592265600,1423.69,1485.74,1419.91,1454.68,60238,23
1592352000,1450.32,1474.0,1423.14,1430.02,48585,23
1592438400,1426.96,1442.16,1403.25,1420.67,56674,23
1592524800,1421.58,1454.4,1403.77,1406.33,53544,23
1592784000,1392.87,1437.89,1386.31,1434.78,49665,23
1592870400,1435.74,1461.4,1402.17,1435.56,52189,23
1592956800,1435.56,1443.92,1372.83,1398.96,60938,23
1593043200,1396.56,1415.58,1366.16,1411.12,63273,23
1593129600,1409.97,1414.58,1374.28,1378.02,57089,23
1593388800,1366.7,1428.45,1365.1,1425.44,59311,23
1593475200,1425.34,1444.27,1409.23,1436.91,50279,23
1593561600,1436.91,1453.15,1417.48,1425.44,49266,23
1593648000,1426.09,1460.94,1420.78,1435.51,48080,23
1593734400,1436.26,1442.62,1416.46,1425.1,21051,23
1593993600,1428.4,1469.8,1428.0,1444.02,49240,23
1594080000,1443.62,1452.28,1413.77,1415.28,50127,23
1594166400,1415.12,1433.51,1400.52,1429.41,51256,23
1594252800,1431.21,1432.09,1382.17,1399.22,52598,23
1594339200,1399.02,1427.07,1378.39,1425.11,53567,23
1594598400,1426.86,1453.17,1400.62,1406.43,52898,23
1594684800,1407.43,1426.97,1393.48,1421.77,62979,23
1594771200,1434.89,1485.42,1434.89,1482.46,57631,23
1594857600,1482.06,1487.52,1456.27,1465.32,54868,23
1594944000,1466.82,1482.83,1461.98,1471.67,41122,23
1595203200,1470.61,1476.24,1456.25,1466.56,43624,23
1595289600,1465.5,1498.73,1465.05,1487.61,44950,23
1595376000,1486.91,1496.72,1467.49,1492.79,45615,23
1595462400,1492.69,1509.26,1475.4,1491.25,49806,23
1595548800,1491.05,1497.46,1464.56,1467.21,51631,23
1595808000,1470.31,1485.54,1459.73,1485.19,45213,8
1595894400,1485.34,1490.64,1467.77,1472.65,45720,3
1595980800,1471.89,1503.03,1465.95,1500.75,38282,0
1596067200,1500.8,1502.18,1472.0,1499.72,51647,0
1596153600,1500.97,1500.97,1454.86,1483.76,55982,0
1596412800,1484.02,1508.42,1470.68,1505.49,40697,0
1596499200,1505.03,1517.61,1497.32,1516.91,39943,4
1596585600,1515.95,1546.86,1512.24,1545.95,36953,7
1596672000,1544.0,1554.39,1535.9,1544.75,43568,0
1596758400,1546.03,1570.43,1532.54,1570.37,47551,4
1597017600,1570.72,1594.3,1562.44,1583.43,38724,4
1597104000,1583.37,1607.18,1569.22,1583.51,44925,2
1597190400,1584.38,1598.61,1572.77,1580.12,47195,2
1597276800,1580.62,1591.55,1573.21,1580.3,39834,7
1597363200,1579.87,1587.89,1561.81,1575.17,33410,7
1597622400,1576.69,1587.37,1573.93,1583.57,24663,7
1597708800,1583.52,1589.77,1564.71,1570.75,27690,7
1597795200,1570.09,1586.42,1566.68,1568.87,29739,2
1597881600,1569.33,1571.83,1552.65,1563.98,35496,4
1597968000,1563.28,1570.03,1543.51,1550.46,35393,0
1598227200,1553.99,1569.5,1549.99,1568.85,32547,4
1598313600,1568.45,1584.35,1555.61,1571.33,32630,4
1598400000,1571.24,1574.4,1558.31,1563.96,29771,4
1598486400,1563.21,1575.61,1553.13,1569.51,38318,7
1598572800,1569.11,1584.71,1563.23,1577.62,36818,5
1598832000,1577.39,1590.3,1559.43,1560.4,32873,4
1598918400,1561.64,1582.09,1551.01,1581.09,34517,4
1599004800,1579.24,1595.9,1568.11,1591.81,37286,4
1599091200,1591.49,1595.46,1536.26,1550.23,55622,4
1599177600,1548.71,1571.39,1499.52,1531.24,67729,2
1599436800,1533.91,1551.74,1520.79,1546.44,28076,1
1599523200,1546.31,1553.64,1496.29,1508.43,62007,0
1599609600,1494.52,1533.56,1479.81,1523.34,51295,4
1599696000,1523.93,1544.44,1505.55,1509.01,58953,4
1599782400,1509.11,1523.62,1483.13,1494.92,47169,2
1600041600,1502.49,1539.29,1499.33,1534.41,35643,4
1600128000,1533.88,1552.73,1533.37,1541.79,33078,2
1600214400,1540.38,1573.09,1537.22,1554.71,33494,2
1600300800,1554.56,1558.12,1522.17,1541.21,51020,10
1600387200,1539.96,1558.06,1517.41,1538.86,46406,0
1600646400,1538.24,1542.65,1469.66,1486.77,51404,2
1600732800,1486.36,1498.77,1472.42,1493.98,41059,2
1600819200,1495.34,1505.69,1449.26,1453.76,41290,7
1600905600,1453.61,1474.66,1431.4,1454.75,55376,0
1600992000,1455.9,1479.53,1433.14,1472.35,44926,2
1601251200,1473.46,1515.33,1473.46,1511.58,36219,2
1601337600,1511.58,1517.23,1489.86,1508.74,37034,4
1601424000,1507.64,1529.6,1490.32,1501.14,50451,1
1601510400,1503.44,1534.77,1503.44,1531.41,43699,3
1601596800,1531.03,1545.14,1494.81,1543.06,57599,0
1601856000,1550.58,1582.67,1540.06,1578.48,33569,7
1601942400,1580.93,1619.56,1568.05,1569.1,41278,0
1602028800,1571.0,1616.5,1568.59,1612.77,42064,2
1602115200,1611.77,1635.65,1611.37,1634.8,33853,2
1602201600,1634.4,1646.65,1629.71,1642.56,29518,0
1602460800,1638.18,1654.32,1632.62,1651.43,34776,2
1602547200,1650.63,1651.88,1625.44,1636.01,43896,0
1602633600,1634.86,1649.76,1620.04,1625.3,40906,0
1602720000,1623.69,1641.14,1598.61,1639.73,46097,2
1602806400,1639.53,1649.13,1629.09,1630.59,35320,4
1603065600,1632.56,1650.17,1610.71,1621.48,40755,2
1603152000,1621.73,1635.38,1607.52,1614.98,46958,2
1603238400,1619.44,1631.09,1603.09,1606.9,48019,2
1603324800,1605.84,1636.37,1590.06,1636.27,40288,4
1603411200,1636.69,1644.05,1622.39,1639.54,33485,4
1603670400,1633.15,1635.44,1585.32,1605.06,41497,2
1603756800,1604.36,1614.2,1580.17,1580.17,38030,2
1603843200,1579.92,1580.92,1540.89,1546.97,50314,0
1603929600,1547.92,1568.31,1526.95,1549.05,51799,2
1604016000,1544.96,1562.98,1524.13,1548.65,56549,1
1604275200,1538.72,1570.65,1528.97,1567.59,49845,0
1604361600,1568.19,1622.37,1566.69,1617.61,50535,0
1604448000,1619.4,1641.5,1548.23,1614.58,79501,2
1604534400,1619.99,1665.3,1601.18,1663.4,57587,2
1604620800,1661.59,1671.37,1638.84,1651.17,62622,2
1604880000,1654.44,1817.41,1650.33,1706.84,59665,0
1604966400,1705.89,1749.69,1693.09,1737.44,66781,0
1605052800,1736.69,1748.53,1720.77,1739.19,51220,7
1605139200,1740.34,1740.34,1694.77,1709.33,54170,0
1605225600,1707.87,1750.27,1694.65,1745.1,44443,1
1605484800,1746.95,1794.67,1746.35,1785.66,49261,4
1605571200,1784.86,1797.14,1752.53,1788.59,44586,0
1605657600,1788.49,1807.57,1763.82,1767.33,44902,5
1605744000,1766.57,1785.7,1754.54,1768.24,46530,0
1605830400,1768.64,1788.78,1757.09,1783.35,41923,2
1606089600,1779.13,1829.05,1777.28,1820.04,40109,5
1606176000,1819.59,1862.94,1819.54,1854.18,44029,2
1606262400,1852.98,1863.54,1829.49,1848.39,42441,0
1606348800,1848.29,1853.79,1830.59,1833.39,15484,2
1606435200,1832.49,1856.04,1829.29,1855.64,23865,2
1606694400,1855.24,1858.94,1812.19,1828.75,47961,2
1606780800,1825.0,1850.41,1823.9,1834.55,45157,2
1606867200,1835.2,1842.96,1816.91,1841.24,39644,0
1606953600,1841.84,1861.07,1829.6,1851.03,34000,2
1607040000,1850.78,1892.94,1848.82,1889.4,32015,2
1607299200,1890.83,1898.57,1874.06,1884.72,37602,0
1607385600,1885.52,1919.21,1875.12,1917.2,35177,2
1607472000,1920.75,1936.55,1889.02,1904.45,43146,1
1607558400,1903.4,1924.51,1881.28,1921.86,43588,2
1607644800,1924.56,1928.69,1891.86,1912.8,46089,2
1607904000,1921.07,1945.75,1913.44,1916.19,35893,7
1607990400,1917.19,1962.53,1911.64,1961.03,38495,2
1608076800,1962.33,1975.1,1944.74,1954.51,37918,10
1608163200,1956.02,1980.35,1954.16,1975.25,37142,0
1608249600,1975.55,1993.49,1963.41,1990.16,43031,0
1608508800,1990.74,1996.41,1882.41,1968.0,63908,0
1608595200,1967.1,1992.8,1948.2,1987.75,50075,0
1608681600,1986.85,2011.46,1967.48,2009.45,39889,0
1608768000,2007.59,2018.71,1994.62,2005.08,21479,0
1609113600,1999.53,2035.23,1994.32,1997.27,37783,0
1609200000,1997.57,2007.03,1949.51,1959.13,36902,2
1609286400,1958.83,1988.53,1951.48,1978.22,36810,0
1609372800,1976.38,1981.68,1960.66,1976.05,21901,4
1609718400,1976.02,1999.18,1922.83,1952.1,53462,0
1609804800,1949.6,1988.82,1934.02,1979.72,49842,0
1609891200,1979.37,2080.86,1972.28,2059.73,74824,0
1609977600,2061.13,2099.35,2050.11,2097.27,49989,4
1610064000,2096.72,2113.58,2061.17,2093.75,52632,0
1610323200,2087.84,2096.29,2056.8,2091.73,51577,0
1610409600,2091.1,2128.5,2089.92,2124.0,44452,2
1610496000,2124.05,2133.85,2106.54,2116.62,40486,0
1610582400,2117.87,2165.71,2114.43,2154.59,41092,0
1610668800,2157.49,2161.54,2096.91,2115.32,61094,0
1610928000,2114.34,2137.25,2110.34,2131.24,21255,6
1611014400,2131.22,2153.5,2131.22,2145.65,40399,3
1611100800,2147.45,2176.1,2138.75,2154.5,42559,4
1611187200,2154.55,2168.6,2133.96,2142.0,37916,0
1611273600,2141.5,2169.25,2114.57,2160.1,44909,0
1611532800,2162.1,2195.3,2131.45,2163.0,56070,2
1611619200,2162.05,2182.75,2136.25,2137.05,50063,1
1611705600,2136.75,2152.65,2087.25,2101.06,61240,0
1611792000,2106.47,2143.8,2079.56,2096.66,66613,0
1611878400,2099.41,2126.36,2062.2,2066.8,69522,0
1612137600,2064.26,2131.1,2031.45,2123.02,52693,2
1612224000,2121.77,2155.18,2117.25,2149.15,41295,4
1612310400,2148.7,2164.14,2132.18,2163.68,34657,9
1612396800,2163.38,2207.59,2151.94,2206.99,31421,0
1612483200,2203.23,2236.22,2199.97,2235.37,34999,0
1612742400,2237.55,2291.88,2232.63,2291.23,37945,0
1612828800,2292.33,2311.32,2278.2,2302.05,37150,0
1612915200,2301.65,2319.73,2266.32,2286.56,45456,0
1613001600,2282.91,2306.32,2252.13,2276.68,44616,0
1613088000,2273.68,2294.71,2261.48,2292.7,37780,0
1613347200,2296.06,2315.23,2295.56,2308.43,14065,14
1613433600,2309.23,2315.13,2264.67,2273.65,43032,10
1613520000,2272.65,2275.9,2223.82,2255.47,50996,0
1613606400,2255.66,2263.21,2208.69,2222.02,50762,0
1613692800,2221.82,2277.06,2205.4,2261.66,51235,0
1613952000,2265.88,2280.12,2234.53,2255.68,59671,0
1614038400,2254.53,2268.58,2169.0,2230.54,69564,0
1614124800,2232.38,2295.41,2218.67,2293.26,68086,0
1614211200,2292.26,2302.31,2193.89,2195.94,70459,0
1614297600,2192.99,2234.82,2161.88,2197.41,88035,0
1614556800,2204.78,2280.73,2198.22,2279.28,57639,0
1614643200,2278.98,2281.13,2229.2,2233.3,62143,2
1614729600,2232.84,2268.27,2201.71,2203.01,62984,0
1614816000,2206.01,2219.95,2107.53,2150.85,84630,0
1614902400,2147.75,2194.42,2084.69,2189.36,87414,0
1615161600,2204.66,2236.1,2160.76,2211.4,77502,0
1615248000,2212.95,2262.15,2202.1,2244.64,61207,4
1615334400,2246.84,2302.01,2234.1,2293.48,62585,0
1615420800,2292.28,2337.69,2281.53,2335.73,48115,4
1615507200,2337.93,2355.51,2326.96,2353.35,42924,0
1615766400,2359.72,2366.92,2331.65,2357.41,42145,0
1615852800,2355.62,2357.59,2304.91,2319.25,42910,4
1615939200,2319.55,2341.26,2288.44,2332.53,46007,0
1616025600,2336.53,2344.63,2260.74,2269.8,51728,5
1616112000,2269.45,2299.05,2244.18,2285.95,54648,0
1616371200,2276.04,2294.75,2256.14,2269.82,45249,0
1616457600,2269.57,2273.62,2173.71,2190.0,50444,4
1616544000,2188.38,2225.81,2133.21,2141.15,53763,2
1616630400,2144.16,2191.29,2098.1,2185.89,61231,0
1616716800,2186.57,2226.27,2175.81,2223.08,49923,2
1616976000,2214.9,2225.03,2157.18,2163.48,59778,7
1617062400,2165.82,2203.01,2146.85,2198.76,55025,4
1617148800,2198.97,2239.8,2192.38,2217.26,48483,1
1617235200,2218.01,2260.45,2213.55,2256.89,47643,14
1617321600,2257.99,2308.62,2256.54,2292.1,7232,23
1617580800,2296.23,2296.53,2251.33,2266.95,35945,10
1617667200,2268.66,2282.56,2246.32,2264.77,39304,4
1617753600,2264.72,2267.57,2216.69,2231.1,38756,2
1617840000,2228.2,2248.68,2211.87,2248.17,37296,14
1617926400,2247.68,2254.86,2227.67,2242.31,38051,5
1618185600,2241.8,2244.48,2219.89,2231.19,37245,4
1618272000,2231.84,2241.42,2204.66,2231.13,39466,2
1618358400,2230.68,2274.88,2223.17,2252.03,41293,7
1618444800,2251.91,2274.82,2239.7,2256.84,39085,6
1618531200,2257.04,2271.72,2247.04,2261.38,36563,1
1618790400,2255.03,2258.28,2217.47,2233.04,43829,17
1618876800,2231.98,2239.28,2169.68,2186.98,46694,23
1618963200,2188.68,2241.42,2170.75,2234.56,42983,23
1619049600,2234.21,2268.65,2224.95,2237.81,45654,12
1619136000,2238.0,2281.1,2235.7,2269.39,40715,14
1619395200,2270.53,2303.47,2268.87,2301.28,36022,23
1619481600,2300.08,2310.98,2291.8,2300.57,35412,23
1619568000,2300.86,2311.16,2285.84,2297.09,35318,23
1619654400,2297.84,2325.42,2275.08,2289.7,40511,23
1619740800,2290.85,2293.92,2258.19,2269.92,42693,11
1620000000,2275.16,2294.48,2265.89,2273.41,36356,23
1620086400,2273.7,2274.41,2225.83,2249.46,45943,14
1620172800,2249.66,2264.22,2231.17,2240.49,40060,23
1620259200,2240.83,2253.01,2202.87,2245.78,47700,23
1620345600,2244.38,2273.14,2231.51,2270.13,40627,23
1620604800,2270.5,2279.75,2203.86,2204.81,47967,14
1620691200,2205.31,2218.75,2156.07,2201.35,66278,23
1620777600,2203.2,2210.6,2128.28,2130.48,67915,23
1620864000,2130.93,2188.45,2116.35,2172.86,66644,23
1620950400,2171.81,2229.22,2170.4,2225.16,50706,23
1621209600,2225.56,2230.63,2193.88,2229.03,58600,23
1621296000,2229.03,2247.12,2204.58,2208.08,49352,23
1621382400,2203.57,2213.08,2155.53,2193.34,66725,23
1621468800,2192.34,2212.33,2171.54,2203.63,54201,23
1621555200,2204.98,2238.12,2204.28,2216.43,51005,23
1621814400,2208.78,2237.73,2205.72,2227.96,43584,23
1621900800,2227.91,2250.99,2206.09,2211.34,50060,4
1621987200,2210.79,2250.69,2210.59,2249.32,44927,23
1622073600,2248.92,2280.47,2240.33,2280.27,50288,23
1622160000,2280.12,2287.87,2265.24,2270.18,42233,23
1622419200,2271.58,2276.13,2257.73,2259.43,18438,23
1622505600,2263.13,2298.92,2262.88,2296.28,46542,23
1622592000,2295.77,2305.38,2282.8,2299.05,50045,23
1622678400,2299.35,2304.79,2254.43,2279.83,50134,23
1622764800,2280.13,2294.15,2266.67,2284.3,43863,23
1623024000,2287.17,2322.02,2270.6,2320.47,40353,23
1623110400,2320.46,2348.35,2310.22,2341.8,45910,14
1623196800,2341.74,2351.21,2324.95,2329.06,41447,23
1623283200,2328.95,2339.7,2308.75,2310.94,33182,23
1623369600,2311.88,2335.51,2307.15,2335.21,27537,23
1623628800,2338.07,2351.03,2319.17,2326.23,31192,23
1623715200,2325.87,2333.21,2301.16,2319.52,27466,23
1623801600,2319.67,2322.52,2292.66,2306.0,41493,23
1623888000,2306.45,2318.38,2262.15,2288.69,55649,23
1623974400,2289.49,2292.64,2228.58,2231.19,54563,14
1624233600,2235.61,2290.56,2211.75,2286.91,56416,23
1624320000,2285.76,2299.23,2263.6,2295.83,46379,23
1624406400,2295.48,2314.64,2286.89,2305.18,41540,23
1624492800,2305.18,2339.95,2304.48,2339.85,39611,23
1624579200,2339.5,2350.35,2329.59,2339.35,38297,23
1624838400,2339.11,2342.18,2305.23,2322.39,41010,14
1624924800,2322.44,2333.52,2304.55,2309.56,39224,14
1625011200,2309.56,2318.61,2289.09,2314.83,41588,14
1625097600,2314.88,2334.46,2312.99,2327.5,40371,14
1625184000,2327.9,2339.22,2301.16,2305.59,38103,14
1625443200,2306.9,2313.08,2301.74,2310.28,16039,23
1625529600,2310.63,2314.38,2255.51,2268.41,41974,14
1625616000,2267.86,2281.89,2232.63,2257.09,44893,14
1625702400,2256.39,2256.54,2192.59,2229.02,59809,14
1625788800,2228.26,2281.92,2217.94,2279.66,48335,14
1626048000,2279.25,2286.7,2256.23,2280.65,45729,14
1626134400,2280.19,2281.74,2237.35,2238.85,45277,14
1626220800,2238.85,2259.0,2200.37,2202.32,51082,7
1626307200,2202.32,2204.64,2162.43,2190.82,54973,11
1626393600,2188.67,2215.84,2158.63,2162.87,51311,9
1626652800,2163.92,2164.93,2105.37,2139.52,69839,14
1626739200,2140.53,2207.19,2127.28,2196.12,61502,14
1626825600,2195.47,2240.66,2188.94,2240.66,53818,23
1626912000,2236.1,2245.66,2191.53,2208.0,44744,23
1626998400,2207.49,2219.02,2184.44,2204.3,41926,7
1627257600,2206.06,2235.47,2179.49,2215.31,50096,14
1627344000,2215.71,2216.31,2168.3,2187.75,57397,23
1627430400,2187.9,2239.64,2183.84,2224.51,59256,23
1627516800,2226.36,2257.3,2218.69,2241.36,48803,14
1627603200,2241.01,2254.3,2216.91,2228.81,54064,14
1627862400,2233.43,2260.16,2211.29,2216.7,49785,23
1627948800,2215.29,2232.38,2185.28,2217.65,49057,23
1628035200,2217.3,2226.0,2192.42,2194.87,42802,14
1628121600,2194.11,2238.41,2190.57,2233.67,39423,23
1628208000,2233.31,2266.01,2229.05,2246.71,37202,23
1628467200,2244.7,2245.92,2225.4,2238.74,37536,14
1628553600,2238.09,2246.76,2226.52,2239.87,36359,23
1628640000,2238.92,2252.22,2218.66,2252.17,38074,23
1628726400,2250.87,2254.5,2231.48,2245.45,34551,23
1628812800,2244.8,2246.86,2220.45,2221.58,32055,23
1629072000,2218.96,2222.61,2189.77,2202.77,43727,23
1629158400,2202.97,2203.57,2150.77,2174.92,52809,23
1629244800,2174.52,2193.5,2146.2,2151.7,50688,23
1629331200,2151.15,2160.75,2110.8,2132.4,66599,23
1629417600,2132.35,2171.72,2113.35,2166.18,53643,23
1629676800,2166.31,2211.54,2166.06,2210.74,42509,23
1629763200,2210.58,2233.26,2209.23,2232.86,40544,23
1629849600,2231.6,2252.89,2221.24,2239.92,40444,23
1629936000,2239.27,2245.44,2211.11,2215.1,48650,23
1630022400,2215.09,2282.58,2208.33,2280.04,42605,23
1630281600,2280.61,2287.99,2261.66,2269.69,40056,23
1630368000,2269.29,2278.97,2256.41,2276.1,46863,14
1630454400,2275.39,2294.59,2261.47,2286.94,44960,23
1630540800,2285.89,2310.54,2280.58,2303.79,42235,23
1630627200,2303.34,2312.58,2284.32,2289.21,43456,23
1630886400,2289.04,2299.43,2277.78,2294.18,20566,23
1630972800,2293.88,2302.03,2273.41,2276.06,45720,14
1631059200,2274.86,2280.5,2238.77,2251.55,53709,23
1631145600,2250.12,2274.95,2225.55,2251.05,54341,14
1631232000,2250.5,2270.72,2227.8,2231.86,37984,23
1631491200,2234.85,2249.36,2213.96,2244.8,47110,23
1631577600,2243.9,2258.35,2202.41,2212.02,45508,14
1631664000,2211.67,2239.28,2205.77,2233.5,41865,10
1631750400,2234.15,2244.61,2213.53,2232.28,42742,23
1631836800,2231.88,2240.99,2217.35,2228.09,48640,23
1632096000,2231.17,2232.12,2154.5,2178.67,63863,22
1632182400,2179.42,2214.81,2170.36,2183.04,60395,23
1632268800,2182.54,2236.46,2173.05,2220.14,55465,23
1632355200,2219.39,2266.94,2219.04,2260.0,51325,23
1632441600,2259.8,2267.56,2235.61,2248.71,49716,23
1632700800,2251.26,2294.33,2246.45,2280.92,49318,23
1632787200,2280.47,2290.92,2225.85,2233.16,61239,23
1632873600,2233.45,2250.62,2218.85,2231.09,63588,2
1632960000,2231.49,2254.82,2201.57,2204.62,61430,23
1633046400,2205.27,2252.3,2175.05,2243.29,63946,23
1633305600,2245.69,2248.54,2206.47,2222.49,72000,23
1633392000,2221.43,2248.72,2203.94,2227.29,62052,23
1633478400,2226.74,2229.43,2185.24,2217.85,73159,23
1633564800,2219.15,2266.56,2218.09,2248.92,53522,23
1633651200,2249.72,2260.17,2231.13,2234.63,54510,23
1633910400,2236.52,2252.77,2213.12,2218.45,57780,23
1633996800,2219.15,2241.66,2196.93,2227.69,60524,23
1634083200,2226.74,2244.87,2214.81,2242.97,53821,23
1634169600,2242.81,2279.06,2242.51,2277.65,43203,0
1634256000,2277.25,2300.92,2265.54,2266.89,46221,23
1634515200,2270.24,2272.75,2250.42,2265.1,46700,23
1634601600,2264.99,2288.3,2261.64,2276.75,44277,23
1634688000,2276.75,2296.36,2267.9,2288.47,44740,23
1634774400,2287.92,2306.46,2276.75,2299.66,48117,23
1634860800,2297.85,2307.09,2273.77,2286.71,51139,23
1635120000,2287.46,2317.01,2281.65,2313.45,47607,23
1635206400,2313.0,2323.66,2292.32,2294.47,48525,10
1635292800,2295.12,2298.02,2252.13,2256.28,52117,14
1635379200,2255.33,2304.93,2252.5,2302.43,49933,14
1635465600,2302.23,2304.4,2286.06,2299.17,51079,23
1635724800,2303.44,2358.96,2300.49,2358.32,49756,23
1635811200,2358.3,2367.09,2344.12,2362.26,52152,23
1635897600,2362.91,2414.18,2356.7,2404.16,47053,23
1635984000,2403.01,2426.12,2392.18,2403.78,49250,23
1636070400,2404.8,2450.01,2400.21,2431.61,52350,23
1636329600,2432.06,2463.22,2429.36,2438.16,53432,14
1636416000,2437.11,2442.95,2412.76,2424.91,51595,23
1636502400,2424.86,2432.9,2378.84,2390.0,57096,23
1636588800,2390.64,2420.29,2384.84,2408.42,49283,23
1636675200,2408.52,2419.36,2404.14,2413.47,41689,14
1636934400,2416.29,2427.82,2392.9,2401.69,39659,23
1637020800,2402.04,2408.74,2385.38,2403.58,40668,23
1637107200,2403.33,2405.33,2366.94,2371.61,40661,23
1637193600,2372.06,2386.45,2345.75,2364.55,42851,23
1637280000,2363.75,2377.15,2328.94,2345.26,52236,23
1637539200,2346.73,2373.75,2327.4,2336.2,50530,23
1637625600,2335.95,2345.45,2302.05,2327.01,59647,23
1637712000,2327.31,2336.2,2300.69,2332.76,55452,23
1637798400,2333.06,2345.65,2332.86,2335.68,17166,23
1637884800,2334.78,2335.28,2207.38,2222.98,55928,2
1638144000,2256.23,2283.33,2226.88,2246.5,69853,23
1638230400,2249.8,2260.39,2174.08,2214.52,80937,23
1638316800,2214.72,2256.99,2139.16,2145.21,73949,23
1638403200,2146.81,2212.96,2145.41,2212.41,77929,23
1638489600,2214.18,2222.79,2140.98,2157.25,72781,22
1638748800,2167.14,2221.25,2151.67,2207.71,69004,23
1638835200,2207.91,2273.87,2201.41,2262.24,55122,23
1638921600,2262.09,2279.96,2243.9,2268.59,56504,23
1639008000,2268.89,2274.28,2214.74,2219.79,52567,14
1639094400,2219.43,2244.25,2196.49,2210.78,40985,23
1639353600,2212.91,2227.53,2168.8,2185.37,51294,23
1639440000,2184.71,2195.03,2152.41,2165.13,59778,2
1639526400,2164.07,2200.08,2130.7,2198.58,58542,7
1639612800,2197.23,2226.08,2142.02,2154.9,61714,23
1639699200,2156.1,2192.07,2122.63,2174.46,69368,23
1639958400,2171.02,2174.68,2106.16,2142.75,74872,23
1640044800,2142.95,2207.12,2137.79,2206.27,58269,23
1640131200,2205.12,2225.46,2190.41,2223.31,51541,23
1640217600,2223.36,2247.12,2222.1,2239.04,39551,23
1640563200,2239.62,2262.2,2225.52,2262.0,39933,23
1640649600,2260.0,2276.91,2243.22,2248.75,43173,23
1640736000,2248.75,2254.62,2232.33,2245.43,42421,23
1640822400,2246.08,2273.29,2239.73,2247.65,33344,23
1640908800,2248.1,2261.5,2233.33,2251.55,29098,23
1641168000,2252.14,2285.75,2245.91,2271.22,49984,23
1641254400,2270.87,2290.87,2253.3,2269.48,52381,23
1641340800,2269.18,2278.61,2190.59,2192.5,58052,23
1641427200,2192.05,2222.42,2176.26,2209.13,73178,23
1641513600,2210.88,2222.04,2176.84,2178.19,64821,23
1641772800,2180.19,2187.08,2129.77,2170.52,68058,23
1641859200,2171.12,2196.98,2148.31,2193.19,54647,23
1641945600,2193.53,2212.13,2165.37,2180.33,57332,14
1642032000,2180.58,2201.21,2151.89,2159.72,57743,23
1642118400,2160.26,2166.28,2123.87,2165.67,69904,23
1642377600,2166.92,2168.39,2150.59,2164.98,28133,23
1642464000,2165.68,2168.18,2093.41,2100.09,74354,22
1642550400,2100.34,2112.25,2058.29,2064.49,75365,23
1642636800,2063.79,2106.45,2014.92,2023.91,70013,1
1642723200,2024.51,2047.51,1985.42,1987.63,83740,23
1642982400,1992.81,2040.17,1927.73,2037.01,87813,5
1643068800,2034.6,2037.76,1961.73,1991.11,90543,2
1643155200,1992.01,2052.62,1953.73,1972.84,80265,0
1643241600,1976.07,2013.34,1922.4,1938.28,93142,14
1643328000,1938.38,1969.79,1895.78,1961.81,87888,14
1643587200,1961.91,2028.01,1940.98,2016.84,71825,0
1643673600,2017.84,2052.46,1996.22,2044.12,65195,10
1643760000,2042.96,2061.39,2009.13,2030.27,60624,7
1643846400,2028.48,2029.72,1987.79,2002.96,65859,4
1643932800,2002.6,2017.24,1961.35,1995.51,70541,23
1644192000,2001.06,2028.4,1983.52,2014.31,70646,14
1644278400,2013.96,2048.03,2006.35,2045.46,64660,14
1644364800,2045.11,2084.57,2045.11,2083.22,55021,17
1644451200,2083.67,2107.52,2037.87,2049.39,67380,7
1644537600,2048.83,2077.58,2013.72,2034.89,74907,14
1644796800,2031.62,2050.63,2003.51,2020.01,82981,7
1644883200,2019.75,2078.43,2013.48,2072.85,67723,14
1644969600,2074.49,2088.23,2055.89,2075.03,63102,14
1645056000,2075.11,2081.36,2022.78,2030.23,66702,2
1645142400,2028.88,2050.68,2002.38,2008.58,68839,16
1645401600,1999.48,2027.28,1977.93,1980.18,46889,14
1645488000,1971.32,2019.38,1961.78,1990.48,84216,7
1645574400,1988.73,2009.73,1939.63,1942.18,65750,14
1645660800,1942.83,1999.23,1885.33,1985.38,100960,2
1645747200,1983.37,2042.38,1967.73,2040.88,85274,7
1646006400,1984.53,2061.03,1973.33,2047.73,79797,14
1646092800,2047.13,2066.03,1992.08,2012.03,75029,14
1646179200,2012.58,2067.93,1992.98,2052.93,74255,7
1646265600,2052.33,2072.98,2017.38,2034.08,65754,7
1646352000,2034.23,2037.88,1983.98,1998.23,78289,14
1646611200,1987.78,2013.08,1945.48,1948.08,84659,7
1646697600,1947.73,2009.88,1924.33,1953.08,88259,0
1646784000,1953.98,2024.63,1952.93,2015.68,77196,7
1646870400,2016.23,2016.73,1979.23,2010.28,72375,0
1646956800,2013.03,2050.13,1978.05,1980.63,59285,14
1647216000,1983.32,2006.83,1931.32,1943.43,72120,23
1647302400,1944.08,1972.15,1916.32,1965.5,81211,1
1647388800,1967.46,2042.61,1962.66,2039.2,131384,0
1647475200,2039.28,2066.92,2016.85,2054.3,107209,0
1647561600,2055.29,2091.01,2045.31,2090.43,101106,0
1647820800,2087.36,2094.54,2052.18,2070.82,93753,0
1647907200,2068.89,2101.16,2057.68,2088.24,91498,0
1647993600,2085.91,2092.13,2048.53,2052.89,92110,0
1648080000,2050.39,2077.99,2043.48,2076.71,86464,0
1648166400,2076.41,2083.45,2061.22,2079.33,89821,0
1648425600,2077.25,2081.0,2046.69,2077.67,97639,0
1648512000,2078.01,2140.54,2074.74,2132.11,93113,0
1648598400,2130.61,2134.26,2081.8,2093.91,95350,0
1648684800,2092.38,2104.98,2065.45,2072.73,87475,0
1648771200,2071.02,2092.31,2065.38,2090.48,92726,0
1649030400,2090.36,2099.49,2074.43,2096.08,80085,0
1649116800,2095.32,2110.24,2040.34,2050.51,83366,0
1649203200,2048.32,2051.86,2001.88,2014.78,102904,0
1649289600,2014.45,2028.32,1981.16,2007.23,101587,0
1649376000,2005.88,2018.05,1989.44,1995.91,89940,0
1649635200,1996.34,2007.53,1973.54,1980.8,102991,0
1649721600,1980.82,2032.36,1968.77,1987.44,106511,0
1649808000,1988.83,2029.59,1986.87,2022.2,99853,0
1649894400,2022.78,2038.49,2001.52,2004.43,99277,0
1650240000,2000.1,2006.34,1979.6,1997.66,84304,0
1650326400,1995.6,2037.37,1982.97,2028.69,106312,1
1650412800,2028.33,2053.29,2024.95,2042.56,108354,0
1650499200,2042.24,2062.61,1984.05,1988.77,102840,0
1650585600,1987.94,1993.47,1929.49,1932.5,115771,0
1650844800,1936.84,1954.8,1905.36,1952.69,133253,0
1650931200,1951.46,1959.23,1881.06,1884.62,118011,0
1651017600,1881.94,1910.98,1875.68,1894.23,139676,0
1651104000,1893.44,1927.55,1859.7,1914.31,130970,0
1651190400,1908.45,1930.19,1857.34,1868.21,129475,0
1651449600,1867.19,1890.83,1836.23,1879.73,139688,0
1651536000,1878.17,1907.74,1869.18,1899.98,124145,0
1651622400,1896.1,1952.61,1869.26,1944.41,105444,0
1651708800,1944.61,1952.11,1845.45,1875.02,126366,0
1651795200,1870.85,1876.87,1816.76,1835.85,149469,0
1652054400,1828.95,1829.05,1752.28,1764.18,138839,0
1652140800,1764.2,1800.31,1723.11,1760.85,150296,0
1652227200,1758.85,1792.91,1713.71,1726.95,134565,0
1652313600,1723.32,1753.56,1699.66,1730.46,148243,0
1652400000,1730.65,1804.86,1730.65,1790.19,116621,0
1652659200,1793.9,1805.14,1771.62,1782.42,115837,0
1652745600,1781.21,1840.98,1780.96,1840.18,108063,0
1652832000,1840.49,1842.16,1761.23,1773.88,108851,0
1652918400,1772.77,1798.58,1745.24,1778.9,128932,0
1653004800,1777.54,1804.26,1727.95,1773.63,120728,0
1653264000,1780.76,1800.83,1765.4,1796.65,122915,0
1653350400,1790.94,1790.99,1733.1,1768.77,125549,0
1653436800,1768.62,1808.33,1754.24,1797.57,124525,0
1653523200,1798.01,1848.48,1793.03,1837.18,112083,0
1653609600,1834.89,1893.8,1830.98,1893.8,103292,0
1653868800,1891.13,1908.73,1887.43,1893.62,56241,2
1653955200,1894.39,1896.39,1851.1,1867.88,130656,0
1654041600,1865.1,1879.71,1828.12,1851.78,123965,0
1654128000,1851.83,1898.48,1844.6,1897.54,110466,0
1654214400,1897.47,1902.64,1868.08,1883.9,106019,0
1654473600,1885.29,1906.04,1878.38,1890.38,105905,0
1654560000,1889.68,1919.95,1868.5,1914.78,108317,0
1654646400,1914.71,1919.43,1880.67,1893.08,107304,0
1654732800,1891.81,1905.31,1848.96,1855.73,110989,0
1654819200,1854.85,1856.97,1790.76,1804.18,79490,0
1655078400,1790.76,1792.71,1706.77,1719.08,101885,0
1655164800,1718.2,1740.92,1690.71,1708.48,92602,0
1655251200,1708.95,1754.61,1699.91,1732.31,128774,0
1655337600,1733.71,1751.65,1639.72,1654.52,134909,0
1655424000,1655.12,1687.18,1648.88,1669.21,131206,0
1655683200,1672.68,1688.67,1656.4,1684.22,61390,1
1655769600,1684.83,1713.12,1679.98,1695.63,98722,0
1655856000,1692.65,1704.56,1657.87,1688.15,110095,0
1655942400,1688.75,1714.05,1675.45,1702.61,115254,0
1656028800,1702.37,1764.04,1700.54,1763.69,98079,0
1656288000,1762.84,1782.54,1750.41,1773.82,110400,0
1656374400,1772.23,1793.99,1735.8,1740.66,90796,0
1656460800,1737.56,1744.43,1701.17,1721.49,92436,0
1656547200,1721.18,1724.32,1678.72,1700.36,100907,0
1656633600,1699.46,1729.93,1678.29,1727.93,110415,0
1656892800,1726.06,1726.44,1710.26,1717.98,52955,2
1656979200,1717.94,1740.9,1678.65,1738.73,109458,0
1657065600,1740.43,1748.76,1708.91,1730.23,108726,0
1657152000,1729.01,1771.62,1719.4,1766.21,99485,0
1657238400,1764.66,1781.47,1747.62,1767.08,102455,0
1657497600,1765.69,1766.69,1726.64,1735.96,106300,0
1657584000,1733.87,1745.21,1714.27,1728.02,108829,0
1657670400,1728.19,1752.62,1697.12,1721.09,118145,0
1657756800,1720.05,1725.26,1680.48,1707.63,121103,0
1657843200,1708.01,1744.82,1700.28,1741.88,106418,0
1658102400,1749.17,1773.86,1731.26,1741.13,97229,0
1658188800,1740.51,1801.71,1737.83,1798.91,98346,1
1658275200,1798.96,1829.01,1788.54,1820.56,104586,0
1658361600,1820.16,1836.12,1798.86,1833.75,107353,0
1658448000,1832.45,1843.16,1790.77,1805.94,99755,0
1658707200,1807.23,1820.59,1795.59,1810.18,101953,0
1658793600,1811.49,1817.49,1796.73,1807.83,95484,1
1658880000,1807.24,1854.4,1804.96,1847.23,86310,0
1658966400,1847.23,1878.7,1828.74,1874.58,93951,0
1659052800,1873.74,1888.7,1861.85,1883.21,86325,0
1659312000,1883.55,1895.37,1853.21,1884.41,91257,0
1659398400,1882.43,1901.89,1865.94,1885.42,120375,0
1659484800,1883.9,1913.42,1878.22,1907.27,112758,0
1659571200,1907.06,1918.73,1895.85,1906.57,108999,0
1659657600,1905.91,1921.63,1883.02,1919.33,100039,0
1659916800,1920.18,1958.32,1912.78,1944.08,96206,0
1660003200,1942.08,1946.23,1902.6,1913.52,101324,0
1660089600,1913.5,1971.0,1907.15,1967.85,94556,0
1660176000,1967.31,2006.82,1965.53,1979.71,101696,1
1660262400,1979.52,2015.84,1974.14,2014.74,87183,0
1660521600,2013.42,2023.17,1993.66,2019.62,85414,1
1660608000,2019.73,2031.2,2001.3,2023.46,92534,0
1660694400,2023.02,2027.07,1974.76,1990.07,102919,0
1660780800,1989.42,2003.53,1979.69,1998.45,95525,0
1660867200,1997.24,1998.71,1951.1,1956.83,97619,0
1661126400,1951.29,1953.86,1910.38,1919.89,103425,1
1661212800,1919.27,1939.78,1904.69,1917.36,107512,0
1661299200,1917.73,1943.09,1908.5,1939.01,101133,0
1661385600,1937.99,1964.19,1935.34,1960.27,96615,0
1661472000,1961.7,1972.52,1895.72,1897.62,103036,0
1661731200,1880.77,1899.62,1870.77,1882.67,97110,22
1661817600,1882.72,1901.09,1844.43,1854.83,94008,22
1661904000,1855.24,1870.9,1840.39,1843.79,95433,22
1661990400,1843.89,1844.55,1797.1,1823.85,99709,22
1662076800,1823.85,1848.08,1799.43,1808.98,91966,22
1662336000,1811.53,1824.88,1805.33,1820.83,48975,22
1662422400,1820.45,1831.81,1783.4,1791.4,96530,22
1662508800,1793.11,1833.43,1778.13,1827.53,92327,22
1662595200,1828.02,1847.34,1804.04,1846.14,90357,22
1662681600,1846.14,1884.66,1844.21,1882.51,53230,22
1662940800,1887.31,1910.21,1878.76,1909.61,57309,22
1663027200,1909.83,1925.0,1823.89,1829.99,64440,22
1663113600,1829.94,1843.83,1812.98,1843.03,98928,22
1663200000,1842.91,1853.76,1815.31,1820.61,90046,22
1663286400,1820.51,1820.51,1775.1,1794.4,90491,22
1663545600,1794.44,1816.69,1771.65,1814.54,80914,22
1663632000,1814.41,1822.28,1772.92,1791.92,78779,22
1663718400,1791.82,1818.01,1753.06,1755.61,87210,22
1663804800,1755.4,1776.36,1713.4,1721.8,107851,22
1663891200,1724.14,1727.0,1655.2,1678.95,99976,22
1664150400,1679.13,1704.88,1650.78,1655.98,118800,22
1664236800,1655.43,1691.95,1647.85,1665.8,105030,22
1664323200,1665.9,1725.98,1641.59,1715.33,124582,22
1664409600,1715.38,1717.23,1651.38,1676.63,113978,22
1664496000,1676.58,1709.26,1661.61,1663.61,114147,22
1664755200,1659.93,1717.18,1650.18,1711.93,106082,22
1664841600,1711.93,1775.73,1707.38,1770.53,100900,22
1664928000,1770.53,1771.14,1727.99,1762.44,97445,22
1665014400,1763.33,1775.02,1742.22,1750.97,107235,22
1665100800,1749.89,1761.78,1691.57,1698.92,97458,22
1665360000,1693.58,1709.28,1679.58,1690.73,99336,22
1665446400,1690.73,1714.8,1661.25,1695.1,116136,22
1665532800,1695.59,1710.75,1667.99,1690.49,114829,22
1665619200,1690.44,1736.62,1637.87,1727.17,110193,22
1665705600,1727.17,1758.59,1680.63,1682.33,118103,22
1665964800,1681.85,1741.8,1681.65,1739.95,96942,22
1666051200,1740.0,1788.4,1740.0,1764.7,110932,22
1666137600,1765.45,1773.52,1706.82,1729.22,109837,22
1666224000,1727.11,1749.73,1698.08,1708.08,112385,22
1666310400,1708.18,1746.14,1689.9,1742.24,104312,22
1666569600,1751.1,1764.05,1724.1,1749.15,119231,22
1666656000,1747.29,1804.09,1739.7,1796.69,94601,22
1666742400,1796.69,1838.78,1789.68,1813.08,104183,22
1666828800,1810.38,1834.44,1789.44,1804.74,109009,22
1666915200,1803.65,1848.9,1791.36,1846.4,94842,22
1667174400,1848.58,1857.43,1830.28,1847.03,86875,22
1667260800,1846.67,1871.61,1843.4,1848.0,87558,22
1667347200,1847.89,1864.97,1784.47,1789.02,91453,22
1667433600,1790.27,1794.85,1754.1,1776.95,92145,22
1667520000,1777.5,1812.96,1767.66,1797.06,103094,22
1667779200,1783.81,1820.11,1783.81,1807.66,94962,22
1667865600,1807.66,1833.79,1787.14,1808.49,86569,22
1667952000,1808.39,1814.33,1755.03,1760.83,87676,22
1668038400,1760.83,1873.28,1759.53,1872.38,96814,22
1668124800,1872.43,1902.01,1865.41,1882.96,97870,22
1668384000,1875.13,1891.67,1859.58,1866.97,88621,22
1668470400,1866.92,1909.48,1865.63,1886.43,101713,22
1668556800,1886.43,1899.28,1849.97,1855.37,97633,22
1668643200,1857.24,1863.55,1817.24,1840.09,88003,22
1668729600,1840.09,1865.61,1832.96,1849.95,75806,22
1668988800,1851.48,1854.63,1826.98,1839.53,71218,22
1669075200,1839.91,1862.51,1834.67,1859.96,60704,22
1669161600,1860.01,1870.38,1847.68,1867.28,63508,22
1669248000,1867.77,1873.5,1866.6,1872.2,19244,22
1669334400,1871.41,1876.41,1859.11,1870.31,33011,22
1669593600,1863.5,1864.45,1825.45,1833.05,62763,22
1669680000,1833.05,1848.74,1830.9,1835.89,66428,22
1669766400,1835.89,1894.44,1819.39,1894.39,77799,22
1669852800,1894.34,1903.9,1872.95,1878.9,81292,22
1669939200,1878.36,1900.36,1841.52,1892.36,74088,22
1670198400,1891.8,1893.25,1833.45,1842.05,72595,22
1670284800,1842.05,1846.17,1802.32,1812.02,80574,22
1670371200,1812.22,1826.67,1802.67,1805.32,84079,22
1670457600,1805.32,1837.37,1797.12,1816.52,75733,22
1670544000,1816.42,1827.84,1795.98,1796.33,56673,22
1670803200,1796.49,1822.79,1790.94,1816.59,60964,22
1670889600,1816.64,1891.36,1816.25,1833.05,83383,22
1670976000,1833.05,1849.19,1807.59,1826.24,69094,22
1671062400,1826.14,1826.83,1766.48,1769.93,83784,22
1671148800,1770.55,1777.95,1742.65,1759.3,86217,22
1671408000,1756.35,1771.41,1730.55,1735.95,73334,22
1671494400,1735.95,1756.82,1717.87,1748.47,88089,22
1671580800,1748.47,1785.57,1748.47,1779.57,68073,22
1671667200,1779.57,1782.11,1722.06,1750.86,72849,22
1671753600,1750.96,1765.78,1739.52,1760.62,73807,22
1672099200,1766.52,1777.78,1742.07,1748.57,62342,22
1672185600,1748.27,1758.19,1719.84,1723.44,65123,22
1672272000,1723.44,1769.39,1719.69,1761.39,57728,22
1672358400,1761.39,1762.9,1741.2,1758.95,59362,22
1672704000,1776.98,1790.48,1734.13,1748.08,91793,22
1672790400,1748.4,1783.72,1745.87,1771.52,79925,22
1672876800,1771.52,1776.55,1739.24,1751.64,80222,22
1672963200,1751.64,1797.06,1748.32,1792.66,74757,0
1673222400,1793.5,1817.85,1792.16,1794.05,73097,22
1673308800,1794.0,1822.91,1785.12,1820.76,74249,22
1673395200,1820.66,1846.25,1820.0,1846.2,61507,22
1673481600,1845.2,1876.19,1832.65,1874.89,83470,22
1673568000,1874.89,1890.07,1856.53,1887.07,67442,22
1673827200,1888.97,1892.62,1877.93,1884.42,22450,22
1673913600,1885.05,1895.8,1878.71,1884.35,63406,22
1674000000,1884.35,1907.1,1853.4,1855.6,77242,0
1674086400,1855.55,1857.1,1823.2,1834.2,78103,22
1674172800,1834.1,1867.73,1827.53,1867.08,65265,22
1674432000,1867.05,1898.15,1861.7,1889.9,63227,22
1674518400,1889.8,1895.38,1875.28,1883.38,66006,22
1674604800,1883.79,1894.04,1855.04,1889.59,73464,22
1674691200,1889.59,1915.5,1878.95,1899.1,69729,22
1674777600,1898.03,1919.38,1893.93,1911.93,61414,22
1675036800,1907.61,1912.81,1884.96,1890.11,73452,22
1675123200,1890.11,1933.33,1876.29,1931.08,69510,22
1675209600,1931.18,1979.65,1918.6,1959.65,76929,22
1675296000,1959.65,2010.04,1957.14,1998.14,92241,22
1675382400,1998.14,2008.62,1974.77,1987.17,90566,22
1675641600,1980.44,1984.49,1950.79,1958.39,78988,22
1675728000,1958.34,1978.38,1933.08,1967.58,82567,22
1675814400,1967.58,1972.88,1938.58,1944.58,77083,22
1675900800,1944.58,1967.61,1909.91,1918.21,77816,22
1675987200,1918.21,1922.25,1900.95,1918.95,82120,22
1676246400,1921.35,1945.15,1908.65,1942.35,64844,22
1676332800,1942.35,1959.04,1916.58,1937.38,87611,22
1676419200,1937.38,1962.39,1920.59,1961.04,74315,22
1676505600,1960.21,1965.67,1926.81,1938.56,78348,22
1676592000,1938.56,1948.71,1921.57,1945.86,76436,22
1676851200,1944.33,1947.68,1935.23,1938.88,20894,22
1676937600,1938.55,1939.8,1887.15,1889.75,72605,22
1677024000,1889.75,1906.65,1882.35,1896.15,75231,22
1677110400,1896.15,1917.93,1881.43,1906.53,72603,22
1677196800,1906.53,1911.29,1871.49,1888.84,72310,22
1677456000,1887.9,1916.7,1886.95,1897.85,64050,22
1677542400,1897.9,1914.25,1886.61,1897.25,61706,22
1677628800,1897.25,1908.71,1885.26,1899.66,70790,22
1677715200,1899.66,1906.03,1873.83,1900.08,72937,22
1677801600,1900.13,1932.5,1895.95,1928.4,57616,22
1678060800,1927.86,1935.32,1892.31,1900.46,60150,22
1678147200,1900.51,1908.39,1875.03,1879.43,68523,22
1678233600,1879.43,1889.22,1864.02,1880.22,66890,22
1678320000,1880.22,1885.17,1822.17,1826.42,70373,22
1678406400,1826.42,1837.37,1753.61,1771.71,90587,22
1678665600,1785.13,1810.18,1722.53,1748.58,113597,22
1678752000,1749.13,1805.88,1744.08,1779.48,101512,22
1678838400,1780.38,1788.18,1715.33,1748.18,109013,15
1678924800,1747.22,1787.17,1716.42,1773.27,110020,22
1679011200,1771.05,1782.56,1720.35,1728.6,90801,22
1679270400,1737.08,1766.83,1695.59,1751.33,106103,22
1679356800,1751.56,1795.91,1748.66,1785.46,71470,22
1679443200,1784.57,1786.87,1726.52,1732.27,70022,22
1679529600,1733.67,1763.02,1705.02,1729.27,85063,22
1679616000,1729.81,1739.11,1691.46,1738.71,92439,22
1679875200,1738.15,1766.25,1734.26,1761.1,73928,22
1679961600,1761.1,1767.96,1745.5,1756.35,60132,22
1680048000,1756.35,1777.26,1755.5,1771.95,54993,22
1680134400,1771.95,1790.41,1761.61,1769.31,54487,22
1680220800,1769.31,1804.61,1765.97,1801.31,52705,22
1680480000,1798.93,1815.68,1781.63,1801.78,54048,0
1680566400,1801.78,1811.46,1760.0,1772.2,61458,22
1680652800,1772.2,1773.28,1741.63,1749.73,58174,22
1680739200,1749.73,1761.36,1743.15,1753.6,53879,22
1680825600,1753.6,1774.73,1748.93,1774.08,7351,40
1681084800,1769.3,1778.8,1744.81,1777.75,44918,22
1681171200,1777.75,1797.21,1775.12,1788.51,46370,22
1681257600,1788.51,1811.89,1772.78,1773.13,63505,22
1681344000,1773.13,1804.14,1770.34,1796.29,48771,22
1681430400,1796.29,1809.33,1769.27,1781.67,58734,22
1681689600,1787.59,1807.74,1784.15,1805.14,52109,22
1681776000,1805.14,1816.31,1785.85,1797.45,48815,22
1681862400,1797.45,1805.11,1781.62,1797.11,46833,22
1681948800,1796.66,1800.51,1779.62,1789.26,51876,22
1682035200,1789.26,1799.73,1774.22,1792.82,54653,22
1682294400,1789.23,1801.78,1780.04,1788.03,47825,22
1682380800,1788.03,1788.8,1739.4,1745.55,55486,22
1682467200,1745.55,1750.4,1725.85,1729.85,63438,22
1682553600,1729.85,1755.04,1724.79,1750.64,51393,22
1682640000,1749.27,1774.22,1735.63,1767.72,58820,22
1682899200,1769.47,1790.02,1762.38,1764.87,46587,17
1682985600,1764.97,1771.44,1714.38,1730.98,63274,22
1683072000,1730.98,1773.01,1725.26,1726.56,67209,22
1683158400,1726.61,1737.5,1702.25,1717.7,80143,22
1683244800,1717.6,1766.3,1717.6,1760.85,56475,17
1683504000,1761.35,1771.05,1746.5,1756.5,49634,22
1683590400,1756.45,1757.75,1736.5,1751.45,43336,22
1683676800,1751.4,1781.83,1742.22,1759.92,61983,17
1683763200,1759.97,1769.24,1734.88,1745.33,59049,22
1683849600,1745.1,1758.16,1730.15,1741.2,48002,22
1684108800,1739.03,1772.28,1735.88,1762.48,47419,22
1684195200,1762.48,1763.57,1735.37,1742.22,51466,22
1684281600,1742.22,1779.91,1735.81,1776.16,48326,22
1684368000,1776.16,1789.95,1763.85,1788.2,55476,22
1684454400,1788.2,1800.9,1766.19,1774.24,57005,22
1684713600,1768.12,1804.97,1768.07,1799.47,52125,22
1684800000,1799.47,1820.18,1788.38,1791.33,58553,22
1684886400,1791.33,1795.2,1760.3,1768.8,60360,22
1684972800,1768.75,1772.17,1739.61,1752.91,65124,22
1685059200,1752.91,1777.26,1747.31,1774.16,52840,22
1685318400,1786.95,1787.15,1773.0,1777.05,16008,22
1685404800,1777.95,1789.25,1761.0,1768.45,59616,22
1685491200,1768.45,1773.37,1736.17,1748.17,61590,22
1685577600,1748.12,1774.85,1741.05,1769.65,57631,22
1685664000,1769.65,1833.62,1768.92,1832.17,54368,22
1685923200,1833.92,1840.82,1797.07,1808.87,62424,22
1686009600,1808.92,1862.83,1801.99,1857.33,52268,22
1686096000,1857.43,1896.87,1853.48,1895.87,58320,22
1686182400,1895.87,1898.37,1866.61,1881.71,55374,22
1686268800,1881.71,1883.61,1862.16,1867.11,48162,22
1686528000,1866.06,1884.86,1860.06,1879.51,51516,22
1686614400,1879.51,1908.03,1875.09,1900.28,52470,22
1686700800,1900.28,1909.87,1862.02,1877.62,51105,22
1686787200,1877.57,1892.76,1858.17,1887.71,63155,22
1686873600,1887.66,1902.06,1866.7,1874.9,60106,22
1687132800,1879.3,1880.05,1869.7,1873.6,20385,22
1687219200,1874.12,1876.08,1853.77,1865.72,50936,22
1687305600,1865.72,1875.2,1852.2,1862.77,40703,20
1687392000,1863.17,1865.87,1840.1,1849.17,38288,20
1687478400,1849.27,1851.47,1814.9,1818.1,39935,20
1687737600,1819.97,1842.9,1809.6,1825.17,41081,20
1687824000,1825.37,1856.3,1818.8,1847.27,36708,20
1687910400,1847.36,1862.8,1837.5,1860.37,40111,20
1687996800,1860.37,1886.5,1855.6,1881.27,41054,20
1688083200,1881.27,1900.4,1880.0,1886.9,33755,20
1688342400,1887.87,1901.1,1882.5,1895.3,21811,20
1688428800,1893.65,1898.0,1891.4,1892.5,11829,20
1688515200,1893.07,1895.12,1869.3,1870.77,33782,20
1688601600,1871.15,1872.4,1820.2,1839.27,42779,20
1688688000,1839.27,1879.4,1832.3,1863.2,37892,20
1688947200,1860.02,1897.1,1847.32,1896.37,36307,20
1689033600,1896.27,1916.1,1891.7,1912.97,37247,20
1689120000,1913.42,1950.8,1912.57,1933.97,30274,20
1689206400,1936.17,1953.97,1934.87,1947.92,47900,20
1689292800,1947.92,1952.1,1919.54,1931.94,54897,22
1689552000,1931.26,1961.46,1925.96,1949.66,44784,22
1689638400,1949.61,1981.43,1946.29,1976.68,50076,22
1689724800,1976.68,1994.77,1971.93,1987.77,55607,22
1689811200,1987.77,1995.97,1960.21,1971.06,56023,22
1689897600,1971.06,1984.76,1958.0,1960.75,54373,22
1690156800,1960.55,1980.55,1957.3,1967.1,49945,22
1690243200,1967.1,1980.17,1960.93,1969.32,47339,22
1690329600,1969.37,1989.95,1962.86,1977.65,60995,22
1690416000,1977.65,2003.37,1948.96,1957.76,60782,22
1690502400,1957.61,1987.32,1950.27,1982.02,55698,22
1690761600,1983.73,2007.08,1976.78,2006.18,49166,22
1690848000,2006.18,2009.5,1975.6,1993.35,49152,22
1690934400,1993.35,1993.35,1958.4,1968.75,65690,22
1691020800,1968.75,1975.01,1947.61,1960.26,65404,22
1691107200,1960.36,1980.07,1951.18,1958.22,65527,22
1691366400,1958.41,1970.12,1943.86,1961.11,56752,22
1691452800,1961.11,1962.27,1921.62,1946.77,63533,22
1691539200,1946.72,1958.21,1923.7,1934.5,56780,22
1691625600,1934.5,1957.26,1914.21,1923.41,69482,22
1691712000,1923.41,1932.14,1912.05,1924.99,60025,22
1691971200,1925.01,1933.27,1901.41,1923.91,62546,22
1692057600,1923.38,1927.83,1895.18,1897.53,65765,22
1692144000,1897.53,1906.09,1870.73,1870.93,63125,22
1692230400,1870.93,1883.31,1847.65,1849.0,62883,22
1692316800,1848.95,1865.75,1832.36,1859.9,68681,22
1692576000,1859.23,1869.24,1844.13,1855.98,55975,22
1692662400,1856.03,1870.25,1845.59,1853.04,56789,22
1692748800,1853.15,1875.0,1847.75,1873.45,52248,22
1692835200,1873.35,1879.37,1843.11,1846.31,64397,22
1692921600,1846.31,1863.37,1828.92,1852.77,71048,22
1693180800,1855.22,1881.52,1853.03,1871.37,53372,22
1693267200,1871.37,1897.88,1859.38,1895.63,50059,22
1693353600,1895.73,1909.98,1886.88,1905.83,52702,22
1693440000,1905.83,1915.29,1897.34,1900.19,47919,22
1693526400,1900.19,1931.13,1898.97,1919.97,54206,22
1693785600,1922.36,1922.36,1907.76,1911.01,19138,22
1693872000,1911.11,1914.12,1880.21,1880.91,53039,22
1693958400,1880.91,1894.18,1863.78,1873.53,50565,22
1694044800,1873.53,1876.06,1847.96,1857.16,52464,22
1694131200,1857.62,1862.48,1846.67,1851.62,43726,22
1694390400,1852.62,1870.12,1851.32,1856.02,39918,22
1694476800,1856.02,1866.35,1850.21,1855.2,47531,22
1694563200,1855.2,1863.05,1835.69,1842.49,58062,22
1694649600,1842.49,1872.25,1840.85,1869.35,50647,22
1694736000,1869.35,1873.79,1838.39,1846.14,48866,22
1694995200,1848.26,1852.96,1834.86,1836.41,42666,22
1695081600,1836.41,1844.44,1821.44,1828.79,40120,22
1695168000,1828.84,1846.58,1806.73,1808.03,52028,22
1695254400,1808.08,1809.37,1778.17,1780.02,59127,22
1695340800,1780.07,1793.16,1774.81,1775.51,56033,22
1695600000,1778.35,1788.7,1764.36,1786.85,56376,22
1695686400,1786.9,1788.43,1760.68,1766.23,56642,22
1695772800,1766.23,1787.31,1762.01,1782.31,63190,22
1695859200,1782.31,1802.65,1769.81,1795.25,69326,22
1695945600,1795.25,1808.62,1777.36,1782.21,68535,22
1696204800,1796.74,1797.64,1747.69,1757.94,69998,22
1696291200,1757.94,1760.51,1719.4,1724.7,74746,22
1696377600,1724.7,1733.42,1705.96,1724.51,79992,22
1696464000,1724.51,1734.13,1714.23,1727.18,70786,22
1696550400,1727.18,1754.66,1708.62,1745.01,73296,22
1696809600,1731.56,1762.11,1722.07,1755.21,58577,22
1696896000,1755.16,1787.33,1753.49,1776.28,60397,22
1696982400,1776.33,1789.56,1760.21,1778.56,59991,22
1697068800,1778.51,1787.95,1723.04,1733.29,61463,22
1697155200,1733.29,1742.09,1711.58,1717.03,68180,22
1697414400,1718.37,1750.42,1718.32,1746.87,62105,22
1697500800,1747.89,1781.34,1734.5,1766.59,67680,22
1697587200,1766.59,1767.71,1725.75,1727.5,73350,22
1697673600,1727.5,1736.94,1698.14,1699.14,85484,22
1697760000,1699.14,1703.48,1678.12,1678.62,73207,22
1698019200,1684.7,1689.6,1660.85,1671.15,75275,22
1698105600,1671.2,1691.4,1667.55,1676.95,71046,22
1698192000,1677.05,1679.71,1648.21,1652.81,73008,22
1698278400,1652.81,1671.76,1639.62,1655.76,80329,22
1698364800,1655.76,1667.08,1629.92,1635.57,75096,22
1698624000,1640.97,1662.38,1633.37,1643.57,64826,22
1698710400,1643.89,1664.44,1636.1,1656.64,66597,22
1698796800,1657.42,1670.32,1644.72,1667.37,68731,22
1698883200,1668.27,1715.52,1667.52,1715.42,60297,22
1698969600,1714.62,1772.07,1712.02,1758.92,60256,22
1699228800,1762.28,1765.54,1728.78,1737.23,52364,22
1699315200,1737.23,1740.27,1720.72,1732.77,52591,22
1699401600,1732.77,1736.57,1707.56,1710.96,53563,22
1699488000,1710.96,1727.42,1683.56,1688.16,63199,22
1699574400,1687.85,1710.95,1681.4,1705.2,56359,22
1699833600,1702.73,1712.03,1689.18,1706.43,50674,22
1699920000,1706.43,1802.1,1702.06,1801.6,58247,22
1700006400,1801.6,1833.04,1796.1,1800.74,64979,22
1700092800,1800.74,1808.03,1765.12,1777.57,62407,22
1700179200,1777.47,1800.35,1774.95,1796.65,54549,22
1700438400,1798.12,1811.32,1789.98,1807.87,48121,22
1700524800,1807.92,1811.9,1780.25,1783.9,50714,22
1700611200,1784.0,1807.52,1782.72,1795.17,50523,22
1700697600,1794.21,1799.62,1792.31,1793.61,13740,22
1700784000,1793.63,1811.38,1791.78,1806.53,29869,22
1701043200,1806.47,1806.47,1786.37,1802.22,42825,22
1701129600,1802.12,1806.74,1786.24,1795.94,49330,22
1701216000,1795.94,1832.0,1794.8,1802.85,55279,22
1701302400,1802.9,1819.25,1797.81,1807.65,59123,22
1701388800,1807.65,1865.29,1794.74,1862.94,60800,22
1701648000,1865.71,1884.31,1854.27,1881.71,60688,22
1701734400,1881.71,1885.42,1853.86,1857.96,60123,22
1701820800,1857.96,1893.81,1851.81,1853.86,59454,22
1701907200,1853.86,1869.26,1844.37,1867.61,58964,22
1701993600,1867.59,1890.89,1858.1,1880.64,49995,22
1702252800,1882.07,1889.88,1872.57,1886.57,40034,22
1702339200,1886.57,1903.89,1867.63,1884.18,48556,22
1702425600,1884.18,1955.04,1869.64,1949.59,57629,22
1702512000,1949.59,2015.49,1949.24,1996.79,77231,22
1702598400,1996.79,2024.65,1973.69,1982.84,65990,22
1702857600,1989.96,2002.81,1981.71,1984.81,49017,22
1702944000,1984.76,2028.43,1980.58,2023.03,47907,22
1703030400,2023.03,2045.33,1982.73,1992.13,61616,22
1703116800,1992.18,2020.65,1991.95,2019.25,64251,22
1703203200,2019.24,2051.24,2011.29,2038.29,54752,22
1703548800,2035.18,2070.13,2035.08,2064.23,34694,22
1703635200,2064.28,2079.62,2058.02,2071.87,47989,22
1703721600,2070.62,2078.13,2054.77,2062.37,45123,22
1703808000,2062.6,2068.36,2028.9,2028.9,46662,22
1704153600,2032.97,2044.93,2005.92,2018.07,64114,22
1704240000,2018.17,2020.4,1957.65,1963.6,64888,22
1704326400,1963.6,1974.62,1949.42,1960.46,61395,22
1704412800,1960.36,1973.13,1922.74,1950.68,65064,22
1704672000,1952.66,1989.16,1939.57,1986.76,57244,22
1704758400,1986.86,1987.66,1951.76,1966.06,54411,22
1704844800,1966.65,1974.11,1949.2,1970.1,50930,22
1704931200,1970.13,1983.94,1930.43,1951.88,67121,22
1705017600,1951.88,1989.15,1943.36,1950.05,67122,22
1705276800,1948.82,1957.83,1938.08,1953.37,21308,22
1705363200,1952.3,1953.5,1918.65,1927.3,70831,22
1705449600,1927.3,1929.03,1892.34,1912.03,66101,22
1705536000,1912.03,1929.31,1898.95,1924.75,63443,22
1705622400,1924.75,1945.87,1909.42,1942.82,62264,22
1705881600,1946.62,1987.57,1946.03,1985.07,61881,22
1705968000,1985.07,2005.93,1969.07,1978.27,58203,22
1706054400,1979.09,2006.5,1957.39,1961.99,62453,22
1706140800,1962.37,1995.53,1960.02,1980.57,68321,22
1706227200,1980.57,1998.01,1972.46,1978.21,58762,22
1706486400,1973.02,2013.72,1970.17,2009.17,48591,22
1706572800,2009.17,2016.12,1990.37,2000.67,51193,22
1706659200,2000.67,2010.7,1944.49,1950.34,71210,22
1706745600,1950.34,1977.04,1932.74,1971.74,73684,22
1706832000,1973.44,1979.69,1941.34,1961.99,68531,22
1707091200,1961.02,1962.12,1917.92,1935.07,59537,22
1707177600,1935.6,1956.0,1927.21,1953.65,58990,22
1707264000,1953.65,1964.37,1938.06,1946.76,58466,22
1707350400,1946.76,1981.55,1940.31,1978.8,48929,22
1707436800,1978.8,2014.01,1976.97,2012.16,49914,22
1707696000,2010.57,2054.92,2009.77,2048.37,55548,22
1707782400,2048.37,2052.42,1948.06,1966.06,73468,22
1707868800,1966.06,2016.06,1964.41,2012.06,66658,22
1707955200,2011.96,2065.53,2011.33,2057.68,66964,22
1708041600,2058.94,2064.55,2026.7,2033.14,61796,22
1708300800,2036.81,2039.96,2021.66,2024.16,18884,22
1708387200,2024.55,2025.75,1997.8,2008.5,70183,22
1708473600,2008.3,2009.68,1981.07,1997.92,66542,22
1708560000,1999.78,2017.58,1995.58,2009.03,68927,22
1708646400,2010.87,2028.22,1999.98,2015.97,60336,22
1708905600,2016.49,2033.99,2006.5,2027.89,53978,22
1708992000,2028.21,2059.91,2024.46,2054.96,55739,22
1709078400,2056.02,2057.27,2035.88,2038.67,52641,22
1709164800,2038.67,2080.75,2034.8,2050.99,67853,22
1709251200,2051.58,2079.73,2042.49,2075.28,53759,22
1709510400,2075.04,2095.19,2071.14,2071.89,51812,22
1709596800,2071.94,2075.99,2047.09,2053.69,59794,22
1709683200,2053.54,2078.0,2050.74,2068.99,66641,22
1709769600,2069.09,2097.24,2055.79,2085.84,61345,22
1709856000,2086.99,2120.39,2070.8,2083.34,65188,22
1710115200,2085.48,2088.54,2064.13,2070.93,59422,22
1710201600,2071.21,2084.72,2049.07,2062.41,68415,22
1710288000,2062.93,2082.33,2058.98,2073.83,63134,22
1710374400,2073.43,2081.94,2016.28,2033.93,75121,22
1710460800,2033.99,2045.74,2026.1,2039.14,74118,22
1710720000,2040.02,2053.33,2024.02,2026.67,69180,22
1710806400,2025.84,2043.09,2009.9,2036.74,72666,22
1710892800,2036.52,2085.97,2025.43,2079.82,68688,22
1710979200,2080.78,2110.58,2079.18,2103.78,67631,22
1711065600,2103.59,2109.74,2069.34,2071.24,55137,22
1711324800,2071.85,2091.05,2068.21,2077.55,48673,22
1711411200,2078.68,2097.58,2070.58,2075.13,53375,22
1711497600,2074.93,2120.63,2074.18,2117.23,54995,22
1711584000,2117.21,2140.66,2111.22,2123.71,58917,22
1711929600,2143.83,2146.63,2099.63,2106.08,53287,22
1712016000,2105.96,2109.67,2052.46,2066.31,60969,22
1712102400,2067.19,2083.19,2050.4,2078.34,65901,22
1712188800,2079.79,2104.49,2050.09,2055.64,71177,22
1712275200,2055.59,2075.4,2040.36,2062.5,84039,22
1712534400,2070.41,2083.46,2055.82,2073.06,63927,22
1712620800,2074.36,2088.86,2063.26,2084.31,70015,22
1712707200,2084.33,2096.24,2010.39,2025.73,85203,22
1712793600,2024.4,2046.3,1999.81,2039.2,87034,22
1712880000,2039.87,2045.18,1992.72,2002.72,76866,22
1713139200,2006.51,2019.61,1966.06,1975.96,96864,22
1713225600,1977.27,1978.62,1949.32,1966.52,104365,22
1713312000,1969.71,1985.07,1943.16,1946.01,96932,22
1713398400,1947.53,1972.03,1936.43,1942.68,90009,22
1713484800,1943.76,1959.11,1900.46,1945.91,120727,22
1713744000,1957.1,1979.0,1944.55,1970.85,74746,22
1713830400,1971.57,2009.87,1959.98,2000.72,71181,22
1713916800,2001.61,2005.46,1980.46,1996.26,80339,22
1714003200,1997.79,2010.1,1952.44,1976.59,90306,22
1714089600,1979.2,2006.61,1971.2,1999.85,62361,22
1714348800,2005.6,2020.65,2002.81,2012.8,61347,22
1714435200,2013.88,2014.53,1965.98,1969.68,79612,22
1714521600,1968.9,2019.55,1960.36,1985.7,93878,22
1714608000,1986.88,2019.83,1980.28,2012.93,90090,22
1714694400,2013.86,2058.22,2007.87,2034.51,76200,22
1714953600,2043.26,2065.06,2036.76,2060.36,45592,22
1715040000,2060.5,2078.5,2059.06,2061.85,44364,22
1715126400,2061.13,2064.18,2042.04,2053.63,46334,22
1715212800,2052.11,2076.71,2044.42,2074.01,48247,22
1715299200,2074.18,2086.69,2052.28,2058.03,45922,22
1715558400,2057.77,2082.32,2056.82,2063.32,39879,22
1715644800,2063.08,2094.79,2050.24,2088.48,52816,22
1715731200,2088.63,2124.03,2086.03,2107.07,56768,22
1715817600,2107.58,2115.54,2093.93,2094.93,50455,22
1715904000,2096.59,2100.94,2089.14,2097.29,43951,22
1716163200,2099.33,2111.38,2092.59,2103.23,40021,22
1716249600,2103.23,2105.96,2086.31,2098.8,39431,22
1716336000,2098.28,2102.73,2073.68,2076.83,55061,22
1716422400,2079.2,2093.96,2038.1,2049.3,72030,22
1716508800,2051.27,2071.77,2048.77,2069.32,45933,22
1716768000,2071.45,2087.6,2067.0,2084.85,12284,22
1716854400,2084.27,2087.18,2055.72,2065.52,63898,22
1716940800,2065.47,2065.77,2033.37,2036.27,65611,22
1717027200,2036.82,2065.13,2026.22,2059.02,64661,40
1717113600,2059.03,2077.73,2043.84,2071.13,76338,22
1717372800,2078.11,2100.32,2046.46,2061.36,80409,22
1717459200,2061.52,2063.82,2031.37,2034.57,75368,22
1717545600,2034.84,2065.89,2032.74,2065.04,55481,22
1717632000,2063.73,2065.53,2044.53,2050.73,60489,22
1717718400,2051.27,2056.98,2017.23,2025.62,70395,22
1717977600,2024.67,2035.52,2003.48,2033.42,55507,22
1718064000,2033.4,2035.16,2003.5,2024.6,56107,22
1718150400,2024.96,2093.06,2022.17,2057.46,75697,22
1718236800,2056.69,2072.0,2024.24,2034.94,68769,22
1718323200,2034.26,2035.91,1997.06,2005.81,67610,22
1718582400,2004.74,2028.74,1992.44,2022.49,62379,22
1718668800,2023.29,2036.49,2013.45,2026.79,62137,22
1718755200,2027.51,2030.16,2019.61,2022.76,17511,22
1718841600,2025.23,2038.43,2011.43,2017.18,70150,22
1718928000,2018.85,2023.91,2003.2,2020.7,58369,22
1719187200,2023.94,2046.19,2013.19,2032.79,61469,22
1719273600,2032.75,2038.85,2016.6,2022.6,54581,22
1719360000,2021.61,2026.32,2005.97,2017.21,53915,22
1719446400,2017.67,2042.82,2009.92,2041.17,58668,22
1719532800,2041.05,2064.05,2029.55,2045.5,73117,22
1719792000,2052.44,2059.2,2021.09,2028.69,66001,22
1719878400,2028.55,2039.65,2015.86,2031.95,59250,22
1719964800,2033.62,2049.72,2031.27,2034.47,40182,22
1720051200,2034.89,2038.84,2031.54,2034.79,13515,22
1720137600,2034.06,2042.62,2013.66,2023.21,54702,22
1720396800,2020.82,2053.87,2018.22,2039.57,49108,22
1720483200,2040.05,2046.86,2021.4,2030.65,45783,22
1720569600,2030.34,2053.19,2029.54,2050.19,45877,22
1720656000,2050.78,2131.48,2047.39,2130.53,78343,22
1720742400,2130.28,2169.07,2127.57,2150.47,72151,22
1721001600,2156.96,2203.51,2154.26,2193.61,77769,22
1721088000,2194.68,2271.38,2191.09,2268.83,79700,22
1721174400,2270.83,2288.93,2238.08,2248.78,100988,22
1721260800,2250.02,2270.12,2191.42,2205.32,89463,22
1721347200,2205.46,2209.71,2178.46,2187.96,93499,22
1721606400,2191.82,2228.37,2174.62,2225.52,85640,22
1721692800,2225.47,2259.97,2210.08,2250.82,78837,22
1721779200,2245.08,2260.68,2198.48,2201.88,89361,22
1721865600,2203.03,2262.38,2188.74,2230.08,117838,22
1721952000,2231.91,2275.76,2230.86,2264.06,89318,22
1722211200,2269.86,2285.87,2229.06,2238.36,81068,22
1722297600,2241.53,2266.63,2224.13,2249.78,90638,22
1722384000,2249.99,2308.79,2241.59,2261.84,96726,22
1722470400,2261.81,2271.02,2170.81,2186.16,111031,22
1722556800,2186.11,2188.62,2085.98,2107.62,131668,22
1722816000,2087.66,2099.06,1982.51,2050.36,168700,40
1722902400,2054.98,2089.73,2028.33,2054.68,154913,22
1722988800,2047.27,2103.18,2025.47,2027.02,141754,22
1723075200,2032.05,2090.05,2015.9,2086.95,121894,22
1723161600,2085.23,2102.74,2065.63,2079.98,111334,22
1723420800,2080.24,2086.7,2054.54,2062.49,90602,22
1723507200,2063.28,2101.23,2054.04,2094.53,81880,22
1723593600,2095.16,2132.02,2074.16,2083.41,84986,22
1723680000,2084.12,2148.32,2072.58,2139.57,84119,22
1723766400,2138.52,2156.42,2124.93,2143.02,78765,22
1724025600,2145.23,2169.88,2140.24,2167.93,69768,22
1724112000,2170.25,2179.91,2137.5,2145.15,74017,22
1724198400,2145.56,2174.76,2143.41,2172.81,82241,22
1724284800,2174.13,2180.38,2148.28,2154.23,90342,22
1724371200,2155.46,2228.46,2155.16,2220.26,91909,22
1724630400,2224.79,2243.55,2218.49,2219.59,89140,22
1724716800,2220.32,2228.03,2194.37,2205.77,79728,22
1724803200,2204.96,2208.77,2179.71,2190.51,92136,22
1724889600,2185.5,2227.4,2180.95,2209.5,104102,22
1724976000,2211.08,2222.29,2189.83,2215.98,87920,22
1725235200,2216.55,2220.5,2202.66,2216.5,26148,22
1725321600,2216.38,2219.93,2144.68,2151.13,101243,22
1725408000,2150.43,2169.88,2132.88,2141.53,112628,22
1725494400,2141.29,2156.29,2124.69,2136.09,102382,22
1725580800,2137.35,2146.75,2085.8,2094.1,115533,22
1725840000,2089.32,2117.87,2084.17,2103.32,90684,22
1725926400,2102.61,2105.22,2072.61,2097.21,83458,22
1726012800,2098.24,2107.24,2056.34,2103.79,104423,22
1726099200,2103.99,2142.44,2098.34,2130.69,102236,22
1726185600,2131.79,2186.54,2131.34,2182.44,72728,22
1726444800,2184.88,2203.24,2175.78,2189.63,66426,22
1726531200,2188.83,2232.98,2184.73,2208.53,73605,22
1726617600,2208.05,2264.65,2197.0,2212.0,100436,22
1726704000,2213.23,2282.49,2211.83,2253.78,112415,22
1726790400,2254.48,2255.18,2226.83,2230.38,79814,22
1727049600,2234.73,2246.58,2214.58,2221.63,68250,22
1727136000,2222.04,2234.3,2208.94,2225.29,75382,22
1727222400,2225.95,2230.51,2196.3,2199.3,69917,22
1727308800,2200.29,2233.24,2198.59,2211.09,77928,22
1727395200,2211.2,2248.2,2202.25,2224.5,77282,22
1727654400,2222.84,2236.84,2206.14,2226.64,83705,22
1727740800,2227.88,2232.63,2181.78,2195.63,94462,22
1727827200,2198.5,2207.0,2177.41,2197.35,79768,22
1727913600,2197.99,2200.54,2169.14,2177.94,89414,0
1728000000,2177.66,2211.21,2176.36,2210.96,1867737,22
1728259200,2216.87,2218.97,2179.12,2195.97,7349558,22
1728345600,2197.05,2200.75,2187.15,2194.9,7342611,22
1728432000,2194.85,2196.05,2183.36,2195.85,1828777,40
1728518400,2195.8,2200.82,2174.31,2188.51,1381814,22
1728604800,2188.61,2234.79,2178.0,2234.74,1808224,22
1728864000,2231.48,2247.68,2228.23,2245.58,4672920,22
1728950400,2245.53,2250.48,2245.29,2245.39,784362,22
1729036800,2245.44,2291.76,2245.39,2288.61,1315309,22
1729123200,2288.56,2295.75,2273.24,2281.19,3956778,22
1729209600,2281.24,2294.96,2276.45,2294.16,1740130,40
1729468800,2280.01,2284.86,2278.06,2281.67,3012522,40
1729555200,2281.62,2281.67,2223.28,2230.42,1365489,22
1729641600,2230.37,2233.39,2219.69,2226.88,1440760,22
1729728000,2226.78,2226.88,2210.4,2220.81,896298,22
1729814400,2220.56,2231.07,2215.91,2230.97,1289274,40
1730073600,2216.01,2223.21,2215.51,2216.56,1573405,92
1730160000,2216.61,2243.14,2216.56,2242.84,891957,92
1730246400,2242.89,2242.89,2242.84,2242.89,841619,92
1730332800,2242.84,2242.89,2228.92,2235.57,898632,40
1730419200,2235.67,2235.67,2191.1,2213.51,1061136,40
1730678400,2199.31,2233.61,2193.91,2219.41,3606473,22
1730764800,2219.36,2225.29,2213.94,2213.94,2478496,40
1730851200,2214.04,2390.3,2213.94,2389.65,844332,40
1730937600,2389.7,2389.7,2389.65,2389.7,845923,40
1731024000,2389.65,2390.22,2379.53,2384.42,921511,22
1731283200,2416.24,2444.14,2414.54,2440.19,7080744,22
1731369600,2440.24,2440.24,2393.78,2396.88,1977120,22
1731456000,2396.93,2398.35,2392.81,2393.86,1014917,92
1731542400,2393.81,2393.86,2393.81,2393.81,852355,92
1731628800,2393.86,2393.86,2301.08,2301.08,820935,22
1731888000,2304.82,2325.42,2302.32,2312.57,6313245,22
1731974400,2312.52,2328.63,2282.14,2325.48,11478505,22
1732060800,2325.72,2336.48,2314.37,2315.67,8859843,22
1732147200,2315.72,2371.5,2315.67,2369.7,882805,22
1732233600,2369.75,2403.91,2368.61,2403.91,1192329,22
1732492800,2425.33,2465.58,2423.53,2447.38,2157048,22
1732579200,2447.28,2450.29,2423.24,2436.34,1715466,22
1732665600,2436.29,2450.77,2429.27,2450.77,1392062,22
1732752000,2450.72,2450.77,2432.0,2446.79,800462,22
1732838400,2450.13,2450.18,2450.08,2450.18,665900,92
1733097600,2442.41,2444.16,2427.36,2440.31,8153216,22
1733184000,2439.76,2439.76,2436.86,2437.31,865590,92
1733270400,2437.21,2437.31,2421.43,2423.12,882855,22
1733356800,2422.97,2430.77,2397.71,2398.46,1660005,22
1733443200,2398.51,2418.26,2394.25,2413.41,1453337,40
1733702400,2410.89,2424.14,2405.84,2406.29,5410386,22
1733788800,2406.34,2406.34,2391.94,2393.49,1056678,22
1733875200,2393.54,2402.01,2385.17,2400.96,1061700,22
1733961600,2401.01,2401.01,2376.6,2382.75,1304706,22
1734048000,2382.5,2382.75,2357.22,2365.88,728568,22
1734307200,2347.16,2370.26,2346.12,2363.11,1783202,22
1734393600,2363.16,2364.36,2334.86,2334.86,1881162,22
1734480000,2334.91,2355.66,2225.55,2226.85,1653103,22
1734566400,2226.9,2259.42,2216.11,2218.51,2692369,22
1734652800,2218.46,2219.65,2188.76,2189.01,1046938,40
1734912000,2252.64,2255.54,2221.89,2230.09,9494193,22
1734998400,2230.14,2248.94,2224.89,2247.99,5079895,22
1735171200,2254.54,2278.7,2237.9,2273.2,5950243,22
1735257600,2273.43,2274.93,2218.98,2230.53,7246167,22
1735516800,2242.56,2242.56,2242.31,2242.31,11061871,92
1735603200,2242.36,2242.36,2242.31,2242.36,11553549,92
1735689600,2242.31,2242.36,2242.31,2242.36,11175536,92
1735776000,2231.71,2231.86,2231.16,2231.16,899614,92
1735862400,2231.21,2231.21,2231.16,2231.16,899724,92
1736121600,2263.75,2263.75,2259.55,2259.55,8200270,92
1736208000,2259.6,2279.94,2227.84,2240.94,1470216,22
1736294400,2240.45,2247.36,2203.75,2231.95,104792,22
1736380800,2230.44,2234.2,2219.05,2224.15,25382,40
1736467200,2221.71,2231.07,2164.81,2180.41,114722,22
1736726400,2175.43,2189.98,2151.94,2188.58,108968,22
1736812800,2192.99,2222.35,2185.34,2216.54,103509,17
1736899200,2215.88,2283.39,2215.03,2256.88,80916,22
1736985600,2257.49,2266.84,2242.04,2255.74,100105,22
1737072000,2255.88,2287.94,2254.38,2268.28,77438,22
1737331200,2271.01,2312.21,2262.97,2296.96,57346,22
1737417600,2304.24,2315.29,2240.64,2310.79,90817,22
1737504000,2307.58,2319.49,2293.98,2299.38,73466,22
1737590400,2299.19,2309.74,2281.14,2306.24,72574,22
1737676800,2306.85,2318.05,2295.7,2302.65,77389,22
1737936000,2292.41,2312.51,2265.97,2280.91,129279,22
1738022400,2282.79,2292.19,2266.69,2283.19,85087,22
1738108800,2283.72,2298.72,2261.87,2279.07,93080,22
1738195200,2283.61,2317.51,2281.71,2301.16,83664,22
1738281600,2298.48,2319.54,2270.69,2279.54,90764,22
1738540800,2209.33,2277.39,2190.94,2268.79,133622,22
1738627200,2275.73,2289.73,2239.38,2288.38,93318,22
1738713600,2288.09,2314.94,2282.29,2314.34,77033,22
1738800000,2314.31,2323.97,2289.46,2300.86,72468,22
1738886400,2301.06,2314.67,2271.61,2275.61,91865,22
1739145600,2266.48,2292.44,2265.62,2287.08,63666,22
1739232000,2284.69,2285.69,2263.6,2275.24,69370,22
1739318400,2275.0,2288.69,2221.29,2253.29,58976,4
1739404800,2253.25,2280.45,2247.65,2277.15,61560,24
1739491200,2278.48,2295.58,2271.68,2275.68,43503,24
1739750400,2279.68,2284.68,2272.98,2280.68,14309,24
1739836800,2279.63,2296.4,2274.49,2291.2,51301,14
1739923200,2292.72,2295.95,2270.09,2278.99,52515,14
1740009600,2280.75,2281.59,2249.45,2259.46,63153,14
1740096000,2258.84,2281.32,2192.2,2195.0,81885,14
1740355200,2200.1,2215.73,2169.66,2182.89,90046,14
1740441600,2183.5,2190.96,2152.86,2176.79,97472,14
1740528000,2180.52,2202.58,2166.38,2179.0,89486,14
1740614400,2180.08,2196.81,2139.26,2143.48,98987,14
1740700800,2143.93,2161.82,2125.39,2161.82,107233,14
1740960000,2165.14,2190.94,2089.93,2110.96,120887,14
1741046400,2109.23,2113.53,2047.19,2099.6,156737,16
1741132800,2098.37,2112.47,2063.43,2098.36,144093,14
1741219200,2099.92,2102.73,2054.53,2071.55,147829,14
1741305600,2070.07,2097.67,2030.7,2073.6,138574,19
1741564800,2060.14,2066.64,2001.0,2024.33,144905,14
1741651200,2024.66,2046.22,1998.92,2024.84,165415,14
1741737600,2026.92,2075.32,2008.88,2022.51,133616,14
1741824000,2023.47,2033.93,1984.72,2000.35,127141,14
1741910400,2001.71,2043.39,2000.31,2036.21,99914,14
1742169600,2038.26,2074.02,2023.12,2065.1,169404,20
1742256000,2065.29,2067.96,2041.14,2050.5,167660,14
1742342400,2051.13,2095.92,2047.06,2083.1,155855,8
1742428800,2082.88,2094.9,2058.7,2065.3,172339,10
1742515200,2068.96,2072.74,2034.66,2058.8,171792,14
1742774400,2070.58,2110.9,2068.16,2104.82,108268,10
1742860800,2106.01,2111.02,2088.7,2097.1,114041,16
1742947200,2097.66,2106.8,2064.64,2072.3,134567,11
1743033600,2063.22,2082.5,2055.7,2067.12,163349,18
1743120000,2066.02,2072.04,2009.76,2012.3,161307,18
1743379200,2008.7,2022.4,1970.16,2009.02,200577,16
1743465600,2008.56,2029.02,1982.44,2011.6,195488,18
1743552000,2010.92,2077.5,1960.06,1963.78,205601,0
1743638400,1947.96,1969.58,1902.7,1905.54,276704,12
1743724800,1908.66,1914.62,1779.1,1825.4,321255,0
1743984000,1753.42,1917.7,1698.36,1817.54,371475,0
1744070400,1821.11,1877.36,1735.52,1754.24,314457,0
1744156800,1756.33,1936.74,1698.04,1924.46,354725,0
1744243200,1919.51,1933.44,1782.3,1831.7,282544,0
1744329600,1832.95,1862.3,1798.06,1858.2,309892,0
1744588800,1870.8,1894.7,1844.62,1877.14,227953,0
1744675200,1875.25,1905.6,1864.8,1880.8,140909,20
1744761600,1870.66,1888.1,1838.94,1861.26,236974,14
1744848000,1865.56,1888.6,1858.0,1884.16,153899,0
1745193600,1875.04,1877.94,1820.9,1837.42,159448,18
1745280000,1837.83,1895.42,1834.76,1891.2,201035,0
1745366400,1918.19,1970.06,1912.3,1921.86,229634,0
1745452800,1919.8,1964.56,1900.58,1955.2,202053,16
1745539200,1958.27,1959.62,1929.84,1955.22,202364,2
1745798400,1951.08,1976.54,1934.98,1960.2,169286,14
1745884800,1960.29,1984.04,1945.0,1979.06,179463,14
1745971200,1978.36,1979.7,1921.5,1962.04,195646,16
1746057600,1962.8,1991.1,1951.54,1974.66,170083,6
1746144000,1972.74,2026.8,1971.6,2018.92,178076,0
1746403200,2016.04,2019.5,1994.9,2003.8,133328,14
1746489600,2003.01,2005.48,1971.0,1976.1,154452,16
1746576000,1974.94,2005.88,1974.26,1988.96,190579,14
1746662400,1989.2,2041.32,1986.84,2022.74,168257,18
1746748800,2024.13,2036.0,2012.5,2021.4,150684,0
1747008000,2060.12,2133.12,2047.82,2095.96,201894,0
1747094400,2094.78,2112.2,2078.66,2096.34,145371,18
1747180800,2099.89,2101.72,2078.6,2080.0,149234,14
1747267200,2082.65,2099.2,2067.5,2097.26,136128,16
1747353600,2097.99,2115.3,2091.34,2113.02,105907,10
1747612800,2093.55,2104.4,2075.24,2102.54,146058,10
1747699200,2100.71,2110.9,2090.94,2103.36,124557,18
1747785600,2104.51,2104.88,2041.3,2044.82,177936,16
1747872000,2045.04,2056.8,2021.88,2048.62,171098,18
1747958400,2049.43,2055.16,1977.08,2037.6,176025,6
1748217600,2038.48,2068.76,2037.76,2063.9,58882,16
1748304000,2062.48,2093.32,2054.9,2093.1,110187,14
1748390400,2092.38,2093.7,2065.06,2066.42,126977,18
1748476800,2066.35,2126.14,2057.3,2072.9,174305,4
1748563200,2071.24,2074.5,2047.2,2062.2,137561,0
1748822400,2057.62,2073.9,2039.3,2071.32,100582,20
1748908800,2071.18,2108.9,2051.1,2104.0,91502,16
1748995200,2103.81,2114.94,2093.9,2095.6,83762,10
1749081600,2096.6,2113.7,2082.6,2098.8,123448,0
1749168000,2096.4,2133.4,2094.98,2130.7,143260,10
1749427200,2136.22,2154.8,2129.1,2146.32,76129,10
1749513600,2145.62,2166.1,2140.0,2157.1,93859,18
1749600000,2155.56,2190.52,2143.5,2145.6,121371,10
1749686400,2145.3,2150.0,2123.44,2136.3,119360,18
1749772800,2135.72,2135.72,2053.08,2082.8,162230,18
1750032000,2092.35,2136.73,2085.95,2125.54,57584,14
1750118400,2127.41,2127.91,2098.01,2100.73,98900,14
1750204800,2097.45,2130.7,2089.25,2114.83,91297,14
1750291200,2113.11,2116.43,2073.37,2077.68,39991,14
1750377600,2086.8,2142.7,2086.3,2108.46,85974,14
1750636800,2084.29,2135.25,2083.89,2134.58,87914,14
1750723200,2134.32,2167.41,2133.42,2161.01,62468,14
1750809600,2161.17,2166.22,2134.16,2135.46,49699,14
1750896000,2136.02,2174.6,2134.85,2174.01,45782,14
1750982400,2173.65,2192.34,2158.82,2173.71,58484,14
1751241600,2176.57,2188.21,2170.84,2172.96,55190,14
1751328000,2172.16,2223.02,2158.42,2198.45,71693,14
1751414400,2198.45,2232.34,2192.41,2230.84,66304,14
1751500800,2230.64,2260.64,2228.99,2244.57,37013,14
1751587200,2242.17,2244.32,2218.46,2222.06,16943,14
1751846400,2235.26,2244.24,2198.52,2208.75,73827,14
1751932800,2208.26,2238.65,2202.78,2229.35,64667,14
1752019200,2229.48,2256.07,2217.51,2253.97,57381,14
1752105600,2252.84,2276.63,2245.89,2263.53,49843,14
1752192000,2264.33,2268.68,2230.41,2231.5,65607,14
1752451200,2216.56,2249.88,2210.36,2247.38,55430,14
1752537600,2246.59,2259.78,2198.68,2199.28,83498,14
1752624000,2200.03,2203.08,2191.83,2200.87,8990,22
1757376000,2396.41,2399.01,2368.92,2378.15,46882,14
1757462400,2377.57,2399.17,2367.95,2375.66,66005,14
1757548800,2374.82,2422.69,2369.72,2417.81,62712,14
1757635200,2416.31,2417.26,2394.89,2396.28,50490,14
1757894400,2399.49,2412.86,2396.14,2402.78,63934,14
1757980800,2403.56,2413.8,2386.83,2404.95,56875,14
1758067200,2405.42,2462.48,2389.38,2410.31,94794,14
1758153600,2410.38,2472.14,2410.08,2471.17,78930,14
1758240000,2471.75,2480.27,2444.73,2448.51,68716,14
1758499200,2451.83,2469.1,2439.33,2464.22,48340,14
1758585600,2464.41,2493.07,2455.28,2459.7,76111,14
1758672000,2460.59,2467.35,2434.2,2440.12,71562,14
1758758400,2439.44,2444.49,2393.5,2413.17,87302,14
1758844800,2412.04,2434.42,2403.67,2431.3,77687,14
1759104000,2432.1,2450.95,2425.78,2429.69,65374,14
1759190400,2430.29,2439.7,2411.62,2431.83,80713,14
1759276800,2432.23,2448.33,2407.53,2441.63,77489,14
1759363200,2441.12,2458.39,2431.88,2457.41,68197,14
1759449600,2457.2,2498.47,2456.15,2475.37,77739,14
1759708800,2477.71,2502.89,2476.51,2488.0,72658,14
1759795200,2487.13,2494.19,2450.21,2462.84,82743,14
1759881600,2462.71,2488.54,2455.96,2486.14,55909,14
1759968000,2486.08,2491.34,2458.45,2472.37,72460,14
1760054400,2473.32,2486.88,2391.95,2394.35,115072,14
1760313600,2424.08,2464.07,2415.48,2457.77,111886,14
1760400000,2460.48,2514.46,2420.38,2495.07,128984,14
1760486400,2497.69,2544.45,2486.85,2519.68,120486,14
1760572800,2519.3,2533.24,2456.56,2464.39,139309,14
1760659200,2465.72,2470.42,2416.42,2450.29,157961,15
1760918400,2461.29,2502.32,2447.79,2502.32,83274,14
1761004800,2502.74,2506.39,2472.4,2487.23,83227,14
1761091200,2486.25,2492.4,2424.61,2452.64,118537,14
1761177600,2452.33,2489.44,2443.23,2484.94,78399,14
1761264000,2484.47,2531.27,2483.67,2511.94,69851,14
1761523200,2539.41,2546.61,2513.5,2523.4,63522,14
1761609600,2522.3,2527.26,2499.16,2504.19,67543,14
1761696000,2506.65,2529.01,2463.71,2487.93,101765,14
1761782400,2491.54,2507.24,2457.9,2461.02,130752,14
1761868800,2462.64,2485.12,2453.31,2480.33,93670,14
1762128000,2482.52,2491.27,2442.25,2476.28,81295,14
1762214400,2475.57,2476.97,2424.27,2431.23,111291,14
1762300800,2431.81,2474.59,2410.61,2467.2,101485,14
1762387200,2465.36,2471.97,2415.83,2425.85,124903,14
1762473600,2423.41,2432.58,2378.07,2431.88,130244,16
1762732800,2450.29,2468.58,2438.35,2456.88,86767,14
1762819200,2457.7,2463.28,2441.36,2455.89,91667,14
1762905600,2455.48,2479.54,2448.54,2449.37,90375,14
1762992000,2448.84,2457.59,2373.1,2384.73,128012,14
1763078400,2384.29,2402.61,2345.79,2390.61,138184,15
1763337600,2389.42,2402.22,2332.29,2342.71,131237,14
1763424000,2343.13,2365.69,2316.03,2343.32,164368,14
1763510400,2346.93,2377.64,2337.93,2358.75,156170,15
1763596800,2361.71,2405.37,2301.07,2303.3,176496,14
1763683200,2302.05,2384.62,2294.25,2369.91,192515,17
1763942400,2386.33,2417.8,2364.83,2416.72,111760,14
1764028800,2418.0,2469.55,2405.8,2466.06,93358,14
1764115200,2465.07,2502.06,2461.13,2486.86,79629,14
1764201600,2486.26,2489.81,2480.95,2486.45,16328,14
1764288000,2486.77,2501.44,2483.33,2495.36,20744,14
1764547200,2499.31,2500.72,2466.38,2472.7,95935,14
1764633600,2473.71,2488.9,2463.88,2465.6,81612,14
1764720000,2466.99,2511.67,2463.65,2509.68,74829,14
1764806400,2509.87,2540.06,2498.43,2529.36,79151,14
1764892800,2528.07,2540.55,2516.55,2521.35,76263,14
1765152000,2525.47,2543.64,2516.04,2521.06,66843,14
1765238400,2520.7,2543.88,2514.78,2527.59,68099,14
1765324800,2528.08,2580.24,2518.08,2569.57,94724,14
1765411200,2568.77,2596.32,2542.07,2595.52,99696,14
1765497600,2596.33,2602.78,2547.21,2551.8,105890,14
1765756800,2551.35,2575.23,2526.6,2531.34,84695,14
1765843200,2532.36,2540.0,2500.2,2514.05,97297,14
1765929600,2517.43,2538.2,2482.9,2497.42,96459,14
1766016000,2496.69,2531.6,2488.1,2504.88,97839,14
1766102400,2505.64,2533.32,2498.7,2524.5,77038,15
1766361600,2535.35,2569.8,2528.6,2556.66,56357,14
1766448000,2556.59,2559.64,2533.2,2540.18,50410,14
1766534400,2540.26,2548.15,2528.5,2543.6,31206,14
1766707200,2546.95,2550.77,2520.9,2531.7,38671,14
1766966400,2536.31,2540.03,2510.5,2521.27,58081,14
1767052800,2520.31,2526.94,2497.8,2501.85,40499,14
1767139200,2501.01,2503.08,2476.2,2482.98,48385,14
1767312000,2484.63,2506.4,2474.1,2503.0,68178,14
1767571200,2510.04,2553.6,2499.9,2545.53,72218,14
1767657600,2546.92,2582.61,2532.6,2582.61,63342,14
1767744000,2581.2,2588.55,2557.4,2577.69,64432,14
1767830400,2576.86,2610.65,2557.6,2609.45,71767,14
1767916800,2609.42,2633.7,2597.7,2620.1,63613,22
1768176000,2620.47,2635.8,2601.2,2630.8,67936,14
1768262400,2631.7,2659.9,2623.3,2634.39,71694,14
1768348800,2634.55,2653.1,2619.6,2646.31,81464,14
1768435200,2644.97,2687.5,2636.8,2675.66,70742,14
1768521600,2677.19,2689.5,2664.0,2675.1,61151,14
1768780800,2652.15,2659.35,2633.1,2648.4,44259,14
1768867200,2651.74,2668.2,2615.5,2652.59,107855,14
1768953600,2652.26,2703.1,2635.1,2700.25,101850,14
1769040000,2703.47,2732.4,2693.5,2715.13,80053,14
1769126400,2715.7,2724.05,2660.9,2664.6,72220,14
1769385600,2636.73,2684.5,2633.73,2658.91,82834,14
1769472000,2656.32,2670.57,2644.4,2667.61,64622,14
1769558400,2667.57,2684.5,2642.8,2653.15,82173,15
1769644800,2649.96,2668.5,2612.42,2646.64,110438,14
1769731200,2645.92,2647.12,2595.3,2612.5,127713,32
1769990400,2600.31,2654.1,2563.6,2633.9,132945,14
1770076800,2636.39,2666.35,2599.1,2646.97,106037,14
1770163200,2645.97,2662.9,2586.9,2629.24,123241,18
1770249600,2628.29,2637.6,2567.0,2579.36,145117,17
1770336000,2575.01,2673.4,2556.0,2666.6,117669,14
1770595200,2674.36,2693.9,2650.0,2686.25,84227,14
1770681600,2685.81,2702.78,2675.7,2685.39,84787,14
1770768000,2685.04,2710.4,2637.4,2672.37,97612,14
1770854400,2672.86,2691.25,2597.6,2616.0,99235,14
1770940800,2614.18,2666.6,2598.1,2644.1,133628,18
1771200000,2648.38,2659.21,2633.1,2635.2,41821,14
1771286400,2640.88,2657.8,2604.4,2646.17,116328,14
1771372800,2646.54,2683.3,2632.3,2656.74,89760,14
1771459200,2655.95,2667.1,2623.0,2663.0,103218,14
1771545600,2662.55,2688.2,2633.9,2662.0,101706,22
1771804800,2659.05,2661.55,2596.0,2629.14,96906,14
1771891200,2629.09,2657.5,2614.3,2651.98,91683,14
1771977600,2653.51,2673.99,2637.2,2665.7,72564,14
1772064000,2665.67,2676.9,2637.5,2641.0,60838,14
1772150400,2652.1,2661.49,2611.9,2629.3,93322,20
1772409600,2601.34,2658.1,2567.3,2649.72,109025,14
1772496000,2653.36,2653.36,2547.1,2603.75,140489,14
1772582400,2602.35,2643.3,2577.1,2633.93,114344,14
1772668800,2632.62,2640.42,2556.5,2579.81,135555,14
1772755200,2579.27,2600.07,2514.1,2523.8,92676,24
1773014400,2492.5,2562.5,2415.1,2551.97,131209,18
1773100800,2553.7,2592.6,2522.2,2550.56,109485,16
1773187200,2549.7,2564.9,2521.1,2539.4,85558,14
1773273600,2536.8,2536.8,2475.2,2492.95,98168,15
1773360000,2494.0,2520.2,2468.6,2473.38,101060,16
1773619200,2468.9,2529.6,2468.2,2502.13,80385,16
1773705600,2501.7,2536.2,2474.6,2518.68,70932,15
1773792000,2520.6,2547.6,2467.3,2469.87,74222,17
1773878400,2477.4,2519.9,2438.9,2499.42,95836,14
1773964800,2503.0,2515.2,2420.0,2450.06,90764,17
1774224000,2414.4,2558.3,2399.4,2493.52,123529,14
1774310400,2495.2,2552.0,2462.8,2534.14,103867,20
1774396800,2538.6,2549.9,2514.0,2533.6,91533,14
1774483200,2533.6,2542.6,2489.9,2501.11,90027,18
1774569600,2501.6,2517.0,2437.6,2442.66,82341,14
1774828800,2435.0,2484.1,2404.6,2413.79,109806,14
1774915200,2412.6,2506.4,2394.5,2497.1,125592,15
1775001600,2494.3,2541.9,2492.2,2514.85,93518,14
1775088000,2512.7,2539.9,2452.9,2529.09,103715,14
1775174400,2526.1,2532.9,2510.5,2516.4,16799,22
1775433600,2507.8,2547.7,2497.2,2540.28,81455,14
1775520000,2538.0,2555.0,2511.6,2552.71,110246,18
1775606400,2567.0,2651.5,2555.2,2619.27,103793,14
1775692800,2618.5,2647.6,2600.3,2637.39,72443,24
1775779200,2636.0,2655.3,2621.2,2631.1,55583,28
1776038400,2594.2,2673.53,2579.4,2673.13,61311,14
1776124800,2676.9,2714.1,2672.2,2707.55,49601,14
1776211200,2704.1,2715.6,2695.5,2712.84,50585,22
1776297600,2712.7,2723.1,2700.0,2721.52,54103,14
1776384000,2722.7,2796.5,2720.46,2777.3,61946,22
1776643200,2744.9,2799.2,2735.2,2795.24,68533,14
1776729600,2795.0,2818.6,2757.7,2777.94,74833,15
1776816000,2779.4,2800.8,2769.5,2781.31,66631,14
1776902400,2783.4,2799.2,2739.3,2768.1,92583,14
1776988800,2772.1,2800.5,2760.6,2785.5,75124,22
1777248000,2781.0,2802.6,2770.2,2789.87,55847,14
1777334400,2789.8,2798.8,2746.7,2760.38,76200,14
1777420800,2759.7,2768.53,2720.6,2728.85,73654,18
1777507200,2723.7,2806.55,2716.0,2806.55,83662,15
1777593600,2801.5,2815.1,2782.6,2809.4,51404,22
1777852800,2819.0,2825.6,2777.8,2796.9,81677,14
1777939200,2794.8,2847.5,2793.5,2843.22,56468,14
1778025600,2841.1,2909.7,2840.4,2886.39,79610,14
1778112000,2884.6,2899.1,2829.5,2840.31,87026,16
1778198400,2835.7,2867.6,2830.4,2859.6,68786,30
1778457600,2849.9,2888.8,2838.7,2871.9,62256,14
1778544000,2870.7,2876.8,2800.7,2841.49,85838,14
1778630400,2841.1,2855.4,2817.2,2844.91,64355,14
1778716800,2844.2,2874.7,2837.8,2861.14,66811,14
1778803200,2860.3,2861.5,2786.3,2792.3,108153,22
1779062400,2785.73,2809.5,2753.4,2776.72,143438,14
1779148800,2777.75,2785.5,2719.6,2745.61,139440,14
1779235200,2745.15,2815.9,2732.4,2813.18,127954,14
1779321600,2812.91,2850.8,2785.7,2841.3,121248,14
1779408000,2842.32,2880.7,2835.7,2865.7,91024,14
1779667200,2887.53,2916.7,2887.3,2912.8,26558,14
1779753600,2907.92,2923.41,2889.6,2921.11,75344,14
1779840000,2921.63,2945.7,2907.0,2925.22,88725,14
1779926400,2925.44,2941.7,2892.7,2933.03,85236,14
1780012800,2935.19,2938.13,2896.4,2917.7,69823,14
1780272000,2918.26,2930.81,2877.4,2901.18,69478,14
1780358400,2901.44,2933.63,2883.6,2933.13,64231,14
1780444800,2933.02,2933.12,2882.3,2888.51,73419,14
1780531200,2889.84,2942.6,2881.1,2932.13,90731,14
1780617600,2930.86,2931.39,2813.9,2829.1,124815,18
1780876800,2812.92,2880.7,2804.8,2856.81,146890,14
1780963200,2857.86,2921.5,2788.3,2866.25,170102,14
1781049600,2864.25,2902.4,2820.0,2832.14,206536,14
1781136000,2830.45,2925.31,2808.6,2921.64,175804,14
1781222400,2921.45,2968.5,2906.1,2941.7,130322,15
1781481600,2983.14,3000.5,2958.3,2968.33,94273,14
1781568000,2969.35,2987.8,2934.3,2940.54,104697,14
1781654400,2942.23,2977.82,2907.6,2929.42,114897,14
1781740800,2926.58,2981.17,2924.5,2976.87,112148,14
1781827200,2978.11,2980.6,2943.4,2969.9,40482,14
1782086400,2965.34,3013.6,2946.0,3002.33,105060,14
1782172800,3001.9,3006.03,2941.6,2976.88,142910,14
1782259200,2978.62,3014.4,2963.5,3002.11,134555,14
1782345600,3003.4,3033.3,2983.3,3013.99,131673,14
1782432000,3013.96,3022.97,2973.2,2996.9,147293,16
1782691200,3000.24,3022.4,2965.9,3001.3,128755,14
1782777600,3001.45,3029.31,2992.8,3021.21,78322,14
1782864000,3020.76,3043.8,3001.4,3010.64,82211,14
1782950400,3011.98,3040.7,2967.2,2989.95,125564,14
1783036800,2991.11,3004.55,2988.8,3001.9,30504,14
1783296000,2997.35,3022.3,2985.2,3015.71,78396,14
1783382400,3015.16,3023.5,2970.0,2980.92,94281,14
1783468800,2975.91,2986.3,2925.2,2948.5,129184,14
1783555200,2949.0,2997.55,2946.0,2988.25,79975,14
1783641600,2989.8,3000.7,2952.7,2976.2,62200,14
1783900800,2970.6,2979.95,2943.5,2950.09,88788,14
1783987200,2951.83,3009.7,2937.8,2965.28,110143,14
1784073600,2964.3,2987.5,2957.8,2978.77,80398,14
1784160000,2978.96,2994.1,2955.2,2977.35,95715,14
1784246400,2977.59,2978.11,2932.1,2959.3,99355,14
1784505600,2954.79,2984.0,2938.3,2944.78,99363,14
1784592000,2943.48,2985.19,2936.8,2984.79,72010,14
1784678400,2984.91,2986.26,2952.4,2961.6,68249,14
1784764800,2962.24,2967.78,2920.2,2938.23,103020,14
1784851200,2937.31,2957.1,2922.8,2929.9,93553,14
1785110400,2966.61,2973.3,2929.0,2950.7,95388,14
1785196800,2951.63,2956.52,2919.2,2956.02,104610,14
1785283200,2955.37,2965.51,2890.5,2894.46,143518,15
1785369600,2898.16,2948.69,2895.5,2945.79,116627,14
1785456000,2944.23,2966.07,2894.6,2928.9,92311,14
1785715200,2948.35,2986.04,2938.6,2984.14,66171,14
1785801600,2984.13,3043.52,2975.7,3039.82,61072,14
1785888000,3041.8,3049.35,3013.1,3020.39,75256,14
1785974400,3022.71,3030.9,2994.7,2998.88,69115,14
1786060800,3000.44,3037.42,2992.5,3031.1,70053,14
1786320000,3030.05,3034.6,3008.1,3019.4,47451,14
1786406400,3019.42,3037.2,3011.3,3029.61,51149,14
1786492800,3031.22,3052.41,3023.2,3046.91,48083,14
1786579200,3049.54,3065.7,3042.8,3054.23,50446,14
1786665600,3055.43,3068.92,3043.3,3067.1,42109,14
1786924800,3067.96,3071.21,3061.9,3062.4,2785,22
