time,open,high,low,close,tick_volume,spread
1344211200,13164.0,13177.0,13164.0,13174.0,325,0
1344297600,13115.0,13217.0,13103.0,13164.0,7530,0
1344384000,13163.0,13203.0,13092.0,13158.0,7768,0
1344470400,13157.0,13227.0,13125.0,13175.0,7782,0
1344556800,13178.0,13178.0,13135.0,13141.0,7210,0
1344816000,13203.0,13221.0,13112.0,13166.0,7093,0
1344902400,13165.0,13226.0,13143.0,13144.0,7370,0
1344988800,13143.0,13192.0,13122.0,13160.0,6314,0
1345075200,13162.0,13271.0,13143.0,13246.0,7015,0
1345161600,13247.0,13254.0,13236.0,13242.0,5936,0
1345420800,13273.0,13282.0,13227.0,13257.0,6018,0
1345507200,13256.0,13331.0,13185.0,13201.0,6729,0
1345593600,13200.0,13211.0,13119.0,13176.0,7918,0
1345680000,13175.0,13226.0,13045.0,13063.0,8043,0
1345766400,13065.0,13070.0,13053.0,13065.0,6491,0
1346025600,13185.0,13197.0,13117.0,13125.0,5946,0
1346112000,13126.0,13149.0,13080.0,13112.0,7232,0
1346198400,13113.0,13146.0,13078.0,13090.0,6190,0
1346284800,13091.0,13094.0,12976.0,12983.0,6282,0
1346371200,12986.0,13004.0,12980.0,12996.0,8151,0
1346630400,13094.0,13115.0,13024.0,13100.0,3843,0
1346716800,13101.0,13127.0,12975.0,13042.0,7324,0
1346803200,13040.0,13095.0,12990.0,13052.0,7950,0
1346889600,13053.0,13295.0,13048.0,13282.0,8103,0
1346976000,13281.0,13293.0,13277.0,13290.0,7799,0
1347235200,13290.0,13322.0,13221.0,13235.0,5756,0
1347321600,13237.0,13354.0,13198.0,13288.0,6355,0
1347408000,13289.0,13378.0,13286.0,13354.0,8264,0
1347494400,13353.0,13575.0,13325.0,13538.0,8767,0
1347580800,13539.0,13554.0,13536.0,13547.0,7058,0
1347840000,13569.0,13590.0,13527.0,13548.0,5170,0
1347926400,13549.0,13583.0,13499.0,13576.0,4859,0
1348012800,13577.0,13630.0,13553.0,13572.0,5169,0
1348099200,13571.0,13604.0,13498.0,13595.0,7311,0
1348185600,13594.0,13629.0,13594.0,13624.0,7329,0
1348444800,13574.0,13604.0,13509.0,13569.0,6901,0
1348531200,13570.0,13621.0,13460.0,13478.0,7362,0
1348617600,13479.0,13498.0,13406.0,13436.0,7183,0
1348704000,13438.0,13525.0,13416.0,13495.0,7720,0
1348790400,13494.0,13501.0,13478.0,13491.0,8348,0
1349049600,13409.0,13597.0,13384.0,13503.0,8886,0
1349136000,13504.0,13567.0,13418.0,13470.0,8629,0
1349222400,13469.0,13537.0,13429.0,13525.0,8021,0
1349308800,13524.0,13598.0,13501.0,13568.0,8411,0
1349395200,13569.0,13582.0,13565.0,13576.0,7479,0
1349654400,13589.0,13605.0,13540.0,13566.0,6997,0
1349740800,13567.0,13609.0,13455.0,13456.0,8700,0
1349827200,13457.0,13481.0,13292.0,13301.0,8781,0
1349913600,13300.0,13428.0,13299.0,13343.0,7253,0
1350000000,13344.0,13401.0,13294.0,13312.0,7943,0
1350259200,13288.0,13436.0,13280.0,13429.0,7558,0
1350345600,13428.0,13555.0,13411.0,13519.0,7334,0
1350432000,13518.0,13562.0,13493.0,13542.0,7528,0
1350518400,13543.0,13590.0,13512.0,13543.0,7903,0
1350604800,13544.0,13556.0,13538.0,13540.0,8304,0
1350864000,13314.0,13368.0,13233.0,13359.0,8551,0
1350950400,13358.0,13372.0,13080.0,13109.0,9757,0
1351036800,13108.0,13154.0,13060.0,13085.0,9120,0
1351123200,13083.0,13160.0,13034.0,13095.0,9937,0
1351209600,13096.0,13097.0,13060.0,13061.0,10246,0
1351468800,13078.0,13103.0,13010.0,13016.0,4144,0
1351555200,13017.0,13140.0,12989.0,13123.0,4411,0
1351641600,13124.0,13186.0,13044.0,13060.0,9072,0
1351728000,13061.0,13275.0,13030.0,13225.0,8346,0
1351814400,13226.0,13235.0,13219.0,13221.0,8497,0
1352073600,13045.0,13140.0,13036.0,13106.0,7051,0
1352160000,13107.0,13293.0,13098.0,13233.0,7025,0
1352246400,13232.0,13299.0,12875.0,12948.0,13536,0
1352332800,12947.0,12981.0,12808.0,12835.0,10684,0
1352419200,12834.0,12866.0,12824.0,12852.0,10362,0
1352678400,12804.0,12864.0,12781.0,12804.0,7702,0
1352764800,12805.0,12900.0,12727.0,12766.0,10276,0
1352851200,12765.0,12834.0,12544.0,12579.0,10375,0
1352937600,12580.0,12612.0,12499.0,12541.0,10434,0
1353024000,12540.0,12541.0,12522.0,12538.0,10963,0
1353283200,12639.0,12794.0,12615.0,12754.0,8444,0
1353369600,12755.0,12808.0,12699.0,12783.0,9121,0
1353456000,12782.0,12855.0,12726.0,12852.0,8405,0
1353542400,12851.0,12875.0,12842.0,12856.0,3104,0
1353628800,12855.0,12864.0,12849.0,12856.0,4604,0
1353888000,12960.0,12971.0,12900.0,12971.0,7276,0
1353974400,12970.0,12994.0,12866.0,12869.0,8783,0
1354060800,12870.0,12987.0,12764.0,12955.0,9350,0
1354147200,12956.0,13062.0,12956.0,13006.0,8795,0
1354233600,13005.0,13027.0,12993.0,13018.0,8130,0
1354492800,13020.0,13092.0,12945.0,12952.0,8404,0
1354579200,12950.0,13025.0,12916.0,12929.0,8620,0
1354665600,12927.0,13090.0,12923.0,13038.0,9468,0
1354752000,13039.0,13077.0,13002.0,13069.0,8850,0
1354838400,13068.0,13075.0,13065.0,13066.0,9265,0
1355097600,13151.0,13196.0,13106.0,13161.0,7751,0
1355184000,13160.0,13306.0,13152.0,13276.0,7684,0
1355270400,13275.0,13327.0,13218.0,13236.0,8167,0
1355356800,13237.0,13264.0,13147.0,13183.0,8105,0
1355443200,13184.0,13192.0,13149.0,13190.0,5744,0
1355702400,13191.0,13254.0,13139.0,13247.0,5568,0
1355788800,13246.0,13365.0,13229.0,13331.0,5807,0
1355875200,13332.0,13376.0,13218.0,13232.0,5469,0
1355961600,13231.0,13316.0,13217.0,13306.0,14786,0
1356048000,13309.0,13315.0,13302.0,13310.0,23903,0
1356307200,13195.0,13198.0,13127.0,13132.0,6403,0
1356480000,13165.0,13175.0,13083.0,13107.0,7749,0
1356566400,13106.0,13143.0,12959.0,13090.0,18642,0
1356652800,13089.0,13114.0,13083.0,13100.0,16169,0
1356912000,12866.0,13075.0,12818.0,13069.0,17062,0
1357084800,13241.0,13409.0,13230.0,13398.0,16391,0
1357171200,13394.0,13428.0,13358.0,13388.0,15393,0
1357257600,13390.0,13391.0,13378.0,13380.0,16054,0
1357516800,13430.0,13433.0,13342.0,13378.0,13732,0
1357603200,13371.0,13380.0,13292.0,13320.0,13971,0
1357689600,13322.0,13413.0,13319.0,13384.0,13141,0
1357776000,13385.0,13477.0,13374.0,13476.0,15668,0
1357862400,13477.0,13495.0,13477.0,13487.0,14260,0
1358121600,13491.0,13519.0,13461.0,13498.0,12990,0
1358208000,13499.0,13533.0,13441.0,13533.0,14729,0
1358294400,13529.0,13537.0,13448.0,13489.0,13728,0
1358380800,13491.0,13632.0,13453.0,13593.0,15150,0
1358467200,13596.0,13597.0,13586.0,13587.0,14194,0
1358726400,13628.0,13666.0,13623.0,13657.0,4360,0
1358812800,13662.0,13760.0,13587.0,13760.0,15547,0
1358899200,13763.0,13792.0,13730.0,13771.0,12829,0
1358985600,13768.0,13870.0,13760.0,13820.0,16724,0
1359072000,13816.0,13822.0,13809.0,13817.0,15256,0
1359331200,13873.0,13917.0,13863.0,13881.0,12456,0
1359417600,13882.0,13968.0,13856.0,13960.0,12594,0
1359504000,13962.0,13972.0,13888.0,13888.0,14169,0
1359590400,13887.0,13943.0,13866.0,13883.0,12909,0
1359676800,13884.0,13902.0,13883.0,13901.0,14100,0
1359936000,13995.0,14005.0,13864.0,13899.0,14947,0
1360022400,13898.0,14015.0,13890.0,13993.0,13810,0
1360108800,13988.0,14003.0,13902.0,13986.0,15948,0
1360195200,13979.0,14002.0,13858.0,13948.0,15754,0
1360281600,13945.0,13947.0,13935.0,13937.0,11938,0
1360540800,13980.0,14007.0,13939.0,13974.0,10507,0
1360627200,13972.0,14040.0,13934.0,14024.0,12074,0
1360713600,14005.0,14032.0,13944.0,13979.0,11014,0
1360800000,13982.0,13990.0,13906.0,13974.0,11758,0
1360886400,13975.0,13979.0,13969.0,13970.0,12768,0
1361145600,13962.0,13986.0,13961.0,13969.0,6800,0
1361232000,13979.0,14047.0,13955.0,14032.0,18439,0
1361318400,14030.0,14057.0,13908.0,13918.0,23811,0
1361404800,13917.0,13931.0,13835.0,13900.0,30699,0
1361491200,13895.0,13908.0,13894.0,13901.0,23303,0
1361750400,14002.0,14082.0,13762.0,13775.0,40992,0
1361836800,13774.0,13913.0,13771.0,13888.0,46992,0
1361923200,13883.0,14087.0,13860.0,14078.0,35860,0
1362009600,14074.0,14147.0,14025.0,14027.0,29471,0
1362096000,14028.0,14056.0,14016.0,14024.0,39495,0
1362355200,14071.0,14140.0,14016.0,14139.0,29476,0
1362441600,14141.0,14288.0,14128.0,14263.0,27319,0
1362528000,14260.0,14322.0,14247.0,14281.0,23599,0
1362614400,14283.0,14351.0,14272.0,14338.0,22256,0
1362700800,14334.0,14340.0,14316.0,14320.0,21026,0
1362960000,14369.0,14452.0,14359.0,14448.0,13741,0
1363046400,14449.0,14479.0,14409.0,14459.0,15610,0
1363132800,14451.0,14473.0,14410.0,14466.0,15859,0
1363219200,14465.0,14535.0,14452.0,14519.0,9203,0
1363305600,14514.0,14518.0,14510.0,14518.0,10000,0
1363564800,14429.0,14521.0,14341.0,14465.0,29780,0
1363651200,14468.0,14516.0,14381.0,14443.0,33612,0
1363737600,14445.0,14547.0,14418.0,14490.0,26336,0
1363824000,14493.0,14502.0,14382.0,14422.0,29273,0
1363910400,14423.0,14423.0,14410.0,14414.0,23944,0
1364169600,14509.0,14587.0,14392.0,14467.0,35375,0
1364256000,14463.0,14558.0,14455.0,14551.0,25235,0
1364342400,14550.0,14563.0,14438.0,14521.0,26684,0
1364428800,14520.0,14583.0,14469.0,14575.0,26208,0
1364515200,14577.0,14582.0,14577.0,14582.0,19,0
1364774400,14575.0,14607.0,14533.0,14573.0,19773,0
1364860800,14575.0,14680.0,14560.0,14662.0,25091,0
1364947200,14663.0,14678.0,14544.0,14560.0,30434,0
1365033600,14562.0,14628.0,14538.0,14591.0,34974,0
1365120000,14593.0,14604.0,14593.0,14601.0,26913,0
1365379200,14543.0,14651.0,14498.0,14651.0,23894,0
1365465600,14650.0,14718.0,14598.0,14675.0,25324,0
1365552000,14678.0,14827.0,14658.0,14808.0,25416,0
1365638400,14809.0,14887.0,14784.0,14864.0,23443,0
1365724800,14869.0,14871.0,14859.0,14868.0,28456,0
1365984000,14852.0,14859.0,14535.0,14564.0,46849,0
1366070400,14563.0,14757.0,14556.0,14744.0,36964,0
1366156800,14747.0,14752.0,14564.0,14616.0,47990,0
1366243200,14605.0,14675.0,14463.0,14503.0,48658,0
1366329600,14500.0,14501.0,14471.0,14498.0,36324,0
1366588800,14538.0,14610.0,14455.0,14572.0,34713,0
1366675200,14573.0,14722.0,14503.0,14710.0,36620,0
1366761600,14706.0,14748.0,14667.0,14677.0,30082,0
1366848000,14673.0,14770.0,14651.0,14711.0,30267,0
1366934400,14710.0,14739.0,14656.0,14712.0,29167,0
1367193600,14704.0,14846.0,14690.0,14817.0,10274,0
1367280000,14814.0,14843.0,14734.0,14836.0,11567,0
1367366400,14835.0,14850.0,14685.0,14701.0,10649,0
1367452800,14704.0,14836.0,14701.0,14818.0,13036,0
1367539200,14817.0,15010.0,14800.0,14960.0,11397,0
1367798400,14955.0,14987.0,14939.0,14961.0,7070,0
1367884800,14962.0,15055.0,14934.0,15045.0,10280,0
1367971200,15029.0,15108.0,15002.0,15103.0,8754,0
1368057600,15097.0,15145.0,15048.0,15095.0,11309,0
1368144000,15096.0,15148.0,15037.0,15101.0,12320,0
1368403200,15065.0,15106.0,15046.0,15089.0,10592,0
1368489600,15088.0,15218.0,15047.0,15213.0,10027,0
1368576000,15203.0,15303.0,15165.0,15261.0,11683,0
1368662400,15263.0,15303.0,15217.0,15246.0,12427,0
1368748800,15245.0,15359.0,15235.0,15343.0,11352,0
1369008000,15325.0,15390.0,15314.0,15336.0,10197,0
1369094400,15337.0,15434.0,15319.0,15378.0,11165,0
1369180800,15374.0,15541.0,15261.0,15351.0,23843,0
1369267200,15350.0,15357.0,15155.0,15308.0,27674,0
1369353600,15309.0,15345.0,15195.0,15312.0,18748,0
1369612800,15313.0,15359.0,15281.0,15336.0,4624,0
1369699200,15337.0,15522.0,15325.0,15398.0,16310,0
1369785600,15399.0,15403.0,15226.0,15296.0,19174,0
1369872000,15292.0,15400.0,15247.0,15328.0,17471,0
1369958400,15329.0,15392.0,15110.0,15112.0,19265,0
1370217600,15132.0,15254.0,15108.0,15230.0,25015,0
1370304000,15227.0,15306.0,15097.0,15182.0,21551,0
1370390400,15177.0,15197.0,14944.0,14967.0,26424,0
1370476800,14966.0,15054.0,14843.0,15044.0,27016,0
1370563200,15043.0,15258.0,15002.0,15227.0,25202,0
1370822400,15198.0,15302.0,15185.0,15232.0,18418,0
1370908800,15231.0,15256.0,15084.0,15146.0,22484,0
1370995200,15142.0,15248.0,14979.0,14992.0,21971,0
1371081600,14982.0,15205.0,14874.0,15184.0,24293,0
1371168000,15186.0,15207.0,15043.0,15056.0,17666,0
1371427200,15061.0,15266.0,15050.0,15196.0,16380,0
1371513600,15195.0,15342.0,15174.0,15318.0,14049,0
1371600000,15321.0,15346.0,15094.0,15106.0,22350,0
1371686400,15100.0,15112.0,14731.0,14771.0,30692,0
1371772800,14772.0,14873.0,14684.0,14779.0,30068,0
1372032000,14788.0,14803.0,14549.0,14668.0,32689,0
1372118400,14669.0,14813.0,14603.0,14759.0,24496,0
1372204800,14758.0,14939.0,14695.0,14903.0,19619,0
1372291200,14907.0,15076.0,14892.0,15005.0,16591,0
1372377600,15006.0,15074.0,14878.0,14892.0,19429,0
1372636800,14923.0,15084.0,14863.0,14951.0,18443,0
1372723200,14949.0,15050.0,14865.0,14931.0,18392,0
1372809600,14930.0,15028.0,14819.0,14991.0,16346,0
1372896000,14987.0,15136.0,14986.0,15114.0,6750,0
1372982400,15117.0,15181.0,14968.0,15155.0,21676,0
1373241600,15141.0,15265.0,15127.0,15234.0,16156,0
1373328000,15236.0,15322.0,15227.0,15288.0,13835,0
1373414400,15290.0,15352.0,15258.0,15343.0,18229,0
1373500800,15344.0,15485.0,15344.0,15454.0,17148,0
1373587200,15452.0,15499.0,15413.0,15435.0,14453,0
1373846400,15429.0,15509.0,15427.0,15482.0,10591,0
1373932800,15483.0,15497.0,15417.0,15453.0,11189,0
1374019200,15448.0,15516.0,15403.0,15475.0,15711,0
1374105600,15474.0,15589.0,15455.0,15528.0,12723,0
1374192000,15530.0,15565.0,15483.0,15560.0,12179,0
1374451200,15561.0,15595.0,15515.0,15548.0,10918,0
1374537600,15549.0,15603.0,15544.0,15581.0,9858,0
1374624000,15580.0,15619.0,15497.0,15560.0,13163,0
1374710400,15559.0,15563.0,15457.0,15548.0,13372,0
1374796800,15550.0,15577.0,15402.0,15557.0,13383,0
1375056000,15549.0,15561.0,15480.0,15537.0,12561,0
1375142400,15535.0,15596.0,15480.0,15545.0,11761,0
1375228800,15546.0,15639.0,15487.0,15531.0,16949,0
1375315200,15534.0,15652.0,15527.0,15623.0,13432,0
1375401600,15622.0,15653.0,15551.0,15643.0,12372,0
1375660800,15636.0,15650.0,15580.0,15606.0,8699,0
1375747200,15607.0,15619.0,15471.0,15522.0,10154,0
1375833600,15506.0,15507.0,15420.0,15489.0,12439,0
1375920000,15490.0,15567.0,15417.0,15495.0,11317,0
1376006400,15492.0,15510.0,15344.0,15409.0,12797,0
1376265600,15408.0,15443.0,15327.0,15432.0,11503,0
1376352000,15431.0,15509.0,15342.0,15445.0,12109,0
1376438400,15443.0,15457.0,15314.0,15335.0,14115,0
1376524800,15319.0,15325.0,15088.0,15090.0,19055,0
1376611200,15091.0,15140.0,15055.0,15063.0,15727,0
1376870400,15066.0,15104.0,15006.0,15023.0,15516,0
1376956800,15024.0,15075.0,14986.0,15012.0,14269,0
1377043200,15013.0,15020.0,14857.0,14860.0,19980,0
1377129600,14861.0,14990.0,14824.0,14966.0,14938,0
1377216000,14961.0,15025.0,14922.0,15006.0,14337,0
1377475200,15000.0,15052.0,14940.0,14956.0,12541,0
1377561600,14957.0,14962.0,14766.0,14780.0,21440,0
1377648000,14779.0,14869.0,14762.0,14811.0,15281,0
1377734400,14808.0,14916.0,14796.0,14852.0,15882,0
1377820800,14854.0,14907.0,14763.0,14818.0,18506,0
1378080000,14875.0,14936.0,14866.0,14924.0,5413,0
1378166400,14920.0,14940.0,14776.0,14833.0,21638,0
1378252800,14832.0,14957.0,14797.0,14944.0,14906,0
1378339200,14945.0,14986.0,14907.0,14925.0,13067,0
1378425600,14926.0,15012.0,14788.0,14920.0,18784,0
1378684800,14912.0,15090.0,14912.0,15052.0,13507,0
1378771200,15053.0,15193.0,15046.0,15189.0,15036,0
1378857600,15190.0,15346.0,15167.0,15346.0,13102,0
1378944000,15342.0,15349.0,15284.0,15309.0,12710,0
1379030400,15310.0,15392.0,15279.0,15391.0,9802,0
1379289600,15486.0,15581.0,15469.0,15494.0,13158,0
1379376000,15488.0,15556.0,15472.0,15540.0,8644,0
1379462400,15541.0,15711.0,15471.0,15664.0,15637,0
1379548800,15665.0,15721.0,15624.0,15630.0,11927,0
1379635200,15635.0,15648.0,15467.0,15491.0,11953,0
1379894400,15502.0,15523.0,15372.0,15392.0,13128,0
1379980800,15391.0,15434.0,15326.0,15345.0,12499,0
1380067200,15346.0,15372.0,15250.0,15277.0,16038,0
1380153600,15278.0,15386.0,15277.0,15356.0,13750,0
1380240000,15357.0,15366.0,15203.0,15262.0,14218,0
1380499200,15182.0,15188.0,15075.0,15158.0,19367,0
1380585600,15156.0,15213.0,15108.0,15209.0,17493,0
1380672000,15207.0,15209.0,15041.0,15099.0,18305,0
1380758400,15098.0,15104.0,14943.0,14964.0,23000,0
1380844800,14965.0,15085.0,14962.0,15064.0,15585,0
1381104000,14999.0,15025.0,14915.0,14926.0,16868,0
1381190400,14919.0,14944.0,14747.0,14757.0,23344,0
1381276800,14752.0,14851.0,14718.0,14794.0,24939,0
1381363200,14793.0,15122.0,14787.0,15089.0,19700,0
1381449600,15087.0,15257.0,15017.0,15255.0,17252,0
1381708800,15136.0,15312.0,15105.0,15300.0,17006,0
1381795200,15304.0,15331.0,15151.0,15177.0,21994,0
1381881600,15170.0,15373.0,15149.0,15299.0,21647,0
1381968000,15296.0,15375.0,15195.0,15354.0,15966,0
1382054400,15356.0,15413.0,15323.0,15380.0,14585,0
1382313600,15382.0,15425.0,15360.0,15379.0,12443,0
1382400000,15381.0,15519.0,15364.0,15465.0,15273,0
1382486400,15464.0,15466.0,15366.0,15422.0,16219,0
1382572800,15423.0,15537.0,15408.0,15530.0,15480,0
1382659200,15529.0,15576.0,15477.0,15560.0,14211,0
1382918400,15557.0,15634.0,15531.0,15578.0,12176,0
1383004800,15581.0,15682.0,15546.0,15679.0,12208,0
1383091200,15678.0,15737.0,15574.0,15611.0,16591,0
1383177600,15610.0,15653.0,15543.0,15587.0,16987,0
1383264000,15588.0,15651.0,15544.0,15603.0,15517,0
1383523200,15596.0,15670.0,15586.0,15636.0,11140,0
1383609600,15637.0,15651.0,15519.0,15616.0,13691,0
1383696000,15615.0,15750.0,15597.0,15737.0,13800,0
1383782400,15734.0,15828.0,15591.0,15597.0,21474,0
1383868800,15593.0,15768.0,15544.0,15746.0,20170,0
1384128000,15756.0,15792.0,15723.0,15774.0,11155,0
1384214400,15775.0,15799.0,15706.0,15759.0,13974,0
1384300800,15750.0,15847.0,15651.0,15835.0,15026,0
1384387200,15833.0,15886.0,15798.0,15873.0,15084,0
1384473600,15874.0,15965.0,15858.0,15949.0,10337,0
1384732800,15947.0,16028.0,15929.0,15981.0,13110,0
1384819200,15979.0,16026.0,15943.0,15967.0,15036,0
1384905600,15963.0,16018.0,15864.0,15910.0,19829,0
1384992000,15909.0,16014.0,15875.0,16004.0,13657,0
1385078400,16001.0,16066.0,15972.0,16054.0,12348,0
1385337600,16059.0,16121.0,16050.0,16080.0,10394,0
1385424000,16083.0,16122.0,16068.0,16086.0,8945,0
1385510400,16076.0,16110.0,16057.0,16089.0,8389,0
1385596800,16091.0,16147.0,16087.0,16135.0,3430,0
1385683200,16131.0,16176.0,16076.0,16098.0,5712,0
1385942400,16111.0,16126.0,15987.0,16004.0,11078,0
1386028800,15999.0,16014.0,15859.0,15903.0,12853,0
1386115200,15898.0,15960.0,15791.0,15899.0,17699,0
1386201600,15900.0,15902.0,15809.0,15820.0,17498,0
1386288000,15819.0,16064.0,15814.0,16024.0,16968,0
1386547200,16031.0,16061.0,16006.0,16028.0,10945,0
1386633600,16024.0,16051.0,15966.0,15990.0,10894,0
1386720000,15992.0,16024.0,15829.0,15841.0,14745,0
1386806400,15831.0,15854.0,15703.0,15729.0,15786,0
1386892800,15731.0,15793.0,15717.0,15759.0,11482,0
1387152000,15758.0,15934.0,15663.0,15879.0,12600,0
1387238400,15878.0,15925.0,15836.0,15858.0,10232,0
1387324800,15860.0,16183.0,15852.0,16163.0,19216,0
1387411200,16162.0,16197.0,16093.0,16171.0,15020,0
1387497600,16170.0,16286.0,16169.0,16253.0,11367,0
1387756800,16252.0,16318.0,16252.0,16308.0,8672,0
1387843200,16304.0,16365.0,16282.0,16363.0,3505,0
1388016000,16369.0,16486.0,16369.0,16484.0,3633,0
1388102400,16483.0,16526.0,16450.0,16477.0,5371,0
1388361600,16475.0,16507.0,16466.0,16506.0,6404,0
1388448000,16504.0,16567.0,16493.0,16530.0,3052,0
1388620800,16580.0,16580.0,16414.0,16446.0,10636,0
1388707200,16448.0,16517.0,16395.0,16455.0,9496,0
1388966400,16454.0,16536.0,16401.0,16421.0,11696,0
1389052800,16420.0,16563.0,16420.0,16520.0,8901,0
1389139200,16515.0,16540.0,16417.0,16460.0,12221,0
1389225600,16461.0,16528.0,16374.0,16451.0,12451,0
1389312000,16452.0,16520.0,16380.0,16445.0,14507,0
1389571200,16446.0,16454.0,16242.0,16273.0,12944,0
1389657600,16274.0,16373.0,16243.0,16358.0,12763,0
1389744000,16361.0,16505.0,16349.0,16467.0,10577,0
1389830400,16468.0,16483.0,16374.0,16395.0,10707,0
1389916800,16396.0,16495.0,16380.0,16453.0,11244,0
1390176000,16455.0,16464.0,16425.0,16457.0,3151,0
1390262400,16459.0,16547.0,16315.0,16380.0,12638,0
1390348800,16381.0,16437.0,16331.0,16368.0,11829,0
1390435200,16369.0,16408.0,16138.0,16209.0,15983,0
1390521600,16213.0,16238.0,15854.0,15854.0,21774,0
1390780800,15857.0,15943.5,15784.0,15838.5,39133,0
1390867200,15842.0,15947.0,15831.0,15939.0,29419,0
1390953600,16000.5,16044.0,15706.0,15746.0,40581,0
1391040000,15747.0,15908.0,15727.0,15818.5,33160,0
1391126400,15818.0,15819.5,15611.5,15702.5,37262,0
1391385600,15702.0,15757.5,15345.0,15376.0,40968,0
1391472000,15377.0,15482.0,15343.5,15409.5,34653,0
1391558400,15409.0,15478.0,15339.0,15448.0,36457,0
1391644800,15439.0,15631.0,15429.5,15614.0,31429,0
1391731200,15615.0,15802.5,15527.0,15800.0,30919,0
1391990400,15797.5,15812.0,15731.0,15798.0,22754,0
1392076800,15799.5,16028.5,15791.5,15978.5,23155,0
1392163200,15953.5,16038.0,15928.0,15973.5,22174,0
1392249600,15972.5,16040.0,15849.5,16013.0,23045,0
1392336000,16009.0,16178.0,15938.5,16153.5,22416,0
1392595200,16154.0,16217.0,16129.0,16185.0,7780,0
1392681600,16174.5,16204.0,16106.5,16136.5,19836,0
1392768000,16136.0,16226.0,16029.0,16043.5,23324,0
1392854400,16043.6,16162.0,15971.1,16117.5,26703,0
1392940800,16116.5,16191.5,16095.0,16110.0,21466,0
1393200000,16120.5,16301.0,16062.0,16202.0,20565,0
1393286400,16201.5,16256.5,16143.0,16215.0,22710,0
1393372800,16212.0,16260.0,16154.0,16200.0,23492,0
1393459200,16200.5,16291.5,16112.8,16291.0,27554,0
1393545600,16290.5,16401.0,16225.0,16339.0,25199,0
1393804800,16231.0,16235.0,16070.0,16161.0,39575,0
1393891200,16161.5,16419.0,16161.5,16389.0,28487,0
1393977600,16388.5,16413.5,16343.0,16367.5,20298,0
1394064000,16369.0,16449.0,16355.0,16427.5,19927,0
1394150400,16427.0,16513.0,16396.5,16447.0,26262,0
1394409600,16432.5,16466.0,16333.0,16422.0,24511,0
1394496000,16413.0,16460.8,16323.3,16334.8,23258,0
1394582400,16334.3,16366.0,16255.0,16346.5,23896,0
1394668800,16347.0,16408.0,16083.0,16121.5,29910,0
1394755200,16123.0,16166.5,16044.0,16057.0,25498,0
1395014400,16057.5,16273.0,15976.0,16241.5,24067,0
1395100800,16242.0,16371.0,16196.0,16328.5,21778,0
1395187200,16329.0,16362.0,16119.5,16190.5,23908,0
1395273600,16199.0,16350.0,16145.5,16344.5,24148,0
1395360000,16345.5,16454.0,16284.0,16306.5,24514,0
1395619200,16307.0,16379.0,16213.0,16284.5,31115,0
1395705600,16284.0,16407.0,16269.0,16372.5,28240,0
1395792000,16373.0,16468.0,16246.5,16268.5,28623,0
1395878400,16268.0,16305.0,16190.0,16274.0,33488,0
1395964800,16276.0,16419.0,16258.0,16314.0,25198,0
1396224000,16365.5,16480.0,16355.5,16453.5,22230,0
1396310400,16454.5,16566.0,16436.0,16529.0,20443,0
1396396800,16524.5,16587.0,16507.0,16568.5,19619,0
1396483200,16566.5,16607.0,16528.0,16585.0,21048,0
1396569600,16584.5,16649.5,16389.0,16443.5,28799,0
1396828800,16443.0,16443.0,16244.0,16258.5,31389,0
1396915200,16259.0,16296.0,16178.0,16245.5,27950,0
1397001600,16246.5,16441.0,16243.5,16440.0,21562,0
1397088000,16437.5,16455.0,16151.0,16200.0,31885,0
1397174400,16202.0,16219.0,16014.0,16047.0,37189,0
1397433600,16047.5,16188.0,15986.0,16173.0,30515,0
1397520000,16174.0,16314.5,16063.5,16310.5,35139,0
1397606400,16311.5,16434.0,16293.5,16372.5,31046,0
1397692800,16374.5,16454.5,16347.5,16421.5,25392,0
1397779200,16421.0,16421.0,16403.5,16405.5,47,0
1398038400,16417.5,16461.0,16405.0,16435.5,11730,0
1398124800,16436.0,16568.0,16409.5,16525.5,17838,0
1398211200,16521.5,16559.0,16476.5,16549.5,20842,0
1398297600,16548.5,16576.5,16450.5,16496.5,25133,0
1398384000,16495.5,16495.5,16331.0,16388.5,27123,0
1398643200,16399.5,16502.0,16310.0,16465.5,28213,0
1398729600,16466.0,16561.0,16457.0,16529.5,23891,0
1398816000,16531.5,16594.0,16499.5,16582.5,24300,0
1398902400,16585.5,16605.5,16523.5,16559.5,14005,0
1398988800,16564.5,16617.0,16486.0,16504.0,23268,0
1399248000,16503.5,16550.0,16374.0,16520.5,16799,0
1399334400,16522.5,16552.5,16401.0,16426.5,20929,0
1399420800,16373.5,16528.5,16361.0,16521.5,24782,0
1399507200,16522.0,16623.0,16491.5,16543.5,26397,0
1399593600,16541.0,16587.5,16500.0,16578.0,24755,0
1399852800,16574.5,16711.5,16574.5,16708.5,16051,0
1399939200,16705.0,16735.0,16694.0,16717.5,19124,0
1400025600,16710.0,16729.0,16593.0,16619.5,17382,0
1400112000,16611.7,16645.7,16395.0,16445.5,25486,0
1400198400,16444.5,16501.5,16404.5,16490.5,23302,0
1400457600,16496.0,16527.0,16416.5,16511.0,18526,0
1400544000,16510.5,16533.5,16341.0,16373.0,22359,0
1400630400,16372.5,16544.5,16351.0,16516.5,20016,0
1400716800,16510.0,16577.0,16485.5,16547.5,17004,0
1400803200,16549.0,16614.0,16540.5,16608.5,12813,0
1401062400,16614.0,16670.0,16608.5,16655.0,4104,0
1401148800,16654.0,16686.0,16638.5,16676.5,13483,0
1401235200,16675.5,16707.0,16619.0,16649.5,15161,0
1401321600,16643.5,16695.0,16620.5,16690.5,13959,0
1401408000,16690.0,16720.0,16646.0,16704.5,13814,0
1401667200,16705.0,16757.0,16682.0,16736.0,13807,0
1401753600,16733.5,16737.5,16686.5,16723.5,12658,0
1401840000,16724.5,16742.0,16672.0,16730.5,11272,0
1401926400,16730.0,16846.0,16704.0,16827.5,17312,0
1402012800,16826.5,16941.5,16822.0,16940.5,14548,0
1402272000,16939.5,16969.0,16915.5,16936.0,8812,0
1402358400,16935.5,16956.5,16897.0,16955.5,10490,0
1402444800,16954.5,16957.5,16822.0,16861.5,11130,0
1402531200,16860.5,16878.5,16702.0,16750.5,13513,0
1402617600,16751.5,16788.5,16707.5,16766.5,12331,0
1402876800,16767.0,16803.5,16695.0,16774.5,13142,0
1402963200,16774.0,16829.0,16723.5,16804.0,13540,0
1403049600,16804.5,16909.0,16732.0,16892.5,14628,0
1403136000,16893.0,16920.5,16856.0,16909.5,12649,0
1403222400,16908.5,16978.0,16892.5,16942.5,9888,0
1403481600,16931.0,16992.5,16892.5,16917.0,12412,0
1403568000,16916.5,16969.0,16802.0,16827.5,12331,0
1403654400,16829.5,16887.0,16782.5,16853.5,16060,0
1403740800,16854.0,16881.5,16743.0,16851.5,16799,0
1403827200,16852.5,16864.0,16771.0,16836.0,15893,0
1404086400,16835.0,16870.0,16799.0,16834.0,14910,0
1404172800,16832.0,16999.0,16828.5,16960.5,14665,0
1404259200,16957.5,16985.0,16952.0,16974.5,13853,0
1404345600,16975.0,17072.0,16963.5,17055.5,11137,0
1404432000,17051.5,17057.5,17042.5,17051.5,2069,0
1404691200,17048.0,17058.0,16990.0,17022.5,12854,0
1404777600,17019.0,17023.5,16872.0,16931.0,17889,0
1404864000,16928.9,17000.0,16912.4,16984.5,17992,0
1404950400,16986.5,16990.0,16795.0,16906.5,22269,0
1405036800,16907.5,16964.5,16860.0,16955.0,16782,0
1405296000,16950.5,17090.0,16949.5,17050.5,11372,0
1405382400,17052.0,17117.0,17006.0,17077.5,18850,0
1405468800,17075.5,17138.0,17059.5,17113.5,14238,0
1405555200,17107.0,17151.0,16952.5,16953.5,24502,0
1405641600,16956.5,17113.5,16903.5,17094.0,19976,0
1405900800,17093.5,17093.5,16972.0,17040.0,16563,0
1405987200,17038.5,17134.0,17037.5,17082.0,15497,0
1406073600,17081.5,17129.5,17056.0,17091.5,13852,0
1406160000,17093.0,17128.5,17027.5,17043.5,14633,0
1406246400,17042.5,17067.5,16911.0,16954.0,15701,0
1406505600,16954.5,17004.0,16875.0,16976.5,17292,0
1406592000,16977.5,17059.0,16903.5,16917.5,16617,0
1406678400,16915.0,16988.5,16814.5,16878.5,23250,0
1406764800,16879.0,16883.0,16551.0,16563.5,25274,0
1406851200,16562.5,16611.0,16434.5,16479.0,30277,0
1407110400,16479.5,16591.0,16442.5,16549.5,19759,0
1407196800,16546.6,16560.6,16364.0,16428.0,26202,0
1407283200,16416.5,16493.0,16323.5,16446.5,25364,0
1407369600,16445.5,16508.5,16332.5,16367.5,29036,0
1407456000,16367.0,16553.5,16261.0,16531.5,30354,0
1407715200,16532.5,16628.0,16523.6,16571.5,16736,0
1407801600,16570.0,16606.5,16514.0,16581.5,19479,0
1407888000,16580.0,16671.5,16559.5,16668.5,15865,0
1407974400,16669.0,16727.0,16637.5,16722.5,15610,0
1408060800,16724.0,16775.0,16570.0,16666.5,20799,0
1408320000,16718.5,16841.0,16699.5,16835.5,12430,0
1408406400,16837.5,16929.0,16834.0,16913.0,10724,0
1408492800,16910.5,16995.5,16879.0,16976.5,13019,0
1408579200,16977.0,17076.0,16963.5,17041.0,12014,0
1408665600,17040.5,17067.0,16984.0,17019.5,16434,0
1408924800,17023.0,17124.0,17021.0,17075.5,10995,0
1409011200,17075.0,17152.0,17057.5,17117.0,11760,0
1409097600,17117.5,17134.0,17090.0,17112.5,9943,0
1409184000,17103.8,17108.8,17017.8,17103.0,14399,0
1409270400,17107.0,17143.0,17032.5,17078.0,13040,0
1409529600,17077.5,17100.0,17062.0,17096.5,5502,0
1409616000,17087.0,17134.5,17009.0,17065.0,14396,0
1409702400,17065.5,17158.5,17053.5,17074.5,14953,0
1409788800,17078.5,17163.0,17028.0,17101.5,16880,0
1409875200,17100.5,17136.5,17008.0,17135.0,20033,0
1410134400,17135.5,17137.0,17078.0,17112.5,12509,0
1410220800,17113.0,17127.5,16993.0,17033.5,16245,0
1410307200,17031.1,17080.0,16971.0,17065.0,15313,0
1410393600,17061.5,17065.5,16971.5,17059.5,16621,0
1410480000,17060.0,17064.0,16936.5,16985.0,12970,0
1410739200,16952.0,17052.0,16926.5,17031.5,15433,0
1410825600,17034.5,17166.0,16973.5,17140.5,14252,0
1410912000,17141.5,17219.0,17090.5,17160.0,17295,0
1410998400,17165.5,17280.5,17152.5,17280.5,13963,0
1411084800,17278.5,17361.5,17256.0,17277.5,18058,0
1411344000,17280.5,17292.0,17159.0,17167.0,18530,0
1411430400,17167.5,17191.5,17011.5,17016.0,18899,0
1411516800,17013.0,17229.0,17009.5,17216.0,16409,0
1411603200,17218.0,17227.5,16944.0,16987.5,22546,0
1411689600,16989.5,17151.0,16962.0,17115.5,20970,0
1411948800,17110.5,17116.5,16930.0,17058.0,23317,0
1412035200,17055.0,17146.0,17014.5,17021.5,22845,0
1412121600,17016.5,17064.5,16772.0,16830.5,27011,0
1412208000,16823.5,16857.5,16673.0,16804.5,30573,0
1412294400,16805.5,17029.0,16786.5,17004.0,18719,0
1412553600,17004.5,17102.0,16927.0,16966.5,24774,0
1412640000,16966.0,16984.5,16702.0,16705.5,28731,0
1412726400,16694.1,17005.0,16659.0,16988.5,31468,0
1412812800,16986.5,17023.5,16611.5,16630.0,39423,0
1412899200,16631.0,16758.0,16504.5,16509.5,43258,0
1413158400,16509.0,16603.0,16299.5,16303.5,44238,0
1413244800,16303.0,16463.5,16275.5,16357.5,45396,0
1413331200,16359.0,16406.5,15850.5,16076.5,58182,0
1413417600,16078.0,16213.0,15860.5,16093.0,60580,0
1413504000,16092.5,16424.0,16092.5,16395.0,46108,0
1413763200,16395.5,16495.5,16243.0,16418.5,38280,0
1413849600,16411.5,16636.0,16287.0,16634.0,35343,0
1413936000,16633.5,16671.0,16458.5,16502.0,34438,0
1414022400,16501.5,16767.0,16477.5,16695.5,33491,0
1414108800,16696.5,16814.5,16588.0,16814.5,32611,0
1414368000,16818.5,16870.0,16727.0,16833.0,30630,0
1414454400,16833.5,17012.5,16827.5,17003.5,23995,0
1414540800,17004.0,17066.0,16894.0,16995.0,28740,0
1414627200,16991.5,17225.0,16903.5,17194.5,32837,0
1414713600,17191.0,17427.0,17177.0,17367.0,29962,0
1414972800,17364.5,17412.5,17338.5,17349.5,23731,0
1415059200,17350.5,17398.0,17279.0,17376.5,26145,0
1415145600,17368.5,17486.5,17351.5,17475.5,25708,0
1415232000,17477.5,17567.0,17422.5,17565.5,24966,0
1415318400,17562.1,17597.6,17489.6,17561.0,23026,0
1415577600,17544.5,17621.0,17523.5,17605.5,18338,0
1415664000,17606.0,17654.5,17584.0,17620.5,15027,0
1415750400,17614.5,17627.0,17526.0,17612.5,18342,0
1415836800,17607.5,17705.0,17587.0,17639.0,22060,0
1415923200,17634.5,17674.5,17612.0,17644.5,20343,0
1416182400,17636.5,17676.5,17545.5,17656.0,19601,0
1416268800,17654.5,17734.0,17631.5,17682.5,15795,0
1416355200,17679.5,17712.0,17622.0,17687.5,17814,0
1416441600,17683.5,17728.5,17588.5,17725.5,16817,0
1416528000,17725.0,17895.0,17701.5,17803.0,20565,0
1416787200,17804.5,17855.5,17790.5,17814.5,14027,0
1416873600,17815.0,17857.0,17788.5,17839.0,16251,0
1416960000,17832.0,17864.0,17791.0,17841.5,12507,0
1417046400,17846.0,17859.0,17803.5,17858.5,6042,0
1417132800,17835.0,17891.5,17772.5,17822.0,11481,0
1417392000,17797.0,17823.0,17714.5,17764.5,26687,0
1417478400,17763.5,17896.5,17763.5,17877.0,21217,0
1417564800,17875.5,17925.0,17844.5,17904.5,17157,0
1417651200,17905.5,17939.0,17809.5,17900.0,20982,0
1417737600,17900.5,17991.0,17892.0,17964.5,15952,0
1417996800,17958.0,17968.5,17802.0,17866.5,20818,0
1418083200,17863.5,17879.5,17632.0,17791.0,30962,0
1418169600,17789.5,17809.5,17505.5,17546.0,31939,0
1418256000,17531.5,17759.0,17508.0,17535.5,33940,0
1418342400,17532.5,17565.0,17244.0,17258.5,35250,0
1418601600,17254.5,17402.0,17113.0,17187.5,47495,0
1418688000,17203.0,17428.0,17034.0,17081.5,34356,0
1418774400,17084.5,17388.5,17078.0,17351.0,23469,0
1418860800,17354.5,17803.5,17327.0,17802.0,30653,0
1418947200,17800.5,17902.0,17751.0,17786.0,36684,0
1419206400,17787.0,17960.5,17786.5,17933.0,25371,0
1419292800,17934.0,18069.0,17926.5,18031.0,21422,0
1419379200,18026.0,18081.0,18014.5,18037.5,6109,0
1419552000,18046.5,18105.0,18046.0,18072.0,5953,0
1419811200,18074.0,18086.5,17992.5,18060.0,18611,0
1419897600,18058.5,18062.0,17953.0,17999.0,17274,0
1419984000,17996.5,18047.5,17807.5,17824.5,11226,0
1420156800,17825.0,17949.5,17727.0,17801.5,30091,0
1420416000,17792.0,17814.5,17466.0,17539.5,40800,0
1420502400,17540.0,17577.0,17254.0,17368.0,48933,0
1420588800,17358.5,17596.0,17357.5,17590.0,40920,0
1420675200,17591.5,17917.0,17586.5,17879.5,30765,0
1420761600,17882.5,17932.0,17684.0,17716.5,40692,0
1421020800,17715.5,17822.5,17563.0,17652.5,40564,0
1421107200,17652.0,17927.0,17488.0,17626.5,46883,0
1421193600,17628.5,17639.0,17258.0,17465.5,58957,0
1421280000,17462.5,17604.5,17265.5,17312.5,66504,0
1421366400,17313.5,17529.5,17198.0,17503.5,50041,0
1421625600,17502.5,17594.0,17416.0,17460.5,19145,0
1421712000,17468.5,17601.5,17343.0,17487.5,44042,0
1421798400,17487.0,17602.0,17392.5,17562.0,44573,0
1421884800,17562.5,17841.0,17479.0,17810.5,43368,0
1421971200,17809.5,17859.5,17642.5,17648.0,39079,0
1422230400,17648.5,17699.0,17498.0,17687.0,36157,0
1422316800,17687.5,17694.5,17285.0,17467.0,41225,0
1422403200,17468.0,17555.0,17160.5,17190.0,50153,0
1422489600,17194.5,17504.5,17132.0,17482.0,50034,0
1422576000,17480.5,17489.0,17154.5,17175.5,53724,0
1422835200,17192.0,17386.5,17037.0,17356.5,53188,0
1422921600,17357.5,17670.0,17286.5,17659.0,44703,0
1423008000,17656.2,17783.0,17576.5,17592.5,43247,0
1423094400,17595.5,17890.5,17562.0,17868.0,38879,0
1423180800,17867.5,17951.0,17763.0,17851.5,39320,0
1423440000,17852.5,17852.5,17683.0,17744.0,38510,0
1423526400,17743.5,17889.0,17715.5,17859.0,35110,0
1423612800,17839.0,17984.5,17756.0,17939.5,32830,0
1423699200,17940.5,17975.5,17807.0,17951.5,35228,0
1423785600,17951.0,18037.5,17942.0,18014.5,24269,0
1424044800,18016.0,18027.0,17950.5,17969.5,7437,0
1424131200,17923.0,18050.5,17920.5,18043.5,25726,0
1424217600,18040.5,18052.5,17981.0,18012.5,20909,0
1424304000,18010.0,18062.0,17922.5,17991.0,22161,0
1424390400,17982.5,18143.5,17875.5,18130.5,28430,0
1424649600,18129.5,18132.5,18056.5,18110.5,18762,0
1424736000,18108.0,18230.5,18098.0,18211.0,18609,0
1424822400,18210.0,18241.0,18183.5,18212.5,17014,0
1424908800,18212.0,18239.0,18156.0,18215.0,20320,0
1424995200,18215.5,18215.5,18132.0,18161.5,19338,0
1425254400,18154.5,18284.0,18133.5,18265.0,17385,0
1425340800,18264.5,18267.5,18134.0,18194.5,19050,0
1425427200,18194.0,18194.5,18027.0,18097.5,24315,0
1425513600,18096.5,18161.0,18083.5,18128.5,20388,0
1425600000,18127.5,18160.0,17823.0,17877.5,27455,0
1425859200,17899.0,18032.0,17828.0,17982.5,21281,0
1425945600,17980.5,17982.5,17664.0,17689.5,30690,0
1426032000,17690.5,17737.5,17624.0,17662.5,28149,0
1426118400,17664.5,17899.0,17636.5,17879.0,22981,0
1426204800,17878.0,17900.5,17623.0,17743.0,28007,0
1426464000,17743.5,17989.0,17688.0,17925.0,21472,0
1426550400,17924.0,17951.5,17778.0,17853.5,27209,0
1426636800,17854.0,18100.0,17692.0,18070.5,32153,0
1426723200,18073.5,18126.5,17931.5,17964.5,30350,0
1426809600,17965.0,18198.0,17956.0,18111.0,23024,0
1427068800,18110.5,18208.0,18061.0,18100.5,22725,0
1427155200,18098.0,18158.5,18008.5,18024.0,26966,0
1427241600,18026.0,18046.0,17710.5,17741.5,30097,0
1427328000,17742.0,17760.0,17544.5,17702.5,39999,0
1427414400,17703.0,17765.0,17624.0,17711.5,33677,0
1427673600,17715.0,18009.5,17673.0,17943.5,22752,0
1427760000,17937.9,17961.4,17749.5,17774.5,29120,0
1427846400,17771.3,17807.8,17558.8,17713.0,41941,0
1427932800,17711.5,17817.0,17638.5,17770.5,28247,0
1428019200,17770.0,17786.5,17581.0,17594.5,4392,0
1428278400,17597.5,17944.0,17591.5,17881.0,15427,0
1428364800,17881.5,17985.0,17856.5,17870.5,23517,0
1428451200,17869.5,17979.0,17818.0,17916.0,30452,0
1428537600,17916.5,17984.0,17819.0,17955.5,27290,0
1428624000,17958.0,18068.0,17939.5,18054.0,20317,0
1428883200,18050.0,18109.0,17973.0,17992.5,22640,0
1428969600,17997.5,18077.0,17902.5,18044.0,27116,0
1429056000,18044.5,18162.0,18014.5,18108.5,23280,0
1429142400,18105.5,18169.0,18023.5,18112.5,25420,0
1429228800,18109.0,18119.5,17745.5,17846.0,34669,0
1429488000,17891.5,18095.0,17871.0,18013.5,23355,0
1429574400,18006.5,18148.0,17926.0,17964.5,29246,0
1429660800,17963.5,18054.0,17850.0,18020.5,30385,0
1429747200,18018.0,18135.8,17896.8,18048.3,32038,0
1429833600,18054.3,18109.5,18006.3,18092.5,27212,0
1430092800,18103.0,18183.5,18021.0,18050.5,15104,0
1430179200,18051.5,18133.0,17912.0,18126.0,28982,0
1430265600,18125.5,18138.0,17949.0,18023.0,39477,0
1430352000,18022.5,18051.0,17766.0,17857.5,43753,0
1430438400,17863.5,18030.0,17846.5,18014.5,17126,0
1430697600,18014.0,18134.0,17985.0,18072.5,22816,0
1430784000,18069.5,18097.0,17901.5,17948.0,37385,0
1430870400,17932.0,18031.5,17728.5,17842.5,40000,0
1430956800,17838.0,17975.0,17682.5,17940.5,39511,0
1431043200,17938.0,18207.0,17938.0,18174.5,27235,0
1431302400,18175.5,18201.0,18073.5,18083.0,24069,0
1431388800,18082.0,18122.0,17921.5,18084.5,38648,0
1431475200,18085.0,18161.5,18038.0,18071.5,32177,0
1431561600,18072.5,18254.0,18029.0,18242.5,20500,0
1431648000,18235.5,18283.5,18214.0,18272.5,22254,0
1431907200,18274.0,18325.0,18219.5,18300.0,20322,0
1431993600,18299.3,18363.8,18259.3,18314.5,20785,0
1432080000,18314.0,18341.7,18270.5,18279.0,20815,0
1432166400,18271.2,18314.0,18219.7,18286.0,17651,0
1432252800,18286.5,18314.5,18214.0,18248.5,16041,0
1432512000,18249.0,18275.5,18202.0,18242.5,3554,0
1432598400,18238.0,18251.5,17988.5,18071.5,26368,0
1432684800,18073.0,18190.0,18048.0,18157.0,22851,0
1432771200,18156.5,18160.0,18066.5,18150.0,23933,0
1432857600,18151.5,18155.5,17966.0,18036.5,29587,0
1433116800,18032.0,18119.0,17982.5,18050.0,30755,0
1433203200,18046.0,18092.0,17913.0,18009.5,31590,0
1433289600,18009.0,18169.0,18003.5,18103.5,31585,0
1433376000,18103.0,18110.5,17873.0,17932.0,40454,0
1433462400,17934.0,17959.0,17817.5,17857.0,35714,0
1433721600,17851.5,17866.5,17757.5,17783.5,32355,0
1433808000,17782.0,17817.0,17701.5,17780.5,32774,0
1433894400,17781.5,18046.0,17774.0,18023.5,26470,0
1433980800,18025.5,18113.0,17991.5,18047.0,26094,0
1434067200,18047.5,18053.0,17855.0,17901.0,24387,0
1434326400,17851.0,17866.5,17694.5,17797.0,28672,0
1434412800,17792.0,17923.0,17689.0,17918.0,26637,0
1434499200,17918.5,17998.0,17839.0,17905.5,27352,0
1434585600,17905.7,18178.0,17861.2,18126.5,28937,0
1434672000,18127.0,18156.0,17985.0,18004.5,21723,0
1434931200,18056.0,18181.0,18039.0,18117.5,24940,0
1435017600,18118.0,18188.0,18106.0,18149.5,19883,0
1435104000,18155.5,18159.5,17961.5,17975.5,27272,0
1435190400,17976.5,18079.5,17884.0,17908.5,28493,0
1435276800,17913.5,18010.0,17873.5,17966.0,30316,0
1435536000,17645.0,17846.5,17590.0,17634.0,46720,0
1435622400,17635.0,17740.0,17573.0,17638.0,45655,0
1435708800,17623.5,17805.5,17612.5,17770.5,35444,0
1435795200,17770.0,17826.5,17685.0,17738.5,28252,0
1435881600,17736.5,17761.5,17685.0,17714.5,12932,0
1436140800,17481.0,17740.5,17446.5,17739.5,43070,0
1436227200,17740.0,17816.5,17464.0,17768.5,48449,0
1436313600,17772.0,17772.0,17494.0,17527.0,57424,0
1436400000,17529.5,17767.5,17514.0,17544.5,43722,0
1436486400,17546.0,17800.0,17538.0,17767.5,34628,0
1436745600,17638.0,17990.0,17638.0,17981.5,32168,0
1436832000,17983.0,18072.0,17952.5,18050.5,18529,0
1436918400,18051.5,18090.5,18008.0,18072.0,22475,0
1437004800,18072.5,18153.5,18057.5,18088.0,20839,0
1437091200,18085.5,18102.0,18032.0,18076.5,16401,0
1437350400,18069.5,18138.0,18060.0,18072.0,14989,0
1437436800,18070.5,18098.5,17867.0,17888.5,19970,0
1437523200,17888.0,17913.7,17806.0,17874.5,21726,0
1437609600,17873.5,17907.5,17705.0,17767.5,22985,0
1437696000,17766.5,17786.5,17551.0,17605.5,24598,0
1437955200,17603.5,17622.5,17397.5,17476.0,31607,0
1438041600,17474.5,17650.0,17449.0,17630.0,30260,0
1438128000,17631.0,17776.0,17601.5,17748.0,28275,0
1438214400,17749.5,17778.0,17635.0,17761.5,27945,0
1438300800,17762.5,17799.0,17672.0,17720.5,27278,0
1438560000,17708.5,17735.5,17495.0,17591.5,29467,0
1438646400,17592.5,17636.0,17504.0,17522.5,30310,0
1438732800,17509.0,17662.0,17471.5,17550.5,26651,0
1438819200,17550.0,17566.5,17362.0,17425.0,28922,0
1438905600,17425.5,17453.0,17277.0,17369.5,33702,0
1439164800,17364.5,17631.0,17355.0,17604.5,23810,0
1439251200,17597.5,17602.5,17352.0,17417.0,36858,0
1439337600,17410.5,17442.0,17126.5,17407.0,47473,0
1439424000,17405.0,17482.5,17339.5,17417.5,36629,0
1439510400,17416.0,17493.5,17366.5,17488.5,29566,0
1439769600,17478.5,17554.5,17339.5,17538.5,27430,0
1439856000,17536.2,17573.7,17475.2,17513.0,29237,0
1439942400,17509.7,17542.7,17281.0,17319.5,41862,0
1440028800,17317.5,17352.5,16939.5,16951.0,48868,0
1440115200,16951.5,16966.7,16457.5,16478.0,71287,0
1440374400,16476.0,16476.0,15253.5,15776.5,113604,0
1440460800,15773.5,16372.0,15647.0,15723.5,109564,0
1440547200,15724.0,16326.0,15573.0,16273.0,110276,0
1440633600,16271.0,16689.5,16249.0,16680.0,78568,0
1440720000,16666.5,16705.5,16487.5,16650.5,72998,0
1440979200,16654.0,16654.0,16441.0,16503.5,59524,0
1441065600,16504.0,16508.5,15978.0,16082.5,90892,0
1441152000,16084.0,16363.5,16038.5,16353.5,84939,0
1441238400,16357.0,16551.0,16315.5,16358.5,66861,0
1441324800,16358.0,16380.0,16026.5,16121.5,70399,0
1441584000,16042.5,16292.5,16035.5,16192.5,30285,0
1441670400,16215.0,16502.0,16192.0,16466.0,52172,0
1441756800,16466.5,16694.2,16218.2,16279.7,57014,0
1441843200,16279.2,16460.7,16160.7,16329.8,68513,0
1441929600,16321.3,16448.9,16216.4,16447.9,43870,0
1442188800,16447.4,16531.4,16325.9,16379.0,44029,0
1442275200,16377.5,16644.0,16308.0,16631.5,38620,0
1442361600,16631.0,16772.0,16569.0,16766.0,38145,0
1442448000,16767.5,16936.0,16616.0,16650.0,46883,0
1442534400,16653.0,16702.5,16343.5,16398.5,60729,0
1442793600,16400.0,16580.0,16333.0,16567.0,50405,0
1442880000,16564.0,16573.0,16220.0,16315.0,58618,0
1442966400,16323.5,16425.0,16169.5,16313.0,52792,0
1443052800,16315.0,16343.0,16014.0,16231.0,65916,0
1443139200,16234.0,16473.5,16188.5,16277.5,62109,0
1443398400,16272.5,16389.5,15980.5,16026.0,63769,0
1443484800,16032.5,16119.0,15903.0,16050.0,71710,0
1443571200,16051.5,16297.0,16030.5,16229.0,56669,0
1443657600,16228.5,16446.0,16071.0,16308.0,65076,0
1443744000,16305.0,16484.5,16009.0,16476.5,64864,0
1444003200,16461.0,16796.0,16428.0,16772.5,46138,0
1444089600,16776.0,16862.0,16678.0,16735.0,50325,0
1444176000,16742.0,16964.0,16705.7,16912.5,54404,0
1444262400,16913.5,17081.0,16776.0,17056.5,53516,0
1444348800,17041.5,17121.5,17006.0,17076.5,43720,0
1444608000,17070.0,17161.0,17039.5,17152.0,30927,0
1444694400,17151.5,17172.0,17015.5,17055.5,36126,0
1444780800,17058.5,17113.0,16888.0,16928.0,42294,0
1444867200,16924.5,17161.5,16920.0,17157.5,43543,0
1444953600,17160.0,17217.0,17105.0,17213.5,35238,0
1445212800,17196.0,17240.5,17125.0,17197.5,34401,0
1445299200,17199.5,17263.0,17138.0,17190.5,33914,0
1445385600,17191.0,17316.0,17133.0,17149.5,42305,0
1445472000,17155.5,17512.5,17130.0,17511.5,42171,0
1445558400,17519.5,17680.0,17492.0,17622.5,45334,0
1445817600,17626.5,17661.0,17566.0,17619.0,31613,0
1445904000,17617.5,17636.5,17541.5,17616.0,33690,0
1445990400,17617.0,17785.5,17553.0,17759.0,39177,0
1446076800,17764.0,17787.0,17685.0,17776.0,33866,0
1446163200,17776.5,17848.5,17642.0,17679.0,34859,0
1446422400,17679.5,17843.5,17606.5,17797.0,29353,0
1446508800,17801.0,17979.0,17768.5,17918.5,30558,0
1446595200,17919.5,17977.5,17828.5,17869.5,39002,0
1446681600,17874.0,17932.0,17779.0,17874.5,39504,0
1446768000,17873.0,17915.0,17764.0,17902.0,43780,0
1447027200,17880.5,17924.0,17666.0,17727.5,39537,0
1447113600,17732.5,17768.5,17658.0,17754.5,38417,0
1447200000,17753.0,17842.5,17689.5,17698.5,33228,0
1447286400,17697.5,17761.0,17440.5,17460.0,42070,0
1447372800,17444.0,17491.5,17200.0,17207.0,47586,0
1447632000,17208.5,17485.5,17094.0,17471.0,51147,0
1447718400,17471.5,17599.0,17439.0,17508.5,42500,0
1447804800,17505.0,17749.5,17449.0,17722.0,42064,0
1447891200,17720.0,17802.5,17679.5,17765.5,35196,0
1447977600,17762.5,17916.0,17730.0,17832.0,32053,0
1448236800,17834.5,17869.0,17749.0,17785.0,32304,0
1448323200,17784.0,17863.0,17655.0,17791.0,39283,0
1448409600,17792.5,17864.0,17775.5,17838.5,27493,0
1448496000,17837.5,17904.5,17832.5,17879.0,10358,0
1448582400,17871.5,17877.5,17749.0,17827.5,23819,0
1448841600,17820.0,17867.5,17720.0,17777.5,28022,0
1448928000,17776.5,17892.5,17767.6,17876.0,30918,0
1449014400,17875.5,17911.9,17706.0,17778.0,36704,0
1449100800,17777.5,17878.5,17422.5,17515.0,57459,0
1449187200,17516.5,17867.0,17456.0,17837.5,51825,0
1449446400,17866.5,17880.0,17638.0,17766.5,48748,0
1449532800,17767.5,17768.0,17482.0,17557.5,55066,0
1449619200,17554.0,17769.5,17400.0,17488.0,65548,0
1449705600,17488.5,17701.0,17457.0,17577.0,55337,0
1449792000,17580.5,17622.5,17220.5,17239.0,44772,0
1450051200,17253.0,17398.0,17137.0,17360.5,32741,0
1450137600,17358.5,17627.0,17340.0,17554.5,24407,0
1450224000,17552.5,17783.0,17487.0,17714.0,24822,0
1450310400,17705.0,17810.5,17420.0,17429.5,23353,0
1450396800,17424.0,17470.0,17098.0,17120.0,28821,0
1450656000,17134.0,17306.0,17113.5,17298.0,23683,0
1450742400,17297.0,17472.0,17201.0,17449.5,23020,0
1450828800,17442.5,17604.5,17416.5,17564.5,17531,0
1450915200,17566.5,17605.0,17529.0,17537.5,8743,0
1451260800,17543.5,17566.5,17432.0,17545.5,14882,0
1451347200,17547.5,17750.0,17522.0,17733.0,14115,0
1451433600,17735.5,17744.0,17586.5,17602.5,13882,0
1451520000,17612.0,17626.0,17388.5,17422.5,14439,0
1451865600,17437.5,17485.0,16956.5,17183.5,28739,0
1451952000,17184.0,17244.0,17037.0,17169.5,26684,0
1452038400,17168.0,17184.6,16816.0,16940.5,29636,0
1452124800,16934.5,16970.5,16461.0,16514.0,35160,0
1452211200,16517.5,16756.0,16307.5,16321.0,35434,0
1452470400,16338.5,16462.0,16176.5,16371.5,34646,0
1452556800,16366.5,16591.5,16258.0,16443.5,32657,0
1452643200,16435.0,16624.5,16120.0,16163.0,32970,0
1452729600,16164.0,16482.0,16076.0,16357.5,35908,0
1452816000,16358.5,16418.0,15840.5,16021.0,37673,0
1453075200,15961.5,16135.0,15884.5,15989.0,24130,0
1453161600,15985.5,16275.0,15899.0,15994.0,34328,0
1453248000,15993.5,16022.7,15451.0,15776.0,38414,0
1453334400,15777.0,16042.0,15646.0,15856.5,54093,0
1453420800,15859.0,16137.0,15811.5,16090.5,77046,0
1453680000,16088.5,16121.5,15874.5,15903.0,72395,0
1453766400,15901.0,16185.0,15724.0,16106.5,71111,0
1453824000,16025.0,16185.0,16025.0,16162.0,17823,0
1453838400,16163.0,16185.0,16102.0,16106.5,15696,0
1453852800,16104.0,16126.5,16045.5,16071.5,4250,0
1453867200,16071.0,16112.5,16026.0,16092.5,5347,0
1453881600,16092.0,16126.0,16038.0,16063.0,11429,0
1453896000,16065.0,16108.5,16042.5,16092.0,11015,0
1453910400,16093.5,16235.5,15985.0,16162.0,24701,0
1453924800,16161.0,16229.0,15874.5,15953.0,23634,0
1453939200,15948.0,16000.0,15852.0,16000.0,4924,0
1453953600,16000.5,16023.5,15931.0,15943.0,5005,0
1453968000,15942.0,16075.0,15926.5,16026.0,11957,0
1453982400,16026.5,16040.5,15891.0,16040.5,16505,0
1453996800,16039.5,16139.0,15861.0,16014.0,31543,0
1454011200,16013.0,16103.5,15956.5,16070.5,21802,0
1454025600,16068.0,16083.0,16020.0,16075.5,3791,0
1454040000,16076.0,16233.5,16060.5,16172.0,10316,0
1454054400,16172.5,16233.5,16145.5,16210.0,12675,0
1454068800,16209.5,16231.0,16135.0,16187.0,12727,0
1454083200,16187.5,16354.0,16147.0,16350.0,22025,0
1454097600,16350.5,16455.0,16338.0,16452.0,13423,0
1454284800,16444.5,16462.0,16384.5,16410.0,4863,0
1454299200,16409.5,16443.0,16390.5,16427.5,4190,0
1454313600,16426.0,16439.0,16350.5,16351.5,11219,0
1454328000,16351.0,16408.5,16312.5,16340.0,10852,0
1454342400,16339.0,16431.5,16295.0,16353.5,22143,0
1454356800,16354.0,16511.0,16348.0,16404.0,15842,0
1454371200,16400.0,16411.5,16365.5,16383.0,2560,0
1454385600,16382.5,16399.0,16320.0,16341.5,3333,0
1454400000,16342.0,16386.0,16253.0,16291.0,8956,0
1454414400,16290.5,16341.0,16259.5,16266.0,9656,0
1454428800,16265.0,16282.5,16159.0,16188.5,21980,0
1454443200,16188.0,16200.0,16107.5,16166.0,17186,0
1454457600,16172.0,16172.0,16070.5,16080.5,3925,0
1454472000,16079.5,16146.0,16069.5,16127.0,4912,0
1454486400,16127.5,16249.5,16105.5,16171.0,11388,0
1454500800,16171.5,16264.0,16135.5,16247.5,13860,0
1454515200,16248.0,16269.0,15959.0,16147.0,30807,0
1454529600,16146.5,16384.0,16074.0,16340.5,23716,0
1454544000,16342.0,16426.0,16324.0,16408.0,4560,0
1454558400,16408.5,16444.0,16392.0,16406.0,4817,0
1454572800,16407.0,16447.5,16353.5,16424.0,12109,0
1454587200,16424.5,16437.0,16206.0,16242.0,13680,0
1454601600,16242.5,16487.0,16239.0,16384.5,31886,0
1454616000,16384.0,16434.0,16319.5,16392.0,22544,0
1454630400,16391.0,16426.0,16358.0,16412.5,3761,0
1454644800,16412.0,16414.0,16368.5,16393.5,4005,0
1454659200,16393.0,16461.5,16360.0,16446.0,12153,0
1454673600,16445.5,16461.0,16320.5,16349.0,14985,0
1454688000,16348.0,16438.0,16176.0,16226.0,30111,0
1454702400,16226.5,16257.0,16128.5,16200.5,19806,0
1454889600,16210.5,16263.5,16193.5,16250.0,2952,0
1454904000,16251.0,16267.0,16209.5,16247.5,3671,0
1454918400,16249.0,16267.5,15960.5,15977.5,12948,0
1454932800,15978.5,16042.5,15943.5,16028.0,16549,0
1454947200,16027.0,16036.0,15810.0,15883.5,30790,0
1454961600,15884.0,16079.0,15803.0,16051.5,20221,0
1454976000,16052.5,16052.5,15943.5,15954.0,4176,0
1454990400,15953.0,15956.5,15897.0,15932.0,5629,0
1455004800,15929.5,16088.0,15903.0,16004.0,14485,0
1455019200,16004.5,16058.0,15859.5,15875.0,17241,0
1455033600,15874.0,16059.5,15841.5,15938.5,31391,0
1455048000,15939.0,16137.5,15879.0,15994.0,24142,0
1455062400,15992.0,16059.5,15918.0,15941.5,4656,0
1455076800,15941.0,15972.0,15915.5,15930.5,5645,0
1455091200,15934.0,16136.0,15929.0,16124.0,13053,0
1455105600,16124.5,16168.5,16072.5,16118.0,14028,0
1455120000,16119.5,16203.0,15986.0,16091.5,33049,0
1455134400,16091.0,16102.0,15876.0,15879.5,22057,0
1455148800,15882.0,15912.5,15791.5,15830.5,3612,0
1455163200,15831.0,15868.0,15809.5,15826.0,2777,0
1455177600,15826.5,15857.5,15586.5,15629.0,16579,0
1455192000,15628.0,15686.0,15555.5,15638.5,20009,0
1455206400,15639.5,15776.0,15517.0,15592.5,31898,0
1455220800,15591.5,15740.0,15503.0,15673.0,24443,0
1455235200,15671.5,15724.0,15671.5,15718.5,5637,0
1455249600,15718.0,15744.0,15651.5,15675.0,7966,0
1455264000,15679.0,15792.0,15647.0,15768.5,12953,0
1455278400,15769.0,15840.0,15748.5,15804.5,13255,0
1455292800,15804.0,15916.0,15742.0,15896.5,24402,0
1455307200,15896.0,15977.5,15855.0,15975.0,15861,0
1455494400,16017.0,16095.0,16014.5,16090.5,4831,0
1455508800,16091.0,16138.5,16067.5,16133.0,3849,0
1455523200,16131.0,16176.0,16091.5,16152.5,11813,0
1455537600,16153.5,16216.0,16146.0,16158.5,10068,0
1455552000,16159.0,16179.0,16142.5,16175.5,7049,0
1455580800,16158.0,16224.0,16149.5,16212.0,4391,0
1455595200,16212.5,16243.5,16204.0,16218.5,3255,0
1455609600,16219.0,16230.0,16142.0,16155.0,11672,0
1455624000,16156.0,16177.5,16098.0,16117.5,13583,0
1455638400,16116.5,16175.0,16026.0,16173.0,22576,0
1455652800,16172.5,16196.0,16151.0,16171.5,13289,0
1455667200,16174.0,16231.0,16147.0,16210.0,3923,0
1455681600,16209.5,16217.0,16122.0,16147.0,4371,0
1455696000,16146.0,16236.5,16109.0,16232.0,10873,0
1455710400,16231.5,16295.5,16224.5,16289.0,9416,0
1455724800,16290.5,16453.0,16290.5,16444.5,19666,0
1455739200,16445.0,16488.0,16417.0,16481.5,12324,0
1455753600,16483.5,16487.5,16458.0,16471.0,2599,0
1455768000,16470.5,16511.5,16459.5,16480.0,2666,0
1455782400,16479.0,16492.5,16406.0,16449.5,9644,0
1455796800,16449.0,16547.5,16441.5,16511.0,10299,0
1455811200,16510.5,16514.5,16400.0,16426.5,21380,0
1455825600,16426.0,16469.0,16389.5,16434.0,12795,0
1455840000,16435.5,16435.5,16388.0,16403.0,2376,0
1455854400,16402.5,16447.5,16387.5,16441.0,3057,0
1455868800,16440.5,16469.5,16411.0,16448.0,10935,0
1455883200,16447.0,16449.5,16322.0,16335.0,12154,0
1455897600,16334.5,16396.0,16276.0,16354.5,21769,0
1455912000,16351.5,16392.0,16342.5,16392.0,11093,0
1456099200,16393.5,16462.0,16345.5,16438.0,2838,0
1456113600,16438.5,16486.0,16422.5,16471.5,2692,0
1456128000,16472.0,16596.5,16461.0,16590.0,9932,0
1456142400,16589.5,16594.5,16547.0,16577.0,5394,0
1456156800,16577.5,16622.5,16530.0,16595.5,16062,0
1456171200,16595.0,16662.5,16549.5,16550.0,11040,0
1456185600,16548.5,16568.0,16502.5,16508.5,2505,0
1456200000,16507.5,16522.5,16487.0,16513.0,3080,0
1456214400,16513.5,16550.5,16479.0,16505.0,8772,0
1456228800,16504.5,16600.5,16492.5,16595.5,8757,0
1456243200,16595.0,16596.0,16425.0,16468.0,20064,0
1456257600,16467.0,16474.5,16402.5,16407.5,11434,0
1456272000,16404.0,16448.0,16394.5,16439.0,2571,0
1456286400,16437.0,16444.0,16369.0,16400.5,3033,0
1456300800,16401.5,16454.5,16324.5,16359.0,11636,0
1456315200,16359.5,16364.5,16252.5,16286.0,10809,0
1456329600,16287.0,16345.5,16162.0,16307.0,23724,0
1456344000,16306.5,16529.5,16295.5,16526.5,16909,0
1456358400,16532.5,16572.0,16500.5,16517.0,3224,0
1456372800,16517.5,16525.5,16473.5,16518.5,3319,0
1456387200,16518.0,16518.0,16426.5,16478.0,12092,0
1456401600,16478.5,16558.5,16450.5,16524.0,11296,0
1456416000,16523.5,16564.0,16458.0,16538.0,21565,0
1456430400,16538.5,16705.0,16533.0,16687.5,12554,0
1456444800,16691.5,16706.5,16672.0,16682.0,2222,0
1456459200,16682.5,16712.0,16674.5,16687.0,2262,0
1456473600,16687.5,16827.0,16685.5,16826.5,8615,0
1456488000,16826.0,16843.0,16751.5,16793.0,10443,0
1456502400,16793.5,16810.5,16658.5,16724.0,21456,0
1456516800,16723.5,16736.0,16613.0,16617.5,14226,0
1456704000,16621.0,16647.0,16572.5,16583.5,3126,0
1456718400,16583.0,16620.5,16534.0,16534.0,3496,0
1456732800,16535.5,16553.5,16495.0,16506.5,11601,0
1456747200,16506.0,16650.5,16506.0,16644.0,12945,0
1456761600,16644.5,16726.0,16598.0,16696.0,19581,0
1456776000,16696.5,16700.0,16497.5,16514.0,13864,0
1456790400,16508.5,16550.0,16449.5,16460.0,3508,0
1456804800,16460.5,16508.0,16455.5,16498.5,2873,0
1456819200,16500.0,16651.0,16498.5,16598.0,10851,0
1456833600,16597.5,16655.5,16595.0,16623.0,9113,0
1456848000,16623.5,16821.5,16575.0,16820.0,20491,0
1456862400,16819.5,16872.5,16797.5,16860.0,11550,0
1456876800,16863.5,16878.0,16834.5,16870.0,2456,0
1456891200,16869.0,16922.0,16862.5,16908.0,2678,0
1456905600,16907.0,16924.0,16824.0,16825.5,9329,0
1456920000,16826.0,16856.0,16812.0,16822.0,8880,0
1456934400,16820.5,16884.0,16765.5,16854.0,20534,0
1456948800,16855.0,16901.0,16810.5,16879.0,12030,0
1456963200,16878.0,16911.0,16853.5,16907.0,2024,0
1456977600,16906.0,16917.0,16866.0,16913.5,2593,0
1456992000,16913.0,16921.0,16852.5,16902.0,8506,0
1457006400,16901.5,16913.5,16863.5,16876.0,7616,0
1457020800,16876.5,16894.0,16818.0,16858.0,17420,0
1457035200,16857.5,16953.5,16857.0,16949.5,9856,0
1457049600,16946.0,16948.0,16930.5,16937.5,1409,0
1457064000,16936.0,16962.5,16931.0,16936.0,2181,0
1457078400,16936.5,16950.5,16909.0,16930.0,7106,0
1457092800,16930.5,17025.5,16927.5,16945.0,8985,0
1457107200,16945.5,17040.0,16898.0,17024.0,20692,0
1457121600,17023.5,17062.0,16945.5,16991.0,12784,0
1457308800,16988.5,16990.0,16953.0,16985.5,2406,0
1457323200,16985.0,16989.5,16954.5,16965.5,2234,0
1457337600,16964.5,17003.5,16934.5,16936.5,7875,0
1457352000,16936.0,16956.5,16916.5,16925.0,7436,0
1457366400,16925.5,17082.0,16925.0,17075.0,18679,0
1457380800,17074.5,17098.5,16984.0,17075.5,13075,0
1457395200,17077.5,17077.5,16988.0,16992.0,2030,0
1457409600,16991.5,17022.5,16975.0,17008.0,3248,0
1457424000,17008.5,17009.5,16935.5,16945.5,8224,0
1457438400,16945.0,17029.5,16920.0,17005.5,9818,0
1457452800,17006.5,17049.0,16920.0,17038.0,22418,0
1457467200,17038.5,17073.0,16948.5,16995.5,13528,0
1457481600,16995.0,16995.6,16960.5,16985.7,2336,0
1457496000,16985.3,17023.5,16975.3,17015.7,2198,0
1457510400,17015.6,17053.2,16987.9,17028.9,7976,0
1457524800,17028.7,17082.2,17005.9,17047.7,7331,0
1457539200,17047.8,17053.6,16946.2,16990.0,16928,0
1457553600,16989.9,17021.8,16958.4,17012.8,10216,0
1457568000,17010.5,17063.2,16996.0,17035.4,1765,0
1457582400,17035.6,17048.1,17008.9,17013.9,1875,0
1457596800,17013.4,17057.6,16987.0,17005.4,7442,0
1457611200,17005.5,17174.1,17004.8,17102.6,11299,0
1457625600,17104.3,17129.6,16829.0,16861.1,24391,0
1457640000,16860.0,17031.5,16819.0,17007.6,14800,0
1457654400,17018.5,17053.5,16982.0,17041.5,3131,0
1457668800,17041.3,17100.5,17015.4,17086.0,3016,0
1457683200,17086.3,17165.1,17072.4,17138.2,8041,0
1457697600,17138.0,17166.5,17115.1,17127.1,8600,0
1457712000,17127.6,17225.0,17127.4,17197.5,15039,0
1457726400,17196.4,17219.6,17168.4,17190.0,9560,0
1457913600,17192.0,17197.0,17165.7,17175.9,1052,0
1457928000,17175.4,17190.8,17161.3,17171.8,1615,0
1457942400,17172.7,17204.1,17158.5,17166.2,4454,0
1457956800,17166.1,17196.7,17149.5,17153.6,7884,0
1457971200,17154.0,17246.6,17149.9,17243.0,11646,0
1457985600,17242.9,17276.0,17214.9,17221.8,7454,0
1458000000,17220.8,17225.6,17214.5,17220.8,609,0
1458014400,17220.7,17222.4,17174.0,17181.9,2307,0
1458028800,17180.4,17189.1,17132.9,17140.3,4508,0
1458043200,17140.6,17169.9,17121.1,17138.5,7418,0
1458057600,17137.9,17223.6,17117.5,17190.6,12670,0
1458072000,17190.5,17252.6,17188.5,17245.4,6801,0
1458086400,17241.1,17278.2,17238.2,17276.1,1018,0
1458100800,17275.9,17276.1,17227.5,17247.6,1833,0
1458115200,17247.8,17273.2,17236.4,17268.4,4081,0
1458129600,17268.5,17271.3,17194.9,17200.9,6567,0
1458144000,17200.8,17275.5,17185.5,17228.4,11219,0
1458158400,17227.3,17380.0,17204.4,17326.7,14456,0
1458172800,17333.5,17391.0,17315.4,17388.4,1503,0
1458187200,17387.9,17396.4,17349.3,17351.0,2083,0
1458201600,17350.6,17407.1,17345.3,17389.2,4988,0
1458216000,17389.0,17390.1,17238.7,17289.2,11526,0
1458230400,17289.0,17467.0,17284.9,17455.6,12021,0
1458244800,17456.4,17521.5,17439.4,17486.3,7834,0
1458259200,17486.6,17509.5,17475.6,17477.9,1490,0
1458273600,17478.1,17494.9,17467.3,17494.9,2457,0
1458288000,17496.1,17508.0,17453.6,17492.6,5578,0
1458302400,17493.0,17530.5,17491.4,17522.4,7828,0
1458316800,17523.1,17602.6,17504.6,17586.5,10855,0
1458331200,17586.4,17622.0,17545.4,17590.5,7714,0
1458518400,17581.7,17590.7,17570.0,17574.1,960,0
1458532800,17573.8,17575.1,17542.0,17557.8,1441,0
1458547200,17557.9,17596.0,17540.7,17577.7,4445,0
1458561600,17577.4,17649.6,17566.1,17579.6,8308,0
1458576000,17580.1,17634.0,17550.0,17610.6,11335,0
1458590400,17611.1,17643.6,17604.4,17629.3,7159,0
1458604800,17632.7,17640.7,17614.3,17631.4,1020,0
1458619200,17630.9,17631.1,17595.7,17612.2,1636,0
1458633600,17612.9,17626.1,17529.0,17571.3,6010,0
1458648000,17570.3,17617.0,17559.1,17579.6,10647,0
1458662400,17579.3,17644.5,17541.0,17642.4,10977,0
1458676800,17642.5,17648.9,17566.3,17598.8,6962,0
1458691200,17597.5,17597.5,17569.0,17573.6,1082,0
1458705600,17573.3,17592.3,17566.5,17586.2,1709,0
1458720000,17586.1,17613.4,17540.4,17597.7,5348,0
1458734400,17597.4,17611.0,17579.0,17579.8,6332,0
1458748800,17579.0,17579.0,17505.0,17564.5,12257,0
1458763200,17564.4,17580.5,17484.0,17519.4,7184,0
1458777600,17518.9,17520.2,17489.0,17504.4,1061,0
1458792000,17503.3,17529.0,17490.7,17495.8,2582,0
1458806400,17496.1,17506.2,17453.7,17479.9,4633,0
1458820800,17479.5,17479.5,17407.0,17417.4,7631,0
1458835200,17417.0,17465.6,17396.5,17419.6,10320,0
1458849600,17419.5,17556.0,17418.4,17556.0,6105,0
1459123200,17551.2,17580.3,17550.8,17578.8,1152,0
1459137600,17578.5,17591.4,17570.9,17578.0,1123,0
1459152000,17576.7,17620.4,17572.6,17592.0,1243,0
1459166400,17591.8,17594.0,17548.7,17553.9,2097,0
1459180800,17553.1,17568.7,17488.0,17562.6,9251,0
1459195200,17562.5,17583.0,17517.3,17542.9,6186,0
1459209600,17547.0,17560.5,17532.0,17552.2,1662,0
1459224000,17551.9,17579.0,17544.9,17559.1,3758,0
1459238400,17559.0,17572.6,17531.4,17554.0,8031,0
1459252800,17553.8,17555.1,17469.1,17478.2,8712,0
1459267200,17477.8,17625.0,17430.4,17591.5,11723,0
1459281600,17592.5,17647.1,17568.0,17640.5,7202,0
1459296000,17639.5,17665.4,17632.6,17653.0,1495,0
1459310400,17653.1,17670.9,17637.9,17644.9,2301,0
1459324800,17645.1,17728.0,17639.9,17720.2,6240,0
1459339200,17720.0,17751.5,17713.9,17741.4,5727,0
1459353600,17740.9,17790.0,17688.5,17700.5,9866,0
1459368000,17700.4,17751.3,17676.4,17723.4,6345,0
1459382400,17722.8,17723.8,17707.0,17712.4,1082,0
1459396800,17711.9,17714.9,17676.1,17702.9,2943,0
1459411200,17702.4,17709.5,17659.0,17696.1,6855,0
1459425600,17696.7,17733.5,17681.8,17717.8,7096,0
1459440000,17717.4,17754.5,17697.5,17736.4,9014,0
1459454400,17736.6,17742.5,17670.4,17702.4,6001,0
1459468800,17707.8,17712.2,17684.5,17708.1,1593,0
1459483200,17708.0,17726.8,17636.0,17656.0,4335,0
1459497600,17656.1,17676.0,17618.1,17663.1,7364,0
1459512000,17663.7,17673.5,17582.6,17589.5,10133,0
1459526400,17589.4,17745.4,17565.5,17714.5,11569,0
1459540800,17715.1,17809.0,17711.5,17801.3,6651,0
1459728000,17785.5,17798.7,17765.8,17788.1,1965,0
1459742400,17789.1,17817.0,17780.6,17814.8,1842,0
1459756800,17814.9,17826.5,17762.7,17813.9,8311,0
1459771200,17813.4,17843.0,17798.0,17803.7,6930,0
1459785600,17802.9,17806.6,17736.0,17783.5,8549,0
1459800000,17782.6,17783.6,17708.5,17720.3,5601,0
1459814400,17729.0,17729.0,17680.5,17687.3,1618,0
1459828800,17688.1,17701.9,17666.5,17693.9,2558,0
1459843200,17694.1,17696.8,17599.7,17625.6,8339,0
1459857600,17625.9,17637.3,17585.9,17614.9,8484,0
1459872000,17613.0,17716.5,17595.0,17621.6,13194,0
1459886400,17620.4,17680.6,17580.0,17640.1,8108,0
1459900800,17632.3,17665.0,17631.9,17644.2,1409,0
1459915200,17643.9,17697.1,17635.3,17671.4,2571,0
1459929600,17671.8,17686.3,17621.9,17665.0,7490,0
1459944000,17665.1,17673.7,17614.5,17620.9,5997,0
1459958400,17620.1,17698.0,17539.4,17667.5,11670,0
1459972800,17668.0,17727.0,17618.5,17708.5,8691,0
1459987200,17710.4,17712.6,17690.6,17704.4,1209,0
1460001600,17704.7,17730.0,17679.6,17696.9,2701,0
1460016000,17697.1,17718.6,17668.8,17674.9,7141,0
1460030400,17674.8,17679.6,17618.0,17629.3,7039,0
1460044800,17629.4,17638.8,17528.6,17572.5,11964,0
1460059200,17571.4,17608.1,17483.5,17542.8,9322,0
1460073600,17541.0,17541.5,17508.9,17530.7,1976,0
1460088000,17531.6,17600.6,17530.4,17589.3,2912,0
1460102400,17589.0,17650.5,17588.6,17630.6,7251,0
1460116800,17631.1,17676.6,17605.5,17665.1,5941,0
1460131200,17664.9,17696.0,17561.4,17598.6,12392,0
1460145600,17598.9,17620.6,17525.4,17571.0,8877,0
1460332800,17569.8,17590.5,17541.5,17551.9,1721,0
1460347200,17552.0,17569.5,17512.0,17562.2,3105,0
1460361600,17562.7,17661.2,17499.1,17621.8,8999,0
1460376000,17621.7,17651.5,17611.9,17649.9,7471,0
1460390400,17650.0,17734.0,17603.4,17672.6,10913,0
1460404800,17672.4,17685.7,17541.5,17546.3,8972,0
1460419200,17546.0,17571.1,17525.3,17560.8,1458,0
1460433600,17561.1,17582.0,17544.9,17573.4,2520,0
1460448000,17573.3,17600.5,17531.8,17575.3,8589,0
1460462400,17574.9,17615.8,17573.3,17579.1,6937,0
1460476800,17579.6,17724.0,17550.0,17706.6,12338,0
1460491200,17707.5,17742.6,17688.4,17723.1,7229,0
1460505600,17718.4,17740.1,17714.3,17721.4,879,0
1460520000,17721.6,17776.2,17717.9,17766.8,1802,0
1460534400,17767.3,17806.3,17748.9,17798.9,6270,0
1460548800,17799.3,17827.2,17783.7,17801.0,6602,0
1460563200,17801.1,17884.5,17801.1,17867.5,11121,0
1460577600,17866.4,17916.0,17848.5,17913.5,6965,0
1460592000,17911.6,17914.3,17889.0,17892.6,1003,0
1460606400,17892.7,17906.9,17880.0,17897.1,1429,0
1460620800,17886.1,17910.4,17858.9,17883.9,6627,0
1460635200,17883.4,17943.1,17869.9,17940.1,6032,0
1460649600,17940.0,17954.5,17888.1,17948.5,8813,0
1460664000,17948.6,17962.0,17905.4,17935.7,5633,0
1460678400,17936.5,17946.4,17915.5,17926.2,1028,0
1460692800,17926.4,17950.1,17914.0,17931.8,1739,0
1460707200,17931.9,17936.4,17898.9,17907.0,5086,0
1460721600,17906.9,17919.1,17889.0,17904.5,5074,0
1460736000,17904.0,17936.0,17892.4,17897.4,7167,0
1460750400,17897.5,17907.5,17864.6,17893.5,4394,0
1460937600,17804.8,17822.5,17786.5,17787.2,2330,0
1460952000,17787.0,17817.3,17785.4,17801.9,1828,0
1460966400,17802.1,17855.7,17773.7,17848.1,6855,0
1460980800,17849.3,17880.1,17827.5,17841.1,6908,0
1460995200,17841.0,18002.0,17825.5,17987.5,8807,0
1461009600,17986.5,18017.5,17966.5,17985.2,5500,0
1461024000,17986.4,17992.4,17963.0,17990.2,1207,0
1461038400,17990.4,18005.4,17964.6,17975.9,2156,0
1461052800,17977.1,18064.1,17972.9,18055.9,5225,0
1461067200,18055.4,18080.0,18046.9,18048.9,4168,0
1461081600,18049.0,18100.5,17983.0,18012.5,9851,0
1461096000,18012.2,18055.6,18008.5,18050.3,6239,0
1461110400,18042.8,18043.3,18012.5,18018.4,1167,0
1461124800,18017.8,18021.0,17975.0,18001.4,2282,0
1461139200,18001.5,18024.1,17975.7,17994.7,7256,0
1461153600,17995.1,18065.1,17993.4,18049.6,5746,0
1461168000,18049.7,18127.6,18027.4,18117.1,9674,0
1461182400,18117.6,18168.2,18096.5,18125.4,5479,0
1461196800,18120.5,18124.5,18099.0,18103.1,1203,0
1461211200,18102.9,18159.1,18095.5,18147.2,2559,0
1461225600,18146.9,18157.4,18111.1,18136.9,6693,0
1461240000,18136.8,18141.6,18092.9,18099.9,7521,0
1461254400,18098.9,18110.8,18020.5,18024.6,12147,0
1461268800,18024.5,18039.7,17943.4,17968.0,7885,0
1461283200,17964.0,17980.5,17938.9,17963.6,1425,0
1461297600,17964.1,18013.4,17960.6,18007.3,2965,0
1461312000,18006.9,18018.1,17947.9,17948.2,6996,0
1461326400,17948.1,17998.3,17939.8,17977.1,6294,0
1461340800,17977.2,18028.8,17906.0,17935.6,12112,0
1461355200,17936.5,18013.6,17933.5,17996.0,7225,0
1461542400,18033.2,18034.8,17993.7,17995.6,1329,0
1461556800,17995.3,18001.7,17959.3,17961.6,1796,0
1461571200,17962.1,17995.5,17900.0,17921.9,6633,0
1461585600,17921.4,17986.8,17916.0,17955.1,6186,0
1461600000,17956.2,17966.8,17851.4,17942.6,9782,0
1461614400,17943.7,17987.0,17913.4,17986.8,6074,0
1461628800,17984.0,17988.7,17970.0,17975.5,874,0
1461643200,17975.6,18012.5,17965.5,17986.2,1854,0
1461657600,17983.9,18047.5,17974.4,18010.9,6117,0
1461672000,18011.0,18030.0,17992.9,18019.1,5645,0
1461686400,18018.8,18045.5,17930.5,17979.6,9014,0
1461700800,17979.4,18003.8,17943.4,17968.8,6497,0
1461715200,17953.7,17968.1,17940.0,17954.9,1115,0
1461729600,17954.5,17973.7,17949.9,17953.1,2013,0
1461744000,17953.0,17984.2,17928.9,17969.9,6840,0
1461758400,17968.9,17970.2,17945.9,17952.8,5031,0
1461772800,17952.2,18036.0,17918.0,18012.5,9748,0
1461787200,18012.4,18085.0,17970.4,18052.2,11900,0
1461801600,18050.2,18056.5,18040.4,18053.9,952,0
1461816000,18053.8,18062.6,17900.8,17939.7,4686,0
1461830400,17940.1,17955.4,17861.5,17875.2,8003,0
1461844800,17875.1,17915.5,17873.9,17911.2,5984,0
1461859200,17911.0,18033.6,17906.0,18009.6,8816,0
1461873600,18010.0,18012.5,17796.1,17850.5,9185,0
1461888000,17852.5,17867.2,17833.7,17835.8,1127,0
1461902400,17834.8,17846.7,17809.2,17821.3,2352,0
1461916800,17821.5,17862.7,17808.9,17828.9,6975,0
1461931200,17828.6,17861.1,17764.8,17776.8,7479,0
1461945600,17776.3,17790.2,17648.5,17702.0,13016,0
1461960000,17701.8,17813.4,17665.4,17793.5,10060,0
1462147200,17794.5,17795.0,17744.5,17768.2,2600,0
1462161600,17769.1,17775.1,17759.9,17767.8,1504,0
1462176000,17768.0,17803.4,17756.8,17780.5,4161,0
1462190400,17779.9,17824.5,17778.9,17814.1,3264,0
1462204800,17814.5,17871.5,17769.0,17855.7,13274,0
1462219200,17855.6,17913.0,17847.5,17887.1,6257,0
1462233600,17890.5,17893.5,17868.9,17882.0,1035,0
1462248000,17880.6,17885.1,17860.0,17867.0,2066,0
1462262400,17867.2,17879.2,17768.0,17783.9,6256,0
1462276800,17783.5,17790.1,17741.9,17771.1,6852,0
1462291200,17770.9,17780.0,17667.5,17738.6,12823,0
1462305600,17738.4,17803.5,17718.4,17761.7,9481,0
1462320000,17761.9,17779.9,17747.1,17751.8,1339,0
1462334400,17752.1,17768.1,17712.3,17727.7,2905,0
1462348800,17728.2,17772.2,17701.7,17703.3,8316,0
1462363200,17702.9,17703.8,17630.0,17642.0,6953,0
1462377600,17642.5,17740.0,17619.0,17630.6,13611,0
1462392000,17631.1,17678.6,17608.0,17657.5,6521,0
1462406400,17661.5,17683.0,17653.5,17679.5,1211,0
1462420800,17679.9,17712.5,17679.1,17704.8,1982,0
1462435200,17704.9,17759.1,17698.2,17748.2,5570,0
1462449600,17748.0,17749.4,17689.9,17706.1,5864,0
1462464000,17706.9,17739.0,17664.0,17685.5,11068,0
1462478400,17684.4,17687.5,17614.5,17648.4,7594,0
1462492800,17647.0,17653.4,17610.0,17640.6,1778,0
1462507200,17641.6,17657.9,17608.3,17621.1,3046,0
1462521600,17621.0,17645.2,17588.1,17636.3,6859,0
1462536000,17636.5,17637.9,17542.5,17558.1,6500,0
1462550400,17558.6,17674.0,17557.1,17656.7,14092,0
1462564800,17655.4,17751.0,17655.4,17737.0,7725,0
1462752000,17739.7,17775.1,17736.0,17765.3,2112,0
1462766400,17766.1,17770.1,17740.8,17753.6,2928,0
1462780800,17753.7,17786.5,17709.8,17785.2,7074,0
1462795200,17784.8,17793.2,17741.9,17744.8,4813,0
1462809600,17744.9,17781.0,17657.0,17699.4,11189,0
1462824000,17698.4,17739.7,17683.8,17719.3,5990,0
1462838400,17715.3,17717.3,17676.0,17702.2,1693,0
1462852800,17701.9,17761.0,17692.9,17756.4,3323,0
1462867200,17756.1,17836.5,17749.9,17832.9,6186,0
1462881600,17833.1,17834.1,17746.8,17777.2,5393,0
1462896000,17777.1,17910.0,17771.9,17900.5,8148,0
1462910400,17901.6,17933.0,17876.4,17897.4,4367,0
1462924800,17896.8,17899.0,17876.4,17894.1,1236,0
1462939200,17895.0,17896.2,17853.5,17862.0,2877,0
1462953600,17861.8,17878.1,17825.1,17855.8,7317,0
1462968000,17855.3,17874.4,17841.9,17869.9,4214,0
1462982400,17870.1,17879.6,17791.4,17796.6,9169,0
1462996800,17796.5,17806.0,17702.2,17712.2,5733,0
1463011200,17707.8,17726.1,17703.8,17723.5,1523,0
1463025600,17723.7,17736.2,17697.8,17733.2,3201,0
1463040000,17733.0,17762.5,17693.3,17759.2,6324,0
1463054400,17761.1,17799.2,17748.1,17776.0,5900,0
1463068800,17776.1,17795.7,17622.4,17695.5,11468,0
1463083200,17695.6,17778.7,17661.3,17723.5,8270,0
1463097600,17715.0,17727.2,17686.1,17689.1,1894,0
1463112000,17688.9,17689.4,17654.8,17668.5,4016,0
1463126400,17668.7,17672.3,17606.5,17636.2,8576,0
1463140800,17636.5,17703.7,17624.8,17675.9,7976,0
1463155200,17674.8,17737.6,17638.4,17642.5,13604,0
1463169600,17642.3,17652.6,17522.4,17540.0,4484,0
1463356800,17520.2,17555.1,17470.3,17549.9,2707,0
1463371200,17550.0,17591.5,17534.9,17557.1,3341,0
1463385600,17556.5,17575.1,17534.9,17556.0,3997,0
1463400000,17556.1,17564.1,17521.0,17537.1,2363,0
1463414400,17537.6,17694.6,17531.9,17690.6,7942,0
1463428800,17691.5,17753.6,17680.3,17707.6,4735,0
1463443200,17705.1,17706.5,17682.5,17687.2,1066,0
1463457600,17688.1,17711.5,17686.9,17706.1,2286,0
1463472000,17707.1,17759.1,17701.3,17721.8,6067,0
1463486400,17722.0,17736.0,17652.0,17662.1,6113,0
1463500800,17661.9,17697.7,17597.5,17609.0,11499,0
1463515200,17609.6,17632.5,17467.3,17540.1,8648,0
1463529600,17541.0,17541.0,17501.9,17518.5,1859,0
1463544000,17518.6,17544.0,17493.4,17504.1,3400,0
1463558400,17505.2,17530.1,17476.5,17521.8,7618,0
1463572800,17521.2,17533.1,17455.9,17466.0,4846,0
1463587200,17466.1,17589.6,17442.9,17589.6,11738,0
1463601600,17590.5,17638.2,17416.0,17519.1,16093,0
1463616000,17513.2,17532.5,17507.0,17510.1,1638,0
1463630400,17510.0,17512.1,17463.5,17471.9,3398,0
1463644800,17471.4,17492.0,17431.5,17442.1,7228,0
1463659200,17441.9,17510.1,17433.1,17468.2,5958,0
1463673600,17468.0,17483.6,17328.0,17357.7,15536,0
1463688000,17357.4,17460.3,17355.4,17445.5,10132,0
1463702400,17441.0,17491.0,17427.9,17489.1,1458,0
1463716800,17489.0,17503.1,17466.9,17494.4,2660,0
1463731200,17494.3,17514.7,17477.9,17503.1,5704,0
1463745600,17503.0,17503.0,17464.7,17492.3,5301,0
1463760000,17492.4,17573.8,17468.0,17540.5,10877,0
1463774400,17539.4,17541.6,17472.4,17510.0,5606,0
1463961600,17533.8,17535.7,17477.4,17484.9,2046,0
1463976000,17484.4,17542.1,17467.9,17532.1,3268,0
1463990400,17531.9,17558.5,17455.5,17532.9,6055,0
1464004800,17531.8,17539.2,17465.9,17488.9,5666,0
1464019200,17489.1,17550.0,17480.0,17528.5,10795,0
1464033600,17529.5,17551.6,17480.0,17489.2,5402,0
1464048000,17489.3,17507.5,17484.5,17496.7,1040,0
1464062400,17496.5,17506.9,17484.4,17490.5,2217,0
1464076800,17490.6,17542.5,17460.9,17529.1,5207,0
1464091200,17528.3,17597.9,17522.5,17590.1,3993,0
1464105600,17590.0,17716.0,17583.1,17712.4,7831,0
1464120000,17713.6,17740.7,17683.2,17712.7,4822,0
1464134400,17715.7,17746.5,17702.8,17742.5,1653,0
1464148800,17742.0,17757.8,17734.9,17752.1,2130,0
1464163200,17751.9,17785.2,17738.9,17779.0,5573,0
1464177600,17778.9,17793.1,17761.1,17776.9,3332,0
1464192000,17776.1,17881.6,17752.9,17856.0,8677,0
1464206400,17856.6,17892.0,17837.9,17849.1,5375,0
1464220800,17842.6,17850.8,17814.5,17818.0,1690,0
1464235200,17818.1,17832.2,17810.9,17829.9,2249,0
1464249600,17829.4,17878.2,17820.9,17836.2,5105,0
1464264000,17836.1,17883.5,17835.4,17868.0,3635,0
1464278400,17868.2,17887.6,17800.7,17810.5,8826,0
1464292800,17810.4,17849.6,17804.4,17846.3,3671,0
1464307200,17841.1,17858.0,17835.5,17857.6,1043,0
1464321600,17857.5,17858.5,17826.5,17839.9,1733,0
1464336000,17838.9,17852.0,17821.5,17834.3,4215,0
1464350400,17834.6,17859.5,17829.2,17837.1,3279,0
1464364800,17836.9,17875.4,17830.9,17861.5,6218,0
1464379200,17862.4,17876.9,17822.0,17869.5,4449,0
1464566400,17890.7,17915.5,17885.9,17903.1,1492,0
1464580800,17902.8,17928.5,17893.5,17921.1,1732,0
1464595200,17920.9,17923.1,17898.4,17902.6,1880,0
1464609600,17902.7,17922.6,17902.6,17914.8,1053,0
1464624000,17914.7,17920.5,17902.7,17917.9,1447,0
1464652800,17912.0,17912.0,17891.9,17894.0,960,0
1464667200,17893.0,17920.9,17883.3,17912.7,1770,0
1464681600,17913.0,17917.9,17863.7,17873.5,3962,0
1464696000,17873.4,17903.1,17869.7,17896.5,2992,0
1464710400,17895.4,17907.6,17775.7,17782.2,6870,0
1464724800,17782.1,17803.3,17723.7,17790.1,5735,0
1464739200,17791.6,17794.6,17779.0,17788.6,1066,0
1464753600,17788.3,17825.1,17785.6,17805.5,2204,0
1464768000,17806.9,17807.5,17740.7,17745.1,6286,0
1464782400,17745.5,17754.7,17715.5,17718.3,4103,0
1464796800,17717.5,17783.2,17663.7,17783.2,7944,0
1464811200,17782.2,17807.2,17745.1,17790.0,4830,0
1464825600,17796.5,17796.5,17761.9,17769.1,1137,0
1464840000,17768.9,17776.1,17746.0,17755.9,2422,0
1464854400,17754.9,17774.5,17738.7,17766.6,5837,0
1464868800,17766.8,17780.7,17740.4,17744.1,4008,0
1464883200,17744.7,17787.2,17699.7,17782.3,9192,0
1464897600,17783.3,17841.7,17779.2,17832.7,4867,0
1464912000,17834.0,17846.1,17824.9,17837.9,1096,0
1464926400,17838.1,17845.2,17822.3,17826.0,2193,0
1464940800,17826.3,17851.1,17821.1,17835.6,4288,0
1464955200,17835.7,17856.1,17741.1,17765.5,4517,0
1464969600,17765.0,17810.2,17685.3,17763.1,9865,0
1464984000,17763.3,17829.3,17756.0,17808.6,5778,0
1465171200,17808.1,17821.8,17785.5,17793.6,1856,0
1465185600,17793.5,17811.7,17790.9,17806.1,1775,0
1465200000,17805.9,17851.8,17795.7,17838.5,4271,0
1465214400,17838.7,17872.1,17816.4,17862.2,3101,0
1465228800,17862.7,17927.2,17844.1,17878.2,6271,0
1465243200,17877.2,17947.7,17872.1,17927.8,4626,0
1465257600,17928.0,17928.0,17912.9,17920.1,1129,0
1465272000,17920.5,17935.3,17918.1,17931.5,1662,0
1465286400,17931.2,17990.6,17927.8,17984.5,3498,0
1465300800,17983.5,17994.7,17952.2,17958.6,2265,0
1465315200,17958.0,18002.2,17947.1,17993.2,5104,0
1465329600,17993.7,18003.2,17933.1,17944.2,3235,0
1465344000,17945.5,17950.5,17926.0,17933.1,1026,0
1465358400,17932.9,17941.1,17914.0,17936.0,1538,0
1465372800,17936.1,17961.5,17929.9,17942.1,3968,0
1465387200,17942.0,17983.6,17942.0,17974.7,2020,0
1465401600,17975.7,18018.4,17952.7,17983.2,6032,0
1465416000,17983.3,18013.3,17966.2,17995.4,3409,0
1465430400,17995.9,18005.5,17989.5,17991.2,891,0
1465444800,17991.1,17996.3,17971.3,17976.1,1302,0
1465459200,17976.2,17991.9,17938.4,17961.7,3690,0
1465473600,17961.5,17966.8,17932.1,17940.5,2827,0
1465488000,17939.5,17971.7,17913.7,17954.3,6288,0
1465502400,17954.2,18003.3,17946.2,17983.2,4072,0
1465516800,17976.7,17980.3,17967.7,17978.1,1127,0
1465531200,17977.7,17978.4,17950.0,17958.8,1567,0
1465545600,17958.7,17969.7,17899.6,17904.9,3842,0
1465560000,17904.4,17909.2,17864.9,17868.4,3615,0
1465574400,17868.1,17923.7,17834.2,17883.4,9367,0
1465588800,17883.8,17893.0,17810.6,17873.2,5430,0
1465776000,17818.7,17841.1,17817.6,17820.7,1478,0
1465790400,17820.8,17830.0,17795.0,17797.7,2014,0
1465804800,17799.3,17842.7,17786.8,17806.3,5249,0
1465819200,17806.6,17824.2,17794.5,17798.7,3123,0
1465833600,17799.4,17894.5,17775.5,17824.6,10609,0
1465848000,17824.2,17831.2,17713.7,17717.8,7290,0
1465862400,17725.8,17741.8,17694.5,17725.6,1971,0
1465876800,17726.1,17756.9,17721.5,17745.1,2231,0
1465891200,17744.8,17757.4,17664.5,17685.5,6587,0
1465905600,17685.6,17712.7,17672.5,17692.6,3888,0
1465920000,17691.7,17733.7,17599.7,17650.1,9933,0
1465934400,17650.2,17682.2,17592.2,17659.6,7512,0
1465948800,17651.8,17661.3,17620.5,17646.4,1678,0
1465963200,17645.9,17680.9,17631.9,17658.5,3126,0
1465977600,17657.9,17726.1,17650.8,17717.5,5572,0
1465992000,17717.4,17730.6,17695.5,17702.5,3642,0
1466006400,17702.1,17749.7,17689.5,17695.2,7709,0
1466020800,17695.3,17779.9,17626.9,17633.3,10147,0
1466035200,17634.3,17655.9,17621.0,17644.1,1579,0
1466049600,17644.2,17649.2,17569.9,17578.5,3806,0
1466064000,17580.1,17593.7,17550.1,17581.1,7653,0
1466078400,17581.0,17595.8,17552.5,17561.6,4808,0
1466092800,17561.7,17666.7,17462.2,17632.4,9436,0
1466107200,17633.4,17748.7,17616.0,17724.8,10705,0
1466121600,17727.0,17774.5,17719.7,17766.9,1895,0
1466136000,17767.1,17771.8,17739.9,17745.2,2576,0
1466150400,17745.1,17754.8,17708.1,17733.4,6228,0
1466164800,17732.9,17745.8,17698.1,17734.1,5201,0
1466179200,17734.7,17736.7,17599.7,17651.1,10747,0
1466193600,17651.3,17708.3,17632.7,17652.2,6897,0
1466380800,17741.2,17821.1,17741.2,17809.1,3173,0
1466395200,17809.0,17840.5,17801.9,17829.1,2847,0
1466409600,17829.2,17865.7,17817.9,17865.6,5570,0
1466424000,17865.7,17876.3,17840.4,17867.7,3595,0
1466438400,17868.8,17947.4,17852.5,17883.2,7130,0
1466452800,17883.1,17888.3,17779.7,17866.0,7216,0
1466467200,17865.0,17865.0,17804.0,17821.9,2100,0
1466481600,17821.0,17862.1,17817.1,17856.0,2886,0
1466496000,17856.2,17876.1,17830.0,17858.7,5992,0
1466510400,17858.6,17888.1,17819.1,17840.5,4901,0
1466524800,17840.1,17861.7,17796.7,17821.7,10912,0
1466539200,17822.7,17877.7,17800.7,17822.5,7517,0
1466553600,17825.0,17829.5,17809.5,17820.0,1316,0
1466568000,17819.5,17853.5,17815.5,17845.0,2146,0
1466582400,17845.5,17865.6,17818.1,17828.1,5723,0
1466596800,17827.6,17866.1,17827.1,17849.1,4210,0
1466611200,17848.1,17918.7,17798.7,17820.7,9851,0
1466625600,17819.7,17830.7,17766.7,17784.0,8510,0
1466640000,17787.5,17880.0,17783.0,17862.0,1943,0
1466654400,17861.5,17875.5,17841.5,17854.0,1973,0
1466668800,17853.5,17885.5,17840.5,17881.6,7411,0
1466683200,17881.1,17983.1,17880.6,17954.1,9919,0
1466697600,17954.6,17975.7,17891.7,17938.7,12097,0
1466712000,17939.7,18062.5,17923.7,18062.5,7390,0
1466726400,18050.5,18117.5,17860.5,17894.0,8425,0
1466740800,17893.0,17901.0,17275.5,17286.5,19796,0
1466755200,17287.0,17597.6,17279.0,17510.6,16076,0
1466769600,17511.1,17571.1,17405.6,17499.6,13828,0
1466784000,17499.1,17687.7,17424.7,17480.7,21004,0
1466798400,17481.2,17534.7,17329.2,17350.0,16387,0
1466985600,17248.0,17314.0,17197.5,17229.0,6255,0
1467000000,17229.5,17290.0,17214.0,17283.0,6342,0
1467014400,17283.5,17369.1,17262.1,17292.6,11255,0
1467028800,17290.1,17314.6,17187.1,17239.1,10991,0
1467043200,17238.6,17261.1,17061.7,17146.2,18671,0
1467057600,17146.7,17179.7,17061.7,17077.0,14797,0
1467072000,17082.0,17143.5,17076.0,17119.5,2827,0
1467086400,17120.0,17249.5,17116.5,17226.0,5799,0
1467100800,17225.5,17298.1,17210.5,17270.1,6735,0
1467115200,17271.1,17318.1,17253.1,17306.6,5545,0
1467129600,17306.1,17361.7,17244.7,17297.7,12472,0
1467144000,17296.2,17406.7,17258.7,17394.0,10343,0
1467158400,17405.5,17405.5,17352.5,17352.5,1930,0
1467172800,17352.0,17458.0,17351.0,17440.5,4459,0
1467187200,17439.5,17484.1,17420.5,17473.1,7022,0
1467201600,17474.1,17536.1,17463.1,17528.1,7255,0
1467216000,17527.6,17653.7,17515.1,17632.7,11135,0
1467230400,17633.7,17789.0,17617.7,17782.5,8620,0
1467244800,17784.0,17784.0,17722.5,17725.0,2287,0
1467259200,17724.5,17743.5,17711.5,17718.5,3187,0
1467273600,17719.0,17762.1,17654.1,17743.1,8071,0
1467288000,17744.6,17780.1,17698.1,17730.1,7718,0
1467302400,17730.6,17885.7,17706.7,17879.2,13579,0
1467316800,17879.7,17928.7,17857.7,17894.5,9364,0
1467331200,17896.5,17900.0,17874.5,17898.5,1896,0
1467345600,17898.0,17908.5,17892.5,17899.5,1639,0
1467360000,17900.0,17905.5,17858.1,17870.6,7693,0
1467374400,17870.1,17936.1,17862.1,17904.1,7070,0
1467388800,17903.1,17999.7,17902.1,17957.7,9741,0
1467403200,17958.7,17974.7,17924.7,17964.2,7872,0
1467590400,17985.5,17988.0,17937.5,17952.5,1628,0
1467604800,17953.5,17990.5,17948.5,17976.5,2463,0
1467619200,17976.0,18019.5,17963.1,17970.1,5984,0
1467633600,17969.1,18002.6,17963.1,17978.1,4037,0
1467648000,17977.6,17990.1,17949.6,17980.1,3437,0
1467676800,17967.5,17972.0,17930.0,17933.0,1241,0
1467691200,17932.0,17942.0,17908.0,17918.0,2477,0
1467705600,17918.5,17937.5,17848.1,17856.6,6970,0
1467720000,17857.1,17899.1,17846.1,17876.1,5917,0
1467734400,17875.6,17887.7,17813.7,17823.7,11460,0
1467748800,17822.7,17868.5,17785.7,17867.5,7369,0
1467763200,17870.5,17870.5,17800.5,17816.0,1715,0
1467777600,17815.5,17816.0,17739.5,17776.5,4598,0
1467792000,17776.0,17871.1,17762.1,17779.1,9035,0
1467806400,17780.6,17795.1,17732.1,17760.1,8352,0
1467820800,17760.6,17892.2,17712.7,17891.7,12865,0
1467835200,17892.2,17931.7,17854.7,17918.5,9550,0
1467849600,17923.0,17925.5,17884.0,17902.0,2218,0
1467864000,17902.5,17924.5,17883.0,17921.0,3262,0
1467878400,17920.5,17964.1,17891.5,17949.1,6774,0
1467892800,17948.6,17950.1,17891.1,17921.1,5849,0
1467907200,17920.1,17984.7,17857.7,17862.7,11259,0
1467921600,17862.2,17910.7,17817.2,17904.0,9231,0
1467936000,17907.0,17922.5,17890.0,17913.5,1325,0
1467950400,17912.5,17921.0,17870.5,17882.0,3003,0
1467964800,17881.0,17946.1,17878.0,17917.1,3292,0
1467979200,17917.6,18047.1,17899.1,18028.1,7124,0
1467993600,18029.1,18112.7,17996.1,18106.7,10976,0
1468008000,18105.7,18168.7,18105.7,18121.2,6036,0
1468195200,18128.0,18159.5,18122.5,18155.5,1673,0
1468209600,18156.0,18228.0,18150.5,18201.0,3123,0
1468224000,18200.5,18224.1,18174.1,18174.1,6160,0
1468238400,18173.1,18213.1,18158.1,18206.1,6243,0
1468252800,18207.1,18287.2,18190.6,18281.7,9382,0
1468267200,18282.7,18283.7,18217.7,18233.0,5259,0
1468281600,18230.5,18237.0,18219.5,18233.5,1271,0
1468296000,18234.0,18253.5,18226.5,18242.5,2774,0
1468310400,18243.5,18324.1,18230.5,18313.6,6088,0
1468324800,18313.1,18323.1,18300.1,18310.1,4504,0
1468339200,18310.6,18363.7,18289.2,18348.7,7954,0
1468353600,18349.7,18372.7,18336.7,18353.0,5556,0
1468368000,18347.5,18351.0,18331.5,18343.0,1325,0
1468382400,18342.5,18350.5,18312.0,18338.0,3198,0
1468396800,18337.5,18352.1,18310.5,18344.6,6486,0
1468411200,18345.1,18390.1,18335.1,18386.1,4425,0
1468425600,18385.6,18389.1,18316.7,18352.2,8097,0
1468440000,18351.7,18383.7,18342.2,18373.5,5896,0
1468454400,18373.0,18373.0,18351.5,18356.0,1195,0
1468468800,18355.5,18387.0,18355.5,18376.5,1620,0
1468483200,18376.0,18507.1,18370.0,18485.6,6554,0
1468497600,18486.1,18560.1,18472.1,18529.1,7643,0
1468512000,18529.6,18540.7,18478.7,18505.7,9125,0
1468526400,18505.2,18529.7,18467.7,18514.5,5667,0
1468540800,18519.0,18520.0,18460.5,18469.0,2212,0
1468555200,18468.5,18527.0,18467.0,18488.5,4252,0
1468569600,18507.0,18515.1,18470.5,18492.6,7062,0
1468584000,18493.1,18545.1,18473.1,18538.1,6327,0
1468598400,18538.6,18569.7,18470.7,18479.7,7613,0
1468612800,18479.2,18530.7,18437.0,18454.0,5220,0
1468800000,18447.0,18551.5,18447.0,18517.5,1981,0
1468814400,18517.0,18540.5,18501.5,18515.5,2599,0
1468828800,18516.5,18571.1,18510.5,18544.6,5865,0
1468843200,18545.1,18547.1,18503.1,18507.1,4434,0
1468857600,18508.1,18556.2,18488.7,18525.7,6286,0
1468872000,18524.7,18558.5,18510.7,18547.5,4185,0
1468886400,18552.0,18552.0,18525.5,18526.5,985,0
1468900800,18526.0,18527.0,18500.5,18521.0,2060,0
1468915200,18520.5,18532.0,18479.1,18500.6,6172,0
1468929600,18498.1,18543.1,18492.6,18522.1,4422,0
1468944000,18523.1,18551.7,18500.7,18534.7,7088,0
1468958400,18534.2,18572.2,18515.2,18562.5,4048,0
1468972800,18560.5,18569.0,18535.5,18537.5,907,0
1468987200,18538.0,18559.5,18534.0,18556.5,1741,0
1469001600,18557.0,18627.1,18554.0,18615.6,4761,0
1469016000,18616.1,18640.1,18600.1,18606.1,2966,0
1469030400,18605.6,18619.7,18558.7,18601.7,5726,0
1469044800,18601.2,18619.7,18588.2,18603.0,4071,0
1469059200,18602.5,18602.5,18586.5,18595.0,867,0
1469073600,18595.5,18608.0,18591.5,18593.0,1533,0
1469088000,18593.5,18618.1,18564.1,18580.6,5446,0
1469102400,18581.1,18590.1,18558.6,18566.6,4354,0
1469116800,18567.1,18586.7,18500.7,18505.7,8139,0
1469131200,18504.7,18525.7,18468.7,18513.5,4929,0
1469145600,18513.0,18520.0,18507.0,18509.5,1332,0
1469160000,18510.5,18518.5,18497.5,18502.5,1906,0
1469174400,18502.0,18552.1,18493.5,18542.1,5754,0
1469188800,18541.6,18559.1,18519.6,18528.6,4225,0
1469203200,18528.1,18547.7,18490.7,18536.7,5501,0
1469217600,18537.7,18567.7,18531.7,18551.2,3402,0
1469404800,18558.0,18580.0,18549.5,18577.5,1053,0
1469419200,18577.0,18599.5,18543.5,18550.0,2214,0
1469433600,18550.5,18578.1,18527.1,18560.1,5372,0
1469448000,18559.1,18565.6,18544.1,18546.1,2813,0
1469462400,18546.6,18551.1,18451.7,18471.7,6218,0
1469476800,18472.7,18500.0,18457.7,18499.0,3604,0
1469491200,18493.5,18497.0,18462.0,18465.0,1166,0
1469505600,18464.5,18512.5,18457.5,18499.0,2451,0
1469520000,18498.5,18518.5,18466.1,18485.1,5641,0
1469534400,18486.1,18506.1,18459.1,18478.1,3792,0
1469548800,18479.1,18516.7,18383.7,18454.7,6709,0
1469563200,18455.2,18494.0,18411.7,18488.5,6413,0
1469577600,18485.0,18514.5,18478.0,18498.0,1647,0
1469592000,18498.5,18528.5,18479.0,18515.0,3979,0
1469606400,18515.5,18531.1,18506.5,18518.1,4303,0
1469620800,18518.6,18529.1,18499.1,18528.1,2204,0
1469635200,18529.1,18543.7,18437.7,18455.7,7008,0
1469649600,18456.7,18525.7,18425.7,18478.0,8917,0
1469664000,18477.0,18488.0,18466.5,18481.0,1225,0
1469678400,18480.5,18497.5,18468.5,18494.5,1763,0
1469692800,18494.0,18526.1,18476.1,18498.1,5394,0
1469707200,18497.6,18502.1,18428.1,18442.1,3884,0
1469721600,18443.1,18462.7,18365.7,18407.2,9430,0
1469736000,18406.7,18481.7,18404.2,18451.5,6620,0
1469750400,18454.5,18474.5,18438.5,18444.5,2317,0
1469764800,18444.0,18472.5,18389.0,18409.0,5282,0
1469779200,18409.5,18452.0,18399.6,18418.1,6512,0
1469793600,18417.6,18431.1,18383.1,18402.1,3096,0
1469808000,18402.6,18466.7,18368.2,18431.2,7452,0
1469822400,18431.7,18454.7,18412.7,18450.2,4971,0
1470009600,18482.0,18492.0,18454.5,18475.0,1419,0
1470024000,18475.5,18518.5,18468.5,18509.5,2284,0
1470038400,18510.5,18520.5,18471.1,18472.1,2757,0
1470052800,18471.1,18476.1,18442.6,18445.6,3160,0
1470067200,18445.1,18466.7,18352.7,18375.7,7621,0
1470081600,18376.2,18411.7,18366.7,18406.0,7062,0
1470096000,18402.0,18427.0,18398.5,18425.0,1035,0
1470110400,18425.5,18444.5,18414.0,18415.0,1479,0
1470124800,18414.5,18429.5,18345.1,18360.1,5584,0
1470139200,18359.6,18385.1,18355.1,18370.1,2375,0
1470153600,18370.6,18398.7,18257.7,18266.7,9024,0
1470168000,18265.7,18330.0,18242.7,18322.0,6346,0
1470182400,18320.5,18320.5,18295.5,18297.0,1256,0
1470196800,18296.5,18316.5,18276.5,18297.5,2236,0
1470211200,18298.5,18307.5,18257.1,18281.1,6161,0
1470225600,18280.6,18298.1,18270.1,18289.1,3888,0
1470240000,18289.6,18349.7,18278.7,18335.7,8320,0
1470254400,18336.2,18349.5,18305.7,18344.0,4091,0
1470268800,18345.0,18371.5,18333.5,18363.5,986,0
1470283200,18363.0,18365.5,18333.5,18349.5,2151,0
1470297600,18348.5,18361.0,18328.1,18341.1,4660,0
1470312000,18341.6,18404.1,18333.1,18359.6,5211,0
1470326400,18359.1,18396.7,18324.7,18348.7,7575,0
1470340800,18347.7,18356.7,18320.7,18348.5,3814,0
1470355200,18345.0,18362.5,18341.0,18357.0,871,0
1470369600,18356.5,18377.0,18349.0,18367.5,1569,0
1470384000,18368.0,18395.6,18358.5,18370.6,3517,0
1470398400,18370.1,18459.6,18361.6,18455.6,4009,0
1470412800,18455.1,18520.7,18444.1,18510.7,7037,0
1470427200,18509.7,18535.7,18506.7,18525.2,3113,0
1470614400,18522.0,18541.5,18520.0,18535.0,805,0
1470628800,18534.5,18541.5,18520.5,18534.0,1076,0
1470643200,18534.5,18570.1,18525.1,18563.1,3362,0
1470657600,18564.1,18566.1,18532.1,18536.1,1945,0
1470672000,18537.1,18566.7,18508.7,18516.7,5417,0
1470686400,18515.7,18531.2,18500.7,18528.5,2913,0
1470700800,18529.0,18532.0,18516.5,18524.5,658,0
1470715200,18523.5,18530.5,18521.5,18528.5,853,0
1470729600,18529.0,18540.6,18520.0,18531.1,2746,0
1470744000,18531.6,18557.1,18530.1,18543.1,1928,0
1470758400,18543.6,18586.7,18533.7,18539.7,5731,0
1470772800,18540.7,18545.7,18506.7,18533.0,3761,0
1470787200,18531.5,18531.5,18496.5,18497.0,853,0
1470801600,18497.5,18509.0,18491.5,18505.0,1025,0
1470816000,18505.5,18532.6,18494.5,18528.1,3346,0
1470830400,18527.6,18541.1,18514.1,18531.1,2367,0
1470844800,18531.6,18562.7,18481.7,18507.7,7303,0
1470859200,18508.7,18510.7,18466.7,18497.5,4576,0
1470873600,18497.0,18497.0,18479.5,18486.5,562,0
1470888000,18486.0,18520.5,18485.5,18518.5,891,0
1470902400,18517.5,18556.5,18505.6,18528.1,3358,0
1470916800,18527.6,18562.1,18527.1,18550.1,2819,0
1470931200,18551.1,18633.7,18542.7,18625.7,5897,0
1470945600,18626.7,18640.7,18603.7,18611.0,3677,0
1470960000,18610.5,18625.0,18609.5,18614.0,706,0
1470974400,18613.5,18618.5,18605.5,18615.5,909,0
1470988800,18614.5,18632.1,18609.5,18624.1,2886,0
1471003200,18624.6,18630.1,18587.1,18592.6,2632,0
1471017600,18592.1,18607.7,18549.7,18558.7,6095,0
1471032000,18557.7,18580.7,18531.7,18569.7,3112,0
1471219200,18573.0,18582.5,18569.5,18580.0,485,0
1471233600,18580.5,18607.0,18577.5,18600.5,933,0
1471248000,18601.5,18621.1,18589.0,18597.6,2106,0
1471262400,18597.1,18621.1,18595.1,18615.1,1698,0
1471276800,18616.1,18667.7,18613.1,18652.7,5106,0
1471291200,18653.2,18659.7,18625.2,18630.5,2756,0
1471305600,18633.0,18633.0,18617.5,18618.0,686,0
1471320000,18617.5,18625.5,18601.5,18611.5,1299,0
1471334400,18611.0,18611.5,18580.1,18585.1,2774,0
1471348800,18586.1,18621.1,18576.1,18583.1,2950,0
1471363200,18583.6,18615.2,18551.7,18593.7,6384,0
1471377600,18592.7,18593.7,18549.7,18579.0,4430,0
1471392000,18577.5,18577.5,18555.0,18570.0,652,0
1471406400,18570.5,18574.5,18561.5,18564.0,1076,0
1471420800,18564.5,18583.5,18522.1,18531.1,3804,0
1471435200,18530.6,18546.1,18525.6,18539.1,2332,0
1471449600,18539.6,18542.1,18469.7,18531.7,5794,0
1471464000,18532.7,18584.7,18513.7,18575.5,6370,0
1471478400,18576.0,18582.5,18560.5,18570.5,947,0
1471492800,18571.0,18592.5,18569.0,18584.0,1461,0
1471507200,18583.5,18591.0,18567.1,18575.6,3855,0
1471521600,18576.1,18582.1,18546.1,18557.1,2666,0
1471536000,18556.6,18601.2,18530.7,18549.2,6149,0
1471550400,18549.7,18597.7,18549.2,18589.0,3761,0
1471564800,18591.5,18592.0,18582.5,18586.0,502,0
1471579200,18585.5,18596.5,18560.5,18576.0,1890,0
1471593600,18576.5,18586.0,18520.6,18528.6,3751,0
1471608000,18529.1,18554.1,18522.1,18541.1,2754,0
1471622400,18540.1,18585.7,18490.7,18532.7,6248,0
1471636800,18531.7,18568.7,18526.7,18562.2,3522,0
1471824000,18562.5,18566.0,18541.5,18544.0,956,0
1471838400,18544.5,18554.0,18518.5,18524.5,1764,0
1471852800,18523.5,18577.1,18507.1,18568.1,4239,0
1471867200,18568.6,18581.1,18503.1,18510.1,4403,0
1471881600,18508.1,18572.7,18463.7,18538.7,6566,0
1471896000,18538.2,18550.7,18497.7,18541.0,4821,0
1471910400,18537.5,18541.5,18526.0,18533.5,638,0
1471924800,18534.5,18552.5,18530.5,18542.5,1632,0
1471939200,18543.0,18587.6,18537.5,18575.6,4221,0
1471953600,18575.1,18596.1,18564.1,18590.1,3160,0
1471968000,18591.1,18635.7,18543.7,18548.7,6718,0
1471982400,18548.2,18574.7,18543.7,18552.5,3021,0
1471996800,18554.0,18564.5,18550.5,18559.0,528,0
1472011200,18558.5,18559.0,18516.5,18534.5,1819,0
1472025600,18534.0,18559.1,18503.1,18554.1,4616,0
1472040000,18555.1,18563.1,18546.1,18552.1,3529,0
1472054400,18552.6,18554.6,18492.7,18538.2,6902,0
1472068800,18538.7,18538.7,18448.7,18489.5,4999,0
1472083200,18490.5,18490.5,18469.5,18482.0,800,0
1472097600,18481.5,18504.5,18474.5,18494.0,1621,0
1472112000,18493.5,18502.5,18446.1,18450.6,4816,0
1472126400,18450.1,18483.1,18444.6,18452.1,4351,0
1472140800,18452.6,18498.7,18437.1,18471.7,7170,0
1472155200,18471.2,18476.7,18428.7,18470.5,5310,0
1472169600,18465.5,18477.5,18460.0,18461.0,617,0
1472184000,18461.5,18480.5,18459.5,18475.5,1202,0
1472198400,18476.0,18489.1,18455.6,18471.6,4629,0
1472212800,18471.1,18478.1,18449.1,18471.1,2702,0
1472227200,18471.6,18574.2,18345.7,18396.7,11781,0
1472241600,18397.7,18425.7,18332.2,18402.7,9101,0
1472428800,18395.0,18405.5,18378.5,18397.0,1297,0
1472443200,18396.5,18401.5,18381.5,18392.5,1575,0
1472457600,18393.5,18405.1,18372.6,18392.1,3714,0
1472472000,18392.6,18419.1,18377.6,18412.1,2007,0
1472486400,18413.1,18523.7,18399.1,18515.7,6173,0
1472500800,18516.7,18522.7,18492.7,18515.5,3697,0
1472515200,18510.5,18510.5,18497.5,18505.0,565,0
1472529600,18504.5,18509.5,18494.5,18496.5,717,0
1472544000,18497.0,18514.1,18490.1,18505.1,3635,0
1472558400,18504.6,18516.1,18485.1,18492.1,2589,0
1472572800,18493.6,18522.7,18427.7,18447.7,7736,0
1472587200,18447.2,18462.7,18409.7,18458.5,4324,0
1472601600,18458.0,18464.0,18438.5,18439.5,680,0
1472616000,18440.0,18456.5,18433.5,18454.5,1072,0
1472630400,18455.5,18455.5,18428.5,18441.1,3964,0
1472644800,18442.1,18455.6,18418.1,18423.1,2906,0
1472659200,18423.6,18440.7,18332.7,18353.7,8352,0
1472673600,18352.7,18411.7,18339.7,18398.5,5066,0
1472688000,18404.5,18411.5,18396.5,18405.5,551,0
1472702400,18406.0,18448.5,18391.5,18447.5,1373,0
1472716800,18448.0,18468.1,18436.0,18458.6,3982,0
1472731200,18459.1,18460.1,18403.1,18408.1,3567,0
1472745600,18407.6,18429.7,18292.7,18380.7,9491,0
1472760000,18381.7,18414.7,18354.7,18397.0,6784,0
1472774400,18401.5,18413.0,18392.5,18396.5,554,0
1472788800,18398.0,18400.0,18386.5,18392.5,1156,0
1472803200,18393.0,18424.1,18386.1,18408.6,4946,0
1472817600,18408.1,18471.6,18387.1,18463.1,5951,0
1472832000,18462.1,18545.7,18443.7,18465.7,10640,0
1472846400,18465.2,18493.7,18433.7,18487.7,6041,0
1473033600,18490.5,18519.0,18488.5,18511.0,787,0
1473048000,18511.5,18522.0,18509.0,18519.0,1004,0
1473062400,18518.5,18524.6,18502.1,18510.1,4450,0
1473076800,18510.6,18515.1,18495.1,18495.6,4227,0
1473091200,18496.1,18500.1,18470.2,18493.7,2220,0
1473105600,18492.7,18492.7,18492.7,18492.7,1,0
1473120000,18489.0,18493.5,18478.0,18489.5,630,0
1473134400,18490.0,18504.0,18483.5,18496.5,1191,0
1473148800,18497.5,18518.1,18495.1,18508.1,3359,0
1473163200,18508.6,18515.6,18495.6,18507.1,2952,0
1473177600,18508.1,18552.7,18445.7,18512.7,8057,0
1473192000,18511.2,18541.0,18502.7,18534.5,4055,0
1473206400,18537.5,18537.5,18520.5,18526.0,617,0
1473220800,18525.5,18531.5,18520.5,18524.5,839,0
1473235200,18525.0,18540.6,18507.1,18525.1,3822,0
1473249600,18525.6,18534.1,18504.1,18523.1,2844,0
1473264000,18523.6,18534.7,18470.7,18487.7,7261,0
1473278400,18488.2,18525.7,18482.7,18516.5,4021,0
1473292800,18515.5,18521.0,18512.5,18515.0,566,0
1473307200,18515.5,18518.5,18509.5,18515.5,862,0
1473321600,18516.5,18550.1,18515.5,18538.6,3166,0
1473336000,18539.1,18539.1,18477.1,18486.1,4387,0
1473350400,18485.6,18505.7,18441.7,18481.7,10145,0
1473364800,18479.7,18490.7,18448.7,18461.5,5311,0
1473379200,18462.0,18464.5,18447.0,18452.5,478,0
1473393600,18451.5,18462.5,18450.5,18457.0,756,0
1473408000,18458.0,18458.5,18424.1,18440.6,2552,0
1473422400,18440.1,18440.6,18351.1,18356.1,2650,0
1473436800,18355.6,18372.1,18225.2,18245.7,12531,0
1473451200,18245.2,18246.7,18044.2,18052.2,12723,0
1473638400,18040.0,18050.0,17979.0,18005.0,2416,0
1473652800,18006.0,18013.5,17905.5,17956.0,3283,0
1473667200,17955.5,17973.0,17903.6,17935.6,5043,0
1473681600,17935.1,18018.1,17918.6,18003.1,5278,0
1473696000,18002.1,18220.7,17990.1,18211.7,13345,0
1473710400,18212.2,18355.7,18157.7,18317.5,12467,0
1473724800,18319.5,18319.5,18274.5,18278.0,1177,0
1473739200,18277.5,18283.0,18248.0,18269.0,1979,0
1473753600,18268.5,18269.0,18183.1,18196.6,5767,0
1473768000,18195.1,18236.6,18172.1,18185.1,4552,0
1473782400,18184.1,18220.2,18036.2,18052.7,14912,0
1473796800,18052.2,18145.7,18023.7,18111.0,14806,0
1473811200,18100.0,18122.5,18084.5,18116.5,1605,0
1473825600,18116.0,18147.5,18113.5,18119.0,2467,0
1473840000,18120.0,18139.1,18076.6,18124.1,5747,0
1473854400,18124.6,18131.1,18083.1,18111.1,4826,0
1473868800,18112.1,18163.7,18043.2,18101.7,14720,0
1473883200,18102.2,18113.7,17985.7,18015.0,11553,0
1473897600,18009.5,18038.5,18009.5,18020.0,1004,0
1473912000,18019.5,18027.5,17959.0,18002.5,3007,0
1473926400,18002.0,18035.1,17987.6,18028.1,6310,0
1473940800,18028.6,18087.1,18020.1,18030.6,5462,0
1473955200,18030.1,18192.7,18006.6,18146.2,12382,0
1473969600,18146.7,18245.7,18138.7,18188.5,7904,0
1473984000,18192.0,18192.0,18148.5,18161.5,1613,0
1473998400,18161.0,18176.5,18159.0,18171.5,1041,0
1474012800,18172.0,18182.1,18131.1,18144.1,5119,0
1474027200,18144.6,18169.6,18104.1,18157.1,6819,0
1474041600,18158.6,18175.1,18080.7,18112.7,12941,0
1474056000,18110.7,18149.7,18068.7,18139.7,8148,0
1474243200,18137.0,18207.5,18128.5,18184.5,1558,0
1474257600,18185.0,18202.0,18182.5,18195.5,1486,0
1474272000,18196.0,18236.1,18196.0,18220.1,4232,0
1474286400,18219.6,18235.1,18208.1,18216.1,3224,0
1474300800,18216.6,18257.7,18142.7,18145.7,9354,0
1474315200,18144.7,18188.7,18091.7,18141.5,8860,0
1474329600,18134.0,18156.5,18117.5,18145.5,1077,0
1474344000,18145.0,18173.5,18143.5,18162.0,1909,0
1474358400,18162.5,18180.6,18150.1,18164.6,5240,0
1474372800,18164.1,18206.6,18161.1,18195.1,4435,0
1474387200,18194.1,18230.7,18132.7,18134.7,10490,0
1474401600,18134.2,18183.7,18114.5,18123.5,7269,0
1474416000,18121.5,18146.5,18117.0,18141.0,1214,0
1474430400,18140.5,18182.5,18096.5,18181.5,3903,0
1474444800,18180.5,18233.1,18179.0,18196.6,5035,0
1474459200,18197.1,18214.1,18181.1,18181.1,3230,0
1474473600,18180.6,18224.7,18118.7,18151.7,9524,0
1474488000,18152.7,18309.7,18133.2,18303.0,12363,0
1474502400,18304.0,18304.0,18284.5,18289.0,747,0
1474516800,18289.5,18305.0,18287.5,18298.0,1160,0
1474531200,18297.5,18314.1,18276.5,18311.6,4276,0
1474545600,18312.1,18387.6,18310.1,18384.1,4156,0
1474560000,18383.1,18450.7,18381.1,18413.7,7587,0
1474574400,18412.7,18423.2,18354.7,18388.0,6524,0
1474588800,18390.5,18390.5,18372.5,18380.5,1085,0
1474603200,18379.5,18387.5,18371.5,18379.5,1314,0
1474617600,18379.0,18393.6,18348.1,18352.1,3648,0
1474632000,18352.6,18379.1,18351.1,18377.6,3596,0
1474646400,18377.1,18382.1,18310.7,18318.7,7951,0
1474660800,18318.2,18319.2,18250.7,18277.7,6506,0
1474848000,18258.5,18286.5,18250.5,18281.5,912,0
1474862400,18280.5,18282.0,18230.5,18256.9,1758,0
1474876800,18257.0,18257.1,18152.1,18180.5,4884,0
1474891200,18180.6,18195.7,18167.5,18174.7,2914,0
1474905600,18175.6,18183.7,18094.0,18133.0,8998,0
1474920000,18132.1,18135.3,18078.5,18101.9,6397,0
1474934400,18098.5,18111.5,18046.5,18063.9,1656,0
1474948800,18064.1,18215.5,18061.1,18203.1,4901,0
1474963200,18204.1,18215.5,18132.5,18134.5,4258,0
1474977600,18134.7,18146.8,18083.6,18095.6,4325,0
1474992000,18095.0,18239.7,18044.7,18227.1,9918,0
1475006400,18227.2,18235.2,18200.1,18217.9,5496,0
1475020800,18222.5,18229.5,18207.0,18214.0,984,0
1475035200,18213.7,18214.0,18181.0,18201.9,1713,0
1475049600,18202.1,18270.1,18195.4,18251.6,4678,0
1475064000,18251.5,18257.7,18195.6,18227.7,3838,0
1475078400,18227.6,18279.7,18177.5,18204.7,10555,0
1475092800,18204.2,18346.7,18193.3,18319.9,7905,0
1475107200,18328.5,18357.5,18316.5,18355.0,1019,0
1475121600,18354.9,18364.1,18349.1,18353.1,1406,0
1475136000,18353.2,18361.1,18326.7,18337.6,3892,0
1475150400,18337.0,18343.4,18283.5,18298.6,3108,0
1475164800,18299.1,18364.7,18151.5,18176.3,11565,0
1475179200,18174.5,18215.1,18086.7,18177.2,14678,0
1475193600,18176.6,18176.6,18122.5,18127.1,2040,0
1475208000,18126.9,18153.1,18115.9,18133.8,2760,0
1475222400,18134.0,18155.6,18075.1,18146.1,6835,0
1475236800,18145.6,18207.6,18130.6,18196.1,5826,0
1475251200,18196.6,18346.1,18188.1,18318.0,11971,0
1475265600,18316.6,18369.0,18291.2,18294.2,6237,0
1475452800,18289.2,18320.0,18287.5,18314.0,1200,0
1475467200,18313.9,18337.5,18307.5,18310.5,1291,0
1475481600,18309.5,18328.1,18284.5,18314.1,2579,0
1475496000,18313.6,18327.1,18239.1,18243.1,2298,0
1475510400,18242.6,18267.7,18192.7,18232.7,11265,0
1475524800,18231.7,18280.7,18212.7,18254.5,7931,0
1475539200,18252.0,18271.5,18251.5,18262.5,973,0
1475553600,18263.0,18272.0,18254.0,18259.5,1185,0
1475568000,18260.0,18291.1,18240.5,18282.6,4647,0
1475582400,18281.6,18298.1,18242.1,18255.1,3764,0
1475596800,18254.6,18316.7,18186.7,18195.7,14659,0
1475611200,18194.7,18203.7,18111.7,18174.5,9632,0
1475625600,18178.5,18178.5,18143.5,18150.0,1091,0
1475640000,18149.5,18185.5,18148.5,18169.0,1943,0
1475654400,18168.5,18184.1,18137.1,18167.1,5337,0
1475668800,18166.6,18225.1,18152.1,18209.1,4049,0
1475683200,18210.1,18304.7,18191.1,18288.7,8766,0
1475697600,18289.2,18316.7,18268.2,18284.5,5545,0
1475712000,18289.0,18290.5,18275.5,18280.5,889,0
1475726400,18279.5,18280.5,18263.5,18272.5,1107,0
1475740800,18273.0,18305.6,18270.5,18295.1,4255,0
1475755200,18294.6,18298.1,18240.1,18263.1,4462,0
1475769600,18262.1,18291.2,18159.7,18263.7,10225,0
1475784000,18264.7,18286.7,18252.7,18275.5,5406,0
1475798400,18276.0,18279.5,18232.5,18235.5,1507,0
1475812800,18236.5,18255.0,18227.5,18246.5,1713,0
1475827200,18247.0,18263.1,18218.1,18253.1,5269,0
1475841600,18252.6,18334.1,18224.1,18306.6,7361,0
1475856000,18307.1,18318.1,18145.7,18186.7,13844,0
1475870400,18185.7,18283.7,18164.7,18240.2,6932,0
1476057600,18279.5,18295.5,18267.5,18284.0,1471,0
1476072000,18284.5,18301.5,18257.0,18276.5,1523,0
1476086400,18277.0,18289.6,18254.6,18280.1,4473,0
1476100800,18280.6,18344.1,18275.1,18338.6,4122,0
1476115200,18339.1,18403.7,18325.1,18342.7,7197,0
1476129600,18342.2,18361.7,18318.7,18343.5,4329,0
1476144000,18343.0,18354.0,18341.5,18349.5,875,0
1476158400,18350.0,18351.0,18292.0,18309.5,2722,0
1476172800,18310.0,18316.1,18291.1,18294.1,4632,0
1476187200,18294.6,18331.1,18288.1,18294.1,3984,0
1476201600,18294.6,18307.1,18132.7,18175.7,10024,0
1476216000,18174.7,18174.7,18051.7,18145.0,10268,0
1476230400,18137.0,18177.5,18126.5,18176.5,1652,0
1476244800,18177.5,18202.5,18165.0,18173.0,2046,0
1476259200,18172.5,18182.5,18111.6,18130.6,5225,0
1476273600,18131.1,18145.1,18088.1,18117.1,4135,0
1476288000,18118.1,18172.2,18074.7,18164.7,11909,0
1476302400,18165.2,18189.7,18104.5,18106.0,9154,0
1476316800,18107.5,18129.5,18100.5,18115.5,1290,0
1476331200,18115.0,18115.5,18005.5,18042.5,4862,0
1476345600,18043.0,18049.0,17996.1,18032.6,5883,0
1476360000,18032.1,18053.1,17997.6,18014.6,5101,0
1476374400,18015.1,18072.7,17952.7,18060.7,13108,0
1476388800,18061.2,18137.7,18039.7,18105.0,8127,0
1476403200,18106.0,18111.5,18075.0,18085.5,1524,0
1476417600,18085.0,18124.0,18084.5,18116.5,3235,0
1476432000,18117.5,18144.1,18089.5,18139.1,5056,0
1476446400,18138.1,18215.1,18133.1,18198.1,4965,0
1476460800,18198.6,18264.7,18141.2,18172.2,10830,0
1476475200,18172.7,18216.2,18129.7,18146.7,9291,0
1476662400,18142.0,18167.5,18083.5,18115.0,2144,0
1476676800,18115.5,18117.5,18070.0,18098.0,3312,0
1476691200,18098.5,18127.1,18083.6,18098.1,5493,0
1476705600,18098.6,18146.6,18076.1,18141.6,5250,0
1476720000,18142.1,18166.7,18084.7,18090.2,11744,0
1476734400,18090.7,18118.2,18059.7,18070.5,7784,0
1476748800,18075.5,18123.5,18061.5,18119.0,1572,0
1476763200,18119.5,18134.5,18116.0,18129.5,1951,0
1476777600,18128.5,18173.1,18127.5,18161.6,4913,0
1476792000,18161.1,18214.1,18157.1,18196.1,4096,0
1476806400,18197.1,18228.1,18125.7,18167.7,8830,0
1476820800,18168.7,18191.7,18137.7,18148.5,5826,0
1476835200,18150.0,18161.5,18137.5,18150.5,870,0
1476849600,18151.0,18171.5,18149.0,18161.5,1595,0
1476864000,18162.0,18163.5,18113.6,18149.1,4168,0
1476878400,18148.1,18190.1,18136.1,18186.1,3417,0
1476892800,18187.1,18243.7,18164.7,18228.3,7725,0
1476907200,18229.3,18250.7,18198.7,18214.9,4450,0
1476921600,18201.1,18231.5,18194.0,18227.9,1228,0
1476936000,18227.8,18254.2,18218.9,18232.9,1861,0
1476950400,18233.1,18243.3,18212.4,18221.6,3154,0
1476964800,18221.5,18239.7,18158.1,18182.5,3193,0
1476979200,18181.6,18249.0,18126.0,18211.1,10167,0
1476993600,18210.6,18219.2,18154.2,18181.4,6440,0
1477008000,18174.0,18191.5,18159.5,18168.4,1015,0
1477022400,18168.5,18174.5,18146.0,18153.5,1478,0
1477036800,18152.5,18167.6,18117.1,18120.1,4577,0
1477051200,18119.6,18150.1,18089.1,18092.1,4287,0
1477065600,18091.1,18125.7,18043.7,18110.7,8694,0
1477080000,18109.7,18170.2,18096.7,18147.2,4768,0
1477267200,18163.0,18184.5,18152.5,18161.5,1394,0
1477281600,18161.0,18172.5,18139.5,18167.5,2284,0
1477296000,18168.0,18244.1,18166.5,18223.6,3588,0
1477310400,18223.1,18244.1,18214.6,18242.1,2384,0
1477324800,18241.6,18275.7,18187.7,18209.2,7259,0
1477339200,18208.7,18231.7,18206.7,18221.5,4176,0
1477353600,18220.5,18228.0,18214.5,18224.0,681,0
1477368000,18224.5,18238.5,18220.5,18234.0,1148,0
1477382400,18234.5,18251.1,18220.5,18251.1,3152,0
1477396800,18252.1,18252.1,18219.1,18224.1,3156,0
1477411200,18225.1,18241.7,18147.7,18180.7,7785,0
1477425600,18180.2,18191.7,18155.0,18163.5,5514,0
1477440000,18157.5,18157.5,18128.5,18141.5,1317,0
1477454400,18141.0,18148.5,18130.5,18139.5,1560,0
1477468800,18139.0,18152.5,18095.1,18109.1,4450,0
1477483200,18108.1,18144.6,18083.1,18103.7,3964,0
1477497600,18103.6,18235.7,18055.7,18216.3,9113,0
1477512000,18216.5,18226.3,18140.1,18205.6,5978,0
1477526400,18203.3,18212.4,18181.9,18183.8,1001,0
1477540800,18184.1,18212.5,18181.9,18189.8,1737,0
1477555200,18189.4,18246.7,18165.9,18193.7,4835,0
1477569600,18193.9,18261.1,18181.5,18259.6,4350,0
1477584000,18259.4,18262.6,18144.7,18206.0,10070,0
1477598400,18205.7,18223.3,18155.7,18187.5,7582,0
1477612800,18187.3,18199.1,18179.9,18186.5,834,0
1477627200,18186.6,18190.2,18172.9,18182.9,1130,0
1477641600,18184.0,18186.1,18101.3,18144.6,5067,0
1477656000,18144.5,18211.1,18143.5,18195.4,4482,0
1477670400,18196.7,18252.7,18161.2,18239.3,9294,0
1477684800,18239.2,18246.2,18090.1,18175.1,14593,0
1477872000,18122.2,18165.6,18111.3,18145.1,1889,0
1477886400,18145.0,18212.1,18136.1,18210.0,2401,0
1477900800,18210.1,18225.1,18195.6,18206.8,2455,0
1477915200,18206.5,18207.5,18175.6,18196.8,3229,0
1477929600,18196.5,18198.7,18127.7,18173.2,9216,0
1477944000,18173.1,18176.3,18130.1,18162.8,4909,0
1477958400,18163.7,18168.5,18142.8,18144.9,653,0
1477972800,18150.1,18202.8,18150.1,18193.7,2561,0
1477987200,18193.6,18206.6,18169.1,18169.8,3041,0
1478001600,18169.6,18190.8,18154.6,18168.6,3596,0
1478016000,18169.1,18177.6,18035.7,18052.2,9357,0
1478030400,18051.3,18060.7,17936.7,18006.5,10782,0
1478044800,18014.6,18023.6,17994.5,18014.1,1675,0
1478059200,18014.2,18014.2,17947.9,17951.8,3190,0
1478073600,17952.0,17980.6,17946.1,17970.5,3850,0
1478088000,17969.5,18009.7,17958.5,17992.1,4755,0
1478102400,17991.6,18040.3,17968.3,18011.5,12690,0
1478116800,18011.2,18020.1,17914.7,17950.8,12547,0
1478131200,17942.0,17989.5,17942.0,17980.1,1512,0
1478145600,17980.2,17993.1,17926.0,17951.1,2886,0
1478160000,17951.6,17972.2,17932.4,17960.7,3667,0
1478174400,17960.6,18014.1,17951.5,18005.7,5772,0
1478188800,18005.4,18007.2,17934.7,17952.2,11178,0
1478203200,17953.3,17974.2,17901.7,17928.0,8277,0
1478217600,17926.2,17947.4,17926.2,17932.7,1260,0
1478232000,17931.9,17950.5,17921.5,17938.1,1922,0
1478246400,17937.9,17948.6,17907.1,17925.5,3252,0
1478260800,17925.0,17951.7,17898.1,17938.7,5730,0
1478275200,17939.1,17976.5,17881.7,17968.3,12199,0
1478289600,17968.9,17982.7,17882.7,17887.8,6170,0
1478476800,18106.9,18128.5,18066.0,18099.1,4080,0
1478491200,18099.3,18111.1,18090.0,18105.6,1579,0
1478505600,18106.1,18149.6,18105.9,18134.7,3419,0
1478520000,18134.9,18147.1,18105.0,18138.6,2260,0
1478534400,18138.5,18241.3,18126.6,18241.2,5837,0
1478548800,18242.1,18291.4,18198.2,18285.6,5008,0
1478563200,18254.5,18257.7,18187.8,18201.4,1997,0
1478577600,18201.5,18247.0,18192.2,18235.1,2191,0
1478592000,18234.9,18260.5,18228.4,18249.6,4046,0
1478606400,18249.5,18251.5,18218.5,18224.7,3176,0
1478620800,18224.6,18401.7,18200.2,18396.5,9258,0
1478635200,18397.3,18404.2,18315.7,18341.6,8420,0
1478649600,18358.6,18445.9,18248.6,18251.5,10993,0
1478664000,18251.0,18251.0,17474.0,17643.6,22732,0
1478678400,17643.4,18128.8,17630.3,18042.6,20810,0
1478692800,18043.1,18159.1,17912.9,18131.7,16058,0
1478707200,18132.0,18543.7,18090.5,18513.1,25488,0
1478721600,18512.9,18646.1,18468.5,18585.2,14597,0
1478736000,18585.5,18601.5,18549.9,18552.1,4850,0
1478750400,18555.1,18673.1,18544.9,18642.2,4089,0
1478764800,18641.9,18766.7,18619.4,18725.5,9413,0
1478779200,18725.6,18751.8,18646.5,18681.7,9345,0
1478793600,18681.5,18789.6,18625.7,18785.0,22489,0
1478808000,18785.4,18877.2,18769.2,18809.2,14512,0
1478822400,18824.0,18848.1,18799.5,18803.9,3748,0
1478836800,18804.2,18827.2,18794.5,18823.0,4156,0
1478851200,18822.9,18889.2,18819.9,18828.6,8151,0
1478865600,18828.7,18830.8,18762.5,18814.7,8232,0
1478880000,18814.4,18828.7,18740.4,18798.1,17871,0
1478894400,18798.2,18857.6,18790.1,18841.1,9200,0
1479081600,18866.8,18951.1,18851.6,18903.9,3635,0
1479096000,18901.9,18970.0,18901.4,18955.1,3455,0
1479110400,18956.5,18970.2,18933.1,18942.5,6749,0
1479124800,18941.5,18946.4,18857.4,18907.5,7488,0
1479139200,18907.7,18933.7,18814.2,18835.3,15400,0
1479153600,18835.2,18886.3,18820.1,18875.7,9743,0
1479168000,18866.6,18895.5,18851.0,18888.4,2749,0
1479182400,18887.2,18906.1,18872.8,18900.0,2486,0
1479196800,18900.1,18917.7,18874.9,18893.5,5872,0
1479211200,18894.8,18900.7,18861.1,18881.1,5996,0
1479225600,18881.6,18883.7,18807.2,18832.2,11303,0
1479240000,18832.1,18933.7,18832.1,18925.8,7220,0
1479254400,18905.3,18945.0,18896.0,18923.1,2409,0
1479268800,18923.6,18930.1,18907.1,18908.5,1900,0
1479283200,18908.6,18915.9,18873.7,18873.7,5963,0
1479297600,18874.7,18892.7,18839.4,18851.7,5714,0
1479312000,18852.1,18886.7,18822.5,18845.7,10093,0
1479326400,18845.8,18888.7,18828.0,18857.7,4699,0
1479340800,18856.5,18894.4,18856.5,18889.0,2055,0
1479355200,18888.8,18896.2,18867.1,18882.0,1865,0
1479369600,18882.6,18896.2,18861.9,18869.7,4800,0
1479384000,18870.5,18883.5,18851.5,18864.5,4453,0
1479398400,18864.4,18897.7,18840.7,18871.7,8561,0
1479412800,18871.2,18904.0,18856.4,18902.5,5100,0
1479427200,18890.5,18896.0,18862.5,18873.5,1947,0
1479441600,18873.6,18888.3,18867.9,18884.9,1624,0
1479456000,18884.4,18898.6,18846.7,18864.5,4933,0
1479470400,18864.7,18908.5,18859.4,18892.7,4445,0
1479484800,18893.5,18912.7,18851.2,18871.2,6669,0
1479499200,18871.1,18892.6,18856.1,18877.0,3074,0
1479686400,18870.7,18893.0,18866.5,18878.1,1917,0
1479700800,18879.1,18899.5,18878.9,18892.5,1461,0
1479715200,18893.1,18899.1,18858.1,18877.0,3710,0
1479729600,18877.1,18906.1,18877.0,18894.7,3765,0
1479744000,18895.1,18942.3,18875.7,18933.9,5852,0
1479758400,18933.2,18953.2,18926.1,18942.8,3067,0
1479772800,18941.5,18984.0,18937.4,18982.8,1902,0
1479787200,18982.9,19025.5,18981.3,19009.5,1982,0
1479801600,19009.2,19015.3,18995.7,18998.5,3122,0
1479816000,18997.5,18997.7,18974.6,18982.1,2706,0
1479830400,18983.1,19011.7,18957.2,18979.2,6190,0
1479844800,18979.7,19036.7,18978.7,19025.0,3957,0
1479859200,19023.5,19034.5,19013.5,19034.5,950,0
1479873600,19034.0,19042.5,19029.5,19035.0,989,0
1479888000,19034.5,19039.1,19020.1,19021.1,3473,0
1479902400,19020.1,19038.1,19005.6,19018.1,4649,0
1479916800,19017.1,19071.7,19000.1,19056.2,7361,0
1479931200,19055.7,19086.0,19046.7,19086.0,4339,0
1479945600,19089.5,19093.0,19059.5,19074.5,1621,0
1479960000,19075.5,19083.5,19071.5,19075.0,1240,0
1479974400,19075.5,19099.1,19073.1,19093.6,4163,0
1479988800,19094.1,19101.1,19088.1,19098.1,2732,0
1480003200,19098.6,19147.2,19098.1,19141.2,1820,0
1480032000,19136.5,19146.5,19124.0,19140.0,1284,0
1480046400,19139.5,19142.5,19118.5,19127.5,1814,0
1480060800,19128.0,19142.1,19118.1,19134.1,4037,0
1480075200,19135.1,19141.1,19124.1,19134.1,2683,0
1480089600,19133.6,19150.7,19120.7,19149.2,5314,0
1480104000,19151.7,19175.7,19146.7,19175.7,375,0
1480291200,19146.5,19146.5,19109.5,19115.5,2284,0
1480305600,19115.0,19132.5,19097.5,19130.0,2120,0
1480320000,19129.5,19133.5,19078.1,19110.1,4128,0
1480334400,19110.6,19129.6,19103.6,19118.1,4397,0
1480348800,19118.6,19140.7,19070.7,19122.7,8151,0
1480363200,19122.2,19128.7,19088.7,19112.0,4583,0
1480377600,19095.5,19096.0,19080.0,19090.0,1178,0
1480392000,19089.5,19099.5,19085.5,19088.5,1169,0
1480406400,19087.5,19132.1,19086.5,19118.1,3995,0
1480420800,19118.6,19125.1,19094.1,19098.1,3873,0
1480435200,19097.1,19138.7,19070.7,19138.7,7740,0
1480449600,19138.2,19143.7,19109.7,19124.5,4436,0
1480464000,19122.0,19131.5,19116.5,19125.5,1171,0
1480478400,19125.0,19129.5,19106.5,19111.0,1391,0
1480492800,19110.5,19157.1,19110.5,19139.6,4982,0
1480507200,19139.1,19173.1,19129.1,19172.1,5287,0
1480521600,19171.1,19222.7,19166.7,19191.7,9416,0
1480536000,19190.7,19200.7,19133.7,19144.5,7064,0
1480550400,19147.0,19154.5,19131.5,19148.0,1992,0
1480564800,19148.5,19170.5,19146.5,19160.0,1876,0
1480579200,19159.5,19161.5,19119.5,19133.1,5408,0
1480593600,19132.1,19175.1,19126.1,19171.1,3930,0
1480608000,19170.6,19211.7,19153.7,19180.7,14394,0
1480622400,19178.7,19208.7,19160.7,19199.0,9339,0
1480636800,19192.0,19198.0,19179.5,19182.0,1549,0
1480651200,19182.5,19186.5,19163.5,19186.0,1572,0
1480665600,19185.0,19188.5,19163.1,19174.1,4875,0
1480680000,19174.6,19200.1,19165.1,19193.1,4289,0
1480694400,19192.6,19196.1,19141.7,19188.7,9936,0
1480708800,19189.2,19191.2,19148.7,19168.2,5745,0
1480896000,19092.5,19156.5,19091.0,19148.5,3409,0
1480910400,19149.0,19159.5,19129.0,19131.0,2102,0
1480924800,19131.5,19284.1,19121.5,19253.1,9937,0
1480939200,19252.1,19259.1,19230.6,19247.6,4988,0
1480953600,19248.1,19273.7,19210.7,19222.2,10755,0
1480968000,19222.7,19229.7,19184.7,19221.5,6113,0
1480982400,19220.0,19224.0,19201.0,19204.5,1289,0
1480996800,19205.0,19207.5,19195.5,19206.0,1285,0
1481011200,19206.5,19222.6,19193.1,19221.1,4224,0
1481025600,19223.6,19241.1,19211.1,19230.1,3407,0
1481040000,19231.1,19235.1,19184.7,19229.7,8383,0
1481054400,19230.7,19251.2,19216.7,19246.0,5333,0
1481068800,19245.5,19245.5,19224.0,19225.0,1220,0
1481083200,19224.5,19239.5,19219.5,19237.5,878,0
1481097600,19236.5,19264.1,19236.0,19255.1,4787,0
1481112000,19255.6,19261.1,19219.1,19235.1,2542,0
1481126400,19234.1,19374.7,19229.7,19374.7,8674,0
1481140800,19375.7,19559.7,19371.7,19518.5,11083,0
1481155200,19513.0,19525.5,19495.5,19521.0,1466,0
1481169600,19521.5,19539.5,19514.5,19535.0,1545,0
1481184000,19534.5,19540.0,19504.1,19514.6,5019,0
1481198400,19515.1,19566.1,19492.1,19558.6,6336,0
1481212800,19559.1,19653.7,19525.7,19631.7,12714,0
1481227200,19632.7,19661.7,19593.7,19618.5,9168,0
1481241600,19610.0,19631.0,19609.5,19623.5,782,0
1481256000,19624.0,19638.5,19607.5,19635.0,1083,0
1481270400,19634.0,19636.5,19615.5,19622.1,2505,0
1481284800,19622.6,19646.6,19621.6,19643.1,1569,0
1481299200,19642.6,19691.2,19618.7,19681.7,11002,0
1481313600,19681.2,19768.7,19672.7,19763.2,5906,0
1481500800,19778.5,19870.5,19778.0,19803.5,2865,0
1481515200,19803.0,19805.5,19763.0,19781.5,2338,0
1481529600,19783.0,19799.6,19747.6,19759.6,3845,0
1481544000,19759.1,19795.1,19752.1,19776.1,2521,0
1481558400,19775.6,19818.7,19749.7,19766.7,11492,0
1481572800,19767.7,19799.0,19760.7,19797.5,7099,0
1481587200,19786.0,19802.5,19769.0,19795.0,1683,0
1481601600,19794.5,19806.5,19782.5,19806.5,1257,0
1481616000,19807.0,19848.6,19802.5,19842.1,3652,0
1481630400,19842.6,19862.1,19836.1,19853.1,2267,0
1481644800,19854.1,19919.7,19848.7,19900.7,13013,0
1481659200,19901.2,19955.7,19899.7,19915.5,6897,0
1481673600,19910.5,19914.5,19889.5,19900.5,1171,0
1481688000,19901.0,19910.5,19896.5,19900.5,1085,0
1481702400,19900.0,19911.1,19882.5,19900.1,3230,0
1481716800,19899.6,19914.1,19885.1,19894.1,2546,0
1481731200,19893.6,19912.7,19865.7,19907.7,8701,0
1481745600,19907.2,19964.7,19747.7,19817.0,19937,0
1481760000,19814.5,19864.0,19795.0,19849.5,3660,0
1481774400,19850.0,19865.0,19820.0,19850.5,2744,0
1481788800,19849.5,19867.1,19824.6,19833.1,6671,0
1481803200,19832.1,19873.1,19804.1,19839.1,5520,0
1481817600,19838.1,19949.7,19816.7,19899.2,14623,0
1481832000,19899.7,19916.7,19828.7,19869.0,10107,0
1481846400,19870.5,19884.0,19861.0,19874.0,1671,0
1481860800,19873.5,19885.0,19872.5,19879.5,1242,0
1481875200,19879.0,19887.1,19855.1,19861.1,3179,0
1481889600,19861.6,19903.1,19859.1,19890.1,4383,0
1481904000,19890.6,19916.7,19830.7,19843.7,10480,0
1481918400,19844.7,19856.7,19817.7,19849.2,8230,0
1482105600,19852.0,19885.5,19852.0,19879.5,1766,0
1482120000,19879.0,19891.5,19872.5,19890.5,1067,0
1482134400,19889.5,19895.5,19874.1,19881.1,2864,0
1482148800,19880.6,19886.1,19848.1,19852.1,1923,0
1482163200,19852.6,19913.7,19846.7,19881.7,8930,0
1482177600,19882.2,19904.7,19857.7,19890.5,5688,0
1482192000,19887.5,19900.5,19887.5,19896.5,1250,0
1482206400,19895.5,19902.0,19886.5,19895.0,1142,0
1482220800,19895.5,19916.1,19890.1,19908.1,2611,0
1482235200,19907.6,19960.1,19905.1,19942.1,2277,0
1482249600,19943.1,19986.7,19929.7,19961.7,6971,0
1482264000,19960.7,19981.7,19936.7,19964.0,4960,0
1482278400,19962.5,19968.5,19956.5,19962.0,1007,0
1482292800,19961.5,19968.5,19956.5,19961.5,1125,0
1482307200,19962.0,19977.1,19951.5,19964.1,2439,0
1482321600,19964.6,19969.1,19949.1,19963.1,1558,0
1482336000,19963.6,19983.7,19948.7,19957.7,6128,0
1482350400,19956.7,19966.7,19924.5,19926.0,3003,0
1482364800,19925.0,19936.0,19921.5,19930.5,1119,0
1482379200,19931.0,19931.5,19904.5,19918.5,1192,0
1482393600,19917.5,19947.1,19914.5,19935.1,1866,0
1482408000,19934.6,19951.1,19926.1,19939.1,1803,0
1482422400,19940.1,19942.1,19883.7,19908.7,7363,0
1482436800,19907.7,19927.7,19893.7,19918.5,4365,0
1482451200,19917.5,19934.5,19916.0,19933.0,898,0
1482465600,19932.5,19937.5,19925.5,19928.5,552,0
1482480000,19929.0,19941.6,19922.1,19926.1,1596,0
1482494400,19925.6,19929.6,19900.1,19906.1,1384,0
1482508800,19905.6,19924.7,19897.7,19906.7,4844,0
1482523200,19906.2,19929.2,19904.7,19928.7,2210,0
1482796800,19917.5,19924.5,19913.5,19921.5,573,0
1482811200,19921.0,19929.0,19917.5,19925.5,417,0
1482825600,19925.0,19927.5,19917.1,19918.1,841,0
1482840000,19919.1,19938.1,19916.1,19937.1,749,0
1482854400,19936.6,19975.2,19936.1,19955.2,4283,0
1482868800,19954.7,19963.7,19930.7,19932.5,2603,0
1482883200,19936.5,19951.5,19935.5,19950.5,870,0
1482897600,19950.0,19952.5,19945.5,19951.5,595,0
1482912000,19952.0,19968.5,19952.0,19964.1,1867,0
1482926400,19964.6,19973.1,19960.6,19971.6,1051,0
1482940800,19971.1,19976.7,19854.7,19872.7,6795,0
1482955200,19873.2,19878.7,19826.7,19833.5,5990,0
1482969600,19836.0,19848.5,19821.5,19836.0,1459,0
1482984000,19835.5,19841.5,19830.5,19831.0,1011,0
1482998400,19831.5,19836.5,19809.5,19819.6,3116,0
1483012800,19820.1,19839.1,19818.1,19829.1,1549,0
1483027200,19829.6,19874.2,19785.7,19811.2,8608,0
1483041600,19810.7,19838.7,19800.7,19825.0,5196,0
1483056000,19828.5,19831.5,19813.5,19830.5,1246,0
1483070400,19831.0,19872.0,19824.5,19861.5,1288,0
1483084800,19861.0,19866.5,19840.1,19852.1,1561,0
1483099200,19852.6,19864.1,19837.1,19853.1,2096,0
1483113600,19851.1,19855.1,19780.7,19788.7,9869,0
1483128000,19789.2,19801.7,19718.7,19765.7,7615,0
1483401600,19842.5,19847.0,19820.5,19843.0,2050,0
1483416000,19842.5,19886.5,19838.5,19878.5,1203,0
1483430400,19878.0,19906.1,19873.0,19896.1,3270,0
1483444800,19895.1,19935.1,19892.6,19909.1,2267,0
1483459200,19909.6,19926.7,19770.7,19790.7,11912,0
1483473600,19789.7,19878.7,19773.7,19866.0,6385,0
1483488000,19864.0,19879.5,19852.0,19878.0,1605,0
1483502400,19877.5,19889.5,19873.0,19887.5,1119,0
1483516800,19887.0,19894.1,19877.0,19890.1,2835,0
1483531200,19889.1,19910.1,19876.6,19901.1,2212,0
1483545600,19900.1,19946.7,19874.7,19923.2,7510,0
1483560000,19922.7,19952.7,19912.7,19935.0,5294,0
1483574400,19936.0,19940.5,19916.5,19922.0,1685,0
1483588800,19921.5,19931.5,19916.5,19930.5,1203,0
1483603200,19931.0,19936.1,19901.5,19934.1,3579,0
1483617600,19935.1,19935.1,19899.1,19921.1,2343,0
1483632000,19920.1,19944.7,19805.7,19858.7,8017,0
1483646400,19859.2,19904.7,19855.7,19896.5,4156,0
1483660800,19891.5,19897.5,19882.5,19895.5,1099,0
1483675200,19894.5,19897.5,19881.5,19886.5,1001,0
1483689600,19887.0,19890.0,19872.1,19873.6,2440,0
1483704000,19873.1,19909.1,19867.1,19907.1,2400,0
1483718400,19907.6,19998.7,19831.7,19990.7,8335,0
1483732800,19990.2,19995.7,19961.7,19967.7,5057,0
1483920000,19960.5,19988.5,19956.5,19986.5,1280,0
1483934400,19987.5,19991.5,19982.5,19991.5,790,0
1483948800,19990.5,19994.5,19959.1,19969.1,2426,0
1483963200,19968.1,19969.1,19918.1,19924.1,1906,0
1483977600,19923.1,19943.7,19890.7,19922.7,6763,0
1483992000,19923.7,19926.7,19890.5,19894.5,3985,0
1484006400,19895.0,19899.5,19872.5,19881.5,1277,0
1484020800,19881.0,19889.5,19858.5,19868.5,1823,0
1484035200,19869.0,19913.1,19860.5,19898.1,2889,0
1484049600,19897.6,19913.1,19877.1,19882.1,1503,0
1484064000,19883.1,19959.7,19839.7,19934.7,6362,0
1484078400,19934.2,19938.7,19849.7,19868.5,5173,0
1484092800,19870.5,19880.5,19835.5,19842.5,1532,0
1484107200,19840.0,19863.5,19839.5,19852.5,1418,0
1484121600,19852.0,19885.1,19837.1,19883.1,2898,0
1484136000,19882.6,19885.1,19853.1,19864.6,2232,0
1484150400,19865.1,19974.7,19827.7,19882.7,11501,0
1484164800,19881.7,19952.7,19829.7,19950.0,8698,0
1484179200,19949.0,19949.0,19912.5,19929.0,1253,0
1484193600,19929.5,19930.5,19882.5,19901.0,1489,0
1484208000,19901.5,19906.5,19881.1,19900.6,3552,0
1484222400,19900.1,19916.1,19895.1,19909.1,2142,0
1484236800,19908.1,19913.1,19762.7,19835.7,11727,0
1484251200,19834.7,19895.7,19834.7,19883.0,6697,0
1484265600,19884.5,19892.5,19878.5,19889.5,1270,0
1484280000,19890.0,19894.5,19885.5,19889.5,714,0
1484294400,19890.5,19893.5,19877.1,19889.1,2389,0
1484308800,19889.6,19907.1,19874.6,19893.1,2413,0
1484323200,19894.1,19947.7,19859.7,19880.7,8416,0
1484337600,19879.7,19909.7,19846.7,19909.7,4795,0
1484524800,19894.0,19894.0,19864.5,19871.0,1360,0
1484539200,19871.5,19872.5,19857.5,19860.0,1254,0
1484553600,19859.5,19871.1,19843.5,19868.1,3247,0
1484568000,19868.6,19881.1,19857.1,19866.1,1463,0
1484582400,19865.1,19868.7,19845.7,19854.2,1107,0
1484611200,19856.5,19864.5,19847.5,19861.0,1401,0
1484625600,19860.5,19867.5,19853.5,19853.5,1069,0
1484640000,19852.5,19854.0,19825.6,19833.6,2556,0
1484654400,19833.1,19881.1,19791.1,19858.1,3797,0
1484668800,19857.1,19882.7,19810.7,19834.7,9311,0
1484683200,19835.7,19857.7,19772.7,19815.0,5718,0
1484697600,19810.5,19822.0,19801.0,19821.5,1463,0
1484712000,19821.0,19855.5,19820.0,19852.5,1238,0
1484726400,19851.5,19851.5,19820.1,19826.1,2019,0
1484740800,19825.6,19851.1,19793.1,19841.1,2402,0
1484755200,19840.6,19840.6,19734.7,19771.7,9340,0
1484769600,19770.7,19808.7,19768.7,19790.0,5653,0
1484784000,19793.0,19813.5,19791.5,19805.0,1292,0
1484798400,19805.5,19807.5,19791.0,19792.5,924,0
1484812800,19793.5,19806.0,19777.1,19777.1,2240,0
1484827200,19775.6,19801.1,19765.1,19792.1,1972,0
1484841600,19791.1,19824.7,19737.7,19769.7,8583,0
1484856000,19768.7,19774.7,19675.7,19711.0,7524,0
1484870400,19722.0,19756.5,19719.5,19737.0,1305,0
1484884800,19741.0,19754.5,19724.5,19747.5,1213,0
1484899200,19747.0,19759.1,19734.5,19749.1,2938,0
1484913600,19749.6,19786.1,19748.1,19779.1,2281,0
1484928000,19778.1,19845.7,19752.1,19783.7,12324,0
1484942400,19784.7,19824.7,19767.7,19817.2,7632,0
1485129600,19815.5,19822.5,19765.5,19775.5,1808,0
1485144000,19776.5,19789.5,19772.5,19778.0,1128,0
1485158400,19777.5,19807.1,19759.1,19793.1,3248,0
1485172800,19792.1,19806.1,19781.1,19799.1,2085,0
1485187200,19798.6,19837.7,19731.7,19761.7,9478,0
1485201600,19760.7,19812.7,19757.7,19792.0,6568,0
1485216000,19792.5,19809.0,19789.5,19801.0,1199,0
1485230400,19800.5,19804.5,19782.5,19791.5,1182,0
1485244800,19790.5,19815.1,19787.1,19809.1,2626,0
1485259200,19810.1,19823.1,19793.1,19811.1,1722,0
1485273600,19810.1,19903.7,19789.7,19896.7,7306,0
1485288000,19897.2,19946.2,19895.7,19917.0,6030,0
1485302400,19918.5,19930.0,19910.5,19921.0,1000,0
1485316800,19921.5,19931.5,19914.5,19929.0,953,0
1485331200,19929.5,19978.1,19927.0,19958.1,3042,0
1485345600,19958.6,20012.6,19956.1,20001.1,1894,0
1485360000,20002.1,20080.7,20001.7,20062.7,8748,0
1485374400,20062.2,20078.7,20045.7,20071.5,5431,0
1485388800,20067.5,20078.0,20056.0,20073.5,874,0
1485403200,20074.0,20126.0,20074.0,20111.5,1396,0
1485417600,20110.5,20133.5,20109.1,20117.1,2719,0
1485432000,20116.6,20121.1,20070.6,20088.1,1673,0
1485446400,20088.6,20123.7,20067.7,20102.7,9092,0
1485460800,20103.2,20124.5,20075.7,20120.0,5552,0
1485475200,20112.0,20118.5,20093.0,20112.5,1034,0
1485489600,20112.0,20112.5,20101.5,20107.0,581,0
1485504000,20107.5,20138.5,20105.6,20109.6,2738,0
1485518400,20110.1,20129.6,20098.6,20103.1,2160,0
1485532800,20103.6,20114.7,20073.2,20086.7,8349,0
1485547200,20085.7,20095.2,20074.7,20076.2,3614,0
1485734400,20019.5,20046.5,20015.5,20018.5,1563,0
1485748800,20018.0,20042.0,20017.5,20041.5,502,0
1485763200,20042.0,20059.1,20030.1,20035.1,2526,0
1485777600,20034.6,20040.1,20004.6,20019.1,1772,0
1485792000,20018.1,20022.1,19866.7,19911.7,10507,0
1485806400,19911.2,19971.7,19891.7,19952.5,6058,0
1485820800,19950.5,19957.5,19941.5,19950.0,1085,0
1485835200,19950.5,19951.5,19892.5,19906.5,2076,0
1485849600,19905.5,19945.1,19892.5,19934.1,3310,0
1485864000,19935.1,19939.1,19905.1,19916.1,3159,0
1485878400,19915.6,19921.1,19790.7,19831.7,9954,0
1485892800,19832.2,19896.5,19782.7,19890.5,6314,0
1485907200,19885.5,19891.0,19855.5,19863.0,1157,0
1485921600,19863.5,19885.0,19860.5,19884.5,924,0
1485936000,19883.5,19915.5,19883.1,19898.1,3163,0
1485950400,19898.6,19936.1,19889.1,19929.1,2290,0
1485964800,19930.1,19962.7,19844.7,19883.7,10624,0
1485979200,19882.7,19917.7,19847.7,19892.0,11067,0
1485993600,19894.0,19896.0,19850.5,19854.5,1450,0
1486008000,19854.0,19861.5,19805.0,19806.5,1923,0
1486022400,19807.5,19845.1,19804.5,19820.1,3559,0
1486036800,19819.1,19857.1,19810.1,19826.1,3204,0
1486051200,19827.1,19920.7,19824.7,19891.7,9714,0
1486065600,19890.7,19896.7,19840.7,19881.5,6429,0
1486080000,19884.0,19892.5,19871.5,19881.5,1207,0
1486094400,19880.5,19880.5,19851.5,19870.5,2016,0
1486108800,19871.0,19923.1,19871.0,19906.6,2452,0
1486123200,19906.1,19990.1,19905.1,19977.1,2795,0
1486137600,19978.1,20066.7,19967.7,20055.2,8292,0
1486152000,20054.7,20076.7,20041.7,20055.2,4248,0
1486339200,20064.5,20074.5,20031.5,20043.0,1859,0
1486353600,20043.5,20062.5,20041.5,20057.0,1260,0
1486368000,20056.5,20083.1,20046.1,20071.1,3145,0
1486382400,20071.6,20080.1,20001.1,20017.1,2902,0
1486396800,20016.1,20089.7,20001.7,20034.7,8312,0
1486411200,20033.7,20052.7,20019.7,20040.0,5688,0
1486425600,20038.0,20049.5,20027.5,20043.5,1297,0
1486440000,20043.0,20051.5,20026.5,20044.5,1074,0
1486454400,20045.0,20085.1,20037.5,20082.1,3063,0
1486468800,20081.1,20115.1,20075.1,20101.1,2044,0
1486483200,20103.1,20156.7,20065.7,20079.7,7524,0
1486497600,20078.7,20101.7,20069.7,20072.5,4953,0
1486512000,20057.5,20074.5,20044.0,20051.5,1362,0
1486526400,20052.0,20077.5,20049.0,20074.5,975,0
1486540800,20075.0,20098.5,20067.1,20097.1,3356,0
1486555200,20095.1,20100.1,20044.1,20055.1,2784,0
1486569600,20056.1,20068.7,20014.7,20035.7,11704,0
1486584000,20036.2,20058.7,20034.7,20050.0,5651,0
1486598400,20049.5,20054.0,20025.0,20036.5,1032,0
1486612800,20037.0,20048.5,20028.5,20039.0,976,0
1486627200,20039.5,20056.1,20034.1,20045.1,2871,0
1486641600,20046.1,20089.1,20043.1,20068.1,2704,0
1486656000,20069.1,20193.7,20067.1,20177.7,9417,0
1486670400,20176.7,20205.7,20163.7,20181.5,5089,0
1486684800,20181.0,20209.5,20173.0,20202.5,1323,0
1486699200,20201.5,20216.5,20199.0,20212.0,1073,0
1486713600,20212.5,20240.5,20203.1,20217.1,3113,0
1486728000,20218.1,20221.1,20196.1,20211.1,2333,0
1486742400,20212.1,20270.7,20203.7,20262.7,8890,0
1486756800,20261.7,20295.7,20260.7,20271.2,5283,0
1486944000,20271.5,20292.5,20269.5,20290.5,1533,0
1486958400,20291.5,20328.5,20289.0,20297.5,1194,0
1486972800,20298.5,20311.1,20284.5,20302.1,2408,0
1486987200,20302.6,20330.1,20296.1,20324.1,1859,0
1487001600,20323.1,20410.7,20317.1,20409.7,7477,0
1487016000,20409.2,20440.7,20400.7,20430.5,4468,0
1487030400,20416.5,20424.5,20404.5,20410.0,1043,0
1487044800,20409.5,20422.5,20392.5,20398.5,1326,0
1487059200,20398.0,20419.1,20393.5,20404.1,2577,0
1487073600,20403.6,20425.1,20399.1,20410.1,1906,0
1487088000,20409.1,20464.7,20382.7,20459.7,9791,0
1487102400,20459.2,20531.7,20457.7,20524.0,5413,0
1487116800,20506.0,20515.5,20488.5,20510.5,1262,0
1487131200,20511.0,20551.5,20500.5,20529.5,1179,0
1487145600,20530.5,20546.1,20522.1,20533.1,2124,0
1487160000,20533.6,20538.1,20499.1,20507.1,2436,0
1487174400,20506.1,20604.7,20500.1,20583.7,9529,0
1487188800,20584.7,20652.5,20569.7,20646.5,6801,0
1487203200,20642.0,20646.5,20618.5,20622.5,1560,0
1487217600,20623.0,20638.5,20621.5,20635.5,1111,0
1487232000,20636.5,20639.1,20616.1,20620.1,2363,0
1487246400,20619.6,20623.1,20599.1,20617.1,1892,0
1487260800,20617.6,20642.7,20557.7,20597.7,11361,0
1487275200,20597.2,20629.7,20574.7,20614.5,7586,0
1487289600,20609.5,20622.0,20589.5,20613.5,1539,0
1487304000,20613.0,20624.5,20602.5,20603.5,863,0
1487318400,20602.5,20606.0,20553.6,20563.1,2814,0
1487332800,20562.6,20579.1,20536.1,20554.1,4347,0
1487347200,20553.1,20585.7,20527.1,20560.7,11753,0
1487361600,20561.2,20619.7,20550.7,20607.2,4878,0
1487548800,20598.0,20612.5,20587.5,20608.5,1575,0
1487563200,20609.0,20630.5,20607.5,20625.5,1210,0
1487577600,20626.5,20691.5,20624.5,20642.1,3903,0
1487592000,20641.6,20660.1,20637.1,20647.1,1545,0
1487606400,20646.6,20670.1,20634.2,20648.7,1761,0
1487635200,20646.5,20658.5,20636.5,20640.5,1067,0
1487649600,20641.5,20650.5,20627.5,20631.5,894,0
1487664000,20631.0,20660.1,20621.1,20656.1,3203,0
1487678400,20655.1,20686.1,20652.1,20671.1,1929,0
1487692800,20672.1,20754.7,20668.1,20712.7,9516,0
1487707200,20712.2,20747.7,20700.7,20710.5,5660,0
1487721600,20712.5,20724.5,20708.5,20717.5,1230,0
1487736000,20717.0,20740.5,20716.5,20731.5,853,0
1487750400,20732.0,20750.6,20715.6,20721.6,2529,0
1487764800,20721.1,20725.1,20689.6,20709.1,3183,0
1487779200,20708.1,20768.7,20692.7,20765.7,9130,0
1487793600,20766.2,20790.5,20731.7,20783.5,5876,0
1487808000,20780.5,20783.0,20753.5,20765.5,1466,0
1487822400,20765.0,20772.5,20760.5,20770.5,1261,0
1487836800,20770.0,20795.1,20762.5,20793.1,2571,0
1487851200,20793.6,20808.1,20773.6,20808.1,3178,0
1487865600,20807.6,20839.7,20746.7,20814.7,10547,0
1487880000,20813.7,20833.7,20791.7,20823.0,5865,0
1487894400,20804.5,20809.0,20789.5,20796.5,1216,0
1487908800,20797.0,20802.5,20791.5,20798.0,1039,0
1487923200,20797.5,20801.1,20785.1,20790.6,2435,0
1487937600,20791.1,20794.1,20718.1,20727.1,4537,0
1487952000,20726.6,20795.2,20713.1,20767.7,11611,0
1487966400,20768.7,20816.7,20746.7,20804.7,6275,0
1488153600,20781.0,20831.5,20779.5,20800.5,2220,0
1488168000,20801.5,20835.5,20798.5,20807.5,1740,0
1488182400,20808.5,20835.1,20795.1,20798.1,4156,0
1488196800,20797.1,20803.1,20774.1,20778.1,2863,0
1488211200,20778.6,20837.7,20770.7,20802.7,10631,0
1488225600,20803.7,20845.7,20800.7,20814.5,6075,0
1488240000,20811.0,20827.0,20809.5,20818.5,1112,0
1488254400,20819.0,20831.5,20815.5,20818.0,687,0
1488268800,20818.5,20834.1,20813.5,20829.1,3048,0
1488283200,20828.6,20836.1,20805.1,20820.1,2536,0
1488297600,20821.1,20838.7,20776.7,20802.7,8024,0
1488312000,20803.2,20839.0,20788.7,20835.5,6923,0
1488326400,20838.5,20884.5,20817.5,20866.5,2734,0
1488340800,20868.0,20880.0,20834.5,20847.5,5167,0
1488355200,20848.5,20904.1,20834.5,20892.1,3325,0
1488369600,20891.1,20988.1,20886.1,20987.1,3163,0
1488384000,20988.1,21170.7,20986.1,21123.7,11604,0
1488398400,21122.7,21168.7,21095.5,21098.0,7484,0
1488412800,21086.0,21114.5,21086.0,21094.5,1604,0
1488427200,21095.0,21110.0,21092.5,21109.5,1298,0
1488441600,21108.0,21126.5,21090.1,21100.1,3469,0
1488456000,21099.1,21138.1,21091.1,21128.1,2633,0
1488470400,21127.1,21128.1,21040.7,21063.7,10783,0
1488484800,21062.7,21077.7,20981.7,20996.5,8733,0
1488499200,20993.5,21006.5,20987.0,20989.0,1173,0
1488513600,20988.5,20999.5,20934.5,20952.5,1599,0
1488528000,20953.5,20974.1,20947.5,20957.1,2794,0
1488542400,20958.1,21034.1,20957.1,21022.1,3394,0
1488556800,21023.1,21045.7,20950.7,20988.7,10694,0
1488571200,20987.7,21015.7,20969.7,20989.2,9449,0
1488758400,20987.0,20987.0,20902.5,20928.5,2548,0
1488772800,20928.0,20947.5,20919.5,20945.5,1018,0
1488787200,20946.5,20970.1,20911.1,20964.1,3282,0
1488801600,20964.6,20969.1,20929.1,20933.6,2548,0
1488816000,20934.1,20968.7,20909.7,20945.7,10104,0
1488830400,20946.7,20985.7,20928.0,20929.0,6036,0
1488844800,20928.5,20955.5,20926.5,20950.5,1116,0
1488859200,20949.5,20970.5,20946.5,20961.5,605,0
1488873600,20962.0,20967.5,20940.1,20943.1,2409,0
1488888000,20942.6,20955.1,20928.1,20943.1,1996,0
1488902400,20942.6,20969.7,20899.7,20930.7,8681,0
1488916800,20932.2,20944.7,20901.7,20917.0,5987,0
1488931200,20902.5,20908.5,20859.5,20875.5,1822,0
1488945600,20875.0,20891.5,20863.5,20879.0,1752,0
1488960000,20878.5,20918.1,20873.5,20912.1,2674,0
1488974400,20912.6,20935.1,20888.1,20934.1,3176,0
1488988800,20935.1,20952.1,20886.7,20906.2,11497,0
1489003200,20906.7,20924.7,20834.7,20850.5,7602,0
1489017600,20855.5,20875.0,20848.5,20861.0,1210,0
1489032000,20861.5,20862.5,20845.5,20859.0,1343,0
1489046400,20859.5,20872.1,20849.6,20856.1,3193,0
1489060800,20855.1,20866.1,20817.1,20865.1,4045,0
1489075200,20864.6,20900.2,20848.1,20856.7,10069,0
1489089600,20855.7,20876.5,20776.7,20874.5,9066,0
1489104000,20869.0,20913.5,20864.5,20907.0,1217,0
1489118400,20906.5,20922.5,20901.0,20910.5,1576,0
1489132800,20911.0,20940.1,20902.5,20920.6,2378,0
1489147200,20921.1,20976.1,20917.1,20963.1,3090,0
1489161600,20964.1,20964.1,20834.2,20856.7,15096,0
1489176000,20857.7,20912.7,20826.7,20889.7,7784,0
1489363200,20880.5,20895.5,20862.5,20879.5,1120,0
1489377600,20878.5,20896.5,20876.5,20879.5,1501,0
1489392000,20880.0,20901.1,20877.1,20891.1,2350,0
1489406400,20891.6,20910.1,20868.1,20901.1,2818,0
1489420800,20900.6,20919.7,20843.7,20865.7,10570,0
1489435200,20864.7,20888.7,20855.7,20873.0,5024,0
1489449600,20872.0,20877.5,20859.5,20864.0,524,0
1489464000,20864.5,20871.5,20852.5,20870.5,907,0
1489478400,20869.5,20873.5,20838.1,20840.1,2423,0
1489492800,20839.6,20867.1,20806.6,20826.1,2650,0
1489507200,20827.1,20873.7,20783.7,20822.7,17335,0
1489521600,20823.2,20851.7,20816.2,20844.5,7373,0
1489536000,20849.5,20864.5,20843.5,20853.0,663,0
1489550400,20852.5,20877.0,20845.5,20875.0,1045,0
1489564800,20875.5,20892.1,20861.1,20882.1,2104,0
1489579200,20881.1,20889.1,20865.1,20876.1,2688,0
1489593600,20876.6,20911.7,20853.2,20906.2,11910,0
1489608000,20906.7,20972.7,20870.7,20932.5,20982,0
1489622400,20928.5,20953.5,20922.5,20951.0,1292,0
1489636800,20951.5,20975.5,20948.0,20964.5,2002,0
1489651200,20965.0,21021.1,20963.5,20994.1,3790,0
1489665600,20995.1,21005.6,20982.1,20999.1,4242,0
1489680000,20998.1,21007.1,20884.7,20937.7,15869,0
1489694400,20936.7,20944.7,20891.7,20930.5,9046,0
1489708800,20929.0,20940.0,20920.0,20939.5,829,0
1489723200,20939.0,20940.5,20917.5,20923.5,1424,0
1489737600,20924.0,20935.5,20903.5,20921.6,3248,0
1489752000,20922.1,20967.1,20921.1,20967.1,4522,0
1489766400,20967.6,20975.1,20907.7,20930.7,10093,0
1489780800,20931.2,20972.7,20911.7,20914.2,7282,0
1489968000,20901.5,20912.5,20875.5,20885.5,1410,0
1489982400,20884.5,20893.5,20877.5,20889.5,1391,0
1489996800,20890.5,20913.1,20889.5,20898.1,1502,0
1490011200,20897.1,20912.1,20889.1,20897.1,1850,0
1490025600,20897.6,20953.7,20892.7,20942.7,10456,0
1490040000,20941.7,20942.2,20882.7,20910.5,5956,0
1490054400,20906.0,20921.5,20903.0,20918.0,905,0
1490068800,20917.5,20955.5,20917.5,20941.5,1437,0
1490083200,20942.5,20954.6,20932.5,20939.1,1959,0
1490097600,20938.1,20944.1,20926.1,20936.1,2100,0
1490112000,20935.6,20968.7,20702.7,20736.7,33652,0
1490126400,20737.2,20746.7,20657.7,20663.0,25384,0
1490140800,20657.5,20669.5,20637.5,20651.0,1999,0
1490155200,20650.5,20650.5,20609.5,20637.0,3402,0
1490169600,20637.5,20654.1,20608.5,20622.6,5763,0
1490184000,20622.1,20653.1,20605.1,20641.1,5924,0
1490198400,20640.6,20670.7,20579.7,20636.7,27621,0
1490212800,20635.7,20686.7,20596.2,20645.5,14552,0
1490227200,20646.0,20684.5,20646.0,20678.5,1656,0
1490241600,20678.0,20693.0,20669.5,20671.5,1990,0
1490256000,20670.5,20678.5,20634.1,20636.6,2501,0
1490270400,20637.1,20673.1,20635.1,20641.1,4737,0
1490284800,20640.6,20756.7,20614.7,20754.7,19172,0
1490299200,20754.2,20754.2,20630.7,20658.5,23497,0
1490313600,20657.0,20726.5,20657.0,20717.5,2328,0
1490328000,20718.5,20722.5,20690.5,20698.5,2538,0
1490342400,20699.0,20708.5,20673.1,20683.1,3778,0
1490356800,20684.1,20698.1,20662.1,20688.1,3969,0
1490371200,20689.1,20718.7,20623.7,20663.7,19312,0
1490385600,20664.7,20671.7,20530.7,20624.2,26919,0
1490572800,20572.0,20578.5,20497.5,20500.0,3958,0
1490587200,20499.5,20522.5,20489.5,20517.0,2858,0
1490601600,20516.5,20523.0,20437.0,20487.1,7064,0
1490616000,20486.6,20506.1,20463.1,20469.1,4728,0
1490630400,20468.1,20565.7,20407.7,20554.7,27815,0
1490644800,20554.2,20577.7,20512.7,20567.5,12837,0
1490659200,20578.5,20586.0,20564.5,20572.0,1439,0
1490673600,20571.5,20584.5,20561.5,20577.5,1699,0
1490688000,20576.5,20591.5,20551.1,20564.1,2977,0
1490702400,20563.6,20566.1,20512.1,20523.1,3390,0
1490716800,20524.1,20655.7,20514.1,20652.7,20699,0
1490731200,20653.2,20733.7,20653.2,20686.5,13803,0
1490745600,20690.0,20706.5,20681.0,20695.0,1398,0
1490760000,20695.5,20701.5,20682.5,20700.5,1639,0
1490774400,20700.0,20719.1,20672.1,20678.6,3556,0
1490788800,20678.1,20687.1,20658.1,20669.1,3585,0
1490803200,20668.1,20678.1,20622.7,20637.7,18171,0
1490817600,20638.7,20682.7,20635.7,20646.5,7803,0
1490832000,20654.0,20699.5,20646.5,20690.5,1536,0
1490846400,20689.5,20695.5,20666.0,20677.0,1904,0
1490860800,20677.5,20679.5,20638.1,20642.1,2897,0
1490875200,20641.1,20658.1,20629.1,20653.1,2726,0
1490889600,20654.1,20752.7,20642.7,20687.7,15230,0
1490904000,20687.2,20735.7,20684.7,20728.0,7464,0
1490918400,20726.0,20729.5,20696.5,20709.5,1066,0
1490932800,20710.0,20720.5,20693.5,20695.5,1750,0
1490947200,20695.0,20696.1,20665.5,20676.1,4441,0
1490961600,20676.6,20715.1,20671.1,20702.6,2888,0
1490976000,20703.1,20708.1,20670.7,20694.7,11838,0
1490990400,20695.2,20717.7,20654.7,20666.7,9774,0
1491177600,20652.0,20682.5,20645.5,20672.5,1658,0
1491192000,20672.0,20680.5,20663.5,20670.5,1840,0
1491206400,20671.5,20708.5,20670.5,20684.6,2424,0
1491220800,20685.1,20697.6,20665.1,20678.1,2173,0
1491235200,20677.1,20690.7,20512.7,20588.7,31240,0
1491249600,20589.7,20664.7,20570.7,20640.0,12614,0
1491264000,20641.0,20645.5,20606.5,20625.5,1581,0
1491278400,20625.0,20627.5,20600.5,20611.5,1814,0
1491292800,20610.5,20616.5,20576.1,20589.1,4520,0
1491307200,20588.6,20618.1,20570.1,20600.1,3721,0
1491321600,20601.1,20698.7,20600.6,20651.7,17448,0
1491336000,20650.7,20711.5,20644.7,20711.0,7161,0
1491350400,20716.5,20717.0,20694.5,20698.5,826,0
1491364800,20698.0,20709.5,20667.5,20683.5,1719,0
1491379200,20684.0,20696.1,20673.5,20687.1,3113,0
1491393600,20687.6,20768.6,20682.1,20763.1,3535,0
1491408000,20764.1,20888.7,20757.1,20841.2,16293,0
1491422400,20841.7,20863.7,20614.5,20624.0,26412,0
1491436800,20624.5,20640.0,20582.5,20597.5,2742,0
1491451200,20597.0,20607.5,20567.5,20594.5,3317,0
1491465600,20588.0,20629.5,20581.1,20616.1,6206,0
1491480000,20617.1,20665.1,20617.1,20660.1,4698,0
1491494400,20661.1,20716.7,20607.7,20691.7,25256,0
1491508800,20690.7,20748.2,20644.7,20676.0,13654,0
1491523200,20676.5,20686.5,20664.0,20672.5,1286,0
1491537600,20671.5,20679.5,20519.5,20611.5,11619,0
1491552000,20611.0,20660.1,20593.0,20641.1,6516,0
1491566400,20640.6,20681.1,20590.1,20624.1,8118,0
1491580800,20623.6,20692.7,20606.7,20681.7,22939,0
1491595200,20681.2,20726.7,20652.7,20656.2,10935,0
1491782400,20659.5,20699.5,20651.0,20694.0,1900,0
1491796800,20693.5,20715.5,20684.0,20696.0,2184,0
1491811200,20695.5,20699.0,20665.1,20665.1,3282,0
1491825600,20666.1,20676.1,20635.1,20655.1,2290,0
1491840000,20654.6,20748.7,20610.2,20701.7,17321,0
1491854400,20701.2,20724.7,20639.7,20666.5,11393,0
1491868800,20667.0,20680.5,20643.5,20656.0,1460,0
1491883200,20655.5,20666.0,20617.5,20634.0,3099,0
1491897600,20633.5,20656.1,20616.1,20633.1,4809,0
1491912000,20632.6,20663.1,20628.1,20653.1,3042,0
1491926400,20652.6,20656.7,20505.7,20622.7,29973,0
1491940800,20623.2,20657.7,20592.7,20655.0,15334,0
1491955200,20658.5,20659.5,20612.5,20614.5,1770,0
1491969600,20615.5,20634.0,20607.5,20621.0,2612,0
1491984000,20620.5,20701.1,20614.5,20668.1,4465,0
1491998400,20669.1,20684.1,20630.1,20638.1,3785,0
1492012800,20637.1,20644.1,20552.7,20573.7,23421,0
1492027200,20573.2,20632.7,20562.5,20564.5,17327,0
1492041600,20567.0,20585.5,20554.5,20557.0,2065,0
1492056000,20557.5,20571.5,20521.5,20569.5,3848,0
1492070400,20570.0,20598.5,20538.1,20554.1,6269,0
1492084800,20553.6,20561.1,20520.1,20541.1,4876,0
1492099200,20542.1,20610.7,20522.7,20528.7,20081,0
1492113600,20529.2,20535.7,20449.7,20469.0,17482,0
1492387200,20450.5,20467.5,20438.5,20457.5,1758,0
1492401600,20457.0,20461.5,20434.0,20450.5,2108,0
1492416000,20451.0,20468.5,20450.5,20453.1,742,0
1492430400,20452.1,20528.1,20449.1,20519.1,1748,0
1492444800,20518.6,20577.7,20503.7,20562.7,12206,0
1492459200,20562.2,20642.7,20560.7,20628.5,7813,0
1492473600,20626.5,20644.5,20615.5,20619.5,1383,0
1492488000,20619.0,20631.5,20615.5,20631.0,1895,0
1492502400,20630.5,20644.0,20589.1,20599.1,4025,0
1492516800,20598.6,20631.1,20555.6,20560.1,5208,0
1492531200,20561.1,20596.7,20455.7,20475.7,20838,0
1492545600,20476.2,20543.7,20461.7,20493.5,12346,0
1492560000,20480.5,20507.5,20472.5,20496.5,1387,0
1492574400,20497.0,20501.5,20484.5,20496.5,1895,0
1492588800,20497.0,20521.1,20491.0,20510.1,3969,0
1492603200,20511.1,20544.1,20508.1,20526.1,2755,0
1492617600,20526.6,20539.7,20437.7,20464.7,13472,0
1492632000,20463.7,20465.7,20368.7,20381.0,11712,0
1492646400,20385.0,20405.0,20381.0,20394.0,1541,0
1492660800,20394.5,20406.5,20386.5,20394.5,1695,0
1492675200,20395.0,20442.1,20386.5,20430.1,4776,0
1492689600,20429.1,20441.1,20416.1,20421.1,3157,0
1492704000,20420.1,20589.7,20416.7,20570.2,16272,0
1492718400,20570.7,20629.7,20566.7,20597.0,9982,0
1492732800,20590.5,20606.0,20584.5,20585.5,889,0
1492747200,20585.0,20594.5,20575.5,20582.5,883,0
1492761600,20581.5,20614.5,20580.5,20594.1,4986,0
1492776000,20593.6,20610.1,20579.1,20592.1,4089,0
1492790400,20593.1,20600.7,20549.7,20561.7,14751,0
1492804800,20562.2,20592.7,20504.7,20563.7,11988,0
1492992000,20727.5,20775.5,20704.0,20727.5,5186,0
1493006400,20728.0,20729.5,20691.5,20702.5,2255,0
1493020800,20703.5,20760.1,20701.5,20758.1,9123,0
1493035200,20757.1,20788.1,20749.1,20770.1,4584,0
1493049600,20770.6,20783.2,20730.7,20759.7,16026,0
1493064000,20760.2,20793.7,20744.7,20760.5,8107,0
1493078400,20757.0,20764.5,20746.5,20763.0,1141,0
1493092800,20762.5,20800.5,20754.5,20793.5,2510,0
1493107200,20794.5,20818.0,20793.1,20803.1,3969,0
1493121600,20803.6,20925.1,20796.1,20908.1,4018,0
1493136000,20908.6,21018.2,20907.1,20996.7,13608,0
1493150400,20995.7,21026.7,20992.7,20996.5,7863,0
1493164800,20991.0,21008.5,20985.5,21001.0,1194,0
1493179200,21000.5,21016.5,20997.5,21013.5,1492,0
1493193600,21014.0,21027.1,21005.1,21014.1,2742,0
1493208000,21013.6,21055.1,20990.1,21011.1,5001,0
1493222400,21011.6,21070.7,20995.7,21058.7,16945,0
1493236800,21059.2,21065.7,20960.5,20960.5,16943,0
1493251200,20955.5,20996.5,20955.5,20988.0,1440,0
1493265600,20987.5,20995.5,20974.5,20986.0,1548,0
1493280000,20986.5,20997.5,20968.1,20970.1,3019,0
1493294400,20970.6,21007.1,20970.1,20998.1,3066,0
1493308800,20983.1,21003.7,20932.7,21002.7,16062,0
1493323200,21002.2,21003.2,20953.5,20971.5,8380,0
1493337600,20954.5,20964.5,20944.5,20960.0,1330,0
1493352000,20960.5,20966.5,20946.5,20951.5,1605,0
1493366400,20951.0,20963.1,20936.6,20950.1,2799,0
1493380800,20949.6,20991.1,20949.6,20982.1,3404,0
1493395200,20983.1,20987.1,20926.7,20949.7,14123,0
1493409600,20950.7,20952.2,20923.7,20948.2,7716,0
1493596800,20953.0,20953.5,20920.0,20937.0,1174,0
1493611200,20937.5,20965.0,20931.0,20954.5,1088,0
1493625600,20955.0,20972.5,20954.0,20960.1,713,0
1493640000,20961.1,20987.1,20961.1,20971.1,873,0
1493654400,20970.1,20977.1,20894.7,20927.7,9797,0
1493668800,20928.7,20975.7,20918.7,20936.5,7506,0
1493683200,20933.5,20953.0,20928.5,20953.0,1101,0
1493697600,20952.5,20952.5,20924.5,20931.5,1206,0
1493712000,20931.0,20938.6,20913.1,20921.1,3105,0
1493726400,20920.6,20935.1,20915.1,20932.1,1697,0
1493740800,20932.6,20958.7,20902.7,20942.7,10015,0
1493755200,20942.2,20947.7,20919.5,20929.0,5790,0
1493769600,20920.0,20930.0,20909.0,20927.5,545,0
1493784000,20927.0,20928.5,20908.0,20914.0,608,0
1493798400,20914.5,20917.5,20897.1,20908.6,1623,0
1493812800,20908.1,20922.6,20902.1,20913.1,1801,0
1493827200,20912.6,20943.7,20871.7,20928.7,9482,0
1493841600,20929.7,20972.7,20898.7,20939.5,8911,0
1493856000,20936.0,20975.5,20928.0,20971.0,1077,0
1493870400,20971.5,20979.5,20964.5,20977.0,1233,0
1493884800,20977.5,20985.1,20958.6,20984.1,2543,0
1493899200,20985.1,21010.6,20969.1,20980.6,2538,0
1493913600,20979.1,20993.1,20844.7,20922.7,14878,0
1493928000,20921.7,20950.7,20903.7,20944.5,9038,0
1493942400,20942.5,20946.5,20927.5,20929.0,427,0
1493956800,20928.5,20939.5,20880.5,20898.5,2008,0
1493971200,20899.0,20937.1,20890.0,20933.1,3018,0
1493985600,20934.1,20953.1,20914.1,20934.6,3643,0
1494000000,20935.1,20950.7,20901.7,20935.7,11648,0
1494014400,20936.2,21028.7,20929.7,21025.2,6657,0
1494201600,21064.5,21067.5,20992.0,21009.5,2632,0
1494216000,21010.5,21022.5,21003.5,21016.0,1723,0
1494230400,21016.5,21021.5,20969.1,20976.1,4765,0
1494244800,20975.6,21003.6,20963.1,20979.1,3431,0
1494259200,20980.1,21014.7,20969.7,21007.7,10465,0
1494273600,21006.7,21018.7,20983.7,21002.5,4507,0
1494288000,21003.0,21009.5,20989.5,20994.5,812,0
1494302400,20995.0,21004.0,20990.0,20995.5,1628,0
1494316800,20996.0,21020.1,20988.5,21015.1,2846,0
1494331200,21015.6,21045.1,21014.1,21034.1,1740,0
1494345600,21033.6,21047.7,20991.7,20994.7,9408,0
1494360000,20995.7,21004.2,20935.7,20948.0,6810,0
1494374400,20924.5,20929.5,20897.0,20904.0,1786,0
1494388800,20903.5,20916.5,20901.5,20913.5,1823,0
1494403200,20914.0,20932.1,20895.1,20899.1,4118,0
1494417600,20900.1,20924.6,20895.1,20915.1,3848,280
1494432000,20915.1,20976.2,20901.7,20956.2,19483,160
1494446400,20956.7,20963.7,20882.7,20928.0,11587,160
1494460800,20928.5,20931.5,20918.0,20924.0,919,400
1494475200,20923.5,20927.5,20914.5,20915.0,1826,400
1494489600,20915.5,20928.5,20909.1,20912.1,3367,280
1494504000,20911.1,20912.1,20877.1,20901.6,5522,280
1494518400,20901.1,20917.7,20795.7,20886.7,30453,160
1494532800,20886.7,20932.7,20883.7,20904.5,12594,160
1494547200,20904.0,20909.5,20887.5,20892.5,1177,400
1494561600,20892.5,20894.5,20870.0,20883.5,2762,400
1494576000,20883.5,20892.5,20864.1,20869.6,4493,280
1494590400,20870.1,20902.1,20863.1,20894.1,5144,280
1494604800,20894.1,20916.7,20867.7,20886.7,17430,160
1494619200,20886.7,20899.7,20869.7,20885.2,8298,160
1494806400,20885.2,20900.0,20882.5,20898.0,1510,400
1494820800,20898.5,20919.5,20897.5,20905.5,2345,400
1494835200,20905.0,20952.1,20904.0,20927.6,4679,280
1494849600,20928.1,20940.6,20901.1,20931.1,4006,280
1494864000,20931.1,20987.7,20929.1,20978.2,16808,160
1494878400,20977.7,21000.7,20965.7,20982.0,11474,160
1494892800,20982.5,20982.5,20961.5,20969.5,1420,400
1494907200,20969.5,20972.5,20951.5,20965.0,1789,400
1494921600,20965.5,20979.1,20961.5,20971.6,3481,280
1494936000,20972.1,21026.6,20967.1,21011.1,5000,280
1494950400,21011.1,21031.7,20931.7,20987.2,24457,160
1494964800,20986.7,20987.7,20960.2,20972.5,9921,160
1494979200,20973.5,20973.5,20819.5,20850.0,8117,400
1494993600,20849.5,20864.5,20826.5,20856.5,5021,400
1495008000,20856.5,20875.1,20832.1,20853.6,6778,280
1495022400,20853.1,20879.1,20805.1,20807.6,7790,280
1495036800,20808.1,20820.7,20689.7,20740.7,49515,160
1495051200,20740.7,20741.7,20599.5,20606.5,37297,160
1495065600,20607.5,20656.5,20590.0,20626.5,4653,400
1495080000,20626.0,20658.5,20612.5,20646.5,5466,400
1495094400,20647.0,20677.5,20599.1,20626.1,10331,280
1495108800,20626.1,20627.1,20494.1,20537.1,23721,280
1495123200,20536.1,20673.7,20531.1,20640.7,52966,160
1495137600,20641.2,20761.7,20612.7,20664.0,31994,160
1495152000,20663.5,20680.5,20661.5,20664.5,2028,400
1495166400,20664.5,20670.5,20641.5,20662.0,3028,400
1495180800,20662.5,20703.1,20651.6,20684.1,5405,280
1495195200,20683.1,20714.1,20681.1,20697.6,7189,280
1495209600,20698.1,20844.7,20682.1,20834.7,29047,160
1495224000,20834.7,20859.7,20780.7,20810.7,19992,160
1495411200,20810.7,20834.5,20810.0,20815.0,2339,400
1495425600,20814.5,20840.5,20813.5,20829.5,2358,400
1495440000,20829.5,20853.5,20812.1,20827.6,4323,280
1495454400,20827.1,20846.1,20787.1,20841.1,6073,280
1495468800,20841.1,20914.7,20841.1,20891.7,20151,160
1495483200,20891.7,20908.0,20883.7,20906.5,8585,160
1495497600,20906.0,20912.5,20858.0,20873.5,2952,400
1495512000,20874.0,20893.5,20868.5,20889.5,1878,400
1495526400,20890.0,20951.1,20869.5,20937.6,8536,280
1495540800,20938.1,20955.1,20926.1,20939.1,4039,280
1495555200,20939.1,20950.7,20894.7,20922.2,19905,160
1495569600,20921.7,20960.7,20921.7,20933.5,9070,160
1495584000,20933.0,20933.5,20914.0,20926.5,1338,400
1495598400,20926.0,20930.5,20920.5,20923.5,1497,400
1495612800,20924.0,20960.1,20922.5,20945.6,4969,280
1495627200,20946.1,20953.1,20929.1,20948.1,3442,280
1495641600,20948.1,20980.7,20931.7,20970.2,15483,160
1495656000,20970.7,21021.7,20957.7,21019.5,12377,160
1495670400,21020.5,21024.5,21006.5,21020.5,1463,400
1495684800,21020.5,21085.5,21017.5,21075.0,4160,400
1495699200,21074.5,21105.0,21055.1,21075.1,7167,280
1495713600,21074.6,21090.1,21058.1,21074.1,5232,280
1495728000,21074.1,21113.7,21048.7,21089.2,20155,160
1495742400,21088.7,21105.7,21070.7,21079.0,10360,160
1495756800,21079.5,21084.5,21062.5,21067.0,1482,400
1495771200,21066.5,21077.5,21050.5,21067.5,2104,400
1495785600,21067.5,21093.1,21053.5,21062.1,4701,280
1495800000,21063.1,21073.6,21037.6,21065.1,5371,280
1495814400,21065.1,21088.1,21052.7,21083.7,14445,160
1495828800,21083.7,21092.2,21070.7,21083.7,5905,160
1496016000,21083.7,21103.0,21082.0,21096.5,1669,400
1496030400,21096.5,21100.5,21089.5,21094.0,1341,400
1496044800,21094.5,21099.5,21084.6,21086.6,1589,280
1496059200,21087.1,21100.1,21084.1,21099.1,1085,280
1496073600,21101.1,21108.7,21086.7,21086.7,1634,160
1496102400,21087.2,21087.2,21068.5,21070.5,918,400
1496116800,21069.5,21074.5,21042.5,21069.5,1801,400
1496131200,21069.5,21079.1,21045.1,21069.6,4596,280
1496145600,21069.1,21073.1,21028.1,21048.6,4712,280
1496160000,21048.6,21065.7,21007.7,21041.7,16466,160
1496174400,21042.7,21050.7,21015.7,21028.5,6755,160
1496188800,21029.0,21033.0,21020.5,21030.5,985,400
1496203200,21030.0,21039.5,21024.0,21028.5,1566,400
1496217600,21028.0,21045.5,21012.6,21017.6,4419,280
1496232000,21017.1,21066.6,21008.1,21055.1,4681,280
1496246400,21055.1,21058.1,20936.7,20983.2,29690,160
1496260800,20983.7,21043.5,20960.7,21039.5,14279,160
1496275200,21040.0,21040.0,21018.5,21031.0,1557,400
1496289600,21031.5,21039.5,21005.5,21027.5,2401,400
1496304000,21027.5,21028.5,21006.1,21020.6,4937,280
1496318400,21020.1,21022.1,20989.1,21021.1,4452,280
1496332800,21021.1,21085.7,20993.7,21080.7,21617,160
1496347200,21080.7,21140.7,21079.7,21133.5,12506,160
1496361600,21133.0,21184.5,21132.5,21180.5,2835,400
1496376000,21180.5,21200.5,21174.5,21192.0,3150,400
1496390400,21192.5,21210.1,21176.1,21191.6,5784,280
1496404800,21191.1,21228.1,21139.1,21166.1,8311,280
1496419200,21165.6,21220.7,21127.7,21207.7,22827,160
1496433600,21207.7,21222.7,21179.7,21205.2,11560,160
1496620800,21205.2,21205.2,21171.5,21183.0,1968,400
1496635200,21182.5,21201.0,21180.0,21197.5,2214,400
1496649600,21197.0,21202.5,21187.1,21193.6,4133,280
1496664000,21194.1,21205.1,21177.1,21186.1,3163,280
1496678400,21186.1,21222.7,21166.7,21204.2,13550,160
1496692800,21204.7,21210.7,21177.7,21189.5,7247,160
1496707200,21189.5,21189.5,21168.5,21171.5,1203,400
1496721600,21171.0,21175.5,21162.5,21171.5,1836,400
1496736000,21172.5,21175.5,21141.1,21163.6,8117,280
1496750400,21163.1,21168.1,21118.1,21135.1,7639,280
1496764800,21135.1,21177.7,21118.7,21164.7,17636,160
1496779200,21163.7,21177.7,21132.7,21149.0,12014,160
1496793600,21149.5,21161.0,21142.0,21156.5,1211,400
1496808000,21157.0,21169.5,21155.5,21165.5,1414,400
1496822400,21165.5,21168.5,21134.1,21140.6,6880,280
1496836800,21141.1,21164.1,21137.1,21156.1,5781,280
1496851200,21156.1,21185.7,21110.2,21131.7,20842,160
1496865600,21131.7,21190.7,21124.7,21168.5,12034,160
1496880000,21168.5,21174.5,21161.5,21168.5,1262,400
1496894400,21169.0,21194.5,21164.5,21188.5,1594,400
1496908800,21188.0,21200.1,21178.0,21185.1,5236,280
1496923200,21186.1,21207.1,21159.1,21160.1,6808,280
1496937600,21160.1,21269.2,21153.1,21239.2,20976,160
1496952000,21238.7,21241.7,21136.7,21198.0,10101,160
1496966400,21197.0,21197.0,21128.5,21159.5,2523,400
1496980800,21160.0,21208.5,21159.5,21194.5,2869,400
1496995200,21194.0,21233.6,21180.5,21210.6,5688,280
1497009600,21211.1,21219.1,21193.1,21204.1,3339,280
1497024000,21204.6,21304.7,21204.1,21266.7,27508,160
1497038400,21266.2,21278.7,21155.7,21255.7,42982,160
1497225600,21255.7,21255.7,21221.5,21234.5,2484,400
1497240000,21234.0,21250.0,21217.5,21223.5,2387,400
1497254400,21223.5,21237.6,21208.1,21213.1,5691,280
1497268800,21213.1,21241.1,21207.1,21226.1,6558,280
1497283200,21226.1,21271.7,21185.7,21188.7,44993,160
1497297600,21187.7,21239.7,21187.7,21235.0,15651,160
1497312000,21234.0,21251.5,21217.5,21238.5,1648,400
1497326400,21239.0,21251.5,21238.5,21248.0,1551,400
1497340800,21248.5,21280.6,21245.5,21260.6,3446,280
1497355200,21261.1,21262.1,21240.1,21259.1,3067,280
1497369600,21260.1,21326.7,21259.1,21319.7,23432,160
1497384000,21318.7,21332.0,21306.7,21330.5,11007,160
1497398400,21330.5,21332.0,21318.5,21322.0,837,400
1497412800,21322.5,21322.5,21301.5,21319.5,1829,400
1497427200,21319.0,21347.1,21309.5,21337.1,3125,280
1497441600,21336.1,21375.1,21335.1,21354.6,5977,280
1497456000,21354.1,21367.1,21299.2,21334.2,27224,160
1497470400,21333.7,21389.2,21289.7,21367.5,34048,160
1497484800,21368.5,21368.5,21318.5,21339.5,3804,400
1497499200,21339.5,21346.5,21317.5,21337.5,3515,400
1497513600,21338.0,21345.5,21285.1,21287.6,7927,280
1497528000,21288.1,21312.1,21260.6,21288.1,9466,280
1497542400,21287.1,21354.7,21256.7,21346.7,32223,0
1497556800,21347.7,21367.5,21324.7,21357.5,14336,0
1497571200,21357.0,21389.0,21346.0,21377.0,2057,0
1497585600,21377.0,21397.5,21375.5,21392.0,2232,0
1497600000,21392.5,21406.1,21379.5,21386.1,4390,0
1497614400,21386.1,21402.1,21353.1,21363.1,5727,0
1497628800,21363.1,21380.7,21305.7,21362.7,26540,0
1497643200,21362.7,21380.7,21343.7,21377.2,11517,0
1497830400,21402.0,21417.5,21390.5,21411.5,2077,0
1497844800,21411.5,21424.5,21404.5,21409.0,2913,0
1497859200,21408.5,21467.6,21406.5,21445.6,6259,0
1497873600,21446.1,21456.1,21432.1,21448.6,4106,0
1497888000,21449.1,21510.7,21430.7,21497.7,20276,0
1497902400,21497.7,21525.7,21488.7,21513.5,9987,0
1497916800,21512.5,21537.5,21510.5,21531.0,1607,0
1497931200,21531.5,21539.5,21524.5,21531.5,1604,0
1497945600,21531.5,21533.1,21515.5,21524.6,3744,0
1497960000,21524.1,21525.1,21493.1,21504.1,5522,0
1497974400,21505.1,21532.7,21490.7,21517.2,19130,0
1497988800,21517.2,21521.7,21463.7,21479.0,13892,0
1498003200,21479.5,21484.0,21457.0,21468.5,2036,0
1498017600,21469.0,21481.5,21458.5,21472.5,3834,0
1498032000,21473.0,21479.5,21446.1,21468.1,6832,0
1498046400,21467.1,21497.1,21452.1,21484.1,5412,0
1498060800,21485.1,21494.1,21403.7,21406.7,28155,0
1498075200,21407.7,21429.7,21389.7,21408.5,16597,0
1498089600,21409.0,21409.0,21388.5,21399.5,1558,0
1498104000,21400.0,21424.5,21393.5,21412.0,2176,0
1498118400,21411.5,21430.5,21392.1,21396.6,5267,0
1498132800,21396.1,21425.1,21390.1,21410.6,4457,0
1498147200,21411.1,21454.7,21393.7,21430.2,20887,0
1498161600,21430.7,21446.7,21390.5,21395.0,9844,0
1498176000,21394.5,21412.5,21394.5,21412.5,947,400
1498190400,21412.5,21418.0,21404.0,21414.0,1150,400
1498204800,21413.5,21422.1,21406.1,21411.6,3512,280
1498219200,21411.1,21414.1,21340.1,21378.1,8827,280
1498233600,21378.1,21418.2,21328.7,21404.7,30578,160
1498248000,21404.7,21410.7,21353.7,21384.7,20329,160
1498435200,21365.5,21390.5,21355.0,21384.5,2803,160
1498449600,21384.5,21413.5,21383.5,21402.5,3547,400
1498464000,21402.5,21456.1,21401.0,21446.6,6737,280
1498478400,21446.6,21462.6,21441.1,21450.6,5870,280
1498492800,21450.6,21501.7,21375.7,21435.7,43154,160
1498507200,21435.7,21445.7,21404.7,21418.5,20294,160
1498521600,21418.5,21424.5,21406.5,21414.5,2083,400
1498536000,21414.5,21430.5,21410.5,21419.5,3525,400
1498550400,21419.5,21420.5,21372.1,21397.1,10356,280
1498564800,21397.1,21420.1,21389.1,21408.1,9145,280
1498579200,21408.1,21439.7,21371.7,21396.7,39787,160
1498593600,21396.7,21411.7,21315.0,21321.5,43994,160
1498608000,21321.5,21343.5,21316.5,21342.5,3538,400
1498622400,21342.5,21350.5,21308.5,21330.5,6258,400
1498636800,21330.5,21343.0,21304.1,21333.1,13339,280
1498651200,21333.1,21401.1,21332.1,21373.1,15643,280
1498665600,21373.1,21479.7,21372.1,21464.7,45756,160
1498680000,21464.7,21490.0,21444.7,21486.5,20283,160
1498694400,21486.5,21495.0,21478.5,21487.0,2387,400
1498708800,21487.0,21499.5,21481.5,21491.0,3650,400
1498723200,21491.0,21505.1,21468.1,21480.1,9930,280
1498737600,21480.1,21498.1,21460.6,21467.1,11856,280
1498752000,21467.1,21480.2,21265.7,21275.7,79351,160
1498766400,21275.7,21333.7,21193.7,21321.0,57999,160
1498780800,21321.0,21335.5,21304.5,21321.5,4929,400
1498795200,21321.5,21332.5,21303.5,21319.5,9039,400
1498809600,21319.5,21333.0,21286.6,21321.1,15851,280
1498824000,21321.1,21364.1,21318.1,21345.1,11455,280
1498838400,21345.1,21399.7,21318.2,21348.7,45267,160
1498852800,21348.7,21427.7,21346.7,21380.2,23459,160
1499040000,21380.2,21406.5,21373.5,21386.5,4372,160
1499054400,21386.5,21404.5,21380.5,21393.5,4828,400
1499068800,21393.5,21430.1,21390.5,21421.1,8058,280
1499083200,21421.1,21439.1,21411.1,21427.1,6617,280
1499097600,21427.1,21564.2,21420.1,21478.7,37982,160
1499112000,21478.7,21497.7,21466.2,21484.7,3493,160
1499126400,21484.7,21520.0,21468.0,21495.0,3711,160
1499140800,21495.0,21511.5,21488.5,21499.5,6928,400
1499155200,21499.5,21520.1,21461.5,21501.1,13538,280
1499169600,21501.1,21530.1,21490.1,21499.1,5350,280
1499184000,21499.1,21528.7,21478.7,21492.2,6563,160
1499198400,21492.2,21492.2,21492.2,21492.2,1,160
1499212800,21492.2,21492.2,21468.5,21478.5,3574,160
1499227200,21478.5,21495.5,21464.0,21492.5,6341,400
1499241600,21492.5,21512.1,21470.1,21486.1,12057,280
1499256000,21486.1,21511.1,21484.1,21499.1,9288,280
1499270400,21499.1,21509.1,21402.7,21474.7,51652,160
1499284800,21474.7,21494.7,21456.7,21482.0,29173,160
1499299200,21482.0,21488.5,21466.0,21469.0,2203,400
1499313600,21469.0,21475.5,21456.5,21463.5,6064,400
1499328000,21463.5,21471.5,21449.1,21461.1,7252,280
1499342400,21461.1,21461.1,21380.1,21409.1,16096,280
1499356800,21409.1,21438.7,21339.7,21389.7,55405,160
1499371200,21389.7,21416.7,21306.7,21335.0,31828,160
1499385600,21335.0,21344.5,21326.5,21336.5,2969,400
1499400000,21336.5,21345.5,21323.0,21325.0,5200,400
1499414400,21325.0,21344.1,21313.1,21315.1,8958,280
1499428800,21315.1,21391.1,21311.1,21367.1,12871,280
1499443200,21367.1,21424.7,21351.6,21409.7,40351,160
1499457600,21409.7,21423.7,21396.7,21418.2,16385,160
1499644800,21418.2,21426.0,21410.5,21425.0,1929,160
1499659200,21425.0,21448.5,21420.5,21437.5,3838,400
1499673600,21437.5,21441.5,21420.1,21427.1,6520,280
1499688000,21427.1,21430.1,21388.1,21390.1,7341,280
1499702400,21390.1,21444.7,21363.7,21440.2,30575,160
1499716800,21440.2,21440.7,21402.5,21406.5,16156,160
1499731200,21406.5,21418.5,21396.5,21416.5,1106,400
1499745600,21416.5,21433.5,21412.5,21429.5,3381,400
1499760000,21429.5,21438.1,21401.6,21410.1,7350,280
1499774400,21410.1,21419.1,21385.6,21395.1,6395,280
1499788800,21395.1,21438.7,21275.7,21401.2,43758,160
1499803200,21401.2,21441.7,21387.7,21429.5,20656,160
1499817600,21429.5,21436.5,21418.5,21418.5,1847,400
1499832000,21418.5,21427.5,21410.0,21420.5,3889,400
1499846400,21420.5,21432.1,21414.5,21424.1,4428,280
1499860800,21424.1,21536.1,21419.1,21525.1,10172,280
1499875200,21525.1,21582.7,21500.7,21522.7,40878,160
1499889600,21522.7,21556.7,21519.7,21539.0,17314,160
1499904000,21539.0,21550.5,21530.5,21541.5,1987,400
1499918400,21541.5,21548.0,21537.5,21547.5,2863,400
1499932800,21547.5,21562.1,21539.5,21557.1,5959,280
1499947200,21557.1,21569.1,21526.6,21540.1,6459,280
1499961600,21540.1,21567.7,21510.2,21555.7,28011,160
1499976000,21555.7,21568.5,21543.7,21564.5,15085,160
1499990400,21564.5,21568.5,21555.5,21568.5,1261,400
1500004800,21568.5,21576.0,21559.0,21564.5,3332,400
1500019200,21564.5,21567.5,21541.6,21551.6,4500,280
1500033600,21551.6,21577.1,21542.1,21576.1,7002,280
1500048000,21576.1,21632.2,21522.7,21612.7,25928,160
1500062400,21612.7,21681.7,21609.7,21649.2,18448,160
1500249600,21649.2,21668.2,21649.2,21659.5,1284,160
1500264000,21659.5,21661.5,21643.5,21653.0,2785,400
1500278400,21653.0,21671.6,21650.0,21653.1,4839,280
1500292800,21653.1,21675.1,21636.1,21650.1,6938,280
1500307200,21650.1,21653.7,21614.7,21650.7,25159,160
1500321600,21650.7,21659.2,21623.7,21641.0,11864,160
1500336000,21641.0,21641.0,21620.5,21622.5,1366,400
1500350400,21622.5,21628.5,21605.5,21625.5,3438,400
1500364800,21625.5,21657.1,21614.1,21642.1,6817,280
1500379200,21642.1,21648.1,21578.1,21580.1,11957,280
1500393600,21580.1,21590.1,21466.7,21533.2,35560,160
1500408000,21533.2,21580.7,21520.7,21570.5,14406,160
1500422400,21570.5,21570.5,21550.5,21566.5,1489,400
1500436800,21566.5,21576.5,21561.5,21566.5,2492,400
1500451200,21566.5,21573.5,21556.1,21565.1,5983,280
1500465600,21565.1,21584.1,21553.1,21574.1,6024,280
1500480000,21574.1,21615.7,21568.7,21597.7,27763,160
1500494400,21597.7,21653.2,21596.7,21636.5,13121,160
1500508800,21636.5,21636.5,21624.0,21634.5,1213,400
1500523200,21634.5,21637.5,21627.5,21636.5,2087,400
1500537600,21636.5,21673.1,21633.5,21650.6,5677,280
1500552000,21650.6,21672.1,21637.1,21645.1,10188,280
1500566400,21645.1,21663.7,21574.7,21625.7,40309,160
1500580800,21625.7,21643.7,21608.7,21632.5,14363,160
1500595200,21632.5,21637.5,21623.5,21631.5,1367,400
1500609600,21631.5,21633.5,21622.0,21624.0,2036,400
1500624000,21624.0,21633.1,21611.1,21632.1,4776,280
1500638400,21632.1,21638.1,21580.1,21581.1,9653,280
1500652800,21581.1,21583.1,21500.7,21564.7,34363,160
1500667200,21564.7,21581.2,21551.7,21568.2,11379,160
1500854400,21568.2,21576.0,21542.0,21553.0,1819,160
1500868800,21553.0,21558.0,21534.5,21557.5,2802,400
1500883200,21557.5,21567.5,21535.1,21537.1,7680,280
1500897600,21537.1,21570.1,21526.1,21559.1,6679,280
1500912000,21559.1,21579.1,21494.7,21529.7,22793,160
1500926400,21529.7,21553.7,21525.7,21543.5,10583,160
1500940800,21543.5,21548.5,21536.5,21544.5,753,400
1500955200,21544.5,21548.5,21538.5,21543.5,1398,400
1500969600,21543.5,21555.1,21534.5,21550.1,5001,280
1500984000,21550.1,21665.1,21549.1,21648.1,7855,280
1500998400,21648.1,21688.1,21574.7,21640.7,31517,160
1501012800,21640.7,21655.7,21595.7,21616.0,13291,160
1501027200,21616.0,21627.5,21611.5,21616.5,1045,400
1501041600,21616.5,21622.5,21598.5,21603.5,1999,400
1501056000,21603.5,21635.1,21602.0,21632.1,5536,280
1501070400,21632.1,21693.1,21626.1,21690.1,6788,280
1501084800,21690.1,21739.7,21690.1,21705.2,28333,160
1501099200,21705.2,21721.7,21681.7,21696.5,23508,160
1501113600,21696.5,21717.5,21689.5,21715.5,2026,400
1501128000,21715.5,21729.5,21707.5,21725.5,3092,400
1501142400,21725.5,21746.6,21717.1,21729.1,8632,280
1501156800,21729.1,21735.1,21711.1,21731.1,5879,280
1501171200,21731.1,21788.7,21728.1,21748.7,32754,160
1501185600,21748.7,21803.2,21687.7,21796.5,59086,160
1501200000,21796.5,21796.5,21747.5,21751.5,2556,400
1501214400,21751.5,21763.0,21737.5,21761.5,4112,400
1501228800,21761.5,21784.1,21750.0,21769.1,7847,280
1501243200,21769.1,21785.1,21747.1,21763.1,8628,280
1501257600,21763.1,21805.7,21753.7,21789.7,38605,160
1501272000,21789.7,21841.7,21785.7,21836.7,13975,160
1501459200,21836.7,21836.7,21806.0,21817.0,1895,160
1501473600,21817.0,21828.5,21815.5,21826.5,2081,400
1501488000,21826.5,21904.1,21824.5,21878.1,6112,280
1501502400,21878.1,21902.1,21868.1,21896.1,4767,280
1501516800,21896.1,21920.2,21873.7,21913.2,30837,160
1501531200,21913.2,21934.7,21894.7,21918.5,16232,160
1501545600,21918.5,21936.5,21906.5,21930.5,1595,400
1501560000,21930.5,21998.0,21930.5,21980.5,6459,400
1501574400,21980.5,22018.1,21966.5,22016.1,7506,280
1501588800,22016.1,22017.1,21987.1,22004.1,8352,280
1501603200,22004.1,22011.1,21943.7,21976.7,34029,160
1501617600,21976.7,21989.5,21942.7,21986.0,12795,160
1501632000,21986.0,22049.0,21982.5,21995.5,1835,400
1501646400,21995.5,22011.5,21994.5,22001.5,1932,400
1501660800,22001.5,22005.5,21990.1,21996.1,5036,280
1501675200,21996.1,22013.1,21991.1,22005.1,4537,280
1501689600,22005.1,22034.7,21965.7,21980.7,40795,160
1501704000,21980.7,22026.5,21973.7,22021.0,16941,160
1501718400,22021.0,22021.0,21993.5,22002.5,1213,400
1501732800,22002.5,22006.5,21985.0,21997.5,2479,400
1501747200,21997.5,22012.1,21982.6,22002.1,7932,280
1501761600,22002.1,22025.1,21995.6,22023.1,5878,280
1501776000,22023.1,22040.7,21993.7,22026.7,27005,160
1501790400,22026.7,22043.7,21999.7,22028.0,18160,160
1501804800,22028.0,22031.5,22010.5,22029.5,1352,400
1501819200,22029.5,22052.5,22024.5,22050.5,1718,400
1501833600,22050.5,22069.6,22023.5,22055.1,7686,280
1501848000,22055.1,22100.6,22050.1,22082.1,7422,280
1501862400,22082.1,22088.6,22024.7,22062.2,34608,160
1501876800,22062.2,22084.7,22056.7,22073.2,11999,160
1502064000,22077.5,22135.0,22073.5,22126.5,1771,160
1502078400,22126.5,22130.5,22115.5,22122.5,2227,400
1502092800,22122.5,22124.5,22109.5,22115.1,3760,280
1502107200,22115.1,22115.1,22089.1,22096.1,4336,280
1502121600,22096.1,22117.7,22080.7,22114.2,15143,160
1502136000,22114.2,22124.5,22101.7,22120.5,7920,160
1502150400,22120.5,22120.5,22103.5,22106.5,880,400
1502164800,22106.5,22108.5,22090.5,22100.5,1414,400
1502179200,22100.5,22113.1,22096.5,22107.1,2627,280
1502193600,22107.1,22118.1,22079.1,22098.1,4166,280
1502208000,22098.1,22180.7,22082.2,22138.7,27842,160
1502222400,22138.7,22141.7,22055.7,22076.5,24992,160
1502236800,22076.5,22076.5,22000.5,22015.5,4106,400
1502251200,22015.5,22036.0,22005.5,22034.5,4875,400
1502265600,22034.5,22060.1,22017.1,22043.1,8082,280
1502280000,22043.1,22045.1,22006.1,22027.1,11801,280
1502294400,22027.1,22058.7,22006.7,22017.7,43780,160
1502308800,22017.7,22064.5,21995.7,22061.5,21567,160
1502323200,22061.5,22061.5,22035.0,22044.5,1825,400
1502337600,22044.5,22049.5,22002.5,22012.5,5381,400
1502352000,22012.5,22028.0,22002.1,22003.1,6606,280
1502366400,22003.1,22011.1,21977.1,21986.1,10248,280
1502380800,21986.1,21988.1,21874.7,21912.7,65821,160
1502395200,21912.7,21969.7,21824.5,21838.5,43814,160
1502409600,21838.5,21866.5,21834.0,21850.5,2887,400
1502424000,21850.5,21867.0,21839.5,21849.5,4404,400
1502438400,21849.5,21876.5,21816.1,21837.1,10671,280
1502452800,21837.1,21886.1,21822.1,21872.1,14108,280
1502467200,21872.1,21910.7,21850.7,21885.2,54786,160
1502481600,21885.2,21902.7,21841.7,21869.2,25610,160
1502668800,21869.2,21946.0,21869.2,21945.5,3268,160
1502683200,21945.5,21949.5,21933.5,21937.5,3607,400
1502697600,21937.5,21980.1,21927.5,21964.1,7701,280
1502712000,21964.1,21982.1,21953.1,21982.1,5180,280
1502726400,21982.1,22017.7,21965.6,21999.7,28673,160
1502740800,21999.7,22011.7,21975.7,21994.5,18161,160
1502755200,21994.5,22046.5,21979.5,22043.5,3501,400
1502769600,22044.5,22061.0,22039.5,22041.5,4270,400
1502784000,22041.5,22045.5,22011.1,22023.1,6147,280
1502798400,22023.1,22046.1,22019.6,22034.1,7548,280
1502812800,22034.1,22041.6,21969.7,21993.7,28769,160
1502827200,21993.7,22024.7,21974.7,22010.5,16970,160
1502841600,22010.5,22010.5,21985.5,21988.5,2366,400
1502856000,21988.5,21997.5,21988.5,21994.5,2191,400
1502870400,21994.5,22062.1,21994.5,22052.1,7348,280
1502884800,22052.1,22057.1,22030.6,22041.1,5910,280
1502899200,22041.1,22084.7,22030.7,22058.7,26535,160
1502913600,22058.7,22066.7,22002.7,22026.5,33585,160
1502928000,22026.5,22026.5,21999.5,22016.5,2664,400
1502942400,22016.5,22021.5,22001.5,22019.5,3698,400
1502956800,22019.5,22037.1,22001.1,22010.1,7794,280
1502971200,22010.1,22020.1,21955.1,21971.6,10610,280
1502985600,21971.6,21981.7,21853.7,21864.7,65926,160
1503000000,21864.7,21866.7,21707.5,21729.5,48788,160
1503014400,21729.5,21765.0,21715.5,21760.5,5573,400
1503028800,21760.5,21775.5,21747.5,21755.5,5285,400
1503043200,21755.5,21768.5,21716.1,21728.1,11588,280
1503057600,21728.1,21766.1,21724.1,21756.1,11128,280
1503072000,21756.1,21791.7,21640.7,21768.7,72410,160
1503086400,21768.7,21777.7,21671.7,21697.7,32923,160
1503273600,21714.0,21737.0,21681.5,21692.5,3290,160
1503288000,21692.5,21696.5,21673.5,21691.5,4780,400
1503302400,21691.5,21694.0,21649.1,21660.1,9276,280
1503316800,21660.1,21708.1,21659.6,21683.6,9340,280
1503331200,21683.6,21699.7,21596.7,21690.7,50496,160
1503345600,21690.7,21719.5,21662.7,21719.0,20229,160
1503360000,21719.0,21762.5,21711.5,21758.5,3020,400
1503374400,21758.5,21772.0,21752.5,21760.5,4307,400
1503388800,21760.5,21792.5,21749.1,21760.6,6450,280
1503403200,21760.6,21778.1,21728.1,21771.1,9092,280
1503417600,21771.1,21861.7,21755.7,21856.7,29988,160
1503432000,21856.7,21915.0,21856.7,21911.0,17692,160
1503446400,21911.0,21911.5,21875.5,21876.5,2602,400
1503460800,21876.5,21890.5,21853.5,21870.5,4192,400
1503475200,21870.5,21889.6,21863.1,21866.6,7112,280
1503489600,21866.6,21872.1,21821.1,21826.1,8175,280
1503504000,21826.1,21864.7,21798.1,21844.7,46753,160
1503518400,21844.7,21849.7,21796.5,21800.5,19666,160
1503532800,21800.5,21806.5,21773.5,21798.5,3369,400
1503547200,21798.5,21819.5,21792.5,21808.5,3289,400
1503561600,21808.5,21843.1,21793.5,21833.1,6329,280
1503576000,21833.1,21880.1,21832.1,21876.1,6651,280
1503590400,21876.1,21878.1,21763.7,21799.7,49860,160
1503604800,21799.7,21833.7,21774.7,21815.0,28705,160
1503619200,21815.0,21816.5,21790.5,21796.5,2004,400
1503633600,21796.5,21817.5,21779.5,21800.5,3836,400
1503648000,21800.5,21814.5,21769.1,21797.1,7382,280
1503662400,21797.1,21854.1,21785.1,21843.1,8104,280
1503676800,21843.1,21905.7,21812.7,21841.7,46340,160
1503691200,21841.7,21868.7,21812.7,21820.7,19025,160
1503878400,21811.5,21838.0,21780.5,21794.0,5610,160
1503892800,21794.0,21802.5,21781.5,21791.0,4108,400
1503907200,21791.0,21802.1,21763.1,21785.1,6978,280
1503921600,21785.1,21857.1,21784.1,21856.1,5493,280
1503936000,21856.1,21872.1,21764.7,21784.7,32951,160
1503950400,21784.7,21816.7,21777.7,21808.0,16077,160
1503964800,21808.0,21808.0,21648.5,21718.5,13006,400
1503979200,21718.5,21725.0,21674.5,21704.0,8510,400
1503993600,21704.0,21731.5,21649.1,21661.1,17540,280
1504008000,21661.1,21712.1,21648.1,21682.6,15982,280
1504022400,21682.6,21837.7,21662.1,21823.7,53091,160
1504036800,21823.7,21883.7,21811.2,21875.5,19794,160
1504051200,21875.5,21888.0,21861.0,21880.0,3830,400
1504065600,21880.0,21889.5,21871.0,21886.5,3849,400
1504080000,21886.5,21956.0,21884.5,21904.6,8177,280
1504094400,21904.6,21909.1,21852.1,21856.1,8219,280
1504108800,21856.1,21881.7,21832.7,21879.7,35787,160
1504123200,21879.7,21913.7,21857.7,21880.0,20723,160
1504137600,21880.0,21914.5,21878.0,21906.5,2527,400
1504152000,21906.5,21910.5,21895.0,21901.5,3744,400
1504166400,21901.5,21940.1,21897.5,21934.1,7260,280
1504180800,21934.1,21950.1,21915.1,21937.1,8184,280
1504195200,21937.1,21987.7,21908.7,21932.7,36584,160
1504209600,21932.7,21978.7,21912.2,21968.0,20390,160
1504224000,21968.0,21986.5,21968.0,21975.5,2230,400
1504238400,21975.5,21981.5,21970.5,21979.5,2367,400
1504252800,21979.5,22001.1,21973.5,21984.1,4984,280
1504267200,21984.1,22027.1,21979.1,22008.1,9464,280
1504281600,22008.1,22038.7,21978.7,22030.7,32829,160
1504296000,22030.7,22034.7,21979.2,21980.2,11269,160
1504483200,21885.5,21933.5,21881.5,21908.5,7027,160
1504497600,21908.5,21938.5,21906.0,21933.0,6385,400
1504512000,21933.0,21936.5,21899.0,21911.6,8807,280
1504526400,21911.6,21941.1,21911.6,21921.1,4538,280
1504540800,21921.1,21946.1,21911.1,21921.6,4559,160
1504569600,21921.6,21949.5,21911.0,21927.5,3147,280
1504584000,21927.5,21936.0,21914.5,21935.5,5526,400
1504598400,21935.5,21950.1,21927.0,21940.1,7326,280
1504612800,21940.1,21948.1,21907.1,21915.1,7792,280
1504627200,21915.1,21930.6,21724.7,21753.7,62788,160
1504641600,21753.7,21777.7,21705.7,21768.5,44257,160
1504656000,21768.5,21772.5,21742.5,21756.5,3282,400
1504670400,21756.5,21776.5,21745.5,21754.5,6044,400
1504684800,21754.5,21789.1,21752.5,21779.1,8314,280
1504699200,21779.1,21834.1,21749.1,21833.1,11066,280
1504713600,21833.1,21847.2,21790.7,21823.7,53196,160
1504728000,21823.7,21844.7,21807.7,21811.0,19571,160
1504742400,21811.0,21811.0,21756.0,21797.5,5246,400
1504756800,21797.5,21803.5,21776.5,21782.5,5154,400
1504771200,21782.5,21782.5,21759.1,21766.1,7691,280
1504785600,21766.1,21827.1,21765.6,21820.1,13777,280
1504800000,21820.1,21849.7,21744.7,21771.2,49790,160
1504814400,21771.2,21803.7,21743.7,21797.0,17000,160
1504828800,21797.0,21803.5,21756.5,21767.0,3666,400
1504843200,21767.0,21792.5,21749.5,21787.5,4975,400
1504857600,21787.5,21787.5,21720.6,21724.6,10775,280
1504872000,21724.6,21753.1,21710.1,21743.6,6527,280
1504886400,21743.6,21845.7,21726.7,21834.7,36130,160
1504900800,21834.7,21835.7,21784.7,21813.7,16851,160
1505088000,21876.5,21908.5,21873.0,21907.5,4440,160
1505102400,21907.5,21932.5,21904.5,21917.5,4390,400
1505116800,21917.5,21940.1,21914.5,21937.1,7658,280
1505131200,21937.1,21941.1,21919.1,21933.6,6024,280
1505145600,21933.6,22061.7,21932.1,22045.7,35999,160
1505160000,22045.7,22072.5,22039.7,22067.0,16017,160
1505174400,22067.0,22085.5,22057.5,22079.5,2646,400
1505188800,22079.5,22080.0,22060.5,22068.5,2596,400
1505203200,22068.5,22100.1,22067.5,22095.1,6827,280
1505217600,22095.1,22114.1,22091.1,22103.1,5776,280
1505232000,22103.1,22136.2,22084.7,22113.7,39667,160
1505246400,22113.7,22131.5,22096.7,22129.0,24183,160
1505260800,22129.0,22136.5,22112.5,22118.5,1901,400
1505275200,22118.5,22123.5,22106.5,22114.5,2485,400
1505289600,22114.5,22115.5,22090.1,22108.1,5296,280
1505304000,22108.1,22119.1,22099.1,22113.1,6568,280
1505318400,22113.1,22145.7,22098.7,22136.7,33100,160
1505332800,22136.7,22158.5,22123.7,22153.0,17324,160
1505347200,22153.0,22153.0,22127.5,22141.5,2729,400
1505361600,22141.5,22147.5,22131.5,22135.5,3516,400
1505376000,22135.5,22145.1,22130.5,22144.1,4059,280
1505390400,22144.1,22153.1,22109.1,22118.1,11172,280
1505404800,22118.1,22208.7,22115.1,22206.7,31929,160
1505419200,22206.7,22216.7,22188.7,22214.0,15550,160
1505433600,22214.0,22214.0,22166.5,22187.5,6899,400
1505448000,22187.5,22215.5,22179.5,22211.5,4143,400
1505462400,22211.5,22215.5,22196.6,22211.1,6054,280
1505476800,22211.1,22222.1,22195.1,22197.1,9370,280
1505491200,22197.1,22252.7,22188.1,22240.7,27973,160
1505505600,22240.7,22275.7,22238.7,22265.2,13751,160
1505692800,22265.2,22286.5,22265.2,22283.5,2227,160
1505707200,22283.5,22341.0,22281.5,22329.5,5451,400
1505721600,22329.5,22347.5,22315.1,22321.6,4951,280
1505736000,22321.6,22328.1,22301.1,22306.1,4574,280
1505750400,22306.1,22357.7,22284.7,22343.7,24035,160
1505764800,22343.7,22356.7,22322.7,22339.5,15413,160
1505779200,22339.5,22361.5,22337.0,22358.5,2614,400
1505793600,22358.5,22358.5,22345.5,22354.5,2931,400
1505808000,22354.5,22358.0,22337.5,22347.1,5250,280
1505822400,22347.1,22366.1,22347.1,22351.1,4495,280
1505836800,22351.1,22380.7,22340.7,22372.7,23371,160
1505851200,22372.7,22384.7,22365.7,22374.0,9811,160
1505865600,22374.0,22374.5,22364.5,22367.0,2005,400
1505880000,22367.0,22385.5,22366.5,22376.5,3113,400
1505894400,22376.5,22388.1,22373.5,22384.6,4333,280
1505908800,22384.6,22385.1,22366.1,22372.1,5241,280
1505923200,22372.1,22396.7,22357.7,22389.7,19522,160
1505937600,22389.7,22427.0,22314.7,22415.0,39460,160
1505952000,22415.0,22426.5,22406.5,22408.0,2721,400
1505966400,22408.0,22417.0,22405.5,22409.5,3315,400
1505980800,22409.5,22412.5,22393.1,22406.1,6714,280
1505995200,22406.1,22412.1,22400.1,22409.1,3965,280
1506009600,22409.1,22413.7,22366.7,22377.7,26657,160
1506024000,22377.7,22382.7,22357.7,22371.5,12514,160
1506038400,22371.5,22372.5,22324.5,22326.5,3537,400
1506052800,22326.5,22330.5,22296.5,22317.5,6456,400
1506067200,22317.5,22350.1,22316.5,22344.1,6213,280
1506081600,22344.1,22364.1,22332.1,22334.1,8316,280
1506096000,22334.1,22363.7,22319.7,22321.7,23293,160
1506110400,22321.7,22358.7,22300.7,22336.7,12711,160
1506297600,22337.0,22378.5,22326.5,22371.5,3960,160
1506312000,22371.5,22373.5,22324.5,22334.0,5612,400
1506326400,22334.0,22336.5,22311.1,22329.1,7776,280
1506340800,22329.1,22338.1,22311.1,22318.1,5398,280
1506355200,22318.1,22358.7,22214.7,22273.7,39200,160
1506369600,22273.7,22321.7,22268.7,22318.5,19538,160
1506384000,22318.5,22321.5,22278.5,22293.5,3175,400
1506398400,22293.5,22314.5,22287.0,22292.5,5714,400
1506412800,22292.5,22313.1,22286.5,22312.1,7170,280
1506427200,22312.1,22332.1,22302.1,22330.1,6048,280
1506441600,22330.1,22364.7,22287.7,22304.7,27014,160
1506456000,22304.7,22323.7,22280.7,22295.5,13162,160
1506470400,22295.5,22298.5,22282.5,22285.5,2832,400
1506484800,22285.5,22310.5,22283.0,22306.0,3707,400
1506499200,22306.0,22331.1,22302.5,22310.1,7560,280
1506513600,22310.1,22341.1,22304.1,22339.1,6323,280
1506528000,22339.1,22370.7,22253.2,22303.7,31781,160
1506542400,22303.7,22369.7,22296.7,22337.0,21931,160
1506556800,22337.0,22337.0,22320.5,22328.5,2781,400
1506571200,22328.5,22341.5,22322.5,22341.5,4569,400
1506585600,22341.5,22351.5,22317.1,22333.1,7719,280
1506600000,22333.1,22337.1,22292.1,22302.1,7426,280
1506614400,22302.1,22390.7,22282.7,22377.2,29679,160
1506628800,22377.2,22390.7,22365.7,22371.0,12135,160
1506643200,22371.0,22371.5,22359.0,22368.5,2847,400
1506657600,22368.5,22378.5,22363.5,22372.0,3679,400
1506672000,22372.0,22377.5,22359.1,22361.1,5245,280
1506686400,22361.1,22368.1,22338.1,22342.1,4738,280
1506700800,22342.1,22379.7,22329.7,22365.7,22347,160
1506715200,22365.7,22403.7,22348.7,22396.2,12553,160
1506902400,22396.2,22465.5,22396.2,22422.0,4048,160
1506916800,22422.0,22429.5,22411.5,22419.5,1950,400
1506931200,22419.5,22435.0,22418.5,22422.6,5768,280
1506945600,22422.6,22460.1,22422.6,22432.1,5130,280
1506960000,22432.1,22517.2,22419.7,22516.7,31883,160
1506974400,22516.7,22575.5,22511.7,22571.5,16735,160
1506988800,22571.5,22571.5,22555.5,22563.5,3758,400
1507003200,22563.5,22607.5,22562.5,22600.5,6471,400
1507017600,22600.5,22607.5,22589.1,22594.1,3682,280
1507032000,22594.1,22605.1,22588.1,22594.1,3210,280
1507046400,22594.1,22638.2,22579.7,22630.7,19847,160
1507060800,22630.7,22676.5,22625.7,22667.5,11078,160
1507075200,22667.5,22667.5,22645.5,22648.5,1918,400
1507089600,22648.5,22667.0,22646.5,22658.5,2303,400
1507104000,22658.5,22661.1,22652.1,22658.1,3473,280
1507118400,22658.1,22661.1,22634.1,22642.1,3293,280
1507132800,22642.1,22684.7,22635.7,22672.7,21121,160
1507147200,22672.7,22678.7,22644.7,22658.0,10399,160
1507161600,22658.0,22658.0,22643.5,22646.0,1355,400
1507176000,22646.0,22666.5,22644.5,22656.5,1546,400
1507190400,22656.5,22663.1,22648.5,22661.1,4021,280
1507204800,22661.1,22682.1,22654.1,22664.1,3338,280
1507219200,22664.1,22763.7,22653.7,22753.7,22851,160
1507233600,22753.7,22793.7,22751.7,22783.5,11789,160
1507248000,22783.5,22783.5,22771.0,22778.5,1865,400
1507262400,22778.5,22781.5,22774.5,22778.5,1531,400
1507276800,22778.5,22785.5,22772.1,22775.1,3321,280
1507291200,22775.1,22782.1,22742.1,22742.1,10373,280
1507305600,22742.1,22768.7,22732.7,22744.7,39270,160
1507320000,22744.7,22767.7,22728.7,22743.7,11892,160
1507507200,22732.0,22764.5,22731.0,22764.5,1613,160
1507521600,22764.5,22771.5,22763.5,22765.5,3009,400
1507536000,22765.5,22772.1,22756.0,22762.1,3774,280
1507550400,22762.1,22798.1,22761.1,22782.1,5299,280
1507564800,22782.1,22799.7,22754.7,22762.7,27484,160
1507579200,22762.7,22772.7,22738.2,22760.5,16782,160
1507593600,22760.5,22789.5,22756.0,22783.5,2884,400
1507608000,22783.5,22791.5,22774.5,22781.5,3671,400
1507622400,22781.5,22799.1,22773.6,22785.1,8240,280
1507636800,22785.1,22817.1,22780.1,22816.1,7446,280
1507651200,22816.1,22849.7,22767.7,22807.7,53514,160
1507665600,22807.7,22842.5,22799.7,22836.5,24103,160
1507680000,22836.5,22839.5,22828.5,22839.5,2339,400
1507694400,22839.5,22854.5,22838.0,22846.0,5256,400
1507708800,22846.0,22846.5,22817.1,22824.1,6679,280
1507723200,22824.1,22834.1,22808.1,22828.1,7034,280
1507737600,22828.1,22854.7,22821.7,22843.7,30010,160
1507752000,22843.7,22869.7,22834.7,22865.0,18780,160
1507766400,22865.0,22867.5,22855.5,22856.5,2320,400
1507780800,22856.5,22870.5,22854.5,22864.5,3026,400
1507795200,22864.5,22868.1,22846.1,22848.1,6210,280
1507809600,22848.1,22861.1,22836.1,22845.1,6459,280
1507824000,22845.1,22885.2,22831.7,22868.7,31216,160
1507838400,22868.7,22874.7,22820.7,22845.5,19383,160
1507852800,22845.5,22845.5,22829.0,22837.5,2315,400
1507867200,22837.5,22863.5,22837.5,22862.5,4062,400
1507881600,22862.5,22862.5,22846.1,22852.1,4501,280
1507896000,22852.1,22896.1,22851.1,22877.1,6501,280
1507910400,22877.1,22902.7,22853.7,22878.7,29276,160
1507924800,22878.7,22891.7,22867.7,22881.2,11865,160
1508112000,22877.5,22909.0,22877.0,22903.5,2469,160
1508126400,22903.5,22919.5,22899.5,22904.5,3025,400
1508140800,22904.5,22905.5,22889.1,22897.1,4387,280
1508155200,22897.1,22909.6,22888.6,22904.1,2745,280
1508169600,22904.1,22946.7,22886.7,22912.7,27536,160
1508184000,22912.7,22958.7,22909.7,22948.5,13275,160
1508198400,22948.5,22963.5,22942.5,22956.5,1777,400
1508212800,22956.5,22960.0,22938.5,22954.0,2838,400
1508227200,22954.0,22963.5,22948.1,22954.1,4186,280
1508241600,22954.1,22976.1,22950.1,22974.1,3877,280
1508256000,22974.1,22998.7,22957.7,22973.7,26180,160
1508270400,22973.7,23024.0,22959.7,23014.0,16260,160
1508284800,23014.0,23038.5,23013.5,23031.5,2545,400
1508299200,23031.5,23036.5,23027.5,23028.5,2060,400
1508313600,23028.5,23042.1,23024.5,23040.1,3630,280
1508328000,23040.1,23099.1,23039.1,23096.6,5844,280
1508342400,23096.6,23147.7,23094.7,23138.7,23750,160
1508356800,23138.7,23176.7,23138.7,23171.0,14320,160
1508371200,23171.0,23171.0,23155.5,23162.0,2994,400
1508385600,23162.0,23171.5,23151.5,23161.5,3017,400
1508400000,23161.5,23162.5,23000.6,23097.1,25450,280
1508414400,23097.1,23100.1,23020.1,23080.1,19195,280
1508428800,23080.1,23134.7,23049.7,23118.7,47854,160
1508443200,23118.7,23172.0,23117.7,23170.5,17398,160
1508457600,23170.5,23170.5,23151.5,23168.5,2466,400
1508472000,23168.5,23287.5,23158.5,23241.5,15395,400
1508486400,23241.5,23263.1,23228.1,23233.1,8924,280
1508500800,23233.1,23258.1,23231.1,23246.6,8230,280
1508515200,23246.6,23287.7,23200.7,23283.7,37270,160
1508529600,23283.7,23330.7,23282.7,23325.2,22155,160
1508716800,23325.2,23358.0,23318.0,23345.5,6569,160
1508731200,23345.5,23353.5,23324.5,23329.5,6454,400
1508745600,23329.5,23346.1,23316.1,23335.1,8375,280
1508760000,23335.1,23358.1,23330.1,23357.1,7505,280
1508774400,23357.1,23368.1,23329.7,23344.7,32073,160
1508788800,23344.7,23347.7,23261.5,23280.0,30741,160
1508803200,23280.0,23306.5,23271.5,23297.5,3189,400
1508817600,23297.5,23320.5,23290.5,23310.5,4680,400
1508832000,23310.5,23323.1,23298.1,23316.1,9685,280
1508846400,23316.1,23438.1,23312.1,23418.1,16427,280
1508860800,23418.1,23485.7,23410.7,23477.7,50138,160
1508875200,23477.7,23479.7,23427.7,23438.0,27676,160
1508889600,23438.0,23445.5,23424.5,23426.5,3988,400
1508904000,23426.5,23457.5,23426.5,23436.5,4216,400
1508918400,23436.5,23452.1,23413.5,23443.6,12847,280
1508932800,23443.6,23462.1,23415.1,23444.1,16579,280
1508947200,23444.1,23452.1,23249.7,23278.7,104555,160
1508961600,23278.7,23361.5,23260.7,23359.0,48449,160
1508976000,23359.0,23359.0,23334.5,23347.0,4242,400
1508990400,23347.0,23355.0,23337.5,23350.5,3927,400
1509004800,23350.5,23360.1,23337.1,23339.1,11618,280
1509019200,23339.1,23409.1,23337.1,23399.1,18870,280
1509033600,23399.1,23450.7,23387.7,23408.7,61393,160
1509048000,23408.7,23433.2,23368.7,23400.5,29813,160
1509062400,23400.5,23406.5,23365.5,23380.0,5594,400
1509076800,23380.0,23422.5,23378.0,23408.5,7138,400
1509091200,23408.5,23449.1,23399.5,23436.1,13906,280
1509105600,23436.1,23457.6,23403.1,23417.6,13541,280
1509120000,23417.6,23447.7,23348.7,23427.7,72100,160
1509134400,23427.7,23445.7,23402.7,23427.2,25055,160
1509321600,23408.5,23438.5,23396.5,23420.5,6155,160
1509336000,23420.5,23423.5,23383.5,23398.5,7368,400
1509350400,23398.5,23416.1,23394.5,23400.1,7125,280
1509364800,23400.1,23409.1,23359.1,23364.1,10499,280
1509379200,23364.1,23428.7,23328.7,23358.7,54379,160
1509393600,23358.7,23373.7,23334.7,23342.5,32408,160
1509408000,23342.5,23347.0,23322.5,23342.5,4937,400
1509422400,23342.5,23358.5,23335.5,23356.5,4384,400
1509436800,23356.5,23371.1,23341.5,23369.1,4445,280
1509451200,23369.1,23387.1,23365.1,23375.1,6950,280
1509465600,23375.1,23385.7,23334.7,23367.2,29879,160
1509480000,23367.2,23405.7,23360.7,23386.5,22140,160
1509494400,23386.5,23413.5,23373.5,23413.5,4453,400
1509508800,23413.5,23433.5,23410.5,23428.5,6192,400
1509523200,23428.5,23478.1,23424.5,23472.1,10608,280
1509537600,23472.1,23517.1,23466.1,23509.1,12046,280
1509552000,23509.1,23515.7,23409.7,23423.2,55482,160
1509566400,23423.2,23452.7,23385.7,23416.0,43656,160
1509580800,23416.0,23436.5,23346.5,23385.0,9273,400
1509595200,23385.0,23406.0,23370.5,23400.0,8891,400
1509609600,23400.0,23415.6,23393.1,23397.6,8138,280
1509624000,23397.6,23453.1,23392.1,23447.6,12360,280
1509638400,23447.6,23476.7,23343.7,23474.7,80181,160
1509652800,23474.7,23531.7,23453.7,23516.0,35887,160
1509667200,23516.0,23532.5,23507.5,23527.5,2650,400
1509681600,23527.5,23531.5,23514.5,23524.5,3328,400
1509696000,23524.5,23546.1,23515.1,23527.1,6564,280
1509710400,23527.1,23553.1,23524.1,23532.1,12300,280
1509724800,23532.1,23550.7,23475.7,23539.7,56808,160
1509739200,23539.7,23553.7,23514.7,23514.7,23518,160
1509926400,23505.0,23544.5,23504.0,23505.5,8911,160
1509940800,23505.5,23508.0,23468.5,23494.5,12040,400
1509955200,23494.5,23527.0,23494.5,23522.6,8559,280
1509969600,23522.6,23538.1,23510.1,23538.1,6895,280
1509984000,23538.1,23561.7,23520.7,23558.7,34409,160
1509998400,23558.7,23573.7,23543.7,23565.0,21727,160
1510012800,23565.0,23580.5,23549.5,23574.0,5481,400
1510027200,23574.0,23615.0,23568.5,23608.5,7612,400
1510041600,23608.5,23623.5,23581.1,23589.6,10122,280
1510056000,23589.6,23590.1,23562.1,23572.1,9336,280
1510070400,23572.1,23602.7,23484.7,23509.7,57532,160
1510084800,23509.7,23559.7,23504.7,23545.5,27195,160
1510099200,23545.5,23545.5,23500.5,23536.0,10773,400
1510113600,23536.0,23542.5,23525.5,23539.5,6251,400
1510128000,23539.5,23566.1,23529.5,23550.6,14566,280
1510142400,23550.6,23556.1,23527.1,23551.1,9342,280
1510156800,23551.1,23566.7,23510.7,23561.7,48089,160
1510171200,23561.7,23575.7,23541.7,23559.0,25817,160
1510185600,23559.0,23578.0,23534.5,23565.5,9229,400
1510200000,23565.5,23580.5,23470.0,23520.5,26998,400
1510214400,23520.5,23541.5,23499.1,23522.1,17686,280
1510228800,23522.1,23523.1,23418.1,23450.1,28123,280
1510243200,23450.1,23517.7,23307.7,23363.7,144932,160
1510257600,23363.7,23478.7,23344.2,23464.0,71190,160
1510272000,23464.0,23475.5,23433.5,23463.0,12083,400
1510286400,23463.0,23485.5,23445.5,23484.5,8403,400
1510300800,23484.5,23484.5,23377.1,23381.6,23755,280
1510315200,23381.6,23441.1,23381.1,23433.1,18663,280
1510329600,23433.1,23449.7,23392.7,23401.2,75638,160
1510344000,23401.2,23436.7,23394.7,23420.2,27508,160
1510531200,23437.5,23467.5,23433.5,23455.5,8211,160
1510545600,23455.5,23466.5,23430.5,23432.5,5494,400
1510560000,23432.5,23446.1,23388.1,23404.1,15743,280
1510574400,23404.1,23412.1,23334.1,23336.1,19378,280
1510588800,23336.1,23453.2,23327.1,23442.7,53509,160
1510603200,23442.7,23457.7,23428.7,23438.5,19965,160
1510617600,23438.5,23449.5,23418.5,23444.0,7596,400
1510632000,23444.0,23445.5,23413.5,23419.5,7591,400
1510646400,23419.5,23461.1,23416.5,23439.6,14437,280
1510660800,23439.6,23450.1,23385.1,23386.1,13806,280
1510675200,23386.1,23407.7,23269.7,23371.7,89157,160
1510689600,23371.7,23417.7,23355.7,23405.0,37024,160
1510704000,23405.0,23405.0,23335.5,23360.5,11139,400
1510718400,23360.5,23368.5,23337.5,23359.0,11599,400
1510732800,23359.0,23367.5,23281.1,23296.1,20444,280
1510747200,23296.1,23325.1,23261.1,23304.1,20168,280
1510761600,23304.1,23342.7,23241.7,23319.7,94587,160
1510776000,23319.7,23320.7,23266.7,23298.0,48572,160
1510790400,23298.0,23309.0,23268.5,23304.5,8615,400
1510804800,23304.5,23335.5,23300.5,23330.5,8459,400
1510819200,23330.5,23360.5,23320.1,23348.1,14387,280
1510833600,23348.1,23371.1,23334.1,23369.1,12813,280
1510848000,23369.1,23471.7,23368.1,23462.7,62593,160
1510862400,23462.7,23490.7,23444.5,23447.0,29844,160
1510876800,23447.0,23465.5,23433.5,23445.5,7952,400
1510891200,23445.5,23447.5,23417.5,23433.5,12707,400
1510905600,23433.5,23454.1,23412.1,23416.6,10661,280
1510920000,23416.6,23442.1,23390.1,23405.1,11920,280
1510934400,23405.1,23413.7,23351.7,23370.7,67391,160
1510948800,23370.7,23384.2,23343.2,23344.7,26984,160
1511136000,23347.5,23362.5,23274.0,23290.5,4632,400
1511150400,23291.5,23308.5,23270.0,23305.5,4359,400
1511164800,23304.5,23327.1,23284.0,23316.1,6613,280
1511179200,23316.6,23374.1,23316.1,23370.6,4751,280
1511193600,23370.1,23456.7,23361.7,23443.7,18647,160
1511208000,23444.7,23452.7,23412.7,23428.5,8549,160
1511222400,23428.0,23430.5,23404.5,23421.5,2007,400
1511236800,23422.0,23437.5,23420.5,23425.5,1965,400
1511251200,23424.5,23441.1,23405.5,23440.1,6009,280
1511265600,23441.1,23541.1,23440.1,23537.1,5573,280
1511280000,23536.1,23616.7,23525.1,23609.7,15023,160
1511294400,23609.2,23615.7,23572.7,23579.5,7017,160
1511308800,23579.5,23585.0,23565.5,23577.0,2695,400
1511323200,23577.5,23612.5,23576.5,23586.0,2157,400
1511337600,23585.5,23604.5,23584.5,23601.1,4219,280
1511352000,23602.1,23625.1,23588.1,23604.1,3513,280
1511366400,23603.6,23613.1,23502.7,23525.7,14010,160
1511380800,23524.7,23542.7,23503.7,23509.0,5930,160
1511395200,23508.5,23524.5,23504.5,23518.5,1315,400
1511409600,23518.0,23531.5,23513.5,23529.5,1097,400
1511424000,23529.5,23529.5,23460.6,23513.1,6951,280
1511438400,23512.1,23537.1,23505.1,23525.1,4225,280
1511452800,23524.1,23536.7,23500.7,23528.2,2384,160
1511481600,23519.0,23519.5,23506.5,23507.5,126,400
1511496000,23516.0,23560.5,23515.5,23541.5,2110,400
1511510400,23542.0,23549.5,23512.1,23519.1,4945,280
1511524800,23518.6,23587.6,23513.1,23554.1,5496,280
1511539200,23554.1,23598.7,23549.1,23557.7,10461,160
1511553600,23558.2,23565.7,23541.7,23547.7,390,160
1511740800,23536.5,23564.5,23504.5,23513.0,2731,400
1511755200,23512.5,23519.5,23496.5,23512.5,2432,400
1511769600,23511.5,23567.1,23505.5,23552.1,4848,280
1511784000,23553.1,23575.1,23523.1,23540.1,4189,280
1511798400,23539.1,23638.7,23536.1,23586.7,20564,160
1511812800,23587.2,23595.7,23575.7,23591.5,7083,160
1511827200,23591.5,23591.5,23544.5,23572.5,2888,400
1511841600,23572.0,23576.5,23551.5,23570.5,2465,400
1511856000,23569.5,23618.1,23569.5,23614.1,6114,280
1511870400,23614.6,23644.1,23602.1,23638.1,4652,280
1511884800,23639.1,23754.7,23630.7,23751.2,18144,160
1511899200,23751.7,23850.7,23644.7,23827.5,22098,160
1511913600,23827.5,23827.5,23803.5,23813.0,2849,400
1511928000,23813.5,23834.5,23808.5,23833.5,2496,400
1511942400,23834.5,23879.6,23828.0,23872.1,5391,280
1511956800,23873.1,23911.1,23866.1,23911.1,4584,280
1511971200,23910.1,23959.7,23873.2,23909.7,52351,160
1511985600,23910.2,23947.7,23899.7,23934.0,18557,160
1512000000,23934.5,23934.5,23890.5,23909.5,3536,400
1512014400,23909.0,23953.5,23902.5,23936.5,3604,400
1512028800,23936.0,23993.1,23933.0,23973.1,6437,280
1512043200,23973.6,24027.1,23971.1,24027.1,5215,280
1512057600,24028.1,24327.7,24018.7,24281.7,42107,160
1512072000,24282.7,24314.7,24204.7,24241.0,29620,160
1512086400,24241.0,24250.0,24206.5,24211.5,5774,400
1512100800,24211.0,24269.5,24203.5,24254.5,4604,400
1512115200,24255.5,24295.5,24214.1,24244.6,9586,280
1512129600,24245.1,24286.1,24149.1,24256.1,14696,280
1512144000,24255.6,24322.7,23921.7,24171.7,142682,160
1512158400,24171.2,24247.7,24148.7,24238.7,34299,160
1512345600,24354.0,24459.5,24354.0,24454.5,7587,400
1512360000,24455.5,24475.5,24435.5,24443.0,3618,400
1512374400,24443.5,24467.5,24419.1,24420.1,9078,280
1512388800,24420.6,24492.1,24405.1,24460.1,7783,280
1512403200,24460.6,24533.7,24399.7,24426.7,60221,160
1512417600,24426.2,24444.2,24264.5,24295.0,31111,160
1512432000,24294.5,24349.5,24291.0,24343.0,3876,400
1512446400,24342.5,24387.5,24339.5,24364.5,3129,400
1512460800,24365.5,24374.5,24340.1,24368.1,6089,280
1512475200,24367.6,24384.6,24313.1,24343.1,9580,280
1512489600,24343.6,24374.1,24231.7,24245.2,41940,160
1512504000,24245.7,24277.7,24153.7,24181.0,26337,160
1512518400,24181.0,24208.0,24180.5,24190.0,2874,400
1512532800,24189.5,24191.5,24098.5,24120.5,8530,400
1512547200,24120.0,24136.5,24081.5,24110.1,9416,280
1512561600,24109.6,24156.1,24102.1,24149.1,7360,280
1512576000,24148.1,24230.7,24133.7,24174.7,41864,160
1512590400,24175.2,24208.7,24132.7,24171.5,15470,160
1512604800,24171.5,24216.5,24147.5,24209.5,3647,400
1512619200,24208.5,24210.0,24185.0,24195.0,2952,400
1512633600,24194.5,24202.5,24150.0,24165.6,5602,280
1512648000,24166.1,24178.1,24081.1,24088.1,7620,280
1512662400,24089.1,24251.7,24069.1,24248.7,33161,160
1512676800,24248.2,24258.7,24159.7,24228.0,17917,160
1512691200,24228.0,24246.5,24208.0,24238.5,3537,400
1512705600,24239.0,24260.0,24226.5,24252.0,2438,400
1512720000,24252.0,24262.1,24234.1,24261.6,4260,280
1512734400,24262.1,24304.1,24241.1,24295.6,6584,280
1512748800,24295.1,24322.2,24223.2,24289.7,23392,160
1512763200,24288.7,24329.7,24281.7,24312.7,10836,160
1512950400,24329.0,24352.5,24318.5,24332.5,2989,400
1512964800,24333.0,24355.5,24317.5,24352.5,2694,400
1512979200,24353.5,24369.1,24334.5,24346.6,4996,280
1512993600,24347.1,24373.1,24328.1,24358.1,4167,280
1513008000,24357.1,24387.7,24314.7,24368.7,21588,160
1513022400,24368.2,24431.5,24349.7,24423.0,8791,160
1513036800,24422.5,24429.0,24401.5,24423.5,2580,400
1513051200,24424.0,24439.5,24411.5,24417.0,2666,400
1513065600,24417.5,24429.6,24394.1,24412.1,3996,280
1513080000,24413.1,24469.1,24403.1,24468.1,3472,280
1513094400,24469.1,24552.7,24446.7,24535.7,22550,160
1513108800,24536.2,24547.7,24498.7,24519.5,13548,160
1513123200,24519.5,24534.0,24498.5,24513.5,2795,400
1513137600,24514.5,24522.5,24461.5,24503.0,5476,400
1513152000,24502.5,24534.1,24496.5,24520.1,2809,280
1513166400,24519.6,24545.1,24511.1,24535.1,4295,280
1513180800,24536.1,24666.7,24529.1,24619.7,23972,160
1513195200,24619.2,24655.7,24586.2,24625.0,21432,160
1513209600,24625.0,24655.5,24613.0,24638.5,2552,400
1513224000,24638.0,24652.5,24625.5,24633.5,3031,400
1513238400,24633.0,24674.1,24625.5,24669.1,3699,280
1513252800,24668.6,24678.6,24646.6,24659.1,4983,280
1513267200,24659.6,24667.7,24567.7,24575.7,25684,160
1513281600,24574.7,24588.7,24508.5,24513.5,24566,160
1513296000,24514.0,24543.5,24514.0,24539.5,2610,400
1513310400,24540.0,24583.5,24527.5,24564.5,3956,400
1513324800,24563.5,24587.6,24556.5,24569.6,4767,280
1513339200,24569.1,24629.1,24566.6,24616.1,4528,280
1513353600,24616.6,24672.7,24599.1,24655.7,29063,160
1513368000,24655.2,24684.7,24613.7,24652.2,15749,160
1513555200,24652.2,24735.5,24652.2,24728.5,4534,160
1513569600,24729.0,24767.5,24720.5,24756.5,3366,400
1513584000,24755.5,24787.6,24746.5,24777.1,5286,280
1513598400,24776.1,24825.1,24764.1,24811.1,4892,280
1513612800,24810.1,24873.7,24786.7,24818.7,24736,160
1513627200,24817.7,24818.2,24768.7,24805.0,12165,160
1513641600,24805.0,24812.5,24797.5,24807.5,1840,400
1513656000,24806.5,24836.0,24804.0,24823.5,1632,400
1513670400,24823.0,24860.1,24814.5,24859.1,2776,280
1513684800,24858.6,24873.1,24828.1,24856.1,3316,280
1513699200,24855.1,24859.1,24712.7,24767.7,31176,160
1513713600,24768.2,24793.7,24737.5,24760.0,15235,160
1513728000,24760.0,24815.5,24754.0,24810.5,2900,400
1513742400,24810.0,24820.5,24798.0,24810.5,2570,400
1513756800,24811.0,24847.1,24801.5,24838.6,4032,280
1513771200,24839.1,24863.1,24825.1,24854.1,3426,280
1513785600,24855.1,24859.7,24716.7,24758.2,37877,160
1513800000,24758.7,24774.7,24690.7,24732.5,13075,160
1513814400,24732.5,24751.5,24709.5,24732.0,2764,400
1513828800,24731.5,24738.0,24719.5,24737.0,2361,400
1513843200,24737.5,24743.5,24702.1,24725.1,3750,280
1513857600,24726.1,24790.1,24723.1,24782.1,3625,280
1513872000,24781.6,24846.7,24761.7,24836.7,20163,160
1513886400,24837.7,24845.7,24764.7,24790.5,10936,160
1513900800,24790.5,24813.0,24780.0,24795.5,2136,400
1513915200,24795.0,24834.5,24790.5,24804.0,2219,400
1513929600,24804.5,24807.1,24783.5,24799.1,3031,280
1513944000,24798.6,24801.1,24755.1,24756.1,3019,280
1513958400,24755.1,24784.7,24721.7,24731.7,16671,160
1513972800,24731.2,24771.7,24726.2,24758.2,7778,160
1514246400,24758.2,24787.5,24727.5,24741.5,1888,160
1514260800,24742.0,24748.5,24733.5,24744.5,1043,400
1514275200,24745.0,24750.5,24740.6,24742.1,778,280
1514289600,24741.1,24745.1,24699.1,24718.6,2564,280
1514304000,24719.6,24780.7,24711.1,24733.7,11589,160
1514318400,24734.2,24769.5,24727.7,24764.0,5739,160
1514332800,24764.0,24776.5,24742.5,24747.5,1446,400
1514347200,24748.0,24792.5,24743.5,24757.5,2620,400
1514361600,24756.5,24773.1,24746.5,24754.1,3466,280
1514376000,24753.1,24785.1,24745.1,24764.1,3833,280
1514390400,24763.6,24787.7,24733.7,24762.7,14981,160
1514404800,24763.2,24778.7,24740.7,24774.5,7734,160
1514419200,24774.5,24776.5,24762.5,24770.5,1135,400
1514433600,24771.0,24808.5,24763.5,24788.0,2881,400
1514448000,24788.5,24804.1,24773.5,24797.1,2239,280
1514462400,24796.6,24814.1,24791.1,24810.1,2179,280
1514476800,24809.1,24829.7,24774.7,24798.7,12258,160
1514491200,24799.2,24833.7,24795.7,24824.5,4837,160
1514505600,24824.5,24837.5,24815.5,24832.5,1114,400
1514520000,24833.5,24847.5,24830.5,24845.0,1008,400
1514534400,24844.5,24854.5,24825.1,24841.1,2420,280
1514548800,24842.1,24899.1,24842.1,24884.1,3858,280
1514563200,24884.6,24892.1,24787.7,24814.2,15572,160
1514577600,24813.7,24819.7,24688.2,24721.7,11952,160
1514851200,24721.7,24796.5,24721.7,24778.0,2302,160
1514865600,24777.5,24795.5,24759.5,24791.5,1860,400
1514880000,24791.0,24804.5,24754.1,24756.1,5021,280
1514894400,24756.6,24872.1,24755.1,24858.1,5616,280
1514908800,24858.6,24876.1,24739.7,24758.7,24890,160
1514923200,24759.2,24825.2,24757.7,24810.0,9898,160
1514937600,24810.0,24829.5,24791.5,24817.5,2205,400
1514952000,24818.0,24835.5,24817.5,24829.5,1224,400
1514966400,24830.0,24850.1,24824.5,24844.1,2851,280
1514980800,24844.6,24853.1,24826.1,24844.1,3013,280
1514995200,24844.6,24908.7,24825.7,24897.2,21189,160
1515009600,24897.7,24938.7,24860.7,24907.5,11420,160
1515024000,24907.5,24924.0,24899.5,24907.0,2551,400
1515038400,24907.5,24969.5,24904.5,24962.5,2494,400
1515052800,24962.0,24986.1,24945.5,24979.1,2908,280
1515067200,24979.6,25008.1,24961.1,25002.1,3692,280
1515081600,25001.6,25105.7,24973.7,25072.7,27261,160
1515096000,25073.7,25093.2,25057.7,25089.5,10690,160
1515110400,25089.0,25106.5,25083.5,25098.0,1667,400
1515124800,25098.5,25121.5,25088.5,25112.0,2043,400
1515139200,25112.5,25143.1,25104.5,25138.1,2988,280
1515153600,25138.6,25185.1,25138.1,25166.1,3990,280
1515168000,25165.1,25178.7,25108.7,25159.7,23400,160
1515182400,25160.2,25301.2,25157.7,25292.2,11795,160
1515369600,25292.2,25384.5,25292.2,25372.5,2995,160
1515384000,25373.0,25373.5,25350.5,25358.5,1457,400
1515398400,25356.5,25374.1,25320.6,25336.1,3369,280
1515412800,25337.1,25350.1,25270.1,25295.6,4686,280
1515427200,25296.1,25305.1,25235.7,25273.7,23191,160
1515441600,25274.7,25311.7,25265.7,25285.0,10229,160
1515456000,25286.0,25299.5,25261.5,25268.0,2917,400
1515470400,25268.5,25280.5,25259.5,25276.5,2227,400
1515484800,25275.5,25320.1,25274.5,25310.1,2212,280
1515499200,25310.1,25346.1,25301.1,25340.1,3007,280
1515513600,25340.6,25412.7,25320.7,25406.7,25245,160
1515528000,25407.2,25439.7,25377.7,25382.5,13510,160
1515542400,25382.5,25401.5,25374.5,25380.5,2527,400
1515556800,25381.0,25407.0,25380.5,25397.5,2373,400
1515571200,25398.0,25403.0,25336.5,25356.0,4801,200
1515585600,25355.5,25361.0,25245.0,25306.5,9606,200
1515600000,25306.5,25388.0,25255.5,25387.5,17188,200
1515614400,25386.5,25403.5,25331.5,25370.5,11012,200
1515628800,25370.5,25412.5,25357.5,25396.0,3249,300
1515643200,25395.5,25419.0,25355.5,25406.5,4402,300
1515657600,25406.5,25415.0,25386.0,25392.0,3962,200
1515672000,25392.0,25422.5,25379.0,25392.0,4445,200
1515686400,25392.5,25530.0,25392.0,25515.0,13689,200
1515700800,25515.0,25587.0,25501.0,25564.0,7689,200
1515715200,25564.0,25584.0,25561.0,25584.0,2598,300
1515729600,25584.0,25602.5,25581.0,25587.0,3031,300
1515744000,25587.0,25702.5,25583.0,25681.0,4940,200
1515758400,25680.5,25696.5,25623.5,25651.5,5991,200
1515772800,25650.5,25791.0,25647.5,25759.0,14517,200
1515787200,25759.5,25839.0,25744.0,25821.0,9900,200
1515974400,25821.0,25948.0,25821.0,25924.5,5283,300
1515988800,25925.0,25946.0,25919.0,25938.0,2967,300
1516003200,25938.5,25958.5,25900.5,25957.5,6272,200
1516017600,25957.0,25981.5,25935.5,25977.5,5964,200
1516032000,25977.5,26007.5,25926.0,25961.0,5719,200
1516060800,25961.0,26016.5,25961.0,25996.0,3709,300
1516075200,25995.5,26016.5,25995.0,26013.5,3121,300
1516089600,26013.5,26082.5,26011.5,26073.0,5372,200
1516104000,26072.0,26085.0,26022.0,26042.0,6084,200
1516118400,26042.0,26086.0,25916.0,25929.0,23607,200
1516132800,25929.0,25940.5,25707.0,25849.5,23146,200
1516147200,25849.5,25898.0,25808.0,25875.5,5757,300
1516161600,25875.0,25910.0,25859.5,25907.0,6121,300
1516176000,25907.0,25961.0,25869.0,25945.0,6119,200
1516190400,25945.0,25997.5,25930.5,25967.5,7760,200
1516204800,25966.5,26031.5,25870.5,26023.5,24065,200
1516219200,26024.0,26130.0,26019.5,26099.0,13242,200
1516233600,26099.0,26155.0,26097.5,26125.5,4665,300
1516248000,26125.0,26153.0,26053.0,26070.5,6193,300
1516262400,26070.5,26139.5,26066.0,26101.0,8360,200
1516276800,26100.5,26147.0,26080.0,26112.5,7205,200
1516291200,26112.5,26128.5,25944.5,26017.5,22502,200
1516305600,26017.5,26077.5,25928.0,25943.0,14002,200
1516320000,25943.0,25996.0,25943.0,25980.5,4721,300
1516334400,25980.5,25987.5,25884.0,25948.0,6825,300
1516348800,25948.0,26035.5,25922.0,26029.0,6588,200
1516363200,26029.0,26055.0,25941.0,25966.0,7491,200
1516377600,25966.0,26052.0,25943.5,25972.5,21268,200
1516392000,25972.5,26090.0,25945.5,26057.5,12267,200
1516579200,25998.0,26036.0,25959.0,26027.0,4932,300
1516593600,26027.0,26045.0,26014.5,26030.5,3771,300
1516608000,26030.5,26035.5,25989.0,26006.5,4101,200
1516622400,26007.0,26025.5,25995.0,25998.0,4100,200
1516636800,25996.5,26160.5,25977.0,26141.0,18279,200
1516651200,26141.0,26231.5,26109.5,26196.5,10486,200
1516665600,26196.5,26258.5,26186.5,26252.0,3695,300
1516680000,26251.5,26290.5,26235.0,26269.5,5282,300
1516694400,26270.5,26324.0,26267.5,26294.5,5571,200
1516708800,26294.5,26297.0,26158.0,26196.0,9323,200
1516723200,26196.0,26246.5,26145.0,26201.5,19685,200
1516737600,26202.0,26235.0,26181.5,26194.0,11740,200
1516752000,26194.0,26242.0,26192.5,26226.0,3641,300
1516766400,26225.0,26233.5,26203.0,26227.5,4045,300
1516780800,26228.0,26271.5,26218.0,26251.0,4339,200
1516795200,26251.0,26320.0,26251.0,26310.5,6504,200
1516809600,26311.0,26391.0,26183.0,26200.0,25263,200
1516824000,26199.0,26294.0,26095.0,26265.5,20054,200
1516838400,26265.5,26302.0,26218.5,26276.5,5740,300
1516852800,26276.5,26291.0,26241.0,26283.0,5824,300
1516867200,26283.0,26320.5,26235.0,26319.0,5910,200
1516881600,26317.0,26427.0,26304.5,26418.0,7635,200
1516896000,26418.0,26453.0,26257.0,26412.0,26605,200
1516910400,26411.0,26431.5,26288.0,26398.0,16997,200
1516924800,26398.0,26437.5,26398.0,26431.0,4168,300
1516939200,26430.5,26443.5,26414.5,26419.5,4994,300
1516953600,26419.0,26442.5,26405.5,26431.5,4868,200
1516968000,26430.5,26474.0,26420.0,26441.0,6459,200
1516982400,26440.0,26512.0,26421.0,26504.0,18047,200
1516996800,26504.5,26628.5,26498.0,26602.0,11456,200
1517184000,26612.5,26709.0,26611.0,26702.0,3834,300
1517198400,26702.0,26703.0,26640.0,26647.5,4042,300
1517212800,26647.5,26667.5,26545.5,26553.5,6824,200
1517227200,26551.5,26608.5,26545.5,26571.0,8478,200
1517241600,26570.5,26616.5,26453.5,26536.0,23985,200
1517256000,26535.5,26551.0,26435.5,26442.5,15489,200
1517270400,26442.5,26498.0,26427.5,26460.5,4238,300
1517284800,26460.5,26477.0,26151.5,26259.0,10748,300
1517299200,26259.5,26330.5,26236.5,26319.5,10685,200
1517313600,26319.0,26321.0,26192.5,26201.5,12036,200
1517328000,26202.5,26261.0,26066.5,26089.0,35037,200
1517342400,26087.5,26145.0,26024.5,26058.0,21682,200
1517356800,26058.0,26127.5,26058.0,26125.5,5725,300
1517371200,26124.5,26189.5,26073.0,26099.5,8820,300
1517385600,26099.0,26187.0,26080.0,26157.0,8023,200
1517400000,26156.0,26313.5,26123.0,26285.5,11465,200
1517414400,26284.5,26330.0,26183.5,26221.5,22957,200
1517428800,26221.5,26263.0,26048.5,26173.0,24446,200
1517443200,26173.0,26242.0,26173.0,26235.0,4864,300
1517457600,26235.0,26239.5,26204.5,26220.0,3426,300
1517472000,26220.0,26226.0,26146.0,26149.5,6808,200
1517486400,26150.0,26167.5,25974.0,26007.0,14531,200
1517500800,26007.0,26307.0,25944.0,26272.0,30731,200
1517515200,26272.0,26305.5,26086.0,26163.0,24914,200
1517529600,26163.0,26244.0,26068.0,26125.5,6141,300
1517544000,26126.0,26154.5,26087.5,26116.0,6204,300
1517558400,26116.0,26172.0,25974.0,25979.0,12672,200
1517572800,25979.0,26036.0,25902.0,25981.5,17397,200
1517587200,25981.5,25995.5,25755.5,25792.5,34158,200
1517601600,25792.0,25812.0,25443.0,25462.5,32546,200
1517788800,25448.0,25448.0,25190.5,25317.5,12288,300
1517803200,25317.0,25369.0,25270.0,25365.0,6721,300
1517817600,25364.5,25441.0,25300.0,25408.5,12699,200
1517832000,25409.0,25416.0,25133.0,25305.5,19447,200
1517846400,25306.0,25513.5,25176.5,25242.5,43650,200
1517860800,25243.0,25243.0,23738.5,24105.0,60913,200
1517875200,24105.0,24258.5,23244.5,23327.0,24469,300
1517889600,23322.5,23641.0,23122.5,23568.5,33925,300
1517904000,23569.0,24178.5,23434.0,23951.0,36892,200
1517918400,23951.0,24036.0,23561.5,23879.0,44266,200
1517932800,23879.5,24703.5,23679.0,24472.5,71530,200
1517947200,24473.0,24945.0,24203.0,24783.0,51722,200
1517961600,24783.0,24917.0,24773.5,24836.0,12935,300
1517976000,24837.0,24902.5,24637.0,24639.5,13606,300
1517990400,24640.0,24757.0,24563.5,24631.5,23978,200
1518004800,24631.0,24826.0,24605.0,24757.5,21652,200
1518019200,24757.5,25297.0,24750.0,25106.0,52545,200
1518033600,25107.0,25192.5,24742.0,24809.0,44731,200
1518048000,24809.0,24809.0,24545.0,24724.0,14431,300
1518062400,24722.0,24860.0,24633.5,24823.0,12035,300
1518076800,24822.0,24871.0,24762.5,24806.0,15034,200
1518091200,24806.5,24909.0,24663.0,24902.0,20739,200
1518105600,24902.5,24955.5,24214.0,24304.0,59117,200
1518120000,24304.5,24542.0,23839.0,24025.0,52356,200
1518134400,24025.0,24148.5,23889.0,24021.0,16260,300
1518148800,24020.0,24163.0,23920.0,24113.5,19478,300
1518163200,24113.0,24192.0,24027.0,24108.0,16574,200
1518177600,24108.0,24147.5,23832.5,24097.0,27516,200
1518192000,24096.0,24205.5,23452.5,23669.0,65177,200
1518206400,23667.0,24378.5,23355.5,24224.5,58629,200
1518393600,24291.0,24407.5,24252.5,24316.5,12559,300
1518408000,24316.5,24390.0,24307.0,24373.0,8149,300
1518422400,24373.0,24559.0,24306.5,24497.5,16035,200
1518436800,24497.5,24526.5,24384.5,24389.5,18127,200
1518451200,24390.0,24647.5,24259.5,24599.0,51984,200
1518465600,24602.0,24765.0,24533.0,24591.0,31109,200
1518480000,24591.0,24651.5,24544.5,24612.0,10056,300
1518494400,24612.5,24649.5,24505.0,24522.5,13058,300
1518508800,24523.5,24553.5,24420.0,24436.0,18081,200
1518523200,24435.5,24546.5,24406.5,24460.0,16450,200
1518537600,24461.5,24571.5,24415.5,24482.5,41727,200
1518552000,24481.5,24709.0,24480.0,24661.5,28293,200
1518566400,24661.5,24722.0,24657.0,24705.0,7026,300
1518580800,24705.0,24740.5,24662.0,24720.0,8947,300
1518595200,24720.0,24845.5,24714.0,24777.5,11599,200
1518609600,24777.5,24817.5,24315.5,24472.0,19394,200
1518624000,24473.0,24744.0,24417.5,24724.5,48845,200
1518638400,24725.0,24928.5,24717.5,24879.5,30827,200
1518652800,24879.5,24928.5,24837.5,24921.5,7163,300
1518667200,24920.5,24987.5,24905.5,24971.0,7534,300
1518681600,24971.0,25136.0,24955.5,25126.0,12525,200
1518696000,25126.0,25167.0,25008.0,25074.5,16652,200
1518710400,25074.5,25124.0,24804.0,25014.0,42907,200
1518724800,25014.5,25259.0,25014.5,25235.5,25494,200
1518739200,25235.5,25282.5,25230.0,25255.5,5660,300
1518753600,25255.5,25329.0,25248.5,25265.5,5409,300
1518768000,25264.5,25357.5,25238.5,25330.0,10559,200
1518782400,25328.5,25352.0,25212.5,25216.0,15235,200
1518796800,25216.5,25433.5,25125.0,25343.5,36608,200
1518811200,25345.0,25366.0,25159.5,25238.5,33309,200
1518998400,25238.5,25323.0,25238.5,25317.0,5138,300
1519012800,25317.0,25354.5,25315.0,25346.0,3967,300
1519027200,25346.0,25347.0,25268.0,25283.0,7540,200
1519041600,25281.5,25329.5,25232.5,25255.0,7912,200
1519056000,25255.0,25263.0,25070.0,25186.0,17611,200
1519084800,25186.0,25237.0,25103.0,25121.0,7894,300
1519099200,25121.5,25224.5,25097.5,25187.5,11055,300
1519113600,25186.0,25210.0,25027.0,25040.5,12720,200
1519128000,25041.0,25109.0,24999.0,25071.5,14936,200
1519142400,25071.0,25179.0,24985.0,25137.5,35730,200
1519156800,25137.0,25145.0,24877.5,24961.5,29657,200
1519171200,24961.5,25021.0,24943.0,24994.0,7478,300
1519185600,24994.0,25023.5,24885.0,24936.5,13076,300
1519200000,24937.0,24986.5,24885.0,24923.0,12803,200
1519214400,24922.5,24974.0,24892.5,24955.0,10697,200
1519228800,24954.5,25127.5,24948.5,25109.0,31179,200
1519243200,25109.0,25269.5,24738.0,24790.5,37285,200
1519257600,24790.5,24803.5,24593.0,24636.5,12710,300
1519272000,24635.5,24694.5,24621.0,24682.5,11067,300
1519286400,24682.0,24732.0,24638.5,24713.0,14451,200
1519300800,24713.0,24867.5,24706.0,24858.0,17375,200
1519315200,24858.5,25156.5,24850.0,25026.5,37092,200
1519329600,25026.0,25104.0,24898.0,25043.5,31482,200
1519344000,25043.5,25117.0,25018.5,25098.0,8307,300
1519358400,25098.0,25136.0,25074.5,25121.5,8979,300
1519372800,25121.5,25223.0,25108.5,25150.0,14100,200
1519387200,25149.5,25171.5,25078.0,25106.0,13846,200
1519401600,25105.5,25165.5,25024.0,25105.0,33228,200
1519416000,25104.0,25342.5,25068.5,25309.0,21679,200
1519603200,25378.0,25415.5,25316.0,25349.5,10348,300
1519617600,25349.0,25412.5,25328.5,25408.5,8922,300
1519632000,25408.0,25530.5,25408.0,25474.5,11730,200
1519646400,25474.5,25508.0,25452.5,25461.0,9885,200
1519660800,25460.5,25652.0,25431.0,25643.5,30036,200
1519675200,25644.0,25785.0,25621.0,25764.5,19574,200
1519689600,25764.5,25823.0,25764.5,25803.0,5385,300
1519704000,25803.5,25817.0,25732.0,25745.5,8374,300
1519718400,25745.5,25785.5,25696.5,25721.0,12917,200
1519732800,25721.0,25767.5,25690.5,25746.5,15150,200
1519747200,25747.0,25796.5,25549.5,25695.5,43497,200
1519761600,25695.0,25698.5,25397.0,25423.5,34077,200
1519776000,25423.5,25492.0,25418.0,25437.5,8568,300
1519790400,25437.5,25447.0,25349.0,25401.5,12837,300
1519804800,25402.0,25510.5,25379.5,25502.0,14785,200
1519819200,25501.5,25506.0,25413.0,25474.0,12180,200
1519833600,25474.0,25574.0,25311.5,25425.0,38272,200
1519848000,25424.0,25474.5,25018.5,25084.0,34823,200
1519862400,25084.0,25109.5,24927.0,25005.0,11965,300
1519876800,25004.0,25026.5,24950.5,24979.5,13067,300
1519891200,24979.5,25099.5,24947.0,24960.5,19075,200
1519905600,24961.0,25057.0,24867.0,25044.0,20683,200
1519920000,25042.5,25188.0,24846.5,24858.0,57698,200
1519934400,24855.0,24855.0,24437.5,24635.0,49543,200
1519948800,24635.0,24674.5,24598.0,24630.0,8850,300
1519963200,24629.0,24632.0,24522.5,24543.5,13429,300
1519977600,24544.5,24629.5,24507.5,24514.5,17490,200
1519992000,24513.5,24538.0,24311.5,24415.5,27676,200
1520006400,24416.0,24549.5,24213.0,24526.5,55413,200
1520020800,24527.0,24588.0,24342.0,24540.0,37936,200
1520208000,24540.0,24571.0,24413.5,24492.5,10738,300
1520222400,24492.5,24499.0,24406.5,24443.5,12211,300
1520236800,24443.0,24525.5,24323.0,24517.5,18931,200
1520251200,24518.0,24568.5,24432.0,24443.0,18754,200
1520265600,24443.0,24785.5,24369.0,24784.5,43621,200
1520280000,24784.5,24964.0,24750.0,24884.5,28824,200
1520294400,24884.5,24934.5,24881.0,24903.5,7009,300
1520308800,24902.5,24916.5,24872.5,24908.5,8797,300
1520323200,24908.5,24977.0,24897.5,24947.5,13275,200
1520337600,24946.5,25058.5,24924.0,24983.0,16596,200
1520352000,24983.5,25019.0,24704.0,24898.0,44131,200
1520366400,24897.5,24956.5,24825.0,24858.0,26592,200
1520380800,24858.0,24858.0,24413.0,24610.5,16974,300
1520395200,24611.0,24620.0,24464.0,24499.0,14548,300
1520409600,24499.0,24599.5,24423.5,24539.5,18709,200
1520424000,24539.5,24654.5,24511.5,24605.5,21121,200
1520438400,24605.5,24821.0,24537.0,24606.0,42659,200
1520452800,24604.0,24849.5,24532.0,24788.0,27206,200
1520467200,24788.0,24816.0,24759.0,24803.5,6783,300
1520481600,24803.5,24834.0,24774.0,24778.0,7275,300
1520496000,24778.0,24833.5,24729.0,24743.5,12705,200
1520510400,24742.0,24856.0,24741.5,24818.0,12381,200
1520524800,24818.0,24949.0,24710.0,24756.5,35209,200
1520539200,24757.5,24906.5,24699.0,24870.5,24577,200
1520553600,24870.5,24963.5,24866.0,24923.0,5372,300
1520568000,24922.5,24922.5,24850.5,24893.0,7407,300
1520582400,24893.5,24923.0,24864.0,24895.5,7700,200
1520596800,24895.5,25088.0,24836.5,25064.0,11415,200
1520611200,25062.5,25246.5,25012.0,25220.0,23654,200
1520625600,25220.0,25339.5,25220.0,25326.5,13757,200
1520812800,25338.0,25457.0,25334.5,25434.0,5508,300
1520827200,25434.5,25466.0,25409.5,25435.0,8063,300
1520841600,25436.0,25507.0,25412.5,25434.0,8517,200
1520856000,25434.5,25446.0,25371.0,25373.0,8117,200
1520870400,25372.5,25453.0,25173.0,25194.0,25898,200
1520884800,25194.0,25279.5,25148.0,25194.0,17720,200
1520899200,25194.0,25218.5,25181.0,25216.0,3672,300
1520913600,25216.0,25245.0,25201.0,25238.0,5865,300
1520928000,25238.0,25276.0,25230.5,25255.5,6446,200
1520942400,25256.0,25349.5,25219.5,25290.0,10879,200
1520956800,25290.5,25376.0,25061.0,25189.0,30501,200
1520971200,25189.5,25232.5,24942.5,24997.5,24953,200
1520985600,24997.5,25011.0,24937.0,24983.0,4448,300
1521000000,24982.5,25002.5,24937.0,24990.0,8760,300
1521014400,24990.0,25124.5,24970.0,25103.0,11906,200
1521028800,25103.5,25141.5,25084.5,25102.5,13355,200
1521043200,25102.5,25133.5,24662.0,24760.5,43058,200
1521057600,24760.5,24900.0,24698.5,24769.5,32569,200
1521072000,24782.0,24815.0,24672.5,24685.0,6300,300
1521086400,24684.0,24838.0,24668.5,24809.5,9456,300
1521100800,24810.0,24870.5,24789.0,24825.0,9855,200
1521115200,24825.0,24861.5,24776.0,24836.0,13096,200
1521129600,24836.0,25055.5,24749.5,24968.5,31778,200
1521144000,24969.0,24982.0,24785.5,24921.5,24330,200
1521158400,24921.5,24938.0,24887.5,24897.0,4290,300
1521172800,24896.0,24896.5,24830.5,24863.5,10299,300
1521187200,24863.0,24914.0,24846.0,24904.5,9738,200
1521201600,24904.0,24936.5,24859.0,24914.0,11212,200
1521216000,24914.0,25032.5,24855.0,25012.5,29414,200
1521230400,25012.5,25023.0,24927.5,24940.0,16740,200
1521417600,24949.5,24951.0,24884.5,24889.5,4534,300
1521432000,24888.5,24904.5,24844.5,24887.0,10964,300
1521446400,24887.0,24914.0,24757.0,24797.5,13512,200
1521460800,24797.5,24860.5,24784.0,24828.5,14391,200
1521475200,24828.0,24846.5,24551.5,24580.5,36410,200
1521489600,24580.0,24686.0,24452.5,24662.5,32752,200
1521504000,24662.5,24680.0,24606.5,24641.5,5835,300
1521518400,24640.5,24700.5,24628.5,24679.0,11240,300
1521532800,24678.5,24736.0,24646.0,24673.0,12431,200
1521547200,24672.5,24719.0,24600.5,24685.0,15368,200
1521561600,24685.0,24805.5,24649.0,24721.0,32874,200
1521576000,24721.5,24800.5,24674.5,24758.5,19646,200
1521590400,24758.5,24781.5,24744.0,24747.0,2300,300
1521604800,24747.0,24800.0,24747.0,24795.5,4315,300
1521619200,24794.5,24796.0,24719.0,24731.0,9826,200
1521633600,24731.0,24769.5,24704.0,24733.0,13028,200
1521648000,24733.5,24881.0,24653.0,24871.0,24234,200
1521662400,24871.5,24985.5,24684.0,24714.5,35961,200
1521676800,24714.5,24762.5,24711.0,24751.5,4641,300
1521691200,24751.5,24796.0,24699.0,24719.0,10682,300
1521705600,24718.5,24768.5,24527.0,24621.5,16622,200
1521720000,24620.5,24620.5,24404.5,24437.0,21192,200
1521734400,24436.5,24514.5,24169.0,24305.5,47177,200
1521748800,24305.0,24453.0,23931.0,23989.0,44485,200
1521763200,23989.0,24009.0,23741.0,23801.5,15534,300
1521777600,23801.5,23850.0,23700.5,23804.5,20535,300
1521792000,23805.0,23942.0,23750.5,23852.0,22977,200
1521806400,23851.0,24032.5,23751.5,23928.0,25259,200
1521820800,23928.0,24099.5,23831.0,23879.0,53576,200
1521835200,23877.0,24110.0,23505.0,23597.5,48341,200
1522022400,23592.5,23728.0,23564.0,23723.0,11896,300
1522036800,23723.0,23770.0,23679.0,23731.0,13519,300
1522051200,23730.0,23884.5,23727.5,23839.0,18060,200
1522065600,23839.5,23985.5,23825.5,23915.5,17912,200
1522080000,23916.0,24044.0,23738.0,23903.0,45409,200
1522094400,23903.5,24229.0,23899.5,24205.0,32045,200
1522108800,24208.5,24306.0,24193.5,24290.5,7539,300
1522123200,24289.0,24346.0,24287.0,24305.0,12180,300
1522137600,24305.0,24402.5,24288.0,24332.0,16386,200
1522152000,24332.0,24376.5,24288.0,24294.5,14541,200
1522166400,24294.5,24448.0,24157.0,24368.5,46113,200
1522180800,24368.5,24422.0,23704.5,23860.0,47954,200
1522195200,23860.0,23947.5,23818.5,23900.0,9999,300
1522209600,23900.5,23970.5,23853.5,23902.0,16046,300
1522224000,23902.0,23932.0,23753.5,23775.5,25810,200
1522238400,23775.5,23996.0,23770.5,23894.5,22859,200
1522252800,23893.5,24092.0,23726.5,23869.0,67915,200
1522267200,23868.5,24016.0,23753.0,23882.0,49858,200
1522281600,23882.0,23945.5,23836.0,23888.0,9102,300
1522296000,23887.5,23907.0,23816.0,23847.0,14869,300
1522310400,23846.0,23936.0,23830.5,23927.5,16328,200
1522324800,23927.0,23986.0,23910.0,23961.0,14978,200
1522339200,23958.0,24177.5,23923.0,24087.5,40765,200
1522353600,24087.0,24308.5,24040.0,24110.0,34141,200
1522627200,24116.0,24170.5,24085.0,24125.0,7779,600
1522641600,24125.0,24168.0,24092.5,24115.0,9774,600
1522656000,24114.0,24124.0,24065.5,24083.0,6971,400
1522670400,24082.5,24119.0,24012.5,24058.0,8981,400
1522684800,24057.5,24124.0,23503.0,23580.0,53351,400
1522699200,23578.0,23654.5,23333.0,23638.0,41916,400
1522713600,23638.0,23662.5,23593.5,23654.0,6063,300
1522728000,23653.5,23684.5,23613.0,23628.0,9086,300
1522742400,23627.5,23685.0,23573.0,23643.5,15112,200
1522756800,23640.5,23784.5,23624.5,23780.0,15048,200
1522771200,23780.5,23910.0,23661.0,23769.0,47878,200
1522785600,23770.0,24044.5,23691.0,24019.5,42373,200
1522800000,24019.5,24022.0,23931.5,23948.0,5167,300
1522814400,23948.0,23962.0,23912.0,23958.5,9898,300
1522828800,23959.0,23962.5,23545.5,23628.5,21663,200
1522843200,23629.0,23630.0,23398.0,23558.5,26263,200
1522857600,23557.5,24028.5,23494.5,23982.5,53288,200
1522872000,23983.0,24318.5,23882.0,24289.0,35972,200
1522886400,24289.0,24364.5,24267.0,24307.0,7444,300
1522900800,24305.0,24429.5,24278.0,24410.0,9298,300
1522915200,24409.5,24457.0,24325.0,24361.5,15591,200
1522929600,24362.0,24416.0,24305.0,24391.5,17510,200
1522944000,24391.5,24625.0,24372.5,24535.0,38616,200
1522958400,24535.0,24596.5,24352.0,24508.0,30801,200
1522972800,24508.0,24532.5,24032.5,24132.5,16089,300
1522987200,24133.5,24248.5,24053.5,24215.5,15480,300
1523001600,24216.0,24305.5,24173.0,24294.5,16410,200
1523016000,24295.0,24358.5,24220.5,24303.0,22049,200
1523030400,24303.5,24440.0,24044.0,24207.0,51257,200
1523044800,24206.0,24206.0,23732.5,23948.0,47859,200
1523059200,23948.0,23948.0,23948.0,23948.0,4,350
1523116800,23948.0,23948.0,23948.0,23948.0,1,350
1523131200,23948.0,23948.0,23948.0,23948.0,1,350
1523145600,23948.0,23948.0,23948.0,23948.0,1,350
1523160000,23948.0,23948.0,23948.0,23948.0,2,350
1523232000,24023.5,24106.5,23948.0,24092.0,7973,300
1523246400,24092.0,24142.0,24040.0,24117.0,12598,300
1523260800,24116.5,24169.0,24072.5,24144.5,15607,200
1523275200,24144.5,24174.5,24081.0,24099.5,15779,200
1523289600,24099.5,24312.5,24046.0,24299.0,36557,200
1523304000,24299.5,24375.0,23946.5,24023.0,32036,200
1523318400,24023.0,24058.0,23977.0,24023.0,7905,300
1523332800,24023.0,24400.5,24023.0,24317.0,21836,300
1523347200,24313.5,24375.0,24242.0,24289.5,20412,200
1523361600,24289.5,24358.0,24278.5,24341.5,18766,200
1523376000,24339.5,24512.5,24233.5,24350.0,48007,200
1523390400,24350.0,24476.5,24312.0,24389.0,36916,200
1523404800,24389.0,24398.0,24278.5,24299.0,6930,300
1523419200,24298.5,24342.5,24290.0,24302.0,8987,300
1523433600,24302.5,24327.5,24268.5,24295.0,7735,200
1523448000,24295.0,24311.5,24095.0,24168.0,18595,200
1523462400,24167.0,24366.0,24145.5,24285.5,39695,200
1523476800,24285.0,24317.0,24151.5,24213.5,30422,200
1523491200,24213.5,24299.0,24209.0,24289.0,4700,300
1523505600,24289.0,24313.5,24238.0,24260.0,9571,300
1523520000,24260.0,24269.0,24181.5,24189.0,11629,200
1523534400,24188.5,24359.0,24176.0,24343.0,14211,200
1523548800,24343.0,24564.0,24343.0,24550.0,33222,200
1523563200,24550.0,24590.5,24408.5,24502.5,28379,200
1523577600,24502.5,24502.5,24396.5,24422.5,7486,300
1523592000,24422.5,24451.5,24412.0,24438.5,7294,300
1523606400,24438.5,24536.0,24438.5,24521.0,11117,200
1523620800,24521.5,24649.0,24512.0,24641.0,11402,200
1523635200,24641.0,24660.0,24331.5,24401.0,39361,200
1523649600,24401.0,24463.5,24240.0,24376.5,27843,200
1523836800,24376.5,24582.0,24376.5,24521.5,5374,300
1523851200,24521.5,24523.5,24426.5,24496.5,9092,300
1523865600,24496.5,24497.5,24417.0,24470.0,12234,200
1523880000,24469.5,24558.0,24469.0,24555.0,11416,200
1523894400,24554.5,24658.0,24485.5,24643.5,31779,200
1523908800,24644.0,24675.0,24563.0,24589.0,22067,200
1523923200,24589.0,24659.0,24586.0,24641.5,4402,300
1523937600,24642.0,24697.0,24601.0,24696.0,7367,300
1523952000,24696.0,24759.5,24674.0,24725.5,11323,200
1523966400,24726.0,24831.5,24705.5,24800.0,12036,200
1523980800,24800.0,24859.0,24766.0,24786.0,26026,200
1523995200,24785.5,24846.5,24736.5,24737.5,21435,200
1524009600,24737.5,24818.5,24725.5,24807.5,4209,300
1524024000,24807.5,24821.5,24775.0,24806.5,6299,300
1524038400,24806.0,24827.0,24762.0,24793.0,8992,200
1524052800,24792.0,24842.5,24762.0,24820.0,9853,200
1524067200,24819.5,24830.5,24719.5,24761.0,25855,200
1524081600,24761.0,24794.0,24724.0,24779.0,16509,200
1524096000,24769.0,24805.0,24768.5,24800.5,2448,200
1524110400,24800.0,24812.0,24777.5,24804.0,4891,300
1524124800,24803.5,24806.5,24731.5,24737.5,9675,200
1524139200,24736.5,24768.5,24669.0,24670.0,9962,200
1524153600,24669.5,24760.0,24580.0,24598.0,34015,200
1524168000,24597.0,24719.0,24555.0,24668.5,24638,200
1524182400,24668.5,24679.5,24611.0,24641.5,4155,300
1524196800,24641.0,24698.5,24635.5,24683.0,8282,300
1524211200,24683.0,24685.0,24564.5,24617.0,11377,200
1524225600,24616.5,24695.0,24580.0,24657.0,11356,200
1524240000,24657.5,24681.5,24409.0,24439.5,32631,200
1524254400,24439.5,24516.0,24371.5,24468.5,25195,200
1524441600,24579.5,24582.5,24492.0,24527.5,5109,300
1524456000,24527.5,24554.0,24508.0,24550.5,7900,300
1524470400,24550.5,24558.5,24405.5,24428.0,11483,200
1524484800,24428.0,24525.5,24411.5,24521.5,10962,200
1524499200,24521.0,24535.0,24398.5,24447.5,28552,200
1524513600,24448.0,24478.5,24326.5,24460.0,23415,200
1524528000,24460.0,24509.0,24460.0,24473.5,3756,300
1524542400,24472.5,24530.0,24453.5,24506.5,6690,300
1524556800,24506.0,24568.0,24465.0,24557.0,9679,200
1524571200,24556.5,24636.5,24540.0,24581.0,12024,200
1524585600,24580.0,24580.0,24047.0,24047.0,45284,200
1524600000,24045.5,24077.5,23822.0,24027.0,41408,200
1524614400,24027.0,24068.0,24018.0,24058.5,4146,300
1524628800,24058.0,24068.5,23944.5,24002.0,10804,300
1524643200,24001.5,24034.5,23902.5,23921.0,14403,200
1524657600,23920.5,24060.5,23894.5,24003.5,19060,200
1524672000,24003.0,24080.5,23821.0,23954.5,46969,200
1524686400,23954.0,24142.5,23927.0,24125.5,30843,200
1524700800,24125.5,24192.5,24125.5,24182.0,5164,300
1524715200,24182.5,24193.0,24120.5,24132.0,8205,300
1524729600,24132.0,24137.0,24053.0,24101.5,15123,200
1524744000,24101.0,24186.0,24089.5,24173.5,12663,200
1524758400,24173.5,24329.5,24121.5,24290.5,33974,200
1524772800,24290.5,24404.0,24290.5,24339.0,21637,200
1524787200,24339.0,24360.0,24299.0,24313.5,3607,300
1524801600,24314.0,24319.0,24266.0,24307.0,7440,300
1524816000,24307.0,24336.5,24269.5,24276.5,9277,200
1524830400,24277.0,24328.0,24240.5,24324.0,9709,200
1524844800,24324.0,24359.0,24190.0,24328.5,35298,200
1524859200,24329.0,24356.0,24284.0,24325.0,18715,200
1525046400,24327.0,24410.5,24322.5,24354.5,3123,300
1525060800,24354.0,24393.5,24344.5,24390.0,5244,300
1525075200,24390.0,24429.0,24390.0,24412.5,7045,200
1525089600,24412.5,24470.0,24409.0,24454.5,7748,200
1525104000,24454.0,24503.0,24268.0,24311.5,31442,200
1525118400,24311.0,24341.5,24144.0,24154.0,25489,200
1525132800,24154.0,24212.5,24121.5,24196.0,4298,300
1525147200,24196.0,24216.0,24189.5,24199.5,4019,300
1525161600,24199.5,24231.0,24109.5,24110.0,6912,200
1525176000,24110.0,24183.0,24103.5,24139.5,9458,200
1525190400,24139.5,24140.5,23840.0,23879.5,35197,200
1525204800,23879.0,24160.0,23804.0,24138.5,27154,200
1525219200,24138.5,24149.0,24020.5,24082.5,5286,300
1525233600,24082.5,24106.0,24049.0,24076.5,6451,300
1525248000,24076.5,24135.5,24076.0,24135.0,9232,200
1525262400,24134.5,24170.0,24067.5,24087.5,11154,100
1525276800,24087.0,24104.5,23984.0,24063.0,33310,200
1525291200,24061.0,24189.0,23850.5,23868.0,27989,200
1525305600,23868.0,23918.5,23859.0,23888.5,4036,300
1525320000,23888.5,23907.0,23847.5,23900.0,7578,300
1525334400,23900.0,23943.5,23872.0,23931.0,9151,200
1525348800,23931.5,23950.5,23752.5,23778.5,13320,200
1525363200,23779.0,23908.5,23526.5,23901.5,45306,200
1525377600,23901.0,23997.0,23830.0,23965.5,35413,200
1525392000,23965.5,23989.5,23885.5,23936.5,4847,300
1525406400,23936.5,24004.5,23881.5,23995.5,11209,300
1525420800,23994.5,23994.5,23892.0,23940.0,15146,200
1525435200,23940.5,23962.0,23831.0,23900.0,15326,200
1525449600,23900.0,24231.0,23777.5,24210.0,35293,200
1525464000,24210.5,24336.5,24208.0,24293.0,18327,200
1525651200,24293.0,24394.0,24273.5,24355.0,6144,300
1525665600,24355.0,24390.0,24312.5,24382.0,9821,600
1525680000,24381.5,24385.5,24313.5,24336.5,9253,400
1525694400,24336.0,24388.5,24323.5,24379.0,8722,200
1525708800,24379.5,24481.0,24341.5,24416.0,25909,200
1525723200,24416.5,24455.5,24260.5,24341.0,22278,200
1525737600,24341.0,24362.0,24308.5,24348.0,4068,300
1525752000,24348.0,24380.5,24347.5,24366.5,5959,300
1525766400,24365.5,24392.0,24297.0,24320.0,9885,200
1525780800,24321.5,24349.0,24259.0,24344.0,11996,200
1525795200,24343.5,24412.0,24244.5,24267.5,33744,200
1525809600,24267.0,24380.0,24192.0,24355.0,29326,200
1525824000,24355.0,24369.5,24318.0,24343.5,3786,300
1525838400,24343.5,24363.0,24313.5,24353.0,5399,300
1525852800,24352.5,24500.5,24347.5,24492.5,8835,200
1525867200,24492.0,24505.0,24442.0,24445.0,10895,200
1525881600,24444.0,24534.5,24323.0,24515.5,30124,200
1525896000,24515.5,24588.5,24494.5,24549.5,19375,200
1525910400,24549.5,24554.5,24503.5,24538.5,3164,0
1525924800,24538.5,24601.5,24534.5,24580.5,7218,300
1525939200,24580.0,24584.5,24538.0,24565.5,7292,200
1525953600,24565.0,24607.0,24513.0,24594.5,10511,200
1525968000,24594.0,24786.5,24578.0,24768.5,23499,200
1525982400,24768.5,24795.0,24673.5,24706.5,20057,200
1525996800,24706.5,24750.0,24706.0,24738.0,3024,300
1526011200,24737.5,24765.0,24716.5,24758.5,5257,300
1526025600,24758.0,24760.5,24708.0,24755.0,8514,200
1526040000,24754.5,24798.5,24734.0,24752.0,8887,200
1526054400,24751.0,24867.0,24739.0,24784.0,24542,200
1526068800,24782.5,24849.5,24712.5,24834.5,18839,200
1526256000,24878.0,24939.5,24878.0,24936.5,3216,300
1526270400,24935.5,24977.5,24927.5,24974.5,4843,300
1526284800,24974.0,24975.5,24878.0,24934.0,6605,200
1526299200,24933.0,24955.0,24892.0,24904.0,5903,200
1526313600,24903.5,24994.0,24901.0,24915.0,21140,200
1526328000,24915.0,24931.5,24858.0,24891.5,18013,200
1526342400,24891.5,24918.5,24888.0,24896.5,2290,300
1526356800,24897.0,24914.0,24865.5,24877.5,6061,300
1526371200,24877.5,24880.5,24813.5,24851.0,8349,200
1526385600,24851.5,24886.5,24723.0,24750.5,11332,200
1526400000,24750.0,24791.5,24634.5,24713.0,31971,200
1526414400,24712.0,24728.5,24627.0,24683.5,24415,200
1526428800,24683.5,24699.0,24638.5,24675.5,3118,300
1526443200,24675.5,24713.5,24664.0,24691.5,4742,300
1526457600,24691.5,24730.5,24667.0,24690.0,8508,200
1526472000,24690.5,24702.5,24643.5,24648.0,9380,200
1526486400,24647.5,24795.0,24645.0,24772.0,23589,200
1526500800,24772.0,24801.5,24720.5,24759.0,15864,200
1526515200,24759.0,24769.5,24735.5,24762.5,2135,300
1526529600,24762.5,24765.5,24724.0,24747.5,6074,300
1526544000,24747.0,24750.0,24694.5,24707.0,8289,200
1526558400,24706.5,24742.5,24686.5,24716.5,8597,200
1526572800,24720.0,24838.5,24661.5,24734.5,23871,200
1526587200,24734.5,24744.5,24633.5,24707.0,19476,200
1526601600,24707.0,24769.5,24680.5,24761.0,3961,300
1526616000,24760.0,24776.0,24739.0,24758.5,6096,300
1526630400,24758.5,24772.0,24716.0,24741.0,7712,200
1526644800,24741.0,24805.5,24689.0,24692.0,10877,200
1526659200,24691.5,24775.0,24662.5,24732.0,27736,200
1526673600,24732.0,24751.0,24701.5,24718.5,13940,200
1526860800,24912.5,24973.5,24905.0,24927.0,4633,300
1526875200,24927.0,24945.5,24912.0,24940.5,3659,300
1526889600,24940.0,24969.5,24924.5,24949.5,5749,200
1526904000,24949.0,24968.0,24940.0,24944.0,4788,200
1526918400,24944.0,25084.0,24931.0,25014.0,22454,200
1526932800,25014.0,25039.5,24966.0,25012.0,15741,200
1526947200,25012.0,25015.0,24995.5,25009.0,1937,300
1526961600,25008.0,25049.0,25008.0,25040.0,2500,200
1526976000,25040.0,25064.5,25031.5,25057.0,5780,200
1526990400,25057.0,25072.0,25044.5,25049.0,5669,200
1527004800,25049.5,25063.0,24952.0,24961.0,20725,200
1527019200,24961.5,24971.5,24811.5,24841.0,16012,200
1527033600,24841.0,24850.5,24823.0,24841.0,3272,300
1527048000,24840.5,24843.5,24755.5,24786.5,7747,300
1527062400,24786.5,24812.0,24648.0,24668.5,13459,200
1527076800,24668.0,24689.0,24634.0,24678.0,12325,200
1527091200,24678.5,24799.0,24660.0,24726.0,28264,200
1527105600,24726.0,24889.0,24682.0,24864.0,21467,200
1527120000,24864.0,24879.0,24804.5,24822.0,4084,300
1527134400,24821.0,24827.5,24766.5,24805.0,8058,300
1527148800,24804.5,24879.0,24798.5,24875.5,10380,200
1527163200,24874.0,24877.5,24806.5,24817.0,8253,200
1527177600,24817.5,24858.0,24601.0,24771.0,32420,200
1527192000,24771.0,24840.5,24768.0,24814.5,16038,200
1527206400,24814.5,24853.5,24806.5,24845.0,3734,300
1527220800,24845.5,24912.0,24835.5,24879.5,7148,300
1527235200,24881.0,24888.5,24826.0,24882.0,9684,200
1527249600,24882.5,24894.0,24740.0,24745.5,12605,200
1527264000,24745.5,24824.0,24715.5,24744.0,26052,200
1527278400,24744.0,24764.0,24685.5,24758.0,14245,200
1527465600,24839.5,24850.5,24815.5,24823.0,3420,600
1527480000,24822.5,24843.0,24803.0,24832.0,5814,600
1527494400,24832.0,24849.5,24819.5,24820.5,7486,400
1527508800,24820.5,24826.5,24724.5,24733.5,9842,400
1527523200,24733.0,24790.5,24718.5,24783.5,10243,400
1527552000,24783.5,24801.0,24765.0,24769.5,3115,300
1527566400,24768.5,24768.5,24734.0,24747.5,6106,300
1527580800,24747.0,24759.5,24508.5,24553.5,19091,200
1527595200,24553.0,24605.5,24521.5,24596.0,19510,200
1527609600,24596.0,24636.5,24278.0,24373.5,37068,200
1527624000,24373.0,24413.5,24243.5,24411.5,27836,200
1527638400,24411.5,24411.5,24324.0,24350.5,5483,300
1527652800,24350.5,24442.5,24325.0,24421.5,10260,300
1527667200,24421.0,24496.0,24360.0,24449.5,18235,200
1527681600,24449.5,24541.0,24425.5,24500.0,17782,200
1527696000,24500.0,24658.5,24458.0,24642.0,24778,200
1527710400,24642.5,24714.5,24626.0,24656.5,14842,200
1527724800,24656.5,24656.5,24610.0,24655.5,4095,300
1527739200,24654.5,24669.5,24629.0,24662.0,6609,300
1527753600,24662.0,24706.0,24634.5,24690.5,12736,200
1527768000,24690.5,24692.0,24633.0,24670.0,12687,200
1527782400,24669.5,24669.5,24385.0,24467.0,34699,200
1527796800,24467.0,24474.5,24347.0,24440.0,20442,200
1527811200,24440.0,24452.5,24430.0,24452.5,2543,300
1527825600,24452.5,24480.5,24427.5,24437.5,7914,300
1527840000,24437.0,24514.0,24421.0,24491.0,11594,200
1527854400,24490.0,24590.5,24487.0,24589.0,12854,200
1527868800,24589.5,24675.0,24556.5,24645.0,26060,200
1527883200,24645.0,24671.5,24585.5,24637.5,13113,200
1528070400,24637.5,24663.0,24586.5,24662.0,3640,300
1528084800,24662.0,24703.0,24655.0,24681.0,6932,300
1528099200,24681.0,24741.5,24672.5,24737.0,10133,200
1528113600,24735.5,24783.5,24735.5,24760.5,9380,200
1528128000,24760.5,24862.0,24747.0,24816.0,20455,200
1528142400,24816.5,24831.0,24782.5,24803.5,10304,200
1528156800,24803.5,24826.0,24781.0,24787.0,2794,300
1528171200,24786.5,24795.5,24768.0,24788.5,4705,300
1528185600,24788.5,24832.5,24759.5,24821.5,8676,200
1528200000,24820.5,24857.5,24777.5,24779.0,10697,200
1528214400,24778.5,24838.5,24709.0,24756.0,22585,200
1528228800,24756.0,24835.5,24752.5,24825.5,11773,200
1528243200,24825.5,24844.0,24815.0,24838.5,1646,300
1528257600,24838.5,24904.0,24837.5,24892.5,2736,0
1528272000,24891.5,24920.0,24880.0,24891.5,10603,200
1528286400,24892.0,24960.0,24889.5,24930.0,8774,200
1528300800,24930.0,25042.5,24859.5,25034.0,22564,200
1528315200,25034.0,25160.5,25006.0,25152.5,13358,200
1528329600,25152.5,25152.5,25116.5,25139.0,2760,300
1528344000,25139.0,25172.5,25138.5,25165.5,4733,300
1528358400,25165.0,25246.0,25162.0,25178.5,10196,0
1528372800,25177.0,25218.5,25164.5,25199.5,10288,200
1528387200,25199.0,25324.5,25188.0,25260.5,26663,200
1528401600,25260.5,25288.0,25161.5,25273.5,23870,200
1528416000,25273.5,25286.5,25237.0,25285.5,2803,300
1528430400,25285.5,25298.5,25233.0,25241.5,5355,300
1528444800,25241.0,25243.5,25076.5,25111.0,15208,200
1528459200,25111.5,25211.0,25097.5,25183.5,10736,200
1528473600,25183.5,25324.0,25162.0,25298.5,23120,200
1528488000,25298.5,25329.0,25254.0,25326.0,12483,200
1528675200,25270.5,25325.0,25247.0,25316.5,3657,300
1528689600,25316.5,25339.0,25288.0,25322.5,4936,300
1528704000,25321.0,25384.0,25285.5,25354.0,9186,200
1528718400,25353.5,25370.5,25291.0,25324.0,6760,200
1528732800,25324.0,25402.0,25290.5,25392.0,20478,200
1528747200,25392.0,25403.5,25313.5,25330.5,11109,200
1528761600,25330.5,25367.0,25314.5,25321.5,3551,300
1528776000,25321.0,25377.5,25298.5,25358.0,7414,300
1528790400,25358.0,25389.5,25300.0,25316.5,11269,200
1528804800,25315.5,25352.5,25280.5,25352.5,8419,200
1528819200,25352.5,25364.0,25284.5,25320.5,17067,200
1528833600,25320.0,25338.0,25244.0,25334.5,13347,200
1528848000,25334.5,25356.5,25315.5,25345.0,2818,300
1528862400,25345.0,25364.0,25331.5,25343.5,3857,300
1528876800,25343.5,25346.0,25291.5,25316.5,6761,200
1528891200,25317.0,25347.0,25310.5,25332.0,6396,200
1528905600,25332.5,25366.5,25298.5,25306.5,15877,200
1528920000,25305.5,25335.5,25188.0,25202.5,20370,200
1528934400,25202.5,25219.5,25186.0,25219.0,2568,300
1528948800,25218.5,25232.0,25180.0,25191.0,5105,300
1528963200,25190.5,25195.5,25127.5,25178.5,8962,200
1528977600,25177.5,25294.5,25167.5,25273.0,10866,200
1528992000,25272.5,25330.0,25136.5,25163.5,22411,200
1529006400,25164.0,25236.5,25134.5,25193.0,14350,200
1529020800,25193.0,25193.0,25137.5,25139.0,3504,300
1529035200,25138.5,25173.5,25133.0,25156.0,5133,300
1529049600,25156.0,25176.0,25016.0,25043.0,11005,200
1529064000,25043.5,25079.5,24970.0,24982.5,15152,200
1529078400,24982.5,25051.0,24888.5,24958.5,27314,200
1529092800,24959.0,25130.5,24941.5,25076.0,16575,200
1529280000,25053.0,25133.0,24986.0,25006.0,4713,0
1529294400,25006.5,25010.5,24940.5,24968.5,6596,300
1529308800,24968.5,24993.5,24936.5,24966.0,7950,200
1529323200,24965.5,24971.5,24856.5,24894.5,10882,200
1529337600,24893.5,24959.0,24820.5,24943.0,20739,200
1529352000,24943.0,25007.0,24935.0,24995.5,12329,200
1529366400,24996.0,25005.5,24841.5,24874.0,7139,300
1529380800,24874.0,24878.5,24749.0,24790.0,11817,300
1529395200,24790.0,24794.0,24559.5,24634.0,21615,200
1529409600,24634.0,24707.5,24611.0,24662.0,16827,200
1529424000,24662.0,24736.0,24565.5,24656.0,29962,200
1529438400,24656.0,24732.0,24616.0,24718.5,15913,200
1529452800,24718.5,24749.5,24689.5,24703.0,4069,300
1529467200,24703.0,24747.5,24644.0,24743.0,10404,300
1529481600,24743.0,24852.5,24743.0,24812.0,14010,200
1529496000,24812.0,24840.0,24784.5,24827.5,9073,200
1529510400,24827.0,24850.5,24627.0,24705.0,22792,200
1529524800,24705.5,24715.0,24651.0,24665.5,11947,200
1529539200,24665.5,24714.0,24652.5,24682.0,3620,0
1529553600,24682.5,24788.0,24680.5,24732.0,10494,300
1529568000,24731.5,24751.5,24607.5,24610.5,14478,200
1529582400,24609.5,24623.0,24553.5,24582.5,18170,200
1529596800,24580.5,24603.5,24457.0,24462.0,27163,200
1529611200,24461.5,24541.0,24405.0,24466.0,18421,200
1529625600,24466.0,24518.0,24448.0,24508.0,4812,300
1529640000,24508.0,24541.0,24493.0,24524.5,9401,300
1529654400,24524.0,24591.5,24513.5,24582.0,12580,200
1529668800,24580.5,24612.5,24560.0,24601.0,9211,200
1529683200,24601.0,24664.5,24561.5,24632.5,21900,200
1529697600,24631.5,24666.5,24563.5,24582.5,12585,200
1529884800,24582.5,24621.5,24469.0,24513.5,7918,300
1529899200,24513.0,24529.5,24468.5,24499.5,9533,300
1529913600,24499.0,24504.5,24415.5,24425.0,14177,200
1529928000,24425.5,24447.0,24379.0,24431.0,13135,200
1529942400,24429.5,24448.0,24131.5,24229.5,35989,200
1529956800,24228.5,24303.0,24082.5,24282.5,29340,200
1529971200,24282.5,24327.0,24245.5,24303.5,6189,300
1529985600,24303.5,24326.5,24228.5,24299.5,13076,300
1530000000,24300.0,24361.0,24257.0,24288.0,14676,200
1530014400,24288.5,24308.0,24222.0,24280.5,13616,200
1530028800,24281.0,24352.5,24241.5,24335.0,32000,200
1530043200,24335.5,24383.5,24271.0,24280.0,15848,200
1530057600,24280.0,24336.5,24280.0,24313.0,4440,300
1530072000,24313.0,24331.5,24251.0,24292.5,10784,300
1530086400,24293.0,24293.5,24089.0,24103.0,19387,200
1530100800,24102.0,24354.0,24100.5,24318.0,22923,200
1530115200,24317.0,24572.5,24317.0,24346.0,33429,200
1530129600,24345.5,24366.5,24114.0,24144.5,33406,200
1530144000,24144.5,24190.5,24125.5,24158.5,7442,300
1530158400,24159.0,24226.0,24148.0,24219.0,14489,300
1530172800,24219.0,24250.5,24133.5,24185.5,18608,200
1530187200,24185.5,24242.5,23997.0,24002.0,22513,200
1530201600,24002.5,24197.5,23989.5,24152.5,42309,200
1530216000,24153.0,24310.5,24147.0,24265.0,21974,200
1530230400,24265.0,24293.0,24224.5,24249.5,5900,300
1530244800,24250.0,24377.5,24226.0,24363.5,13910,300
1530259200,24363.0,24420.0,24324.0,24408.5,16413,200
1530273600,24407.0,24408.5,24289.0,24321.0,18671,200
1530288000,24320.5,24512.0,24320.0,24441.5,27276,200
1530302400,24441.0,24480.0,24273.5,24286.5,18902,200
1530489600,24286.5,24330.0,24205.0,24273.5,6815,300
1530504000,24273.5,24344.0,24156.5,24183.5,11544,300
1530518400,24183.5,24184.5,24048.0,24164.0,20545,200
1530532800,24164.0,24173.5,24092.5,24115.5,15267,200
1530547200,24114.5,24245.5,24077.0,24156.5,30679,200
1530561600,24157.0,24317.5,24097.0,24304.0,20297,200
1530576000,24304.0,24320.5,24287.5,24297.5,3104,300
1530590400,24297.5,24382.5,24226.0,24248.5,13370,300
1530604800,24248.5,24394.5,24233.5,24385.0,17716,200
1530619200,24385.0,24466.5,24366.0,24445.5,12165,200
1530633600,24445.5,24450.5,24149.0,24191.0,27350,200
1530648000,24191.5,24214.5,24162.5,24185.5,1864,200
1530662400,24185.5,24209.0,24151.5,24182.0,3615,250
1530676800,24182.0,24246.5,24176.0,24226.0,10418,300
1530691200,24226.5,24244.5,24183.0,24233.0,10725,200
1530705600,24232.5,24274.5,24216.0,24242.0,8485,200
1530720000,24242.5,24250.0,24189.0,24226.0,8935,200
1530748800,24226.0,24231.0,24167.0,24167.5,3415,200
1530763200,24167.5,24229.0,24130.0,24161.5,14671,300
1530777600,24161.5,24275.5,24136.5,24261.0,15949,200
1530792000,24261.5,24377.0,24252.0,24338.5,12464,200
1530806400,24338.5,24368.5,24174.0,24345.0,28567,200
1530820800,24345.0,24374.0,24238.5,24355.5,18435,200
1530835200,24355.5,24355.5,24297.0,24337.0,3814,300
1530849600,24337.5,24407.5,24302.0,24374.5,13801,300
1530864000,24372.0,24436.5,24301.0,24344.0,18105,200
1530878400,24344.0,24396.0,24254.0,24320.0,14973,200
1530892800,24319.5,24520.0,24281.0,24483.0,27558,200
1530907200,24483.0,24517.0,24416.0,24473.5,13209,200
1531094400,24473.5,24564.5,24473.5,24553.5,4085,300
1531108800,24553.5,24616.0,24548.5,24603.5,8477,300
1531123200,24602.5,24609.5,24557.5,24559.5,9663,200
1531137600,24559.0,24597.0,24556.0,24569.0,8114,200
1531152000,24570.0,24773.0,24567.5,24757.0,20742,200
1531166400,24757.0,24801.5,24725.0,24793.5,11446,200
1531180800,24793.5,24894.5,24779.0,24886.5,3192,300
1531195200,24886.5,24888.5,24847.5,24859.5,4685,300
1531209600,24860.0,24868.5,24802.5,24814.5,10185,200
1531224000,24815.0,24861.5,24811.5,24850.0,9171,200
1531238400,24850.5,24944.0,24842.5,24901.0,21476,200
1531252800,24901.0,24941.5,24756.0,24813.5,14253,200
1531267200,24813.5,24813.5,24661.0,24666.0,10832,300
1531281600,24666.0,24781.0,24620.5,24741.5,15148,300
1531296000,24741.0,24751.5,24656.5,24728.5,16547,200
1531310400,24728.0,24780.5,24679.5,24705.0,13720,200
1531324800,24705.5,24814.0,24704.0,24718.0,28579,200
1531339200,24719.0,24768.5,24659.5,24717.5,19688,200
1531353600,24717.5,24749.5,24695.0,24737.0,3614,300
1531368000,24737.0,24809.0,24719.5,24792.5,9862,300
1531382400,24792.5,24822.0,24753.5,24794.0,10397,200
1531396800,24793.5,24910.5,24791.5,24905.5,11195,200
1531411200,24905.5,24936.5,24812.5,24926.5,22223,200
1531425600,24926.5,24940.5,24876.5,24910.0,15668,200
1531440000,24910.0,24983.5,24908.0,24977.5,3715,300
1531454400,24977.5,25011.5,24957.0,25007.0,6903,300
1531468800,25006.0,25006.0,24932.5,24936.5,9484,200
1531483200,24936.0,24951.0,24885.5,24914.5,11385,200
1531497600,24914.5,25040.0,24891.0,25038.5,23245,200
1531512000,25038.5,25040.5,25001.0,25025.0,10773,200
1531699200,25025.0,25096.5,25025.0,25085.5,2289,300
1531713600,25085.5,25109.0,25052.5,25073.0,6648,0
1531728000,25073.5,25100.5,25055.0,25073.0,8420,200
1531742400,25073.5,25079.0,25018.0,25033.0,9007,200
1531756800,25033.0,25054.5,24979.0,25041.0,20434,200
1531771200,25041.0,25076.0,25007.0,25065.0,13247,200
1531785600,25065.0,25090.5,25044.5,25083.0,2963,300
1531800000,25083.0,25107.0,25055.5,25094.5,7195,300
1531814400,25094.5,25095.0,25027.5,25071.5,11074,200
1531828800,25071.0,25081.0,25020.0,25047.5,9973,200
1531843200,25047.5,25136.0,24989.5,25128.5,22169,200
1531857600,25128.5,25158.0,25096.0,25131.5,13348,200
1531872000,25131.5,25173.0,25131.5,25167.0,2691,300
1531886400,25167.0,25171.0,25119.5,25141.5,5570,300
1531900800,25141.5,25159.0,25120.0,25139.0,9178,200
1531915200,25139.0,25153.0,25102.0,25129.0,7700,200
1531929600,25129.0,25215.0,25101.0,25198.0,19172,200
1531944000,25198.0,25208.5,25170.0,25179.0,10616,200
1531958400,25179.0,25200.0,25176.5,25191.5,2329,300
1531972800,25191.0,25213.5,25177.5,25179.5,5514,300
1531987200,25179.5,25185.5,25117.0,25144.5,11263,200
1532001600,25145.0,25151.0,25063.0,25094.0,9964,200
1532016000,25092.5,25145.5,25045.0,25090.5,21809,200
1532030400,25091.0,25125.0,25054.5,25066.5,16953,200
1532044800,25066.5,25105.0,25054.0,25104.0,2883,300
1532059200,25104.0,25118.0,24924.5,24986.5,14125,300
1532073600,24986.5,25048.5,24983.5,25031.0,10507,200
1532088000,25030.5,25059.5,24927.5,24942.5,15262,200
1532102400,24943.0,25123.0,24927.5,25089.0,20679,200
1532116800,25089.5,25097.0,25034.0,25069.5,12369,200
1532304000,25069.5,25096.5,25020.0,25026.0,4096,300
1532318400,25025.5,25029.0,24980.0,25025.5,9576,300
1532332800,25025.5,25061.5,25006.0,25037.5,12907,200
1532347200,25037.0,25061.0,25013.0,25043.0,8523,200
1532361600,25043.5,25075.5,24981.0,25069.0,19850,200
1532376000,25068.5,25079.0,25018.0,25044.0,9139,200
1532390400,25044.0,25105.5,25041.5,25093.0,3533,300
1532404800,25093.0,25154.5,25065.5,25126.5,6894,300
1532419200,25125.5,25134.0,25057.0,25120.5,9119,200
1532433600,25120.5,25194.5,25120.5,25169.5,9404,200
1532448000,25169.5,25285.0,25131.5,25246.0,22941,200
1532462400,25244.5,25257.0,25153.0,25210.0,18169,200
1532476800,25210.0,25242.0,25191.0,25202.5,3891,300
1532491200,25203.0,25224.0,25187.0,25209.0,6776,300
1532505600,25209.0,25252.5,25206.0,25230.5,8574,200
1532520000,25229.5,25246.5,25108.0,25162.5,11046,200
1532534400,25163.0,25211.0,25112.0,25205.0,22078,200
1532548800,25205.0,25467.5,25181.0,25463.5,18638,200
1532563200,25463.5,25490.5,25417.0,25445.0,5897,300
1532577600,25444.0,25461.0,25428.5,25442.5,6765,300
1532592000,25442.5,25468.5,25422.0,25444.5,11005,200
1532606400,25444.5,25491.5,25442.5,25476.5,9542,200
1532620800,25477.0,25588.5,25464.5,25514.5,22666,200
1532635200,25514.0,25573.0,25493.0,25521.5,15119,200
1532649600,25521.5,25558.0,25515.0,25550.5,2609,300
1532664000,25550.0,25577.5,25539.0,25566.5,5515,300
1532678400,25566.5,25593.5,25546.5,25559.0,7982,200
1532692800,25558.0,25583.5,25507.0,25559.0,9273,200
1532707200,25558.5,25582.5,25398.5,25402.5,25553,200
1532721600,25402.5,25461.0,25368.0,25450.5,22467,200
1532908800,25450.5,25454.5,25377.0,25396.0,3508,300
1532923200,25396.0,25431.5,25368.5,25396.5,7348,300
1532937600,25396.5,25434.5,25378.5,25424.5,8550,200
1532952000,25424.5,25491.0,25424.5,25466.5,8251,200
1532966400,25466.5,25498.5,25318.0,25338.0,26116,200
1532980800,25338.5,25396.5,25289.0,25329.0,16269,200
1532995200,25329.0,25344.5,25301.0,25331.5,2228,300
1533009600,25332.0,25352.0,25313.0,25334.5,5093,300
1533024000,25333.5,25347.0,25297.5,25323.0,8040,0
1533038400,25323.0,25355.5,25304.0,25324.5,7669,200
1533052800,25324.0,25487.0,25305.0,25474.0,24333,200
1533067200,25474.0,25508.5,25387.0,25493.5,15633,200
1533081600,25493.5,25493.5,25355.0,25407.0,5350,300
1533096000,25406.5,25426.0,25382.0,25421.0,7323,300
1533110400,25421.0,25458.5,25397.0,25401.0,10181,200
1533124800,25400.5,25416.0,25364.0,25415.0,9524,200
1533139200,25414.0,25485.5,25323.0,25348.5,21426,200
1533153600,25348.0,25374.5,25278.0,25347.5,16347,200
1533168000,25347.5,25357.0,25337.0,25346.5,2127,300
1533182400,25347.0,25351.0,25244.5,25273.5,8613,300
1533196800,25273.5,25285.0,25194.0,25199.5,13701,200
1533211200,25199.5,25205.0,25125.0,25166.5,14011,200
1533225600,25166.0,25314.5,25116.0,25296.0,24166,200
1533240000,25296.0,25362.5,25289.0,25359.0,13756,200
1533254400,25359.0,25361.0,25337.0,25345.0,2593,300
1533268800,25345.0,25353.0,25310.0,25330.5,6492,300
1533283200,25330.0,25337.0,25294.0,25318.5,8893,200
1533297600,25317.5,25415.5,25310.0,25317.0,11024,200
1533312000,25317.5,25425.5,25312.5,25418.5,21031,200
1533326400,25417.5,25468.0,25411.5,25455.0,10382,200
1533513600,25455.0,25479.5,25452.5,25467.0,2514,200
1533528000,25467.0,25518.0,25464.0,25492.0,6172,300
1533542400,25491.5,25499.0,25415.5,25419.5,9592,200
1533556800,25418.5,25487.5,25413.5,25429.5,11028,200
1533571200,25428.5,25540.5,25380.5,25524.5,15227,200
1533585600,25525.0,25538.5,25461.5,25494.0,9495,200
1533600000,25494.0,25514.0,25494.0,25511.0,1689,300
1533614400,25511.0,25548.0,25508.0,25535.0,4851,300
1533628800,25535.0,25602.5,25530.5,25591.5,7425,0
1533643200,25591.0,25599.5,25567.5,25595.5,5483,200
1533657600,25595.5,25690.5,25585.5,25669.0,14157,200
1533672000,25669.0,25679.0,25615.0,25651.0,8617,200
1533686400,25651.0,25657.0,25630.0,25647.0,1676,300
1533700800,25646.5,25665.0,25631.5,25634.0,4633,300
1533715200,25634.0,25646.0,25611.0,25640.5,8093,200
1533729600,25640.5,25657.0,25599.0,25609.0,7169,200
1533744000,25608.5,25630.0,25553.0,25576.5,14208,200
1533758400,25576.0,25626.0,25534.5,25539.0,7411,200
1533772800,25539.0,25540.5,25511.5,25519.0,2296,300
1533787200,25518.5,25572.0,25505.0,25563.5,5726,300
1533801600,25563.5,25568.0,25515.0,25553.0,6157,200
1533816000,25552.0,25580.0,25531.0,25569.0,7473,200
1533830400,25569.0,25615.0,25519.5,25571.5,13583,200
1533844800,25571.0,25584.0,25473.5,25487.0,8169,200
1533859200,25487.0,25493.5,25450.0,25452.0,2962,300
1533873600,25452.0,25488.0,25452.0,25464.0,6111,300
1533888000,25464.0,25465.5,25367.5,25394.0,13937,200
1533902400,25394.0,25417.5,25358.5,25360.5,12987,200
1533916800,25361.0,25372.5,25264.0,25327.0,23040,200
1533931200,25326.5,25360.5,25221.5,25359.5,15748,200
1534118400,25308.0,25319.5,25246.5,25247.5,5007,300
1534132800,25248.0,25261.0,25174.0,25188.0,10376,300
1534147200,25188.0,25282.0,25183.5,25272.0,17320,200
1534161600,25272.5,25344.5,25230.0,25327.0,15674,200
1534176000,25327.5,25379.0,25176.5,25186.5,21970,200
1534190400,25186.0,25271.0,25151.0,25230.5,17024,200
1534204800,25230.5,25271.0,25229.0,25271.0,3405,300
1534219200,25271.0,25280.5,25229.5,25263.5,7221,300
1534233600,25263.5,25342.0,25248.5,25282.0,12304,200
1534248000,25282.0,25338.5,25276.5,25299.0,11542,200
1534262400,25298.0,25323.5,25203.5,25286.0,21282,200
1534276800,25286.5,25338.5,25282.5,25318.5,10980,200
1534291200,25318.5,25325.5,25303.0,25307.0,2270,300
1534305600,25306.5,25307.0,25239.5,25260.5,7320,300
1534320000,25259.5,25295.5,25246.0,25270.0,9890,200
1534334400,25269.5,25271.0,25116.0,25134.0,14524,200
1534348800,25134.0,25172.5,24966.5,25097.0,32472,200
1534363200,25097.5,25211.0,25004.5,25210.5,20916,200
1534377600,25210.5,25210.5,25146.0,25169.5,4033,300
1534392000,25169.5,25319.5,25156.5,25289.0,12868,300
1534406400,25289.5,25314.0,25243.0,25287.5,12014,200
1534420800,25288.0,25405.0,25275.0,25380.5,10528,200
1534435200,25380.5,25595.0,25373.0,25557.5,18606,200
1534449600,25558.0,25607.0,25537.0,25584.0,13272,200
1534464000,25584.0,25598.0,25559.0,25597.5,3055,300
1534478400,25598.0,25654.5,25598.0,25613.5,7906,300
1534492800,25613.5,25634.0,25596.0,25611.5,9138,200
1534507200,25611.0,25611.5,25505.0,25540.0,13992,200
1534521600,25540.5,25667.5,25517.0,25607.0,22913,200
1534536000,25607.5,25728.0,25588.0,25696.0,15861,200
1534723200,25696.0,25712.5,25685.5,25686.0,3587,300
1534737600,25686.0,25709.0,25664.5,25688.5,8555,300
1534752000,25688.5,25765.0,25678.0,25738.5,9859,200
1534766400,25738.0,25756.5,25711.0,25717.0,7159,200
1534780800,25716.5,25791.5,25713.0,25771.5,17444,200
1534795200,25771.5,25782.5,25747.0,25750.5,7763,200
1534809600,25750.5,25756.0,25726.0,25744.5,3241,300
1534824000,25744.5,25785.0,25739.5,25780.5,6287,300
1534838400,25780.5,25802.0,25767.5,25800.5,6933,200
1534852800,25800.0,25826.0,25796.5,25801.5,6173,200
1534867200,25801.0,25887.5,25793.5,25879.5,13964,200
1534881600,25879.0,25886.5,25722.5,25746.5,13101,200
1534896000,25746.5,25755.5,25680.0,25706.5,6226,300
1534910400,25707.0,25776.0,25704.0,25748.0,8313,300
1534924800,25748.5,25773.5,25723.5,25762.5,9785,200
1534939200,25762.0,25816.0,25746.5,25784.0,10174,200
1534953600,25783.5,25840.0,25765.0,25788.0,17296,200
1534968000,25787.5,25791.0,25714.0,25732.5,11421,200
1534982400,25732.5,25747.5,25707.0,25715.5,2452,300
1534996800,25715.5,25731.0,25671.5,25695.0,7608,300
1535011200,25694.0,25731.5,25684.0,25730.5,9036,200
1535025600,25730.5,25731.5,25698.0,25715.5,6825,200
1535040000,25715.0,25762.0,25605.0,25658.5,20201,200
1535054400,25658.0,25689.5,25631.0,25671.0,11099,200
1535068800,25671.0,25685.0,25651.5,25681.0,2241,0
1535083200,25681.0,25713.0,25667.5,25703.5,7511,300
1535097600,25703.5,25726.5,25691.5,25722.0,8824,200
1535112000,25721.5,25749.0,25706.0,25722.0,7250,200
1535126400,25721.5,25826.0,25706.0,25809.5,17035,200
1535140800,25809.5,25820.0,25766.0,25799.0,9951,200
1535328000,25810.0,25872.0,25803.5,25867.5,3060,300
1535342400,25867.5,25889.5,25857.0,25875.5,5782,300
1535356800,25875.5,25883.5,25851.0,25866.0,6054,200
1535371200,25865.5,25934.0,25810.0,25934.0,5112,200
1535385600,25934.0,26072.5,25929.0,26056.5,15400,200
1535400000,26056.0,26082.0,26022.5,26077.0,9431,200
1535414400,26079.0,26128.0,26077.0,26125.0,2630,250
1535428800,26124.5,26131.0,26088.0,26088.0,4687,300
1535443200,26088.0,26090.5,26060.0,26070.5,7969,200
1535457600,26070.0,26122.5,26066.5,26121.5,6105,200
1535472000,26121.0,26152.0,26045.5,26072.5,15423,200
1535486400,26072.5,26097.5,26037.5,26080.5,8607,200
1535500800,26074.0,26109.5,26073.5,26106.5,2463,300
1535515200,26106.0,26135.5,26074.0,26123.5,4830,300
1535529600,26123.0,26126.5,26082.0,26082.0,7690,200
1535544000,26082.0,26095.5,26044.0,26056.0,8263,200
1535558400,26055.5,26167.0,26033.5,26148.5,16977,200
1535572800,26148.5,26154.0,26112.0,26134.0,8595,200
1535587200,26134.0,26150.0,26116.0,26129.0,2673,300
1535601600,26129.0,26139.0,26087.5,26093.0,6210,300
1535616000,26092.0,26095.0,26033.5,26048.0,8332,200
1535630400,26047.5,26081.5,26029.5,26061.5,8930,200
1535644800,26062.0,26095.5,25996.5,26050.5,16588,200
1535659200,26050.5,26081.0,25932.5,25968.0,17872,200
1535673600,25954.5,25968.0,25934.0,25957.5,3641,0
1535688000,25957.5,25999.5,25955.0,25985.5,7786,300
1535702400,25985.5,26008.0,25943.0,25969.0,10841,200
1535716800,25969.0,25988.0,25916.0,25921.0,9272,200
1535731200,25920.5,26027.5,25876.0,25913.0,19827,200
1535745600,25913.0,26015.0,25884.0,26015.0,14353,200
1535932800,26015.0,26015.0,25969.0,25986.0,3563,300
1535947200,25986.0,25993.5,25943.0,25950.5,7751,300
1535961600,25951.0,26023.0,25945.0,26015.5,9488,200
1535976000,26015.5,26064.0,26009.0,26011.5,7198,200
1535990400,26011.0,26033.5,26002.5,26014.0,5010,200
1536019200,26014.0,26026.5,25964.0,25986.0,2778,200
1536033600,25985.0,26001.0,25951.0,25996.0,9124,300
1536048000,25996.0,26054.5,25989.5,25999.0,10853,200
1536062400,25998.5,25998.5,25855.5,25897.5,13776,200
1536076800,25897.5,25936.5,25804.5,25876.5,23323,200
1536091200,25876.5,25982.0,25873.5,25970.5,13355,200
1536105600,25970.5,25975.0,25941.5,25960.0,2943,300
1536120000,25960.5,25993.0,25951.0,25959.0,8402,250
1536134400,25959.0,25959.0,25827.0,25856.0,12785,200
1536148800,25856.0,25902.0,25838.0,25870.5,10468,200
1536163200,25870.0,25997.5,25870.0,25948.0,25920,200
1536177600,25947.0,26009.0,25927.0,25966.0,14236,200
1536192000,25966.0,25966.0,25930.5,25948.0,3288,300
1536206400,25948.0,25992.5,25930.0,25960.5,9721,300
1536220800,25960.0,25997.0,25894.5,25996.5,12818,200
1536235200,25996.5,26019.5,25951.0,25994.0,10759,200
1536249600,25994.0,26072.5,25878.5,25933.5,29422,200
1536264000,25933.0,26051.0,25910.5,25998.0,16487,200
1536278400,25989.0,25999.5,25925.5,25948.5,4648,300
1536292800,25948.5,26002.5,25933.5,25964.0,13667,300
1536307200,25964.0,26018.0,25951.0,25954.5,13690,200
1536321600,25951.0,25988.0,25898.0,25903.0,12874,200
1536336000,25903.0,26002.5,25814.0,25870.5,28926,200
1536350400,25870.5,25962.0,25838.0,25923.5,18153,200
1536537600,25923.5,25985.0,25923.5,25983.5,3872,300
1536552000,25983.5,26003.5,25959.0,25964.0,11388,300
1536566400,25964.5,26041.5,25947.0,26036.0,12463,200
1536580800,26035.5,26047.0,26010.5,26036.5,9532,200
1536595200,26036.5,26042.5,25867.0,25872.0,23938,200
1536609600,25871.0,25920.0,25856.0,25879.5,10426,200
1536624000,25879.5,25916.5,25873.5,25907.5,3016,300
1536638400,25907.5,25922.0,25894.5,25915.5,7446,300
1536652800,25915.0,25917.0,25811.0,25834.0,8800,200
1536667200,25833.0,25836.0,25753.0,25767.0,12273,200
1536681600,25766.5,26015.5,25748.0,26014.0,20222,200
1536696000,26014.5,26019.5,25959.5,25993.0,10726,200
1536710400,25999.5,26011.5,25969.0,25982.0,3383,300
1536724800,25981.0,25992.5,25957.0,25981.5,8412,300
1536739200,25981.5,26053.0,25978.5,26038.5,10333,200
1536753600,26039.0,26039.5,25964.0,25978.5,11320,200
1536768000,25979.0,26147.0,25943.0,26059.5,27718,200
1536782400,26059.0,26069.5,25925.0,25987.5,15926,200
1536796800,25978.0,26023.5,25972.0,26023.5,2947,300
1536811200,26022.5,26024.5,25981.5,25981.5,7341,300
1536825600,25981.0,26043.0,25965.0,26026.0,9592,150
1536840000,26026.0,26123.5,26007.0,26103.0,10300,200
1536854400,26103.0,26190.0,26062.5,26123.0,24586,200
1536868800,26123.0,26159.0,26098.5,26146.5,12272,200
1536883200,26142.0,26172.5,26132.0,26162.5,2793,300
1536897600,26161.5,26169.5,26130.5,26155.5,6574,300
1536912000,26156.0,26223.0,26152.0,26194.0,8393,200
1536926400,26193.5,26202.5,26167.0,26176.0,6890,200
1536940800,26175.5,26210.0,26079.5,26104.0,19400,200
1536955200,26121.0,26163.0,26115.0,26144.0,5351,200
1537142400,26144.0,26144.0,26091.0,26111.5,1571,300
1537156800,26111.5,26127.0,26096.5,26113.0,3253,300
1537171200,26112.5,26155.0,26085.5,26149.5,4921,200
1537185600,26149.5,26150.5,26105.0,26130.0,4735,200
1537200000,26130.0,26186.0,26112.0,26133.5,10564,200
1537214400,26133.5,26140.0,26032.5,26069.0,8621,200
1537228800,26059.5,26074.0,25958.5,25982.5,3043,300
1537243200,25982.5,26050.0,25970.0,26039.5,4412,300
1537257600,26039.5,26113.0,26028.5,26103.0,5668,200
1537272000,26102.5,26155.0,26102.0,26139.5,4896,200
1537286400,26139.5,26236.0,26071.0,26210.0,12668,200
1537300800,26210.0,26317.0,26208.5,26273.5,6668,200
1537315200,26283.0,26307.0,26240.0,26260.5,2137,300
1537329600,26260.5,26296.5,26252.0,26276.5,3914,300
1537344000,26276.5,26307.0,26258.0,26268.5,3926,200
1537358400,26268.5,26286.5,26229.5,26251.5,3580,200
1537372800,26251.5,26463.5,26247.5,26456.0,12320,200
1537387200,26456.0,26463.0,26406.0,26436.5,5450,200
1537401600,26435.0,26457.0,26432.0,26449.5,1625,300
1537416000,26449.5,26458.5,26430.5,26437.5,3029,300
1537430400,26437.5,26458.0,26420.5,26436.5,4387,200
1537444800,26436.0,26562.0,26431.0,26560.0,5010,200
1537459200,26560.0,26669.0,26553.5,26662.5,11809,200
1537473600,26662.5,26707.5,26637.0,26706.5,6264,200
1537488000,26694.0,26732.5,26686.5,26723.5,1798,300
1537502400,26723.5,26732.5,26708.5,26729.5,3313,300
1537516800,26729.5,26780.0,26728.0,26755.0,4627,200
1537531200,26755.5,26763.0,26694.0,26743.0,4566,200
1537545600,26743.0,26782.0,26680.0,26736.0,12344,200
1537560000,26736.0,26756.5,26706.0,26713.5,6655,200
1537747200,26685.5,26692.0,26631.5,26651.0,2596,300
1537761600,26651.0,26674.5,26625.0,26667.5,2665,300
1537776000,26667.5,26698.0,26639.5,26685.0,3738,200
1537790400,26685.0,26711.0,26675.0,26692.5,3648,200
1537804800,26692.5,26702.0,26550.0,26557.5,14308,200
1537819200,26557.5,26602.0,26546.0,26590.5,6733,200
1537833600,26590.5,26596.0,26567.5,26576.0,1261,300
1537848000,26575.5,26585.5,26563.5,26574.5,1819,300
1537862400,26574.5,26610.0,26564.5,26601.0,3903,200
1537876800,26601.0,26675.0,26600.0,26632.0,4576,200
1537891200,26632.0,26639.0,26518.0,26576.0,10734,200
1537905600,26575.0,26575.0,26476.0,26498.5,7095,200
1537920000,26498.5,26529.0,26498.5,26522.5,1430,300
1537934400,26522.5,26552.5,26522.5,26548.5,2888,300
1537948800,26548.5,26555.5,26503.5,26534.5,3868,200
1537963200,26534.5,26553.0,26512.0,26516.5,3821,200
1537977600,26516.0,26574.0,26494.0,26571.5,8659,200
1537992000,26571.5,26603.5,26345.5,26393.5,12126,200
1538006400,26393.5,26430.0,26385.0,26426.0,2064,300
1538020800,26426.0,26431.0,26390.0,26402.0,3446,300
1538035200,26402.0,26409.5,26336.5,26357.5,5892,200
1538049600,26357.5,26440.5,26349.0,26433.0,5200,200
1538064000,26433.5,26560.5,26373.0,26547.0,12793,200
1538078400,26546.5,26547.5,26425.0,26479.0,8382,200
1538092800,26490.5,26496.0,26464.0,26478.0,1873,300
1538107200,26478.0,26509.0,26475.5,26493.0,4200,300
1538121600,26493.0,26493.0,26409.5,26465.5,5744,200
1538136000,26464.5,26469.5,26334.5,26375.5,7593,200
1538150400,26375.5,26504.5,26364.0,26466.5,12634,200
1538164800,26465.5,26516.5,26415.5,26486.5,9303,200
1538352000,26486.5,26606.5,26486.5,26596.0,2887,300
1538366400,26596.0,26653.0,26585.0,26643.0,3325,300
1538380800,26643.0,26679.5,26621.5,26675.5,4287,200
1538395200,26675.5,26679.5,26622.5,26631.5,4128,200
1538409600,26631.5,26739.5,26610.5,26656.5,12152,200
1538424000,26656.5,26686.5,26596.0,26662.0,8734,200
1538438400,26664.0,26675.5,26641.0,26651.5,2012,300
1538452800,26652.0,26652.0,26615.5,26631.0,4114,300
1538467200,26631.0,26632.0,26543.5,26555.5,7256,200
1538481600,26555.5,26618.0,26539.0,26612.5,5848,200
1538496000,26612.5,26800.0,26608.5,26763.5,12647,200
1538510400,26763.5,26826.5,26730.5,26809.0,7813,200
1538524800,26800.5,26807.0,26767.0,26783.0,2007,300
1538539200,26783.0,26866.5,26770.5,26830.5,6107,300
1538553600,26830.5,26869.5,26818.0,26854.5,4815,200
1538568000,26854.5,26910.5,26823.5,26909.5,4282,200
1538582400,26909.5,26951.5,26870.5,26928.5,11353,200
1538596800,26928.5,26939.0,26791.0,26812.5,10789,200
1538611200,26798.5,26806.0,26755.0,26783.5,2704,300
1538625600,26783.5,26784.0,26744.0,26765.0,5772,300
1538640000,26765.0,26765.5,26700.5,26723.5,6924,200
1538654400,26723.5,26777.0,26703.5,26763.0,6352,200
1538668800,26763.0,26788.5,26494.5,26556.5,19252,200
1538683200,26556.5,26670.5,26467.5,26670.0,17104,200
1538697600,26661.5,26700.0,26638.0,26690.5,2759,300
1538712000,26690.5,26721.0,26630.0,26670.0,5861,300
1538726400,26670.0,26675.0,26580.5,26605.0,6869,200
1538740800,26605.0,26716.5,26560.5,26628.5,7983,200
1538755200,26628.5,26676.0,26333.5,26364.0,23529,200
1538769600,26364.0,26488.5,26301.5,26488.0,17801,200
1538956800,26530.5,26533.0,26437.5,26495.0,4092,300
1538971200,26495.0,26533.5,26462.5,26489.5,6250,300
1538985600,26489.5,26503.0,26364.5,26364.5,7964,200
1539000000,26364.5,26421.0,26360.0,26371.5,7037,200
1539014400,26371.5,26464.0,26215.5,26274.5,20737,200
1539028800,26274.5,26538.5,26270.5,26523.0,17258,200
1539043200,26523.0,26528.5,26478.0,26501.0,2712,300
1539057600,26501.0,26542.0,26480.0,26510.0,6078,300
1539072000,26510.0,26513.5,26442.0,26468.5,7042,200
1539086400,26468.5,26469.0,26366.0,26458.0,9458,200
1539100800,26458.0,26542.5,26325.0,26424.5,22562,200
1539115200,26424.5,26506.0,26391.0,26460.5,14493,200
1539129600,26456.5,26497.5,26456.5,26495.5,2591,300
1539144000,26495.5,26510.5,26411.0,26451.0,6512,300
1539158400,26451.0,26488.0,26407.5,26430.0,7555,200
1539172800,26430.0,26483.5,26370.0,26391.5,7429,200
1539187200,26391.0,26418.5,25999.0,26050.0,32074,200
1539201600,26048.0,26103.0,25416.0,25420.5,31869,200
1539216000,25434.5,25519.5,25356.0,25446.0,8852,300
1539230400,25446.0,25451.0,25177.0,25244.0,16043,300
1539244800,25242.0,25467.5,25172.0,25226.5,17874,200
1539259200,25226.5,25498.5,25162.0,25440.0,20421,200
1539273600,25440.5,25671.0,25226.5,25475.5,48431,200
1539288000,25475.5,25524.5,24897.5,25218.0,41741,200
1539302400,25214.5,25372.0,25197.5,25333.5,7638,300
1539316800,25333.5,25450.5,25310.0,25450.0,9237,300
1539331200,25450.0,25548.5,25359.0,25369.5,15570,200
1539345600,25369.5,25463.0,25327.0,25406.0,14528,200
1539360000,25406.5,25467.0,25002.5,25121.0,38093,200
1539374400,25119.5,25411.0,25031.5,25358.0,32303,200
1539561600,25358.0,25358.0,25224.0,25244.5,6369,300
1539576000,25244.5,25322.0,25203.5,25281.5,8893,300
1539590400,25280.5,25280.5,25122.5,25136.0,12075,200
1539604800,25136.5,25335.5,25132.0,25309.5,11919,200
1539619200,25309.5,25438.5,25245.5,25350.0,30796,200
1539633600,25350.0,25482.5,25173.0,25193.0,22328,200
1539648000,25193.0,25286.5,25180.0,25260.5,4514,300
1539662400,25260.5,25320.5,25228.0,25269.5,7421,300
1539676800,25269.0,25318.5,25256.0,25287.0,9395,200
1539691200,25287.5,25437.5,25260.5,25425.5,8233,200
1539705600,25425.5,25667.0,25406.5,25658.0,23618,200
1539720000,25658.0,25817.5,25636.5,25782.5,16383,200
1539734400,25765.0,25796.0,25749.5,25794.0,2896,300
1539748800,25794.0,25803.0,25763.5,25771.5,4229,300
1539763200,25771.5,25862.0,25733.5,25745.5,8591,200
1539777600,25746.0,25754.5,25644.5,25685.0,9188,200
1539792000,25685.0,25812.5,25479.5,25766.0,28686,200
1539806400,25766.0,25803.5,25627.0,25762.5,24301,200
1539820800,25737.5,25740.0,25669.5,25702.0,3814,300
1539835200,25702.0,25712.0,25634.0,25675.0,5973,300
1539849600,25675.0,25733.0,25603.0,25699.5,8890,200
1539864000,25699.5,25716.0,25626.0,25658.5,8823,200
1539878400,25658.5,25690.0,25314.5,25411.5,32552,200
1539892800,25411.5,25439.0,25234.5,25409.5,30007,200
1539907200,25401.0,25434.0,25367.0,25427.5,2937,300
1539921600,25427.5,25464.0,25397.5,25436.0,6202,300
1539936000,25435.5,25498.5,25378.5,25420.5,10440,200
1539950400,25420.5,25529.0,25399.0,25502.0,11321,200
1539964800,25502.0,25609.0,25378.0,25460.5,31117,200
1539979200,25460.5,25530.5,25352.5,25452.0,22876,200
1540166400,25360.0,25408.0,25297.5,25340.5,6070,300
1540180800,25340.5,25494.0,25337.0,25467.0,10061,300
1540195200,25467.0,25551.0,25451.5,25474.5,10221,200
1540209600,25474.5,25578.0,25449.5,25521.5,9753,200
1540224000,25522.0,25560.0,25233.5,25304.5,31689,200
1540238400,25304.5,25424.0,25281.5,25319.0,19502,200
1540252800,25309.5,25324.0,25147.5,25180.0,5133,300
1540267200,25179.5,25226.5,25088.0,25113.5,11159,300
1540281600,25113.5,25144.5,25017.0,25045.5,13677,200
1540296000,25045.0,25069.0,24863.5,24908.0,16655,200
1540310400,24907.5,25031.0,24763.0,24975.5,39329,200
1540324800,24975.5,25303.0,24967.5,25256.5,30222,200
1540339200,25261.0,25274.5,25208.0,25246.0,3719,300
1540353600,25246.0,25296.5,25165.0,25283.0,9194,300
1540368000,25283.0,25287.0,25031.0,25039.5,13329,200
1540382400,25039.5,25355.5,25033.0,25289.5,12860,200
1540396800,25289.5,25304.5,24903.0,25080.0,37319,200
1540411200,25077.0,25077.0,24529.0,24734.5,38402,200
1540425600,24715.0,24732.5,24591.5,24679.5,7381,300
1540440000,24679.5,24743.0,24627.0,24673.5,12005,300
1540454400,24673.5,24808.0,24627.5,24794.0,15432,200
1540468800,24794.0,24879.5,24724.0,24754.0,14196,200
1540483200,24753.0,24992.0,24634.5,24938.0,38058,200
1540497600,24938.5,25105.5,24824.5,24863.0,26153,200
1540512000,24790.5,24843.0,24734.5,24794.5,7570,300
1540526400,24794.5,24820.0,24649.0,24727.5,15034,300
1540540800,24728.0,24816.5,24662.0,24700.0,18688,200
1540555200,24700.0,24766.0,24599.0,24754.0,19726,200
1540569600,24754.0,24870.0,24442.5,24814.5,45941,200
1540584000,24812.5,24911.0,24542.5,24720.5,36114,200
1540771200,24769.0,24881.5,24750.0,24838.0,6187,300
1540785600,24838.0,24843.5,24721.5,24759.0,12449,300
1540800000,24758.5,24793.0,24686.5,24720.5,12641,200
1540814400,24719.5,24963.0,24695.5,24942.0,16620,200
1540828800,24942.0,25038.5,24709.5,24732.5,33375,200
1540843200,24732.5,24855.5,24119.5,24414.5,36160,200
1540857600,24420.5,24553.5,24389.5,24534.5,6323,300
1540872000,24533.5,24639.5,24485.5,24611.0,10794,300
1540886400,24611.0,24631.0,24528.0,24548.5,10465,200
1540900800,24549.0,24601.0,24446.5,24486.5,15388,200
1540915200,24486.5,24754.0,24365.5,24551.0,43363,200
1540929600,24551.0,24930.0,24477.5,24922.0,31707,200
1540944000,24896.5,24924.0,24857.5,24899.0,4490,300
1540958400,24898.5,24955.0,24886.5,24940.0,8812,300
1540972800,24940.0,25043.0,24937.5,25036.5,9211,200
1540987200,25036.0,25133.0,24967.0,25121.0,11317,200
1541001600,25121.0,25259.5,25051.5,25200.0,28291,200
1541016000,25200.0,25337.0,25064.5,25086.5,23607,200
1541030400,25086.5,25187.0,25086.0,25185.0,3399,300
1541044800,25185.0,25238.5,25166.5,25182.0,7835,300
1541059200,25182.0,25218.5,25096.5,25201.0,9902,200
1541073600,25201.0,25274.5,25171.5,25188.0,11727,200
1541088000,25188.5,25365.5,25110.0,25352.0,29334,200
1541102400,25352.0,25400.5,25268.5,25324.0,17597,200
1541116800,25246.0,25409.5,25244.5,25368.0,4490,300
1541131200,25368.0,25487.5,25306.5,25474.0,8147,300
1541145600,25474.5,25623.5,25467.5,25583.5,14404,200
1541160000,25583.5,25718.0,25527.0,25594.0,15253,200
1541174400,25594.0,25611.0,25102.5,25132.0,35600,200
1541188800,25132.0,25301.0,25073.5,25263.0,25232,200
1541376000,25257.5,25258.5,25171.5,25190.0,6145,300
1541390400,25190.0,25235.5,25184.0,25205.0,6282,300
1541404800,25205.0,25239.5,25176.0,25236.5,7797,200
1541419200,25236.0,25325.0,25226.5,25281.5,9446,200
1541433600,25281.5,25441.5,25265.0,25358.5,24592,200
1541448000,25358.5,25506.0,25353.5,25487.5,15848,200
1541462400,25483.5,25553.0,25468.5,25491.0,4700,300
1541476800,25491.0,25531.0,25475.5,25519.5,5571,300
1541491200,25519.5,25562.5,25415.5,25429.5,8851,200
1541505600,25429.5,25463.5,25408.0,25437.5,10571,200
1541520000,25437.5,25618.0,25437.0,25597.0,20905,200
1541534400,25597.0,25703.0,25483.5,25681.5,14092,200
1541548800,25668.0,25807.5,25579.0,25762.0,12723,300
1541563200,25762.5,25831.5,25679.0,25694.5,13073,300
1541577600,25694.5,25890.0,25664.5,25885.5,12442,200
1541592000,25885.5,25902.5,25804.5,25819.0,9779,200
1541606400,25819.0,26015.5,25761.5,26005.0,23107,200
1541620800,26003.5,26237.0,25978.5,26226.0,15160,200
1541635200,26189.5,26215.0,26150.0,26150.0,4395,300
1541649600,26150.0,26208.5,26136.5,26166.5,5346,300
1541664000,26166.5,26212.0,26127.0,26128.0,7511,200
1541678400,26127.0,26160.5,26086.0,26139.0,10058,200
1541692800,26139.0,26276.5,26116.0,26217.0,18687,200
1541707200,26217.0,26245.0,26078.0,26191.5,18164,200
1541721600,26180.0,26231.0,26157.5,26179.5,5233,300
1541736000,26179.5,26240.5,26144.0,26198.0,7674,300
1541750400,26198.0,26202.0,26088.0,26127.0,9567,200
1541764800,26127.0,26137.0,26042.0,26081.5,10183,200
1541779200,26081.5,26113.5,25916.0,25955.0,25015,200
1541793600,25954.5,26082.0,25880.5,25968.5,18072,200
1541980800,25974.5,26068.5,25932.5,26048.5,5716,300
1541995200,26048.5,26107.0,26039.0,26081.0,6539,300
1542009600,26079.5,26083.5,25945.5,25963.5,9951,200
1542024000,25963.5,25989.5,25882.5,25931.0,9950,200
1542038400,25931.5,25962.0,25512.0,25518.0,27597,200
1542052800,25518.0,25627.5,25342.0,25406.5,24937,200
1542067200,25410.5,25448.0,25298.5,25368.0,7127,300
1542081600,25367.5,25545.0,25357.5,25518.0,11079,300
1542096000,25517.5,25574.0,25433.5,25444.5,12229,200
1542110400,25444.5,25571.5,25408.0,25425.5,12282,200
1542124800,25425.5,25506.5,25194.5,25359.0,32967,200
1542139200,25359.0,25426.5,25198.5,25345.0,25325,200
1542153600,25376.5,25488.0,25351.5,25385.0,6248,300
1542168000,25385.5,25400.5,25312.5,25336.0,9121,300
1542182400,25336.0,25358.0,25212.0,25276.0,12432,200
1542196800,25276.0,25475.5,25259.5,25441.0,14875,200
1542211200,25440.5,25496.0,25089.0,25104.0,32738,200
1542225600,25104.5,25262.0,24934.0,25085.0,29582,200
1542240000,25052.0,25127.5,24967.0,24981.5,8758,300
1542254400,24981.5,25074.5,24979.0,25027.5,7360,300
1542268800,25080.0,25200.0,25027.0,25049.5,13266,200
1542283200,25050.0,25153.5,25007.0,25049.0,14867,200
1542297600,25048.0,25088.0,24787.0,24991.5,36975,200
1542312000,24991.0,25352.0,24932.0,25334.5,27942,200
1542326400,25314.0,25318.5,25223.0,25252.0,5981,300
1542340800,25252.0,25308.0,25230.0,25269.0,7082,300
1542355200,25269.0,25309.5,25234.5,25270.5,11337,200
1542369600,25271.0,25274.5,25102.5,25204.0,13515,200
1542384000,25204.0,25510.0,25147.5,25460.0,30442,200
1542398400,25460.0,25476.5,25296.5,25452.5,21886,200
1542585600,25396.5,25437.5,25356.0,25411.5,5861,300
1542600000,25412.0,25417.0,25368.5,25390.5,5162,300
1542614400,25390.5,25498.0,25378.0,25435.5,9186,200
1542628800,25435.5,25444.5,25345.0,25372.0,10454,200
1542643200,25372.0,25392.5,24938.0,25014.0,30642,200
1542657600,25015.0,25087.5,24897.5,25046.0,26104,200
1542672000,25046.0,25049.5,24960.5,24996.5,7064,300
1542686400,24996.0,25002.5,24930.5,24983.5,7627,300
1542700800,24982.5,24988.0,24845.5,24860.0,12595,200
1542715200,24860.0,24931.5,24655.5,24666.0,17073,200
1542729600,24666.0,24702.0,24416.5,24566.0,40262,200
1542744000,24566.0,24588.0,24365.5,24426.0,26438,200
1542758400,24421.5,24516.5,24382.0,24501.5,6988,300
1542772800,24501.0,24542.0,24490.0,24522.5,7257,300
1542787200,24522.5,24594.0,24501.0,24548.0,12574,200
1542801600,24547.0,24642.0,24499.5,24585.5,16812,200
1542816000,24586.0,24653.0,24528.0,24638.0,24464,200
1542830400,24638.0,24664.0,24450.0,24476.5,13382,200
1542844800,24482.0,24545.0,24466.0,24473.0,5322,300
1542859200,24473.0,24516.5,24454.0,24507.0,5450,300
1542873600,24507.0,24537.5,24331.0,24378.0,9143,200
1542888000,24378.0,24440.5,24377.0,24405.5,9843,200
1542902400,24405.5,24422.5,24302.5,24333.0,8675,200
1542931200,24333.0,24434.5,24333.0,24406.0,3314,200
1542945600,24406.0,24425.0,24329.5,24341.0,4636,300
1542960000,24341.0,24430.0,24338.0,24418.0,9606,200
1542974400,24418.0,24420.5,24271.0,24306.5,11664,200
1542988800,24306.0,24405.5,24275.0,24283.5,20977,200
1543003200,24284.5,24287.5,24255.5,24267.5,797,200
1543190400,24280.0,24381.0,24280.0,24347.5,5937,300
1543204800,24347.5,24403.5,24336.0,24388.0,5502,300
1543219200,24388.0,24573.5,24374.5,24555.0,10283,200
1543233600,24555.0,24555.0,24485.0,24520.0,9232,200
1543248000,24518.0,24671.5,24466.0,24494.5,20036,200
1543262400,24494.5,24658.5,24467.0,24509.0,14493,200
1543276800,24534.0,24558.0,24478.5,24501.5,5664,300
1543291200,24501.5,24608.0,24498.5,24565.0,6143,300
1543305600,24563.5,24761.0,24521.0,24600.5,14149,200
1543320000,24600.0,24620.0,24485.0,24514.5,11622,200
1543334400,24514.5,24635.0,24415.5,24554.0,25558,200
1543348800,24554.0,24787.5,24534.5,24779.5,16961,200
1543363200,24781.5,24791.0,24734.5,24736.5,4111,300
1543377600,24736.5,24811.5,24728.0,24793.5,4671,300
1543392000,24793.5,24855.0,24766.5,24797.0,8789,200
1543406400,24796.5,24921.5,24781.5,24903.5,9359,200
1543420800,24903.5,25241.5,24849.5,25217.0,26894,200
1543435200,25217.0,25370.0,25166.0,25337.5,16551,200
1543449600,25310.5,25348.5,25298.5,25304.5,4218,300
1543464000,25304.5,25326.0,25280.5,25295.0,4686,300
1543478400,25295.0,25317.0,25260.5,25269.0,8875,200
1543492800,25269.5,25336.0,25237.0,25319.0,11377,200
1543507200,25319.0,25351.5,25201.5,25321.0,24568,200
1543521600,25321.0,25477.5,25292.0,25366.0,14938,200
1543536000,25347.5,25362.5,25321.0,25342.0,4239,300
1543550400,25342.0,25378.5,25327.5,25346.0,4807,300
1543564800,25345.5,25364.0,25289.5,25298.0,6525,200
1543579200,25298.0,25315.5,25205.0,25295.0,9085,200
1543593600,25295.0,25371.0,25248.5,25288.5,18607,200
1543608000,25289.0,25584.0,25273.5,25574.0,14648,200
1543795200,25894.0,26021.5,25889.0,25960.5,7765,300
1543809600,25960.5,26040.0,25956.5,26016.0,6276,300
1543824000,26015.0,26073.5,25994.0,26042.0,8890,200
1543838400,26042.0,26057.0,25940.0,25964.5,9668,200
1543852800,25964.5,25997.5,25667.0,25769.5,26060,200
1543867200,25770.0,25858.5,25689.0,25814.5,18582,200
1543881600,25812.0,25819.0,25736.5,25763.0,5187,300
1543896000,25762.5,25774.0,25597.5,25615.0,7485,300
1543910400,25615.0,25729.0,25592.5,25662.5,9990,200
1543924800,25662.5,25765.5,25645.5,25754.0,10544,200
1543939200,25754.0,25773.0,25193.0,25252.0,31303,200
1543953600,25252.0,25283.0,24985.0,25024.5,34333,200
1543968000,25024.5,25135.5,24992.5,25119.5,6673,300
1543982400,25119.5,25140.0,25067.0,25098.0,4790,300
1543996800,25096.5,25143.0,25049.0,25122.5,8567,200
1544011200,25122.5,25170.5,25097.5,25130.5,6621,200
1544025600,25130.5,25153.5,25125.5,25142.0,898,200
1544054400,25142.0,25142.0,24548.0,24733.0,12124,200
1544068800,24731.0,24744.5,24635.0,24714.5,11369,300
1544083200,24714.5,24831.5,24570.0,24584.0,18084,200
1544097600,24583.5,24677.0,24540.0,24609.0,18388,200
1544112000,24609.0,24672.5,24244.5,24596.0,44506,200
1544126400,24596.5,24966.5,24464.0,24920.0,33998,200
1544140800,24904.0,24957.0,24799.0,24808.5,7829,300
1544155200,24808.5,24859.5,24789.5,24843.5,6396,300
1544169600,24843.5,24854.0,24682.5,24819.0,13079,200
1544184000,24819.0,24956.5,24742.5,24897.0,14258,200
1544198400,24897.0,25093.5,24455.5,24623.0,40494,200
1544212800,24622.5,24680.5,24277.5,24401.0,34689,200
1544400000,24354.0,24354.0,24143.5,24247.0,9652,300
1544414400,24246.0,24257.0,24173.0,24253.0,6329,300
1544428800,24252.0,24378.5,24217.5,24346.5,13796,200
1544443200,24346.5,24483.0,24309.0,24406.0,12644,200
1544457600,24406.0,24424.0,23877.0,24202.5,48712,200
1544472000,24203.0,24499.0,24175.0,24459.5,30665,200
1544486400,24473.0,24473.0,24335.0,24393.0,7423,300
1544500800,24393.5,24424.0,24348.5,24391.0,6433,300
1544515200,24391.0,24471.0,24372.5,24460.5,11241,200
1544529600,24460.5,24806.5,24460.5,24778.5,15294,200
1544544000,24778.0,24806.0,24303.5,24345.5,35813,200
1544558400,24345.5,24603.5,24216.5,24318.5,29624,200
1544572800,24337.0,24557.0,24333.0,24516.5,9020,300
1544587200,24516.5,24571.5,24475.0,24562.5,7279,300
1544601600,24562.5,24660.0,24441.5,24631.0,13725,200
1544616000,24631.5,24747.0,24541.0,24712.5,13673,200
1544630400,24712.5,24813.5,24582.5,24801.5,29776,200
1544644800,24803.5,24829.5,24494.0,24535.5,22624,200
1544659200,24568.0,24628.0,24542.5,24625.5,5165,300
1544673600,24625.5,24669.5,24607.0,24618.5,6313,300
1544688000,24616.5,24710.5,24545.0,24561.0,11075,200
1544702400,24561.0,24610.0,24474.0,24582.0,12749,200
1544716800,24582.0,24736.0,24511.5,24544.5,33101,200
1544731200,24543.5,24633.0,24471.5,24570.0,21082,200
1544745600,24571.0,24595.0,24380.0,24414.0,7118,300
1544760000,24414.0,24440.0,24357.5,24367.5,6415,300
1544774400,24368.0,24407.0,24246.0,24281.5,9152,200
1544788800,24280.5,24391.5,24279.5,24379.0,8689,200
1544803200,24379.0,24425.0,24120.0,24185.5,25494,200
1544817600,24185.0,24235.0,24029.0,24049.0,19566,200
1545004800,24028.5,24217.5,24027.0,24183.0,4057,300
1545019200,24182.0,24210.0,24158.0,24180.5,4436,300
1545033600,24180.5,24194.0,24068.5,24104.0,6784,200
1545048000,24104.0,24149.5,23932.0,23947.5,8718,200
1545062400,23947.5,24088.5,23776.0,23829.5,30379,200
1545076800,23828.5,23879.5,23455.5,23687.0,27196,200
1545091200,23702.0,23787.5,23682.5,23782.5,5873,300
1545105600,23782.5,23792.5,23649.0,23666.0,7625,300
1545120000,23666.0,23753.5,23654.5,23741.0,10664,200
1545134400,23738.0,23854.0,23711.5,23795.0,8653,200
1545148800,23795.0,23923.0,23731.0,23895.5,26132,200
1545163200,23895.5,23911.5,23517.0,23557.5,22510,200
1545177600,23588.5,23710.0,23561.5,23702.0,6142,300
1545192000,23702.0,23737.0,23661.0,23721.0,5711,300
1545206400,23721.0,23768.5,23691.0,23766.5,7512,200
1545220800,23766.5,23834.5,23721.0,23733.0,8100,200
1545235200,23733.0,23992.0,23660.0,23925.5,24229,200
1545249600,23925.5,24056.5,23154.0,23282.5,42481,200
1545264000,23314.0,23416.5,23231.0,23381.0,7085,300
1545278400,23381.0,23383.5,23043.5,23140.0,12883,300
1545292800,23140.5,23269.0,23092.0,23260.0,14225,200
1545307200,23260.0,23398.5,23227.0,23241.0,14145,200
1545321600,23241.0,23281.5,22876.5,22966.5,46691,200
1545336000,22965.0,23052.0,22634.5,23037.5,39094,200
1545350400,23003.0,23068.0,22933.5,22951.0,5047,300
1545364800,22950.5,23026.5,22933.0,23019.0,5705,300
1545379200,23019.0,23059.0,22842.5,22890.0,12325,200
1545393600,22890.0,23055.0,22830.0,23003.0,14633,200
1545408000,23003.0,23249.0,22643.0,22716.5,46817,200
1545422400,22717.0,22820.0,22373.5,22469.5,35732,200
1545609600,22352.5,22512.5,22298.5,22506.5,7602,300
1545624000,22506.5,22577.5,22486.0,22547.0,5994,300
1545638400,22545.0,22575.5,22463.0,22494.0,7710,200
1545652800,22494.0,22523.0,22188.5,22277.0,14560,200
1545667200,22277.0,22349.5,21796.0,21802.0,48439,200
1545681600,21802.0,21804.5,21684.0,21699.5,2448,200
1545811200,21699.5,21880.0,21620.0,21852.0,12965,200
1545825600,21852.0,21964.0,21770.5,21863.0,14891,200
1545840000,21863.0,22358.0,21711.5,22329.0,43908,200
1545854400,22329.5,22981.0,22162.5,22881.5,32467,200
1545868800,22895.5,22909.0,22768.0,22804.5,8623,300
1545883200,22805.0,23020.5,22805.0,22826.0,9189,300
1545897600,22826.0,22857.5,22464.0,22464.0,16816,200
1545912000,22464.5,22649.5,22449.0,22551.5,19757,200
1545926400,22551.0,22680.0,22346.0,22515.0,43815,200
1545940800,22514.0,23217.0,22264.0,23115.0,37892,200
1545955200,23129.5,23151.0,23021.0,23102.5,8755,300
1545969600,23102.5,23274.0,23085.5,23168.5,10247,300
1545984000,23168.5,23222.0,23063.5,23217.5,14566,200
1545998400,23217.5,23392.5,23212.5,23300.5,16824,200
1546012800,23300.5,23301.0,22984.5,23126.5,42136,200
1546027200,23126.5,23384.5,22979.0,23058.5,34252,200
1546214400,23203.5,23267.0,23186.5,23218.0,5761,300
1546228800,23218.0,23290.0,23201.0,23243.0,6163,300
1546243200,23243.0,23302.5,23239.5,23271.0,6204,200
1546257600,23271.5,23325.0,23236.0,23242.5,6458,200
1546272000,23242.0,23323.0,23115.0,23274.5,27319,200
1546286400,23274.5,23329.5,23190.5,23196.5,5355,200
1546387200,23337.5,23337.5,23337.5,23337.5,1,300
1546416000,23065.0,23126.5,22816.0,22955.5,17954,200
1546430400,22955.5,23047.0,22889.0,22923.0,15023,200
1546444800,22922.5,23346.0,22918.5,23326.5,37867,200
1546459200,23326.5,23416.5,23127.5,23152.0,29200,200
1546473600,23044.5,23084.5,22954.5,23081.0,8711,300
1546488000,23081.5,23101.0,22950.5,22980.5,7729,300
1546502400,22980.5,23073.5,22897.5,22985.0,13522,200
1546516800,22985.0,23125.0,22937.0,23112.0,15214,200
1546531200,23112.5,23138.0,22663.5,22942.0,42843,200
1546545600,22937.0,22944.0,22634.5,22708.0,30950,200
1546560000,22703.0,22748.5,22584.0,22680.0,10143,300
1546574400,22680.0,22829.0,22651.0,22805.0,11296,300
1546588800,22805.5,22983.5,22803.0,22937.5,15111,200
1546603200,22937.5,23007.0,22881.5,22959.5,15434,200
1546617600,22958.5,23484.0,22928.5,23458.5,37779,200
1546632000,23458.5,23522.5,23365.5,23412.5,24657,200
1546819200,23473.0,23639.0,23433.0,23530.0,8881,300
1546833600,23530.0,23554.5,23469.5,23472.5,8545,300
1546848000,23473.0,23532.0,23380.5,23393.0,12341,200
1546862400,23393.0,23471.5,23369.5,23432.0,11947,200
1546876800,23432.0,23664.0,23296.0,23640.5,30187,200
1546891200,23640.5,23682.5,23489.0,23552.0,20273,200
1546905600,23561.5,23618.5,23515.0,23585.5,6223,300
1546920000,23585.5,23654.0,23561.5,23572.0,7618,300
1546934400,23570.5,23702.5,23555.5,23639.0,11204,200
1546948800,23639.0,23785.0,23623.0,23778.0,11386,200
1546963200,23778.0,23867.0,23579.5,23670.5,31863,200
1546977600,23670.5,23818.0,23642.0,23750.0,19043,200
1546992000,23743.0,23887.0,23742.0,23877.5,6223,300
1547006400,23877.5,23905.5,23850.5,23871.0,6518,300
1547020800,23871.0,23890.5,23796.0,23864.0,11211,200
1547035200,23864.0,23913.5,23805.0,23894.5,10576,200
1547049600,23894.5,23979.5,23772.0,23961.0,29334,200
1547064000,23961.0,23983.0,23822.0,23859.0,19543,200
1547078400,23846.5,23864.5,23703.5,23759.0,7451,300
1547092800,23758.0,23796.0,23715.5,23736.5,8277,300
1547107200,23736.5,23761.5,23662.0,23721.0,11460,200
1547121600,23721.0,23819.0,23720.0,23763.5,10604,200
1547136000,23763.5,23978.0,23697.5,23938.5,24736,200
1547150400,23938.5,24023.5,23792.5,23989.0,21179,200
1547164800,23978.5,24009.5,23934.0,23967.0,6049,300
1547179200,23967.5,23983.5,23929.0,23955.0,6465,300
1547193600,23955.5,24019.0,23953.0,23995.5,7677,200
1547208000,23995.5,24000.0,23888.5,23912.5,10524,200
1547222400,23912.0,23978.0,23795.0,23956.0,22401,200
1547236800,23956.0,23996.0,23877.5,23977.0,12749,200
1547424000,23938.0,23940.5,23798.5,23815.0,4738,300
1547438400,23815.0,23815.5,23771.5,23790.0,5247,300
1547452800,23790.0,23827.0,23762.0,23779.5,8039,200
1547467200,23778.0,23816.5,23727.5,23796.5,8998,200
1547481600,23796.5,23951.5,23764.5,23926.5,21094,200
1547496000,23926.0,23964.5,23865.5,23901.5,11491,200
1547510400,23895.5,24043.5,23886.5,24026.0,6207,300
1547524800,24026.5,24095.0,24025.5,24075.0,6677,300
1547539200,24075.0,24086.0,23955.0,23964.5,9292,200
1547553600,23964.5,24023.0,23854.0,23879.0,11230,200
1547568000,23878.5,24099.5,23877.5,24044.0,25054,200
1547582400,24044.0,24082.5,23913.5,24020.5,15688,200
1547596800,24013.5,24073.0,23990.5,24036.5,6293,300
1547611200,24036.5,24089.0,24020.0,24083.5,5853,300
1547625600,24083.5,24125.0,24053.0,24069.5,8762,200
1547640000,24069.5,24126.0,24021.5,24113.5,8046,200
1547654400,24113.5,24248.0,24112.0,24216.5,19718,200
1547668800,24216.5,24285.5,24166.5,24197.0,11732,200
1547683200,24181.0,24203.0,24086.5,24110.0,11647,0
1547697600,24109.5,24141.0,24087.0,24098.5,14280,0
1547712000,24099.0,24112.0,24034.0,24081.0,22617,0
1547726400,24080.5,24132.5,24062.5,24113.0,10258,0
1547740800,24113.0,24211.0,24091.5,24165.5,17399,200
1547755200,24165.5,24478.0,24163.5,24376.5,19462,200
1547769600,24359.0,24452.5,24325.0,24443.0,6086,300
1547784000,24443.0,24454.0,24417.5,24431.0,4901,300
1547798400,24431.0,24456.0,24403.0,24446.0,7081,200
1547812800,24445.0,24520.0,24414.0,24514.5,8814,200
1547827200,24514.5,24747.5,24461.5,24723.0,23668,200
1547841600,24723.0,24757.0,24621.0,24755.5,15325,200
1548028800,24711.0,24727.5,24607.5,24638.5,5904,300
1548043200,24638.5,24677.5,24618.5,24639.5,6296,300
1548057600,24639.0,24651.5,24574.0,24585.0,6221,200
1548072000,24585.0,24626.5,24574.0,24617.0,5690,200
1548086400,24617.0,24644.0,24548.0,24635.0,5927,200
1548115200,24635.0,24665.0,24562.5,24569.0,5193,200
1548129600,24569.0,24587.0,24513.5,24531.0,5821,300
1548144000,24531.0,24597.0,24506.5,24575.5,7651,200
1548158400,24575.5,24587.5,24510.5,24544.5,7880,200
1548172800,24544.0,24579.5,24372.0,24404.5,22345,200
1548187200,24402.0,24441.5,24239.5,24436.5,22107,200
1548201600,24409.0,24517.5,24376.0,24507.5,5801,300
1548216000,24506.5,24510.5,24446.0,24452.5,6346,300
1548230400,24452.5,24493.0,24378.0,24489.5,9578,200
1548244800,24489.0,24617.5,24472.5,24588.5,9476,200
1548259200,24588.5,24696.0,24301.5,24460.0,27601,200
1548273600,24460.0,24593.5,24404.5,24566.5,18450,200
1548288000,24566.5,24634.0,24511.0,24547.0,6492,300
1548302400,24547.0,24589.5,24511.0,24580.0,7954,300
1548316800,24579.0,24627.0,24518.0,24620.0,9179,200
1548331200,24620.0,24632.0,24511.0,24525.5,11011,200
1548345600,24525.5,24620.0,24453.0,24493.5,25500,200
1548360000,24493.5,24566.0,24417.5,24519.0,15459,200
1548374400,24514.0,24569.5,24491.0,24539.0,4857,300
1548388800,24538.5,24648.0,24538.5,24612.5,7005,300
1548403200,24612.5,24660.0,24582.0,24611.0,8473,200
1548417600,24610.0,24742.0,24602.5,24726.0,8794,200
1548432000,24726.5,24862.0,24674.0,24721.0,19245,200
1548446400,24721.5,24774.0,24675.0,24759.0,14046,200
1548633600,24727.0,24745.5,24661.0,24711.0,6168,300
1548648000,24711.0,24717.5,24646.0,24655.5,6016,300
1548662400,24655.0,24666.0,24596.5,24623.0,7220,200
1548676800,24623.0,24650.5,24520.0,24536.5,8183,200
1548691200,24536.5,24539.0,24322.0,24368.5,26004,200
1548705600,24366.5,24531.5,24357.0,24499.5,13940,200
1548720000,24489.5,24493.0,24389.5,24426.5,6187,300
1548734400,24426.5,24479.5,24404.0,24471.0,6360,300
1548748800,24471.0,24502.5,24415.0,24493.5,7922,200
1548763200,24493.5,24587.5,24466.0,24584.0,8539,200
1548777600,24584.0,24675.0,24500.5,24608.5,20642,200
1548792000,24608.5,24671.5,24520.5,24660.0,13246,200
1548806400,24660.0,24698.5,24584.0,24627.5,6310,300
1548820800,24627.5,24668.5,24603.0,24611.0,6684,300
1548835200,24611.0,24677.0,24580.5,24662.5,7409,200
1548849600,24662.5,24868.5,24650.5,24829.5,9215,200
1548864000,24829.5,24965.5,24785.5,24906.5,18689,200
1548878400,24906.0,25107.0,24804.5,25014.5,20584,200
1548892800,24963.0,25024.5,24953.5,25012.0,6501,300
1548907200,25012.0,25056.0,24994.5,25009.5,6284,300
1548921600,25009.5,25053.5,24988.0,25001.0,7219,200
1548936000,25001.0,25015.0,24907.0,24924.0,8285,200
1548950400,24924.0,25034.0,24835.5,24955.0,20499,200
1548964800,24955.0,25087.5,24920.0,25087.5,15543,200
1548979200,25071.5,25115.5,25022.5,25048.0,6888,300
1548993600,25048.0,25075.5,25018.0,25028.0,6769,300
1549008000,25028.5,25080.5,25018.0,25052.5,7933,200
1549022400,25052.5,25106.5,24994.5,25096.5,9187,200
1549036800,25096.5,25189.5,25043.5,25108.0,21493,200
1549051200,25107.5,25114.5,24983.0,25053.5,13470,200
1549238400,25001.5,25095.5,24997.0,25078.5,4493,300
1549252800,25079.0,25092.0,25044.5,25053.0,4280,300
1549267200,25053.0,25074.5,25019.5,25065.0,6841,200
1549281600,25065.0,25092.0,25028.0,25043.5,6657,200
1549296000,25043.5,25094.5,24975.0,25084.5,14736,200
1549310400,25084.5,25248.0,25083.5,25222.0,8459,200
1549324800,25219.0,25242.0,25193.5,25209.0,3271,300
1549339200,25209.0,25229.5,25199.0,25211.0,2786,300
1549353600,25211.0,25299.5,25207.5,25293.0,5599,200
1549368000,25293.0,25352.0,25286.0,25340.5,6584,200
1549382400,25340.5,25422.5,25299.0,25309.0,14516,200
1549396800,25309.0,25425.0,25288.0,25376.5,10220,200
1549411200,25376.0,25400.5,25365.5,25399.0,3264,300
1549425600,25399.5,25409.5,25368.5,25375.5,3555,300
1549440000,25375.5,25388.5,25310.0,25333.0,5792,200
1549454400,25333.0,25401.5,25324.5,25395.5,5207,200
1549468800,25395.5,25438.5,25310.0,25401.5,18151,200
1549483200,25401.5,25428.0,25358.0,25371.0,9197,200
1549497600,25339.0,25358.5,25301.0,25323.5,4003,300
1549512000,25323.5,25329.5,25299.0,25310.5,3359,300
1549526400,25310.5,25333.5,25285.0,25331.5,5910,200
1549540800,25331.5,25332.5,25180.0,25236.5,10061,200
1549555200,25236.0,25312.0,24996.5,25015.5,26599,200
1549569600,25015.5,25182.0,25011.0,25149.5,17143,200
1549584000,25135.5,25141.0,25049.0,25060.5,5731,300
1549598400,25061.0,25078.5,25021.5,25056.5,6270,300
1549612800,25056.5,25111.0,25035.0,25081.5,8465,200
1549627200,25081.5,25088.0,24998.0,25026.0,9400,200
1549641600,25026.0,25071.5,24883.0,24978.5,23129,200
1549656000,24978.5,25121.0,24975.0,25121.0,11881,200
1549843200,25121.0,25153.0,25043.5,25059.5,3773,300
1549857600,25059.5,25100.0,25044.0,25069.0,4213,300
1549872000,25069.0,25237.5,25062.0,25210.5,7747,200
1549886400,25210.5,25248.0,25153.5,25205.5,7909,200
1549900800,25205.5,25211.0,25033.0,25087.5,19288,200
1549915200,25087.5,25101.5,25002.5,25043.0,10142,200
1549929600,25038.5,25140.5,25026.0,25139.5,4971,300
1549944000,25139.5,25196.0,25123.5,25162.0,5491,300
1549958400,25162.0,25216.0,25158.0,25194.5,6354,200
1549972800,25194.5,25258.0,25191.5,25232.0,6319,200
1549987200,25232.0,25404.0,25232.0,25377.0,13381,200
1550001600,25377.0,25459.5,25373.5,25431.5,8422,200
1550016000,25419.0,25533.5,25408.5,25521.5,5118,300
1550030400,25521.5,25538.0,25504.0,25529.0,4627,300
1550044800,25529.0,25555.5,25463.0,25474.0,5903,200
1550059200,25474.0,25537.0,25459.0,25531.0,6537,200
1550073600,25530.0,25629.0,25480.0,25508.0,16347,200
1550088000,25508.0,25607.0,25498.0,25504.0,8243,200
1550102400,25478.5,25518.0,25447.5,25487.5,5061,300
1550116800,25487.5,25537.0,25465.0,25530.5,5514,300
1550131200,25530.5,25611.5,25528.5,25562.0,6967,200
1550145600,25562.0,25602.0,25415.0,25424.5,7597,200
1550160000,25424.5,25539.0,25298.0,25507.0,26673,200
1550174400,25507.0,25559.0,25409.0,25409.5,12594,200
1550188800,25399.0,25438.0,25361.0,25385.0,5805,300
1550203200,25385.0,25385.0,25315.5,25333.0,5463,300
1550217600,25333.0,25392.0,25277.0,25389.0,7531,200
1550232000,25389.0,25544.0,25370.5,25526.5,10524,200
1550246400,25526.5,25813.0,25519.0,25783.0,20565,200
1550260800,25783.0,25907.0,25748.5,25896.0,8618,200
1550448000,25896.0,25936.0,25880.0,25912.0,5284,300
1550462400,25912.0,25940.5,25896.5,25906.0,5036,300
1550476800,25906.0,25932.0,25848.0,25858.0,5994,200
1550491200,25858.5,25919.0,25853.0,25901.5,5148,200
1550505600,25901.5,25914.5,25855.0,25905.5,4871,200
1550534400,25905.5,25927.0,25865.5,25914.0,4208,200
1550548800,25914.0,25915.5,25870.0,25887.0,4516,300
1550563200,25886.5,25901.0,25828.0,25847.5,6594,200
1550577600,25847.5,25868.5,25790.5,25825.0,6610,200
1550592000,25824.5,25933.5,25806.0,25913.0,13435,200
1550606400,25913.0,25961.5,25857.5,25885.0,7584,200
1550620800,25870.5,25917.5,25861.5,25908.5,4045,300
1550635200,25908.5,25910.0,25845.0,25875.0,4975,300
1550649600,25875.0,25902.0,25828.5,25832.5,7126,200
1550664000,25832.5,25878.0,25831.5,25867.0,6540,200
1550678400,25866.5,25936.5,25849.5,25875.5,13498,200
1550692800,25875.5,25986.0,25841.5,25966.0,15585,200
1550707200,25962.0,25973.5,25919.0,25953.0,4669,300
1550721600,25953.5,26086.0,25948.5,26041.5,6846,300
1550736000,26042.0,26051.5,25984.5,25996.5,7967,200
1550750400,25996.5,26013.5,25895.5,25930.5,8751,200
1550764800,25930.5,25938.5,25820.0,25908.0,19854,200
1550779200,25908.0,25911.5,25761.5,25842.5,10668,200
1550793600,25842.5,25864.5,25815.5,25822.5,5201,300
1550808000,25823.0,25857.0,25814.5,25848.5,5107,300
1550822400,25848.5,25940.5,25839.0,25925.0,6707,200
1550836800,25925.0,25981.0,25912.5,25922.0,6259,200
1550851200,25922.0,26051.0,25918.0,26013.0,13327,200
1550865600,26013.5,26046.5,25910.0,26046.5,11043,200
1551052800,26046.5,26122.5,26046.5,26093.0,4540,300
1551067200,26093.5,26106.0,26046.0,26071.0,5878,300
1551081600,26070.5,26137.5,26065.5,26122.5,6053,200
1551096000,26122.5,26193.0,26118.0,26192.5,5808,200
1551110400,26192.5,26239.5,26150.5,26165.0,13982,200
1551124800,26165.5,26179.5,26079.5,26085.5,9752,200
1551139200,26091.0,26094.0,26009.0,26019.0,4985,300
1551153600,26019.0,26029.5,25978.0,26016.5,6303,300
1551168000,26016.5,26055.0,25965.0,26024.0,6154,200
1551182400,26024.0,26047.0,25959.5,25965.5,6641,200
1551196800,25965.5,26119.5,25965.0,26067.0,17859,200
1551211200,26067.0,26155.0,26022.5,26022.5,10375,200
1551225600,25998.0,26039.0,25995.0,26027.0,1518,300
1551240000,26042.5,26054.5,26011.0,26041.0,2887,300
1551254400,26041.0,26043.5,25931.0,25954.5,7370,200
1551268800,25954.5,26001.0,25942.0,25974.5,5747,200
1551283200,25974.5,26032.5,25872.5,25979.0,17813,200
1551297600,25978.5,26038.0,25963.0,26027.5,9453,200
1551312000,26006.5,26016.5,25968.0,25994.0,4405,300
1551326400,25994.0,26003.0,25928.5,25931.0,4131,300
1551340800,25931.0,25951.5,25871.5,25940.5,7320,200
1551355200,25941.0,26007.5,25927.5,25984.0,6144,200
1551369600,25984.0,26020.5,25911.0,25981.5,16673,200
1551384000,25981.5,25985.5,25897.5,25927.0,9867,200
1551398400,25916.5,26006.0,25894.5,25968.0,4072,300
1551412800,25968.0,26033.0,25962.5,26009.0,4905,300
1551427200,26009.0,26081.0,26007.0,26067.0,5726,200
1551441600,26067.0,26103.5,26061.0,26075.0,4869,200
1551456000,26075.0,26141.5,25910.0,25984.0,17416,200
1551470400,25984.0,26070.0,25979.0,26043.0,7480,200
1551657600,26114.5,26173.5,26100.0,26141.5,4623,300
1551672000,26141.5,26171.0,26135.0,26147.5,4583,300
1551686400,26147.5,26150.5,26095.5,26096.0,5665,200
1551700800,26096.0,26139.0,26084.5,26132.5,5100,200
1551715200,26132.5,26158.0,25621.5,25658.0,25150,200
1551729600,25658.5,25829.5,25606.5,25807.0,17466,200
1551744000,25800.0,25825.5,25758.0,25762.0,6030,300
1551758400,25761.5,25819.0,25760.0,25806.5,7349,300
1551772800,25806.5,25893.0,25806.5,25881.5,5975,200
1551787200,25881.5,25886.0,25802.0,25807.0,6753,200
1551801600,25807.0,25872.0,25725.0,25833.5,19356,200
1551816000,25833.5,25873.5,25787.5,25802.5,9076,200
1551830400,25777.5,25801.0,25750.0,25769.5,4567,300
1551844800,25769.5,25802.5,25743.5,25765.5,5313,300
1551859200,25766.0,25805.0,25749.0,25776.0,6139,200
1551873600,25776.5,25814.0,25757.0,25798.5,5228,200
1551888000,25798.5,25837.5,25643.0,25648.5,19934,200
1551902400,25649.0,25720.5,25630.5,25673.0,14064,200
1551916800,25664.5,25677.5,25618.0,25636.0,4829,300
1551931200,25636.0,25654.0,25606.0,25609.0,5169,300
1551945600,25609.0,25617.0,25555.5,25585.0,5500,200
1551960000,25585.0,25711.5,25574.5,25638.5,7043,200
1551974400,25638.5,25661.0,25344.5,25538.0,25729,200
1551988800,25538.0,25551.0,25386.5,25469.0,15473,200
1552003200,25451.5,25483.0,25404.5,25443.0,4650,300
1552017600,25443.0,25469.5,25387.0,25401.5,5810,300
1552032000,25402.0,25411.5,25347.0,25373.5,6520,200
1552046400,25373.5,25381.5,25250.5,25259.0,7904,200
1552060800,25259.0,25411.0,25215.0,25280.5,21691,200
1552075200,25280.5,25521.5,25277.5,25521.5,11291,200
1552262400,25446.0,25481.5,25350.5,25358.0,4335,300
1552276800,25358.0,25431.5,25349.5,25408.0,7054,300
1552291200,25408.0,25424.5,25297.0,25299.0,5406,200
1552305600,25299.0,25355.5,25279.5,25299.0,6536,200
1552320000,25299.0,25569.5,25223.0,25526.5,17681,200
1552334400,25526.0,25695.0,25525.0,25666.5,10408,200
1552348800,25679.0,25755.0,25661.5,25734.0,3408,300
1552363200,25733.5,25763.0,25729.5,25741.5,4312,300
1552377600,25741.5,25747.5,25653.5,25672.5,5598,200
1552392000,25672.5,25695.5,25567.5,25640.0,8449,200
1552406400,25640.0,25672.5,25520.0,25556.5,18659,200
1552420800,25556.5,25617.5,25523.0,25593.5,10994,200
1552435200,25592.5,25595.5,25524.5,25537.5,2967,300
1552449600,25537.5,25546.5,25457.0,25486.5,6627,300
1552464000,25486.5,25549.0,25475.0,25546.5,5959,200
1552478400,25546.5,25639.5,25526.0,25615.5,6027,200
1552492800,25615.5,25759.5,25615.0,25724.0,15875,200
1552507200,25724.0,25775.5,25567.0,25748.5,15155,200
1552521600,25746.5,25773.0,25693.5,25697.5,3524,300
1552536000,25697.5,25718.5,25672.0,25683.5,6968,300
1552550400,25683.5,25768.0,25669.0,25767.0,5522,200
1552564800,25767.0,25784.0,25648.0,25716.5,8219,200
1552579200,25716.0,25755.5,25611.5,25716.5,16547,200
1552593600,25716.5,25736.5,25678.0,25714.5,8052,200
1552608000,25718.0,25752.0,25710.0,25749.0,2276,300
1552622400,25749.0,25822.0,25742.5,25801.5,5546,300
1552636800,25801.5,25805.0,25753.5,25787.0,4787,200
1552651200,25787.0,25854.5,25774.5,25805.5,6275,200
1552665600,25805.5,25926.0,25644.0,25904.0,19655,200
1552680000,25904.5,25919.5,25815.5,25862.5,10230,200
1552867200,25838.5,25855.5,25820.0,25828.5,2484,300
1552881600,25828.5,25890.0,25809.5,25878.5,5121,300
1552896000,25878.5,25898.5,25840.0,25843.0,4527,200
1552910400,25843.5,25849.5,25778.0,25817.0,5630,200
1552924800,25817.0,25885.5,25784.0,25861.0,15504,200
1552939200,25861.0,25941.5,25849.0,25926.0,7604,200
1552953600,25933.5,25954.0,25917.5,25936.5,2746,300
1552968000,25936.5,25981.0,25933.5,25961.5,4474,300
1552982400,25961.5,26014.0,25940.0,26004.5,4154,200
1552996800,26004.5,26046.0,25991.0,26036.0,5577,200
1553011200,26036.0,26111.5,25920.5,26008.0,15756,200
1553025600,26008.0,26021.0,25815.0,25879.5,14661,200
1553040000,25887.0,25888.5,25829.0,25832.0,3248,300
1553054400,25832.0,25867.5,25799.5,25840.5,5430,300
1553068800,25840.5,25933.5,25840.5,25924.5,5261,200
1553083200,25924.5,25924.5,25843.5,25844.5,6515,200
1553097600,25844.5,25877.5,25667.0,25717.5,19984,200
1553112000,25716.0,25928.0,25662.0,25667.5,22182,200
1553126400,25675.5,25783.0,25659.0,25779.0,3214,300
1553140800,25779.5,25787.0,25696.5,25724.0,5411,300
1553155200,25724.0,25743.0,25605.5,25638.0,7978,200
1553169600,25638.0,25680.5,25576.5,25618.5,8907,200
1553184000,25618.5,25982.5,25616.0,25899.5,19463,200
1553198400,25899.5,26013.5,25898.5,25957.0,13706,200
1553212800,25941.5,26009.5,25941.5,25984.5,3416,300
1553227200,25985.0,25992.5,25921.5,25945.5,6718,300
1553241600,25946.0,25968.0,25820.5,25838.5,7695,200
1553256000,25838.5,25881.5,25783.5,25818.0,10884,200
1553270400,25817.0,25877.5,25507.0,25581.5,31874,200
1553284800,25581.5,25719.0,25501.5,25516.0,21342,200
1553472000,25597.0,25623.0,25389.0,25400.0,6648,300
1553486400,25400.0,25467.5,25378.0,25439.0,8890,300
1553500800,25439.0,25493.0,25355.5,25446.5,8951,200
1553515200,25446.5,25544.5,25446.5,25519.0,11390,200
1553529600,25519.0,25604.0,25369.5,25500.0,29009,200
1553544000,25500.5,25563.0,25382.5,25558.0,18110,200
1553558400,25559.0,25618.5,25536.5,25608.0,3466,300
1553572800,25608.0,25648.5,25597.5,25636.5,5869,300
1553587200,25636.5,25659.0,25578.0,25582.5,8045,200
1553601600,25582.5,25715.0,25581.5,25672.5,8534,200
1553616000,25672.5,25796.0,25592.5,25633.0,22023,200
1553630400,25633.0,25657.5,25541.0,25639.0,16140,200
1553644800,25635.5,25645.0,25587.5,25621.5,4406,300
1553659200,25622.0,25680.5,25585.5,25672.0,7161,300
1553673600,25671.5,25708.5,25651.0,25654.5,6536,200
1553688000,25654.5,25694.5,25553.0,25667.5,10616,200
1553702400,25667.5,25760.0,25420.0,25521.0,28652,200
1553716800,25521.5,25674.0,25490.5,25611.5,17818,200
1553731200,25600.5,25618.0,25507.5,25539.5,4550,300
1553745600,25539.5,25603.5,25505.5,25569.5,7037,300
1553760000,25569.5,25664.0,25522.5,25657.0,9069,200
1553774400,25657.0,25683.0,25593.0,25651.5,9585,200
1553788800,25651.0,25739.5,25570.5,25640.0,24525,200
1553803200,25640.0,25731.0,25636.5,25730.5,10082,200
1553817600,25723.0,25804.5,25711.0,25778.0,3463,300
1553832000,25778.0,25801.0,25746.0,25789.0,5420,300
1553846400,25789.0,25802.5,25748.0,25749.5,5910,200
1553860800,25749.5,25860.5,25731.5,25855.0,8039,200
1553875200,25854.5,25885.0,25768.5,25869.5,20354,200
1553889600,25869.5,25948.5,25831.5,25944.0,11306,200
1554076800,26002.5,26100.5,25998.0,26080.5,4659,300
1554091200,26080.0,26125.0,26073.0,26087.5,5450,300
1554105600,26087.5,26148.0,26069.0,26132.0,7298,200
1554120000,26131.5,26144.5,26085.5,26126.5,7638,200
1554134400,26126.5,26196.5,26070.5,26195.5,16613,200
1554148800,26195.5,26278.0,26174.5,26238.0,9006,200
1554163200,26220.5,26271.5,26216.0,26247.0,3091,300
1554177600,26247.0,26256.0,26207.5,26222.0,4497,300
1554192000,26222.0,26240.0,26200.5,26224.0,5876,200
1554206400,26223.5,26267.0,26205.5,26238.5,6490,200
1554220800,26238.5,26238.5,26119.5,26150.5,16105,200
1554235200,26150.5,26198.5,26134.0,26135.5,7722,200
1554249600,26145.0,26247.0,26128.0,26234.0,2970,300
1554264000,26234.0,26271.5,26197.0,26236.5,5223,300
1554278400,26236.5,26281.0,26229.0,26258.5,6433,200
1554292800,26258.5,26296.0,26242.5,26259.0,5842,200
1554307200,26259.0,26280.0,26149.5,26244.5,15827,200
1554321600,26244.5,26260.0,26137.5,26240.0,12206,200
1554336000,26294.0,26294.0,26235.0,26262.5,2956,300
1554350400,26262.5,26291.5,26227.5,26244.0,5027,300
1554364800,26244.0,26257.5,26185.0,26207.0,6811,200
1554379200,26207.0,26248.5,26190.5,26231.5,6337,200
1554393600,26231.5,26389.0,26209.0,26320.0,18995,200
1554408000,26320.0,26399.5,26304.5,26386.0,9181,200
1554422400,26377.5,26427.0,26353.5,26412.5,3737,300
1554436800,26412.5,26427.5,26398.5,26413.5,3980,300
1554451200,26413.5,26435.5,26409.0,26418.5,4200,200
1554465600,26418.0,26495.0,26391.0,26462.0,6128,200
1554480000,26462.0,26485.5,26364.5,26403.5,15120,200
1554494400,26403.5,26441.0,26364.0,26368.5,7943,200
1554681600,26368.5,26404.5,26348.0,26365.0,2773,300
1554696000,26365.0,26368.0,26293.5,26314.0,5074,300
1554710400,26313.5,26343.0,26296.5,26325.5,5429,200
1554724800,26325.5,26337.0,26280.0,26285.5,5065,200
1554739200,26285.5,26338.0,26242.0,26306.5,13996,200
1554753600,26306.5,26344.5,26297.0,26335.0,6646,200
1554768000,26326.0,26338.5,26307.0,26307.5,1823,300
1554782400,26307.5,26307.5,26264.5,26295.0,3601,300
1554796800,26295.0,26314.5,26266.5,26314.0,4830,200
1554811200,26314.0,26336.0,26252.0,26257.5,4914,200
1554825600,26257.5,26260.5,26095.5,26182.5,15853,200
1554840000,26182.5,26183.5,26109.0,26139.0,9193,200
1554854400,26139.0,26161.5,26129.5,26148.0,1966,300
1554868800,26148.0,26168.0,26103.5,26159.0,4246,300
1554883200,26159.0,26201.0,26159.0,26175.0,4895,200
1554897600,26174.5,26223.5,26150.0,26189.5,5826,200
1554912000,26189.5,26206.0,26097.5,26117.0,14092,200
1554926400,26117.0,26171.0,26099.5,26166.0,8718,200
1554940800,26167.0,26193.0,26160.0,26174.5,2056,300
1554955200,26174.5,26203.0,26130.0,26146.0,4205,300
1554969600,26145.5,26161.0,26105.5,26142.0,5255,200
1554984000,26142.0,26218.5,26140.0,26180.5,5611,200
1554998400,26180.5,26222.5,26084.0,26111.0,14747,200
1555012800,26111.0,26159.5,26060.0,26152.5,8399,200
1555027200,26152.0,26177.5,26142.0,26172.5,2746,300
1555041600,26172.5,26191.5,26156.5,26182.0,4003,300
1555056000,26182.0,26309.5,26166.0,26308.0,5271,200
1555070400,26308.0,26382.5,26280.5,26372.5,6964,200
1555084800,26372.5,26441.5,26311.5,26394.5,14395,200
1555099200,26394.5,26419.5,26368.0,26417.0,6886,200
1555286400,26435.5,26440.5,26407.0,26419.5,2123,300
1555300800,26419.5,26441.0,26403.0,26426.5,3725,300
1555315200,26426.5,26434.5,26392.0,26429.0,4144,200
1555329600,26429.5,26474.0,26383.0,26397.0,4745,200
1555344000,26397.0,26417.0,26314.0,26343.0,11598,200
1555358400,26343.0,26389.5,26340.0,26381.5,6278,200
1555372800,26390.5,26415.0,26376.5,26401.5,1639,300
1555387200,26401.5,26427.0,26385.5,26424.0,4061,300
1555401600,26424.0,26498.0,26415.0,26498.0,6097,200
1555416000,26497.5,26553.0,26457.0,26531.5,6079,200
1555430400,26531.5,26543.0,26396.0,26429.5,12188,200
1555444800,26429.5,26470.5,26392.0,26432.5,8862,200
1555459200,26418.0,26452.5,26405.0,26446.0,2388,300
1555473600,26446.0,26492.5,26415.5,26447.0,5706,300
1555488000,26447.0,26470.0,26445.5,26465.0,4043,200
1555502400,26465.0,26496.5,26455.0,26495.5,4162,200
1555516800,26495.5,26513.0,26381.0,26448.5,15365,200
1555531200,26448.5,26479.5,26410.5,26438.5,8817,200
1555545600,26442.0,26452.5,26418.5,26424.5,1894,300
1555560000,26424.5,26437.0,26333.0,26356.5,5975,300
1555574400,26356.5,26383.5,26309.5,26365.0,7171,200
1555588800,26365.0,26488.0,26351.5,26479.0,8176,200
1555603200,26479.0,26571.0,26441.5,26541.5,15211,200
1555617600,26541.5,26598.5,26534.5,26573.5,5929,200
1555891200,26570.0,26634.0,26561.0,26624.0,3317,300
1555905600,26623.5,26627.5,26520.0,26537.0,5135,300
1555920000,26537.0,26547.0,26502.0,26508.0,2949,200
1555934400,26508.0,26526.0,26468.0,26474.0,3587,200
1555948800,26473.5,26552.5,26455.0,26528.0,12266,200
1555963200,26528.0,26536.0,26492.5,26517.0,5471,200
1555977600,26514.5,26527.5,26482.0,26483.5,2193,300
1555992000,26483.0,26517.0,26467.5,26511.5,3788,300
1556006400,26511.5,26545.5,26490.5,26514.5,4165,200
1556020800,26515.0,26602.0,26486.5,26555.5,4897,200
1556035200,26555.5,26693.5,26508.5,26672.0,12080,200
1556049600,26672.0,26680.0,26627.5,26650.0,6468,200
1556064000,26650.0,26676.5,26648.0,26671.0,1905,300
1556078400,26671.0,26678.0,26610.0,26627.5,4785,300
1556092800,26627.5,26647.5,26606.5,26637.0,4990,200
1556107200,26637.0,26698.0,26625.5,26664.5,6736,200
1556121600,26664.5,26679.5,26596.5,26621.0,11928,200
1556136000,26621.0,26643.0,26525.0,26534.0,8216,200
1556150400,26536.5,26572.5,26532.5,26554.0,2422,300
1556164800,26554.0,26577.0,26543.0,26571.0,3612,300
1556179200,26571.0,26585.5,26495.5,26535.5,4752,200
1556193600,26535.5,26547.5,26411.5,26450.0,6425,200
1556208000,26450.0,26501.5,26304.5,26481.5,14606,200
1556222400,26481.5,26534.0,26426.5,26435.0,7918,200
1556236800,26414.5,26451.5,26383.0,26390.5,3877,300
1556251200,26390.5,26453.5,26375.5,26438.5,5371,300
1556265600,26438.5,26461.5,26394.0,26408.0,5702,200
1556280000,26408.0,26482.0,26361.0,26434.0,6361,200
1556294400,26434.0,26499.5,26393.0,26476.0,15249,200
1556308800,26476.0,26543.0,26447.0,26508.5,7404,200
1556496000,26529.5,26554.0,26524.5,26541.5,1974,300
1556510400,26541.5,26558.0,26532.0,26552.0,3331,300
1556524800,26552.0,26593.0,26541.5,26561.5,4048,200
1556539200,26562.0,26568.0,26498.5,26539.5,4619,200
1556553600,26539.5,26576.5,26512.5,26571.5,10864,200
1556568000,26571.5,26600.5,26543.5,26580.0,6431,200
1556582400,26580.0,26587.5,26554.0,26567.5,1631,300
1556596800,26568.0,26569.5,26524.0,26553.5,4229,300
1556611200,26553.5,26577.5,26542.5,26577.5,4173,200
1556625600,26577.5,26660.0,26563.5,26614.0,5029,200
1556640000,26614.0,26619.5,26416.5,26530.5,14790,200
1556654400,26530.5,26670.0,26528.5,26658.0,8923,200
1556668800,26661.5,26681.0,26639.5,26680.5,1546,300
1556683200,26680.5,26709.5,26667.5,26693.5,2372,300
1556697600,26693.5,26705.0,26686.0,26697.0,2068,200
1556712000,26697.0,26708.5,26660.0,26676.5,2939,200
1556726400,26676.5,26690.0,26575.0,26608.0,11208,200
1556740800,26608.0,26661.5,26352.5,26358.5,17171,200
1556755200,26362.5,26418.5,26352.0,26417.5,2832,300
1556769600,26417.5,26438.5,26407.5,26417.5,4337,300
1556784000,26417.5,26475.0,26403.0,26456.0,5636,200
1556798400,26456.0,26481.5,26374.0,26386.0,7711,200
1556812800,26386.0,26451.0,26176.0,26225.0,21890,200
1556827200,26225.0,26315.5,26195.5,26302.5,15124,200
1556841600,26304.5,26328.0,26285.0,26316.0,2159,300
1556856000,26316.0,26352.0,26272.5,26325.0,4163,300
1556870400,26325.0,26378.5,26311.5,26369.5,4132,200
1556884800,26369.5,26443.5,26339.5,26433.5,6570,200
1556899200,26433.5,26528.5,26367.5,26504.5,15621,200
1556913600,26504.5,26545.0,26494.5,26543.5,7057,200
1557100800,26101.5,26191.0,26001.0,26006.0,12275,300
1557115200,26006.0,26097.0,25964.5,26091.0,10887,300
1557129600,26091.0,26105.0,25991.5,26010.0,12986,200
1557144000,26010.0,26084.5,25999.5,26059.5,9906,200
1557158400,26059.5,26327.5,26016.5,26260.0,21722,200
1557172800,26260.0,26477.5,26243.0,26263.5,11791,200
1557187200,26264.0,26320.5,26246.5,26305.0,5912,300
1557201600,26305.0,26324.5,26260.0,26306.0,7309,300
1557216000,26306.0,26424.5,26265.0,26328.5,10162,200
1557230400,26329.0,26330.0,26236.0,26261.5,8656,200
1557244800,26261.5,26265.5,25977.0,26010.5,30935,200
1557259200,26010.5,26018.0,25785.0,26000.0,25104,200
1557273600,26002.5,26004.5,25936.5,25976.5,4936,300
1557288000,25976.5,26059.0,25976.5,26038.5,7681,300
1557302400,26038.5,26082.5,25977.5,26007.0,8456,200
1557316800,26006.5,26008.5,25835.5,25949.0,15130,200
1557331200,25949.5,26091.5,25883.0,26066.5,31270,200
1557345600,26067.5,26116.0,25959.0,26026.5,14019,200
1557360000,25989.0,26002.5,25872.5,25925.0,4911,300
1557374400,25925.0,25956.0,25843.0,25884.5,8118,300
1557388800,25884.5,25929.0,25780.0,25825.5,11323,200
1557403200,25825.5,25872.5,25783.0,25793.5,10136,200
1557417600,25793.5,25830.5,25513.5,25798.0,32983,200
1557432000,25798.5,25882.0,25721.0,25818.0,20165,200
1557446400,25773.5,25980.5,25760.5,25897.5,9049,300
1557460800,25897.5,25933.5,25666.0,25702.0,20073,300
1557475200,25702.0,25853.5,25648.0,25777.5,14167,200
1557489600,25777.5,25865.0,25643.5,25698.5,14634,200
1557504000,25698.5,25767.5,25468.5,25701.0,33550,200
1557518400,25702.5,26016.0,25691.0,25962.5,21444,200
1557705600,25740.5,25822.0,25684.5,25728.0,7899,300
1557720000,25728.0,25757.0,25711.0,25727.5,6208,300
1557734400,25727.5,25730.0,25616.0,25662.5,8872,200
1557748800,25662.5,25702.0,25451.0,25458.5,13376,200
1557763200,25458.5,25536.5,25249.5,25256.0,34283,200
1557777600,25254.5,25410.5,25224.0,25299.0,24898,200
1557792000,25287.5,25341.5,25229.5,25338.0,5668,300
1557806400,25338.5,25414.5,25321.0,25407.0,7968,300
1557820800,25407.0,25422.0,25353.0,25385.5,8264,200
1557835200,25385.5,25482.0,25378.5,25419.5,9759,200
1557849600,25419.0,25664.0,25382.0,25612.5,21873,200
1557864000,25613.5,25687.0,25525.5,25588.0,13465,200
1557878400,25584.0,25602.0,25524.0,25559.5,3417,300
1557892800,25559.5,25636.5,25542.5,25615.0,7142,300
1557907200,25615.0,25655.5,25516.0,25555.5,8669,200
1557921600,25555.5,25591.0,25388.5,25400.5,10728,200
1557936000,25400.5,25694.0,25336.0,25639.5,26869,200
1557950400,25640.0,25724.0,25619.0,25679.5,11882,200
1557964800,25679.5,25679.5,25608.5,25620.0,3491,300
1557979200,25620.0,25655.5,25552.5,25595.5,7874,300
1557993600,25595.5,25675.5,25563.5,25666.0,9440,200
1558008000,25666.0,25779.0,25653.5,25761.0,11511,200
1558022400,25761.0,25955.5,25728.0,25901.0,16598,200
1558036800,25901.0,25933.0,25826.0,25877.5,13026,200
1558051200,25879.0,25902.5,25848.5,25890.0,3226,300
1558065600,25890.0,25910.5,25793.5,25814.0,7473,300
1558080000,25814.0,25818.0,25727.0,25743.0,9700,200
1558094400,25743.0,25804.5,25637.0,25678.0,11949,200
1558108800,25678.0,25949.0,25629.0,25889.0,27257,200
1558123200,25889.5,25931.5,25734.5,25769.0,18653,200
1558310400,25796.5,25896.0,25789.0,25865.5,4761,300
1558324800,25865.5,25905.0,25830.0,25873.5,8016,300
1558339200,25873.5,25887.5,25734.0,25749.5,8485,200
1558353600,25749.5,25785.5,25593.5,25614.0,14269,200
1558368000,25614.0,25749.0,25558.0,25677.5,28461,200
1558382400,25677.5,25725.5,25594.5,25722.5,13802,200
1558396800,25741.5,25765.0,25725.0,25764.5,3345,300
1558411200,25765.0,25816.0,25758.0,25795.0,6319,300
1558425600,25795.0,25795.0,25717.0,25755.5,6975,200
1558440000,25755.5,25874.5,25731.5,25869.0,10234,200
1558454400,25869.5,25875.0,25776.0,25835.0,19908,200
1558468800,25835.0,25897.5,25830.0,25861.5,8168,200
1558483200,25860.0,25894.5,25840.5,25845.0,2848,300
1558497600,25845.0,25907.0,25844.0,25877.5,6387,300
1558512000,25877.5,25881.5,25810.5,25832.5,7090,200
1558526400,25832.5,25895.5,25738.0,25800.5,8957,200
1558540800,25800.5,25879.5,25761.5,25775.0,18737,200
1558555200,25775.5,25840.5,25757.5,25771.5,10091,200
1558569600,25765.0,25777.0,25703.0,25715.5,3187,300
1558584000,25715.5,25715.5,25654.0,25691.0,7159,300
1558598400,25691.0,25695.5,25557.5,25589.5,10820,200
1558612800,25589.5,25591.5,25482.5,25530.5,11386,200
1558627200,25530.5,25536.0,25345.5,25350.0,25113,200
1558641600,25350.0,25507.5,25326.5,25499.5,17269,200
1558656000,25485.5,25529.5,25456.0,25506.0,4036,300
1558670400,25506.0,25557.0,25504.5,25535.0,6845,300
1558684800,25535.0,25627.0,25532.5,25610.0,7179,200
1558699200,25610.0,25643.5,25566.0,25589.0,8044,200
1558713600,25589.0,25661.5,25496.0,25618.0,18850,200
1558728000,25618.0,25627.0,25555.0,25609.0,9777,200
1558915200,25626.0,25663.0,25588.5,25643.5,3917,300
1558929600,25643.5,25645.0,25604.0,25613.0,6996,300
1558944000,25613.0,25700.5,25612.5,25654.5,7243,200
1558958400,25654.0,25656.5,25614.0,25627.5,4542,200
1558972800,25627.5,25653.0,25615.5,25647.0,4876,200
1559001600,25647.0,25691.5,25647.0,25684.0,3019,200
1559016000,25684.0,25700.5,25658.5,25684.5,4419,300
1559030400,25684.5,25706.5,25569.0,25577.0,8892,200
1559044800,25577.0,25673.5,25568.0,25638.0,10002,200
1559059200,25638.0,25717.0,25562.5,25601.5,18773,200
1559073600,25602.0,25612.0,25331.0,25366.5,13115,200
1559088000,25366.5,25372.5,25263.0,25284.5,5026,300
1559102400,25284.5,25311.0,25261.0,25281.0,7042,300
1559116800,25281.0,25331.5,25180.0,25205.5,11252,200
1559131200,25205.5,25237.0,25149.5,25180.5,9815,200
1559145600,25180.5,25210.5,24931.5,25002.0,24497,200
1559160000,25002.0,25147.0,24971.0,25102.5,16938,200
1559174400,25095.0,25142.0,25047.5,25050.5,3875,300
1559188800,25050.5,25134.0,25048.5,25129.0,7086,300
1559203200,25129.0,25199.5,25117.0,25164.0,7159,200
1559217600,25164.5,25191.0,25120.5,25149.5,7431,200
1559232000,25149.5,25212.5,25092.5,25184.5,17395,200
1559246400,25184.5,25195.5,25065.0,25188.0,13037,200
1559260800,25171.5,25184.5,24944.0,24972.5,7822,300
1559275200,24972.5,25049.5,24954.5,25000.0,10208,300
1559289600,25000.0,25008.5,24904.5,24932.5,11496,200
1559304000,24933.0,24950.0,24871.0,24927.0,11769,200
1559318400,24927.0,24981.0,24841.0,24884.0,20950,200
1559332800,24884.0,24941.5,24782.0,24802.5,14348,200
1559520000,24735.0,24741.0,24614.0,24693.0,6617,300
1559534400,24693.0,24703.0,24649.5,24650.0,7509,300
1559548800,24650.0,24712.5,24608.0,24688.5,10389,200
1559563200,24688.5,24791.0,24685.0,24787.0,9910,200
1559577600,24787.0,24930.0,24696.5,24760.0,24645,200
1559592000,24760.0,24918.5,24680.0,24907.5,27669,200
1559606400,24911.5,24918.5,24850.5,24883.5,4986,300
1559620800,24883.5,24903.0,24821.5,24877.5,6730,300
1559635200,24878.0,24979.5,24845.0,24976.0,9573,200
1559649600,24976.0,25053.5,24945.5,25041.5,9523,200
1559664000,25041.5,25289.5,25022.5,25266.5,23289,200
1559678400,25266.5,25357.5,25225.5,25354.0,12362,200
1559692800,25350.5,25409.0,25349.0,25386.0,4060,300
1559707200,25386.0,25412.0,25377.5,25381.0,5402,300
1559721600,25381.0,25429.0,25331.0,25408.5,8657,200
1559736000,25408.5,25511.0,25393.0,25408.5,10421,200
1559750400,25408.5,25508.5,25374.0,25473.5,24048,200
1559764800,25473.5,25559.5,25452.0,25552.5,10721,200
1559779200,25469.0,25560.0,25428.0,25539.0,5076,300
1559793600,25539.0,25578.5,25526.5,25550.0,5188,300
1559808000,25550.0,25625.0,25500.5,25619.5,8387,200
1559822400,25619.5,25635.0,25544.0,25555.0,9972,200
1559836800,25555.0,25650.0,25517.0,25619.0,20093,200
1559851200,25619.0,25801.0,25610.0,25696.5,12627,200
1559865600,25680.0,25743.0,25672.5,25718.5,3885,300
1559880000,25718.5,25777.5,25703.0,25772.0,4265,300
1559894400,25772.0,25823.0,25750.0,25807.0,5604,200
1559908800,25807.0,25846.0,25727.0,25804.0,7495,200
1559923200,25804.5,26073.0,25763.5,26040.0,20508,200
1559937600,26040.0,26046.5,25964.0,26017.0,10990,200
1560124800,26205.0,26205.0,26050.5,26055.0,4919,300
1560139200,26055.0,26091.0,26041.5,26076.5,6096,300
1560153600,26076.5,26103.0,26047.0,26081.0,6086,200
1560168000,26081.0,26150.5,26071.0,26122.5,6775,200
1560182400,26122.5,26212.0,26107.0,26116.0,14338,200
1560196800,26116.0,26141.0,26057.0,26087.5,12082,200
1560211200,26092.5,26106.0,26052.0,26100.5,3032,300
1560225600,26100.5,26137.5,26099.0,26127.5,4892,300
1560240000,26127.5,26167.5,26107.0,26159.5,5963,200
1560254400,26159.5,26230.0,26151.0,26219.0,5898,200
1560268800,26219.0,26248.5,25997.5,26003.0,19920,200
1560283200,26002.0,26105.5,25998.0,26056.5,11803,200
1560297600,26041.5,26082.0,26030.5,26061.5,3482,300
1560312000,26061.5,26067.0,26019.0,26032.0,5423,300
1560326400,26032.0,26037.0,25967.5,25984.0,8021,200
1560340800,25984.0,26021.5,25951.5,25993.0,8121,200
1560355200,25993.0,26087.0,25957.5,26014.5,16710,200
1560369600,26014.5,26018.5,25973.5,26006.0,8209,200
1560384000,26013.5,26062.0,26002.5,26044.0,2892,300
1560398400,26044.0,26054.0,25879.0,25957.5,9300,300
1560412800,25957.5,26103.0,25931.0,26082.5,10989,200
1560427200,26081.5,26109.5,26053.0,26090.5,7684,200
1560441600,26090.5,26140.0,25994.0,26116.0,17363,200
1560456000,26116.5,26134.0,26022.0,26128.0,9219,200
1560470400,26111.0,26121.0,26066.0,26101.5,3438,300
1560484800,26101.5,26153.5,26095.5,26142.0,5501,300
1560499200,26142.0,26147.5,26041.0,26059.0,6126,200
1560513600,26059.5,26082.0,26012.5,26061.5,6732,200
1560528000,26061.5,26092.5,25987.0,26072.5,17101,200
1560542400,26072.5,26162.0,26057.0,26116.5,7853,200
1560729600,26123.0,26174.0,26122.0,26153.0,2837,300
1560744000,26153.0,26203.0,26141.0,26177.0,4459,300
1560758400,26177.0,26183.5,26124.5,26137.5,4828,200
1560772800,26137.0,26153.0,26093.5,26097.0,5189,200
1560787200,26097.0,26164.0,26047.0,26138.0,11539,200
1560801600,26138.0,26159.5,26092.0,26133.5,6149,200
1560816000,26139.0,26140.0,26109.5,26133.0,1905,300
1560830400,26133.0,26151.0,26106.5,26116.0,4750,300
1560844800,26116.0,26211.5,26055.0,26181.5,8170,200
1560859200,26181.5,26285.5,26165.0,26259.5,8831,200
1560873600,26259.5,26527.5,26242.0,26461.0,18995,200
1560888000,26461.0,26504.5,26409.5,26477.5,9071,200
1560902400,26486.5,26520.5,26462.0,26503.5,3164,300
1560916800,26503.5,26514.5,26468.5,26492.5,5264,300
1560931200,26492.5,26505.5,26447.0,26454.0,5804,200
1560945600,26455.0,26511.0,26453.0,26495.5,5820,200
1560960000,26495.5,26539.5,26475.0,26480.0,11911,200
1560974400,26480.0,26569.5,26414.5,26507.5,17938,200
1560988800,26508.5,26601.5,26500.5,26577.0,3880,300
1561003200,26577.5,26606.5,26568.0,26601.0,5674,300
1561017600,26601.5,26719.0,26590.0,26704.5,7306,200
1561032000,26704.5,26768.5,26702.5,26747.0,5929,200
1561046400,26747.0,26762.5,26533.0,26634.5,17278,200
1561060800,26634.5,26795.0,26628.5,26744.5,10466,200
1561075200,26748.0,26767.5,26721.5,26749.5,3115,300
1561089600,26749.5,26755.5,26687.5,26693.0,6204,300
1561104000,26693.0,26779.5,26669.5,26729.0,8413,200
1561118400,26729.0,26765.5,26701.5,26714.5,8775,200
1561132800,26714.5,26909.0,26696.5,26802.5,16710,200
1561147200,26802.5,26823.0,26665.0,26665.5,8682,200
1561334400,26671.5,26746.0,26669.0,26729.5,3673,300
1561348800,26729.5,26766.0,26714.5,26756.0,4956,300
1561363200,26755.5,26783.0,26717.0,26743.5,5650,200
1561377600,26743.0,26759.0,26724.0,26748.5,4992,200
1561392000,26748.5,26802.0,26732.0,26763.5,12864,200
1561406400,26763.5,26767.0,26727.0,26744.5,6434,200
1561420800,26753.5,26799.0,26744.5,26799.0,2233,300
1561435200,26799.0,26816.0,26676.0,26679.5,5929,300
1561449600,26679.5,26737.5,26673.0,26708.5,7309,200
1561464000,26708.5,26763.5,26695.5,26756.5,5665,200
1561478400,26756.5,26774.0,26602.5,26624.5,15102,200
1561492800,26624.5,26668.0,26526.5,26551.5,13984,200
1561507200,26548.0,26571.5,26497.0,26555.5,3471,300
1561521600,26555.5,26569.0,26526.0,26526.0,5497,300
1561536000,26526.5,26591.5,26524.0,26585.5,5890,200
1561550400,26585.5,26689.5,26580.0,26624.5,9124,200
1561564800,26623.5,26660.5,26568.5,26636.5,14454,200
1561579200,26636.5,26639.5,26507.0,26511.0,9971,200
1561593600,26517.0,26548.5,26495.5,26541.0,2562,300
1561608000,26541.5,26610.5,26541.5,26582.5,4874,300
1561622400,26582.5,26653.0,26582.5,26600.5,6902,200
1561636800,26600.5,26650.0,26434.0,26534.0,9649,200
1561651200,26532.0,26573.0,26464.0,26564.5,15572,200
1561665600,26565.0,26604.0,26517.0,26546.5,7127,200
1561680000,26586.5,26634.5,26568.0,26608.5,2669,300
1561694400,26607.5,26616.0,26552.5,26570.0,5084,300
1561708800,26570.0,26636.5,26554.5,26623.0,5766,200
1561723200,26622.5,26637.0,26589.0,26628.0,4632,200
1561737600,26628.0,26632.5,26514.0,26606.0,11688,200
1561752000,26606.5,26663.5,26521.5,26641.0,8934,200
1561939200,26802.5,26858.5,26745.0,26759.5,4820,300
1561953600,26759.5,26820.5,26756.0,26816.5,4931,300
1561968000,26816.5,26891.0,26814.0,26860.5,7512,200
1561982400,26860.5,26885.5,26835.5,26852.0,5590,200
1561996800,26851.5,26885.5,26661.5,26669.0,14681,200
1562011200,26669.0,26718.5,26611.0,26698.5,9801,200
1562025600,26703.5,26709.5,26633.5,26702.0,3270,300
1562040000,26702.0,26739.5,26695.5,26734.5,4700,300
1562054400,26734.0,26740.0,26646.0,26665.0,5494,200
1562068800,26665.0,26692.0,26654.0,26677.0,5308,200
1562083200,26677.0,26748.0,26630.5,26671.0,13520,200
1562097600,26671.0,26811.0,26658.0,26802.5,8344,200
1562112000,26795.5,26800.0,26767.5,26772.5,2423,300
1562126400,26772.5,26775.5,26748.5,26761.5,4684,300
1562140800,26761.5,26848.0,26758.5,26846.0,5961,200
1562155200,26846.0,26866.0,26835.0,26848.0,5363,200
1562169600,26848.0,26965.0,26823.0,26960.0,12246,200
1562184000,26960.0,26986.0,26958.0,26972.0,731,200
1562198400,26972.0,27007.5,26954.5,26962.0,2412,200
1562212800,26962.0,26973.0,26952.0,26968.0,3806,300
1562227200,26967.5,26975.0,26940.0,26952.0,4127,200
1562241600,26952.0,26997.5,26951.0,26985.0,3179,200
1562256000,26985.0,26994.0,26980.0,26989.5,2790,200
1562284800,26989.5,26993.5,26969.5,26979.5,1543,200
1562299200,26979.5,26998.0,26968.0,26991.0,3292,300
1562313600,26991.0,26999.0,26915.5,26918.5,4516,200
1562328000,26918.5,26945.0,26843.5,26877.5,6251,200
1562342400,26877.5,26914.5,26724.5,26899.5,16545,200
1562356800,26899.5,26943.5,26868.5,26898.5,9380,200
1562544000,26917.5,26918.5,26843.5,26857.5,3048,300
1562558400,26857.5,26871.5,26814.5,26818.0,5850,300
1562572800,26818.0,26867.0,26780.5,26844.0,6255,200
1562587200,26844.0,26846.0,26789.0,26790.5,5491,200
1562601600,26790.0,26838.0,26744.0,26792.5,12589,200
1562616000,26792.0,26827.0,26753.0,26793.5,7551,200
1562630400,26780.0,26802.0,26760.0,26767.0,2269,300
1562644800,26766.5,26775.5,26666.0,26706.5,5602,300
1562659200,26706.5,26730.5,26661.0,26679.5,6818,200
1562673600,26679.5,26705.5,26656.5,26691.5,5373,200
1562688000,26691.5,26735.5,26660.5,26714.5,12196,200
1562702400,26715.0,26806.0,26709.5,26784.0,6054,200
1562716800,26772.5,26818.5,26758.0,26808.5,2423,300
1562731200,26808.5,26814.0,26762.0,26764.0,3539,300
1562745600,26764.5,26774.0,26703.5,26740.0,6238,200
1562760000,26740.0,26903.0,26690.5,26877.0,8427,200
1562774400,26876.5,26984.0,26811.5,26874.5,17172,200
1562788800,26874.5,26927.0,26843.5,26859.0,8553,200
1562803200,26860.0,26898.5,26854.5,26885.5,2803,300
1562817600,26885.5,26931.5,26877.5,26919.5,3810,300
1562832000,26919.5,26926.0,26886.0,26910.0,5073,200
1562846400,26910.0,26976.5,26895.0,26951.0,6682,200
1562860800,26951.0,27071.0,26911.0,27061.0,14093,200
1562875200,27061.0,27098.0,26981.0,27087.5,8855,200
1562889600,27088.5,27174.5,27078.5,27173.5,2628,300
1562904000,27173.5,27186.5,27143.0,27174.5,4508,300
1562918400,27174.5,27181.5,27136.0,27163.0,5930,200
1562932800,27163.5,27187.5,27152.0,27160.0,5356,200
1562947200,27160.0,27257.5,27153.0,27248.0,10849,200
1562961600,27248.0,27335.5,27225.0,27317.0,5111,200
1563148800,27317.5,27326.5,27294.5,27304.5,1491,300
1563163200,27304.5,27359.0,27273.5,27347.0,4135,300
1563177600,27347.0,27404.0,27326.0,27354.0,5036,200
1563192000,27354.0,27383.0,27326.0,27364.0,4484,200
1563206400,27364.0,27367.0,27290.0,27298.0,10399,200
1563220800,27298.0,27356.0,27293.0,27341.5,5446,200
1563235200,27345.5,27378.5,27331.5,27357.0,1851,300
1563249600,27357.5,27364.5,27337.5,27356.5,3250,300
1563264000,27355.5,27365.5,27331.0,27353.0,4096,200
1563278400,27352.5,27401.0,27326.0,27356.5,5136,200
1563292800,27356.5,27393.0,27285.0,27346.5,10650,200
1563307200,27346.5,27374.5,27319.0,27325.0,8136,200
1563321600,27328.5,27342.5,27312.5,27325.0,2050,300
1563336000,27325.0,27352.0,27308.5,27350.5,3587,300
1563350400,27350.5,27379.0,27342.5,27362.5,4354,200
1563364800,27362.5,27382.5,27321.5,27329.5,3836,200
1563379200,27329.5,27339.5,27233.5,27287.0,12469,200
1563393600,27287.0,27304.5,27192.0,27194.5,7612,200
1563408000,27172.0,27197.5,27124.5,27137.0,3270,300
1563422400,27137.0,27170.5,27120.5,27160.5,4775,300
1563436800,27160.5,27173.5,27135.0,27154.0,5909,200
1563451200,27153.5,27230.0,27150.0,27179.0,6495,200
1563465600,27179.0,27208.5,27067.0,27118.0,14615,200
1563480000,27117.5,27311.5,27112.0,27304.0,10067,200
1563494400,27322.5,27344.5,27235.5,27309.0,5097,300
1563508800,27309.0,27337.5,27303.5,27324.5,4361,300
1563523200,27325.0,27339.5,27294.0,27313.5,5241,200
1563537600,27313.5,27316.0,27237.0,27315.5,6994,200
1563552000,27315.5,27339.0,27239.0,27314.0,15077,200
1563566400,27314.0,27317.0,27077.0,27086.0,12725,200
1563753600,27128.0,27171.5,27103.5,27138.5,4069,300
1563768000,27138.5,27164.0,27129.5,27150.5,5463,300
1563782400,27150.5,27210.0,27140.5,27207.5,7196,200
1563796800,27207.5,27224.0,27171.0,27197.0,5595,200
1563811200,27196.5,27224.0,27089.5,27167.0,14292,200
1563825600,27166.5,27216.5,27148.0,27183.5,7248,200
1563840000,27195.0,27223.0,27172.0,27211.5,2529,300
1563854400,27212.0,27242.0,27208.0,27226.0,3451,300
1563868800,27226.0,27258.0,27200.0,27252.0,4862,200
1563883200,27252.0,27301.5,27247.0,27294.0,4507,200
1563897600,27293.5,27302.0,27203.5,27236.5,12192,200
1563912000,27236.5,27370.5,27225.5,27315.0,9957,200
1563926400,27324.5,27345.5,27315.0,27336.5,2480,300
1563940800,27336.5,27360.0,27335.0,27346.0,3372,300
1563955200,27345.0,27346.5,27259.5,27272.0,5381,200
1563969600,27272.0,27305.5,27219.0,27237.0,6998,200
1563984000,27237.0,27294.0,27190.5,27241.5,13652,200
1563998400,27241.5,27272.0,27214.5,27255.0,7816,200
1564012800,27259.0,27283.5,27259.0,27278.5,2491,300
1564027200,27278.5,27303.5,27265.0,27299.0,3268,300
1564041600,27299.5,27320.0,27282.0,27297.5,4545,200
1564056000,27297.5,27365.0,27274.5,27320.0,7511,200
1564070400,27320.0,27321.0,27056.0,27089.0,19726,200
1564084800,27089.0,27164.5,27061.0,27105.5,13704,200
1564099200,27108.0,27147.0,27094.5,27136.0,2304,300
1564113600,27136.0,27174.5,27130.0,27163.5,3292,300
1564128000,27163.5,27169.5,27135.5,27162.5,5455,200
1564142400,27162.5,27203.0,27155.5,27187.5,5705,200
1564156800,27187.5,27199.5,27120.5,27167.5,12005,200
1564171200,27167.5,27210.5,27132.5,27159.0,5661,200
1564358400,27179.5,27184.5,27143.0,27146.0,1996,300
1564372800,27146.0,27165.0,27135.5,27145.0,3158,300
1564387200,27145.0,27187.5,27134.0,27172.5,4128,200
1564401600,27172.5,27205.5,27159.5,27190.0,3790,200
1564416000,27190.0,27277.5,27175.5,27258.5,11316,200
1564430400,27258.5,27269.5,27214.5,27231.5,7055,200
1564444800,27235.5,27269.0,27235.0,27255.0,2217,300
1564459200,27255.0,27275.0,27247.0,27259.0,2979,300
1564473600,27259.5,27262.0,27153.5,27156.5,4554,200
1564488000,27156.5,27181.5,27099.5,27114.5,8298,200
1564502400,27114.5,27204.5,27063.5,27159.5,15102,200
1564516800,27159.5,27228.0,27150.5,27225.5,8746,200
1564531200,27230.5,27254.5,27214.0,27244.0,2352,300
1564545600,27244.0,27272.0,27224.5,27267.5,4603,300
1564560000,27267.5,27282.5,27235.0,27257.5,6426,200
1564574400,27257.5,27272.5,27238.0,27255.0,5252,200
1564588800,27255.0,27275.0,27174.0,27197.5,10530,200
1564603200,27197.5,27218.0,26719.5,26813.0,27296,200
1564617600,26783.0,26836.0,26752.0,26831.0,5741,300
1564632000,26831.0,26905.5,26824.5,26873.5,5956,300
1564646400,26873.5,26902.5,26806.5,26888.0,7571,200
1564660800,26888.0,26954.5,26879.5,26902.5,8949,200
1564675200,26902.5,27171.0,26856.5,27117.5,20724,200
1564689600,27117.5,27122.5,26535.0,26537.0,36058,200
1564704000,26564.5,26576.0,26472.5,26480.5,7497,300
1564718400,26480.5,26560.0,26480.5,26546.5,10835,300
1564732800,26546.5,26578.5,26454.5,26481.0,13359,200
1564747200,26480.5,26554.5,26444.5,26534.5,14147,200
1564761600,26534.5,26689.5,26244.5,26344.5,35447,200
1564776000,26344.5,26567.5,26296.0,26488.5,22333,200
1564963200,26444.0,26476.0,26423.0,26468.5,5535,300
1564977600,26468.5,26495.5,26166.0,26206.0,16426,300
1564992000,26206.0,26263.0,26120.0,26125.0,11969,200
1565006400,26125.0,26234.0,26099.5,26118.5,13537,200
1565020800,26118.5,26135.0,25715.0,25727.0,31238,200
1565035200,25727.5,25826.0,25517.0,25550.0,28608,200
1565049600,25550.0,25550.0,25073.5,25257.0,15986,300
1565064000,25258.0,25754.5,25253.0,25582.5,22467,300
1565078400,25582.5,25805.0,25582.5,25791.5,19016,200
1565092800,25791.5,25895.0,25772.0,25804.5,15098,200
1565107200,25805.0,25937.5,25704.0,25788.5,32313,200
1565121600,25788.5,26039.5,25788.5,25965.0,21100,200
1565136000,25955.0,25966.5,25858.5,25911.5,6946,300
1565150400,25911.5,25947.0,25789.0,25834.0,12780,300
1565164800,25834.0,26050.5,25824.0,26033.5,11372,200
1565179200,26033.5,26083.5,25706.0,25717.0,14055,200
1565193600,25717.5,25801.0,25440.5,25797.0,43600,200
1565208000,25797.0,26075.5,25792.0,25988.0,26043,200
1565222400,25939.5,26009.0,25883.5,25885.0,6483,300
1565236800,25885.0,26079.0,25868.0,26050.0,10416,300
1565251200,26050.0,26096.5,25951.5,26017.5,10189,200
1565265600,26017.5,26073.5,25957.0,26069.0,11828,200
1565280000,26069.5,26345.0,26025.0,26343.5,22131,200
1565294400,26343.0,26401.0,26259.0,26392.5,15530,200
1565308800,26314.0,26376.0,26196.5,26308.0,8913,300
1565323200,26308.0,26345.5,26261.0,26285.0,7941,300
1565337600,26285.0,26318.0,26254.0,26286.5,8638,200
1565352000,26286.5,26314.5,26209.0,26273.5,9075,200
1565366400,26273.5,26374.0,26094.5,26232.0,29297,200
1565380800,26231.0,26414.5,26227.0,26319.5,19477,200
1565568000,26302.0,26342.0,26217.0,26275.5,5488,300
1565582400,26275.5,26346.5,26265.5,26299.5,6885,300
1565596800,26300.0,26370.0,26147.5,26173.5,10001,200
1565611200,26173.5,26187.5,26047.5,26150.0,12675,200
1565625600,26150.0,26183.0,25984.0,26015.5,24264,200
1565640000,26015.5,26035.0,25821.0,25900.5,17088,200
1565654400,25893.0,25967.5,25883.5,25942.5,4805,300
1565668800,25942.5,25973.0,25893.5,25934.5,6459,300
1565683200,25934.5,25947.0,25791.0,25889.0,11877,200
1565697600,25889.0,25889.0,25765.0,25825.0,12734,200
1565712000,25825.0,26419.5,25805.0,26304.5,31623,200
1565726400,26305.0,26352.0,26252.0,26334.5,15583,200
1565740800,26321.0,26358.5,26298.5,26311.0,5183,300
1565755200,26311.0,26368.5,26257.5,26316.0,7240,300
1565769600,26316.0,26330.5,26205.5,26225.5,8640,200
1565784000,26226.0,26234.5,25912.5,25971.0,14933,200
1565798400,25971.5,25972.5,25539.0,25554.5,32635,200
1565812800,25554.0,25695.5,25426.0,25427.0,26953,0
1565827200,25427.0,25538.0,25383.5,25514.0,6798,300
1565841600,25515.0,25588.0,25470.5,25527.5,10274,300
1565856000,25527.5,25657.5,25521.5,25600.0,13178,200
1565870400,25600.0,25714.0,25235.5,25615.5,27906,200
1565884800,25615.5,25646.5,25413.5,25542.0,37076,200
1565899200,25542.0,25637.0,25336.0,25605.5,27303,200
1565913600,25592.0,25682.0,25577.0,25671.5,4867,300
1565928000,25671.5,25739.5,25664.0,25700.0,8321,300
1565942400,25698.5,25829.5,25684.0,25817.0,9841,200
1565956800,25817.0,25841.0,25774.0,25791.0,11999,200
1565971200,25791.0,25914.5,25690.0,25852.0,24602,200
1565985600,25852.0,25928.5,25813.5,25916.0,11378,200
1566172800,25946.0,26062.5,25945.0,26024.5,4999,300
1566187200,26024.5,26061.5,26022.5,26045.5,4419,300
1566201600,26045.5,26172.0,26043.5,26094.5,9083,200
1566216000,26094.5,26240.0,26092.0,26197.5,9827,200
1566230400,26198.0,26229.0,26084.0,26179.5,16659,200
1566244800,26180.0,26201.5,26107.0,26119.5,9508,200
1566259200,26123.5,26132.5,26065.0,26072.5,2984,300
1566273600,26072.5,26170.0,26065.5,26148.5,4591,300
1566288000,26148.5,26202.5,26123.0,26152.5,7633,200
1566302400,26152.5,26171.0,26087.0,26117.5,8528,200
1566316800,26117.0,26159.0,26017.5,26105.5,20719,200
1566331200,26105.5,26112.5,25888.5,25896.5,13940,200
1566345600,25887.5,25969.0,25887.5,25955.0,3419,300
1566360000,25955.0,25997.0,25950.0,25977.0,4007,300
1566374400,25977.0,26110.5,25974.5,26100.5,7310,200
1566388800,26100.5,26146.0,26078.0,26144.0,7931,200
1566403200,26144.0,26268.5,26141.0,26241.5,15512,200
1566417600,26241.5,26261.5,26152.0,26259.0,11401,200
1566432000,26258.0,26323.0,26250.5,26274.5,3449,300
1566446400,26274.0,26287.5,26199.5,26229.5,5232,300
1566460800,26229.5,26291.0,26177.5,26211.0,8936,200
1566475200,26211.0,26311.0,26143.5,26293.0,9844,200
1566489600,26293.0,26377.5,26095.0,26240.5,21976,200
1566504000,26240.0,26335.5,26211.0,26219.0,10776,200
1566518400,26232.5,26282.0,26202.5,26277.5,3471,300
1566532800,26277.5,26327.5,26261.5,26312.0,5649,300
1566547200,26312.0,26355.5,26303.0,26325.0,6282,200
1566561600,26325.0,26340.5,26055.0,26135.0,15032,200
1566576000,26135.0,26319.0,25750.5,25774.0,43278,200
1566590400,25774.0,25805.0,25504.0,25647.5,26346,200
1566777600,25418.5,25494.5,25277.0,25416.5,11947,300
1566792000,25416.5,25599.5,25406.5,25507.5,12970,300
1566806400,25507.5,25928.0,25464.0,25906.5,20964,200
1566820800,25906.5,25990.5,25784.0,25929.0,18513,200
1566835200,25928.5,25939.5,25713.5,25883.0,29374,200
1566849600,25883.5,25956.5,25772.5,25926.5,14298,200
1566864000,25936.5,25954.0,25867.5,25897.0,4346,300
1566878400,25897.0,25966.5,25893.5,25939.0,7174,300
1566892800,25939.0,25940.0,25815.5,25863.5,12261,200
1566907200,25863.5,26059.0,25860.5,26040.5,12378,200
1566921600,26040.5,26071.5,25721.0,25736.0,24767,200
1566936000,25736.0,25901.5,25722.0,25772.5,18536,200
1566950400,25772.0,25856.0,25769.5,25806.5,4407,300
1566964800,25806.0,25860.5,25794.5,25833.5,6238,300
1566979200,25833.5,25847.0,25712.0,25768.0,9329,200
1566993600,25768.0,25817.5,25643.0,25715.0,13050,200
1567008000,25714.0,25992.0,25631.5,25990.5,23560,200
1567022400,25990.5,26053.0,25933.5,26003.5,11582,200
1567036800,25999.0,26031.0,25973.5,25987.0,3918,300
1567051200,25987.0,25988.5,25927.5,25982.0,5975,300
1567065600,25982.0,26238.0,25962.5,26220.5,13543,200
1567080000,26220.5,26318.5,26220.5,26284.5,10082,200
1567094400,26284.5,26395.0,26178.0,26382.0,18665,200
1567108800,26382.0,26406.0,26332.0,26364.0,10261,200
1567123200,26326.0,26369.0,26321.0,26354.0,3377,300
1567137600,26354.0,26446.5,26351.0,26422.0,5606,300
1567152000,26422.0,26505.5,26335.5,26499.5,10491,200
1567166400,26499.5,26550.5,26493.0,26512.0,7327,200
1567180800,26512.0,26514.0,26292.0,26422.0,21177,200
1567195200,26421.0,26431.0,26309.0,26392.0,13411,200
1567382400,26188.5,26299.5,26151.5,26273.5,5645,300
1567396800,26274.0,26343.0,26260.5,26295.5,6133,300
1567411200,26295.5,26327.5,26255.0,26288.0,7733,200
1567425600,26288.0,26366.0,26266.0,26301.0,5483,200
1567440000,26301.0,26323.0,26108.5,26175.5,10400,200
1567468800,26175.5,26257.5,26175.5,26216.0,4415,200
1567483200,26216.0,26297.5,26201.0,26265.0,6679,300
1567497600,26265.0,26287.0,26128.5,26206.5,14197,200
1567512000,26206.5,26249.5,26132.5,26200.5,11677,200
1567526400,26200.5,26238.5,25975.0,26036.0,28347,200
1567540800,26036.0,26137.0,26003.0,26108.5,13742,200
1567555200,26082.5,26122.0,26072.5,26111.0,3364,300
1567569600,26111.0,26275.5,26111.0,26275.0,6717,300
1567584000,26275.0,26364.5,26251.0,26349.0,11219,200
1567598400,26349.0,26358.5,26293.5,26336.5,7927,200
1567612800,26336.5,26344.5,26242.5,26331.0,16700,200
1567627200,26331.0,26376.5,26283.5,26365.0,8158,200
1567641600,26366.0,26434.5,26347.0,26426.5,3353,300
1567656000,26426.5,26676.5,26403.0,26649.5,9420,300
1567670400,26649.5,26670.0,26500.5,26586.5,11703,200
1567684800,26586.5,26653.0,26559.0,26643.5,7251,200
1567699200,26643.5,26836.5,26623.5,26763.5,19142,200
1567713600,26763.5,26784.0,26676.5,26682.5,9572,200
1567728000,26694.0,26782.5,26689.0,26774.0,3067,300
1567742400,26774.0,26796.0,26743.5,26752.5,5912,300
1567756800,26752.5,26803.0,26722.0,26756.0,7782,200
1567771200,26755.5,26834.0,26745.0,26774.5,10495,200
1567785600,26775.0,26826.5,26706.5,26804.5,17580,200
1567800000,26804.5,26862.0,26772.5,26833.0,8681,200
1567987200,26842.5,26860.5,26799.0,26849.0,3487,300
1568001600,26849.0,26871.5,26813.5,26853.0,5664,300
1568016000,26852.5,26872.5,26831.5,26845.5,5729,200
1568030400,26845.5,26868.5,26839.5,26861.5,4426,200
1568044800,26861.5,26904.0,26767.5,26825.5,14368,200
1568059200,26825.5,26846.5,26762.5,26843.0,9492,200
1568073600,26848.5,26893.5,26841.5,26879.0,3054,300
1568088000,26879.0,26886.5,26799.5,26807.0,5794,300
1568102400,26807.0,26829.0,26730.0,26754.5,7593,200
1568116800,26754.5,26843.0,26753.0,26792.5,8297,200
1568131200,26792.0,26856.5,26715.5,26845.5,20696,200
1568145600,26845.0,26908.5,26771.0,26896.5,11510,200
1568160000,26894.5,26894.5,26853.0,26866.5,2974,300
1568174400,26866.0,26962.0,26840.0,26924.0,6826,300
1568188800,26924.0,26954.5,26886.5,26917.5,10305,200
1568203200,26917.5,26946.0,26877.0,26935.0,7173,200
1568217600,26935.0,27029.0,26883.0,27015.5,15625,200
1568232000,27015.5,27159.0,27009.5,27148.5,7973,200
1568246400,27148.0,27314.0,27137.0,27299.0,6441,300
1568260800,27299.0,27307.5,27241.5,27263.0,6084,300
1568275200,27262.5,27265.5,27188.0,27196.0,9141,200
1568289600,27196.0,27241.0,27156.0,27202.5,10144,200
1568304000,27202.5,27296.5,27106.0,27267.5,23161,200
1568318400,27267.5,27306.0,27168.0,27172.0,9180,200
1568332800,27193.0,27216.5,27175.5,27211.5,2999,300
1568347200,27211.0,27233.5,27188.0,27233.0,3428,300
1568361600,27233.0,27286.0,27215.0,27244.0,5574,200
1568376000,27244.0,27305.0,27234.0,27254.5,6030,200
1568390400,27254.5,27276.5,27201.5,27222.0,16825,200
1568404800,27222.0,27248.5,27192.5,27213.0,8159,200
1568592000,27027.0,27135.0,27001.5,27066.5,6537,300
1568606400,27066.5,27085.5,27027.5,27054.0,5179,300
1568620800,27054.0,27140.5,27051.0,27106.5,8047,200
1568635200,27106.5,27127.5,27064.5,27104.5,8215,200
1568649600,27105.0,27166.5,27029.5,27065.0,18934,200
1568664000,27064.5,27104.0,27054.0,27100.5,8841,200
1568678400,27119.0,27129.0,27071.5,27103.0,3047,300
1568692800,27103.0,27103.0,27041.5,27056.5,4033,300
1568707200,27056.5,27084.5,27020.0,27048.0,6228,200
1568721600,27047.0,27070.0,26978.5,27016.5,5877,200
1568736000,27016.5,27063.0,26977.0,27017.0,16122,200
1568750400,27017.0,27108.5,27012.5,27108.0,8103,200
1568764800,27141.5,27142.5,27088.5,27091.5,2337,300
1568779200,27091.5,27102.0,27066.5,27073.0,3030,300
1568793600,27073.0,27092.5,27049.5,27071.5,4215,200
1568808000,27071.5,27087.5,27048.5,27085.0,4045,200
1568822400,27085.0,27089.0,27018.5,27034.5,9495,200
1568836800,27034.5,27175.5,26897.5,27153.0,19236,200
1568851200,27161.0,27168.0,27116.0,27143.5,3425,300
1568865600,27143.5,27158.0,27056.5,27077.5,6527,300
1568880000,27077.5,27109.0,26990.5,27088.0,8406,200
1568894400,27088.0,27197.5,27064.0,27190.0,6797,200
1568908800,27190.0,27265.5,27166.0,27192.5,12083,200
1568923200,27192.5,27213.5,27059.0,27083.5,11445,200
1568937600,27085.0,27118.5,27068.5,27105.0,3044,300
1568952000,27105.0,27122.5,27095.5,27099.0,3923,300
1568966400,27099.0,27135.5,27075.0,27108.0,5597,200
1568980800,27108.0,27158.0,27103.0,27142.5,5744,200
1568995200,27142.5,27180.5,27106.5,27131.5,12405,200
1569009600,27131.5,27136.5,26879.5,26898.0,17416,200
1569196800,27003.0,27056.5,26986.0,27023.0,3971,300
1569211200,27023.0,27050.5,26991.5,27000.5,4399,300
1569225600,27000.5,27045.0,26828.0,26838.0,9710,200
1569240000,26837.0,26905.0,26833.5,26881.0,6745,200
1569254400,26881.0,26969.0,26818.0,26948.0,15579,200
1569268800,26948.0,27011.5,26944.0,27011.0,6998,200
1569283200,27028.5,27114.0,27011.0,27074.0,4668,300
1569297600,27074.0,27088.0,27039.0,27061.5,4729,300
1569312000,27061.5,27077.5,27018.5,27044.5,6433,200
1569326400,27044.5,27087.0,27024.0,27034.0,4583,200
1569340800,27034.0,27071.5,26737.5,26749.0,20260,200
1569355200,26750.0,26889.0,26703.5,26863.0,21867,200
1569369600,26856.0,26902.5,26827.5,26848.5,4792,300
1569384000,26849.0,26917.0,26847.5,26890.0,6690,300
1569398400,26890.0,26900.5,26756.0,26767.5,9128,200
1569412800,26767.5,26847.0,26736.0,26843.0,7964,200
1569427200,26843.0,26992.0,26753.5,26939.0,22477,200
1569441600,26938.5,27018.5,26933.0,26977.5,10115,200
1569456000,26979.5,26999.5,26951.5,26967.0,3406,300
1569470400,26967.0,26981.0,26937.0,26947.0,4946,300
1569484800,26947.0,27060.0,26922.0,27033.0,8064,200
1569499200,27033.0,27056.5,26990.0,27025.0,6379,200
1569513600,27025.0,27028.0,26802.0,26899.5,20562,200
1569528000,26899.5,26981.5,26858.0,26904.5,11991,200
1569542400,26913.5,26932.0,26853.5,26872.5,3342,300
1569556800,26872.5,26884.5,26830.0,26873.0,5967,300
1569571200,26873.0,26979.5,26870.5,26969.0,7367,200
1569585600,26969.0,27012.0,26948.5,26965.5,6449,200
1569600000,26965.5,27010.5,26794.5,26799.0,23021,200
1569614400,26797.0,26866.0,26714.0,26860.0,17043,200
1569801600,26946.5,26967.0,26850.0,26885.5,4631,300
1569816000,26885.5,26945.5,26884.5,26906.0,5677,300
1569830400,26906.0,26943.5,26889.5,26927.0,8813,200
1569844800,26927.0,26930.5,26835.0,26842.0,7959,200
1569859200,26842.0,26985.5,26835.5,26973.5,15375,200
1569873600,26973.5,26996.5,26911.5,26985.5,8526,200
1569888000,26979.5,27013.5,26963.5,27007.5,3148,300
1569902400,27007.5,27046.0,27006.0,27024.5,4453,300
1569916800,27024.0,27070.0,26997.5,27022.5,7026,200
1569931200,27022.5,27024.0,26968.5,27006.0,7497,200
1569945600,27006.0,27041.5,26623.0,26632.0,23823,200
1569960000,26632.0,26654.0,26545.0,26581.0,14947,200
1569974400,26582.0,26647.5,26559.5,26613.0,4243,300
1569988800,26613.0,26626.0,26582.0,26611.5,5398,300
1570003200,26611.5,26629.0,26424.0,26446.5,9823,200
1570017600,26446.5,26467.0,26373.0,26399.5,10089,200
1570032000,26399.5,26426.5,25968.0,25995.5,27314,200
1570046400,25995.5,26157.0,25977.5,26044.0,19203,200
1570060800,26031.0,26107.5,26022.5,26044.0,5688,300
1570075200,26044.0,26111.0,26042.0,26067.5,7059,300
1570089600,26067.5,26138.0,26017.0,26094.0,11444,200
1570104000,26094.0,26115.5,25985.5,26025.0,10665,200
1570118400,26025.5,26147.5,25736.5,26136.5,34358,200
1570132800,26137.0,26224.5,26090.5,26214.0,13109,200
1570147200,26200.0,26221.0,26173.5,26192.0,3417,300
1570161600,26192.0,26221.5,26166.5,26219.0,5142,300
1570176000,26219.0,26286.0,26153.5,26171.0,12294,200
1570190400,26171.0,26307.0,26102.5,26293.5,12550,200
1570204800,26294.0,26446.5,26268.0,26429.5,21584,200
1570219200,26429.5,26590.0,26411.5,26567.5,9953,200
1570406400,26416.0,26509.0,26414.0,26452.0,4579,300
1570420800,26452.0,26481.0,26436.5,26478.5,4186,300
1570435200,26478.5,26499.0,26426.5,26438.0,8292,200
1570449600,26438.0,26534.0,26429.5,26509.0,7939,200
1570464000,26509.0,26602.5,26423.0,26564.5,16615,200
1570478400,26564.5,26657.5,26459.5,26467.5,16305,200
1570492800,26466.5,26528.0,26451.5,26521.5,3556,300
1570507200,26521.0,26581.5,26500.0,26561.0,5579,300
1570521600,26561.0,26591.0,26435.5,26460.5,10999,200
1570536000,26460.5,26470.5,26236.0,26297.0,14858,200
1570550400,26297.0,26378.5,26135.5,26305.5,24696,200
1570564800,26305.0,26424.0,26154.0,26184.0,21055,200
1570579200,26172.5,26232.5,26124.0,26220.5,4751,300
1570593600,26220.5,26254.0,26197.5,26208.5,6333,300
1570608000,26208.5,26287.5,26152.5,26270.5,11505,200
1570622400,26270.5,26438.5,26264.5,26357.5,15078,200
1570636800,26357.5,26368.5,26245.0,26359.0,19157,200
1570651200,26358.0,26420.0,26312.0,26366.5,13359,200
1570665600,26362.0,26389.0,26024.0,26162.0,16990,300
1570680000,26162.5,26362.5,26161.5,26296.5,11441,300
1570694400,26296.5,26343.5,26224.5,26309.0,12387,200
1570708800,26309.0,26368.5,26256.0,26311.0,10634,200
1570723200,26308.0,26601.5,26296.0,26497.5,21672,200
1570737600,26497.0,26639.0,26389.0,26606.5,17278,200
1570752000,26603.0,26673.0,26539.0,26568.5,6514,300
1570766400,26568.5,26643.5,26552.0,26635.0,6553,300
1570780800,26634.5,26750.5,26594.0,26747.5,11216,200
1570795200,26747.5,26821.0,26744.0,26783.0,10342,200
1570809600,26783.0,26997.5,26765.5,26896.5,20987,200
1570824000,26896.0,27013.0,26766.0,26829.0,18085,200
1571011200,26848.0,26938.0,26833.5,26881.0,4448,300
1571025600,26880.5,26909.5,26816.5,26874.5,6430,300
1571040000,26874.5,26883.5,26774.0,26816.5,9154,200
1571054400,26816.5,26819.0,26679.5,26746.0,9739,200
1571068800,26746.0,26875.0,26731.0,26832.0,15437,200
1571083200,26831.5,26853.0,26770.5,26795.0,8141,200
1571097600,26804.5,26856.0,26796.5,26823.0,3201,300
1571112000,26823.0,26854.0,26815.0,26848.5,4911,300
1571126400,26848.5,26933.0,26840.0,26875.0,8122,200
1571140800,26876.0,26920.0,26843.5,26874.0,9166,200
1571155200,26874.5,27122.0,26869.0,27065.0,16545,200
1571169600,27065.0,27100.5,27024.0,27040.0,8701,200
1571184000,27039.0,27047.5,26972.0,26996.0,3995,300
1571198400,26996.5,27012.0,26956.0,26976.5,6358,300
1571212800,26976.5,27036.0,26948.5,26973.5,9712,200
1571227200,26973.5,27046.0,26934.0,27004.0,9415,200
1571241600,27004.0,27058.5,26941.5,27005.5,14677,200
1571256000,27005.5,27050.5,26970.5,26972.0,8497,200
1571270400,26965.5,26972.0,26915.0,26948.0,3035,300
1571284800,26948.0,26985.5,26943.5,26960.5,4364,300
1571299200,26960.5,27022.5,26917.0,26995.5,6754,200
1571313600,26995.5,27124.5,26977.0,27050.0,11813,200
1571328000,27050.0,27109.0,26963.5,27018.0,16435,200
1571342400,27018.5,27069.5,27003.0,27033.0,8219,200
1571356800,27024.5,27035.5,26995.5,27011.5,2777,300
1571371200,27011.0,27041.0,26984.0,26999.0,6156,300
1571385600,26999.0,27016.0,26949.5,27006.5,7755,200
1571400000,27006.5,27060.0,26995.5,27013.0,6185,200
1571414400,27013.0,27017.5,26796.5,26839.0,18422,200
1571428800,26839.5,26881.5,26763.5,26801.5,11437,200
1571616000,26756.5,26854.0,26756.0,26850.0,3584,300
1571630400,26850.0,26868.5,26838.5,26846.0,4160,300
1571644800,26846.0,26877.5,26805.0,26821.5,7207,200
1571659200,26821.5,26854.0,26805.5,26839.5,6423,200
1571673600,26839.5,26845.5,26742.5,26818.5,14447,200
1571688000,26818.5,26840.0,26781.0,26834.0,6524,200
1571702400,26840.0,26892.5,26819.5,26874.5,2266,300
1571716800,26874.5,26894.0,26857.5,26883.5,3383,300
1571731200,26883.5,26884.5,26791.5,26810.5,5477,200
1571745600,26810.5,26871.0,26798.0,26838.0,5737,200
1571760000,26838.0,26932.0,26793.0,26914.5,14038,200
1571774400,26914.5,26944.0,26756.0,26774.5,13370,200
1571788800,26784.0,26802.5,26701.0,26755.5,3857,300
1571803200,26755.5,26762.0,26721.0,26749.0,4993,300
1571817600,26748.5,26801.0,26735.0,26777.5,7401,200
1571832000,26777.5,26825.0,26630.0,26790.0,9052,200
1571846400,26789.5,26896.0,26788.0,26795.5,15282,200
1571860800,26795.5,26855.0,26742.5,26841.0,8296,200
1571875200,26861.5,26881.5,26835.0,26841.5,2795,300
1571889600,26841.5,26860.0,26831.0,26837.0,3536,300
1571904000,26837.0,26893.0,26822.5,26865.5,7508,200
1571918400,26865.5,26910.0,26852.0,26894.0,5947,200
1571932800,26894.5,26915.5,26707.5,26776.5,16711,200
1571947200,26776.5,26855.0,26732.5,26800.0,8866,200
1571961600,26811.0,26831.0,26781.5,26813.0,2772,300
1571976000,26813.0,26821.5,26786.5,26812.0,3887,300
1571990400,26812.0,26858.0,26804.0,26815.0,5633,200
1572004800,26815.0,26842.0,26770.0,26784.0,4752,200
1572019200,26784.0,27016.5,26761.0,26981.0,13575,200
1572033600,26981.0,26995.0,26931.5,26955.0,6958,200
1572220800,26995.5,27013.0,26979.0,27002.5,2240,300
1572235200,27002.5,27019.5,26989.5,27018.5,3445,300
1572249600,27018.5,27041.5,26997.5,27013.5,5019,200
1572264000,27013.5,27097.5,27001.5,27091.0,4909,200
1572278400,27091.0,27168.0,27025.5,27032.0,12104,200
1572292800,27032.0,27111.5,27030.0,27091.0,7224,200
1572307200,27099.0,27126.5,27084.0,27117.5,2118,300
1572321600,27117.5,27120.5,27092.5,27102.5,3056,300
1572336000,27102.5,27107.0,27055.0,27068.5,3524,200
1572350400,27068.5,27074.0,27019.0,27061.0,5321,200
1572364800,27061.0,27158.0,27035.0,27104.0,13752,200
1572379200,27104.0,27116.0,27055.0,27100.0,7782,200
1572393600,27104.0,27119.0,27073.0,27086.0,2368,300
1572408000,27086.0,27089.0,27060.0,27070.0,3101,300
1572422400,27070.0,27096.5,27066.5,27076.0,3897,200
1572436800,27076.0,27109.5,27067.5,27099.5,4150,200
1572451200,27099.5,27108.0,27013.5,27086.5,12780,200
1572465600,27086.5,27273.0,27023.5,27233.5,14086,200
1572480000,27219.0,27225.5,27200.0,27214.5,2315,300
1572494400,27214.5,27217.0,27180.5,27209.5,3819,300
1572508800,27209.5,27234.0,27186.0,27217.0,4604,200
1572523200,27217.0,27219.5,27069.5,27144.5,11780,200
1572537600,27144.5,27169.0,26915.0,26951.5,19113,200
1572552000,26951.5,27067.5,26912.0,27043.5,10743,200
1572566400,27052.0,27062.0,27023.5,27051.5,2294,300
1572580800,27051.5,27109.5,27050.5,27106.5,3726,300
1572595200,27106.5,27124.0,27077.0,27089.0,4975,200
1572609600,27089.0,27168.0,27067.0,27154.0,6421,200
1572624000,27154.0,27318.0,27153.5,27275.5,12046,200
1572638400,27275.5,27339.5,27272.0,27330.0,7319,200
1572825600,27356.5,27384.0,27348.0,27377.5,2526,300
1572840000,27377.5,27406.5,27374.5,27384.0,1815,300
1572854400,27384.0,27439.0,27373.0,27432.0,5814,200
1572868800,27432.0,27511.5,27431.5,27486.5,5347,200
1572883200,27486.5,27515.0,27427.0,27454.0,11897,200
1572897600,27454.0,27470.5,27404.5,27451.5,6619,200
1572912000,27456.5,27530.0,27431.0,27481.0,4879,300
1572926400,27481.0,27517.0,27472.5,27491.5,4332,300
1572940800,27491.5,27529.5,27478.5,27519.0,5504,200
1572955200,27519.0,27539.5,27484.5,27536.0,4637,200
1572969600,27536.0,27557.5,27449.5,27517.0,13771,200
1572984000,27515.5,27553.5,27477.5,27489.5,7856,200
1572998400,27489.5,27500.0,27455.5,27473.5,3462,300
1573012800,27473.5,27494.0,27463.5,27492.0,2879,300
1573027200,27492.0,27525.5,27459.0,27468.0,5086,200
1573041600,27468.0,27535.0,27465.5,27522.0,4815,200
1573056000,27522.0,27529.0,27408.0,27456.0,13453,200
1573070400,27456.0,27514.5,27431.0,27511.5,7313,200
1573084800,27480.5,27480.5,27424.5,27430.0,3415,300
1573099200,27429.5,27454.0,27427.0,27453.0,2962,300
1573113600,27453.0,27632.5,27452.5,27614.0,9010,200
1573128000,27614.0,27627.5,27588.5,27609.0,5525,200
1573142400,27609.0,27772.0,27608.0,27748.5,12705,200
1573156800,27748.5,27752.0,27630.5,27718.0,9660,200
1573171200,27706.0,27742.0,27654.5,27662.5,4834,300
1573185600,27663.0,27669.5,27629.5,27656.0,4299,300
1573200000,27656.0,27691.0,27637.5,27677.0,5633,200
1573214400,27677.0,27732.0,27675.0,27697.5,5449,200
1573228800,27697.5,27701.5,27573.5,27639.0,13385,200
1573243200,27639.0,27680.5,27603.5,27675.5,6349,200
1573430400,27669.0,27669.0,27597.5,27608.0,2127,300
1573444800,27608.0,27612.5,27574.5,27585.5,3531,300
1573459200,27585.5,27601.0,27534.5,27568.5,6509,200
1573473600,27568.5,27575.0,27533.0,27553.0,5439,200
1573488000,27553.0,27696.0,27505.0,27688.0,12403,200
1573502400,27688.0,27711.0,27663.0,27700.0,5586,200
1573516800,27702.0,27702.0,27655.0,27657.0,3181,300
1573531200,27657.0,27735.0,27649.0,27730.0,3429,300
1573545600,27730.0,27756.0,27676.5,27692.5,6876,200
1573560000,27693.0,27731.5,27693.0,27704.0,5050,200
1573574400,27704.0,27771.0,27676.5,27724.5,12523,200
1573588800,27724.5,27744.0,27636.5,27690.5,8929,200
1573603200,27704.5,27705.0,27634.0,27640.0,4034,300
1573617600,27640.0,27655.0,27617.0,27635.5,3703,300
1573632000,27636.0,27670.5,27562.5,27573.5,6218,200
1573646400,27573.5,27621.0,27572.5,27618.5,5367,200
1573660800,27618.5,27761.0,27585.5,27757.5,13228,200
1573675200,27757.5,27809.0,27698.5,27809.0,11241,200
1573689600,27795.0,27838.0,27758.5,27820.0,4287,300
1573704000,27813.5,27813.5,27738.5,27783.5,6708,300
1573718400,27783.5,27783.5,27730.0,27756.5,8582,200
1573732800,27756.5,27806.0,27734.0,27751.5,6653,200
1573747200,27751.5,27792.0,27672.0,27747.5,13438,200
1573761600,27747.5,27794.5,27668.0,27788.0,7392,200
1573776000,27768.5,27876.0,27761.0,27859.5,5045,300
1573790400,27859.5,27892.0,27853.5,27870.0,3731,300
1573804800,27869.5,27879.5,27837.0,27862.0,4891,200
1573819200,27861.5,27881.0,27826.0,27875.0,5677,200
1573833600,27875.0,27954.0,27851.0,27926.0,10465,200
1573848000,27926.0,28000.5,27909.0,27997.5,7099,200
1574035200,27983.0,27995.5,27962.0,27990.5,3662,300
1574049600,27990.5,27999.5,27974.0,27995.0,3211,300
1574064000,27995.0,28090.0,27991.0,28048.0,7141,200
1574078400,28048.0,28078.0,27974.0,27998.0,5776,200
1574092800,27997.0,28027.0,27966.0,28024.0,13759,200
1574107200,28024.0,28047.5,28008.0,28043.5,5701,200
1574121600,28038.5,28053.0,27991.0,28043.0,3146,300
1574136000,28043.0,28078.0,28036.0,28068.0,3549,300
1574150400,28068.0,28158.5,28063.0,28152.0,6780,200
1574164800,28152.0,28155.5,28067.5,28075.5,4786,200
1574179200,28075.5,28089.5,27889.5,27942.5,15964,200
1574193600,27942.5,27961.5,27909.0,27913.5,7106,200
1574208000,27898.5,27906.5,27840.0,27847.0,5597,300
1574222400,27847.0,27892.5,27839.5,27886.0,4530,300
1574236800,27886.0,27901.5,27790.5,27822.5,8361,200
1574251200,27822.5,27858.0,27792.5,27836.5,6743,200
1574265600,27836.5,27889.5,27702.0,27748.5,13679,200
1574280000,27749.0,27833.5,27671.5,27826.5,16087,200
1574294400,27700.0,27782.5,27672.5,27686.5,7141,300
1574308800,27687.0,27809.5,27685.0,27777.5,8959,300
1574323200,27777.5,27815.5,27727.0,27781.0,9535,200
1574337600,27781.0,27865.5,27780.0,27825.0,9005,200
1574352000,27825.0,27839.0,27705.5,27806.0,18089,200
1574366400,27806.5,27822.0,27736.0,27770.0,8645,200
1574380800,27772.0,27819.5,27745.5,27817.0,4780,300
1574395200,27817.0,27819.0,27793.0,27794.5,3728,300
1574409600,27794.5,27863.5,27784.5,27822.0,7423,200
1574424000,27822.0,27837.0,27779.0,27824.0,6593,200
1574438400,27824.0,27868.0,27769.0,27848.0,13643,200
1574452800,27848.0,27891.0,27831.0,27882.5,6291,200
1574640000,27944.5,27972.5,27925.0,27970.0,3391,300
1574654400,27970.0,27974.0,27942.0,27964.0,2422,300
1574668800,27964.0,27969.5,27948.0,27957.0,4499,200
1574683200,27957.0,27966.0,27939.5,27960.5,3601,200
1574697600,27960.5,28025.5,27945.5,28000.5,8250,200
1574712000,28000.5,28064.5,28000.5,28050.0,5252,200
1574726400,28051.0,28170.5,28043.5,28132.0,4684,300
1574740800,28132.0,28135.0,28069.5,28072.5,5625,300
1574755200,28072.0,28085.5,28022.0,28048.0,5885,200
1574769600,28048.5,28101.0,28038.0,28086.0,4254,200
1574784000,28086.0,28127.0,28045.0,28113.0,11449,200
1574798400,28113.0,28160.0,28078.5,28155.5,6499,200
1574812800,28137.0,28156.0,28126.0,28138.5,3453,300
1574827200,28138.5,28160.5,28136.0,28141.5,2795,300
1574841600,28141.5,28192.5,28139.0,28187.5,4329,200
1574856000,28187.5,28190.5,28139.5,28143.5,3379,200
1574870400,28143.5,28151.5,28078.5,28129.5,9492,200
1574884800,28129.5,28178.5,28126.5,28174.5,5635,200
1574899200,28174.5,28178.0,28069.5,28111.0,5103,300
1574913600,28111.0,28113.0,28081.5,28084.5,2846,300
1574928000,28084.5,28105.5,28069.5,28076.0,3675,200
1574942400,28076.0,28114.0,28072.0,28103.0,2975,200
1574956800,28103.0,28144.0,28093.5,28131.0,2917,200
1574985600,28131.0,28131.0,28077.0,28081.5,2936,200
1575000000,28081.5,28095.5,28054.5,28061.5,3232,300
1575014400,28061.5,28102.5,28048.0,28096.5,4702,200
1575028800,28096.5,28115.0,28087.0,28096.0,3882,200
1575043200,28094.0,28118.0,28046.0,28069.5,10168,200
1575057600,28070.5,28087.0,28061.0,28072.5,806,200
1575244800,28103.5,28171.5,28088.0,28157.0,3883,300
1575259200,28157.0,28176.5,28152.5,28160.5,2350,300
1575273600,28160.5,28201.5,28137.0,28181.5,4961,200
1575288000,28181.0,28197.0,28079.0,28104.5,6486,200
1575302400,28104.0,28110.0,27791.0,27805.0,23053,200
1575316800,27805.0,27878.0,27777.0,27779.5,10606,200
1575331200,27796.5,27825.5,27745.5,27808.0,5824,300
1575345600,27808.0,27852.5,27802.5,27842.0,4363,300
1575360000,27842.0,27845.5,27798.0,27822.0,6530,200
1575374400,27822.0,27837.0,27515.0,27524.0,12407,200
1575388800,27524.0,27526.0,27319.0,27399.0,25684,200
1575403200,27399.0,27520.0,27397.0,27496.5,11562,200
1575417600,27488.5,27523.0,27455.5,27480.5,7039,300
1575432000,27480.5,27508.0,27476.0,27496.0,4979,300
1575446400,27496.5,27637.5,27398.0,27633.5,12208,200
1575460800,27633.5,27654.5,27591.0,27615.5,8632,200
1575475200,27615.5,27726.5,27611.0,27701.0,15565,200
1575489600,27701.0,27720.0,27618.5,27644.0,7101,200
1575504000,27643.5,27678.5,27611.5,27635.5,5485,300
1575518400,27635.5,27654.0,27622.5,27638.0,4636,300
1575532800,27638.0,27717.5,27636.5,27714.0,7921,200
1575547200,27712.0,27772.0,27700.0,27722.0,6921,200
1575561600,27722.0,27732.0,27558.0,27606.5,17143,200
1575576000,27607.0,27696.0,27600.0,27680.5,8626,200
1575590400,27674.5,27721.5,27669.0,27706.0,4005,300
1575604800,27706.0,27715.0,27682.5,27694.5,2816,300
1575619200,27693.5,27758.0,27693.0,27742.0,6822,200
1575633600,27742.0,27865.0,27706.5,27849.5,6162,200
1575648000,27849.5,28027.0,27845.0,28020.5,11575,200
1575662400,28020.5,28034.0,27995.0,28020.5,5258,200
1575849600,28036.0,28036.0,27956.0,27966.0,4418,300
1575864000,27966.0,27993.0,27965.0,27977.5,2774,300
1575878400,27977.0,28016.5,27951.5,27983.5,4853,200
1575892800,27982.5,28005.0,27960.5,27982.5,3590,200
1575907200,27982.5,28010.5,27926.5,27945.5,9103,200
1575921600,27945.5,27959.0,27867.5,27881.5,6796,200
1575936000,27885.5,27914.0,27879.5,27893.0,4020,300
1575950400,27893.0,27927.0,27893.0,27909.0,2973,300
1575964800,27908.5,27924.0,27763.0,27781.0,7600,200
1575979200,27780.5,27948.0,27714.5,27916.0,10723,200
1575993600,27916.0,27946.5,27794.5,27899.5,16661,200
1576008000,27899.5,27929.5,27850.5,27917.5,7712,200
1576022400,27906.0,27930.0,27858.5,27871.5,4284,300
1576036800,27871.5,27905.5,27868.5,27903.5,3080,300
1576051200,27903.5,27969.0,27849.0,27885.5,8186,200
1576065600,27885.5,27904.0,27852.5,27874.0,6300,200
1576080000,27874.0,27902.5,27795.0,27839.0,11205,200
1576094400,27839.0,27923.5,27831.0,27921.0,8965,200
1576108800,27922.5,27942.0,27909.0,27941.0,2972,300
1576123200,27941.0,27948.0,27927.0,27927.0,2275,300
1576137600,27927.0,27980.0,27927.0,27965.5,5148,200
1576152000,27966.0,27974.5,27850.5,27882.5,8190,200
1576166400,27882.0,28222.5,27854.5,28022.0,24191,200
1576180800,28022.0,28167.5,28016.5,28140.0,14533,200
1576195200,28140.0,28251.0,28140.0,28228.0,6094,300
1576209600,28228.0,28264.0,28222.5,28240.0,4550,300
1576224000,28240.0,28256.5,28215.5,28248.5,7653,200
1576238400,28248.5,28283.5,28097.0,28213.0,8801,200
1576252800,28213.0,28283.5,28022.5,28141.5,25503,200
1576267200,28142.0,28164.0,28109.5,28157.5,6891,200
1576454400,28179.0,28183.5,28156.5,28168.0,3864,300
1576468800,28172.5,28179.0,28152.0,28154.0,3060,300
1576483200,28154.0,28218.0,28148.0,28191.5,6982,200
1576497600,28191.5,28239.0,28178.5,28234.0,4819,200
1576512000,28234.0,28335.5,28220.0,28306.5,10551,200
1576526400,28306.5,28311.5,28221.5,28222.0,6563,200
1576540800,28221.5,28232.0,28186.5,28217.5,3475,300
1576555200,28217.5,28258.5,28204.5,28256.5,3345,300
1576569600,28256.5,28267.0,28194.0,28212.5,4943,200
1576584000,28212.5,28270.5,28164.5,28251.0,5842,200
1576598400,28250.5,28325.5,28215.5,28317.0,11936,200
1576612800,28317.5,28318.5,28247.5,28252.5,5976,200
1576627200,28306.0,28313.5,28250.5,28269.5,2404,300
1576641600,28269.5,28275.5,28254.5,28263.5,2277,300
1576656000,28262.5,28299.0,28241.0,28289.0,4655,200
1576670400,28289.0,28297.5,28262.0,28274.0,3201,200
1576684800,28274.0,28317.0,28257.0,28274.5,10087,200
1576699200,28274.0,28305.0,28237.0,28268.0,5264,200
1576713600,28273.5,28283.5,28247.5,28251.5,2855,300
1576728000,28251.5,28254.5,28235.5,28251.5,1988,300
1576742400,28251.5,28298.0,28239.0,28296.0,4514,200
1576756800,28296.0,28301.0,28251.0,28269.0,4227,200
1576771200,28269.0,28379.0,28266.0,28334.0,8903,200
1576785600,28334.0,28408.5,28325.0,28397.5,5574,200
1576800000,28391.5,28406.0,28376.0,28393.5,2646,300
1576814400,28393.5,28395.0,28379.0,28384.0,1873,300
1576828800,28384.0,28395.5,28365.5,28375.5,4422,200
1576843200,28375.5,28433.5,28374.5,28428.5,5079,200
1576857600,28428.5,28509.0,28428.5,28488.5,10072,200
1576872000,28488.5,28508.5,28437.0,28455.5,6003,200
1577059200,28465.0,28496.5,28465.0,28485.5,2585,300
1577073600,28485.5,28487.5,28474.5,28477.5,1380,300
1577088000,28476.5,28510.0,28463.5,28499.0,3231,200
1577102400,28499.0,28545.0,28494.0,28526.0,3014,200
1577116800,28526.0,28580.5,28512.0,28559.0,7887,200
1577131200,28559.0,28570.0,28534.0,28556.0,3629,200
1577145600,28560.0,28567.5,28545.5,28550.0,2079,300
1577160000,28550.0,28562.5,28543.5,28561.5,1041,300
1577174400,28562.0,28573.0,28555.0,28569.0,1148,200
1577188800,28569.0,28586.0,28562.0,28572.0,1598,200
1577203200,28572.0,28576.0,28498.0,28512.5,7164,200
1577217600,28513.0,28515.0,28505.0,28506.5,380,200
1577347200,28506.5,28552.0,28506.5,28547.0,1100,200
1577361600,28547.0,28559.5,28527.5,28539.0,1649,200
1577376000,28539.0,28586.0,28526.0,28568.0,5484,200
1577390400,28568.0,28633.5,28550.0,28612.5,4174,200
1577404800,28612.5,28670.0,28608.0,28668.5,2295,300
1577419200,28668.5,28691.0,28665.0,28678.5,1781,300
1577433600,28678.5,28714.5,28672.0,28694.5,3911,200
1577448000,28694.5,28732.5,28692.5,28694.5,3289,200
1577462400,28694.5,28704.5,28615.5,28681.0,8689,200
1577476800,28681.0,28686.5,28609.5,28616.0,6013,200
1577664000,28638.0,28669.0,28634.0,28668.0,3176,300
1577678400,28668.0,28674.0,28650.0,28656.0,1663,300
1577692800,28656.0,28672.5,28642.5,28649.0,4071,200
1577707200,28649.0,28660.5,28615.5,28656.5,3906,200
1577721600,28656.5,28664.5,28420.5,28548.0,15709,200
1577736000,28548.0,28554.5,28437.5,28463.5,7872,200
1577750400,28463.5,28514.0,28457.0,28500.0,2276,300
1577764800,28500.0,28508.5,28492.5,28496.5,1369,300
1577779200,28496.5,28501.5,28460.0,28483.0,1943,200
1577793600,28483.0,28510.0,28410.0,28415.0,4861,200
1577808000,28415.0,28481.5,28366.0,28408.0,14073,200
1577822400,28408.0,28423.0,28404.0,28419.5,1562,200
1577952000,28619.0,28695.0,28609.5,28687.5,5996,200
1577966400,28687.5,28707.5,28670.5,28695.5,3672,200
1577980800,28695.5,28736.5,28613.5,28729.0,14565,200
1577995200,28729.5,28903.0,28697.5,28902.0,6956,200
1578009600,28896.0,28920.5,28832.5,28842.5,3146,300
1578024000,28842.5,28854.0,28639.5,28668.5,11987,300
1578038400,28668.5,28676.5,28559.0,28594.0,11025,200
1578052800,28594.0,28662.5,28461.5,28617.0,11585,200
1578067200,28615.5,28714.0,28524.5,28694.0,19116,200
1578081600,28694.5,28714.5,28600.5,28636.5,12529,200
1578268800,28511.5,28547.0,28486.0,28505.5,7998,300
1578283200,28504.5,28578.5,28502.0,28548.0,3853,300
1578297600,28548.5,28559.5,28387.0,28453.0,11560,200
1578312000,28453.0,28515.0,28445.0,28465.0,8374,200
1578326400,28465.0,28603.5,28421.0,28583.0,15617,200
1578340800,28582.0,28732.0,28578.0,28661.0,9275,200
1578355200,28658.5,28720.0,28649.0,28711.5,4730,300
1578369600,28711.5,28765.5,28706.0,28734.0,4168,300
1578384000,28734.0,28769.0,28670.5,28713.0,11053,200
1578398400,28712.5,28727.0,28638.5,28641.5,7768,200
1578412800,28641.5,28681.5,28563.5,28588.5,18449,200
1578427200,28588.5,28636.0,28483.0,28539.0,10138,200
1578441600,28533.5,28550.0,28121.5,28319.0,21521,300
1578456000,28319.0,28503.5,28311.5,28365.5,14685,300
1578470400,28366.0,28499.5,28357.5,28485.5,13227,200
1578484800,28485.5,28600.0,28473.5,28540.0,11097,200
1578499200,28540.0,28813.5,28514.5,28785.5,20896,200
1578513600,28785.5,28867.5,28738.5,28802.0,11141,200
1578528000,28810.0,28841.0,28788.5,28828.5,5550,300
1578542400,28828.5,28859.0,28777.0,28846.5,4367,300
1578556800,28846.5,28913.5,28837.0,28881.5,7863,200
1578571200,28881.5,28915.0,28866.0,28904.5,6780,200
1578585600,28904.5,28982.0,28840.0,28922.5,15010,200
1578600000,28922.5,28970.0,28898.0,28956.5,9683,200
1578614400,28967.0,29031.5,28959.0,29016.5,3838,300
1578628800,29016.5,29044.0,29009.5,29044.0,2481,300
1578643200,29044.5,29055.0,28992.0,29022.0,4384,200
1578657600,29022.0,29043.0,28961.0,28988.0,5391,200
1578672000,28988.0,29006.0,28830.0,28889.0,15866,200
1578686400,28889.0,28925.0,28785.5,28804.0,9799,200
1578873600,28830.5,28906.5,28830.5,28871.5,4068,300
1578888000,28871.5,28903.5,28862.5,28897.0,2593,300
1578902400,28897.5,28940.0,28887.0,28937.0,5332,200
1578916800,28937.5,28944.0,28874.0,28905.5,5387,200
1578931200,28905.5,28909.0,28816.0,28886.0,14037,200
1578945600,28886.0,28919.0,28856.0,28899.5,5959,200
1578960000,28913.5,28978.0,28904.0,28944.0,4073,300
1578974400,28944.0,28953.0,28892.0,28897.5,3756,300
1578988800,28897.5,28939.5,28773.5,28927.0,7466,200
1579003200,28927.0,28939.5,28842.5,28923.5,8234,200
1579017600,28923.5,29046.5,28870.5,29036.0,14886,200
1579032000,29035.5,29051.0,28886.5,28964.5,15016,200
1579046400,28962.5,28966.0,28883.0,28928.5,4669,300
1579060800,28928.5,28932.5,28877.5,28906.0,4471,300
1579075200,28906.0,28947.0,28893.0,28916.0,6135,200
1579089600,28916.0,28967.0,28883.0,28890.5,6535,200
1579104000,28890.0,29128.5,28883.5,29045.0,17084,200
1579118400,29045.0,29107.5,28970.5,29072.5,11707,200
1579132800,29078.5,29119.5,29075.5,29095.0,3605,300
1579147200,29095.0,29122.5,29073.5,29118.5,2280,300
1579161600,29118.5,29183.0,29099.5,29138.5,5368,200
1579176000,29138.5,29161.0,29127.0,29149.0,5328,200
1579190400,29149.5,29213.0,29146.0,29187.0,12837,200
1579204800,29187.0,29306.0,29185.0,29301.5,6960,200
1579219200,29290.5,29352.5,29281.5,29313.5,3807,300
1579233600,29325.5,29337.0,29308.5,29325.0,2737,300
1579248000,29325.0,29378.5,29317.0,29357.5,4272,200
1579262400,29357.5,29401.5,29336.5,29369.5,4697,200
1579276800,29369.5,29381.0,29292.5,29327.5,12510,200
1579291200,29327.5,29356.5,29298.5,29312.0,7955,200
1579478400,29321.0,29361.0,29305.5,29338.5,3124,300
1579492800,29338.5,29344.0,29325.5,29328.0,2021,300
1579507200,29328.0,29341.5,29266.5,29297.5,4401,200
1579521600,29297.5,29318.5,29283.0,29301.5,2776,200
1579536000,29301.5,29337.0,29291.5,29336.0,2896,200
1579564800,29336.5,29338.5,29213.5,29226.5,4192,300
1579579200,29226.5,29242.5,29195.5,29220.0,4413,300
1579593600,29220.0,29265.0,29186.0,29220.0,8461,200
1579608000,29220.0,29276.0,29218.5,29237.0,5493,200
1579622400,29237.0,29334.0,29227.5,29322.0,12972,200
1579636800,29322.0,29331.0,29148.0,29214.5,14090,200
1579651200,29234.79,29268.0,29214.79,29243.5,5485,0
1579665600,29243.5,29346.5,29243.5,29334.5,5217,300
1579680000,29334.5,29346.5,29279.0,29303.5,5950,200
1579694400,29303.5,29321.0,29270.5,29284.0,4450,200
1579708800,29284.0,29314.0,29169.0,29231.0,14421,200
1579723200,29231.0,29287.0,29134.0,29150.0,11125,200
1579737600,29135.0,29168.5,29109.0,29161.5,6229,300
1579752000,29161.5,29177.0,29100.0,29108.0,5356,300
1579766400,29108.5,29170.5,29101.0,29140.5,7951,200
1579780800,29140.5,29173.5,29089.5,29099.5,6420,200
1579795200,29099.5,29112.5,28961.5,29043.0,19106,200
1579809600,29043.0,29190.0,29036.5,29164.5,11076,200
1579824000,29174.5,29224.0,29155.0,29175.0,4234,300
1579838400,29175.0,29212.0,29164.0,29205.0,2977,300
1579852800,29205.0,29274.5,29182.5,29230.0,5092,200
1579867200,29230.0,29268.5,29212.5,29246.0,5350,200
1579881600,29246.0,29281.5,28958.5,29047.5,23151,200
1579896000,29047.5,29048.5,28840.5,28951.5,22788,200
1580083200,28722.5,28778.5,28653.5,28755.5,11301,300
1580097600,28755.0,28755.5,28692.0,28698.0,6838,300
1580112000,28698.5,28740.0,28601.5,28636.0,11703,200
1580126400,28636.0,28636.0,28472.5,28539.0,16537,200
1580140800,28539.0,28672.5,28453.0,28636.0,30815,200
1580155200,28636.0,28669.0,28508.5,28542.0,18341,200
1580169600,28525.0,28650.5,28522.5,28621.0,6009,300
1580184000,28621.0,28703.0,28580.5,28691.0,6188,300
1580198400,28691.5,28731.0,28566.0,28595.5,12131,200
1580212800,28595.5,28688.0,28549.5,28652.0,13203,200
1580227200,28652.0,28794.0,28577.0,28776.0,21188,200
1580241600,28776.5,28823.0,28722.0,28798.5,12476,200
1580256000,28795.0,28849.0,28708.0,28814.0,7602,300
1580270400,28814.0,28858.0,28809.0,28823.0,4893,300
1580284800,28822.5,28843.0,28765.0,28784.0,7951,200
1580299200,28783.5,28908.5,28782.0,28880.5,8960,200
1580313600,28880.5,28932.5,28722.5,28831.5,21640,200
1580328000,28831.5,28902.0,28700.0,28745.5,16189,200
1580342400,28748.5,28796.0,28678.5,28695.5,7503,300
1580356800,28695.0,28698.5,28562.5,28601.5,10922,300
1580371200,28602.0,28644.5,28478.0,28594.0,15518,200
1580385600,28594.5,28626.0,28501.0,28573.0,13055,200
1580400000,28573.0,28724.5,28479.0,28562.0,28677,200
1580414400,28562.5,28893.0,28538.0,28883.0,24577,200
1580428800,28872.0,28932.5,28811.5,28848.0,8811,300
1580443200,28848.0,28918.0,28848.0,28859.5,7512,300
1580457600,28859.5,28859.5,28726.5,28753.5,11365,200
1580472000,28753.5,28763.0,28637.5,28703.0,14310,200
1580486400,28703.0,28731.0,28308.5,28350.5,35790,200
1580500800,28349.5,28388.5,28159.0,28279.5,26569,200
1580688000,28249.5,28476.0,28249.5,28471.5,15562,300
1580702400,28471.0,28485.0,28381.5,28445.0,11413,300
1580716800,28444.5,28448.0,28323.0,28327.0,14710,200
1580731200,28327.0,28449.0,28313.0,28389.0,11162,200
1580745600,28388.0,28633.0,28356.0,28447.0,26685,200
1580760000,28447.0,28487.0,28367.5,28425.5,16577,200
1580774400,28389.0,28544.0,28345.5,28531.5,8595,300
1580788800,28531.5,28622.0,28490.0,28603.0,10513,300
1580803200,28603.5,28746.0,28578.5,28735.5,12084,200
1580817600,28735.5,28806.5,28696.5,28800.0,9639,200
1580832000,28800.0,28902.0,28745.0,28880.0,20983,200
1580846400,28880.0,28903.5,28792.5,28844.5,11569,200
1580860800,28831.5,28856.0,28751.0,28833.0,8014,300
1580875200,28833.0,28833.5,28761.5,28777.5,7787,300
1580889600,28777.5,29148.5,28772.5,29122.0,15404,200
1580904000,29122.0,29126.5,29031.5,29096.0,13717,200
1580918400,29096.0,29181.0,28997.0,29162.0,26079,200
1580932800,29162.0,29333.5,29139.0,29306.5,14242,200
1580947200,29324.0,29412.0,29276.5,29361.0,7578,300
1580961600,29361.0,29518.0,29361.0,29491.0,8212,300
1580976000,29491.0,29528.5,29392.0,29406.0,11474,200
1580990400,29406.0,29449.5,29363.0,29394.0,10197,200
1581004800,29394.0,29413.5,29244.0,29389.5,25209,200
1581019200,29389.5,29413.5,29319.5,29410.0,10794,200
1581033600,29398.5,29412.5,29277.5,29314.5,8535,300
1581048000,29314.5,29359.5,29294.5,29321.5,6486,300
1581062400,29321.5,29387.0,29275.0,29283.0,11102,200
1581076800,29283.0,29353.5,29206.5,29260.5,12897,200
1581091200,29259.5,29282.5,29134.0,29187.0,22943,200
1581105600,29187.0,29188.0,29053.0,29078.5,14684,200
1581292800,29059.5,29120.5,28894.0,29080.5,12335,300
1581307200,29080.5,29170.0,29069.5,29102.0,10153,300
1581321600,29101.0,29135.5,29013.0,29052.0,12706,200
1581336000,29051.5,29116.0,29018.5,29029.5,10394,200
1581350400,29029.5,29224.0,28976.0,29138.0,18225,200
1581364800,29138.0,29293.5,29132.5,29284.5,9152,200
1581379200,29274.5,29371.5,29258.5,29366.5,5515,300
1581393600,29366.0,29393.5,29352.0,29378.0,4570,300
1581408000,29378.0,29389.0,29310.0,29349.0,8664,200
1581422400,29349.0,29417.0,29346.5,29407.5,6751,200
1581436800,29407.5,29440.5,29256.5,29323.5,19065,200
1581451200,29323.5,29338.0,29209.5,29288.0,13679,200
1581465600,29304.0,29327.0,29256.5,29299.5,5782,300
1581480000,29299.5,29355.5,29291.0,29348.5,5154,300
1581494400,29348.0,29430.0,29336.5,29386.0,7685,200
1581508800,29386.0,29428.0,29375.0,29420.0,5379,200
1581523200,29420.0,29537.0,29419.5,29476.0,16871,200
1581537600,29476.0,29583.0,29447.0,29574.5,8711,200
1581552000,29535.5,29557.5,29396.5,29458.0,9549,300
1581566400,29458.0,29475.5,29422.5,29441.5,6267,300
1581580800,29441.5,29450.0,29315.0,29338.0,8120,200
1581595200,29338.0,29396.5,29261.5,29387.5,12374,200
1581609600,29387.5,29519.0,29336.5,29460.5,20268,200
1581624000,29460.5,29528.5,29407.0,29460.5,12831,200
1581638400,29438.0,29460.0,29385.5,29453.0,6341,300
1581652800,29452.5,29527.5,29436.0,29484.5,5748,300
1581667200,29485.0,29500.0,29431.0,29461.0,7159,200
1581681600,29461.0,29498.0,29409.5,29436.0,7074,200
1581696000,29436.0,29457.0,29341.0,29350.5,15909,200
1581710400,29350.0,29420.5,29281.0,29415.5,11415,200
1581897600,29429.5,29481.5,29414.0,29466.0,5662,300
1581912000,29466.0,29475.5,29445.0,29466.5,3911,300
1581926400,29467.0,29493.0,29436.0,29457.5,5508,200
1581940800,29457.5,29464.5,29431.0,29444.5,3509,200
1581955200,29444.5,29478.0,29433.5,29468.5,3303,200
1581984000,29468.5,29468.5,29309.0,29334.5,7458,200
1581998400,29334.5,29342.5,29274.0,29311.5,5635,300
1582012800,29312.0,29318.5,29222.0,29242.0,9513,200
1582027200,29242.0,29288.5,29215.5,29254.0,8445,200
1582041600,29254.0,29324.5,29114.0,29181.5,19193,200
1582056000,29181.5,29271.0,29167.0,29244.5,10818,200
1582070400,29253.0,29313.5,29248.0,29287.0,5545,300
1582084800,29287.5,29335.0,29281.5,29309.5,5232,300
1582099200,29309.5,29326.5,29265.0,29289.0,7443,200
1582113600,29289.0,29323.0,29278.0,29313.5,5795,200
1582128000,29313.5,29400.0,29273.5,29393.5,13589,200
1582142400,29394.0,29410.0,29338.0,29357.5,7598,200
1582156800,29382.5,29447.0,29366.5,29368.5,5056,300
1582171200,29369.0,29383.5,29257.5,29310.5,8926,300
1582185600,29311.0,29389.5,29286.0,29320.0,9347,200
1582200000,29320.0,29331.5,29253.0,29276.5,8352,200
1582214400,29276.5,29364.0,28949.0,29116.5,28709,200
1582228800,29116.5,29236.0,29096.0,29169.5,17217,200
1582243200,29171.5,29189.5,29057.0,29122.5,11982,300
1582257600,29122.0,29123.5,29055.0,29069.0,8673,300
1582272000,29068.0,29110.0,28985.5,29053.5,13241,200
1582286400,29053.5,29135.0,29052.5,29068.5,9630,200
1582300800,29068.5,29119.5,28887.5,29013.5,28448,200
1582315200,29013.5,29037.0,28909.5,28992.0,18898,200
1582502400,28707.5,28766.0,28591.5,28641.0,12894,300
1582516800,28640.0,28652.5,28541.5,28586.0,10461,300
1582531200,28586.0,28611.0,28202.5,28295.0,22122,200
1582545600,28294.5,28321.5,28136.0,28161.5,19487,200
1582560000,28161.5,28289.0,27980.0,27990.5,40574,200
1582574400,27989.5,28219.5,27908.0,27985.5,27869,200
1582588800,27930.5,28248.5,27927.0,28189.5,14292,300
1582603200,28189.0,28227.5,28124.0,28209.0,10275,300
1582617600,28209.0,28233.0,28029.5,28037.0,18497,200
1582632000,28037.0,28144.0,27921.0,28106.5,19079,200
1582646400,28106.5,28142.5,27473.0,27479.0,49991,200
1582660800,27474.0,27525.5,26994.5,27168.0,48212,200
1582675200,27202.5,27299.5,27080.5,27208.0,18233,300
1582689600,27207.5,27347.0,27151.5,27264.5,19999,300
1582704000,27265.0,27273.0,26711.5,26910.0,33180,200
1582718400,26910.0,27255.5,26907.0,27182.0,29885,200
1582732800,27182.5,27535.5,27070.5,27211.0,49888,200
1582747200,27211.5,27251.0,26834.0,26847.5,45817,200
1582761600,26839.0,26992.5,26662.0,26717.5,23766,300
1582776000,26717.5,26735.5,26486.5,26589.0,21070,300
1582790400,26588.5,26875.0,26521.5,26774.0,30045,200
1582804800,26774.5,26805.0,26479.0,26532.0,26372,200
1582819200,26532.0,26770.5,25995.0,26600.5,65699,200
1582833600,26600.5,26719.5,25516.5,25533.0,53220,200
1582848000,25535.5,25694.5,25386.5,25678.0,23430,300
1582862400,25678.0,25769.5,25142.0,25198.0,32450,300
1582876800,25198.0,25471.5,24880.0,25092.5,46012,200
1582891200,25091.5,25513.0,25046.0,25118.0,36614,200
1582905600,25118.0,25496.0,24681.5,25324.0,72539,200
1582920000,25324.5,25743.0,24754.5,25689.5,45852,200
1583107200,25035.0,25545.0,24866.5,25372.5,26529,300
1583121600,25372.5,25712.0,25338.5,25589.0,31185,300
1583136000,25586.5,26015.5,25495.0,25625.5,38875,200
1583150400,25625.5,25686.0,25025.0,25498.5,42521,200
1583164800,25499.0,26217.5,25386.0,26198.0,67987,200
1583179200,26196.5,26727.0,25857.5,26555.0,48698,200
1583193600,26590.0,26764.5,26524.5,26562.5,16744,300
1583208000,26562.5,26672.0,26414.5,26419.0,22245,300
1583222400,26416.0,26817.0,26321.0,26793.5,32800,200
1583236800,26793.5,26822.5,26394.5,26614.5,38409,200
1583251200,26614.5,27077.5,26090.5,26300.0,71663,200
1583265600,26300.0,26300.0,25702.0,25832.5,57199,200
1583280000,25834.0,26165.0,25724.0,26074.5,20880,300
1583294400,26073.5,26316.5,26036.0,26277.0,18850,300
1583308800,26276.5,26487.5,26219.5,26446.5,25587,200
1583323200,26446.5,26641.5,26405.5,26485.5,24529,200
1583337600,26485.5,26634.0,26282.0,26629.5,52573,200
1583352000,26629.5,27092.5,26619.0,26959.5,34559,200
1583366400,26947.0,26994.0,26766.0,26798.0,13043,300
1583380800,26798.5,26907.5,26749.0,26888.0,13520,300
1583395200,26883.5,26889.0,26577.5,26622.0,21800,200
1583409600,26622.5,26627.5,26328.0,26439.5,26160,200
1583424000,26439.5,26631.5,26099.0,26133.5,53557,200
1583438400,26132.5,26281.5,25940.5,26148.5,48263,200
1583452800,26169.0,26303.5,25978.0,25983.5,14206,300
1583467200,25982.5,25997.5,25728.5,25786.5,21804,300
1583481600,25786.5,25952.5,25589.0,25593.0,28789,200
1583496000,25592.5,25609.0,25274.0,25395.0,38609,200
1583510400,25388.5,25781.0,25216.5,25596.0,69195,200
1583524800,25594.5,25990.5,25247.0,25795.5,51223,200
1583712000,25242.0,25254.0,24663.0,24757.5,20947,300
1583726400,24757.5,24799.5,24548.5,24592.5,10027,300
1583740800,24592.5,24618.0,24551.0,24552.5,2258,200
1583755200,24600.0,24616.5,24543.0,24543.5,998,200
1583769600,23573.0,24683.5,23571.5,24229.0,33141,200
1583784000,24229.0,24324.5,23683.0,23775.0,54827,200
1583798400,23774.5,24481.5,23462.0,24477.5,24290,300
1583812800,24477.5,24602.0,24331.0,24575.5,24013,300
1583827200,24575.5,24817.5,24392.5,24810.5,30343,200
1583841600,24810.5,25034.0,24509.5,24700.5,29693,200
1583856000,24700.5,24802.0,23686.0,24100.5,69946,200
1583870400,24100.5,25056.0,23922.5,24986.0,53407,200
1583884800,24898.0,24919.0,24403.0,24504.5,17981,300
1583899200,24504.5,24609.0,24297.0,24363.0,20579,300
1583913600,24363.0,24653.0,24155.0,24571.5,27011,200
1583928000,24571.0,24592.0,24049.0,24058.0,27904,200
1583942400,24056.5,24463.0,23793.0,23864.5,63243,200
1583956800,23864.5,23912.0,23322.0,23596.5,51142,200
1583971200,23551.0,23868.0,23366.5,23516.0,16897,300
1583985600,23516.0,23552.5,22365.0,22834.0,31389,300
1584000000,22834.0,22863.5,22362.5,22408.0,24838,200
1584014400,22404.5,22585.0,22362.5,22363.0,11017,200
1584028800,22042.0,22413.5,21241.0,22225.0,49535,200
1584043200,22217.5,22848.5,20895.5,20939.0,55027,200
1584057600,20939.0,21203.5,20622.0,20942.5,16089,300
1584072000,20943.5,21329.0,20397.5,21312.5,22716,300
1584086400,21313.0,22118.5,21112.5,21645.5,30493,200
1584100800,21634.5,22213.0,21544.5,22213.0,13516,200
1584115200,22417.0,22521.5,21257.0,21779.0,17424,200
1584129600,21779.5,23163.5,21653.0,22857.5,12877,400
1584316800,22696.5,22772.0,21970.0,21970.0,443,600
1584331200,21970.0,21970.0,21970.0,21970.0,2,600
1584345600,21970.0,21970.0,21970.0,21970.0,3,600
1584360000,21970.0,21970.0,21970.0,21970.0,12,600
1584374400,21970.0,21970.0,20448.0,21121.0,47408,600
1584388800,21121.0,21347.5,20079.0,20424.5,46926,600
1584403200,20373.5,20970.5,20290.5,20904.0,12683,900
1584417600,20904.5,21209.0,20779.0,21207.5,12197,900
1584432000,21205.0,21209.0,20598.0,20641.5,8035,600
1584446400,20641.5,21026.0,20145.0,20683.0,36018,600
1584460800,20682.5,21382.5,19899.5,20796.5,68110,400
1584475200,20799.0,21338.5,20484.0,20919.5,56517,400
1584489600,20851.0,20998.0,20273.0,20402.0,20156,600
1584504000,20395.0,20711.5,20293.0,20362.5,19685,600
1584518400,20362.5,20372.0,20166.5,20166.5,1011,600
1584547200,20013.0,20482.0,19390.5,19404.5,43873,400
1584561600,19520.0,20068.5,18893.5,20060.0,47353,400
1584576000,20015.5,20510.0,19693.5,20064.5,22064,600
1584590400,20063.5,20223.0,18956.5,19101.5,29379,600
1584604800,19104.5,20122.0,19104.5,20021.5,26646,400
1584619200,20021.5,20088.0,19371.0,19718.0,26457,400
1584633600,19718.5,20404.5,19173.0,20110.0,58494,400
1584648000,20107.5,20430.0,19653.5,19727.0,44230,400
1584662400,19679.5,19837.5,19534.0,19653.0,16902,600
1584676800,19653.0,20142.5,19640.0,20056.0,26229,600
1584691200,20058.0,21008.0,19940.5,20858.0,23896,400
1584705600,20858.0,20989.0,20192.5,20219.5,27436,400
1584720000,20215.5,20544.0,19718.5,19941.5,69478,400
1584734400,19940.5,20125.0,18954.0,19033.0,54857,400
1584921600,18435.5,18487.0,18212.5,18242.0,11793,600
1584936000,18244.0,18570.5,18212.5,18473.0,21748,600
1584950400,18475.5,18638.5,18220.5,18420.0,23288,400
1584964800,18421.5,19924.5,18411.5,19588.5,35740,400
1584979200,19588.5,19669.0,18219.0,18984.0,69290,400
1584993600,18984.0,19121.5,18268.0,18581.0,51511,400
1585008000,18759.5,19139.5,18728.0,18967.5,20764,600
1585022400,18968.0,19395.0,18954.5,19228.0,26553,600
1585036800,19228.5,19512.5,19076.5,19436.0,29010,400
1585051200,19435.0,19545.0,19330.0,19542.0,11673,400
1585065600,19665.0,20435.5,19629.0,20204.0,52595,400
1585080000,20204.0,20836.0,19876.0,20784.5,52377,400
1585094400,20807.5,21065.5,20479.5,20576.5,19666,600
1585108800,20576.0,20837.0,20408.0,20759.0,20345,600
1585123200,20759.5,21415.5,20439.0,21380.0,30441,400
1585137600,21379.5,21561.5,20487.5,20904.5,37727,400
1585152000,20903.0,21778.5,20537.0,21615.5,66905,400
1585166400,21617.0,22016.0,21085.5,21171.5,53159,400
1585180800,21217.0,21484.0,21105.0,21278.0,16414,600
1585195200,21276.0,21279.0,20906.0,21086.5,26812,600
1585209600,21087.5,21164.0,20749.5,20890.5,22807,400
1585224000,20891.0,21202.0,20646.0,21141.5,32293,400
1585238400,21140.5,22407.0,21067.0,22304.5,65308,400
1585252800,22304.5,22590.0,21951.5,22587.0,47940,400
1585267200,22645.0,22661.5,22308.0,22322.5,13717,600
1585281600,22322.5,22344.5,22106.5,22129.5,19018,600
1585296000,22129.5,22459.5,22021.0,22115.0,25998,400
1585310400,22115.0,22197.5,21745.5,21770.5,35098,400
1585324800,21771.0,21964.0,21460.0,21880.0,63862,400
1585339200,21880.5,22325.0,21519.0,21543.5,50954,400
1585526400,21088.0,21420.5,21026.5,21303.0,18650,600
1585540800,21303.5,21746.5,21217.0,21699.0,16178,600
1585555200,21701.5,21966.0,21301.0,21509.5,31283,400
1585569600,21509.5,21822.5,21396.5,21821.0,22309,400
1585584000,21821.0,22177.0,21512.5,22163.5,54176,400
1585598400,22163.5,22380.5,21928.5,22328.5,40421,400
1585612800,22328.0,22417.5,22279.5,22356.0,7918,600
1585627200,22356.5,22486.0,22140.0,22209.0,12344,600
1585641600,22209.5,22530.0,22144.5,22475.5,25016,400
1585656000,22475.5,22519.0,22011.5,22174.0,27993,400
1585670400,22174.0,22478.5,22023.5,22136.5,51575,400
1585684800,22137.0,22255.0,21793.5,21861.0,44229,400
1585699200,21823.5,21835.5,21567.0,21701.0,9976,600
1585713600,21701.0,21703.5,21454.5,21531.5,12155,600
1585728000,21531.5,21553.0,21110.0,21258.5,31355,400
1585742400,21257.0,21365.0,21001.0,21136.0,21864,400
1585756800,21137.0,21487.5,20959.0,21000.0,49336,400
1585771200,21000.0,21213.5,20788.0,20934.5,37436,400
1585785600,20972.0,21119.5,20947.0,21059.0,9941,600
1585800000,21061.0,21231.5,20952.5,21139.0,14886,600
1585814400,21139.0,21340.5,21032.5,21266.0,19520,400
1585828800,21266.0,21309.5,20856.5,20931.5,21945,400
1585843200,20931.5,21485.5,20635.0,21293.5,56146,400
1585857600,21294.0,21498.5,20853.0,21403.5,42447,400
1585872000,21398.5,21479.0,21190.5,21235.5,9850,600
1585886400,21235.5,21297.5,21086.0,21117.0,10972,600
1585900800,21117.0,21253.5,21037.0,21143.0,18462,400
1585915200,21143.0,21457.5,21055.0,21301.0,22924,400
1585929600,21301.5,21450.5,20937.5,21020.5,50740,400
1585944000,21020.0,21168.0,20872.0,21073.0,37462,400
1586131200,21386.5,21776.0,21261.5,21660.0,16339,600
1586145600,21660.5,21835.5,21552.0,21791.0,20126,600
1586160000,21791.0,21962.5,21758.0,21880.0,24429,400
1586174400,21880.0,21945.5,21760.5,21874.5,18653,400
1586188800,21874.5,22278.5,21809.5,22265.5,36157,400
1586203200,22266.0,22787.5,22203.5,22628.5,30865,400
1586217600,22585.5,22822.0,22511.0,22697.0,13430,600
1586232000,22697.5,22737.5,22422.5,22598.5,20635,600
1586246400,22599.0,23338.0,22564.0,23205.5,31885,400
1586260800,23205.5,23574.5,23203.5,23473.5,28058,400
1586275200,23474.0,23595.5,22948.0,23371.0,57740,400
1586289600,23372.0,23419.5,22531.5,22559.0,48794,400
1586304000,22584.5,22756.5,22370.5,22424.5,15091,600
1586318400,22424.5,22777.5,22396.5,22764.0,22065,600
1586332800,22764.0,22959.5,22491.5,22607.5,27390,200
1586347200,22607.5,22922.5,22549.0,22854.0,19293,200
1586361600,22853.0,23295.0,22680.5,23216.5,53601,200
1586376000,23218.5,23512.0,23060.0,23420.5,40400,200
1586390400,23396.0,23541.0,23347.0,23468.5,10364,300
1586404800,23469.0,23498.0,23282.0,23466.0,16438,300
1586419200,23466.0,23716.0,23378.5,23415.0,23030,200
1586433600,23414.5,23730.0,23147.5,23707.0,35613,200
1586448000,23707.0,23992.5,23665.5,23956.0,60541,0
1586462400,23955.5,24006.5,23496.5,23788.5,39975,200
1586736000,23890.5,23947.5,23227.0,23362.5,16374,300
1586750400,23362.5,23540.0,23339.5,23420.5,11836,300
1586764800,23420.5,23504.5,23357.0,23430.0,10948,200
1586779200,23430.5,23700.5,23396.5,23653.5,14967,200
1586793600,23654.0,23727.0,23089.0,23231.0,46047,200
1586808000,23231.0,23512.0,23161.5,23430.0,31058,200
1586822400,23452.5,23522.5,23370.0,23452.0,8810,300
1586836800,23452.0,23838.0,23438.5,23833.5,16779,300
1586851200,23833.5,23856.5,23656.5,23680.0,19817,200
1586865600,23680.0,23826.0,23655.0,23799.5,15664,200
1586880000,23799.5,24036.0,23680.0,23914.5,44188,200
1586894400,23914.5,24034.0,23822.5,24034.0,27864,200
1586908800,24051.0,24052.0,23858.0,23898.0,9289,300
1586923200,23898.5,23928.0,23823.5,23899.5,12798,300
1586937600,23899.0,23927.5,23563.5,23606.0,23389,200
1586952000,23606.0,23696.0,23381.0,23384.0,25767,200
1586966400,23383.0,23492.5,23225.0,23418.0,46032,200
1586980800,23418.5,23646.0,23402.5,23457.0,31651,200
1586995200,23465.0,23498.0,23286.5,23352.5,8742,300
1587009600,23352.0,23456.5,23315.0,23442.0,11549,300
1587024000,23442.0,23786.5,23388.5,23637.0,25712,200
1587038400,23637.0,23702.5,23472.0,23598.0,24079,200
1587052800,23598.5,23646.0,23208.0,23307.5,46543,200
1587067200,23308.0,23893.0,23291.5,23882.5,35253,200
1587081600,24214.0,24444.5,24159.0,24343.5,16987,300
1587096000,24343.5,24427.5,24304.5,24355.0,14843,300
1587110400,24355.0,24424.5,24125.5,24167.0,23320,200
1587124800,24167.0,24348.5,24134.5,24225.0,21623,200
1587139200,24225.0,24250.5,23824.5,23997.5,43473,200
1587153600,23996.0,24290.5,23868.0,24263.5,26128,200
1587340800,24181.5,24321.0,24022.0,24266.5,12910,300
1587355200,24265.5,24284.0,24098.0,24242.5,17439,300
1587369600,24242.5,24247.5,24021.0,24068.0,22178,200
1587384000,24068.0,24094.5,23722.0,23774.0,21938,200
1587398400,23774.0,24107.5,23732.5,23995.0,36480,200
1587412800,23995.5,23998.5,23562.0,23631.5,33895,200
1587427200,23588.0,23771.0,23583.5,23709.0,11683,300
1587441600,23709.5,23800.0,23255.5,23418.0,23690,300
1587456000,23418.0,23551.5,23341.5,23395.0,23483,200
1587470400,23395.5,23450.0,23004.5,23024.0,33112,200
1587484800,23024.0,23327.0,22941.0,23073.0,48386,200
1587499200,23073.0,23237.5,22998.5,23067.0,35250,200
1587513600,23108.5,23202.5,22941.5,23078.5,13513,300
1587528000,23079.0,23131.5,23010.5,23043.5,22704,300
1587542400,23043.5,23381.0,23040.5,23370.5,26869,200
1587556800,23370.5,23462.0,23246.0,23446.0,20044,200
1587571200,23445.5,23503.5,23337.5,23434.0,35986,200
1587585600,23434.5,23622.0,23400.5,23487.5,21563,200
1587600000,23493.0,23499.5,23349.5,23421.5,11916,300
1587614400,23421.5,23507.5,23348.5,23444.0,17138,300
1587628800,23444.0,23607.0,23367.5,23413.5,24578,200
1587643200,23413.5,23567.5,23373.5,23553.0,17723,200
1587657600,23553.0,23884.5,23477.5,23647.0,36210,200
1587672000,23647.5,23741.0,23438.0,23473.5,34893,200
1587686400,23419.0,23487.5,23293.0,23330.0,13247,300
1587700800,23330.5,23400.0,23266.5,23353.0,13495,300
1587715200,23353.0,23473.5,23278.5,23413.0,20988,200
1587729600,23413.0,23687.0,23410.5,23630.5,16744,200
1587744000,23630.5,23715.5,23415.0,23545.0,33692,200
1587758400,23544.5,23825.5,23498.0,23758.5,22112,200
1587945600,23819.5,23861.0,23648.0,23782.0,10903,300
1587960000,23782.0,24053.0,23730.0,24042.5,10497,300
1587974400,24042.5,24091.0,23905.0,23989.0,16049,200
1587988800,23989.0,24053.5,23953.0,23976.0,11332,200
1588003200,23976.0,24093.0,23840.5,24071.5,29847,200
1588017600,24071.5,24210.0,24000.0,24114.5,18747,200
1588032000,24102.0,24170.0,24075.5,24151.5,6975,300
1588046400,24151.5,24151.5,23990.5,24049.0,12813,300
1588060800,24049.0,24265.5,24030.5,24215.0,16474,200
1588075200,24215.0,24536.0,24207.0,24529.5,18053,200
1588089600,24529.5,24548.0,24030.5,24197.5,40524,200
1588104000,24198.0,24260.0,24072.0,24114.0,26993,200
1588118400,24131.5,24241.5,24080.5,24224.0,8010,300
1588132800,24224.0,24423.5,24219.5,24400.0,15287,300
1588147200,24398.5,24411.5,24250.0,24352.0,18867,200
1588161600,24352.0,24635.5,24253.0,24620.0,17764,200
1588176000,24618.0,24735.5,24449.0,24707.0,33481,200
1588190400,24707.0,24794.0,24574.0,24790.0,27310,200
1588204800,24770.5,24784.5,24603.5,24658.0,9133,300
1588219200,24658.0,24902.5,24632.0,24868.5,12883,300
1588233600,24868.0,24877.0,24668.0,24701.0,21973,200
1588248000,24701.0,24793.5,24404.5,24405.0,21536,200
1588262400,24405.0,24512.5,24186.0,24305.5,44047,200
1588276800,24306.0,24409.5,24200.5,24242.5,28314,200
1588291200,24135.5,24175.0,23975.0,24163.5,11303,300
1588305600,24163.5,24188.5,24004.0,24067.5,12296,300
1588320000,24067.5,24077.0,23811.5,23924.0,15849,200
1588334400,23924.0,23942.0,23825.5,23902.0,14534,200
1588348800,23902.0,24029.5,23692.5,23749.5,37157,200
1588363200,23749.5,23808.0,23642.0,23697.0,23807,200
1588550400,23435.5,23509.5,23322.0,23353.5,11698,300
1588564800,23353.5,23607.0,23353.5,23524.5,11888,300
1588579200,23524.5,23637.5,23463.0,23476.5,22142,200
1588593600,23476.0,23555.5,23369.5,23492.5,17528,200
1588608000,23491.0,23601.5,23362.5,23512.5,33871,200
1588622400,23513.0,23769.0,23446.5,23709.5,18271,200
1588636800,23694.0,23824.5,23688.0,23823.0,5414,300
1588651200,23823.5,23937.5,23817.0,23920.5,8675,300
1588665600,23920.0,24047.5,23777.5,23782.5,19780,200
1588680000,23782.5,24012.0,23770.5,23981.5,19991,200
1588694400,23981.5,24169.5,23947.5,24082.0,26314,200
1588708800,24082.0,24140.5,23829.0,23873.5,22082,200
1588723200,23835.0,23951.0,23748.0,23778.5,7666,300
1588737600,23778.5,23916.0,23751.0,23887.5,13533,300
1588752000,23887.5,24091.5,23883.0,24030.5,18031,200
1588766400,24031.0,24104.5,23927.5,23991.5,14163,200
1588780800,23992.0,24050.5,23768.0,23884.0,35076,200
1588795200,23884.0,23927.0,23611.0,23634.0,24862,200
1588809600,23622.0,23685.0,23524.0,23661.5,9600,300
1588824000,23661.5,23776.5,23632.5,23756.5,12456,300
1588838400,23756.5,23927.0,23705.5,23868.0,15274,200
1588852800,23868.0,23967.5,23860.0,23927.0,13290,200
1588867200,23927.0,24091.5,23872.0,24025.5,30067,200
1588881600,24025.5,24054.0,23829.5,23970.0,21821,200
1588896000,23957.0,24159.0,23938.0,24143.0,8084,300
1588910400,24143.0,24239.5,24120.5,24215.5,11411,300
1588924800,24216.0,24287.5,24104.5,24159.0,11727,200
1588939200,24159.0,24235.5,24099.0,24187.5,12513,200
1588953600,24187.0,24264.0,24104.0,24245.5,24305,200
1588968000,24245.0,24413.5,24152.5,24392.5,15378,200
1589155200,24283.5,24503.5,24282.0,24497.5,8889,300
1589169600,24497.5,24557.5,24467.0,24508.5,9117,300
1589184000,24508.0,24511.5,24350.0,24376.0,14448,200
1589198400,24376.0,24376.5,24063.0,24097.0,17887,200
1589212800,24097.5,24288.0,24068.0,24281.0,25660,200
1589227200,24280.0,24365.0,24173.0,24193.5,17928,200
1589241600,24210.0,24266.0,24044.5,24060.5,9102,300
1589256000,24060.5,24110.5,23966.5,24073.0,12417,300
1589270400,24072.0,24166.5,23996.0,24133.0,16318,200
1589284800,24133.0,24345.0,24100.0,24330.5,13580,200
1589299200,24330.5,24376.5,24189.5,24239.5,28396,200
1589313600,24239.0,24244.0,23554.5,23558.0,27050,200
1589328000,23525.0,23645.5,23463.5,23583.0,12966,300
1589342400,23583.0,23742.0,23527.0,23738.5,11454,300
1589356800,23738.5,23790.5,23627.5,23674.5,17765,200
1589371200,23674.5,23864.5,23656.0,23756.5,15101,200
1589385600,23757.0,23757.0,23159.5,23290.5,49669,200
1589400000,23290.5,23341.5,23066.5,23306.5,34837,200
1589414400,23344.5,23371.0,23196.0,23266.0,10527,300
1589428800,23266.0,23309.5,23148.0,23198.0,15653,300
1589443200,23198.0,23287.0,23103.0,23197.5,21075,200
1589457600,23196.5,23266.5,22886.5,22954.0,23124,200
1589472000,22954.0,23418.0,22784.5,23392.0,51438,200
1589486400,23392.0,23675.5,23298.5,23625.0,34295,200
1589500800,23605.0,23728.5,23580.0,23639.5,7896,300
1589515200,23639.5,23673.5,23510.0,23653.5,16394,300
1589529600,23653.5,23757.5,23590.5,23701.0,18183,200
1589544000,23701.0,23734.5,23327.0,23412.5,26792,200
1589558400,23412.5,23649.0,23343.0,23526.5,43263,200
1589572800,23526.5,23727.5,23521.5,23656.5,29096,200
1589760000,23646.5,23819.5,23613.5,23786.0,10589,300
1589774400,23786.0,23908.5,23775.0,23874.5,9919,300
1589788800,23874.5,24009.5,23826.5,23969.5,15225,200
1589803200,23969.5,24390.5,23909.0,24381.5,17026,200
1589817600,24380.5,24555.5,24312.5,24513.5,33007,200
1589832000,24513.5,24707.0,24508.0,24554.0,19954,200
1589846400,24543.0,24649.0,24539.0,24584.0,9149,300
1589860800,24584.0,24627.0,24481.0,24620.5,13408,300
1589875200,24619.0,24835.0,24457.5,24556.0,24698,200
1589889600,24553.5,24614.5,24429.5,24563.5,21466,200
1589904000,24563.5,24593.0,24377.0,24512.0,34468,200
1589918400,24512.0,24591.0,24195.0,24217.0,25123,200
1589932800,24193.0,24345.5,24146.0,24331.0,8049,300
1589947200,24331.0,24436.5,24330.5,24407.5,8678,300
1589961600,24408.0,24485.5,24292.5,24451.5,16980,200
1589976000,24451.5,24553.5,24438.5,24511.0,14627,200
1589990400,24511.5,24652.0,24471.5,24555.5,27981,200
1590004800,24556.0,24622.5,24464.5,24611.5,24002,200
1590019200,24599.5,24617.0,24495.0,24536.0,6418,300
1590033600,24536.5,24536.5,24393.0,24460.5,10744,300
1590048000,24460.5,24484.0,24359.5,24444.5,13725,200
1590062400,24444.5,24545.5,24378.5,24511.0,14772,200
1590076800,24511.0,24717.5,24369.0,24473.0,35906,200
1590091200,24473.5,24545.5,24421.5,24435.0,23199,200
1590105600,24427.0,24556.0,24406.0,24514.0,6401,300
1590120000,24514.0,24530.0,24249.5,24271.0,15727,300
1590134400,24271.0,24308.0,24154.5,24297.5,20332,200
1590148800,24297.5,24495.0,24273.0,24452.5,16141,200
1590163200,24452.5,24494.5,24290.0,24375.0,29794,200
1590177600,24375.0,24522.5,24361.0,24510.5,15523,200
1590364800,24478.0,24614.0,24471.0,24548.5,7649,300
1590379200,24548.5,24585.0,24483.5,24572.0,10682,300
1590393600,24572.0,24746.0,24542.0,24722.0,12047,200
1590408000,24722.0,24744.0,24673.5,24734.0,10014,200
1590422400,24734.5,24787.5,24715.0,24754.5,6593,200
1590451200,24754.5,24761.0,24676.5,24743.0,5800,200
1590465600,24743.0,25001.5,24736.5,24947.5,9163,300
1590480000,24947.5,25017.5,24916.5,25001.5,15351,200
1590494400,25001.5,25057.0,24943.5,25055.0,12493,200
1590508800,25055.0,25148.5,24998.0,25117.5,28307,200
1590523200,25117.5,25174.5,24958.0,25060.5,18620,200
1590537600,25030.0,25060.5,24962.5,25047.5,7571,300
1590552000,25047.5,25260.5,25047.5,25223.5,12992,300
1590566400,25223.5,25327.0,25125.5,25314.5,15231,200
1590580800,25315.0,25444.5,25305.0,25352.0,16383,200
1590595200,25352.0,25408.0,25008.5,25250.0,40913,200
1590609600,25250.0,25623.5,25187.0,25585.0,21713,200
1590624000,25594.0,25793.0,25569.5,25769.0,8167,300
1590638400,25769.0,25825.5,25615.5,25694.5,12926,300
1590652800,25694.5,25839.5,25642.5,25693.0,21284,200
1590667200,25693.0,25812.0,25611.5,25787.5,20402,200
1590681600,25786.5,25833.5,25521.5,25721.5,35635,200
1590696000,25721.5,25758.5,25356.5,25505.0,25142,200
1590710400,25467.0,25489.0,25256.5,25272.5,10723,300
1590724800,25272.5,25423.5,25234.5,25398.0,15602,300
1590739200,25398.5,25435.5,25264.0,25309.0,21440,200
1590753600,25308.5,25422.0,25280.0,25302.0,16505,200
1590768000,25302.0,25363.0,25053.0,25205.0,37874,200
1590782400,25204.5,25528.5,25073.0,25517.0,35541,200
1590969600,25232.0,25417.0,25125.5,25369.5,13352,300
1590984000,25370.0,25493.5,25327.5,25414.0,14139,300
1590998400,25414.0,25545.0,25240.0,25357.0,19961,200
1591012800,25358.0,25475.5,25303.0,25369.0,16042,200
1591027200,25369.0,25476.0,25219.0,25448.5,28735,200
1591041600,25448.5,25507.5,25429.5,25486.5,14675,200
1591056000,25485.5,25495.5,25321.0,25411.5,8567,300
1591070400,25411.5,25425.5,25336.0,25390.5,9796,300
1591084800,25390.0,25636.5,25390.0,25611.0,14253,200
1591099200,25611.0,25691.0,25587.5,25609.0,11643,200
1591113600,25609.0,25714.0,25526.0,25628.0,27096,200
1591128000,25628.0,25748.5,25566.5,25735.5,16519,200
1591142400,25733.5,25855.5,25699.0,25844.0,7008,300
1591156800,25844.0,25882.0,25780.5,25840.5,11469,300
1591171200,25840.5,25905.5,25819.5,25876.5,13639,200
1591185600,25877.0,25997.0,25854.5,25971.0,12463,200
1591200000,25971.0,26201.0,25913.5,26120.0,26468,200
1591214400,26120.0,26337.0,26116.0,26275.0,17586,200
1591228800,26263.5,26360.5,26220.0,26262.5,7938,300
1591243200,26262.5,26286.0,26159.0,26229.5,12538,300
1591257600,26229.5,26264.0,26144.0,26162.0,13529,200
1591272000,26162.0,26273.0,26073.5,26141.5,14752,200
1591286400,26140.5,26383.5,26131.0,26169.5,34670,200
1591300800,26169.5,26327.0,26077.0,26304.5,23756,200
1591315200,26299.5,26332.0,26228.0,26284.0,6772,300
1591329600,26284.0,26452.0,26261.5,26433.5,11370,300
1591344000,26433.5,26661.0,26417.0,26600.5,15930,200
1591358400,26601.0,26955.0,26518.5,26904.5,16431,200
1591372800,26905.0,27338.5,26892.5,27225.5,42745,200
1591387200,27225.0,27276.0,27019.0,27071.5,27221,200
1591574400,27101.0,27308.0,27092.5,27164.5,9416,300
1591588800,27164.5,27174.5,27068.0,27158.5,14124,300
1591603200,27158.5,27267.5,27043.5,27259.5,16270,200
1591617600,27259.5,27363.0,27201.5,27305.5,16553,200
1591632000,27305.5,27425.5,27250.5,27345.5,31526,200
1591646400,27345.5,27576.0,27340.5,27542.5,16244,200
1591660800,27566.0,27608.0,27512.5,27538.5,7198,300
1591675200,27538.0,27573.5,27477.5,27524.5,10715,300
1591689600,27523.5,27631.0,27136.0,27200.0,19098,200
1591704000,27200.0,27334.0,27172.0,27220.0,19212,200
1591718400,27216.0,27442.0,27153.5,27380.5,33737,200
1591732800,27380.5,27418.5,27240.0,27269.0,19743,200
1591747200,27269.5,27409.5,27267.0,27401.0,6582,300
1591761600,27401.0,27493.5,27378.0,27423.0,10395,300
1591776000,27423.5,27460.5,27308.5,27316.5,14947,200
1591790400,27316.5,27333.0,27108.0,27315.0,20424,200
1591804800,27315.0,27339.0,26936.5,27134.5,38389,200
1591819200,27135.0,27353.0,26906.0,26950.0,37025,200
1591833600,26952.0,27002.0,26724.5,26813.5,13557,300
1591848000,26813.5,26886.5,26570.5,26608.0,16708,300
1591862400,26607.5,26622.0,26316.5,26355.5,27883,200
1591876800,26356.0,26514.0,26053.0,26077.5,25815,200
1591891200,26077.5,26286.5,25423.5,25494.0,55064,200
1591905600,25491.0,25634.0,25079.0,25227.0,49389,200
1591920000,25220.0,25413.5,25132.5,25313.0,14699,300
1591934400,25311.5,25541.0,25214.0,25522.5,16812,300
1591948800,25523.0,25772.5,25319.0,25737.5,24342,200
1591963200,25737.5,25818.0,25555.5,25728.0,20402,200
1591977600,25728.0,25958.5,25180.0,25497.0,54551,200
1591992000,25498.5,25653.5,25076.5,25557.5,39105,200
1592179200,25220.5,25317.0,25090.0,25159.0,13809,300
1592193600,25159.0,25249.0,25031.0,25038.5,10814,300
1592208000,25038.5,25042.5,24560.5,25003.0,30725,200
1592222400,25003.0,25139.0,24870.5,24970.0,21071,200
1592236800,24970.0,25558.5,24838.5,25554.5,47883,200
1592251200,25552.5,25893.5,25487.0,25858.5,30760,200
1592265600,25863.5,26101.0,25819.5,26023.5,10596,300
1592280000,26023.5,26353.5,26017.5,26278.0,14754,300
1592294400,26278.0,26370.5,26035.0,26226.5,23491,200
1592308800,26226.5,26791.5,26189.0,26732.5,14543,200
1592323200,26732.5,26750.0,25803.0,26356.5,54579,200
1592337600,26356.5,26428.5,26103.5,26312.5,34304,200
1592352000,26262.5,26412.0,26131.0,26334.5,11000,300
1592366400,26334.5,26375.5,26077.5,26263.0,14862,300
1592380800,26263.0,26631.5,26158.0,26563.0,23372,200
1592395200,26563.0,26571.5,26312.5,26391.0,16829,200
1592409600,26390.0,26425.0,26131.0,26300.5,41269,200
1592424000,26301.0,26384.5,26068.5,26168.0,25835,200
1592438400,26116.0,26183.0,25907.5,25965.5,13265,300
1592452800,25965.5,26027.5,25754.5,26012.0,21154,300
1592467200,26012.0,26279.5,25919.5,26234.0,24781,200
1592481600,26234.0,26283.5,25846.0,25954.5,23961,200
1592496000,25953.5,26155.5,25843.0,26049.5,40284,200
1592510400,26049.5,26103.5,25921.5,26059.5,23552,200
1592524800,26027.5,26210.5,26002.5,26056.5,8839,300
1592539200,26056.5,26115.5,25986.5,26040.5,14219,300
1592553600,26040.5,26261.0,26031.5,26216.0,16383,200
1592568000,26216.0,26406.0,26196.0,26383.0,15110,200
1592582400,26383.5,26445.5,25826.5,26044.0,39654,200
1592596800,26044.0,26058.0,25636.0,25639.5,39021,200
1592784000,25519.5,25651.5,25361.5,25621.5,17696,300
1592798400,25621.5,25869.0,25619.5,25765.0,14493,300
1592812800,25763.0,25945.0,25644.0,25920.5,18880,200
1592827200,25920.5,25986.5,25745.5,25824.5,15219,200
1592841600,25822.5,26023.0,25665.5,25996.0,32342,200
1592856000,25996.5,26110.5,25907.5,26078.5,21602,200
1592870400,26079.5,26231.0,26057.0,26161.0,7558,300
1592884800,26161.0,26174.5,25644.0,26090.0,31474,300
1592899200,26090.5,26312.0,25964.0,26238.0,20609,200
1592913600,26238.0,26421.0,26218.0,26357.5,12257,200
1592928000,26357.5,26375.0,26101.5,26247.0,31290,200
1592942400,26246.5,26304.0,26090.0,26097.5,22182,200
1592956800,26109.0,26217.0,26053.5,26189.5,8093,300
1592971200,26189.5,26249.5,26056.0,26209.5,12580,300
1592985600,26209.5,26218.0,25836.5,25958.5,16480,200
1593000000,25958.5,25997.0,25805.0,25989.0,14105,200
1593014400,25989.0,26007.0,25291.0,25562.5,47584,200
1593028800,25560.5,25617.0,25345.5,25530.0,36363,200
1593043200,25500.5,25591.0,25397.5,25566.5,13582,300
1593057600,25566.5,25597.5,25279.0,25355.5,18965,300
1593072000,25355.5,25503.0,25135.5,25468.5,24734,200
1593086400,25469.0,25548.5,25216.5,25285.5,22419,200
1593100800,25283.0,25588.0,25206.0,25510.5,46930,200
1593115200,25510.0,25790.5,25391.0,25707.5,28130,200
1593129600,25680.0,25748.5,25578.5,25690.5,9882,300
1593144000,25691.0,25782.0,25613.5,25726.5,10222,300
1593158400,25727.0,25768.5,25466.5,25568.5,15125,200
1593172800,25568.0,25750.5,25511.0,25541.0,15621,200
1593187200,25541.0,25602.5,25049.0,25181.5,47854,200
1593201600,25181.0,25242.5,24970.0,25030.5,33002,200
1593388800,24947.0,25074.5,24877.5,25063.5,10964,300
1593403200,25063.5,25207.0,24974.5,24991.0,18534,300
1593417600,24990.5,25186.5,24969.0,25156.5,24471,200
1593432000,25156.0,25319.0,25095.5,25195.5,16416,200
1593446400,25197.0,25500.5,25093.5,25447.0,37090,200
1593460800,25447.5,25673.0,25416.0,25626.0,20893,200
1593475200,25608.0,25735.5,25596.5,25616.0,7288,300
1593489600,25616.0,25707.0,25606.5,25688.5,10000,300
1593504000,25687.5,25719.0,25442.0,25472.5,20720,200
1593518400,25472.5,25682.0,25432.5,25528.5,14433,200
1593532800,25528.5,25703.5,25468.5,25552.5,33332,200
1593547200,25552.5,25902.0,25506.5,25781.0,23373,200
1593561600,25782.5,25812.0,25708.5,25753.5,6169,300
1593576000,25753.5,25787.0,25697.5,25718.5,6530,300
1593590400,25718.5,25815.0,25638.0,25774.5,9709,200
1593604800,25775.0,25848.5,25511.5,25834.5,19076,200
1593619200,25833.5,26022.0,25709.5,25827.0,37193,200
1593633600,25827.0,25854.0,25677.0,25680.0,20351,200
1593648000,25683.5,25742.5,25650.5,25669.0,6151,300
1593662400,25668.5,25783.0,25637.0,25726.5,11596,300
1593676800,25726.5,26000.0,25684.5,25935.0,16277,200
1593691200,25935.0,26156.5,25889.0,26145.0,13474,200
1593705600,26145.0,26206.5,25829.0,25988.5,35173,200
1593720000,25988.5,26041.5,25774.0,25850.0,20338,200
1593734400,25836.5,25906.0,25831.5,25882.0,6131,300
1593748800,25882.0,25909.5,25814.5,25838.0,10657,300
1593763200,25838.0,26000.0,25796.0,25891.0,13770,200
1593777600,25891.0,25899.0,25751.5,25768.0,10256,200
1593792000,25768.0,25837.0,25563.5,25756.0,11459,200
1593993600,25821.0,26003.5,25813.0,26002.0,6989,300
1594008000,26002.0,26272.5,26002.0,26238.0,12845,300
1594022400,26238.0,26319.0,26184.5,26227.0,18346,200
1594036800,26227.0,26308.0,26157.5,26275.5,10944,200
1594051200,26275.5,26306.0,26081.5,26174.5,25378,200
1594065600,26174.5,26316.5,26143.5,26279.5,19725,200
1594080000,26280.0,26404.0,26253.0,26384.5,6512,300
1594094400,26384.5,26399.0,26155.5,26214.0,15617,300
1594108800,26214.0,26238.5,26021.0,26039.5,15142,200
1594123200,26038.5,26117.5,25965.0,26083.5,13656,200
1594137600,26082.5,26172.5,26044.0,26085.0,24350,200
1594152000,26085.0,26126.0,25866.0,25901.0,20505,200
1594166400,25908.0,25988.0,25893.5,25962.0,6108,300
1594180800,25962.0,26028.5,25849.5,25868.5,10155,300
1594195200,25868.5,26017.0,25786.0,25929.5,17355,200
1594209600,25930.0,25964.0,25794.0,25913.5,14009,200
1594224000,25913.5,26109.0,25816.5,25944.5,31232,200
1594238400,25944.5,26124.0,25824.0,26113.5,22634,200
1594252800,26132.5,26148.0,26076.0,26102.0,5058,300
1594267200,26102.0,26122.5,26028.5,26092.0,8827,300
1594281600,26092.0,26092.0,25977.5,26046.0,14077,200
1594296000,26046.0,26108.5,25987.5,26088.5,10875,200
1594310400,26088.5,26102.5,25519.5,25714.5,41646,200
1594324800,25714.5,25813.0,25612.5,25701.5,24365,200
1594339200,25709.0,25821.5,25674.0,25709.5,6197,300
1594353600,25708.5,25741.5,25564.5,25571.5,12490,300
1594368000,25571.5,25641.5,25416.5,25544.5,20315,200
1594382400,25545.0,25702.5,25486.0,25639.5,16312,200
1594396800,25639.0,25962.0,25633.5,25927.0,36642,200
1594411200,25926.0,26124.0,25879.5,26104.0,17395,200
1594598400,26236.5,26294.0,26139.0,26215.0,9993,300
1594612800,26215.5,26273.0,26176.0,26243.5,9623,300
1594627200,26243.5,26335.5,26146.0,26191.0,13856,200
1594641600,26191.0,26333.5,26178.0,26276.5,12962,200
1594656000,26276.5,26555.0,26226.5,26552.5,29693,200
1594670400,26552.5,26642.5,26034.0,26090.5,35407,200
1594684800,26141.5,26207.0,26111.0,26139.5,8317,300
1594699200,26139.5,26172.5,26052.0,26101.0,14009,300
1594713600,26101.0,26240.5,26039.5,26187.0,18360,200
1594728000,26187.0,26267.5,26064.5,26069.5,18314,200
1594742400,26069.5,26428.0,25993.5,26337.5,52135,200
1594756800,26337.5,26694.0,26275.5,26615.5,29139,200
1594771200,26813.0,26933.5,26795.0,26888.0,9239,300
1594785600,26888.0,26928.5,26851.5,26919.5,10080,300
1594800000,26920.0,26923.5,26791.0,26829.0,12525,200
1594814400,26829.0,27178.0,26795.5,27162.5,16276,200
1594828800,27162.5,27168.0,26687.5,26810.0,42703,200
1594843200,26810.0,26942.0,26699.5,26898.5,26283,200
1594857600,26925.5,26971.5,26790.0,26822.0,8711,300
1594872000,26822.0,26890.0,26729.0,26783.0,14684,300
1594886400,26782.0,26802.0,26636.0,26677.0,17578,200
1594900800,26676.5,26754.5,26620.5,26678.0,14122,200
1594915200,26677.5,26878.5,26651.5,26685.5,32864,200
1594929600,26683.0,26764.5,26585.0,26675.0,21002,200
1594944000,26683.0,26762.0,26664.0,26754.5,4753,300
1594958400,26754.5,26768.0,26687.5,26703.0,9574,300
1594972800,26703.0,26740.0,26637.5,26690.5,11903,200
1594987200,26691.0,26834.5,26657.0,26774.0,11008,200
1595001600,26774.0,26813.5,26616.5,26680.5,24068,200
1595016000,26680.5,26730.5,26623.5,26631.5,14667,200
1595203200,26669.0,26715.0,26621.0,26672.0,6014,300
1595217600,26672.0,26677.0,26474.5,26536.0,12441,300
1595232000,26536.5,26606.0,26441.0,26600.0,13874,200
1595246400,26600.0,26660.0,26563.5,26646.0,12541,200
1595260800,26646.0,26699.0,26503.5,26639.0,24089,200
1595275200,26639.0,26766.5,26616.0,26738.5,13448,200
1595289600,26732.5,26766.5,26701.5,26750.0,5229,300
1595304000,26750.0,26778.5,26707.5,26776.5,7959,300
1595318400,26776.5,26930.0,26764.5,26917.0,12687,200
1595332800,26917.0,26954.0,26889.0,26899.0,8536,200
1595347200,26897.5,27026.5,26843.0,26994.0,29941,200
1595361600,26993.0,26997.0,26762.0,26835.5,18016,200
1595376000,26829.5,26939.5,26827.5,26872.0,6182,300
1595390400,26872.0,26974.0,26846.5,26869.5,8432,300
1595404800,26869.0,26925.0,26676.0,26721.5,15840,200
1595419200,26721.5,26810.5,26638.0,26800.5,13955,200
1595433600,26800.5,26955.5,26753.5,26909.0,24614,200
1595448000,26908.5,27035.5,26825.5,26987.0,16061,200
1595462400,26984.5,27016.5,26929.5,26943.5,5498,300
1595476800,26943.5,27009.5,26924.5,26990.5,9325,300
1595491200,26990.5,27162.5,26973.0,27079.0,12532,200
1595505600,27079.0,27138.0,26942.0,26942.5,11134,200
1595520000,26942.5,26992.0,26827.0,26885.5,30606,200
1595534400,26885.5,26920.5,26556.0,26652.5,33490,200
1595548800,26667.5,26718.5,26631.5,26715.0,4221,300
1595563200,26715.0,26718.5,26504.0,26547.5,9944,300
1595577600,26546.5,26577.5,26398.5,26545.0,20896,200
1595592000,26545.5,26642.0,26519.5,26560.0,14309,200
1595606400,26560.0,26627.0,26463.0,26494.5,32261,200
1595620800,26494.0,26535.5,26400.5,26438.0,21328,200
1595808000,26469.0,26552.0,26339.0,26510.0,12220,300
1595822400,26510.0,26605.0,26492.5,26553.0,12131,300
1595836800,26553.0,26558.0,26451.5,26504.0,13747,200
1595851200,26504.5,26568.0,26472.5,26506.5,10980,200
1595865600,26505.5,26625.5,26428.0,26563.0,22150,200
1595880000,26563.0,26617.5,26481.0,26609.5,12179,200
1595894400,26629.0,26662.5,26589.0,26657.0,5028,300
1595908800,26657.0,26700.5,26566.0,26594.5,11176,300
1595923200,26594.5,26631.0,26555.5,26603.5,12592,200
1595937600,26603.5,26607.5,26409.5,26505.5,12816,200
1595952000,26505.5,26541.5,26379.5,26491.5,25221,200
1595966400,26491.5,26558.5,26360.0,26387.0,16353,200
1595980800,26404.5,26443.0,26380.5,26428.0,5934,300
1595995200,26428.0,26434.5,26293.0,26304.5,8828,300
1596009600,26304.5,26459.0,26292.0,26412.0,10493,200
1596024000,26412.0,26480.5,26374.0,26445.5,9644,200
1596038400,26445.0,26482.0,26374.0,26470.0,18359,200
1596052800,26470.0,26603.0,26444.0,26572.5,18323,200
1596067200,26568.0,26571.5,26493.0,26518.0,5447,300
1596081600,26518.0,26536.5,26483.0,26501.0,7721,300
1596096000,26501.5,26504.5,26259.5,26266.5,14635,200
1596110400,26266.5,26366.5,26206.0,26206.5,15757,200
1596124800,26206.5,26345.0,25981.5,26302.5,30829,200
1596139200,26302.5,26517.0,26262.5,26507.5,21344,200
1596153600,26543.0,26556.0,26385.0,26385.0,9350,300
1596168000,26385.0,26490.0,26335.0,26353.0,13312,300
1596182400,26353.5,26442.0,26281.5,26390.0,19144,200
1596196800,26390.5,26412.0,26314.5,26371.0,14168,200
1596211200,26371.5,26401.5,26009.5,26036.5,37375,200
1596225600,26036.5,26487.5,26024.0,26483.5,24969,200
1596412800,26463.0,26476.0,26357.5,26410.5,8207,300
1596427200,26410.5,26449.0,26336.5,26371.0,6491,300
1596441600,26371.0,26410.0,26307.5,26358.0,9720,200
1596456000,26358.0,26593.5,26351.0,26570.0,10619,200
1596470400,26570.0,26707.0,26529.0,26648.5,23864,200
1596484800,26648.5,26705.5,26617.5,26666.5,15163,200
1596499200,26661.5,26689.5,26637.5,26669.0,4315,300
1596513600,26669.5,26727.5,26658.5,26680.5,6572,300
1596528000,26681.0,26786.5,26573.0,26634.5,15878,200
1596542400,26634.5,26658.0,26548.5,26602.0,12693,200
1596556800,26601.0,26812.5,26589.0,26751.5,20912,200
1596571200,26751.0,26848.5,26671.0,26835.0,14594,200
1596585600,26845.0,26855.0,26788.0,26804.5,4347,300
1596600000,26804.5,26880.5,26773.0,26848.5,7042,300
1596614400,26848.0,27030.0,26842.5,27008.0,12296,200
1596628800,27008.0,27051.5,26950.0,27009.0,12190,200
1596643200,27009.0,27190.5,26982.0,27131.0,20495,200
1596657600,27131.0,27216.0,27102.5,27174.5,11944,200
1596672000,27149.5,27268.0,27148.0,27264.5,5097,300
1596686400,27264.5,27283.5,27163.5,27195.5,9912,300
1596700800,27195.5,27294.5,27174.0,27194.0,14794,200
1596715200,27194.5,27226.0,27031.0,27192.0,14178,200
1596729600,27191.0,27286.0,27145.0,27248.5,24950,200
1596744000,27248.5,27402.0,27218.5,27385.5,14365,200
1596758400,27363.5,27391.5,27317.5,27352.5,4882,300
1596772800,27352.5,27356.0,27217.5,27270.0,11534,300
1596787200,27270.0,27340.0,27238.0,27262.0,14734,200
1596801600,27262.0,27405.5,27195.0,27304.5,13020,200
1596816000,27304.5,27376.5,27219.5,27336.5,23948,200
1596830400,27336.5,27459.0,27255.5,27447.0,23301,200
1597017600,27415.5,27435.0,27350.0,27400.0,6007,300
1597032000,27400.0,27520.0,27384.0,27510.0,5978,300
1597046400,27510.0,27561.5,27459.5,27524.5,12473,200
1597060800,27524.5,27552.0,27492.5,27527.5,8264,200
1597075200,27527.5,27730.0,27495.5,27704.0,24353,200
1597089600,27704.0,27804.5,27674.0,27777.5,15717,200
1597104000,27766.0,27806.0,27730.0,27794.5,4970,300
1597118400,27794.5,27882.5,27780.0,27852.0,5538,300
1597132800,27852.0,28063.5,27843.0,28060.5,13307,200
1597147200,28060.0,28134.5,28011.5,28120.5,11774,200
1597161600,28120.5,28156.0,28022.0,28042.5,27591,200
1597176000,28042.5,28120.0,27620.5,27757.0,27435,200
1597190400,27764.5,27818.5,27696.0,27717.0,8050,300
1597204800,27717.0,27780.0,27694.5,27724.5,12355,300
1597219200,27724.5,27979.0,27703.5,27937.0,14694,200
1597233600,27937.0,27999.0,27907.0,27990.0,11044,200
1597248000,27990.0,28011.0,27856.5,27903.0,25783,200
1597262400,27903.0,28045.0,27844.5,27953.0,16921,200
1597276800,27922.5,28005.0,27912.5,27925.5,4685,300
1597291200,27925.5,27964.5,27898.5,27955.0,8696,300
1597305600,27954.5,27958.0,27883.0,27925.0,11641,200
1597320000,27925.0,27966.0,27892.5,27934.0,8641,200
1597334400,27934.0,27979.0,27854.5,27938.0,20287,200
1597348800,27938.0,27959.5,27782.5,27905.5,22184,200
1597363200,27908.5,27977.5,27902.0,27926.5,4353,300
1597377600,27926.5,27955.5,27907.0,27930.5,6449,300
1597392000,27930.5,27984.5,27676.0,27703.0,13583,200
1597406400,27702.0,27859.0,27681.0,27795.0,11979,200
1597420800,27795.0,27964.5,27751.0,27907.5,24087,200
1597435200,27907.5,27977.5,27826.0,27881.0,14051,200
1597622400,27916.0,27962.0,27903.5,27936.5,4145,300
1597636800,27936.5,28002.0,27924.0,27967.0,5378,300
1597651200,27967.0,27991.0,27879.0,27958.5,12478,200
1597665600,27958.5,27985.5,27912.0,27966.5,7774,200
1597680000,27967.0,27990.0,27813.0,27880.0,16415,200
1597694400,27880.0,27885.0,27826.0,27848.5,8664,200
1597708800,27833.5,27916.0,27823.0,27883.0,4199,300
1597723200,27882.5,27886.5,27798.5,27831.0,6120,300
1597737600,27831.0,27869.0,27723.5,27855.5,10904,200
1597752000,27855.5,27971.0,27848.0,27884.5,8770,200
1597766400,27884.5,27892.5,27663.5,27827.0,20668,200
1597780800,27827.0,27845.5,27745.0,27798.0,10780,200
1597795200,27799.0,27810.0,27763.0,27779.5,3672,300
1597809600,27779.5,27831.5,27775.5,27807.5,5396,300
1597824000,27807.5,27832.0,27732.0,27800.0,9604,200
1597838400,27800.0,27841.5,27780.5,27804.0,6591,200
1597852800,27803.0,27919.0,27786.0,27818.0,16143,200
1597867200,27818.0,27870.0,27647.5,27679.0,19204,200
1597881600,27687.5,27697.5,27610.5,27643.5,4165,300
1597896000,27643.5,27649.5,27459.5,27539.5,9696,300
1597910400,27539.5,27658.0,27508.0,27587.0,14608,200
1597924800,27586.5,27658.5,27551.0,27593.0,10954,200
1597939200,27593.0,27730.5,27535.0,27705.5,20429,200
1597953600,27705.5,27784.0,27683.0,27753.0,13297,200
1597968000,27753.5,27844.0,27750.0,27824.0,4105,300
1597982400,27824.5,27830.5,27760.0,27805.5,7628,300
1597996800,27805.5,27816.0,27693.0,27712.0,11671,200
1598011200,27712.0,27750.0,27527.5,27630.5,13350,200
1598025600,27630.5,27851.5,27602.0,27835.5,24204,200
1598040000,27835.5,27960.0,27824.5,27914.5,13138,200
1598227200,27954.5,27998.5,27932.5,27965.5,5719,300
1598241600,27965.5,28008.0,27951.0,27983.5,6048,300
1598256000,27983.5,28136.5,27982.0,28126.0,10495,200
1598270400,28126.0,28206.0,28116.0,28179.5,7749,200
1598284800,28179.5,28232.5,28039.5,28176.0,24223,200
1598299200,28176.0,28316.0,28139.0,28286.0,13954,200
1598313600,28291.5,28396.0,28272.5,28389.5,4766,300
1598328000,28389.5,28469.5,28384.5,28438.5,7138,300
1598342400,28438.5,28530.0,28404.5,28425.0,11103,200
1598356800,28425.0,28508.0,28396.0,28443.0,9346,200
1598371200,28442.0,28458.0,28093.5,28165.0,26113,200
1598385600,28165.0,28262.5,28146.5,28245.5,11596,200
1598400000,28246.5,28269.5,28214.5,28221.5,3752,300
1598414400,28221.5,28227.0,28175.5,28209.5,6169,300
1598428800,28208.5,28246.0,28147.0,28209.0,10481,200
1598443200,28209.0,28226.5,28169.5,28217.0,7825,200
1598457600,28217.0,28285.0,28150.5,28275.5,18043,200
1598472000,28275.0,28388.5,28249.5,28367.0,16823,200
1598486400,28359.0,28363.0,28305.5,28333.0,4367,300
1598500800,28333.5,28366.5,28279.5,28310.0,7251,300
1598515200,28310.5,28323.5,28264.0,28291.5,10080,200
1598529600,28291.5,28372.5,28233.0,28329.0,8640,200
1598544000,28329.0,28639.5,28297.0,28396.0,39019,200
1598558400,28396.5,28637.5,28376.0,28545.0,24346,200
1598572800,28545.5,28589.5,28519.5,28542.5,4581,300
1598587200,28542.5,28759.0,28533.5,28723.5,8709,300
1598601600,28723.0,28727.5,28513.0,28644.0,20053,200
1598616000,28644.0,28683.5,28574.0,28617.0,12770,200
1598630400,28617.0,28641.0,28485.5,28631.5,25884,200
1598644800,28632.0,28734.0,28561.5,28665.5,15305,200
1598832000,28684.5,28809.0,28684.5,28795.5,5638,300
1598846400,28795.5,28805.0,28763.0,28768.5,6745,300
1598860800,28768.5,28769.5,28695.0,28728.5,10646,200
1598875200,28728.5,28735.0,28624.0,28649.5,8882,200
1598889600,28649.5,28650.0,28358.0,28443.5,24077,200
1598904000,28443.5,28544.5,28381.0,28410.0,15748,200
1598918400,28398.0,28501.0,28334.5,28431.5,7598,300
1598932800,28431.5,28497.0,28414.5,28476.5,9654,300
1598947200,28476.5,28563.5,28416.5,28427.0,15054,200
1598961600,28427.0,28475.5,28376.0,28386.0,11138,200
1598976000,28386.0,28534.0,28283.5,28506.0,27803,200
1598990400,28506.0,28677.5,28486.5,28670.0,12629,200
1599004800,28637.5,28740.0,28636.0,28712.0,5205,300
1599019200,28712.0,28747.0,28658.0,28712.5,7556,300
1599033600,28712.5,28845.5,28703.5,28839.5,13541,200
1599048000,28840.0,28866.5,28762.0,28763.5,11065,200
1599062400,28763.0,28924.5,28722.5,28899.0,30361,200
1599076800,28899.0,29164.5,28889.0,29086.0,18079,200
1599091200,29083.5,29162.5,29053.0,29058.5,5698,300
1599105600,29058.5,29146.5,29033.0,29082.0,9966,300
1599120000,29082.0,29189.5,29019.5,29125.5,15062,200
1599134400,29125.5,29139.5,29038.0,29080.5,14230,200
1599148800,29080.5,29194.5,28284.5,28324.5,56141,200
1599163200,28324.5,28411.0,28070.0,28374.5,50402,200
1599177600,28316.0,28327.5,28127.5,28302.0,16188,300
1599192000,28302.0,28390.0,28238.0,28313.0,15149,300
1599206400,28314.0,28550.0,28197.5,28521.5,22093,200
1599220800,28520.5,28609.5,28346.0,28506.5,25066,200
1599235200,28507.0,28550.5,27660.5,27996.5,69818,200
1599249600,27996.5,28350.0,27858.5,28079.0,48608,200
1599436800,28151.0,28205.5,27903.5,28162.5,14362,300
1599451200,28163.0,28210.0,28062.0,28095.5,14914,300
1599465600,28095.5,28167.5,27986.5,28093.0,24769,200
1599480000,28093.0,28227.5,28062.0,28204.0,14236,200
1599494400,28201.0,28355.0,28173.0,28314.0,14638,200
1599523200,28314.0,28379.0,28290.5,28308.0,9045,200
1599537600,28308.5,28342.5,28236.5,28294.5,12369,300
1599552000,28294.5,28421.5,28067.0,28096.0,21526,200
1599566400,28096.0,28149.5,27810.0,27875.0,30207,200
1599580800,27873.0,27891.0,27493.0,27744.0,60568,200
1599595200,27744.0,27838.0,27463.5,27564.5,37428,200
1599609600,27365.5,27514.5,27197.5,27494.5,13540,300
1599624000,27494.5,27581.5,27426.0,27564.5,14105,300
1599638400,27564.5,27773.5,27374.5,27645.0,23240,200
1599652800,27644.5,27770.0,27598.5,27730.5,20361,200
1599667200,27731.0,28086.0,27694.5,28060.5,35420,200
1599681600,28060.5,28206.5,27886.0,27959.0,24668,200
1599696000,27973.5,28074.0,27928.0,27956.5,8735,300
1599710400,27957.5,27966.0,27846.5,27929.0,13754,300
1599724800,27929.0,28047.0,27791.0,27850.0,20019,200
1599739200,27850.0,28035.5,27796.0,27983.5,20019,200
1599753600,27983.5,28171.5,27734.5,27806.0,47160,200
1599768000,27806.5,27898.0,27444.0,27567.5,41358,200
1599782400,27597.0,27686.0,27573.0,27669.0,7292,300
1599796800,27668.5,27733.5,27656.0,27713.0,6071,300
1599811200,27713.0,27782.5,27650.0,27703.5,11706,200
1599825600,27703.0,27774.0,27595.0,27629.0,12507,200
1599840000,27629.0,27830.0,27565.0,27595.0,40907,200
1599854400,27595.0,27771.0,27445.0,27645.0,31986,200
1600041600,27723.0,27820.5,27711.0,27807.0,4141,300
1600056000,27807.0,27927.0,27799.0,27878.0,4608,300
1600070400,27878.0,27979.5,27861.5,27873.5,10008,200
1600084800,27873.5,27900.0,27793.0,27841.5,10361,200
1600099200,27841.5,28065.5,27802.5,28055.5,20536,200
1600113600,28055.0,28083.0,27902.0,27962.5,20293,200
1600128000,27976.0,28030.5,27941.5,27975.5,3857,300
1600142400,27975.5,28072.0,27953.5,28072.0,4822,300
1600156800,28070.0,28138.0,28033.0,28116.5,10815,200
1600171200,28117.0,28241.0,28114.5,28216.5,9402,200
1600185600,28216.5,28230.5,28081.0,28100.5,16669,200
1600200000,28100.5,28143.0,27931.0,28026.0,13602,200
1600214400,28051.0,28051.0,27964.0,28024.5,4046,300
1600228800,28023.5,28091.0,27994.5,28058.5,5681,300
1600243200,28058.5,28139.0,28010.0,28115.0,8372,200
1600257600,28115.0,28188.5,28101.0,28138.0,9321,200
1600272000,28136.0,28228.5,28023.0,28196.5,20142,200
1600286400,28196.5,28365.5,28020.5,28061.0,28584,200
1600300800,28056.0,28109.0,27926.5,27973.5,6277,300
1600315200,27973.5,28021.0,27735.0,27758.0,12261,300
1600329600,27758.0,27822.0,27541.0,27789.0,19188,200
1600344000,27789.0,27840.5,27665.0,27683.5,16977,200
1600358400,27683.0,28056.5,27647.0,27827.0,41139,200
1600372800,27827.5,27956.0,27687.5,27909.5,26979,200
1600387200,27896.0,27993.0,27824.0,27849.0,6720,300
1600401600,27849.0,27889.5,27757.5,27872.0,10429,300
1600416000,27872.0,27933.0,27831.5,27883.5,12476,200
1600430400,27883.5,27939.5,27859.5,27939.5,10825,200
1600444800,27939.5,27970.5,27711.0,27728.5,35869,200
1600459200,27728.5,27745.5,27483.5,27717.0,27993,200
1600646400,27693.5,27753.0,27554.0,27736.0,7619,300
1600660800,27736.5,27775.0,27603.0,27611.0,12047,300
1600675200,27611.0,27627.0,27071.5,27139.0,19048,200
1600689600,27138.5,27278.0,27057.0,27140.5,19429,200
1600704000,27140.5,27216.5,26707.5,26844.5,46442,200
1600718400,26844.5,27212.5,26788.0,27158.0,27898,200
1600732800,27145.5,27294.5,27133.0,27237.0,6784,300
1600747200,27236.5,27240.5,27104.5,27167.0,13842,300
1600761600,27167.0,27169.0,27030.0,27107.5,19530,200
1600776000,27107.5,27235.0,27065.5,27146.5,14104,200
1600790400,27146.5,27279.0,26986.5,27062.5,35329,200
1600804800,27063.0,27335.0,27055.0,27311.5,22391,200
1600819200,27358.0,27403.0,27287.0,27320.5,7381,300
1600833600,27321.0,27395.5,27303.5,27374.5,12168,300
1600848000,27374.5,27491.0,27311.5,27484.0,14608,200
1600862400,27483.0,27515.5,27416.0,27438.0,10291,200
1600876800,27438.0,27469.5,27128.0,27230.5,37309,200
1600891200,27230.5,27235.5,26712.5,26818.0,34878,200
1600905600,26814.0,26859.5,26651.5,26853.5,11015,300
1600920000,26853.5,26894.5,26660.0,26668.0,14648,300
1600934400,26668.0,26819.0,26644.0,26763.5,20784,200
1600948800,26763.5,26863.5,26604.5,26654.0,17711,200
1600963200,26654.0,26946.5,26537.5,26943.0,45664,200
1600977600,26944.0,27095.0,26689.5,26862.5,36223,200
1600992000,26887.0,26990.5,26874.0,26965.5,6969,300
1601006400,26964.5,27001.0,26936.5,26994.5,9492,300
1601020800,26994.0,27006.5,26809.0,26868.0,17346,200
1601035200,26868.0,26891.0,26549.5,26742.5,19919,200
1601049600,26741.5,26946.0,26627.5,26921.5,40767,200
1601064000,26921.5,27241.0,26901.0,27141.0,24572,200
1601251200,27214.5,27273.0,27209.0,27225.5,5793,300
1601265600,27225.5,27315.0,27219.5,27308.0,7453,300
1601280000,27308.0,27438.0,27308.0,27389.0,13191,200
1601294400,27389.0,27566.5,27384.5,27545.5,14272,200
1601308800,27545.5,27721.0,27481.0,27701.5,35131,200
1601323200,27701.5,27711.5,27546.5,27628.0,20548,200
1601337600,27628.5,27696.0,27620.5,27685.0,4687,300
1601352000,27685.0,27730.0,27642.0,27726.5,7427,300
1601366400,27727.0,27739.0,27477.5,27572.0,15673,200
1601380800,27572.0,27627.5,27523.5,27586.0,12566,200
1601395200,27586.5,27604.5,27335.0,27426.0,34221,200
1601409600,27425.5,27565.5,27348.5,27494.5,21401,200
1601424000,27487.5,27584.0,27485.0,27535.0,6834,300
1601438400,27535.0,27715.5,27269.5,27325.0,20879,300
1601452800,27325.0,27399.0,27161.5,27309.5,25578,200
1601467200,27310.0,27505.5,27212.5,27472.0,18334,200
1601481600,27472.0,27963.5,27467.5,27947.0,33507,200
1601496000,27947.0,28025.5,27577.5,27694.5,35785,200
1601510400,27753.5,27913.5,27737.0,27859.5,10229,300
1601524800,27859.5,27995.5,27855.5,27955.0,10925,300
1601539200,27955.0,28079.0,27914.0,27939.0,18933,200
1601553600,27939.5,28057.5,27934.5,27952.5,17902,200
1601568000,27952.0,28043.0,27751.0,27884.5,39624,200
1601582400,27884.5,27920.0,27665.0,27806.0,28090,200
1601596800,27815.5,27861.5,27697.0,27721.0,9874,300
1601611200,27721.0,27776.0,27509.5,27524.5,10002,300
1601625600,27524.5,27574.0,27246.0,27499.5,27422,200
1601640000,27499.5,27547.0,27321.5,27383.5,22041,200
1601654400,27383.5,27850.0,27315.5,27812.5,44951,200
1601668800,27812.5,27860.5,27652.0,27754.5,29727,200
1601856000,27822.5,27914.5,27766.0,27914.0,8859,300
1601870400,27914.0,27919.5,27836.0,27885.5,9911,300
1601884800,27885.5,27913.5,27781.0,27833.0,17260,200
1601899200,27833.5,27916.0,27814.0,27890.5,11885,200
1601913600,27890.5,28082.5,27871.5,28043.0,22867,200
1601928000,28043.0,28161.0,27982.5,28124.0,16391,200
1601942400,28131.5,28155.0,28076.5,28124.5,7091,300
1601956800,28125.0,28208.5,28118.0,28176.5,7929,300
1601971200,28176.5,28188.5,28032.5,28086.0,13157,200
1601985600,28086.0,28282.5,28057.0,28262.0,13308,200
1602000000,28262.0,28285.0,28133.5,28249.5,28547,200
1602014400,28250.5,28353.0,27652.0,27673.0,36639,200
1602028800,27676.0,27801.0,27660.0,27777.0,8473,300
1602043200,27777.0,27894.5,27738.5,27858.5,10547,300
1602057600,27858.5,28036.0,27848.5,28001.0,14613,200
1602072000,28001.0,28065.0,27943.0,28024.0,11751,200
1602086400,28024.0,28244.5,28001.5,28197.0,28539,200
1602100800,28197.0,28369.5,28182.5,28311.0,17811,200
1602115200,28294.0,28356.0,28289.5,28316.0,5400,300
1602129600,28315.5,28411.0,28300.5,28395.0,9674,300
1602144000,28395.0,28507.5,28335.5,28403.0,12948,200
1602158400,28403.5,28563.5,28365.5,28481.5,12820,200
1602172800,28480.5,28483.0,28265.0,28394.5,27743,200
1602187200,28395.0,28504.0,28351.5,28501.5,14891,200
1602201600,28497.0,28578.0,28497.0,28531.5,5337,300
1602216000,28531.5,28598.5,28521.0,28557.0,5653,300
1602230400,28557.0,28560.0,28471.5,28518.0,10849,200
1602244800,28518.0,28584.5,28498.0,28574.0,8353,200
1602259200,28574.0,28675.5,28436.5,28583.5,23265,200
1602273600,28584.0,28680.5,28514.5,28659.0,14475,200
1602460800,28573.5,28627.5,28545.0,28579.0,6660,300
1602475200,28577.5,28656.5,28559.5,28648.0,6969,300
1602489600,28648.0,28712.5,28588.5,28591.0,10977,200
1602504000,28591.0,28716.0,28586.5,28688.5,10604,200
1602518400,28688.0,28918.5,28659.0,28888.0,20549,200
1602532800,28888.0,28957.0,28823.5,28909.0,18941,200
1602547200,28915.0,28932.5,28781.5,28817.5,6307,300
1602561600,28816.5,28832.5,28762.5,28817.5,7858,300
1602576000,28817.5,28896.0,28722.0,28830.0,15751,200
1602590400,28828.5,28839.5,28725.0,28768.0,13975,200
1602604800,28768.0,28808.5,28686.5,28737.5,31343,200
1602619200,28737.0,28759.5,28597.5,28678.0,24102,200
1602633600,28696.0,28766.0,28686.0,28730.0,4518,300
1602648000,28730.0,28802.0,28658.5,28752.5,7855,300
1602662400,28752.5,28837.5,28693.0,28795.0,11852,200
1602676800,28795.0,28826.0,28641.0,28786.0,15083,200
1602691200,28786.0,28794.0,28458.5,28543.0,30776,200
1602705600,28543.0,28612.0,28454.5,28520.0,22795,200
1602720000,28534.0,28564.5,28475.5,28504.5,7278,300
1602734400,28504.5,28536.5,28398.5,28447.5,10236,300
1602748800,28447.5,28488.5,28234.5,28256.5,15939,200
1602763200,28257.0,28297.0,28151.5,28181.0,19354,200
1602777600,28181.0,28476.0,28159.0,28421.5,34295,200
1602792000,28421.5,28536.5,28403.0,28495.5,17474,200
1602806400,28515.0,28571.5,28498.5,28544.0,5029,300
1602820800,28544.0,28600.0,28454.0,28463.0,8376,300
1602835200,28463.0,28530.0,28443.0,28498.0,12894,200
1602849600,28498.0,28641.5,28442.0,28624.5,12553,200
1602864000,28624.5,28844.5,28573.5,28723.0,26839,200
1602878400,28722.0,28782.5,28517.5,28538.5,17454,200
1603065600,28592.0,28666.0,28579.5,28662.5,4447,300
1603080000,28663.0,28703.0,28641.5,28693.0,6832,300
1603094400,28693.0,28784.0,28677.5,28742.5,9417,200
1603108800,28742.5,28759.5,28654.0,28665.5,7984,200
1603123200,28665.5,28711.0,28468.5,28532.5,32036,200
1603137600,28532.5,28546.5,28139.0,28289.0,26401,200
1603152000,28308.0,28379.0,28284.0,28348.0,5152,300
1603166400,28348.0,28368.0,28256.0,28267.0,11109,300
1603180800,28266.5,28355.0,28234.0,28325.5,13954,200
1603195200,28325.5,28426.5,28243.5,28307.0,11091,200
1603209600,28305.5,28507.0,28269.5,28452.0,31110,200
1603224000,28452.0,28576.0,28160.0,28247.5,29162,200
1603238400,28306.0,28426.5,28277.5,28390.0,6277,300
1603252800,28390.0,28487.0,28367.0,28464.5,7758,300
1603267200,28464.5,28478.5,28213.5,28215.0,15405,200
1603281600,28215.0,28330.5,28197.5,28287.5,14414,200
1603296000,28287.0,28452.0,28192.5,28224.0,33669,200
1603310400,28224.0,28368.0,28208.0,28247.5,24262,200
1603324800,28235.0,28263.0,28003.5,28095.0,8959,300
1603339200,28095.0,28111.0,28026.5,28047.5,8269,300
1603353600,28047.5,28210.0,28039.5,28165.5,13571,200
1603368000,28165.0,28234.0,28125.0,28189.0,12841,200
1603382400,28189.0,28291.0,28034.5,28253.5,32979,200
1603396800,28253.0,28421.0,28245.0,28386.0,18527,200
1603411200,28426.5,28434.5,28329.0,28369.5,5441,300
1603425600,28370.0,28407.5,28311.5,28393.5,7869,300
1603440000,28393.5,28477.5,28289.0,28426.0,12642,200
1603454400,28425.5,28491.5,28421.0,28460.0,9337,200
1603468800,28460.0,28469.0,28146.0,28163.5,27982,200
1603483200,28163.0,28337.5,28159.5,28305.5,14046,200
1603670400,28240.0,28250.0,28086.5,28199.0,7105,300
1603684800,28199.5,28223.5,28108.0,28117.0,7686,300
1603699200,28116.0,28145.5,27947.0,28035.5,13147,200
1603713600,28035.5,28061.5,27969.0,27990.5,9974,200
1603728000,27990.5,28039.0,27481.0,27516.5,33742,200
1603742400,27515.0,27727.5,27362.0,27684.0,28872,200
1603756800,27684.5,27773.0,27644.5,27766.0,5250,300
1603771200,27766.0,27768.5,27710.0,27752.0,7214,300
1603785600,27752.0,27815.0,27668.5,27728.5,13286,200
1603800000,27728.5,27809.5,27653.5,27696.5,13340,200
1603814400,27696.5,27715.5,27507.0,27543.5,32423,200
1603828800,27544.0,27650.5,27334.5,27335.5,21937,200
1603843200,27344.0,27353.0,27277.5,27310.0,5144,300
1603857600,27310.0,27347.0,27275.0,27307.0,6376,300
1603872000,27307.0,27347.0,26960.5,27034.0,17441,200
1603886400,27034.0,27070.5,26811.0,26844.0,20338,200
1603900800,26844.0,27066.5,26573.0,26657.5,46286,200
1603915200,26655.5,26765.5,26498.0,26571.5,35883,200
1603929600,26612.5,26778.0,26574.0,26738.5,7442,300
1603944000,26738.5,26818.5,26735.5,26811.5,9496,300
1603958400,26811.5,26910.5,26627.0,26681.5,21351,200
1603972800,26682.0,26748.5,26399.5,26520.0,23220,200
1603987200,26512.0,26688.0,26276.0,26590.5,47732,200
1604001600,26591.5,26889.0,26439.5,26444.0,35506,200
1604016000,26379.5,26549.5,26379.5,26461.0,10706,300
1604030400,26461.0,26509.5,26414.0,26426.0,11369,300
1604044800,26425.5,26437.5,26066.5,26260.0,30124,200
1604059200,26260.0,26571.5,26243.0,26458.0,24927,200
1604073600,26458.0,26627.5,26153.0,26335.0,52620,200
1604088000,26332.0,26638.0,26136.0,26613.5,40701,200
1604275200,26482.0,26576.5,26282.5,26539.0,15258,300
1604289600,26539.0,26608.5,26486.5,26585.5,11236,300
1604304000,26585.5,26905.0,26469.0,26837.0,26581,200
1604318400,26837.5,27026.5,26837.0,26873.5,22581,200
1604332800,26872.0,27049.0,26712.0,26845.5,39411,200
1604347200,26845.0,26969.0,26692.5,26944.0,28275,200
1604361600,26960.5,27105.0,26940.0,27093.0,9068,300
1604376000,27093.0,27159.0,27032.0,27089.5,9659,300
1604390400,27089.5,27385.5,27051.5,27355.5,17661,200
1604404800,27355.5,27378.5,27226.0,27279.0,14614,200
1604419200,27279.0,27617.5,27215.5,27450.5,32062,200
1604433600,27450.0,27643.5,27347.0,27502.5,27802,200
1604448000,27503.5,27781.5,27257.0,27415.5,26652,300
1604462400,27416.0,27778.0,27082.5,27520.0,39393,300
1604476800,27520.0,27633.5,27022.0,27440.5,36326,200
1604491200,27440.5,27712.5,27314.0,27611.5,28277,200
1604505600,27611.5,28305.0,27486.5,28193.5,49964,200
1604520000,28194.0,28243.0,27825.5,27895.5,32648,200
1604534400,27904.5,27939.5,27758.0,27906.0,12520,300
1604548800,27910.0,28117.0,27808.0,28085.0,16400,300
1604563200,28085.0,28215.5,27933.0,28175.0,24841,200
1604577600,28174.0,28302.5,28143.5,28202.5,21794,200
1604592000,28202.5,28495.5,28128.5,28353.5,34266,200
1604606400,28356.0,28482.5,28310.0,28452.0,24840,200
1604620800,28405.0,28425.0,28208.0,28339.0,14664,300
1604635200,28340.0,28347.5,28217.5,28260.0,14687,300
1604649600,28259.5,28415.0,28100.0,28122.0,20912,200
1604664000,28122.0,28442.0,28071.0,28409.0,21987,200
1604678400,28409.0,28559.0,28182.0,28311.0,39359,200
1604692800,28311.0,28433.0,28248.0,28365.5,20580,200
1604880000,28451.5,28680.0,28418.5,28644.0,12994,300
1604894400,28644.0,28722.0,28616.5,28658.5,10857,300
1604908800,28657.5,28733.0,28612.0,28689.0,18663,200
1604923200,28689.5,30088.5,28661.5,29946.0,33790,200
1604937600,29945.5,30031.0,29321.5,29652.5,55314,200
1604952000,29655.5,29698.5,29100.0,29138.5,33844,200
1604966400,29191.5,29311.0,29019.5,29136.5,16891,300
1604980800,29136.5,29183.5,28864.5,28959.5,20590,300
1604995200,28959.5,29415.0,28945.5,29376.5,30655,200
1605009600,29377.5,29398.0,29197.5,29285.5,26330,200
1605024000,29286.0,29431.5,29125.0,29381.0,45872,200
1605038400,29381.0,29477.0,29217.0,29437.5,31874,200
1605052800,29463.5,29501.5,29322.0,29418.5,12408,300
1605067200,29418.5,29531.0,29413.5,29473.5,13745,300
1605081600,29474.0,29634.5,29468.5,29595.5,23748,200
1605096000,29595.5,29659.5,29539.0,29569.0,15862,200
1605110400,29569.0,29594.5,29344.5,29504.0,28902,200
1605124800,29504.0,29527.5,29274.0,29442.0,20796,200
1605139200,29423.0,29439.0,29342.5,29360.5,8842,300
1605153600,29360.5,29373.5,29139.5,29224.0,12428,300
1605168000,29223.5,29282.0,29146.5,29238.5,18500,200
1605182400,29239.0,29308.0,29088.5,29212.0,16427,200
1605196800,29212.0,29307.0,29042.5,29093.0,29980,200
1605211200,29093.5,29204.0,28904.0,29146.0,31407,200
1605225600,29116.0,29148.0,28962.0,28976.5,9585,300
1605240000,28977.0,29064.5,28936.0,29040.0,9764,300
1605254400,29041.5,29301.5,29018.0,29289.5,16668,200
1605268800,29287.5,29368.5,29254.5,29298.5,13816,200
1605283200,29296.0,29396.5,29210.5,29395.5,24546,200
1605297600,29395.5,29558.5,29371.5,29487.5,18715,200
1605484800,29538.5,29722.5,29538.0,29676.5,10507,300
1605499200,29676.5,29765.0,29676.5,29763.5,7709,300
1605513600,29763.5,29799.0,29685.0,29788.0,14565,200
1605528000,29788.0,30071.0,29739.5,29933.0,19935,200
1605542400,29933.0,29963.0,29726.5,29866.0,24131,200
1605556800,29866.0,29982.0,29744.0,29980.0,20246,200
1605571200,29951.5,29964.5,29797.0,29810.0,8795,300
1605585600,29810.5,29884.0,29808.5,29814.5,8855,300
1605600000,29814.5,29921.5,29813.0,29874.5,11625,200
1605614400,29874.5,29875.5,29644.0,29685.0,14776,200
1605628800,29684.5,29852.5,29519.0,29820.0,26876,200
1605643200,29820.5,29874.5,29716.5,29774.5,17970,200
1605657600,29758.5,29819.0,29709.0,29719.0,8799,300
1605672000,29719.0,29769.5,29661.0,29688.0,8626,300
1605686400,29687.5,29849.0,29628.0,29843.5,15342,200
1605700800,29844.0,29956.5,29838.5,29900.5,13137,200
1605715200,29900.5,29928.0,29777.5,29792.5,21485,200
1605729600,29792.5,29821.0,29395.0,29417.5,25617,200
1605744000,29431.0,29481.0,29356.0,29457.0,11145,300
1605758400,29456.5,29474.5,29360.5,29450.5,9287,300
1605772800,29450.5,29526.5,29256.0,29314.0,16579,200
1605787200,29314.0,29425.0,29241.5,29400.0,14268,200
1605801600,29399.0,29442.5,29235.0,29311.0,29051,200
1605816000,29311.5,29523.0,29292.5,29340.5,19348,200
1605830400,29306.0,29325.0,29196.5,29274.0,9517,300
1605844800,29274.0,29329.0,29227.5,29312.0,7878,300
1605859200,29311.0,29449.0,29275.5,29402.0,12217,200
1605873600,29402.0,29491.5,29396.0,29402.5,10736,200
1605888000,29402.5,29480.5,29295.0,29330.5,24277,200
1605902400,29330.5,29382.5,29184.5,29223.5,18499,200
1606089600,29218.5,29369.5,29166.5,29333.0,8361,300
1606104000,29333.5,29368.5,29323.5,29354.0,4812,300
1606118400,29354.0,29498.0,29343.5,29466.5,13345,200
1606132800,29466.5,29478.5,29313.0,29394.5,10348,200
1606147200,29395.0,29579.5,29352.0,29484.0,27224,200
1606161600,29484.0,29666.5,29468.0,29600.0,17675,200
1606176000,29600.5,29796.0,29600.5,29765.0,9622,300
1606190400,29765.0,29882.0,29765.0,29837.5,6742,300
1606204800,29837.5,29878.0,29804.0,29869.0,10617,200
1606219200,29869.0,29934.0,29841.0,29899.5,9867,200
1606233600,29898.0,30113.0,29834.0,30061.5,24582,200
1606248000,30061.5,30103.0,29968.5,30088.0,19035,200
1606262400,30072.5,30215.0,30060.0,30186.5,7713,300
1606276800,30187.0,30206.5,30018.0,30021.5,10883,300
1606291200,30022.0,30112.0,29957.0,30011.5,13704,200
1606305600,30011.5,30038.0,29959.0,29986.5,10822,200
1606320000,29986.5,30010.0,29807.0,29891.5,23246,200
1606334400,29891.5,29911.5,29821.0,29893.0,16004,200
1606348800,29915.0,29953.0,29853.5,29939.0,5654,300
1606363200,29939.5,29946.0,29875.0,29939.0,5942,300
1606377600,29938.5,29949.0,29864.5,29882.5,7963,200
1606392000,29882.5,29898.0,29829.5,29866.5,5553,200
1606406400,29866.5,29903.5,29780.5,29822.5,7329,200
1606435200,29844.5,29844.5,29763.5,29778.0,6215,300
1606449600,29778.0,29882.5,29736.5,29881.5,6274,300
1606464000,29881.5,29964.5,29859.0,29919.0,8217,200
1606478400,29919.0,29966.5,29903.5,29939.5,6116,200
1606492800,29939.5,30019.5,29815.5,29916.0,18788,200
1606507200,29912.0,29934.5,29903.0,29934.0,811,200
1606694400,29969.0,29999.0,29773.5,29804.5,9432,300
1606708800,29803.5,29838.5,29657.0,29689.5,9950,300
1606723200,29689.5,29769.5,29527.5,29749.0,15352,200
1606737600,29749.5,29806.5,29663.5,29772.0,10093,200
1606752000,29772.0,29818.5,29458.5,29603.0,30950,200
1606766400,29603.5,29709.5,29513.0,29703.0,21413,200
1606780800,29679.5,29824.0,29638.0,29821.5,7279,300
1606795200,29821.5,29940.5,29817.5,29884.5,7865,300
1606809600,29883.5,30010.0,29839.0,29978.0,11490,200
1606824000,29978.0,30013.5,29932.5,29978.0,9181,200
1606838400,29978.0,30077.0,29862.5,29887.0,27216,200
1606852800,29887.0,29954.5,29755.5,29765.0,17677,200
1606867200,29782.0,29802.5,29621.5,29645.5,8233,300
1606881600,29645.5,29708.5,29620.0,29674.5,5938,300
1606896000,29675.0,29767.5,29647.0,29718.5,10615,200
1606910400,29718.5,29747.0,29626.5,29689.5,10107,200
1606924800,29687.0,29844.5,29603.0,29808.0,23985,200
1606939200,29808.5,29920.5,29758.5,29900.5,15357,200
1606953600,29916.5,29928.5,29839.0,29875.0,5106,300
1606968000,29875.0,29951.5,29831.0,29839.0,6660,300
1606982400,29839.0,29916.5,29770.0,29802.5,9141,200
1606996800,29802.5,29923.0,29795.5,29905.5,8072,200
1607011200,29905.5,30076.5,29901.5,30066.5,21556,200
1607025600,30066.0,30108.0,29874.5,29964.5,19149,200
1607040000,29956.0,30019.5,29943.0,29973.5,5739,300
1607054400,29973.5,30027.0,29962.0,30017.0,4828,300
1607068800,30017.0,30105.5,29978.5,30075.5,7474,200
1607083200,30075.5,30101.0,30001.5,30044.5,8229,200
1607097600,30044.5,30158.0,30019.0,30126.0,19476,200
1607112000,30126.0,30223.5,30117.5,30154.0,12920,200
1607299200,30221.0,30272.0,30166.5,30181.5,8195,300
1607313600,30181.5,30185.5,30110.0,30124.5,6377,300
1607328000,30124.5,30172.5,29999.0,30084.0,11378,200
1607342400,30084.0,30141.5,30057.5,30140.0,8251,200
1607356800,30140.0,30173.5,30034.0,30054.5,19685,200
1607371200,30054.5,30084.0,29970.5,30001.0,15015,200
1607385600,30001.5,30028.5,29963.5,29995.5,6179,300
1607400000,29995.5,30018.5,29962.0,30008.5,4963,300
1607414400,30008.5,30062.0,29947.0,29990.5,8565,200
1607428800,29990.5,29999.5,29863.0,29972.5,10499,200
1607443200,29972.5,30214.0,29943.5,30183.0,20626,200
1607457600,30183.0,30245.0,30152.5,30182.5,12474,200
1607472000,30241.0,30275.5,30195.5,30215.0,6780,300
1607486400,30215.0,30278.5,30215.0,30268.0,4824,300
1607500800,30268.5,30301.0,30208.0,30266.5,8665,200
1607515200,30266.5,30283.5,30226.5,30274.0,6283,200
1607529600,30274.0,30312.0,30044.0,30107.0,25132,200
1607544000,30106.5,30123.0,29952.0,30064.5,29433,200
1607558400,30066.0,30113.5,30053.0,30080.0,5761,300
1607572800,30080.5,30111.5,30048.5,30073.5,5823,300
1607587200,30072.5,30149.5,30020.0,30109.0,10121,200
1607601600,30109.0,30133.0,29936.0,29948.5,10719,200
1607616000,29948.5,30065.0,29869.5,30006.5,30856,200
1607630400,30007.0,30056.5,29909.5,30009.0,19325,200
1607644800,30066.5,30089.5,30025.0,30068.0,4692,300
1607659200,30068.0,30070.5,29973.5,29987.0,3898,300
1607673600,29987.0,30049.5,29811.5,29854.5,10178,200
1607688000,29854.5,29905.5,29722.0,29864.0,11857,200
1607702400,29864.0,29980.0,29820.5,29928.5,21340,200
1607716800,29928.5,30074.5,29915.0,30051.0,14674,200
1607904000,30222.0,30241.0,30156.5,30209.0,6140,300
1607918400,30208.5,30228.0,30175.5,30186.5,3673,300
1607932800,30186.0,30265.0,30178.5,30237.0,8841,200
1607947200,30237.5,30295.0,30228.5,30270.0,6840,200
1607961600,30270.0,30327.5,30043.5,30072.5,21495,200
1607976000,30073.0,30094.0,29852.0,29924.0,16871,200
1607990400,29928.0,29976.0,29900.5,29921.5,5479,300
1608004800,29921.5,29930.0,29844.0,29914.0,5690,300
1608019200,29914.5,30056.0,29902.0,30038.5,8047,200
1608033600,30038.5,30070.5,30010.0,30037.5,6311,200
1608048000,30037.5,30153.0,29903.0,30147.5,21936,200
1608062400,30147.5,30240.0,30142.0,30207.5,13009,200
1608076800,30275.5,30279.0,30141.5,30160.5,3998,300
1608091200,30160.0,30202.5,30146.5,30166.0,4396,300
1608105600,30166.0,30275.5,30151.5,30263.0,8305,200
1608120000,30263.0,30312.0,30204.5,30204.5,7637,200
1608134400,30204.5,30220.5,30099.5,30147.0,19461,200
1608148800,30147.0,30238.5,30080.0,30165.0,16475,200
1608163200,30167.5,30204.5,30146.5,30180.5,4496,300
1608177600,30180.5,30257.0,30174.0,30249.0,4350,300
1608192000,30248.5,30329.0,30240.5,30290.5,7609,200
1608206400,30290.5,30308.5,30224.0,30236.5,6180,200
1608220800,30236.5,30316.5,30226.5,30254.0,18315,200
1608235200,30254.0,30307.0,30252.5,30300.5,10489,200
1608249600,30302.5,30302.5,30231.5,30233.5,3907,300
1608264000,30233.0,30241.0,30162.5,30196.5,4868,300
1608278400,30196.5,30352.0,30185.5,30291.5,7134,200
1608292800,30291.5,30323.0,30263.5,30270.5,7507,200
1608307200,30270.0,30318.0,30044.0,30155.0,24694,200
1608321600,30155.0,30383.0,30030.5,30369.5,21804,200
1608508800,30412.5,30424.5,30182.0,30214.0,10804,300
1608523200,30214.0,30296.0,30184.0,30287.0,7044,300
1608537600,30287.0,30289.0,29919.5,29938.5,17048,200
1608552000,29938.5,29938.5,29421.5,29797.0,35152,200
1608566400,29797.0,30198.5,29745.0,30180.5,40156,200
1608580800,30181.0,30300.5,30111.0,30186.5,21798,200
1608595200,30207.0,30236.0,30115.0,30167.0,7939,300
1608609600,30167.0,30212.0,30029.0,30059.5,11578,300
1608624000,30059.5,30252.5,30024.5,30159.5,17096,200
1608638400,30159.5,30242.5,30137.0,30194.5,10431,200
1608652800,30194.5,30208.5,30020.5,30102.5,28139,200
1608667200,30102.5,30141.0,29987.5,30013.0,16531,200
1608681600,30012.0,30090.5,29844.5,29910.0,12480,300
1608696000,29909.5,30017.5,29861.5,29965.0,8970,300
1608710400,29965.0,30101.5,29957.0,30084.0,10102,200
1608724800,30084.0,30120.0,30050.0,30088.0,6951,200
1608739200,30088.0,30264.5,30075.5,30259.5,19629,200
1608753600,30259.5,30289.0,30118.0,30184.0,11821,200
1608768000,30180.0,30211.0,30142.5,30199.5,6675,300
1608782400,30199.5,30236.5,30177.0,30199.5,5228,300
1608796800,30199.5,30257.5,30191.5,30219.0,5970,200
1608811200,30219.0,30231.5,30163.0,30180.0,4555,200
1608825600,30180.0,30219.0,30102.5,30215.5,15497,200
1608840000,30216.5,30220.0,30198.0,30204.0,497,200
1609113600,30106.0,30320.5,30106.0,30316.0,9503,300
1609128000,30316.0,30373.5,30307.0,30348.5,5446,300
1609142400,30348.5,30388.5,30315.0,30355.5,6769,200
1609156800,30355.5,30427.5,30339.5,30374.5,6360,200
1609171200,30374.5,30521.5,30343.5,30388.5,15326,200
1609185600,30388.0,30447.5,30383.0,30411.0,8743,200
1609200000,30415.5,30532.0,30415.5,30505.0,5055,300
1609214400,30505.0,30602.0,30499.5,30589.0,6035,300
1609228800,30589.0,30597.5,30538.0,30564.5,7437,200
1609243200,30564.5,30573.0,30516.0,30541.5,4930,200
1609257600,30541.5,30580.5,30271.0,30317.5,24136,200
1609272000,30317.0,30388.5,30277.0,30368.5,14782,200
1609286400,30378.5,30399.0,30316.0,30377.0,6444,300
1609300800,30377.0,30453.0,30372.0,30397.0,5783,300
1609315200,30397.5,30480.0,30396.0,30432.5,8138,200
1609329600,30430.5,30470.5,30383.0,30385.0,6424,200
1609344000,30385.0,30521.0,30372.5,30478.5,17640,200
1609358400,30478.5,30500.5,30388.0,30428.5,11829,200
1609372800,30435.0,30467.0,30422.5,30458.0,3010,300
1609387200,30457.5,30465.5,30400.0,30433.5,4020,300
1609401600,30433.0,30439.0,30341.5,30374.0,5128,200
1609416000,30374.0,30433.5,30359.0,30405.5,5282,200
1609430400,30404.5,30428.0,30338.0,30405.5,14373,200
1609444800,30405.5,30423.5,30378.0,30393.5,2030,200
1609718400,30605.5,30637.0,30522.5,30604.0,10101,300
1609732800,30604.0,30632.5,30576.0,30609.5,6636,300
1609747200,30609.5,30792.0,30603.0,30777.5,11729,200
1609761600,30777.5,30798.5,30696.0,30701.5,7814,200
1609776000,30701.5,30729.0,29871.5,29981.0,44962,200
1609790400,29981.5,30270.0,29961.5,30230.5,27784,200
1609804800,30201.5,30292.5,30150.5,30245.5,9121,300
1609819200,30245.5,30283.0,30133.5,30210.0,9272,300
1609833600,30210.0,30312.5,30083.5,30261.0,17010,200
1609848000,30261.0,30303.0,30106.0,30109.0,14369,200
1609862400,30109.5,30393.5,30098.5,30371.5,31637,200
1609876800,30371.5,30505.5,30346.5,30389.5,17027,200
1609891200,30394.5,30511.5,30283.5,30365.5,15579,300
1609905600,30365.5,30410.5,30268.0,30356.5,20917,300
1609920000,30356.5,30550.0,30275.0,30449.0,21332,200
1609934400,30448.0,30528.0,30362.5,30395.0,19894,200
1609948800,30394.0,30990.0,30311.0,30986.0,32992,200
1609963200,30986.0,31029.0,30731.0,30881.0,35904,200
1609977600,30911.0,30974.5,30802.0,30965.0,9496,300
1609992000,30965.0,31001.5,30922.0,30970.0,9280,300
1610006400,30969.0,31044.5,30897.5,30939.5,15606,200
1610020800,30939.5,30976.0,30855.5,30917.5,13792,200
1610035200,30917.5,31192.5,30899.0,31078.5,25520,200
1610049600,31079.0,31112.0,31018.0,31030.5,16596,200
1610064000,31043.5,31145.5,31010.0,31139.0,7560,300
1610078400,31139.0,31225.5,31131.0,31205.5,8535,300
1610092800,31205.5,31255.0,31079.5,31146.0,13226,200
1610107200,31145.5,31165.5,31083.5,31097.0,9831,200
1610121600,31096.5,31148.5,30927.0,30967.0,28385,200
1610136000,30967.0,31147.5,30797.0,31129.0,25444,200
1610323200,31097.5,31125.5,30957.0,30961.5,9667,300
1610337600,30961.5,30971.0,30879.0,30906.0,11120,300
1610352000,30906.0,30983.5,30864.0,30888.5,13489,200
1610366400,30886.0,30936.5,30782.5,30793.5,11188,200
1610380800,30792.5,31092.0,30744.5,31070.5,27088,200
1610395200,31070.0,31091.0,30949.5,31013.0,19609,200
1610409600,31028.0,31097.0,30979.5,31049.5,9036,300
1610424000,31049.5,31063.5,30973.5,31045.5,7362,300
1610438400,31042.5,31116.5,31017.5,31077.5,8840,200
1610452800,31078.0,31098.5,30990.0,31019.5,7886,200
1610467200,31019.5,31099.0,30885.0,31007.0,27255,200
1610481600,31007.5,31115.0,30976.5,31072.0,16505,200
1610496000,31068.5,31121.5,31053.5,31116.5,5095,300
1610510400,31116.5,31165.5,31101.5,31120.5,5300,300
1610524800,31119.5,31142.0,31083.0,31114.0,7459,200
1610539200,31114.0,31117.5,30977.0,31044.0,11646,200
1610553600,31044.0,31148.5,30987.5,31123.5,21099,200
1610568000,31123.5,31150.0,31051.0,31075.0,13547,200
1610582400,31094.0,31148.5,31077.0,31148.0,5526,300
1610596800,31148.0,31196.5,31120.5,31149.0,8310,300
1610611200,31147.5,31189.0,31126.0,31178.5,8139,200
1610625600,31178.5,31185.0,31125.0,31172.0,7385,200
1610640000,31172.0,31224.0,31125.5,31175.5,18743,200
1610654400,31175.5,31186.0,30983.0,31000.0,16048,200
1610668800,31020.0,31057.5,30903.5,30936.5,8991,300
1610683200,30936.5,30977.5,30797.0,30815.5,9972,300
1610697600,30815.5,30934.0,30806.5,30919.5,11188,200
1610712000,30919.0,30956.0,30809.0,30830.0,12270,200
1610726400,30830.0,30916.5,30607.5,30901.5,34415,200
1610740800,30901.5,30946.0,30729.0,30729.0,20049,200
1610928000,30752.0,30834.0,30714.5,30792.0,10908,300
1610942400,30792.0,30811.0,30762.0,30798.5,7628,300
1610956800,30797.0,30800.5,30733.5,30749.5,8336,200
1610971200,30749.5,30852.5,30745.5,30813.0,5992,200
1610985600,30813.5,30849.0,30762.5,30838.5,6334,200
1611014400,30841.0,30958.5,30841.0,30936.5,5285,300
1611028800,30936.5,31022.5,30920.5,30941.0,6522,300
1611043200,30940.5,30999.5,30933.5,30986.5,9114,200
1611057600,30986.5,31039.0,30959.0,31021.0,6554,200
1611072000,31020.0,31076.0,30853.0,30969.0,25643,200
1611086400,30969.5,30988.5,30890.5,30936.5,11978,200
1611100800,30951.0,31015.0,30903.0,30938.5,6083,300
1611115200,30938.5,30964.5,30877.5,30914.5,6437,300
1611129600,30914.5,31013.5,30901.5,30986.0,8370,200
1611144000,30986.0,31038.0,30953.5,31030.5,7560,200
1611158400,31031.0,31174.5,30999.0,31154.5,21397,200
1611172800,31154.5,31238.5,31123.5,31167.0,12472,200
1611187200,31177.5,31240.0,31172.5,31211.5,5862,300
1611201600,31211.0,31266.0,31205.0,31263.5,4955,300
1611216000,31263.5,31275.5,31192.0,31210.0,7802,200
1611230400,31209.0,31286.0,31166.5,31184.0,6858,200
1611244800,31184.0,31267.0,31121.0,31160.5,18809,200
1611259200,31161.0,31250.0,31150.5,31169.0,10075,200
1611273600,31168.0,31188.5,31118.0,31134.5,5617,300
1611288000,31134.5,31142.5,31054.0,31083.5,6622,300
1611302400,31083.5,31097.0,30916.5,30945.5,11374,200
1611316800,30945.5,30978.0,30895.0,30958.0,11007,200
1611331200,30958.0,31102.5,30905.0,31087.5,21466,200
1611345600,31087.5,31102.0,30985.5,30988.5,11427,200
1611532800,31014.5,31088.5,31010.5,31063.0,6539,300
1611547200,31063.5,31110.0,31063.5,31088.0,4663,300
1611561600,31088.0,31107.0,30989.0,30999.5,8836,200
1611576000,30999.5,31031.0,30807.5,30878.5,13212,200
1611590400,30877.5,30948.5,30561.5,30884.5,40396,200
1611604800,30884.5,30997.0,30843.0,30964.0,21041,200
1611619200,30963.5,30965.5,30871.0,30897.0,5959,300
1611633600,30896.5,30905.0,30778.0,30807.0,7512,300
1611648000,30807.0,30993.5,30773.0,30941.5,11805,200
1611662400,30941.5,31071.0,30925.5,31049.5,10293,200
1611676800,31049.5,31118.0,30930.0,30955.5,26199,200
1611691200,30956.0,31017.0,30921.5,30950.5,14720,200
1611705600,30960.0,30982.5,30878.0,30891.0,6037,300
1611720000,30891.0,30896.0,30836.0,30876.0,6778,300
1611734400,30876.0,30907.5,30816.5,30855.5,9771,200
1611748800,30855.5,30858.5,30562.0,30633.5,21554,200
1611763200,30634.0,30670.5,30360.0,30633.0,44414,200
1611777600,30633.5,30650.5,30153.0,30260.0,39697,200
1611792000,30300.5,30364.5,30049.5,30334.0,17945,300
1611806400,30334.0,30357.0,30218.5,30238.0,16258,300
1611820800,30237.0,30329.5,30064.5,30170.0,24176,200
1611835200,30169.5,30501.5,30139.0,30483.0,23220,200
1611849600,30483.0,30935.0,30473.5,30889.0,39485,200
1611864000,30889.0,30939.5,30525.5,30536.0,28094,200
1611878400,30544.5,30618.5,30481.0,30481.0,12235,300
1611892800,30481.0,30512.5,30208.0,30281.0,18131,300
1611907200,30281.5,30411.5,30202.5,30337.0,27666,200
1611921600,30337.5,30536.5,30202.0,30427.0,25519,200
1611936000,30426.0,30470.0,29898.5,29953.5,48738,200
1611950400,29953.5,30207.5,29859.0,29931.0,39185,200
1612137600,29868.5,29948.0,29655.5,29917.0,15308,300
1612152000,29917.0,30122.5,29916.0,30100.5,13740,300
1612166400,30100.5,30235.5,30047.0,30176.5,19797,200
1612180800,30176.0,30266.0,30136.0,30190.0,14727,200
1612195200,30190.0,30262.0,30013.0,30240.0,34735,200
1612209600,30240.0,30338.5,30165.5,30217.0,17945,200
1612224000,30222.0,30362.0,30169.5,30352.5,8843,300
1612238400,30352.5,30399.0,30319.5,30399.0,9341,300
1612252800,30396.0,30479.0,30322.0,30462.0,14034,200
1612267200,30462.5,30486.5,30422.5,30456.5,9945,200
1612281600,30456.0,30837.0,30436.0,30810.0,24861,200
1612296000,30811.0,30816.5,30628.5,30707.5,15749,200
1612310400,30716.0,30799.5,30673.0,30747.5,7448,300
1612324800,30747.5,30775.5,30695.5,30766.5,7975,300
1612339200,30767.0,30808.0,30686.0,30721.5,10490,200
1612353600,30722.0,30751.5,30654.0,30691.0,8856,200
1612368000,30691.0,30715.0,30516.0,30689.0,26325,200
1612382400,30688.5,30812.5,30679.0,30812.5,13488,200
1612396800,30794.5,30807.0,30722.5,30751.5,6272,300
1612411200,30751.5,30776.0,30646.5,30683.0,8499,300
1612425600,30683.0,30779.0,30656.5,30732.0,10175,200
1612440000,30731.5,30803.5,30695.5,30778.0,7578,200
1612454400,30776.5,31020.5,30764.0,30966.5,20571,200
1612468800,30966.5,31092.0,30960.5,31075.0,10574,200
1612483200,31078.5,31090.0,31029.0,31088.5,5340,300
1612497600,31089.0,31153.0,31078.0,31151.0,6222,300
1612512000,31151.5,31189.0,31081.0,31165.0,7806,200
1612526400,31165.0,31225.0,31159.0,31183.0,7554,200
1612540800,31183.0,31251.0,31082.5,31190.0,19718,200
1612555200,31190.0,31192.0,31106.5,31176.5,11786,200
1612742400,31213.0,31272.5,31154.5,31267.0,6982,300
1612756800,31266.5,31332.0,31253.5,31273.5,4769,300
1612771200,31273.5,31295.0,31203.0,31260.0,7639,200
1612785600,31260.0,31302.5,31226.5,31279.0,5876,200
1612800000,31279.0,31366.5,31238.0,31284.0,16816,200
1612814400,31284.0,31397.5,31247.5,31391.5,8929,200
1612828800,31398.5,31398.5,31318.0,31374.0,5617,300
1612843200,31374.5,31384.0,31340.0,31361.0,4522,300
1612857600,31359.5,31375.5,31304.5,31329.5,6806,200
1612872000,31329.5,31338.0,31268.0,31313.5,5513,200
1612886400,31313.0,31422.5,31239.5,31415.5,16424,200
1612900800,31416.0,31434.0,31352.0,31407.5,8123,200
1612915200,31414.5,31467.5,31374.5,31465.5,4115,300
1612929600,31465.0,31478.5,31444.5,31452.5,4195,300
1612944000,31453.0,31500.5,31418.0,31466.5,7465,200
1612958400,31466.5,31543.5,31445.0,31506.5,6324,200
1612972800,31506.5,31513.5,31214.0,31382.0,32490,200
1612987200,31381.5,31507.0,31369.0,31463.5,15427,200
1613001600,31447.0,31448.5,31347.5,31364.0,4410,300
1613016000,31364.0,31451.0,31359.5,31435.0,3966,300
1613030400,31435.0,31502.0,31433.0,31481.0,7539,200
1613044800,31481.5,31504.0,31452.5,31464.5,5492,200
1613059200,31465.0,31538.0,31242.5,31315.0,23916,200
1613073600,31315.5,31448.0,31277.5,31412.5,16154,200
1613088000,31399.5,31466.0,31383.0,31407.0,3868,300
1613102400,31407.0,31424.0,31367.0,31413.5,2970,300
1613116800,31414.0,31417.5,31289.0,31364.5,7869,200
1613131200,31364.5,31415.5,31348.0,31377.5,5828,200
1613145600,31377.5,31462.5,31350.0,31386.0,16304,200
1613160000,31386.0,31491.5,31349.0,31489.5,10332,200
1613347200,31498.5,31593.5,31498.0,31582.0,4963,300
1613361600,31582.0,31633.0,31580.0,31616.0,3638,300
1613376000,31616.0,31638.5,31597.5,31618.5,5700,200
1613390400,31618.5,31641.5,31606.0,31616.5,3579,200
1613404800,31615.5,31682.0,31607.0,31656.5,4004,200
1613433600,31643.5,31711.0,31618.5,31694.5,4671,300
1613448000,31694.5,31721.0,31652.0,31671.5,4977,300
1613462400,31670.0,31692.5,31621.0,31656.0,7291,200
1613476800,31656.0,31671.0,31578.0,31588.0,7031,200
1613491200,31588.0,31610.0,31439.5,31535.0,26710,200
1613505600,31535.0,31577.0,31491.5,31549.0,13402,200
1613520000,31543.5,31552.0,31435.0,31482.0,7739,300
1613534400,31482.0,31557.5,31468.5,31530.0,5508,300
1613548800,31530.0,31558.0,31437.5,31492.5,10604,200
1613563200,31492.5,31548.5,31429.5,31465.5,8445,200
1613577600,31465.5,31557.5,31341.5,31518.0,34646,200
1613592000,31518.0,31641.0,31513.5,31612.5,11694,200
1613606400,31606.5,31686.0,31595.5,31631.0,6072,300
1613620800,31631.0,31672.0,31551.0,31592.0,8887,300
1613635200,31591.5,31614.5,31505.0,31570.5,11159,200
1613649600,31570.5,31581.5,31405.0,31435.5,10930,200
1613664000,31436.0,31453.5,31288.0,31378.5,31012,200
1613678400,31379.0,31549.0,31359.0,31504.0,13981,200
1613692800,31497.5,31526.0,31388.0,31425.5,7326,300
1613707200,31425.5,31448.5,31362.0,31443.0,8603,300
1613721600,31443.0,31575.0,31432.0,31540.5,10918,200
1613736000,31540.5,31610.5,31512.5,31589.0,9220,200
1613750400,31588.5,31640.0,31511.5,31554.0,21810,200
1613764800,31554.0,31583.0,31461.0,31483.0,16481,200
1613952000,31542.5,31571.5,31448.5,31508.0,8670,300
1613966400,31507.0,31538.5,31408.5,31436.0,11096,300
1613980800,31436.0,31465.5,31245.0,31306.5,19103,200
1613995200,31306.5,31352.5,31261.5,31335.5,11423,200
1614009600,31335.5,31598.0,31271.5,31592.0,28707,200
1614024000,31592.0,31646.0,31511.5,31557.0,14008,200
1614038400,31563.0,31593.5,31505.0,31576.5,7285,300
1614052800,31576.5,31669.0,31549.0,31656.0,6622,300
1614067200,31656.0,31665.5,31455.5,31468.5,14965,200
1614081600,31468.5,31553.0,31409.5,31510.0,18247,200
1614096000,31510.0,31518.5,31157.5,31309.5,45783,200
1614110400,31309.5,31649.0,31290.5,31545.5,26671,200
1614124800,31547.5,31604.0,31474.5,31568.0,11065,300
1614139200,31568.0,31586.0,31428.0,31428.5,14658,300
1614153600,31428.5,31584.0,31376.0,31574.0,16760,200
1614168000,31574.0,31631.5,31460.5,31480.0,13602,200
1614182400,31480.5,31890.0,31416.0,31856.5,39145,200
1614196800,31856.5,32020.5,31842.0,31988.5,18073,200
1614211200,31979.0,32074.5,31967.5,32014.0,8318,300
1614225600,32014.5,32078.5,32003.0,32051.5,7218,300
1614240000,32052.0,32062.0,31964.0,32011.0,12542,200
1614254400,32011.0,32032.0,31920.0,31966.0,13395,200
1614268800,31966.5,31982.5,31438.5,31442.5,47049,200
1614283200,31440.5,31675.5,31288.0,31326.0,46416,200
1614297600,31336.5,31458.5,31226.5,31414.0,19874,300
1614312000,31414.5,31486.0,31211.5,31212.5,19710,300
1614326400,31212.5,31472.0,31173.0,31402.5,26605,200
1614340800,31402.0,31431.5,31202.5,31389.0,25382,200
1614355200,31388.0,31432.0,30903.5,31174.5,56303,200
1614369600,31174.5,31247.5,30842.5,30954.5,40217,200
1614556800,30991.5,31192.0,30965.5,31179.5,11082,300
1614571200,31179.5,31199.5,31112.5,31134.5,9747,300
1614585600,31134.5,31301.5,31121.5,31263.5,13736,200
1614600000,31263.5,31300.0,31196.0,31284.5,9957,200
1614614400,31285.0,31632.5,31254.0,31519.5,27608,200
1614628800,31521.0,31667.5,31469.5,31570.5,16410,200
1614643200,31567.0,31594.0,31491.5,31493.0,8807,300
1614657600,31493.0,31523.0,31383.5,31417.5,12691,300
1614672000,31417.5,31497.5,31312.0,31425.0,16305,200
1614686400,31425.0,31543.0,31410.0,31514.0,12247,200
1614700800,31514.0,31617.5,31377.5,31536.5,37352,200
1614715200,31536.5,31597.0,31378.5,31403.0,21559,200
1614729600,31413.5,31495.0,31406.5,31447.5,8014,300
1614744000,31447.5,31520.5,31436.5,31514.5,6769,300
1614758400,31514.5,31644.0,31503.5,31619.0,10412,200
1614772800,31619.0,31635.0,31355.0,31419.5,12317,200
1614787200,31419.5,31543.5,31323.5,31461.5,43499,200
1614801600,31461.0,31561.0,31248.0,31261.5,32344,200
1614816000,31278.0,31304.5,31126.5,31247.0,12139,300
1614830400,31247.0,31271.0,31021.0,31153.0,15228,300
1614844800,31153.0,31300.0,31135.5,31178.5,19629,200
1614859200,31178.5,31347.0,31102.0,31308.0,18686,200
1614873600,31308.0,31461.0,30921.0,30964.0,57631,200
1614888000,30964.0,31026.0,30545.0,30932.0,50107,200
1614902400,30917.0,30963.5,30671.5,30758.5,15030,300
1614916800,30759.0,30939.0,30709.0,30933.5,17912,300
1614931200,30933.5,30938.5,30710.5,30826.5,22615,200
1614945600,30826.5,31183.0,30799.5,31132.5,21832,200
1614960000,31133.0,31265.5,30762.0,31157.5,63353,200
1614974400,31158.0,31576.0,31085.5,31531.5,38492,200
1615161600,31659.0,31734.0,31551.0,31634.5,13586,300
1615176000,31634.5,31648.0,31471.5,31517.0,18098,300
1615190400,31516.0,31559.0,31319.5,31406.5,21766,200
1615204800,31406.5,31641.5,31395.5,31633.5,19691,200
1615219200,31633.5,32115.5,31559.5,32073.5,49297,200
1615233600,32073.0,32146.0,31791.0,31896.0,32681,200
1615248000,31891.0,32012.5,31868.5,31884.0,12650,300
1615262400,31884.0,32027.0,31881.5,31991.5,16189,300
1615276800,31991.5,32024.5,31893.0,31991.5,18134,200
1615291200,31991.5,32021.5,31875.0,31897.0,13810,200
1615305600,31896.5,32147.0,31869.0,32079.0,28855,200
1615320000,32079.0,32121.0,31821.0,31862.5,17062,200
1615334400,31858.0,31884.0,31784.0,31786.5,9140,300
1615348800,31786.0,31840.5,31763.0,31789.0,10871,300
1615363200,31789.0,31956.0,31745.0,31942.5,13415,200
1615377600,31942.5,32026.5,31866.0,32013.5,14166,200
1615392000,32014.0,32272.5,31975.5,32263.5,35496,200
1615406400,32264.0,32390.5,32194.5,32372.0,23660,200
1615420800,32375.5,32400.0,32272.5,32396.5,6997,300
1615435200,32396.5,32449.0,32390.0,32429.5,7709,300
1615449600,32430.0,32453.5,32377.5,32399.5,12058,200
1615464000,32399.5,32427.5,32352.5,32393.0,11863,200
1615478400,32393.0,32656.5,32342.0,32609.5,22764,200
1615492800,32609.5,32643.5,32472.0,32499.5,15527,200
1615507200,32503.5,32562.5,32500.0,32537.5,6085,300
1615521600,32537.5,32590.0,32506.5,32549.0,7591,300
1615536000,32549.5,32564.5,32389.5,32463.5,15551,200
1615550400,32463.5,32585.0,32430.5,32516.0,12863,200
1615564800,32516.0,32675.5,32491.0,32641.5,25806,200
1615579200,32641.5,32823.0,32624.0,32802.0,12727,200
1615766400,32831.0,32911.0,32815.5,32863.5,6176,300
1615780800,32863.5,32902.5,32812.5,32837.5,8549,300
1615795200,32837.5,32902.5,32755.5,32887.0,12089,200
1615809600,32887.0,32930.0,32813.5,32834.0,9361,150
1615824000,32834.0,32928.0,32625.5,32817.0,20499,150
1615838400,32817.0,32967.0,32789.0,32929.0,8790,150
1615852800,32936.5,32936.5,32883.5,32912.5,4285,200
1615867200,32912.5,32961.5,32904.0,32922.0,7365,200
1615881600,32921.5,32941.5,32898.5,32913.5,9049,150
1615896000,32913.5,32975.0,32884.0,32939.5,9391,150
1615910400,32939.0,32948.5,32779.0,32836.0,18434,150
1615924800,32836.0,32894.0,32777.5,32867.5,16925,150
1615939200,32863.0,32876.5,32815.0,32831.0,3808,200
1615953600,32831.5,32844.0,32778.0,32811.5,7174,200
1615968000,32811.5,32860.0,32801.5,32834.5,7782,150
1615982400,32834.5,32888.0,32821.5,32885.5,10009,150
1615996800,32885.0,32959.5,32784.0,32885.5,23423,150
1616011200,32885.5,33046.5,32854.0,33010.5,24866,150
1616025600,33022.0,33136.5,33010.5,33125.5,4787,200
1616040000,33125.5,33162.5,33068.0,33091.0,8524,200
1616054400,33091.0,33137.5,32992.5,33013.0,12933,150
1616068800,33012.0,33087.0,32968.0,33014.5,15319,150
1616083200,33014.5,33229.5,32956.5,33113.5,28073,150
1616097600,33113.5,33206.0,32837.5,32910.0,26124,150
1616112000,32914.0,32955.5,32871.0,32948.0,6058,200
1616126400,32948.0,32983.0,32904.0,32949.0,10266,200
1616140800,32949.0,32968.5,32865.5,32944.0,14644,150
1616155200,32944.0,32960.0,32853.0,32908.5,11683,150
1616169600,32908.0,32908.0,32513.0,32729.0,37849,150
1616184000,32729.0,32787.5,32600.0,32621.5,18330,150
1616371200,32561.5,32613.5,32535.0,32537.5,6773,200
1616385600,32537.0,32594.5,32486.5,32576.0,10044,200
1616400000,32575.5,32587.5,32432.0,32536.5,13685,150
1616414400,32535.5,32626.5,32494.0,32586.5,10791,150
1616428800,32586.5,32721.0,32514.0,32710.5,24203,150
1616443200,32710.5,32809.5,32683.0,32771.0,13328,150
1616457600,32768.5,32805.5,32743.0,32767.5,4198,200
1616472000,32767.0,32786.5,32675.5,32676.0,8470,200
1616486400,32675.5,32699.0,32590.5,32650.5,11667,150
1616500800,32650.5,32664.0,32558.0,32620.5,12647,150
1616515200,32620.5,32759.5,32591.5,32705.0,27997,150
1616529600,32705.0,32731.5,32356.5,32453.0,24346,150
1616544000,32466.0,32470.0,32403.5,32423.5,6179,200
1616558400,32423.5,32452.5,32356.5,32397.5,10036,200
1616572800,32397.5,32512.0,32369.0,32491.0,12318,150
1616587200,32491.0,32569.0,32486.5,32531.5,10318,150
1616601600,32531.5,32784.5,32513.5,32711.5,31394,150
1616616000,32711.5,32713.5,32418.5,32456.0,27068,150
1616630400,32474.5,32529.5,32448.5,32528.5,4603,200
1616644800,32528.5,32584.5,32445.5,32512.5,10613,200
1616659200,32512.5,32558.5,32442.0,32502.0,12024,150
1616673600,32502.0,32526.5,32257.5,32281.0,15575,150
1616688000,32280.0,32477.0,32067.0,32472.0,43402,150
1616702400,32470.5,32685.5,32407.0,32674.0,29091,150
1616716800,32676.5,32699.5,32619.5,32639.5,5383,200
1616731200,32639.0,32725.0,32614.5,32716.5,8226,200
1616745600,32716.5,32767.5,32704.0,32734.5,9909,150
1616760000,32734.5,32797.5,32680.5,32748.5,10382,150
1616774400,32748.5,32875.0,32705.0,32842.5,24753,150
1616788800,32842.5,33105.5,32676.0,33074.0,23712,150
1616976000,33043.0,33071.0,32945.5,32954.0,6059,200
1616990400,32954.0,33002.5,32935.5,32967.0,9731,200
1617004800,32967.5,33017.0,32869.0,32896.0,15232,150
1617019200,32895.0,32968.5,32874.5,32910.0,9088,150
1617033600,32910.5,33132.5,32898.5,33123.0,32521,150
1617048000,33123.0,33260.0,33095.5,33180.0,22925,150
1617062400,33206.0,33222.0,33130.5,33140.5,4759,200
1617076800,33140.5,33224.5,33126.5,33204.0,6453,200
1617091200,33204.0,33255.5,33179.0,33217.0,9960,150
1617105600,33217.0,33248.0,33102.5,33116.0,9386,150
1617120000,33116.0,33170.5,32985.0,33043.0,28015,150
1617134400,33043.5,33163.0,32990.5,33060.5,16653,150
1617148800,33056.0,33110.5,33019.0,33105.0,5306,200
1617163200,33105.0,33125.0,33036.0,33046.5,6909,200
1617177600,33046.5,33068.0,32996.5,33034.0,9475,150
1617192000,33033.5,33055.5,32990.0,33037.0,6752,150
1617206400,33037.0,33170.0,33025.5,33114.0,19380,150
1617220800,33114.0,33139.5,33007.5,33031.5,15068,150
1617235200,33037.0,33065.0,33006.5,33055.5,4035,200
1617249600,33055.0,33058.0,32966.0,32990.0,6655,200
1617264000,32990.0,33080.5,32983.0,33078.5,8348,150
1617278400,33078.5,33089.5,33010.0,33082.5,6917,150
1617292800,33082.5,33156.5,32988.0,33138.0,19061,150
1617307200,33138.0,33182.5,33086.0,33175.0,10304,150
1617321600,33173.5,33173.5,33132.0,33158.5,2435,200
1617336000,33158.5,33161.5,33129.0,33137.5,2004,200
1617350400,33137.5,33200.0,33133.0,33197.0,2276,150
1617364800,33197.0,33375.0,33174.0,33322.0,4147,150
1617379200,33322.5,33338.0,33293.0,33314.5,684,150
1617580800,33326.0,33367.0,33267.0,33357.5,5118,200
1617595200,33357.5,33374.5,33340.5,33360.5,3530,200
1617609600,33360.5,33364.0,33301.0,33339.5,3597,150
1617624000,33339.5,33403.0,33333.0,33394.0,4015,150
1617638400,33394.5,33613.5,33381.0,33555.0,17129,150
1617652800,33555.0,33574.0,33487.0,33545.0,12638,150
1617667200,33528.5,33567.5,33493.0,33500.5,3746,200
1617681600,33500.5,33507.5,33423.5,33445.0,5351,200
1617696000,33444.5,33515.5,33409.0,33452.5,8508,150
1617710400,33485.0,33504.0,33438.0,33457.5,6724,150
1617724800,33457.5,33543.0,33444.0,33480.5,17158,150
1617739200,33479.5,33488.0,33377.5,33437.5,11407,150
1617753600,33444.5,33486.5,33433.5,33479.5,3016,200
1617768000,33479.5,33481.0,33426.5,33460.5,5443,200
1617782400,33460.5,33473.0,33430.0,33452.5,6988,150
1617796800,33452.5,33461.5,33370.0,33373.5,6727,150
1617811200,33373.5,33518.0,33344.5,33419.5,18823,150
1617825600,33419.0,33468.5,33366.5,33462.5,11930,150
1617840000,33453.5,33500.0,33431.5,33456.0,3397,200
1617854400,33456.5,33503.5,33442.5,33486.5,5082,200
1617868800,33486.5,33530.0,33427.0,33449.5,7169,150
1617883200,33449.5,33463.0,33399.5,33408.5,6572,150
1617897600,33408.5,33460.0,33335.0,33437.0,17060,150
1617912000,33437.0,33575.0,33424.5,33566.0,8226,150
1617926400,33554.5,33585.0,33539.0,33570.0,3224,200
1617940800,33569.0,33574.0,33484.5,33525.5,5088,200
1617955200,33525.5,33572.5,33493.0,33565.5,7897,150
1617969600,33565.5,33604.5,33540.0,33540.0,7417,150
1617984000,33540.0,33649.0,33520.5,33596.0,15588,150
1617998400,33596.0,33805.0,33583.5,33751.5,9757,150
1618185600,33762.0,33796.0,33712.5,33760.0,4871,200
1618200000,33760.0,33765.0,33684.0,33685.5,6364,200
1618214400,33685.5,33723.0,33669.0,33703.0,8218,150
1618228800,33703.0,33763.0,33700.0,33739.5,5866,150
1618243200,33740.0,33784.0,33689.5,33741.5,15762,150
1618257600,33741.5,33772.0,33661.0,33748.5,10338,150
1618272000,33754.0,33775.0,33732.0,33760.0,2940,200
1618286400,33760.0,33779.5,33740.0,33749.5,4793,200
1618300800,33750.0,33788.0,33723.5,33772.0,6403,150
1618315200,33771.5,33824.5,33573.0,33684.0,11643,150
1618329600,33684.5,33688.5,33544.5,33565.5,16825,150
1618344000,33565.5,33740.5,33554.5,33685.0,10349,150
1618358400,33687.5,33692.0,33631.5,33639.0,2606,200
1618372800,33639.0,33684.5,33633.0,33680.5,5204,200
1618387200,33680.5,33702.0,33660.5,33693.0,7312,150
1618401600,33693.0,33710.5,33651.5,33664.5,6247,150
1618416000,33664.5,33912.5,33650.0,33877.5,18381,150
1618430400,33877.5,33880.5,33705.5,33775.0,17886,150
1618444800,33766.0,33818.0,33760.5,33804.0,3436,200
1618459200,33804.0,33816.0,33771.5,33798.0,6438,200
1618473600,33798.0,33869.5,33792.0,33855.5,6983,150
1618488000,33855.0,33929.5,33847.5,33890.0,7036,150
1618502400,33890.0,34041.0,33872.5,34023.0,16607,150
1618516800,34023.0,34071.0,33975.5,34046.5,12018,150
1618531200,34051.0,34052.0,33990.0,33997.0,2712,200
1618545600,33996.0,34023.0,33993.0,34022.0,5014,200
1618560000,34022.0,34061.0,33993.5,34049.0,6969,150
1618574400,34049.0,34121.0,34038.5,34119.5,7465,150
1618588800,34119.5,34247.0,34105.0,34123.5,18292,150
1618603200,34123.5,34251.0,34109.0,34163.0,10268,150
1618790400,34120.5,34146.5,34068.5,34097.5,3523,200
1618804800,34097.5,34117.5,34073.5,34101.5,5519,200
1618819200,34101.5,34155.0,34061.5,34128.0,6902,150
1618833600,34128.0,34147.5,34085.0,34144.0,6663,150
1618848000,34144.0,34147.0,33978.5,34002.0,20748,150
1618862400,34002.5,34135.5,33992.5,34115.0,12928,150
1618876800,34114.0,34155.0,34103.0,34133.0,2844,200
1618891200,34133.0,34180.5,34123.5,34148.0,5631,200
1618905600,34148.0,34178.0,34029.5,34050.0,7780,150
1618920000,34050.0,34050.0,33877.0,33941.5,11626,150
1618934400,33941.5,33998.5,33726.0,33842.5,22087,150
1618948800,33841.5,33841.5,33689.0,33807.0,12174,150
1618963200,33818.0,33840.5,33799.5,33820.0,3980,200
1618977600,33820.0,33822.5,33752.5,33781.0,7280,200
1618992000,33781.0,33866.0,33741.5,33823.5,9062,150
1619006400,33823.5,33864.0,33743.0,33762.5,8591,150
1619020800,33762.0,34040.0,33758.0,34036.0,16149,150
1619035200,34036.0,34152.0,34032.5,34094.5,9072,150
1619049600,34090.5,34096.0,34062.5,34075.5,2899,200
1619064000,34075.5,34123.5,34056.0,34116.5,6714,200
1619078400,34116.5,34151.0,34094.5,34101.5,7809,150
1619092800,34101.5,34144.0,34095.0,34108.5,6702,150
1619107200,34108.5,34136.0,33956.0,34125.5,16259,150
1619121600,34125.5,34127.0,33718.5,33830.0,21865,150
1619136000,33832.0,33858.5,33804.0,33844.0,3905,200
1619150400,33844.0,33880.5,33833.5,33853.5,5619,200
1619164800,33853.5,33906.0,33795.5,33884.0,8369,150
1619179200,33884.0,33887.5,33759.0,33769.5,7682,150
1619193600,33769.5,34075.0,33711.0,34052.0,16487,150
1619208000,34052.5,34158.5,34004.5,34015.5,9398,150
1619395200,34033.5,34064.5,33992.5,34031.0,2967,200
1619409600,34031.0,34099.5,34016.5,34096.0,4871,200
1619424000,34096.0,34101.5,34038.5,34048.0,6770,150
1619438400,34047.5,34107.5,34025.5,34089.0,6402,150
1619452800,34089.0,34147.0,34030.5,34043.5,14079,150
1619467200,34044.0,34048.0,33938.0,33998.0,10028,150
1619481600,33981.5,34019.0,33965.0,33988.5,3030,200
1619496000,33988.0,34022.0,33976.5,34013.0,4523,200
1619510400,34013.0,34076.5,33998.5,34013.5,6447,150
1619524800,34013.5,34019.5,33924.5,33949.0,6408,150
1619539200,33949.0,33981.0,33866.5,33925.0,15508,150
1619553600,33925.0,34040.5,33884.5,33912.5,10018,150
1619568000,33925.5,33935.0,33894.5,33906.5,2572,200
1619582400,33907.0,33953.0,33896.5,33942.0,3708,200
1619596800,33942.0,33971.0,33899.0,33938.5,5754,150
1619611200,33938.5,33966.0,33882.5,33930.5,6118,150
1619625600,33930.5,33936.0,33805.0,33875.5,13815,150
1619640000,33875.5,33949.0,33793.5,33815.5,14132,150
1619654400,33825.0,33887.0,33816.5,33881.5,2143,200
1619668800,33881.0,33943.5,33874.0,33916.0,4043,200
1619683200,33916.0,33985.5,33913.5,33951.5,6134,150
1619697600,33951.5,34015.5,33939.0,33998.5,6085,150
1619712000,33998.0,34032.5,33733.0,33911.0,19715,150
1619726400,33910.5,34083.5,33891.5,34023.0,12378,150
1619740800,34036.0,34047.0,33996.0,34030.0,3853,200
1619755200,34030.0,34034.0,33973.0,33994.5,4581,200
1619769600,33994.0,34031.5,33955.0,33994.5,6917,150
1619784000,33994.5,34011.5,33864.5,33917.5,8375,150
1619798400,33917.5,33965.5,33786.0,33853.0,18826,150
1619812800,33853.0,33928.5,33811.0,33906.5,13829,150
1620000000,33955.0,34031.0,33933.5,34028.0,3304,150
1620014400,34028.0,34029.0,33964.5,34006.5,3963,150
1620028800,34006.5,34082.5,33961.5,34064.0,5454,100
1620043200,34064.0,34106.0,33974.0,34036.0,7283,100
1620057600,34036.0,34222.5,34035.0,34170.5,16705,100
1620072000,34170.5,34191.0,34088.5,34105.5,8699,100
1620086400,34117.5,34122.0,34076.5,34097.5,2401,150
1620100800,34097.5,34097.5,34030.5,34071.0,3896,150
1620115200,34069.5,34132.0,34049.0,34092.5,7261,100
1620129600,34092.5,34141.0,33935.0,33969.0,10687,100
1620144000,33969.0,34071.5,33764.5,33960.0,24105,100
1620158400,33960.0,34154.5,33947.0,34134.5,14674,100
1620172800,34145.5,34202.5,34114.0,34191.5,3445,150
1620187200,34191.5,34243.0,34183.5,34218.5,3702,150
1620201600,34218.5,34248.5,34163.0,34222.5,8258,100
1620216000,34222.5,34241.0,34184.0,34218.5,6715,100
1620230400,34218.5,34294.5,34036.0,34236.5,16457,100
1620244800,34237.5,34330.0,34202.5,34224.5,12201,100
1620259200,34226.0,34257.5,34195.5,34244.5,4147,150
1620273600,34244.5,34287.0,34179.0,34221.0,6576,150
1620288000,34221.0,34322.5,34220.5,34251.5,8573,100
1620302400,34252.0,34282.5,34201.0,34260.0,10289,100
1620316800,34260.0,34452.0,34187.5,34385.5,20458,100
1620331200,34385.5,34557.5,34309.5,34557.0,14756,100
1620345600,34529.0,34532.5,34493.5,34525.0,3006,150
1620360000,34525.0,34578.0,34523.0,34558.0,4835,150
1620374400,34558.0,34571.5,34516.0,34568.5,6973,100
1620388800,34568.5,34652.5,34468.5,34516.0,8771,100
1620403200,34516.5,34731.5,34461.0,34715.5,17404,100
1620417600,34715.5,34818.5,34690.5,34806.5,12030,100
1620604800,34791.4,34897.1,34787.9,34877.9,6275,150
1620619200,34876.4,34907.4,34856.9,34863.4,9463,150
1620633600,34863.4,34883.6,34825.6,34845.6,15718,100
1620648000,34845.1,34916.1,34831.1,34899.6,13960,100
1620662400,34899.6,35091.8,34882.6,35023.8,30042,100
1620676800,35024.1,35036.2,34703.6,34729.1,27314,100
1620691200,34739.5,34822.5,34637.0,34674.6,10911,150
1620705600,34674.5,34726.7,34595.5,34636.8,20822,150
1620720000,34636.9,34717.8,34534.4,34566.0,24045,100
1620734400,34566.1,34668.4,34437.7,34449.2,24627,100
1620748800,34449.7,34505.6,34073.0,34147.0,38800,100
1620763200,34147.2,34340.9,34132.9,34231.9,30987,100
1620777600,34235.8,34319.2,34118.8,34143.9,10166,150
1620792000,34144.0,34201.7,33986.8,34085.3,24304,150
1620806400,34085.3,34260.5,34068.5,34174.5,24820,100
1620820800,34174.5,34226.0,34011.0,34178.2,24235,100
1620835200,34180.1,34217.7,33763.3,33821.4,39828,100
1620849600,33820.8,33882.0,33551.8,33573.3,30328,100
1620864000,33591.7,33721.9,33586.9,33694.4,11239,150
1620878400,33695.0,33739.2,33646.9,33685.4,19895,150
1620892800,33685.4,33690.0,33286.7,33367.4,27285,100
1620907200,33367.8,33621.7,33345.2,33590.3,26948,100
1620921600,33590.2,34142.8,33588.7,34002.0,37646,100
1620936000,34004.9,34176.9,33835.3,34047.2,30212,100
1620950400,34033.9,34102.4,33994.4,34096.4,10420,150
1620964800,34098.4,34152.6,34042.9,34135.4,18671,150
1620979200,34135.4,34201.7,34104.2,34169.7,21862,100
1620993600,34168.9,34202.9,34077.4,34150.9,18458,100
1621008000,34152.6,34361.9,34128.9,34357.9,31752,100
1621022400,34357.9,34458.1,34347.4,34425.9,22769,100
1621209600,34392.7,34448.6,34296.9,34317.8,10912,150
1621224000,34316.4,34365.9,34262.4,34318.9,18518,150
1621238400,34318.9,34382.2,34232.7,34331.0,20748,100
1621252800,34331.0,34334.0,34202.0,34247.0,18257,100
1621267200,34247.0,34379.8,34166.3,34281.3,35588,100
1621281600,34279.3,34386.1,34206.8,34368.7,27323,100
1621296000,34359.5,34419.3,34327.8,34411.8,7885,150
1621310400,34411.8,34449.3,34392.9,34419.8,11803,150
1621324800,34420.1,34486.6,34389.5,34395.0,14428,100
1621339200,34395.0,34426.3,34324.0,34348.0,15652,100
1621353600,34347.0,34403.0,34191.7,34262.7,31244,100
1621368000,34264.0,34291.8,33973.8,33987.8,25583,100
1621382400,34006.1,34058.0,33909.0,34003.7,10788,150
1621396800,34005.2,34050.0,33880.5,33909.5,17040,150
1621411200,33909.5,33999.1,33807.1,33836.6,23493,100
1621425600,33837.8,33927.7,33643.1,33663.1,22565,100
1621440000,33663.1,33813.6,33472.8,33796.3,37980,100
1621454400,33795.8,33924.0,33632.3,33857.8,30230,100
1621468800,33852.4,33894.9,33783.4,33859.4,9868,150
1621483200,33859.4,33903.4,33782.4,33900.4,17426,150
1621497600,33898.4,33904.4,33679.9,33706.9,19327,100
1621512000,33707.0,33862.9,33639.4,33862.4,19297,100
1621526400,33862.4,34237.9,33855.4,34084.2,32159,100
1621540800,34085.0,34224.5,34061.4,34075.9,24902,100
1621555200,34079.3,34181.0,34073.3,34165.7,8491,150
1621569600,34165.3,34176.3,34092.8,34154.3,15052,150
1621584000,34154.3,34193.3,34078.5,34128.5,17868,100
1621598400,34128.5,34247.7,34128.5,34222.5,17066,100
1621612800,34222.5,34417.1,34137.1,34163.6,32682,100
1621627200,34163.1,34303.5,34157.1,34253.1,24119,100
1621814400,34187.2,34333.6,34148.2,34324.2,11942,150
1621828800,34324.2,34354.1,34288.7,34312.2,15664,150
1621843200,34312.2,34381.3,34301.9,34319.9,14697,100
1621857600,34319.9,34351.4,34289.9,34337.9,11199,100
1621872000,34337.9,34451.6,34308.9,34412.5,26936,100
1621886400,34412.7,34474.6,34388.8,34437.6,19229,100
1621900800,34434.0,34463.9,34406.4,34443.4,8262,150
1621915200,34443.4,34475.3,34427.4,34454.4,12415,150
1621929600,34454.4,34530.8,34452.9,34493.7,16126,100
1621944000,34493.7,34502.8,34461.7,34473.2,11801,100
1621958400,34474.7,34505.2,34306.8,34419.7,30506,100
1621972800,34419.7,34419.7,34266.2,34339.2,23647,100
1621987200,34338.3,34406.5,34336.0,34397.0,7781,150
1622001600,34397.0,34414.7,34384.0,34399.0,10429,150
1622016000,34399.0,34442.2,34358.3,34395.3,15795,100
1622030400,34395.3,34460.1,34356.3,34372.3,14417,100
1622044800,34372.3,34415.1,34271.4,34380.8,27428,100
1622059200,34380.8,34394.2,34287.8,34335.3,20347,100
1622073600,34336.5,34354.5,34266.3,34290.0,7492,150
1622088000,34290.0,34304.8,34236.0,34292.5,13036,150
1622102400,34292.6,34321.8,34209.3,34286.0,16913,100
1622116800,34286.2,34472.8,34270.3,34472.3,15624,100
1622131200,34472.4,34614.5,34384.3,34435.3,29692,100
1622145600,34435.3,34607.7,34393.3,34602.8,22964,100
1622160000,34586.1,34639.5,34568.1,34614.1,7256,150
1622174400,34614.1,34637.4,34602.1,34629.6,9975,150
1622188800,34629.6,34658.9,34582.3,34653.4,14108,100
1622203200,34653.4,34660.9,34584.4,34595.9,12715,100
1622217600,34595.9,34640.2,34519.1,34586.1,26661,100
1622232000,34585.6,34604.1,34528.6,34564.6,20161,100
1622419200,34565.4,34598.6,34553.1,34581.6,7071,150
1622433600,34581.7,34590.2,34550.6,34555.6,9604,150
1622448000,34555.8,34587.4,34549.6,34561.9,10535,100
1622462400,34561.9,34575.4,34521.9,34532.9,8556,100
1622476800,34532.9,34533.0,34433.9,34463.4,9473,100
1622505600,34482.2,34553.7,34481.7,34541.7,7355,150
1622520000,34541.9,34566.7,34505.7,34564.9,11352,150
1622534400,34565.0,34718.3,34539.5,34712.1,17277,100
1622548800,34712.1,34802.6,34696.6,34790.1,14971,100
1622563200,34790.6,34848.8,34582.1,34592.0,28908,100
1622577600,34592.1,34630.1,34540.6,34576.6,19677,100
1622592000,34556.2,34595.6,34497.1,34592.8,8850,150
1622606400,34592.9,34597.1,34554.1,34559.1,10333,150
1622620800,34559.1,34618.4,34520.8,34561.3,16144,100
1622635200,34561.3,34650.3,34560.8,34641.8,14350,100
1622649600,34641.8,34705.8,34547.3,34601.6,27643,100
1622664000,34601.7,34611.0,34555.3,34600.8,20773,100
1622678400,34611.6,34650.1,34596.6,34643.1,5677,150
1622692800,34643.1,34644.1,34600.6,34604.6,8074,150
1622707200,34604.6,34616.1,34515.4,34561.9,13539,100
1622721600,34561.9,34563.2,34341.4,34418.7,20704,100
1622736000,34418.4,34668.7,34323.9,34634.7,31154,100
1622750400,34636.0,34661.1,34562.0,34593.5,23232,100
1622764800,34600.3,34610.5,34486.3,34520.8,8835,150
1622779200,34520.8,34607.3,34516.8,34584.8,12095,150
1622793600,34584.8,34604.6,34532.1,34548.1,16564,100
1622808000,34548.1,34690.5,34486.5,34668.4,17851,100
1622822400,34668.6,34734.5,34622.6,34693.8,26535,100
1622836800,34693.8,34772.2,34684.8,34764.8,16186,100
1623024000,34779.8,34796.8,34724.8,34737.3,7990,150
1623038400,34737.3,34754.3,34705.3,34745.3,10384,150
1623052800,34745.3,34772.4,34669.0,34770.0,14587,100
1623067200,34770.0,34840.8,34734.0,34837.5,15507,100
1623081600,34837.5,34842.7,34599.0,34607.9,26238,100
1623096000,34607.5,34641.0,34577.0,34633.5,17817,100
1623110400,34637.3,34664.0,34603.3,34657.8,6422,150
1623124800,34658.3,34666.3,34581.0,34604.7,10584,150
1623139200,34604.3,34614.1,34568.1,34591.2,13546,100
1623153600,34591.3,34649.6,34473.1,34631.1,18641,100
1623168000,34632.8,34660.1,34447.1,34617.7,29334,100
1623182400,34617.1,34663.1,34588.1,34600.1,19114,100
1623196800,34597.1,34625.1,34574.1,34613.1,6235,150
1623211200,34612.8,34618.1,34574.6,34587.1,8839,150
1623225600,34587.1,34617.1,34572.9,34601.4,13250,100
1623240000,34601.4,34614.4,34526.9,34597.4,15932,100
1623254400,34597.9,34652.9,34527.4,34547.4,25798,100
1623268800,34547.4,34568.3,34433.9,34479.4,17990,100
1623283200,34488.2,34496.7,34464.7,34480.2,5002,150
1623297600,34480.2,34503.7,34473.7,34489.7,6752,150
1623312000,34490.3,34494.9,34399.4,34485.4,14909,100
1623326400,34485.6,34597.9,34423.4,34597.4,12016,100
1623340800,34597.5,34741.5,34549.9,34589.9,15260,100
1623355200,34590.1,34602.9,34450.6,34467.9,19160,100
1623369600,34472.3,34480.3,34431.3,34474.3,5245,150
1623384000,34474.3,34491.3,34453.3,34485.3,6264,150
1623398400,34485.3,34511.5,34450.5,34503.5,9182,100
1623412800,34503.5,34578.5,34503.5,34568.5,12836,100
1623427200,34568.2,34622.1,34322.0,34374.5,22730,100
1623441600,34374.0,34481.3,34366.5,34450.0,12638,100
1623628800,34477.1,34514.6,34461.9,34474.9,5623,150
1623643200,34474.9,34508.3,34460.9,34485.4,4675,150
1623657600,34485.4,34559.7,34467.7,34474.7,11445,100
1623672000,34474.9,34498.9,34405.2,34430.7,10965,100
1623686400,34430.7,34457.7,34206.5,34214.4,14137,100
1623700800,34214.5,34407.1,34210.0,34369.5,14656,100
1623715200,34372.8,34404.8,34349.8,34393.8,5776,150
1623729600,34393.8,34428.3,34374.3,34425.3,9281,150
1623744000,34425.3,34479.6,34400.0,34425.5,7339,100
1623758400,34426.2,34428.4,34359.5,34398.2,10048,100
1623772800,34264.9,34276.2,34199.7,34236.7,9841,100
1623787200,34273.0,34345.0,34269.0,34292.0,12250,100
1623801600,34307.6,34310.5,34274.0,34290.5,4055,150
1623816000,34290.5,34303.8,34258.0,34265.5,7625,150
1623830400,34265.5,34299.9,34265.0,34271.2,8064,100
1623844800,34252.7,34302.2,34223.7,34268.2,9655,100
1623859200,34269.0,34326.4,34184.1,34208.2,24470,100
1623873600,34206.1,34208.6,33909.6,33949.6,27971,100
1623888000,33956.9,33982.4,33806.9,33865.4,9821,150
1623902400,33865.4,33941.2,33833.4,33936.4,10192,150
1623916800,33936.4,33944.3,33853.3,33880.7,16613,100
1623931200,33881.3,33987.5,33881.3,33943.1,18137,100
1623945600,33943.1,34089.0,33621.4,33770.3,33663,100
1623960000,33770.4,33906.7,33765.4,33815.0,25309,100
1623974400,33811.7,33852.7,33784.2,33822.2,7623,150
1623988800,33822.2,33868.9,33814.7,33834.7,9611,150
1624003200,33834.7,33849.5,33774.5,33800.5,15848,100
1624017600,33800.5,33836.0,33426.5,33568.1,24184,100
1624032000,33566.5,33572.4,33279.7,33378.7,35676,100
1624046400,33377.7,33435.0,33201.5,33201.5,25926,100
1624233600,33245.0,33294.4,33193.5,33228.0,11962,150
1624248000,33228.2,33239.4,33029.5,33119.5,21194,150
1624262400,33119.1,33440.4,33096.0,33433.2,25354,100
1624276800,33433.2,33523.2,33417.7,33519.2,22963,100
1624291200,33519.2,33832.3,33452.8,33795.7,30337,100
1624305600,33795.9,33920.9,33793.7,33913.2,21744,100
1624320000,33916.6,33946.6,33867.7,33871.0,7252,150
1624334400,33871.3,33976.6,33861.1,33960.1,10420,150
1624348800,33960.3,33969.8,33823.8,33840.3,18359,100
1624363200,33840.3,33925.7,33825.8,33865.3,18932,100
1624377600,33865.3,33985.5,33741.3,33887.5,27770,100
1624392000,33887.7,34043.0,33875.0,33975.5,19951,100
1624406400,33979.1,34001.6,33962.4,33993.2,6051,150
1624420800,33993.2,34039.7,33989.4,34023.4,9148,150
1624435200,34023.4,34079.1,33991.4,34010.4,15716,100
1624449600,34010.4,34022.9,33924.9,34013.3,17206,100
1624464000,34010.9,34022.2,33881.4,33913.4,26861,100
1624478400,33914.0,33968.4,33868.9,33897.4,17133,100
1624492800,33890.5,33959.8,33890.3,33953.3,5174,150
1624507200,33953.3,33992.3,33948.8,33963.8,7915,150
1624521600,33963.8,34039.0,33939.8,34035.5,14635,100
1624536000,34035.5,34082.6,34004.0,34026.0,13807,100
1624550400,34026.2,34205.4,34019.0,34203.5,26032,100
1624564800,34204.1,34294.2,34184.5,34287.0,19244,100
1624579200,34318.8,34330.8,34287.8,34325.8,5894,150
1624593600,34325.8,34356.8,34311.8,34324.3,9230,150
1624608000,34324.3,34340.3,34250.6,34279.2,14751,100
1624622400,34279.4,34360.0,34263.1,34357.6,14479,100
1624636800,34356.6,34454.6,34312.6,34440.6,23785,100
1624651200,34440.6,34502.2,34413.6,34495.0,18118,100
1624838400,34516.1,34518.1,34469.1,34484.1,6580,150
1624852800,34483.6,34488.1,34454.2,34462.2,6467,150
1624867200,34462.9,34493.4,34396.0,34432.0,15009,100
1624881600,34432.0,34457.5,34382.0,34456.1,15125,100
1624896000,34456.7,34472.9,34201.0,34217.5,27503,100
1624910400,34218.0,34318.4,34182.0,34313.9,18652,100
1624924800,34295.3,34295.4,34250.2,34258.7,5046,150
1624939200,34260.4,34265.7,34231.7,34260.2,7169,150
1624953600,34259.7,34374.5,34257.7,34306.0,14662,100
1624968000,34307.6,34386.5,34303.0,34375.5,15639,100
1624982400,34375.5,34482.5,34314.1,34332.4,26897,100
1624996800,34332.4,34340.0,34264.0,34300.0,18356,100
1625011200,34303.8,34351.8,34293.8,34310.3,5027,150
1625025600,34310.3,34338.8,34301.3,34331.3,7342,150
1625040000,34331.4,34335.7,34167.1,34175.5,16558,100
1625054400,34175.0,34297.2,34126.0,34241.3,20649,100
1625068800,34238.0,34492.5,34205.0,34476.7,28114,100
1625083200,34476.8,34563.5,34448.5,34559.5,17332,100
1625097600,34567.1,34583.6,34531.6,34569.3,5595,150
1625112000,34569.8,34579.4,34558.6,34571.1,7010,150
1625126400,34570.8,34662.3,34563.6,34609.8,14721,100
1625140800,34609.9,34612.7,34505.8,34576.3,21056,100
1625155200,34576.8,34600.0,34489.3,34574.3,27101,100
1625169600,34573.8,34642.3,34565.5,34621.8,17689,100
1625184000,34616.7,34665.5,34608.8,34662.3,4676,150
1625198400,34662.3,34670.3,34639.3,34657.8,7829,150
1625212800,34657.8,34684.3,34604.0,34612.5,15964,100
1625227200,34611.5,34722.1,34602.6,34695.5,16678,100
1625241600,34695.7,34800.1,34609.5,34795.8,25625,100
1625256000,34795.5,34819.7,34740.0,34750.5,18062,100
1625443200,34765.8,34778.1,34693.2,34724.6,5924,150
1625457600,34724.6,34742.5,34713.1,34727.4,7775,150
1625472000,34727.1,34786.8,34700.8,34765.8,14169,100
1625486400,34765.8,34817.8,34762.8,34807.8,11300,100
1625500800,34807.3,34852.0,34788.3,34795.3,7921,100
1625529600,34804.4,34858.9,34800.7,34852.7,4707,150
1625544000,34852.7,34860.2,34820.7,34826.7,7907,150
1625558400,34826.7,34836.2,34752.4,34781.9,17683,100
1625572800,34781.9,34790.5,34733.9,34774.4,14689,100
1625587200,34775.1,34804.7,34351.6,34440.1,32988,100
1625601600,34440.4,34599.6,34437.3,34506.4,20165,100
1625616000,34501.8,34536.7,34475.3,34533.3,6581,150
1625630400,34532.3,34561.8,34522.8,34529.3,10031,150
1625644800,34529.3,34626.1,34522.8,34568.5,17562,100
1625659200,34568.5,34632.7,34525.5,34526.5,16892,100
1625673600,34526.0,34697.9,34432.8,34633.8,31840,100
1625688000,34633.8,34706.3,34594.3,34699.3,21873,100
1625702400,34692.1,34698.6,34637.1,34648.0,5132,150
1625716800,34648.0,34648.6,34564.5,34594.5,10363,150
1625731200,34594.3,34600.0,34257.0,34325.8,25530,100
1625745600,34326.6,34334.8,34113.9,34186.9,30669,100
1625760000,34187.4,34485.1,34139.1,34471.6,36819,100
1625774400,34471.2,34478.2,34290.7,34392.4,26682,100
1625788800,34400.6,34451.1,34369.6,34372.6,9276,150
1625803200,34372.7,34375.6,34253.2,34368.6,17873,150
1625817600,34368.6,34569.1,34365.3,34550.8,24412,100
1625832000,34551.4,34681.2,34543.6,34663.6,22566,100
1625846400,34663.7,34882.3,34575.4,34820.4,28911,100
1625860800,34819.7,34894.6,34809.2,34870.2,18201,100
1626048000,34870.2,34906.2,34843.9,34863.2,7586,150
1626062400,34863.2,34868.8,34798.7,34819.1,11049,150
1626076800,34819.1,34838.0,34678.5,34761.5,19718,100
1626091200,34761.5,34777.2,34659.5,34777.0,20450,100
1626105600,34777.0,35002.7,34721.5,34966.0,29696,100
1626120000,34966.0,35018.0,34965.5,34999.5,18154,100
1626134400,35006.8,35029.5,34978.3,35027.3,4982,150
1626148800,35027.3,35028.8,34977.3,34980.3,7960,150
1626163200,34980.3,34996.3,34921.6,34992.6,15246,100
1626177600,34992.6,34992.6,34863.6,34869.6,16177,100
1626192000,34869.6,35010.8,34864.6,34961.0,29485,100
1626206400,34961.3,34961.8,34884.5,34897.5,24887,100
1626220800,34895.8,34919.3,34857.3,34903.8,6711,150
1626235200,34904.0,34927.5,34815.3,34822.3,11070,150
1626249600,34821.8,34915.9,34787.1,34850.8,19108,100
1626264000,34852.2,34996.3,34849.1,34985.0,16767,100
1626278400,34985.1,35060.7,34828.6,34927.0,32012,100
1626292800,34926.8,34973.6,34868.1,34913.1,23159,100
1626307200,34915.4,34927.9,34845.9,34861.8,5791,150
1626321600,34862.1,34892.9,34841.9,34857.9,11160,150
1626336000,34857.9,34889.1,34761.2,34869.2,19217,100
1626350400,34868.2,34869.9,34710.7,34756.2,24068,100
1626364800,34756.2,34979.2,34741.3,34960.9,32466,100
1626379200,34960.8,34994.7,34842.2,34951.4,25302,100
1626393600,34953.6,34956.1,34896.7,34900.5,7130,150
1626408000,34900.5,35000.2,34886.6,34997.0,12178,150
1626422400,34997.1,35034.3,34944.3,35031.3,18925,100
1626436800,35031.3,35066.1,34977.8,35046.8,18895,100
1626451200,35049.5,35092.7,34824.5,34887.5,32628,100
1626465600,34887.5,34901.7,34646.0,34676.5,25644,100
1626652800,34684.7,34688.2,34463.7,34478.2,12017,150
1626667200,34478.2,34543.9,34465.7,34495.5,14751,150
1626681600,34495.5,34559.4,34318.2,34341.7,24165,100
1626696000,34341.7,34393.3,34150.7,34190.7,28421,100
1626710400,34189.7,34260.9,33749.7,33814.8,39917,100
1626724800,33814.7,34037.4,33740.4,34034.2,31923,100
1626739200,34029.0,34106.5,34008.0,34098.0,8395,150
1626753600,34098.0,34151.1,33960.7,34019.9,17675,150
1626768000,34019.9,34252.3,33993.2,34170.0,25867,100
1626782400,34170.7,34208.4,34058.0,34085.0,27485,100
1626796800,34085.0,34618.4,33984.5,34608.2,35176,100
1626811200,34608.6,34618.4,34496.0,34544.5,24666,100
1626825600,34547.3,34622.5,34539.3,34602.8,7666,150
1626840000,34601.8,34603.7,34476.8,34483.1,15251,150
1626854400,34483.2,34748.8,34482.3,34729.9,23629,100
1626868800,34730.7,34736.7,34574.1,34658.1,23013,100
1626883200,34658.1,34799.1,34642.7,34760.1,30553,100
1626897600,34760.1,34854.1,34743.6,34851.1,18600,80
1626912000,34831.0,34857.7,34811.7,34813.2,4695,150
1626926400,34813.3,34845.2,34809.7,34824.2,6540,150
1626940800,34824.2,34876.5,34814.9,34866.3,16001,100
1626955200,34866.3,34897.5,34722.4,34742.4,17118,100
1626969600,34742.4,34805.0,34666.4,34796.6,33271,100
1626984000,34796.8,34882.4,34786.9,34876.4,20770,100
1626998400,34875.3,34887.2,34848.3,34878.8,3839,150
1627012800,34878.3,34892.7,34850.3,34872.3,6465,150
1627027200,34872.3,34951.7,34860.8,34937.6,15493,100
1627041600,34937.7,35020.5,34937.5,34994.0,14690,100
1627056000,34994.0,35088.8,34919.5,35025.0,29213,100
1627070400,35025.0,35100.0,34981.1,35021.5,20830,100
1627257600,35054.6,35063.3,34922.2,34950.5,8461,150
1627272000,34950.5,34960.5,34891.0,34918.5,12983,150
1627286400,34918.1,34927.3,34761.8,34847.7,21419,100
1627300800,34847.3,35003.5,34841.3,34955.1,18110,100
1627315200,34955.1,35101.1,34943.1,35080.1,30252,100
1627329600,35080.1,35173.9,35073.2,35138.6,20106,100
1627344000,35143.0,35143.1,35070.4,35083.9,5285,150
1627358400,35083.9,35103.4,35057.9,35087.4,11444,150
1627372800,35087.4,35087.4,34906.2,34961.2,22893,100
1627387200,34961.2,35096.2,34927.7,35051.2,20017,100
1627401600,35052.9,35067.1,34872.7,34941.2,35744,100
1627416000,34940.2,35064.7,34893.2,34964.9,28684,100
1627430400,34960.1,35101.8,34949.5,35089.8,9265,150
1627444800,35089.9,35124.9,34956.0,34972.5,20610,150
1627459200,34972.5,35071.6,34932.5,35066.8,25479,100
1627473600,35066.2,35081.3,34980.2,35074.0,20107,100
1627488000,35074.1,35120.7,34925.6,34950.3,31927,100
1627502400,34950.4,35053.7,34872.6,34982.9,26469,100
1627516800,34981.5,34997.8,34930.0,34960.0,6956,150
1627531200,34960.0,34960.6,34882.0,34947.0,14093,150
1627545600,34947.0,35067.1,34939.0,35054.7,18901,100
1627560000,35054.9,35093.3,35040.7,35083.2,15453,100
1627574400,35083.2,35158.8,35036.7,35124.2,28477,100
1627588800,35124.2,35169.1,35062.3,35100.8,21004,100
1627603200,35105.7,35108.2,34947.8,34984.9,11600,150
1627617600,34984.2,35021.2,34945.2,34969.1,17447,150
1627632000,34968.6,35043.4,34907.4,35000.8,24475,100
1627646400,35000.8,35027.4,34933.8,34997.8,21377,100
1627660800,34997.3,35105.4,34941.8,34966.0,31186,100
1627675200,34965.5,34991.2,34865.8,34977.8,22616,100
1627862400,35001.3,35115.1,35001.3,35095.8,9285,150
1627876800,35095.8,35112.4,35044.8,35101.8,13105,150
1627891200,35101.8,35165.0,35069.6,35128.1,18038,100
1627905600,35127.8,35136.8,35006.1,35042.9,18668,100
1627920000,35043.0,35190.9,34904.6,34965.6,32928,100
1627934400,34966.6,34991.6,34806.1,34871.6,24013,100
1627948800,34872.6,34965.6,34862.4,34942.4,7500,150
1627963200,34942.6,34948.9,34870.4,34920.4,14993,150
1627977600,34920.4,35001.5,34911.3,34974.5,18179,100
1627992000,34974.6,35005.8,34890.9,34939.2,15281,100
1628006400,34940.9,35054.6,34712.7,35003.0,33475,100
1628020800,35003.8,35120.4,35002.8,35069.8,21988,100
1628035200,35077.1,35083.6,35043.1,35063.6,6292,150
1628049600,35063.7,35098.5,35054.1,35089.6,9612,150
1628064000,35089.6,35112.9,35062.9,35069.4,9684,100
1628078400,35068.9,35097.4,34956.4,34981.6,16034,100
1628092800,34980.9,35012.5,34789.4,34820.9,32676,100
1628107200,34821.1,34873.9,34792.4,34827.9,21325,100
1628121600,34820.9,34891.8,34812.2,34871.4,5773,150
1628136000,34871.4,34883.1,34846.4,34859.4,9082,150
1628150400,34859.4,34877.9,34780.2,34851.5,15397,100
1628164800,34851.6,34898.9,34835.2,34854.2,14756,100
1628179200,34854.2,35007.6,34846.2,34954.8,26973,100
1628193600,34954.8,35057.7,34948.2,35040.2,18219,100
1628208000,35033.5,35037.0,35003.0,35011.0,4791,150
1628222400,35011.0,35032.5,34997.5,35024.0,7431,150
1628236800,35023.5,35078.8,35017.5,35072.8,11605,100
1628251200,35072.8,35153.5,35058.4,35147.3,13078,100
1628265600,35146.3,35252.1,35145.8,35227.5,29162,100
1628280000,35227.5,35229.5,35158.0,35208.5,17815,100
1628467200,35184.6,35202.7,35086.2,35118.7,9046,150
1628481600,35118.7,35169.2,35102.2,35152.2,9201,150
1628496000,35152.2,35184.5,35080.0,35104.5,16072,100
1628510400,35104.0,35128.8,35070.0,35121.5,12152,100
1628524800,35121.7,35194.3,35044.5,35134.5,26545,100
1628539200,35134.5,35163.5,35085.5,35116.0,16789,100
1628553600,35122.2,35126.8,35080.3,35124.3,4677,150
1628568000,35123.8,35125.2,35028.3,35061.3,9681,150
1628582400,35060.8,35108.7,35050.8,35096.1,12731,100
1628596800,35095.6,35097.6,35067.1,35096.1,8549,100
1628611200,35096.1,35270.5,35088.1,35247.4,28235,100
1628625600,35247.9,35282.1,35234.8,35266.2,18723,100
1628640000,35265.1,35274.3,35237.6,35241.1,5636,150
1628654400,35240.1,35260.1,35224.6,35233.6,7931,150
1628668800,35233.6,35274.4,35212.9,35259.2,13392,100
1628683200,35259.3,35339.1,35249.4,35320.3,13157,100
1628697600,35321.1,35493.3,35317.9,35457.2,28209,100
1628712000,35457.3,35499.1,35446.2,35489.2,17108,100
1628726400,35477.9,35484.0,35459.4,35463.6,4663,150
1628740800,35463.7,35493.2,35462.2,35477.6,7129,150
1628755200,35477.2,35510.9,35436.9,35504.9,11771,100
1628769600,35504.9,35520.3,35478.9,35489.4,10019,100
1628784000,35490.5,35517.6,35349.2,35442.2,27087,100
1628798400,35441.7,35532.5,35419.2,35527.7,17414,100
1628812800,35521.1,35521.1,35488.1,35497.1,5096,150
1628827200,35497.3,35515.1,35487.1,35502.6,7430,150
1628841600,35502.1,35545.9,35494.1,35545.9,10092,100
1628856000,35545.8,35572.3,35532.3,35568.8,10457,100
1628870400,35568.8,35612.5,35488.3,35530.3,24550,100
1628884800,35530.3,35543.2,35475.8,35498.8,16023,100
1629072000,35452.2,35463.2,35378.7,35397.7,6616,150
1629086400,35397.7,35408.7,35351.7,35402.7,10242,150
1629100800,35402.2,35457.7,35331.5,35419.0,16147,100
1629115200,35419.1,35435.5,35322.0,35375.8,16729,100
1629129600,35375.5,35508.6,35231.0,35500.8,30102,100
1629144000,35501.3,35629.6,35488.6,35600.5,18154,100
1629158400,35591.9,35599.4,35539.9,35548.4,5778,150
1629172800,35548.4,35551.3,35518.4,35530.2,9212,150
1629187200,35528.9,35529.2,35376.7,35472.6,19734,100
1629201600,35472.8,35504.5,35379.6,35444.1,19758,100
1629216000,35444.5,35444.5,35130.1,35136.6,34790,100
1629230400,35134.6,35351.8,35118.8,35294.3,27435,100
1629244800,35273.1,35298.5,35241.6,35283.5,7857,150
1629259200,35283.6,35350.3,35275.6,35339.1,11728,150
1629273600,35338.8,35354.6,35243.6,35269.9,16020,100
1629288000,35270.1,35294.3,35222.4,35243.8,16078,100
1629302400,35243.9,35354.4,35181.4,35287.1,31741,100
1629316800,35286.4,35339.9,34867.5,34923.0,29191,100
1629331200,34922.8,34988.3,34914.9,34967.9,8546,150
1629345600,34968.5,35000.6,34908.9,34929.9,15452,150
1629360000,34929.9,34937.4,34593.6,34628.6,28310,100
1629374400,34628.6,34755.9,34561.6,34612.1,28207,100
1629388800,34612.1,34990.5,34612.1,34974.6,37650,100
1629403200,34975.7,34995.8,34705.6,34910.8,29994,100
1629417600,34896.2,34921.7,34808.7,34899.2,9621,150
1629432000,34898.8,34909.2,34757.2,34827.2,19365,150
1629446400,34827.3,34839.3,34646.4,34716.4,21651,100
1629460800,34716.4,34849.2,34686.4,34848.1,21678,100
1629475200,34847.4,35177.4,34833.4,35128.3,32719,100
1629489600,35127.4,35155.4,35052.8,35121.8,22328,100
1629676800,35087.4,35163.8,35086.4,35156.9,8684,150
1629691200,35158.6,35263.4,35155.4,35256.4,13452,150
1629705600,35256.4,35270.1,35172.6,35221.0,19109,100
1629720000,35221.1,35291.2,35209.1,35281.1,15753,100
1629734400,35281.1,35413.0,35258.1,35412.8,26276,100
1629748800,35413.9,35424.8,35329.8,35383.3,17775,100
1629763200,35377.4,35412.6,35372.7,35403.7,5159,150
1629777600,35403.7,35421.2,35388.7,35401.2,7966,150
1629792000,35400.2,35454.5,35376.4,35389.2,16521,100
1629806400,35389.3,35401.8,35344.9,35358.4,15201,100
1629820800,35358.4,35427.0,35356.5,35394.7,26606,100
1629835200,35394.7,35445.2,35360.2,35388.7,15343,100
1629849600,35384.5,35405.0,35355.5,35371.0,5433,150
1629864000,35371.0,35378.4,35308.0,35312.0,10815,150
1629878400,35312.0,35395.8,35311.0,35373.3,12939,100
1629892800,35373.3,35394.8,35351.3,35385.3,13132,100
1629907200,35385.4,35498.8,35282.9,35465.8,24982,100
1629921600,35465.8,35475.8,35393.8,35442.8,17443,100
1629936000,35451.6,35451.6,35391.7,35399.1,4967,150
1629950400,35399.1,35399.5,35357.6,35384.6,10813,150
1629964800,35384.6,35448.5,35342.4,35410.6,17555,100
1629979200,35410.7,35467.8,35379.9,35444.3,16764,100
1629993600,35444.9,35495.4,35268.9,35342.0,31532,100
1630008000,35341.7,35352.4,35205.9,35252.4,23469,100
1630022400,35244.4,35254.9,35167.8,35209.3,6856,150
1630036800,35209.3,35294.9,35199.8,35267.8,11637,150
1630051200,35267.9,35350.8,35252.3,35302.6,15361,100
1630065600,35302.6,35325.7,35249.6,35295.1,13288,100
1630080000,35295.7,35464.8,35258.6,35455.6,27630,100
1630094400,35455.8,35479.1,35434.5,35466.5,15959,100
1630281600,35456.7,35511.8,35419.3,35430.0,8035,150
1630296000,35430.5,35481.8,35412.3,35470.8,10809,150
1630310400,35470.8,35482.3,35451.6,35474.6,11399,100
1630324800,35474.6,35490.6,35455.1,35473.1,8647,100
1630339200,35473.1,35510.5,35377.1,35472.9,25112,100
1630353600,35472.9,35479.3,35396.9,35445.4,15069,100
1630368000,35414.1,35427.6,35384.1,35397.6,5336,150
1630382400,35397.7,35473.7,35377.1,35468.2,10698,150
1630396800,35468.3,35511.7,35434.3,35445.8,17264,100
1630411200,35445.8,35467.7,35317.8,35358.3,21320,100
1630425600,35357.8,35450.4,35286.8,35406.9,28839,100
1630440000,35407.3,35423.5,35322.2,35420.7,21211,100
1630454400,35406.2,35422.6,35379.5,35394.0,6467,150
1630468800,35394.0,35460.7,35389.0,35440.5,11351,150
1630483200,35440.5,35506.6,35436.0,35496.2,15004,100
1630497600,35496.2,35499.4,35433.7,35433.7,15199,100
1630512000,35433.7,35438.6,35282.5,35382.5,28776,100
1630526400,35382.6,35383.0,35288.0,35304.0,17512,100
1630540800,35301.4,35327.6,35236.1,35250.6,6618,150
1630555200,35250.6,35282.1,35240.6,35273.6,10952,150
1630569600,35273.6,35383.3,35262.1,35376.5,14895,100
1630584000,35376.9,35414.9,35347.3,35408.8,12030,100
1630598400,35408.8,35478.1,35370.6,35465.5,25631,100
1630612800,35464.6,35469.6,35351.1,35447.6,21226,100
1630627200,35447.5,35458.1,35422.1,35450.6,5092,150
1630641600,35450.6,35517.6,35426.1,35502.6,13199,150
1630656000,35502.6,35519.5,35450.4,35489.6,13169,100
1630670400,35489.7,35506.4,35380.1,35449.0,13079,100
1630684800,35448.9,35480.4,35265.4,35346.4,30113,100
1630699200,35346.4,35420.4,35344.9,35359.4,17593,100
1630886400,35361.9,35364.3,35279.4,35306.9,6853,150
1630900800,35305.6,35377.4,35304.4,35362.9,9857,150
1630915200,35362.9,35450.6,35350.4,35444.6,13191,100
1630929600,35444.6,35461.7,35436.1,35451.6,8483,100
1630944000,35451.7,35492.6,35434.6,35449.3,6631,100
1630972800,35440.3,35443.0,35387.5,35397.6,5772,150
1630987200,35397.5,35435.0,35387.5,35418.0,10444,150
1631001600,35417.5,35426.0,35348.8,35383.9,15271,100
1631016000,35379.2,35420.0,35335.2,35364.2,15609,100
1631030400,35364.2,35369.7,35058.0,35169.5,29071,100
1631044800,35169.5,35211.8,35076.5,35096.0,17856,100
1631059200,35096.4,35130.3,35048.6,35128.1,6695,150
1631073600,35128.1,35153.4,35078.6,35111.6,11340,150
1631088000,35111.6,35145.4,34899.8,34959.3,22163,100
1631102400,34959.3,35126.5,34951.8,35084.3,20512,100
1631116800,35084.3,35175.2,34922.2,35000.2,33216,100
1631131200,35001.4,35058.9,34973.7,35029.1,21558,100
1631145600,35016.8,35021.7,34949.2,34958.7,5980,150
1631160000,34958.2,34991.1,34875.6,34889.6,13178,150
1631174400,34889.6,34973.6,34785.9,34930.9,22536,100
1631188800,34931.0,35035.7,34900.9,35011.9,18705,100
1631203200,35012.8,35203.3,34975.9,35008.5,30044,100
1631217600,35008.0,35033.2,34842.6,34876.5,25821,100
1631232000,34877.4,34915.3,34855.8,34896.8,6510,150
1631246400,34896.8,35001.3,34852.4,34987.8,8666,150
1631260800,34987.8,35085.0,34975.5,35075.5,14944,100
1631275200,35075.5,35076.5,35022.0,35044.5,11108,100
1631289600,35044.5,35114.7,34706.5,34882.3,31214,100
1631304000,34882.4,34904.5,34602.7,34645.0,21892,100
1631491200,34664.4,34760.9,34650.7,34682.1,9226,150
1631505600,34682.2,34722.4,34661.2,34673.2,13837,150
1631520000,34673.2,34798.1,34605.7,34751.0,18112,100
1631534400,34751.0,34845.4,34737.5,34826.0,13246,100
1631548800,34826.0,34936.2,34775.7,34838.2,33339,100
1631563200,34838.8,34927.2,34687.2,34914.2,24610,100
1631577600,34904.5,34940.5,34889.5,34918.6,6892,150
1631592000,34918.8,34960.5,34910.0,34936.0,12975,150
1631606400,34936.0,34954.5,34817.7,34916.2,18419,100
1631620800,34916.2,35016.8,34782.0,34957.9,16038,100
1631635200,34958.0,34994.0,34619.7,34619.7,29928,100
1631649600,34619.7,34666.4,34508.2,34595.7,22596,100
1631664000,34604.3,34668.2,34586.8,34617.3,6619,150
1631678400,34617.8,34672.8,34565.8,34662.8,13094,150
1631692800,34662.8,34671.8,34590.0,34642.5,17985,100
1631707200,34642.5,34674.5,34499.0,34592.5,15613,100
1631721600,34592.0,34791.5,34511.5,34771.0,32599,100
1631736000,34771.1,34882.0,34771.0,34852.5,22958,100
1631750400,34848.4,34858.6,34824.9,34833.7,4964,150
1631764800,34833.7,34855.7,34780.7,34798.7,12078,150
1631779200,34798.7,34837.4,34766.2,34808.3,16151,100
1631793600,34808.3,34856.9,34732.9,34844.9,14827,100
1631808000,34844.9,34941.2,34531.9,34677.0,32159,100
1631822400,34677.3,34849.9,34633.3,34724.7,23727,100
1631836800,34727.4,34741.7,34685.8,34698.8,5896,150
1631851200,34698.8,34784.3,34675.8,34780.8,10266,150
1631865600,34780.8,34832.0,34757.5,34781.0,15112,100
1631880000,34781.0,34783.0,34637.0,34722.5,20484,100
1631894400,34722.0,34772.9,34519.4,34634.9,33851,100
1631908800,34634.9,34636.1,34489.5,34499.4,27940,100
1632096000,34537.2,34539.7,34458.2,34503.2,8313,150
1632110400,34503.2,34503.2,34200.2,34268.2,16649,150
1632124800,34268.2,34302.9,34077.5,34110.5,26682,100
1632139200,34110.0,34111.1,33893.0,33958.1,24298,100
1632153600,33958.5,34225.7,33818.5,33822.5,37374,100
1632168000,33821.0,33993.0,33613.1,33937.0,31246,100
1632182400,33948.3,34146.3,33928.3,34072.3,10705,150
1632196800,34072.3,34218.1,34044.3,34198.3,16067,150
1632211200,34198.3,34369.9,34119.3,34300.5,23176,100
1632225600,34301.0,34325.5,34158.5,34168.1,18841,100
1632240000,34168.4,34321.4,33914.9,34100.1,37167,100
1632254400,34095.4,34110.9,33841.2,33884.7,30705,100
1632268800,33897.1,33912.5,33766.1,33818.3,10012,150
1632283200,33818.4,34075.3,33785.1,34004.1,20320,150
1632297600,34004.3,34174.4,33999.1,34105.3,20122,100
1632312000,34104.3,34163.5,34065.3,34125.3,14785,100
1632326400,34125.3,34424.3,34053.8,34326.3,31860,100
1632340800,34326.3,34445.5,34193.8,34284.9,29335,100
1632355200,34277.3,34363.7,34277.3,34360.0,6543,150
1632369600,34360.1,34393.7,34334.7,34365.7,11646,150
1632384000,34364.7,34502.7,34344.7,34488.0,16293,100
1632398400,34488.0,34554.0,34364.0,34480.5,20332,100
1632412800,34480.0,34822.6,34419.0,34795.0,32011,100
1632427200,34794.5,34874.2,34755.5,34783.5,23516,100
1632441600,34770.8,34858.8,34763.8,34812.8,7592,150
1632456000,34812.9,34834.5,34729.8,34773.8,12666,150
1632470400,34773.8,34785.8,34636.1,34719.1,19557,100
1632484800,34718.1,34721.6,34587.6,34607.1,19099,100
1632499200,34607.1,34856.5,34594.1,34769.2,31636,100
1632513600,34768.3,34856.9,34735.7,34815.2,21577,100
1632700800,34831.7,34963.0,34829.2,34944.9,8369,150
1632715200,34944.9,34989.3,34930.8,34943.3,9293,150
1632729600,34943.3,35034.7,34919.2,34945.4,14601,100
1632744000,34945.2,34974.8,34785.2,34843.2,20174,100
1632758400,34843.2,35062.5,34815.2,34895.8,32598,100
1632772800,34890.2,34958.5,34846.7,34867.7,23015,100
1632787200,34864.5,34889.8,34810.5,34836.5,7504,150
1632801600,34836.5,34928.3,34812.0,34925.0,11286,150
1632816000,34925.2,34979.2,34703.8,34771.3,22193,100
1632830400,34771.3,34786.3,34662.8,34701.8,23449,100
1632844800,34698.3,34799.9,34274.4,34294.4,39180,100
1632859200,34291.4,34521.6,34251.9,34347.4,32079,100
1632873600,34385.1,34482.3,34332.2,34454.4,9641,150
1632888000,34454.6,34517.1,34334.2,34496.7,18340,150
1632902400,34496.7,34532.7,34415.5,34507.8,23847,100
1632916800,34507.9,34533.0,34348.2,34401.0,20933,100
1632931200,34401.0,34542.8,34300.0,34445.7,35664,100
1632945600,34446.1,34580.6,34363.5,34447.5,27794,100
1632960000,34471.1,34518.8,34438.3,34498.7,8330,150
1632974400,34498.7,34565.8,34466.7,34558.9,12696,150
1632988800,34559.0,34682.9,34556.7,34637.0,21274,100
1633003200,34637.0,34649.0,34478.6,34498.0,21251,100
1633017600,34497.5,34555.7,33905.0,33944.5,35874,100
1633032000,33944.5,34174.0,33829.0,33869.4,32388,100
1633046400,33887.8,33948.3,33853.3,33856.3,10357,150
1633060800,33854.8,33867.0,33615.8,33665.3,19940,150
1633075200,33665.3,33743.7,33526.0,33635.5,27348,100
1633089600,33635.1,34057.2,33621.5,33957.1,24575,100
1633104000,33958.5,34158.5,33783.5,34117.1,35023,100
1633118400,34120.1,34490.1,34090.0,34363.5,26915,100
1633305600,34381.6,34426.3,34243.8,34274.8,13540,150
1633320000,34274.8,34314.7,34148.3,34309.8,23302,150
1633334400,34309.3,34365.5,34104.0,34222.0,28858,100
1633348800,34223.5,34316.8,34160.0,34292.0,24021,100
1633363200,34292.0,34413.2,33818.0,33912.8,37182,100
1633377600,33910.5,34054.7,33856.5,34020.0,30307,100
1633392000,34026.8,34063.3,33871.8,33886.6,12367,150
1633406400,33886.3,34037.3,33816.3,34012.8,24343,150
1633420800,34012.8,34098.5,33931.1,34093.0,26133,100
1633435200,34093.0,34198.4,34086.0,34174.2,19750,100
1633449600,34174.4,34484.4,34048.0,34411.5,34946,100
1633464000,34413.6,34493.2,34307.5,34353.0,26731,100
1633478400,34348.3,34374.8,34279.4,34342.4,9829,150
1633492800,34341.9,34351.7,34129.3,34204.9,25328,150
1633507200,34204.4,34253.8,33999.2,34010.2,28760,100
1633521600,34010.2,34101.2,33908.2,34028.7,26874,100
1633536000,34028.7,34207.0,33851.4,34050.9,39409,100
1633550400,34051.2,34457.9,33978.9,34429.4,28360,100
1633564800,34436.2,34544.7,34434.2,34517.7,12499,150
1633579200,34518.7,34609.3,34500.7,34531.2,16271,150
1633593600,34531.2,34629.6,34505.7,34573.9,23145,100
1633608000,34573.9,34758.4,34548.9,34726.9,18020,100
1633622400,34726.9,34978.9,34667.9,34924.9,30602,100
1633636800,34924.9,34942.1,34736.4,34761.4,24472,100
1633651200,34760.5,34851.4,34748.3,34835.3,11313,150
1633665600,34835.3,34871.3,34780.7,34785.7,16002,150
1633680000,34785.7,34859.7,34721.9,34727.4,21026,100
1633694400,34728.1,34836.9,34666.4,34770.9,18714,100
1633708800,34771.5,34830.6,34654.9,34754.6,33892,100
1633723200,34754.6,34843.6,34684.9,34745.4,25884,100
1633910400,34796.3,34808.3,34522.4,34663.9,14193,150
1633924800,34663.9,34761.5,34663.9,34738.4,16810,150
1633939200,34738.4,34788.6,34631.8,34683.1,23197,100
1633953600,34682.1,34754.1,34611.1,34742.6,20496,100
1633968000,34742.6,34953.3,34700.1,34766.5,32620,100
1633982400,34767.2,34767.6,34443.7,34479.7,29526,100
1633996800,34485.1,34501.2,34326.7,34360.4,12191,150
1634011200,34360.8,34405.1,34280.6,34368.1,19540,150
1634025600,34367.1,34479.3,34245.8,34464.5,25516,100
1634040000,34464.6,34591.6,34437.8,34531.3,22566,100
1634054400,34531.3,34605.3,34383.8,34447.8,36246,100
1634068800,34447.8,34536.9,34298.8,34320.3,27286,100
1634083200,34318.8,34390.2,34293.7,34376.7,9925,150
1634097600,34376.7,34400.1,34320.2,34398.2,14018,150
1634112000,34398.2,34464.1,34269.9,34442.8,21073,100
1634126400,34442.9,34463.6,34315.4,34342.4,20735,100
1634140800,34347.4,34446.4,34109.1,34298.2,35775,100
1634155200,34298.3,34453.9,34286.7,34383.7,25754,100
1634169600,34389.5,34506.2,34380.0,34485.5,8121,150
1634184000,34485.5,34516.3,34460.5,34491.0,9565,150
1634198400,34491.0,34587.6,34472.5,34564.3,17837,100
1634212800,34564.3,34691.8,34562.3,34672.8,16255,100
1634227200,34672.8,34902.2,34661.3,34889.8,31351,100
1634241600,34889.3,34982.0,34834.3,34961.8,21624,0
1634256000,34950.6,34992.8,34924.1,34963.1,8060,150
1634270400,34963.7,35049.3,34917.1,35038.1,13385,150
1634284800,35038.2,35069.6,35005.9,35036.4,17345,100
1634299200,35036.4,35157.1,35016.4,35138.4,15715,100
1634313600,35138.4,35269.2,35105.4,35209.5,30884,100
1634328000,35209.6,35325.2,35195.5,35312.1,20824,100
1634515200,35345.9,35353.1,35238.1,35309.1,11329,150
1634529600,35309.1,35332.6,35275.1,35278.6,12407,150
1634544000,35278.6,35299.6,35161.7,35207.2,17199,100
1634558400,35206.7,35223.7,35093.7,35120.5,18739,100
1634572800,35120.5,35324.5,35033.2,35249.0,30288,100
1634587200,35249.0,35281.0,35209.0,35240.3,19833,100
1634601600,35249.7,35297.9,35210.7,35245.2,7222,150
1634616000,35245.2,35267.7,35196.2,35247.2,10408,150
1634630400,35247.2,35356.1,35238.2,35334.9,16954,100
1634644800,35333.9,35469.4,35319.9,35390.4,15772,100
1634659200,35390.4,35455.8,35289.4,35440.3,28698,100
1634673600,35440.8,35496.5,35359.8,35479.8,18651,100
1634688000,35481.1,35501.6,35451.3,35484.6,7060,150
1634702400,35484.1,35489.3,35435.6,35454.6,9842,150
1634716800,35454.1,35499.0,35405.4,35469.9,15537,100
1634731200,35469.4,35479.4,35425.4,35431.9,13103,100
1634745600,35431.9,35671.8,35417.9,35655.7,27430,100
1634760000,35655.7,35656.8,35556.8,35567.3,22216,100
1634774400,35572.4,35585.0,35536.4,35555.6,6702,150
1634788800,35555.4,35599.1,35514.9,35542.4,11460,150
1634803200,35542.4,35542.4,35481.1,35496.7,19331,100
1634817600,35496.7,35562.1,35487.7,35520.4,14769,100
1634832000,35520.5,35570.3,35443.1,35473.1,29252,100
1634846400,35473.1,35662.1,35463.1,35615.4,20050,100
1634860800,35597.4,35635.7,35555.2,35621.7,9203,150
1634875200,35621.9,35647.2,35594.7,35616.2,10286,150
1634889600,35616.2,35649.1,35573.0,35618.7,17934,100
1634904000,35618.8,35686.1,35600.9,35627.9,14377,100
1634918400,35627.1,35765.7,35533.7,35646.6,33334,100
1634932800,35647.8,35759.8,35603.1,35609.6,24229,100
1635120000,35612.6,35664.7,35568.2,35646.3,10418,150
1635134400,35647.9,35694.4,35618.2,35684.2,12479,150
1635148800,35684.2,35714.0,35650.5,35683.0,16177,100
1635163200,35683.0,35718.3,35662.1,35696.5,12565,100
1635177600,35697.1,35772.2,35627.7,35738.0,29598,100
1635192000,35738.5,35786.7,35712.0,35757.5,21268,100
1635206400,35764.3,35800.0,35740.8,35791.8,6532,150
1635220800,35791.9,35829.8,35773.3,35783.3,7554,150
1635235200,35783.3,35875.7,35748.8,35843.1,15798,100
1635249600,35843.1,35870.1,35823.6,35852.6,11692,100
1635264000,35852.6,35894.8,35736.6,35781.6,31879,100
1635278400,35781.1,35858.7,35747.1,35795.1,26171,100
1635292800,35763.4,35808.8,35749.9,35762.8,10107,150
1635307200,35762.8,35776.7,35726.3,35773.8,9840,150
1635321600,35773.8,35827.5,35756.1,35757.8,15877,100
1635336000,35757.6,35813.3,35698.6,35797.1,20277,100
1635350400,35797.3,35827.7,35611.1,35647.1,33653,100
1635364800,35647.1,35702.6,35499.1,35539.5,23940,100
1635379200,35546.9,35566.2,35526.6,35549.1,6991,150
1635393600,35549.1,35565.1,35524.1,35555.1,8673,150
1635408000,35555.1,35581.4,35513.5,35542.2,17485,100
1635422400,35542.3,35602.1,35499.8,35569.3,17311,100
1635436800,35568.8,35715.7,35539.9,35617.6,32786,100
1635451200,35618.6,35797.6,35611.5,35767.1,24597,100
1635465600,35751.5,35754.5,35680.5,35685.0,9960,150
1635480000,35685.0,35724.7,35661.5,35685.0,12876,150
1635494400,35685.0,35700.9,35603.2,35671.2,20865,100
1635508800,35671.2,35719.2,35639.2,35667.7,21610,100
1635523200,35667.7,35847.1,35623.2,35799.9,31021,100
1635537600,35800.0,35865.5,35710.5,35854.5,22410,100
1635724800,35907.5,35959.8,35867.3,35924.8,10393,150
1635739200,35924.8,35932.0,35884.8,35890.8,11062,150
1635753600,35890.8,35964.2,35853.1,35957.1,14181,100
1635768000,35957.1,36004.1,35940.1,35944.6,12831,100
1635782400,35944.6,36006.2,35799.6,35916.1,30640,100
1635796800,35916.1,35922.4,35815.6,35907.5,22189,100
1635811200,35908.9,35930.3,35884.3,35890.8,6448,150
1635825600,35891.4,35911.5,35813.3,35826.3,10666,150
1635840000,35825.8,35918.5,35817.8,35879.6,15045,100
1635854400,35879.6,35972.7,35864.1,35957.1,15311,100
1635868800,35957.1,36089.8,35879.1,36067.5,28206,100
1635883200,36067.6,36084.6,36026.8,36038.3,19388,100
1635897600,36039.6,36043.1,36012.6,36024.6,3883,150
1635912000,36024.6,36054.1,36002.1,36008.1,6811,150
1635926400,36008.2,36053.4,35993.4,36041.4,9950,100
1635940800,36041.4,36053.4,35972.4,35977.4,11473,100
1635955200,35977.4,36020.1,35915.9,35940.7,28052,100
1635969600,35940.2,36179.4,35889.7,36146.2,24460,100
1635984000,36142.8,36191.0,36131.7,36135.7,6576,150
1635998400,36135.2,36144.9,36117.7,36133.7,7926,150
1636012800,36131.7,36183.4,36114.7,36140.9,12259,100
1636027200,36140.9,36174.2,36118.4,36135.4,12543,100
1636041600,36135.4,36163.9,36001.6,36066.2,29861,100
1636056000,36067.3,36137.2,35987.6,36108.1,22623,100
1636070400,36103.3,36148.8,36097.5,36109.5,5867,150
1636084800,36110.2,36115.5,36075.5,36106.5,8978,150
1636099200,36106.5,36132.3,36068.0,36106.8,11780,100
1636113600,36106.8,36288.5,36106.8,36269.5,16822,100
1636128000,36269.3,36493.0,36246.8,36327.3,31458,100
1636142400,36327.3,36378.9,36185.3,36291.8,26210,100
1636329600,36322.3,36371.2,36274.7,36294.1,10974,150
1636344000,36294.1,36321.3,36288.2,36316.2,8999,150
1636358400,36316.2,36437.0,36294.5,36401.0,15213,100
1636372800,36401.0,36491.6,36378.5,36490.5,11889,100
1636387200,36490.5,36565.1,36336.0,36361.6,30863,100
1636401600,36361.7,36456.4,36349.7,36410.0,21226,100
1636416000,36396.5,36410.0,36319.0,36325.0,7739,150
1636430400,36325.0,36367.0,36303.0,36359.9,8493,150
1636444800,36362.1,36432.2,36345.2,36402.2,11998,100
1636459200,36402.2,36418.1,36318.7,36367.2,12918,100
1636473600,36367.2,36419.4,36174.1,36243.1,34225,100
1636488000,36240.6,36317.6,36185.6,36280.4,23880,100
1636502400,36271.5,36274.0,36219.2,36245.0,8132,150
1636516800,36244.0,36247.4,36168.0,36196.0,9638,150
1636531200,36196.8,36307.2,36194.0,36261.3,16603,100
1636545600,36261.3,36272.7,36196.3,36245.2,19404,100
1636560000,36244.8,36348.4,36195.0,36228.8,31285,100
1636574400,36227.3,36232.8,36005.8,36082.3,29357,100
1636588800,36083.1,36103.5,36019.6,36102.6,10052,150
1636603200,36102.6,36117.1,36038.6,36070.9,10726,150
1636617600,36072.7,36153.6,36065.1,36138.3,15982,100
1636632000,36138.3,36157.1,36093.4,36112.3,14528,100
1636646400,36112.4,36115.4,35955.8,35985.2,28805,100
1636660800,35985.9,35985.9,35917.8,35956.7,19781,100
1636675200,35956.9,36031.6,35951.4,36003.4,7619,150
1636689600,36004.0,36005.9,35953.4,35975.4,7966,150
1636704000,35974.1,35984.4,35933.6,35962.4,13938,100
1636718400,35962.5,36048.8,35953.6,36038.6,11650,100
1636732800,36038.6,36116.7,35931.6,36063.6,28043,100
1636747200,36063.6,36155.5,36036.6,36126.8,18651,100
1636934400,36136.5,36168.1,36105.7,36108.5,8048,150
1636948800,36108.7,36123.7,36068.2,36092.2,6890,150
1636963200,36091.7,36178.5,36046.0,36173.0,12263,100
1636977600,36173.0,36256.6,36169.5,36225.4,11010,100
1636992000,36225.4,36238.2,36072.5,36140.4,27559,100
1637006400,36140.4,36149.1,36033.0,36102.5,20281,100
1637020800,36105.8,36142.8,36073.8,36140.3,6818,150
1637035200,36140.3,36141.8,36068.3,36074.9,7838,150
1637049600,36075.0,36107.4,36028.1,36087.1,12457,100
1637064000,36087.1,36175.1,36047.1,36149.1,14079,100
1637078400,36147.1,36320.1,36133.1,36289.1,29438,100
1637092800,36289.1,36300.1,36134.6,36165.1,18858,100
1637107200,36145.0,36174.0,36136.5,36154.0,5882,150
1637121600,36154.0,36159.8,36107.0,36127.5,5503,150
1637136000,36128.1,36166.8,36103.3,36109.8,9244,100
1637150400,36109.3,36126.9,36053.8,36073.8,9999,100
1637164800,36073.8,36105.5,35924.3,35981.9,30581,100
1637179200,35982.0,36013.3,35891.5,35901.7,22998,100
1637193600,35889.8,35931.3,35877.3,35896.8,7398,150
1637208000,35896.8,35945.7,35880.8,35928.8,8200,150
1637222400,35928.8,36019.6,35927.3,35971.1,10439,100
1637236800,35971.1,36009.6,35933.1,35941.6,11319,100
1637251200,35942.3,35961.8,35651.6,35861.4,31960,100
1637265600,35861.1,35903.6,35841.8,35880.6,21237,100
1637280000,35888.4,35960.9,35874.4,35941.1,7746,150
1637294400,35941.2,36001.4,35935.9,35980.9,9727,150
1637308800,35980.9,36046.4,35797.7,35804.0,15632,100
1637323200,35804.1,35807.6,35603.2,35670.7,28904,100
1637337600,35670.7,35820.9,35590.3,35719.6,32240,100
1637352000,35720.1,35723.0,35548.8,35640.4,22962,100
1637539200,35639.6,35703.1,35616.4,35683.3,8552,150
1637553600,35683.4,35733.9,35682.4,35710.4,7176,150
1637568000,35708.4,35761.2,35700.2,35718.1,13957,100
1637582400,35718.2,35790.8,35625.2,35695.2,17471,100
1637596800,35695.2,35924.9,35682.2,35795.7,34957,100
1637611200,35795.3,35932.9,35584.7,35659.2,25700,100
1637625600,35670.9,35683.2,35625.8,35643.8,7609,150
1637640000,35646.0,35663.5,35560.8,35586.8,10000,150
1637654400,35586.8,35627.7,35421.1,35611.6,24709,100
1637668800,35611.6,35662.1,35561.6,35651.8,20118,100
1637683200,35651.9,35762.3,35539.6,35605.1,36590,100
1637697600,35602.1,35843.6,35591.1,35799.6,28799,100
1637712000,35800.4,35834.9,35770.9,35823.9,8358,150
1637726400,35823.9,35823.9,35723.5,35798.0,10804,150
1637740800,35797.0,35824.5,35640.2,35674.9,20361,100
1637755200,35674.2,35733.7,35612.7,35625.7,25365,100
1637769600,35630.2,35776.2,35583.7,35762.9,33199,100
1637784000,35762.9,35843.4,35669.4,35834.2,23397,100
1637798400,35840.4,35904.1,35831.4,35889.8,7596,150
1637812800,35889.9,35937.5,35873.9,35937.0,7114,150
1637827200,35937.5,35953.2,35876.7,35880.7,11876,100
1637841600,35881.3,35898.6,35815.7,35825.2,13429,100
1637856000,35824.7,35874.6,35809.7,35837.2,11767,100
1637884800,35840.1,35841.3,35483.1,35532.1,15703,150
1637899200,35532.1,35534.8,35330.3,35363.3,19627,150
1637913600,35363.4,35370.1,34857.3,34985.4,33021,100
1637928000,34986.8,35087.6,34933.8,34996.8,30224,100
1637942400,34996.8,35150.8,34742.0,34907.9,38446,100
1637956800,34908.3,34946.9,34689.8,34710.4,1884,100
1638144000,34907.3,35162.8,34907.3,35143.9,19156,150
1638158400,35144.2,35194.8,35010.4,35071.9,15209,150
1638172800,35073.5,35195.3,35020.7,35023.7,25976,100
1638187200,35023.2,35280.1,35022.7,35259.2,23489,100
1638201600,35259.4,35303.3,34897.2,35241.7,35867,100
1638216000,35241.7,35264.2,35114.7,35182.2,25638,100
1638230400,35198.2,35278.4,35195.2,35255.9,8989,150
1638244800,35255.9,35264.8,34726.4,34729.4,16651,150
1638259200,34729.4,34826.7,34495.9,34669.1,30303,100
1638273600,34669.3,34880.4,34606.6,34871.0,26931,100
1638288000,34871.1,34992.8,34453.6,34517.4,41295,100
1638302400,34520.2,34682.8,34429.6,34569.1,32920,100
1638316800,34574.9,34611.6,34440.8,34587.0,14468,150
1638331200,34587.1,34650.3,34549.8,34617.0,12538,150
1638345600,34616.8,34830.0,34595.3,34794.5,23378,100
1638360000,34794.5,34836.5,34740.0,34806.5,20552,100
1638374400,34806.5,35003.1,34675.5,34686.0,37492,100
1638388800,34687.1,34727.1,33952.1,34038.0,36490,100
1638403200,34108.2,34225.1,34040.9,34216.9,14832,150
1638417600,34216.1,34282.0,34165.9,34259.4,14233,150
1638432000,34259.4,34385.2,34150.1,34347.1,24494,100
1638446400,34346.1,34362.8,34128.6,34207.1,27736,100
1638460800,34205.1,34698.7,34079.6,34655.1,41397,100
1638475200,34653.1,34761.7,34569.1,34729.3,31894,100
1638489600,34708.9,34742.0,34429.9,34510.9,15031,150
1638504000,34510.9,34705.6,34487.9,34686.9,12460,150
1638518400,34687.6,34745.1,34625.7,34638.7,20270,100
1638532800,34638.8,34782.2,34520.7,34744.7,23668,100
1638547200,34744.7,34808.4,34360.7,34490.7,42142,100
1638561600,34490.7,34640.6,34263.2,34573.7,35324,100
1638748800,34626.9,34842.4,34596.2,34810.7,18243,150
1638763200,34809.7,34849.7,34776.7,34825.7,15110,150
1638777600,34825.7,34866.0,34719.5,34738.7,23081,100
1638792000,34740.7,34854.2,34645.5,34837.0,23286,100
1638806400,34832.5,35289.0,34815.0,35288.8,37790,100
1638820800,35288.3,35357.3,35202.9,35273.3,28801,100
1638835200,35264.1,35335.6,35208.2,35310.6,11451,150
1638849600,35310.6,35432.6,35262.6,35429.6,13641,150
1638864000,35426.7,35543.6,35394.6,35522.9,21069,100
1638878400,35522.9,35638.6,35520.9,35545.9,17559,100
1638892800,35545.5,35820.4,35513.4,35757.8,30525,100
1638907200,35757.4,35805.4,35595.4,35787.2,24689,100
1638921600,35794.7,35809.6,35682.2,35758.2,11406,150
1638936000,35758.4,35844.7,35757.7,35819.2,13177,150
1638950400,35818.7,35827.7,35726.5,35779.9,18985,100
1638964800,35779.7,35935.1,35633.0,35773.0,21471,100
1638979200,35767.0,35842.8,35604.6,35672.3,32032,100
1638993600,35672.2,35797.1,35642.6,35743.9,21101,100
1639008000,35747.4,35757.5,35712.5,35747.5,7382,150
1639022400,35747.5,35800.5,35660.5,35678.5,10208,150
1639036800,35679.5,35761.5,35636.7,35679.2,14922,100
1639051200,35679.2,35680.9,35575.8,35614.7,19248,100
1639065600,35614.7,35808.4,35580.2,35806.3,31553,100
1639080000,35805.8,35864.0,35718.3,35747.3,26585,100
1639094400,35747.2,35801.4,35710.2,35769.2,9428,150
1639108800,35768.2,35788.7,35710.2,35726.2,7705,150
1639123200,35726.2,35815.5,35723.2,35806.4,13380,100
1639137600,35806.4,35981.6,35795.4,35953.4,15139,100
1639152000,35954.1,35962.4,35712.2,35837.6,33814,100
1639166400,35837.6,35989.6,35832.6,35982.1,23405,100
1639353600,36003.7,36128.8,35991.7,36122.9,11728,150
1639368000,36122.9,36124.3,36062.9,36089.5,10213,150
1639382400,36086.6,36108.9,36021.2,36074.9,16171,100
1639396800,36075.0,36091.2,35963.2,35972.2,15243,100
1639411200,35972.2,35973.2,35608.0,35639.5,35151,100
1639425600,35639.5,35790.0,35627.5,35686.0,25129,100
1639440000,35698.8,35727.9,35664.8,35699.3,11188,150
1639454400,35701.0,35708.1,35646.3,35678.8,8653,150
1639468800,35679.3,35784.1,35584.6,35589.6,15517,100
1639483200,35590.7,35684.6,35521.0,35542.0,19197,100
1639497600,35540.0,35781.5,35434.9,35445.9,35155,100
1639512000,35444.5,35639.9,35441.9,35566.4,24694,100
1639526400,35567.8,35611.1,35527.1,35581.1,9882,150
1639540800,35578.1,35616.7,35542.7,35599.5,9362,150
1639555200,35599.6,35618.7,35510.9,35565.4,19141,100
1639569600,35565.4,35601.1,35498.4,35531.9,18060,100
1639584000,35531.9,35571.2,35380.4,35545.1,31696,100
1639598400,35545.1,35974.1,35402.6,35952.6,31741,100
1639612800,35943.5,36000.9,35886.4,35895.4,11525,150
1639627200,35897.1,36012.4,35896.4,36006.2,10658,150
1639641600,36004.4,36110.4,35999.4,36097.6,19027,100
1639656000,36097.6,36209.6,36083.6,36121.6,18676,100
1639670400,36123.2,36193.8,35929.9,35935.2,37094,100
1639684800,35935.8,36049.2,35772.7,35941.2,31721,100
1639699200,35939.6,35969.6,35879.1,35950.1,11513,150
1639713600,35950.1,35964.1,35815.1,35863.1,14896,150
1639728000,35863.7,35982.9,35823.3,35917.3,23006,100
1639742400,35917.3,35930.3,35721.3,35754.3,24119,100
1639756800,35754.3,35760.4,35274.3,35483.1,41035,100
1639771200,35480.6,35594.1,35322.6,35453.6,32049,100
1639958400,35392.8,35437.1,35112.2,35127.9,17906,150
1639972800,35127.7,35142.2,35006.2,35032.7,19479,150
1639987200,35028.7,35056.2,34738.9,34840.4,28365,100
1640001600,34837.9,35075.4,34837.9,34953.9,20498,100
1640016000,34954.0,35005.4,34663.4,34700.9,36514,100
1640030400,34699.4,35038.2,34681.5,35023.4,30099,100
1640044800,35040.3,35126.1,34976.1,35110.8,13225,150
1640059200,35110.9,35203.6,35054.6,35201.1,13181,150
1640073600,35199.1,35230.5,35043.3,35088.8,21029,100
1640088000,35090.0,35280.6,35079.8,35229.4,19237,100
1640102400,35228.8,35506.7,35158.3,35501.3,35360,100
1640116800,35501.3,35535.5,35377.5,35523.0,25484,100
1640131200,35526.4,35551.6,35476.1,35509.1,8155,150
1640145600,35509.1,35523.6,35472.6,35506.6,8593,150
1640160000,35507.8,35541.6,35406.3,35457.3,14288,100
1640174400,35457.3,35573.3,35432.3,35450.8,13730,100
1640188800,35450.8,35734.0,35426.9,35717.3,31453,100
1640203200,35717.5,35781.8,35640.3,35757.8,23551,100
1640217600,35771.7,35792.2,35745.2,35758.2,6794,150
1640232000,35757.7,35786.2,35757.7,35776.2,4386,150
1640246400,35776.2,35850.1,35757.4,35812.4,12609,100
1640260800,35812.7,35889.4,35805.9,35837.4,11649,100
1640275200,35837.4,36008.8,35827.9,35975.7,26396,100
1640289600,35975.7,36063.5,35942.9,35969.4,18480,100
1640563200,35970.8,36000.7,35936.7,35956.1,7683,150
1640577600,35956.1,35979.0,35928.3,35935.3,5696,150
1640592000,35935.3,35972.8,35877.5,35968.5,13847,100
1640606400,35968.5,36042.5,35948.5,36028.0,11789,100
1640620800,36028.0,36188.0,35982.0,36175.0,26175,100
1640635200,36175.0,36322.0,36165.0,36283.0,17733,100
1640649600,36290.9,36292.4,36241.4,36251.4,7829,150
1640664000,36251.4,36296.2,36231.4,36295.8,7448,150
1640678400,36297.4,36395.3,36249.9,36386.1,13387,100
1640692800,36385.4,36405.9,36332.4,36336.1,11106,100
1640707200,36337.0,36526.1,36292.9,36379.4,30011,100
1640721600,36378.9,36477.1,36365.9,36392.4,21908,100
1640736000,36406.3,36451.8,36372.3,36375.9,8645,150
1640750400,36377.9,36437.3,36364.8,36428.0,8758,150
1640764800,36429.9,36465.2,36405.3,36456.0,12077,100
1640779200,36456.1,36466.9,36372.5,36401.4,12884,100
1640793600,36401.4,36512.5,36387.5,36486.0,28422,100
1640808000,36486.1,36573.5,36456.0,36493.0,16730,100
1640822400,36515.9,36517.4,36433.9,36504.4,8413,150
1640836800,36504.1,36516.9,36457.9,36458.1,7475,150
1640851200,36455.4,36532.8,36455.4,36513.1,12180,100
1640865600,36513.1,36557.6,36491.1,36543.1,11407,100
1640880000,36543.1,36684.7,36468.6,36536.1,26187,100
1640894400,36536.1,36544.1,36375.1,36410.1,19243,100
1640908800,36427.0,36436.5,36238.5,36392.5,7786,150
1640923200,36391.5,36391.5,36305.1,36365.5,6560,150
1640937600,36365.5,36407.7,36348.5,36387.7,7002,100
1640952000,36387.7,36388.7,36276.7,36345.6,8741,100
1640966400,36345.6,36449.3,36304.2,36404.6,25715,100
1640980800,36404.9,36465.6,36400.2,36465.6,5406,100
1641168000,36424.2,36529.9,36414.7,36467.6,10171,150
1641182400,36467.6,36480.1,36443.6,36464.6,7910,150
1641196800,36463.6,36492.1,36407.9,36487.4,14958,100
1641211200,36487.7,36546.9,36444.9,36448.1,13544,100
1641225600,36445.9,36494.8,36233.4,36386.9,34961,100
1641240000,36388.4,36597.6,36357.6,36553.4,22522,100
1641254400,36560.3,36581.7,36533.8,36561.3,9416,150
1641268800,36561.3,36654.8,36556.3,36644.3,9572,150
1641283200,36644.3,36679.7,36610.5,36658.0,14560,100
1641297600,36658.0,36742.8,36655.0,36730.0,15547,100
1641312000,36730.0,36932.0,36716.5,36803.5,33102,100
1641326400,36802.0,36896.2,36732.0,36789.5,24839,100
1641340800,36779.8,36784.7,36696.1,36714.1,10589,150
1641355200,36716.6,36731.1,36686.1,36695.6,10333,150
1641369600,36695.7,36835.8,36685.6,36824.8,17510,100
1641384000,36824.8,36851.0,36755.3,36786.8,17515,100
1641398400,36786.8,36954.7,36758.8,36901.3,32738,100
1641412800,36900.2,36918.4,36403.2,36438.7,31164,100
1641427200,36435.2,36504.6,36368.7,36454.8,15853,150
1641441600,36457.9,36458.9,36285.2,36311.2,18488,150
1641456000,36313.2,36468.5,36281.2,36436.8,25700,100
1641470400,36437.5,36537.6,36425.0,36497.3,25841,100
1641484800,36496.6,36504.6,36204.0,36375.3,39585,100
1641499200,36377.9,36390.9,36197.8,36283.8,29357,100
1641513600,36301.9,36336.2,36283.9,36309.3,11478,150
1641528000,36309.4,36334.3,36264.9,36326.4,15342,150
1641542400,36324.9,36341.4,36224.7,36279.2,19024,100
1641556800,36279.2,36307.0,36152.7,36185.5,21761,100
1641571200,36185.2,36384.3,36108.8,36320.3,36328,100
1641585600,36320.3,36375.4,36214.3,36229.8,26024,100
1641772800,36268.3,36268.4,36080.8,36183.5,15256,150
1641787200,36183.6,36256.0,36161.8,36214.4,12885,150
1641801600,36215.6,36291.0,36156.8,36244.0,22746,100
1641816000,36244.0,36286.8,36093.0,36130.0,26135,100
1641830400,36130.0,36163.5,35641.5,35788.7,39265,100
1641844800,35788.6,36093.6,35786.0,36052.4,31480,100
1641859200,36072.2,36107.2,36011.4,36031.1,16461,150
1641873600,36031.1,36118.2,36026.2,36068.2,16252,150
1641888000,36072.9,36215.9,36023.7,36190.5,23539,100
1641902400,36190.5,36221.9,36047.5,36056.5,20805,100
1641916800,36056.5,36155.6,35765.0,36148.0,37948,100
1641931200,36147.5,36268.25,36094.0,36240.85,14370,100
1641945600,36243.9,36300.3,36223.4,36247.4,8058,150
1641960000,36247.4,36322.4,36246.4,36321.4,9467,150
1641974400,36322.1,36340.2,36211.6,36288.1,19273,100
1641988800,36288.1,36429.7,36256.1,36384.1,20545,100
1642003200,36384.5,36454.3,36166.5,36354.0,36335,100
1642017600,36354.6,36359.0,36193.7,36292.0,27041,100
1642032000,36303.9,36318.9,36207.4,36221.4,9402,150
1642046400,36221.4,36271.1,36202.9,36217.4,10563,150
1642060800,36217.4,36301.8,36195.1,36282.8,18086,100
1642075200,36283.1,36415.4,36273.1,36400.8,17887,100
1642089600,36401.2,36511.2,36235.1,36285.4,36769,100
1642104000,36283.6,36401.6,36045.1,36120.6,31573,100
1642118400,36141.2,36164.4,36074.5,36096.0,16581,150
1642132800,36096.0,36162.5,36045.5,36155.4,16929,150
1642147200,36155.5,36236.9,36129.2,36201.6,23575,100
1642161600,36201.6,36225.7,35789.9,35825.6,27340,100
1642176000,35825.9,35978.1,35671.4,35684.4,39585,100
1642190400,35684.6,35980.5,35640.4,35973.6,30985,100
1642377600,35983.2,36015.4,35849.8,35880.8,15879,150
1642392000,35884.9,35915.5,35828.3,35851.0,14050,150
1642406400,35851.2,35985.3,35839.3,35964.4,18960,100
1642420800,35964.0,36004.1,35919.0,35930.0,14945,100
1642435200,35931.2,35978.0,35909.5,35955.4,16134,100
1642464000,35960.4,35980.1,35894.4,35967.4,11160,150
1642478400,35967.4,35985.4,35783.4,35843.4,19636,150
1642492800,35844.5,35874.2,35579.6,35641.6,25917,100
1642507200,35641.6,35697.8,35587.6,35627.1,26906,100
1642521600,35626.6,35636.6,35261.6,35266.6,38201,100
1642536000,35266.1,35524.7,35257.6,35418.5,30837,100
1642550400,35410.1,35447.1,35327.1,35375.0,16257,150
1642564800,35376.8,35428.8,35168.1,35192.1,22518,150
1642579200,35193.6,35427.1,35134.3,35414.3,27722,100
1642593600,35414.7,35520.8,35383.8,35513.4,24119,100
1642608000,35513.3,35545.7,35258.5,35435.8,39108,100
1642622400,35434.8,35452.5,34999.8,35055.7,32320,100
1642636800,35057.7,35088.4,34969.9,35046.4,18285,150
1642651200,35046.4,35190.4,35044.9,35149.1,17418,150
1642665600,35149.2,35237.4,35049.7,35121.4,24520,100
1642680000,35121.6,35201.2,35112.7,35150.9,23133,100
1642694400,35151.0,35490.6,35111.7,35340.2,36432,100
1642708800,35339.9,35341.3,34524.9,34639.2,37496,100
1642723200,34703.7,34722.1,34552.0,34642.5,21740,150
1642737600,34642.0,34709.2,34449.0,34689.0,24706,150
1642752000,34689.0,34804.0,34646.0,34775.8,27056,100
1642766400,34775.8,34803.6,34588.8,34627.8,27463,100
1642780800,34628.5,34895.5,34446.8,34533.8,42960,100
1642795200,34531.6,34623.9,34217.8,34233.3,34604,100
1642982400,34293.3,34520.4,34255.8,34500.9,19316,150
1642996800,34501.5,34520.8,34447.8,34488.8,17639,150
1643011200,34488.8,34514.3,34306.1,34353.1,24909,100
1643025600,34353.3,34355.8,33884.1,33885.2,32060,100
1643040000,33885.5,33938.1,33145.1,33426.8,46208,100
1643054400,33422.1,34471.2,33389.1,34452.1,40506,100
1643068800,34394.6,34413.0,34072.5,34177.6,21692,150
1643083200,34175.5,34198.1,33994.0,34129.5,26268,150
1643097600,34129.7,34324.7,33973.3,34284.2,32007,100
1643112000,34288.5,34369.5,33961.7,34112.7,31526,100
1643126400,34103.7,34138.7,33542.7,34013.7,44424,100
1643140800,34014.9,34588.7,33917.3,34062.2,37747,100
1643155200,34108.0,34421.3,34105.5,34320.5,21231,150
1643169600,34321.2,34395.0,34289.5,34338.0,18624,150
1643184000,34334.5,34671.6,34265.3,34601.3,24960,100
1643198400,34601.8,34736.3,34545.3,34675.4,26901,100
1643212800,34675.7,34813.4,34377.2,34672.0,39972,100
1643227200,34672.0,34809.6,33864.0,34154.5,36092,100
1643241600,34231.8,34310.0,33809.8,33837.3,22300,150
1643256000,33835.8,33875.2,33651.8,33801.8,29784,150
1643270400,33793.3,34209.9,33678.8,34179.0,32452,100
1643284800,34179.0,34355.1,34029.0,34351.7,32173,100
1643299200,34348.5,34773.5,34195.6,34281.5,43060,100
1643313600,34281.5,34353.5,34001.0,34341.5,40339,100
1643328000,34355.4,34378.2,34169.2,34294.1,19408,150
1643342400,34295.9,34415.9,34236.2,34347.1,24189,150
1643356800,34344.2,34375.4,34069.0,34143.0,29956,100
1643371200,34143.0,34146.1,33734.0,34058.5,33864,100
1643385600,34058.5,34408.7,33799.0,34196.6,43274,100
1643400000,34197.0,34744.1,34040.7,34700.0,35920,100
1643587200,34710.8,34719.5,34582.8,34685.8,14593,150
1643601600,34685.8,34804.3,34679.8,34797.3,12233,150
1643616000,34797.9,34833.2,34631.1,34674.0,22797,100
1643630400,34675.3,34683.1,34438.1,34579.1,28142,100
1643644800,34578.7,34918.8,34484.6,34910.2,38200,100
1643659200,34910.1,35151.7,34834.2,35031.7,31271,100
1643673600,35051.0,35084.5,34965.5,34976.5,8595,150
1643688000,34976.8,35084.2,34960.5,35076.5,9403,150
1643702400,35076.7,35222.1,34974.2,35041.4,21649,100
1643716800,35041.8,35163.0,35027.2,35158.1,23009,100
1643731200,35158.8,35232.2,34988.2,35156.7,39587,100
1643745600,35154.2,35436.3,35099.7,35361.7,31713,100
1643760000,35335.0,35408.0,35322.5,35383.0,8856,150
1643774400,35383.0,35444.7,35360.0,35413.0,7669,150
1643788800,35413.0,35465.4,35326.3,35453.8,19560,100
1643803200,35453.8,35486.5,35405.3,35408.8,19713,100
1643817600,35406.8,35558.8,35291.8,35557.3,38639,100
1643832000,35557.3,35710.7,35458.3,35689.1,33995,100
1643846400,35687.1,35689.6,35560.6,35563.6,12509,150
1643860800,35562.1,35613.1,35552.6,35597.2,9316,150
1643875200,35600.1,35605.8,35471.8,35488.8,17909,100
1643889600,35488.8,35607.6,35455.3,35465.7,23604,100
1643904000,35465.8,35534.3,35263.4,35303.3,40196,100
1643918400,35304.4,35387.4,35068.3,35271.8,35338,100
1643932800,35227.2,35320.8,35185.8,35205.3,15555,150
1643947200,35205.3,35323.7,35201.8,35314.4,13882,150
1643961600,35317.1,35332.9,35176.6,35188.6,22091,100
1643976000,35188.6,35189.6,34815.2,34923.2,30780,100
1643990400,34923.6,35179.4,34795.6,35081.8,40788,100
1644004800,35082.4,35333.5,35038.3,35054.6,30973,100
1644192000,35132.5,35156.8,35005.5,35018.0,16121,150
1644206400,35018.0,35116.5,34935.5,35078.0,17028,150
1644220800,35078.0,35157.4,34939.7,34995.2,25339,100
1644235200,34995.4,35178.2,34960.7,35150.2,25055,100
1644249600,35149.4,35225.2,34992.7,35051.7,35928,100
1644264000,35051.7,35327.8,35003.3,35134.2,27892,100
1644278400,35132.2,35157.6,35090.5,35102.5,9919,150
1644292800,35102.5,35124.0,35053.6,35068.1,9642,150
1644307200,35067.0,35253.9,35054.0,35167.8,21272,100
1644321600,35165.8,35176.6,35062.8,35166.8,25081,100
1644336000,35165.8,35457.4,35085.6,35431.9,36837,100
1644350400,35432.3,35548.3,35282.1,35497.7,29519,100
1644364800,35510.4,35554.1,35491.2,35512.2,9411,150
1644379200,35512.2,35624.8,35503.2,35588.2,10432,150
1644393600,35588.2,35677.4,35522.4,35638.0,19256,100
1644408000,35638.1,35717.4,35631.4,35702.9,17473,100
1644422400,35703.6,35816.9,35675.9,35713.4,34049,100
1644436800,35714.1,35871.1,35685.4,35835.4,26661,100
1644451200,35828.7,35834.0,35710.6,35730.1,11429,150
1644465600,35729.1,35773.8,35708.1,35773.8,9800,150
1644480000,35774.0,35839.6,35739.8,35766.3,19209,100
1644494400,35766.4,35860.5,35579.8,35610.8,21223,100
1644508800,35610.4,35804.4,35456.8,35530.5,40409,100
1644523200,35527.4,35565.6,35102.4,35232.9,36716,100
1644537600,35243.0,35249.4,35062.7,35127.7,15873,150
1644552000,35127.7,35135.7,34966.2,35008.4,18907,150
1644566400,35007.7,35206.6,34982.7,35100.9,26688,100
1644580800,35099.9,35304.1,35077.9,35278.9,24259,100
1644595200,35279.6,35439.4,35130.1,35159.5,40208,100
1644609600,35159.0,35235.6,34623.0,34801.8,38182,100
1644796800,34751.8,34843.9,34683.7,34729.3,19994,150
1644811200,34728.9,34826.9,34708.9,34783.5,19261,150
1644825600,34787.5,34848.0,34389.7,34407.7,30815,100
1644840000,34408.8,34816.9,34342.1,34653.7,32993,100
1644854400,34654.1,34736.1,34360.4,34676.8,42053,100
1644868800,34677.5,34731.9,34302.7,34560.9,34449,100
1644883200,34553.6,34619.1,34504.1,34579.6,13881,150
1644897600,34577.6,34634.8,34433.1,34479.1,17527,150
1644912000,34479.8,34938.9,34450.9,34875.1,28782,100
1644926400,34874.6,35009.9,34784.5,34891.7,27306,100
1644940800,34891.9,35055.4,34812.9,34881.9,35461,100
1644955200,34884.0,35007.9,34824.4,34963.9,27119,100
1644969600,34945.1,34964.6,34899.1,34918.1,11351,150
1644984000,34918.1,34969.1,34908.1,34959.1,11041,150
1644998400,34958.6,35142.4,34938.1,34983.9,22901,100
1645012800,34982.9,34985.4,34850.9,34869.6,24568,100
1645027200,34869.9,34960.9,34642.4,34705.9,36872,100
1645041600,34706.6,35042.1,34652.0,34921.9,32679,100
1645056000,34924.4,34979.3,34873.2,34887.7,13099,150
1645070400,34888.4,34929.7,34734.7,34817.4,21003,150
1645084800,34813.2,34919.4,34700.9,34734.9,27463,100
1645099200,34734.9,34921.4,34673.9,34687.3,24236,100
1645113600,34687.9,34795.2,34423.7,34555.4,35887,100
1645128000,34555.0,34585.2,34244.5,34316.5,29281,100
1645142400,34306.3,34483.5,34267.8,34463.7,16364,150
1645156800,34464.4,34568.3,34431.7,34494.3,17687,150
1645171200,34491.2,34532.8,34396.5,34448.3,24685,100
1645185600,34449.4,34461.8,34158.5,34285.7,24923,100
1645200000,34285.7,34422.8,34007.3,34010.8,39019,100
1645214400,34009.8,34321.8,33970.3,34088.8,33646,100
1645401600,33986.9,34294.2,33944.2,34238.5,21582,150
1645416000,34238.7,34273.8,34195.2,34272.0,18783,150
1645430400,34271.2,34419.0,34127.4,34136.9,25880,100
1645444800,34137.1,34159.3,33796.1,33899.7,28191,100
1645459200,33898.4,34027.1,33744.8,33766.8,29260,100
1645488000,33615.1,33729.7,33479.6,33595.6,23190,150
1645502400,33595.6,33688.3,33514.8,33656.2,24124,150
1645516800,33655.6,33783.5,33530.9,33713.5,33318,100
1645531200,33717.6,34119.4,33710.4,33963.9,31462,100
1645545600,33963.9,34034.0,33607.4,33625.2,39797,100
1645560000,33627.2,33796.7,33360.9,33664.4,36329,100
1645574400,33664.2,33762.6,33658.7,33719.6,12778,150
1645588800,33721.4,33773.6,33653.7,33730.9,14766,150
1645603200,33731.1,33892.1,33659.4,33818.4,24548,100
1645617600,33816.9,33849.6,33693.4,33827.8,24239,100
1645632000,33827.4,33845.9,33443.1,33552.6,38851,100
1645646400,33552.1,33553.0,33086.1,33105.5,35457,100
1645660800,33142.1,33171.0,32875.5,33005.0,21339,150
1645675200,33005.0,33025.1,32291.0,32437.0,35432,150
1645689600,32437.0,32702.9,32231.7,32451.8,38824,100
1645704000,32450.7,32547.9,32253.7,32327.2,37470,100
1645718400,32326.4,32661.3,32260.2,32417.2,45050,100
1645732800,32416.2,33273.2,32370.7,33121.4,38110,100
1645747200,33112.0,33192.4,33034.9,33093.9,20787,150
1645761600,33093.9,33152.3,33016.4,33057.4,24409,150
1645776000,33057.4,33108.3,32828.1,32991.6,31963,100
1645790400,32991.7,33430.7,32883.1,33376.7,34364,100
1645804800,33376.1,34020.2,33284.1,33961.8,40580,100
1645819200,33961.8,34097.3,33888.4,34073.8,32854,100
1646006400,33490.7,33738.9,33420.6,33528.2,21456,150
1646020800,33529.3,33563.6,33376.8,33524.7,21624,150
1646035200,33524.7,33705.1,33492.5,33602.1,32178,100
1646049600,33601.1,33798.7,33524.5,33589.2,30834,100
1646064000,33589.3,33965.0,33514.4,33678.4,40456,100
1646078400,33678.2,33913.2,33463.2,33893.7,35398,100
1646092800,33865.8,33977.6,33848.3,33891.3,14349,150
1646107200,33891.3,33918.8,33836.5,33893.8,15715,150
1646121600,33896.4,34101.7,33702.1,33725.3,28714,100
1646136000,33724.6,33824.9,33566.6,33781.1,30812,100
1646150400,33781.3,33869.6,33131.6,33327.6,40812,100
1646164800,33323.6,33430.6,33103.6,33372.1,36300,100
1646179200,33356.0,33479.4,33324.8,33415.3,15538,150
1646193600,33414.8,33476.6,33340.1,33435.9,19998,150
1646208000,33432.3,33585.3,33160.6,33530.1,32429,100
1646222400,33531.3,33582.4,33358.9,33446.9,30172,100
1646236800,33445.1,33949.2,33432.6,33916.6,39806,100
1646251200,33915.6,34015.6,33816.1,33836.6,29586,100
1646265600,33825.1,33878.8,33808.4,33819.0,12591,150
1646280000,33819.2,33943.5,33816.9,33922.6,13194,150
1646294400,33922.4,33974.9,33797.6,33869.1,26009,100
1646308800,33869.1,34089.3,33800.1,34081.1,25699,100
1646323200,34081.4,34180.6,33635.6,33943.6,40228,100
1646337600,33940.6,34062.4,33683.9,33833.2,32289,100
1646352000,33834.7,33896.8,33260.4,33648.5,20289,150
1646366400,33647.7,33662.9,33460.7,33621.2,22973,150
1646380800,33621.2,33783.5,33456.0,33512.0,29532,100
1646395200,33512.0,33631.2,33395.6,33458.5,30439,100
1646409600,33458.5,33591.6,33248.0,33568.3,40361,100
1646424000,33568.4,33654.2,33359.5,33558.8,33679,100
1646611200,33436.1,33436.1,33151.4,33176.9,20279,150
1646625600,33174.9,33417.6,33147.4,33281.0,19978,150
1646640000,33269.4,33391.6,32960.3,33142.6,30497,100
1646654400,33142.2,33509.2,33002.6,33471.6,31922,100
1646668800,33471.3,33578.4,32904.3,32983.0,41469,100
1646683200,32980.1,33088.8,32721.6,32728.1,34785,100
1646697600,32722.0,32928.6,32693.9,32911.4,19314,150
1646712000,32913.6,32920.5,32581.4,32584.3,23860,150
1646726400,32589.5,32940.4,32340.4,32883.8,33804,100
1646740800,32882.2,33055.3,32738.3,32853.7,32346,100
1646755200,32853.8,33302.9,32574.0,33273.3,44125,100
1646769600,33274.9,33405.3,32531.7,32581.1,38505,100
1646784000,32571.1,32822.7,32563.1,32748.8,17697,150
1646798400,32748.1,32836.9,32632.6,32703.1,23008,150
1646812800,32704.2,33138.9,32698.1,33119.6,32287,100
1646827200,33117.9,33242.9,33028.9,33124.1,30398,100
1646841600,33124.9,33443.1,33100.9,33430.9,40123,100
1646856000,33432.1,33461.3,33234.9,33274.0,32701,100
1646870400,33276.7,33304.7,33182.1,33231.1,15973,150
1646884800,33231.8,33299.1,33186.6,33230.3,17951,150
1646899200,33235.2,33255.3,33019.8,33060.5,28488,100
1646913600,33058.5,33107.3,32857.3,32880.3,29937,100
1646928000,32880.4,33172.4,32818.4,32902.6,37030,100
1646942400,32901.9,33240.5,32867.9,33201.4,29900,100
1646956800,33194.9,33266.5,33051.2,33064.2,15438,150
1646971200,33065.4,33175.5,33012.2,33152.2,19874,150
1646985600,33145.2,33330.8,33070.4,33249.2,25702,100
1647000000,33250.6,33696.4,33238.9,33394.9,29232,100
1647014400,33399.4,33516.6,33148.9,33226.3,35883,100
1647028800,33226.3,33309.4,32913.4,32966.9,26348,100
1647216000,33025.4,33201.4,32998.4,33132.7,16111,150
1647230400,33132.4,33168.8,33037.9,33123.9,18921,150
1647244800,33123.9,33272.8,33108.1,33182.6,24496,100
1647259200,33183.6,33352.1,33068.1,33164.6,27274,100
1647273600,33164.7,33399.7,32966.1,33033.0,35930,100
1647288000,33036.0,33048.0,32816.4,32985.9,28361,100
1647302400,32990.7,33044.2,32929.2,32959.5,11275,150
1647316800,32959.7,33047.7,32902.2,32976.9,21876,150
1647331200,32977.0,32980.1,32710.5,32730.0,29645,100
1647345600,32728.7,33133.0,32683.0,33086.5,26759,100
1647360000,33086.5,33444.0,33043.5,33387.1,36054,100
1647374400,33387.5,33620.6,33240.5,33503.5,27437,100
1647388800,33497.4,33563.3,33437.0,33466.8,10213,150
1647403200,33466.8,33545.3,33454.8,33511.8,19812,150
1647417600,33511.8,33857.5,33505.8,33811.1,28310,100
1647432000,33811.3,33954.2,33802.0,33835.5,24764,100
1647446400,33835.0,34075.1,33799.1,33855.5,37521,100
1647460800,33856.2,34164.2,33387.0,34140.5,36015,100
1647475200,34111.1,34128.1,34052.8,34104.6,11308,150
1647489600,34108.8,34108.8,33958.1,34024.1,21074,150
1647504000,34024.1,34143.2,34000.6,34041.9,22614,100
1647518400,34044.0,34061.9,33865.9,33935.9,24638,100
1647532800,33936.1,34250.9,33891.4,34241.9,35230,100
1647547200,34242.5,34501.2,34201.9,34335.9,28729,100
1647561600,34345.3,34376.4,34278.8,34295.1,10877,150
1647576000,34295.3,34314.6,34247.0,34277.9,15984,150
1647590400,34278.1,34429.5,34263.5,34310.5,22342,100
1647604800,34310.8,34334.9,34212.5,34298.0,22588,100
1647619200,34297.0,34498.0,34264.5,34476.4,35840,100
1647633600,34477.1,34808.9,34461.5,34805.0,27718,100
1647820800,34759.1,34796.0,34649.1,34685.6,9051,150
1647835200,34685.6,34698.1,34603.9,34616.6,13039,150
1647849600,34616.6,34678.6,34573.1,34648.4,20093,100
1647864000,34648.4,34709.2,34585.4,34682.9,18101,100
1647878400,34682.9,34802.9,34428.8,34445.8,35211,100
1647892800,34445.8,34632.2,34339.4,34620.6,31369,100
1647907200,34591.8,34597.8,34472.8,34474.8,6774,150
1647921600,34474.8,34542.0,34440.1,34507.0,10765,150
1647936000,34507.0,34702.7,34475.5,34672.3,15301,100
1647950400,34672.3,34735.7,34656.8,34715.8,15216,100
1647964800,34715.8,34864.0,34693.3,34814.9,32555,100
1647979200,34815.9,34879.8,34729.6,34819.3,26152,100
1647993600,34794.2,34874.8,34782.3,34817.3,8542,150
1648008000,34817.3,34898.7,34813.5,34875.8,13199,150
1648022400,34875.8,34890.6,34743.0,34775.5,14490,100
1648036800,34775.6,34789.0,34639.5,34656.0,17699,100
1648051200,34656.0,34676.6,34463.5,34488.8,33640,100
1648065600,34489.4,34493.8,34321.8,34352.3,27003,100
1648080000,34350.1,34403.9,34335.9,34369.9,8465,150
1648094400,34369.4,34433.2,34321.1,34416.6,14313,150
1648108800,34416.6,34541.3,34415.6,34517.3,16648,100
1648123200,34517.3,34554.4,34433.3,34476.3,19621,100
1648137600,34476.3,34638.5,34349.3,34552.0,33351,100
1648152000,34552.4,34761.0,34537.3,34742.3,24993,100
1648166400,34750.3,34762.6,34662.3,34682.3,6714,150
1648180800,34682.3,34813.0,34676.3,34795.2,11923,150
1648195200,34795.3,34796.0,34656.6,34703.6,14614,100
1648209600,34703.6,34825.9,34664.1,34800.6,15278,100
1648224000,34800.6,34944.9,34630.6,34714.8,33988,100
1648238400,34715.6,34872.8,34661.6,34855.6,26388,100
1648425600,34853.1,34884.2,34753.2,34755.7,8985,150
1648440000,34755.2,34788.7,34732.7,34763.1,12536,150
1648454400,34763.2,34910.9,34709.9,34909.8,19763,100
1648468800,34908.4,34938.7,34810.9,34821.9,17629,100
1648483200,34823.0,34836.9,34548.6,34665.4,34256,100
1648497600,34665.5,34988.3,34648.9,34956.9,24405,100
1648512000,34948.4,34975.5,34929.9,34948.4,6826,150
1648526400,34947.9,35006.9,34947.9,34989.9,8611,150
1648540800,34989.9,35076.2,34970.7,35054.7,16451,100
1648555200,35055.3,35264.7,35051.7,35230.7,23438,100
1648569600,35230.9,35382.3,35020.4,35079.6,33605,100
1648584000,35079.4,35324.0,35037.9,35267.5,24233,100
1648598400,35263.4,35282.9,35237.4,35249.9,8036,150
1648612800,35249.9,35301.8,35203.4,35220.4,12905,150
1648627200,35220.4,35299.7,35159.2,35181.2,19337,100
1648641600,35181.2,35237.3,35134.2,35186.2,18594,100
1648656000,35186.2,35358.5,35163.7,35244.2,31686,100
1648670400,35243.7,35262.2,35056.7,35239.7,26248,100
1648684800,35235.7,35310.8,35208.2,35306.7,6928,150
1648699200,35306.8,35314.8,35243.7,35255.7,9198,150
1648713600,35255.7,35296.4,35209.4,35234.9,17515,100
1648728000,35234.9,35240.2,35160.9,35194.9,16524,100
1648742400,35194.9,35215.9,34999.4,35042.6,32945,100
1648756800,35043.6,35080.1,34695.4,34803.4,28590,100
1648771200,34797.4,34832.4,34771.9,34813.4,8199,150
1648785600,34812.9,34843.4,34789.9,34804.4,9921,150
1648800000,34804.4,34865.9,34771.2,34860.7,16815,100
1648814400,34860.7,34901.3,34815.7,34826.2,15944,100
1648828800,34826.2,34865.3,34554.7,34610.2,34245,100
1648843200,34609.2,34843.3,34534.4,34793.7,28658,100
1649030400,34797.3,34820.8,34735.8,34759.8,6417,150
1649044800,34759.8,34834.2,34746.3,34833.3,7779,150
1649059200,34833.3,34887.3,34725.0,34760.5,16437,100
1649073600,34760.7,34852.7,34759.0,34771.0,15120,100
1649088000,34771.7,34888.5,34611.0,34828.5,31459,100
1649102400,34828.5,34947.7,34814.6,34908.0,23358,100
1649116800,34904.4,34910.8,34861.1,34874.6,4746,150
1649131200,34874.6,34888.1,34861.1,34881.1,6176,150
1649145600,34881.1,34971.9,34866.1,34912.8,14740,100
1649160000,34913.0,34918.2,34808.4,34824.4,16846,100
1649174400,34824.4,35106.8,34772.4,34833.0,34352,100
1649188800,34831.5,34918.0,34563.0,34679.5,27067,100
1649203200,34680.4,34688.5,34602.5,34603.0,6229,150
1649217600,34603.2,34649.5,34582.5,34616.6,9292,150
1649232000,34616.6,34699.4,34490.4,34542.4,19930,100
1649246400,34542.4,34555.5,34374.4,34415.4,21153,100
1649260800,34415.4,34461.2,34318.8,34399.6,34375,100
1649275200,34396.6,34611.2,34274.6,34452.1,32655,100
1649289600,34453.0,34487.0,34358.0,34383.4,7505,150
1649304000,34383.5,34442.8,34323.5,34336.5,11478,150
1649318400,34335.5,34511.9,34314.5,34488.5,21824,100
1649332800,34488.2,34590.8,34381.2,34396.7,20110,100
1649347200,34397.9,34462.0,34179.7,34339.3,36021,100
1649361600,34339.1,34705.7,34331.7,34578.6,28642,100
1649376000,34576.1,34624.1,34541.1,34573.2,6536,150
1649390400,34573.4,34611.1,34548.6,34570.1,10101,150
1649404800,34570.3,34760.1,34559.6,34693.4,18593,100
1649419200,34693.4,34742.4,34632.4,34644.9,17300,100
1649433600,34644.9,34913.5,34462.4,34883.3,34829,100
1649448000,34884.1,34885.8,34672.6,34724.9,27219,100
1649635200,34747.5,34763.5,34609.5,34683.5,4546,150
1649649600,34684.5,34697.0,34510.0,34528.5,7769,150
1649664000,34529.0,34710.7,34502.5,34602.2,13499,100
1649678400,34603.2,34710.7,34539.2,34575.7,12118,100
1649692800,34576.7,34703.7,34455.6,34475.6,24991,100
1649707200,34472.6,34543.6,34274.1,34326.1,19362,100
1649721600,34342.7,34360.7,34224.7,34232.7,4167,150
1649736000,34231.7,34241.2,34143.7,34148.2,5798,150
1649750400,34150.7,34307.9,34102.9,34283.9,13038,100
1649764800,34284.4,34561.9,34253.9,34520.9,12560,100
1649779200,34519.9,34673.9,34378.9,34418.5,28273,100
1649793600,34416.5,34465.0,34100.5,34252.0,20994,100
1649808000,34262.6,34353.6,34243.1,34348.1,4380,150
1649822400,34349.1,34390.6,34343.6,34367.1,6055,150
1649836800,34367.6,34458.3,34329.8,34425.3,11787,100
1649851200,34424.8,34427.8,34153.8,34173.8,12034,100
1649865600,34176.3,34475.5,34143.3,34430.0,24100,100
1649880000,34431.0,34604.0,34422.5,34552.0,16437,100
1649894400,34559.0,34616.0,34545.0,34600.0,3692,150
1649908800,34599.5,34647.0,34572.5,34635.5,5127,150
1649923200,34636.0,34666.5,34538.3,34575.8,9248,100
1649937600,34574.8,34691.8,34546.3,34570.3,11732,100
1649952000,34571.8,34887.3,34530.1,34576.6,26650,100
1649966400,34575.6,34709.1,34434.1,34481.1,17576,100
1650240000,34436.9,34479.9,34281.4,34314.9,6013,150
1650254400,34315.9,34390.9,34286.9,34366.4,4758,150
1650268800,34366.9,34413.2,34347.7,34373.2,4632,100
1650283200,34372.7,34456.2,34322.7,34391.2,6109,100
1650297600,34393.2,34622.7,34306.7,34385.2,24599,100
1650312000,34388.2,34584.2,34276.2,34493.2,18593,100
1650326400,34507.7,34561.5,34443.0,34459.0,4069,150
1650340800,34458.0,34528.5,34436.5,34510.5,6629,150
1650355200,34510.0,34552.2,34396.7,34414.7,12135,100
1650369600,34412.7,34452.2,34321.2,34411.7,13527,100
1650384000,34408.7,34882.3,34362.2,34813.3,21740,100
1650398400,34812.3,34988.3,34744.3,34869.3,17426,100
1650412800,34861.9,34924.4,34859.9,34921.5,4723,150
1650427200,34919.5,34933.0,34843.5,34891.5,7932,150
1650441600,34892.5,34920.7,34817.2,34873.2,11809,100
1650456000,34872.7,35086.7,34869.7,35083.7,12920,100
1650470400,35082.7,35287.7,35038.7,35267.0,26475,100
1650484800,35267.5,35321.5,35063.5,35229.5,21415,100
1650499200,35221.5,35274.0,35214.5,35252.5,4142,150
1650513600,35252.0,35290.3,35236.5,35273.3,5705,150
1650528000,35273.8,35386.6,35245.1,35376.1,12644,100
1650542400,35375.6,35427.1,35327.6,35408.6,10637,100
1650556800,35409.6,35492.6,35118.9,35134.9,28704,100
1650571200,35133.9,35189.9,34720.9,34748.7,26465,100
1650585600,34762.8,34783.8,34598.3,34650.8,6380,150
1650600000,34650.3,34690.3,34611.8,34677.8,8452,150
1650614400,34678.3,34794.6,34670.3,34719.1,14709,100
1650628800,34719.6,34746.1,34629.1,34669.1,14535,100
1650643200,34671.1,34680.6,34153.9,34204.9,30052,100
1650657600,34203.9,34215.9,33674.9,33694.9,24481,100
1650844800,33737.4,33818.4,33583.9,33647.9,8999,150
1650859200,33648.4,33668.9,33524.9,33580.4,11370,150
1650873600,33581.4,33671.1,33447.6,33494.1,19054,100
1650888000,33492.1,33713.6,33459.6,33709.6,16097,100
1650902400,33711.6,33734.6,33315.6,33596.1,34468,100
1650916800,33593.6,34104.6,33506.6,34070.6,26357,100
1650931200,34045.1,34056.6,34009.1,34049.6,4435,150
1650945600,34048.6,34122.6,34033.1,34116.6,6382,150
1650960000,34115.1,34124.1,33873.4,33984.4,14580,100
1650974400,33983.4,33993.9,33832.4,33870.4,14319,100
1650988800,33871.9,33900.4,33448.4,33622.4,30420,100
1651003200,33624.4,33624.9,33170.9,33196.4,26783,100
1651017600,33250.9,33375.4,33210.4,33306.4,8182,150
1651032000,33304.4,33500.4,33304.4,33484.9,10296,150
1651046400,33485.9,33636.6,33265.6,33558.6,17092,100
1651060800,33555.1,33648.6,33417.1,33472.6,14244,100
1651075200,33467.6,33700.8,33106.1,33643.8,32563,100
1651089600,33647.3,33666.3,33252.8,33401.8,29040,100
1651104000,33413.8,33423.8,33326.8,33384.8,4667,150
1651118400,33384.3,33398.3,33310.8,33396.8,7749,150
1651132800,33395.3,33703.2,33379.0,33701.2,14191,100
1651147200,33699.7,33724.2,33475.2,33501.2,16333,100
1651161600,33501.7,33823.9,33245.2,33802.4,31812,100
1651176000,33805.4,34057.1,33760.1,33869.1,24031,100
1651190400,33793.2,33897.2,33762.2,33877.7,4889,150
1651204800,33878.7,33982.7,33871.7,33928.7,6746,150
1651219200,33927.7,33989.4,33843.4,33855.9,14655,100
1651233600,33855.4,33855.4,33722.4,33774.9,13370,100
1651248000,33770.4,33924.4,33310.9,33353.4,31036,100
1651262400,33352.4,33509.4,32910.4,33061.4,23811,100
1651449600,33057.9,33152.9,32922.4,33034.9,10109,150
1651464000,33033.9,33157.9,32928.9,33153.4,8160,150
1651478400,33153.9,33206.2,32948.7,33059.2,11781,100
1651492800,33061.2,33165.7,32924.2,32963.2,10821,100
1651507200,32964.2,33233.7,32728.2,32753.7,35345,100
1651521600,32752.2,33118.2,32450.2,33034.2,28091,100
1651536000,33022.7,33118.8,33004.2,33101.8,3427,150
1651550400,33102.3,33209.8,33054.8,33131.3,6293,150
1651564800,33131.8,33234.0,33013.0,33080.5,12663,100
1651579200,33079.5,33131.5,32896.0,33118.0,12962,100
1651593600,33120.5,33342.6,32908.0,33177.6,31084,100
1651608000,33183.6,33294.1,32966.1,33151.6,26959,100
1651622400,33116.6,33183.6,33116.6,33155.6,2666,150
1651636800,33156.6,33219.1,33116.1,33141.6,4317,150
1651651200,33141.1,33212.9,33094.9,33201.4,9263,100
1651665600,33200.4,33276.4,33166.4,33182.4,7426,100
1651680000,33180.9,33289.9,33016.9,33275.9,25655,100
1651694400,33276.9,34118.4,33050.9,33997.4,28919,100
1651708800,34013.8,34052.8,33977.2,34041.2,3437,150
1651723200,34041.7,34076.2,33995.7,34073.2,4250,150
1651737600,34073.7,34103.7,33856.0,33892.5,11846,100
1651752000,33892.0,33948.0,33859.0,33870.0,11323,100
1651766400,33869.5,33872.5,32821.8,33051.8,36596,100
1651780800,33053.3,33194.3,32682.8,33030.8,31392,100
1651795200,32996.3,33037.8,32889.3,32903.8,6182,150
1651809600,32904.3,33036.8,32873.8,32992.8,8284,150
1651824000,32991.8,33045.0,32788.0,32903.5,15792,100
1651838400,32903.0,33057.5,32810.0,32815.5,16908,100
1651852800,32816.5,33053.6,32470.1,32977.1,39440,100
1651867200,32984.6,33015.1,32571.6,32840.1,31368,100
1652054400,32689.1,32745.1,32498.6,32504.1,7444,150
1652068800,32504.6,32596.6,32428.6,32557.1,8515,150
1652083200,32557.6,32707.9,32420.4,32524.4,15120,100
1652097600,32523.4,32560.9,32320.4,32494.4,17993,100
1652112000,32496.4,32614.1,32243.6,32377.1,35056,100
1652126400,32375.1,32572.6,32121.1,32265.6,28665,100
1652140800,32315.5,32361.5,32067.5,32134.3,7048,150
1652155200,32133.8,32391.3,32101.8,32376.3,10817,150
1652169600,32377.3,32548.0,32362.3,32542.0,14572,100
1652184000,32543.0,32600.0,32385.5,32587.5,13976,100
1652198400,32585.0,32743.0,31889.0,31965.0,36793,100
1652212800,31964.0,32432.0,31945.5,32131.5,30418,100
1652227200,32119.5,32208.0,32095.5,32138.0,4318,150
1652241600,32139.0,32254.3,32110.5,32247.3,6752,150
1652256000,32247.8,32465.0,32173.5,32452.5,12493,100
1652270400,32455.5,32514.0,31918.2,31957.2,13810,100
1652284800,31953.2,32582.3,31943.2,32087.8,37169,100
1652299200,32085.8,32194.8,31799.3,31913.8,29316,100
1652313600,31883.3,31953.8,31751.3,31935.8,7589,150
1652328000,31932.3,31966.8,31795.8,31807.3,9256,150
1652342400,31808.3,31868.6,31608.1,31664.6,19086,100
1652356800,31664.1,31804.1,31539.6,31678.6,19135,100
1652371200,31677.1,31911.6,31462.6,31591.6,37349,100
1652385600,31589.6,31753.1,31224.6,31619.6,30265,100
1652400000,31663.5,31872.5,31642.0,31865.5,6017,150
1652414400,31866.0,32036.0,31853.0,31979.0,8181,150
1652428800,31980.5,32016.7,31857.7,31969.7,14876,100
1652443200,31970.7,32086.7,31908.2,32049.2,11911,100
1652457600,32050.2,32279.3,31905.2,32158.3,27757,100
1652472000,32158.8,32248.3,31858.3,32159.8,24429,100
1652659200,32219.9,32324.8,32176.9,32242.8,6742,150
1652673600,32243.3,32274.3,31948.8,32062.3,11125,150
1652688000,32064.8,32207.5,31964.5,32206.0,11878,100
1652702400,32205.5,32258.0,32103.0,32174.5,10593,100
1652716800,32175.0,32280.9,31933.5,32178.9,31956,100
1652731200,32177.9,32514.9,32150.4,32192.9,23873,100
1652745600,32197.4,32310.9,32195.4,32262.4,4269,150
1652760000,32261.9,32338.4,32250.4,32303.9,6893,150
1652774400,32304.4,32627.6,32292.9,32550.6,10420,100
1652788800,32551.6,32755.6,32545.1,32624.6,13660,100
1652803200,32626.6,32665.6,32307.5,32552.5,27074,100
1652817600,32554.5,32700.0,32352.5,32687.0,23461,100
1652832000,32687.0,32704.5,32631.5,32640.0,3775,150
1652846400,32641.0,32648.0,32529.0,32571.0,6023,150
1652860800,32571.5,32645.8,32506.3,32563.3,10694,100
1652875200,32563.8,32645.3,32355.8,32359.8,10229,100
1652889600,32359.3,32384.8,31782.9,31880.9,25302,100
1652904000,31881.4,31882.4,31354.4,31437.9,22720,100
1652918400,31434.8,31465.3,31312.8,31377.8,7269,150
1652932800,31381.8,31561.8,31317.3,31538.8,10358,150
1652947200,31540.3,31558.3,31074.1,31075.6,17194,100
1652961600,31076.6,31284.6,31001.1,31132.1,17433,100
1652976000,31128.6,31418.8,31015.1,31208.8,35196,100
1652990400,31209.8,31565.8,31129.8,31259.8,29199,100
1653004800,31253.7,31397.2,31249.2,31356.7,4677,150
1653019200,31354.7,31467.2,31347.7,31460.2,7953,150
1653033600,31458.7,31565.5,31348.5,31531.5,12774,100
1653048000,31531.0,31595.5,31441.0,31481.5,10989,100
1653062400,31482.0,31532.0,30762.8,30827.3,30359,100
1653076800,30824.8,31299.8,30638.8,31286.3,27928,100
1653264000,31382.6,31526.1,31379.6,31510.1,6583,150
1653278400,31508.6,31531.1,31380.1,31447.6,7721,150
1653292800,31449.1,31613.3,31354.3,31393.8,14737,100
1653307200,31395.3,31617.3,31350.3,31556.8,14118,100
1653321600,31558.3,31966.8,31477.3,31875.8,32176,100
1653336000,31875.3,31958.3,31749.8,31909.8,23272,100
1653350400,31828.3,31828.3,31694.3,31767.8,6645,150
1653364800,31766.8,31799.3,31696.3,31705.3,6471,150
1653379200,31703.3,31723.3,31538.5,31547.5,13822,100
1653393600,31548.0,31734.0,31544.0,31710.0,12304,100
1653408000,31711.5,31770.0,31361.1,31634.1,34000,100
1653422400,31630.6,32015.6,31529.6,31984.1,28933,100
1653436800,31996.5,32058.1,31916.1,31966.1,5241,150
1653451200,31965.6,32085.1,31962.1,32038.6,7346,150
1653465600,32037.1,32074.9,31870.9,31898.9,12661,100
1653480000,31897.9,31947.4,31728.9,31811.4,14520,100
1653494400,31809.4,32152.0,31757.9,31899.5,29764,100
1653508800,31899.5,32257.5,31746.5,32101.0,27855,100
1653523200,32140.4,32240.4,32088.4,32231.4,5466,150
1653537600,32230.9,32240.5,32065.0,32076.0,8879,150
1653552000,32074.0,32244.8,32040.3,32123.3,11209,100
1653566400,32122.8,32367.3,32096.3,32325.8,13233,100
1653580800,32325.3,32723.3,32252.8,32719.8,26359,100
1653595200,32720.8,32777.8,32579.3,32597.3,21903,100
1653609600,32573.6,32640.1,32529.6,32569.1,4727,150
1653624000,32570.1,32611.5,32555.0,32596.5,6468,150
1653638400,32596.0,32706.7,32551.7,32686.7,10962,100
1653652800,32686.2,32767.2,32606.2,32759.2,12110,100
1653667200,32761.7,33014.1,32675.7,32991.1,25064,100
1653681600,32991.6,33281.6,32942.6,33280.6,17362,100
1653868800,33261.0,33298.0,33213.5,33257.5,5142,150
1653883200,33257.0,33310.5,33233.0,33276.5,6718,150
1653897600,33277.5,33471.3,33260.5,33420.8,9156,100
1653912000,33420.3,33477.8,33301.3,33358.3,7476,100
1653926400,33359.3,33378.8,33242.6,33274.5,9100,100
1653955200,33273.7,33290.2,33153.7,33184.7,6669,150
1653969600,33185.7,33239.7,33115.7,33222.2,9516,150
1653984000,33223.2,33252.7,33028.5,33176.0,13782,100
1653998400,33176.5,33176.5,32923.0,32935.5,15555,100
1654012800,32937.5,33186.5,32749.5,33145.3,30251,100
1654027200,33144.8,33240.3,32915.8,33057.8,26155,100
1654041600,33085.7,33195.7,33049.7,33184.2,4632,150
1654056000,33184.7,33229.2,33113.2,33166.7,7415,150
1654070400,33167.2,33201.0,33050.5,33090.5,14360,100
1654084800,33093.5,33220.0,33045.0,33190.0,11614,100
1654099200,33194.0,33271.5,32582.5,32645.0,31834,100
1654113600,32646.0,32985.0,32630.0,32793.5,25183,100
1654128000,32799.4,32847.4,32701.4,32827.4,6154,150
1654142400,32827.9,32856.4,32784.4,32824.4,7838,150
1654156800,32826.4,32940.2,32751.9,32902.7,10435,100
1654171200,32900.2,32979.7,32862.7,32914.2,10991,100
1654185600,32914.7,33020.2,32510.7,33006.7,31150,100
1654200000,33007.7,33281.2,32960.2,33272.2,20680,100
1654214400,33259.0,33322.0,33232.0,33236.0,5110,150
1654228800,33236.5,33283.0,33233.5,33250.0,4867,150
1654243200,33249.0,33302.3,33148.3,33171.3,8400,100
1654257600,33171.8,33182.8,32983.8,33017.3,12643,100
1654272000,33018.3,33133.8,32844.8,33030.3,31435,100
1654286400,33030.3,33113.3,32836.8,32921.8,24373,100
1654473600,32958.2,32976.2,32891.7,32961.7,5631,150
1654488000,32962.2,33048.8,32938.2,33038.8,7580,150
1654502400,33037.8,33205.0,33016.0,33190.5,10413,100
1654516800,33191.0,33215.0,33122.5,33173.0,8129,100
1654531200,33174.0,33240.1,32869.1,32957.1,26956,100
1654545600,32956.1,33027.6,32817.1,32921.6,23318,100
1654560000,32924.1,32935.1,32805.1,32826.6,5027,150
1654574400,32826.1,32861.6,32727.6,32763.1,9339,150
1654588800,32763.6,32842.3,32673.1,32812.8,12659,100
1654603200,32811.8,32833.3,32626.3,32643.3,12175,100
1654617600,32641.8,33003.2,32614.8,32967.2,25970,100
1654632000,32968.2,33205.2,32951.2,33111.2,17155,100
1654646400,33114.7,33157.2,33081.7,33144.7,4932,150
1654660800,33145.2,33177.7,33055.2,33056.7,7840,150
1654675200,33057.2,33136.9,33001.9,33045.9,12098,100
1654689600,33045.4,33087.4,32982.4,33005.4,10778,100
1654704000,33004.9,33160.0,32891.0,32976.0,27617,100
1654718400,32975.0,32979.0,32818.0,32925.0,21958,100
1654732800,32910.8,32960.3,32863.8,32871.8,4225,150
1654747200,32872.8,32901.3,32819.3,32889.8,7707,150
1654761600,32890.3,33009.1,32823.6,33007.6,12810,100
1654776000,33007.1,33117.6,32803.6,32835.1,15367,100
1654790400,32833.6,32955.1,32674.6,32864.6,29877,100
1654804800,32865.1,32904.6,32259.1,32334.6,22593,100
1654819200,32340.0,32347.5,32258.0,32273.5,4900,150
1654833600,32273.0,32346.0,32249.5,32275.5,7300,150
1654848000,32277.0,32344.8,32186.8,32220.3,14416,100
1654862400,32219.3,32277.3,31790.8,31790.8,15802,100
1654876800,31792.8,31913.8,31427.8,31459.8,26071,100
1654891200,31459.3,31716.8,31379.8,31467.8,19883,100
1655078400,31266.4,31302.9,31124.9,31133.9,6496,150
1655092800,31134.4,31145.9,30992.9,31062.4,9845,150
1655107200,31062.9,31085.9,30756.2,30761.7,17683,100
1655121600,30758.7,30896.2,30753.2,30783.2,16726,100
1655136000,30783.7,30929.2,30495.7,30701.2,28795,100
1655150400,30703.2,30847.2,30372.2,30547.2,23024,100
1655164800,30568.6,30708.1,30542.6,30683.6,5977,150
1655179200,30684.6,30820.1,30595.1,30796.1,10884,150
1655193600,30797.1,30875.9,30641.9,30659.9,15783,100
1655208000,30658.9,30739.0,30525.9,30632.0,17207,100
1655222400,30634.0,30702.5,30251.5,30355.5,29944,100
1655236800,30354.5,30538.5,30141.0,30383.0,20887,100
1655251200,30477.1,30520.6,30392.8,30445.6,6092,150
1655265600,30445.1,30519.1,30384.1,30395.6,9844,150
1655280000,30397.1,30619.4,30350.6,30541.9,18636,100
1655294400,30540.9,30646.4,30450.9,30608.9,17640,100
1655308800,30607.9,30762.9,30458.4,30471.4,28244,100
1655323200,30472.4,31016.6,30185.9,30685.1,30538,100
1655337600,30721.5,30908.5,30712.0,30880.0,5805,150
1655352000,30880.5,30942.0,30716.0,30718.0,11288,150
1655366400,30718.5,30727.5,30096.3,30166.3,21025,100
1655380800,30084.8,30240.8,30031.8,30136.3,19673,100
1655395200,30137.3,30178.8,29801.3,29997.8,31978,100
1655409600,29997.3,30095.3,29736.8,29986.8,27386,100
1655424000,30027.6,30049.1,29906.1,29994.1,8546,150
1655438400,29995.1,30183.6,29976.6,30152.1,13819,150
1655452800,30152.6,30217.8,30001.3,30160.8,19345,100
1655467200,30159.3,30216.8,30013.3,30019.3,16997,100
1655481600,30013.3,30165.8,29647.8,29884.8,34523,100
1655496000,29882.8,30144.3,29867.8,29931.3,23317,100
1655683200,29991.1,30063.1,29898.1,29920.6,8323,150
1655697600,29921.1,29976.1,29753.6,29895.6,14055,150
1655712000,29896.1,30053.9,29859.6,30037.9,14329,100
1655726400,30037.9,30101.9,29963.4,30056.9,10434,100
1655740800,30056.4,30228.9,29997.4,30153.9,11458,100
1655769600,30154.8,30262.3,30124.8,30221.8,5642,150
1655784000,30221.3,30339.8,30174.3,30305.3,7718,150
1655798400,30305.8,30409.0,30210.5,30397.5,10977,100
1655812800,30398.0,30411.0,30250.5,30262.5,10022,100
1655827200,30261.0,30511.0,30257.0,30493.0,25910,100
1655841600,30493.5,30657.0,30451.5,30550.0,19089,100
1655856000,30531.0,30533.5,30406.3,30421.8,5704,150
1655870400,30422.8,30444.3,30234.8,30277.8,10045,150
1655884800,30277.3,30299.3,30016.5,30093.0,15866,100
1655899200,30093.5,30232.0,30068.0,30148.5,12183,100
1655913600,30150.0,30685.5,30074.5,30584.5,30424,100
1655928000,30586.5,30782.0,30457.5,30486.0,22863,100
1655942400,30485.0,30554.9,30325.4,30513.9,6680,150
1655956800,30512.9,30538.4,30325.4,30442.4,12093,150
1655971200,30442.9,30503.9,30260.6,30375.6,14158,100
1655985600,30376.1,30676.6,30370.1,30551.6,11363,100
1656000000,30549.6,30710.1,30283.6,30331.6,31343,100
1656014400,30330.1,30706.2,30295.6,30583.7,21628,100
1656028800,30589.7,30654.3,30558.8,30647.8,5096,150
1656043200,30645.8,30884.8,30625.8,30867.3,7665,150
1656057600,30867.8,30914.3,30795.5,30869.5,10144,100
1656072000,30869.0,30942.5,30850.0,30882.0,8316,100
1656086400,30881.5,31362.5,30877.0,31330.9,23834,100
1656100800,31331.4,31521.4,31298.9,31497.4,16106,100
1656288000,31505.4,31516.4,31355.4,31361.4,6613,150
1656302400,31360.9,31612.4,31359.9,31550.1,8350,150
1656316800,31549.1,31708.8,31467.8,31613.3,11009,100
1656331200,31614.3,31642.3,31501.2,31528.2,7853,100
1656345600,31530.7,31597.7,31383.7,31532.7,24814,100
1656360000,31536.7,31540.7,31346.7,31474.2,18829,100
1656374400,31484.2,31531.2,31440.7,31501.2,3639,150
1656388800,31499.2,31515.7,31327.7,31424.2,8175,150
1656403200,31424.7,31691.5,31423.2,31629.5,12445,100
1656417600,31629.0,31661.5,31518.5,31586.0,8434,100
1656432000,31587.0,31884.0,31183.0,31220.5,28080,100
1656446400,31218.0,31229.0,30922.0,30985.5,21170,100
1656460800,30976.5,31019.7,30928.2,30937.2,4587,150
1656475200,30937.7,31020.7,30932.2,30988.7,7322,150
1656489600,30989.2,31009.7,30880.4,30986.9,12264,100
1656504000,30983.9,31084.4,30879.9,30989.4,10828,100
1656518400,30988.9,31156.9,30890.4,30967.4,30195,100
1656532800,30966.4,31144.4,30910.4,31036.4,20116,100
1656547200,31040.0,31043.0,30943.0,30985.5,3675,150
1656561600,30983.5,30986.5,30915.5,30930.0,7205,150
1656576000,30929.5,30938.0,30626.8,30734.8,15548,100
1656590400,30735.8,30740.3,30592.8,30627.3,12123,100
1656604800,30627.8,30988.7,30420.3,30908.7,28351,100
1656619200,30909.7,30980.7,30603.7,30739.2,23493,100
1656633600,30738.2,30818.2,30672.2,30755.7,6318,150
1656648000,30755.2,30773.2,30476.7,30504.7,11581,150
1656662400,30505.2,30716.9,30448.9,30698.4,15514,100
1656676800,30697.4,30792.4,30611.4,30723.4,12781,100
1656691200,30723.9,30966.4,30480.9,30671.9,32154,100
1656705600,30669.9,31138.9,30656.9,31076.4,21031,100
1656892800,31064.5,31075.0,30892.5,30901.5,5558,150
1656907200,30899.5,30941.5,30826.5,30906.0,9632,150
1656921600,30907.5,31006.2,30868.2,30885.2,11039,100
1656936000,30884.7,31066.7,30867.2,31058.2,7945,100
1656950400,31058.7,31084.7,30938.1,30994.1,7122,100
1656979200,31007.5,31226.5,31002.0,31188.5,6558,150
1656993600,31187.5,31217.0,31123.0,31172.5,8502,150
1657008000,31174.0,31220.3,30895.3,30914.3,12988,100
1657022400,30916.8,30981.9,30668.9,30680.4,14247,100
1657036800,30679.9,30700.9,30356.4,30505.9,31509,100
1657051200,30506.9,30972.9,30498.4,30950.4,21781,100
1657065600,30985.4,31024.0,30872.0,31007.0,5931,150
1657080000,31009.5,31052.5,30854.5,30904.5,10031,150
1657094400,30905.0,31040.8,30760.3,30866.8,15517,100
1657108800,30867.3,30994.8,30829.3,30935.8,12980,100
1657123200,30934.8,31090.8,30789.3,30855.3,30208,100
1657137600,30854.3,31224.8,30835.3,31074.8,23144,100
1657152000,31078.1,31082.6,30978.1,31013.1,4628,150
1657166400,31012.6,31087.1,30915.6,31078.1,9833,150
1657180800,31078.6,31180.4,31064.9,31111.4,11845,100
1657195200,31102.4,31232.4,31067.9,31213.4,11679,100
1657209600,31211.9,31348.4,31146.4,31301.4,25205,100
1657224000,31302.4,31424.3,31227.4,31346.1,15120,100
1657238400,31344.1,31394.2,31323.2,31381.2,4284,150
1657252800,31380.7,31407.7,31277.7,31310.2,9180,150
1657267200,31309.7,31353.0,31249.7,31273.5,10496,100
1657281600,31273.0,31463.0,31216.0,31315.0,13248,100
1657296000,31314.5,31510.5,31207.5,31287.0,28254,100
1657310400,31288.0,31488.0,31249.5,31339.0,18098,100
1657497600,31308.6,31353.6,31275.6,31306.1,4912,150
1657512000,31305.1,31307.1,31146.6,31182.6,8153,150
1657526400,31182.1,31202.1,31066.9,31163.4,11847,100
1657540800,31161.4,31246.4,31120.4,31155.9,9783,100
1657555200,31155.4,31301.4,31112.9,31239.0,26802,100
1657569600,31238.5,31366.5,31108.5,31199.0,17910,100
1657584000,31201.0,31228.0,31033.5,31036.0,4417,150
1657598400,31035.5,31062.5,30984.5,31012.5,8478,150
1657612800,31011.5,31032.4,30907.4,30997.9,12471,100
1657627200,30996.9,31016.9,30888.9,30986.4,12162,100
1657641600,30984.9,31346.3,30983.9,31316.3,25248,100
1657656000,31316.8,31349.3,30853.3,30992.8,16341,100
1657670400,31010.3,31045.8,30966.8,31029.3,5228,150
1657684800,31030.3,31065.3,30971.3,31025.3,7582,150
1657699200,31024.3,31095.1,30949.1,31081.6,11796,100
1657713600,31081.1,31313.1,30560.6,30665.1,13742,100
1657728000,30661.1,30904.6,30502.6,30903.1,30745,100
1657742400,30904.1,30986.6,30715.8,30728.3,20760,100
1657756800,30704.8,30726.8,30581.8,30661.8,5864,150
1657771200,30662.8,30790.2,30653.3,30764.2,8306,150
1657785600,30764.7,30782.7,30425.7,30441.2,14970,100
1657800000,30441.7,30504.2,30262.2,30295.7,16656,100
1657814400,30296.2,30495.4,30129.2,30340.3,30768,100
1657828800,30341.3,30678.4,30282.8,30636.9,19829,100
1657843200,30661.9,30751.1,30632.1,30641.1,6596,150
1657857600,30641.1,30727.1,30627.1,30693.1,10643,150
1657872000,30694.1,30741.8,30521.3,30694.8,15384,100
1657886400,30695.3,30996.8,30663.8,30948.8,14279,100
1657900800,30949.3,31287.8,30921.3,31175.3,28806,100
1657915200,31174.8,31284.3,31160.3,31275.3,15023,100
1658102400,31334.5,31346.0,31262.5,31272.5,4954,150
1658116800,31273.0,31379.0,31272.0,31372.5,7849,150
1658131200,31373.5,31594.5,31354.0,31587.5,12366,100
1658145600,31586.5,31626.5,31510.0,31554.5,9849,100
1658160000,31553.5,31643.0,31347.0,31354.5,22818,100
1658174400,31354.5,31376.5,30982.0,31098.0,20133,100
1658188800,31078.6,31126.6,31054.6,31076.6,5246,150
1658203200,31076.1,31128.1,31065.6,31072.1,7917,150
1658217600,31072.1,31192.4,31062.1,31154.9,13824,100
1658232000,31154.9,31314.4,31150.4,31300.9,11489,100
1658246400,31300.4,31680.4,31270.4,31667.4,22221,100
1658260800,31667.4,31865.9,31614.9,31839.4,17150,100
1658275200,31844.5,31932.0,31811.0,31918.0,4394,150
1658289600,31918.0,32004.5,31893.5,31972.5,6975,150
1658304000,31971.5,31973.2,31819.2,31837.2,13275,100
1658318400,31835.7,31878.7,31700.2,31776.7,14231,100
1658332800,31776.7,31945.2,31645.2,31814.2,24819,0
1658347200,31813.2,31931.7,31670.2,31826.7,20391,100
1658361600,31821.3,31858.8,31786.3,31831.1,4569,150
1658376000,31830.6,31875.6,31755.1,31856.1,8731,150
1658390400,31856.1,31962.6,31738.3,31794.8,15723,100
1658404800,31795.8,31929.8,31726.8,31886.8,14739,100
1658419200,31887.8,31931.3,31524.8,31902.3,27278,100
1658433600,31901.8,32051.5,31775.3,32014.0,18854,100
1658448000,32003.1,32012.6,31944.6,31993.1,4795,150
1658462400,31993.6,32019.6,31952.6,31977.0,7633,150
1658476800,31976.5,32068.8,31946.8,32005.8,13527,100
1658491200,32006.3,32121.8,31997.8,32109.3,10602,100
1658505600,32108.8,32215.8,31909.6,31929.1,27500,100
1658520000,31930.1,31933.1,31729.6,31905.1,18955,100
1658707200,31884.8,31908.8,31821.8,31824.8,6890,150
1658721600,31822.8,31881.3,31801.8,31863.8,9765,150
1658736000,31860.8,31972.0,31811.5,31956.0,12891,100
1658750400,31956.0,32093.0,31953.0,32026.5,10729,100
1658764800,32027.0,32043.0,31861.5,31983.8,25225,100
1658779200,31983.8,32030.3,31819.3,31887.5,19246,100
1658793600,31856.1,31872.6,31813.6,31826.1,4827,150
1658808000,31826.1,31898.3,31822.6,31874.3,7483,150
1658822400,31873.8,31906.0,31843.0,31876.0,9003,100
1658836800,31876.5,31903.0,31802.0,31881.0,10627,100
1658851200,31881.0,31944.6,31760.1,31872.1,24311,100
1658865600,31872.1,31925.6,31694.1,31800.1,19233,100
1658880000,31795.7,31892.2,31791.7,31858.7,6861,150
1658894400,31857.2,31918.8,31822.2,31908.8,7079,150
1658908800,31909.8,31963.1,31883.1,31916.1,9962,100
1658923200,31915.1,31942.1,31869.6,31924.1,8990,100
1658937600,31924.6,31959.1,31851.6,31860.1,22407,100
1658952000,31859.6,32342.6,31799.1,32172.0,25174,100
1658966400,32183.0,32185.5,32124.0,32147.0,5072,150
1658980800,32147.5,32181.0,32133.5,32146.0,7279,150
1658995200,32146.5,32216.8,32131.0,32146.8,10571,100
1659009600,32145.8,32211.8,32071.8,32162.3,11247,100
1659024000,32160.8,32448.3,31979.8,32421.8,28102,100
1659038400,32422.8,32640.8,32399.8,32598.8,21584,100
1659052800,32561.4,32575.4,32498.9,32506.9,5650,150
1659067200,32506.4,32576.9,32498.9,32535.8,7681,150
1659081600,32535.8,32616.0,32509.8,32588.0,12152,100
1659096000,32588.0,32657.5,32512.6,32541.1,11095,100
1659110400,32540.6,32754.1,32490.6,32732.1,26329,100
1659124800,32731.6,32920.6,32680.6,32854.6,15582,100
1659312000,32856.0,32856.0,32707.5,32746.6,6390,150
1659326400,32747.1,32766.6,32705.1,32724.6,6403,150
1659340800,32724.1,32828.9,32697.6,32778.4,9208,100
1659355200,32778.9,32883.9,32707.4,32714.9,10033,100
1659369600,32715.4,32970.4,32635.4,32883.4,29424,100
1659384000,32883.9,32887.9,32687.9,32816.5,22728,100
1659398400,32788.3,32816.3,32705.3,32705.3,5635,150
1659412800,32704.8,32729.3,32650.3,32713.8,9617,150
1659427200,32711.8,32734.3,32611.5,32654.0,13529,100
1659441600,32654.5,32674.5,32570.5,32630.5,12624,100
1659456000,32632.5,32772.5,32412.0,32745.5,30798,100
1659470400,32744.0,32746.5,32387.0,32445.5,25711,100
1659484800,32468.8,32520.8,32381.3,32427.8,6390,150
1659499200,32428.3,32510.8,32422.3,32487.8,9408,150
1659513600,32487.3,32532.5,32445.5,32488.5,11677,100
1659528000,32488.5,32602.0,32484.5,32585.5,10689,100
1659542400,32585.5,32828.7,32509.0,32808.2,27928,100
1659556800,32809.2,32912.7,32785.7,32792.7,18703,100
1659571200,32792.1,32828.2,32768.2,32827.2,3897,150
1659585600,32827.7,32844.2,32777.7,32799.7,6306,150
1659600000,32799.7,32849.0,32774.5,32784.5,10078,100
1659614400,32785.0,32906.5,32769.5,32833.5,12792,100
1659628800,32833.0,32833.0,32640.5,32652.5,28758,100
1659643200,32653.0,32790.6,32646.5,32739.6,16761,100
1659657600,32737.3,32773.3,32718.8,32765.3,3528,150
1659672000,32765.3,32828.8,32764.8,32820.8,5593,150
1659686400,32821.3,32823.3,32735.6,32753.1,8333,100
1659700800,32753.1,32824.1,32475.6,32510.6,12103,100
1659715200,32507.6,32748.1,32487.1,32715.1,30448,100
1659729600,32714.6,32817.1,32657.6,32795.1,18480,100
1659916800,32796.4,32802.4,32713.0,32749.5,5359,150
1659931200,32749.5,32796.5,32714.0,32789.5,6640,150
1659945600,32789.0,32935.2,32787.0,32860.7,9966,100
1659960000,32861.2,32998.7,32842.2,32997.7,9517,100
1659974400,32998.7,33108.8,32768.8,32830.3,28390,100
1659988800,32829.8,32908.8,32767.0,32899.5,21723,100
1660003200,32883.9,32916.3,32853.9,32873.3,4246,150
1660017600,32873.3,32917.8,32835.8,32892.3,6280,150
1660032000,32891.8,32903.6,32823.6,32881.6,9842,100
1660046400,32882.1,32903.6,32765.6,32823.1,11878,100
1660060800,32824.6,32880.1,32709.1,32806.1,26880,100
1660075200,32807.6,32823.6,32700.1,32803.6,18100,100
1660089600,32803.9,32813.4,32751.9,32755.4,3811,150
1660104000,32754.9,32803.9,32754.9,32772.4,6458,150
1660118400,32771.4,32870.6,32716.1,32852.1,10588,100
1660132800,32853.1,33231.6,32821.6,33174.6,12323,100
1660147200,33174.1,33366.6,33164.1,33264.6,25673,100
1660161600,33265.6,33347.6,33177.6,33326.6,16653,100
1660176000,33318.8,33383.8,33285.8,33373.8,3600,150
1660190400,33372.8,33396.3,33360.3,33367.8,5662,150
1660204800,33367.3,33449.0,33338.5,33388.5,11185,100
1660219200,33389.5,33576.5,33372.0,33570.5,12210,100
1660233600,33571.0,33651.0,33432.5,33501.5,26908,100
1660248000,33502.5,33549.0,33285.5,33387.5,20844,100
1660262400,33380.4,33406.5,33325.0,33330.0,4798,150
1660276800,33329.5,33382.5,33325.5,33368.5,6703,150
1660291200,33367.0,33526.2,33365.0,33485.7,9984,100
1660305600,33485.2,33512.2,33411.2,33484.2,10731,100
1660320000,33483.7,33613.2,33388.2,33601.7,24173,100
1660334400,33601.7,33758.2,33595.7,33746.7,11201,100
1660521600,33725.7,33736.7,33662.7,33685.2,4629,150
1660536000,33685.2,33718.2,33662.7,33685.7,6064,150
1660550400,33686.7,33701.7,33599.0,33617.0,8424,100
1660564800,33617.5,33632.0,33516.0,33520.5,9213,100
1660579200,33521.5,33952.3,33519.5,33943.3,21846,100
1660593600,33944.3,33955.8,33873.8,33877.3,14355,100
1660608000,33873.7,33894.2,33850.2,33869.2,3591,150
1660622400,33870.2,33964.2,33838.2,33914.2,6510,150
1660636800,33915.2,33935.4,33850.9,33916.4,10229,100
1660651200,33915.9,33921.4,33820.9,33842.9,10821,100
1660665600,33842.9,34188.4,33833.4,34147.4,22653,100
1660680000,34147.9,34285.8,34054.8,34167.3,17340,100
1660694400,34147.3,34172.8,34108.8,34141.3,4167,150
1660708800,34140.8,34173.3,34120.8,34170.8,6802,150
1660723200,34170.8,34196.3,34046.1,34050.6,10663,100
1660737600,34049.1,34068.6,33888.1,33914.1,13616,100
1660752000,33914.6,34012.6,33824.6,33977.1,25531,100
1660766400,33977.1,34164.1,33944.6,34016.6,21783,100
1660780800,33992.9,33993.4,33904.3,33930.8,4578,150
1660795200,33929.8,33972.3,33925.8,33929.3,6883,150
1660809600,33930.3,33962.8,33862.5,33949.5,12348,100
1660824000,33949.0,34064.0,33942.5,34003.0,12462,100
1660838400,34003.5,34011.5,33834.0,33864.2,23473,100
1660852800,33863.7,34046.3,33850.7,34009.3,16288,100
1660867200,34004.9,34015.9,33948.1,33961.1,3636,150
1660881600,33962.1,33989.1,33935.1,33941.1,6827,150
1660896000,33942.1,33944.6,33768.8,33798.3,12722,100
1660910400,33797.8,33832.8,33696.8,33771.3,13983,100
1660924800,33770.8,33866.3,33679.8,33802.8,24150,100
1660939200,33803.8,33819.8,33626.8,33704.3,15815,100
1661126400,33630.9,33643.6,33526.6,33536.1,5389,150
1661140800,33536.1,33641.6,33533.6,33561.6,7295,150
1661155200,33562.1,33594.8,33368.8,33419.6,14186,100
1661169600,33420.6,33447.1,33356.1,33361.1,13074,100
1661184000,33360.6,33374.1,33173.8,33207.3,22582,100
1661198400,33206.8,33211.3,33007.3,33109.8,16697,100
1661212800,33108.1,33141.8,33077.3,33080.3,3895,150
1661227200,33081.3,33147.8,33072.8,33079.3,7061,150
1661241600,33077.3,33181.6,32909.6,33117.1,14640,100
1661256000,33117.1,33154.1,33017.6,33037.1,13346,100
1661270400,33039.1,33134.6,32855.1,32949.6,27714,100
1661284800,32949.6,32997.1,32874.6,32897.3,18281,100
1661299200,32893.5,32924.5,32865.5,32876.0,3915,150
1661313600,32875.5,32883.0,32783.0,32866.0,7124,150
1661328000,32866.0,32928.8,32760.8,32918.3,13997,100
1661342400,32917.8,32961.8,32859.8,32896.8,13064,100
1661356800,32896.3,33095.8,32826.8,32931.3,22782,100
1661371200,32931.8,33033.0,32892.0,32973.0,15435,100
1661385600,32974.8,33015.4,32933.4,33008.4,3338,150
1661400000,33008.4,33067.4,32999.9,33062.4,5225,150
1661414400,33063.9,33252.6,33044.1,33176.7,12465,100
1661428800,33176.7,33187.2,32985.7,33011.2,13689,100
1661443200,33011.7,33135.4,32886.3,32993.4,24020,100
1661457600,32992.4,33307.7,32970.9,33240.2,16047,100
1661472000,33270.0,33281.7,33228.0,33276.2,3835,150
1661486400,33275.2,33296.2,33252.7,33255.7,5140,150
1661500800,33256.2,33293.0,33198.0,33224.5,10863,100
1661515200,33225.0,33348.5,33174.0,33344.0,12982,100
1661529600,33343.0,33463.5,32611.0,32680.2,32450,100
1661544000,32677.2,32694.7,32273.7,32286.2,18613,100
1661731200,32090.4,32105.4,31971.9,31991.4,9156,150
1661745600,31991.4,32107.5,31954.9,32073.0,9147,150
1661760000,32073.5,32170.7,32006.7,32006.7,13556,100
1661774400,32008.7,32094.7,31980.7,32039.7,11941,100
1661788800,32040.7,32298.2,31965.2,32247.2,30887,100
1661803200,32247.7,32325.2,32090.2,32146.7,22434,100
1661817600,32137.4,32188.4,32069.9,32118.9,4259,150
1661832000,32117.9,32212.9,32077.9,32192.4,8289,150
1661846400,32192.4,32369.1,32146.1,32310.1,12799,100
1661860800,32310.6,32358.6,32192.6,32192.6,10817,100
1661875200,32193.1,32210.6,31683.6,31799.1,33010,100
1661889600,31799.1,31879.1,31638.6,31814.1,22449,100
1661904000,31777.7,31867.2,31742.7,31855.7,4550,150
1661918400,31855.2,31986.2,31838.7,31955.7,7065,150
1661932800,31954.7,31981.2,31742.0,31773.0,14715,100
1661947200,31772.5,31860.0,31675.0,31845.0,17089,100
1661961600,31844.0,31961.5,31667.0,31711.0,32218,100
1661976000,31709.5,31763.5,31494.0,31556.0,22503,100
1661990400,31566.7,31577.7,31351.3,31392.3,7128,150
1662004800,31392.8,31434.3,31365.3,31428.2,8375,150
1662019200,31427.7,31452.4,31302.9,31326.4,15521,100
1662033600,31326.4,31455.4,31308.4,31334.4,14011,100
1662048000,31333.4,31470.1,31220.1,31337.1,31202,100
1662062400,31336.1,31671.1,31316.6,31656.1,25235,100
1662076800,31653.3,31689.3,31609.3,31627.8,5181,150
1662091200,31625.8,31655.3,31573.3,31650.3,7589,150
1662105600,31650.3,31691.1,31555.1,31679.6,12914,100
1662120000,31679.1,31875.5,31604.0,31850.0,13769,100
1662134400,31850.0,32031.5,31634.5,31681.5,28776,100
1662148800,31676.5,31676.5,31184.5,31328.0,22859,100
1662336000,31374.6,31420.2,31277.7,31348.7,7462,150
1662350400,31346.7,31406.2,31340.2,31390.2,10004,150
1662364800,31390.7,31469.0,31331.0,31409.6,14277,100
1662379200,31410.6,31459.6,31343.1,31397.1,11906,100
1662393600,31397.6,31445.1,31372.6,31427.9,9868,100
1662422400,31436.1,31551.1,31414.1,31534.1,5785,150
1662436800,31535.1,31547.1,31411.1,31415.6,7923,150
1662451200,31416.1,31574.4,31389.4,31492.9,13153,100
1662465600,31492.9,31592.4,31419.4,31495.4,13042,100
1662480000,31495.9,31518.4,31043.9,31239.4,33435,100
1662494400,31239.4,31245.9,31050.4,31157.9,26848,100
1662508800,31146.0,31169.0,30974.6,31014.6,5412,150
1662523200,31013.1,31065.6,30980.6,31049.6,8749,150
1662537600,31050.6,31222.9,31029.9,31211.4,13761,100
1662552000,31211.9,31217.4,31057.9,31106.9,12775,100
1662566400,31104.9,31460.8,31081.9,31422.8,29406,100
1662580800,31422.8,31646.3,31394.8,31573.8,21818,100
1662595200,31601.9,31607.9,31546.8,31581.8,3883,150
1662609600,31582.3,31614.8,31556.8,31599.8,5933,150
1662624000,31598.8,31676.0,31508.0,31578.0,11635,100
1662638400,31577.0,31662.5,31477.0,31480.0,13069,100
1662652800,31478.5,31788.1,31299.0,31591.1,32606,100
1662667200,31592.6,31811.1,31539.6,31805.1,25129,100
1662681600,31800.5,31850.3,31760.8,31833.3,3311,150
1662696000,31833.8,31890.3,31788.3,31880.8,5622,150
1662710400,31880.3,32013.0,31795.5,32002.0,9889,100
1662724800,32002.0,32036.5,31947.5,31966.5,9019,100
1662739200,31966.5,32165.0,31880.0,32107.5,23716,100
1662753600,32110.0,32225.0,32067.0,32157.0,12765,100
1662940800,32253.7,32275.2,32184.1,32192.1,2904,150
1662955200,32192.6,32214.1,32138.1,32154.1,4070,150
1662969600,32154.6,32340.9,32145.9,32337.9,8728,100
1662984000,32337.9,32350.9,32178.4,32231.9,8307,100
1662998400,32231.9,32499.4,32209.9,32368.4,22628,100
1663012800,32368.9,32426.9,32299.4,32423.9,16353,100
1663027200,32441.1,32441.6,32386.3,32404.3,2568,150
1663041600,32403.3,32424.3,32366.3,32392.8,3799,150
1663056000,32392.3,32527.6,32382.8,32512.7,7484,100
1663070400,32513.7,32654.7,31833.7,31834.7,10166,100
1663084800,31835.2,31892.7,31452.2,31497.7,28678,100
1663099200,31497.2,31587.3,31017.2,31145.7,20866,100
1663113600,31157.1,31177.6,31074.1,31111.0,5150,150
1663128000,31111.0,31198.5,31111.0,31161.0,6319,150
1663142400,31162.0,31271.3,31071.3,31251.8,13634,100
1663156800,31250.8,31261.3,31023.8,31145.8,14351,100
1663171200,31144.3,31272.8,30959.3,31198.3,32415,100
1663185600,31199.3,31225.8,30876.8,31185.3,24968,100
1663200000,31165.1,31202.6,31133.6,31166.2,3840,150
1663214400,31165.7,31209.2,31118.2,31151.2,5592,150
1663228800,31151.7,31228.9,31119.9,31176.9,8144,100
1663243200,31177.9,31214.9,31053.4,31161.9,10491,100
1663257600,31161.9,31271.9,30942.4,31062.4,32281,100
1663272000,31063.4,31275.4,30869.9,30926.4,25227,100
1663286400,30857.1,30861.1,30762.6,30813.1,5085,150
1663300800,30813.6,30829.1,30773.6,30791.6,5050,150
1663315200,30791.6,30814.3,30685.3,30705.8,10534,100
1663329600,30706.3,30788.3,30548.8,30561.8,10285,100
1663344000,30561.3,30809.8,30544.8,30643.3,30915,100
1663358400,30643.3,30865.8,30578.3,30808.3,21077,100
1663545600,30835.3,30893.8,30810.3,30869.2,4479,150
1663560000,30869.7,30887.7,30726.2,30783.2,5974,150
1663574400,30784.2,30797.2,30570.4,30573.4,10016,100
1663588800,30574.4,30621.4,30486.9,30592.9,10912,100
1663603200,30593.9,30949.4,30534.4,30860.4,32252,100
1663617600,30859.9,31079.9,30732.4,31051.4,22599,100
1663632000,31049.0,31138.5,31040.0,31068.8,4223,150
1663646400,31068.3,31083.3,31030.3,31074.8,5641,150
1663660800,31074.3,31153.1,30944.6,30991.1,11004,100
1663675200,30990.6,30995.6,30793.1,30821.1,13425,100
1663689600,30819.1,30838.1,30545.6,30680.0,30808,100
1663704000,30679.0,30801.5,30466.5,30747.0,22328,100
1663718400,30736.6,30760.3,30684.8,30739.3,4373,150
1663732800,30738.3,30760.8,30689.3,30740.8,5752,150
1663747200,30743.3,30783.3,30575.6,30730.1,15487,100
1663761600,30728.6,30880.6,30709.6,30852.1,10592,100
1663776000,30851.6,30944.2,30792.1,30805.7,25510,100
1663790400,30806.7,31021.2,30111.7,30147.7,30000,100
1663804800,30159.3,30188.8,29992.8,30005.8,7039,150
1663819200,30006.3,30109.3,29959.3,30085.8,10110,150
1663833600,30085.3,30405.0,30028.0,30326.5,17004,100
1663848000,30325.0,30334.0,30118.0,30279.0,19172,100
1663862400,30277.0,30281.0,29986.0,30128.2,33035,100
1663876800,30126.2,30299.2,30041.2,30105.2,23596,100
1663891200,30117.8,30164.3,30087.8,30129.3,4550,150
1663905600,30130.8,30139.8,29970.8,29989.8,7914,150
1663920000,29990.3,30085.1,29905.1,29907.1,15012,100
1663934400,29907.1,29917.6,29634.4,29668.4,19016,100
1663948800,29666.4,29801.4,29347.1,29483.6,32399,100
1663963200,29484.6,29611.6,29241.6,29593.1,24817,100
1664150400,29550.0,29661.0,29431.2,29440.7,8470,150
1664164800,29440.2,29561.2,29402.7,29420.7,11316,150
1664179200,29420.2,29671.0,29369.0,29552.5,18690,100
1664193600,29554.0,29573.5,29312.0,29539.5,19271,100
1664208000,29538.5,29637.2,29254.7,29379.7,34642,100
1664222400,29379.7,29474.2,29162.7,29272.7,28474,100
1664236800,29278.8,29476.6,29248.8,29459.6,6460,150
1664251200,29459.1,29495.1,29401.6,29457.1,9087,150
1664265600,29458.6,29659.8,29421.6,29526.3,14928,100
1664280000,29525.8,29633.8,29414.8,29526.8,16383,100
1664294400,29524.3,29660.8,29011.8,29107.8,34234,100
1664308800,29105.3,29239.3,28951.8,29177.8,28695,100
1664323200,29195.9,29227.9,29137.9,29151.4,6517,150
1664337600,29149.9,29189.4,28881.9,28992.9,14502,150
1664352000,28990.9,29104.7,28886.2,28995.7,20673,100
1664366400,28996.2,29341.2,28821.2,29261.2,27406,100
1664380800,29260.2,29631.2,29110.2,29592.2,31691,100
1664395200,29594.2,29817.2,29540.2,29673.2,20622,100
1664409600,29687.3,29720.3,29630.3,29669.3,5742,150
1664424000,29669.3,29715.3,29593.3,29697.8,7724,150
1664438400,29699.3,29707.8,29280.6,29364.1,17794,100
1664452800,29364.1,29565.5,29301.0,29377.0,19167,100
1664467200,29378.5,29488.5,29038.5,29173.4,34637,100
1664481600,29173.9,29279.4,28979.9,29230.4,26916,100
1664496000,29216.5,29327.6,29185.1,29236.1,7359,150
1664510400,29236.6,29283.6,29090.6,29149.1,12333,150
1664524800,29148.6,29494.4,29143.6,29481.4,18915,100
1664539200,29482.9,29485.9,29127.9,29253.4,21929,100
1664553600,29250.4,29359.4,29000.9,29114.4,34766,100
1664568000,29114.9,29144.4,28712.9,28730.4,23447,100
1664755200,28725.5,28879.5,28588.0,28621.0,9809,150
1664769600,28622.5,28835.0,28622.0,28768.5,11277,150
1664784000,28767.5,28920.3,28722.0,28802.8,18827,100
1664798400,28802.8,29090.3,28722.8,29057.3,17374,100
1664812800,29057.8,29432.8,28953.8,29343.2,30620,100
1664827200,29342.7,29646.7,29331.7,29504.7,21509,100
1664841600,29530.8,29657.0,29444.5,29625.0,6690,150
1664856000,29624.5,29753.0,29545.5,29718.5,8322,150
1664870400,29718.0,29874.2,29696.0,29852.2,15942,100
1664884800,29852.7,29968.7,29772.7,29876.2,16935,100
1664899200,29875.7,30314.1,29823.2,30207.1,29259,100
1664913600,30207.1,30347.6,30062.6,30296.6,25073,100
1664928000,30272.3,30274.8,30171.6,30194.6,5153,150
1664942400,30194.6,30239.1,30133.1,30159.6,8611,150
1664956800,30158.1,30203.8,30017.3,30083.8,13083,100
1664971200,30082.8,30103.8,29989.3,30011.3,14656,100
1664985600,30010.8,30237.8,29877.3,30177.3,30858,100
1665000000,30175.8,30457.2,30167.8,30278.7,23121,100
1665014400,30265.7,30425.0,30247.7,30389.0,5652,150
1665028800,30391.0,30422.5,30326.0,30393.5,8875,150
1665043200,30394.5,30416.0,30143.2,30163.2,15722,100
1665057600,30162.7,30260.2,30044.7,30195.7,15331,100
1665072000,30193.2,30319.7,29976.2,30102.9,32122,100
1665086400,30103.9,30135.4,29855.8,29923.3,24588,100
1665100800,29863.5,29937.5,29861.5,29906.0,5462,150
1665115200,29906.5,29979.0,29869.5,29875.5,6316,150
1665129600,29874.5,29945.8,29781.8,29941.8,14105,100
1665144000,29940.3,30057.8,29592.8,29688.3,14966,100
1665158400,29688.8,29745.3,29327.3,29355.3,33450,100
1665172800,29356.8,29395.3,29140.8,29291.8,22373,100
1665360000,29200.8,29253.8,29071.8,29187.8,9257,150
1665374400,29187.8,29251.3,29161.8,29226.8,8340,150
1665388800,29226.3,29277.8,29118.8,29163.8,16008,100
1665403200,29163.8,29419.3,29163.8,29416.3,15023,100
1665417600,29414.8,29490.3,29049.8,29056.8,31724,100
1665432000,29056.3,29355.8,29011.3,29227.8,23891,100
1665446400,29226.0,29277.3,29162.3,29248.3,6695,150
1665460800,29246.8,29282.3,29025.8,29045.8,13493,150
1665475200,29047.3,29130.5,28902.5,28970.0,19670,100
1665489600,28970.0,29263.0,28919.5,29170.5,19425,100
1665504000,29168.5,29612.0,29068.0,29559.5,33016,100
1665518400,29560.5,29580.5,29093.0,29281.0,27700,100
1665532800,29272.2,29339.7,29202.7,29314.2,6287,150
1665547200,29314.2,29395.7,29208.2,29353.2,11344,150
1665561600,29352.7,29479.4,29255.4,29349.4,20132,100
1665576000,29347.9,29461.4,29219.9,29255.4,19172,100
1665590400,29254.9,29455.4,29134.9,29358.9,33767,100
1665604800,29358.9,29419.9,29209.4,29258.9,24492,100
1665619200,29277.7,29321.7,29252.7,29312.7,4778,150
1665633600,29314.7,29322.7,29229.7,29240.7,8678,150
1665648000,29240.2,29346.9,29166.4,29337.9,13751,100
1665662400,29335.4,29601.4,28677.9,28764.4,18763,100
1665676800,28762.4,29933.9,28627.9,29853.4,39647,100
1665691200,29854.9,30169.9,29837.4,30044.9,27305,100
1665705600,30047.1,30086.9,29987.4,30050.4,7487,150
1665720000,30049.9,30287.9,30034.4,30218.4,12805,150
1665734400,30216.4,30275.2,29940.2,29954.7,19576,100
1665748800,29955.7,30432.1,29901.6,30366.6,22442,100
1665763200,30366.1,30426.6,29685.8,29751.3,37808,100
1665777600,29753.8,29818.3,29613.4,29689.9,24927,100
1665964800,29676.4,29829.2,29649.9,29781.7,8821,150
1665979200,29782.7,29827.2,29750.7,29804.2,12474,150
1665993600,29803.7,29962.0,29801.2,29893.0,18241,100
1666008000,29892.5,30032.5,29872.0,30007.5,16166,100
1666022400,30007.5,30322.0,29997.5,30171.4,32221,100
1666036800,30172.4,30288.9,30126.9,30266.9,22536,100
1666051200,30347.6,30425.6,30320.6,30401.6,6903,150
1666065600,30401.6,30728.1,30343.1,30644.6,12746,150
1666080000,30646.1,30692.9,30464.4,30468.4,17896,100
1666094400,30467.4,30838.9,30408.9,30824.4,19855,100
1666108800,30823.4,30838.4,30295.9,30473.4,33104,100
1666123200,30474.4,30691.9,30350.9,30666.4,28618,100
1666137600,30661.1,30762.1,30609.1,30727.1,8171,150
1666152000,30727.6,30781.1,30673.1,30688.1,12248,150
1666166400,30688.6,30704.1,30439.4,30497.4,18988,100
1666180800,30492.4,30645.4,30335.4,30393.9,20876,100
1666195200,30395.4,30661.9,30312.1,30340.1,33043,100
1666209600,30340.1,30523.1,30224.6,30506.1,26823,100
1666224000,30473.3,30496.3,30340.8,30377.8,7750,150
1666238400,30377.3,30499.8,30292.8,30452.3,15232,150
1666252800,30452.3,30586.8,30323.1,30368.1,22076,100
1666267200,30368.1,30646.1,30366.6,30407.1,21117,100
1666281600,30404.6,30826.4,30401.6,30484.9,32479,100
1666296000,30483.4,30485.9,30258.9,30376.4,25901,100
1666310400,30366.7,30372.7,30225.2,30297.2,7847,150
1666324800,30302.2,30369.2,30260.2,30296.2,12600,150
1666339200,30295.2,30380.9,30176.4,30188.4,17972,100
1666353600,30189.4,30253.4,30068.9,30171.4,20229,100
1666368000,30167.9,30923.9,30167.9,30887.4,37720,100
1666382400,30889.4,31124.4,30832.4,31092.4,19549,100
1666569600,31210.8,31425.1,31184.6,31203.1,13328,150
1666584000,31203.1,31227.6,31063.6,31184.6,16911,150
1666598400,31183.1,31199.9,30883.9,30974.4,22728,100
1666612800,30973.9,31406.4,30920.9,31340.4,22989,100
1666627200,31341.9,31570.9,31156.9,31419.9,35353,100
1666641600,31419.9,31600.4,31353.4,31476.4,21993,100
1666656000,31474.7,31566.2,31467.2,31528.2,8109,150
1666670400,31527.2,31550.2,31405.7,31523.2,17336,150
1666684800,31523.7,31563.9,31429.9,31440.9,18843,100
1666699200,31441.4,31441.4,31309.4,31375.4,16404,100
1666713600,31372.4,31809.9,31372.4,31723.9,28219,100
1666728000,31723.9,31878.9,31682.4,31836.9,22517,100
1666742400,31762.8,31822.8,31714.8,31727.8,9407,150
1666756800,31727.3,31799.8,31709.8,31763.8,12812,150
1666771200,31763.8,31875.5,31729.5,31866.5,17897,100
1666785600,31866.0,31874.0,31720.0,31755.0,19342,100
1666800000,31755.0,32175.9,31732.0,31970.9,31230,100
1666814400,31970.9,32004.9,31779.4,31958.4,26418,100
1666828800,31921.8,32033.0,31898.3,31978.5,7419,150
1666843200,31978.5,32031.5,31937.5,32024.0,12394,150
1666857600,32025.5,32052.0,31914.7,31982.7,17602,100
1666872000,31982.7,32203.8,31912.8,32168.8,19719,100
1666886400,32168.8,32383.8,32064.8,32186.2,35149,100
1666900800,32187.2,32279.2,31840.0,32003.0,26328,100
1666915200,32025.4,32055.4,31963.9,32020.9,9723,150
1666929600,32021.4,32133.9,32020.9,32037.4,14615,150
1666944000,32037.9,32037.9,31855.1,31967.1,19355,100
1666958400,31966.1,32256.9,31921.6,32083.4,19415,100
1666972800,32083.4,32759.2,32064.9,32737.7,30785,100
1666987200,32738.2,32893.7,32734.2,32864.2,16487,100
1667174400,32881.6,32884.2,32796.2,32856.7,12732,150
1667188800,32855.7,32876.2,32823.2,32848.7,11814,150
1667203200,32849.9,32859.4,32678.7,32724.2,12890,100
1667217600,32725.2,32801.7,32588.7,32593.7,17667,100
1667232000,32593.7,32879.7,32584.7,32796.3,29469,100
1667246400,32795.3,32836.3,32682.3,32737.3,16090,100
1667260800,32742.3,32834.3,32726.8,32828.8,10054,150
1667275200,32829.3,32914.3,32829.3,32887.3,9895,150
1667289600,32886.3,32962.5,32836.0,32942.5,15974,100
1667304000,32943.0,32997.5,32814.0,32829.0,17445,100
1667318400,32839.0,32842.0,32483.0,32663.6,33079,100
1667332800,32664.1,32730.1,32583.6,32622.1,15111,100
1667347200,32635.6,32733.6,32617.6,32716.1,9973,150
1667361600,32716.6,32741.1,32667.6,32716.1,10355,150
1667376000,32716.1,32754.8,32646.3,32664.8,13072,100
1667390400,32664.3,32673.2,32503.7,32514.7,17940,100
1667404800,32511.7,32727.0,32494.0,32678.5,23594,100
1667419200,32679.0,33074.0,32097.9,32161.4,24631,100
1667433600,32157.8,32216.3,32060.8,32187.3,11690,150
1667448000,32188.3,32251.8,32177.3,32213.3,9869,150
1667462400,32213.1,32218.9,32062.9,32107.9,18154,100
1667476800,32109.4,32129.9,31733.9,31742.4,19390,100
1667491200,31740.4,32177.4,31714.4,32035.4,31475,100
1667505600,32034.4,32178.7,31974.7,31991.2,15134,100
1667520000,31977.1,31985.4,31912.6,31979.9,10113,150
1667534400,31979.4,32065.9,31958.4,32027.9,10812,150
1667548800,32027.2,32194.7,32020.2,32153.2,17685,100
1667563200,32152.7,32376.2,31856.7,32290.7,24398,100
1667577600,32291.7,32611.2,31932.7,31980.2,37121,100
1667592000,31980.2,32462.2,31925.7,32356.7,18641,100
1667779200,32213.4,32359.5,32161.5,32332.5,11494,150
1667793600,32332.5,32425.0,32320.5,32368.5,12709,150
1667808000,32366.0,32540.2,32252.2,32486.7,17630,100
1667822400,32487.2,32620.2,32466.2,32507.2,15185,100
1667836800,32508.2,32667.1,32410.7,32632.2,30713,100
1667851200,32631.2,32892.2,32629.2,32802.2,19508,100
1667865600,32814.3,32928.8,32786.3,32882.3,7522,150
1667880000,32882.3,32883.3,32802.8,32821.3,7965,150
1667894400,32820.3,32894.6,32757.1,32894.6,13052,100
1667908800,32893.6,32955.6,32848.6,32926.6,12391,100
1667923200,32923.6,33360.3,32870.1,33315.8,25083,100
1667937600,33316.3,33353.3,32826.8,33129.3,27035,100
1667952000,33105.8,33198.0,33086.5,33142.0,10092,150
1667966400,33142.0,33170.5,33052.5,33094.5,13446,150
1667980800,33097.5,33184.7,32978.7,33002.2,16366,100
1667995200,33000.7,33092.7,32935.7,32959.7,16773,100
1668009600,32959.7,33052.7,32789.5,32846.5,32095,100
1668024000,32847.0,32854.0,32474.5,32525.5,24306,100
1668038400,32550.6,32591.6,32508.6,32565.1,7741,150
1668052800,32563.6,32596.1,32523.1,32569.6,9689,150
1668067200,32570.6,32621.3,32512.8,32595.8,13006,100
1668081600,32595.3,33433.3,32524.8,33308.3,17223,100
1668096000,33306.3,33530.5,33166.8,33297.0,33761,100
1668110400,33297.5,33784.5,33297.0,33778.5,23736,100
1668124800,33761.2,33801.7,33701.7,33707.7,9533,150
1668139200,33708.2,33889.7,33704.7,33883.7,11008,150
1668153600,33880.2,33970.9,33835.4,33871.9,16828,100
1668168000,33873.9,33901.4,33805.9,33874.4,14368,100
1668182400,33875.9,33883.9,33397.9,33542.5,32686,100
1668196800,33541.5,33819.7,33540.0,33755.2,21779,100
1668384000,33656.6,33719.6,33642.6,33674.6,9272,150
1668398400,33675.6,33698.6,33646.6,33650.1,8739,150
1668412800,33651.6,33732.9,33611.4,33620.4,11668,100
1668427200,33619.9,33731.4,33604.9,33680.9,9880,100
1668441600,33680.9,33892.9,33625.9,33853.4,27926,100
1668456000,33854.4,33963.9,33533.4,33606.9,21198,100
1668470400,33612.0,33644.0,33581.5,33628.5,6863,150
1668484800,33628.5,33687.0,33619.5,33663.5,8468,150
1668499200,33663.0,33744.8,33660.0,33682.8,13292,100
1668513600,33684.8,34010.8,33612.8,33926.3,15294,100
1668528000,33926.8,33983.8,33640.1,33671.6,32318,100
1668542400,33674.6,33698.6,33313.2,33560.7,30818,100
1668556800,33492.6,33555.1,33444.1,33499.6,9692,150
1668571200,33500.1,33642.1,33490.1,33630.1,11351,150
1668585600,33629.1,33706.3,33601.1,33646.3,13874,100
1668600000,33647.3,33698.3,33462.3,33523.3,14868,100
1668614400,33525.3,33686.0,33501.3,33622.5,31001,100
1668628800,33622.0,33647.5,33520.0,33595.5,22882,100
1668643200,33616.5,33634.0,33563.5,33579.5,5431,150
1668657600,33579.0,33602.0,33538.5,33579.0,6837,150
1668672000,33577.5,33687.8,33460.8,33473.8,12926,100
1668686400,33475.3,33516.8,33156.8,33163.8,17218,100
1668700800,33163.8,33603.7,33146.3,33580.2,28377,100
1668715200,33580.2,33619.2,33382.2,33548.7,21962,100
1668729600,33570.4,33570.4,33492.4,33523.4,6400,150
1668744000,33522.9,33543.4,33466.4,33486.4,7935,150
1668758400,33490.4,33671.6,33437.4,33601.1,12998,100
1668772800,33601.6,33797.6,33584.1,33783.1,13084,100
1668787200,33782.6,33821.6,33534.6,33597.6,28952,100
1668801600,33597.1,33812.4,33552.1,33749.4,19374,100
1668988800,33781.1,33795.1,33628.8,33646.3,6197,150
1669003200,33646.8,33679.3,33621.3,33679.3,7567,150
1669017600,33679.8,33688.3,33602.5,33641.5,11949,100
1669032000,33643.0,33739.5,33633.5,33732.0,10767,100
1669046400,33731.5,33866.0,33553.8,33668.8,28105,100
1669060800,33668.8,33806.8,33666.8,33697.8,20456,100
1669075200,33708.0,33769.6,33688.1,33738.6,5666,150
1669089600,33737.6,33754.6,33683.6,33690.1,6066,150
1669104000,33689.6,33791.9,33627.4,33780.9,12299,100
1669118400,33780.9,33857.9,33698.9,33851.4,10754,100
1669132800,33853.4,34014.6,33831.4,33966.0,24164,100
1669147200,33966.0,34113.5,33957.5,34110.5,15606,100
1669161600,34122.2,34137.9,34100.4,34109.4,4320,150
1669176000,34108.4,34124.9,34092.9,34118.9,4486,150
1669190400,34118.4,34170.2,34083.7,34156.7,7962,100
1669204800,34157.7,34157.7,34028.2,34056.2,9726,100
1669219200,34056.7,34242.2,34003.7,34036.2,24828,100
1669233600,34037.2,34263.2,34018.2,34241.2,20615,100
1669248000,34247.4,34265.3,34219.3,34253.3,4460,150
1669262400,34253.3,34261.8,34231.3,34233.8,4111,150
1669276800,34231.8,34280.1,34212.1,34259.1,7418,100
1669291200,34259.1,34289.1,34218.1,34247.1,6937,100
1669305600,34247.6,34282.1,34226.1,34256.1,6905,100
1669334400,34260.3,34264.3,34212.3,34237.3,3080,150
1669348800,34236.8,34246.3,34217.8,34227.8,3617,150
1669363200,34227.8,34268.6,34206.1,34217.1,7762,100
1669377600,34217.1,34285.6,34201.1,34249.1,6845,100
1669392000,34215.1,34384.5,34193.1,34353.0,18781,100
1669406400,34353.0,34370.0,34342.5,34363.0,601,100
1669593600,34276.2,34308.5,34164.5,34171.0,5756,150
1669608000,34172.0,34193.5,34133.0,34168.0,5035,150
1669622400,34169.5,34275.3,34109.3,34121.3,10212,100
1669636800,34119.3,34187.3,34105.3,34138.3,10507,100
1669651200,34138.3,34301.8,33976.7,33992.7,24518,100
1669665600,33990.2,34016.7,33798.2,33852.7,15901,100
1669680000,33846.8,33869.7,33830.7,33867.7,4941,150
1669694400,33866.7,33933.7,33857.7,33918.7,5079,150
1669708800,33918.7,33966.9,33828.9,33855.9,11220,100
1669723200,33855.9,33910.9,33769.4,33810.4,11058,100
1669737600,33810.9,33932.4,33655.4,33801.9,26641,100
1669752000,33802.4,33917.9,33756.4,33855.4,18851,100
1669766400,33809.7,33845.2,33768.2,33829.2,4992,150
1669780800,33828.2,33862.2,33819.2,33829.7,5131,150
1669795200,33830.2,33920.5,33824.5,33847.5,10200,100
1669809600,33847.5,33899.5,33772.0,33773.0,11310,100
1669824000,33771.5,33896.0,33575.2,33642.2,25705,100
1669838400,33641.2,34598.2,33635.2,34567.2,27890,100
1669852800,34579.9,34590.9,34533.4,34541.4,6422,150
1669867200,34540.9,34591.4,34523.4,34573.4,6598,150
1669881600,34574.9,34583.4,34460.2,34494.7,11611,100
1669896000,34495.2,34662.7,34477.2,34589.7,12099,100
1669910400,34587.7,34637.7,34118.0,34371.8,31886,100
1669924800,34370.8,34460.8,34278.3,34374.3,21359,100
1669939200,34360.0,34371.5,34276.5,34286.0,4680,150
1669953600,34286.5,34353.0,34279.0,34349.0,5193,150
1669968000,34349.5,34377.2,34314.2,34375.2,9147,100
1669982400,34373.2,34392.2,33891.7,34001.2,12553,100
1669996800,34002.2,34375.7,33904.2,34262.2,30492,100
1670011200,34264.7,34484.9,34236.4,34420.4,17493,100
1670198400,34400.8,34434.9,34352.4,34389.1,6179,150
1670212800,34388.6,34432.0,34377.1,34400.1,4340,150
1670227200,34399.1,34428.5,34253.8,34313.3,10048,100
1670241600,34312.3,34339.4,34169.3,34180.3,10454,100
1670256000,34180.3,34276.9,33992.4,33999.9,26949,100
1670270400,34000.9,34046.4,33849.4,33969.9,20227,100
1670284800,33977.7,34056.3,33963.1,34013.1,4572,150
1670299200,34012.1,34053.2,33959.6,33986.1,6118,150
1670313600,33985.1,34030.8,33914.3,33956.8,9825,100
1670328000,33958.3,34017.4,33867.3,33917.3,10871,100
1670342400,33919.3,34007.8,33596.8,33622.8,29762,100
1670356800,33621.8,33636.8,33417.8,33601.3,22274,100
1670371200,33599.0,33690.5,33596.5,33664.4,4482,150
1670385600,33664.4,33695.6,33633.4,33634.4,5289,150
1670400000,33636.9,33660.7,33539.7,33556.7,14134,100
1670414400,33556.2,33602.4,33432.2,33560.7,12144,100
1670428800,33564.7,33776.9,33495.9,33634.6,31991,100
1670443200,33634.1,33694.6,33506.6,33586.6,19555,100
1670457600,33587.4,33628.3,33446.4,33510.4,5479,150
1670472000,33510.9,33615.1,33504.9,33582.4,5700,150
1670486400,33581.4,33687.2,33568.4,33597.7,10948,100
1670500800,33598.2,33786.2,33561.7,33724.7,13976,100
1670515200,33724.2,33893.2,33679.7,33759.3,27925,100
1670529600,33760.3,33866.3,33638.3,33767.8,21180,100
1670544000,33772.5,33812.5,33740.0,33791.0,4132,150
1670558400,33792.0,33858.3,33783.0,33820.5,4921,150
1670572800,33822.0,33882.8,33780.1,33791.6,9926,100
1670587200,33793.6,33930.1,33523.6,33710.1,14090,100
1670601600,33710.6,33845.6,33630.1,33749.1,28149,100
1670616000,33748.1,33748.1,33461.1,33472.1,15676,100
1670803200,33495.2,33498.2,33412.7,33425.2,5805,150
1670817600,33424.7,33512.3,33407.2,33463.7,4594,150
1670832000,33464.2,33530.5,33423.4,33508.4,9313,100
1670846400,33507.4,33626.3,33504.4,33579.9,8700,100
1670860800,33578.9,33806.0,33528.5,33782.0,21819,100
1670875200,33781.5,33996.5,33740.5,33957.0,16250,100
1670889600,33963.2,34043.7,33957.7,33962.8,3906,150
1670904000,33960.3,34082.2,33958.8,34040.3,4842,150
1670918400,34039.3,34100.7,33985.6,34055.7,10043,100
1670932800,34053.7,34932.2,34029.7,34762.7,14262,100
1670947200,34760.7,34837.7,33882.6,33944.1,34162,100
1670961600,33944.6,34192.2,33936.6,34106.7,22869,100
1670976000,34121.1,34240.0,34084.1,34188.6,4841,150
1670990400,34189.1,34292.4,34160.1,34212.1,4572,150
1671004800,34209.1,34278.4,34091.2,34126.7,9723,100
1671019200,34126.7,34209.7,34053.2,34129.4,10175,100
1671033600,34127.4,34379.1,34096.4,34278.7,24728,100
1671048000,34278.2,34397.7,33685.2,34032.0,26940,100
1671062400,33997.8,34115.4,33989.1,34004.1,4885,150
1671076800,34004.1,34061.8,33953.1,34011.1,5338,150
1671091200,34012.6,34066.3,33651.4,33704.9,12850,100
1671105600,33703.4,33797.3,33554.9,33622.9,13753,100
1671120000,33619.9,33664.4,33066.1,33087.6,30931,100
1671134400,33089.1,33294.1,33011.1,33169.1,24648,100
1671148800,33181.2,33242.4,33168.6,33212.6,4872,150
1671163200,33212.1,33280.5,33144.1,33207.1,5335,150
1671177600,33207.6,33272.3,32847.4,32901.4,12924,100
1671192000,32900.9,32932.4,32773.9,32842.4,14370,100
1671206400,32841.4,33045.4,32652.5,32659.5,31647,100
1671220800,32659.0,32997.0,32649.5,32891.0,21615,100
1671408000,32882.8,32984.4,32877.8,32944.3,6625,150
1671422400,32944.3,32976.2,32884.3,32922.3,5563,150
1671436800,32921.3,33058.1,32919.3,32981.6,10295,100
1671451200,32981.6,33057.4,32885.1,32888.6,9408,100
1671465600,32888.6,33046.5,32799.5,32845.0,28198,100
1671480000,32846.0,32862.0,32576.5,32728.1,22168,100
1671494400,32752.1,32847.1,32748.6,32825.6,4801,150
1671508800,32849.5,32851.1,32474.6,32541.6,15455,150
1671523200,32541.1,32795.9,32522.1,32779.9,15927,100
1671537600,32779.9,32834.9,32709.9,32745.9,13369,100
1671552000,32745.9,32945.4,32643.9,32894.9,30919,100
1671566400,32895.9,32997.4,32805.9,32914.9,22886,100
1671580800,32961.5,33083.2,32936.2,33064.7,6762,150
1671595200,33064.2,33094.3,32981.7,33024.7,6596,150
1671609600,33025.7,33129.8,32945.9,33105.9,10771,100
1671624000,33105.9,33221.4,33045.4,33194.9,10498,100
1671638400,33193.9,33436.9,33116.9,33362.2,26737,100
1671652800,33363.2,33437.7,33278.2,33420.7,20890,100
1671667200,33441.4,33452.1,33379.4,33441.4,5823,150
1671681600,33441.4,33476.6,33429.4,33440.4,4879,150
1671696000,33442.4,33460.5,33365.1,33368.1,7761,100
1671710400,33368.6,33368.6,33140.6,33159.1,11043,100
1671724800,33158.6,33179.6,32696.0,32719.0,29775,100
1671739200,32718.5,33091.5,32572.6,33020.5,26926,100
1671753600,33024.1,33069.7,32959.7,33066.7,6516,150
1671768000,33066.2,33106.7,33047.7,33064.7,6307,150
1671782400,33064.7,33099.9,33030.9,33088.9,10173,100
1671796800,33090.9,33217.9,32941.9,33060.9,12113,100
1671811200,33057.9,33227.9,32813.9,33157.4,33477,100
1671825600,33156.9,33233.9,33076.9,33211.9,19987,100
1672099200,33309.1,33408.0,33268.9,33388.4,6210,150
1672113600,33387.4,33416.4,33345.4,33355.4,3918,150
1672128000,33356.4,33433.3,33327.6,33409.6,7216,100
1672142400,33410.6,33446.0,33242.6,33246.6,8560,100
1672156800,33243.6,33394.6,33062.6,33311.6,28812,100
1672171200,33311.6,33349.1,33177.1,33253.0,19804,100
1672185600,33254.7,33303.4,33219.7,33283.7,5620,150
1672200000,33284.2,33307.9,33243.2,33266.7,5150,150
1672214400,33267.7,33371.3,33249.9,33293.9,8035,100
1672228800,33293.9,33374.7,33267.4,33282.9,8157,100
1672243200,33282.9,33390.4,32919.5,33053.7,29358,50
1672257600,33052.2,33144.2,32853.2,32893.2,23214,100
1672272000,32918.8,32924.0,32841.8,32852.8,5292,150
1672286400,32852.8,32891.1,32832.5,32854.5,4814,150
1672300800,32855.5,32957.0,32838.5,32939.7,7410,100
1672315200,32938.7,33078.7,32908.7,33044.2,8104,100
1672329600,33043.2,33294.8,33010.7,33267.9,24485,100
1672344000,33267.4,33296.4,33187.9,33193.4,18838,100
1672358400,33201.0,33207.5,33159.0,33173.5,3732,150
1672372800,33172.5,33223.6,33156.5,33166.0,4179,150
1672387200,33165.5,33167.5,33070.3,33107.8,8880,100
1672401600,33108.8,33166.4,33047.3,33070.8,8558,100
1672416000,33070.3,33109.8,32908.6,33033.1,24998,100
1672430400,33034.6,33145.3,32838.8,33138.8,19249,100
1672704000,33363.5,33363.5,33020.0,33092.5,9772,150
1672718400,33092.5,33252.9,33075.0,33220.0,8999,150
1672732800,33219.0,33498.8,33169.2,33483.2,15270,100
1672747200,33483.7,33486.2,33216.2,33285.2,14651,100
1672761600,33286.2,33388.7,32843.4,32910.4,32024,100
1672776000,32907.9,33145.9,32857.9,33109.4,24931,100
1672790400,33092.5,33177.6,33085.5,33162.5,5079,150
1672804800,33162.5,33189.5,33119.5,33165.5,5308,150
1672819200,33165.5,33257.8,33128.5,33220.0,9829,100
1672833600,33221.5,33293.0,33170.5,33259.5,11400,100
1672848000,33259.5,33414.4,33028.0,33288.4,29688,100
1672862400,33288.9,33375.9,33057.9,33234.4,25552,100
1672876800,33230.5,33267.6,33203.0,33227.0,4911,150
1672891200,33227.0,33257.9,33136.0,33231.5,6124,150
1672905600,33233.0,33254.4,33119.2,33232.2,10784,100
1672920000,33233.2,33311.1,33060.1,33090.1,12646,100
1672934400,33089.1,33099.1,32803.4,32888.1,29957,100
1672948800,32888.6,33085.6,32849.6,32946.9,23506,100
1672963200,32953.5,33037.9,32936.0,33029.6,3951,150
1672977600,33029.6,33070.0,33011.1,33021.1,4769,150
1672992000,33022.1,33052.3,32911.3,32946.8,9615,100
1673006400,32947.8,33312.3,32896.3,33294.3,13579,100
1673020800,33291.3,33567.3,32989.8,33457.3,33220,100
1673035200,33458.3,33720.8,33435.3,33620.9,18604,100
1673222400,33677.6,33725.3,33635.4,33667.9,5434,150
1673236800,33668.4,33746.2,33661.4,33702.0,4305,150
1673251200,33701.0,33734.9,33613.8,33694.8,9782,100
1673265600,33694.3,33764.8,33685.8,33718.8,9143,100
1673280000,33718.3,33932.9,33677.8,33809.2,26229,100
1673294400,33808.7,33817.7,33488.2,33521.2,22584,100
1673308800,33531.3,33548.2,33449.2,33507.7,5005,150
1673323200,33509.2,33534.0,33406.2,33472.2,6025,150
1673337600,33473.7,33518.9,33393.5,33461.5,9701,100
1673352000,33461.0,33492.9,33342.5,33410.5,10124,100
1673366400,33406.5,33663.5,33392.0,33554.5,30512,100
1673380800,33556.5,33726.2,33539.5,33703.7,20193,100
1673395200,33704.9,33763.0,33687.4,33732.9,3702,150
1673409600,33733.4,33776.8,33708.4,33739.9,3940,150
1673424000,33740.9,33798.7,33685.1,33765.1,8227,100
1673438400,33766.1,33821.6,33711.1,33817.1,9077,100
1673452800,33816.6,33867.1,33704.3,33821.5,24196,100
1673467200,33823.0,33981.0,33811.0,33979.0,17030,100
1673481600,33983.7,33991.6,33931.3,33961.3,3608,150
1673496000,33961.3,34020.3,33948.3,33983.3,3437,150
1673510400,33983.3,34009.0,33928.6,33966.1,7144,100
1673524800,33965.6,34170.1,33717.1,34142.1,12340,100
1673539200,34143.6,34297.2,33771.1,34258.2,34244,100
1673553600,34258.7,34289.2,34085.2,34180.2,23396,100
1673568000,34186.9,34242.4,34155.1,34167.6,5102,150
1673582400,34166.6,34177.0,34112.6,34128.6,4873,150
1673596800,34143.2,34232.6,34109.3,34209.3,8629,100
1673611200,34209.8,34234.3,33896.8,33923.8,13036,100
1673625600,33925.8,34274.3,33880.8,34211.1,28380,100
1673640000,34213.6,34346.6,34149.1,34303.6,16936,100
1673827200,34324.3,34374.0,34275.5,34368.0,4914,150
1673841600,34366.5,34384.3,34319.0,34324.5,3822,150
1673856000,34326.0,34339.4,34189.8,34197.8,6967,100
1673870400,34197.8,34318.7,34197.8,34298.2,5180,100
1673884800,34298.2,34339.8,34254.7,34282.2,6283,100
1673913600,34277.9,34325.5,34261.5,34265.5,5379,150
1673928000,34262.0,34302.1,34225.0,34238.5,5438,150
1673942400,34238.5,34276.3,34198.2,34223.7,8395,100
1673956800,34222.7,34268.8,34152.7,34165.2,10247,100
1673971200,34164.7,34265.7,33882.2,33922.7,27053,100
1673985600,33923.2,34018.2,33858.2,33891.2,17600,100
1674000000,33875.4,33876.9,33804.6,33833.1,4544,150
1674014400,33833.1,34014.1,33817.1,33917.1,8849,150
1674028800,33916.1,33970.7,33872.9,33894.4,9177,100
1674043200,33893.9,34015.4,33885.4,33954.9,9461,100
1674057600,33955.4,34007.4,33460.1,33478.1,29377,100
1674072000,33480.6,33511.1,33260.6,33269.1,19105,100
1674086400,33242.8,33282.3,33212.4,33216.4,5175,150
1674100800,33216.4,33264.1,33199.9,33205.4,5007,150
1674115200,33205.4,33244.1,33115.6,33125.6,8992,100
1674129600,33126.6,33157.1,32960.1,33036.1,11273,100
1674144000,33035.6,33169.6,32977.9,33065.4,29529,100
1674158400,33066.4,33227.9,33032.9,33056.4,21852,100
1674172800,33090.0,33096.5,33041.8,33087.5,4209,150
1674187200,33087.0,33093.5,33060.1,33090.5,4242,150
1674201600,33089.5,33151.2,33019.2,33028.2,8106,100
1674216000,33028.2,33082.2,32983.2,33005.2,9321,100
1674230400,33002.2,33242.5,32934.2,33134.7,26097,100
1674244800,33134.7,33382.7,33066.2,33381.2,17975,100
1674432000,33394.6,33394.6,33327.9,33361.1,3768,150
1674446400,33360.1,33389.1,33352.5,33372.1,3075,150
1674460800,33372.1,33439.9,33355.9,33394.9,7342,100
1674475200,33395.4,33480.9,33346.9,33467.9,8174,100
1674489600,33465.4,33780.4,33309.9,33675.4,26416,100
1674504000,33673.9,33789.4,33480.9,33644.4,21401,100
1674518400,33650.5,33653.3,33606.6,33646.0,3094,150
1674532800,33640.6,33666.1,33628.1,33644.6,3170,150
1674547200,33643.6,33653.8,33572.9,33585.9,7149,100
1674561600,33585.9,33594.9,33457.9,33479.9,8249,100
1674576000,33479.9,33689.6,33380.3,33648.4,27912,100
1674590400,33645.4,33811.4,33610.9,33753.4,20644,100
1674604800,33759.5,33761.0,33617.1,33634.6,5995,150
1674619200,33642.2,33686.7,33631.6,33646.2,4224,150
1674633600,33646.7,33698.5,33553.0,33553.0,7297,100
1674648000,33552.0,33586.6,33439.0,33453.5,10532,100
1674662400,33454.0,33571.7,33269.8,33543.2,28902,100
1674676800,33543.7,33779.7,33534.2,33704.5,21219,100
1674691200,33730.1,33785.7,33707.9,33743.4,3921,150
1674705600,33743.9,33784.9,33733.9,33773.4,3736,150
1674720000,33772.9,33826.2,33704.7,33708.7,7882,100
1674734400,33708.7,33841.7,33706.7,33822.7,9828,100
1674748800,33822.7,33911.2,33629.7,33788.7,30210,100
1674763200,33789.7,33969.7,33752.7,33930.6,19443,100
1674777600,33911.3,33931.6,33890.1,33910.1,3043,150
1674792000,33911.6,33945.6,33909.6,33935.6,2748,150
1674806400,33935.1,33943.1,33871.8,33917.3,6072,100
1674820800,33917.8,33980.8,33906.8,33926.8,7821,100
1674835200,33927.8,34123.6,33831.1,34064.8,27321,100
1674849600,34066.3,34168.2,33954.7,33974.7,17309,100
1675036800,33927.2,33962.4,33911.9,33915.9,4249,150
1675051200,33916.9,33942.6,33861.9,33870.9,3864,150
1675065600,33870.9,33889.2,33735.2,33774.2,8767,100
1675080000,33774.2,33830.2,33704.7,33820.2,8999,100
1675094400,33820.2,34055.2,33807.2,33859.2,28134,100
1675108800,33859.2,33934.2,33694.2,33737.2,21620,100
1675123200,33748.3,33778.7,33714.4,33743.4,3472,150
1675137600,33742.9,33768.4,33675.4,33677.4,4222,150
1675152000,33678.4,33777.7,33599.2,33618.2,8319,100
1675166400,33618.7,33817.7,33511.2,33788.2,11441,100
1675180800,33790.7,33897.3,33662.2,33868.8,26119,100
1675195200,33870.3,34093.5,33857.2,34054.0,16920,100
1675209600,34065.2,34067.7,33994.8,34007.3,3072,150
1675224000,34019.3,34043.6,33996.3,34015.8,3284,150
1675238400,34028.1,34033.6,33938.0,33949.5,6316,100
1675252800,33959.5,33987.5,33892.0,33900.5,8222,100
1675267200,33901.5,33970.0,33690.5,33720.3,25592,100
1675281600,33718.8,34347.3,33568.8,34054.8,27795,100
1675296000,34058.5,34109.8,34013.8,34038.8,4962,150
1675310400,34038.8,34066.4,33985.8,34049.7,3839,150
1675324800,34050.3,34133.6,34006.1,34056.6,8489,100
1675339200,34056.6,34149.6,33925.6,34126.1,11321,100
1675353600,34125.1,34152.1,33806.6,33987.2,30855,100
1675368000,33991.2,34102.7,33820.7,33973.7,28126,100
1675382400,33975.4,34065.9,33962.9,34050.9,4806,150
1675396800,34051.4,34077.9,34021.9,34049.9,4117,150
1675411200,34050.9,34069.7,33941.1,33941.1,8199,100
1675425600,33941.1,34004.1,33794.1,33854.6,11475,100
1675440000,33855.6,34183.7,33807.1,34003.7,32255,100
1675454400,34004.2,34008.7,33809.2,33915.7,24254,100
1675641600,33860.0,33910.1,33814.2,33856.7,5895,150
1675656000,33856.7,33879.4,33806.7,33830.2,4392,150
1675670400,33830.7,33850.2,33687.5,33695.5,9298,100
1675684800,33696.0,33785.3,33638.5,33735.0,9529,100
1675699200,33732.0,33883.5,33670.5,33853.2,28076,100
1675713600,33851.7,33968.9,33798.4,33870.4,20593,100
1675728000,33882.2,33978.0,33876.7,33951.3,3237,150
1675742400,33951.8,33973.3,33889.3,33909.3,3370,150
1675756800,33909.3,33941.4,33799.1,33907.6,8353,100
1675771200,33906.6,33943.7,33768.6,33790.6,8420,100
1675785600,33791.1,34180.0,33688.6,34116.0,26378,100
1675800000,34117.5,34250.0,33631.0,34110.5,29028,100
1675814400,34122.9,34160.8,34106.2,34129.2,3496,150
1675828800,34129.7,34192.9,34127.7,34172.2,3277,150
1675843200,34172.2,34191.2,34047.5,34118.5,8312,100
1675857600,34119.5,34137.4,34016.5,34057.5,8720,100
1675872000,34055.5,34156.5,33910.0,34047.7,27646,100
1675886400,34049.2,34114.7,33895.7,34019.7,22202,100
1675900800,33990.2,34051.4,33955.5,34025.5,3256,150
1675915200,34025.5,34082.2,33992.0,34057.5,3832,150
1675929600,34054.5,34219.9,34041.5,34211.3,8320,100
1675944000,34211.8,34223.8,34134.8,34187.8,8348,100
1675958400,34188.8,34246.3,33849.7,33897.7,27903,100
1675972800,33896.2,33913.2,33604.7,33728.7,22945,100
1675987200,33733.0,33737.0,33665.2,33713.2,4092,150
1676001600,33720.3,33721.5,33643.2,33678.2,4472,150
1676016000,33678.2,33754.5,33651.5,33656.5,10814,100
1676030400,33657.5,33679.5,33516.0,33595.5,11638,100
1676044800,33595.5,33824.0,33584.5,33808.0,30278,100
1676059200,33807.5,33896.0,33758.5,33868.0,18900,100
1676246400,33900.1,33901.1,33732.7,33766.7,5002,150
1676260800,33766.7,33818.7,33745.7,33779.7,4193,150
1676275200,33778.7,33894.8,33778.7,33842.0,7280,100
1676289600,33842.5,33946.4,33807.5,33845.0,7062,100
1676304000,33845.0,34210.7,33841.0,34179.7,22741,100
1676318400,34180.2,34264.7,34121.7,34248.2,16903,100
1676332800,34238.5,34255.0,34190.3,34202.3,2840,150
1676347200,34201.3,34237.5,34186.3,34203.3,2892,150
1676361600,34203.3,34286.6,34174.6,34253.6,6847,100
1676376000,34254.6,34511.1,34129.6,34238.6,11524,100
1676390400,34237.1,34335.1,33820.5,34017.0,35288,100
1676404800,34016.5,34203.5,34009.5,34063.5,23858,100
1676419200,34041.8,34066.4,33993.9,33995.4,3221,150
1676433600,33994.9,34013.5,33943.9,33964.4,3887,150
1676448000,33964.9,34028.6,33909.2,34006.7,8854,100
1676462400,34005.7,34065.6,33877.2,33945.7,10211,100
1676476800,33944.7,34042.0,33827.8,33932.5,29344,100
1676491200,33934.0,34147.0,33917.0,34122.5,17895,100
1676505600,34106.5,34169.5,34085.1,34137.6,3388,150
1676520000,34137.6,34173.4,34113.1,34123.6,2871,150
1676534400,34123.1,34176.8,34095.8,34102.3,7360,100
1676548800,34102.3,34152.7,33817.8,33849.8,9635,100
1676563200,33846.8,34035.7,33689.8,33996.2,29255,100
1676577600,33996.2,34052.2,33674.6,33689.1,21683,100
1676592000,33670.1,33678.4,33620.8,33645.3,4185,150
1676606400,33645.8,33655.5,33584.3,33597.3,4037,150
1676620800,33597.3,33621.0,33470.5,33567.5,9852,100
1676635200,33568.0,33591.0,33495.0,33583.0,11751,100
1676649600,33580.0,33801.2,33503.0,33626.7,29226,100
1676664000,33625.7,33849.1,33607.9,33828.1,19496,100
1676851200,33821.2,33829.7,33761.0,33807.5,3239,150
1676865600,33807.5,33847.2,33801.0,33818.0,3212,150
1676880000,33817.5,33843.4,33745.3,33754.8,6167,100
1676894400,33754.3,33804.4,33728.3,33786.8,5585,100
1676908800,33787.8,33800.8,33694.8,33752.0,6210,100
1676937600,33737.7,33750.3,33675.2,33708.2,3171,150
1676952000,33707.2,33728.9,33680.2,33707.7,2975,150
1676966400,33708.2,33734.0,33572.9,33673.4,10364,100
1676980800,33673.4,33694.4,33473.9,33478.4,11305,100
1676995200,33478.4,33586.9,33237.5,33292.0,25993,100
1677009600,33291.5,33299.5,33114.6,33154.6,17825,100
1677024000,33162.4,33215.4,33144.3,33184.8,3380,150
1677038400,33183.8,33212.5,33168.3,33176.8,2775,150
1677052800,33175.8,33199.4,33087.1,33142.1,9697,100
1677067200,33142.1,33234.3,33068.1,33188.1,10406,100
1677081600,33187.1,33244.7,33056.1,33205.2,25983,100
1677096000,33205.2,33250.9,32949.7,33071.5,23236,100
1677110400,33065.5,33145.0,33053.5,33125.8,3302,150
1677124800,33126.3,33161.6,33114.3,33129.4,3100,150
1677139200,33129.4,33176.6,33095.6,33129.6,7637,100
1677153600,33130.6,33162.7,33073.1,33106.6,9595,100
1677168000,33106.6,33264.5,32797.2,32883.2,27620,100
1677182400,32882.7,33208.4,32853.9,33124.9,18623,100
1677196800,33130.2,33173.0,33097.0,33125.5,4121,150
1677211200,33125.0,33159.5,33107.5,33124.5,3263,150
1677225600,33124.5,33151.6,33082.3,33090.3,7035,100
1677240000,33090.3,33114.2,32768.3,32785.3,11176,100
1677254400,32785.8,32863.3,32631.8,32711.5,28739,100
1677268800,32712.0,32907.5,32677.5,32810.5,18766,100
1677456000,32795.6,32878.5,32783.0,32853.0,4123,150
1677470400,32852.5,32880.5,32783.5,32789.0,4055,150
1677484800,32789.5,32960.1,32779.5,32936.7,8517,100
1677499200,32937.2,33068.7,32925.7,33048.7,8219,100
1677513600,33048.7,33192.7,32849.7,32942.0,24760,100
1677528000,32944.0,33016.5,32813.5,32917.0,16650,100
1677542400,32934.3,32954.5,32905.6,32924.6,2927,150
1677556800,32925.6,32952.3,32878.1,32880.1,3383,150
1677571200,32880.6,32923.5,32766.8,32847.8,9252,100
1677585600,32849.8,33003.6,32847.8,32950.8,9478,100
1677600000,32951.8,32954.3,32670.6,32795.6,25702,100
1677614400,32795.6,32815.3,32585.8,32631.8,17159,100
1677628800,32619.6,32629.6,32532.7,32623.2,4553,150
1677643200,32623.7,32691.7,32615.2,32668.2,4281,150
1677657600,32668.2,32744.4,32661.9,32694.4,10473,100
1677672000,32695.4,32742.5,32547.9,32566.4,9702,100
1677686400,32565.9,32750.2,32495.7,32692.2,27418,100
1677700800,32692.7,32830.2,32550.2,32825.7,19053,100
1677715200,32816.0,32867.5,32644.2,32692.7,5475,150
1677729600,32692.7,32764.1,32671.2,32684.7,4897,150
1677744000,32684.7,32726.2,32604.4,32662.9,10102,100
1677758400,32658.9,32772.9,32619.9,32722.4,11382,100
1677772800,32722.9,32841.3,32644.9,32795.3,25545,100
1677787200,32795.3,33085.3,32749.3,32994.8,20419,100
1677801600,32983.9,33001.5,32939.4,32947.9,3908,150
1677816000,32947.4,32992.1,32941.9,32970.4,4039,150
1677830400,32969.9,33032.8,32931.1,33012.1,7897,100
1677844800,33022.8,33124.6,33011.1,33119.1,7811,100
1677859200,33119.1,33287.0,32996.1,33284.5,24279,100
1677873600,33284.0,33407.4,33265.0,33391.9,13647,100
1678060800,33370.4,33404.5,33336.1,33381.1,4083,150
1678075200,33380.6,33454.1,33368.1,33407.1,4405,150
1678089600,33406.1,33434.5,33358.3,33376.8,7993,100
1678104000,33376.8,33463.3,33339.8,33419.8,8693,100
1678118400,33419.8,33576.0,33387.3,33477.5,22621,100
1678132800,33477.0,33482.5,33386.0,33448.0,17150,100
1678147200,33443.9,33497.5,33434.4,33490.7,3077,150
1678161600,33490.7,33509.0,33464.7,33469.7,3824,150
1678176000,33469.2,33507.4,33439.4,33454.4,7332,100
1678190400,33454.9,33484.7,33421.9,33445.9,7206,100
1678204800,33443.4,33455.9,33013.5,33032.3,30761,100
1678219200,33033.3,33035.3,32834.4,32865.4,18637,100
1678233600,32867.4,32895.5,32833.0,32856.5,3753,150
1678248000,32857.0,32889.5,32826.5,32851.0,4420,150
1678262400,32851.5,32908.2,32842.3,32884.8,8361,100
1678276800,32884.8,32933.0,32788.8,32871.0,8988,100
1678291200,32870.0,32905.5,32639.5,32698.5,28216,100
1678305600,32699.0,32827.4,32611.5,32819.4,18101,100
1678320000,32807.5,32817.6,32727.1,32738.1,4263,150
1678334400,32737.6,32792.6,32734.6,32771.6,3507,150
1678348800,32771.6,32798.6,32715.8,32723.8,7244,100
1678363200,32723.8,32863.3,32713.8,32855.8,9554,100
1678377600,32854.8,32981.3,32701.8,32710.8,25410,100
1678392000,32710.8,32737.8,32183.5,32256.7,23565,100
1678406400,32227.0,32236.0,32123.8,32137.3,5255,150
1678420800,32136.8,32147.8,31989.5,32015.8,7828,150
1678435200,32016.8,32133.6,31980.3,32067.6,12690,100
1678449600,32066.1,32331.1,32056.6,32244.6,14225,100
1678464000,32245.6,32420.7,32030.2,32040.2,33288,100
1678478400,32039.2,32095.2,31781.2,31909.7,22784,100
1678665600,32007.7,32340.7,31841.2,32182.4,12952,150
1678680000,32182.9,32352.9,32165.6,32322.4,6900,150
1678694400,32322.2,32340.2,31708.2,31814.2,17199,100
1678708800,31812.7,32070.2,31521.2,31991.4,25261,100
1678723200,31990.4,32237.9,31785.4,32025.5,36704,100
1678737600,32029.5,32132.5,31799.5,31887.0,20399,100
1678752000,31907.3,31935.3,31834.7,31902.3,7385,150
1678766400,31901.8,31976.5,31875.8,31905.8,5925,150
1678780800,31906.5,31957.5,31786.0,31905.5,16432,100
1678795200,31905.5,32136.0,31873.0,32097.0,19377,100
1678809600,32100.0,32281.0,31866.4,31937.7,26669,100
1678824000,31936.2,32170.0,31795.0,32134.0,16304,100
1678838400,32131.3,32144.5,32088.8,32124.2,5929,150
1678852800,32124.7,32196.4,32099.2,32126.2,5430,150
1678867200,32126.4,32182.9,31869.4,31876.4,14641,100
1678881600,31876.4,31894.4,31447.9,31590.4,28473,100
1678896000,31587.4,31732.2,31425.7,31666.4,36554,100
1678910400,31665.9,31915.9,31585.9,31853.2,20778,100
1678924800,31834.6,32018.1,31814.1,31970.1,10530,150
1678939200,31969.6,31993.1,31924.1,31956.1,7532,150
1678953600,31956.6,31988.4,31736.4,31807.4,17281,100
1678968000,31807.4,31852.4,31603.7,31701.8,20795,100
1678982400,31702.8,32276.2,31564.8,32207.7,35400,100
1678996800,32208.7,32281.2,32099.2,32262.2,16112,100
1679011200,32227.9,32256.9,32186.0,32216.5,5686,150
1679025600,32217.0,32265.5,32213.5,32233.5,4233,150
1679040000,32235.8,32339.8,32197.8,32251.1,12090,100
1679054400,32250.1,32254.1,31910.6,31998.6,20025,100
1679068800,32015.6,32102.6,31742.2,31913.2,34760,100
1679083200,31914.2,31947.7,31720.2,31823.7,18091,100
1679270400,31921.8,32084.5,31889.8,31954.4,10475,150
1679284800,31955.4,31978.4,31777.4,31782.4,7418,150
1679299200,31782.6,31809.1,31429.1,31794.1,23169,100
1679313600,31794.6,32212.5,31751.1,32199.0,21553,100
1679328000,32199.5,32287.0,32034.5,32189.0,30360,100
1679342400,32188.5,32280.0,32102.5,32249.0,14797,100
1679356800,32252.2,32330.5,32217.5,32293.5,5741,150
1679371200,32293.0,32317.0,32233.5,32259.5,3990,150
1679385600,32247.3,32457.8,32235.3,32452.8,10154,100
1679400000,32451.3,32596.5,32440.8,32541.0,13978,100
1679414400,32542.0,32566.5,32341.0,32349.5,25230,100
1679428800,32351.0,32607.0,32346.5,32567.5,11815,100
1679443200,32555.8,32572.5,32512.3,32548.3,3935,150
1679457600,32547.8,32577.0,32520.3,32541.3,3443,150
1679472000,32540.5,32566.5,32444.5,32531.5,7805,100
1679486400,32531.5,32625.7,32506.0,32545.0,10246,100
1679500800,32545.0,32613.0,32408.5,32486.5,20479,100
1679515200,32490.0,32768.5,32006.0,32079.5,24195,100
1679529600,32080.7,32150.0,32052.2,32138.2,5917,150
1679544000,32137.2,32230.1,32130.2,32207.7,4847,150
1679558400,32206.5,32241.5,32085.8,32098.8,9431,100
1679572800,32099.8,32260.3,32004.8,32224.8,13657,100
1679587200,32234.8,32503.8,32137.8,32160.8,28673,100
1679601600,32162.3,32220.0,31840.0,32177.5,22198,100
1679616000,32186.2,32197.2,32058.5,32106.0,5801,150
1679630400,32107.5,32182.4,32101.0,32146.0,4213,150
1679644800,32148.2,32257.4,31845.7,31852.7,13376,100
1679659200,31852.7,31970.7,31737.2,31929.2,21895,100
1679673600,31930.2,32173.9,31800.4,32104.4,33364,100
1679688000,32106.4,32285.9,32096.4,32280.4,15841,100
1679875200,32288.7,32427.1,32268.1,32358.1,5431,150
1679889600,32358.1,32404.8,32321.6,32378.1,5346,150
1679904000,32378.6,32447.3,32220.7,32328.2,11090,100
1679918400,32328.2,32484.5,32307.7,32453.7,9589,100
1679932800,32455.2,32540.2,32345.5,32456.0,24134,100
1679947200,32455.5,32570.0,32413.0,32485.5,18554,100
1679961600,32479.4,32495.9,32450.2,32471.2,2695,150
1679976000,32472.2,32497.0,32447.7,32480.2,4402,150
1679990400,32480.2,32583.0,32461.3,32466.3,7887,100
1680004800,32463.8,32485.8,32375.3,32384.8,7394,100
1680019200,32384.3,32545.3,32369.8,32445.7,23391,100
1680033600,32448.2,32456.2,32288.7,32414.7,16566,100
1680048000,32429.2,32499.4,32421.7,32479.8,2500,150
1680062400,32480.8,32533.0,32478.3,32516.3,3952,150
1680076800,32516.3,32646.1,32508.3,32619.5,8384,100
1680091200,32620.0,32667.6,32594.5,32624.5,5829,100
1680105600,32624.5,32680.0,32536.4,32618.4,19905,100
1680120000,32618.9,32728.9,32574.4,32705.9,15076,100
1680134400,32709.5,32727.5,32668.6,32686.6,2735,150
1680148800,32685.1,32748.1,32670.1,32705.6,4020,150
1680163200,32738.7,32881.9,32703.1,32853.8,8243,100
1680177600,32853.3,32947.8,32833.3,32908.8,7120,100
1680192000,32910.3,32933.4,32684.7,32705.7,20701,100
1680206400,32706.2,32885.5,32696.2,32868.0,14980,100
1680220800,32844.0,32944.2,32838.5,32925.6,3022,150
1680235200,32925.6,32949.7,32902.9,32914.4,4317,150
1680249600,32914.4,32924.8,32818.2,32858.7,7803,100
1680264000,32860.2,33008.7,32852.7,32988.7,8063,100
1680278400,32989.2,33179.4,32953.2,33130.9,18512,100
1680292800,33131.4,33289.4,33073.9,33256.9,12761,100
1680480000,33269.6,33352.5,33253.1,33312.1,4012,150
1680494400,33311.6,33346.9,33262.1,33285.1,4600,150
1680508800,33315.0,33402.1,33256.8,33364.3,7216,100
1680523200,33364.3,33442.1,33350.3,33395.8,6553,100
1680537600,33397.3,33636.5,33357.3,33498.0,21288,100
1680552000,33498.5,33632.4,33475.0,33587.5,14750,100
1680566400,33574.6,33635.4,33560.7,33597.7,2353,150
1680580800,33598.2,33640.6,33577.2,33598.7,4513,150
1680595200,33599.2,33645.5,33551.5,33595.0,7612,100
1680609600,33625.6,33712.5,33594.0,33623.0,7728,100
1680624000,33622.5,33639.5,33274.3,33354.3,25582,100
1680638400,33353.8,33443.9,33310.4,33442.4,17604,100
1680652800,33439.9,33462.7,33419.0,33420.5,2234,150
1680667200,33421.0,33452.7,33393.5,33398.0,4001,150
1680681600,33398.0,33437.2,33321.8,33335.3,8406,100
1680696000,33334.8,33414.4,33314.3,33348.3,9382,100
1680710400,33349.3,33528.3,33347.8,33396.2,23203,100
1680724800,33396.2,33508.7,33384.2,33470.7,14916,100
1680739200,33457.5,33487.2,33436.2,33449.7,2783,150
1680753600,33448.7,33464.1,33419.2,33428.2,4254,150
1680768000,33428.2,33511.5,33415.2,33506.8,6737,100
1680782400,33507.3,33542.3,33442.8,33446.8,8147,100
1680796800,33445.8,33524.3,33319.3,33483.3,20993,100
1680811200,33483.3,33529.8,33438.8,33463.3,13648,100
1681084800,33544.2,33548.5,33505.0,33509.5,2683,150
1681099200,33508.5,33525.0,33493.0,33496.0,2771,150
1681113600,33496.0,33503.0,33469.3,33494.3,2701,100
1681128000,33494.3,33523.8,33340.3,33347.8,4681,100
1681142400,33346.3,33546.1,33332.8,33534.7,19249,100
1681156800,33535.7,33607.2,33498.2,33594.2,14080,100
1681171200,33587.8,33626.8,33586.3,33609.3,2491,150
1681185600,33608.8,33638.3,33601.3,33604.3,4519,150
1681200000,33604.8,33630.5,33574.5,33611.0,6827,100
1681214400,33611.0,33649.0,33555.5,33584.0,6704,100
1681228800,33585.0,33761.3,33581.0,33743.3,17892,100
1681243200,33745.3,33780.6,33660.1,33705.1,11751,100
1681257600,33697.3,33713.9,33688.9,33703.4,2010,150
1681272000,33702.9,33720.9,33694.4,33703.4,3433,150
1681286400,33702.9,33760.6,33687.6,33731.6,6390,100
1681300800,33731.6,33946.6,33723.6,33838.6,8381,100
1681315200,33839.1,33894.7,33620.7,33827.2,25003,100
1681329600,33829.7,33899.7,33593.7,33615.1,20178,100
1681344000,33619.2,33622.7,33578.3,33606.3,2595,150
1681358400,33606.3,33650.3,33596.3,33650.3,4413,150
1681372800,33650.3,33713.1,33634.8,33663.6,7080,100
1681387200,33663.6,33734.6,33619.1,33715.6,8085,100
1681401600,33717.1,33884.3,33584.6,33879.3,20166,100
1681416000,33880.3,34054.3,33858.3,34010.3,13496,100
1681430400,33959.4,34007.9,33954.9,33997.9,2894,150
1681444800,33996.9,34000.4,33965.1,33973.6,3800,150
1681459200,33974.6,33978.6,33909.9,33921.9,6680,100
1681473600,33920.9,34105.4,33914.9,34027.9,10635,100
1681488000,34027.9,34076.4,33728.4,33753.1,25897,100
1681502400,33753.6,33901.8,33724.8,33879.8,16311,100
1681689600,33949.2,33963.3,33926.8,33936.8,2444,150
1681704000,33937.3,33963.8,33933.3,33938.8,3566,150
1681718400,33939.3,33954.3,33898.5,33901.0,6825,100
1681732800,33901.5,33963.0,33887.0,33914.0,7228,100
1681747200,33913.0,33952.8,33827.3,33860.8,22594,100
1681761600,33861.8,33998.3,33792.8,33977.3,14012,100
1681776000,33976.0,33987.3,33964.3,33968.3,1679,150
1681790400,33968.8,33999.8,33963.3,33970.3,3898,150
1681804800,33969.3,34040.0,33967.8,34028.5,5944,100
1681819200,34029.0,34132.0,33992.5,33997.0,7637,100
1681833600,33997.0,34027.0,33782.2,33964.2,21380,100
1681848000,33964.7,34018.7,33928.7,33962.7,14685,100
1681862400,33959.9,33967.4,33931.9,33948.9,1887,150
1681876800,33948.4,33955.7,33912.2,33925.7,3347,150
1681891200,33927.2,33934.4,33843.9,33865.4,6446,100
1681905600,33865.4,33895.4,33799.9,33859.4,7747,100
1681920000,33862.4,33947.4,33811.4,33902.1,18282,100
1681934400,33903.1,33959.6,33825.6,33879.1,12951,100
1681948800,33869.1,33874.6,33832.6,33856.6,2400,150
1681963200,33857.1,33888.6,33847.6,33860.2,3280,150
1681977600,33861.2,33875.9,33681.9,33731.2,7682,100
1681992000,33729.7,33768.6,33684.1,33723.1,8136,100
1682006400,33721.1,33849.8,33660.8,33844.8,19917,100
1682020800,33847.3,33874.8,33670.8,33774.3,16590,100
1682035200,33765.0,33776.5,33735.5,33776.5,2481,150
1682049600,33776.5,33779.5,33745.5,33747.0,3341,150
1682064000,33747.0,33778.5,33684.8,33774.0,6910,100
1682078400,33774.0,33827.5,33715.0,33821.5,7920,100
1682092800,33820.5,33859.8,33678.8,33758.8,23576,100
1682107200,33758.8,33831.8,33736.8,33812.3,13516,100
1682294400,33783.6,33786.6,33717.1,33733.1,2639,150
1682308800,33732.6,33741.6,33689.6,33694.1,3816,150
1682323200,33693.1,33720.4,33638.4,33707.4,6667,100
1682337600,33708.4,33795.9,33703.9,33777.0,5987,100
1682352000,33777.0,33893.9,33721.3,33818.3,19154,100
1682366400,33819.8,33885.6,33783.3,33863.1,12061,100
1682380800,33875.2,33878.7,33857.2,33862.7,2235,150
1682395200,33862.7,33876.7,33798.7,33804.7,4239,150
1682409600,33805.2,33827.5,33690.5,33731.5,9505,100
1682424000,33731.5,33808.5,33710.5,33790.0,7253,100
1682438400,33791.5,33866.0,33676.8,33692.8,19880,100
1682452800,33692.3,33707.8,33524.8,33602.3,19245,100
1682467200,33602.9,33612.9,33564.8,33589.8,4095,150
1682481600,33588.8,33598.8,33560.3,33576.8,4547,150
1682496000,33576.8,33607.8,33473.6,33570.6,8881,100
1682510400,33570.1,33620.1,33466.1,33605.1,10745,100
1682524800,33606.1,33643.1,33357.1,33502.1,23986,100
1682539200,33502.1,33522.6,33230.6,33325.1,18030,100
1682553600,33325.7,33343.2,33308.7,33330.7,2614,150
1682568000,33330.7,33358.7,33315.7,33356.2,3668,150
1682582400,33355.7,33401.9,33326.4,33396.9,7514,100
1682596800,33397.4,33513.4,33371.9,33473.4,8984,100
1682611200,33474.4,33640.8,33372.9,33623.4,19762,100
1682625600,33622.4,33860.4,33616.4,33794.4,14932,100
1682640000,33789.5,33810.0,33764.2,33777.2,3627,150
1682654400,33776.2,33813.2,33762.2,33778.2,5153,150
1682668800,33778.2,33814.7,33649.0,33664.5,9489,100
1682683200,33665.0,33740.5,33644.5,33704.0,9651,100
1682697600,33702.5,34086.2,33692.5,34077.2,23482,100
1682712000,34076.7,34103.7,33952.7,34096.2,15450,100
1682899200,34124.2,34124.2,34044.3,34088.3,3234,150
1682913600,34087.3,34117.8,34073.8,34102.3,3575,150
1682928000,34101.8,34124.5,34077.5,34093.5,3514,100
1682942400,34093.5,34123.0,34071.0,34105.0,3797,100
1682956800,34103.0,34263.0,34064.0,34217.5,20370,100
1682971200,34217.5,34225.5,34006.5,34013.5,15320,100
1682985600,34002.2,34024.8,33996.8,34003.8,2273,150
1683000000,34003.8,34053.3,34000.8,34042.3,4373,150
1683014400,34042.3,34087.0,33976.5,33990.5,8011,100
1683028800,33988.0,34013.5,33957.5,33961.0,6634,100
1683043200,33962.0,33996.0,33432.9,33570.4,26858,100
1683057600,33570.4,33708.9,33553.4,33661.9,17152,100
1683072000,33662.0,33732.0,33661.0,33727.5,2256,150
1683086400,33727.5,33736.3,33709.3,33732.3,3382,150
1683100800,33733.8,33771.6,33710.6,33721.6,7664,100
1683115200,33719.6,33755.6,33684.1,33691.6,7995,100
1683129600,33693.1,33757.1,33595.8,33721.8,21797,100
1683144000,33723.3,33820.8,33318.3,33330.3,25123,100
1683158400,33277.3,33334.8,33164.8,33325.3,3987,150
1683172800,33326.3,33469.8,33317.3,33456.3,4506,150
1683187200,33456.3,33473.0,33330.5,33393.0,8546,100
1683201600,33391.0,33430.0,33267.0,33325.5,11353,100
1683216000,33325.0,33360.0,32931.9,33085.9,30877,100
1683230400,33088.9,33207.9,33036.9,33105.9,22239,100
1683244800,33120.4,33212.6,33112.4,33197.6,2733,150
1683259200,33197.6,33213.6,33177.1,33204.1,3459,150
1683273600,33204.1,33254.4,33162.9,33237.9,7715,100
1683288000,33237.9,33373.4,33209.9,33322.9,9532,100
1683302400,33323.9,33612.4,33317.4,33535.9,23375,100
1683316800,33537.4,33751.4,33528.4,33680.8,13445,100
1683504000,33688.8,33713.3,33625.6,33640.6,2660,150
1683518400,33639.6,33672.1,33625.6,33642.1,3197,150
1683532800,33642.6,33720.3,33640.1,33693.8,4829,100
1683547200,33694.8,33775.3,33691.8,33751.8,4734,100
1683561600,33750.3,33753.8,33553.3,33576.8,19768,100
1683576000,33581.8,33644.0,33505.0,33619.5,14039,100
1683590400,33608.9,33618.9,33574.1,33576.1,1754,150
1683604800,33575.6,33598.6,33571.6,33588.6,2912,150
1683619200,33588.1,33597.1,33474.3,33494.8,5791,100
1683633600,33494.8,33549.1,33463.3,33524.1,5937,100
1683648000,33524.1,33650.6,33495.1,33570.6,20068,100
1683662400,33570.1,33638.6,33549.1,33570.8,12702,100
1683676800,33563.6,33601.0,33556.6,33590.7,1682,150
1683691200,33591.2,33600.2,33572.2,33588.7,2493,150
1683705600,33588.7,33627.0,33470.0,33533.0,6587,100
1683720000,33533.5,33757.0,33483.0,33720.0,8345,100
1683734400,33719.5,33782.0,33348.7,33369.2,26400,100
1683748800,33368.7,33583.7,33232.7,33513.2,19348,100
1683763200,33509.7,33574.8,33507.7,33563.3,2115,150
1683777600,33562.3,33578.8,33532.3,33557.3,3344,150
1683792000,33557.8,33606.1,33511.6,33563.6,7028,100
1683806400,33564.1,33585.1,33379.6,33388.1,9734,100
1683820800,33388.1,33388.1,33105.6,33296.5,25516,100
1683835200,33300.5,33321.5,33147.5,33313.0,17205,100
1683849600,33309.2,33350.2,33306.2,33344.7,2013,150
1683864000,33344.7,33364.7,33315.8,33353.3,3689,150
1683878400,33353.8,33471.0,33332.5,33458.5,7123,100
1683892800,33461.5,33484.0,33407.0,33421.0,6341,100
1683907200,33421.0,33432.5,33136.4,33144.9,22853,100
1683921600,33140.9,33303.1,33108.4,33300.1,14988,100
1684108800,33271.9,33273.4,33225.4,33238.4,2238,150
1684123200,33238.4,33310.9,33237.4,33305.9,3522,150
1684137600,33305.9,33447.6,33303.4,33391.6,6924,100
1684152000,33392.1,33437.6,33335.6,33337.6,6013,100
1684166400,33336.1,33347.5,33157.6,33345.5,19763,100
1684180800,33346.5,33404.5,33242.0,33337.0,14804,100
1684195200,33331.8,33347.8,33296.9,33311.4,1887,150
1684209600,33310.9,33311.4,33269.4,33277.9,3437,150
1684224000,33276.9,33340.6,33217.6,33318.6,6492,100
1684238400,33317.6,33335.6,33208.6,33249.6,7210,100
1684252800,33247.6,33283.1,33077.9,33157.8,22623,100
1684267200,33158.3,33165.3,32986.1,33045.1,14583,100
1684281600,33016.3,33048.3,33002.8,33037.8,2099,150
1684296000,33038.3,33064.6,33031.1,33042.6,3422,150
1684310400,33041.6,33096.9,32997.4,33082.4,7198,100
1684324800,33082.9,33160.9,33071.4,33160.9,5868,100
1684339200,33161.9,33411.3,33040.9,33391.8,20739,100
1684353600,33395.3,33478.9,33352.9,33396.4,14950,100
1684368000,33386.2,33397.2,33360.2,33367.7,2327,150
1684382400,33367.7,33379.2,33343.7,33358.2,3903,150
1684396800,33357.7,33459.3,33332.3,33416.3,6548,100
1684411200,33416.3,33477.3,33284.3,33288.3,6085,100
1684425600,33286.3,33499.1,33226.0,33262.5,23593,100
1684440000,33262.0,33578.4,33211.8,33547.4,17430,100
1684454400,33552.2,33621.2,33547.1,33557.6,3036,150
1684468800,33557.1,33592.6,33532.6,33564.6,4097,150
1684483200,33566.1,33600.3,33532.3,33586.3,6313,100
1684497600,33586.3,33658.3,33540.8,33648.3,7148,100
1684512000,33647.8,33647.8,33322.8,33449.5,26126,100
1684526400,33449.0,33473.5,33347.5,33422.5,15511,100
1684713600,33346.5,33411.8,33339.9,33402.8,2373,150
1684728000,33402.3,33409.3,33367.3,33399.3,4109,150
1684742400,33399.3,33439.0,33341.5,33423.5,6066,100
1684756800,33423.5,33467.5,33390.5,33440.0,5653,100
1684771200,33440.0,33511.5,33199.0,33312.6,23085,100
1684785600,33311.1,33391.9,33258.1,33311.4,14799,100
1684800000,33313.7,33389.7,33310.2,33371.5,2168,150
1684814400,33372.0,33405.0,33311.5,33322.0,4420,150
1684828800,33320.5,33326.5,33218.1,33223.1,6948,100
1684843200,33223.1,33279.6,33197.1,33222.6,6574,100
1684857600,33222.6,33312.8,33110.1,33226.8,21667,100
1684872000,33226.8,33269.3,33004.8,33080.2,18957,100
1684886400,33080.4,33124.9,33078.4,33122.9,1851,150
1684900800,33123.4,33124.9,33078.8,33107.8,3592,150
1684915200,33108.3,33117.8,32933.1,33045.6,8290,100
1684929600,33045.6,33058.6,32915.6,32947.1,8117,100
1684944000,32947.6,33024.1,32749.5,32806.5,23210,100
1684958400,32806.5,32930.0,32755.5,32813.0,20904,100
1684972800,32789.2,32811.2,32641.7,32741.9,4616,150
1684987200,32742.4,32752.4,32679.9,32704.4,4327,150
1685001600,32704.9,32802.6,32642.6,32722.6,8837,100
1685016000,32722.6,32809.6,32664.1,32789.6,8939,100
1685030400,32789.1,32814.6,32583.3,32638.8,26320,100
1685044800,32637.8,32873.9,32612.3,32760.9,17727,100
1685059200,32757.1,32771.1,32710.9,32731.4,2068,150
1685073600,32731.4,32738.1,32686.6,32727.6,3287,150
1685088000,32728.6,32820.4,32703.9,32737.4,7530,100
1685102400,32736.9,32848.9,32696.9,32814.9,7825,100
1685116800,32811.9,33168.1,32788.9,33066.0,23997,100
1685131200,33067.0,33136.0,33018.0,33092.0,13469,100
1685318400,33230.7,33259.7,33157.2,33166.2,3214,150
1685332800,33165.2,33167.2,33123.2,33149.2,3414,150
1685347200,33149.2,33228.9,33137.7,33181.9,4365,100
1685361600,33182.4,33193.4,33122.4,33144.9,3651,100
1685376000,33145.4,33211.9,33121.9,33129.9,5901,100
1685404800,33159.0,33188.0,33119.5,33133.5,2259,150
1685419200,33135.0,33149.6,33101.1,33127.6,3408,150
1685433600,33127.1,33167.4,33097.4,33154.4,7171,100
1685448000,33154.9,33187.9,33048.4,33085.4,7315,100
1685462400,33085.4,33122.4,32888.9,32973.4,25331,100
1685476800,32973.9,33067.9,32906.9,33032.4,16530,100
1685491200,33007.9,33008.4,32981.8,32996.3,1728,150
1685505600,32996.3,33000.8,32910.8,32921.3,3942,150
1685520000,32920.8,32980.0,32845.5,32964.5,9145,100
1685534400,32961.5,33001.0,32899.5,32911.5,7399,100
1685548800,32912.0,32945.0,32729.0,32829.6,23792,100
1685563200,32828.6,32984.6,32816.6,32878.6,17468,100
1685577600,32854.3,32917.7,32852.7,32869.7,2824,150
1685592000,32869.2,32950.7,32826.7,32905.7,5759,150
1685606400,32906.2,32965.5,32885.5,32959.0,7114,100
1685620800,32959.0,32983.0,32807.5,32823.0,7311,100
1685635200,32822.0,33140.5,32682.0,33127.5,23171,100
1685649600,33130.0,33173.5,33022.5,33098.6,14683,100
1685664000,33089.6,33096.6,33071.6,33076.1,1664,150
1685678400,33076.6,33121.1,33067.6,33103.1,3360,150
1685692800,33102.6,33205.3,33101.6,33194.8,6624,100
1685707200,33194.3,33278.8,33145.3,33245.8,8466,100
1685721600,33246.3,33730.8,33242.3,33730.8,23239,100
1685736000,33730.8,33806.8,33690.8,33761.8,13058,100
1685923200,33790.9,33844.0,33759.0,33789.0,3511,150
1685937600,33789.0,33807.5,33761.5,33777.5,4144,150
1685952000,33777.5,33827.1,33768.0,33799.1,7048,100
1685966400,33800.1,33815.1,33733.1,33733.1,6146,100
1685980800,33732.6,33795.1,33614.8,33710.3,22608,100
1685995200,33709.8,33714.8,33553.8,33567.8,18122,100
1686009600,33561.6,33562.6,33518.5,33548.0,2138,150
1686024000,33547.5,33585.0,33544.0,33570.0,3892,150
1686038400,33571.0,33585.5,33520.3,33525.8,8192,100
1686052800,33527.3,33557.3,33494.3,33542.3,7045,100
1686067200,33540.8,33634.0,33482.0,33506.0,21068,100
1686081600,33503.0,33600.8,33406.5,33569.3,14523,100
1686096000,33563.6,33597.0,33548.0,33577.5,2173,150
1686110400,33577.0,33597.0,33543.0,33586.0,4542,150
1686124800,33585.5,33587.5,33499.7,33534.2,6064,100
1686139200,33534.2,33606.7,33517.7,33580.2,5440,100
1686153600,33579.7,33676.2,33542.7,33618.1,24178,100
1686168000,33618.6,33709.1,33576.1,33670.2,15956,100
1686182400,33663.9,33679.4,33638.7,33654.2,2150,150
1686196800,33653.2,33660.2,33592.2,33607.2,4501,150
1686211200,33608.2,33696.5,33599.2,33680.5,8027,100
1686225600,33680.5,33683.0,33622.0,33628.0,6795,100
1686240000,33629.0,33826.9,33593.0,33812.4,21275,100
1686254400,33813.4,33875.5,33784.9,33812.0,12427,100
1686268800,33810.3,33810.3,33774.1,33782.6,2138,150
1686283200,33781.6,33796.1,33776.1,33777.1,2750,150
1686297600,33778.1,33792.6,33711.4,33778.9,6773,100
1686312000,33779.4,33798.4,33741.4,33781.9,7513,100
1686326400,33783.4,33978.0,33765.9,33835.5,24095,100
1686340800,33835.0,33923.0,33820.5,33888.5,13428,100
1686528000,33885.4,33920.4,33873.9,33908.4,2065,150
1686542400,33907.9,33917.4,33873.9,33882.9,2138,150
1686556800,33882.9,33985.2,33882.4,33957.2,6077,100
1686571200,33956.7,33968.2,33870.2,33920.7,6740,100
1686585600,33920.2,33998.7,33865.7,33983.0,20051,100
1686600000,33982.0,34080.0,33936.0,34067.0,14380,100
1686614400,34062.8,34077.2,34036.2,34036.7,2370,150
1686628800,34036.7,34113.2,34034.2,34081.2,4533,150
1686643200,34081.7,34127.0,34067.0,34082.5,7952,100
1686657600,34082.5,34180.5,34039.0,34180.5,7397,100
1686672000,34180.0,34309.0,34105.0,34258.4,22453,100
1686686400,34256.4,34298.4,34140.9,34223.9,14535,100
1686700800,34128.0,34142.0,34092.0,34115.5,2160,150
1686715200,34116.5,34134.5,34115.5,34133.0,2633,150
1686729600,34132.5,34194.2,34125.7,34189.7,5486,100
1686744000,34189.7,34195.7,34113.6,34121.6,5853,100
1686758400,34120.6,34151.8,34011.6,34109.3,19652,100
1686772800,34109.8,34109.8,33773.3,33983.3,20976,100
1686787200,33957.3,33986.3,33945.8,33956.8,2407,150
1686801600,33956.3,33962.3,33906.3,33951.8,4564,150
1686816000,33951.3,33962.3,33885.0,33949.5,7484,100
1686830400,33950.0,33956.5,33854.0,33929.0,8644,100
1686844800,33928.5,34393.3,33923.0,34366.8,23260,100
1686859200,34367.3,34493.6,34310.8,34380.3,17720,100
1686873600,34391.3,34394.4,34359.9,34369.9,2030,150
1686888000,34370.4,34399.5,34355.5,34386.5,3830,150
1686902400,34386.0,34444.3,34370.8,34440.3,7952,100
1686916800,34440.3,34472.8,34381.3,34464.8,7747,100
1686931200,34464.3,34574.3,34367.6,34483.6,25171,100
1686945600,34484.6,34492.1,34282.6,34317.6,15633,100
1687132800,34326.0,34330.0,34245.1,34258.1,2144,150
1687147200,34259.1,34272.6,34221.1,34225.1,3396,150
1687161600,34224.6,34310.3,34222.1,34266.3,6171,100
1687176000,34266.3,34291.3,34241.3,34268.3,5408,100
1687190400,34268.3,34268.8,34170.3,34227.8,7586,100
1687219200,34243.8,34247.8,34187.8,34195.3,2065,150
1687233600,34195.8,34203.3,34163.8,34166.8,3401,150
1687248000,34166.3,34228.0,34121.0,34159.0,6750,100
1687262400,34158.5,34204.0,34155.5,34199.0,5181,100
1687276800,34198.5,34236.7,33907.9,34125.4,23108,100
1687291200,34125.9,34152.4,34015.9,34035.4,14343,100
1687305600,34039.8,34082.5,34034.0,34070.0,2043,150
1687320000,34070.5,34074.5,34045.0,34070.0,2898,150
1687334400,34070.5,34071.0,33988.3,34048.3,6091,100
1687348800,34048.8,34080.8,33961.8,33961.8,6234,100
1687363200,33962.8,34099.7,33870.8,34025.2,23484,100
1687377600,34025.7,34101.2,33934.7,33961.2,14951,100
1687392000,33972.6,33982.3,33959.3,33971.8,2017,150
1687406400,33972.8,33973.8,33913.3,33920.8,2577,150
1687420800,33921.3,33921.3,33822.5,33898.0,8833,100
1687435200,33898.0,33909.5,33822.0,33864.5,7161,100
1687449600,33860.5,34008.2,33828.7,33908.7,22177,100
1687464000,33908.7,33976.0,33855.2,33971.0,14747,100
1687478400,33975.4,33975.9,33935.2,33937.7,1622,150
1687492800,33937.2,33938.2,33776.7,33802.7,4274,150
1687507200,33802.7,33872.0,33755.0,33839.4,7481,100
1687521600,33837.4,33859.4,33735.4,33739.4,6470,100
1687536000,33738.4,33825.0,33622.9,33810.5,21874,100
1687550400,33811.0,33834.5,33658.5,33730.0,13733,100
1687737600,33730.3,33798.6,33723.3,33783.6,2703,150
1687752000,33783.6,33813.1,33765.6,33786.6,3352,150
1687766400,33787.1,33790.6,33628.8,33666.7,7423,100
1687780800,33666.7,33745.7,33665.7,33710.7,5809,100
1687795200,33710.7,33801.1,33607.6,33764.8,23067,100
1687809600,33765.3,33819.5,33688.8,33748.0,15803,100
1687824000,33760.4,33772.6,33741.6,33747.1,1717,150
1687838400,33747.6,33790.6,33734.6,33786.6,3312,150
1687852800,33786.6,33833.0,33732.6,33741.1,7250,100
1687867200,33741.1,33748.1,33653.6,33699.6,6252,100
1687881600,33700.1,33903.2,33692.1,33887.2,21361,100
1687896000,33887.2,33976.6,33875.2,33914.3,13305,100
1687910400,33925.7,33940.2,33901.2,33913.1,1912,150
1687924800,33914.1,33926.1,33895.1,33910.1,3065,150
1687939200,33909.6,33960.0,33899.4,33920.0,5725,100
1687953600,33920.5,33968.5,33901.0,33913.5,4984,100
1687968000,33915.5,33928.5,33755.5,33794.5,23049,100
1687982400,33793.0,33909.8,33757.3,33896.3,16238,100
1687996800,33911.2,33943.3,33904.8,33927.3,1762,150
1688011200,33927.3,33940.3,33869.3,33879.3,2897,150
1688025600,33879.3,33913.0,33850.0,33909.5,5194,100
1688040000,33910.0,34023.1,33893.6,33901.6,6667,100
1688054400,33901.1,34151.6,33811.1,34107.6,24239,100
1688068800,34104.1,34128.6,34010.1,34097.6,15095,100
1688083200,34092.0,34110.8,34079.8,34096.8,1567,150
1688097600,34097.3,34139.8,34096.8,34109.0,2993,150
1688112000,34109.5,34160.7,34088.2,34154.7,5266,100
1688126400,34157.2,34302.2,34154.7,34291.7,6781,100
1688140800,34292.2,34412.9,34286.9,34405.4,19242,100
1688155200,34406.4,34472.0,34390.9,34398.5,10967,100
1688342400,34420.8,34428.0,34384.5,34408.3,2134,150
1688356800,34408.8,34423.3,34399.3,34415.8,2877,150
1688371200,34415.8,34417.8,34372.1,34383.1,4944,100
1688385600,34383.6,34399.1,34338.6,34350.1,4774,100
1688400000,34349.6,34468.3,34288.1,34416.8,17329,100
1688414400,34417.8,34430.8,34399.3,34430.8,692,100
1688428800,34403.6,34424.1,34393.1,34418.1,1488,150
1688443200,34418.1,34428.5,34406.6,34421.5,2466,150
1688457600,34421.0,34431.7,34384.2,34388.7,5322,100
1688472000,34389.2,34415.2,34366.2,34386.7,4568,100
1688486400,34386.7,34395.7,34365.2,34376.9,3542,100
1688515200,34383.7,34406.0,34374.2,34404.0,1549,150
1688529600,34404.5,34410.0,34373.5,34378.0,2472,150
1688544000,34377.5,34383.0,34316.8,34329.8,5494,100
1688558400,34329.8,34333.8,34218.3,34229.3,5683,100
1688572800,34227.8,34377.9,34222.3,34292.4,17853,100
1688587200,34292.9,34320.9,34238.9,34270.4,11104,100
1688601600,34267.9,34270.9,34220.4,34223.9,1707,150
1688616000,34223.4,34246.4,34147.4,34173.9,3862,150
1688630400,34174.4,34197.2,34122.2,34135.7,7311,100
1688644800,34136.2,34159.7,33996.2,34023.7,7793,100
1688659200,34024.2,34072.2,33767.4,33873.4,20028,100
1688673600,33872.9,33959.9,33868.4,33914.6,11047,100
1688688000,33903.2,33934.2,33896.7,33931.2,2060,150
1688702400,33931.7,33942.2,33908.2,33917.2,3293,150
1688716800,33918.2,33938.2,33847.5,33885.0,7150,100
1688731200,33885.5,33947.0,33822.0,33871.0,7432,100
1688745600,33871.0,34012.8,33765.0,34009.8,19914,100
1688760000,34011.8,34036.8,33708.1,33732.6,11924,100
1688947200,33750.9,33781.4,33705.3,33734.9,2990,150
1688961600,33735.4,33756.9,33674.9,33702.4,4492,150
1688976000,33701.9,33719.5,33607.6,33712.0,7633,100
1688990400,33711.0,33799.5,33708.5,33757.0,5973,100
1689004800,33756.5,33966.5,33716.5,33880.9,20375,100
1689019200,33881.4,33963.3,33880.9,33942.8,11402,100
1689033600,33948.7,33964.4,33927.4,33958.9,2076,150
1689048000,33958.9,33963.3,33933.8,33949.2,2790,150
1689062400,33948.2,34008.0,33857.1,33887.6,7514,100
1689076800,33887.6,34073.6,33867.1,34064.6,7212,100
1689091200,34065.1,34201.5,33987.5,34159.5,18755,100
1689105600,34159.5,34290.2,34118.7,34243.7,12019,100
1689120000,34239.7,34270.7,34213.2,34231.2,2757,150
1689134400,34230.7,34264.7,34223.7,34258.2,2828,150
1689148800,34257.7,34311.9,34254.2,34308.9,5899,100
1689163200,34308.9,34486.2,34285.1,34451.2,7436,100
1689177600,34450.7,34586.1,34367.2,34391.8,22390,100
1689192000,34391.8,34432.3,34308.9,34360.2,12594,100
1689206400,34363.7,34396.7,34360.2,34387.2,1933,150
1689220800,34386.7,34410.6,34372.1,34384.6,2993,150
1689235200,34384.6,34430.3,34366.3,34418.8,5348,100
1689249600,34418.8,34443.8,34373.8,34411.3,5753,100
1689264000,34412.8,34471.3,34363.4,34406.4,15635,100
1689278400,34406.9,34460.4,34351.4,34360.9,11078,100
1689292800,34365.3,34383.8,34317.3,34321.8,2277,150
1689307200,34321.3,34355.8,34313.3,34337.3,3276,150
1689321600,34336.8,34380.6,34308.1,34364.1,4977,100
1689336000,34363.1,34590.1,34356.1,34585.6,6067,100
1689350400,34586.6,34599.6,34447.6,34514.1,20810,100
1689364800,34514.1,34571.6,34471.1,34511.6,12662,100
1689552000,34488.0,34493.5,34435.0,34466.0,2022,150
1689566400,34467.5,34495.5,34463.5,34476.0,2067,150
1689580800,34475.5,34496.5,34442.5,34454.5,4802,100
1689595200,34454.5,34472.5,34406.5,34432.0,5718,100
1689609600,34432.0,34601.5,34416.5,34597.0,15705,100
1689624000,34596.5,34669.2,34551.7,34560.2,10284,100
1689638400,34569.7,34584.7,34558.2,34581.7,2001,150
1689652800,34581.2,34589.7,34551.7,34581.7,3005,150
1689667200,34580.7,34611.9,34555.9,34580.4,4927,100
1689681600,34580.4,34622.4,34536.4,34556.4,5305,100
1689696000,34556.4,34993.8,34515.9,34904.0,18238,100
1689710400,34904.5,34981.6,34882.0,34942.1,11857,100
1689724800,34933.1,34967.6,34933.1,34963.6,1885,150
1689739200,34964.6,34974.6,34956.6,34966.6,2347,150
1689753600,34966.6,35042.8,34966.6,35022.3,6856,100
1689768000,35021.8,35024.8,34923.8,34955.3,6362,100
1689782400,34955.3,35234.3,34952.3,35075.6,21047,100
1689796800,35077.6,35129.6,35037.6,35047.0,13812,100
1689811200,35042.8,35066.3,35002.8,35060.8,2759,150
1689825600,35061.8,35083.8,35045.8,35063.8,3166,150
1689840000,35065.3,35122.9,35025.9,35103.4,7746,100
1689854400,35102.9,35136.9,35060.4,35061.4,6099,100
1689868800,35060.9,35370.6,35040.9,35321.6,20470,100
1689883200,35320.6,35338.2,35191.2,35239.7,14802,100
1689897600,35246.7,35259.2,35230.3,35244.3,2157,150
1689912000,35243.3,35285.6,35235.8,35283.1,3047,150
1689926400,35282.6,35309.0,35256.4,35269.0,6578,50
1689940800,35269.5,35332.5,35213.5,35327.0,5928,100
1689955200,35327.0,35342.0,35176.5,35275.4,20164,100
1689969600,35275.4,35341.9,35218.9,35223.9,12355,100
1690156800,35233.0,35236.5,35180.2,35199.7,2296,150
1690171200,35199.2,35233.7,35180.2,35219.7,3659,150
1690185600,35220.2,35293.5,35202.5,35286.0,6263,100
1690200000,35287.0,35315.5,35231.7,35284.2,4890,100
1690214400,35283.7,35442.5,35268.2,35426.5,17703,100
1690228800,35426.0,35465.1,35383.1,35418.1,11097,100
1690243200,35408.7,35422.2,35394.2,35402.1,1447,150
1690257600,35401.6,35407.1,35380.1,35401.7,2553,150
1690272000,35401.7,35432.6,35381.6,35409.1,5341,100
1690286400,35408.1,35447.1,35380.6,35413.6,4708,100
1690300800,35413.1,35504.8,35364.1,35504.8,15770,100
1690315200,35504.8,35530.8,35396.1,35416.6,11850,100
1690329600,35418.2,35426.7,35382.7,35394.2,2778,150
1690344000,35394.7,35425.2,35389.2,35407.0,2252,150
1690358400,35406.5,35441.4,35376.4,35377.9,5815,100
1690372800,35377.9,35434.4,35336.9,35341.9,6981,100
1690387200,35343.9,35505.6,35307.9,35447.1,16499,100
1690401600,35446.6,35641.2,35390.7,35479.7,19359,0
1690416000,35478.3,35506.8,35447.3,35506.3,1814,150
1690430400,35506.8,35559.8,35499.8,35551.8,2878,150
1690444800,35552.3,35598.4,35514.3,35582.9,6630,50
1690459200,35582.9,35688.4,35543.4,35622.9,7561,100
1690473600,35622.9,35642.0,35501.1,35636.0,19282,100
1690488000,35635.0,35649.5,35211.1,35312.3,20417,100
1690502400,35317.8,35320.8,35282.0,35307.5,2246,150
1690516800,35308.0,35404.5,35240.5,35334.5,6335,150
1690531200,35334.0,35432.3,35311.2,35342.7,8008,100
1690545600,35342.7,35469.5,35331.7,35469.5,6976,100
1690560000,35469.0,35566.9,35391.0,35498.9,18774,100
1690574400,35497.9,35497.9,35348.4,35456.4,13528,100
1690761600,35477.0,35498.9,35451.9,35461.4,2899,150
1690776000,35460.9,35480.4,35376.4,35399.9,5675,150
1690790400,35400.4,35488.9,35392.4,35480.1,7058,100
1690804800,35479.6,35529.6,35471.1,35513.6,5163,100
1690819200,35513.1,35541.5,35431.2,35447.2,18113,50
1690833600,35447.2,35579.2,35427.2,35577.0,12715,100
1690848000,35581.8,35583.3,35552.3,35575.3,1401,150
1690862400,35576.3,35593.3,35560.8,35566.8,2973,150
1690876800,35566.8,35571.8,35447.1,35475.1,5231,100
1690891200,35473.1,35538.1,35442.6,35462.6,6676,100
1690905600,35462.6,35676.6,35447.6,35578.0,19307,100
1690920000,35578.5,35662.6,35561.5,35622.1,11053,100
1690934400,35480.4,35590.9,35455.9,35582.9,3411,150
1690948800,35583.4,35608.5,35511.0,35515.5,4776,150
1690963200,35516.0,35548.5,35347.8,35407.3,9251,100
1690977600,35407.8,35565.3,35380.8,35462.8,9434,100
1690992000,35462.8,35528.8,35324.3,35354.3,22724,100
1691006400,35352.3,35399.0,35224.0,35291.7,15728,100
1691020800,35296.5,35358.9,35296.0,35334.4,2926,150
1691035200,35333.4,35382.9,35315.4,35324.4,4765,150
1691049600,35324.4,35345.4,35130.1,35168.6,11743,0
1691064000,35168.6,35264.6,35167.6,35220.6,10552,0
1691078400,35221.6,35336.1,35113.6,35321.1,23168,0
1691092800,35321.6,35351.1,35189.1,35227.1,17170,100
1691107200,35213.5,35287.4,35204.3,35285.9,3441,150
1691121600,35286.4,35307.4,35253.9,35277.9,4765,150
1691136000,35277.4,35332.2,35228.7,35278.2,7948,100
1691150400,35279.2,35305.7,35147.2,35265.7,10151,0
1691164800,35264.7,35508.5,35238.7,35505.0,22274,200
1691179200,35506.0,35510.5,35028.0,35072.5,17717,200
1691366400,35087.7,35152.7,35087.7,35150.7,2928,150
1691380800,35149.2,35184.5,35134.2,35158.5,4011,250
1691395200,35157.5,35225.7,35121.2,35146.2,7586,200
1691409600,35146.7,35195.7,35093.2,35193.2,6966,200
1691424000,35192.2,35436.2,35181.2,35428.2,20944,200
1691438400,35429.2,35498.2,35414.2,35481.1,12607,200
1691452800,35483.9,35486.9,35464.4,35472.9,1840,150
1691467200,35472.9,35473.4,35401.4,35418.4,4550,250
1691481600,35418.9,35425.9,35355.1,35390.1,7838,100
1691496000,35391.1,35395.1,35188.1,35226.1,10903,200
1691510400,35225.6,35270.6,35003.4,35177.9,22182,200
1691524800,35177.9,35348.7,35176.9,35304.9,14791,200
1691539200,35291.7,35312.7,35274.2,35294.7,2036,150
1691553600,35295.2,35319.2,35291.2,35306.2,3492,150
1691568000,35307.2,35397.4,35300.9,35390.9,6900,200
1691582400,35389.9,35410.4,35316.9,35325.4,6594,200
1691596800,35324.9,35363.4,35052.2,35161.1,22597,200
1691611200,35161.6,35352.1,35100.1,35189.6,16151,200
1691625600,35190.9,35222.4,35171.4,35218.4,1872,150
1691640000,35218.4,35260.9,35194.4,35242.4,3210,250
1691654400,35242.9,35338.1,35222.9,35299.1,6894,200
1691668800,35297.6,35383.1,35177.1,35333.1,8361,100
1691683200,35332.6,35573.6,35151.9,35179.4,29032,200
1691697600,35181.9,35316.1,35108.1,35187.6,22852,200
1691712000,35200.8,35241.2,35198.5,35234.2,1787,100
1691726400,35236.2,35240.2,35163.7,35172.7,3846,250
1691740800,35172.2,35251.9,35144.9,35187.9,7258,100
1691755200,35188.4,35220.9,35084.4,35092.9,10010,100
1691769600,35091.9,35359.9,35044.9,35219.9,25874,100
1691784000,35221.4,35319.4,35185.9,35290.9,16587,150
1691971200,35317.2,35360.4,35288.3,35294.8,3129,150
1691985600,35293.8,35310.3,35176.8,35195.3,6440,250
1692000000,35196.3,35394.6,35194.3,35332.6,8751,200
1692014400,35333.6,35387.6,35226.6,35267.6,8003,200
1692028800,35267.1,35341.1,35165.1,35281.9,23199,200
1692043200,35282.4,35314.3,35209.3,35297.8,15554,200
1692057600,35288.5,35340.0,35279.0,35301.9,2274,150
1692072000,35302.4,35351.4,35296.9,35319.4,4386,150
1692086400,35319.9,35330.2,35097.2,35165.7,8862,100
1692100800,35164.2,35168.2,34998.2,35026.7,11242,100
1692115200,35025.7,35185.7,34962.2,34990.1,24839,200
1692129600,34990.6,35048.6,34901.6,34953.6,16513,200
1692144000,34961.3,34970.8,34901.3,34936.3,2543,150
1692158400,34936.8,34978.8,34924.3,34951.3,5247,150
1692172800,34951.8,35044.6,34912.1,35020.1,9673,100
1692187200,35020.6,35028.1,34890.9,34897.4,7498,100
1692201600,34896.9,35134.9,34881.9,34916.3,23042,100
1692216000,34917.3,34991.8,34747.4,34791.9,21497,100
1692230400,34784.1,34792.6,34724.1,34740.1,2470,150
1692244800,34740.1,34813.1,34707.1,34798.1,5379,150
1692259200,34799.1,34837.8,34744.6,34789.8,8183,100
1692273600,34788.8,34851.8,34730.8,34796.8,8263,100
1692288000,34796.8,34890.3,34687.3,34778.3,24954,100
1692302400,34778.3,34786.3,34438.3,34466.3,18793,100
1692316800,34466.4,34496.9,34418.4,34484.4,3077,150
1692331200,34486.9,34524.9,34478.9,34493.9,4659,150
1692345600,34494.9,34521.6,34413.1,34454.1,8826,100
1692360000,34452.6,34461.1,34263.1,34301.1,10191,100
1692374400,34300.6,34551.7,34261.1,34507.2,26815,100
1692388800,34507.2,34592.7,34425.2,34515.7,18047,100
1692576000,34510.7,34543.3,34485.8,34533.8,2589,150
1692590400,34532.3,34543.8,34473.8,34503.8,5552,150
1692604800,34504.3,34594.0,34465.0,34592.0,6959,100
1692619200,34591.5,34649.0,34540.0,34548.0,6590,100
1692633600,34546.5,34573.0,34248.3,34387.8,25637,100
1692648000,34387.3,34540.5,34369.3,34440.0,16842,100
1692662400,34446.2,34449.7,34403.7,34436.7,2297,150
1692676800,34436.2,34454.7,34407.7,34435.2,4341,150
1692691200,34435.7,34529.9,34419.2,34526.4,7338,0
1692705600,34527.4,34591.4,34503.9,34503.9,6320,100
1692720000,34503.9,34508.4,34279.8,34328.8,24525,100
1692734400,34327.8,34382.6,34254.8,34296.1,16183,100
1692748800,34305.2,34349.2,34302.7,34344.7,1929,150
1692763200,34344.7,34386.2,34340.2,34372.7,4178,150
1692777600,34372.2,34445.0,34364.7,34426.5,6737,100
1692792000,34427.0,34440.0,34289.0,34307.0,7654,100
1692806400,34306.5,34457.0,34301.0,34433.0,20790,100
1692820800,34433.5,34537.5,34414.6,34527.1,16521,100
1692835200,34501.2,34508.7,34460.7,34479.7,3050,150
1692849600,34479.2,34531.7,34459.7,34528.2,4422,150
1692864000,34529.2,34560.5,34448.0,34464.0,7976,100
1692878400,34464.0,34472.0,34392.5,34415.0,8307,100
1692892800,34414.0,34694.0,34262.2,34271.7,27841,100
1692907200,34271.2,34284.7,34064.2,34108.7,18499,100
1692921600,34124.4,34166.8,34108.8,34159.3,2811,150
1692936000,34159.3,34167.8,34127.3,34136.3,4302,150
1692950400,34138.3,34192.6,34121.6,34172.6,7126,100
1692964800,34172.6,34273.6,34141.6,34259.6,6098,100
1692979200,34259.6,34359.6,34023.6,34270.2,30405,100
1692993600,34270.7,34445.7,34201.2,34344.7,19133,100
1693180800,34407.5,34418.5,34378.8,34385.3,2736,150
1693195200,34385.8,34416.8,34384.8,34398.8,4407,150
1693209600,34398.3,34455.6,34389.3,34420.6,4927,100
1693224000,34420.1,34525.6,34398.6,34508.6,5221,100
1693238400,34507.6,34663.1,34480.2,34559.7,23789,100
1693252800,34559.7,34608.7,34439.2,34579.7,17377,100
1693267200,34583.3,34595.8,34552.6,34578.1,1894,150
1693281600,34577.1,34584.6,34550.1,34571.6,3471,150
1693296000,34572.1,34639.9,34536.4,34538.4,6541,100
1693310400,34538.9,34611.9,34492.9,34530.4,7292,100
1693324800,34530.4,34808.4,34507.9,34773.9,21717,100
1693339200,34773.9,34878.5,34758.4,34871.5,12062,100
1693353600,34836.6,34859.6,34832.1,34844.2,1898,150
1693368000,34844.7,34882.2,34838.7,34861.7,3294,150
1693382400,34861.7,34871.2,34785.5,34813.9,7284,100
1693396800,34813.4,34882.0,34793.5,34869.0,7966,100
1693411200,34867.0,35025.5,34804.0,34923.0,22764,100
1693425600,34923.0,34976.1,34833.6,34966.6,14922,100
1693440000,34960.3,34960.3,34931.8,34944.6,1256,150
1693454400,34944.1,34978.1,34942.6,34959.6,3240,150
1693468800,34959.1,35018.3,34946.6,35015.8,6105,100
1693483200,35015.8,35098.3,34970.3,35053.3,8454,0
1693497600,35053.8,35056.8,34802.5,34831.5,22396,100
1693512000,34832.0,34885.8,34720.8,34755.1,15275,100
1693526400,34762.1,34783.8,34740.3,34775.3,2079,150
1693540800,34774.3,34796.7,34763.3,34794.7,2931,150
1693555200,34794.7,34836.5,34753.5,34828.5,6427,100
1693569600,34828.5,34923.5,34826.5,34895.5,8993,100
1693584000,34898.0,34973.0,34716.1,34783.7,26295,100
1693598400,34782.7,34858.2,34756.2,34842.2,12785,100
1693785600,34856.1,34856.2,34813.7,34853.2,1794,150
1693800000,34853.7,34859.7,34830.7,34846.2,2970,150
1693814400,34846.7,34927.0,34841.7,34920.0,5118,100
1693828800,34920.0,34935.5,34882.5,34890.0,4111,100
1693843200,34889.0,34892.0,34756.5,34794.0,6515,100
1693872000,34810.7,34822.7,34778.7,34781.2,1862,150
1693886400,34781.7,34807.2,34776.7,34799.2,3390,150
1693900800,34798.2,34810.6,34724.6,34802.6,7866,100
1693915200,34804.1,34885.1,34795.1,34881.6,8107,100
1693929600,34882.6,34888.1,34728.1,34750.1,20560,100
1693944000,34750.1,34754.6,34632.9,34654.4,12618,100
1693958400,34653.1,34668.3,34646.8,34659.8,1747,150
1693972800,34659.8,34667.7,34622.2,34632.5,3817,150
1693987200,34633.0,34648.7,34563.7,34597.7,7644,100
1694001600,34598.7,34617.2,34534.2,34575.7,7326,100
1694016000,34575.2,34599.2,34304.7,34316.7,22724,100
1694030400,34315.7,34470.8,34285.7,34437.3,14801,100
1694044800,34436.9,34442.0,34412.5,34421.5,1790,150
1694059200,34421.0,34439.0,34380.1,34390.6,3543,150
1694073600,34390.6,34448.7,34341.2,34441.7,8641,100
1694088000,34441.7,34492.2,34331.0,34347.0,7200,100
1694102400,34346.5,34561.2,34339.5,34496.7,22886,100
1694116800,34497.2,34549.7,34452.7,34522.2,13960,100
1694131200,34516.0,34523.8,34483.8,34504.8,1783,150
1694145600,34505.3,34530.3,34485.8,34504.3,2681,150
1694160000,34504.8,34594.5,34442.5,34444.0,7669,100
1694174400,34444.0,34515.5,34411.0,34476.5,9506,100
1694188800,34476.5,34630.0,34471.0,34589.5,20438,100
1694203200,34589.5,34618.0,34492.5,34574.0,14008,100
1694390400,34602.5,34613.5,34569.5,34578.5,2325,150
1694404800,34577.5,34622.0,34565.5,34621.5,3274,150
1694419200,34620.5,34715.8,34616.5,34634.8,6964,100
1694433600,34633.8,34674.8,34602.8,34666.8,6395,100
1694448000,34668.8,34789.3,34577.9,34667.4,19010,100
1694462400,34666.9,34696.3,34628.3,34655.8,10692,100
1694476800,34650.4,34665.4,34623.5,34626.5,1751,150
1694491200,34627.5,34657.5,34610.0,34639.5,3337,150
1694505600,34639.0,34654.3,34582.3,34600.8,6822,100
1694520000,34600.8,34646.3,34578.8,34603.8,7501,100
1694534400,34603.3,34761.5,34532.8,34750.5,18676,100
1694548800,34752.0,34857.0,34597.0,34650.8,15503,100
1694563200,34649.4,34658.6,34636.9,34647.6,1580,150
1694577600,34648.1,34659.1,34580.6,34620.6,3779,150
1694592000,34620.1,34687.4,34588.1,34603.9,7809,100
1694606400,34603.4,34688.4,34551.9,34663.4,9752,100
1694620800,34663.4,34775.4,34591.2,34690.5,23145,100
1694635200,34691.0,34708.5,34503.0,34591.0,15468,100
1694649600,34588.3,34624.4,34567.9,34621.9,1931,150
1694664000,34622.4,34648.9,34599.9,34630.4,3633,150
1694678400,34628.9,34655.4,34576.2,34610.7,8648,0
1694692800,34610.2,34730.7,34595.7,34725.7,11425,0
1694707200,34723.2,34942.8,34680.2,34925.8,20445,100
1694721600,34925.8,34981.3,34892.8,34946.1,11102,100
1694736000,34944.9,34963.8,34935.3,34955.8,2145,150
1694750400,34955.3,34997.3,34939.3,34988.8,3909,150
1694764800,34997.3,35000.5,34956.0,34979.5,8086,100
1694779200,34979.5,35012.5,34882.0,34884.5,7133,100
1694793600,34884.5,34901.5,34664.9,34720.4,22313,100
1694808000,34719.9,34719.9,34567.7,34617.5,14723,100
1694995200,34640.7,34684.5,34638.2,34674.5,1803,150
1695009600,34675.0,34688.0,34654.5,34678.5,3191,150
1695024000,34679.5,34684.5,34636.3,34652.8,6487,100
1695038400,34652.3,34666.3,34577.3,34628.3,7885,100
1695052800,34628.8,34724.7,34539.8,34706.2,18566,100
1695067200,34707.2,34722.2,34597.3,34628.8,11182,100
1695081600,34639.5,34650.0,34630.5,34636.5,2010,150
1695096000,34636.5,34640.0,34613.6,34617.1,3928,150
1695110400,34616.6,34671.3,34598.3,34654.3,5947,100
1695124800,34656.8,34683.8,34584.8,34585.3,5954,100
1695139200,34584.3,34592.8,34305.2,34345.2,19225,100
1695153600,34345.2,34555.7,34339.2,34514.7,13201,100
1695168000,34517.0,34531.5,34499.9,34504.9,1955,150
1695182400,34503.9,34517.9,34474.9,34483.9,3783,150
1695196800,34483.4,34568.1,34478.4,34564.6,7045,100
1695211200,34564.6,34637.6,34551.6,34629.6,6010,100
1695225600,34630.1,34753.2,34572.6,34750.2,15572,100
1695240000,34750.2,34780.2,34425.9,34436.4,21640,100
1695254400,34453.6,34458.6,34398.6,34400.1,3774,150
1695268800,34400.1,34405.1,34349.1,34376.6,5347,150
1695283200,34377.6,34406.4,34339.9,34348.9,8882,100
1695297600,34348.9,34363.9,34195.9,34264.4,11204,100
1695312000,34264.9,34379.2,34165.4,34219.7,23054,100
1695326400,34219.2,34318.7,34024.2,34044.2,16547,100
1695340800,34064.8,34085.3,34034.3,34069.8,3255,150
1695355200,34068.3,34140.8,34051.8,34130.3,6235,150
1695369600,34129.8,34142.6,34042.1,34073.1,9452,100
1695384000,34072.6,34134.6,34053.6,34104.1,7685,100
1695398400,34104.1,34156.6,34000.9,34117.1,20921,100
1695412800,34117.1,34152.1,33946.6,33964.6,16998,100
1695600000,34025.9,34031.8,33973.3,34002.8,2597,150
1695614400,34001.8,34057.8,34001.8,34046.8,4109,150
1695628800,34046.3,34100.6,33892.1,33921.1,8118,100
1695643200,33920.6,33981.6,33872.1,33890.6,9804,100
1695657600,33890.6,33991.1,33781.2,33940.6,22108,100
1695672000,33940.1,34034.6,33865.1,34030.6,16841,100
1695686400,34025.2,34029.7,33909.3,33919.8,2389,150
1695700800,33920.3,33930.3,33871.8,33915.3,4780,150
1695715200,33915.3,33922.3,33775.1,33881.6,10264,100
1695729600,33882.1,33922.6,33823.6,33833.6,9494,100
1695744000,33835.1,33878.1,33653.6,33723.1,21845,100
1695758400,33723.6,33744.1,33567.1,33664.6,16586,100
1695772800,33679.7,33683.2,33636.3,33646.8,2911,150
1695787200,33646.3,33697.8,33643.8,33696.8,5039,150
1695801600,33696.8,33757.0,33680.8,33732.0,7880,100
1695816000,33732.0,33743.5,33685.5,33742.0,7933,100
1695830400,33739.0,33762.0,33420.7,33440.9,22907,100
1695844800,33440.4,33644.9,33301.9,33606.9,21417,100
1695859200,33616.0,33618.5,33551.0,33604.0,2982,150
1695873600,33602.5,33609.0,33496.5,33549.0,5401,150
1695888000,33549.5,33597.0,33483.2,33517.7,9643,100
1695902400,33517.7,33655.6,33461.7,33527.6,12573,100
1695916800,33525.6,33780.9,33455.1,33680.9,26881,100
1695931200,33681.9,33749.4,33585.9,33706.9,19491,100
1695945600,33728.0,33757.0,33636.0,33637.5,2576,150
1695960000,33637.0,33720.0,33622.5,33690.0,4466,150
1695974400,33690.5,33821.3,33673.5,33783.3,8912,100
1695988800,33784.3,33884.8,33773.8,33874.3,9901,100
1696003200,33873.3,33899.3,33528.3,33550.8,27202,100
1696017600,33549.3,33600.8,33401.3,33512.8,21315,100
1696204800,33646.4,33710.9,33602.9,33687.4,4487,150
1696219200,33686.9,33714.9,33654.9,33659.4,4331,150
1696233600,33659.9,33726.2,33603.7,33649.2,8820,100
1696248000,33648.7,33649.7,33421.7,33442.2,10598,100
1696262400,33441.2,33523.2,33216.3,33250.3,31527,100
1696276800,33248.8,33459.0,33248.3,33424.0,21076,100
1696291200,33416.0,33445.0,33364.6,33410.1,3069,100
1696305600,33410.1,33425.6,33344.6,33344.6,5561,150
1696320000,33343.6,33489.8,33329.6,33471.3,9572,100
1696334400,33470.3,33475.3,33237.8,33248.3,12498,100
1696348800,33247.8,33392.3,32982.5,33072.0,31254,100
1696363200,33069.5,33110.5,32908.0,32970.2,20635,100
1696377600,32972.2,33020.2,32962.2,32978.7,3456,150
1696392000,32978.2,32984.7,32864.7,32946.7,7344,150
1696406400,32948.7,33013.0,32816.5,32982.0,13350,100
1696420800,32983.5,33091.5,32970.5,33056.5,13350,100
1696435200,33056.0,33141.2,32870.2,33078.2,29949,100
1696449600,33077.7,33156.8,32905.3,33071.3,20376,100
1696464000,33064.9,33075.6,33026.1,33071.6,3142,150
1696478400,33072.1,33138.6,33067.1,33119.6,5361,150
1696492800,33119.1,33120.6,33007.9,33009.5,9669,100
1696507200,33010.0,33119.2,32969.5,33029.9,12254,100
1696521600,33029.9,33145.9,32937.4,32983.4,28258,100
1696536000,32983.9,33175.9,32937.9,33100.9,18695,100
1696550400,33096.5,33109.3,33076.3,33106.3,2650,150
1696564800,33106.3,33130.9,33078.6,33081.6,5227,150
1696579200,33082.1,33155.2,33052.5,33122.2,8398,100
1696593600,33122.7,33219.7,32849.2,32900.2,12724,100
1696608000,32900.2,33477.2,32843.2,33356.8,33242,100
1696622400,33357.3,33563.8,33344.8,33412.8,16458,100
1696809600,33242.0,33271.8,33148.0,33222.0,6226,150
1696824000,33222.0,33223.0,33172.0,33199.5,3965,150
1696838400,33200.0,33259.7,33112.2,33250.2,10652,100
1696852800,33249.2,33305.2,33195.2,33197.2,9823,100
1696867200,33197.7,33472.6,33193.7,33380.6,23401,100
1696881600,33383.1,33642.6,33366.6,33593.6,16983,100
1696896000,33602.2,33635.6,33595.2,33628.1,2658,150
1696910400,33628.1,33666.1,33614.1,33615.1,5089,150
1696924800,33615.1,33701.8,33580.8,33691.3,10782,100
1696939200,33690.3,33699.8,33616.8,33677.3,10269,100
1696953600,33676.8,33900.4,33592.8,33873.9,22726,100
1696968000,33872.9,33872.9,33716.9,33733.7,18341,100
1696982400,33736.8,33757.8,33719.8,33730.8,2643,150
1696996800,33730.3,33757.3,33719.3,33738.3,4662,150
1697011200,33738.3,33800.6,33713.6,33791.1,9566,100
1697025600,33790.6,33871.6,33770.1,33871.6,10748,100
1697040000,33870.6,33887.1,33648.5,33689.0,22373,100
1697054400,33690.0,33863.5,33611.0,33858.5,16097,100
1697068800,33847.6,33876.6,33830.6,33865.1,2596,150
1697083200,33864.1,33879.4,33848.9,33878.9,4153,150
1697097600,33877.9,33918.7,33853.7,33915.7,7835,100
1697112000,33916.2,33973.9,33834.9,33866.4,9566,100
1697126400,33866.9,33880.9,33651.6,33781.1,23845,100
1697140800,33780.6,33780.6,33449.6,33630.4,20042,100
1697155200,33630.0,33660.5,33603.0,33656.5,3029,150
1697169600,33654.5,33688.5,33647.5,33667.0,4709,150
1697184000,33667.0,33735.2,33645.7,33673.1,9077,100
1697198400,33672.1,33755.6,33575.1,33754.1,13066,100
1697212800,33754.1,33962.6,33590.6,33693.6,28208,100
1697227200,33692.6,33723.6,33546.6,33673.6,21554,100
1697414400,33689.3,33759.5,33689.3,33720.0,4461,150
1697428800,33720.5,33744.0,33694.5,33714.0,5514,150
1697443200,33714.5,33796.2,33671.5,33774.7,10606,100
1697457600,33773.7,33886.1,33759.2,33878.6,10499,100
1697472000,33878.6,34092.2,33841.1,33994.6,21095,100
1697486400,33994.6,34057.1,33888.6,34003.6,14808,100
1697500800,34013.8,34015.8,33965.9,33987.9,3174,150
1697515200,33987.4,33987.4,33925.9,33927.9,5285,150
1697529600,33926.9,33989.6,33878.6,33886.6,9062,100
1697544000,33885.6,33947.1,33864.4,33881.9,11563,100
1697558400,33879.9,34147.4,33809.9,34027.9,28712,100
1697572800,34028.4,34049.4,33848.4,33984.1,20608,100
1697587200,33969.2,33975.2,33902.5,33908.5,2843,150
1697601600,33908.5,33985.0,33901.0,33969.0,5862,150
1697616000,33968.5,33996.5,33905.8,33976.8,9183,100
1697630400,33978.3,33993.3,33859.8,33898.8,11077,100
1697644800,33900.8,33994.3,33740.3,33749.8,29028,100
1697659200,33749.3,33908.3,33595.1,33678.6,23201,100
1697673600,33690.4,33700.4,33636.9,33672.9,3823,150
1697688000,33672.9,33694.9,33576.9,33626.9,6412,150
1697702400,33627.4,33665.3,33540.3,33560.0,11640,100
1697716800,33560.5,33705.0,33551.5,33691.0,11593,100
1697731200,33694.0,33844.7,33497.7,33766.2,33343,100
1697745600,33766.7,33854.7,33358.8,33396.8,25783,100
1697760000,33402.7,33403.7,33352.2,33375.7,3779,150
1697774400,33375.2,33410.7,33330.7,33399.2,5960,150
1697788800,33399.2,33422.4,33296.4,33386.9,11065,0
1697803200,33387.4,33394.9,33266.9,33310.9,11638,100
1697817600,33310.4,33419.9,33197.6,33323.1,28880,100
1697832000,33322.6,33354.2,33117.7,33123.2,18162,100
1698019200,33210.1,33211.1,33110.5,33183.9,3407,150
1698033600,33183.9,33197.9,33151.4,33169.4,4889,150
1698048000,33169.4,33188.9,33018.2,33061.2,9780,100
1698062400,33061.2,33062.2,32897.2,32968.2,12903,100
1698076800,32967.7,33235.7,32886.2,33235.7,28982,100
1698091200,33236.7,33238.7,32915.0,32994.0,23151,100
1698105600,33004.9,33019.4,32962.9,32981.4,3187,150
1698120000,32981.9,33014.9,32930.4,33012.4,8036,150
1698134400,33012.9,33048.2,32948.2,33025.2,10536,100
1698148800,33024.2,33113.3,33007.7,33112.3,10220,100
1698163200,33113.3,33274.2,32986.2,33023.2,29163,100
1698177600,33022.7,33297.7,32995.2,33231.7,20772,100
1698192000,33196.7,33229.5,33158.7,33206.0,3928,150
1698206400,33206.0,33229.5,33182.5,33193.5,4884,150
1698220800,33193.0,33203.7,33108.7,33189.2,11335,0
1698235200,33189.2,33252.2,33127.95,33193.2,11125,50
1698249600,33190.7,33276.8,32982.3,33090.4,30658,0
1698264000,33088.9,33122.2,32992.4,33068.2,24797,50
1698278400,33060.7,33070.2,32964.2,32971.2,4951,150
1698292800,32971.2,33007.0,32941.0,32965.0,6037,150
1698307200,32964.5,32990.0,32901.3,32928.0,11114,50
1698321600,32927.5,33069.0,32855.0,33059.0,12386,50
1698336000,33060.0,33106.5,32792.5,32797.5,32037,50
1698350400,32797.0,33024.5,32738.0,32821.0,24370,0
1698364800,32857.4,32896.2,32839.9,32852.7,3569,150
1698379200,32850.7,32910.2,32847.7,32900.7,5299,150
1698393600,32901.7,32903.2,32810.4,32898.9,9540,50
1698408000,32898.9,32911.9,32688.4,32784.9,11080,50
1698422400,32786.4,32826.4,32552.3,32560.8,31144,50
1698436800,32560.3,32583.3,32320.3,32411.8,23834,100
1698624000,32469.1,32520.0,32433.6,32514.0,5962,150
1698638400,32513.5,32514.5,32477.5,32506.5,4444,150
1698652800,32506.8,32610.0,32506.8,32588.0,8904,100
1698667200,32588.0,32755.5,32571.5,32713.5,12567,100
1698681600,32715.5,32939.2,32642.3,32931.3,27568,100
1698696000,32931.3,33001.8,32898.8,32932.3,13173,0
1698710400,32933.7,32945.7,32877.2,32899.2,4629,50
1698724800,32899.2,32915.7,32859.2,32871.3,7145,100
1698739200,32873.1,33066.6,32856.6,33057.6,9420,100
1698753600,33057.1,33139.1,32799.1,32844.6,14683,100
1698768000,32833.6,33033.0,32789.1,33029.5,28713,0
1698782400,33029.0,33072.0,32969.0,33000.5,13112,0
1698796800,33005.9,33009.9,32950.3,32962.8,4709,150
1698811200,32962.3,33007.3,32956.3,32965.3,4800,150
1698825600,32965.6,33033.1,32915.9,32934.4,8336,100
1698840000,32934.9,33124.9,32911.4,33094.4,13860,100
1698854400,33118.9,33283.4,33054.4,33125.4,24855,100
1698868800,33124.9,33338.4,33052.4,33277.4,18609,50
1698883200,33281.9,33329.4,33264.9,33318.9,4060,100
1698897600,33318.4,33319.9,33281.3,33285.3,3638,150
1698912000,33284.5,33407.9,33271.0,33388.4,10090,50
1698926400,33388.4,33582.4,33360.9,33536.4,13434,50
1698940800,33536.4,33797.9,33503.4,33786.4,21956,0
1698955200,33787.4,33861.8,33759.4,33842.8,10112,100
1698969600,33849.9,33878.6,33818.1,33874.6,2977,150
1698984000,33874.6,33898.6,33872.1,33894.6,2239,150
1698998400,33894.9,33904.9,33827.9,33854.9,6560,100
1699012800,33854.4,34067.9,33830.9,34018.4,13692,100
1699027200,34037.9,34163.0,33941.4,34124.0,24691,100
1699041600,34124.0,34155.0,34052.0,34095.5,10720,100
1699228800,34130.5,34130.5,34072.3,34087.8,3834,150
1699243200,34090.8,34104.3,34084.8,34093.3,3720,150
1699257600,34093.8,34132.5,34085.8,34097.0,6703,100
1699272000,34099.0,34120.5,34070.0,34077.0,6916,100
1699286400,34077.5,34163.5,34042.5,34078.4,19816,100
1699300800,34077.9,34108.4,33988.4,34068.4,14768,100
1699315200,34070.0,34073.0,34024.5,34046.1,3394,150
1699329600,34046.6,34051.1,34008.6,34022.6,4000,150
1699344000,34022.1,34058.3,33995.1,34008.8,6825,100
1699358400,34006.3,34057.3,33974.3,34052.8,7936,100
1699372800,34052.8,34209.2,34019.8,34152.2,20481,100
1699387200,34151.7,34203.7,34108.7,34173.2,12367,100
1699401600,34164.4,34166.9,34132.7,34142.2,3156,150
1699416000,34142.7,34155.2,34113.7,34118.2,4094,150
1699430400,34118.2,34172.4,34105.4,34145.4,7707,100
1699444800,34144.4,34212.9,34131.9,34189.9,7578,100
1699459200,34189.4,34254.9,33992.7,34047.7,22144,100
1699473600,34048.7,34145.7,34017.2,34103.2,14524,100
1699488000,34074.3,34120.4,34064.8,34108.9,2522,150
1699502400,34108.4,34122.8,34085.9,34101.3,2974,150
1699516800,34100.3,34168.0,34080.0,34141.5,7861,100
1699531200,34141.5,34218.5,34136.5,34213.0,8132,100
1699545600,34212.5,34219.0,33985.8,34108.8,21549,100
1699560000,34108.8,34112.8,33856.8,33923.3,22397,50
1699574400,33917.3,33918.3,33857.8,33912.3,3573,150
1699588800,33912.3,33952.8,33901.8,33945.8,3649,150
1699603200,33944.8,34003.6,33906.1,33970.6,8683,100
1699617600,33971.6,34043.1,33891.6,34026.1,9477,100
1699632000,34026.1,34186.8,33903.3,34170.3,23407,100
1699646400,34168.8,34308.3,34115.8,34286.8,13250,100
1699833600,34254.5,34262.8,34192.4,34211.4,3387,150
1699848000,34210.4,34215.4,34149.4,34170.4,3532,150
1699862400,34169.9,34287.6,34167.9,34282.1,6532,100
1699876800,34280.1,34302.6,34203.6,34222.6,7472,100
1699891200,34223.1,34409.8,34202.6,34353.3,19921,100
1699905600,34353.8,34379.3,34304.3,34350.3,12741,100
1699920000,34354.0,34354.0,34324.5,34331.5,2905,150
1699934400,34331.5,34342.5,34315.5,34323.7,2919,150
1699948800,34323.2,34395.4,34315.7,34379.9,6395,100
1699963200,34380.4,34728.4,34320.4,34707.4,10153,0
1699977600,34707.4,34923.4,34645.4,34830.4,22039,0
1699992000,34830.9,34929.1,34765.6,34855.6,12793,100
1700006400,34864.4,34882.6,34839.6,34854.1,3525,150
1700020800,34854.6,34908.7,34851.1,34897.7,3609,150
1700035200,34897.2,34944.0,34871.0,34885.0,8542,100
1700049600,34885.0,34985.0,34867.5,34902.5,9840,100
1700064000,34903.0,34997.5,34862.8,34937.4,21908,100
1700078400,34935.9,35052.1,34910.4,34972.1,14768,100
1700092800,34947.9,34972.1,34909.5,34910.5,3397,150
1700107200,34911.5,34956.0,34888.5,34945.5,5019,150
1700121600,34945.5,35001.9,34944.5,34958.9,7885,100
1700136000,34959.9,34987.4,34872.9,34952.4,9738,100
1700150400,34950.9,35018.8,34823.3,34890.8,22523,100
1700164800,34890.3,34993.3,34816.8,34986.8,14418,100
1700179200,34986.0,34986.5,34957.5,34978.5,2898,150
1700193600,34978.5,35003.0,34968.0,34976.0,3541,150
1700208000,34975.5,35046.2,34955.7,35021.2,6608,100
1700222400,35020.2,35099.2,35017.2,35054.2,8318,100
1700236800,35053.7,35067.7,34879.3,34922.3,20486,100
1700251200,34922.8,34991.7,34903.3,34951.7,10344,100
1700438400,34949.3,34954.0,34918.0,34929.5,3923,150
1700452800,34929.5,34953.5,34916.5,34916.5,3894,150
1700467200,34917.0,34969.2,34907.2,34968.2,6597,100
1700481600,34969.2,34988.2,34893.2,34933.2,6583,100
1700496000,34934.2,35078.2,34906.7,35062.7,16304,100
1700510400,35062.2,35226.2,35060.2,35156.7,11197,100
1700524800,35159.5,35180.8,35156.0,35168.8,3163,150
1700539200,35167.8,35179.3,35155.3,35158.3,3441,150
1700553600,35158.8,35165.0,35098.4,35100.4,5953,100
1700568000,35100.4,35134.9,35078.4,35088.4,6685,100
1700582400,35088.9,35123.4,35036.4,35098.7,16455,100
1700596800,35098.2,35109.2,35049.2,35094.2,12984,100
1700611200,35087.5,35121.6,35068.0,35115.1,2895,150
1700625600,35114.1,35138.6,35106.6,35113.1,3376,150
1700640000,35113.6,35158.4,35098.6,35125.9,6349,100
1700654400,35126.9,35164.9,35088.4,35152.9,8114,100
1700668800,35154.9,35318.5,35138.9,35253.0,20178,100
1700683200,35252.5,35298.5,35190.5,35279.0,11736,100
1700697600,35269.8,35280.4,35239.9,35276.9,2567,150
1700712000,35276.9,35280.4,35252.4,35279.4,2391,150
1700726400,35279.4,35297.1,35265.1,35285.1,6238,50
1700740800,35285.1,35294.6,35261.6,35294.6,4964,0
1700755200,35293.6,35345.6,35282.1,35302.6,5128,100
1700784000,35312.9,35314.2,35292.2,35313.2,2491,150
1700798400,35313.2,35313.2,35287.7,35295.2,2458,150
1700812800,35295.7,35342.4,35283.4,35332.4,4652,100
1700827200,35332.9,35375.4,35302.4,35326.4,6484,50
1700841600,35324.9,35398.5,35300.9,35390.0,13630,100
1700856000,35389.5,35400.5,35380.0,35395.5,396,100
1701043200,35385.9,35386.9,35331.3,35338.3,2792,150
1701057600,35338.8,35340.8,35293.8,35294.8,2944,150
1701072000,35294.8,35369.0,35294.3,35306.0,5612,100
1701086400,35307.0,35369.0,35305.0,35336.5,6032,100
1701100800,35337.5,35417.0,35278.6,35312.6,16200,100
1701115200,35313.1,35373.6,35287.6,35353.1,9849,100
1701129600,35359.4,35369.1,35338.1,35354.1,2449,150
1701144000,35354.1,35370.6,35347.4,35358.4,2537,150
1701158400,35358.9,35372.4,35299.1,35356.6,6574,100
1701172800,35358.6,35366.6,35288.6,35323.6,6471,100
1701187200,35323.6,35517.6,35311.1,35408.1,17514,100
1701201600,35408.1,35447.1,35335.6,35420.1,12827,100
1701216000,35394.9,35441.9,35391.9,35430.9,2864,150
1701230400,35431.4,35446.4,35418.4,35436.9,3176,150
1701244800,35436.4,35497.6,35424.4,35490.6,6852,100
1701259200,35490.1,35532.6,35465.6,35491.1,7665,100
1701273600,35492.6,35545.8,35408.3,35541.8,19317,100
1701288000,35542.8,35580.8,35402.8,35526.8,13192,100
1701302400,35521.1,35530.6,35493.6,35512.2,3464,150
1701316800,35512.2,35571.5,35509.7,35563.0,3183,150
1701331200,35561.5,35583.3,35510.8,35570.3,7005,100
1701345600,35570.8,35676.3,35559.3,35634.3,7750,100
1701360000,35633.3,35775.9,35593.3,35689.4,21963,100
1701374400,35687.9,35968.9,35658.4,35932.4,15107,100
1701388800,35915.9,35964.5,35912.1,35957.5,2897,150
1701403200,35957.0,35989.5,35948.5,35963.0,3189,150
1701417600,35963.0,36035.2,35951.0,36010.2,6823,100
1701432000,36008.2,36010.7,35912.7,35917.2,7197,100
1701446400,35916.7,36266.5,35896.7,36250.5,22977,100
1701460800,36250.5,36263.0,36173.0,36238.0,11638,100
1701648000,36271.8,36275.6,36197.6,36228.6,4320,100
1701662400,36229.6,36242.1,36219.6,36228.6,2936,150
1701676800,36228.6,36230.6,36137.9,36177.4,7111,100
1701691200,36178.9,36184.4,36085.3,36089.8,7368,100
1701705600,36092.8,36230.8,36026.8,36165.3,19490,50
1701720000,36165.3,36232.7,36150.2,36179.2,11681,50
1701734400,36180.1,36181.6,36135.2,36149.7,3076,150
1701748800,36149.7,36160.2,36133.2,36149.2,3535,150
1701763200,36150.2,36187.3,36104.4,36168.8,7216,100
1701777600,36165.8,36166.3,36088.8,36092.8,8667,100
1701792000,36093.3,36151.3,36005.8,36103.8,23399,100
1701806400,36103.8,36164.3,36087.3,36118.8,12204,100
1701820800,36118.2,36211.2,36106.7,36204.7,3062,150
1701835200,36205.2,36220.2,36189.7,36203.2,3322,150
1701849600,36202.7,36205.2,36136.5,36163.0,6791,100
1701864000,36161.5,36240.0,36156.5,36213.0,6627,100
1701878400,36212.5,36297.0,36115.9,36136.9,20060,100
1701892800,36135.9,36193.9,36024.4,36066.9,12694,100
1701907200,36037.4,36059.9,36027.9,36031.4,3799,150
1701921600,36031.9,36048.6,36023.6,36033.6,4112,150
1701936000,36034.1,36070.6,35977.6,36004.6,6926,100
1701950400,36005.1,36078.6,35979.6,36073.6,7436,100
1701964800,36073.6,36158.6,36019.0,36122.0,20395,100
1701979200,36122.0,36164.0,36095.0,36097.5,11264,100
1701993600,36102.9,36114.9,36087.4,36098.9,2923,150
1702008000,36098.9,36140.7,36097.4,36128.2,2986,150
1702022400,36128.2,36149.4,36076.4,36129.9,5149,100
1702036800,36128.4,36156.9,35963.4,36065.4,7760,100
1702051200,36066.4,36258.3,36036.9,36171.3,20988,100
1702065600,36171.3,36291.3,36160.3,36236.3,10234,100
1702252800,36263.5,36287.5,36248.5,36261.5,4584,150
1702267200,36261.5,36267.5,36237.5,36253.5,3427,150
1702281600,36252.5,36263.5,36206.8,36229.3,6771,100
1702296000,36228.8,36257.8,36203.3,36223.3,5776,100
1702310400,36224.8,36366.0,36216.3,36340.3,18106,100
1702324800,36340.3,36420.8,36319.8,36413.3,9595,100
1702339200,36411.2,36439.7,36400.2,36422.7,3217,150
1702353600,36422.7,36451.4,36421.4,36424.9,2920,150
1702368000,36425.4,36497.7,36408.9,36492.2,5095,100
1702382400,36493.2,36572.2,36427.2,36431.2,7929,100
1702396800,36434.2,36571.0,36365.2,36511.0,15403,100
1702411200,36511.0,36602.2,36502.0,36594.2,10735,100
1702425600,36589.5,36629.9,36589.0,36625.4,2632,150
1702440000,36625.4,36633.4,36601.9,36620.5,2462,150
1702454400,36620.5,36643.3,36602.8,36626.3,4992,100
1702468800,36625.8,36656.9,36605.8,36647.4,5560,100
1702483200,36646.9,36660.9,36527.9,36591.7,14089,100
1702497600,36591.7,37142.5,36574.2,37098.0,20134,100
1702512000,37109.0,37195.5,37100.0,37182.5,4375,150
1702526400,37182.5,37209.5,37160.5,37180.5,4342,150
1702540800,37181.0,37255.7,37146.7,37165.7,9796,100
1702555200,37165.2,37306.2,37143.2,37306.2,10852,100
1702569600,37306.2,37314.2,37093.7,37226.2,25317,100
1702584000,37225.7,37271.7,37041.7,37233.7,15850,100
1702598400,37231.8,37274.3,37216.8,37269.3,3820,150
1702612800,37269.3,37314.3,37266.3,37310.3,3576,150
1702627200,37309.3,37382.4,37294.8,37380.4,6925,100
1702641600,37380.9,37402.4,37200.9,37234.4,9410,100
1702656000,37234.9,37306.6,37143.4,37270.1,21427,100
1702670400,37268.1,37345.6,37150.6,37267.6,14172,100
1702857600,37314.4,37343.7,37285.1,37324.7,2635,150
1702872000,37324.2,37361.2,37321.7,37357.7,2317,150
1702886400,37357.7,37366.2,37295.5,37346.7,5034,100
1702900800,37346.2,37375.7,37317.2,37338.7,5973,100
1702915200,37339.2,37394.5,37288.7,37338.4,16503,100
1702929600,37337.9,37348.7,37274.7,37291.2,9771,100
1702944000,37292.8,37297.4,37270.4,37286.9,2223,150
1702958400,37286.9,37315.4,37286.9,37307.9,2991,150
1702972800,37308.4,37345.7,37296.4,37325.2,5315,100
1702987200,37325.2,37399.7,37310.7,37378.6,5916,100
1703001600,37378.1,37537.3,37322.6,37500.8,15171,100
1703016000,37499.8,37568.8,37482.8,37543.8,9479,100
1703030400,37549.9,37552.3,37534.3,37549.8,2165,150
1703044800,37549.3,37577.8,37543.8,37564.8,2188,150
1703059200,37563.3,37578.1,37517.2,37538.7,6285,100
1703073600,37538.7,37547.2,37475.7,37492.5,5890,100
1703088000,37494.0,37641.6,37458.5,37632.1,14493,100
1703102400,37632.6,37633.6,37019.1,37101.1,19480,100
1703116800,37126.7,37168.2,37119.2,37148.3,3146,150
1703131200,37147.8,37206.3,37138.3,37203.3,2859,150
1703145600,37204.3,37287.2,37197.3,37269.2,5672,100
1703160000,37268.7,37382.2,37225.7,37324.2,6728,100
1703174400,37324.2,37399.7,37156.6,37171.6,25873,0
1703188800,37173.1,37422.7,37117.6,37374.2,17728,100
1703203200,37329.4,37355.4,37289.4,37294.9,2782,150
1703217600,37295.9,37307.4,37272.9,37275.4,3006,150
1703232000,37275.4,37328.1,37266.9,37305.6,5414,100
1703246400,37303.6,37363.6,37247.1,37360.6,6217,100
1703260800,37358.1,37540.7,37341.6,37471.7,19722,100
1703275200,37471.2,37481.7,37269.2,37412.7,14207,100
1703548800,37395.5,37453.7,37395.5,37443.6,2411,150
1703563200,37443.6,37456.1,37428.6,37449.6,1355,150
1703577600,37450.1,37466.9,37440.1,37447.4,1386,100
1703592000,37446.9,37466.9,37409.9,37436.9,2605,100
1703606400,37436.4,37536.0,37364.4,37508.0,12610,100
1703620800,37506.5,37618.4,37504.0,37573.4,8095,100
1703635200,37573.5,37582.5,37542.1,37547.1,730,150
1703649600,37545.6,37553.9,37533.6,37552.9,1931,150
1703664000,37553.4,37573.7,37519.7,37553.2,5414,100
1703678400,37553.2,37563.7,37522.2,37526.2,4874,100
1703692800,37527.2,37637.2,37482.7,37605.2,14663,100
1703707200,37605.2,37685.7,37537.7,37661.7,13494,100
1703721600,37666.4,37688.9,37641.9,37687.9,2198,150
1703736000,37687.4,37697.4,37675.9,37695.5,1989,150
1703750400,37696.0,37697.9,37617.7,37636.7,4558,100
1703764800,37636.7,37656.9,37604.4,37604.9,5444,100
1703779200,37603.9,37760.8,37603.9,37746.8,15330,100
1703793600,37746.8,37785.3,37688.8,37726.3,12437,100
1703808000,37722.6,37749.9,37713.9,37737.4,2045,150
1703822400,37736.9,37750.4,37734.4,37746.9,1846,150
1703836800,37746.9,37787.3,37740.8,37745.8,3831,100
1703851200,37746.3,37756.3,37709.8,37713.3,4014,100
1703865600,37713.8,37736.8,37541.1,37626.6,17577,100
1703880000,37626.6,37726.1,37612.6,37699.6,12901,100
1704153600,37731.9,37741.7,37697.7,37705.7,1985,150
1704168000,37706.7,37753.9,37703.7,37740.4,1687,150
1704182400,37740.9,37811.6,37702.1,37710.1,5907,100
1704196800,37710.1,37714.1,37463.0,37484.3,9717,100
1704211200,37484.8,37793.1,37461.8,37764.1,22429,100
1704225600,37763.6,37765.1,37581.1,37722.6,15811,100
1704240000,37732.3,37740.3,37710.2,37713.7,2224,150
1704254400,37713.7,37717.2,37681.7,37689.2,2285,150
1704268800,37688.2,37726.0,37654.0,37658.5,6709,100
1704283200,37658.0,37666.5,37580.0,37584.5,8394,100
1704297600,37584.5,37619.0,37406.9,37555.9,22388,100
1704312000,37555.4,37614.5,37396.0,37450.5,18736,100
1704326400,37467.8,37477.8,37431.0,37467.5,2378,150
1704340800,37468.5,37473.5,37438.3,37442.3,2481,150
1704355200,37442.8,37514.6,37442.3,37484.1,6736,100
1704369600,37484.1,37541.6,37453.1,37516.1,8440,100
1704384000,37514.6,37723.5,37453.1,37539.5,21467,100
1704398400,37538.0,37575.5,37438.5,37490.0,15514,100
1704412800,37512.2,37522.7,37491.5,37507.5,2408,150
1704427200,37507.0,37507.0,37468.5,37470.0,2627,150
1704441600,37471.0,37480.0,37363.7,37368.7,7092,100
1704456000,37368.7,37409.7,37248.7,37382.7,9640,100
1704470400,37385.7,37624.7,37329.2,37359.7,23355,0
1704484800,37357.7,37521.2,37312.2,37460.7,15667,100
1704672000,37426.4,37453.5,37336.5,37340.5,2435,150
1704686400,37339.5,37345.0,37312.5,37328.0,2368,150
1704700800,37329.0,37372.3,37216.3,37290.3,8127,100
1704715200,37289.3,37359.8,37254.3,37320.8,8099,100
1704729600,37321.3,37467.8,37239.8,37454.3,18923,100
1704744000,37454.3,37692.3,37432.8,37639.3,13804,100
1704758400,37637.0,37649.0,37621.0,37630.5,2525,150
1704772800,37630.0,37638.0,37617.5,37620.0,2703,150
1704787200,37620.0,37634.0,37528.3,37570.3,6521,100
1704801600,37571.3,37579.3,37480.3,37482.3,8073,100
1704816000,37482.3,37542.9,37357.3,37513.9,18946,0
1704830400,37514.4,37557.9,37431.4,37496.9,16553,100
1704844800,37498.5,37524.0,37478.0,37492.0,2935,150
1704859200,37492.5,37501.5,37466.5,37480.5,3140,150
1704873600,37480.5,37551.8,37459.5,37526.3,6863,100
1704888000,37526.3,37536.8,37466.8,37511.3,7378,100
1704902400,37511.3,37660.8,37499.8,37585.6,18231,0
1704916800,37587.1,37748.1,37549.1,37699.6,14979,100
1704931200,37684.2,37741.2,37670.2,37740.7,3515,150
1704945600,37740.7,37769.5,37735.7,37756.0,3097,150
1704960000,37756.0,37811.3,37731.8,37740.8,6965,100
1704974400,37741.3,37794.5,37590.5,37626.0,10164,0
1704988800,37627.5,37801.5,37420.6,37547.8,28612,100
1705003200,37548.3,37740.3,37544.8,37698.8,17210,100
1705017600,37701.4,37718.7,37661.7,37686.7,4485,150
1705032000,37686.2,37714.7,37661.7,37680.4,4352,150
1705046400,37680.4,37796.1,37639.6,37752.6,9474,100
1705060800,37752.6,37788.6,37442.1,37619.1,13372,100
1705075200,37619.6,37822.6,37462.3,37541.0,27336,0
1705089600,37542.0,37634.8,37532.8,37589.8,13629,100
1705276800,37564.7,37578.6,37518.1,37574.6,3543,150
1705291200,37575.6,37618.6,37575.6,37594.6,3118,150
1705305600,37594.1,37626.3,37506.3,37543.3,6381,100
1705320000,37544.3,37571.3,37491.8,37514.8,10281,0
1705334400,37516.8,37588.8,37508.3,37567.8,6398,100
1705363200,37558.7,37570.7,37463.2,37499.7,4482,300
1705377600,37499.7,37513.2,37453.2,37454.7,4342,300
1705392000,37453.2,37467.2,37382.2,37429.7,9707,200
1705406400,37428.2,37550.2,37381.7,37444.2,10194,200
1705420800,37443.7,37547.7,37290.8,37298.8,27208,0
1705435200,37299.3,37374.8,37195.8,37346.0,15615,150
1705449600,37360.8,37364.8,37318.3,37331.8,3506,300
1705464000,37331.3,37336.8,37273.3,37275.3,4497,300
1705478400,37275.3,37283.3,37192.3,37227.8,11165,100
1705492800,37228.3,37260.8,37164.3,37174.8,9767,100
1705507200,37175.8,37374.2,37151.3,37254.2,23033,100
1705521600,37253.7,37298.3,37130.7,37266.3,15336,100
1705536000,37254.7,37276.2,37238.2,37262.7,3940,100
1705550400,37262.7,37276.3,37219.3,37247.3,4428,150
1705564800,37246.8,37280.0,37241.0,37260.5,7884,100
1705579200,37259.5,37334.5,37181.5,37186.0,9946,100
1705593600,37188.0,37295.7,37122.5,37192.7,22663,50
1705608000,37194.7,37529.7,37154.2,37466.4,16772,100
1705622400,37453.9,37473.9,37406.9,37441.4,4023,100
1705636800,37440.4,37450.4,37416.4,37417.9,3797,150
1705651200,37417.9,37552.7,37416.9,37545.7,8312,50
1705665600,37544.7,37706.2,37514.7,37646.2,8520,100
1705680000,37646.2,37715.0,37445.2,37715.0,23161,0
1705694400,37716.0,37946.5,37685.0,37859.8,14968,50
1705881600,37907.3,37968.7,37882.7,37930.2,4781,150
1705896000,37930.7,37940.2,37901.7,37908.2,3984,150
1705910400,37907.2,37933.4,37874.4,37908.9,8062,100
1705924800,37909.4,37971.4,37895.4,37968.9,6856,100
1705939200,37967.4,38110.9,37924.4,37986.9,21385,50
1705953600,37986.9,38023.3,37907.4,37998.8,14198,50
1705968000,38006.5,38006.5,37969.2,37995.7,3219,150
1705982400,37995.7,38013.2,37983.2,37990.5,4638,150
1705996800,37990.5,38023.5,37969.0,37993.5,6546,100
1706011200,37993.5,38001.0,37923.0,37960.3,7506,100
1706025600,37960.3,37987.3,37791.8,37864.0,17902,50
1706040000,37864.0,37937.5,37844.0,37927.0,11852,100
1706054400,37928.7,37936.6,37912.1,37914.1,2554,150
1706068800,37914.6,37940.1,37906.1,37930.6,2842,150
1706083200,37931.1,37978.3,37929.8,37975.3,7044,100
1706097600,37975.3,38077.8,37936.8,38057.3,6624,100
1706112000,38057.3,38069.3,37923.3,38050.3,20523,50
1706126400,38049.8,38052.8,37776.8,37871.3,17300,50
1706140800,37892.4,37892.9,37815.9,37872.6,3027,150
1706155200,37873.1,37903.1,37855.1,37902.1,3203,150
1706169600,37901.1,37931.0,37882.5,37916.0,6899,100
1706184000,37916.5,37927.0,37754.0,37902.0,7921,100
1706198400,37902.5,38035.8,37790.3,37826.3,24373,50
1706212800,37826.3,38056.8,37808.3,37998.8,18387,100
1706227200,37985.4,38002.4,37955.9,37972.9,3276,150
1706241600,37972.4,37991.4,37913.4,37940.4,3687,150
1706256000,37940.9,37987.3,37898.0,37980.8,7515,100
1706270400,37981.8,38070.8,37949.8,38057.8,8674,100
1706284800,38057.3,38221.3,37973.8,38063.5,22166,0
1706299200,38062.5,38133.5,38022.5,38107.5,13565,50
1706486400,38050.3,38052.6,38009.1,38047.1,3107,150
1706500800,38047.6,38059.1,38032.1,38059.1,2799,150
1706515200,38060.1,38108.3,38047.3,38049.8,5280,50
1706529600,38049.3,38112.3,38038.3,38092.3,5392,100
1706544000,38092.8,38173.3,38065.0,38085.0,16326,0
1706558400,38086.5,38350.0,38057.5,38293.5,12836,50
1706572800,38283.2,38316.8,38275.8,38301.8,2726,150
1706587200,38301.3,38308.3,38279.3,38290.3,2561,150
1706601600,38290.8,38304.7,38252.1,38286.7,6014,50
1706616000,38286.2,38301.2,38238.7,38252.2,5268,100
1706630400,38252.7,38409.5,38248.7,38384.0,17804,100
1706644800,38383.5,38501.6,38377.0,38458.5,12803,0
1706659200,38510.7,38520.7,38452.2,38476.7,3519,150
1706673600,38476.7,38493.8,38468.3,38471.8,2783,150
1706688000,38471.8,38543.4,38444.6,38494.4,5711,100
1706702400,38493.9,38561.4,38468.9,38510.4,7166,100
1706716800,38509.4,38578.4,38411.7,38507.7,21214,0
1706731200,38508.2,38560.5,38118.0,38157.0,24538,0
1706745600,38151.7,38217.8,38138.7,38204.0,3568,150
1706760000,38204.0,38237.9,38199.4,38199.9,3406,150
1706774400,38200.4,38217.1,38161.6,38209.6,7189,100
1706788800,38209.6,38245.1,38126.6,38173.6,6818,100
1706803200,38172.6,38491.1,38102.6,38431.6,24666,0
1706817600,38431.1,38545.8,38345.1,38508.3,19684,0
1706832000,38537.6,38550.8,38503.1,38545.6,3246,150
1706846400,38545.6,38548.1,38517.6,38523.1,2553,150
1706860800,38523.6,38543.6,38493.8,38510.8,5052,100
1706875200,38511.3,38588.3,38364.3,38374.3,7586,100
1706889600,38372.3,38605.8,38325.3,38560.3,26996,0
1706904000,38561.3,38783.8,38561.3,38655.3,18649,50
1707091200,38669.6,38679.9,38563.0,38601.5,5109,150
1707105600,38602.0,38606.0,38554.5,38575.0,3474,150
1707120000,38575.0,38603.1,38520.6,38539.6,5340,100
1707134400,38539.1,38693.1,38531.6,38545.1,6270,0
1707148800,38547.1,38600.1,38210.0,38368.0,21754,0
1707163200,38369.0,38486.0,38321.0,38351.0,15495,0
1707177600,38354.3,38357.3,38315.8,38351.8,2675,150
1707192000,38352.3,38377.5,38347.3,38362.5,3060,150
1707206400,38362.5,38393.8,38310.3,38312.8,5800,100
1707220800,38312.3,38395.3,38276.3,38387.3,6948,100
1707235200,38387.3,38541.3,38354.3,38478.3,24261,0
1707249600,38477.8,38522.3,38398.3,38486.3,16235,0
1707264000,38506.0,38574.0,38496.5,38546.5,3270,150
1707278400,38546.5,38560.5,38521.0,38533.0,3425,150
1707292800,38533.0,38558.3,38514.5,38531.3,5468,100
1707307200,38531.3,38595.3,38455.3,38580.1,6785,100
1707321600,38581.1,38731.9,38567.6,38687.4,22863,50
1707336000,38686.9,38752.9,38647.0,38691.0,14451,0
1707350400,38683.3,38686.3,38649.8,38680.3,2056,100
1707364800,38680.3,38690.8,38668.1,38678.1,2093,150
1707379200,38677.6,38706.9,38648.9,38663.9,4710,100
1707393600,38663.9,38711.9,38612.9,38691.9,6314,100
1707408000,38689.9,38747.4,38537.6,38613.1,17147,100
1707422400,38614.1,38744.7,38608.6,38714.2,12063,0
1707436800,38709.9,38725.9,38700.4,38705.9,2728,100
1707451200,38705.9,38720.9,38695.9,38696.4,2251,150
1707465600,38696.9,38749.6,38695.9,38733.1,4540,100
1707480000,38732.1,38894.4,38726.6,38793.9,6958,100
1707494400,38793.4,38793.9,38561.4,38647.4,17778,50
1707508800,38647.9,38718.9,38621.4,38662.4,10170,100
1707696000,38664.06,38710.56,38653.31,38688.31,2921,120
1707710400,38688.31,38702.31,38679.31,38680.31,2060,120
1707724800,38680.31,38693.41,38623.41,38643.91,5550,100
1707739200,38643.91,38682.41,38640.41,38645.91,5825,100
1707753600,38645.91,38917.66,38642.41,38911.66,25800,50
1707768000,38911.66,38955.66,38774.16,38811.56,23488,0
1707782400,38813.15,38818.9,38780.9,38793.9,3601,120
1707796800,38793.4,38796.9,38773.9,38786.15,2983,120
1707811200,38786.4,38846.5,38726.0,38772.25,9797,100
1707825600,38771.0,38800.5,38459.5,38478.0,14326,100
1707840000,38479.0,38532.0,38259.75,38306.25,36135,50
1707854400,38305.25,38309.75,38045.75,38275.15,28365,50
1707868800,38279.8,38283.55,38244.55,38261.55,5046,120
1707883200,38261.8,38279.55,38249.55,38266.05,4220,120
1707897600,38265.05,38399.15,38264.3,38389.65,9530,100
1707912000,38389.15,38433.9,38333.65,38384.15,11138,100
1707926400,38384.9,38434.15,38206.4,38315.65,33070,50
1707940800,38316.9,38476.05,38238.9,38452.05,26583,50
1707955200,38417.34,38427.09,38375.59,38387.09,3763,120
1707969600,38387.09,38431.09,38383.59,38429.09,3789,120
1707984000,38429.09,38508.19,38415.59,38492.69,8773,100
1707998400,38492.69,38528.19,38441.19,38481.69,10731,100
1708012800,38479.19,38667.44,38431.69,38607.69,30663,50
1708027200,38606.94,38787.59,38586.44,38780.59,23385,50
1708041600,38771.69,38774.19,38700.19,38723.69,4234,120
1708056000,38723.94,38734.19,38707.69,38708.69,4386,120
1708070400,38708.19,38756.29,38707.94,38723.79,7378,100
1708084800,38722.79,38760.04,38609.79,38670.29,10516,100
1708099200,38670.29,38780.29,38574.54,38753.04,27654,50
1708113600,38753.04,38828.04,38578.54,38618.69,22503,50
1708300800,38639.47,38679.22,38631.22,38655.22,5377,120
1708315200,38654.97,38662.97,38641.47,38660.22,4191,120
1708329600,38659.72,38668.72,38614.07,38659.57,8047,50
1708344000,38660.32,38682.82,38639.57,38663.07,7128,0
1708358400,38662.32,38670.32,38616.32,38650.82,6439,50
1708387200,38646.54,38652.04,38520.54,38521.54,5923,120
1708401600,38522.54,38545.54,38513.54,38532.54,5715,120
1708416000,38532.29,38595.39,38505.64,38582.64,10582,100
1708430400,38582.39,38583.64,38467.64,38512.64,12521,100
1708444800,38513.64,38676.39,38469.89,38539.89,34635,50
1708459200,38539.39,38620.39,38495.39,38614.79,27835,50
1708473600,38592.29,38607.54,38537.29,38551.54,5267,120
1708488000,38552.29,38558.79,38532.54,38549.54,5068,120
1708502400,38549.79,38577.29,38478.14,38509.39,10679,100
1708516800,38509.14,38548.14,38494.14,38515.64,11516,100
1708531200,38516.89,38562.64,38398.39,38523.89,31257,50
1708545600,38524.14,38695.54,38350.39,38582.79,32260,50
1708560000,38624.78,38704.03,38588.03,38656.03,6773,120
1708574400,38656.03,38700.53,38640.03,38682.78,5507,120
1708588800,38682.78,38857.13,38680.53,38714.63,12417,100
1708603200,38713.63,38847.13,38698.63,38836.88,12860,100
1708617600,38837.13,39011.38,38797.13,38971.38,32816,50
1708632000,38970.63,39168.88,38940.38,39054.78,24764,50
1708646400,39068.51,39112.26,39046.51,39106.51,4772,120
1708660800,39107.26,39135.51,39105.26,39132.51,3816,120
1708675200,39132.51,39138.51,39053.61,39072.86,8274,100
1708689600,39072.61,39154.11,39060.86,39140.61,9317,100
1708704000,39139.61,39303.36,39139.11,39186.86,35024,50
1708718400,39185.86,39210.86,39106.36,39143.01,21740,50
1708905600,39148.05,39164.55,39084.55,39101.55,5520,120
1708920000,39102.05,39127.55,39095.55,39111.55,3887,120
1708934400,39111.55,39147.15,39082.9,39099.65,6645,100
1708948800,39099.65,39192.65,39094.65,39179.65,6505,100
1708963200,39179.65,39269.15,39130.4,39141.9,28634,50
1708977600,39142.4,39171.4,39048.65,39076.3,23401,50
1708992000,39088.74,39106.74,39049.74,39076.49,4089,120
1709006400,39076.74,39096.74,39054.99,39082.24,4625,120
1709020800,39082.24,39128.59,39073.49,39112.59,6547,100
1709035200,39112.59,39137.09,39060.59,39085.59,7845,100
1709049600,39085.59,39087.59,38902.34,38915.34,28126,50
1709064000,38912.84,39016.34,38896.34,38979.49,20116,50
1709078400,38948.85,38957.85,38937.35,38953.6,3122,120
1709092800,38953.1,38969.6,38946.35,38953.1,3522,120
1709107200,38952.85,38954.45,38815.95,38823.95,7725,100
1709121600,38822.95,38909.2,38816.95,38883.95,10224,100
1709136000,38884.95,38955.7,38758.95,38889.2,23886,50
1709150400,38889.2,38968.6,38802.6,38849.1,19193,50
1709164800,38869.46,38911.71,38857.96,38906.21,3978,120
1709179200,38906.71,38958.21,38906.46,38944.96,4726,120
1709193600,38945.21,38945.21,38792.56,38829.06,9670,100
1709208000,38828.06,39016.06,38808.06,39007.56,11185,100
1709222400,39007.56,39078.81,38809.56,38927.31,35102,50
1709236800,38925.81,39056.81,38889.31,38973.96,22173,50
1709251200,38981.42,39033.67,38944.67,39031.67,5076,120
1709265600,39031.42,39045.17,39016.17,39027.67,4339,120
1709280000,39028.17,39055.77,38967.77,38984.77,7370,100
1709294400,38985.77,38990.77,38892.77,38974.77,11108,100
1709308800,38974.52,39095.52,38851.02,39065.52,32593,50
1709323200,39066.52,39114.52,39040.52,39095.17,14803,50
1709510400,39088.99,39097.24,39060.74,39071.24,3918,120
1709524800,39071.24,39073.24,39048.74,39052.24,2931,120
1709539200,39051.99,39066.84,39032.34,39044.84,5566,100
1709553600,39044.34,39047.34,38910.84,38916.34,7562,100
1709568000,38916.34,39088.59,38883.84,39060.84,27424,50
1709582400,39060.59,39103.09,38959.49,38969.24,19875,50
1709596800,38965.36,38972.36,38942.61,38962.11,4123,120
1709611200,38962.86,38965.36,38919.86,38925.61,3718,120
1709625600,38925.86,38963.46,38895.46,38942.46,7187,100
1709640000,38943.46,38975.96,38844.96,38875.46,8311,100
1709654400,38877.46,38903.96,38665.71,38706.96,34818,50
1709668800,38706.71,38728.21,38464.21,38611.36,28967,50
1709683200,38585.25,38606.75,38560.25,38576.0,3738,120
1709697600,38576.25,38594.25,38572.75,38578.75,3881,120
1709712000,38578.25,38679.1,38574.75,38669.85,6709,100
1709726400,38670.6,38772.35,38643.35,38770.85,10210,100
1709740800,38770.85,38876.6,38693.6,38780.1,36314,50
1709755200,38780.6,38816.1,38576.1,38690.25,34320,50
1709769600,38692.32,38692.32,38593.32,38597.07,5835,120
1709784000,38597.57,38655.07,38575.82,38634.57,5849,120
1709798400,38634.32,38658.32,38523.42,38642.67,10046,100
1709812800,38643.17,38793.17,38643.17,38776.42,10492,100
1709827200,38775.92,38919.17,38730.67,38788.67,34816,50
1709841600,38788.17,38890.92,38727.17,38800.07,25303,50
1709856000,38800.07,38800.07,38754.63,38770.38,4534,120
1709870400,38770.38,38793.63,38747.88,38781.88,4570,120
1709884800,38781.88,38825.23,38738.48,38751.23,8745,100
1709899200,38750.98,38832.23,38602.48,38793.73,14070,100
1709913600,38794.23,38977.23,38728.23,38787.23,43949,50
1709928000,38787.48,38930.98,38700.98,38726.13,30439,50
1710115200,38774.38,38775.13,38697.63,38730.13,13607,120
1710129600,38730.13,38733.38,38662.38,38706.13,8578,120
1710144000,38706.13,38718.23,38568.23,38604.48,21607,100
1710158400,38604.48,38713.98,38554.23,38620.48,32334,50
1710172800,38620.98,38783.23,38487.98,38758.98,53178,50
1710187200,38759.48,38810.48,38725.23,38799.38,27864,50
1710201600,38819.04,38838.54,38808.04,38821.29,7607,120
1710216000,38821.29,38861.54,38814.54,38860.04,5107,120
1710230400,38860.04,38861.04,38753.14,38754.14,12640,100
1710244800,38754.14,38930.39,38652.64,38885.39,30546,50
1710259200,38885.39,39085.64,38824.64,39007.39,54722,50
1710273600,39007.14,39089.39,38999.89,39009.04,24605,50
1710288000,39004.45,39046.95,38994.7,39002.45,6100,120
1710302400,39002.7,39037.45,38978.95,39031.7,6834,120
1710316800,39031.7,39061.8,39012.05,39046.55,12530,100
1710331200,39046.55,39122.05,39032.8,39103.8,18148,50
1710345600,39102.8,39234.55,39087.8,39170.3,35096,50
1710360000,39169.8,39174.8,38957.3,39104.2,22106,50
1710374400,39112.39,39119.39,39079.89,39102.39,6165,120
1710388800,39102.39,39111.39,39085.64,39110.39,4783,120
1710403200,39110.39,39209.24,39106.39,39190.99,11412,100
1710417600,39190.99,39247.49,38902.24,38906.99,25173,50
1710432000,38908.24,39025.74,38781.24,38902.24,55126,50
1710446400,38901.24,38943.24,38686.49,38899.39,30540,0
1710460800,38897.31,38905.31,38850.81,38884.81,7868,120
1710475200,38884.81,38898.81,38863.31,38874.81,6982,120
1710489600,38874.81,38963.91,38858.41,38953.66,12533,100
1710504000,38953.66,38981.91,38725.16,38753.16,26186,50
1710518400,38753.16,38870.66,38603.91,38710.66,53111,50
1710532800,38710.66,38767.66,38663.66,38693.81,28244,50
1710720000,38696.63,38734.13,38675.63,38723.13,7834,120
1710734400,38722.88,38761.63,38716.13,38758.63,5718,120
1710748800,38758.63,38768.73,38664.23,38717.23,9895,100
1710763200,38717.23,38890.98,38679.23,38806.48,20206,50
1710777600,38806.98,38912.48,38797.48,38841.48,41573,50
1710792000,38841.48,38901.98,38768.63,38798.13,22578,50
1710806400,38811.06,38838.31,38760.56,38773.56,8706,120
1710820800,38773.56,38813.56,38760.31,38810.81,10000,120
1710835200,38810.56,38831.16,38741.16,38745.66,14072,100
1710849600,38745.66,38880.41,38697.66,38860.41,23988,50
1710864000,38861.41,39127.41,38854.66,39052.91,39249,50
1710878400,39052.41,39137.41,39009.41,39117.06,22028,50
1710892800,39119.99,39136.99,39100.99,39107.99,4848,120
1710907200,39107.99,39120.99,39103.99,39112.49,4124,120
1710921600,39112.49,39147.59,39078.84,39093.09,9814,100
1710936000,39093.09,39116.59,39013.59,39087.34,15212,50
1710950400,39085.84,39190.84,39080.84,39117.59,29245,50
1710964800,39117.59,39575.24,39116.59,39558.49,39451,50
1710979200,39569.42,39622.42,39543.92,39610.42,8539,120
1710993600,39610.42,39667.42,39609.42,39666.67,6423,120
1711008000,39666.92,39706.02,39614.27,39631.27,12743,100
1711022400,39631.27,39802.77,39607.52,39801.52,20369,50
1711036800,39801.52,39911.02,39772.52,39837.27,40769,50
1711051200,39835.77,39871.17,39784.92,39856.42,23211,25
1711065600,39816.35,39858.35,39796.35,39812.85,7079,120
1711080000,39812.85,39840.35,39798.35,39830.85,7975,120
1711094400,39830.85,39848.45,39783.45,39839.95,11372,100
1711108800,39839.95,39868.45,39727.45,39740.2,20197,50
1711123200,39739.95,39755.2,39547.2,39616.7,32775,50
1711137600,39616.7,39625.7,39422.1,39427.35,20156,50
1711324800,39457.2,39467.2,39426.2,39449.7,7360,120
1711339200,39449.7,39451.2,39412.2,39415.95,6067,120
1711353600,39415.7,39473.55,39394.3,39406.3,9906,100
1711368000,39406.3,39445.3,39358.3,39395.3,18119,50
1711382400,39395.05,39408.05,39316.05,39329.55,30861,50
1711396800,39329.55,39372.05,39302.05,39331.45,14711,50
1711411200,39340.64,39375.14,39328.89,39364.64,6069,120
1711425600,39364.64,39368.64,39338.64,39360.14,5564,120
1711440000,39359.64,39416.99,39339.74,39413.74,9852,100
1711454400,39413.74,39436.99,39317.49,39337.99,18732,50
1711468800,39337.99,39448.99,39311.49,39392.99,28456,50
1711483200,39392.99,39425.74,39284.24,39371.89,16460,50
1711497600,39380.33,39420.08,39374.58,39420.08,5614,120
1711512000,39419.83,39475.58,39408.08,39457.58,5897,120
1711526400,39457.58,39470.68,39415.68,39455.68,10722,100
1711540800,39455.68,39613.18,39444.18,39604.93,17265,50
1711555200,39604.93,39606.43,39458.68,39542.93,34521,50
1711569600,39542.93,39814.08,39536.93,39776.83,21734,50
1711584000,39764.0,39775.0,39728.5,39755.0,8728,120
1711598400,39755.0,39769.0,39743.75,39764.5,5596,120
1711612800,39764.25,39797.35,39732.6,39774.6,9161,100
1711627200,39774.6,39875.1,39752.6,39790.85,19019,25
1711641600,39793.35,39823.35,39739.35,39806.35,28629,50
1711656000,39806.35,39879.35,39758.35,39778.0,19229,50
1711929600,39897.04,40023.54,39890.54,39981.04,7775,120
1711944000,39981.04,39992.79,39948.54,39992.79,6878,120
1711958400,39992.79,39993.29,39945.64,39963.39,5204,100
1711972800,39963.39,39966.39,39800.39,39832.14,7963,100
1711987200,39832.14,39849.64,39500.14,39561.14,38285,50
1712001600,39560.89,39597.64,39374.29,39439.29,26582,50
1712016000,39466.72,39468.97,39412.72,39445.72,5675,120
1712030400,39445.72,39460.22,39420.72,39429.72,7763,120
1712044800,39429.72,39476.32,39411.57,39435.82,15072,100
1712059200,39435.82,39466.82,39251.57,39253.82,17134,100
1712073600,39253.82,39265.82,39042.57,39116.82,44722,50
1712088000,39116.57,39215.07,39045.82,39183.72,23118,50
1712102400,39191.53,39194.78,39121.28,39130.03,5540,120
1712116800,39129.78,39138.03,39112.78,39127.53,8299,120
1712131200,39127.78,39174.13,39086.53,39150.13,14769,100
1712145600,39150.13,39205.63,39116.13,39141.63,15954,100
1712160000,39141.63,39309.63,39120.63,39225.38,41901,50
1712174400,39225.38,39252.38,39022.13,39175.78,30184,50
1712188800,39168.34,39237.09,39148.34,39178.84,5985,120
1712203200,39178.84,39226.34,39173.34,39219.84,5640,120
1712217600,39219.84,39267.19,39184.34,39244.69,12288,100
1712232000,39244.44,39359.44,39235.94,39352.19,13780,100
1712246400,39352.44,39427.69,39244.69,39310.19,30793,50
1712260800,39310.19,39322.69,38546.69,38592.59,49616,50
1712275200,38630.81,38650.56,38540.81,38598.31,11454,120
1712289600,38598.31,38623.31,38560.31,38612.31,10144,120
1712304000,38612.31,38666.91,38606.31,38649.91,16518,100
1712318400,38649.66,38747.41,38574.41,38654.91,21348,100
1712332800,38654.91,39045.66,38594.41,39038.16,57547,50
1712347200,39038.16,39041.91,38830.66,38889.81,44284,50
1712534400,39009.73,39034.98,38912.73,38943.98,6685,120
1712548800,38943.98,38962.23,38875.23,38897.48,9525,120
1712563200,38897.48,38973.83,38813.83,38878.83,17148,100
1712577600,38878.83,38988.83,38863.83,38978.83,17170,100
1712592000,38978.83,39027.58,38862.58,38957.58,48039,50
1712606400,38957.58,38987.58,38888.58,38935.23,29666,50
1712620800,38941.81,38952.81,38910.81,38912.81,3734,120
1712635200,38912.81,38925.06,38889.81,38920.81,5896,120
1712649600,38920.81,38930.81,38852.91,38880.91,12613,100
1712664000,38880.91,38980.91,38855.66,38954.91,17319,100
1712678400,38954.66,39004.91,38571.16,38730.91,52584,50
1712692800,38730.66,38983.31,38674.66,38923.56,39211,50
1712707200,38925.28,38944.28,38915.28,38938.28,3411,120
1712721600,38938.28,38940.03,38907.78,38930.03,4556,120
1712736000,38930.03,38974.38,38910.78,38964.88,11358,95
1712750400,38964.88,39046.38,38375.38,38468.63,23416,100
1712764800,38469.38,38594.13,38342.63,38442.38,60010,50
1712779200,38441.63,38505.88,38296.38,38431.53,48078,50
1712793600,38413.74,38427.24,38360.74,38403.74,7037,120
1712808000,38403.74,38475.74,38390.74,38475.74,7443,120
1712822400,38475.74,38478.24,38366.84,38367.34,16519,100
1712836800,38367.34,38506.34,38253.34,38472.34,29015,0
1712851200,38473.34,38551.84,38183.34,38336.09,57288,50
1712865600,38335.84,38590.34,38308.09,38463.99,41355,25
1712880000,38468.19,38499.69,38457.19,38490.69,5196,120
1712894400,38491.19,38501.69,38473.19,38483.69,5675,120
1712908800,38483.44,38553.29,38472.19,38500.79,14989,100
1712923200,38501.04,38512.79,38175.29,38177.54,23762,100
1712937600,38177.29,38273.04,37951.04,37951.29,47206,50
1712952000,37951.04,37997.54,37849.79,37961.94,32392,50
1713139200,38009.41,38099.16,37966.16,38052.16,14603,120
1713153600,38052.16,38092.66,37994.66,38087.66,9481,120
1713168000,38087.66,38170.76,38087.66,38089.76,19267,100
1713182400,38090.01,38315.76,38042.76,38267.76,21950,100
1713196800,38267.76,38373.51,37967.26,38001.01,57844,50
1713211200,38000.76,38038.76,37648.01,37720.66,52122,50
1713225600,37752.13,37765.13,37685.63,37723.63,7944,120
1713240000,37723.63,37731.63,37584.63,37657.13,12475,120
1713254400,37657.13,37717.23,37628.23,37696.23,22382,100
1713268800,37696.23,38026.23,37646.48,37967.23,26449,100
1713283200,37967.23,37988.98,37742.98,37857.23,60623,50
1713297600,37856.98,37982.48,37691.48,37820.88,46534,50
1713312000,37818.63,37904.58,37817.58,37845.58,6896,120
1713326400,37845.58,37890.08,37829.58,37879.58,8523,120
1713340800,37879.58,37963.18,37724.18,37937.68,22820,100
1713355200,37937.93,37989.68,37803.68,37821.68,20533,100
1713369600,37821.68,38005.68,37592.68,37650.93,62073,0
1713384000,37650.93,37948.18,37638.93,37728.83,50105,50
1713398400,37735.45,37765.2,37726.2,37758.45,5184,120
1713412800,37758.45,37813.95,37744.45,37796.45,7420,120
1713427200,37796.7,37849.05,37756.3,37775.55,16140,0
1713441600,37775.55,37862.55,37730.05,37822.8,19705,100
1713456000,37822.8,38067.3,37760.05,37778.8,57718,50
1713470400,37778.8,37843.8,37650.05,37752.7,49799,50
1713484800,37769.12,37774.62,37567.37,37586.37,9037,120
1713499200,37585.37,37600.37,37211.87,37466.37,36119,120
1713513600,37466.37,37651.47,37430.37,37601.47,24646,100
1713528000,37601.47,37790.47,37588.72,37740.47,26549,100
1713542400,37739.72,37981.72,37730.47,37951.72,62244,50
1713556800,37951.72,38091.47,37836.72,37958.62,48787,50
1713744000,38074.14,38122.89,38022.39,38034.39,10991,120
1713758400,38034.14,38074.89,38019.89,38065.89,13464,120
1713772800,38065.89,38163.99,38047.49,38105.99,16173,100
1713787200,38105.74,38218.49,38098.99,38172.99,18333,100
1713801600,38172.99,38209.49,37975.24,38198.24,49354,50
1713816000,38197.74,38447.74,38186.24,38259.64,40226,50
1713830400,38281.35,38284.85,38204.35,38272.35,7184,120
1713844800,38272.35,38273.6,38215.35,38242.6,8631,120
1713859200,38242.85,38320.45,38222.45,38250.95,14762,100
1713873600,38250.95,38361.7,38243.95,38354.45,17438,100
1713888000,38354.45,38511.2,38290.2,38482.45,49663,50
1713902400,38481.7,38562.45,38452.2,38526.35,35680,50
1713916800,38518.82,38534.82,38497.82,38532.82,5606,120
1713931200,38532.82,38573.57,38521.82,38554.82,5721,120
1713945600,38554.82,38580.82,38489.92,38507.92,13126,100
1713960000,38507.92,38533.17,38431.92,38445.92,18195,100
1713974400,38445.92,38524.67,38300.67,38383.42,53813,50
1713988800,38383.42,38549.17,38342.32,38386.57,46482,50
1714003200,38370.78,38423.28,38356.53,38418.03,6944,120
1714017600,38418.03,38421.28,38379.03,38389.28,6003,120
1714032000,38389.28,38410.38,38338.38,38360.38,14968,100
1714046400,38360.38,38361.38,38001.88,38026.38,22599,100
1714060800,38026.38,38044.38,37732.38,37982.63,56827,50
1714075200,37982.63,38192.28,37950.63,38134.03,38531,50
1714089600,38173.28,38173.28,38080.03,38107.78,7157,120
1714104000,38107.78,38142.28,38091.53,38126.78,7398,120
1714118400,38126.78,38174.88,38113.38,38142.88,12416,100
1714132800,38142.88,38259.38,38080.88,38126.88,19898,100
1714147200,38126.88,38299.13,38035.88,38299.13,54165,50
1714161600,38298.63,38327.13,38215.28,38221.78,29756,50
1714348800,38293.37,38360.37,38292.62,38354.62,3862,120
1714363200,38354.87,38379.37,38344.37,38366.37,6028,120
1714377600,38366.37,38369.12,38294.72,38298.47,9296,100
1714392000,38298.47,38325.97,38270.47,38315.47,10974,100
1714406400,38315.47,38404.47,38277.22,38354.22,40555,50
1714420800,38354.22,38405.47,38204.97,38371.37,33596,50
1714435200,38383.86,38384.36,38338.86,38341.86,2971,120
1714449600,38341.86,38353.36,38327.11,38340.86,3368,120
1714464000,38340.86,38376.21,38309.86,38325.96,9592,100
1714478400,38325.96,38389.46,38188.96,38214.21,16018,100
1714492800,38214.21,38275.71,37940.21,37979.71,50455,50
1714507200,37979.21,38067.71,37745.61,37787.11,43313,50
1714521600,37806.79,37823.79,37778.29,37806.29,6676,120
1714536000,37806.29,37849.79,37801.54,37844.29,4610,120
1714550400,37844.29,37844.29,37747.39,37781.39,7431,100
1714564800,37781.39,37796.39,37692.39,37762.39,15070,100
1714579200,37762.39,37953.64,37749.64,37896.64,35569,50
1714593600,37896.64,38350.64,37869.29,37950.04,49074,50
1714608000,37971.13,38059.38,37956.38,38045.88,6411,120
1714622400,38045.88,38080.63,38030.63,38053.63,6033,120
1714636800,38053.88,38081.73,37999.23,38013.73,13669,100
1714651200,38013.73,38148.73,38011.73,38090.73,16949,100
1714665600,38090.73,38152.73,37870.98,38038.48,52515,50
1714680000,38038.48,38471.38,38037.98,38463.63,44386,50
1714694400,38468.13,38529.02,38429.77,38467.02,6604,120
1714708800,38467.02,38480.27,38438.77,38442.02,4702,120
1714723200,38442.02,38499.62,38422.12,38480.12,9860,100
1714737600,38480.12,38770.37,38476.12,38705.12,18199,100
1714752000,38705.12,38795.12,38500.37,38640.87,55087,50
1714766400,38640.87,38728.87,38631.37,38669.02,26029,50
1714953600,38769.9,38770.4,38704.4,38719.9,4740,120
1714968000,38719.9,38733.65,38714.4,38715.4,3361,120
1714982400,38715.4,38754.25,38705.9,38748.25,7252,100
1714996800,38748.25,38853.5,38745.5,38841.5,8423,100
1715011200,38841.5,38884.0,38691.25,38760.75,25907,50
1715025600,38761.25,38866.75,38748.25,38847.15,19007,50
1715040000,38843.9,38874.76,38839.01,38869.76,3323,120
1715054400,38869.76,38883.76,38848.76,38872.76,4053,120
1715068800,38872.76,38929.86,38853.11,38927.86,8207,100
1715083200,38927.86,38944.86,38872.36,38891.86,10538,100
1715097600,38891.86,38990.36,38870.36,38902.36,25535,50
1715112000,38902.11,38955.61,38842.11,38873.26,22402,50
1715126400,38882.87,38899.12,38861.62,38891.62,3909,120
1715140800,38891.62,38898.12,38865.37,38874.12,3887,120
1715155200,38874.12,38924.47,38869.62,38887.22,8304,100
1715169600,38887.22,38923.22,38804.97,38830.22,11914,100
1715184000,38830.22,38990.97,38825.72,38970.47,34257,50
1715198400,38970.47,39104.97,38942.72,39066.87,25027,50
1715212800,39044.65,39075.15,39044.65,39055.15,3708,120
1715227200,39055.4,39062.15,39021.9,39023.15,4806,120
1715241600,39023.15,39030.15,38977.75,38980.25,8824,100
1715256000,38980.0,39026.25,38949.5,38993.25,14302,100
1715270400,38993.25,39273.75,38973.25,39259.5,36236,50
1715284800,39259.0,39454.15,39252.5,39427.9,24233,50
1715299200,39425.87,39464.87,39425.87,39457.87,3585,120
1715313600,39457.87,39462.87,39430.37,39453.62,4429,120
1715328000,39453.37,39504.97,39447.12,39502.22,9263,100
1715342400,39502.72,39539.72,39474.47,39486.97,10573,100
1715356800,39486.97,39585.22,39399.72,39494.72,39649,50
1715371200,39494.72,39543.22,39443.22,39503.37,22602,50
1715558400,39502.79,39525.54,39465.54,39521.04,3284,120
1715572800,39521.04,39538.04,39504.29,39531.54,4405,120
1715587200,39531.79,39567.64,39520.14,39535.89,7946,100
1715601600,39536.14,39620.64,39530.14,39604.14,8655,100
1715616000,39604.14,39666.39,39485.89,39486.64,32994,50
1715630400,39486.89,39486.89,39406.39,39439.04,24951,50
1715644800,39436.9,39464.65,39433.15,39447.4,2616,120
1715659200,39447.15,39454.9,39436.4,39444.4,4282,120
1715673600,39444.4,39475.0,39436.0,39469.5,7677,100
1715688000,39469.5,39518.0,39300.0,39482.75,15726,100
1715702400,39483.25,39562.75,39414.25,39426.25,43975,50
1715716800,39426.25,39629.25,39381.5,39576.4,25336,50
1715731200,39560.59,39597.84,39558.59,39587.34,3655,120
1715745600,39587.59,39620.34,39582.34,39585.34,4151,120
1715760000,39585.34,39602.44,39557.19,39584.69,8059,100
1715774400,39584.69,39790.69,39546.44,39726.69,16919,100
1715788800,39726.69,39868.19,39684.69,39858.19,35814,50
1715803200,39858.19,39958.19,39822.19,39926.09,21771,50
1715817600,39894.7,39972.95,39885.95,39972.7,5224,120
1715832000,39972.7,39988.2,39958.2,39972.7,5648,120
1715846400,39972.7,39974.45,39918.3,39930.8,9862,100
1715860800,39930.8,39950.8,39891.3,39903.3,11992,100
1715875200,39903.3,40056.05,39879.55,39997.55,32334,50
1715889600,39997.55,40009.05,39844.2,39858.2,28645,50
1715904000,39882.57,39899.07,39867.57,39894.57,3537,120
1715918400,39894.57,39900.57,39854.07,39860.82,4143,120
1715932800,39860.82,39897.17,39827.17,39847.92,9602,100
1715947200,39847.92,39908.67,39847.92,39905.67,10826,100
1715961600,39905.67,39938.42,39845.17,39935.42,31401,50
1715976000,39935.42,40016.07,39858.42,40010.82,22618,50
1716163200,40044.11,40070.86,40040.11,40066.61,4139,120
1716177600,40066.61,40075.11,40046.61,40053.11,4391,120
1716192000,40053.11,40059.61,40015.46,40028.71,6862,100
1716206400,40028.71,40063.21,40005.71,40020.71,7665,100
1716220800,40020.71,40095.71,39918.96,39992.71,28341,50
1716235200,39991.96,40009.96,39802.11,39826.36,23943,50
1716249600,39826.36,39838.97,39804.97,39821.47,2779,120
1716264000,39821.47,39842.97,39813.47,39842.47,4385,120
1716278400,39842.72,39855.57,39813.57,39831.07,7483,100
1716292800,39831.07,39858.07,39812.07,39838.07,9197,100
1716307200,39838.07,39907.82,39797.82,39835.32,26974,0
1716321600,39834.82,39921.82,39796.82,39883.47,19392,50
1716336000,39883.84,39916.34,39883.84,39905.34,2386,120
1716350400,39905.09,39926.34,39896.09,39902.84,3848,120
1716364800,39902.84,39912.84,39839.94,39864.44,8873,100
1716379200,39863.94,39872.44,39798.44,39829.44,11348,100
1716393600,39829.44,39904.19,39775.19,39850.69,25662,50
1716408000,39850.69,39874.19,39565.19,39617.34,36973,50
1716422400,39634.36,39640.61,39597.11,39622.11,4730,120
1716436800,39622.11,39759.11,39613.11,39734.11,7268,120
1716451200,39734.11,39736.86,39671.96,39677.21,9974,100
1716465600,39677.21,39779.71,39670.71,39744.21,10988,100
1716480000,39744.21,39751.21,39274.96,39279.96,48022,50
1716494400,39278.96,39316.46,39012.46,39038.11,46394,50
1716508800,39056.48,39083.73,39035.98,39080.48,3800,120
1716523200,39080.73,39110.48,39077.98,39088.48,4570,120
1716537600,39088.48,39120.08,39041.58,39115.58,9242,100
1716552000,39115.58,39146.58,39072.08,39110.08,11326,100
1716566400,39110.08,39218.33,39031.83,39117.83,40574,50
1716580800,39117.83,39165.58,39010.83,39057.48,17511,50
1716768000,39078.75,39092.25,39031.75,39051.75,3600,120
1716782400,39052.0,39066.25,39017.5,39049.75,4840,120
1716796800,39049.75,39078.6,39027.35,39029.85,6351,100
1716811200,39029.85,39067.35,39023.85,39038.35,4889,100
1716825600,39038.35,39140.1,39028.6,39138.85,7797,50
1716854400,39140.12,39144.12,39095.37,39101.12,3747,120
1716868800,39100.87,39126.12,39090.62,39111.37,4160,120
1716883200,39111.62,39147.22,39095.47,39105.47,9199,100
1716897600,39105.47,39118.22,39012.72,39058.47,12667,100
1716912000,39058.47,39061.22,38872.97,38879.97,39774,50
1716926400,38880.22,38906.37,38716.97,38849.12,36004,50
1716940800,38846.48,38848.23,38780.98,38792.48,3612,120
1716955200,38792.48,38801.48,38745.48,38767.98,7030,120
1716969600,38767.98,38771.98,38662.58,38697.58,15002,100
1716984000,38697.58,38712.58,38613.58,38616.58,14574,100
1716998400,38616.58,38627.33,38434.33,38517.83,32463,50
1717012800,38517.83,38540.33,38156.48,38177.73,23309,50
1717027200,38173.51,38195.01,38148.51,38166.76,5664,120
1717041600,38166.76,38183.01,38102.01,38112.51,7298,120
1717056000,38112.51,38133.61,38049.61,38129.86,13367,100
1717070400,38129.86,38143.11,38075.36,38124.11,13553,100
1717084800,38125.11,38203.61,38019.61,38197.11,38117,100
1717099200,38198.61,38221.61,38032.11,38111.76,30157,100
1717113600,38120.28,38124.78,38053.78,38088.78,7077,120
1717128000,38088.78,38128.78,38076.78,38113.28,8656,120
1717142400,38113.28,38164.88,38107.28,38133.38,11584,100
1717156800,38133.63,38246.38,38049.88,38218.88,16795,100
1717171200,38218.88,38283.13,38092.63,38221.63,49112,25
1717185600,38221.63,38722.28,38221.38,38706.53,33868,50
1717372800,38755.22,38815.97,38686.47,38801.72,8481,120
1717387200,38801.72,38835.22,38774.47,38822.72,7605,120
1717401600,38822.72,38832.82,38653.82,38703.57,15002,100
1717416000,38703.82,38723.57,38651.32,38693.82,13788,100
1717430400,38693.82,38756.82,38257.57,38307.57,55696,50
1717444800,38308.57,38600.72,38250.57,38574.72,30114,50
1717459200,38579.33,38604.08,38559.58,38597.08,4806,120
1717473600,38597.58,38600.08,38560.58,38572.58,6910,120
1717488000,38572.58,38578.58,38401.18,38410.68,15255,100
1717502400,38410.68,38500.68,38347.18,38499.18,17454,100
1717516800,38499.18,38690.43,38411.68,38585.43,39047,50
1717531200,38585.43,38801.43,38544.43,38725.08,29390,50
1717545600,38732.18,38785.43,38717.43,38774.43,4654,120
1717560000,38774.43,38806.93,38770.68,38799.93,6499,120
1717574400,38799.93,38817.93,38749.53,38762.53,10480,100
1717588800,38762.53,38832.03,38746.03,38825.53,10252,100
1717603200,38825.53,38846.03,38558.28,38748.03,42874,50
1717617600,38748.03,38865.78,38706.28,38806.43,30357,50
1717632000,38794.08,38841.83,38793.83,38829.83,4799,120
1717646400,38829.83,38842.58,38812.83,38814.33,6449,120
1717660800,38814.33,38815.93,38770.43,38785.93,9784,100
1717675200,38785.93,38817.43,38765.43,38808.93,11644,100
1717689600,38808.93,39026.93,38748.68,38847.68,42774,50
1717704000,38847.68,38924.68,38745.18,38898.58,30978,50
1717718400,38914.52,38934.77,38899.52,38925.02,2885,120
1717732800,38925.02,38956.52,38920.52,38956.02,4975,120
1717747200,38955.77,38985.52,38865.12,38878.12,8830,100
1717761600,38878.12,38921.37,38658.12,38753.12,17336,100
1717776000,38751.12,39115.87,38739.87,38979.87,52123,50
1717790400,38978.87,39021.37,38784.52,38800.52,38324,50
1717977600,38786.96,38850.21,38776.46,38806.96,3877,120
1717992000,38806.96,38827.71,38792.46,38805.96,2856,120
1718006400,38805.96,38811.46,38685.06,38701.06,13332,100
1718020800,38701.06,38795.06,38674.56,38742.06,12153,100
1718035200,38742.06,38868.31,38674.31,38776.56,37852,50
1718049600,38776.56,38898.31,38741.31,38857.21,32383,50
1718064000,38864.63,38877.13,38816.13,38818.13,3019,120
1718078400,38817.13,38844.13,38814.13,38833.13,3899,120
1718092800,38833.13,38891.73,38791.23,38797.23,9315,100
1718107200,38797.23,38812.23,38704.48,38738.23,16667,100
1718121600,38738.23,38766.98,38442.48,38605.98,46025,50
1718136000,38605.48,38773.98,38572.98,38732.63,34845,50
1718150400,38738.31,38760.31,38717.81,38736.06,2861,120
1718164800,38735.81,38768.81,38731.31,38768.31,3080,120
1718179200,38768.31,38822.16,38766.81,38796.41,9083,100
1718193600,38795.66,39130.41,38776.41,39106.91,14498,100
1718208000,39106.91,39158.41,38775.16,38805.66,48482,50
1718222400,38805.66,38872.66,38625.91,38711.81,46757,50
1718236800,38703.98,38713.48,38687.98,38700.48,3611,120
1718251200,38700.23,38714.48,38688.23,38702.48,3607,120
1718265600,38702.73,38705.08,38593.33,38612.58,8699,100
1718280000,38612.58,38735.33,38559.58,38665.58,15402,100
1718294400,38665.33,38666.58,38409.33,38513.33,50137,50
1718308800,38513.58,38722.33,38503.58,38619.98,33669,50
1718323200,38611.98,38632.48,38595.73,38616.98,4601,120
1718337600,38617.23,38645.98,38615.48,38636.48,5665,120
1718352000,38636.48,38649.98,38449.58,38451.58,16577,100
1718366400,38451.08,38469.33,38282.08,38379.08,31239,100
1718380800,38378.58,38588.33,38299.83,38571.58,54057,50
1718395200,38571.58,38596.33,38455.83,38584.48,36056,50
1718582400,38558.4,38585.4,38554.9,38559.9,5597,120
1718596800,38559.15,38568.9,38526.15,38551.4,5932,120
1718611200,38551.9,38614.5,38502.75,38516.0,19961,100
1718625600,38515.25,38541.0,38452.5,38496.0,17520,100
1718640000,38496.0,38727.0,38426.25,38687.0,54021,50
1718654400,38686.75,38858.75,38674.75,38816.9,43980,50
1718668800,38830.0,38869.0,38828.5,38842.5,3900,120
1718683200,38842.5,38844.0,38809.5,38821.0,5857,120
1718697600,38821.0,38855.1,38741.35,38774.1,11171,100
1718712000,38774.1,38840.6,38761.35,38787.35,13671,100
1718726400,38787.35,38959.35,38742.85,38799.35,45438,50
1718740800,38799.35,38872.85,38761.85,38858.75,26462,50
1718755200,38851.83,38882.58,38836.83,38839.33,3039,120
1718769600,38838.83,38846.58,38822.08,38826.08,3887,120
1718784000,38826.58,38861.68,38818.18,38830.68,8018,100
1718798400,38830.68,38857.68,38824.18,38833.43,6375,100
1718812800,38833.43,38852.68,38783.68,38800.18,9619,50
1718841600,38823.19,38824.19,38777.69,38818.69,2449,120
1718856000,38819.19,38842.44,38803.69,38838.19,4554,120
1718870400,38837.44,38926.29,38837.44,38881.29,10929,100
1718884800,38881.29,38923.79,38823.04,38829.29,12002,100
1718899200,38829.29,39048.54,38786.29,39034.79,46861,50
1718913600,39034.54,39269.54,39003.04,39147.69,38803,50
1718928000,39176.29,39182.79,39133.29,39138.79,4116,120
1718942400,39139.29,39175.29,39126.79,39174.29,5361,120
1718956800,39174.54,39188.29,39074.89,39121.89,11732,100
1718971200,39121.89,39171.89,39065.14,39146.89,12628,100
1718985600,39146.89,39275.14,39070.14,39157.64,48990,50
1719000000,39157.64,39207.39,39116.14,39153.29,30626,50
1719187200,39199.95,39208.95,39171.7,39173.2,2784,120
1719201600,39172.7,39176.2,39072.7,39114.2,8670,120
1719216000,39113.7,39275.8,39113.7,39260.8,9758,100
1719230400,39260.05,39327.8,39254.8,39268.8,11177,100
1719244800,39268.3,39607.55,39228.05,39494.05,46742,50
1719259200,39494.8,39513.05,39389.55,39467.7,36162,50
1719273600,39474.82,39497.32,39463.82,39480.32,3043,120
1719288000,39480.57,39533.82,39469.82,39529.32,5016,120
1719302400,39530.07,39543.32,39398.17,39423.42,10493,100
1719316800,39423.67,39454.17,39363.42,39386.42,11596,100
1719331200,39386.42,39457.67,39010.17,39070.17,48311,50
1719345600,39070.17,39184.17,39056.42,39108.32,29939,50
1719360000,39089.93,39120.93,39084.93,39118.93,3077,120
1719374400,39118.93,39145.68,39115.93,39139.43,5468,120
1719388800,39139.43,39180.03,39128.28,39144.03,8368,100
1719403200,39144.03,39160.53,39023.28,39036.28,10424,100
1719417600,39038.03,39192.78,38928.03,39177.53,45583,50
1719432000,39177.28,39207.78,39102.43,39106.93,32521,50
1719446400,39096.51,39118.51,39017.76,39036.51,4669,120
1719460800,39036.51,39076.01,39033.51,39075.26,5750,120
1719475200,39075.51,39123.61,39058.86,39072.86,9319,100
1719489600,39072.86,39115.61,39069.61,39090.11,11011,100
1719504000,39089.61,39275.36,39044.61,39209.86,47906,50
1719518400,39208.86,39273.86,39040.36,39152.51,32568,50
1719532800,39130.36,39165.11,39120.86,39138.11,2844,120
1719547200,39138.11,39202.61,39134.36,39177.61,4986,120
1719561600,39177.61,39230.96,39166.21,39209.21,8448,100
1719576000,39209.21,39236.46,39174.96,39193.21,11870,100
1719590400,39193.21,39453.46,39102.21,39174.46,51241,50
1719604800,39174.46,39209.71,38920.46,39120.86,34358,50
1719792000,39175.01,39188.51,39136.01,39183.01,5310,120
1719806400,39183.01,39187.01,39161.01,39162.26,5232,120
1719820800,39162.51,39239.11,39138.36,39190.61,11680,100
1719835200,39190.36,39240.11,39159.36,39172.11,9215,100
1719849600,39172.11,39457.36,39040.36,39194.36,51092,50
1719864000,39193.86,39209.36,39069.86,39148.76,29880,50
1719878400,39156.14,39170.64,39113.89,39131.64,4250,120
1719892800,39131.39,39140.14,39104.39,39121.14,6699,120
1719907200,39121.14,39141.14,39005.74,39070.74,11825,100
1719921600,39071.74,39081.74,38999.74,39079.74,11263,100
1719936000,39079.74,39223.99,39046.49,39103.99,43022,50
1719950400,39103.99,39355.14,39094.24,39315.64,21728,50
1719964800,39320.18,39346.68,39308.18,39334.68,3021,120
1719979200,39334.68,39335.18,39304.68,39321.43,5220,120
1719993600,39321.68,39403.28,39307.68,39395.53,8352,100
1720008000,39395.28,39423.28,39324.53,39337.28,8507,100
1720022400,39337.28,39431.28,39237.03,39306.03,48188,50
1720036800,39307.53,39323.53,39290.53,39304.53,1833,50
1720051200,39322.59,39341.34,39300.09,39302.34,2483,120
1720065600,39302.09,39321.34,39300.34,39313.34,4122,120
1720080000,39312.84,39393.94,39297.94,39382.94,6353,100
1720094400,39383.94,39433.94,39376.94,39433.69,4843,100
1720108800,39433.94,39455.44,39305.19,39353.19,7563,50
1720137600,39346.43,39355.18,39314.18,39335.43,3161,120
1720152000,39335.43,39352.68,39327.68,39348.68,4440,120
1720166400,39348.68,39371.78,39303.78,39321.78,7889,100
1720180800,39321.78,39382.78,39242.28,39325.78,11611,100
1720195200,39325.78,39349.03,39155.78,39255.03,45366,50
1720209600,39255.03,39397.53,39236.03,39362.18,22796,50
1720396800,39318.45,39355.7,39302.95,39304.95,4160,120
1720411200,39304.95,39326.2,39295.7,39305.2,4645,120
1720425600,39305.2,39410.8,39280.8,39388.8,9263,100
1720440000,39388.8,39469.8,39362.55,39465.3,7561,100
1720454400,39465.3,39690.05,39295.8,39332.55,45959,50
1720468800,39332.55,39365.2,39278.55,39356.2,25507,50
1720483200,39354.2,39405.7,39346.45,39383.2,3806,120
1720497600,39383.2,39416.7,39376.2,39414.7,4657,120
1720512000,39414.7,39418.2,39340.8,39397.8,8100,100
1720526400,39397.8,39405.8,39330.3,39346.8,7019,100
1720540800,39346.8,39459.55,39139.55,39455.55,46312,50
1720555200,39455.55,39505.55,39243.55,39285.95,28464,50
1720569600,39285.95,39290.7,39266.45,39288.45,2450,120
1720584000,39288.45,39292.45,39261.7,39277.2,3643,120
1720598400,39276.95,39291.05,39248.45,39291.05,7743,100
1720612800,39291.55,39331.3,39272.05,39301.8,6555,100
1720627200,39302.05,39504.8,39256.8,39492.3,48522,50
1720641600,39492.3,39754.45,39481.8,39701.45,30434,50
1720656000,39701.79,39731.04,39688.54,39695.04,3134,120
1720670400,39695.04,39737.04,39695.04,39733.04,3995,120
1720684800,39733.04,39746.04,39692.64,39707.64,6703,100
1720699200,39707.64,39859.64,39658.64,39697.64,12542,100
1720713600,39697.64,39896.39,39634.14,39752.39,64710,50
1720728000,39752.89,39830.89,39711.39,39804.29,40799,50
1720742400,39804.54,39850.66,39785.16,39817.16,5909,120
1720756800,39817.16,39825.91,39795.41,39817.66,5909,120
1720771200,39817.91,39853.26,39807.16,39840.26,9209,100
1720785600,39840.26,39905.76,39727.76,39871.51,13595,100
1720800000,39871.26,40124.01,39809.51,40120.51,49111,50
1720814400,40121.51,40275.51,39982.66,40029.16,33223,50
1721001600,40084.83,40102.83,40061.08,40091.08,6595,120
1721016000,40091.08,40109.08,40084.08,40104.58,6060,120
1721030400,40104.58,40213.18,40098.58,40212.18,8088,100
1721044800,40211.18,40304.93,40207.68,40244.18,9566,100
1721059200,40244.18,40376.43,40155.43,40250.43,52289,50
1721073600,40250.93,40358.93,40152.68,40268.83,41986,50
1721088000,40283.7,40312.7,40282.7,40300.45,3545,120
1721102400,40300.2,40314.7,40286.7,40302.7,6022,120
1721116800,40302.7,40310.2,40187.3,40260.8,10150,100
1721131200,40260.55,40395.3,40200.8,40386.55,14264,100
1721145600,40386.55,40886.55,40374.05,40879.05,52516,50
1721160000,40879.05,41029.05,40794.05,40989.7,37135,50
1721174400,41008.82,41030.07,40987.07,41002.32,3837,120
1721188800,41002.32,41038.32,40998.82,41018.07,6612,120
1721203200,41018.32,41024.07,40863.17,40918.42,17069,100
1721217600,40918.42,40943.42,40832.17,40849.42,16121,100
1721232000,40849.17,41239.67,40839.92,41228.67,60728,50
1721246400,41229.67,41281.07,41126.42,41280.32,45573,50
1721260800,41275.42,41340.92,41275.42,41326.92,5243,120
1721275200,41326.92,41354.42,41309.17,41319.92,6742,120
1721289600,41319.92,41320.42,41178.02,41205.77,14936,100
1721304000,41206.02,41225.02,41138.02,41139.02,13343,100
1721318400,41139.02,41414.77,40875.77,40951.77,63677,50
1721332800,40952.27,40985.27,40629.27,40715.42,53007,50
1721347200,40719.93,40748.93,40708.68,40732.93,5044,120
1721361600,40733.43,40741.93,40704.93,40717.43,6789,120
1721376000,40717.43,40742.03,40555.78,40595.28,21387,100
1721390400,40597.03,40668.03,40561.03,40632.53,21457,100
1721404800,40632.03,40637.53,40223.53,40271.03,65825,25
1721419200,40271.28,40398.28,40210.28,40308.43,44529,50
1721606400,40341.89,40412.64,40317.14,40387.64,8685,120
1721620800,40388.14,40391.39,40291.64,40339.64,11360,120
1721635200,40339.64,40401.74,40314.74,40374.74,14196,100
1721649600,40374.74,40412.49,40352.74,40372.24,9867,100
1721664000,40370.99,40499.99,40243.24,40394.49,63132,50
1721678400,40394.24,40479.99,40372.99,40439.64,43975,50
1721692800,40450.51,40475.26,40415.76,40427.51,4642,120
1721707200,40427.76,40446.01,40390.01,40419.26,7344,120
1721721600,40419.76,40442.11,40352.86,40429.36,14363,100
1721736000,40430.11,40515.36,40417.36,40442.36,11222,100
1721750400,40442.11,40556.36,40339.11,40406.61,48669,50
1721764800,40406.61,40525.11,40328.26,40361.76,32685,50
1721779200,40296.65,40335.9,40282.65,40327.9,7404,120
1721793600,40328.9,40334.4,40200.15,40244.9,7649,120
1721808000,40245.9,40283.0,40137.75,40204.0,16424,100
1721822400,40204.75,40247.0,40155.5,40180.0,14019,100
1721836800,40180.0,40286.25,39962.25,40029.25,60562,50
1721851200,40029.25,40101.25,39820.25,39961.9,32924,50
1721865600,39980.01,39995.51,39953.51,39982.51,7129,120
1721880000,39981.51,39988.51,39918.51,39963.01,12209,120
1721894400,39963.76,40020.61,39846.61,40005.61,28689,100
1721908800,40005.86,40015.61,39828.61,39940.61,28295,100
1721923200,39940.61,40397.36,39847.61,40349.61,52313,50
1721937600,40350.11,40458.36,39933.51,40017.26,41170,50
1721952000,40034.64,40086.14,40012.14,40062.14,7159,120
1721966400,40061.14,40130.64,40057.14,40121.14,6591,120
1721980800,40121.14,40179.74,40069.74,40176.24,16307,100
1721995200,40176.24,40276.24,40143.24,40210.24,17234,100
1722009600,40209.99,40763.99,40173.74,40758.74,51637,50
1722024000,40759.49,40774.49,40523.49,40615.64,36634,50
1722211200,40702.56,40828.06,40669.81,40800.81,8162,120
1722225600,40801.06,40814.31,40766.81,40773.06,9027,120
1722240000,40772.81,40799.06,40663.16,40728.16,14415,100
1722254400,40728.16,40850.16,40693.66,40779.16,13468,100
1722268800,40779.16,40779.16,40407.41,40612.41,62379,50
1722283200,40612.41,40675.41,40548.06,40568.06,48125,50
1722297600,40588.43,40605.18,40474.43,40516.68,5880,120
1722312000,40516.68,40564.18,40455.68,40562.68,8756,120
1722326400,40562.68,40659.78,40544.78,40609.78,13705,100
1722340800,40609.28,40657.78,40526.78,40537.78,11103,100
1722355200,40536.78,40808.53,40534.78,40595.03,63877,50
1722369600,40595.03,40901.78,40516.18,40581.18,57569,50
1722384000,40588.59,40671.34,40566.34,40642.09,9923,120
1722398400,40642.34,40708.59,40622.34,40692.34,10527,120
1722412800,40692.34,40966.44,40687.34,40943.19,19349,100
1722427200,40942.44,40951.69,40782.44,40864.19,17186,100
1722441600,40864.69,41081.69,40675.44,41024.69,51361,50
1722456000,41024.69,41238.69,40841.69,40893.84,53105,50
1722470400,40913.46,40981.96,40899.46,40920.71,9537,120
1722484800,40920.71,40983.96,40912.96,40974.21,12680,120
1722499200,40974.96,41007.96,40796.06,40843.56,20371,100
1722513600,40844.31,40984.56,40836.06,40961.31,18361,100
1722528000,40961.06,41124.56,40281.81,40312.56,72279,50
1722542400,40312.56,40363.56,40105.31,40249.96,62316,50
1722556800,40247.96,40275.54,40158.54,40199.79,15893,120
1722571200,40199.79,40249.54,40073.29,40151.54,15664,120
1722585600,40151.54,40182.79,40011.14,40134.14,29786,100
1722600000,40133.39,40137.14,39775.14,39861.14,30285,100
1722614400,39861.14,40063.89,39344.14,39555.89,70453,50
1722628800,39555.39,39719.54,39402.64,39700.54,45313,50
1722816000,39464.39,39594.64,39310.64,39384.14,16561,120
1722830400,39383.14,39525.64,39325.64,39400.14,20993,120
1722844800,39400.64,39490.14,39018.39,39109.74,43364,100
1722859200,39109.74,39156.24,38387.74,38496.24,36319,300
1722873600,38496.24,39015.24,38469.74,38803.24,78371,300
1722888000,38804.24,38890.24,38565.49,38854.49,65155,300
1722902400,38878.53,39059.78,38856.78,39048.28,13772,120
1722916800,39048.28,39134.03,38951.28,39056.28,14058,120
1722931200,39056.53,39127.28,38836.88,38869.63,32146,100
1722945600,38869.63,39043.63,38754.88,38841.88,31630,100
1722960000,38841.88,39276.38,38614.13,39232.63,68387,50
1722974400,39232.63,39452.63,38834.03,38904.53,58253,50
1722988800,38887.12,39036.37,38887.12,39018.62,12915,120
1723003200,39017.62,39299.62,38992.87,39290.12,13193,120
1723017600,39290.12,39306.87,39127.22,39282.22,23605,100
1723032000,39281.97,39370.72,39266.47,39316.72,22455,100
1723046400,39314.22,39475.97,39049.97,39078.47,60732,50
1723060800,39078.47,39104.47,38612.87,38640.37,60859,50
1723075200,38725.0,38743.5,38554.75,38676.25,13772,120
1723089600,38676.25,38809.75,38669.75,38761.75,12688,120
1723104000,38762.5,38840.6,38592.6,38724.35,23306,100
1723118400,38724.35,38974.35,38594.1,38903.35,23205,100
1723132800,38903.35,39370.1,38883.85,39279.6,58008,50
1723147200,39279.6,39526.5,39214.1,39484.5,48958,50
1723161600,39464.25,39531.75,39387.5,39443.5,11791,120
1723176000,39443.5,39513.5,39376.0,39391.0,11560,120
1723190400,39390.25,39574.6,39368.5,39560.6,19547,100
1723204800,39560.35,39567.35,39327.1,39375.1,18422,100
1723219200,39375.1,39514.35,39213.35,39463.35,55775,50
1723233600,39463.85,39627.85,39379.35,39489.0,40393,50
1723420800,39508.62,39534.87,39411.62,39466.87,8040,120
1723435200,39465.37,39524.87,39446.87,39505.87,5914,120
1723449600,39505.87,39567.97,39473.22,39483.97,10335,100
1723464000,39483.97,39614.97,39481.97,39566.97,9412,100
1723478400,39567.47,39592.97,39243.72,39338.22,53904,50
1723492800,39338.22,39421.72,39263.97,39365.37,38292,50
1723507200,39387.01,39426.01,39362.76,39409.51,6815,120
1723521600,39409.51,39444.26,39372.01,39438.01,8173,120
1723536000,39438.01,39523.11,39411.01,39447.61,12975,100
1723550400,39447.61,39530.11,39227.86,39485.61,18021,100
1723564800,39484.61,39743.36,39387.36,39717.36,51294,50
1723579200,39717.36,39806.11,39612.36,39754.01,35489,50
1723593600,39771.14,39777.64,39743.39,39761.64,5602,120
1723608000,39761.39,39796.39,39732.14,39784.64,9265,120
1723622400,39783.64,39831.99,39777.64,39829.74,10963,100
1723636800,39829.74,39855.99,39679.49,39807.74,14804,100
1723651200,39807.74,40065.99,39734.99,39997.74,54785,50
1723665600,39997.99,40080.99,39933.49,40058.14,40448,50
1723680000,40052.35,40066.6,40005.35,40056.35,5501,120
1723694400,40056.6,40102.35,40047.35,40081.35,6428,120
1723708800,40081.35,40125.45,40052.45,40088.45,9358,100
1723723200,40088.45,40415.45,40009.45,40400.45,16526,0
1723737600,40400.45,40556.2,40299.95,40508.7,47307,50
1723752000,40508.7,40613.35,40468.7,40592.35,30618,50
1723766400,40566.26,40629.76,40566.26,40601.76,6681,120
1723780800,40600.76,40633.76,40587.76,40619.76,5118,120
1723795200,40619.76,40656.11,40589.61,40600.86,9568,100
1723809600,40601.11,40620.61,40421.36,40446.86,16154,100
1723824000,40446.86,40719.11,40440.86,40702.11,50231,50
1723838400,40702.11,40730.86,40647.11,40665.01,27737,50
1724025600,40697.02,40749.02,40695.02,40730.02,7003,120
1724040000,40730.02,40731.52,40663.02,40676.02,6297,120
1724054400,40676.02,40719.62,40625.12,40716.12,11997,100
1724068800,40716.12,40716.37,40660.12,40700.12,9004,100
1724083200,40700.12,40935.87,40688.37,40917.37,43929,50
1724097600,40916.87,40918.87,40814.87,40868.27,29461,50
1724112000,40920.43,40920.43,40881.68,40892.68,2905,120
1724126400,40892.68,40925.68,40875.68,40910.68,4159,120
1724140800,40910.68,40974.78,40879.78,40921.78,8106,100
1724155200,40921.78,40928.78,40863.78,40878.28,7358,100
1724169600,40878.78,40916.03,40767.03,40850.03,46529,50
1724184000,40850.03,40930.03,40796.03,40855.68,33211,50
1724198400,40862.82,40907.32,40847.32,40901.32,3492,120
1724212800,40900.32,40914.32,40876.07,40914.32,3840,120
1724227200,40914.32,40923.67,40871.42,40880.92,7020,100
1724241600,40880.92,40931.17,40871.92,40915.42,6790,100
1724256000,40915.42,40994.67,40748.67,40871.67,54063,50
1724270400,40871.67,40942.17,40822.17,40909.82,39229,50
1724284800,40920.21,40949.46,40903.96,40928.96,2948,120
1724299200,40928.96,40931.96,40866.71,40876.96,4418,120
1724313600,40876.96,40965.81,40873.96,40950.06,5461,100
1724328000,40950.06,40971.06,40896.31,40956.06,7791,100
1724342400,40956.06,41059.56,40702.31,40718.31,57183,50
1724356800,40718.31,40762.96,40589.31,40745.46,48827,50
1724371200,40761.61,40806.61,40757.36,40788.36,3809,120
1724385600,40788.36,40827.36,40778.61,40817.61,4310,120
1724400000,40817.61,40863.71,40814.71,40862.46,5267,100
1724414400,40861.71,40932.71,40847.71,40928.71,6678,100
1724428800,40928.46,41216.96,40837.96,40983.96,60580,50
1724443200,40983.96,41216.96,40967.21,41169.11,35935,50
1724630400,41206.06,41251.56,41156.81,41204.06,6945,120
1724644800,41204.06,41221.56,41160.31,41170.06,5206,120
1724659200,41170.06,41252.66,41159.06,41235.16,6831,100
1724673600,41235.16,41277.16,41202.66,41274.16,9503,100
1724688000,41274.16,41448.41,41193.41,41308.16,52325,50
1724702400,41308.41,41332.91,41155.41,41228.56,38025,25
1724716800,41219.53,41255.53,41189.78,41218.53,5814,120
1724731200,41218.28,41254.78,41211.53,41243.28,5508,120
1724745600,41243.28,41315.13,41241.28,41283.63,7789,100
1724760000,41284.13,41290.63,41137.88,41156.63,10961,100
1724774400,41157.63,41285.13,41108.63,41183.88,53004,50
1724788800,41183.88,41295.03,41181.88,41272.03,31439,50
1724803200,41288.15,41294.4,41229.15,41272.65,5960,120
1724817600,41272.15,41301.4,41255.9,41293.15,5090,120
1724832000,41293.15,41310.25,41280.25,41287.25,5672,100
1724846400,41287.25,41302.25,41234.75,41263.25,6764,100
1724860800,41263.25,41382.5,41028.75,41123.0,49433,50
1724875200,41124.5,41194.15,40852.0,41188.9,47159,50
1724889600,41172.74,41196.99,41075.74,41163.99,10251,120
1724904000,41163.74,41211.24,41139.99,41210.74,7203,120
1724918400,41209.99,41303.09,41205.49,41299.34,12935,100
1724932800,41299.59,41418.34,41282.34,41370.84,15842,100
1724947200,41371.09,41604.84,41095.84,41574.34,45828,50
1724961600,41574.34,41597.34,41279.59,41405.99,44966,50
1724976000,41393.82,41399.82,41310.07,41357.32,6300,120
1724990400,41356.82,41379.32,41339.32,41363.32,6331,120
1725004800,41362.82,41437.42,41343.42,41399.42,9872,100
1725019200,41399.42,41461.67,41379.17,41383.17,10606,100
1725033600,41382.92,41502.67,41137.67,41254.67,52821,50
1725048000,41254.67,41579.82,41206.67,41537.82,26921,50
1725235200,41549.2,41570.45,41540.45,41549.45,4154,120
1725249600,41549.45,41577.45,41527.45,41551.45,5083,120
1725264000,41551.45,41565.45,41434.8,41526.55,9485,100
1725278400,41526.55,41545.05,41506.55,41539.55,5065,100
1725292800,41539.55,41578.05,41481.8,41559.8,11493,50
1725321600,41555.93,41559.18,41483.68,41507.68,6015,120
1725336000,41507.93,41536.68,41467.18,41487.18,6530,120
1725350400,41487.43,41541.28,41429.78,41429.78,11047,100
1725364800,41428.78,41440.78,41331.78,41336.03,17068,100
1725379200,41335.78,41448.28,41058.53,41067.28,59187,50
1725393600,41066.78,41150.53,40786.03,40950.18,38335,50
1725408000,40941.32,40954.32,40789.32,40806.32,12801,120
1725422400,40806.32,40892.07,40784.07,40806.82,19411,120
1725436800,40806.57,40922.42,40777.92,40858.67,24086,100
1725451200,40858.42,40913.42,40838.42,40899.42,15818,100
1725465600,40899.42,41186.17,40879.67,40961.42,57767,50
1725480000,40960.67,41019.67,40847.67,40955.32,39957,50
1725494400,40955.93,41019.93,40895.43,40999.93,9337,120
1725508800,41000.18,41025.68,40939.43,40951.68,12128,120
1725523200,40951.43,41053.28,40906.53,41039.03,16157,100
1725537600,41038.53,41046.03,40943.53,40988.03,21419,100
1725552000,40988.53,41101.03,40525.28,40682.28,52269,50
1725566400,40682.53,40883.28,40633.28,40804.18,36180,50
1725580800,40820.31,40825.56,40750.81,40751.06,8113,120
1725595200,40751.31,40818.31,40709.31,40797.56,10643,120
1725609600,40796.06,40800.31,40555.66,40618.66,20216,50
1725624000,40617.66,40821.16,40569.91,40764.16,23055,100
1725638400,40763.16,41017.41,40303.91,40358.91,68578,50
1725652800,40360.41,40455.66,40284.91,40349.16,41441,50
1725840000,40314.09,40416.84,40296.09,40397.59,10983,120
1725854400,40397.34,40505.84,40397.34,40485.84,11134,120
1725868800,40485.84,40577.19,40457.34,40547.94,16663,101
1725883200,40547.94,40673.94,40540.94,40644.94,13816,101
1725897600,40644.94,41022.69,40534.69,41000.69,53659,51
1725912000,41000.69,41010.19,40742.19,40855.59,41875,51
1725926400,40853.55,40877.05,40775.55,40837.55,8180,121
1725940800,40837.55,40843.55,40767.55,40776.55,10374,121
1725955200,40776.55,40903.15,40747.65,40821.65,15455,101
1725969600,40821.65,40892.65,40737.9,40889.65,17501,101
1725984000,40889.65,40946.65,40421.15,40554.9,48936,51
1725998400,40554.65,40772.3,40544.9,40757.3,28575,51
1726012800,40746.91,40761.16,40691.16,40697.16,5143,121
1726027200,40696.16,40715.16,40584.16,40599.16,14910,121
1726041600,40599.16,40677.26,40561.16,40577.76,18285,101
1726056000,40576.76,40666.26,40459.01,40593.76,19786,101
1726070400,40593.51,40648.76,40000.51,40481.51,65373,51
1726084800,40481.76,40915.26,40481.51,40839.66,48369,51
1726099200,40857.27,40884.52,40839.27,40852.77,4889,121
1726113600,40852.77,40921.52,40837.77,40921.52,9423,121
1726128000,40921.77,40986.12,40893.87,40927.87,17542,101
1726142400,40928.12,41065.87,40899.87,40912.62,18358,101
1726156800,40912.87,41009.62,40673.12,40976.12,54189,51
1726171200,40976.37,41128.77,40893.12,41090.02,33348,51
1726185600,41111.95,41178.2,41101.7,41165.95,5909,121
1726200000,41166.2,41170.2,41116.7,41144.2,7930,121
1726214400,41144.2,41213.3,41117.3,41141.3,15609,101
1726228800,41142.3,41219.3,41137.3,41201.3,15606,101
1726243200,41201.3,41545.05,41145.05,41398.55,61984,51
1726257600,41398.3,41514.05,41339.55,41405.2,40164,51
1726444800,41397.81,41452.56,41379.81,41437.31,5354,121
1726459200,41437.31,41447.56,41407.81,41435.46,5434,121
1726473600,41435.46,41468.81,41376.81,41467.06,12017,120
1726488000,41467.06,41525.31,41461.31,41511.31,16746,120
1726502400,41510.81,41762.06,41473.06,41543.06,58936,70
1726516800,41542.81,41678.31,41514.56,41613.46,32765,70
1726531200,41635.81,41653.56,41598.81,41602.31,6046,140
1726545600,41601.56,41628.31,41598.06,41627.31,7815,140
1726560000,41627.31,41721.91,41620.06,41715.16,13309,120
1726574400,41715.41,41788.41,41708.91,41782.41,18233,120
1726588800,41782.41,41855.66,41484.41,41557.16,69098,70
1726603200,41556.41,41671.41,41500.16,41644.56,52064,45
1726617600,41646.07,41673.82,41630.82,41668.32,3603,140
1726632000,41668.32,41688.82,41660.32,41668.82,4814,140
1726646400,41667.82,41713.92,41638.92,41670.92,9523,120
1726660800,41670.92,41700.17,41634.67,41678.92,8407,120
1726675200,41678.92,41685.92,41489.17,41636.17,42029,70
1726689600,41637.17,42002.67,41441.42,41558.82,59830,70
1726704000,41579.26,41754.01,41560.51,41607.26,12410,140
1726718400,41608.26,41783.76,41570.01,41766.26,15223,140
1726732800,41766.26,41918.11,41733.76,41907.36,18015,120
1726747200,41907.36,42035.36,41902.11,41960.36,15807,120
1726761600,41960.36,42109.36,41825.61,42032.86,57359,70
1726776000,42033.61,42178.61,41992.61,42063.51,39342,0
1726790400,42062.77,42074.27,42015.77,42027.77,4977,140
1726804800,42028.02,42054.27,42015.77,42046.52,5598,140
1726819200,42046.52,42049.12,41999.12,42034.37,11842,120
1726833600,42034.37,42088.87,42018.12,42072.37,11643,120
1726848000,42071.87,42100.12,41852.12,42073.12,51131,70
1726862400,42073.12,42138.62,41909.12,42046.62,33184,70
1727049600,42072.2,42131.95,42021.95,42122.95,4329,140
1727064000,42122.95,42147.95,42118.45,42141.7,5189,140
1727078400,42141.7,42147.95,41945.3,42074.05,14967,120
1727092800,42073.55,42120.05,42037.05,42111.8,13484,120
1727107200,42111.3,42185.05,42005.55,42072.05,51389,70
1727121600,42072.3,42146.55,42036.3,42110.45,30612,70
1727136000,42116.38,42117.38,42054.38,42068.38,4154,140
1727150400,42069.13,42110.38,42039.38,42084.38,7257,140
1727164800,42084.38,42222.48,42084.38,42220.48,11161,120
1727179200,42220.23,42226.98,42101.48,42195.48,13510,120
1727193600,42195.48,42286.73,42078.73,42137.73,47048,0
1727208000,42137.73,42239.23,42048.23,42192.63,27937,70
1727222400,42181.83,42191.58,42144.83,42147.33,3270,140
1727236800,42146.83,42156.58,42124.83,42137.83,5933,140
1727251200,42137.83,42206.93,42098.93,42201.93,10774,120
1727265600,42201.93,42274.93,42181.18,42205.93,8600,120
1727280000,42205.93,42314.18,41931.68,41948.68,51363,70
1727294400,41949.68,41982.18,41844.18,41899.58,37127,70
1727308800,41896.76,41974.51,41875.26,41969.26,3781,140
1727323200,41969.01,42021.51,41959.26,42017.26,5404,140
1727337600,42017.01,42134.86,42005.26,42131.36,12200,120
1727352000,42131.36,42147.36,42069.36,42107.36,10043,120
1727366400,42107.36,42214.11,42043.61,42156.36,48441,0
1727380800,42156.61,42237.61,42078.61,42186.51,27463,70
1727395200,42197.2,42247.7,42175.45,42196.7,5483,140
1727409600,42196.45,42205.7,42160.7,42202.95,7312,140
1727424000,42203.2,42232.7,42139.55,42178.8,16110,120
1727438400,42178.8,42301.05,42167.8,42286.8,12867,120
1727452800,42286.55,42654.55,42239.05,42376.3,44803,70
1727467200,42377.3,42422.8,42254.55,42306.55,27639,70
1727654400,42298.61,42383.61,42252.61,42352.11,6036,140
1727668800,42351.86,42355.11,42300.86,42336.11,9375,140
1727683200,42335.11,42342.86,42239.96,42299.46,12794,120
1727697600,42299.46,42325.71,42239.21,42244.21,11758,120
1727712000,42244.21,42315.71,42072.46,42206.46,41807,70
1727726400,42207.46,42341.46,41915.46,42266.36,38356,70
1727740800,42279.29,42301.54,42243.79,42291.04,4687,140
1727755200,42291.54,42329.29,42289.54,42294.54,5475,140
1727769600,42294.54,42316.64,42195.14,42215.64,13227,120
1727784000,42214.64,42254.14,42160.64,42205.39,11616,120
1727798400,42204.64,42277.14,41927.89,42146.89,64617,70
1727812800,42146.39,42332.39,41984.89,42118.79,46466,70
1727827200,42139.21,42153.46,42022.21,42084.71,6707,140
1727841600,42085.46,42134.46,42039.21,42055.46,8148,140
1727856000,42055.46,42080.31,41986.31,42031.31,16425,120
1727870400,42031.56,42116.06,41964.06,42111.31,18399,120
1727884800,42111.56,42260.56,41964.31,42105.56,49865,70
1727899200,42106.06,42242.21,42093.81,42220.46,26181,70
1727913600,42232.54,42260.04,42163.29,42187.29,5309,140
1727928000,42187.29,42204.04,42127.54,42129.54,8777,140
1727942400,42130.54,42159.89,41961.14,42043.14,17099,120
1727956800,42043.64,42135.14,42020.64,42040.89,16941,120
1727971200,42041.39,42125.39,41828.89,41897.89,57164,70
1727985600,41898.39,42026.14,41843.89,41981.54,33309,70
1728000000,41963.82,41996.57,41939.82,41967.07,51631,140
1728014400,41967.32,41967.32,41967.07,41967.32,131815,140
1728028800,41967.07,42012.42,41933.42,41953.17,1181659,120
1728043200,41950.42,42022.42,41950.42,42014.17,635739,120
1728057600,42014.42,42114.17,41983.67,42094.42,246273,70
1728072000,42094.67,42306.67,42094.42,42295.92,364999,70
1728259200,42356.95,42402.2,42339.95,42349.7,601581,140
1728273600,42347.95,42358.2,42326.95,42331.95,1238974,140
1728288000,42331.45,42333.95,42187.8,42197.3,959070,120
1728302400,42197.05,42197.3,42146.05,42191.05,1660590,120
1728316800,42190.8,42245.05,42114.3,42115.55,1574158,70
1728331200,42116.3,42116.3,41838.3,41959.45,1652610,70
1728345600,41974.41,41979.91,41819.91,41970.16,1064113,140
1728360000,41969.91,41970.16,41929.41,41933.91,1478568,140
1728374400,41932.66,41957.26,41881.01,41949.76,1275191,120
1728388800,41953.26,42038.01,41953.26,42019.26,805874,120
1728403200,42019.51,42026.76,41967.26,42020.26,1136681,70
1728417600,42013.76,42093.51,42013.76,42068.16,1501461,70
1728432000,42068.41,42098.36,42047.61,42054.61,1177751,140
1728446400,42053.86,42054.61,42053.86,42053.86,136453,140
1728460800,42054.61,42054.61,41975.96,42010.71,178870,120
1728475200,42010.96,42010.96,42010.71,42010.96,111517,120
1728489600,42010.71,42010.96,42010.71,42010.96,120150,120
1728504000,42010.71,42010.96,42010.71,42010.96,130718,120
1728518400,42010.71,42549.83,42010.71,42538.83,132576,120
1728532800,42538.58,42541.83,42537.08,42537.58,137242,140
1728547200,42537.83,42537.83,42537.58,42537.58,132740,140
1728561600,42537.83,42537.83,42412.93,42414.18,441106,120
1728576000,42414.43,42487.18,42349.18,42418.18,318595,70
1728590400,42418.43,42478.83,42321.18,42472.83,303272,70
1728604800,42473.58,42510.04,42471.29,42508.54,290120,140
1728619200,42507.29,42508.54,42460.29,42461.04,304848,140
1728633600,42461.29,42461.29,42415.39,42415.89,358363,120
1728648000,42415.39,42492.39,42396.14,42456.39,323201,120
1728662400,42456.14,42811.64,42456.14,42708.64,309200,70
1728676800,42708.89,42878.64,42708.64,42868.64,240776,70
1728864000,42851.72,42881.97,42845.47,42871.47,566415,140
1728878400,42871.47,42890.22,42847.47,42872.72,715515,140
1728892800,42873.97,42908.57,42850.57,42850.57,1017029,120
1728907200,42851.82,42870.32,42797.07,42806.57,1163077,120
1728921600,42806.82,43077.57,42806.57,43051.32,1168683,70
1728936000,43051.57,43052.07,43051.32,43052.07,203930,70
1728950400,43051.32,43052.07,43051.32,43052.07,200781,70
1728964800,43051.32,43165.16,43051.32,43164.66,190850,70
1728979200,43164.16,43164.66,43136.66,43149.01,127676,120
1728993600,43149.26,43149.26,43097.76,43099.51,167297,120
1729008000,43099.76,43099.76,43098.51,43099.76,201049,120
1729022400,43098.51,43099.76,43098.51,43099.76,202677,120
1729036800,43098.51,43099.76,42764.87,42769.62,201198,120
1729051200,42767.87,42769.62,42762.87,42763.12,175870,140
1729065600,42762.87,42763.12,42722.47,42746.47,177413,120
1729080000,42746.72,42800.72,42736.97,42800.72,297833,120
1729094400,42798.22,43013.97,42749.97,43010.97,299950,70
1729108800,43010.47,43096.72,42999.47,43088.62,291719,70
1729123200,43088.37,43095.0,43053.0,43054.0,262260,140
1729137600,43054.25,43078.0,43033.0,43033.75,292151,140
1729152000,43033.5,43117.6,43033.5,43094.1,332272,120
1729166400,43094.35,43216.1,43071.1,43177.85,1113239,120
1729180800,43177.6,43255.35,43177.6,43218.1,1200199,70
1729195200,43217.6,43298.1,43217.6,43255.0,1147037,70
1729209600,43254.25,43285.84,43240.34,43248.84,776096,140
1729224000,43249.59,43269.09,43228.09,43244.84,447432,140
1729238400,43247.59,43250.44,43238.44,43250.19,250905,120
1729252800,43250.44,43250.44,43199.94,43208.94,131526,120
1729267200,43209.69,43209.69,43159.94,43160.69,137915,120
1729281600,43159.94,43160.69,43159.94,43160.69,105282,120
1729468800,43321.01,43340.51,43319.76,43327.51,1094611,140
1729483200,43327.76,43339.76,43303.01,43307.26,1184789,140
1729497600,43307.01,43328.11,43299.26,43327.11,262409,120
1729512000,43327.36,43327.36,43309.11,43309.86,138587,120
1729526400,43309.11,43309.86,43309.11,43309.86,139838,120
1729540800,43309.11,43309.86,43309.11,43309.11,140579,120
1729555200,43309.86,43309.86,43309.11,43309.86,140705,120
1729569600,43309.11,43309.86,43309.11,43309.86,140726,120
1729584000,43309.11,43309.86,42856.57,42865.07,140659,120
1729598400,42864.57,42865.07,42746.07,42764.82,310853,120
1729612800,42765.07,42875.32,42736.82,42875.07,324232,70
1729627200,42875.32,43017.82,42831.47,42831.47,307591,70
1729641600,42834.47,42834.47,42785.94,42827.94,256126,140
1729656000,42828.44,42831.94,42809.94,42828.94,309051,140
1729670400,42828.69,42830.79,42818.54,42818.54,330320,120
1729684800,42818.79,42818.79,42734.04,42739.54,303982,120
1729699200,42739.79,42739.79,42674.29,42698.04,147519,70
1729713600,42697.29,42698.04,42697.29,42697.29,115883,70
1729728000,42698.04,42698.04,42460.88,42463.88,104470,70
1729742400,42462.88,42463.88,42462.88,42463.88,138088,140
1729756800,42462.88,42526.73,42462.88,42526.48,258787,120
1729771200,42526.73,42526.73,42526.48,42526.48,140902,120
1729785600,42526.73,42526.73,42526.48,42526.48,138070,120
1729800000,42526.73,42526.73,42526.48,42526.48,140482,120
1729814400,42526.73,42526.73,42392.83,42396.83,145682,120
1729828800,42396.58,42418.83,42369.83,42375.08,176971,140
1729843200,42375.33,42441.68,42375.08,42435.93,479775,120
1729857600,42436.93,42506.43,42435.93,42504.43,205094,120
1729872000,42504.93,42555.43,42504.43,42553.93,184095,120
1729886400,42553.43,42553.93,42553.43,42553.93,146746,120
1730073600,42253.04,42321.04,42212.54,42320.29,404602,140
1730088000,42321.04,42321.04,42320.29,42320.29,266572,140
1730102400,42321.04,42321.04,42320.29,42321.04,265497,140
1730116800,42320.29,42321.04,42320.29,42320.29,261931,140
1730131200,42321.04,42321.04,42320.29,42321.04,234041,140
1730145600,42320.29,42321.04,42320.29,42320.29,194579,140
1730160000,42321.04,42402.24,42320.29,42401.24,195540,140
1730174400,42400.99,42401.24,42400.99,42401.24,140712,140
1730188800,42400.99,42401.24,42400.99,42401.24,139716,140
1730203200,42400.99,42401.24,42400.99,42400.99,137949,140
1730217600,42401.24,42401.24,42400.99,42400.99,136884,140
1730232000,42401.24,42401.24,42400.99,42401.24,138539,140
1730246400,42400.99,42401.24,42400.99,42400.99,142309,140
1730260800,42401.24,42401.24,42400.99,42401.24,141771,140
1730275200,42400.99,42401.24,42400.99,42400.99,139957,140
1730289600,42401.24,42401.24,42400.99,42400.99,140500,140
1730304000,42401.24,42401.24,42400.99,42401.24,137945,140
1730318400,42400.99,42401.24,42400.99,42400.99,138307,140
1730332800,42401.24,42401.24,42400.99,42400.99,139072,140
1730347200,42401.24,42401.24,42400.99,42401.24,139253,140
1730361600,42400.99,42401.24,41956.76,41963.01,158281,120
1730376000,41962.76,42014.76,41962.76,42010.76,214234,120
1730390400,42010.26,42010.76,42010.26,42010.76,133266,120
1730404800,42010.26,42010.76,42010.26,42010.76,136272,120
1730419200,42010.26,42010.76,41792.13,41798.63,126036,120
1730433600,41799.88,41799.88,41798.63,41799.88,127781,140
1730448000,41798.63,41799.88,41798.63,41799.88,127834,140
1730462400,41798.63,41973.23,41798.63,41971.23,177715,120
1730476800,41970.48,41971.23,41970.48,41970.48,277837,120
1730491200,41971.23,41971.23,41970.48,41970.48,209298,120
1730678400,41938.04,41985.79,41915.04,41976.04,1118874,140
1730692800,41976.29,42065.29,41958.29,42026.79,595856,140
1730707200,42026.29,42060.29,41974.64,42027.39,1491495,120
1730721600,42026.64,42136.39,42026.64,42046.89,533467,120
1730736000,42047.14,42047.14,41700.14,41853.14,319816,70
1730750400,41853.64,41859.39,41817.29,41817.79,318897,70
1730764800,41817.29,41863.05,41802.8,41810.55,187754,140
1730779200,41810.8,41861.8,41810.55,41860.3,136803,140
1730793600,41860.55,41892.9,41843.65,41875.65,973930,120
1730808000,41875.15,41892.9,41829.9,41874.9,1242478,120
1730822400,41845.9,41874.9,41845.65,41846.4,159470,120
1730836800,41845.9,41846.4,41845.9,41846.4,142580,120
1730851200,41845.9,41846.4,41845.9,41845.9,142107,120
1730865600,41846.4,41846.4,41845.9,41846.4,142865,120
1730880000,41845.9,41846.4,41845.9,41846.4,142920,120
1730894400,41845.9,43473.15,41845.9,43473.15,141505,120
1730908800,43472.9,43473.15,43472.9,43472.9,141681,120
1730923200,43473.15,43473.15,43472.9,43472.9,142788,120
1730937600,43473.15,43473.15,43472.9,43472.9,142606,120
1730952000,43473.15,43473.15,43472.9,43472.9,142732,120
1730966400,43473.15,43473.15,43472.9,43472.9,142816,120
1730980800,43473.15,43473.15,43472.9,43473.15,142221,120
1730995200,43472.9,43473.15,43472.9,43473.15,141892,120
1731009600,43472.9,43812.26,43472.9,43811.76,142033,120
1731024000,43812.26,43820.09,43811.76,43818.59,142476,140
1731038400,43818.84,43818.84,43818.59,43818.59,143112,140
1731052800,43818.84,43818.84,43818.59,43818.84,142999,140
1731067200,43818.59,43818.84,43818.59,43818.59,142501,140
1731081600,43818.84,43818.84,43795.44,43795.94,140736,70
1731096000,43795.44,43795.94,43795.44,43795.44,106891,70
1731283200,44085.75,44098.25,44045.5,44071.25,631870,140
1731297600,44071.5,44077.25,44056.25,44073.0,760954,140
1731312000,44073.25,44170.85,44070.25,44157.6,906903,120
1731326400,44157.85,44254.35,44157.6,44220.6,1083355,120
1731340800,44220.85,44459.6,44220.6,44376.6,1744956,70
1731355200,44377.1,44377.1,44318.6,44330.75,1729778,70
1731369600,44331.0,44331.0,44263.58,44298.83,582185,140
1731384000,44298.58,44298.83,44269.58,44271.83,315323,140
1731398400,44271.58,44285.43,44265.43,44277.93,313748,120
1731412800,44277.68,44421.43,44260.93,44420.68,323406,120
1731427200,44421.43,44421.43,44083.43,44083.43,335662,70
1731441600,44083.68,44106.93,43981.83,43982.58,329534,70
1731456000,43981.83,43982.58,43918.07,43936.07,234678,140
1731470400,43937.07,43937.07,43935.07,43935.07,127865,140
1731484800,43936.07,43936.07,43935.07,43936.07,141559,140
1731499200,43935.07,43936.07,43935.07,43936.07,140692,140
1731513600,43935.07,43936.07,43935.07,43936.07,139902,140
1731528000,43935.07,43936.07,43935.07,43935.07,141531,140
1731542400,43936.07,43936.07,43935.07,43936.07,141519,140
1731556800,43935.07,43936.07,43935.07,43936.07,141756,140
1731571200,43935.07,43936.07,43935.07,43935.07,141377,140
1731585600,43936.07,43936.07,43935.07,43936.07,140001,140
1731600000,43935.07,43936.07,43935.07,43936.07,135394,140
1731614400,43935.07,43936.07,43824.39,43824.39,140942,70
1731628800,43824.64,43824.64,43824.39,43824.39,141692,70
1731643200,43824.64,43824.64,43824.39,43824.39,141882,70
1731657600,43824.64,43824.64,43824.39,43824.64,141559,70
1731672000,43824.39,43824.64,43824.39,43824.39,138683,70
1731686400,43824.64,43824.64,43824.39,43824.39,140478,70
1731700800,43824.64,43824.64,43824.39,43824.39,106294,70
1731888000,43439.37,43500.87,43408.37,43498.62,1228924,140
1731902400,43497.87,43498.62,43437.87,43468.87,1851864,140
1731916800,43467.37,43499.37,43343.22,43368.97,1493805,120
1731931200,43369.22,43427.97,43311.97,43407.97,1429298,120
1731945600,43410.97,43506.22,43402.22,43503.22,1610102,70
1731960000,43498.22,43507.72,43365.22,43416.87,1577496,70
1731974400,43414.35,43440.35,43392.1,43431.35,1213160,140
1731988800,43431.6,43505.6,43430.85,43491.6,6165261,140
1732003200,43491.85,43505.95,43168.95,43175.2,2090904,120
1732017600,43176.2,43251.7,42951.7,42956.2,1695250,120
1732032000,42957.7,43321.45,42956.2,43308.95,1731937,70
1732046400,43308.95,43423.45,43264.45,43297.6,1738395,70
1732060800,43309.32,43404.32,43308.82,43356.07,1246864,140
1732075200,43356.32,43408.07,43345.32,43384.32,6114059,140
1732089600,43384.82,43454.67,43381.32,43424.42,1592964,120
1732104000,43424.42,43467.17,43363.42,43388.42,1546211,120
1732118400,43386.42,43388.17,43219.67,43220.67,1766158,70
1732132800,43220.92,43220.92,43220.67,43220.67,154138,70
1732147200,43220.92,43220.92,43220.67,43220.67,147766,70
1732161600,43220.92,43220.92,43220.67,43220.67,150572,70
1732176000,43220.92,43220.92,43220.67,43220.92,155413,70
1732190400,43220.67,43600.54,43220.67,43583.79,153056,70
1732204800,43584.54,43592.04,43579.29,43580.54,134830,120
1732219200,43580.29,43941.79,43580.29,43929.29,137648,70
1732233600,43928.79,43929.29,43928.79,43929.29,141578,70
1732248000,43928.79,43929.29,43928.79,43928.79,144107,70
1732262400,43929.29,43929.29,43928.79,43929.29,143827,70
1732276800,43928.79,43929.29,43928.79,43928.79,142455,70
1732291200,43929.29,44171.02,43928.79,44157.02,308048,70
1732305600,44156.02,44226.52,44156.02,44212.02,327820,70
1732492800,44504.44,44586.69,44495.19,44571.94,517614,140
1732507200,44572.19,44591.44,44569.44,44573.69,1092564,140
1732521600,44573.94,44602.54,44546.79,44602.04,1428778,120
1732536000,44602.54,44656.54,44572.04,44656.29,680853,120
1732550400,44656.54,44832.79,44575.29,44593.54,290824,70
1732564800,44591.79,44818.44,44591.79,44813.44,292780,70
1732579200,44813.94,44813.94,44644.04,44658.79,265973,140
1732593600,44659.04,44779.29,44658.79,44757.79,319694,140
1732608000,44757.54,44784.64,44721.89,44749.14,327479,120
1732622400,44750.14,44783.39,44612.89,44613.89,666367,120
1732636800,44614.14,44679.39,44513.64,44665.39,337806,70
1732651200,44664.89,44665.39,44664.89,44665.39,184788,70
1732665600,44664.89,44913.42,44664.89,44913.42,261182,70
1732680000,44913.17,44941.17,44895.42,44901.42,306256,140
1732694400,44901.17,44910.42,44825.77,44827.27,334146,120
1732708800,44827.52,44943.27,44827.27,44943.27,247107,120
1732723200,44943.02,44943.27,44943.02,44943.27,124036,120
1732737600,44943.02,44943.27,44943.02,44943.27,123562,120
1732752000,44943.02,44943.27,44775.4,44775.65,109694,120
1732766400,44775.4,44775.65,44775.4,44775.65,118328,140
1732780800,44775.4,44815.75,44750.75,44815.75,114606,120
1732795200,44815.0,44823.75,44803.75,44821.0,169557,120
1732809600,44821.75,44843.0,44807.5,44842.0,259073,70
1732824000,44842.25,44842.25,44842.0,44842.0,117706,70
1732838400,44842.25,44842.25,44842.0,44842.0,137448,70
1732852800,44842.25,44881.9,44842.0,44880.9,141704,70
1732867200,44881.15,44881.15,44880.9,44880.9,122394,140
1732881600,44881.15,44889.75,44880.9,44888.5,124704,120
1732896000,44888.75,44888.75,44888.5,44888.5,72876,120
1732910400,44888.75,44888.75,44888.5,44888.5,105822,120
1733097600,44971.51,44979.76,44915.01,44926.51,685533,140
1733112000,44926.01,44926.51,44883.01,44887.26,1233714,140
1733126400,44887.01,44897.01,44861.11,44882.11,958864,120
1733140800,44882.86,44882.86,44882.11,44882.11,1343166,120
1733155200,44882.86,44882.86,44790.61,44819.36,1557399,70
1733169600,44819.11,44860.61,44792.76,44797.26,1752403,70
1733184000,44803.71,44804.46,44785.71,44785.96,138129,140
1733198400,44786.21,44789.46,44785.71,44789.46,168061,140
1733212800,44789.21,44789.46,44789.21,44789.21,140531,140
1733227200,44789.46,44789.46,44789.21,44789.21,139430,140
1733241600,44789.46,44789.46,44789.21,44789.46,137845,140
1733256000,44789.21,44789.46,44789.21,44789.46,140218,140
1733270400,44789.21,44789.46,44789.21,44789.21,140549,140
1733284800,44789.46,44789.46,44789.21,44789.21,140562,140
1733299200,44789.46,44933.46,44789.21,44928.21,139589,120
1733313600,44927.96,44928.21,44905.46,44916.21,134012,120
1733328000,44917.46,44917.46,44916.21,44917.46,137107,120
1733342400,44916.21,44933.21,44916.21,44930.71,182972,70
1733356800,44930.96,45022.02,44930.71,45020.27,143213,70
1733371200,45022.02,45027.02,45017.52,45026.52,220169,140
1733385600,45026.77,45068.37,45026.52,45052.37,313227,120
1733400000,45052.62,45054.62,45008.12,45032.37,297385,120
1733414400,45032.12,45032.37,44922.37,44923.87,316247,70
1733428800,44922.87,44938.37,44766.52,44773.52,315056,70
1733443200,44773.02,44807.55,44773.02,44774.8,274762,140
1733457600,44775.3,44775.55,44741.8,44763.8,309857,140
1733472000,44763.55,44790.9,44763.55,44780.15,307906,120
1733486400,44779.9,44792.9,44742.9,44757.9,309269,120
1733500800,44757.65,44896.15,44757.65,44879.9,189517,120
1733515200,44880.15,44880.15,44879.9,44879.9,148016,120
1733702400,44639.11,44663.36,44634.36,44636.36,1333829,140
1733716800,44639.36,44651.11,44602.11,44615.36,618667,140
1733731200,44615.61,44668.96,44594.96,44656.71,1186093,120
1733745600,44656.46,44691.96,44654.96,44691.71,1289950,120
1733760000,44691.46,44706.21,44573.21,44580.21,277155,70
1733774400,44579.46,44580.21,44579.46,44580.21,137434,70
1733788800,44579.46,44580.21,44393.59,44398.09,128093,70
1733803200,44399.84,44402.34,44399.84,44402.34,138859,140
1733817600,44401.59,44402.34,44401.59,44401.59,139069,140
1733832000,44402.34,44428.69,44321.44,44324.69,102769,120
1733846400,44325.19,44325.19,44324.69,44324.69,134358,120
1733860800,44325.19,44325.19,44324.69,44324.69,141746,120
1733875200,44325.19,44325.19,44324.69,44324.69,141106,120
1733889600,44325.19,44325.19,44324.69,44324.69,142162,120
1733904000,44325.19,44325.19,44239.61,44240.86,140499,120
1733918400,44240.61,44259.36,44240.61,44258.36,127573,120
1733932800,44258.11,44290.86,44258.11,44286.86,124755,70
1733947200,44286.11,44286.86,44286.11,44286.11,141685,70
1733961600,44286.86,44286.86,44286.11,44286.11,141926,70
1733976000,44286.86,44286.86,44078.45,44107.2,261069,70
1733990400,44107.45,44107.45,44065.05,44103.05,324882,120
1734004800,44103.05,44155.05,44091.3,44152.55,340372,120
1734019200,44149.05,44187.3,44103.3,44113.3,203586,70
1734033600,44112.55,44113.3,44112.55,44113.3,105562,70
1734048000,44112.55,44113.3,43898.41,43898.66,162742,70
1734062400,43899.66,43899.66,43898.66,43899.66,141449,140
1734076800,43898.66,44011.01,43898.66,44000.51,127667,120
1734091200,44001.01,44001.01,44000.51,44000.51,106304,120
1734105600,44001.01,44001.01,44000.51,44000.51,108580,120
1734120000,44001.01,44001.01,44000.51,44001.01,85169,120
1734307200,43836.88,43897.13,43831.88,43897.13,216857,140
1734321600,43896.88,43897.13,43882.63,43882.63,301719,140
1734336000,43882.88,43893.48,43843.98,43846.23,292326,120
1734350400,43845.98,43916.73,43845.98,43901.98,304725,120
1734364800,43901.73,43941.73,43820.98,43827.98,308261,70
1734379200,43828.48,43840.23,43719.88,43720.13,349864,70
1734393600,43719.88,43720.13,43687.07,43717.57,232849,140
1734408000,43717.32,43747.82,43708.32,43716.57,299596,140
1734422400,43716.32,43716.57,43570.42,43606.92,309808,120
1734436800,43606.67,43606.92,43523.67,43530.67,320296,120
1734451200,43531.42,43531.42,43530.67,43531.42,316083,120
1734465600,43530.67,43531.42,43377.67,43480.82,316024,70
1734480000,43481.32,43481.32,43461.63,43461.63,176922,140
1734494400,43462.13,43462.13,43461.63,43462.13,138913,140
1734508800,43461.63,43462.13,43461.63,43462.13,140474,140
1734523200,43461.63,43651.23,43461.63,43649.48,235098,120
1734537600,43650.23,43650.23,43513.98,43643.48,495002,70
1734552000,43644.23,43644.23,42313.13,42326.38,493159,70
1734566400,42326.13,42381.75,42326.13,42351.25,442539,140
1734580800,42351.5,42389.5,42351.25,42364.25,500233,140
1734595200,42363.5,42453.6,42323.5,42418.35,498168,120
1734609600,42417.85,42613.85,42411.85,42609.1,494224,120
1734624000,42608.85,42690.6,42380.85,42381.6,494962,70
1734638400,42380.85,42542.1,42354.5,42356.0,490896,70
1734652800,42356.25,42356.25,42218.39,42220.89,195386,140
1734667200,42221.14,42221.14,42220.89,42220.89,196262,140
1734681600,42221.14,42221.14,42220.89,42221.14,200633,140
1734696000,42220.89,42221.14,42069.99,42101.74,186388,120
1734710400,42100.99,42785.99,42100.99,42785.99,166876,70
1734724800,42785.24,42785.99,42785.24,42785.99,126060,70
1734912000,42967.25,43013.0,42927.5,42968.25,1204019,140
1734926400,42968.0,43004.75,42949.0,42998.0,1208938,140
1734940800,42997.0,43000.25,42889.1,42890.6,1190108,120
1734955200,42891.6,42908.1,42597.35,42614.1,1617092,120
1734969600,42614.6,42703.1,42570.1,42695.1,1896274,70
1734984000,42694.85,42895.85,42694.85,42867.75,1769110,70
1734998400,42888.08,42901.83,42837.83,42857.83,759481,140
1735012800,42857.33,42875.33,42834.08,42842.33,1128792,140
1735027200,42843.58,42894.43,42821.18,42888.43,571210,120
1735041600,42889.93,42892.18,42828.93,42848.43,1272204,120
1735056000,42847.43,43138.18,42847.43,43117.18,1864926,70
1735070400,43117.68,43117.68,43117.18,43117.68,351653,70
1735171200,43194.72,43220.97,43154.47,43183.97,513733,140
1735185600,43184.47,43204.72,43172.97,43199.97,936559,140
1735200000,43199.47,43199.97,43075.07,43085.82,962492,120
1735214400,43084.57,43084.57,42998.57,43044.07,1628915,120
1735228800,43043.07,43276.57,43018.82,43253.32,1655055,70
1735243200,43253.07,43262.07,43203.32,43241.47,1805019,70
1735257600,43230.94,43274.19,43199.19,43220.69,364819,140
1735272000,43215.94,43224.44,43189.19,43203.44,953661,140
1735286400,43203.69,43203.69,43120.79,43137.29,1799109,120
1735300800,43136.29,43140.04,43077.29,43077.29,1304273,120
1735315200,43071.79,43085.04,42672.79,42674.54,1785009,70
1735329600,42675.54,42947.79,42674.54,42790.54,1433731,70
1735516800,42958.87,42964.37,42889.62,42889.62,1381321,140
1735531200,42890.37,42890.37,42889.62,42890.37,1964441,140
1735545600,42889.62,42890.37,42889.62,42889.62,1901827,140
1735560000,42890.37,42890.37,42889.62,42889.62,1908988,140
1735574400,42890.37,42890.37,42889.62,42889.62,1875626,140
1735588800,42890.37,42890.37,42889.62,42890.37,1865797,140
1735603200,42889.62,42890.37,42889.62,42889.62,1798319,140
1735617600,42890.37,42890.37,42889.62,42889.62,1988226,140
1735632000,42890.37,42890.37,42889.62,42890.37,1956905,140
1735646400,42889.62,42890.37,42889.62,42889.62,1934201,140
1735660800,42890.37,42890.37,42889.62,42889.62,1854946,140
1735675200,42890.37,42890.37,42889.62,42890.37,1961795,140
1735689600,42889.62,42890.37,42889.62,42890.37,2019786,140
1735704000,42889.62,42890.37,42889.62,42889.62,2023899,140
1735718400,42890.37,42890.37,42889.62,42889.62,2000460,140
1735732800,42890.37,42890.37,42889.62,42890.37,1971353,140
1735747200,42889.62,42890.37,42889.62,42889.62,1956515,140
1735761600,42890.37,42890.37,42889.62,42889.62,1187556,140
1735776000,42527.32,42527.32,42523.57,42523.57,117575,140
1735790400,42523.82,42523.82,42523.57,42523.82,161521,140
1735804800,42523.57,42523.82,42523.57,42523.82,157734,140
1735819200,42523.57,42523.82,42523.57,42523.57,159245,140
1735833600,42523.82,42523.82,42523.57,42523.57,157328,140
1735848000,42523.82,42523.82,42523.57,42523.82,157031,140
1735862400,42523.57,42523.82,42523.57,42523.82,157890,140
1735876800,42523.57,42523.82,42523.57,42523.82,158150,140
1735891200,42523.57,42523.82,42523.57,42523.82,157974,140
1735905600,42523.57,42523.82,42523.57,42523.57,159121,140
1735920000,42523.82,42523.82,42523.57,42523.57,156868,140
1735934400,42523.82,42523.82,42523.57,42523.82,117817,140
1736121600,42663.31,42665.81,42631.06,42643.31,1333926,140
1736136000,42643.06,42643.31,42643.06,42643.06,1705501,140
1736150400,42643.31,42643.31,42643.06,42643.06,1662000,140
1736164800,42643.31,42643.31,42643.06,42643.31,1526051,140
1736179200,42643.06,42939.66,42643.06,42881.66,1103336,70
1736193600,42880.66,42881.66,42880.66,42880.66,1130589,70
1736208000,42881.66,42881.66,42880.66,42881.66,1314905,70
1736222400,42880.66,42881.66,42583.76,42592.76,481178,70
1736236800,42593.51,42619.86,42592.76,42613.61,102831,120
1736251200,42613.11,42743.11,42607.36,42741.61,217014,120
1736265600,42740.11,42842.11,42448.36,42520.11,65559,70
1736280000,42520.11,42614.61,42284.11,42412.01,40589,70
1736294400,42428.64,42513.39,42393.14,42512.39,5657,140
1736308800,42512.64,42546.39,42490.14,42544.64,6885,140
1736323200,42544.89,42553.24,42472.24,42547.24,11950,120
1736337600,42547.24,42578.24,42308.49,42471.24,34188,120
1736352000,42471.49,42512.49,42231.24,42327.99,65902,70
1736366400,42327.24,42562.99,42308.99,42519.64,47155,70
1736380800,42511.48,42528.98,42433.23,42439.23,6984,140
1736395200,42439.48,42489.48,42424.48,42479.48,6473,140
1736409600,42477.48,42547.58,42370.33,42518.58,14639,120
1736424000,42518.58,42551.58,42454.58,42477.58,13873,120
1736438400,42477.58,42477.58,42411.58,42470.08,2942,120
1736467200,42444.62,42464.12,42331.62,42398.62,11630,140
1736481600,42399.12,42483.12,42390.12,42478.12,7869,140
1736496000,42478.12,42541.72,42407.72,42462.22,15916,120
1736510400,42462.22,42552.72,42097.72,42201.72,24762,120
1736524800,42201.72,42323.72,41755.47,41908.22,74064,70
1736539200,41907.97,42064.97,41767.47,41813.72,47054,70
1736726400,41867.07,41916.32,41732.32,41757.32,11125,140
1736740800,41756.82,41787.07,41684.82,41741.32,9940,140
1736755200,41740.82,41795.32,41645.92,41672.67,21486,120
1736769600,41672.67,41827.92,41639.67,41792.92,23510,120
1736784000,41792.42,42087.17,41733.92,42085.17,69205,70
1736798400,42085.17,42236.82,42037.17,42230.82,45273,70
1736812800,42257.16,42335.41,42244.16,42262.16,8465,140
1736827200,42262.16,42293.41,42226.16,42290.41,6357,140
1736841600,42290.41,42378.51,42242.26,42348.26,14641,120
1736856000,42348.26,42465.51,42210.01,42321.01,22421,120
1736870400,42322.26,42430.51,42052.26,42199.51,66083,70
1736884800,42199.51,42503.16,42191.01,42491.16,45009,70
1736899200,42483.51,42499.51,42466.01,42494.26,4071,140
1736913600,42494.26,42498.26,42441.76,42442.01,3308,140
1736928000,42442.51,42510.61,42438.26,42488.61,7096,120
1736942400,42488.86,43130.11,42462.61,43119.61,19897,120
1736956800,43119.11,43199.86,42971.36,43053.86,60689,70
1736971200,43053.86,43254.36,43053.86,43168.51,28899,70
1736985600,43170.36,43255.36,43160.86,43185.36,6659,140
1737000000,43184.86,43208.86,43150.11,43162.86,5994,140
1737014400,43162.86,43261.21,43129.96,43165.96,18543,120
1737028800,43166.21,43262.96,42978.96,43008.96,21977,120
1737043200,43008.96,43211.71,43004.71,43117.21,59442,70
1737057600,43118.21,43154.71,42990.86,43024.86,40009,70
1737072000,43035.44,43123.94,43016.69,43114.19,5788,140
1737086400,43114.19,43141.19,43077.19,43127.19,6426,140
1737100800,43127.19,43212.29,43100.79,43176.79,11547,120
1737115200,43177.29,43349.04,43166.29,43318.29,15662,120
1737129600,43317.29,43567.54,43316.54,43515.54,46555,70
1737144000,43515.54,43534.54,43385.54,43390.54,26906,70
1737331200,43432.89,43440.89,43347.39,43380.64,9041,140
1737345600,43380.39,43434.39,43367.39,43427.39,5636,140
1737360000,43428.39,43481.49,43410.64,43439.49,9441,120
1737374400,43439.49,43607.24,43355.24,43599.99,16794,120
1737388800,43598.99,43721.74,43457.99,43578.24,29216,70
1737417600,43625.06,43699.56,43220.81,43492.56,17769,140
1737432000,43490.81,43585.56,43485.56,43518.31,10775,140
1737446400,43518.81,43592.41,43492.91,43591.66,14982,120
1737460800,43591.66,43649.41,43513.66,43600.91,15427,120
1737475200,43600.91,43909.91,43570.66,43876.41,50354,45
1737489600,43876.41,43997.31,43847.91,43974.56,24542,45
1737504000,43945.14,43995.64,43927.64,43985.39,7877,140
1737518400,43985.39,44004.89,43971.14,43984.39,3879,140
1737532800,43984.39,44053.74,43949.99,44034.49,9095,120
1737547200,44034.49,44137.49,43998.74,44131.24,9751,120
1737561600,44131.74,44136.99,43979.74,44052.24,38898,70
1737576000,44052.24,44144.74,44049.49,44082.89,20730,70
1737590400,44095.23,44106.73,44068.73,44072.23,5020,140
1737604800,44072.23,44082.73,44056.73,44064.48,4335,140
1737619200,44064.23,44087.33,44046.83,44080.83,8647,120
1737633600,44080.83,44162.58,44078.83,44137.33,10910,120
1737648000,44138.33,44439.08,44095.83,44437.08,36380,70
1737662400,44436.33,44492.58,44393.58,44466.98,23729,70
1737676800,44456.36,44474.86,44447.86,44464.86,4249,140
1737691200,44464.86,44510.11,44446.36,44457.86,6995,140
1737705600,44457.86,44497.96,44434.21,44444.96,8960,120
1737720000,44443.96,44450.96,44344.21,44398.96,8915,120
1737734400,44398.71,44480.21,44322.21,44409.21,37378,70
1737748800,44409.21,44421.21,44259.71,44338.71,26654,70
1737936000,44230.67,44315.67,44131.42,44160.92,12919,140
1737950400,44158.67,44225.92,44089.92,44105.92,12167,140
1737964800,44106.42,44115.17,43767.52,43996.52,33135,120
1737979200,43996.52,44093.27,43882.77,44041.27,38246,120
1737993600,44040.77,44517.27,43977.52,44422.27,63076,70
1738008000,44423.27,44689.92,44395.27,44649.92,47887,70
1738022400,44644.26,44662.76,44545.01,44561.26,13379,140
1738036800,44561.51,44628.26,44537.26,44576.26,13088,140
1738051200,44576.26,44702.36,44508.26,44692.36,19958,120
1738065600,44692.61,44725.36,44598.36,44612.36,17592,120
1738080000,44612.36,44925.61,44562.61,44806.36,50856,70
1738094400,44806.61,44857.61,44722.61,44780.76,28854,70
1738108800,44782.6,44796.6,44756.85,44770.6,5226,140
1738123200,44770.6,44805.85,44757.6,44777.85,4150,140
1738137600,44785.1,44847.85,44722.95,44756.2,13644,120
1738152000,44756.45,44824.2,44701.45,44743.7,14454,120
1738166400,44743.7,44913.2,44722.95,44739.95,42827,70
1738180800,44740.2,44805.6,44522.7,44733.35,61408,70
1738195200,44690.17,44797.92,44640.42,44774.92,10699,140
1738209600,44774.92,44798.92,44741.92,44758.92,4959,140
1738224000,44758.92,44859.02,44742.17,44840.27,9435,120
1738238400,44840.02,44871.02,44564.52,44637.02,18691,120
1738252800,44636.52,44851.52,44565.02,44780.77,57579,70
1738267200,44780.77,44970.27,44587.02,44848.92,38205,70
1738281600,44883.26,44914.51,44819.76,44902.26,9267,140
1738296000,44902.01,44917.76,44874.01,44912.76,5910,140
1738310400,44911.26,45014.36,44906.76,44969.11,9099,120
1738324800,44969.36,45012.36,44929.36,44958.36,11384,120
1738339200,44958.36,44982.86,44768.11,44831.61,43190,70
1738353600,44831.61,44862.61,44445.61,44479.36,53183,70
1738540800,44049.25,44099.75,43863.75,43959.0,23656,140
1738555200,43959.0,43966.0,43775.75,43869.0,18579,140
1738569600,43869.0,44009.35,43824.0,43865.6,27399,120
1738584000,43863.85,43978.6,43810.1,43892.6,26005,120
1738598400,43892.6,44473.1,43828.85,44367.1,77772,70
1738612800,44366.85,44626.0,44284.1,44560.25,54170,70
1738627200,44618.56,44628.31,44441.56,44476.81,9938,140
1738641600,44477.56,44481.06,44167.31,44316.81,17908,140
1738656000,44317.31,44364.41,44180.16,44254.41,22761,120
1738670400,44253.41,44341.91,44235.16,44296.91,19704,120
1738684800,44297.41,44500.66,44278.16,44473.16,50264,70
1738699200,44473.16,44559.41,44412.41,44479.06,30972,70
1738713600,44470.18,44525.93,44456.43,44460.18,10322,140
1738728000,44460.18,44475.68,44388.18,44391.18,8740,140
1738742400,44391.68,44474.28,44364.28,44365.53,17759,120
1738756800,44366.28,44529.78,44351.78,44476.28,15534,120
1738771200,44476.03,44669.53,44294.03,44654.03,46468,70
1738785600,44654.53,44880.18,44642.53,44868.93,24169,70
1738800000,44863.8,44909.55,44839.05,44895.55,6158,140
1738814400,44895.55,44942.3,44883.05,44936.05,4856,140
1738828800,44936.05,44966.65,44885.4,44928.65,8781,120
1738843200,44928.65,45010.65,44813.65,44903.65,13701,120
1738857600,44902.9,44949.15,44638.4,44726.9,40296,70
1738872000,44726.9,44735.9,44492.9,44626.3,32451,70
1738886400,44634.89,44718.64,44623.39,44705.89,5552,140
1738900800,44706.64,44712.89,44652.89,44654.89,3612,140
1738915200,44653.89,44736.74,44631.64,44734.99,8664,120
1738929600,44733.99,44767.74,44611.49,44752.99,13392,120
1738944000,44752.99,44801.74,44313.49,44365.24,72983,70
1738958400,44365.24,44462.74,44225.24,44263.49,37509,70
1739145600,44150.82,44374.57,44142.32,44350.57,10382,140
1739160000,44350.57,44364.82,44331.07,44337.32,5704,140
1739174400,44338.32,44406.17,44321.67,44390.42,8577,120
1739188800,44390.42,44533.42,44388.42,44532.42,9293,120
1739203200,44532.42,44584.42,44256.67,44363.67,39857,70
1739217600,44362.67,44457.92,44361.67,44435.82,22780,70
1739232000,44411.04,44415.04,44341.79,44362.04,6088,140
1739246400,44362.04,44379.04,44320.04,44371.04,5813,140
1739260800,44370.79,44378.14,44301.64,44329.14,10048,120
1739275200,44329.14,44367.14,44282.14,44291.89,12473,120
1739289600,44290.89,44501.39,44250.39,44435.39,40621,70
1739304000,44435.39,44603.39,44406.39,44554.04,25381,70
1739318400,44574.63,44595.38,44534.63,44579.38,6067,140
1739332800,44579.38,44581.38,44531.63,44533.63,4649,140
1739347200,44534.13,44559.58,44448.58,44501.58,5716,100
1739361600,44501.58,44563.58,44103.58,44163.58,13449,350
1739376000,44163.58,44423.58,44048.58,44416.58,46201,400
1739390400,44416.58,44430.58,44259.58,44366.08,24185,300
1739404800,44375.93,44419.93,44364.93,44399.93,4005,400
1739419200,44399.93,44429.93,44376.93,44410.93,3059,300
1739433600,44410.93,44423.93,44224.93,44312.43,10784,400
1739448000,44311.93,44448.3,44297.43,44443.0,17362,120
1739462400,44443.0,44509.1,44329.3,44430.6,52124,50
1739476800,44429.6,44753.6,44377.6,44702.6,40233,50
1739491200,44688.9,44729.9,44669.4,44725.9,4582,120
1739505600,44726.9,44732.9,44693.9,44695.9,2577,120
1739520000,44694.9,44732.3,44600.9,44611.4,7277,120
1739534400,44610.4,44624.4,44515.4,44621.9,10335,120
1739548800,44622.4,44738.7,44524.3,44571.8,42243,50
1739563200,44572.8,44623.6,44470.2,44514.7,20376,50
1739750400,44560.9,44562.4,44500.9,44549.4,3615,120
1739764800,44548.9,44581.9,44543.4,44571.4,1880,120
1739779200,44571.9,44590.4,44536.4,44586.4,3126,120
1739793600,44586.4,44633.4,44563.9,44625.4,2433,120
1739808000,44624.4,44658.4,44567.6,44641.9,6000,50
1739836800,44632.6,44634.1,44576.1,44587.6,3159,120
1739851200,44586.6,44595.1,44565.6,44572.6,2111,120
1739865600,44572.1,44650.1,44538.6,44541.1,6868,120
1739880000,44541.6,44630.6,44520.1,44601.6,6579,120
1739894400,44601.6,44606.1,44368.0,44472.0,45742,50
1739908800,44472.5,44573.5,44307.0,44540.0,32394,50
1739923200,44562.8,44596.8,44544.3,44590.8,3004,120
1739937600,44589.8,44599.8,44575.3,44587.8,2209,120
1739952000,44587.8,44602.8,44553.3,44573.8,4486,120
1739966400,44573.3,44578.8,44418.0,44440.0,9711,120
1739980800,44440.0,44474.9,44336.9,44395.4,42281,50
1739995200,44395.9,44632.9,44305.9,44572.4,30743,50
1740009600,44583.1,44594.1,44543.1,44544.6,4554,120
1740024000,44544.1,44563.1,44515.1,44517.1,3685,120
1740038400,44517.6,44572.1,44514.1,44565.6,5388,120
1740052800,44565.6,44583.6,44458.1,44474.6,7829,120
1740067200,44474.1,44516.0,43952.0,44001.5,59089,50
1740081600,44001.5,44193.5,43943.1,44164.0,35033,50
1740096000,44173.3,44215.8,44170.8,44180.3,3893,120
1740110400,44180.8,44194.8,44160.8,44171.3,2719,120
1740124800,44169.3,44226.3,44164.3,44215.8,6509,120
1740139200,44216.3,44247.3,43911.8,43925.3,10152,120
1740153600,43924.8,44000.3,43575.2,43592.2,65133,50
1740168000,43592.7,43599.2,43334.7,43412.2,57217,50
1740355200,43463.0,43595.5,43441.5,43576.5,7674,120
1740369600,43577.5,43643.5,43574.5,43638.5,3717,120
1740384000,43637.5,43742.5,43537.5,43703.0,13630,120
1740398400,43703.5,43756.0,43645.5,43647.5,9882,120
1740412800,43646.5,43677.6,43350.8,43623.6,76905,50
1740427200,43622.6,43706.6,43433.0,43499.9,48070,50
1740441600,43525.2,43571.7,43460.7,43569.7,7502,120
1740456000,43569.7,43586.2,43525.7,43536.7,4628,120
1740470400,43536.7,43542.2,43357.2,43375.2,15994,120
1740484800,43374.7,43584.7,43321.2,43563.7,16071,120
1740499200,43564.7,43737.0,43277.0,43624.6,84175,50
1740513600,43623.6,43773.1,43472.1,43676.6,63301,50
1740528000,43711.9,43718.9,43644.9,43652.4,4793,120
1740542400,43652.9,43723.9,43630.9,43718.9,4682,120
1740556800,43718.4,43758.4,43677.9,43736.9,7515,120
1740571200,43736.9,43780.9,43672.4,43686.9,10968,120
1740585600,43687.4,43867.7,43442.2,43485.2,74973,50
1740600000,43481.2,43532.7,43268.7,43431.2,69161,50
1740614400,43408.9,43420.9,43329.9,43387.9,10492,120
1740628800,43386.9,43561.9,43379.9,43540.4,6714,120
1740643200,43540.9,43585.9,43477.9,43552.9,12735,120
1740657600,43552.4,43605.4,43338.4,43388.9,18218,120
1740672000,43388.4,43888.3,43373.4,43670.8,87324,50
1740686400,43670.3,43764.8,43218.3,43257.3,67639,50
1740700800,43276.1,43286.1,43093.6,43189.6,11893,120
1740715200,43190.1,43239.9,43105.6,43221.9,15189,120
1740729600,43221.4,43349.4,43189.4,43327.9,16953,120
1740744000,43327.9,43469.9,43326.9,43407.4,17859,120
1740758400,43408.9,43535.2,43182.7,43188.2,83891,50
1740772800,43187.7,43863.2,43085.7,43817.2,68286,50
1740960000,43796.1,43900.6,43725.1,43789.6,16802,120
1740974400,43790.1,43880.6,43745.6,43866.6,10933,120
1740988800,43866.1,43905.1,43738.6,43896.6,20844,120
1741003200,43896.1,44023.6,43863.6,43923.6,17766,120
1741017600,43923.6,44046.9,43617.8,43688.3,85696,50
1741032000,43687.3,43696.3,42913.8,43253.3,79324,50
1741046400,43251.6,43295.1,43157.1,43167.1,15718,120
1741060800,43167.6,43288.6,43136.6,43250.1,16645,120
1741075200,43249.1,43276.1,43137.1,43180.1,27417,120
1741089600,43179.6,43197.1,42985.1,43032.1,36702,120
1741104000,43032.1,43093.1,42352.9,42526.9,101373,50
1741118400,42526.9,43082.4,42414.4,42767.4,86087,50
1741132800,42777.0,42828.5,42638.5,42721.0,17828,120
1741147200,42721.5,42799.5,42650.5,42753.5,14612,120
1741161600,42752.0,42863.0,42696.0,42837.0,24942,120
1741176000,42838.0,42858.0,42479.5,42501.5,33964,120
1741190400,42502.0,42854.4,42409.9,42840.9,97313,0
1741204800,42841.4,43132.4,42658.9,42985.9,77872,50
1741219200,43004.5,43035.0,42947.0,42978.5,8774,120
1741233600,42978.0,43023.0,42943.0,42971.0,8876,120
1741248000,42971.0,43033.0,42628.5,42651.0,30158,70
1741262400,42651.5,42692.0,42523.5,42618.5,31542,120
1741276800,42619.0,42981.9,42379.5,42527.9,95201,50
1741291200,42528.9,42688.4,42366.9,42609.4,78065,50
1741305600,42588.5,42694.5,42581.0,42665.0,11971,120
1741320000,42665.5,42697.0,42582.0,42593.5,11873,120
1741334400,42594.0,42685.2,42547.0,42663.7,24343,120
1741348800,42664.2,42850.5,42427.0,42449.0,29886,120
1741363200,42448.0,42730.3,42161.3,42481.3,105939,50
1741377600,42480.8,42897.8,42471.8,42790.8,76301,50
1741564800,42548.6,42629.6,42383.6,42627.6,23702,120
1741579200,42625.6,42659.0,42581.0,42592.0,11586,120
1741593600,42592.0,42652.5,42311.0,42432.0,30485,120
1741608000,42432.5,42558.4,42253.0,42497.4,44842,50
1741622400,42498.9,42514.4,41974.1,41983.0,103617,50
1741636800,41982.5,42049.5,41612.0,41950.5,60915,50
1741651200,41922.5,41971.5,41609.0,41794.5,31275,120
1741665600,41794.0,42059.0,41785.0,42035.0,25015,120
1741680000,42035.5,42062.5,41942.0,42008.5,27627,20
1741694400,42008.0,42076.5,41605.9,41646.9,41056,50
1741708800,41645.9,41801.9,41170.9,41278.4,110706,0
1741723200,41278.4,41799.4,41267.4,41424.9,65580,50
1741737600,41469.8,41541.8,41407.8,41522.8,17236,120
1741752000,41522.8,41562.3,41468.3,41545.3,10013,120
1741766400,41545.3,41634.8,41432.8,41621.3,26470,120
1741780800,41621.8,41974.8,41281.6,41343.1,47423,50
1741795200,41342.6,41543.1,41001.6,41330.1,96801,50
1741809600,41331.6,41566.6,41297.1,41315.6,48497,50
1741824000,41315.4,41443.9,41287.9,41394.9,14336,120
1741838400,41392.9,41400.9,41180.9,41223.4,17183,120
1741852800,41223.4,41364.9,41097.4,41360.4,32527,120
1741867200,41359.9,41385.9,41108.8,41164.8,45589,50
1741881600,41163.3,41355.8,40653.8,40673.3,97365,50
1741896000,40672.3,40986.3,40663.8,40851.8,51836,50
1741910400,40891.5,41036.2,40866.5,40993.2,17474,120
1741924800,40992.2,41053.2,40991.7,41011.2,9894,120
1741939200,41011.2,41065.2,40936.7,41034.2,23613,120
1741953600,41034.7,41247.1,40904.6,41176.6,39461,50
1741968000,41177.6,41485.0,40986.5,41321.5,88084,50
1741982400,41322.5,41520.5,41321.5,41410.0,42596,50
1742169600,41405.8,41409.5,41250.1,41304.4,10801,40
1742184000,41304.5,41308.4,41260.5,41288.5,5028,100
1742198400,41288.4,41304.7,41211.0,41274.6,14036,70
1742212800,41274.4,41762.6,41241.4,41659.3,25213,30
1742227200,41660.6,41885.7,41556.5,41880.1,56346,30
1742241600,41879.9,42010.5,41807.4,41845.5,24379,80
1742256000,41839.93,41889.2,41770.1,41776.8,7293,90
1742270400,41775.9,41787.6,41718.1,41747.1,4317,90
1742284800,41747.8,41872.0,41736.1,41821.6,11692,50
1742299200,41821.1,41822.3,41579.9,41596.1,28635,40
1742313600,41595.8,41693.6,41394.9,41547.7,62341,30
1742328000,41547.8,41644.3,41490.9,41574.0,30939,50
1742342400,41574.4,41691.9,41523.5,41642.3,7205,70
1742356800,41643.0,41663.6,41596.6,41614.5,4053,80
1742371200,41614.0,41652.3,41506.5,41638.8,14868,40
1742385600,41638.6,41824.9,41565.3,41783.0,21087,0
1742400000,41783.3,41957.6,41648.3,41680.4,38403,50
1742414400,41680.8,42180.2,41630.9,41967.7,39970,30
1742428800,41970.9,42087.0,41970.9,42054.9,5540,80
1742443200,42054.5,42114.8,42046.0,42104.1,3426,70
1742457600,42103.7,42128.8,41942.1,41962.0,11630,40
1742472000,41962.0,41968.9,41673.5,41918.7,34101,30
1742486400,41921.0,42243.0,41869.0,41905.8,63130,30
1742500800,41905.7,41992.2,41814.9,41957.2,31107,50
1742515200,41940.9,41986.8,41893.3,41983.5,6028,50
1742529600,41983.1,41986.0,41849.1,41882.8,6259,70
1742544000,41882.8,41957.9,41728.6,41801.5,17210,30
1742558400,41801.6,41868.9,41453.3,41542.3,30960,30
1742572800,41544.3,41996.3,41405.4,41930.4,58328,0
1742587200,41931.8,41999.3,41808.4,41973.7,26756,40
1742774400,42155.8,42226.1,42135.4,42206.6,6562,90
1742788800,42206.5,42224.6,42193.3,42217.0,2500,100
1742803200,42216.6,42353.9,42213.0,42298.0,10093,60
1742817600,42297.6,42494.7,42281.8,42480.7,18704,40
1742832000,42480.8,42582.3,42395.8,42452.9,36896,50
1742846400,42453.1,42629.6,42368.7,42552.2,19439,50
1742860800,42555.9,42566.9,42499.4,42537.5,3817,60
1742875200,42537.3,42537.3,42483.2,42490.4,2344,70
1742889600,42490.2,42526.3,42467.5,42519.9,8392,50
1742904000,42519.4,42694.2,42485.1,42530.0,17996,50
1742918400,42534.8,42676.6,42489.3,42500.5,36377,50
1742932800,42499.5,42609.7,42436.9,42597.0,21101,30
1742947200,42609.9,42642.0,42582.7,42609.5,3308,90
1742961600,42609.2,42611.2,42546.3,42548.4,3132,90
1742976000,42548.7,42596.6,42512.5,42516.1,9123,60
1742990400,42514.7,42818.9,42510.2,42740.3,18890,40
1743004800,42739.0,42814.2,42359.6,42378.9,54376,30
1743019200,42381.7,42493.4,42324.0,42414.3,30352,60
1743033600,42268.9,42422.1,42263.3,42417.1,10655,50
1743048000,42416.9,42551.1,42416.8,42507.3,4489,60
1743062400,42508.2,42566.6,42391.2,42531.2,17230,60
1743076800,42529.9,42558.1,42145.9,42394.8,29704,30
1743091200,42390.6,42526.4,42205.0,42235.1,61871,50
1743105600,42235.4,42461.5,42231.9,42307.4,32234,30
1743120000,42295.52,42327.8,42232.2,42298.6,5693,100
1743134400,42299.1,42349.7,42296.7,42331.7,3269,100
1743148800,42331.4,42354.8,42142.7,42217.6,15069,40
1743163200,42218.7,42293.8,41989.0,41998.0,27718,60
1743177600,41970.2,42036.4,41501.9,41585.9,63691,40
1743192000,41584.6,41610.7,41406.4,41411.5,31937,40
1743379200,41373.9,41431.7,41268.9,41371.2,11002,60
1743393600,41371.2,41432.8,41341.3,41422.0,9305,50
1743408000,41421.4,41441.9,41300.3,41324.2,20778,30
1743422400,41321.7,41343.7,41234.2,41325.3,20173,70
1743436800,41325.1,41726.7,41146.7,41661.8,65300,0
1743451200,41662.0,42139.2,41596.0,41935.8,49973,40
1743465600,41934.56,41952.8,41809.8,41847.9,9609,30
1743480000,41847.7,41928.7,41816.5,41868.8,7799,90
1743494400,41865.8,42027.1,41833.1,41923.1,16799,60
1743508800,41922.9,41976.7,41693.9,41787.5,26730,40
1743523200,41788.7,42143.4,41504.5,42006.8,77410,40
1743537600,42006.2,42038.2,41681.0,41958.4,56482,40
1743552000,41952.3,42092.5,41911.9,41929.2,8448,40
1743566400,41929.1,41958.6,41909.3,41925.5,6150,60
1743580800,41926.6,41978.8,41851.1,41873.4,14544,60
1743595200,41873.1,41910.7,41612.0,41678.6,22636,40
1743609600,41678.7,42297.7,41621.8,42276.2,71701,40
1743624000,42274.8,42570.4,41612.9,41764.9,71179,0
1743638400,41520.25,41543.7,41030.9,41279.9,19555,30
1743652800,41280.4,41470.3,41278.9,41362.8,18207,40
1743667200,41363.0,41394.6,41108.6,41236.0,28979,26
1743681600,41232.1,41260.0,40937.9,40948.9,30848,60
1743696000,40948.8,41164.7,40601.2,40929.3,87993,10
1743710400,40929.1,40991.3,40394.2,40416.9,67030,40
1743724800,40426.0,40485.0,40327.8,40408.0,13431,90
1743739200,40407.7,40441.6,40195.6,40208.4,18143,40
1743753600,40208.3,40446.2,40079.2,40118.2,35268,40
1743768000,40118.0,40154.8,38926.0,39495.3,65543,0
1743782400,39495.9,39615.9,38763.3,38849.8,98428,0
1743796800,38850.3,39058.3,38198.9,38252.9,73604,30
1743984000,37373.3,37467.5,36424.9,37146.8,30580,0
1743998400,37145.8,37575.1,37053.1,37213.6,38637,30
1744012800,37213.8,37479.1,36599.1,36970.4,53818,30
1744027200,36972.4,37746.8,36762.9,37617.6,61158,0
1744041600,37617.6,39197.5,36587.9,37339.7,64187,0
1744056000,37341.4,38358.1,37326.3,38220.6,40483,0
1744070400,38290.61,38650.3,38231.4,38421.1,15700,30
1744084800,38421.1,38741.5,38337.3,38615.5,21766,30
1744099200,38614.0,38766.8,38470.8,38739.6,30436,30
1744113600,38739.3,39193.0,38586.1,39024.0,38339,30
1744128000,39016.9,39450.5,38332.4,38342.3,97276,0
1744142400,38342.3,38438.1,37097.9,37550.7,76520,0
1744156800,37560.62,37562.62,37047.1,37126.0,22333,40
1744171200,37126.6,37565.3,36769.1,36875.6,32922,30
1744185600,36875.6,37899.6,36685.1,37620.4,42034,0
1744200000,37625.3,37689.6,36715.2,37066.9,42964,40
1744214400,37066.9,38026.3,37064.1,37931.3,84216,0
1744228800,37931.1,40824.2,37637.8,40798.8,68308,0
1744243200,40715.08,40909.5,40636.9,40774.6,15662,70
1744257600,40774.5,40824.8,40439.3,40462.1,25388,90
1744272000,40462.7,40673.8,39862.9,39939.1,41359,50
1744286400,39938.3,40261.7,39837.2,40000.8,41338,30
1744300800,39999.0,40134.7,38394.6,39061.0,96288,0
1744315200,39060.7,39809.3,38606.8,39556.3,82644,30
1744329600,39565.9,39749.3,38993.5,39089.3,17896,40
1744344000,39087.8,39661.1,39047.7,39604.4,24141,30
1744358400,39608.4,40041.9,39248.4,39345.9,41283,30
1744372800,39343.7,39913.0,39304.9,39632.7,38071,40
1744387200,39632.7,40085.9,39236.9,40014.1,93696,0
1744401600,40015.1,40395.9,39840.4,40177.7,67684,30
1744588800,40488.9,40578.9,40222.9,40292.9,9696,1020
1744603200,40291.9,40416.9,39916.9,40411.9,7272,920
1744617600,40411.9,40624.2,40338.9,40600.4,7165,100
1744632000,40600.7,40737.1,40454.9,40662.9,15959,60
1744646400,40663.6,40780.2,40144.9,40261.5,86644,30
1744660800,40261.9,40765.7,40252.2,40470.2,63762,0
1744675200,40459.71,40502.3,40354.7,40481.2,7358,26
1744689600,40480.3,40527.8,40447.3,40504.2,10629,90
1744704000,40504.0,40670.1,40453.1,40578.9,22202,90
1744718400,40579.9,40619.3,40327.5,40439.5,27695,30
1744732800,40441.8,40803.5,40441.8,40524.0,78631,0
1744747200,40522.7,40585.0,40320.5,40342.8,53709,70
1744761600,40161.12,40244.8,40124.8,40199.2,10233,40
1744776000,40199.1,40280.6,40197.4,40208.3,9145,50
1744790400,40210.6,40507.3,39984.2,40272.1,30845,0
1744804800,40272.5,40395.5,40245.2,40272.4,28258,30
1744819200,40268.6,40419.7,40012.0,40105.7,77581,30
1744833600,40105.5,40167.7,39384.2,39631.4,72140,0
1744848000,39662.9,39813.7,39573.4,39801.1,10303,50
1744862400,39798.9,39939.2,39768.9,39921.3,9476,80
1744876800,39921.4,40099.3,39904.8,39934.5,19288,60
1744891200,39935.3,40028.7,39004.4,39173.7,29797,0
1744905600,39173.0,39408.2,38935.3,39382.5,89360,0
1744920000,39382.4,39438.4,39083.0,39211.3,62804,30
1745193600,39023.6,39058.4,38878.9,38915.1,6650,60
1745208000,38916.6,38922.0,38745.1,38805.8,11013,30
1745222400,38806.3,38864.5,38711.3,38780.9,8969,40
1745236800,38782.4,38866.7,38650.0,38795.9,14511,50
1745251200,38795.7,38856.9,37996.5,38027.4,57683,30
1745265600,38027.3,38192.2,37802.7,38108.5,50157,30
1745280000,38109.6,38300.9,38073.4,38286.0,7865,0
1745294400,38285.9,38395.8,38246.9,38270.9,12868,40
1745308800,38270.7,38600.7,38256.1,38479.7,21125,23
1745323200,38480.9,38547.0,38410.6,38541.5,19706,40
1745337600,38541.4,39276.0,38513.3,39159.6,65608,30
1745352000,39161.1,39261.6,38782.3,39193.4,58342,30
1745366400,39194.5,39879.5,39194.5,39667.0,13974,0
1745380800,39666.7,39702.7,39544.6,39643.5,12170,30
1745395200,39638.2,39884.3,39573.0,39828.3,17610,40
1745409600,39828.1,39988.2,39771.2,39980.2,17982,40
1745424000,39979.2,40373.5,39539.8,39781.5,80969,0
1745438400,39778.5,39881.4,39482.0,39604.6,62170,0
1745452800,39570.4,39621.5,39449.1,39560.8,8563,30
1745467200,39565.7,39598.7,39438.2,39490.3,10810,90
1745481600,39491.4,39517.9,39231.7,39305.9,23582,40
1745496000,39305.8,39556.4,39295.3,39489.5,21432,30
1745510400,39487.6,40069.5,39367.8,40032.8,56434,30
1745524800,40032.4,40219.0,39926.3,40072.3,39747,30
1745539200,40098.9,40144.5,40033.3,40130.8,5243,60
1745553600,40130.5,40195.5,40007.9,40082.5,11158,80
1745568000,40082.7,40185.5,39998.4,40088.8,18357,30
1745582400,40090.8,40127.8,39817.8,39912.3,24664,40
1745596800,39911.5,40058.4,39678.9,39987.1,59848,0
1745611200,39987.1,40109.5,39840.1,40077.6,39410,30
1745798400,40034.7,40062.5,39926.3,39935.3,5287,70
1745812800,39934.6,39970.5,39909.1,39938.1,5119,50
1745827200,39937.1,40070.6,39894.8,40068.6,10463,40
1745841600,40068.8,40145.2,39994.1,40137.7,13211,70
1745856000,40137.4,40405.4,39924.6,39952.9,67065,30
1745870400,39952.9,40299.8,39854.0,40186.3,40397,40
1745884800,40168.69,40254.6,40148.4,40245.9,4113,80
1745899200,40245.5,40318.2,40223.3,40244.5,6907,40
1745913600,40244.2,40335.9,40214.5,40315.1,12029,50
1745928000,40315.7,40416.2,40249.9,40283.0,18315,40
1745942400,40283.6,40521.5,40174.8,40347.2,68464,40
1745956800,40346.9,40623.3,40323.6,40569.3,42032,30
1745971200,40568.84,40585.0,40462.6,40473.9,4839,90
1745985600,40473.8,40487.6,40384.1,40439.5,6706,40
1746000000,40440.4,40572.3,40413.6,40503.4,10171,80
1746014400,40500.4,40619.6,40141.6,40208.3,17153,40
1746028800,40209.2,40363.1,39735.8,40327.6,77154,0
1746043200,40328.0,40794.7,40171.3,40708.4,58732,0
1746057600,40713.2,40839.6,40698.9,40808.3,8463,60
1746072000,40808.4,40878.6,40798.1,40868.3,6011,40
1746086400,40868.6,40912.6,40784.3,40900.8,9690,80
1746100800,40901.1,40997.1,40809.2,40809.5,15725,30
1746115200,40809.7,41080.4,40737.9,40777.5,61017,40
1746129600,40773.9,40959.2,40594.1,40670.1,44834,30
1746144000,40672.94,41046.6,40632.9,41030.1,10304,50
1746158400,41028.4,41127.0,41002.2,41078.9,11868,80
1746172800,41080.9,41086.0,40862.9,40864.6,16119,30
1746187200,40864.2,41185.6,40835.9,41183.5,15523,60
1746201600,41184.4,41374.6,41010.8,41345.0,59155,0
1746216000,41345.9,41359.8,41222.6,41272.9,33981,30
1746403200,41262.4,41266.3,41061.2,41103.3,7354,30
1746417600,41102.8,41104.7,40985.3,40990.5,7450,30
1746432000,40990.5,41102.7,40990.5,41011.4,11041,60
1746446400,41012.0,41072.3,40979.9,41068.3,11030,70
1746460800,41068.3,41418.8,41025.9,41392.7,50781,40
1746475200,41392.0,41429.7,41170.5,41200.6,28860,50
1746489600,41204.04,41242.1,41182.3,41204.1,3368,100
1746504000,41203.9,41224.1,41140.7,41175.2,5341,90
1746518400,41175.9,41184.1,40927.7,40982.0,10723,60
1746532800,40981.3,41057.5,40886.3,40962.2,14381,60
1746547200,40960.6,41178.1,40753.9,40886.2,55369,0
1746561600,40885.7,40973.7,40670.9,40732.6,40927,40
1746576000,40740.19,41232.9,40730.3,41127.5,14875,40
1746590400,41127.0,41157.4,41007.5,41050.0,10291,80
1746604800,41050.4,41060.7,40971.5,41051.3,11544,30
1746619200,41050.5,41134.7,40990.7,41010.2,13747,50
1746633600,41009.7,41206.5,40927.8,41200.3,57353,30
1746648000,41200.1,41276.4,40812.9,41085.5,56323,0
1746662400,41060.97,41214.8,41020.5,41178.2,5830,70
1746676800,41178.0,41375.2,41156.9,41361.7,11085,60
1746691200,41361.4,41419.4,41270.5,41418.8,9223,30
1746705600,41417.8,41523.1,41264.3,41337.3,13170,30
1746720000,41337.9,41765.4,41144.9,41749.3,63556,30
1746734400,41747.9,41756.8,41346.6,41355.1,41893,40
1746748800,41358.53,41386.2,41196.5,41256.6,5595,80
1746763200,41256.7,41401.0,41248.9,41372.6,7650,70
1746777600,41372.4,41381.8,41261.3,41291.9,12323,50
1746792000,41291.4,41496.6,41243.5,41443.9,15050,30
1746806400,41444.3,41492.8,41107.8,41126.4,59592,50
1746820800,41127.1,41317.8,41108.8,41200.2,31707,0
1747008000,41778.8,41791.9,41593.9,41638.2,11377,90
1747022400,41638.0,41701.9,41631.5,41680.9,6119,60
1747036800,41682.4,42242.6,41651.9,42056.3,20784,0
1747051200,42058.5,42367.3,42045.3,42278.5,20640,60
1747065600,42279.5,42351.7,42093.8,42281.1,56600,30
1747080000,42281.1,42473.8,42279.6,42439.8,35017,30
1747094400,42422.2,42439.0,42307.5,42314.5,5973,90
1747108800,42315.3,42359.8,42248.7,42278.4,7316,90
1747123200,42278.8,42344.5,42267.2,42303.6,10782,40
1747137600,42303.6,42373.4,42121.8,42219.7,15703,60
1747152000,42218.8,42374.0,42174.8,42199.7,46718,50
1747166400,42200.0,42323.0,42103.9,42136.5,28570,40
1747180800,42166.36,42193.1,42134.1,42148.3,4174,90
1747195200,42148.3,42182.1,42109.9,42165.6,4992,90
1747209600,42165.2,42203.8,42123.1,42176.0,10338,70
1747224000,42176.5,42232.1,42082.7,42188.3,12185,60
1747238400,42186.5,42249.9,42001.9,42054.5,51251,30
1747252800,42054.7,42119.2,41937.7,42019.3,35170,40
1747267200,42010.32,42015.8,41810.0,41877.0,5149,30
1747281600,41876.9,41888.0,41843.1,41870.3,4072,80
1747296000,41870.7,41881.2,41754.3,41847.0,12607,50
1747310400,41847.1,41952.6,41840.0,41889.0,13282,70
1747324800,41888.5,42242.9,41812.3,42237.2,53032,40
1747339200,42237.5,42364.8,42168.9,42338.1,39061,50
1747353600,42306.86,42339.9,42260.9,42263.5,3477,100
1747368000,42263.4,42298.9,42241.9,42281.5,3584,90
1747382400,42280.5,42439.7,42275.8,42418.6,6705,90
1747396800,42420.3,42450.2,42382.6,42384.7,7490,40
1747411200,42383.5,42511.4,42220.8,42506.6,44297,30
1747425600,42506.8,42651.7,42495.1,42625.8,23040,30
1747612800,42321.02,42422.0,42294.02,42380.4,6655,70
1747627200,42380.9,42438.4,42287.1,42298.7,7562,30
1747641600,42298.6,42335.1,42237.9,42254.3,12875,70
1747656000,42253.5,42415.3,42230.3,42388.4,11134,60
1747670400,42388.4,42779.6,42301.3,42757.9,46788,30
1747684800,42757.4,42826.2,42664.3,42776.3,30200,40
1747699200,42772.09,42879.1,42768.6,42803.7,4230,60
1747713600,42803.6,42803.6,42694.3,42736.6,6030,90
1747728000,42736.6,42767.7,42668.0,42711.4,9501,40
1747742400,42712.3,42804.6,42663.6,42756.1,8858,60
1747756800,42756.6,42794.2,42598.3,42656.8,41510,30
1747771200,42657.7,42696.8,42464.4,42634.6,30517,30
1747785600,42633.45,42646.8,42528.0,42620.4,6003,0
1747800000,42618.8,42631.4,42525.2,42539.0,5239,100
1747814400,42539.4,42569.2,42400.5,42424.4,9667,50
1747828800,42424.5,42439.1,42236.5,42320.5,14326,30
1747843200,42320.5,42432.0,42217.0,42326.2,50257,50
1747857600,42327.7,42341.6,41765.3,41792.8,68746,30
1747872000,41770.9,41889.0,41748.9,41885.9,6181,40
1747886400,41885.4,41908.5,41829.4,41834.9,4586,50
1747900800,41834.5,41909.0,41814.9,41842.9,10594,60
1747915200,41842.5,41885.5,41610.6,41758.9,18502,40
1747929600,41758.1,42023.6,41718.1,41854.7,65178,50
1747944000,41854.9,42091.4,41825.7,41918.1,41089,60
1747958400,41906.9,41938.7,41801.7,41890.2,5044,100
1747972800,41890.1,41925.7,41810.5,41821.8,5776,80
1747987200,41822.7,41935.3,41752.5,41854.5,10544,50
1748001600,41854.4,41854.4,41144.1,41307.9,34106,30
1748016000,41307.0,41647.2,41243.7,41576.4,69825,30
1748030400,41576.9,41764.3,41531.2,41578.7,38905,30
1748217600,41591.4,41977.9,41581.0,41909.3,9165,60
1748232000,41908.1,42005.0,41881.6,41995.8,5752,50
1748246400,41995.6,42105.4,41927.8,42034.7,9075,50
1748260800,42035.3,42091.2,42020.9,42040.7,4638,40
1748275200,42040.6,42081.7,41935.6,42066.1,5332,90
1748304000,42061.0,42065.9,41957.1,42017.8,3838,50
1748318400,42017.5,42017.5,41912.6,41949.5,5515,60
1748332800,41948.6,42205.1,41930.5,42129.2,8551,30
1748347200,42129.6,42188.3,42049.6,42076.5,12032,40
1748361600,42077.5,42307.8,41872.9,42247.6,40996,50
1748376000,42248.5,42401.2,42231.0,42394.8,19448,70
1748390400,42376.9,42405.6,42347.4,42350.0,3376,90
1748404800,42351.1,42364.2,42300.1,42303.8,3332,60
1748419200,42305.8,42321.5,42236.9,42240.8,7031,60
1748433600,42240.9,42368.1,42208.7,42316.8,9225,50
1748448000,42316.6,42441.2,42153.4,42225.7,42254,30
1748462400,42225.8,42269.0,42030.5,42122.5,36186,30
1748476800,42105.13,42640.5,42068.9,42620.7,21839,60
1748491200,42620.5,42708.7,42545.5,42677.8,10522,60
1748505600,42678.2,42712.9,42561.8,42575.2,11184,30
1748520000,42576.6,42583.5,42148.3,42196.8,18293,40
1748534400,42196.9,42268.3,41815.7,42099.9,65385,30
1748548800,42099.9,42266.4,42025.0,42176.7,42243,40
1748563200,42141.9,42186.7,42107.8,42123.0,6812,40
1748577600,42122.5,42167.7,42023.2,42147.5,7030,40
1748592000,42147.7,42207.6,42087.6,42149.0,12472,60
1748606400,42148.6,42197.2,41923.9,42057.5,17659,0
1748620800,42057.6,42268.3,41881.3,41965.4,61793,30
1748635200,41964.9,42363.2,41941.6,42196.9,43621,30
1748822400,42133.2,42170.1,42081.4,42129.7,6235,70
1748836800,42130.6,42154.4,42057.2,42069.5,7132,50
1748851200,42069.7,42092.2,41910.4,42058.0,16560,40
1748865600,42058.2,42161.0,41976.5,42134.0,14459,40
1748880000,42134.2,42151.7,41838.5,42110.9,45150,0
1748894400,42111.4,42350.0,42047.9,42313.0,28792,40
1748908800,42312.57,42313.5,42207.3,42219.5,4013,80
1748923200,42220.5,42229.8,42129.4,42143.2,4470,40
1748937600,42143.2,42177.7,42047.9,42125.2,10690,30
1748952000,42124.6,42254.7,42108.5,42227.1,10422,60
1748966400,42226.9,42511.4,42172.5,42496.3,36928,50
1748980800,42497.7,42571.6,42453.0,42523.8,26588,40
1748995200,42523.48,42575.5,42510.9,42543.0,4244,80
1749009600,42543.3,42558.8,42485.0,42490.6,4051,90
1749024000,42488.7,42628.3,42487.1,42578.4,8597,80
1749038400,42579.3,42612.7,42475.6,42516.4,11236,40
1749052800,42516.9,42643.5,42467.9,42527.3,45099,50
1749067200,42528.4,42589.3,42393.7,42401.8,21821,40
1749081600,42410.0,42435.7,42377.3,42404.7,3412,30
1749096000,42405.4,42421.4,42380.5,42420.1,3182,100
1749110400,42419.8,42532.6,42390.9,42493.6,8279,40
1749124800,42493.2,42655.4,42385.4,42507.3,12955,40
1749139200,42505.3,42592.2,42219.0,42383.0,58478,0
1749153600,42383.5,42553.6,42194.2,42334.0,49555,30
1749168000,42304.68,42429.0,42285.4,42411.5,6659,90
1749182400,42411.9,42452.0,42393.1,42452.0,5601,30
1749196800,42451.2,42514.9,42436.5,42467.3,9421,30
1749211200,42468.6,42625.0,42386.7,42610.4,13698,40
1749225600,42609.8,42900.1,42550.0,42601.6,55406,40
1749240000,42601.4,42782.4,42558.8,42727.1,27956,40
1749427200,42813.1,42818.6,42692.7,42722.7,5884,50
1749441600,42722.8,42723.6,42658.3,42692.5,4072,90
1749456000,42692.0,42807.7,42669.1,42802.8,8484,80
1749470400,42801.6,42825.5,42750.7,42777.4,7917,40
1749484800,42777.8,42806.5,42539.9,42771.3,38222,40
1749499200,42771.6,42870.8,42714.6,42745.4,22345,40
1749513600,42749.53,42795.6,42724.3,42785.0,2960,40
1749528000,42785.1,42906.7,42783.8,42841.3,5568,70
1749542400,42841.4,42857.6,42619.2,42691.4,20550,60
1749556800,42691.3,42776.3,42673.1,42749.4,9971,60
1749571200,42749.5,42869.2,42684.9,42863.3,36623,40
1749585600,42863.0,42914.2,42723.7,42832.8,28353,50
1749600000,42834.52,42895.0,42773.4,42784.3,6542,40
1749614400,42783.9,42799.9,42734.9,42744.2,4951,70
1749628800,42745.0,42836.2,42730.7,42815.7,9026,30
1749643200,42815.9,43082.4,42706.6,42919.2,16282,0
1749657600,42919.1,43046.5,42788.4,43003.4,47845,30
1749672000,43002.9,43108.4,42718.3,42847.6,46794,40
1749686400,42840.4,42880.5,42715.4,42731.3,6534,40
1749700800,42731.5,42771.8,42653.3,42741.9,6576,40
1749715200,42741.8,42810.1,42607.4,42662.6,12944,30
1749729600,42663.4,42739.6,42562.3,42734.7,14829,50
1749744000,42735.1,42925.5,42613.3,42875.4,44591,0
1749758400,42875.9,42974.4,42872.9,42918.9,22161,60
1749772800,43231.23,43232.11,42339.1,42404.7,19455,30
1749787200,42403.6,42428.3,42170.9,42346.1,26574,30
1749801600,42347.7,42505.2,42313.6,42445.2,24412,30
1749816000,42445.4,42581.5,42388.2,42512.5,19839,40
1749830400,42512.4,42591.9,42228.5,42474.4,54279,40
1749844800,42473.3,42481.3,42058.0,42178.2,43984,30
1750032000,42037.5,42233.0,41991.5,42227.5,11080,70
1750046400,42226.0,42248.6,42189.6,42195.6,9827,120
1750060800,42195.1,42410.1,42195.1,42367.1,23172,120
1750075200,42367.1,42468.6,42303.6,42439.6,18890,120
1750089600,42439.6,42712.3,42379.8,42553.4,55293,70
1750104000,42553.9,42618.9,42443.2,42525.7,38685,70
1750118400,42540.9,42553.4,42265.4,42376.9,14340,120
1750132800,42379.4,42418.4,42285.4,42356.9,13406,120
1750147200,42356.4,42398.9,42181.9,42280.4,19042,120
1750161600,42280.4,42363.4,42205.4,42279.4,10897,120
1750176000,42278.4,42539.7,42257.9,42380.4,54893,70
1750190400,42379.4,42416.4,42124.4,42211.6,55772,70
1750204800,42181.3,42231.3,42076.3,42215.3,10620,120
1750219200,42215.8,42258.8,42189.3,42216.3,7586,120
1750233600,42215.8,42314.8,42214.3,42273.3,13194,120
1750248000,42273.8,42325.3,42157.0,42214.5,14518,120
1750262400,42215.5,42516.3,42176.3,42316.3,46251,70
1750276800,42317.3,42440.8,42107.3,42180.3,57117,70
1750291200,42165.0,42182.5,42048.0,42107.0,6109,120
1750305600,42107.5,42140.0,41957.5,42135.0,9021,120
1750320000,42134.5,42136.0,41925.5,42005.5,15362,120
1750334400,42006.0,42044.0,41872.0,41890.5,11382,120
1750348800,41891.0,41928.0,41750.2,41771.7,22239,70
1750377600,41923.9,42083.4,41922.9,42045.9,11055,120
1750392000,42046.9,42085.9,41961.9,42073.9,8900,120
1750406400,42073.4,42182.6,42035.6,42047.1,14188,120
1750420800,42046.6,42338.1,42042.6,42312.1,19920,120
1750435200,42313.1,42428.3,42149.4,42260.9,69131,70
1750449600,42261.9,42304.9,42079.9,42193.8,42678,70
1750636800,41880.8,42142.4,41870.3,42030.9,12106,120
1750651200,42031.4,42085.4,42014.4,42067.9,7265,120
1750665600,42069.9,42299.4,42066.9,42261.9,16494,120
1750680000,42262.4,42280.4,42070.9,42232.4,17381,120
1750694400,42232.9,42432.6,41971.1,42070.6,66179,70
1750708800,42073.6,42617.6,42049.6,42600.3,48820,70
1750723200,42593.9,42798.4,42583.4,42780.9,11760,120
1750737600,42779.9,42825.9,42754.4,42800.4,8355,120
1750752000,42799.4,43022.9,42796.9,42890.9,19963,0
1750766400,42889.9,42941.9,42806.8,42855.8,15315,120
1750780800,42856.3,43117.7,42776.6,43066.3,43832,70
1750795200,43067.3,43184.4,43029.9,43075.9,23995,70
1750809600,43068.1,43121.6,43046.1,43113.6,5120,120
1750824000,43113.1,43123.1,43074.6,43122.6,3715,120
1750838400,43122.1,43141.1,43052.1,43109.6,8194,70
1750852800,43109.6,43124.6,43048.6,43101.1,8348,120
1750867200,43101.1,43104.1,42938.7,42940.7,43213,70
1750881600,42942.7,43007.9,42851.7,42979.9,29028,70
1750896000,42974.2,43021.2,42965.7,43008.7,4174,120
1750910400,43009.2,43047.7,42980.7,43040.7,3888,120
1750924800,43039.7,43122.2,43029.7,43096.2,7896,120
1750939200,43096.7,43135.7,43044.7,43112.7,9795,120
1750953600,43109.2,43365.9,43082.7,43341.9,37642,20
1750968000,43341.4,43445.9,43317.4,43416.4,22667,70
1750982400,43449.3,43516.8,43441.3,43459.3,5940,70
1750996800,43458.8,43508.8,43448.8,43477.8,3650,120
1751011200,43476.8,43584.8,43476.8,43533.8,8018,120
1751025600,43533.8,43590.3,43506.8,43548.3,8434,120
1751040000,43547.3,43968.4,43524.6,43914.9,40268,20
1751054400,43915.9,43915.9,43555.4,43808.6,42070,70
1751241600,43962.6,44053.3,43936.3,44031.5,5613,120
1751256000,44030.0,44074.5,44013.5,44057.0,4440,120
1751270400,44056.5,44124.0,44026.0,44032.0,8158,120
1751284800,44033.0,44076.0,43996.0,44034.5,6492,120
1751299200,44035.0,44071.0,43887.2,43987.2,40382,0
1751313600,43986.7,44134.5,43876.2,44039.5,32772,70
1751328000,44039.1,44130.1,44024.1,44123.1,4096,120
1751342400,44124.1,44131.1,44036.0,44038.0,4715,120
1751356800,44038.5,44102.0,44025.0,44064.0,10398,120
1751371200,44064.0,44073.0,43988.0,44046.0,10165,120
1751385600,44046.0,44606.6,44010.7,44425.6,58809,70
1751400000,44426.6,44594.6,44407.1,44519.1,37047,70
1751414400,44504.2,44536.2,44488.7,44520.7,3680,120
1751428800,44520.2,44617.7,44471.7,44596.2,5232,120
1751443200,44595.7,44655.7,44527.6,44554.1,11353,120
1751457600,44554.1,44618.6,44471.6,44484.6,14476,120
1751472000,44485.1,44546.9,44339.9,44460.2,48688,70
1751486400,44460.7,44514.2,44423.7,44497.7,23939,70
1751500800,44475.6,44508.6,44464.1,44501.1,1640,120
1751544000,44472.6,44610.1,44468.6,44516.6,11177,120
1751558400,44516.1,44882.3,44513.6,44802.3,41402,70
1751572800,44800.3,44847.3,44793.3,44812.3,1680,70
1751587200,44782.4,44789.9,44720.4,44720.9,3792,120
1751601600,44721.4,44729.9,44719.4,44721.9,127,120
1751616000,44624.9,44627.4,44537.9,44566.4,4522,120
1751630400,44565.4,44599.4,44500.9,44572.4,9538,120
1751644800,44572.4,44629.8,44547.8,44563.8,11902,70
1751846400,44715.0,44779.5,44668.9,44720.5,5968,120
1751860800,44720.5,44730.0,44640.5,44675.0,7926,120
1751875200,44674.5,44771.0,44652.5,44727.0,11340,120
1751889600,44727.0,44850.0,44717.5,44751.5,9567,120
1751904000,44752.0,44790.8,44270.5,44303.5,54647,70
1751918400,44302.5,44421.5,44150.7,44292.5,43485,70
1751932800,44305.5,44362.0,44236.5,44348.5,6808,120
1751947200,44348.0,44387.5,44324.0,44366.5,5724,120
1751961600,44367.0,44444.0,44341.0,44366.0,9560,120
1751976000,44365.5,44415.0,44317.0,44355.0,10575,120
1751990400,44354.5,44436.2,44215.2,44270.2,55892,70
1752004800,44272.2,44305.0,44200.2,44237.5,33975,70
1752019200,44246.4,44267.4,44166.4,44187.9,3099,120
1752033600,44187.4,44232.9,44155.9,44216.4,5497,120
1752048000,44215.9,44289.9,44171.4,44266.4,8700,120
1752062400,44266.4,44418.4,44266.4,44396.4,9937,120
1752076800,44396.4,44563.7,44226.7,44296.2,51913,20
1752091200,44297.7,44485.4,44280.2,44459.9,27906,70
1752105600,44446.7,44496.7,44382.7,44387.2,4227,120
1752120000,44387.7,44402.2,44328.2,44336.7,5129,120
1752134400,44337.2,44373.7,44298.7,44350.7,7825,120
1752148800,44351.2,44454.7,44336.2,44382.7,8559,120
1752163200,44382.2,44739.5,44355.7,44696.2,40908,0
1752177600,44696.2,44778.7,44604.1,44606.1,21664,70
1752192000,44619.5,44688.6,44383.1,44430.6,12002,120
1752206400,44430.1,44551.6,44398.6,44532.6,8691,120
1752220800,44532.1,44542.6,44378.1,44417.6,15721,120
1752235200,44417.6,44433.6,44292.1,44383.6,15746,120
1752249600,44382.6,44434.0,44258.5,44349.5,48596,70
1752264000,44348.5,44402.0,44300.5,44344.5,27364,70
1752451200,44147.8,44223.4,44131.9,44167.9,7515,70
1752465600,44167.4,44188.4,44142.4,44169.4,4786,120
1752480000,44168.9,44229.4,44090.4,44205.9,11725,120
1752494400,44206.4,44267.4,44193.9,44219.9,8454,120
1752508800,44219.4,44443.6,44202.4,44385.6,47211,70
1752523200,44385.6,44472.1,44385.1,44439.6,19325,70
1752537600,44430.5,44437.5,44389.5,44412.0,3835,120
1752552000,44412.5,44599.5,44395.0,44468.5,11492,120
1752566400,44468.5,44514.5,44373.5,44398.5,11186,120
1752580800,44398.0,44503.5,44364.5,44414.0,12477,120
1752595200,44413.5,44514.8,44075.4,44076.9,58881,70
1752609600,44076.4,44165.4,43956.9,43963.9,36040,70
1752624000,43971.3,43982.8,43901.3,43960.3,6252,120
1752638400,43959.8,43984.8,43941.8,43954.8,4662,120
1752652800,43956.8,43983.8,43873.3,43958.8,8060,120
1757419200,45578.0,45600.5,45556.5,45581.0,3246,120
1757433600,45581.5,45695.3,45430.8,45623.8,54909,70
1757448000,45623.3,45766.5,45605.8,45660.0,30341,70
1757462400,45638.4,45669.9,45608.4,45645.9,4665,120
1757476800,45646.4,45689.9,45636.9,45687.9,3897,120
1757491200,45688.4,45708.9,45611.4,45625.9,9187,120
1757505600,45626.9,45798.4,45586.9,45717.9,12925,120
1757520000,45716.9,45752.4,45377.1,45493.6,60137,20
1757534400,45493.1,45545.6,45383.6,45485.6,38561,70
1757548800,45482.2,45556.2,45476.2,45538.2,4435,120
1757563200,45537.2,45555.2,45507.2,45509.2,4694,120
1757577600,45510.2,45564.2,45484.2,45534.2,9806,120
1757592000,45535.2,45644.2,45501.7,45642.2,14928,120
1757606400,45641.2,46101.0,45567.4,46075.5,57895,70
1757620800,46076.0,46138.5,46056.0,46106.5,30751,70
1757635200,46117.7,46141.7,46110.7,46129.7,3265,120
1757649600,46130.2,46137.2,46089.7,46119.2,3198,120
1757664000,46119.7,46130.7,45990.2,46042.2,8798,120
1757678400,46041.2,46051.2,45998.2,46040.2,7777,120
1757692800,46039.2,46076.0,45887.0,45910.2,44832,70
1757707200,45912.2,45964.7,45812.7,45835.7,25128,20
1757894400,45849.5,45854.3,45804.8,45833.8,3733,120
1757908800,45835.3,45866.7,45834.3,45864.7,3247,120
1757923200,45864.2,45941.7,45832.7,45921.7,11326,120
1757937600,45921.2,45941.7,45882.7,45932.2,11553,120
1757952000,45932.7,45978.4,45767.4,45835.4,50069,0
1757966400,45835.4,45899.9,45788.4,45856.4,34114,70
1757980800,45856.6,45893.6,45842.6,45871.1,3325,120
1757995200,45872.1,45931.6,45863.1,45920.6,4264,120
1758009600,45919.6,45948.1,45885.1,45917.1,10273,120
1758024000,45917.1,45935.6,45828.1,45839.6,9100,120
1758038400,45839.1,45964.4,45656.9,45777.7,54858,20
1758052800,45778.2,45822.7,45718.7,45788.7,28534,70
1758067200,45796.5,45816.7,45775.1,45788.7,2615,120
1758081600,45788.7,45793.7,45719.7,45741.7,3338,120
1758096000,45742.7,45780.7,45718.2,45771.7,8773,120
1758110400,45771.7,45841.7,45747.7,45837.7,7895,120
1758124800,45838.7,46108.8,45812.2,45952.9,45789,0
1758139200,45951.9,46279.9,45681.9,46035.4,69622,70
1758153600,46031.7,46180.2,46028.2,46100.2,4870,120
1758168000,46101.2,46174.2,46099.2,46167.2,5042,120
1758182400,46166.2,46353.0,46099.0,46338.0,12635,120
1758196800,46338.5,46366.5,46102.5,46103.0,13160,120
1758211200,46102.5,46325.7,45943.7,46271.7,64754,70
1758225600,46271.7,46287.7,46095.7,46196.7,34209,70
1758240000,46209.5,46260.0,46174.0,46197.5,5028,120
1758254400,46197.0,46245.0,46156.5,46206.5,10103,120
1758268800,46209.0,46210.5,46048.5,46164.5,15716,120
1758283200,46165.0,46238.0,46127.0,46217.0,11089,120
1758297600,46217.5,46338.0,46089.2,46256.2,56191,70
1758312000,46256.7,46389.7,46222.7,46301.2,26946,70
1758499200,46275.6,46301.6,46206.7,46214.7,4389,120
1758513600,46215.2,46269.7,46210.7,46242.2,4472,120
1758528000,46242.7,46262.7,46121.7,46181.7,10861,120
1758542400,46181.7,46197.2,46099.7,46109.7,8833,120
1758556800,46109.7,46384.3,46084.7,46373.3,33010,0
1758571200,46372.3,46445.8,46345.3,46367.3,22258,70
1758585600,46369.8,46406.3,46352.8,46392.3,3005,120
1758600000,46391.8,46419.3,46363.3,46374.3,3448,120
1758614400,46373.8,46447.8,46369.3,46445.3,8245,120
1758628800,46445.8,46463.3,46398.2,46442.2,6475,120
1758643200,46442.2,46725.0,46370.0,46394.5,54909,20
1758657600,46395.5,46412.5,46216.5,46317.0,46090,0
1758672000,46325.9,46353.9,46290.8,46344.3,3343,120
1758686400,46343.8,46374.8,46312.8,46370.8,4584,120
1758700800,46369.8,46402.8,46295.3,46317.8,8018,120
1758715200,46317.8,46386.8,46288.8,46385.8,7113,120
1758729600,46384.8,46460.3,46107.1,46157.7,56750,0
1758744000,46159.7,46222.9,46091.2,46161.7,35184,0
1758758400,46160.1,46198.1,46143.6,46188.1,3266,120
1758772800,46187.1,46220.1,46175.1,46183.1,2950,120
1758787200,46182.6,46183.6,46065.1,46140.1,10135,120
1758801600,46140.1,46174.1,45952.6,45993.1,17371,120
1758816000,45992.6,46125.8,45879.8,45999.3,68457,70
1758830400,45999.8,46030.8,45783.8,45962.1,46700,0
1758844800,45962.5,46007.5,45936.9,45978.9,4968,120
1758859200,45978.4,46010.9,45926.9,45931.9,8929,120
1758873600,45932.4,46088.3,45927.9,46039.3,14476,120
1758888000,46038.3,46203.3,45995.3,46184.3,16002,120
1758902400,46185.3,46361.6,46041.6,46295.2,73154,0
1758916800,46296.2,46345.7,46219.8,46242.8,29350,70
1759104000,46276.3,46341.9,46262.4,46328.4,4816,120
1759118400,46327.9,46389.9,46309.4,46376.9,5383,120
1759132800,46377.4,46440.9,46356.9,46425.9,9926,120
1759147200,46426.9,46484.4,46395.9,46451.9,9758,120
1759161600,46450.9,46466.9,46140.9,46193.9,55700,70
1759176000,46194.9,46341.2,46145.9,46287.7,30966,70
1759190400,46298.7,46336.7,46278.7,46328.7,3858,120
1759204800,46328.2,46333.2,46280.7,46283.7,7128,120
1759219200,46282.7,46315.2,46186.2,46219.7,15330,120
1759233600,46219.2,46286.2,46160.7,46262.7,10825,120
1759248000,46263.2,46377.5,46095.0,46201.2,63658,70
1759262400,46202.2,46426.6,46134.6,46308.6,40213,70
1759276800,46324.5,46386.0,46271.5,46279.5,7441,120
1759291200,46280.0,46284.0,46199.0,46220.0,6942,120
1759305600,46219.5,46225.0,46050.5,46145.5,17511,120
1759320000,46144.5,46300.0,46138.5,46290.5,16823,120
1759334400,46291.0,46538.2,46247.5,46366.5,54565,70
1759348800,46367.0,46519.5,46352.5,46414.0,29966,70
1759363200,46431.6,46477.1,46406.1,46462.1,4424,120
1759377600,46463.1,46493.6,46413.6,46449.1,6398,120
1759392000,46447.1,46469.1,46407.1,46444.1,12999,120
1759406400,46444.1,46452.1,46385.6,46409.1,8595,120
1759420800,46408.6,46584.3,46270.3,46425.8,58914,70
1759435200,46424.3,46596.7,46391.3,46529.2,26091,70
1759449600,46529.7,46576.5,46497.8,46565.0,3725,120
1759464000,46564.5,46642.0,46556.5,46639.5,4032,120
1759478400,46638.5,46670.5,46601.5,46640.0,6968,120
1759492800,46640.0,46690.5,46575.5,46599.5,8053,120
1759507200,46600.0,47063.3,46568.5,47047.3,51293,20
1759521600,47047.3,47047.8,46746.6,46764.1,44888,70
1759708800,46827.6,46884.8,46783.3,46805.8,7560,120
1759723200,46806.3,46889.3,46788.3,46878.8,4782,120
1759737600,46877.3,46880.3,46774.3,46812.8,13052,120
1759752000,46812.8,46874.8,46807.3,46830.4,10311,120
1759766400,46830.9,46881.9,46423.1,46643.8,51706,20
1759780800,46644.3,46749.3,46618.8,46696.8,26483,70
1759795200,46698.9,46718.4,46604.4,46629.4,5632,120
1759809600,46628.9,46642.4,46588.9,46630.4,4310,120
1759824000,46628.9,46632.9,46546.9,46609.4,9693,120
1759838400,46609.4,46772.9,46605.4,46768.4,8020,0
1759852800,46769.4,46875.9,46440.4,46516.9,66531,70
1759867200,46517.9,46636.0,46474.9,46625.0,35909,70
1759881600,46631.0,46649.0,46567.0,46614.5,4717,120
1759896000,46614.5,46663.5,46614.0,46643.0,5459,120
1759910400,46643.5,46693.0,46595.5,46666.0,10153,120
1759924800,46666.5,46736.0,46634.0,46730.0,8823,120
1759939200,46730.0,46833.3,46505.3,46760.3,46756,70
1759953600,46761.3,46774.8,46601.1,46620.0,27107,70
1759968000,46624.0,46681.5,46623.5,46654.0,3799,120
1759982400,46653.5,46663.0,46542.5,46599.0,6234,120
1759996800,46600.0,46645.0,46590.0,46619.0,9912,120
1760011200,46617.0,46655.5,46589.7,46615.2,7201,120
1760025600,46615.7,46687.9,46329.7,46338.2,58926,70
1760040000,46337.7,46384.7,46262.1,46367.3,37675,70
1760054400,46371.9,46433.5,46360.4,46421.5,4059,120
1760068800,46423.5,46433.5,46378.5,46385.5,4054,120
1760083200,46386.0,46443.5,46356.5,46408.5,11505,120
1760097600,46408.5,46446.5,46352.0,46429.5,9282,120
1760112000,46444.5,46643.8,45748.1,45778.1,90342,70
1760126400,45778.6,45873.1,45458.6,45475.6,71368,70
1760313600,45860.1,45935.1,45746.1,45864.1,21251,120
1760328000,45865.1,45918.6,45816.1,45890.6,13299,120
1760342400,45890.1,46045.6,45862.6,45950.1,19847,120
1760356800,45949.6,45973.1,45779.6,45885.1,22909,120
1760371200,45884.6,46147.4,45801.4,46140.1,73526,70
1760385600,46140.6,46166.6,45971.1,46072.6,35392,70
1760400000,46112.5,46255.0,46078.0,46213.0,10288,120
1760414400,46212.5,46214.5,45962.5,46012.0,22944,120
1760428800,46013.0,46016.0,45720.5,45884.5,40301,120
1760443200,45885.0,45917.5,45587.0,45697.5,31760,120
1760457600,45698.0,46444.2,45450.7,46372.2,79529,70
1760472000,46371.2,46529.7,46180.2,46261.2,50432,0
1760486400,46282.7,46361.7,46264.7,46343.2,11882,120
1760500800,46341.7,46393.7,46302.7,46387.7,11634,120
1760515200,46389.2,46461.7,46366.7,46425.7,16958,70
1760529600,46425.2,46552.7,46422.2,46521.7,14206,120
1760544000,46522.7,46705.9,46299.9,46317.9,74304,20
1760558400,46318.9,46357.9,46026.4,46262.7,59914,0
1760572800,46330.2,46388.2,46260.7,46292.2,10854,120
1760587200,46291.7,46327.2,46253.7,46285.7,11193,120
1760601600,46286.7,46409.2,46271.7,46368.7,17401,120
1760616000,46368.7,46489.7,46301.2,46377.7,12676,120
1760630400,46378.7,46428.0,45887.0,46143.0,90401,20
1760644800,46141.0,46207.0,45776.0,45911.0,81718,70
1760659200,45929.0,45978.8,45830.8,45867.8,15306,120
1760673600,45868.3,45928.3,45798.8,45805.8,17887,120
1760688000,45807.8,45810.3,45409.8,45558.8,42757,120
1760702400,45557.3,46073.3,45551.3,45987.8,42409,120
1760716800,45987.3,46220.3,45901.6,46082.6,90089,0
1760731200,46084.1,46322.1,46008.1,46186.1,45856,70
1760918400,46289.7,46307.7,46118.9,46240.4,11271,120
1760932800,46240.4,46313.9,46214.9,46312.4,10316,120
1760947200,46311.4,46385.9,46260.4,46278.9,15540,120
1760961600,46278.4,46351.9,46219.9,46350.9,14953,120
1760976000,46349.9,46644.1,46328.4,46640.1,58405,70
1760990400,46640.1,46762.0,46639.1,46759.0,26709,70
1761004800,46758.6,46768.6,46718.6,46751.6,5654,120
1761019200,46751.6,46768.1,46687.6,46702.6,8546,120
1761033600,46703.6,46716.1,46618.1,46622.6,13477,120
1761048000,46622.1,46754.6,46621.6,46715.6,10529,120
1761062400,46715.1,47139.8,46679.6,46982.3,64270,70
1761076800,46981.8,47054.3,46917.8,46958.8,38118,70
1761091200,46927.8,46966.1,46898.1,46903.1,8192,120
1761105600,46901.1,47001.6,46891.6,46992.1,8401,120
1761120000,46992.1,47006.1,46905.6,46928.1,13943,120
1761134400,46928.1,46966.1,46886.1,46949.1,13966,120
1761148800,46949.1,46953.1,46492.9,46717.9,78650,70
1761163200,46715.4,46730.4,46450.4,46527.3,59225,70
1761177600,46513.9,46544.4,46414.4,46505.4,10382,120
1761192000,46504.4,46595.9,46497.4,46543.4,10820,120
1761206400,46543.9,46578.4,46504.4,46525.9,14969,120
1761220800,46525.9,46572.4,46457.4,46530.4,18388,120
1761235200,46529.9,46736.1,46473.4,46717.6,65733,70
1761249600,46716.6,46798.6,46642.6,46748.6,22151,70
1761264000,46723.7,46743.1,46708.2,46739.6,4521,120
1761278400,46739.1,46798.1,46738.1,46792.1,5416,120
1761292800,46791.1,46853.1,46716.1,46755.8,9616,120
1761307200,46755.3,47085.3,46752.8,46936.3,12263,120
1761321600,46937.3,47327.6,46923.0,47236.1,60028,70
1761336000,47234.1,47314.1,47193.1,47214.6,26669,70
1761523200,47516.6,47543.0,47444.5,47446.0,10486,120
1761537600,47447.0,47521.0,47425.0,47515.5,5491,120
1761552000,47515.5,47557.8,47455.8,47489.3,9319,120
1761566400,47488.8,47517.5,47369.0,47465.0,19187,70
1761580800,47466.0,47526.0,47375.5,47434.5,39810,70
1761595200,47435.0,47591.5,47410.5,47571.0,16572,70
1761609600,47568.7,47588.2,47537.2,47543.2,7220,120
1761624000,47544.2,47553.2,47515.2,47527.7,6933,120
1761638400,47527.7,47621.7,47512.7,47613.2,8838,120
1761652800,47614.2,47916.5,47575.2,47736.0,22870,70
1761667200,47736.5,47940.4,47684.0,47868.9,53889,70
1761681600,47869.9,47942.5,47651.5,47705.5,25640,70
1761696000,47709.7,47727.7,47642.2,47643.7,7286,120
1761710400,47645.2,47692.2,47642.7,47674.7,5651,120
1761724800,47674.7,47718.7,47566.2,47612.2,9632,120
1761739200,47612.7,48043.0,47602.7,48000.0,22387,70
1761753600,48001.0,48018.0,47813.0,47824.0,50050,70
1761768000,47823.0,47877.5,47445.5,47589.0,54800,70
1761782400,47597.3,47712.3,47518.3,47683.8,15885,120
1761796800,47683.8,47763.3,47485.3,47627.8,27672,20
1761811200,47627.8,47665.8,47441.1,47460.6,23923,120
1761825600,47460.6,47873.3,47393.1,47843.3,36735,70
1761840000,47842.3,48023.8,47723.3,47800.3,78172,70
1761854400,47799.3,47806.3,47485.3,47578.8,44560,70
1761868800,47600.6,47629.7,47524.2,47598.7,11762,120
1761883200,47598.7,47606.7,47507.7,47529.7,9091,70
1761897600,47529.7,47595.2,47527.7,47531.2,11997,120
1761912000,47531.2,47660.7,47473.7,47589.4,26325,70
1761926400,47588.9,47667.9,47342.6,47442.1,71798,70
1761940800,47443.1,47717.1,47438.1,47587.1,32602,0
1762128000,47599.9,47732.8,47599.9,47676.3,6865,120
1762142400,47675.8,47695.3,47607.8,47629.3,9232,120
1762156800,47629.8,47687.3,47553.3,47628.3,14226,120
1762171200,47628.3,47644.3,47516.3,47559.3,11087,120
1762185600,47559.8,47632.6,47128.6,47362.6,66132,70
1762200000,47363.1,47409.6,47288.6,47317.1,34196,70
1762214400,47317.2,47332.7,47239.7,47266.7,8237,120
1762228800,47266.2,47272.2,47080.2,47100.2,17128,120
1762243200,47099.7,47118.7,46869.2,46873.7,30381,70
1762257600,46872.7,47092.7,46846.2,47077.7,20442,120
1762272000,47075.7,47271.9,46878.9,47051.9,69240,70
1762286400,47050.9,47192.9,46975.4,47165.9,53140,70
1762300800,47196.5,47202.5,46947.0,46967.0,23033,70
1762315200,46967.5,47161.5,46956.0,47124.0,30835,120
1762329600,47124.0,47185.0,47086.0,47107.0,21504,120
1762344000,47106.5,47147.2,47017.0,47137.2,20514,120
1762358400,47137.7,47462.9,47042.4,47378.4,71118,20
1762372800,47378.9,47440.4,47294.4,47346.4,35320,70
1762387200,47335.3,47378.8,47244.8,47276.3,15292,120
1762401600,47275.3,47321.8,47237.3,47276.3,12497,120
1762416000,47275.8,47318.7,47197.2,47296.7,17316,120
1762430400,47297.2,47385.2,47288.2,47324.2,13079,120
1762444800,47323.7,47352.4,46782.7,46894.9,85989,0
1762459200,46893.4,47095.4,46790.4,46988.9,58625,70
1762473600,46993.1,47056.9,46909.9,46969.9,16919,120
1762488000,46970.9,47020.8,46874.4,47016.3,19478,120
1762502400,47016.8,47045.3,46929.5,46950.0,19140,120
1762516800,46951.0,46968.5,46741.0,46816.5,31925,120
1762531200,46817.5,46883.8,46491.3,46660.8,87372,70
1762545600,46661.8,47000.8,46644.8,46988.8,56799,70
1762732800,47193.5,47196.5,47049.8,47088.8,13573,120
1762747200,47088.8,47119.8,47048.8,47093.8,10003,120
1762761600,47092.8,47206.3,47041.8,47191.8,14028,120
1762776000,47192.8,47212.3,47144.3,47178.8,11606,120
1762790400,47179.8,47326.5,46939.8,47232.8,65559,70
1762804800,47231.8,47412.3,47223.3,47361.8,28550,0
1762819200,47379.6,47424.1,47352.1,47376.1,11087,120
1762833600,47376.1,47412.6,47359.1,47371.1,13001,120
1762848000,47371.6,47398.1,47319.1,47338.6,13863,120
1762862400,47338.6,47414.1,47332.1,47394.1,10988,120
1762876800,47395.1,47833.2,47380.1,47828.7,59221,0
1762891200,47828.2,47978.3,47827.7,47942.8,36002,0
1762905600,47935.5,47971.0,47915.5,47967.0,8917,120
1762920000,47968.0,47988.0,47936.0,47975.0,9285,120
1762934400,47974.0,48017.0,47963.5,48005.0,9632,120
1762948800,48005.0,48056.0,47963.5,48041.0,10254,120
1762963200,48041.5,48424.8,48025.5,48335.8,67031,70
1762977600,48335.3,48356.3,48234.8,48279.1,40879,70
1762992000,48290.0,48371.0,48190.5,48342.0,17350,120
1763006400,48342.5,48392.5,48315.0,48378.5,10588,120
1763020800,48380.0,48401.5,48254.5,48275.0,16627,120
1763035200,48274.5,48318.0,48122.5,48172.5,17381,120
1763049600,48171.5,48227.7,47734.7,47746.7,89646,70
1763064000,47745.7,47784.7,47399.7,47497.8,72185,20
1763078400,47501.5,47552.9,47489.0,47526.9,14493,120
1763092800,47527.4,47538.9,47427.4,47472.4,16053,120
1763107200,47471.4,47475.4,47327.4,47360.9,32260,120
1763121600,47360.4,47403.4,47060.4,47136.4,35164,120
1763136000,47138.4,47373.2,46849.6,47292.7,91419,70
1763150400,47293.2,47326.2,47110.6,47163.1,61204,70
1763337600,47100.7,47178.5,47024.0,47127.0,16766,120
1763352000,47127.5,47214.0,47114.0,47174.0,10369,120
1763366400,47173.0,47291.5,47167.0,47218.0,17373,120
1763380800,47218.5,47220.5,47029.0,47081.5,26503,120
1763395200,47080.5,47211.8,46858.8,46979.3,85954,0
1763409600,46980.3,46985.3,46427.3,46624.8,72035,0
1763424000,46622.0,46674.5,46559.0,46650.5,19377,120
1763438400,46650.0,46672.0,46314.5,46411.5,32256,120
1763452800,46412.5,46536.5,46296.0,46476.0,37972,120
1763467200,46475.5,46482.5,46163.0,46238.5,31668,120
1763481600,46238.0,46319.7,45907.7,46267.5,103696,0
1763496000,46268.5,46371.5,46023.0,46038.5,80500,70
1763510400,46083.2,46172.7,46043.2,46099.7,26237,120
1763524800,46100.7,46183.2,45985.7,46064.7,23254,120
1763539200,46065.2,46168.2,46046.2,46166.2,26585,120
1763553600,46167.2,46224.2,46132.7,46156.2,21885,120
1763568000,46155.2,46304.0,45907.0,46036.0,92398,70
1763582400,46035.5,46231.7,45900.5,46150.5,85226,70
1763596800,46183.5,46402.0,46172.0,46382.0,16169,120
1763611200,46381.5,46459.5,46352.5,46407.5,12598,120
1763625600,46408.0,46481.0,46306.5,46330.5,20722,120
1763640000,46331.0,46601.5,46305.0,46591.0,27570,120
1763654400,46591.5,46862.8,45729.3,45848.3,103438,70
1763668800,45847.3,46147.8,45713.3,45757.8,94655,70
1763683200,45815.2,45979.3,45708.3,45951.3,26289,120
1763697600,45952.3,46021.8,45874.3,45907.3,27796,120
1763712000,45908.3,45996.8,45765.8,45905.3,35876,120
1763726400,45884.8,46091.3,45752.8,46009.8,52774,120
1763740800,46009.3,46492.5,45781.5,46407.0,108080,20
1763755200,46405.5,46582.0,46194.0,46267.0,74139,70
1763942400,46480.9,46491.4,46310.6,46334.1,13375,120
1763956800,46334.1,46418.1,46315.6,46369.6,15541,120
1763971200,46370.1,46438.6,46157.1,46247.6,25403,120
1763985600,46248.6,46432.6,46187.6,46339.1,30461,120
1764000000,46339.1,46588.4,46099.9,46515.6,76999,0
1764014400,46515.6,46575.6,46410.2,46457.7,42043,70
1764028800,46458.3,46464.8,46367.3,46372.3,10460,120
1764043200,46371.8,46425.8,46352.8,46389.8,10956,120
1764057600,46390.3,46437.3,46346.8,46370.8,17457,120
1764072000,46370.8,46523.8,46345.3,46471.8,25463,70
1764086400,46471.8,47028.6,46328.8,46985.4,79617,0
1764100800,46986.4,47181.5,46967.4,47126.5,39681,70
1764115200,47114.2,47208.2,47111.2,47203.2,8291,120
1764129600,47202.7,47225.7,47183.7,47212.2,6365,120
1764144000,47212.7,47263.2,47168.7,47204.4,12678,120
1764158400,47205.4,47235.9,47116.4,47228.3,18018,120
1764172800,47228.3,47573.6,47186.6,47536.9,59931,0
1764187200,47535.9,47560.4,47420.4,47446.4,36890,70
1764201600,47449.8,47482.3,47414.3,47469.3,6389,120
1764216000,47469.8,47475.3,47440.3,47462.8,4899,120
1764230400,47463.3,47464.8,47389.2,47389.7,8459,120
1764244800,47390.2,47444.2,47381.7,47425.2,6901,120
1764259200,47425.7,47458.9,47395.9,47416.4,5075,70
1764288000,47440.8,47522.3,47433.8,47485.3,2239,120
1764302400,47484.8,47492.8,47476.8,47487.8,135,120
1764331200,47477.8,47496.8,47476.3,47478.3,48,120
1764345600,47478.3,47753.2,47461.8,47709.2,35408,70
1764360000,47710.7,47735.2,47684.7,47696.7,2337,70
1764547200,47725.4,47737.9,47497.9,47543.9,17942,120
1764561600,47544.9,47550.9,47421.9,47463.9,11216,120
1764576000,47463.4,47539.9,47416.4,47465.4,14851,120
1764590400,47465.9,47526.4,47452.4,47495.4,17412,120
1764604800,47495.4,47676.7,47331.7,47499.7,62834,70
1764619200,47500.7,47573.7,47275.7,47304.2,36822,0
1764633600,47292.1,47304.1,47250.1,47271.6,8803,120
1764648000,47272.1,47290.1,47214.1,47246.1,8687,120
1764662400,47244.6,47334.1,47203.6,47321.6,12010,120
1764676800,47321.6,47426.1,47295.1,47424.1,10647,120
1764691200,47423.1,47604.3,47262.6,47367.3,70681,0
1764705600,47366.3,47593.8,47310.3,47488.3,39657,70
1764720000,47502.3,47565.3,47481.8,47555.3,7096,120
1764734400,47554.3,47612.3,47550.3,47583.3,4712,120
1764748800,47582.8,47604.3,47541.8,47578.8,10825,120
1764763200,47578.8,47616.8,47528.3,47559.3,10882,120
1764777600,47559.3,47857.1,47370.3,47828.9,74953,0
1764792000,47829.9,48017.7,47808.4,47982.2,32257,0
1764806400,47928.4,47958.4,47903.4,47932.9,5834,120
1764820800,47931.9,47950.9,47908.4,47937.9,5445,120
1764835200,47938.4,47963.4,47885.9,47948.4,9644,120
1764849600,47948.4,47954.9,47884.9,47907.9,10228,120
1764864000,47908.4,48059.6,47769.1,47876.1,66638,0
1764878400,47875.1,47937.5,47687.5,47839.5,40923,20
1764892800,47851.9,47885.6,47822.6,47883.1,6199,120
1764907200,47884.1,47917.1,47861.6,47894.1,5434,120
1764921600,47893.6,47914.6,47838.1,47842.1,8590,120
1764936000,47842.1,47934.1,47760.1,47802.1,10893,120
1764950400,47802.6,48130.0,47799.6,47998.7,62693,70
1764964800,47998.2,48059.2,47880.7,47940.2,31920,70
1765152000,47970.0,47980.0,47903.3,47935.3,7084,120
1765166400,47936.3,47978.8,47932.3,47969.3,3862,120
1765180800,47969.8,47991.3,47922.0,47938.5,8038,120
1765195200,47937.5,47984.5,47922.5,47968.5,8989,120
1765209600,47969.5,48006.5,47691.3,47783.3,54668,70
1765224000,47782.8,47791.3,47608.8,47751.8,36019,0
1765238400,47733.6,47774.6,47714.6,47735.6,6813,120
1765252800,47735.6,47767.6,47728.1,47741.1,5464,120
1765267200,47741.6,47800.6,47724.6,47763.6,8922,70
1765281600,47762.6,47814.1,47680.6,47701.6,14625,120
1765296000,47701.1,47954.8,47604.8,47663.8,60269,0
1765310400,47663.8,47680.8,47527.3,47538.8,36526,0
1765324800,47554.4,47579.4,47527.4,47546.9,4879,120
1765339200,47546.9,47602.9,47544.4,47571.4,4807,120
1765353600,47570.9,47603.9,47545.9,47567.9,9372,120
1765368000,47567.9,47612.4,47472.9,47553.9,15156,120
1765382400,47554.9,47819.6,47453.1,47771.6,58129,0
1765396800,47772.1,48196.1,47686.1,48106.6,63919,70
1765411200,48118.5,48130.0,48042.0,48046.0,5581,120
1765425600,48045.5,48046.0,47814.5,47854.0,18907,70
1765440000,47854.5,47977.0,47820.0,47975.0,17875,120
1765454400,47976.0,48105.0,47935.0,48062.0,15219,120
1765468800,48062.5,48726.7,48062.5,48656.2,77118,0
1765483200,48655.2,48780.2,48635.2,48771.2,39077,70
1765497600,48820.6,48832.1,48738.0,48813.5,7017,120
1765512000,48813.0,48843.5,48793.0,48836.5,6951,120
1765526400,48837.5,48879.5,48782.5,48814.5,11238,120
1765540800,48815.0,48839.0,48757.0,48831.5,13407,120
1765555200,48830.5,48877.8,48325.0,48546.0,84067,0
1765569600,48546.0,48606.5,48376.8,48457.8,49333,70
1765756800,48483.0,48581.5,48418.5,48577.0,6295,120
1765771200,48577.5,48623.5,48562.0,48604.0,9771,70
1765785600,48603.0,48668.5,48563.0,48662.0,16096,120
1765800000,48662.5,48702.0,48642.5,48696.0,11696,120
1765814400,48696.0,48720.0,48272.5,48344.5,75393,0
1765828800,48345.0,48462.0,48274.5,48437.0,47752,0
1765843200,48445.0,48462.0,48259.1,48303.1,14894,120
1765857600,48304.1,48332.1,48249.1,48254.1,8915,120
1765872000,48255.6,48357.1,48247.6,48285.1,11913,120
1765886400,48286.1,48517.1,48274.6,48404.6,20871,120
1765900800,48405.6,48461.4,47987.4,47996.4,81949,0
1765915200,47997.4,48206.5,47933.5,48074.4,59018,20
1765929600,48086.4,48117.4,47998.9,48109.9,16358,20
1765944000,48109.4,48113.4,48041.9,48092.4,12405,120
1765958400,48091.4,48211.4,48089.4,48200.4,17369,120
1765972800,48199.4,48264.9,48183.4,48228.4,15300,120
1765987200,48228.9,48385.6,47949.0,47995.9,87707,20
1766001600,47995.9,48061.9,47863.4,47954.9,53878,0
1766016000,47923.9,47944.4,47865.4,47883.4,16803,120
1766030400,47883.9,47935.4,47804.4,47845.4,16027,120
1766044800,47844.4,47961.4,47827.4,47959.4,17024,120
1766059200,47959.9,48170.9,47949.4,48102.4,17948,120
1766073600,48099.4,48386.7,47855.2,48075.7,82041,0
1766088000,48075.7,48193.0,47888.4,47904.4,57193,0
1766102400,47890.9,47928.5,47859.4,47910.5,10400,120
1766116800,47909.0,47920.0,47845.5,47849.5,12649,120
1766131200,47850.0,48035.5,47787.5,48033.5,16233,120
1766145600,48034.0,48043.5,47926.4,47955.4,16048,120
1766160000,47955.9,48295.2,47940.4,48236.7,64491,0
1766174400,48237.2,48283.2,48091.4,48131.5,28442,70
1766361600,48247.6,48247.6,48166.8,48173.3,5548,120
1766376000,48174.3,48190.8,48146.3,48148.3,4237,120
1766390400,48147.3,48209.3,48147.3,48173.3,7267,120
1766404800,48173.8,48191.3,48123.8,48188.3,7598,120
1766419200,48188.8,48455.7,48178.3,48444.2,51131,0
1766433600,48444.7,48446.2,48328.4,48344.2,21863,70
1766448000,48348.2,48377.7,48347.2,48366.7,3525,120
1766462400,48366.7,48386.7,48311.2,48325.7,3654,120
1766476800,48326.2,48392.7,48322.7,48390.7,5704,120
1766491200,48390.7,48403.2,48251.7,48262.2,8408,120
1766505600,48262.2,48476.0,48206.7,48450.5,41786,0
1766520000,48449.5,48531.5,48404.4,48414.4,16761,70
1766534400,48414.0,48433.5,48407.5,48411.0,3458,120
1766548800,48411.5,48422.1,48401.1,48401.6,2560,120
1766563200,48401.1,48422.3,48389.3,48417.0,2405,120
1766577600,48416.0,48450.0,48397.5,48440.0,3243,170
1766592000,48439.0,48772.4,48369.9,48707.9,31397,100
1766606400,48708.4,48737.4,48692.9,48706.4,1620,100
1766707200,48729.7,48778.2,48711.7,48713.7,3588,170
1766721600,48714.7,48733.7,48688.7,48698.7,2423,170
1766736000,48699.2,48723.7,48649.2,48673.2,3408,170
1766750400,48673.2,48696.2,48613.7,48679.7,4275,170
1766764800,48681.2,48765.1,48595.6,48616.1,40096,0
1766779200,48616.6,48719.1,48569.6,48697.1,14787,100
1766966400,48717.3,48762.8,48709.3,48720.3,4950,170
1766980800,48720.3,48736.3,48690.3,48699.3,3958,170
1766995200,48699.3,48727.3,48658.3,48716.3,10203,170
1767009600,48716.3,48735.3,48584.3,48613.3,8321,170
1767024000,48614.3,48698.6,48384.4,48424.4,47530,0
1767038400,48423.4,48562.5,48419.4,48480.2,21336,50
1767052800,48488.8,48489.3,48458.8,48484.8,4371,170
1767067200,48485.8,48491.8,48456.8,48480.8,4695,170
1767081600,48478.8,48491.8,48410.3,48476.8,6567,170
1767096000,48477.3,48488.8,48431.8,48461.8,6738,170
1767110400,48462.8,48488.2,48297.2,48407.7,41713,100
1767124800,48407.2,48432.4,48359.4,48396.4,19250,100
1767139200,48412.0,48417.0,48306.5,48330.5,4495,170
1767153600,48330.0,48372.5,48319.0,48324.5,3936,170
1767168000,48325.5,48339.0,48294.0,48300.0,5495,170
1767182400,48300.0,48390.0,48285.0,48376.0,5578,170
1767196800,48375.5,48399.0,48164.3,48182.3,39338,100
1767211200,48181.8,48295.8,48037.8,48076.8,27805,100
1767312000,48118.6,48165.6,48084.1,48146.1,5433,170
1767326400,48146.1,48200.6,48139.1,48193.1,3738,170
1767340800,48192.6,48249.1,48143.1,48246.1,7276,170
1767355200,48246.6,48294.1,48190.4,48213.4,7942,120
1767369600,48213.9,48269.8,47817.6,48130.3,76928,0
1767384000,48129.3,48403.8,48074.3,48367.8,41090,70
1767571200,48400.3,48405.6,48336.3,48368.8,12643,120
1767585600,48369.3,48406.8,48347.8,48401.3,5258,120
1767600000,48401.8,48448.8,48369.3,48393.8,12206,120
1767614400,48393.8,48435.8,48319.8,48420.8,10758,0
1767628800,48421.8,49184.5,48408.8,49151.1,65454,0
1767643200,49150.1,49214.1,48963.1,48972.1,32602,20
1767657600,48982.6,49017.6,48948.6,48998.6,6268,0
1767672000,48999.1,49016.1,48972.1,48976.6,3932,120
1767686400,48976.6,49017.6,48846.1,48849.6,10990,120
1767700800,48849.6,48960.6,48843.6,48930.6,9118,120
1767715200,48929.6,49420.1,48885.9,49405.6,59834,20
1767729600,49406.6,49511.4,49384.1,49492.9,26416,70
1767744000,49483.6,49536.1,49477.6,49526.6,5737,120
1767758400,49525.6,49557.6,49514.6,49534.1,4245,120
1767772800,49534.6,49544.6,49481.6,49493.1,6370,120
1767787200,49492.6,49548.6,49468.6,49536.6,8273,120
1767801600,49537.1,49623.1,49196.8,49271.0,55364,70
1767816000,49271.5,49271.5,48939.4,48992.4,38148,70
1767830400,49017.1,49034.6,48990.1,49014.1,4770,120
1767844800,49014.1,49026.1,48869.1,48871.1,6741,120
1767859200,48871.1,48911.1,48826.1,48858.1,12752,120
1767873600,48858.1,48872.1,48794.6,48825.1,10897,120
1767888000,48824.1,49353.7,48764.6,49320.7,66655,70
1767902400,49320.2,49369.7,49212.2,49338.7,35484,70
1767916800,49355.3,49362.3,49250.7,49262.7,6281,120
1767931200,49263.7,49289.7,49252.7,49272.7,5697,120
1767945600,49271.7,49292.7,49227.2,49291.2,9016,120
1767960000,49292.2,49450.7,49255.2,49418.7,12430,120
1767974400,49418.2,49570.0,49185.0,49479.0,69969,70
1767988800,49479.5,49551.3,49443.5,49503.3,26366,70
1768176000,49459.0,49473.8,49291.8,49334.3,14730,120
1768190400,49334.8,49335.3,49241.3,49262.3,8314,120
1768204800,49262.8,49304.3,49119.3,49161.3,13543,120
1768219200,49162.3,49207.3,49071.3,49189.6,10565,120
1768233600,49189.6,49496.4,48995.3,49452.4,56628,0
1768248000,49452.9,49637.4,49442.4,49543.4,26570,70
1768262400,49552.0,49566.0,49515.0,49551.5,5938,120
1768276800,49551.5,49589.0,49546.0,49569.0,4733,120
1768291200,49569.0,49571.5,49521.0,49535.0,5883,120
1768305600,49535.0,49687.5,49461.0,49553.0,13340,120
1768320000,49551.0,49609.0,49198.8,49240.3,68264,0
1768334400,49242.3,49303.8,49059.8,49168.8,40797,70
1768348800,49168.9,49177.9,49093.4,49096.4,6085,120
1768363200,49096.9,49128.4,49046.9,49053.4,6093,120
1768377600,49054.4,49132.4,49046.4,49121.4,9086,120
1768392000,49120.4,49120.4,48999.4,49028.9,17906,120
1768406400,49028.9,49189.1,48846.6,48923.6,78241,20
1768420800,48922.1,49175.1,48904.6,49084.6,50900,0
1768435200,49089.3,49130.8,49047.3,49128.3,9825,120
1768449600,49127.8,49162.3,49085.3,49130.3,9457,120
1768464000,49129.8,49215.3,49097.3,49194.3,14602,120
1768478400,49193.8,49303.3,49081.3,49120.3,11585,120
1768492800,49119.3,49567.5,49092.3,49480.5,61693,0
1768507200,49481.5,49585.0,49387.0,49438.5,40351,70
1768521600,49460.1,49497.5,49446.6,49485.5,5705,120
1768536000,49486.0,49561.5,49475.5,49539.5,4370,120
1768550400,49538.5,49548.0,49488.5,49494.5,6438,120
1768564800,49495.0,49522.5,49412.5,49455.5,10464,120
1768579200,49455.5,49609.8,49234.8,49411.5,62830,0
1768593600,49412.0,49528.0,49328.0,49361.0,34717,70
1768780800,49079.4,49150.9,48978.6,48980.6,14722,120
1768795200,48981.1,49023.1,48965.6,48991.6,7386,120
1768809600,48990.6,49059.6,48858.6,48883.6,18427,120
1768824000,48883.1,49029.1,48862.6,48994.6,15575,120
1768838400,48994.6,49013.6,48876.8,48952.3,19643,70
1768867200,48952.6,48982.1,48862.1,48922.1,7902,120
1768881600,48922.1,48932.1,48875.6,48900.6,7179,120
1768896000,48900.1,48902.1,48503.8,48529.8,31519,120
1768910400,48530.3,48776.3,48496.8,48632.8,27980,70
1768924800,48633.8,48908.9,48570.9,48683.5,85275,20
1768939200,48678.0,48734.5,48431.0,48551.0,54942,70
1768953600,48553.0,48602.5,48505.0,48589.5,8015,120
1768968000,48590.0,48611.5,48554.0,48576.5,9492,120
1768982400,48576.0,48617.5,48504.5,48508.5,12730,120
1768996800,48509.0,48576.5,48313.5,48370.0,23523,120
1769011200,48369.0,49030.8,48354.0,48758.8,91731,0
1769025600,48758.3,49307.8,48630.8,49103.8,71057,70
1769040000,49156.9,49198.6,49129.1,49192.6,8513,70
1769054400,49193.1,49218.1,49126.0,49130.5,6003,120
1769068800,49130.0,49296.0,49077.5,49281.0,18056,120
1769083200,49282.0,49338.0,49192.0,49335.0,17973,120
1769097600,49334.5,49615.7,49254.7,49595.2,71235,0
1769112000,49594.7,49601.2,49305.7,49319.7,46802,70
1769126400,49333.8,49428.3,49305.8,49425.3,6712,120
1769140800,49426.3,49429.8,49397.3,49426.3,5066,120
1769155200,49427.3,49440.3,49257.1,49281.1,13956,120
1769169600,49280.1,49308.1,49132.1,49146.1,16286,120
1769184000,49146.6,49206.6,48955.4,48973.4,62122,0
1769198400,48972.9,49139.9,48944.4,49097.4,38222,70
1769385600,48754.1,49053.8,48718.1,48980.8,18969,120
1769400000,48981.3,49021.3,48952.3,49017.3,15002,120
1769414400,49018.3,49143.3,49001.3,49035.8,16390,120
1769428800,49035.3,49167.8,49031.3,49163.3,16129,120
1769443200,49163.3,49369.6,49144.6,49331.6,57518,70
1769457600,49332.1,49486.6,49218.8,49220.8,34610,70
1769472000,49232.9,49294.4,49205.4,49283.9,5509,120
1769486400,49283.9,49384.4,49283.9,49380.4,5351,120
1769500800,49381.4,49401.9,49330.9,49356.9,10176,120
1769515200,49355.9,49412.4,49075.9,49079.9,12653,120
1769529600,49080.4,49166.1,48887.1,48920.1,56762,0
1769544000,48919.1,49018.1,48856.1,48975.6,30604,70
1769558400,48986.2,49042.2,48975.2,49003.2,6152,70
1769572800,49002.2,49037.7,48982.7,49035.2,5118,120
1769587200,49036.2,49075.2,48975.7,49030.2,14861,120
1769601600,49030.2,49052.7,48946.2,48968.2,14599,120
1769616000,48967.2,49140.7,48906.0,48995.5,65715,0
1769630400,48995.0,49128.5,48847.2,48975.0,58950,0
1769644800,48983.1,49006.6,48837.1,48882.1,21962,120
1769659200,48882.6,49008.1,48876.1,49000.1,11595,120
1769673600,49000.6,49132.6,48999.1,49059.1,15847,120
1769688000,49058.6,49285.6,48985.6,49033.6,20433,120
1769702400,49034.1,49296.6,48578.8,48803.3,97586,20
1769716800,48803.8,49063.4,48774.8,48968.9,62715,20
1769731200,48970.0,48984.0,48787.6,48830.6,19886,120
1769745600,48831.6,48874.6,48766.6,48807.6,24729,120
1769760000,48808.1,48815.6,48564.1,48622.1,33154,120
1769774400,48622.6,48951.6,48613.6,48773.1,31619,120
1769788800,48773.6,49039.3,48501.5,48556.5,96852,70
1769803200,48555.5,48960.5,48443.0,48886.0,69209,70
1769990400,48719.7,48925.7,48642.7,48707.7,30396,120
1770004800,48708.2,48736.7,48442.7,48507.7,42508,120
1770019200,48508.7,48769.7,48393.7,48753.2,37257,120
1770033600,48753.7,48913.7,48743.7,48895.7,24494,120
1770048000,48896.7,49414.0,48692.5,49389.0,70115,70
1770062400,49390.0,49481.5,49319.5,49363.5,39901,70
1770076800,49380.7,49458.7,49357.2,49419.7,9582,120
1770091200,49419.2,49452.7,49395.7,49438.7,9221,120
1770105600,49439.7,49480.2,49372.7,49389.7,13182,120
1770120000,49389.7,49439.7,49340.7,49385.4,14160,120
1770134400,49385.9,49650.6,49011.4,49015.4,91875,0
1770148800,49016.4,49313.1,48830.1,49267.1,72766,70
1770163200,49285.8,49314.3,49255.8,49274.8,12062,120
1770177600,49275.8,49326.8,49269.8,49319.8,10585,120
1770192000,49319.3,49408.8,49290.8,49337.8,20398,120
1770206400,49336.8,49458.8,49321.8,49328.8,23061,120
1770220800,49327.8,49659.5,49211.0,49285.5,101240,20
1770235200,49286.0,49610.2,49112.7,49451.2,74733,70
1770249600,49488.4,49565.9,49430.4,49563.9,13368,120
1770264000,49562.9,49570.9,49369.9,49420.9,31234,120
1770278400,49421.9,49490.9,49311.9,49397.4,29365,120
1770292800,49396.9,49592.9,49286.4,49287.9,40160,70
1770307200,49288.9,49352.4,48820.2,49143.2,104719,70
1770321600,49145.7,49177.2,48749.7,48787.7,69455,70
1770336000,48796.2,48841.0,48608.7,48841.0,29920,120
1770350400,48841.5,48883.0,48755.0,48868.5,27228,120
1770364800,48868.0,49038.5,48830.0,48991.0,29426,120
1770379200,48991.5,49209.0,48957.0,49171.0,26059,120
1770393600,49171.5,49984.8,49161.5,49952.8,87696,70
1770408000,49954.3,50178.8,49915.8,50114.3,40122,70
1770595200,50221.2,50265.7,50177.1,50207.1,20155,120
1770609600,50206.6,50244.1,50162.4,50199.9,12393,120
1770624000,50199.4,50240.9,50132.9,50145.4,19921,120
1770638400,50145.4,50150.4,50014.4,50045.4,24196,120
1770652800,50045.4,50217.2,49826.2,50070.7,61653,20
1770667200,50071.7,50200.7,50025.7,50115.2,35341,70
1770681600,50112.9,50138.9,50071.9,50129.9,9765,120
1770696000,50129.9,50152.9,50097.4,50134.9,8377,120
1770710400,50135.9,50202.9,50081.9,50162.9,11689,120
1770724800,50162.9,50184.9,50013.9,50109.9,18731,120
1770739200,50108.9,50517.1,50108.4,50361.1,65843,0
1770753600,50360.1,50372.1,50111.6,50241.1,44135,70
1770768000,50254.8,50318.8,50248.3,50306.8,4433,120
1770782400,50307.8,50333.3,50286.3,50287.8,5867,120
1770796800,50289.3,50308.8,50235.3,50259.8,14116,120
1770811200,50260.8,50464.8,50182.3,50449.8,27568,120
1770825600,50448.3,50497.0,49890.0,50133.0,93283,0
1770840000,50132.5,50189.4,50018.4,50120.9,51032,70
1770854400,50145.6,50227.1,50086.6,50205.1,12392,120
1770868800,50205.1,50302.1,50181.1,50275.6,8425,120
1770883200,50276.1,50311.1,50223.6,50309.1,14640,120
1770897600,50307.1,50324.1,50200.1,50295.1,14829,120
1770912000,50295.6,50445.4,49465.4,49470.4,103568,70
1770926400,49471.4,49796.7,49423.2,49479.9,76583,70
1770940800,49455.2,49497.7,49382.7,49457.9,20524,20
1770955200,49456.4,49491.4,49335.9,49354.4,15909,120
1770969600,49354.9,49410.9,49281.4,49346.4,30603,120
1770984000,49345.4,49509.9,49224.4,49465.4,41891,120
1770998400,49464.9,49716.6,49079.1,49655.6,93810,20
1771012800,49657.1,49740.1,49356.5,49498.0,61213,70
1771200000,49555.4,49610.3,49447.4,49607.3,9508,120
1771214400,49607.8,49617.8,49543.8,49549.3,7985,120
1771228800,49549.8,49750.0,49546.3,49729.5,12471,120
1771243200,49729.5,49736.0,49655.0,49699.5,13035,120
1771257600,49699.5,49702.5,49487.2,49532.2,33023,70
1771286400,49560.9,49615.9,49343.9,49367.9,12213,120
1771300800,49366.9,49417.9,49283.4,49302.9,20062,120
1771315200,49301.9,49528.9,49294.9,49504.4,22654,120
1771329600,49504.4,49520.4,49269.4,49405.9,31587,70
1771344000,49404.9,49716.4,49164.6,49464.4,102811,70
1771358400,49463.9,49688.4,49375.4,49544.4,64825,70
1771372800,49547.6,49549.1,49473.6,49520.6,9068,120
1771387200,49521.1,49600.6,49501.1,49584.6,6553,120
1771401600,49585.1,49804.6,49574.1,49758.1,11749,120
1771416000,49758.6,49805.6,49555.1,49574.1,18394,120
1771430400,49573.6,49898.3,49422.6,49829.3,66787,70
1771444800,49828.3,49861.3,49522.5,49645.0,51134,70
1771459200,49638.1,49684.6,49603.1,49661.1,8743,120
1771473600,49661.6,49681.6,49606.6,49667.6,7720,120
1771488000,49668.1,49718.1,49515.1,49556.1,16899,120
1771502400,49557.1,49567.6,49446.6,49486.2,24942,120
1771516800,49487.2,49603.5,49266.0,49283.5,88079,70
1771531200,49284.0,49428.5,49194.0,49356.5,53637,20
1771545600,49366.7,49471.7,49365.7,49444.2,6959,120
1771560000,49444.7,49498.2,49429.7,49494.7,7114,120
1771574400,49495.2,49548.7,49450.7,49469.7,12547,120
1771588800,49470.7,49482.7,49257.7,49315.7,26678,120
1771603200,49315.2,49715.0,49149.0,49434.6,98129,70
1771617600,49437.1,49634.1,49307.1,49627.6,56589,70
1771804800,49596.5,49633.0,49334.8,49338.8,16003,120
1771819200,49338.3,49361.3,49293.3,49330.3,8924,120
1771833600,49329.8,49506.3,49323.3,49492.8,11916,120
1771848000,49493.3,49538.8,49336.8,49426.3,16912,120
1771862400,49425.3,49712.3,48765.6,48872.6,83340,70
1771876800,48872.1,49014.6,48728.1,48838.6,50556,70
1771891200,48863.7,48870.7,48815.7,48839.7,10224,120
1771905600,48840.2,48900.2,48834.2,48856.7,7093,120
1771920000,48857.2,48906.2,48772.7,48883.2,18262,120
1771934400,48883.2,48970.2,48824.2,48958.2,19145,120
1771948800,48957.7,49261.4,48754.9,49221.4,68220,70
1771963200,49221.9,49292.9,49138.4,49149.9,30544,70
1771977600,49173.0,49231.0,49141.5,49227.0,6630,120
1771992000,49225.5,49244.0,49090.0,49174.0,12127,120
1772006400,49173.5,49264.0,49162.5,49257.5,12967,120
1772020800,49258.0,49370.5,49223.0,49363.0,11100,120
1772035200,49363.5,49489.6,49194.3,49481.6,60259,70
1772049600,49482.1,49528.6,49424.6,49454.1,26304,70
1772064000,49479.2,49489.2,49377.2,49429.2,10835,120
1772078400,49428.2,49434.2,49374.7,49385.2,6039,120
1772092800,49385.7,49467.7,49360.7,49436.2,11929,120
1772107200,49437.2,49625.2,49417.7,49596.2,10955,120
1772121600,49595.7,49831.0,49232.5,49280.2,77799,0
1772150400,49222.5,49224.5,49188.0,49213.0,3676,120
1772164800,49213.5,49297.8,49212.5,49257.3,8045,120
1772179200,49258.3,49359.8,49215.3,49292.3,16132,120
1772193600,49293.3,49297.3,48890.3,48997.3,30906,120
1772208000,48997.8,49084.8,48665.0,48838.4,84042,0
1772222400,48837.9,48994.9,48760.4,48967.9,48051,70
1772409600,48473.5,48670.9,48333.9,48649.4,28499,120
1772424000,48649.9,48674.4,48451.4,48454.9,20920,120
1772438400,48453.9,48474.4,48111.4,48375.9,40676,120
1772452800,48374.9,48526.9,48355.4,48406.9,30760,20
1772467200,48408.9,48989.7,48355.4,48948.7,85076,70
1772481600,48949.2,49065.7,48755.7,48865.7,54043,70
1772496000,48871.8,48871.8,48651.8,48655.3,20350,70
1772510400,48654.8,48668.8,48485.8,48513.8,38824,120
1772524800,48513.3,48545.3,48074.3,48094.8,52451,120
1772539200,48095.8,48248.8,47892.8,48016.3,62495,120
1772553600,48015.3,48348.1,47676.6,48299.6,87350,70
1772568000,48302.1,48697.1,48299.6,48431.6,76013,0
1772582400,48414.2,48540.2,48300.2,48369.7,37194,120
1772596800,48372.2,48404.2,48237.2,48307.7,54492,120
1772611200,48308.7,48461.2,48212.7,48455.7,50711,120
1772625600,48455.2,48688.2,48398.2,48631.7,51453,120
1772640000,48630.7,48863.4,48351.9,48831.4,87645,0
1772654400,48830.4,48851.4,48690.4,48752.4,45585,70
1772668800,48721.5,48836.5,48583.5,48612.0,21724,120
1772683200,48613.5,48662.0,48511.0,48537.5,33479,0
1772697600,48538.0,48828.0,48431.5,48657.5,50012,120
1772712000,48658.5,48709.0,48371.0,48381.5,40283,120
1772726400,48380.5,48504.3,47747.2,47769.7,100345,0
1772740800,47768.2,47958.2,47566.2,47895.2,76762,0
1772755200,47901.7,48090.1,47876.7,48036.6,20201,120
1772769600,48037.1,48094.6,47995.1,48056.6,18009,120
1772784000,48057.6,48071.6,47742.6,47783.1,36322,120
1772798400,47784.1,47901.6,47236.6,47283.7,52765,120
1772812800,47275.3,47500.8,46976.2,47307.0,53853,200
1772827200,47307.1,47552.3,47297.8,47458.9,36883,200
1773014400,47057.6,47079.2,46357.2,46359.7,29791,210
1773028800,46365.1,46698.2,46294.0,46679.9,31402,210
1773043200,46679.7,47125.3,46560.8,47000.8,36252,200
1773057600,47000.8,47082.1,46697.3,46787.5,39689,200
1773072000,46789.0,47268.3,46601.7,47023.3,52607,200
1773086400,47025.6,47881.0,47023.1,47683.1,33096,70
1773100800,47710.6,47719.7,47487.3,47671.9,30619,210
1773115200,47670.7,47679.6,47460.6,47642.4,30505,210
1773129600,47642.0,47947.7,47618.3,47893.1,33753,200
1773144000,47892.2,47922.9,47451.9,47485.1,39395,200
1773158400,47485.5,48222.2,47431.9,48114.4,50284,200
1773172800,48117.8,48128.1,47654.5,47721.0,32241,70
1773187200,47742.2,47907.1,47652.5,47884.2,20838,210
1773201600,47883.1,47931.7,47809.5,47814.4,15338,210
1773216000,47814.0,47847.6,47513.8,47527.8,27635,200
1773230400,47530.8,47839.7,47366.5,47493.2,36487,200
1773244800,47493.8,47677.5,47172.8,47323.8,51404,200
1773259200,47324.1,47438.0,47246.7,47342.5,26609,70
1773273600,47331.2,47343.2,46898.2,46952.6,25554,210
1773288000,46954.7,46977.0,46800.3,46915.9,21004,210
1773302400,46914.5,47207.8,46887.5,47192.2,24660,200
1773316800,47191.4,47210.6,46784.3,46810.6,33940,200
1773331200,46810.6,47072.0,46677.1,46811.8,53346,200
1773345600,46815.2,46894.8,46662.8,46729.5,27231,70
1773360000,46723.0,46945.7,46666.2,46869.7,26707,210
1773374400,46868.7,46896.4,46789.2,46829.7,23635,210
1773388800,46829.0,46837.8,46409.8,46668.7,33703,200
1773403200,46669.7,47110.3,46662.8,46935.9,36662,200
1773417600,46936.1,46993.8,46538.7,46586.6,51343,200
1773432000,46586.6,46711.2,46474.4,46474.4,26098,70
1773619200,46399.7,46783.7,46389.2,46772.5,28771,210
1773633600,46772.2,46804.6,46690.9,46797.9,20730,210
1773648000,46796.3,46819.2,46573.3,46592.3,28086,200
1773662400,46591.3,47149.3,46584.1,47145.3,34749,200
1773676800,47145.8,47192.2,46818.1,46904.8,48474,200
1773691200,46904.8,47106.5,46898.4,46925.8,25849,70
1773705600,46915.9,46932.6,46807.7,46857.3,17578,210
1773720000,46856.7,46868.7,46724.1,46726.9,17258,210
1773734400,46727.6,46935.8,46661.7,46921.1,29904,200
1773748800,46920.8,47420.7,46829.2,47328.8,32449,200
1773763200,47328.7,47328.7,46979.4,47068.9,46972,200
1773777600,47069.1,47115.0,46969.1,47002.7,23028,70
1773792000,47020.0,47087.6,46938.1,47082.3,14269,210
1773806400,47081.3,47246.7,47080.8,47236.1,13399,210
1773820800,47236.5,47303.4,47228.2,47248.8,20168,200
1773835200,47249.0,47268.8,46702.8,46820.9,35057,200
1773849600,46822.1,46832.6,46469.9,46564.8,48264,200
1773864000,46564.7,46608.3,46037.4,46073.4,32095,70
1773878400,46152.0,46204.1,46070.7,46160.7,18895,210
1773892800,46161.5,46300.1,46126.9,46164.3,19519,210
1773907200,46164.6,46264.8,46003.9,46234.8,32692,200
1773921600,46233.8,46234.3,45779.8,46016.1,37577,200
1773936000,46016.2,46058.8,45716.2,45831.8,50957,200
1773950400,45831.9,46240.8,45757.9,46088.3,29629,70
1773964800,46092.9,46229.7,46065.9,46160.6,17992,210
1773979200,46163.9,46183.6,46071.2,46110.3,14673,210
1773993600,46109.3,46164.4,45819.7,45854.8,26342,200
1774008000,45855.1,46052.4,45696.8,45858.5,37699,200
1774022400,45857.4,45905.8,45660.5,45760.9,50514,200
1774036800,45762.0,45830.0,45345.8,45793.2,30831,70
1774224000,45242.2,45668.6,45242.2,45612.9,32107,210
1774238400,45614.0,45651.5,45385.9,45447.9,29765,210
1774252800,45446.9,45452.5,45159.8,45266.0,40159,200
1774267200,45266.9,46915.0,45178.2,46518.2,48045,120
1774281600,46520.3,46734.1,46111.0,46426.8,52308,200
1774296000,46427.0,46529.5,46141.7,46217.2,25952,70
1774310400,46207.4,46328.4,45915.4,45963.2,27124,210
1774324800,45963.3,46054.4,45865.5,45970.0,25068,210
1774339200,45970.3,46341.9,45963.1,46172.5,32907,200
1774353600,46172.6,46196.0,45741.8,45890.2,29811,200
1774368000,45890.3,46399.6,45866.3,46217.5,50877,200
1774382400,46216.5,46599.2,46089.3,46404.7,30589,70
1774396800,46414.5,46598.9,46377.0,46487.3,23495,210
1774411200,46487.2,46534.2,46379.6,46463.0,21564,210
1774425600,46462.6,46675.8,46402.8,46498.3,29478,200
1774440000,46498.1,46745.0,46373.0,46385.0,35640,200
1774454400,46385.0,46586.3,46191.0,46473.2,48564,200
1774468800,46473.0,46543.5,46359.9,46423.6,23851,70
1774483200,46430.9,46450.9,46294.9,46371.7,17474,210
1774497600,46370.4,46431.6,46223.8,46227.2,22575,210
1774512000,46226.7,46310.4,46041.7,46099.0,28983,200
1774526400,46099.2,46520.1,45977.8,46515.5,32662,200
1774540800,46514.4,46555.8,45937.8,45950.8,46995,200
1774555200,45949.5,46471.0,45889.3,46035.1,29165,70
1774569600,46070.2,46218.3,46040.5,46133.4,22437,210
1774584000,46137.7,46237.5,46063.5,46191.4,19761,210
1774598400,46190.7,46231.2,45840.5,45871.7,28142,200
1774612800,45870.2,45932.5,45415.8,45471.5,35969,200
1774627200,45469.0,45717.8,45262.5,45268.4,50123,200
1774641600,45266.3,45287.5,44997.8,45052.8,28124,70
1774828800,44967.8,45033.8,44810.4,44877.4,31766,210
1774843200,44876.4,45176.6,44856.7,45123.6,37047,210
1774857600,45123.1,45398.8,45122.8,45388.7,39965,200
1774872000,45389.0,45669.2,45292.0,45527.5,40788,200
1774886400,45527.3,45635.8,45284.2,45411.3,61760,200
1774900800,45410.6,45451.0,45062.8,45205.7,50069,70
1774915200,45215.3,45529.4,45045.4,45442.9,25854,210
1774929600,45442.2,45732.8,45350.4,45586.4,45932,210
1774944000,45586.3,45729.5,45503.0,45599.1,46435,200
1774958400,45600.3,45816.6,45478.3,45685.0,47380,200
1774972800,45689.3,46321.0,45469.9,46073.0,64369,200
1774987200,46073.5,46384.6,46046.4,46310.4,57526,70
1775001600,46277.9,46429.8,46256.9,46428.3,22140,210
1775016000,46429.5,46437.9,46331.7,46384.3,26590,210
1775030400,46384.4,46663.6,46380.3,46556.2,39876,200
1775044800,46554.8,46800.3,46448.7,46504.8,40804,200
1775059200,46505.3,46793.0,46455.4,46740.3,61893,200
1775073600,46741.5,46790.2,46506.0,46577.9,51854,70
1775088000,46565.9,46674.9,46505.9,46666.7,19607,210
1775102400,46666.4,46670.9,46038.4,46048.9,42548,210
1775116800,46050.9,46165.0,45952.8,46117.5,38539,200
1775131200,46120.6,46147.4,45827.5,45903.0,38465,200
1775145600,45914.5,46736.5,45866.7,46349.3,62976,200
1775160000,46344.6,46524.6,46292.5,46518.3,49390,70
1775174400,46506.1,46545.9,46470.9,46499.7,10270,120
1775188800,46499.4,46502.9,46415.3,46430.7,12169,210
1775203200,46430.7,46465.9,46349.5,46392.7,10451,120
1775217600,46392.3,46637.0,46352.8,46375.5,13481,120
1775232000,46376.5,46411.5,46359.3,46396.5,1039,200
1775433600,46298.9,46342.9,46120.9,46334.9,21515,210
1775448000,46334.9,46509.2,46251.3,46395.2,27104,210
1775462400,46395.2,46572.1,46349.8,46550.4,26480,200
1775476800,46550.5,46586.9,46339.0,46469.0,25826,200
1775491200,46470.2,46687.5,46325.1,46607.1,57162,200
1775505600,46608.3,46808.1,46439.1,46779.2,42469,70
1775520000,46771.2,46801.0,46678.8,46690.5,17927,210
1775534400,46690.9,46713.6,46468.4,46568.0,31842,210
1775548800,46569.8,46771.8,46510.9,46739.6,37055,200
1775563200,46738.9,46809.5,46369.0,46527.9,45107,200
1775577600,46528.1,46604.5,46192.5,46430.6,63382,200
1775592000,46430.4,46695.3,46238.2,46655.7,57298,70
1775606400,46800.2,47592.9,46612.9,47506.7,34240,210
1775620800,47506.4,47670.6,47483.4,47633.9,25633,210
1775635200,47633.7,47749.5,47616.0,47708.8,38370,200
1775649600,47708.6,47921.2,47689.5,47818.5,35599,200
1775664000,47819.4,48038.8,47568.6,47830.1,59111,200
1775678400,47829.2,47938.9,47688.1,47864.8,47920,70
1775692800,47850.9,47916.6,47811.6,47868.4,16557,210
1775707200,47868.3,47884.6,47811.6,47829.6,21796,210
1775721600,47829.9,47872.8,47698.1,47711.8,28296,200
1775736000,47711.8,47784.0,47667.6,47749.8,27799,200
1775750400,47752.0,48238.4,47679.5,48234.6,59112,200
1775764800,48234.3,48321.1,48147.7,48175.6,45459,70
1775779200,48154.2,48180.4,48120.0,48162.8,12026,120
1775793600,48163.0,48186.6,48116.8,48122.3,15097,210
1775808000,48122.9,48158.2,48050.0,48057.5,19421,200
1775822400,48057.6,48279.0,48057.6,48179.8,24800,200
1775836800,48179.7,48220.9,47838.8,47890.1,56245,200
1775851200,47890.1,47942.9,47839.3,47895.1,37054,200
1776038400,47422.5,47507.0,47315.0,47506.0,9370,200
1776052800,47505.0,47595.0,47503.0,47576.0,6255,120
1776067200,47576.0,47714.0,47567.0,47669.0,9773,200
1776081600,47669.0,47764.0,47395.0,47472.0,12873,120
1776096000,47472.0,47971.0,47465.0,47914.0,29697,200
1776110400,47915.0,48237.0,47908.0,48232.3,15162,70
1776124800,48209.0,48242.0,48179.0,48219.0,3156,120
1776139200,48219.0,48242.3,48195.0,48203.0,3232,120
1776153600,48203.0,48307.0,48177.0,48302.0,8215,120
1776168000,48302.0,48319.0,48131.0,48256.5,11383,200
1776182400,48256.5,48552.0,48176.0,48455.0,26028,200
1776196800,48454.0,48592.0,48429.0,48573.9,16433,70
1776211200,48515.0,48583.0,48510.9,48557.0,3787,120
1776225600,48557.0,48574.0,48514.0,48536.0,3051,120
1776240000,48536.0,48584.0,48496.0,48530.0,6690,120
1776254400,48529.0,48613.0,48455.0,48596.5,11663,200
1776268800,48596.5,48693.4,48273.0,48322.0,25536,200
1776283200,48323.0,48508.5,48321.0,48494.7,14034,70
1776297600,48485.0,48569.0,48470.0,48556.0,2973,120
1776312000,48556.0,48565.0,48498.0,48510.0,3069,120
1776326400,48510.0,48536.0,48454.0,48479.0,6031,120
1776340800,48480.0,48596.0,48447.0,48581.5,6818,200
1776355200,48581.5,48666.0,48324.0,48471.0,26613,200
1776369600,48472.0,48628.0,48428.4,48625.8,16083,70
1776384000,48609.5,48680.2,48608.5,48641.0,2625,120
1776398400,48640.0,48666.2,48617.0,48637.0,2813,120
1776412800,48637.0,48728.0,48614.0,48725.0,5834,200
1776427200,48725.0,49131.5,48706.0,49126.5,10268,200
1776441600,49126.5,49719.0,49034.0,49696.0,30545,200
1776456000,49696.0,49707.0,49401.0,49434.0,17084,200
1776643200,49037.5,49074.0,48891.0,49012.0,9104,200
1776657600,49011.0,49115.0,49011.0,49104.0,5162,120
1776672000,49104.0,49179.0,49047.0,49172.0,12313,200
1776686400,49173.0,49271.0,49122.0,49248.5,10884,200
1776700800,49248.5,49489.7,49228.0,49379.0,28410,200
1776715200,49379.0,49535.0,49326.0,49491.7,14277,70
1776729600,49492.0,49544.0,49462.0,49521.0,3589,120
1776744000,49521.0,49556.0,49482.0,49525.0,3674,120
1776758400,49525.0,49575.0,49473.0,49547.0,7670,120
1776772800,49547.0,49788.0,49518.0,49684.5,11995,200
1776787200,49684.5,49849.0,49285.0,49286.0,31309,200
1776801600,49286.0,49408.0,49037.0,49307.4,27899,70
1776816000,49312.5,49396.0,49302.0,49361.0,4446,120
1776830400,49362.0,49404.0,49335.0,49337.0,4446,120
1776844800,49337.0,49458.0,49311.5,49376.0,10553,200
1776859200,49376.0,49538.0,49336.0,49425.5,12479,200
1776873600,49424.5,49620.0,49385.0,49395.0,28375,200
1776888000,49395.0,49492.0,49236.0,49311.3,16686,70
1776902400,49338.0,49342.0,48945.0,49274.0,8327,120
1776916800,49274.0,49274.0,49099.0,49170.0,12661,200
1776931200,49170.0,49271.0,49137.0,49184.0,12440,200
1776945600,49184.0,49357.5,49069.0,49229.5,16897,200
1776960000,49229.5,49519.0,49191.0,49401.0,26355,200
1776974400,49401.0,49413.0,48854.0,49207.0,29639,70
1776988800,49240.5,49312.0,49225.0,49262.0,5169,120
1777003200,49262.0,49267.0,49138.0,49198.0,8613,200
1777017600,49198.0,49266.0,49109.0,49123.0,10673,120
1777032000,49123.0,49416.0,49072.0,49207.0,17684,200
1777046400,49207.0,49324.5,49061.0,49161.0,29587,200
1777060800,49161.0,49239.0,49115.0,49206.0,12670,200
1777248000,49184.0,49198.0,49063.0,49129.0,5829,120
1777262400,49132.0,49218.0,49119.0,49157.0,7168,120
1777276800,49157.0,49171.0,49101.0,49167.0,9281,200
1777291200,49166.0,49196.0,49133.0,49150.5,7511,120
1777305600,49152.5,49356.0,49028.0,49158.0,24394,200
1777320000,49158.0,49222.0,49118.0,49184.1,10776,70
1777334400,49186.5,49277.0,49186.5,49216.0,4803,120
1777348800,49217.0,49267.0,49210.0,49238.0,5707,120
1777363200,49239.0,49290.0,49157.0,49266.0,11677,200
1777377600,49266.0,49387.0,49199.0,49339.0,16679,200
1777392000,49339.0,49384.5,49075.0,49183.0,28817,200
1777406400,49183.0,49210.0,49066.0,49197.1,13901,70
1777420800,49195.0,49259.3,49192.0,49244.0,2525,120
1777435200,49244.0,49252.0,49182.0,49222.0,5049,120
1777449600,49223.0,49248.8,49114.0,49146.0,9056,120
1777464000,49146.0,49189.0,49044.0,49124.0,12070,200
1777478400,49124.0,49162.5,48720.0,48821.0,28211,200
1777492800,48823.0,48965.0,48630.0,48653.5,25450,70
1777507200,48645.9,48793.0,48625.5,48719.0,6462,120
1777521600,48719.0,48758.6,48526.0,48528.0,11536,120
1777536000,48528.0,48686.0,48453.0,48664.0,17163,200
1777550400,48664.0,49255.0,48612.0,49162.5,20092,200
1777564800,49162.5,49605.0,49022.4,49526.0,28496,200
1777579200,49526.0,49773.0,49510.0,49753.7,16322,70
1777593600,49761.5,49798.0,49731.5,49775.0,4737,120
1777608000,49775.0,49801.0,49735.0,49754.0,2994,120
1777622400,49754.0,49768.0,49713.0,49744.0,4097,120
1777636800,49743.0,49944.0,49721.0,49828.5,6874,120
1777651200,49827.5,49989.0,49558.0,49590.0,27185,200
1777665600,49590.0,49696.0,49487.0,49491.0,12765,200
1777852800,49607.0,49676.0,49503.0,49546.0,6218,200
1777867200,49546.0,49551.0,49444.0,49473.0,6314,120
1777881600,49473.0,49522.0,49367.0,49410.0,10555,120
1777896000,49411.0,49439.0,49099.0,49358.5,19445,200
1777910400,49358.5,49434.0,48895.0,48946.0,32549,200
1777924800,48946.0,49103.0,48900.5,48950.0,16791,70
1777939200,48971.5,49013.0,48940.0,48976.0,3981,120
1777953600,48976.0,49032.0,48945.0,49017.0,4051,120
1777968000,49017.0,49146.0,48984.0,49082.0,9425,200
1777982400,49082.0,49187.0,49023.0,49137.0,9835,200
1777996800,49137.0,49309.0,49004.0,49186.0,24529,200
1778011200,49187.0,49356.0,49175.0,49281.2,12680,70
1778025600,49243.5,49439.0,49235.5,49392.0,7305,200
1778040000,49392.0,49457.0,49392.0,49395.0,5435,120
1778054400,49395.0,49666.0,49347.0,49603.0,10367,200
1778068800,49604.0,49947.0,49537.5,49718.0,22603,200
1778083200,49719.0,49976.0,49652.0,49800.0,29973,200
1778097600,49800.0,50019.0,49771.0,49908.3,16086,70
1778112000,49940.5,49957.0,49874.0,49954.0,4523,120
1778126400,49954.0,50007.0,49936.0,50001.0,4767,120
1778140800,50001.0,50108.0,49953.0,49963.0,10709,120
1778155200,49964.0,50065.0,49907.0,50033.0,10315,200
1778169600,50033.0,50126.0,49609.0,49622.0,29614,200
1778184000,49622.0,49719.0,49474.0,49535.6,25015,70
1778198400,49490.0,49656.0,49490.0,49619.0,6087,200
1778212800,49619.0,49670.0,49587.0,49637.0,7256,200
1778227200,49638.0,49702.0,49618.0,49691.0,10316,120
1778241600,49692.0,49841.0,49676.0,49738.0,10341,120
1778256000,49739.0,49833.0,49543.0,49543.0,27640,200
1778270400,49543.0,49642.0,49469.0,49589.0,13423,200
1778457600,49487.0,49521.0,49372.0,49425.0,6772,120
1778472000,49425.0,49514.0,49423.0,49481.0,6042,120
1778486400,49481.0,49605.0,49480.0,49569.0,7232,120
1778500800,49569.0,49606.0,49493.0,49523.0,8716,200
1778515200,49523.0,49710.0,49461.0,49581.0,28750,200
1778529600,49581.0,49767.0,49571.0,49715.9,16286,70
1778544000,49695.5,49741.0,49647.0,49659.0,3170,120
1778558400,49658.0,49713.0,49612.0,49666.0,7243,120
1778572800,49666.0,49705.0,49542.0,49644.0,10901,200
1778587200,49644.0,49733.5,49608.0,49722.0,12763,200
1778601600,49721.0,49731.0,49298.0,49631.0,31940,200
1778616000,49631.0,49824.0,49616.0,49773.2,19525,70
1778630400,49764.0,49798.0,49723.0,49750.0,5135,120
1778644800,49749.0,49792.0,49730.0,49779.0,4851,120
1778659200,49778.0,49804.0,49689.0,49709.0,6598,120
1778673600,49709.0,49717.5,49501.0,49529.0,10926,120
1778688000,49529.0,49678.0,49445.0,49599.0,28224,200
1778702400,49599.0,49821.0,49588.0,49808.8,16264,70
1778716800,49810.5,49844.0,49794.0,49827.0,3863,120
1778731200,49827.0,49840.0,49787.0,49822.0,4715,120
1778745600,49822.0,49948.0,49810.0,49929.0,9151,200
1778760000,49929.0,50156.5,49880.0,50155.0,11300,200
1778774400,50155.0,50207.0,49869.0,50014.0,29743,200
1778788800,50014.0,50112.0,49976.0,50062.1,18186,70
1778803200,50058.5,50068.0,49959.6,49969.0,4253,120
1778817600,49969.0,49975.0,49863.0,49941.0,10353,200
1778832000,49942.0,49943.0,49654.0,49759.0,15422,200
1778846400,49757.0,49896.0,49562.1,49605.6,23384,120
1778860800,49605.1,49747.4,49497.8,49632.3,43197,70
1778875200,49631.3,49709.3,49521.8,49534.3,25566,0
1779062400,49423.3,49483.8,49225.3,49271.3,17657,120
1779076800,49274.8,49285.8,49074.8,49124.8,23041,120
1779091200,49126.3,49272.3,49112.8,49272.3,23883,120
1779105600,49271.8,49623.8,49118.8,49576.3,23759,120
1779120000,49576.3,49768.5,49411.5,49527.5,47035,70
1779134400,49524.5,49701.6,49351.5,49666.3,34801,70
1779148800,49670.9,49731.9,49648.9,49662.4,10710,120
1779163200,49661.4,49695.9,49551.4,49592.4,18770,120
1779177600,49592.4,49752.4,49520.4,49673.4,21268,120
1779192000,49672.4,49672.4,49500.9,49606.9,20958,120
1779206400,49608.4,49619.4,49238.1,49558.5,46288,70
1779220800,49557.5,49617.6,49320.6,49350.6,28890,70
1779235200,49357.1,49471.1,49273.1,49337.6,12964,120
1779249600,49338.6,49398.6,49221.6,49285.6,25967,120
1779264000,49284.6,49461.1,49283.6,49428.6,20882,120
1779278400,49428.1,49629.1,49392.6,49550.1,16887,120
1779292800,49549.1,49934.0,49229.3,49881.0,46713,70
1779307200,49883.0,50072.6,49837.5,49953.9,32994,70
1779321600,49954.3,49958.8,49834.8,49875.3,10443,120
1779336000,49876.3,49978.3,49873.3,49973.8,10713,120
1779350400,49974.3,50115.8,49863.3,50031.8,19847,120
1779364800,50030.3,50195.8,49811.8,49833.8,26138,120
1779379200,49833.8,50071.1,49688.6,49912.1,45549,70
1779393600,49914.1,50385.2,49899.7,50315.8,36015,70
1779408000,50327.0,50434.3,50322.5,50423.8,5927,120
1779422400,50423.3,50494.0,50382.8,50483.0,8338,120
1779436800,50482.5,50515.5,50387.0,50435.0,13490,120
1779451200,50435.5,50729.5,50366.5,50725.5,16800,120
1779465600,50724.5,50787.0,50528.3,50698.3,40020,70
1779480000,50698.3,50839.8,50569.8,50572.3,24042,70
1779667200,50825.4,50894.5,50785.5,50853.0,8020,120
1779681600,50852.0,50982.0,50843.0,50960.5,7927,120
1779696000,50959.5,51031.0,50909.5,51009.0,9099,120
1779710400,51008.5,51106.5,50985.5,51043.6,6653,120
1779724800,51042.1,51128.9,50978.9,51053.9,11400,70
1779753600,51014.7,51025.2,50862.7,50884.7,7824,120
1779768000,50885.2,50913.2,50854.7,50889.7,9046,120
1779782400,50888.7,50943.2,50804.7,50821.2,10957,120
1779796800,50820.7,50890.2,50780.2,50808.2,10857,120
1779811200,50807.2,50812.7,50388.6,50389.1,33294,70
1779825600,50389.1,50508.6,50353.1,50448.1,20253,70
1779840000,50466.1,50549.1,50433.6,50536.1,6363,120
1779854400,50535.6,50539.1,50501.1,50532.6,6115,120
1779868800,50532.1,50688.6,50530.1,50671.1,9274,120
1779883200,50669.6,50729.6,50440.6,50546.6,13253,120
1779897600,50545.6,50827.9,50476.1,50649.4,41104,70
1779912000,50648.9,50736.4,50589.4,50724.9,23162,70
1779926400,50751.1,50755.6,50651.1,50717.1,8094,120
1779940800,50716.1,50726.6,50536.1,50563.1,17593,120
1779955200,50563.6,50672.6,50550.1,50615.6,13167,120
1779969600,50615.6,50638.1,50513.6,50588.1,13762,120
1779984000,50588.6,50786.6,50324.8,50705.4,36920,70
1779998400,50705.4,50729.3,50566.3,50686.8,18436,70
1780012800,50693.1,50709.1,50644.6,50659.1,4850,120
1780027200,50658.6,50730.1,50633.1,50719.1,7333,120
1780041600,50718.6,50755.7,50678.6,50724.2,8856,120
1780056000,50724.2,50840.7,50721.7,50810.2,10575,120
1780070400,50811.7,51083.6,50667.9,50988.1,37360,70
1780084800,50987.1,51092.9,50911.6,51031.4,21129,70
1780272000,50987.4,51102.4,50934.4,51058.4,6057,120
1780286400,51058.9,51102.9,51027.9,51071.9,5028,120
1780300800,51070.9,51163.4,51023.4,51153.4,7414,120
1780315200,51153.9,51322.4,51121.9,51162.9,10438,120
1780329600,51161.4,51177.4,50764.7,50901.4,39419,70
1780344000,50900.9,51117.7,50840.4,51047.7,21437,70
1780358400,51002.5,51004.0,50814.0,50822.5,8034,120
1780372800,50823.0,50887.2,50806.5,50886.2,8158,120
1780387200,50887.2,51024.2,50874.7,50956.2,8985,120
1780401600,50955.2,50955.2,50808.2,50821.7,8961,120
1780416000,50822.7,51286.5,50782.7,51233.5,35886,70
1780430400,51233.0,51374.5,51195.5,51362.5,18118,70
1780444800,51344.8,51355.3,51210.8,51315.8,8321,120
1780459200,51315.3,51329.3,51296.3,51304.8,4562,120
1780473600,51304.3,51316.3,51183.3,51197.3,10352,120
1780488000,51197.3,51223.8,51076.3,51118.8,12570,120
1780502400,51118.3,51201.5,50817.5,50872.5,37979,70
1780516800,50873.0,50912.5,50677.7,50699.2,25847,70
1780531200,50743.5,50780.5,50711.5,50748.5,10479,120
1780545600,50748.0,50773.0,50682.0,50740.5,13013,120
1780560000,50739.5,50930.5,50703.0,50835.5,15137,120
1780574400,50835.5,51251.0,50823.0,51209.0,19557,120
1780588800,51210.0,51656.3,51159.5,51608.8,36849,0
1780603200,51607.8,51658.4,51488.8,51575.9,22907,20
1780617600,51569.7,51592.7,51504.2,51541.6,7301,120
1780632000,51541.1,51566.6,51501.1,51549.1,11648,120
1780646400,51549.1,51631.1,51531.1,51616.1,15515,70
1780660800,51616.1,51733.1,51551.6,51614.6,16786,20
1780675200,51614.6,51675.6,51076.5,51190.0,43620,0
1780689600,51190.0,51204.0,50769.0,50865.0,33400,20
1780876800,50714.6,50861.1,50572.6,50820.6,16300,120
1780891200,50822.6,50838.1,50621.6,50715.6,22433,120
1780905600,50716.1,50821.1,50621.6,50721.6,26377,0
1780920000,50723.6,51071.1,50691.6,50987.6,24229,70
1780934400,50988.1,51276.4,50880.9,50890.9,45129,0
1780948800,50891.4,50939.9,50738.6,50771.1,33934,0
1780963200,50789.8,50796.8,50635.8,50665.8,15218,120
1780977600,50666.3,50883.3,50649.8,50862.3,24316,120
1780992000,50863.8,50929.3,50782.8,50884.8,23502,120
1781006400,50885.3,51022.3,50808.8,51020.8,17335,120
1781020800,51022.3,51265.5,50213.4,50369.9,53183,0
1781035200,50370.9,50915.4,50350.9,50819.9,45272,70
1781049600,50810.5,50815.0,50679.5,50787.5,14793,120
1781064000,50787.0,50853.5,50701.5,50705.0,21633,120
1781078400,50706.0,50811.0,50505.5,50538.0,23445,120
1781092800,50537.0,50681.0,50261.5,50610.5,34744,120
1781107200,50610.0,50772.7,50142.2,50258.7,53470,0
1781121600,50260.2,50327.7,49822.2,49860.7,43288,70
1781136000,49843.1,49925.1,49705.6,49890.6,22551,70
1781150400,49890.1,50130.6,49888.1,50105.1,30696,120
1781164800,50106.1,50293.1,49997.6,50286.1,25085,120
1781179200,50287.1,50353.6,50073.1,50214.6,22720,20
1781193600,50213.1,50397.8,50048.3,50180.3,53259,0
1781208000,50182.3,50964.8,50111.8,50861.8,44691,0
1781222400,50859.0,50945.0,50840.5,50864.5,16938,120
1781236800,50865.0,50900.0,50803.0,50884.5,25131,120
1781251200,50885.0,51175.9,50789.0,51102.9,31385,70
1781265600,51103.4,51313.4,51003.9,51005.9,30581,120
1781280000,51006.9,51412.2,50823.2,51192.7,46595,0
1781294400,51189.7,51296.2,51139.2,51195.7,29235,70
1781481600,51488.5,51578.0,51425.5,51566.0,20875,120
1781496000,51566.0,51684.0,51556.0,51678.5,20313,120
1781510400,51677.5,51734.0,51611.5,51655.5,23741,120
1781524800,51655.5,51753.5,51586.0,51753.5,20894,120
1781539200,51755.0,51947.1,51699.3,51906.1,38241,0
1781553600,51905.1,51946.6,51653.1,51698.1,27041,20
1781568000,51860.6,51865.1,51649.1,51696.1,7785,120
1781582400,51697.1,51745.1,51684.1,51701.6,12276,120
1781596800,51702.1,51808.6,51693.1,51735.1,14089,120
1781611200,51735.1,51851.1,51702.6,51832.1,13415,120
1781625600,51831.1,52205.3,51814.1,52175.8,40710,0
1781640000,52174.8,52192.8,51972.1,52001.6,26463,70
1781654400,52008.5,52087.7,51994.0,52072.2,6440,120
1781668800,52073.2,52113.7,52044.2,52060.7,6081,120
1781683200,52060.2,52080.7,51940.7,52004.2,11781,120
1781697600,52004.2,52037.7,51952.7,51998.7,15092,120
1781712000,51999.2,52277.5,51957.2,52202.5,38674,0
1781726400,52202.0,52202.5,51385.5,51590.0,42562,0
1781740800,51601.4,51836.2,51558.9,51767.2,13025,120
1781755200,51767.7,51823.2,51754.7,51754.7,15757,120
1781769600,51754.7,51845.2,51699.2,51713.2,19542,70
1781784000,51714.2,51826.7,51569.2,51772.7,23043,120
1781798400,51771.7,51939.2,51569.0,51624.0,48242,0
1781812800,51626.5,51783.2,51546.2,51631.7,31071,0
1781827200,51644.0,51650.5,51547.0,51555.5,8415,120
1781841600,51555.5,51566.5,51384.0,51402.0,9627,120
1781856000,51404.0,51589.0,51379.0,51560.5,8383,120
1781870400,51560.5,51588.0,51380.0,51530.5,10451,70
1781884800,51531.5,51558.8,51440.3,51462.3,13464,20
1782086400,51415.3,51512.4,51305.9,51504.9,14764,20
1782100800,51505.9,51556.9,51401.9,51412.9,15844,120
1782115200,51412.9,51594.4,51412.4,51558.4,17277,70
1782129600,51558.9,51716.4,51546.9,51635.9,17375,120
1782144000,51637.9,51898.6,51633.4,51762.3,45867,0
1782158400,51762.8,51791.3,51601.3,51765.8,28089,70
1782172800,51781.2,51857.7,51705.7,51849.2,8839,120
1782187200,51850.2,51859.7,51582.2,51589.2,22627,120
1782201600,51589.7,51626.7,51290.2,51378.7,27824,120
1782216000,51379.2,51563.7,51362.2,51489.2,23670,70
1782230400,51488.7,51866.0,51294.2,51829.0,46172,0
1782244800,51829.5,51880.0,51643.0,51722.0,32683,70
1782259200,51713.3,51732.3,51572.8,51663.3,16607,120
1782273600,51664.3,51692.3,51586.3,51652.3,24279,120
1782288000,51652.3,51661.8,51564.8,51617.8,20929,120
1782302400,51618.3,51780.3,51567.8,51650.3,20334,120
1782316800,51651.3,52279.1,51539.8,52072.1,46864,0
1782331200,52071.6,52094.1,51739.0,51971.5,44503,0
1782345600,51973.7,51987.7,51820.2,51831.7,12305,120
1782360000,51832.2,51888.2,51803.2,51814.2,15575,120
1782374400,51815.2,51950.2,51814.2,51889.2,14810,120
1782388800,51889.7,52045.6,51882.2,51987.1,17901,120
1782403200,51986.6,52674.4,51978.6,52041.9,52237,0
1782417600,52042.9,52143.9,51868.4,52026.4,41429,0
1782432000,52024.8,52108.8,51941.3,52013.8,16102,120
1782446400,52014.8,52040.8,51769.8,51805.8,28121,120
1782460800,51806.8,52037.3,51747.3,51898.8,24341,120
1782475200,51898.3,51974.8,51771.8,51827.8,26073,70
1782489600,51829.8,52134.2,51590.5,51967.7,52519,0
1782504000,51971.2,52066.7,51730.7,51737.2,34198,70
1782691200,51826.3,52057.8,51823.3,51973.8,16353,70
1782705600,51973.8,52007.3,51864.8,51966.8,21018,120
1782720000,51967.3,52072.8,51955.8,51972.3,15360,120
1782734400,51971.8,52098.8,51941.8,52068.8,14214,120
1782748800,52069.8,52307.3,51932.6,52106.9,43105,0
1782763200,52107.4,52271.4,52101.9,52154.0,24549,70
1782777600,52168.4,52176.4,52084.4,52134.9,9439,120
1782792000,52136.9,52224.4,52108.4,52196.4,10987,120
1782806400,52197.4,52256.9,52160.4,52212.4,13944,120
1782820800,52212.4,52330.9,52108.9,52162.9,16588,20
1782835200,52162.4,52380.2,52000.4,52362.2,40393,0
1782849600,52361.2,52381.2,52179.7,52188.2,22678,70
1782864000,52212.1,52249.6,52184.1,52227.6,6541,120
1782878400,52228.1,52237.6,52087.6,52133.1,14227,120
1782892800,52132.6,52195.1,52049.1,52182.6,16198,120
1782907200,52183.1,52217.5,52093.5,52161.5,15743,120
1782921600,52161.0,52737.2,52014.2,52498.7,41524,0
1782936000,52498.2,52529.7,52202.7,52232.7,27162,70
1782950400,52241.0,52259.0,52192.5,52242.5,9157,120
1782964800,52243.5,52376.1,52240.0,52325.6,10292,120
1782979200,52327.1,52360.6,52189.1,52327.1,16411,120
1782993600,52326.1,52587.1,52303.6,52509.1,16893,70
1783008000,52509.1,52798.1,52444.6,52616.1,51801,0
1783022400,52617.1,52876.6,52424.1,52829.6,36569,70
1783036800,52824.2,52942.7,52812.2,52925.7,8033,70
1783051200,52926.2,53063.7,52919.2,52978.2,8469,120
1783065600,52978.7,53008.2,52785.7,52790.2,8713,120
1783080000,52790.2,52830.3,52742.3,52784.8,6380,120
1783094400,52785.8,52915.5,52750.3,52826.5,12099,70
1783296000,52877.6,52968.1,52811.1,52946.1,9243,120
1783310400,52948.1,52949.6,52819.1,52854.6,13454,120
1783324800,52855.1,52983.1,52841.6,52914.1,11291,120
1783339200,52915.1,52915.1,52770.6,52806.6,11617,120
1783353600,52808.1,53052.1,52634.9,52882.4,37263,0
1783368000,52883.4,53092.9,52857.4,53092.4,22030,0
1783382400,53090.4,53119.4,53032.9,53072.4,6169,120
1783396800,53072.9,53149.9,53046.4,53057.9,6104,120
1783411200,53057.4,53198.9,53020.9,53139.9,8244,120
1783425600,53139.4,53298.9,53090.4,53269.9,9176,120
1783440000,53270.4,53333.9,52758.7,52890.1,41099,0
1783454400,52890.1,52967.0,52827.0,52900.0,25734,0
1783468800,52859.9,52903.9,52801.9,52903.4,10956,120
1783483200,52904.4,52915.4,52821.4,52862.9,13406,120
1783497600,52863.4,52872.4,52250.9,52258.9,24688,70
1783512000,52259.4,52524.4,52176.9,52404.4,30248,20
1783526400,52404.4,52500.2,52056.5,52300.5,49493,0
1783540800,52300.0,52404.0,52244.0,52281.5,31389,20
1783555200,52274.9,52379.4,52270.9,52376.4,7655,120
1783569600,52377.4,52441.9,52355.4,52434.9,12061,120
1783584000,52435.4,52478.4,52354.4,52387.4,15247,120
1783598400,52386.4,52403.4,52219.9,52366.4,18279,0
1783612800,52365.4,52583.6,52268.1,52519.6,39279,0
1783627200,52520.1,52563.3,52409.3,52427.3,19492,20
1783641600,52441.8,52482.8,52426.3,52446.8,4822,120
1783656000,52447.3,52482.3,52423.3,52428.3,5687,120
1783670400,52428.3,52590.9,52424.3,52518.4,10487,120
1783684800,52518.9,52673.9,52500.9,52607.9,12315,120
1783699200,52606.4,52660.4,52229.1,52624.1,37638,0
1783713600,52622.6,52707.6,52601.6,52638.1,13434,70
1783900800,52608.7,52608.7,52488.7,52515.7,8469,120
1783915200,52516.2,52516.2,52413.2,52423.7,10911,120
1783929600,52421.7,52685.7,52393.2,52684.2,15619,0
1783944000,52684.7,52719.7,52542.7,52616.8,13131,120
1783958400,52618.8,52848.6,52336.8,52445.6,41276,0
1783972800,52451.1,52534.6,52420.1,52466.1,28868,0
1783987200,52483.8,52506.3,52321.3,52395.3,14275,120
1784001600,52397.3,52438.3,52308.8,52431.8,21563,120
1784016000,52431.3,52493.8,52308.8,52333.3,21756,120
1784030400,52332.8,52643.8,52005.8,52377.8,29365,20
1784044800,52379.8,52722.1,52324.1,52424.1,47422,0
1784059200,52425.1,52574.1,52403.1,52560.6,22987,70
1784073600,52545.9,52625.4,52513.4,52579.9,5706,120
1784088000,52581.4,52618.9,52552.4,52604.4,5714,120
1784102400,52607.4,52642.4,52452.9,52637.4,11454,120
1784116800,52637.4,52695.9,52495.9,52645.4,13499,120
1784131200,52645.4,52841.2,52432.4,52545.4,44098,0
1784145600,52545.4,52703.4,52514.9,52652.4,23565,70
1784160000,52672.2,52722.7,52660.7,52681.7,5767,120
1784174400,52682.7,52728.7,52611.2,52711.2,9378,20
1784188800,52711.7,52753.2,52590.2,52659.7,15981,120
1784203200,52660.2,52813.7,52591.2,52656.9,19855,120
1784217600,52658.4,52858.2,52576.2,52709.2,43427,0
1784232000,52708.2,52727.7,52361.2,52497.0,32670,0
1784246400,52524.4,52536.4,52353.9,52371.4,8567,70
1784260800,52371.9,52378.9,52117.9,52145.4,15855,120
1784275200,52144.9,52321.4,52080.4,52177.4,23883,120
1784289600,52177.9,52332.4,52114.4,52126.9,22605,120
1784304000,52127.9,52598.9,51933.2,52349.4,47556,0
1784318400,52351.9,52385.9,52117.5,52156.5,29436,0
1784505600,52083.9,52187.2,52024.7,52152.2,12720,120
1784520000,52152.7,52185.7,52065.2,52162.7,17870,120
1784534400,52162.2,52266.2,52051.7,52242.2,18371,120
1784548800,52244.2,52403.2,52211.7,52228.7,18826,70
1784563200,52227.2,52414.7,51919.2,51980.5,42877,0
1784577600,51981.0,52023.0,51781.0,51888.5,31253,70
1784592000,51866.3,51908.3,51823.3,51893.3,9518,120
1784606400,51894.8,52029.8,51862.3,52023.3,10661,70
1784620800,52023.8,52095.8,51975.3,52046.3,12920,120
1784635200,52045.3,52111.8,51904.3,51990.8,16170,20
1784649600,51991.3,52372.4,51876.6,52349.4,36245,0
1784664000,52350.4,52358.4,52191.4,52195.9,17533,0
1784678400,52202.7,52225.2,52191.2,52208.2,6792,120
1784692800,52208.2,52229.2,52160.7,52184.2,9849,120
1784707200,52184.2,52220.7,52052.2,52192.7,19066,20
1784721600,52192.2,52263.2,52059.7,52125.7,19883,120
1784736000,52124.2,52506.5,52121.7,52396.6,35799,0
1784750400,52395.6,52399.6,52201.6,52272.6,20129,0
1784764800,52240.4,52293.4,52144.4,52284.4,8058,120
1784779200,52284.9,52307.4,52142.9,52169.9,13144,70
1784793600,52170.9,52210.4,51924.9,52086.4,21152,120
1784808000,52085.9,52123.9,51667.4,51685.9,24381,70
1784822400,51684.4,51876.1,51529.6,51748.5,48929,0
1784836800,51751.0,51768.0,51584.5,51727.0,31071,0
1784851200,51701.8,51772.8,51662.8,51756.3,10680,120
1784865600,51757.3,51784.3,51687.3,51721.8,16242,120
1784880000,51723.8,51945.9,51711.8,51915.9,20671,120
1784894400,51916.4,52004.9,51826.9,51827.9,19085,120
1784908800,51840.9,52124.2,51688.2,51995.2,43276,0
1784923200,51999.2,52032.2,51822.6,51938.6,27259,70
1785110400,52288.6,52298.6,52154.6,52187.1,10941,120
1785124800,52187.1,52293.6,52155.6,52282.1,14702,120
1785139200,52282.6,52446.1,52278.6,52443.1,16380,120
1785153600,52443.6,52565.6,52421.1,52562.6,15610,70
1785168000,52564.1,52606.1,52004.9,52065.4,46652,0
1785182400,52067.4,52245.0,51991.9,52240.0,29511,20
1785196800,52243.8,52257.3,52125.3,52155.8,11123,70
1785211200,52156.3,52241.3,52108.3,52178.3,21342,120
1785225600,52179.3,52357.3,52174.3,52306.8,23601,120
1785240000,52305.3,52725.3,52297.8,52706.8,23877,120
1785254400,52705.8,52898.1,52435.1,52894.1,44565,0
1785268800,52893.6,52919.1,52722.6,52728.6,29399,0
1785283200,52733.5,52843.0,52646.5,52822.0,13654,0
1785297600,52823.0,52828.5,52627.5,52680.5,18100,20
1785312000,52683.0,52836.7,52677.5,52803.7,18302,120
1785326400,52803.7,52805.7,52358.2,52396.2,20385,120
1785340800,52398.7,52398.7,51774.1,51929.6,46307,0
1785355200,51931.1,52252.1,51474.4,51586.3,47255,0
1785369600,51639.1,51806.1,51639.1,51727.6,17394,70
1785384000,51728.1,51775.6,51641.6,51651.1,24332,120
1785398400,51651.6,51780.9,51577.1,51736.4,31604,70
1785412800,51736.9,51895.9,51680.4,51816.4,28560,20
1785427200,51816.4,52114.7,51648.7,52084.7,48956,0
1785441600,52085.7,52330.2,52084.7,52272.2,29705,0
1785456000,52245.1,52406.5,52240.6,52384.0,8771,120
1785470400,52383.5,52488.5,52382.5,52484.0,11323,120
1785484800,52483.5,52552.0,52406.0,52519.0,16011,70
1785499200,52518.5,52595.0,52385.0,52408.0,20156,120
1785513600,52407.0,52508.5,51979.7,52432.7,48579,0
1785528000,52430.7,52629.3,52417.2,52490.3,24408,20
1785715200,52728.6,52745.6,52643.0,52708.0,9258,120
1785729600,52709.5,52807.0,52687.5,52788.5,6048,120
1785744000,52789.0,52858.0,52712.5,52858.0,11756,120
1785758400,52858.0,53185.5,52815.5,53170.0,14814,120
1785772800,53171.0,53244.3,52939.8,52966.8,36281,0
1785787200,52967.8,53265.8,52930.8,53245.8,20368,0
1785801600,53238.8,53320.8,53238.8,53298.8,4701,120
1785816000,53297.8,53348.8,53293.8,53317.3,6566,120
1785830400,53317.8,53331.3,53194.8,53217.3,11349,120
1785844800,53217.8,53887.3,53131.3,53806.3,22447,0
1785859200,53806.3,54175.5,53663.0,54154.5,40299,0
1785873600,54155.0,54278.0,54095.0,54235.0,29773,0
1785888000,54212.6,54259.1,54205.6,54259.1,4993,120
1785902400,54258.1,54361.6,54220.1,54321.1,5753,120
1785916800,54321.6,54360.1,54218.6,54253.6,10965,120
1785931200,54254.1,54409.6,54242.1,54337.6,12713,120
1785945600,54337.6,54744.4,54313.6,54542.4,45030,0
1785960000,54543.4,54596.4,54342.4,54426.9,26143,20
1785974400,54436.5,54469.0,54413.5,54457.5,5739,120
1785988800,54457.5,54492.0,54415.5,54482.5,8521,70
1786003200,54483.0,54534.0,54433.0,54533.0,12477,70
1786017600,54533.5,54544.5,54410.0,54462.0,14167,120
1786032000,54464.0,54524.2,53930.7,54016.7,40983,0
1786046400,54017.7,54022.2,53821.7,53835.2,24579,0
1786060800,53885.3,53901.3,53815.8,53840.5,6078,120
1786075200,53841.0,53855.0,53766.5,53792.5,10066,120
1786089600,53792.0,53884.0,53790.5,53870.5,10957,120
1786104000,53870.5,54087.5,53858.0,54046.5,14505,120
1786118400,54047.5,54084.3,53795.8,53945.3,40710,0
1786132800,53944.8,54073.3,53896.8,54029.8,20001,70
1786320000,53959.8,53970.8,53882.9,53939.4,6620,20
1786334400,53940.4,54019.4,53933.4,54015.4,7174,120
1786348800,54014.9,54054.9,53979.9,53991.4,10742,120
1786363200,53992.4,54034.4,53901.9,53948.9,12203,120
1786377600,53948.9,54051.1,53839.1,53926.6,36224,0
1786392000,53926.1,53964.1,53841.1,53945.6,18672,0
1786406400,53946.2,53956.7,53887.2,53918.2,3876,120
1786420800,53918.7,53980.7,53909.2,53961.7,3276,120
1786435200,53961.2,53975.7,53856.2,53897.2,9288,120
1786449600,53895.2,54044.7,53871.2,54018.2,12704,120
1786464000,54017.2,54231.5,53880.0,53892.0,33442,0
1786478400,53892.0,53898.0,53752.0,53797.0,18188,0
1786492800,53811.5,53811.5,53756.0,53769.5,4004,120
1786507200,53769.5,53802.5,53755.0,53799.0,4547,120
1786521600,53800.0,53817.5,53763.5,53777.5,7438,120
1786536000,53777.5,53981.5,53775.5,53942.5,14485,120
1786550400,53945.0,53985.5,53744.2,53816.7,35269,0
1786564800,53817.2,53859.2,53753.7,53762.2,17269,0
1786579200,53792.3,53808.3,53733.8,53750.8,4234,120
1786593600,53749.8,53772.8,53708.3,53764.3,4729,120
1786608000,53763.3,53890.9,53763.3,53884.9,7292,120
1786622400,53884.9,53962.4,53873.9,53961.9,8926,120
1786636800,53962.4,54052.1,53619.6,53726.6,37290,0
1786651200,53726.1,53872.6,53711.6,53865.1,18845,70
1786665600,53870.0,53881.1,53837.5,53874.6,2442,120
1786680000,53873.1,53914.6,53869.6,53882.6,3032,120
1786694400,53883.6,53885.6,53740.6,53778.6,6042,120
1786708800,53777.1,53803.1,53709.6,53782.1,7760,70
1786723200,53781.1,53872.3,53671.6,53678.6,31874,0
1786737600,53679.6,53811.6,53678.6,53740.6,14359,0
1786924800,53732.1,53764.0,53704.0,53718.5,3238,120
1786939200,53718.0,53722.0,53662.5,53665.0,1450,120
