{
  "methodology": "Synchronized candidate-ledger replay. Exact R outcomes are applied to risk dollars reserved at entry; existing open risk remains fixed in dollars.",
  "strategy": {
    "name": "GBPUSD_SATELLITE_V3_HOUR_GATE",
    "allowed_hours_utc": [7, 10, 11, 12, 14, 15, 16],
    "blocked_hours_utc": [8, 9, 13, 17],
    "other_engines": "unchanged"
  },
  "v8_control": {
    "starting_balance": 5000.0,
    "ending_balance": 5805.464663644254,
    "net_profit": 805.464663644254,
    "return_percent": 16.10929327288508,
    "trades": 217,
    "wins": 94,
    "losses": 123,
    "win_rate": 0.43317972350230416,
    "profit_factor": 1.5945919295280293,
    "average_trade": 3.7118187264712152,
    "realized_drawdown_percent": 3.001961449495753,
    "open_risk_stress_drawdown_percent": 3.4869516422482767,
    "maximum_win": 88.2619304053696,
    "maximum_loss": -29.738670738499994
  },
  "v9_candidate": {
    "starting_balance": 5000.0,
    "ending_balance": 5983.627274979044,
    "net_profit": 983.6272749790442,
    "return_percent": 19.67254549958088,
    "trades": 139,
    "wins": 72,
    "losses": 67,
    "win_rate": 0.5179856115107914,
    "profit_factor": 2.44166153849872,
    "average_trade": 7.076455215676578,
    "realized_drawdown_percent": 1.5751807016000492,
    "open_risk_stress_drawdown_percent": 2.0673047980920543,
    "maximum_win": 87.93082149305131,
    "maximum_loss": -30.03416048895858
  },
  "improvement": {
    "net_profit_dollars": 178.1626113347902,
    "net_profit_percent": 22.119233701539322,
    "profit_factor_change": 0.8470696089706908,
    "realized_drawdown_change_percent_points": -1.426780747895704,
    "stress_drawdown_change_percent_points": -1.4196468441562224
  },
  "v9_engine_summary": [
    {
      "engine": "EURUSD_SATELLITE_V7",
      "trades": 22,
      "net_profit": 137.1750272459238,
      "profit_factor": 2.058536761711538,
      "win_rate": 0.5,
      "average_trade": 6.235228511178354
    },
    {
      "engine": "GBPJPY_SATELLITE_V7",
      "trades": 19,
      "net_profit": 137.58649592228645,
      "profit_factor": 2.8683826598290914,
      "win_rate": 0.5263157894736842,
      "average_trade": 7.241394522225602
    },
    {
      "engine": "GBPUSD_SATELLITE_V2",
      "trades": 91,
      "net_profit": 604.8897454369456,
      "profit_factor": 2.3471198836901017,
      "win_rate": 0.4945054945054945,
      "average_trade": 6.647140059746655
    },
    {
      "engine": "GBPUSD_SWING_V6",
      "trades": 7,
      "net_profit": 103.97600637388851,
      "profit_factor": 4.461924844282332,
      "win_rate": 0.8571428571428571,
      "average_trade": 14.853715196269787
    }
  ],
  "v9_rejection_reasons": {
    "strategy_hour_filter": 80,
    "max_open_risk": 5
  },
  "period_tests": {
    "development_before_2026": {
      "v8": {
        "metrics": {
          "starting_balance": 5000.0,
          "ending_balance": 5622.295194656924,
          "net_profit": 622.2951946569237,
          "return_percent": 12.445903893138475,
          "trades": 105,
          "wins": 52,
          "losses": 53,
          "win_rate": 0.49523809523809526,
          "profit_factor": 2.1127198483933287,
          "average_trade": 5.926620901494515,
          "realized_drawdown_percent": 1.208281478552684,
          "open_risk_stress_drawdown_percent": 1.5455972660900896,
          "maximum_win": 88.2619304053696,
          "maximum_loss": -15.395994903398272
        },
        "rejected": 5
      },
      "v9": {
        "metrics": {
          "starting_balance": 5000.0,
          "ending_balance": 5649.151069613095,
          "net_profit": 649.1510696130954,
          "return_percent": 12.983021392261907,
          "trades": 72,
          "wins": 41,
          "losses": 31,
          "win_rate": 0.5694444444444444,
          "profit_factor": 3.4272118575070785,
          "average_trade": 9.01598707795966,
          "realized_drawdown_percent": 0.7971057739309738,
          "open_risk_stress_drawdown_percent": 1.045113009496153,
          "maximum_win": 87.93082149305131,
          "maximum_loss": -14.77965396260541
        },
        "rejected": 38
      }
    },
    "validation_2026": {
      "v8": {
        "metrics": {
          "starting_balance": 5000.0,
          "ending_balance": 5162.89563483024,
          "net_profit": 162.89563483023994,
          "return_percent": 3.2579126966047993,
          "trades": 112,
          "wins": 42,
          "losses": 70,
          "win_rate": 0.375,
          "profit_factor": 1.2302873590453571,
          "average_trade": 1.4544253109842884,
          "realized_drawdown_percent": 3.001961449495744,
          "open_risk_stress_drawdown_percent": 3.4869516422482656,
          "maximum_win": 36.762256245669796,
          "maximum_loss": -26.44709118685352
        },
        "rejected": 2
      },
      "v9": {
        "metrics": {
          "starting_balance": 5000.0,
          "ending_balance": 5296.041123032718,
          "net_profit": 296.04112303271813,
          "return_percent": 5.920822460654362,
          "trades": 67,
          "wins": 31,
          "losses": 36,
          "win_rate": 0.4626865671641791,
          "profit_factor": 1.806277575988713,
          "average_trade": 4.418524224368933,
          "realized_drawdown_percent": 1.5751807016000592,
          "open_risk_stress_drawdown_percent": 2.067304798092063,
          "maximum_win": 37.20574609510555,
          "maximum_loss": -26.58289725204286
        },
        "rejected": 47
      }
    }
  },
  "limitations": [
    "The hour gate was derived from the same one-year ledger, so the full-sample result is in-sample.",
    "The 2026 split is a robustness check, not a fully untouched test because the gate was selected after inspecting the full ledger.",
    "This is not a tick-level OHLC replay and cannot model signal changes, spread changes, or intrabar fill differences."
  ]
}
